round,client_id,phase,loss,accuracy,precision,recall,f1,num_examples
0,0,evaluate,2.2832940137839017,0.0968,0.1627976240558907,0.06042953055429717,0.08281176397057857,5000
0,1,evaluate,2.278862735893153,0.3162,0.13436811557634198,0.17610909370785252,0.14805652914276266,5000
0,2,evaluate,2.2832940137839017,0.0968,0.1627976240558907,0.06042953055429717,0.08281176397057857,5000
0,3,evaluate,2.278862735893153,0.3162,0.13436811557634198,0.17610909370785252,0.14805652914276266,5000
0,4,evaluate,2.278862735893153,0.3162,0.13436811557634198,0.17610909370785252,0.14805652914276266,5000
0,5,evaluate,2.2832940137839017,0.0968,0.1627976240558907,0.06042953055429717,0.08281176397057857,5000
1,0,evaluate,2.2382950752596313,0.1274,0.2014498455440928,0.06347055242811013,0.0759265145776922,5000
1,1,evaluate,2.2382950752596313,0.1274,0.2014498455440928,0.06347055242811013,0.0759265145776922,5000
1,2,evaluate,2.1425598120387597,0.3376,0.29207925770567056,0.21009555415309886,0.18875199385387978,5000
1,3,evaluate,2.2382950752596313,0.1274,0.2014498455440928,0.06347055242811013,0.0759265145776922,5000
1,4,evaluate,2.1425598120387597,0.3376,0.29207925770567056,0.21009555415309886,0.18875199385387978,5000
1,5,evaluate,2.1425598120387597,0.3376,0.29207925770567056,0.21009555415309886,0.18875199385387978,5000
2,0,evaluate,2.1191311033466196,0.191,0.36941626119290116,0.09332513847786736,0.11741545295895617,5000
2,1,evaluate,2.1191311033466196,0.191,0.36941626119290116,0.09332513847786736,0.11741545295895617,5000
2,2,evaluate,2.1191311033466196,0.191,0.36941626119290116,0.09332513847786736,0.11741545295895617,5000
2,3,evaluate,1.970517565932455,0.3986,0.2729035660196693,0.1987165678988628,0.20190801291981247,5000
2,4,evaluate,1.970517565932455,0.3986,0.2729035660196693,0.1987165678988628,0.20190801291981247,5000
2,5,evaluate,1.970517565932455,0.3986,0.2729035660196693,0.1987165678988628,0.20190801291981247,5000
3,0,evaluate,1.851658327670037,0.3586,0.2930970674153689,0.17901099279371796,0.20416073992974812,5000
3,1,evaluate,1.944594049755531,0.3118,0.35283486295122174,0.15067623086551815,0.17009138213854655,5000
3,2,evaluate,1.851658327670037,0.3586,0.2930970674153689,0.17901099279371796,0.20416073992974812,5000
3,3,evaluate,1.944594049755531,0.3118,0.35283486295122174,0.15067623086551815,0.17009138213854655,5000
3,4,evaluate,1.851658327670037,0.3586,0.2930970674153689,0.17901099279371796,0.20416073992974812,5000
3,5,evaluate,1.944594049755531,0.3118,0.35283486295122174,0.15067623086551815,0.17009138213854655,5000
4,0,evaluate,1.8187515298022499,0.3608,0.3478539725973072,0.17506232643447034,0.19686339117433954,5000
4,1,evaluate,1.8187515298022499,0.3608,0.3478539725973072,0.17506232643447034,0.19686339117433954,5000
4,2,evaluate,1.8187515298022499,0.3608,0.3478539725973072,0.17506232643447034,0.19686339117433954,5000
4,3,evaluate,1.8461153205436995,0.2974,0.28823408746734247,0.14863972402402886,0.17992237211091658,5000
4,4,evaluate,1.8461153205436995,0.2974,0.28823408746734247,0.14863972402402886,0.17992237211091658,5000
4,5,evaluate,1.8461153205436995,0.2974,0.28823408746734247,0.14863972402402886,0.17992237211091658,5000
5,0,evaluate,1.8802560220790814,0.2928,0.28271197307632917,0.1466864503198162,0.17452101280468224,5000
5,1,evaluate,1.8802560220790814,0.2928,0.28271197307632917,0.1466864503198162,0.17452101280468224,5000
5,2,evaluate,1.8802560220790814,0.2928,0.28271197307632917,0.1466864503198162,0.17452101280468224,5000
5,3,evaluate,1.775221651113486,0.3748,0.34484620009620015,0.1830020950306786,0.21410104724904463,5000
5,4,evaluate,1.775221651113486,0.3748,0.34484620009620015,0.1830020950306786,0.21410104724904463,5000
5,5,evaluate,1.775221651113486,0.3748,0.34484620009620015,0.1830020950306786,0.21410104724904463,5000
6,0,evaluate,1.7558790732033644,0.3796,0.3496376456175878,0.1864347255719067,0.22716161879013005,5000
6,1,evaluate,1.8592002618161938,0.3154,0.2891546204523118,0.1582540251995626,0.18449560773955054,5000
6,2,evaluate,1.7558790732033644,0.3796,0.3496376456175878,0.1864347255719067,0.22716161879013005,5000
6,3,evaluate,1.8592002618161938,0.3154,0.2891546204523118,0.1582540251995626,0.18449560773955054,5000
6,4,evaluate,1.7558790732033644,0.3796,0.3496376456175878,0.1864347255719067,0.22716161879013005,5000
6,5,evaluate,1.8592002618161938,0.3154,0.2891546204523118,0.1582540251995626,0.18449560773955054,5000
7,0,evaluate,1.7117216722874702,0.3932,0.3549949612859559,0.19422234404964653,0.24089804033149004,5000
7,1,evaluate,1.7117216722874702,0.3932,0.3549949612859559,0.19422234404964653,0.24089804033149004,5000
7,2,evaluate,1.7816782390015036,0.3478,0.2929432779424038,0.17446133156798124,0.20260264325648233,5000
7,3,evaluate,1.7816782390015036,0.3478,0.2929432779424038,0.17446133156798124,0.20260264325648233,5000
7,4,evaluate,1.7816782390015036,0.3478,0.2929432779424038,0.17446133156798124,0.20260264325648233,5000
7,5,evaluate,1.7117216722874702,0.3932,0.3549949612859559,0.19422234404964653,0.24089804033149004,5000
8,0,evaluate,1.6660339002367817,0.4128,0.3644024569171407,0.20491592365310995,0.2558042010529776,5000
8,1,evaluate,1.7086114023305192,0.373,0.29618373247617,0.18709461250183468,0.21871369216744826,5000
8,2,evaluate,1.6660339002367817,0.4128,0.3644024569171407,0.20491592365310995,0.2558042010529776,5000
8,3,evaluate,1.7086114023305192,0.373,0.29618373247617,0.18709461250183468,0.21871369216744826,5000
8,4,evaluate,1.7086114023305192,0.373,0.29618373247617,0.18709461250183468,0.21871369216744826,5000
8,5,evaluate,1.6660339002367817,0.4128,0.3644024569171407,0.20491592365310995,0.2558042010529776,5000
9,0,evaluate,1.6268431597118136,0.4214,0.3714550563809739,0.2095757156902473,0.2630471075677391,5000
9,1,evaluate,1.6576694687710534,0.3938,0.3092527920936821,0.19746755832207155,0.23405000527230674,5000
9,2,evaluate,1.6576694687710534,0.3938,0.3092527920936821,0.19746755832207155,0.23405000527230674,5000
9,3,evaluate,1.6576694687710534,0.3938,0.3092527920936821,0.19746755832207155,0.23405000527230674,5000
9,4,evaluate,1.6268431597118136,0.4214,0.3714550563809739,0.2095757156902473,0.2630471075677391,5000
9,5,evaluate,1.6268431597118136,0.4214,0.3714550563809739,0.2095757156902473,0.2630471075677391,5000
10,0,evaluate,1.6213038752350626,0.4102,0.31357633665326323,0.20562729278628128,0.2438313138867473,5000
10,1,evaluate,1.5947590508038485,0.4328,0.37818870431404744,0.2156515711283514,0.27028139686384367,5000
10,2,evaluate,1.6213038752350626,0.4102,0.31357633665326323,0.20562729278628128,0.2438313138867473,5000
10,3,evaluate,1.5947590508038485,0.4328,0.37818870431404744,0.2156515711283514,0.27028139686384367,5000
10,4,evaluate,1.6213038752350626,0.4102,0.31357633665326323,0.20562729278628128,0.2438313138867473,5000
10,5,evaluate,1.5947590508038485,0.4328,0.37818870431404744,0.2156515711283514,0.27028139686384367,5000
11,0,evaluate,1.599157487289815,0.4204,0.3211956691479453,0.2108617150209025,0.2512371054001822,5000
11,1,evaluate,1.599157487289815,0.4204,0.3211956691479453,0.2108617150209025,0.2512371054001822,5000
11,2,evaluate,1.5574782468095612,0.447,0.3846338512235239,0.22311511049054503,0.27736704007514007,5000
11,3,evaluate,1.599157487289815,0.4204,0.3211956691479453,0.2108617150209025,0.2512371054001822,5000
11,4,evaluate,1.5574782468095612,0.447,0.3846338512235239,0.22311511049054503,0.27736704007514007,5000
11,5,evaluate,1.5574782468095612,0.447,0.3846338512235239,0.22311511049054503,0.27736704007514007,5000
12,0,evaluate,1.5783677915983563,0.4378,0.32984401819275744,0.2196207024203563,0.26036315900059187,5000
12,1,evaluate,1.5355112401744988,0.4526,0.3899513947729827,0.2261586137223342,0.2798681356625766,5000
12,2,evaluate,1.5355112401744988,0.4526,0.3899513947729827,0.2261586137223342,0.2798681356625766,5000
12,3,evaluate,1.5355112401744988,0.4526,0.3899513947729827,0.2261586137223342,0.2798681356625766,5000
12,4,evaluate,1.5783677915983563,0.4378,0.32984401819275744,0.2196207024203563,0.26036315900059187,5000
12,5,evaluate,1.5783677915983563,0.4378,0.32984401819275744,0.2196207024203563,0.26036315900059187,5000
13,0,evaluate,1.5778000098240526,0.4424,0.33527655080240254,0.22202061341695284,0.26390494833882816,5000
13,1,evaluate,1.5021787323529208,0.4694,0.39579723972606257,0.23474707610460605,0.2874922990978718,5000
13,2,evaluate,1.5021787323529208,0.4694,0.39579723972606257,0.23474707610460605,0.2874922990978718,5000
13,3,evaluate,1.5778000098240526,0.4424,0.33527655080240254,0.22202061341695284,0.26390494833882816,5000
13,4,evaluate,1.5778000098240526,0.4424,0.33527655080240254,0.22202061341695284,0.26390494833882816,5000
13,5,evaluate,1.5021787323529208,0.4694,0.39579723972606257,0.23474707610460605,0.2874922990978718,5000
14,0,evaluate,1.473569791528243,0.4806,0.39576794603117865,0.2404098076500636,0.29225679691873774,5000
14,1,evaluate,1.473569791528243,0.4806,0.39576794603117865,0.2404098076500636,0.29225679691873774,5000
14,2,evaluate,1.5663308855853504,0.446,0.3432222162189357,0.22404161531165837,0.26705542841706054,5000
14,3,evaluate,1.5663308855853504,0.446,0.3432222162189357,0.22404161531165837,0.26705542841706054,5000
14,4,evaluate,1.473569791528243,0.4806,0.39576794603117865,0.2404098076500636,0.29225679691873774,5000
14,5,evaluate,1.5663308855853504,0.446,0.3432222162189357,0.22404161531165837,0.26705542841706054,5000
15,0,evaluate,1.526677335364909,0.4564,0.342311536617419,0.2293517907271227,0.26977496595400463,5000
15,1,evaluate,1.4942338874068442,0.4806,0.40124477824331456,0.24042089881134304,0.2942152878353963,5000
15,2,evaluate,1.526677335364909,0.4564,0.342311536617419,0.2293517907271227,0.26977496595400463,5000
15,3,evaluate,1.526677335364909,0.4564,0.342311536617419,0.2293517907271227,0.26977496595400463,5000
15,4,evaluate,1.4942338874068442,0.4806,0.40124477824331456,0.24042089881134304,0.2942152878353963,5000
15,5,evaluate,1.4942338874068442,0.4806,0.40124477824331456,0.24042089881134304,0.2942152878353963,5000
16,0,evaluate,1.5102123701119725,0.4858,0.4061555833729985,0.24284289166676976,0.2971240455825163,5000
16,1,evaluate,1.5053556719912757,0.4616,0.34107571991288904,0.23202844636052075,0.27063238286861635,5000
16,2,evaluate,1.5102123701119725,0.4858,0.4061555833729985,0.24284289166676976,0.2971240455825163,5000
16,3,evaluate,1.5053556719912757,0.4616,0.34107571991288904,0.23202844636052075,0.27063238286861635,5000
16,4,evaluate,1.5053556719912757,0.4616,0.34107571991288904,0.23202844636052075,0.27063238286861635,5000
16,5,evaluate,1.5102123701119725,0.4858,0.4061555833729985,0.24284289166676976,0.2971240455825163,5000
17,0,evaluate,1.5043840378145628,0.4652,0.3448178558763813,0.23385293973221227,0.2731872525904053,5000
17,1,evaluate,1.5043840378145628,0.4652,0.3448178558763813,0.23385293973221227,0.2731872525904053,5000
17,2,evaluate,1.5087252553505233,0.4952,0.4090769086036222,0.2475324901488869,0.3015637379546471,5000
17,3,evaluate,1.5087252553505233,0.4952,0.4090769086036222,0.2475324901488869,0.3015637379546471,5000
17,4,evaluate,1.5043840378145628,0.4652,0.3448178558763813,0.23385293973221227,0.2731872525904053,5000
17,5,evaluate,1.5087252553505233,0.4952,0.4090769086036222,0.2475324901488869,0.3015637379546471,5000
18,0,evaluate,1.5209252819230286,0.464,0.34710507671415186,0.2331670068002542,0.2741614168161178,5000
18,1,evaluate,1.4910808198059662,0.507,0.4085848541556584,0.2534795940575941,0.30613519501724973,5000
18,2,evaluate,1.4910808198059662,0.507,0.4085848541556584,0.2534795940575941,0.30613519501724973,5000
18,3,evaluate,1.5209252819230286,0.464,0.34710507671415186,0.2331670068002542,0.2741614168161178,5000
18,4,evaluate,1.5209252819230286,0.464,0.34710507671415186,0.2331670068002542,0.2741614168161178,5000
18,5,evaluate,1.4910808198059662,0.507,0.4085848541556584,0.2534795940575941,0.30613519501724973,5000
19,0,evaluate,1.4712648059748397,0.515,0.41039673403250826,0.2576927432099092,0.31054206924066363,5000
19,1,evaluate,1.535702473000635,0.4614,0.35134459809876784,0.23189117281316704,0.27448894883250613,5000
19,2,evaluate,1.535702473000635,0.4614,0.35134459809876784,0.23189117281316704,0.27448894883250613,5000
19,3,evaluate,1.535702473000635,0.4614,0.35134459809876784,0.23189117281316704,0.27448894883250613,5000
19,4,evaluate,1.4712648059748397,0.515,0.41039673403250826,0.2576927432099092,0.31054206924066363,5000
19,5,evaluate,1.4712648059748397,0.515,0.41039673403250826,0.2576927432099092,0.31054206924066363,5000
20,0,evaluate,1.4392118755775163,0.5254,0.4092277991959209,0.26295841507964096,0.31404031880077443,5000
20,1,evaluate,1.4392118755775163,0.5254,0.4092277991959209,0.26295841507964096,0.31404031880077443,5000
20,2,evaluate,1.5598679614972464,0.4604,0.3586267243524094,0.23138766323919469,0.2765387083792723,5000
20,3,evaluate,1.4392118755775163,0.5254,0.4092277991959209,0.26295841507964096,0.31404031880077443,5000
20,4,evaluate,1.5598679614972464,0.4604,0.3586267243524094,0.23138766323919469,0.2765387083792723,5000
20,5,evaluate,1.5598679614972464,0.4604,0.3586267243524094,0.23138766323919469,0.2765387083792723,5000
21,0,evaluate,1.5535148759431476,0.4576,0.3592475463816225,0.22986591445569377,0.27660803753560825,5000
21,1,evaluate,1.4255983769139158,0.5264,0.40747519418752365,0.2634717176805606,0.3141326395980662,5000
21,2,evaluate,1.5535148759431476,0.4576,0.3592475463816225,0.22986591445569377,0.27660803753560825,5000
21,3,evaluate,1.4255983769139158,0.5264,0.40747519418752365,0.2634717176805606,0.3141326395980662,5000
21,4,evaluate,1.5535148759431476,0.4576,0.3592475463816225,0.22986591445569377,0.27660803753560825,5000
21,5,evaluate,1.4255983769139158,0.5264,0.40747519418752365,0.2634717176805606,0.3141326395980662,5000
22,0,evaluate,1.4014725790748113,0.536,0.4099638582095846,0.2681167460823906,0.3186750021602832,5000
22,1,evaluate,1.552016724514056,0.4598,0.360682544521388,0.23084792459923303,0.2785303826032983,5000
22,2,evaluate,1.552016724514056,0.4598,0.360682544521388,0.23084792459923303,0.2785303826032983,5000
22,3,evaluate,1.4014725790748113,0.536,0.4099638582095846,0.2681167460823906,0.3186750021602832,5000
22,4,evaluate,1.552016724514056,0.4598,0.360682544521388,0.23084792459923303,0.2785303826032983,5000
22,5,evaluate,1.4014725790748113,0.536,0.4099638582095846,0.2681167460823906,0.3186750021602832,5000
23,0,evaluate,1.4009473519989206,0.5382,0.4116744542559121,0.2689167013397503,0.32086952277454645,5000
23,1,evaluate,1.523997053315368,0.478,0.36492189665494557,0.23986725945233642,0.28715220317875795,5000
23,2,evaluate,1.4009473519989206,0.5382,0.4116744542559121,0.2689167013397503,0.32086952277454645,5000
23,3,evaluate,1.523997053315368,0.478,0.36492189665494557,0.23986725945233642,0.28715220317875795,5000
23,4,evaluate,1.4009473519989206,0.5382,0.4116744542559121,0.2689167013397503,0.32086952277454645,5000
23,5,evaluate,1.523997053315368,0.478,0.36492189665494557,0.23986725945233642,0.28715220317875795,5000
24,0,evaluate,1.4981113853333872,0.4842,0.36309398864102266,0.2428955194479246,0.2892897823675187,5000
24,1,evaluate,1.4981113853333872,0.4842,0.36309398864102266,0.2428955194479246,0.2892897823675187,5000
24,2,evaluate,1.404363820824442,0.5398,0.41405196830577273,0.269622802495323,0.32379658102433295,5000
24,3,evaluate,1.404363820824442,0.5398,0.41405196830577273,0.269622802495323,0.32379658102433295,5000
24,4,evaluate,1.4981113853333872,0.4842,0.36309398864102266,0.2428955194479246,0.2892897823675187,5000
24,5,evaluate,1.404363820824442,0.5398,0.41405196830577273,0.269622802495323,0.32379658102433295,5000
25,0,evaluate,1.425192546240891,0.5324,0.4142923092653204,0.26588922152345884,0.3220112936921469,5000
25,1,evaluate,1.425192546240891,0.5324,0.4142923092653204,0.26588922152345884,0.3220112936921469,5000
25,2,evaluate,1.4714785225783722,0.4912,0.36317114114087895,0.2464652039803413,0.2915841552776904,5000
25,3,evaluate,1.4714785225783722,0.4912,0.36317114114087895,0.2464652039803413,0.2915841552776904,5000
25,4,evaluate,1.4714785225783722,0.4912,0.36317114114087895,0.2464652039803413,0.2915841552776904,5000
25,5,evaluate,1.425192546240891,0.5324,0.4142923092653204,0.26588922152345884,0.3220112936921469,5000
26,0,evaluate,1.464878806584998,0.4924,0.3607657296004992,0.24711366737962787,0.2906464327956571,5000
26,1,evaluate,1.43766662893416,0.5304,0.4137223679115218,0.2648117992091191,0.3214710424702691,5000
26,2,evaluate,1.464878806584998,0.4924,0.3607657296004992,0.24711366737962787,0.2906464327956571,5000
26,3,evaluate,1.43766662893416,0.5304,0.4137223679115218,0.2648117992091191,0.3214710424702691,5000
26,4,evaluate,1.464878806584998,0.4924,0.3607657296004992,0.24711366737962787,0.2906464327956571,5000
26,5,evaluate,1.43766662893416,0.5304,0.4137223679115218,0.2648117992091191,0.3214710424702691,5000
27,0,evaluate,1.428714987597888,0.5358,0.4138092736322819,0.26745026358310625,0.3238636317939478,5000
27,1,evaluate,1.4860877779465687,0.4882,0.36122312407755774,0.24498870102535916,0.28878466313795764,5000
27,2,evaluate,1.428714987597888,0.5358,0.4138092736322819,0.26745026358310625,0.3238636317939478,5000
27,3,evaluate,1.4860877779465687,0.4882,0.36122312407755774,0.24498870102535916,0.28878466313795764,5000
27,4,evaluate,1.428714987597888,0.5358,0.4138092736322819,0.26745026358310625,0.3238636317939478,5000
27,5,evaluate,1.4860877779465687,0.4882,0.36122312407755774,0.24498870102535916,0.28878466313795764,5000
28,0,evaluate,1.4175216404697564,0.5424,0.4126285658136578,0.27077228853729307,0.32588989131035223,5000
28,1,evaluate,1.5179018747957447,0.4764,0.3590029892695449,0.23897730468528003,0.283813363861003,5000
28,2,evaluate,1.5179018747957447,0.4764,0.3590029892695449,0.23897730468528003,0.283813363861003,5000
28,3,evaluate,1.4175216404697564,0.5424,0.4126285658136578,0.27077228853729307,0.32588989131035223,5000
28,4,evaluate,1.5179018747957447,0.4764,0.3590029892695449,0.23897730468528003,0.283813363861003,5000
28,5,evaluate,1.4175216404697564,0.5424,0.4126285658136578,0.27077228853729307,0.32588989131035223,5000
29,0,evaluate,1.404872429521778,0.5482,0.4112676236421174,0.27342861981031263,0.327152260941945,5000
29,1,evaluate,1.404872429521778,0.5482,0.4112676236421174,0.27342861981031263,0.327152260941945,5000
29,2,evaluate,1.5620247095446043,0.4652,0.35861870187576067,0.23332992791481405,0.2794810257133327,5000
29,3,evaluate,1.404872429521778,0.5482,0.4112676236421174,0.27342861981031263,0.327152260941945,5000
29,4,evaluate,1.5620247095446043,0.4652,0.35861870187576067,0.23332992791481405,0.2794810257133327,5000
29,5,evaluate,1.5620247095446043,0.4652,0.35861870187576067,0.23332992791481405,0.2794810257133327,5000
30,0,evaluate,1.3796310364445554,0.5528,0.40953190145915697,0.2755082249508317,0.3277779642872149,5000
30,1,evaluate,1.3796310364445554,0.5528,0.40953190145915697,0.2755082249508317,0.3277779642872149,5000
30,2,evaluate,1.3796310364445554,0.5528,0.40953190145915697,0.2755082249508317,0.3277779642872149,5000
30,3,evaluate,1.6118202058574822,0.4518,0.3561122026167049,0.22659310719795359,0.2742403732447033,5000
30,4,evaluate,1.6118202058574822,0.4518,0.3561122026167049,0.22659310719795359,0.2742403732447033,5000
30,5,evaluate,1.6118202058574822,0.4518,0.3561122026167049,0.22659310719795359,0.2742403732447033,5000
31,0,evaluate,1.3783087896395334,0.5604,0.41323698470647585,0.279288372138616,0.33126526870097917,5000
31,1,evaluate,1.6356036074553864,0.4528,0.35818095249577786,0.22708911388152914,0.2758535681324361,5000
31,2,evaluate,1.6356036074553864,0.4528,0.35818095249577786,0.22708911388152914,0.2758535681324361,5000
31,3,evaluate,1.6356036074553864,0.4528,0.35818095249577786,0.22708911388152914,0.2758535681324361,5000
31,4,evaluate,1.3783087896395334,0.5604,0.41323698470647585,0.279288372138616,0.33126526870097917,5000
31,5,evaluate,1.3783087896395334,0.5604,0.41323698470647585,0.279288372138616,0.33126526870097917,5000
32,0,evaluate,1.6456836537469792,0.4532,0.357017883649842,0.22730711032674908,0.27603407155576887,5000
32,1,evaluate,1.3968520089040828,0.5574,0.41165480537215815,0.27772235155823083,0.32915028001027224,5000
32,2,evaluate,1.3968520089040828,0.5574,0.41165480537215815,0.27772235155823083,0.32915028001027224,5000
32,3,evaluate,1.6456836537469792,0.4532,0.357017883649842,0.22730711032674908,0.27603407155576887,5000
32,4,evaluate,1.6456836537469792,0.4532,0.357017883649842,0.22730711032674908,0.27603407155576887,5000
32,5,evaluate,1.3968520089040828,0.5574,0.41165480537215815,0.27772235155823083,0.32915028001027224,5000
33,0,evaluate,1.4300037177303169,0.5538,0.4112270028086898,0.27602852906870196,0.3279691045359882,5000
33,1,evaluate,1.4300037177303169,0.5538,0.4112270028086898,0.27602852906870196,0.3279691045359882,5000
33,2,evaluate,1.6402313286745096,0.4566,0.3548588704056441,0.2291183676416675,0.2765602680901892,5000
33,3,evaluate,1.6402313286745096,0.4566,0.3548588704056441,0.2291183676416675,0.2765602680901892,5000
33,4,evaluate,1.4300037177303169,0.5538,0.4112270028086898,0.27602852906870196,0.3279691045359882,5000
33,5,evaluate,1.6402313286745096,0.4566,0.3548588704056441,0.2291183676416675,0.2765602680901892,5000
34,0,evaluate,1.4872121071513695,0.5454,0.41148882575141804,0.27180532499139237,0.32509995144234227,5000
34,1,evaluate,1.622253318376179,0.4698,0.3560281112712881,0.2358070333391336,0.2815274730249915,5000
34,2,evaluate,1.622253318376179,0.4698,0.3560281112712881,0.2358070333391336,0.2815274730249915,5000
34,3,evaluate,1.622253318376179,0.4698,0.3560281112712881,0.2358070333391336,0.2815274730249915,5000
34,4,evaluate,1.4872121071513695,0.5454,0.41148882575141804,0.27180532499139237,0.32509995144234227,5000
34,5,evaluate,1.4872121071513695,0.5454,0.41148882575141804,0.27180532499139237,0.32509995144234227,5000
35,0,evaluate,1.5388884536827667,0.5362,0.41094535768365165,0.2674656047334986,0.32205689078281596,5000
35,1,evaluate,1.5388884536827667,0.5362,0.41094535768365165,0.2674656047334986,0.32205689078281596,5000
35,2,evaluate,1.6166338845144343,0.477,0.3530146156001027,0.23945294994366187,0.2830830991176522,5000
35,3,evaluate,1.6166338845144343,0.477,0.3530146156001027,0.23945294994366187,0.2830830991176522,5000
35,4,evaluate,1.6166338845144343,0.477,0.3530146156001027,0.23945294994366187,0.2830830991176522,5000
35,5,evaluate,1.5388884536827667,0.5362,0.41094535768365165,0.2674656047334986,0.32205689078281596,5000
36,0,evaluate,1.5669276352170147,0.5354,0.41050674629250894,0.26721244385606796,0.32163567271697946,5000
36,1,evaluate,1.6300182508516916,0.4782,0.35228168241799057,0.24007013800039118,0.28312516573225943,5000
36,2,evaluate,1.5669276352170147,0.5354,0.41050674629250894,0.26721244385606796,0.32163567271697946,5000
36,3,evaluate,1.5669276352170147,0.5354,0.41050674629250894,0.26721244385606796,0.32163567271697946,5000
36,4,evaluate,1.6300182508516916,0.4782,0.35228168241799057,0.24007013800039118,0.28312516573225943,5000
36,5,evaluate,1.6300182508516916,0.4782,0.35228168241799057,0.24007013800039118,0.28312516573225943,5000
37,0,evaluate,1.5357765336579914,0.5434,0.40613928857093884,0.27126329063662263,0.3229848518195573,5000
37,1,evaluate,1.7005721466450752,0.466,0.3549493256383049,0.2340483458209747,0.2789679462887827,5000
37,2,evaluate,1.5357765336579914,0.5434,0.40613928857093884,0.27126329063662263,0.3229848518195573,5000
37,3,evaluate,1.5357765336579914,0.5434,0.40613928857093884,0.27126329063662263,0.3229848518195573,5000
37,4,evaluate,1.7005721466450752,0.466,0.3549493256383049,0.2340483458209747,0.2789679462887827,5000
37,5,evaluate,1.7005721466450752,0.466,0.3549493256383049,0.2340483458209747,0.2789679462887827,5000
38,0,evaluate,1.7411342859268188,0.461,0.3560133459217104,0.23152701752041152,0.2774405023370026,5000
38,1,evaluate,1.5272933531411086,0.5518,0.40474514345165924,0.2755901381076618,0.32519778924195397,5000
38,2,evaluate,1.5272933531411086,0.5518,0.40474514345165924,0.2755901381076618,0.32519778924195397,5000
38,3,evaluate,1.7411342859268188,0.461,0.3560133459217104,0.23152701752041152,0.2774405023370026,5000
38,4,evaluate,1.7411342859268188,0.461,0.3560133459217104,0.23152701752041152,0.2774405023370026,5000
38,5,evaluate,1.5272933531411086,0.5518,0.40474514345165924,0.2755901381076618,0.32519778924195397,5000
39,0,evaluate,1.5261800289154053,0.5566,0.4057010350467534,0.27803096193059007,0.3275333572071298,5000
39,1,evaluate,1.5261800289154053,0.5566,0.4057010350467534,0.27803096193059007,0.3275333572071298,5000
39,2,evaluate,1.7668978217281872,0.4602,0.3572137966186685,0.2310909043752368,0.277672223367725,5000
39,3,evaluate,1.7668978217281872,0.4602,0.3572137966186685,0.2310909043752368,0.277672223367725,5000
39,4,evaluate,1.5261800289154053,0.5566,0.4057010350467534,0.27803096193059007,0.3275333572071298,5000
39,5,evaluate,1.7668978217281872,0.4602,0.3572137966186685,0.2310909043752368,0.277672223367725,5000
40,0,evaluate,1.5506438861919354,0.5502,0.4054832267084366,0.27500237918147413,0.32570226861174256,5000
40,1,evaluate,1.5506438861919354,0.5502,0.4054832267084366,0.27500237918147413,0.32570226861174256,5000
40,2,evaluate,1.7733481443381007,0.4666,0.3578500780182262,0.2341752913303587,0.2808560427646907,5000
40,3,evaluate,1.5506438861919354,0.5502,0.4054832267084366,0.27500237918147413,0.32570226861174256,5000
40,4,evaluate,1.7733481443381007,0.4666,0.3578500780182262,0.2341752913303587,0.2808560427646907,5000
40,5,evaluate,1.7733481443381007,0.4666,0.3578500780182262,0.2341752913303587,0.2808560427646907,5000
41,0,evaluate,1.5874020057388498,0.5432,0.40693791331643536,0.2714652228356002,0.3240457216290379,5000
41,1,evaluate,1.7688067683690711,0.4674,0.35595260369965587,0.23462495547898002,0.28060889363670294,5000
41,2,evaluate,1.5874020057388498,0.5432,0.40693791331643536,0.2714652228356002,0.3240457216290379,5000
41,3,evaluate,1.7688067683690711,0.4674,0.35595260369965587,0.23462495547898002,0.28060889363670294,5000
41,4,evaluate,1.7688067683690711,0.4674,0.35595260369965587,0.23462495547898002,0.28060889363670294,5000
41,5,evaluate,1.5874020057388498,0.5432,0.40693791331643536,0.2714652228356002,0.3240457216290379,5000
42,0,evaluate,1.6356495120857335,0.5388,0.4096307017464077,0.26894714763210065,0.32335057751975693,5000
42,1,evaluate,1.7666236282903938,0.4704,0.3543237617707046,0.23605031736023324,0.2814151883814137,5000
42,2,evaluate,1.6356495120857335,0.5388,0.4096307017464077,0.26894714763210065,0.32335057751975693,5000
42,3,evaluate,1.6356495120857335,0.5388,0.4096307017464077,0.26894714763210065,0.32335057751975693,5000
42,4,evaluate,1.7666236282903938,0.4704,0.3543237617707046,0.23605031736023324,0.2814151883814137,5000
42,5,evaluate,1.7666236282903938,0.4704,0.3543237617707046,0.23605031736023324,0.2814151883814137,5000
43,0,evaluate,1.796249889120271,0.47,0.35232895934317343,0.235808545495057,0.2807336758615507,5000
43,1,evaluate,1.6808456386191934,0.534,0.4093673315682679,0.266134757702321,0.3211106255458033,5000
43,2,evaluate,1.6808456386191934,0.534,0.4093673315682679,0.266134757702321,0.3211106255458033,5000
43,3,evaluate,1.6808456386191934,0.534,0.4093673315682679,0.266134757702321,0.3211106255458033,5000
43,4,evaluate,1.796249889120271,0.47,0.35232895934317343,0.235808545495057,0.2807336758615507,5000
43,5,evaluate,1.796249889120271,0.47,0.35232895934317343,0.235808545495057,0.2807336758615507,5000
44,0,evaluate,1.6795769846892055,0.5404,0.40734253499731005,0.26900520441554765,0.3224222093774262,5000
44,1,evaluate,1.87422351293926,0.4594,0.35242424810392003,0.23057507945041594,0.27635869645050265,5000
44,2,evaluate,1.87422351293926,0.4594,0.35242424810392003,0.23057507945041594,0.27635869645050265,5000
44,3,evaluate,1.6795769846892055,0.5404,0.40734253499731005,0.26900520441554765,0.3224222093774262,5000
44,4,evaluate,1.6795769846892055,0.5404,0.40734253499731005,0.26900520441554765,0.3224222093774262,5000
44,5,evaluate,1.87422351293926,0.4594,0.35242424810392003,0.23057507945041594,0.27635869645050265,5000
45,0,evaluate,1.6541646598260613,0.55,0.4052728563091841,0.2738242738546127,0.3252539007231088,5000
45,1,evaluate,1.9763338852532302,0.4458,0.35594023788079354,0.22388100317771337,0.27173326262501407,5000
45,2,evaluate,1.6541646598260613,0.55,0.4052728563091841,0.2738242738546127,0.3252539007231088,5000
45,3,evaluate,1.9763338852532302,0.4458,0.35594023788079354,0.22388100317771337,0.27173326262501407,5000
45,4,evaluate,1.9763338852532302,0.4458,0.35594023788079354,0.22388100317771337,0.27173326262501407,5000
45,5,evaluate,1.6541646598260613,0.55,0.4052728563091841,0.2738242738546127,0.3252539007231088,5000
46,0,evaluate,1.6437030728859237,0.558,0.4010141721987324,0.27779894033773694,0.3265165093725174,5000
46,1,evaluate,2.066043938262553,0.433,0.3552459194424797,0.2175133574173854,0.2664787477305043,5000
46,2,evaluate,1.6437030728859237,0.558,0.4010141721987324,0.27779894033773694,0.3265165093725174,5000
46,3,evaluate,2.066043938262553,0.433,0.3552459194424797,0.2175133574173854,0.2664787477305043,5000
46,4,evaluate,1.6437030728859237,0.558,0.4010141721987324,0.27779894033773694,0.3265165093725174,5000
46,5,evaluate,2.066043938262553,0.433,0.3552459194424797,0.2175133574173854,0.2664787477305043,5000
47,0,evaluate,2.1407565557504,0.4248,0.3570776296935533,0.21337836699873383,0.2638119053784741,5000
47,1,evaluate,1.6457187842719163,0.561,0.3981957853449732,0.279573518760735,0.32668393372182575,5000
47,2,evaluate,1.6457187842719163,0.561,0.3981957853449732,0.279573518760735,0.32668393372182575,5000
47,3,evaluate,2.1407565557504,0.4248,0.3570776296935533,0.21337836699873383,0.2638119053784741,5000
47,4,evaluate,1.6457187842719163,0.561,0.3981957853449732,0.279573518760735,0.32668393372182575,5000
47,5,evaluate,2.1407565557504,0.4248,0.3570776296935533,0.21337836699873383,0.2638119053784741,5000
48,0,evaluate,2.172599392601206,0.4232,0.356936256430129,0.2125675776853618,0.26324483235808604,5000
48,1,evaluate,2.172599392601206,0.4232,0.356936256430129,0.2125675776853618,0.26324483235808604,5000
48,2,evaluate,1.680602927751179,0.5584,0.3966602437604116,0.2785836874373662,0.325691895135361,5000
48,3,evaluate,2.172599392601206,0.4232,0.356936256430129,0.2125675776853618,0.26324483235808604,5000
48,4,evaluate,1.680602927751179,0.5584,0.3966602437604116,0.2785836874373662,0.325691895135361,5000
48,5,evaluate,1.680602927751179,0.5584,0.3966602437604116,0.2785836874373662,0.325691895135361,5000
49,0,evaluate,2.133661778667305,0.4392,0.3560835912553048,0.2205135715416507,0.2695816998729738,5000
49,1,evaluate,1.7810283016554918,0.5436,0.3970161527764787,0.2714980680352649,0.32038262459359024,5000
49,2,evaluate,2.133661778667305,0.4392,0.3560835912553048,0.2205135715416507,0.2695816998729738,5000
49,3,evaluate,1.7810283016554918,0.5436,0.3970161527764787,0.2714980680352649,0.32038262459359024,5000
49,4,evaluate,1.7810283016554918,0.5436,0.3970161527764787,0.2714980680352649,0.32038262459359024,5000
49,5,evaluate,2.133661778667305,0.4392,0.3560835912553048,0.2205135715416507,0.2695816998729738,5000
50,0,evaluate,1.885845495930201,0.5248,0.39593185324810853,0.2622726216971024,0.31302750943388363,5000
50,1,evaluate,2.104061574875554,0.4518,0.3531693365358173,0.22673804859236907,0.27375479853267803,5000
50,2,evaluate,1.885845495930201,0.5248,0.39593185324810853,0.2622726216971024,0.31302750943388363,5000
50,3,evaluate,1.885845495930201,0.5248,0.39593185324810853,0.2622726216971024,0.31302750943388363,5000
50,4,evaluate,2.104061574875554,0.4518,0.3531693365358173,0.22673804859236907,0.27375479853267803,5000
50,5,evaluate,2.104061574875554,0.4518,0.3531693365358173,0.22673804859236907,0.27375479853267803,5000
51,0,evaluate,2.10865301421926,0.4584,0.34887948467925844,0.22998764698641877,0.27503919688347767,5000
51,1,evaluate,2.10865301421926,0.4584,0.34887948467925844,0.22998764698641877,0.27503919688347767,5000
51,2,evaluate,1.9696934177905698,0.5162,0.3978924832630642,0.2581672674377248,0.31056768669413876,5000
51,3,evaluate,1.9696934177905698,0.5162,0.3978924832630642,0.2581672674377248,0.31056768669413876,5000
51,4,evaluate,2.10865301421926,0.4584,0.34887948467925844,0.22998764698641877,0.27503919688347767,5000
51,5,evaluate,1.9696934177905698,0.5162,0.3978924832630642,0.2581672674377248,0.31056768669413876,5000
52,0,evaluate,2.016100875938995,0.517,0.39938669705109564,0.25835653263608804,0.3106515684629345,5000
52,1,evaluate,2.166078157062772,0.4556,0.34543741460414035,0.22850674045155833,0.2733939524119153,5000
52,2,evaluate,2.166078157062772,0.4556,0.34543741460414035,0.22850674045155833,0.2733939524119153,5000
52,3,evaluate,2.016100875938995,0.517,0.39938669705109564,0.25835653263608804,0.3106515684629345,5000
52,4,evaluate,2.016100875938995,0.517,0.39938669705109564,0.25835653263608804,0.3106515684629345,5000
52,5,evaluate,2.166078157062772,0.4556,0.34543741460414035,0.22850674045155833,0.2733939524119153,5000
53,0,evaluate,2.301400302331659,0.4376,0.3465746327242017,0.21946655544637386,0.2672495265795846,5000
53,1,evaluate,2.301400302331659,0.4376,0.3465746327242017,0.21946655544637386,0.2672495265795846,5000
53,2,evaluate,1.9644733350488204,0.5356,0.4000710267069144,0.2672600521374626,0.3172612861938399,5000
53,3,evaluate,1.9644733350488204,0.5356,0.4000710267069144,0.2672600521374626,0.3172612861938399,5000
53,4,evaluate,2.301400302331659,0.4376,0.3465746327242017,0.21946655544637386,0.2672495265795846,5000
53,5,evaluate,1.9644733350488204,0.5356,0.4000710267069144,0.2672600521374626,0.3172612861938399,5000
54,0,evaluate,2.3823972774457327,0.434,0.3495943131113767,0.21765704055268875,0.26693341848982927,5000
54,1,evaluate,1.9653933983814866,0.5388,0.40052717398483956,0.2686206033122195,0.31888580839486447,5000
54,2,evaluate,1.9653933983814866,0.5388,0.40052717398483956,0.2686206033122195,0.31888580839486447,5000
54,3,evaluate,2.3823972774457327,0.434,0.3495943131113767,0.21765704055268875,0.26693341848982927,5000
54,4,evaluate,2.3823972774457327,0.434,0.3495943131113767,0.21765704055268875,0.26693341848982927,5000
54,5,evaluate,1.9653933983814866,0.5388,0.40052717398483956,0.2686206033122195,0.31888580839486447,5000
55,0,evaluate,2.3876237175132653,0.443,0.35100011818630594,0.22223973379597045,0.27059984538659926,5000
55,1,evaluate,2.3876237175132653,0.443,0.35100011818630594,0.22223973379597045,0.27059984538659926,5000
55,2,evaluate,2.3876237175132653,0.443,0.35100011818630594,0.22223973379597045,0.27059984538659926,5000
55,3,evaluate,2.0108187832409823,0.532,0.40062696074290355,0.26520912053510043,0.3170634724807002,5000
55,4,evaluate,2.0108187832409823,0.532,0.40062696074290355,0.26520912053510043,0.3170634724807002,5000
55,5,evaluate,2.0108187832409823,0.532,0.40062696074290355,0.26520912053510043,0.3170634724807002,5000
56,0,evaluate,2.3404115876065026,0.4574,0.3499235204379576,0.2294952941318861,0.2752822751720466,5000
56,1,evaluate,2.3404115876065026,0.4574,0.3499235204379576,0.2294952941318861,0.2752822751720466,5000
56,2,evaluate,2.1125027967404715,0.51,0.399219989533062,0.25441995471751194,0.30902085285999176,5000
56,3,evaluate,2.3404115876065026,0.4574,0.3499235204379576,0.2294952941318861,0.2752822751720466,5000
56,4,evaluate,2.1125027967404715,0.51,0.399219989533062,0.25441995471751194,0.30902085285999176,5000
56,5,evaluate,2.1125027967404715,0.51,0.399219989533062,0.25441995471751194,0.30902085285999176,5000
57,0,evaluate,2.3160565518125704,0.4632,0.3451506416174688,0.23244119945506378,0.275886182934687,5000
57,1,evaluate,2.2118371468556077,0.4972,0.398603447720822,0.24800754447320847,0.3042172923928953,5000
57,2,evaluate,2.2118371468556077,0.4972,0.398603447720822,0.24800754447320847,0.3042172923928953,5000
57,3,evaluate,2.3160565518125704,0.4632,0.3451506416174688,0.23244119945506378,0.275886182934687,5000
57,4,evaluate,2.3160565518125704,0.4632,0.3451506416174688,0.23244119945506378,0.275886182934687,5000
57,5,evaluate,2.2118371468556077,0.4972,0.398603447720822,0.24800754447320847,0.3042172923928953,5000
58,0,evaluate,2.259212527094008,0.4958,0.39845693221414413,0.24731509449726358,0.30390713816327686,5000
58,1,evaluate,2.368405174605454,0.4618,0.3456769546122439,0.2317394365643989,0.2754049409636848,5000
58,2,evaluate,2.259212527094008,0.4958,0.39845693221414413,0.24731509449726358,0.30390713816327686,5000
58,3,evaluate,2.368405174605454,0.4618,0.3456769546122439,0.2317394365643989,0.2754049409636848,5000
58,4,evaluate,2.259212527094008,0.4958,0.39845693221414413,0.24731509449726358,0.30390713816327686,5000
58,5,evaluate,2.368405174605454,0.4618,0.3456769546122439,0.2317394365643989,0.2754049409636848,5000
59,0,evaluate,2.251997799812993,0.5024,0.3966166788779276,0.25069694414239135,0.30619327123358336,5000
59,1,evaluate,2.457236170768738,0.4532,0.34751105292375595,0.22748434818100316,0.2725758304113626,5000
59,2,evaluate,2.251997799812993,0.5024,0.3966166788779276,0.25069694414239135,0.30619327123358336,5000
59,3,evaluate,2.457236170768738,0.4532,0.34751105292375595,0.22748434818100316,0.2725758304113626,5000
59,4,evaluate,2.251997799812993,0.5024,0.3966166788779276,0.25069694414239135,0.30619327123358336,5000
59,5,evaluate,2.457236170768738,0.4532,0.34751105292375595,0.22748434818100316,0.2725758304113626,5000
60,0,evaluate,2.547770506219019,0.441,0.34848948423211146,0.22132783253772087,0.26825944233752763,5000
60,1,evaluate,2.230599063861219,0.5146,0.39669894459440297,0.2566508252614557,0.3102257232599056,5000
60,2,evaluate,2.547770506219019,0.441,0.34848948423211146,0.22132783253772087,0.26825944233752763,5000
60,3,evaluate,2.547770506219019,0.441,0.34848948423211146,0.22132783253772087,0.26825944233752763,5000
60,4,evaluate,2.230599063861219,0.5146,0.39669894459440297,0.2566508252614557,0.3102257232599056,5000
60,5,evaluate,2.230599063861219,0.5146,0.39669894459440297,0.2566508252614557,0.3102257232599056,5000
61,0,evaluate,2.199603471574904,0.5234,0.39520972624086975,0.2610103077767473,0.3129070013701566,5000
61,1,evaluate,2.63073470019087,0.4332,0.34973756801723255,0.21733891310181566,0.2662064143170407,5000
61,2,evaluate,2.199603471574904,0.5234,0.39520972624086975,0.2610103077767473,0.3129070013701566,5000
61,3,evaluate,2.199603471574904,0.5234,0.39520972624086975,0.2610103077767473,0.3129070013701566,5000
61,4,evaluate,2.63073470019087,0.4332,0.34973756801723255,0.21733891310181566,0.2662064143170407,5000
61,5,evaluate,2.63073470019087,0.4332,0.34973756801723255,0.21733891310181566,0.2662064143170407,5000
62,0,evaluate,2.1522061930427068,0.5364,0.3953777885590617,0.26736266122054475,0.3173023226273418,5000
62,1,evaluate,2.7290898320041124,0.4182,0.3489046073245371,0.2098208513142295,0.26034511970740504,5000
62,2,evaluate,2.7290898320041124,0.4182,0.3489046073245371,0.2098208513142295,0.26034511970740504,5000
62,3,evaluate,2.1522061930427068,0.5364,0.3953777885590617,0.26736266122054475,0.3173023226273418,5000
62,4,evaluate,2.7290898320041124,0.4182,0.3489046073245371,0.2098208513142295,0.26034511970740504,5000
62,5,evaluate,2.1522061930427068,0.5364,0.3953777885590617,0.26736266122054475,0.3173023226273418,5000
63,0,evaluate,2.7649207613136193,0.4158,0.3463842015446842,0.2086397296736549,0.2585728345845966,5000
63,1,evaluate,2.7649207613136193,0.4158,0.3463842015446842,0.2086397296736549,0.2585728345845966,5000
63,2,evaluate,2.1538018335269977,0.5354,0.3947961139906798,0.26694288853143167,0.3166275602222698,5000
63,3,evaluate,2.1538018335269977,0.5354,0.3947961139906798,0.26694288853143167,0.3166275602222698,5000
63,4,evaluate,2.7649207613136193,0.4158,0.3463842015446842,0.2086397296736549,0.2585728345845966,5000
63,5,evaluate,2.1538018335269977,0.5354,0.3947961139906798,0.26694288853143167,0.3166275602222698,5000
64,0,evaluate,2.764298019529898,0.4208,0.3459245073380958,0.21114362274504167,0.26052061073428495,5000
64,1,evaluate,2.188457934162285,0.5324,0.3950685469475943,0.26533009790850526,0.31561395860339186,5000
64,2,evaluate,2.764298019529898,0.4208,0.3459245073380958,0.21114362274504167,0.26052061073428495,5000
64,3,evaluate,2.764298019529898,0.4208,0.3459245073380958,0.21114362274504167,0.26052061073428495,5000
64,4,evaluate,2.188457934162285,0.5324,0.3950685469475943,0.26533009790850526,0.31561395860339186,5000
64,5,evaluate,2.188457934162285,0.5324,0.3950685469475943,0.26533009790850526,0.31561395860339186,5000
65,0,evaluate,2.720891881592666,0.4294,0.345801809544544,0.21550117449818718,0.26374485575198897,5000
65,1,evaluate,2.25069504599028,0.5238,0.3962767640611037,0.26115707776894725,0.31300280657200774,5000
65,2,evaluate,2.720891881592666,0.4294,0.345801809544544,0.21550117449818718,0.26374485575198897,5000
65,3,evaluate,2.720891881592666,0.4294,0.345801809544544,0.21550117449818718,0.26374485575198897,5000
65,4,evaluate,2.25069504599028,0.5238,0.3962767640611037,0.26115707776894725,0.31300280657200774,5000
65,5,evaluate,2.25069504599028,0.5238,0.3962767640611037,0.26115707776894725,0.31300280657200774,5000
66,0,evaluate,2.319618305073509,0.5166,0.3960453994671047,0.2574993592658779,0.31004356875772393,5000
66,1,evaluate,2.68529001368752,0.4424,0.34722396760175495,0.22195186262099678,0.2690343780889882,5000
66,2,evaluate,2.319618305073509,0.5166,0.3960453994671047,0.2574993592658779,0.31004356875772393,5000
66,3,evaluate,2.319618305073509,0.5166,0.3960453994671047,0.2574993592658779,0.31004356875772393,5000
66,4,evaluate,2.68529001368752,0.4424,0.34722396760175495,0.22195186262099678,0.2690343780889882,5000
66,5,evaluate,2.68529001368752,0.4424,0.34722396760175495,0.22195186262099678,0.2690343780889882,5000
67,0,evaluate,2.632298520848721,0.4526,0.3469254293105633,0.22703031324540796,0.2728868528910412,5000
67,1,evaluate,2.632298520848721,0.4526,0.3469254293105633,0.22703031324540796,0.2728868528910412,5000
67,2,evaluate,2.4181053427201284,0.4992,0.39425269977552946,0.2487631422101197,0.3027264932430055,5000
67,3,evaluate,2.4181053427201284,0.4992,0.39425269977552946,0.2487631422101197,0.3027264932430055,5000
67,4,evaluate,2.4181053427201284,0.4992,0.39425269977552946,0.2487631422101197,0.3027264932430055,5000
67,5,evaluate,2.632298520848721,0.4526,0.3469254293105633,0.22703031324540796,0.2728868528910412,5000
68,0,evaluate,2.4732839804661424,0.4948,0.3943869298808808,0.24658366931599426,0.30084458429503175,5000
68,1,evaluate,2.627471967588497,0.459,0.3481307198370247,0.2301693518035885,0.2757615710932574,5000
68,2,evaluate,2.4732839804661424,0.4948,0.3943869298808808,0.24658366931599426,0.30084458429503175,5000
68,3,evaluate,2.627471967588497,0.459,0.3481307198370247,0.2301693518035885,0.2757615710932574,5000
68,4,evaluate,2.4732839804661424,0.4948,0.3943869298808808,0.24658366931599426,0.30084458429503175,5000
68,5,evaluate,2.627471967588497,0.459,0.3481307198370247,0.2301693518035885,0.2757615710932574,5000
69,0,evaluate,2.4947062097018278,0.499,0.39623018212609756,0.24880501117083495,0.3025072009385862,5000
69,1,evaluate,2.4947062097018278,0.499,0.39623018212609756,0.24880501117083495,0.3025072009385862,5000
69,2,evaluate,2.671090097367009,0.455,0.34827868319550154,0.2281695286027546,0.2744515020038486,5000
69,3,evaluate,2.4947062097018278,0.499,0.39623018212609756,0.24880501117083495,0.3025072009385862,5000
69,4,evaluate,2.671090097367009,0.455,0.34827868319550154,0.2281695286027546,0.2744515020038486,5000
69,5,evaluate,2.671090097367009,0.455,0.34827868319550154,0.2281695286027546,0.2744515020038486,5000
70,0,evaluate,2.488108796409414,0.507,0.393393813209067,0.25278389496689707,0.30419485847270405,5000
70,1,evaluate,2.7840798127500315,0.4454,0.3505237781425308,0.2233430691976014,0.271426333076141,5000
70,2,evaluate,2.488108796409414,0.507,0.393393813209067,0.25278389496689707,0.30419485847270405,5000
70,3,evaluate,2.488108796409414,0.507,0.393393813209067,0.25278389496689707,0.30419485847270405,5000
70,4,evaluate,2.7840798127500315,0.4454,0.3505237781425308,0.2233430691976014,0.271426333076141,5000
70,5,evaluate,2.7840798127500315,0.4454,0.3505237781425308,0.2233430691976014,0.271426333076141,5000
71,0,evaluate,2.4958170260055157,0.5148,0.3918862971823498,0.25678275405529466,0.3065562546794985,5000
71,1,evaluate,2.914868427228324,0.4344,0.3512598190539241,0.21792433572807632,0.26680539378078755,5000
71,2,evaluate,2.4958170260055157,0.5148,0.3918862971823498,0.25678275405529466,0.3065562546794985,5000
71,3,evaluate,2.914868427228324,0.4344,0.3512598190539241,0.21792433572807632,0.26680539378078755,5000
71,4,evaluate,2.4958170260055157,0.5148,0.3918862971823498,0.25678275405529466,0.3065562546794985,5000
71,5,evaluate,2.914868427228324,0.4344,0.3512598190539241,0.21792433572807632,0.26680539378078755,5000
72,0,evaluate,3.008173314830925,0.43,0.3482967937994593,0.21575274401365951,0.263727700226156,5000
72,1,evaluate,2.5119192947315265,0.5166,0.39119948569452223,0.2578954229449126,0.30740079412098414,5000
72,2,evaluate,2.5119192947315265,0.5166,0.39119948569452223,0.2578954229449126,0.30740079412098414,5000
72,3,evaluate,3.008173314830925,0.43,0.3482967937994593,0.21575274401365951,0.263727700226156,5000
72,4,evaluate,3.008173314830925,0.43,0.3482967937994593,0.21575274401365951,0.263727700226156,5000
72,5,evaluate,2.5119192947315265,0.5166,0.39119948569452223,0.2578954229449126,0.30740079412098414,5000
73,0,evaluate,2.505412098727649,0.5196,0.39269111047603095,0.2595095542395149,0.3094548938259987,5000
73,1,evaluate,3.0964554533173767,0.4248,0.34751589835506497,0.21323655426746843,0.261249336012977,5000
73,2,evaluate,2.505412098727649,0.5196,0.39269111047603095,0.2595095542395149,0.3094548938259987,5000
73,3,evaluate,3.0964554533173767,0.4248,0.34751589835506497,0.21323655426746843,0.261249336012977,5000
73,4,evaluate,2.505412098727649,0.5196,0.39269111047603095,0.2595095542395149,0.3094548938259987,5000
73,5,evaluate,3.0964554533173767,0.4248,0.34751589835506497,0.21323655426746843,0.261249336012977,5000
74,0,evaluate,3.165038096753857,0.4238,0.3478268193664964,0.21280557450051632,0.2607504228317212,5000
74,1,evaluate,3.165038096753857,0.4238,0.3478268193664964,0.21280557450051632,0.2607504228317212,5000
74,2,evaluate,2.4968120433107206,0.5218,0.3928297394879178,0.26074647097854825,0.3106974687321876,5000
74,3,evaluate,2.4968120433107206,0.5218,0.3928297394879178,0.26074647097854825,0.3106974687321876,5000
74,4,evaluate,3.165038096753857,0.4238,0.3478268193664964,0.21280557450051632,0.2607504228317212,5000
74,5,evaluate,2.4968120433107206,0.5218,0.3928297394879178,0.26074647097854825,0.3106974687321876,5000
75,0,evaluate,3.2134384942960135,0.4234,0.34510806968705826,0.21264524665145176,0.2602535306580071,5000
75,1,evaluate,2.503085445754136,0.5236,0.3929916718668341,0.2618583884849921,0.31213446082479923,5000
75,2,evaluate,2.503085445754136,0.5236,0.3929916718668341,0.2618583884849921,0.31213446082479923,5000
75,3,evaluate,3.2134384942960135,0.4234,0.34510806968705826,0.21264524665145176,0.2602535306580071,5000
75,4,evaluate,2.503085445754136,0.5236,0.3929916718668341,0.2618583884849921,0.31213446082479923,5000
75,5,evaluate,3.2134384942960135,0.4234,0.34510806968705826,0.21264524665145176,0.2602535306580071,5000
76,0,evaluate,2.5176412380194364,0.5236,0.39389673465574,0.26181331886326353,0.31294670636628535,5000
76,1,evaluate,3.2589074735400043,0.4264,0.34467978057430737,0.2141850354986782,0.2612418388020654,5000
76,2,evaluate,2.5176412380194364,0.5236,0.39389673465574,0.26181331886326353,0.31294670636628535,5000
76,3,evaluate,3.2589074735400043,0.4264,0.34467978057430737,0.2141850354986782,0.2612418388020654,5000
76,4,evaluate,2.5176412380194364,0.5236,0.39389673465574,0.26181331886326353,0.31294670636628535,5000
76,5,evaluate,3.2589074735400043,0.4264,0.34467978057430737,0.2141850354986782,0.2612418388020654,5000
77,0,evaluate,3.264416978329043,0.4318,0.34528387512302083,0.216798264843784,0.26382500051811625,5000
77,1,evaluate,3.264416978329043,0.4318,0.34528387512302083,0.216798264843784,0.26382500051811625,5000
77,2,evaluate,2.5415974945961675,0.5202,0.39488909756184065,0.2598243472030538,0.31186787375418157,5000
77,3,evaluate,3.264416978329043,0.4318,0.34528387512302083,0.216798264843784,0.26382500051811625,5000
77,4,evaluate,2.5415974945961675,0.5202,0.39488909756184065,0.2598243472030538,0.31186787375418157,5000
77,5,evaluate,2.5415974945961675,0.5202,0.39488909756184065,0.2598243472030538,0.31186787375418157,5000
78,0,evaluate,2.5678209172019475,0.5168,0.39432346772611965,0.2575532504132546,0.30997890107578163,5000
78,1,evaluate,2.5678209172019475,0.5168,0.39432346772611965,0.2575532504132546,0.30997890107578163,5000
78,2,evaluate,3.2366054933282395,0.435,0.3442746040529171,0.21814648491723956,0.2655218034662078,5000
78,3,evaluate,2.5678209172019475,0.5168,0.39432346772611965,0.2575532504132546,0.30997890107578163,5000
78,4,evaluate,3.2366054933282395,0.435,0.3442746040529171,0.21814648491723956,0.2655218034662078,5000
78,5,evaluate,3.2366054933282395,0.435,0.3442746040529171,0.21814648491723956,0.2655218034662078,5000
79,0,evaluate,2.6410543888430054,0.5052,0.3949577731399843,0.25138250791533073,0.3052467947367984,5000
79,1,evaluate,2.6410543888430054,0.5052,0.3949577731399843,0.25138250791533073,0.3052467947367984,5000
79,2,evaluate,3.181439831287046,0.4398,0.34385578016727886,0.2204024746424819,0.26772806859284803,5000
79,3,evaluate,3.181439831287046,0.4398,0.34385578016727886,0.2204024746424819,0.26772806859284803,5000
79,4,evaluate,3.181439831287046,0.4398,0.34385578016727886,0.2204024746424819,0.26772806859284803,5000
79,5,evaluate,2.6410543888430054,0.5052,0.3949577731399843,0.25138250791533073,0.3052467947367984,5000
80,0,evaluate,2.718627742574185,0.4938,0.39645974112803883,0.2455360972916246,0.3011581749357621,5000
80,1,evaluate,2.718627742574185,0.4938,0.39645974112803883,0.2455360972916246,0.3011581749357621,5000
80,2,evaluate,3.1299252570429936,0.4456,0.3422434427366981,0.22325522653086943,0.26945036848922177,5000
80,3,evaluate,3.1299252570429936,0.4456,0.3422434427366981,0.22325522653086943,0.26945036848922177,5000
80,4,evaluate,2.718627742574185,0.4938,0.39645974112803883,0.2455360972916246,0.3011581749357621,5000
80,5,evaluate,3.1299252570429936,0.4456,0.3422434427366981,0.22325522653086943,0.26945036848922177,5000
81,0,evaluate,2.759479251088975,0.4928,0.39556439114004466,0.24511611589239735,0.30065048518310544,5000
81,1,evaluate,3.125904320161554,0.4462,0.3414726978150572,0.2235509894536356,0.26946338625519706,5000
81,2,evaluate,3.125904320161554,0.4462,0.3414726978150572,0.2235509894536356,0.26946338625519706,5000
81,3,evaluate,3.125904320161554,0.4462,0.3414726978150572,0.2235509894536356,0.26946338625519706,5000
81,4,evaluate,2.759479251088975,0.4928,0.39556439114004466,0.24511611589239735,0.30065048518310544,5000
81,5,evaluate,2.759479251088975,0.4928,0.39556439114004466,0.24511611589239735,0.30065048518310544,5000
82,0,evaluate,2.7503386479389818,0.4934,0.3939508826830294,0.24555005929070628,0.3005405831486013,5000
82,1,evaluate,2.7503386479389818,0.4934,0.3939508826830294,0.24555005929070628,0.3005405831486013,5000
82,2,evaluate,2.7503386479389818,0.4934,0.3939508826830294,0.24555005929070628,0.3005405831486013,5000
82,3,evaluate,3.1706006889101825,0.4428,0.3425980647262768,0.22185529466463788,0.26857783404855695,5000
82,4,evaluate,3.1706006889101825,0.4428,0.3425980647262768,0.22185529466463788,0.26857783404855695,5000
82,5,evaluate,3.1706006889101825,0.4428,0.3425980647262768,0.22185529466463788,0.26857783404855695,5000
83,0,evaluate,2.69217097608349,0.5022,0.39153120929698315,0.2502181632020969,0.3037372894964566,5000
83,1,evaluate,2.69217097608349,0.5022,0.39153120929698315,0.2502181632020969,0.3037372894964566,5000
83,2,evaluate,3.255918528460249,0.4354,0.3454259932499399,0.21823454114713764,0.26634015746810347,5000
83,3,evaluate,2.69217097608349,0.5022,0.39153120929698315,0.2502181632020969,0.3037372894964566,5000
83,4,evaluate,3.255918528460249,0.4354,0.3454259932499399,0.21823454114713764,0.26634015746810347,5000
83,5,evaluate,3.255918528460249,0.4354,0.3454259932499399,0.21823454114713764,0.26634015746810347,5000
84,0,evaluate,2.613144726692876,0.5102,0.3884023675798984,0.25449533988844464,0.30614465436592914,5000
84,1,evaluate,3.34539303296729,0.4286,0.34644346418326394,0.21500565369690147,0.26335769844722096,5000
84,2,evaluate,3.34539303296729,0.4286,0.34644346418326394,0.21500565369690147,0.26335769844722096,5000
84,3,evaluate,3.34539303296729,0.4286,0.34644346418326394,0.21500565369690147,0.26335769844722096,5000
84,4,evaluate,2.613144726692876,0.5102,0.3884023675798984,0.25449533988844464,0.30614465436592914,5000
84,5,evaluate,2.613144726692876,0.5102,0.3884023675798984,0.25449533988844464,0.30614465436592914,5000
85,0,evaluate,2.567556367644781,0.5184,0.386734452684626,0.2587320570183253,0.308949868019317,5000
85,1,evaluate,3.423558277419851,0.417,0.3483168808033167,0.20939471979101784,0.258663514772999,5000
85,2,evaluate,2.567556367644781,0.5184,0.386734452684626,0.2587320570183253,0.308949868019317,5000
85,3,evaluate,3.423558277419851,0.417,0.3483168808033167,0.20939471979101784,0.258663514772999,5000
85,4,evaluate,3.423558277419851,0.417,0.3483168808033167,0.20939471979101784,0.258663514772999,5000
85,5,evaluate,2.567556367644781,0.5184,0.386734452684626,0.2587320570183253,0.308949868019317,5000
86,0,evaluate,3.4525998212114164,0.4154,0.34645611365198153,0.20872586583135289,0.257098239551481,5000
86,1,evaluate,2.5641280940816373,0.5244,0.38785309039703647,0.2616834703648798,0.31137222349064025,5000
86,2,evaluate,2.5641280940816373,0.5244,0.38785309039703647,0.2616834703648798,0.31137222349064025,5000
86,3,evaluate,3.4525998212114164,0.4154,0.34645611365198153,0.20872586583135289,0.257098239551481,5000
86,4,evaluate,2.5641280940816373,0.5244,0.38785309039703647,0.2616834703648798,0.31137222349064025,5000
86,5,evaluate,3.4525998212114164,0.4154,0.34645611365198153,0.20872586583135289,0.257098239551481,5000
87,0,evaluate,2.607455265672901,0.518,0.38794781875034096,0.2585000717769902,0.30896711500743806,5000
87,1,evaluate,3.423230047467389,0.4212,0.3460176012544877,0.21170277015311562,0.25895771462956885,5000
87,2,evaluate,2.607455265672901,0.518,0.38794781875034096,0.2585000717769902,0.30896711500743806,5000
87,3,evaluate,3.423230047467389,0.4212,0.3460176012544877,0.21170277015311562,0.25895771462956885,5000
87,4,evaluate,3.423230047467389,0.4212,0.3460176012544877,0.21170277015311562,0.25895771462956885,5000
87,5,evaluate,2.607455265672901,0.518,0.38794781875034096,0.2585000717769902,0.30896711500743806,5000
88,0,evaluate,3.3665385668790795,0.4352,0.34553037210464604,0.2187337175052944,0.2639912127850069,5000
88,1,evaluate,3.3665385668790795,0.4352,0.34553037210464604,0.2187337175052944,0.2639912127850069,5000
88,2,evaluate,2.702528291110751,0.5048,0.3876027740072007,0.251745021454379,0.303355220734647,5000
88,3,evaluate,2.702528291110751,0.5048,0.3876027740072007,0.251745021454379,0.303355220734647,5000
88,4,evaluate,2.702528291110751,0.5048,0.3876027740072007,0.251745021454379,0.303355220734647,5000
88,5,evaluate,3.3665385668790795,0.4352,0.34553037210464604,0.2187337175052944,0.2639912127850069,5000
89,0,evaluate,3.3146737466884564,0.4438,0.3436600202217409,0.22302258551765072,0.2668371575420032,5000
89,1,evaluate,3.3146737466884564,0.4438,0.3436600202217409,0.22302258551765072,0.2668371575420032,5000
89,2,evaluate,2.795967640756052,0.496,0.3889879685300054,0.24725901625697427,0.2999214934631513,5000
89,3,evaluate,2.795967640756052,0.496,0.3889879685300054,0.24725901625697427,0.2999214934631513,5000
89,4,evaluate,3.3146737466884564,0.4438,0.3436600202217409,0.22302258551765072,0.2668371575420032,5000
89,5,evaluate,2.795967640756052,0.496,0.3889879685300054,0.24725901625697427,0.2999214934631513,5000
90,0,evaluate,2.867003615898422,0.4888,0.38873633447839256,0.24350080280663838,0.2967688759919508,5000
90,1,evaluate,3.2754671271843248,0.4508,0.3444373692086814,0.22642949104776494,0.2702915407192623,5000
90,2,evaluate,2.867003615898422,0.4888,0.38873633447839256,0.24350080280663838,0.2967688759919508,5000
90,3,evaluate,2.867003615898422,0.4888,0.38873633447839256,0.24350080280663838,0.2967688759919508,5000
90,4,evaluate,3.2754671271843248,0.4508,0.3444373692086814,0.22642949104776494,0.2702915407192623,5000
90,5,evaluate,3.2754671271843248,0.4508,0.3444373692086814,0.22642949104776494,0.2702915407192623,5000
91,0,evaluate,3.2471742328209214,0.457,0.34676993424424946,0.22939494202706454,0.27390483244032965,5000
91,1,evaluate,2.926035330265383,0.4848,0.391553542245654,0.24137465519152923,0.2955435870716622,5000
91,2,evaluate,2.926035330265383,0.4848,0.391553542245654,0.24137465519152923,0.2955435870716622,5000
91,3,evaluate,3.2471742328209214,0.457,0.34676993424424946,0.22939494202706454,0.27390483244032965,5000
91,4,evaluate,2.926035330265383,0.4848,0.391553542245654,0.24137465519152923,0.2955435870716622,5000
91,5,evaluate,3.2471742328209214,0.457,0.34676993424424946,0.22939494202706454,0.27390483244032965,5000
92,0,evaluate,3.2986909830117526,0.4462,0.34695659117793276,0.22383683213248404,0.2704465468115052,5000
92,1,evaluate,3.2986909830117526,0.4462,0.34695659117793276,0.22383683213248404,0.2704465468115052,5000
92,2,evaluate,2.891009111947651,0.4944,0.3905999263260676,0.24607471456212454,0.2986500360447991,5000
92,3,evaluate,3.2986909830117526,0.4462,0.34695659117793276,0.22383683213248404,0.2704465468115052,5000
92,4,evaluate,2.891009111947651,0.4944,0.3905999263260676,0.24607471456212454,0.2986500360447991,5000
92,5,evaluate,2.891009111947651,0.4944,0.3905999263260676,0.24607471456212454,0.2986500360447991,5000
93,0,evaluate,3.380586123164696,0.4344,0.34759972721624277,0.21781039226292537,0.26653497511172786,5000
93,1,evaluate,2.8283101335356506,0.5058,0.3899580115268947,0.251872621004622,0.3031245528622795,5000
93,2,evaluate,3.380586123164696,0.4344,0.34759972721624277,0.21781039226292537,0.26653497511172786,5000
93,3,evaluate,2.8283101335356506,0.5058,0.3899580115268947,0.251872621004622,0.3031245528622795,5000
93,4,evaluate,3.380586123164696,0.4344,0.34759972721624277,0.21781039226292537,0.26653497511172786,5000
93,5,evaluate,2.8283101335356506,0.5058,0.3899580115268947,0.251872621004622,0.3031245528622795,5000
94,0,evaluate,2.7491683552536785,0.5158,0.39031046650925405,0.2571722239920383,0.30829616329093756,5000
94,1,evaluate,3.470854197876363,0.421,0.3451074977851314,0.21106449651758008,0.26083550646894393,5000
94,2,evaluate,3.470854197876363,0.421,0.3451074977851314,0.21106449651758008,0.26083550646894393,5000
94,3,evaluate,3.470854197876363,0.421,0.3451074977851314,0.21106449651758008,0.26083550646894393,5000
94,4,evaluate,2.7491683552536785,0.5158,0.39031046650925405,0.2571722239920383,0.30829616329093756,5000
94,5,evaluate,2.7491683552536785,0.5158,0.39031046650925405,0.2571722239920383,0.30829616329093756,5000
95,0,evaluate,3.547313249563869,0.4122,0.34535818458692963,0.20661142358833345,0.257751550011986,5000
95,1,evaluate,3.547313249563869,0.4122,0.34535818458692963,0.20661142358833345,0.257751550011986,5000
95,2,evaluate,2.6922798428354384,0.528,0.3925893537412125,0.2634394892342574,0.31405136711764603,5000
95,3,evaluate,2.6922798428354384,0.528,0.3925893537412125,0.2634394892342574,0.31405136711764603,5000
95,4,evaluate,2.6922798428354384,0.528,0.3925893537412125,0.2634394892342574,0.31405136711764603,5000
95,5,evaluate,3.547313249563869,0.4122,0.34535818458692963,0.20661142358833345,0.257751550011986,5000
96,0,evaluate,3.588045557842979,0.4142,0.3466896331641324,0.20758452150518458,0.2591126232774432,5000
96,1,evaluate,3.588045557842979,0.4142,0.3466896331641324,0.20758452150518458,0.2591126232774432,5000
96,2,evaluate,2.673570065558711,0.5284,0.39178048415343075,0.2637939401447074,0.31435575152560136,5000
96,3,evaluate,2.673570065558711,0.5284,0.39178048415343075,0.2637939401447074,0.31435575152560136,5000
96,4,evaluate,3.588045557842979,0.4142,0.3466896331641324,0.20758452150518458,0.2591126232774432,5000
96,5,evaluate,2.673570065558711,0.5284,0.39178048415343075,0.2637939401447074,0.31435575152560136,5000
97,0,evaluate,3.593773144709913,0.4218,0.34933434819458165,0.2114627382241742,0.2625402469852827,5000
97,1,evaluate,2.6982632830173157,0.5266,0.3917732970477798,0.2630718233331396,0.3140042164252471,5000
97,2,evaluate,3.593773144709913,0.4218,0.34933434819458165,0.2114627382241742,0.2625402469852827,5000
97,3,evaluate,3.593773144709913,0.4218,0.34933434819458165,0.2114627382241742,0.2625402469852827,5000
97,4,evaluate,2.6982632830173157,0.5266,0.3917732970477798,0.2630718233331396,0.3140042164252471,5000
97,5,evaluate,2.6982632830173157,0.5266,0.3917732970477798,0.2630718233331396,0.3140042164252471,5000
98,0,evaluate,2.757628499707089,0.5198,0.39182983286747286,0.2597151517683617,0.31146913346023686,5000
98,1,evaluate,3.574298831480968,0.4306,0.3499394069036747,0.21594687132980508,0.2656518280178003,5000
98,2,evaluate,2.757628499707089,0.5198,0.39182983286747286,0.2597151517683617,0.31146913346023686,5000
98,3,evaluate,3.574298831480968,0.4306,0.3499394069036747,0.21594687132980508,0.2656518280178003,5000
98,4,evaluate,2.757628499707089,0.5198,0.39182983286747286,0.2597151517683617,0.31146913346023686,5000
98,5,evaluate,3.574298831480968,0.4306,0.3499394069036747,0.21594687132980508,0.2656518280178003,5000
99,0,evaluate,2.8384182498424866,0.5156,0.39392477434114903,0.25761011306010717,0.3101603085855551,5000
99,1,evaluate,2.8384182498424866,0.5156,0.39392477434114903,0.25761011306010717,0.3101603085855551,5000
99,2,evaluate,2.8384182498424866,0.5156,0.39392477434114903,0.25761011306010717,0.3101603085855551,5000
99,3,evaluate,3.540003058276599,0.44,0.35000046179518457,0.22075428672974046,0.2690365683504316,5000
99,4,evaluate,3.540003058276599,0.44,0.35000046179518457,0.22075428672974046,0.2690365683504316,5000
99,5,evaluate,3.540003058276599,0.44,0.35000046179518457,0.22075428672974046,0.2690365683504316,5000
100,0,evaluate,2.953701835644396,0.4964,0.39322217639796186,0.24791893972357348,0.30252727518161227,5000
100,1,evaluate,3.4679110533074486,0.4476,0.3493520603223187,0.22463262452444138,0.2713881528927378,5000
100,2,evaluate,2.953701835644396,0.4964,0.39322217639796186,0.24791893972357348,0.30252727518161227,5000
100,3,evaluate,3.4679110533074486,0.4476,0.3493520603223187,0.22463262452444138,0.2713881528927378,5000
100,4,evaluate,3.4679110533074486,0.4476,0.3493520603223187,0.22463262452444138,0.2713881528927378,5000
100,5,evaluate,2.953701835644396,0.4964,0.39322217639796186,0.24791893972357348,0.30252727518161227,5000
101,0,evaluate,3.096661220622968,0.4796,0.39403483486267177,0.23938978802663038,0.29608807136641074,5000
101,1,evaluate,3.4112275008913837,0.459,0.34890521028041865,0.23041016822433597,0.27505533777225544,5000
101,2,evaluate,3.4112275008913837,0.459,0.34890521028041865,0.23041016822433597,0.27505533777225544,5000
101,3,evaluate,3.4112275008913837,0.459,0.34890521028041865,0.23041016822433597,0.27505533777225544,5000
101,4,evaluate,3.096661220622968,0.4796,0.39403483486267177,0.23938978802663038,0.29608807136641074,5000
101,5,evaluate,3.096661220622968,0.4796,0.39403483486267177,0.23938978802663038,0.29608807136641074,5000
102,0,evaluate,3.4120685299740563,0.4642,0.3486482224959756,0.23311146830033488,0.27641119744266746,5000
102,1,evaluate,3.176816403111325,0.4742,0.3940780625478524,0.2362484909985519,0.29326194986887016,5000
102,2,evaluate,3.176816403111325,0.4742,0.3940780625478524,0.2362484909985519,0.29326194986887016,5000
102,3,evaluate,3.4120685299740563,0.4642,0.3486482224959756,0.23311146830033488,0.27641119744266746,5000
102,4,evaluate,3.4120685299740563,0.4642,0.3486482224959756,0.23311146830033488,0.27641119744266746,5000
102,5,evaluate,3.176816403111325,0.4742,0.3940780625478524,0.2362484909985519,0.29326194986887016,5000
103,0,evaluate,3.140015614183643,0.4752,0.39274597722162385,0.23647163237464297,0.2930390227150378,5000
103,1,evaluate,3.44917760016043,0.4552,0.3471985026224367,0.22863792643226125,0.27284017588870313,5000
103,2,evaluate,3.140015614183643,0.4752,0.39274597722162385,0.23647163237464297,0.2930390227150378,5000
103,3,evaluate,3.44917760016043,0.4552,0.3471985026224367,0.22863792643226125,0.27284017588870313,5000
103,4,evaluate,3.44917760016043,0.4552,0.3471985026224367,0.22863792643226125,0.27284017588870313,5000
103,5,evaluate,3.140015614183643,0.4752,0.39274597722162385,0.23647163237464297,0.2930390227150378,5000
104,0,evaluate,3.5235696593417396,0.4494,0.3496951346552497,0.2256985778373813,0.2716747604601741,5000
104,1,evaluate,3.5235696593417396,0.4494,0.3496951346552497,0.2256985778373813,0.2716747604601741,5000
104,2,evaluate,3.024422894550275,0.4906,0.3935359007141863,0.24401174944919402,0.299292791323349,5000
104,3,evaluate,3.5235696593417396,0.4494,0.3496951346552497,0.2256985778373813,0.2716747604601741,5000
104,4,evaluate,3.024422894550275,0.4906,0.3935359007141863,0.24401174944919402,0.299292791323349,5000
104,5,evaluate,3.024422894550275,0.4906,0.3935359007141863,0.24401174944919402,0.299292791323349,5000
105,0,evaluate,2.9128094594689866,0.4988,0.3926005986341047,0.24811207753731965,0.3024699316735413,5000
105,1,evaluate,3.5673076955577994,0.4434,0.3525632787788446,0.2225559952117397,0.270786718211721,5000
105,2,evaluate,2.9128094594689866,0.4988,0.3926005986341047,0.24811207753731965,0.3024699316735413,5000
105,3,evaluate,2.9128094594689866,0.4988,0.3926005986341047,0.24811207753731965,0.3024699316735413,5000
105,4,evaluate,3.5673076955577994,0.4434,0.3525632787788446,0.2225559952117397,0.270786718211721,5000
105,5,evaluate,3.5673076955577994,0.4434,0.3525632787788446,0.2225559952117397,0.270786718211721,5000
106,0,evaluate,2.8402187643171866,0.5122,0.3928725004710603,0.2548715404873702,0.3078084060193877,5000
106,1,evaluate,2.8402187643171866,0.5122,0.3928725004710603,0.2548715404873702,0.3078084060193877,5000
106,2,evaluate,3.6319455315795124,0.4316,0.3531675653688887,0.21659032758734642,0.26668539337455294,5000
106,3,evaluate,3.6319455315795124,0.4316,0.3531675653688887,0.21659032758734642,0.26668539337455294,5000
106,4,evaluate,3.6319455315795124,0.4316,0.3531675653688887,0.21659032758734642,0.26668539337455294,5000
106,5,evaluate,2.8402187643171866,0.5122,0.3928725004710603,0.2548715404873702,0.3078084060193877,5000
107,0,evaluate,2.794237157966517,0.5158,0.39070247717127665,0.2568029572048527,0.308839941613687,5000
107,1,evaluate,2.794237157966517,0.5158,0.39070247717127665,0.2568029572048527,0.308839941613687,5000
107,2,evaluate,3.6823689605616314,0.424,0.35114996502146323,0.2126054896688033,0.26370561938015685,5000
107,3,evaluate,2.794237157966517,0.5158,0.39070247717127665,0.2568029572048527,0.308839941613687,5000
107,4,evaluate,3.6823689605616314,0.424,0.35114996502146323,0.2126054896688033,0.26370561938015685,5000
107,5,evaluate,3.6823689605616314,0.424,0.35114996502146323,0.2126054896688033,0.26370561938015685,5000
108,0,evaluate,3.7177504044544847,0.424,0.3495582134697483,0.21244049412621643,0.2636441057794528,5000
108,1,evaluate,3.7177504044544847,0.424,0.3495582134697483,0.21244049412621643,0.2636441057794528,5000
108,2,evaluate,2.788419224038909,0.5226,0.39093016693951493,0.26038360804600374,0.31153153713071113,5000
108,3,evaluate,2.788419224038909,0.5226,0.39093016693951493,0.26038360804600374,0.31153153713071113,5000
108,4,evaluate,3.7177504044544847,0.424,0.3495582134697483,0.21244049412621643,0.2636441057794528,5000
108,5,evaluate,2.788419224038909,0.5226,0.39093016693951493,0.26038360804600374,0.31153153713071113,5000
109,0,evaluate,3.726709610299219,0.4298,0.3486124559792419,0.21527643857823575,0.26565061522211286,5000
109,1,evaluate,2.817917002907282,0.5164,0.38925323506451914,0.2576253156911831,0.30876780172952617,5000
109,2,evaluate,3.726709610299219,0.4298,0.3486124559792419,0.21527643857823575,0.26565061522211286,5000
109,3,evaluate,2.817917002907282,0.5164,0.38925323506451914,0.2576253156911831,0.30876780172952617,5000
109,4,evaluate,2.817917002907282,0.5164,0.38925323506451914,0.2576253156911831,0.30876780172952617,5000
109,5,evaluate,3.726709610299219,0.4298,0.3486124559792419,0.21527643857823575,0.26565061522211286,5000
110,0,evaluate,2.84790988511677,0.517,0.39049008973304317,0.25820719858317104,0.309390444524018,5000
110,1,evaluate,2.84790988511677,0.517,0.39049008973304317,0.25820719858317104,0.309390444524018,5000
110,2,evaluate,3.7054048942614206,0.436,0.34857149788888675,0.21839486453042295,0.26808695656039494,5000
110,3,evaluate,3.7054048942614206,0.436,0.34857149788888675,0.21839486453042295,0.26808695656039494,5000
110,4,evaluate,2.84790988511677,0.517,0.39049008973304317,0.25820719858317104,0.309390444524018,5000
110,5,evaluate,3.7054048942614206,0.436,0.34857149788888675,0.21839486453042295,0.26808695656039494,5000
111,0,evaluate,3.672971764697304,0.4442,0.34951508049741015,0.22252118818828692,0.27145086691047904,5000
111,1,evaluate,2.918655531315864,0.509,0.3906290155857646,0.2542123678787011,0.30618502270648323,5000
111,2,evaluate,3.672971764697304,0.4442,0.34951508049741015,0.22252118818828692,0.27145086691047904,5000
111,3,evaluate,2.918655531315864,0.509,0.3906290155857646,0.2542123678787011,0.30618502270648323,5000
111,4,evaluate,2.918655531315864,0.509,0.3906290155857646,0.2542123678787011,0.30618502270648323,5000
111,5,evaluate,3.672971764697304,0.4442,0.34951508049741015,0.22252118818828692,0.27145086691047904,5000
112,0,evaluate,2.970055907587462,0.5084,0.3907114968829086,0.25393462526805244,0.3056388820624931,5000
112,1,evaluate,3.682181602791895,0.4412,0.34710151742516615,0.2211003808317405,0.2694409253078029,5000
112,2,evaluate,2.970055907587462,0.5084,0.3907114968829086,0.25393462526805244,0.3056388820624931,5000
112,3,evaluate,2.970055907587462,0.5084,0.3907114968829086,0.25393462526805244,0.3056388820624931,5000
112,4,evaluate,3.682181602791895,0.4412,0.34710151742516615,0.2211003808317405,0.2694409253078029,5000
112,5,evaluate,3.682181602791895,0.4412,0.34710151742516615,0.2211003808317405,0.2694409253078029,5000
113,0,evaluate,3.0142360729507254,0.505,0.3928193146649653,0.2521668744464952,0.3050961510751092,5000
113,1,evaluate,3.0142360729507254,0.505,0.3928193146649653,0.2521668744464952,0.3050961510751092,5000
113,2,evaluate,3.0142360729507254,0.505,0.3928193146649653,0.2521668744464952,0.3050961510751092,5000
113,3,evaluate,3.691251516342163,0.4398,0.3463781787040429,0.22051988491406363,0.2684055909303941,5000
113,4,evaluate,3.691251516342163,0.4398,0.3463781787040429,0.22051988491406363,0.2684055909303941,5000
113,5,evaluate,3.691251516342163,0.4398,0.3463781787040429,0.22051988491406363,0.2684055909303941,5000
114,0,evaluate,3.734089658230166,0.4394,0.34675402522674076,0.22038147277516046,0.2681291451431757,5000
114,1,evaluate,3.734089658230166,0.4394,0.34675402522674076,0.22038147277516046,0.2681291451431757,5000
114,2,evaluate,3.0411779110944726,0.509,0.3923187538545231,0.25399055337936294,0.3060364363897777,5000
114,3,evaluate,3.0411779110944726,0.509,0.3923187538545231,0.25399055337936294,0.3060364363897777,5000
114,4,evaluate,3.0411779110944726,0.509,0.3923187538545231,0.25399055337936294,0.3060364363897777,5000
114,5,evaluate,3.734089658230166,0.4394,0.34675402522674076,0.22038147277516046,0.2681291451431757,5000
115,0,evaluate,3.022613286972046,0.512,0.393094958146872,0.2553943952354232,0.3076599818948539,5000
115,1,evaluate,3.022613286972046,0.512,0.393094958146872,0.2553943952354232,0.3076599818948539,5000
115,2,evaluate,3.022613286972046,0.512,0.393094958146872,0.2553943952354232,0.3076599818948539,5000
115,3,evaluate,3.801701566841029,0.434,0.3481564633799901,0.2177433023924064,0.26631061830299213,5000
115,4,evaluate,3.801701566841029,0.434,0.3481564633799901,0.2177433023924064,0.26631061830299213,5000
115,5,evaluate,3.801701566841029,0.434,0.3481564633799901,0.2177433023924064,0.26631061830299213,5000
116,0,evaluate,3.8770854563652715,0.429,0.34757027249322003,0.21535123180388868,0.2639338223912431,5000
116,1,evaluate,3.0036755588990225,0.5152,0.3941797831344305,0.2569161077487979,0.30919657534812883,5000
116,2,evaluate,3.8770854563652715,0.429,0.34757027249322003,0.21535123180388868,0.2639338223912431,5000
116,3,evaluate,3.0036755588990225,0.5152,0.3941797831344305,0.2569161077487979,0.30919657534812883,5000
116,4,evaluate,3.0036755588990225,0.5152,0.3941797831344305,0.2569161077487979,0.30919657534812883,5000
116,5,evaluate,3.8770854563652715,0.429,0.34757027249322003,0.21535123180388868,0.2639338223912431,5000
117,0,evaluate,3.901890953884849,0.4294,0.34846334047299876,0.2155365045916023,0.2643613435061969,5000
117,1,evaluate,3.016396368606181,0.5166,0.3941681853222109,0.2576075624425716,0.3098982441696184,5000
117,2,evaluate,3.901890953884849,0.4294,0.34846334047299876,0.2155365045916023,0.2643613435061969,5000
117,3,evaluate,3.016396368606181,0.5166,0.3941681853222109,0.2576075624425716,0.3098982441696184,5000
117,4,evaluate,3.016396368606181,0.5166,0.3941681853222109,0.2576075624425716,0.3098982441696184,5000
117,5,evaluate,3.901890953884849,0.4294,0.34846334047299876,0.2155365045916023,0.2643613435061969,5000
118,0,evaluate,3.894709179673014,0.433,0.3485171606958929,0.21735494131904787,0.2654403189151845,5000
118,1,evaluate,3.894709179673014,0.433,0.3485171606958929,0.21735494131904787,0.2654403189151845,5000
118,2,evaluate,3.0426997957350332,0.514,0.3955109700164293,0.25633656135935073,0.3096450670771044,5000
118,3,evaluate,3.0426997957350332,0.514,0.3955109700164293,0.25633656135935073,0.3096450670771044,5000
118,4,evaluate,3.0426997957350332,0.514,0.3955109700164293,0.25633656135935073,0.3096450670771044,5000
118,5,evaluate,3.894709179673014,0.433,0.3485171606958929,0.21735494131904787,0.2654403189151845,5000
119,0,evaluate,3.0520097817046734,0.5062,0.3956469016115599,0.25263749013186665,0.30721873240751635,5000
119,1,evaluate,3.844256295433527,0.4412,0.3502777035391317,0.22144406999378727,0.2690212124835524,5000
119,2,evaluate,3.844256295433527,0.4412,0.3502777035391317,0.22144406999378727,0.2690212124835524,5000
119,3,evaluate,3.0520097817046734,0.5062,0.3956469016115599,0.25263749013186665,0.30721873240751635,5000
119,4,evaluate,3.844256295433527,0.4412,0.3502777035391317,0.22144406999378727,0.2690212124835524,5000
119,5,evaluate,3.0520097817046734,0.5062,0.3956469016115599,0.25263749013186665,0.30721873240751635,5000
120,0,evaluate,3.066872657099857,0.4994,0.3950536017745996,0.2494147438411038,0.3048483135523632,5000
120,1,evaluate,3.777364389805854,0.4454,0.34933643829724587,0.2236196954391977,0.27004929771797176,5000
120,2,evaluate,3.066872657099857,0.4994,0.3950536017745996,0.2494147438411038,0.3048483135523632,5000
120,3,evaluate,3.066872657099857,0.4994,0.3950536017745996,0.2494147438411038,0.3048483135523632,5000
120,4,evaluate,3.777364389805854,0.4454,0.34933643829724587,0.2236196954391977,0.27004929771797176,5000
120,5,evaluate,3.777364389805854,0.4454,0.34933643829724587,0.2236196954391977,0.27004929771797176,5000
121,0,evaluate,3.0687813924837717,0.493,0.3960053347975894,0.24624817155700834,0.30274228064110653,5000
121,1,evaluate,3.7016133386877517,0.4498,0.3485778701141625,0.2257920078437166,0.27135834103850126,5000
121,2,evaluate,3.7016133386877517,0.4498,0.3485778701141625,0.2257920078437166,0.27135834103850126,5000
121,3,evaluate,3.0687813924837717,0.493,0.3960053347975894,0.24624817155700834,0.30274228064110653,5000
121,4,evaluate,3.7016133386877517,0.4498,0.3485778701141625,0.2257920078437166,0.27135834103850126,5000
121,5,evaluate,3.0687813924837717,0.493,0.3960053347975894,0.24624817155700834,0.30274228064110653,5000
122,0,evaluate,3.648870151254195,0.4538,0.3479744155024633,0.22772857821270293,0.27298803522781984,5000
122,1,evaluate,3.072295947919918,0.4934,0.3965160489050997,0.24633237073373443,0.30279968944146557,5000
122,2,evaluate,3.648870151254195,0.4538,0.3479744155024633,0.22772857821270293,0.27298803522781984,5000
122,3,evaluate,3.072295947919918,0.4934,0.3965160489050997,0.24633237073373443,0.30279968944146557,5000
122,4,evaluate,3.072295947919918,0.4934,0.3965160489050997,0.24633237073373443,0.30279968944146557,5000
122,5,evaluate,3.648870151254195,0.4538,0.3479744155024633,0.22772857821270293,0.27298803522781984,5000
123,0,evaluate,3.0518489698820477,0.498,0.39787657388283043,0.2483717449691023,0.30434346986907357,5000
123,1,evaluate,3.6144065555137925,0.4518,0.34571932053055343,0.22662960701212503,0.2720739164452035,5000
123,2,evaluate,3.6144065555137925,0.4518,0.34571932053055343,0.22662960701212503,0.2720739164452035,5000
123,3,evaluate,3.6144065555137925,0.4518,0.34571932053055343,0.22662960701212503,0.2720739164452035,5000
123,4,evaluate,3.0518489698820477,0.498,0.39787657388283043,0.2483717449691023,0.30434346986907357,5000
123,5,evaluate,3.0518489698820477,0.498,0.39787657388283043,0.2483717449691023,0.30434346986907357,5000
124,0,evaluate,3.5981131082848656,0.4442,0.34491479440379014,0.22271391556075218,0.26949984034292035,5000
124,1,evaluate,3.0122153245950045,0.5008,0.3962486348872441,0.24950562048741967,0.3041866922140251,5000
124,2,evaluate,3.5981131082848656,0.4442,0.34491479440379014,0.22271391556075218,0.26949984034292035,5000
124,3,evaluate,3.0122153245950045,0.5008,0.3962486348872441,0.24950562048741967,0.3041866922140251,5000
124,4,evaluate,3.5981131082848656,0.4442,0.34491479440379014,0.22271391556075218,0.26949984034292035,5000
124,5,evaluate,3.0122153245950045,0.5008,0.3962486348872441,0.24950562048741967,0.3041866922140251,5000
125,0,evaluate,3.6022604387017747,0.4422,0.34329167554543344,0.22161789423676453,0.26858351326515156,5000
125,1,evaluate,3.6022604387017747,0.4422,0.34329167554543344,0.22161789423676453,0.26858351326515156,5000
125,2,evaluate,2.9823907477946223,0.5062,0.39545209479643173,0.2519565519980028,0.30525064129881735,5000
125,3,evaluate,2.9823907477946223,0.5062,0.39545209479643173,0.2519565519980028,0.30525064129881735,5000
125,4,evaluate,3.6022604387017747,0.4422,0.34329167554543344,0.22161789423676453,0.26858351326515156,5000
125,5,evaluate,2.9823907477946223,0.5062,0.39545209479643173,0.2519565519980028,0.30525064129881735,5000
126,0,evaluate,2.9409785995000526,0.5136,0.3942046725264813,0.25566610698161696,0.3069422381110687,5000
126,1,evaluate,3.6390320590779752,0.4376,0.34334622123961694,0.2192377191623688,0.26709803928815046,5000
126,2,evaluate,3.6390320590779752,0.4376,0.34334622123961694,0.2192377191623688,0.26709803928815046,5000
126,3,evaluate,3.6390320590779752,0.4376,0.34334622123961694,0.2192377191623688,0.26709803928815046,5000
126,4,evaluate,2.9409785995000526,0.5136,0.3942046725264813,0.25566610698161696,0.3069422381110687,5000
126,5,evaluate,2.9409785995000526,0.5136,0.3942046725264813,0.25566610698161696,0.3069422381110687,5000
127,0,evaluate,2.933250697353218,0.5202,0.3950214507762002,0.25906704327779184,0.30957672012726833,5000
127,1,evaluate,3.693453369261343,0.43,0.3431816699313452,0.21547057332633363,0.26413946423187074,5000
127,2,evaluate,3.693453369261343,0.43,0.3431816699313452,0.21547057332633363,0.26413946423187074,5000
127,3,evaluate,3.693453369261343,0.43,0.3431816699313452,0.21547057332633363,0.26413946423187074,5000
127,4,evaluate,2.933250697353218,0.5202,0.3950214507762002,0.25906704327779184,0.30957672012726833,5000
127,5,evaluate,2.933250697353218,0.5202,0.3950214507762002,0.25906704327779184,0.30957672012726833,5000
128,0,evaluate,3.7558326117600065,0.4306,0.3452826347287302,0.21586993102516808,0.26476146260575656,5000
128,1,evaluate,2.924075731748267,0.5196,0.3945929315743068,0.2589180559445724,0.3099999595270314,5000
128,2,evaluate,2.924075731748267,0.5196,0.3945929315743068,0.2589180559445724,0.3099999595270314,5000
128,3,evaluate,3.7558326117600065,0.4306,0.3452826347287302,0.21586993102516808,0.26476146260575656,5000
128,4,evaluate,3.7558326117600065,0.4306,0.3452826347287302,0.21586993102516808,0.26476146260575656,5000
128,5,evaluate,2.924075731748267,0.5196,0.3945929315743068,0.2589180559445724,0.3099999595270314,5000
129,0,evaluate,2.923534112640574,0.522,0.3938877863358142,0.26019448283704527,0.3114785270590513,5000
129,1,evaluate,2.923534112640574,0.522,0.3938877863358142,0.26019448283704527,0.3114785270590513,5000
129,2,evaluate,3.820040736017348,0.43,0.3469486570045925,0.2156312880765489,0.26476509434255435,5000
129,3,evaluate,2.923534112640574,0.522,0.3938877863358142,0.26019448283704527,0.3114785270590513,5000
129,4,evaluate,3.820040736017348,0.43,0.3469486570045925,0.2156312880765489,0.26476509434255435,5000
129,5,evaluate,3.820040736017348,0.43,0.3469486570045925,0.2156312880765489,0.26476509434255435,5000
130,0,evaluate,3.8599592100215863,0.4262,0.3486506204822508,0.21380921764631458,0.2634501092361127,5000
130,1,evaluate,3.8599592100215863,0.4262,0.3486506204822508,0.21380921764631458,0.2634501092361127,5000
130,2,evaluate,2.899631934829905,0.5244,0.3944572326939383,0.2615127012505297,0.3131597649248514,5000
130,3,evaluate,2.899631934829905,0.5244,0.3944572326939383,0.2615127012505297,0.3131597649248514,5000
130,4,evaluate,2.899631934829905,0.5244,0.3944572326939383,0.2615127012505297,0.3131597649248514,5000
130,5,evaluate,3.8599592100215863,0.4262,0.3486506204822508,0.21380921764631458,0.2634501092361127,5000
131,0,evaluate,2.899715837044052,0.5252,0.39491035755592413,0.2619701814088111,0.3141023192798894,5000
131,1,evaluate,2.899715837044052,0.5252,0.39491035755592413,0.2619701814088111,0.3141023192798894,5000
131,2,evaluate,3.888204625890225,0.4196,0.34626091291535255,0.21061497029422355,0.2597644109535666,5000
131,3,evaluate,2.899715837044052,0.5252,0.39491035755592413,0.2619701814088111,0.3141023192798894,5000
131,4,evaluate,3.888204625890225,0.4196,0.34626091291535255,0.21061497029422355,0.2597644109535666,5000
131,5,evaluate,3.888204625890225,0.4196,0.34626091291535255,0.21061497029422355,0.2597644109535666,5000
132,0,evaluate,2.9516578610939317,0.5216,0.3966619694587244,0.26013626784606225,0.3133773787628695,5000
132,1,evaluate,3.8913078609901137,0.4252,0.34558131900138,0.21348589655412553,0.26162923375255526,5000
132,2,evaluate,3.8913078609901137,0.4252,0.34558131900138,0.21348589655412553,0.26162923375255526,5000
132,3,evaluate,2.9516578610939317,0.5216,0.3966619694587244,0.26013626784606225,0.3133773787628695,5000
132,4,evaluate,3.8913078609901137,0.4252,0.34558131900138,0.21348589655412553,0.26162923375255526,5000
132,5,evaluate,2.9516578610939317,0.5216,0.3966619694587244,0.26013626784606225,0.3133773787628695,5000
133,0,evaluate,3.0624534118024607,0.513,0.3972189741102422,0.255694457390736,0.30981406441487136,5000
133,1,evaluate,3.868377824372883,0.4324,0.34534130328293494,0.2171795121481937,0.2642468680694254,5000
133,2,evaluate,3.868377824372883,0.4324,0.34534130328293494,0.2171795121481937,0.2642468680694254,5000
133,3,evaluate,3.868377824372883,0.4324,0.34534130328293494,0.2171795121481937,0.2642468680694254,5000
133,4,evaluate,3.0624534118024607,0.513,0.3972189741102422,0.255694457390736,0.30981406441487136,5000
133,5,evaluate,3.0624534118024607,0.513,0.3972189741102422,0.255694457390736,0.30981406441487136,5000
134,0,evaluate,3.158642702464816,0.5022,0.39721732380730945,0.250398136659571,0.30583117216645583,5000
134,1,evaluate,3.8732980414281917,0.439,0.34509353040744073,0.2204085579215304,0.2670363580370565,5000
134,2,evaluate,3.8732980414281917,0.439,0.34509353040744073,0.2204085579215304,0.2670363580370565,5000
134,3,evaluate,3.158642702464816,0.5022,0.39721732380730945,0.250398136659571,0.30583117216645583,5000
134,4,evaluate,3.158642702464816,0.5022,0.39721732380730945,0.250398136659571,0.30583117216645583,5000
134,5,evaluate,3.8732980414281917,0.439,0.34509353040744073,0.2204085579215304,0.2670363580370565,5000
135,0,evaluate,3.217006360428243,0.4946,0.39686014749561227,0.24661696558296703,0.3027097445968388,5000
135,1,evaluate,3.217006360428243,0.4946,0.39686014749561227,0.24661696558296703,0.3027097445968388,5000
135,2,evaluate,3.217006360428243,0.4946,0.39686014749561227,0.24661696558296703,0.3027097445968388,5000
135,3,evaluate,3.863613463655303,0.4468,0.34804446721915216,0.22425956201640687,0.2710585637126158,5000
135,4,evaluate,3.863613463655303,0.4468,0.34804446721915216,0.22425956201640687,0.2710585637126158,5000
135,5,evaluate,3.863613463655303,0.4468,0.34804446721915216,0.22425956201640687,0.2710585637126158,5000
136,0,evaluate,3.198249124273469,0.498,0.3998038516515896,0.2483521934050957,0.3048466772194295,5000
136,1,evaluate,3.83774636666986,0.4476,0.3462095274132636,0.22454790811634906,0.2711701456909844,5000
136,2,evaluate,3.198249124273469,0.498,0.3998038516515896,0.2483521934050957,0.3048466772194295,5000
136,3,evaluate,3.83774636666986,0.4476,0.3462095274132636,0.22454790811634906,0.2711701456909844,5000
136,4,evaluate,3.83774636666986,0.4476,0.3462095274132636,0.22454790811634906,0.2711701456909844,5000
136,5,evaluate,3.198249124273469,0.498,0.3998038516515896,0.2483521934050957,0.3048466772194295,5000
137,0,evaluate,3.8099656678453275,0.4478,0.3466016481141395,0.22449739847140343,0.2717364297279351,5000
137,1,evaluate,3.179903016814703,0.5026,0.4007390098207787,0.2507419526696932,0.30653259189915844,5000
137,2,evaluate,3.179903016814703,0.5026,0.4007390098207787,0.2507419526696932,0.30653259189915844,5000
137,3,evaluate,3.8099656678453275,0.4478,0.3466016481141395,0.22449739847140343,0.2717364297279351,5000
137,4,evaluate,3.179903016814703,0.5026,0.4007390098207787,0.2507419526696932,0.30653259189915844,5000
137,5,evaluate,3.8099656678453275,0.4478,0.3466016481141395,0.22449739847140343,0.2717364297279351,5000
138,0,evaluate,3.14568488658229,0.5044,0.39754014795838444,0.2516928305160563,0.30588791292782924,5000
138,1,evaluate,3.14568488658229,0.5044,0.39754014795838444,0.2516928305160563,0.30588791292782924,5000
138,2,evaluate,3.8215441945232924,0.4448,0.3460348980711316,0.22285727450814002,0.27065119892688705,5000
138,3,evaluate,3.8215441945232924,0.4448,0.3460348980711316,0.22285727450814002,0.27065119892688705,5000
138,4,evaluate,3.14568488658229,0.5044,0.39754014795838444,0.2516928305160563,0.30588791292782924,5000
138,5,evaluate,3.8215441945232924,0.4448,0.3460348980711316,0.22285727450814002,0.27065119892688705,5000
139,0,evaluate,3.1118477296225633,0.5098,0.39829370673331504,0.2544260458032113,0.3081773251790775,5000
139,1,evaluate,3.8348995703685134,0.4388,0.34784349673874904,0.2196991215703584,0.2689921418616875,5000
139,2,evaluate,3.8348995703685134,0.4388,0.34784349673874904,0.2196991215703584,0.2689921418616875,5000
139,3,evaluate,3.8348995703685134,0.4388,0.34784349673874904,0.2196991215703584,0.2689921418616875,5000
139,4,evaluate,3.1118477296225633,0.5098,0.39829370673331504,0.2544260458032113,0.3081773251790775,5000
139,5,evaluate,3.1118477296225633,0.5098,0.39829370673331504,0.2544260458032113,0.3081773251790775,5000
140,0,evaluate,3.1090163475350487,0.5158,0.4001545445063031,0.25744470037109124,0.31065587849858217,5000
140,1,evaluate,3.1090163475350487,0.5158,0.4001545445063031,0.25744470037109124,0.31065587849858217,5000
140,2,evaluate,3.868344023257871,0.4354,0.34678658076245156,0.21793858805319027,0.2673323416427276,5000
140,3,evaluate,3.1090163475350487,0.5158,0.4001545445063031,0.25744470037109124,0.31065587849858217,5000
140,4,evaluate,3.868344023257871,0.4354,0.34678658076245156,0.21793858805319027,0.2673323416427276,5000
140,5,evaluate,3.868344023257871,0.4354,0.34678658076245156,0.21793858805319027,0.2673323416427276,5000
141,0,evaluate,3.1247668266296387,0.5108,0.39970211801489863,0.25494300634614564,0.30867978746901215,5000
141,1,evaluate,3.8928993472570106,0.4362,0.34619858919321095,0.2183826479316476,0.26746689852451444,5000
141,2,evaluate,3.8928993472570106,0.4362,0.34619858919321095,0.2183826479316476,0.26746689852451444,5000
141,3,evaluate,3.1247668266296387,0.5108,0.39970211801489863,0.25494300634614564,0.30867978746901215,5000
141,4,evaluate,3.8928993472570106,0.4362,0.34619858919321095,0.2183826479316476,0.26746689852451444,5000
141,5,evaluate,3.1247668266296387,0.5108,0.39970211801489863,0.25494300634614564,0.30867978746901215,5000
142,0,evaluate,3.148036354704748,0.5076,0.3981063018581469,0.25317607147214594,0.3068892796116897,5000
142,1,evaluate,3.9235000489633296,0.4378,0.3458137146446651,0.21921142183325265,0.26792566321520006,5000
142,2,evaluate,3.9235000489633296,0.4378,0.3458137146446651,0.21921142183325265,0.26792566321520006,5000
142,3,evaluate,3.148036354704748,0.5076,0.3981063018581469,0.25317607147214594,0.3068892796116897,5000
142,4,evaluate,3.148036354704748,0.5076,0.3981063018581469,0.25317607147214594,0.3068892796116897,5000
142,5,evaluate,3.9235000489633296,0.4378,0.3458137146446651,0.21921142183325265,0.26792566321520006,5000
143,0,evaluate,3.9466720170612577,0.4398,0.34608648386842367,0.22037440468762734,0.26856841338025467,5000
143,1,evaluate,3.1777102162566364,0.504,0.3963766850482172,0.2512750561236906,0.3048124493261085,5000
143,2,evaluate,3.1777102162566364,0.504,0.3963766850482172,0.2512750561236906,0.3048124493261085,5000
143,3,evaluate,3.9466720170612577,0.4398,0.34608648386842367,0.22037440468762734,0.26856841338025467,5000
143,4,evaluate,3.1777102162566364,0.504,0.3963766850482172,0.2512750561236906,0.3048124493261085,5000
143,5,evaluate,3.9466720170612577,0.4398,0.34608648386842367,0.22037440468762734,0.26856841338025467,5000
144,0,evaluate,3.1611851514140263,0.5016,0.39456590780305434,0.25009121045639615,0.3034600984320551,5000
144,1,evaluate,3.941132491147971,0.4364,0.34501106438650164,0.2188125342510147,0.2664298854234878,5000
144,2,evaluate,3.941132491147971,0.4364,0.34501106438650164,0.2188125342510147,0.2664298854234878,5000
144,3,evaluate,3.1611851514140263,0.5016,0.39456590780305434,0.25009121045639615,0.3034600984320551,5000
144,4,evaluate,3.941132491147971,0.4364,0.34501106438650164,0.2188125342510147,0.2664298854234878,5000
144,5,evaluate,3.1611851514140263,0.5016,0.39456590780305434,0.25009121045639615,0.3034600984320551,5000
145,0,evaluate,3.1561359710331205,0.5042,0.3946762076118961,0.2514175701423814,0.30492370245786227,5000
145,1,evaluate,3.9320831902419466,0.438,0.34540907619652306,0.21978069102209305,0.26667602999964357,5000
145,2,evaluate,3.9320831902419466,0.438,0.34540907619652306,0.21978069102209305,0.26667602999964357,5000
145,3,evaluate,3.9320831902419466,0.438,0.34540907619652306,0.21978069102209305,0.26667602999964357,5000
145,4,evaluate,3.1561359710331205,0.5042,0.3946762076118961,0.2514175701423814,0.30492370245786227,5000
145,5,evaluate,3.1561359710331205,0.5042,0.3946762076118961,0.2514175701423814,0.30492370245786227,5000
146,0,evaluate,3.1232391520391536,0.5058,0.3959435094993765,0.2521497395023278,0.3060168844230547,5000
146,1,evaluate,3.8823330462733403,0.4368,0.34585884098524683,0.2192754142503163,0.26606322048510495,5000
146,2,evaluate,3.8823330462733403,0.4368,0.34585884098524683,0.2192754142503163,0.26606322048510495,5000
146,3,evaluate,3.8823330462733403,0.4368,0.34585884098524683,0.2192754142503163,0.26606322048510495,5000
146,4,evaluate,3.1232391520391536,0.5058,0.3959435094993765,0.2521497395023278,0.3060168844230547,5000
146,5,evaluate,3.1232391520391536,0.5058,0.3959435094993765,0.2521497395023278,0.3060168844230547,5000
147,0,evaluate,3.8496940015237544,0.4312,0.34593566599080794,0.21653105389772978,0.26377186930912255,5000
147,1,evaluate,3.8496940015237544,0.4312,0.34593566599080794,0.21653105389772978,0.26377186930912255,5000
147,2,evaluate,3.0912205735339393,0.5088,0.39610725502820293,0.25353216149297564,0.307131403683525,5000
147,3,evaluate,3.8496940015237544,0.4312,0.34593566599080794,0.21653105389772978,0.26377186930912255,5000
147,4,evaluate,3.0912205735339393,0.5088,0.39610725502820293,0.25353216149297564,0.307131403683525,5000
147,5,evaluate,3.0912205735339393,0.5088,0.39610725502820293,0.25353216149297564,0.307131403683525,5000
148,0,evaluate,3.0763745051396043,0.506,0.3933107069456725,0.2521021627556153,0.30553482179915165,5000
148,1,evaluate,3.0763745051396043,0.506,0.3933107069456725,0.2521021627556153,0.30553482179915165,5000
148,2,evaluate,3.84660656240922,0.4284,0.3468252748634322,0.2151870093676429,0.2627797313966146,5000
148,3,evaluate,3.84660656240922,0.4284,0.3468252748634322,0.2151870093676429,0.2627797313966146,5000
148,4,evaluate,3.0763745051396043,0.506,0.3933107069456725,0.2521021627556153,0.30553482179915165,5000
148,5,evaluate,3.84660656240922,0.4284,0.3468252748634322,0.2151870093676429,0.2627797313966146,5000
149,0,evaluate,3.0726852884775475,0.513,0.3957190660562812,0.25565019901149233,0.30926509512250605,5000
149,1,evaluate,3.8416702686985835,0.428,0.3462707611230557,0.21496360465959033,0.2625961676523005,5000
149,2,evaluate,3.8416702686985835,0.428,0.3462707611230557,0.21496360465959033,0.2625961676523005,5000
149,3,evaluate,3.8416702686985835,0.428,0.3462707611230557,0.21496360465959033,0.2625961676523005,5000
149,4,evaluate,3.0726852884775475,0.513,0.3957190660562812,0.25565019901149233,0.30926509512250605,5000
149,5,evaluate,3.0726852884775475,0.513,0.3957190660562812,0.25565019901149233,0.30926509512250605,5000
150,0,evaluate,3.833971735797351,0.4334,0.347636199349238,0.21768310961772236,0.2649673119389349,5000
150,1,evaluate,3.113336650631096,0.5062,0.3961995182891555,0.25247791386604695,0.3073336440023599,5000
150,2,evaluate,3.113336650631096,0.5062,0.3961995182891555,0.25247791386604695,0.3073336440023599,5000
150,3,evaluate,3.833971735797351,0.4334,0.347636199349238,0.21768310961772236,0.2649673119389349,5000
150,4,evaluate,3.833971735797351,0.4334,0.347636199349238,0.21768310961772236,0.2649673119389349,5000
150,5,evaluate,3.113336650631096,0.5062,0.3961995182891555,0.25247791386604695,0.3073336440023599,5000
151,0,evaluate,3.139070519918128,0.5032,0.396283560549607,0.25106775914888024,0.3065315567216197,5000
151,1,evaluate,3.8315723938278006,0.4328,0.3432843575741423,0.2173713803778369,0.26349621857098515,5000
151,2,evaluate,3.139070519918128,0.5032,0.396283560549607,0.25106775914888024,0.3065315567216197,5000
151,3,evaluate,3.8315723938278006,0.4328,0.3432843575741423,0.2173713803778369,0.26349621857098515,5000
151,4,evaluate,3.8315723938278006,0.4328,0.3432843575741423,0.2173713803778369,0.26349621857098515,5000
151,5,evaluate,3.139070519918128,0.5032,0.396283560549607,0.25106775914888024,0.3065315567216197,5000
152,0,evaluate,3.913295090953006,0.4314,0.34391113862095446,0.21650459049193377,0.2634633451781175,5000
152,1,evaluate,3.913295090953006,0.4314,0.34391113862095446,0.21650459049193377,0.2634633451781175,5000
152,2,evaluate,3.145759724363496,0.506,0.39655629084975885,0.2524273685678861,0.3076583882519476,5000
152,3,evaluate,3.145759724363496,0.506,0.39655629084975885,0.2524273685678861,0.3076583882519476,5000
152,4,evaluate,3.913295090953006,0.4314,0.34391113862095446,0.21650459049193377,0.2634633451781175,5000
152,5,evaluate,3.145759724363496,0.506,0.39655629084975885,0.2524273685678861,0.3076583882519476,5000
153,0,evaluate,3.9866908683052547,0.4284,0.3456603222637524,0.2148921332722192,0.26307783245913124,5000
153,1,evaluate,3.9866908683052547,0.4284,0.3456603222637524,0.2148921332722192,0.26307783245913124,5000
153,2,evaluate,3.9866908683052547,0.4284,0.3456603222637524,0.2148921332722192,0.26307783245913124,5000
153,3,evaluate,3.135725551013705,0.5114,0.3954898236420359,0.25521046335646197,0.3093975356041242,5000
153,4,evaluate,3.135725551013705,0.5114,0.3954898236420359,0.25521046335646197,0.3093975356041242,5000
153,5,evaluate,3.135725551013705,0.5114,0.3954898236420359,0.25521046335646197,0.3093975356041242,5000
154,0,evaluate,3.11319019522848,0.517,0.396418502962543,0.25787874834047686,0.311385575210301,5000
154,1,evaluate,4.039871831483479,0.431,0.3479212392862777,0.21609483207275632,0.26500900161520524,5000
154,2,evaluate,4.039871831483479,0.431,0.3479212392862777,0.21609483207275632,0.26500900161520524,5000
154,3,evaluate,4.039871831483479,0.431,0.3479212392862777,0.21609483207275632,0.26500900161520524,5000
154,4,evaluate,3.11319019522848,0.517,0.396418502962543,0.25787874834047686,0.311385575210301,5000
154,5,evaluate,3.11319019522848,0.517,0.396418502962543,0.25787874834047686,0.311385575210301,5000
155,0,evaluate,4.047533436666561,0.433,0.34996107099282586,0.21713643790085743,0.26655889672596855,5000
155,1,evaluate,3.050839256636704,0.5214,0.3952413532089699,0.259979483798349,0.3122076450957956,5000
155,2,evaluate,4.047533436666561,0.433,0.34996107099282586,0.21713643790085743,0.26655889672596855,5000
155,3,evaluate,3.050839256636704,0.5214,0.3952413532089699,0.259979483798349,0.3122076450957956,5000
155,4,evaluate,3.050839256636704,0.5214,0.3952413532089699,0.259979483798349,0.3122076450957956,5000
155,5,evaluate,4.047533436666561,0.433,0.34996107099282586,0.21713643790085743,0.26655889672596855,5000
156,0,evaluate,4.045137670975697,0.4288,0.34874288488020133,0.21497396931720886,0.26497466186041263,5000
156,1,evaluate,3.0073294217073463,0.5282,0.3944485560948786,0.26317507979697186,0.3139911776098297,5000
156,2,evaluate,3.0073294217073463,0.5282,0.3944485560948786,0.26317507979697186,0.3139911776098297,5000
156,3,evaluate,3.0073294217073463,0.5282,0.3944485560948786,0.26317507979697186,0.3139911776098297,5000
156,4,evaluate,4.045137670975697,0.4288,0.34874288488020133,0.21497396931720886,0.26497466186041263,5000
156,5,evaluate,4.045137670975697,0.4288,0.34874288488020133,0.21497396931720886,0.26497466186041263,5000
157,0,evaluate,3.0201762265796903,0.5264,0.39558144667360945,0.26216994705376806,0.3134290417270701,5000
157,1,evaluate,4.0346945539305485,0.4314,0.34738260291714507,0.21624652300853545,0.26571504616005504,5000
157,2,evaluate,3.0201762265796903,0.5264,0.39558144667360945,0.26216994705376806,0.3134290417270701,5000
157,3,evaluate,3.0201762265796903,0.5264,0.39558144667360945,0.26216994705376806,0.3134290417270701,5000
157,4,evaluate,4.0346945539305485,0.4314,0.34738260291714507,0.21624652300853545,0.26571504616005504,5000
157,5,evaluate,4.0346945539305485,0.4314,0.34738260291714507,0.21624652300853545,0.26571504616005504,5000
158,0,evaluate,4.026092269752599,0.4412,0.349118948950189,0.22111937097674064,0.26983905490670457,5000
158,1,evaluate,3.091975049127506,0.5126,0.3945199307347569,0.2553089302746999,0.3077276696209612,5000
158,2,evaluate,4.026092269752599,0.4412,0.349118948950189,0.22111937097674064,0.26983905490670457,5000
158,3,evaluate,3.091975049127506,0.5126,0.3945199307347569,0.2553089302746999,0.3077276696209612,5000
158,4,evaluate,4.026092269752599,0.4412,0.349118948950189,0.22111937097674064,0.26983905490670457,5000
158,5,evaluate,3.091975049127506,0.5126,0.3945199307347569,0.2553089302746999,0.3077276696209612,5000
159,0,evaluate,3.1670935425577285,0.5018,0.39741488585628443,0.24994176512089208,0.304365708687281,5000
159,1,evaluate,3.1670935425577285,0.5018,0.39741488585628443,0.24994176512089208,0.304365708687281,5000
159,2,evaluate,3.1670935425577285,0.5018,0.39741488585628443,0.24994176512089208,0.304365708687281,5000
159,3,evaluate,4.0002473094795326,0.4464,0.34880532268398473,0.22374738959491566,0.27154050606738,5000
159,4,evaluate,4.0002473094795326,0.4464,0.34880532268398473,0.22374738959491566,0.27154050606738,5000
159,5,evaluate,4.0002473094795326,0.4464,0.34880532268398473,0.22374738959491566,0.27154050606738,5000
160,0,evaluate,3.997001533266864,0.4524,0.3490027164321436,0.22674086078009523,0.27385403783434736,5000
160,1,evaluate,3.1970770087423204,0.4984,0.39735711870016827,0.24829956640635026,0.30303559623098836,5000
160,2,evaluate,3.997001533266864,0.4524,0.3490027164321436,0.22674086078009523,0.27385403783434736,5000
160,3,evaluate,3.1970770087423204,0.4984,0.39735711870016827,0.24829956640635026,0.30303559623098836,5000
160,4,evaluate,3.1970770087423204,0.4984,0.39735711870016827,0.24829956640635026,0.30303559623098836,5000
160,5,evaluate,3.997001533266864,0.4524,0.3490027164321436,0.22674086078009523,0.27385403783434736,5000
161,0,evaluate,3.183201373377933,0.502,0.3972470191438847,0.2502762244354144,0.30481437037355524,5000
161,1,evaluate,3.183201373377933,0.502,0.3972470191438847,0.2502762244354144,0.30481437037355524,5000
161,2,evaluate,3.183201373377933,0.502,0.3972470191438847,0.2502762244354144,0.30481437037355524,5000
161,3,evaluate,3.994199194485628,0.4524,0.34944411538787656,0.22679205455767754,0.27410635294298463,5000
161,4,evaluate,3.994199194485628,0.4524,0.34944411538787656,0.22679205455767754,0.27410635294298463,5000
161,5,evaluate,3.994199194485628,0.4524,0.34944411538787656,0.22679205455767754,0.27410635294298463,5000
162,0,evaluate,3.1447369448746305,0.5086,0.39600313817206517,0.2536802582083929,0.3074241041005926,5000
162,1,evaluate,4.030211228358595,0.4442,0.34874304529591554,0.2227120274981277,0.27087769549452223,5000
162,2,evaluate,3.1447369448746305,0.5086,0.39600313817206517,0.2536802582083929,0.3074241041005926,5000
162,3,evaluate,3.1447369448746305,0.5086,0.39600313817206517,0.2536802582083929,0.3074241041005926,5000
162,4,evaluate,4.030211228358595,0.4442,0.34874304529591554,0.2227120274981277,0.27087769549452223,5000
162,5,evaluate,4.030211228358595,0.4442,0.34874304529591554,0.2227120274981277,0.27087769549452223,5000
163,0,evaluate,3.1016916353491286,0.5166,0.3965163780960381,0.2576924339731258,0.31093165941908124,5000
163,1,evaluate,3.1016916353491286,0.5166,0.3965163780960381,0.2576924339731258,0.31093165941908124,5000
163,2,evaluate,4.073254684858684,0.4382,0.3480634452851107,0.21969787775434185,0.26851405255987915,5000
163,3,evaluate,4.073254684858684,0.4382,0.3480634452851107,0.21969787775434185,0.26851405255987915,5000
163,4,evaluate,4.073254684858684,0.4382,0.3480634452851107,0.21969787775434185,0.26851405255987915,5000
163,5,evaluate,3.1016916353491286,0.5166,0.3965163780960381,0.2576924339731258,0.31093165941908124,5000
164,0,evaluate,4.119804699209672,0.43,0.35086622659336264,0.21566843898061577,0.26583983398806765,5000
164,1,evaluate,3.0669577332991587,0.5232,0.3940917344956977,0.2609344810356061,0.3128843075372102,5000
164,2,evaluate,4.119804699209672,0.43,0.35086622659336264,0.21566843898061577,0.26583983398806765,5000
164,3,evaluate,4.119804699209672,0.43,0.35086622659336264,0.21566843898061577,0.26583983398806765,5000
164,4,evaluate,3.0669577332991587,0.5232,0.3940917344956977,0.2609344810356061,0.3128843075372102,5000
164,5,evaluate,3.0669577332991587,0.5232,0.3940917344956977,0.2609344810356061,0.3128843075372102,5000
165,0,evaluate,4.086976971807359,0.4244,0.3488486639039989,0.2128495911424697,0.26301306200548213,5000
165,1,evaluate,4.086976971807359,0.4244,0.3488486639039989,0.2128495911424697,0.26301306200548213,5000
165,2,evaluate,3.030540208273296,0.5236,0.39083961571029224,0.26125945060361644,0.3122058240900347,5000
165,3,evaluate,3.030540208273296,0.5236,0.39083961571029224,0.26125945060361644,0.3122058240900347,5000
165,4,evaluate,4.086976971807359,0.4244,0.3488486639039989,0.2128495911424697,0.26301306200548213,5000
165,5,evaluate,3.030540208273296,0.5236,0.39083961571029224,0.26125945060361644,0.3122058240900347,5000
166,0,evaluate,4.08320266083826,0.4246,0.34949418219912726,0.21300208273968071,0.26298971156816303,5000
166,1,evaluate,3.0106561968598187,0.5232,0.3902953234488715,0.26104679656871765,0.31225041612469046,5000
166,2,evaluate,3.0106561968598187,0.5232,0.3902953234488715,0.26104679656871765,0.31225041612469046,5000
166,3,evaluate,4.08320266083826,0.4246,0.34949418219912726,0.21300208273968071,0.26298971156816303,5000
166,4,evaluate,3.0106561968598187,0.5232,0.3902953234488715,0.26104679656871765,0.31225041612469046,5000
166,5,evaluate,4.08320266083826,0.4246,0.34949418219912726,0.21300208273968071,0.26298971156816303,5000
167,0,evaluate,3.0195918053011352,0.5256,0.39140180901894334,0.2622643340205201,0.3134475260516183,5000
167,1,evaluate,3.0195918053011352,0.5256,0.39140180901894334,0.2622643340205201,0.3134475260516183,5000
167,2,evaluate,4.089111904554729,0.421,0.3491660528008769,0.21125371815026378,0.2612330561879771,5000
167,3,evaluate,4.089111904554729,0.421,0.3491660528008769,0.21125371815026378,0.2612330561879771,5000
167,4,evaluate,4.089111904554729,0.421,0.3491660528008769,0.21125371815026378,0.2612330561879771,5000
167,5,evaluate,3.0195918053011352,0.5256,0.39140180901894334,0.2622643340205201,0.3134475260516183,5000
168,0,evaluate,3.0409612127497225,0.5232,0.39138555336584,0.26099341761059036,0.31253845774753397,5000
168,1,evaluate,3.0409612127497225,0.5232,0.39138555336584,0.26099341761059036,0.31253845774753397,5000
168,2,evaluate,4.077640150166765,0.4264,0.35118170554454287,0.2140059645646933,0.26398325397309075,5000
168,3,evaluate,4.077640150166765,0.4264,0.35118170554454287,0.2140059645646933,0.26398325397309075,5000
168,4,evaluate,3.0409612127497225,0.5232,0.39138555336584,0.26099341761059036,0.31253845774753397,5000
168,5,evaluate,4.077640150166765,0.4264,0.35118170554454287,0.2140059645646933,0.26398325397309075,5000
169,0,evaluate,3.0476232963272287,0.5204,0.392969585327394,0.2596164865274647,0.31192918230798006,5000
169,1,evaluate,3.0476232963272287,0.5204,0.392969585327394,0.2596164865274647,0.31192918230798006,5000
169,2,evaluate,4.049856735181205,0.4272,0.34782425091533953,0.21441882889439548,0.26344348852246025,5000
169,3,evaluate,4.049856735181205,0.4272,0.34782425091533953,0.21441882889439548,0.26344348852246025,5000
169,4,evaluate,4.049856735181205,0.4272,0.34782425091533953,0.21441882889439548,0.26344348852246025,5000
169,5,evaluate,3.0476232963272287,0.5204,0.392969585327394,0.2596164865274647,0.31192918230798006,5000
170,0,evaluate,3.0528281489505043,0.5166,0.39283150654742427,0.2575988703193105,0.3101731775313306,5000
170,1,evaluate,4.0022397011141235,0.4302,0.3456024490114137,0.21588383338566847,0.2641194438706183,5000
170,2,evaluate,3.0528281489505043,0.5166,0.39283150654742427,0.2575988703193105,0.3101731775313306,5000
170,3,evaluate,3.0528281489505043,0.5166,0.39283150654742427,0.2575988703193105,0.3101731775313306,5000
170,4,evaluate,4.0022397011141235,0.4302,0.3456024490114137,0.21588383338566847,0.2641194438706183,5000
170,5,evaluate,4.0022397011141235,0.4302,0.3456024490114137,0.21588383338566847,0.2641194438706183,5000
171,0,evaluate,3.9730267645437505,0.4376,0.3457360233175377,0.21948162028170923,0.26737290341586506,5000
171,1,evaluate,3.9730267645437505,0.4376,0.3457360233175377,0.21948162028170923,0.26737290341586506,5000
171,2,evaluate,3.077619160277934,0.5136,0.3937197237231991,0.25599369696116603,0.30890490990891795,5000
171,3,evaluate,3.9730267645437505,0.4376,0.3457360233175377,0.21948162028170923,0.26737290341586506,5000
171,4,evaluate,3.077619160277934,0.5136,0.3937197237231991,0.25599369696116603,0.30890490990891795,5000
171,5,evaluate,3.077619160277934,0.5136,0.3937197237231991,0.25599369696116603,0.30890490990891795,5000
172,0,evaluate,3.963751270801206,0.4382,0.34609156334683466,0.21969455863648557,0.2679426543961475,5000
172,1,evaluate,3.075066967855526,0.5124,0.39422818596034626,0.25524375461555693,0.3081485240579938,5000
172,2,evaluate,3.075066967855526,0.5124,0.39422818596034626,0.25524375461555693,0.3081485240579938,5000
172,3,evaluate,3.963751270801206,0.4382,0.34609156334683466,0.21969455863648557,0.2679426543961475,5000
172,4,evaluate,3.963751270801206,0.4382,0.34609156334683466,0.21969455863648557,0.2679426543961475,5000
172,5,evaluate,3.075066967855526,0.5124,0.39422818596034626,0.25524375461555693,0.3081485240579938,5000
173,0,evaluate,3.0735311130934124,0.5092,0.3936079294667826,0.2535850597764816,0.3063452736956076,5000
173,1,evaluate,3.0735311130934124,0.5092,0.3936079294667826,0.2535850597764816,0.3063452736956076,5000
173,2,evaluate,3.9448781737798377,0.4384,0.34547764996081776,0.21962382348090692,0.2680769473167933,5000
173,3,evaluate,3.9448781737798377,0.4384,0.34547764996081776,0.21962382348090692,0.2680769473167933,5000
173,4,evaluate,3.9448781737798377,0.4384,0.34547764996081776,0.21962382348090692,0.2680769473167933,5000
173,5,evaluate,3.0735311130934124,0.5092,0.3936079294667826,0.2535850597764816,0.3063452736956076,5000
174,0,evaluate,3.9330123376242723,0.4454,0.34517166645323505,0.2230318655897244,0.27055017140677656,5000
174,1,evaluate,3.128133969970896,0.5044,0.39571367708509575,0.2512569583884379,0.305189746885916,5000
174,2,evaluate,3.9330123376242723,0.4454,0.34517166645323505,0.2230318655897244,0.27055017140677656,5000
174,3,evaluate,3.9330123376242723,0.4454,0.34517166645323505,0.2230318655897244,0.27055017140677656,5000
174,4,evaluate,3.128133969970896,0.5044,0.39571367708509575,0.2512569583884379,0.305189746885916,5000
174,5,evaluate,3.128133969970896,0.5044,0.39571367708509575,0.2512569583884379,0.305189746885916,5000
175,0,evaluate,3.9544760516927213,0.4516,0.3461663464189859,0.2261211973238031,0.2731890050274097,5000
175,1,evaluate,3.195299795911282,0.5038,0.3976247501469702,0.25110029271606404,0.3055998356514854,5000
175,2,evaluate,3.195299795911282,0.5038,0.3976247501469702,0.25110029271606404,0.3055998356514854,5000
175,3,evaluate,3.9544760516927213,0.4516,0.3461663464189859,0.2261211973238031,0.2731890050274097,5000
175,4,evaluate,3.195299795911282,0.5038,0.3976247501469702,0.25110029271606404,0.3055998356514854,5000
175,5,evaluate,3.9544760516927213,0.4516,0.3461663464189859,0.2261211973238031,0.2731890050274097,5000
176,0,evaluate,3.9796936572352544,0.4596,0.34698637770816204,0.23018312018253556,0.27618782719511836,5000
176,1,evaluate,3.273940427393853,0.496,0.39842476422143325,0.2473425652149616,0.30325051045090756,5000
176,2,evaluate,3.9796936572352544,0.4596,0.34698637770816204,0.23018312018253556,0.27618782719511836,5000
176,3,evaluate,3.273940427393853,0.496,0.39842476422143325,0.2473425652149616,0.30325051045090756,5000
176,4,evaluate,3.9796936572352544,0.4596,0.34698637770816204,0.23018312018253556,0.27618782719511836,5000
176,5,evaluate,3.273940427393853,0.496,0.39842476422143325,0.2473425652149616,0.30325051045090756,5000
177,0,evaluate,3.32483205312415,0.502,0.40046933855262246,0.25052823647148326,0.30693986810217555,5000
177,1,evaluate,4.051928707315952,0.457,0.3463165497492733,0.22897329882857648,0.27487106988282906,5000
177,2,evaluate,3.32483205312415,0.502,0.40046933855262246,0.25052823647148326,0.30693986810217555,5000
177,3,evaluate,4.051928707315952,0.457,0.3463165497492733,0.22897329882857648,0.27487106988282906,5000
177,4,evaluate,4.051928707315952,0.457,0.3463165497492733,0.22897329882857648,0.27487106988282906,5000
177,5,evaluate,3.32483205312415,0.502,0.40046933855262246,0.25052823647148326,0.30693986810217555,5000
178,0,evaluate,3.350018721592577,0.5068,0.3997326883899641,0.25292732988284183,0.308562369796048,5000
178,1,evaluate,4.111022759087478,0.454,0.34514198190115747,0.227617471992778,0.27317436833520026,5000
178,2,evaluate,4.111022759087478,0.454,0.34514198190115747,0.227617471992778,0.27317436833520026,5000
178,3,evaluate,3.350018721592577,0.5068,0.3997326883899641,0.25292732988284183,0.308562369796048,5000
178,4,evaluate,3.350018721592577,0.5068,0.3997326883899641,0.25292732988284183,0.308562369796048,5000
178,5,evaluate,4.111022759087478,0.454,0.34514198190115747,0.227617471992778,0.27317436833520026,5000
179,0,evaluate,4.150601024869122,0.4504,0.3467005658315614,0.22590593416890856,0.2722825235488651,5000
179,1,evaluate,4.150601024869122,0.4504,0.3467005658315614,0.22590593416890856,0.2722825235488651,5000
179,2,evaluate,3.30032463315167,0.5104,0.3979408363036327,0.25465610142624046,0.3093536795723709,5000
179,3,evaluate,3.30032463315167,0.5104,0.3979408363036327,0.25465610142624046,0.3093536795723709,5000
179,4,evaluate,3.30032463315167,0.5104,0.3979408363036327,0.25465610142624046,0.3093536795723709,5000
179,5,evaluate,4.150601024869122,0.4504,0.3467005658315614,0.22590593416890856,0.2722825235488651,5000
180,0,evaluate,3.203386499911924,0.5166,0.3955918101175951,0.2576866380721795,0.31102047781917763,5000
180,1,evaluate,3.203386499911924,0.5166,0.3955918101175951,0.2576866380721795,0.31102047781917763,5000
180,2,evaluate,3.203386499911924,0.5166,0.3955918101175951,0.2576866380721795,0.31102047781917763,5000
180,3,evaluate,4.200852173793165,0.4352,0.34560502350723105,0.21828466118374856,0.2662726328844875,5000
180,4,evaluate,4.200852173793165,0.4352,0.34560502350723105,0.21828466118374856,0.2662726328844875,5000
180,5,evaluate,4.200852173793165,0.4352,0.34560502350723105,0.21828466118374856,0.2662726328844875,5000
181,0,evaluate,4.1919522225102295,0.4252,0.3440488054154904,0.2133269456759425,0.26185301227464447,5000
181,1,evaluate,3.0939473079729685,0.5264,0.3949095207912549,0.2624518576631686,0.31412042800120804,5000
181,2,evaluate,4.1919522225102295,0.4252,0.3440488054154904,0.2133269456759425,0.26185301227464447,5000
181,3,evaluate,4.1919522225102295,0.4252,0.3440488054154904,0.2133269456759425,0.26185301227464447,5000
181,4,evaluate,3.0939473079729685,0.5264,0.3949095207912549,0.2624518576631686,0.31412042800120804,5000
181,5,evaluate,3.0939473079729685,0.5264,0.3949095207912549,0.2624518576631686,0.31412042800120804,5000
182,0,evaluate,3.0015228700034227,0.533,0.3955619231805413,0.2657189658734344,0.3165792280656328,5000
182,1,evaluate,4.160371765305724,0.4206,0.3425952809977562,0.21106768404086793,0.2594485969862968,5000
182,2,evaluate,3.0015228700034227,0.533,0.3955619231805413,0.2657189658734344,0.3165792280656328,5000
182,3,evaluate,4.160371765305724,0.4206,0.3425952809977562,0.21106768404086793,0.2594485969862968,5000
182,4,evaluate,3.0015228700034227,0.533,0.3955619231805413,0.2657189658734344,0.3165792280656328,5000
182,5,evaluate,4.160371765305724,0.4206,0.3425952809977562,0.21106768404086793,0.2594485969862968,5000
183,0,evaluate,2.9314316692231577,0.532,0.3943418729330298,0.265112671707213,0.3155238758538611,5000
183,1,evaluate,4.09495433674583,0.4178,0.34388816924118937,0.20961371922031372,0.2587998355469493,5000
183,2,evaluate,4.09495433674583,0.4178,0.34388816924118937,0.20961371922031372,0.2587998355469493,5000
183,3,evaluate,2.9314316692231577,0.532,0.3943418729330298,0.265112671707213,0.3155238758538611,5000
183,4,evaluate,4.09495433674583,0.4178,0.34388816924118937,0.20961371922031372,0.2587998355469493,5000
183,5,evaluate,2.9314316692231577,0.532,0.3943418729330298,0.265112671707213,0.3155238758538611,5000
184,0,evaluate,2.918195997612386,0.5286,0.3923050419855245,0.26331652075952405,0.3133920393272113,5000
184,1,evaluate,4.035831807534906,0.4166,0.3425788630074584,0.2089314889815906,0.2581400932514405,5000
184,2,evaluate,2.918195997612386,0.5286,0.3923050419855245,0.26331652075952405,0.3133920393272113,5000
184,3,evaluate,2.918195997612386,0.5286,0.3923050419855245,0.26331652075952405,0.3133920393272113,5000
184,4,evaluate,4.035831807534906,0.4166,0.3425788630074584,0.2089314889815906,0.2581400932514405,5000
184,5,evaluate,4.035831807534906,0.4166,0.3425788630074584,0.2089314889815906,0.2581400932514405,5000
185,0,evaluate,2.957467755184898,0.5252,0.3929379054559042,0.26160012646517367,0.3122123561075204,5000
185,1,evaluate,3.9950131917301612,0.424,0.34558405841094303,0.21249731146074127,0.2621874520799234,5000
185,2,evaluate,3.9950131917301612,0.424,0.34558405841094303,0.21249731146074127,0.2621874520799234,5000
185,3,evaluate,2.957467755184898,0.5252,0.3929379054559042,0.26160012646517367,0.3122123561075204,5000
185,4,evaluate,3.9950131917301612,0.424,0.34558405841094303,0.21249731146074127,0.2621874520799234,5000
185,5,evaluate,2.957467755184898,0.5252,0.3929379054559042,0.26160012646517367,0.3122123561075204,5000
186,0,evaluate,3.0391053504581693,0.5176,0.3911050040456342,0.25788065366120416,0.3087903383372773,5000
186,1,evaluate,3.0391053504581693,0.5176,0.3911050040456342,0.25788065366120416,0.3087903383372773,5000
186,2,evaluate,3.9775393884393235,0.4322,0.3455921669817959,0.21662303130086472,0.2654060184580482,5000
186,3,evaluate,3.0391053504581693,0.5176,0.3911050040456342,0.25788065366120416,0.3087903383372773,5000
186,4,evaluate,3.9775393884393235,0.4322,0.3455921669817959,0.21662303130086472,0.2654060184580482,5000
186,5,evaluate,3.9775393884393235,0.4322,0.3455921669817959,0.21662303130086472,0.2654060184580482,5000
187,0,evaluate,3.9852876180334937,0.4462,0.34556849775441645,0.22364400877140608,0.27068715221799444,5000
187,1,evaluate,3.157112978681733,0.503,0.39280801932582243,0.250723030101331,0.30433837675089415,5000
187,2,evaluate,3.157112978681733,0.503,0.39280801932582243,0.250723030101331,0.30433837675089415,5000
187,3,evaluate,3.9852876180334937,0.4462,0.34556849775441645,0.22364400877140608,0.27068715221799444,5000
187,4,evaluate,3.9852876180334937,0.4462,0.34556849775441645,0.22364400877140608,0.27068715221799444,5000
187,5,evaluate,3.157112978681733,0.503,0.39280801932582243,0.250723030101331,0.30433837675089415,5000
188,0,evaluate,3.245974939080733,0.4952,0.3930488691662589,0.24701819144360498,0.3018955324350896,5000
188,1,evaluate,4.019901658915266,0.4494,0.34363403296358314,0.22526218700700765,0.27131933777814143,5000
188,2,evaluate,4.019901658915266,0.4494,0.34363403296358314,0.22526218700700765,0.27131933777814143,5000
188,3,evaluate,4.019901658915266,0.4494,0.34363403296358314,0.22526218700700765,0.27131933777814143,5000
188,4,evaluate,3.245974939080733,0.4952,0.3930488691662589,0.24701819144360498,0.3018955324350896,5000
188,5,evaluate,3.245974939080733,0.4952,0.3930488691662589,0.24701819144360498,0.3018955324350896,5000
189,0,evaluate,3.281925859330576,0.4956,0.3936336819819097,0.24734058301004783,0.30254065303745004,5000
189,1,evaluate,3.281925859330576,0.4956,0.3936336819819097,0.24734058301004783,0.30254065303745004,5000
189,2,evaluate,3.281925859330576,0.4956,0.3936336819819097,0.24734058301004783,0.30254065303745004,5000
189,3,evaluate,4.07852447485622,0.4536,0.34608271512486344,0.2274333511924583,0.2733701437647188,5000
189,4,evaluate,4.07852447485622,0.4536,0.34608271512486344,0.2274333511924583,0.2733701437647188,5000
189,5,evaluate,4.07852447485622,0.4536,0.34608271512486344,0.2274333511924583,0.2733701437647188,5000
190,0,evaluate,4.1386134081248995,0.4548,0.3459618851038829,0.22802143195491426,0.27370056905987117,5000
190,1,evaluate,3.3164341087582745,0.4954,0.39443852293227616,0.24729221936520593,0.3028671279931844,5000
190,2,evaluate,4.1386134081248995,0.4548,0.3459618851038829,0.22802143195491426,0.27370056905987117,5000
190,3,evaluate,3.3164341087582745,0.4954,0.39443852293227616,0.24729221936520593,0.3028671279931844,5000
190,4,evaluate,3.3164341087582745,0.4954,0.39443852293227616,0.24729221936520593,0.3028671279931844,5000
190,5,evaluate,4.1386134081248995,0.4548,0.3459618851038829,0.22802143195491426,0.27370056905987117,5000
191,0,evaluate,4.212995170037957,0.4538,0.3472948845611382,0.22753685205786423,0.2737604202642804,5000
191,1,evaluate,3.3338419093361384,0.4968,0.3979040630154044,0.24801331371571397,0.3042707712885456,5000
191,2,evaluate,4.212995170037957,0.4538,0.3472948845611382,0.22753685205786423,0.2737604202642804,5000
191,3,evaluate,3.3338419093361384,0.4968,0.3979040630154044,0.24801331371571397,0.3042707712885456,5000
191,4,evaluate,3.3338419093361384,0.4968,0.3979040630154044,0.24801331371571397,0.3042707712885456,5000
191,5,evaluate,4.212995170037957,0.4538,0.3472948845611382,0.22753685205786423,0.2737604202642804,5000
192,0,evaluate,4.323220093039017,0.4456,0.3442419097749034,0.22343118000821346,0.2698916078429426,5000
192,1,evaluate,3.319637058656427,0.5042,0.3979565561007383,0.2516335617336901,0.30680279211075984,5000
192,2,evaluate,3.319637058656427,0.5042,0.3979565561007383,0.2516335617336901,0.30680279211075984,5000
192,3,evaluate,4.323220093039017,0.4456,0.3442419097749034,0.22343118000821346,0.2698916078429426,5000
192,4,evaluate,4.323220093039017,0.4456,0.3442419097749034,0.22343118000821346,0.2698916078429426,5000
192,5,evaluate,3.319637058656427,0.5042,0.3979565561007383,0.2516335617336901,0.30680279211075984,5000
193,0,evaluate,4.43649306176584,0.4412,0.3452167770077967,0.22126367583379417,0.26842288324119223,5000
193,1,evaluate,3.269473187531097,0.5158,0.3978382900991665,0.2573874558492922,0.3108514071767392,5000
193,2,evaluate,3.269473187531097,0.5158,0.3978382900991665,0.2573874558492922,0.3108514071767392,5000
193,3,evaluate,4.43649306176584,0.4412,0.3452167770077967,0.22126367583379417,0.26842288324119223,5000
193,4,evaluate,3.269473187531097,0.5158,0.3978382900991665,0.2573874558492922,0.3108514071767392,5000
193,5,evaluate,4.43649306176584,0.4412,0.3452167770077967,0.22126367583379417,0.26842288324119223,5000
194,0,evaluate,4.5188249485402165,0.4336,0.3438704140572317,0.21740843021119544,0.2652838444951185,5000
194,1,evaluate,4.5188249485402165,0.4336,0.3438704140572317,0.21740843021119544,0.2652838444951185,5000
194,2,evaluate,3.251578346083436,0.5206,0.3992978739155456,0.25975417876544177,0.31258453750614884,5000
194,3,evaluate,3.251578346083436,0.5206,0.3992978739155456,0.25975417876544177,0.31258453750614884,5000
194,4,evaluate,4.5188249485402165,0.4336,0.3438704140572317,0.21740843021119544,0.2652838444951185,5000
194,5,evaluate,3.251578346083436,0.5206,0.3992978739155456,0.25975417876544177,0.31258453750614884,5000
195,0,evaluate,4.5677645146092285,0.432,0.34555662773568174,0.21664071441401817,0.2650826784931689,5000
195,1,evaluate,3.2415923000890996,0.5214,0.3994077639445024,0.26014878153689036,0.3127450001068006,5000
195,2,evaluate,4.5677645146092285,0.432,0.34555662773568174,0.21664071441401817,0.2650826784931689,5000
195,3,evaluate,3.2415923000890996,0.5214,0.3994077639445024,0.26014878153689036,0.3127450001068006,5000
195,4,evaluate,4.5677645146092285,0.432,0.34555662773568174,0.21664071441401817,0.2650826784931689,5000
195,5,evaluate,3.2415923000890996,0.5214,0.3994077639445024,0.26014878153689036,0.3127450001068006,5000
196,0,evaluate,4.5789502180075345,0.4344,0.34426540731781985,0.21782060043373538,0.26559904688598823,5000
196,1,evaluate,4.5789502180075345,0.4344,0.34426540731781985,0.21782060043373538,0.26559904688598823,5000
196,2,evaluate,4.5789502180075345,0.4344,0.34426540731781985,0.21782060043373538,0.26559904688598823,5000
196,3,evaluate,3.2550637888003,0.5164,0.39820139142723476,0.2576018008623579,0.31045077886692063,5000
196,4,evaluate,3.2550637888003,0.5164,0.39820139142723476,0.2576018008623579,0.31045077886692063,5000
196,5,evaluate,3.2550637888003,0.5164,0.39820139142723476,0.2576018008623579,0.31045077886692063,5000
197,0,evaluate,4.523590637158744,0.4368,0.34317940658903057,0.2189914706725508,0.2663626491198491,5000
197,1,evaluate,4.523590637158744,0.4368,0.34317940658903057,0.2189914706725508,0.2663626491198491,5000
197,2,evaluate,3.2354899569402766,0.515,0.3984122675283151,0.25677040505684545,0.3101141731933198,5000
197,3,evaluate,4.523590637158744,0.4368,0.34317940658903057,0.2189914706725508,0.2663626491198491,5000
197,4,evaluate,3.2354899569402766,0.515,0.3984122675283151,0.25677040505684545,0.3101141731933198,5000
197,5,evaluate,3.2354899569402766,0.515,0.3984122675283151,0.25677040505684545,0.3101141731933198,5000
198,0,evaluate,3.1984198908262615,0.5144,0.3958680350313223,0.2563164812766249,0.3092937281009251,5000
198,1,evaluate,3.1984198908262615,0.5144,0.3958680350313223,0.2563164812766249,0.3092937281009251,5000
198,2,evaluate,4.476653265047677,0.4346,0.34418015404583696,0.2177749216885605,0.2660584719303028,5000
198,3,evaluate,4.476653265047677,0.4346,0.34418015404583696,0.2177749216885605,0.2660584719303028,5000
198,4,evaluate,4.476653265047677,0.4346,0.34418015404583696,0.2177749216885605,0.2660584719303028,5000
198,5,evaluate,3.1984198908262615,0.5144,0.3958680350313223,0.2563164812766249,0.3092937281009251,5000
199,0,evaluate,3.1487134076371976,0.5198,0.39712265930323704,0.2588394618675113,0.31187848611641045,5000
199,1,evaluate,4.431080459039422,0.428,0.3457038878804616,0.21444498317642657,0.2640622119074048,5000
199,2,evaluate,3.1487134076371976,0.5198,0.39712265930323704,0.2588394618675113,0.31187848611641045,5000
199,3,evaluate,4.431080459039422,0.428,0.3457038878804616,0.21444498317642657,0.2640622119074048,5000
199,4,evaluate,4.431080459039422,0.428,0.3457038878804616,0.21444498317642657,0.2640622119074048,5000
199,5,evaluate,3.1487134076371976,0.5198,0.39712265930323704,0.2588394618675113,0.31187848611641045,5000
200,0,evaluate,4.39510242546661,0.421,0.34831280801659453,0.2108957488832305,0.26195630856033564,5000
200,1,evaluate,3.1215976914273034,0.5216,0.3950283692081021,0.2597668375399077,0.3121321318805487,5000
200,2,evaluate,3.1215976914273034,0.5216,0.3950283692081021,0.2597668375399077,0.3121321318805487,5000
200,3,evaluate,4.39510242546661,0.421,0.34831280801659453,0.2108957488832305,0.26195630856033564,5000
200,4,evaluate,4.39510242546661,0.421,0.34831280801659453,0.2108957488832305,0.26195630856033564,5000
200,5,evaluate,3.1215976914273034,0.5216,0.3950283692081021,0.2597668375399077,0.3121321318805487,5000
201,0,evaluate,4.361212289786037,0.4208,0.346579471699009,0.2107559055287688,0.26130859392498174,5000
201,1,evaluate,3.1446963231774827,0.5154,0.39444418923943475,0.25670570260756714,0.3094590397009289,5000
201,2,evaluate,4.361212289786037,0.4208,0.346579471699009,0.2107559055287688,0.26130859392498174,5000
201,3,evaluate,3.1446963231774827,0.5154,0.39444418923943475,0.25670570260756714,0.3094590397009289,5000
201,4,evaluate,3.1446963231774827,0.5154,0.39444418923943475,0.25670570260756714,0.3094590397009289,5000
201,5,evaluate,4.361212289786037,0.4208,0.346579471699009,0.2107559055287688,0.26130859392498174,5000
202,0,evaluate,3.1704254361647592,0.5136,0.3930212080469401,0.2557446382228322,0.30824258715575603,5000
202,1,evaluate,4.2985268484188035,0.4196,0.34561375776238995,0.2101163149246385,0.2606033160050255,5000
202,2,evaluate,4.2985268484188035,0.4196,0.34561375776238995,0.2101163149246385,0.2606033160050255,5000
202,3,evaluate,4.2985268484188035,0.4196,0.34561375776238995,0.2101163149246385,0.2606033160050255,5000
202,4,evaluate,3.1704254361647592,0.5136,0.3930212080469401,0.2557446382228322,0.30824258715575603,5000
202,5,evaluate,3.1704254361647592,0.5136,0.3930212080469401,0.2557446382228322,0.30824258715575603,5000
203,0,evaluate,3.1879631356347966,0.5166,0.39263573698441695,0.2572932484838019,0.3093568704473079,5000
203,1,evaluate,3.1879631356347966,0.5166,0.39263573698441695,0.2572932484838019,0.3093568704473079,5000
203,2,evaluate,4.26034399225742,0.4252,0.3459368053208911,0.21289855866455593,0.2630445146116747,5000
203,3,evaluate,3.1879631356347966,0.5166,0.39263573698441695,0.2572932484838019,0.3093568704473079,5000
203,4,evaluate,4.26034399225742,0.4252,0.3459368053208911,0.21289855866455593,0.2630445146116747,5000
203,5,evaluate,4.26034399225742,0.4252,0.3459368053208911,0.21289855866455593,0.2630445146116747,5000
204,0,evaluate,4.239932199067708,0.4328,0.34622357888019695,0.21668946246188253,0.2662377346913694,5000
204,1,evaluate,3.20436594456057,0.517,0.3926981443960229,0.2574369206131186,0.30953959707094075,5000
204,2,evaluate,4.239932199067708,0.4328,0.34622357888019695,0.21668946246188253,0.2662377346913694,5000
204,3,evaluate,4.239932199067708,0.4328,0.34622357888019695,0.21668946246188253,0.2662377346913694,5000
204,4,evaluate,3.20436594456057,0.517,0.3926981443960229,0.2574369206131186,0.30953959707094075,5000
204,5,evaluate,3.20436594456057,0.517,0.3926981443960229,0.2574369206131186,0.30953959707094075,5000
205,0,evaluate,3.2246601973907856,0.5136,0.3925202252645651,0.2558463208521767,0.3082119604599033,5000
205,1,evaluate,3.2246601973907856,0.5136,0.3925202252645651,0.2558463208521767,0.3082119604599033,5000
205,2,evaluate,4.234964585002465,0.4366,0.3464300660326397,0.21867687214287748,0.2677632284861537,5000
205,3,evaluate,4.234964585002465,0.4366,0.3464300660326397,0.21867687214287748,0.2677632284861537,5000
205,4,evaluate,4.234964585002465,0.4366,0.3464300660326397,0.21867687214287748,0.2677632284861537,5000
205,5,evaluate,3.2246601973907856,0.5136,0.3925202252645651,0.2558463208521767,0.3082119604599033,5000
206,0,evaluate,3.2380551446842243,0.5192,0.3968688162819676,0.25862440285188265,0.3115565319719052,5000
206,1,evaluate,4.2657026188283025,0.4404,0.34722791813824366,0.22065181580730667,0.26917083149386334,5000
206,2,evaluate,3.2380551446842243,0.5192,0.3968688162819676,0.25862440285188265,0.3115565319719052,5000
206,3,evaluate,4.2657026188283025,0.4404,0.34722791813824366,0.22065181580730667,0.26917083149386334,5000
206,4,evaluate,3.2380551446842243,0.5192,0.3968688162819676,0.25862440285188265,0.3115565319719052,5000
206,5,evaluate,4.2657026188283025,0.4404,0.34722791813824366,0.22065181580730667,0.26917083149386334,5000
207,0,evaluate,3.228593725192396,0.5182,0.3960234975226934,0.2582900481759996,0.31063385650696757,5000
207,1,evaluate,3.228593725192396,0.5182,0.3960234975226934,0.2582900481759996,0.31063385650696757,5000
207,2,evaluate,4.273603895042516,0.4382,0.3456566268092029,0.21964291406523984,0.26755485437293686,5000
207,3,evaluate,4.273603895042516,0.4382,0.3456566268092029,0.21964291406523984,0.26755485437293686,5000
207,4,evaluate,3.228593725192396,0.5182,0.3960234975226934,0.2582900481759996,0.31063385650696757,5000
207,5,evaluate,4.273603895042516,0.4382,0.3456566268092029,0.21964291406523984,0.26755485437293686,5000
208,0,evaluate,3.215791205816631,0.5176,0.3958714026970412,0.2580119276913755,0.30982814097619504,5000
208,1,evaluate,4.290583308738999,0.4344,0.34332906351800596,0.21784505113837369,0.2650370933719563,5000
208,2,evaluate,3.215791205816631,0.5176,0.3958714026970412,0.2580119276913755,0.30982814097619504,5000
208,3,evaluate,4.290583308738999,0.4344,0.34332906351800596,0.21784505113837369,0.2650370933719563,5000
208,4,evaluate,4.290583308738999,0.4344,0.34332906351800596,0.21784505113837369,0.2650370933719563,5000
208,5,evaluate,3.215791205816631,0.5176,0.3958714026970412,0.2580119276913755,0.30982814097619504,5000
209,0,evaluate,3.2071369071550007,0.5178,0.39631643842101516,0.25811774201057824,0.3099636813119657,5000
209,1,evaluate,4.286771692807162,0.4328,0.341881820090746,0.21709647520235165,0.2640483737651328,5000
209,2,evaluate,3.2071369071550007,0.5178,0.39631643842101516,0.25811774201057824,0.3099636813119657,5000
209,3,evaluate,3.2071369071550007,0.5178,0.39631643842101516,0.25811774201057824,0.3099636813119657,5000
209,4,evaluate,4.286771692807162,0.4328,0.341881820090746,0.21709647520235165,0.2640483737651328,5000
209,5,evaluate,4.286771692807162,0.4328,0.341881820090746,0.21709647520235165,0.2640483737651328,5000
210,0,evaluate,4.249205700958831,0.437,0.34231602873490014,0.21917960351419788,0.2658655462980394,5000
210,1,evaluate,3.222876511042631,0.5128,0.3983870855152184,0.2556260729739338,0.309060006187609,5000
210,2,evaluate,3.222876511042631,0.5128,0.3983870855152184,0.2556260729739338,0.309060006187609,5000
210,3,evaluate,4.249205700958831,0.437,0.34231602873490014,0.21917960351419788,0.2658655462980394,5000
210,4,evaluate,3.222876511042631,0.5128,0.3983870855152184,0.2556260729739338,0.309060006187609,5000
210,5,evaluate,4.249205700958831,0.437,0.34231602873490014,0.21917960351419788,0.2658655462980394,5000
211,0,evaluate,3.2560593282120136,0.51,0.3979991984244201,0.25422576446754797,0.30853645065037694,5000
211,1,evaluate,3.2560593282120136,0.51,0.3979991984244201,0.25422576446754797,0.30853645065037694,5000
211,2,evaluate,4.24372085438499,0.4426,0.3431275351081887,0.22193838947607306,0.2682252081173906,5000
211,3,evaluate,3.2560593282120136,0.51,0.3979991984244201,0.25422576446754797,0.30853645065037694,5000
211,4,evaluate,4.24372085438499,0.4426,0.3431275351081887,0.22193838947607306,0.2682252081173906,5000
211,5,evaluate,4.24372085438499,0.4426,0.3431275351081887,0.22193838947607306,0.2682252081173906,5000
212,0,evaluate,4.230664452420005,0.4454,0.3427154708021725,0.22329201147478456,0.2692236526005304,5000
212,1,evaluate,3.2919998742357084,0.5056,0.39815308437315294,0.25191404966515885,0.3073204099545901,5000
212,2,evaluate,4.230664452420005,0.4454,0.3427154708021725,0.22329201147478456,0.2692236526005304,5000
212,3,evaluate,3.2919998742357084,0.5056,0.39815308437315294,0.25191404966515885,0.3073204099545901,5000
212,4,evaluate,4.230664452420005,0.4454,0.3427154708021725,0.22329201147478456,0.2692236526005304,5000
212,5,evaluate,3.2919998742357084,0.5056,0.39815308437315294,0.25191404966515885,0.3073204099545901,5000
213,0,evaluate,4.260695424260972,0.4444,0.3432575697318101,0.2227169430481704,0.26889125161263616,5000
213,1,evaluate,4.260695424260972,0.4444,0.3432575697318101,0.2227169430481704,0.26889125161263616,5000
213,2,evaluate,3.324230003960525,0.5056,0.3986033713931677,0.2517677567397998,0.3074063932545435,5000
213,3,evaluate,3.324230003960525,0.5056,0.3986033713931677,0.2517677567397998,0.3074063932545435,5000
213,4,evaluate,3.324230003960525,0.5056,0.3986033713931677,0.2517677567397998,0.3074063932545435,5000
213,5,evaluate,4.260695424260972,0.4444,0.3432575697318101,0.2227169430481704,0.26889125161263616,5000
214,0,evaluate,3.3554941943929166,0.5048,0.3997298760211198,0.25123463731510615,0.3071683960505741,5000
214,1,evaluate,4.291878561430339,0.4394,0.34174777599394485,0.22021270298684636,0.2664088416552511,5000
214,2,evaluate,4.291878561430339,0.4394,0.34174777599394485,0.22021270298684636,0.2664088416552511,5000
214,3,evaluate,3.3554941943929166,0.5048,0.3997298760211198,0.25123463731510615,0.3071683960505741,5000
214,4,evaluate,3.3554941943929166,0.5048,0.3997298760211198,0.25123463731510615,0.3071683960505741,5000
214,5,evaluate,4.291878561430339,0.4394,0.34174777599394485,0.22021270298684636,0.2664088416552511,5000
215,0,evaluate,4.31248665761344,0.4376,0.34187128659517096,0.21937509337812133,0.2658349987839719,5000
215,1,evaluate,3.3666118307958675,0.5066,0.40316986241635167,0.25196024796264177,0.30868985584229375,5000
215,2,evaluate,3.3666118307958675,0.5066,0.40316986241635167,0.25196024796264177,0.30868985584229375,5000
215,3,evaluate,4.31248665761344,0.4376,0.34187128659517096,0.21937509337812133,0.2658349987839719,5000
215,4,evaluate,4.31248665761344,0.4376,0.34187128659517096,0.21937509337812133,0.2658349987839719,5000
215,5,evaluate,3.3666118307958675,0.5066,0.40316986241635167,0.25196024796264177,0.30868985584229375,5000
216,0,evaluate,3.371409093277364,0.507,0.403843708613007,0.2520529552245189,0.3086042614812169,5000
216,1,evaluate,4.285661881483054,0.4388,0.34121699865750243,0.2200976764090788,0.2662627162405921,5000
216,2,evaluate,4.285661881483054,0.4388,0.34121699865750243,0.2200976764090788,0.2662627162405921,5000
216,3,evaluate,3.371409093277364,0.507,0.403843708613007,0.2520529552245189,0.3086042614812169,5000
216,4,evaluate,4.285661881483054,0.4388,0.34121699865750243,0.2200976764090788,0.2662627162405921,5000
216,5,evaluate,3.371409093277364,0.507,0.403843708613007,0.2520529552245189,0.3086042614812169,5000
217,0,evaluate,4.287546948541569,0.4404,0.34174272808675166,0.22090701682980649,0.26712269590816706,5000
217,1,evaluate,3.3688310460199284,0.508,0.40199712178242325,0.25265008385835525,0.3083527807712322,5000
217,2,evaluate,3.3688310460199284,0.508,0.40199712178242325,0.25265008385835525,0.3083527807712322,5000
217,3,evaluate,3.3688310460199284,0.508,0.40199712178242325,0.25265008385835525,0.3083527807712322,5000
217,4,evaluate,4.287546948541569,0.4404,0.34174272808675166,0.22090701682980649,0.26712269590816706,5000
217,5,evaluate,4.287546948541569,0.4404,0.34174272808675166,0.22090701682980649,0.26712269590816706,5000
218,0,evaluate,3.3515696495394165,0.5028,0.39783156251454177,0.25025403628797377,0.3051601229948629,5000
218,1,evaluate,3.3515696495394165,0.5028,0.39783156251454177,0.25025403628797377,0.3051601229948629,5000
218,2,evaluate,4.264289768436287,0.4378,0.34210631102772093,0.21963345121875638,0.26620060350748503,5000
218,3,evaluate,4.264289768436287,0.4378,0.34210631102772093,0.21963345121875638,0.26620060350748503,5000
218,4,evaluate,4.264289768436287,0.4378,0.34210631102772093,0.21963345121875638,0.26620060350748503,5000
218,5,evaluate,3.3515696495394165,0.5028,0.39783156251454177,0.25025403628797377,0.3051601229948629,5000
219,0,evaluate,4.263651325732847,0.439,0.34315880153641076,0.22015055705892417,0.2670780364338273,5000
219,1,evaluate,4.263651325732847,0.439,0.34315880153641076,0.22015055705892417,0.2670780364338273,5000
219,2,evaluate,3.323490797718869,0.5014,0.39596978067789806,0.2496279363818738,0.3039656488385446,5000
219,3,evaluate,3.323490797718869,0.5014,0.39596978067789806,0.2496279363818738,0.3039656488385446,5000
219,4,evaluate,3.323490797718869,0.5014,0.39596978067789806,0.2496279363818738,0.3039656488385446,5000
219,5,evaluate,4.263651325732847,0.439,0.34315880153641076,0.22015055705892417,0.2670780364338273,5000
220,0,evaluate,3.3165631279160706,0.4996,0.39544647224089324,0.24885130610787848,0.30313675982854954,5000
220,1,evaluate,4.28498946564107,0.44,0.3450834310376287,0.22063558184870763,0.2680687228802368,5000
220,2,evaluate,3.3165631279160706,0.4996,0.39544647224089324,0.24885130610787848,0.30313675982854954,5000
220,3,evaluate,4.28498946564107,0.44,0.3450834310376287,0.22063558184870763,0.2680687228802368,5000
220,4,evaluate,4.28498946564107,0.44,0.3450834310376287,0.22063558184870763,0.2680687228802368,5000
220,5,evaluate,3.3165631279160706,0.4996,0.39544647224089324,0.24885130610787848,0.30313675982854954,5000
221,0,evaluate,3.314846274218982,0.5036,0.3955707860298151,0.2509825647741971,0.3048019703132255,5000
221,1,evaluate,4.324786243559439,0.4388,0.3453120556451331,0.2200214578095349,0.26768460124960186,5000
221,2,evaluate,4.324786243559439,0.4388,0.3453120556451331,0.2200214578095349,0.26768460124960186,5000
221,3,evaluate,4.324786243559439,0.4388,0.3453120556451331,0.2200214578095349,0.26768460124960186,5000
221,4,evaluate,3.314846274218982,0.5036,0.3955707860298151,0.2509825647741971,0.3048019703132255,5000
221,5,evaluate,3.314846274218982,0.5036,0.3955707860298151,0.2509825647741971,0.3048019703132255,5000
222,0,evaluate,4.330767166765431,0.4406,0.3479149826786497,0.22090899834548067,0.26914251462240385,5000
222,1,evaluate,3.3176666724530954,0.5068,0.3962230733618446,0.2527513545405511,0.3068215040313898,5000
222,2,evaluate,4.330767166765431,0.4406,0.3479149826786497,0.22090899834548067,0.26914251462240385,5000
222,3,evaluate,3.3176666724530954,0.5068,0.3962230733618446,0.2527513545405511,0.3068215040313898,5000
222,4,evaluate,4.330767166765431,0.4406,0.3479149826786497,0.22090899834548067,0.26914251462240385,5000
222,5,evaluate,3.3176666724530954,0.5068,0.3962230733618446,0.2527513545405511,0.3068215040313898,5000
223,0,evaluate,4.35278809221485,0.4382,0.3457573387863135,0.21964259490229954,0.26766099339459143,5000
223,1,evaluate,3.3000454495224774,0.5112,0.3967626982175071,0.2551049837832803,0.3090582301647654,5000
223,2,evaluate,4.35278809221485,0.4382,0.3457573387863135,0.21964259490229954,0.26766099339459143,5000
223,3,evaluate,3.3000454495224774,0.5112,0.3967626982175071,0.2551049837832803,0.3090582301647654,5000
223,4,evaluate,4.35278809221485,0.4382,0.3457573387863135,0.21964259490229954,0.26766099339459143,5000
223,5,evaluate,3.3000454495224774,0.5112,0.3967626982175071,0.2551049837832803,0.3090582301647654,5000
224,0,evaluate,3.2675165948988516,0.51,0.39737935104611977,0.2547207227638747,0.30958834204299696,5000
224,1,evaluate,4.354874571667442,0.4388,0.34662216448979716,0.2199003043347137,0.26806031239574174,5000
224,2,evaluate,4.354874571667442,0.4388,0.34662216448979716,0.2199003043347137,0.26806031239574174,5000
224,3,evaluate,3.2675165948988516,0.51,0.39737935104611977,0.2547207227638747,0.30958834204299696,5000
224,4,evaluate,3.2675165948988516,0.51,0.39737935104611977,0.2547207227638747,0.30958834204299696,5000
224,5,evaluate,4.354874571667442,0.4388,0.34662216448979716,0.2199003043347137,0.26806031239574174,5000
225,0,evaluate,3.1954982989951026,0.5172,0.39736787419556563,0.2585491465506931,0.31254111736258117,5000
225,1,evaluate,3.1954982989951026,0.5172,0.39736787419556563,0.2585491465506931,0.31254111736258117,5000
225,2,evaluate,3.1954982989951026,0.5172,0.39736787419556563,0.2585491465506931,0.31254111736258117,5000
225,3,evaluate,4.363119620311109,0.4286,0.3445960675405259,0.21475674906114572,0.26355975235620505,5000
225,4,evaluate,4.363119620311109,0.4286,0.3445960675405259,0.21475674906114572,0.26355975235620505,5000
225,5,evaluate,4.363119620311109,0.4286,0.3445960675405259,0.21475674906114572,0.26355975235620505,5000
226,0,evaluate,4.399190012412735,0.4248,0.3456852973897238,0.21289081553348002,0.2621112454157179,5000
226,1,evaluate,4.399190012412735,0.4248,0.3456852973897238,0.21289081553348002,0.2621112454157179,5000
226,2,evaluate,4.399190012412735,0.4248,0.3456852973897238,0.21289081553348002,0.2621112454157179,5000
226,3,evaluate,3.1512608558316773,0.5274,0.3986886218078644,0.2634236345946014,0.3166019542612458,5000
226,4,evaluate,3.1512608558316773,0.5274,0.3986886218078644,0.2634236345946014,0.3166019542612458,5000
226,5,evaluate,3.1512608558316773,0.5274,0.3986886218078644,0.2634236345946014,0.3166019542612458,5000
227,0,evaluate,4.39494936677474,0.424,0.34804910770127406,0.212456919478958,0.2624285948025483,5000
227,1,evaluate,3.148923608321178,0.5312,0.39923869784286153,0.2652327025872408,0.3181062850114562,5000
227,2,evaluate,4.39494936677474,0.424,0.34804910770127406,0.212456919478958,0.2624285948025483,5000
227,3,evaluate,4.39494936677474,0.424,0.34804910770127406,0.212456919478958,0.2624285948025483,5000
227,4,evaluate,3.148923608321178,0.5312,0.39923869784286153,0.2652327025872408,0.3181062850114562,5000
227,5,evaluate,3.148923608321178,0.5312,0.39923869784286153,0.2652327025872408,0.3181062850114562,5000
228,0,evaluate,3.1714200264290917,0.5272,0.39788386736551684,0.2630660684118889,0.31593224325810537,5000
228,1,evaluate,4.378327752970442,0.423,0.3469683522149573,0.2119891606485742,0.2617589831493846,5000
228,2,evaluate,3.1714200264290917,0.5272,0.39788386736551684,0.2630660684118889,0.31593224325810537,5000
228,3,evaluate,4.378327752970442,0.423,0.3469683522149573,0.2119891606485742,0.2617589831493846,5000
228,4,evaluate,3.1714200264290917,0.5272,0.39788386736551684,0.2630660684118889,0.31593224325810537,5000
228,5,evaluate,4.378327752970442,0.423,0.3469683522149573,0.2119891606485742,0.2617589831493846,5000
229,0,evaluate,4.333254732663119,0.43,0.3472031145262132,0.215531574446186,0.26465645120207126,5000
229,1,evaluate,4.333254732663119,0.43,0.3472031145262132,0.215531574446186,0.26465645120207126,5000
229,2,evaluate,4.333254732663119,0.43,0.3472031145262132,0.215531574446186,0.26465645120207126,5000
229,3,evaluate,3.209551349470887,0.5184,0.40084369915206974,0.25866309434085305,0.31325190772519046,5000
229,4,evaluate,3.209551349470887,0.5184,0.40084369915206974,0.25866309434085305,0.31325190772519046,5000
229,5,evaluate,3.209551349470887,0.5184,0.40084369915206974,0.25866309434085305,0.31325190772519046,5000
230,0,evaluate,3.2275002998641775,0.5182,0.4009580675279838,0.2584371466954426,0.3124964391108235,5000
230,1,evaluate,4.334623306612425,0.431,0.3461644337937736,0.21606126213491042,0.26485740222408466,5000
230,2,evaluate,4.334623306612425,0.431,0.3461644337937736,0.21606126213491042,0.26485740222408466,5000
230,3,evaluate,3.2275002998641775,0.5182,0.4009580675279838,0.2584371466954426,0.3124964391108235,5000
230,4,evaluate,4.334623306612425,0.431,0.3461644337937736,0.21606126213491042,0.26485740222408466,5000
230,5,evaluate,3.2275002998641775,0.5182,0.4009580675279838,0.2584371466954426,0.3124964391108235,5000
231,0,evaluate,3.2694002540805673,0.5166,0.40029431312544234,0.2575413674711443,0.3111480482285934,5000
231,1,evaluate,4.350761980950078,0.4344,0.3444928169326108,0.2178554304933388,0.2656537327189138,5000
231,2,evaluate,4.350761980950078,0.4344,0.3444928169326108,0.2178554304933388,0.2656537327189138,5000
231,3,evaluate,4.350761980950078,0.4344,0.3444928169326108,0.2178554304933388,0.2656537327189138,5000
231,4,evaluate,3.2694002540805673,0.5166,0.40029431312544234,0.2575413674711443,0.3111480482285934,5000
231,5,evaluate,3.2694002540805673,0.5166,0.40029431312544234,0.2575413674711443,0.3111480482285934,5000
232,0,evaluate,4.357609715642808,0.4386,0.34232929331443274,0.22001580219770994,0.2663712673973726,5000
232,1,evaluate,4.357609715642808,0.4386,0.34232929331443274,0.22001580219770994,0.2663712673973726,5000
232,2,evaluate,3.291835996169078,0.511,0.3996874268072931,0.25478984577620795,0.3085356297015248,5000
232,3,evaluate,4.357609715642808,0.4386,0.34232929331443274,0.22001580219770994,0.2663712673973726,5000
232,4,evaluate,3.291835996169078,0.511,0.3996874268072931,0.25478984577620795,0.3085356297015248,5000
232,5,evaluate,3.291835996169078,0.511,0.3996874268072931,0.25478984577620795,0.3085356297015248,5000
233,0,evaluate,3.296323715885983,0.5106,0.39963640724193317,0.25473506069712404,0.30843838613948255,5000
233,1,evaluate,3.296323715885983,0.5106,0.39963640724193317,0.25473506069712404,0.30843838613948255,5000
233,2,evaluate,4.388278484344482,0.4432,0.34234974016625397,0.22234471907832026,0.2679650002009151,5000
233,3,evaluate,4.388278484344482,0.4432,0.34234974016625397,0.22234471907832026,0.2679650002009151,5000
233,4,evaluate,4.388278484344482,0.4432,0.34234974016625397,0.22234471907832026,0.2679650002009151,5000
233,5,evaluate,3.296323715885983,0.5106,0.39963640724193317,0.25473506069712404,0.30843838613948255,5000
234,0,evaluate,4.483255322975449,0.4376,0.3418420374250307,0.21960729145186564,0.2655506004776288,5000
234,1,evaluate,3.289586215079585,0.5142,0.4004502418135899,0.2565275594912428,0.31039766562222826,5000
234,2,evaluate,3.289586215079585,0.5142,0.4004502418135899,0.2565275594912428,0.31039766562222826,5000
234,3,evaluate,4.483255322975449,0.4376,0.3418420374250307,0.21960729145186564,0.2655506004776288,5000
234,4,evaluate,3.289586215079585,0.5142,0.4004502418135899,0.2565275594912428,0.31039766562222826,5000
234,5,evaluate,4.483255322975449,0.4376,0.3418420374250307,0.21960729145186564,0.2655506004776288,5000
235,0,evaluate,4.579564378231386,0.4368,0.34338540442395415,0.21921115854220768,0.2658491470236966,5000
235,1,evaluate,4.579564378231386,0.4368,0.34338540442395415,0.21921115854220768,0.2658491470236966,5000
235,2,evaluate,3.322249255602873,0.517,0.3983497656678724,0.2580016760747876,0.3110990315344316,5000
235,3,evaluate,3.322249255602873,0.517,0.3983497656678724,0.2580016760747876,0.3110990315344316,5000
235,4,evaluate,4.579564378231386,0.4368,0.34338540442395415,0.21921115854220768,0.2658491470236966,5000
235,5,evaluate,3.322249255602873,0.517,0.3983497656678724,0.2580016760747876,0.3110990315344316,5000
236,0,evaluate,4.6592630826974215,0.4332,0.3432845793581601,0.21732961346826615,0.26479843160090044,5000
236,1,evaluate,4.6592630826974215,0.4332,0.3432845793581601,0.21732961346826615,0.26479843160090044,5000
236,2,evaluate,3.3688104575193383,0.5222,0.3982873631763925,0.2605747673428264,0.3133292864250877,5000
236,3,evaluate,3.3688104575193383,0.5222,0.3982873631763925,0.2605747673428264,0.3133292864250877,5000
236,4,evaluate,4.6592630826974215,0.4332,0.3432845793581601,0.21732961346826615,0.26479843160090044,5000
236,5,evaluate,3.3688104575193383,0.5222,0.3982873631763925,0.2605747673428264,0.3133292864250877,5000
237,0,evaluate,3.410917502415331,0.5254,0.3996567343216376,0.2620773397204186,0.31506040343934705,5000
237,1,evaluate,4.6930169002919255,0.4346,0.34518716730767823,0.21795057117408584,0.2660641444436198,5000
237,2,evaluate,4.6930169002919255,0.4346,0.34518716730767823,0.21795057117408584,0.2660641444436198,5000
237,3,evaluate,3.410917502415331,0.5254,0.3996567343216376,0.2620773397204186,0.31506040343934705,5000
237,4,evaluate,3.410917502415331,0.5254,0.3996567343216376,0.2620773397204186,0.31506040343934705,5000
237,5,evaluate,4.6930169002919255,0.4346,0.34518716730767823,0.21795057117408584,0.2660641444436198,5000
238,0,evaluate,3.3887635635424265,0.5258,0.39826701644106205,0.2622405189382117,0.31506273643121396,5000
238,1,evaluate,4.657635788374309,0.43,0.3450341411180889,0.2155806110122039,0.2642340738206217,5000
238,2,evaluate,3.3887635635424265,0.5258,0.39826701644106205,0.2622405189382117,0.31506273643121396,5000
238,3,evaluate,3.3887635635424265,0.5258,0.39826701644106205,0.2622405189382117,0.31506273643121396,5000
238,4,evaluate,4.657635788374309,0.43,0.3450341411180889,0.2155806110122039,0.2642340738206217,5000
238,5,evaluate,4.657635788374309,0.43,0.3450341411180889,0.2155806110122039,0.2642340738206217,5000
239,0,evaluate,4.585171512410611,0.43,0.3476656683987807,0.21543934581415355,0.26522761045237475,5000
239,1,evaluate,3.3648367350614525,0.5252,0.3974842645273887,0.26191612885334,0.314718334912906,5000
239,2,evaluate,4.585171512410611,0.43,0.3476656683987807,0.21543934581415355,0.26522761045237475,5000
239,3,evaluate,3.3648367350614525,0.5252,0.3974842645273887,0.26191612885334,0.314718334912906,5000
239,4,evaluate,3.3648367350614525,0.5252,0.3974842645273887,0.26191612885334,0.314718334912906,5000
239,5,evaluate,4.585171512410611,0.43,0.3476656683987807,0.21543934581415355,0.26522761045237475,5000
240,0,evaluate,3.3344446662106093,0.5224,0.395730529869014,0.26038358371933457,0.3129518527671601,5000
240,1,evaluate,4.511942465094071,0.4304,0.3476494041134322,0.215543783017983,0.2654434215800006,5000
240,2,evaluate,3.3344446662106093,0.5224,0.395730529869014,0.26038358371933457,0.3129518527671601,5000
240,3,evaluate,3.3344446662106093,0.5224,0.395730529869014,0.26038358371933457,0.3129518527671601,5000
240,4,evaluate,4.511942465094071,0.4304,0.3476494041134322,0.215543783017983,0.2654434215800006,5000
240,5,evaluate,4.511942465094071,0.4304,0.3476494041134322,0.215543783017983,0.2654434215800006,5000
241,0,evaluate,4.432327276543726,0.4342,0.34863906851815946,0.21740873903150804,0.26731695465464683,5000
241,1,evaluate,4.432327276543726,0.4342,0.34863906851815946,0.21740873903150804,0.26731695465464683,5000
241,2,evaluate,4.432327276543726,0.4342,0.34863906851815946,0.21740873903150804,0.26731695465464683,5000
241,3,evaluate,3.3019936990134324,0.5214,0.3962482581881419,0.25971247056920577,0.3125147301166298,5000
241,4,evaluate,3.3019936990134324,0.5214,0.3962482581881419,0.25971247056920577,0.3125147301166298,5000
241,5,evaluate,3.3019936990134324,0.5214,0.3962482581881419,0.25971247056920577,0.3125147301166298,5000
242,0,evaluate,3.290368937238862,0.5146,0.3943385496367082,0.2562552596440066,0.30931473687652583,5000
242,1,evaluate,4.370257869551454,0.4392,0.34984948011969913,0.21988372049822033,0.26958335470719275,5000
242,2,evaluate,4.370257869551454,0.4392,0.34984948011969913,0.21988372049822033,0.26958335470719275,5000
242,3,evaluate,3.290368937238862,0.5146,0.3943385496367082,0.2562552596440066,0.30931473687652583,5000
242,4,evaluate,3.290368937238862,0.5146,0.3943385496367082,0.2562552596440066,0.30931473687652583,5000
242,5,evaluate,4.370257869551454,0.4392,0.34984948011969913,0.21988372049822033,0.26958335470719275,5000
243,0,evaluate,3.287701229505901,0.5104,0.39578777830042544,0.25408251952466143,0.307959199787911,5000
243,1,evaluate,3.287701229505901,0.5104,0.39578777830042544,0.25408251952466143,0.307959199787911,5000
243,2,evaluate,3.287701229505901,0.5104,0.39578777830042544,0.25408251952466143,0.307959199787911,5000
243,3,evaluate,4.312196164191524,0.4398,0.3478614714017924,0.22026141934202367,0.2692332700112943,5000
243,4,evaluate,4.312196164191524,0.4398,0.3478614714017924,0.22026141934202367,0.2692332700112943,5000
243,5,evaluate,4.312196164191524,0.4398,0.3478614714017924,0.22026141934202367,0.2692332700112943,5000
244,0,evaluate,3.308265406874162,0.5052,0.3947938494638846,0.25149097078818833,0.3055441622531581,5000
244,1,evaluate,3.308265406874162,0.5052,0.3947938494638846,0.25149097078818833,0.3055441622531581,5000
244,2,evaluate,4.28742954700808,0.4426,0.34681296464649897,0.22173332422575945,0.26987201170231295,5000
244,3,evaluate,4.28742954700808,0.4426,0.34681296464649897,0.22173332422575945,0.26987201170231295,5000
244,4,evaluate,4.28742954700808,0.4426,0.34681296464649897,0.22173332422575945,0.26987201170231295,5000
244,5,evaluate,3.308265406874162,0.5052,0.3947938494638846,0.25149097078818833,0.3055441622531581,5000
245,0,evaluate,3.3460447124288053,0.5006,0.39616991519901473,0.24933300208994758,0.3040113453097327,5000
245,1,evaluate,4.2631027577798575,0.4436,0.34543936508650747,0.2224159020607402,0.2695718908198833,5000
245,2,evaluate,4.2631027577798575,0.4436,0.34543936508650747,0.2224159020607402,0.2695718908198833,5000
245,3,evaluate,3.3460447124288053,0.5006,0.39616991519901473,0.24933300208994758,0.3040113453097327,5000
245,4,evaluate,3.3460447124288053,0.5006,0.39616991519901473,0.24933300208994758,0.3040113453097327,5000
245,5,evaluate,4.2631027577798575,0.4436,0.34543936508650747,0.2224159020607402,0.2695718908198833,5000
246,0,evaluate,3.372402025174491,0.5012,0.3976355740737195,0.24966268218957785,0.3042577378118468,5000
246,1,evaluate,3.372402025174491,0.5012,0.3976355740737195,0.24966268218957785,0.3042577378118468,5000
246,2,evaluate,4.279602977293957,0.4484,0.3487605895215916,0.2249164098265552,0.27206481984035047,5000
246,3,evaluate,4.279602977293957,0.4484,0.3487605895215916,0.2249164098265552,0.27206481984035047,5000
246,4,evaluate,3.372402025174491,0.5012,0.3976355740737195,0.24966268218957785,0.3042577378118468,5000
246,5,evaluate,4.279602977293957,0.4484,0.3487605895215916,0.2249164098265552,0.27206481984035047,5000
247,0,evaluate,4.350435715687426,0.4442,0.3473663451648551,0.22290180569145615,0.26975992690372647,5000
247,1,evaluate,4.350435715687426,0.4442,0.3473663451648551,0.22290180569145615,0.26975992690372647,5000
247,2,evaluate,4.350435715687426,0.4442,0.3473663451648551,0.22290180569145615,0.26975992690372647,5000
247,3,evaluate,3.3814135518255113,0.503,0.3983729887725233,0.25060596235961896,0.3049919414035296,5000
247,4,evaluate,3.3814135518255113,0.503,0.3983729887725233,0.25060596235961896,0.3049919414035296,5000
247,5,evaluate,3.3814135518255113,0.503,0.3983729887725233,0.25060596235961896,0.3049919414035296,5000
248,0,evaluate,4.423928103869474,0.439,0.349383364235127,0.22024402881704921,0.2685880425184061,5000
248,1,evaluate,4.423928103869474,0.439,0.349383364235127,0.22024402881704921,0.2685880425184061,5000
248,2,evaluate,3.3559834881673885,0.5104,0.39693219803132457,0.2542408211317946,0.30715570739637166,5000
248,3,evaluate,3.3559834881673885,0.5104,0.39693219803132457,0.2542408211317946,0.30715570739637166,5000
248,4,evaluate,3.3559834881673885,0.5104,0.39693219803132457,0.2542408211317946,0.30715570739637166,5000
248,5,evaluate,4.423928103869474,0.439,0.349383364235127,0.22024402881704921,0.2685880425184061,5000
249,0,evaluate,4.482812627961364,0.4308,0.3482433172291571,0.21610897195578233,0.2651399412354078,5000
249,1,evaluate,4.482812627961364,0.4308,0.3482433172291571,0.21610897195578233,0.2651399412354078,5000
249,2,evaluate,4.482812627961364,0.4308,0.3482433172291571,0.21610897195578233,0.2651399412354078,5000
249,3,evaluate,3.334354249736931,0.514,0.3967454143047467,0.2559592704999026,0.3081674263820938,5000
249,4,evaluate,3.334354249736931,0.514,0.3967454143047467,0.2559592704999026,0.3081674263820938,5000
249,5,evaluate,3.334354249736931,0.514,0.3967454143047467,0.2559592704999026,0.3081674263820938,5000
250,0,evaluate,4.490648465820506,0.4258,0.3475104266441949,0.21348676368614866,0.2631909392146243,5000
250,1,evaluate,3.3041366474537908,0.5168,0.3968769022080112,0.2573215395081587,0.3094973985272495,5000
250,2,evaluate,4.490648465820506,0.4258,0.3475104266441949,0.21348676368614866,0.2631909392146243,5000
250,3,evaluate,3.3041366474537908,0.5168,0.3968769022080112,0.2573215395081587,0.3094973985272495,5000
250,4,evaluate,4.490648465820506,0.4258,0.3475104266441949,0.21348676368614866,0.2631909392146243,5000
250,5,evaluate,3.3041366474537908,0.5168,0.3968769022080112,0.2573215395081587,0.3094973985272495,5000
251,0,evaluate,4.442921499662761,0.427,0.34663508514788377,0.21397753563629474,0.2635601123332475,5000
251,1,evaluate,4.442921499662761,0.427,0.34663508514788377,0.21397753563629474,0.2635601123332475,5000
251,2,evaluate,3.2681025251557556,0.5194,0.40037609983602207,0.25865341693206034,0.3122152491909792,5000
251,3,evaluate,3.2681025251557556,0.5194,0.40037609983602207,0.25865341693206034,0.3122152491909792,5000
251,4,evaluate,4.442921499662761,0.427,0.34663508514788377,0.21397753563629474,0.2635601123332475,5000
251,5,evaluate,3.2681025251557556,0.5194,0.40037609983602207,0.25865341693206034,0.3122152491909792,5000
252,0,evaluate,4.383684831329539,0.4272,0.3438384762019605,0.21401170112882656,0.26317201118534417,5000
252,1,evaluate,4.383684831329539,0.4272,0.3438384762019605,0.21401170112882656,0.26317201118534417,5000
252,2,evaluate,3.2561638596691664,0.5188,0.4025962522223535,0.2584231219216707,0.31327874419679125,5000
252,3,evaluate,4.383684831329539,0.4272,0.3438384762019605,0.21401170112882656,0.26317201118534417,5000
252,4,evaluate,3.2561638596691664,0.5188,0.4025962522223535,0.2584231219216707,0.31327874419679125,5000
252,5,evaluate,3.2561638596691664,0.5188,0.4025962522223535,0.2584231219216707,0.31327874419679125,5000
253,0,evaluate,3.262806976897807,0.506,0.4007972115184993,0.2524018347648134,0.3086675253983412,5000
253,1,evaluate,4.318903087060662,0.436,0.34540337171000113,0.21841592878033028,0.26717629027931633,5000
253,2,evaluate,3.262806976897807,0.506,0.4007972115184993,0.2524018347648134,0.3086675253983412,5000
253,3,evaluate,4.318903087060662,0.436,0.34540337171000113,0.21841592878033028,0.26717629027931633,5000
253,4,evaluate,3.262806976897807,0.506,0.4007972115184993,0.2524018347648134,0.3086675253983412,5000
253,5,evaluate,4.318903087060662,0.436,0.34540337171000113,0.21841592878033028,0.26717629027931633,5000
254,0,evaluate,4.288391007652765,0.4408,0.3461529433469412,0.2209149812530919,0.26914231132744154,5000
254,1,evaluate,3.2892964263505573,0.5026,0.4028081385772092,0.2509363125708294,0.3082770397370339,5000
254,2,evaluate,3.2892964263505573,0.5026,0.4028081385772092,0.2509363125708294,0.3082770397370339,5000
254,3,evaluate,3.2892964263505573,0.5026,0.4028081385772092,0.2509363125708294,0.3082770397370339,5000
254,4,evaluate,4.288391007652765,0.4408,0.3461529433469412,0.2209149812530919,0.26914231132744154,5000
254,5,evaluate,4.288391007652765,0.4408,0.3461529433469412,0.2209149812530919,0.26914231132744154,5000
255,0,evaluate,3.3116272853899607,0.4962,0.40011348018579157,0.24795229537346203,0.3051394954400145,5000
255,1,evaluate,4.292589226855507,0.4466,0.3471964485066069,0.22387409177541734,0.2714808803296002,5000
255,2,evaluate,3.3116272853899607,0.4962,0.40011348018579157,0.24795229537346203,0.3051394954400145,5000
255,3,evaluate,4.292589226855507,0.4466,0.3471964485066069,0.22387409177541734,0.2714808803296002,5000
255,4,evaluate,4.292589226855507,0.4466,0.3471964485066069,0.22387409177541734,0.2714808803296002,5000
255,5,evaluate,3.3116272853899607,0.4962,0.40011348018579157,0.24795229537346203,0.3051394954400145,5000
256,0,evaluate,3.3310028706924824,0.4902,0.4009591669473812,0.24499022822375044,0.3029541169149829,5000
256,1,evaluate,4.304244922686227,0.446,0.3425065611608261,0.22364583420602155,0.2695874162750652,5000
256,2,evaluate,3.3310028706924824,0.4902,0.4009591669473812,0.24499022822375044,0.3029541169149829,5000
256,3,evaluate,3.3310028706924824,0.4902,0.4009591669473812,0.24499022822375044,0.3029541169149829,5000
256,4,evaluate,4.304244922686227,0.446,0.3425065611608261,0.22364583420602155,0.2695874162750652,5000
256,5,evaluate,4.304244922686227,0.446,0.3425065611608261,0.22364583420602155,0.2695874162750652,5000
257,0,evaluate,4.355279907395568,0.449,0.3431584732596954,0.22516958075466112,0.2706627445660821,5000
257,1,evaluate,4.355279907395568,0.449,0.3431584732596954,0.22516958075466112,0.2706627445660821,5000
257,2,evaluate,3.3485390521303007,0.492,0.40142331559384614,0.24584547085801206,0.30358416142366307,5000
257,3,evaluate,3.3485390521303007,0.492,0.40142331559384614,0.24584547085801206,0.30358416142366307,5000
257,4,evaluate,3.3485390521303007,0.492,0.40142331559384614,0.24584547085801206,0.30358416142366307,5000
257,5,evaluate,4.355279907395568,0.449,0.3431584732596954,0.22516958075466112,0.2706627445660821,5000
258,0,evaluate,4.430370511887949,0.447,0.3453440609859346,0.224131274384927,0.27062873554181766,5000
258,1,evaluate,4.430370511887949,0.447,0.3453440609859346,0.224131274384927,0.27062873554181766,5000
258,2,evaluate,3.349901280825651,0.5008,0.40152346201505,0.24995760215105772,0.30647154038130964,5000
258,3,evaluate,4.430370511887949,0.447,0.3453440609859346,0.224131274384927,0.27062873554181766,5000
258,4,evaluate,3.349901280825651,0.5008,0.40152346201505,0.24995760215105772,0.30647154038130964,5000
258,5,evaluate,3.349901280825651,0.5008,0.40152346201505,0.24995760215105772,0.30647154038130964,5000
259,0,evaluate,4.547668559641778,0.4416,0.34748852456375356,0.22144481315117232,0.2691845692904714,5000
259,1,evaluate,4.547668559641778,0.4416,0.34748852456375356,0.22144481315117232,0.2691845692904714,5000
259,2,evaluate,3.3375480024120474,0.5142,0.40216547206974446,0.25631532192678386,0.31115496788155217,5000
259,3,evaluate,4.547668559641778,0.4416,0.34748852456375356,0.22144481315117232,0.2691845692904714,5000
259,4,evaluate,3.3375480024120474,0.5142,0.40216547206974446,0.25631532192678386,0.31115496788155217,5000
259,5,evaluate,3.3375480024120474,0.5142,0.40216547206974446,0.25631532192678386,0.31115496788155217,5000
260,0,evaluate,4.659561256819133,0.4364,0.3489932470556756,0.2188128729810131,0.2677739465319088,5000
260,1,evaluate,4.659561256819133,0.4364,0.3489932470556756,0.2188128729810131,0.2677739465319088,5000
260,2,evaluate,4.659561256819133,0.4364,0.3489932470556756,0.2188128729810131,0.2677739465319088,5000
260,3,evaluate,3.3411817822275283,0.5214,0.4013013017231109,0.2594792445771673,0.31277579550628154,5000
260,4,evaluate,3.3411817822275283,0.5214,0.4013013017231109,0.2594792445771673,0.31277579550628154,5000
260,5,evaluate,3.3411817822275283,0.5214,0.4013013017231109,0.2594792445771673,0.31277579550628154,5000
261,0,evaluate,3.379450684861292,0.5288,0.40063702756874087,0.26298672119299094,0.31493642802330496,5000
261,1,evaluate,4.781770956667164,0.426,0.3475980792130106,0.2136116477723348,0.2636279838420503,5000
261,2,evaluate,4.781770956667164,0.426,0.3475980792130106,0.2136116477723348,0.2636279838420503,5000
261,3,evaluate,4.781770956667164,0.426,0.3475980792130106,0.2136116477723348,0.2636279838420503,5000
261,4,evaluate,3.379450684861292,0.5288,0.40063702756874087,0.26298672119299094,0.31493642802330496,5000
261,5,evaluate,3.379450684861292,0.5288,0.40063702756874087,0.26298672119299094,0.31493642802330496,5000
262,0,evaluate,3.41227030150498,0.5292,0.39985057603405916,0.2630251740617286,0.31472033729180565,5000
262,1,evaluate,4.822340077991727,0.4254,0.34954605506897607,0.2132969054441182,0.264011155968391,5000
262,2,evaluate,4.822340077991727,0.4254,0.34954605506897607,0.2132969054441182,0.264011155968391,5000
262,3,evaluate,3.41227030150498,0.5292,0.39985057603405916,0.2630251740617286,0.31472033729180565,5000
262,4,evaluate,4.822340077991727,0.4254,0.34954605506897607,0.2132969054441182,0.264011155968391,5000
262,5,evaluate,3.41227030150498,0.5292,0.39985057603405916,0.2630251740617286,0.31472033729180565,5000
263,0,evaluate,4.829794657381275,0.4254,0.3501750664039404,0.21321832956175463,0.26434512481420913,5000
263,1,evaluate,3.439871679378461,0.529,0.39954997622910243,0.26289253090340053,0.31458490740302125,5000
263,2,evaluate,4.829794657381275,0.4254,0.3501750664039404,0.21321832956175463,0.26434512481420913,5000
263,3,evaluate,4.829794657381275,0.4254,0.3501750664039404,0.21321832956175463,0.26434512481420913,5000
263,4,evaluate,3.439871679378461,0.529,0.39954997622910243,0.26289253090340053,0.31458490740302125,5000
263,5,evaluate,3.439871679378461,0.529,0.39954997622910243,0.26289253090340053,0.31458490740302125,5000
264,0,evaluate,4.772856144965449,0.4256,0.35011313733095095,0.21334921064508525,0.26441311338524176,5000
264,1,evaluate,3.4290516648111464,0.526,0.3974745348138323,0.2614977470457539,0.3132389803990543,5000
264,2,evaluate,3.4290516648111464,0.526,0.3974745348138323,0.2614977470457539,0.3132389803990543,5000
264,3,evaluate,4.772856144965449,0.4256,0.35011313733095095,0.21334921064508525,0.26441311338524176,5000
264,4,evaluate,3.4290516648111464,0.526,0.3974745348138323,0.2614977470457539,0.3132389803990543,5000
264,5,evaluate,4.772856144965449,0.4256,0.35011313733095095,0.21334921064508525,0.26441311338524176,5000
265,0,evaluate,4.647652650181251,0.4364,0.3498399238421281,0.21881137956708202,0.2683963642030896,5000
265,1,evaluate,4.647652650181251,0.4364,0.3498399238421281,0.21881137956708202,0.2683963642030896,5000
265,2,evaluate,3.4147125346751155,0.5184,0.3953697171863436,0.2579932748899689,0.31086417292580004,5000
265,3,evaluate,4.647652650181251,0.4364,0.3498399238421281,0.21881137956708202,0.2683963642030896,5000
265,4,evaluate,3.4147125346751155,0.5184,0.3953697171863436,0.2579932748899689,0.31086417292580004,5000
265,5,evaluate,3.4147125346751155,0.5184,0.3953697171863436,0.2579932748899689,0.31086417292580004,5000
266,0,evaluate,4.556591055061244,0.445,0.34856424610698067,0.22316308888538744,0.27098862799557366,5000
266,1,evaluate,4.556591055061244,0.445,0.34856424610698067,0.22316308888538744,0.27098862799557366,5000
266,2,evaluate,3.4183263295813453,0.5072,0.3948514415030918,0.2527363194352462,0.30739059683737163,5000
266,3,evaluate,3.4183263295813453,0.5072,0.3948514415030918,0.2527363194352462,0.30739059683737163,5000
266,4,evaluate,3.4183263295813453,0.5072,0.3948514415030918,0.2527363194352462,0.30739059683737163,5000
266,5,evaluate,4.556591055061244,0.445,0.34856424610698067,0.22316308888538744,0.27098862799557366,5000
267,0,evaluate,3.422692238530026,0.4996,0.3935940764046856,0.24936070757578585,0.304733089468283,5000
267,1,evaluate,3.422692238530026,0.4996,0.3935940764046856,0.24936070757578585,0.304733089468283,5000
267,2,evaluate,4.519227631484406,0.4458,0.34730009828634995,0.2236018583072278,0.27072790321908713,5000
267,3,evaluate,3.422692238530026,0.4996,0.3935940764046856,0.24936070757578585,0.304733089468283,5000
267,4,evaluate,4.519227631484406,0.4458,0.34730009828634995,0.2236018583072278,0.27072790321908713,5000
267,5,evaluate,4.519227631484406,0.4458,0.34730009828634995,0.2236018583072278,0.27072790321908713,5000
268,0,evaluate,3.4219252640687965,0.4988,0.3940340916222134,0.24936949018220483,0.3049555100412995,5000
268,1,evaluate,3.4219252640687965,0.4988,0.3940340916222134,0.24936949018220483,0.3049555100412995,5000
268,2,evaluate,4.524118118648287,0.4444,0.34649694405613074,0.22290076136886988,0.26968308141778874,5000
268,3,evaluate,4.524118118648287,0.4444,0.34649694405613074,0.22290076136886988,0.26968308141778874,5000
268,4,evaluate,3.4219252640687965,0.4988,0.3940340916222134,0.24936949018220483,0.3049555100412995,5000
268,5,evaluate,4.524118118648287,0.4444,0.34649694405613074,0.22290076136886988,0.26968308141778874,5000
269,0,evaluate,3.4216708895526353,0.5048,0.39377180132752415,0.2523826348078885,0.307000989200183,5000
269,1,evaluate,3.4216708895526353,0.5048,0.39377180132752415,0.2523826348078885,0.307000989200183,5000
269,2,evaluate,4.586398574370373,0.4394,0.3454280616105994,0.22029422408892724,0.2675332550121624,5000
269,3,evaluate,4.586398574370373,0.4394,0.3454280616105994,0.22029422408892724,0.2675332550121624,5000
269,4,evaluate,3.4216708895526353,0.5048,0.39377180132752415,0.2523826348078885,0.307000989200183,5000
269,5,evaluate,4.586398574370373,0.4394,0.3454280616105994,0.22029422408892724,0.2675332550121624,5000
270,0,evaluate,3.4481419702119465,0.5082,0.39522388090861693,0.25415842716700265,0.3084517726210875,5000
270,1,evaluate,3.4481419702119465,0.5082,0.39522388090861693,0.25415842716700265,0.3084517726210875,5000
270,2,evaluate,3.4481419702119465,0.5082,0.39522388090861693,0.25415842716700265,0.3084517726210875,5000
270,3,evaluate,4.676085209544701,0.4352,0.3449704133739953,0.21811315048991706,0.26580313012844703,5000
270,4,evaluate,4.676085209544701,0.4352,0.3449704133739953,0.21811315048991706,0.26580313012844703,5000
270,5,evaluate,4.676085209544701,0.4352,0.3449704133739953,0.21811315048991706,0.26580313012844703,5000
271,0,evaluate,4.770580143868169,0.4322,0.3476150999159518,0.21654313896626207,0.2656559082790614,5000
271,1,evaluate,4.770580143868169,0.4322,0.3476150999159518,0.21654313896626207,0.2656559082790614,5000
271,2,evaluate,3.465328928790515,0.5194,0.39698089599145125,0.25977502584499546,0.3125140377291742,5000
271,3,evaluate,3.465328928790515,0.5194,0.39698089599145125,0.25977502584499546,0.3125140377291742,5000
271,4,evaluate,3.465328928790515,0.5194,0.39698089599145125,0.25977502584499546,0.3125140377291742,5000
271,5,evaluate,4.770580143868169,0.4322,0.3476150999159518,0.21654313896626207,0.2656559082790614,5000
272,0,evaluate,4.81072249593614,0.4344,0.3484786038387418,0.21761881566962712,0.2669088723328187,5000
272,1,evaluate,3.4899155852160875,0.5216,0.398923359840163,0.2608767270598871,0.31376523278702295,5000
272,2,evaluate,4.81072249593614,0.4344,0.3484786038387418,0.21761881566962712,0.2669088723328187,5000
272,3,evaluate,3.4899155852160875,0.5216,0.398923359840163,0.2608767270598871,0.31376523278702295,5000
272,4,evaluate,4.81072249593614,0.4344,0.3484786038387418,0.21761881566962712,0.2669088723328187,5000
272,5,evaluate,3.4899155852160875,0.5216,0.398923359840163,0.2608767270598871,0.31376523278702295,5000
273,0,evaluate,4.810691878765444,0.4332,0.349377119815394,0.21698821946317057,0.26702917305188206,5000
273,1,evaluate,3.49577518656284,0.5244,0.40041718549243405,0.2619950059811716,0.3148619244023275,5000
273,2,evaluate,3.49577518656284,0.5244,0.40041718549243405,0.2619950059811716,0.3148619244023275,5000
273,3,evaluate,4.810691878765444,0.4332,0.349377119815394,0.21698821946317057,0.26702917305188206,5000
273,4,evaluate,3.49577518656284,0.5244,0.40041718549243405,0.2619950059811716,0.3148619244023275,5000
273,5,evaluate,4.810691878765444,0.4332,0.349377119815394,0.21698821946317057,0.26702917305188206,5000
274,0,evaluate,3.518823945069615,0.5246,0.40249601249782785,0.26188013327086007,0.3150672022828088,5000
274,1,evaluate,3.518823945069615,0.5246,0.40249601249782785,0.26188013327086007,0.3150672022828088,5000
274,2,evaluate,4.764790869966338,0.4384,0.34903457931129056,0.21962940774392595,0.26900467874833023,5000
274,3,evaluate,3.518823945069615,0.5246,0.40249601249782785,0.26188013327086007,0.3150672022828088,5000
274,4,evaluate,4.764790869966338,0.4384,0.34903457931129056,0.21962940774392595,0.26900467874833023,5000
274,5,evaluate,4.764790869966338,0.4384,0.34903457931129056,0.21962940774392595,0.26900467874833023,5000
275,0,evaluate,3.495290698884409,0.5216,0.4041154919415397,0.26012851013668287,0.31397214586046507,5000
275,1,evaluate,4.691410245774668,0.4386,0.3493628180494338,0.21980575590644263,0.26899167369715504,5000
275,2,evaluate,4.691410245774668,0.4386,0.3493628180494338,0.21980575590644263,0.26899167369715504,5000
275,3,evaluate,3.495290698884409,0.5216,0.4041154919415397,0.26012851013668287,0.31397214586046507,5000
275,4,evaluate,3.495290698884409,0.5216,0.4041154919415397,0.26012851013668287,0.31397214586046507,5000
275,5,evaluate,4.691410245774668,0.4386,0.3493628180494338,0.21980575590644263,0.26899167369715504,5000
276,0,evaluate,4.6332019884375075,0.4368,0.3469102292809073,0.2189261384351499,0.2675442498836506,5000
276,1,evaluate,4.6332019884375075,0.4368,0.3469102292809073,0.2189261384351499,0.2675442498836506,5000
276,2,evaluate,3.475566963606243,0.5156,0.40304929702001174,0.2570827545750422,0.3115456973049053,5000
276,3,evaluate,3.475566963606243,0.5156,0.40304929702001174,0.2570827545750422,0.3115456973049053,5000
276,4,evaluate,4.6332019884375075,0.4368,0.3469102292809073,0.2189261384351499,0.2675442498836506,5000
276,5,evaluate,3.475566963606243,0.5156,0.40304929702001174,0.2570827545750422,0.3115456973049053,5000
277,0,evaluate,4.57562550110153,0.4434,0.34649251777041945,0.2222685745871483,0.26984581330425145,5000
277,1,evaluate,3.476231067995482,0.5068,0.402677233498651,0.2527954027628062,0.308901589141625,5000
277,2,evaluate,3.476231067995482,0.5068,0.402677233498651,0.2527954027628062,0.308901589141625,5000
277,3,evaluate,3.476231067995482,0.5068,0.402677233498651,0.2527954027628062,0.308901589141625,5000
277,4,evaluate,4.57562550110153,0.4434,0.34649251777041945,0.2222685745871483,0.26984581330425145,5000
277,5,evaluate,4.57562550110153,0.4434,0.34649251777041945,0.2222685745871483,0.26984581330425145,5000
278,0,evaluate,3.4814330837394616,0.5006,0.40248016876151677,0.2497487505740291,0.30705167823852464,5000
278,1,evaluate,4.51763847508008,0.4402,0.3424101849952342,0.2206834285955613,0.26746031790508995,5000
278,2,evaluate,3.4814330837394616,0.5006,0.40248016876151677,0.2497487505740291,0.30705167823852464,5000
278,3,evaluate,3.4814330837394616,0.5006,0.40248016876151677,0.2497487505740291,0.30705167823852464,5000
278,4,evaluate,4.51763847508008,0.4402,0.3424101849952342,0.2206834285955613,0.26746031790508995,5000
278,5,evaluate,4.51763847508008,0.4402,0.3424101849952342,0.2206834285955613,0.26746031790508995,5000
279,0,evaluate,3.506810218473024,0.4948,0.40217185933705946,0.24690381899034267,0.30516630294532393,5000
279,1,evaluate,3.506810218473024,0.4948,0.40217185933705946,0.24690381899034267,0.30516630294532393,5000
279,2,evaluate,3.506810218473024,0.4948,0.40217185933705946,0.24690381899034267,0.30516630294532393,5000
279,3,evaluate,4.522313012352472,0.4458,0.34310763375804426,0.22352293271106133,0.2697279281852544,5000
279,4,evaluate,4.522313012352472,0.4458,0.34310763375804426,0.22352293271106133,0.2697279281852544,5000
279,5,evaluate,4.522313012352472,0.4458,0.34310763375804426,0.22352293271106133,0.2697279281852544,5000
280,0,evaluate,3.5319315361071237,0.495,0.4010604027417518,0.2471027806222498,0.30538771296417866,5000
280,1,evaluate,3.5319315361071237,0.495,0.4010604027417518,0.2471027806222498,0.30538771296417866,5000
280,2,evaluate,3.5319315361071237,0.495,0.4010604027417518,0.2471027806222498,0.30538771296417866,5000
280,3,evaluate,4.583226167702977,0.4486,0.3469928829079582,0.22489826882940517,0.2720097329501741,5000
280,4,evaluate,4.583226167702977,0.4486,0.3469928829079582,0.22489826882940517,0.2720097329501741,5000
280,5,evaluate,4.583226167702977,0.4486,0.3469928829079582,0.22489826882940517,0.2720097329501741,5000
281,0,evaluate,4.654221100143239,0.4518,0.3496773512990356,0.22646651479753296,0.27409446561029027,5000
281,1,evaluate,3.5486821041831487,0.4968,0.3990149753763522,0.24801368628331555,0.3055964651342217,5000
281,2,evaluate,3.5486821041831487,0.4968,0.3990149753763522,0.24801368628331555,0.3055964651342217,5000
281,3,evaluate,4.654221100143239,0.4518,0.3496773512990356,0.22646651479753296,0.27409446561029027,5000
281,4,evaluate,3.5486821041831487,0.4968,0.3990149753763522,0.24801368628331555,0.3055964651342217,5000
281,5,evaluate,4.654221100143239,0.4518,0.3496773512990356,0.22646651479753296,0.27409446561029027,5000
282,0,evaluate,3.549908070624629,0.5028,0.3978625623401462,0.2509797174442756,0.30749075914216856,5000
282,1,evaluate,4.7287116563772855,0.4484,0.35118238539425084,0.22475020433166965,0.2731185894203083,5000
282,2,evaluate,4.7287116563772855,0.4484,0.35118238539425084,0.22475020433166965,0.2731185894203083,5000
282,3,evaluate,3.549908070624629,0.5028,0.3978625623401462,0.2509797174442756,0.30749075914216856,5000
282,4,evaluate,4.7287116563772855,0.4484,0.35118238539425084,0.22475020433166965,0.2731185894203083,5000
282,5,evaluate,3.549908070624629,0.5028,0.3978625623401462,0.2509797174442756,0.30749075914216856,5000
283,0,evaluate,4.844527489022363,0.4378,0.3534864684064478,0.2194277146903047,0.26958568833954744,5000
283,1,evaluate,3.5527532221395757,0.514,0.3978856969457866,0.2565312992961363,0.31164870994817084,5000
283,2,evaluate,3.5527532221395757,0.514,0.3978856969457866,0.2565312992961363,0.31164870994817084,5000
283,3,evaluate,3.5527532221395757,0.514,0.3978856969457866,0.2565312992961363,0.31164870994817084,5000
283,4,evaluate,4.844527489022363,0.4378,0.3534864684064478,0.2194277146903047,0.26958568833954744,5000
283,5,evaluate,4.844527489022363,0.4378,0.3534864684064478,0.2194277146903047,0.26958568833954744,5000
284,0,evaluate,4.909321625021439,0.4314,0.3524236386354645,0.21622939714153683,0.26670877072555316,5000
284,1,evaluate,3.561366539967211,0.5198,0.3960560568445812,0.2593291099871361,0.3130037199783957,5000
284,2,evaluate,3.561366539967211,0.5198,0.3960560568445812,0.2593291099871361,0.3130037199783957,5000
284,3,evaluate,4.909321625021439,0.4314,0.3524236386354645,0.21622939714153683,0.26670877072555316,5000
284,4,evaluate,4.909321625021439,0.4314,0.3524236386354645,0.21622939714153683,0.26670877072555316,5000
284,5,evaluate,3.561366539967211,0.5198,0.3960560568445812,0.2593291099871361,0.3130037199783957,5000
285,0,evaluate,3.5592884896676753,0.5146,0.39568479758588926,0.25689592227022806,0.31094346071239176,5000
285,1,evaluate,4.900266698644131,0.429,0.35197909580378306,0.2150346407791505,0.2655576565394129,5000
285,2,evaluate,4.900266698644131,0.429,0.35197909580378306,0.2150346407791505,0.2655576565394129,5000
285,3,evaluate,4.900266698644131,0.429,0.35197909580378306,0.2150346407791505,0.2655576565394129,5000
285,4,evaluate,3.5592884896676753,0.5146,0.39568479758588926,0.25689592227022806,0.31094346071239176,5000
285,5,evaluate,3.5592884896676753,0.5146,0.39568479758588926,0.25689592227022806,0.31094346071239176,5000
286,0,evaluate,4.874649253072618,0.4282,0.35263731555743505,0.2146699120208937,0.2655145950170607,5000
286,1,evaluate,3.5167806933197796,0.519,0.39382498551610784,0.259057378339701,0.3115812947985882,5000
286,2,evaluate,4.874649253072618,0.4282,0.35263731555743505,0.2146699120208937,0.2655145950170607,5000
286,3,evaluate,3.5167806933197796,0.519,0.39382498551610784,0.259057378339701,0.3115812947985882,5000
286,4,evaluate,3.5167806933197796,0.519,0.39382498551610784,0.259057378339701,0.3115812947985882,5000
286,5,evaluate,4.874649253072618,0.4282,0.35263731555743505,0.2146699120208937,0.2655145950170607,5000
287,0,evaluate,4.856397794771798,0.4292,0.3525647616455491,0.21519457506175893,0.2660704879184932,5000
287,1,evaluate,3.4768651648412776,0.5188,0.3943108105297299,0.25898159334394794,0.31113261395097414,5000
287,2,evaluate,4.856397794771798,0.4292,0.3525647616455491,0.21519457506175893,0.2660704879184932,5000
287,3,evaluate,3.4768651648412776,0.5188,0.3943108105297299,0.25898159334394794,0.31113261395097414,5000
287,4,evaluate,4.856397794771798,0.4292,0.3525647616455491,0.21519457506175893,0.2660704879184932,5000
287,5,evaluate,3.4768651648412776,0.5188,0.3943108105297299,0.25898159334394794,0.31113261395097414,5000
288,0,evaluate,3.465864338452303,0.5188,0.3963621007949848,0.2588958718225453,0.3112473980666283,5000
288,1,evaluate,3.465864338452303,0.5188,0.3963621007949848,0.2588958718225453,0.3112473980666283,5000
288,2,evaluate,4.842275933374332,0.4364,0.35406310158258686,0.21885796227644283,0.2694267178053609,5000
288,3,evaluate,4.842275933374332,0.4364,0.35406310158258686,0.21885796227644283,0.2694267178053609,5000
288,4,evaluate,4.842275933374332,0.4364,0.35406310158258686,0.21885796227644283,0.2694267178053609,5000
288,5,evaluate,3.465864338452303,0.5188,0.3963621007949848,0.2588958718225453,0.3112473980666283,5000
289,0,evaluate,4.773699977729894,0.4414,0.353058116154077,0.2214347637718504,0.27084494203917175,5000
289,1,evaluate,3.4558375696592694,0.5134,0.39736736258466443,0.25614037341378537,0.30923344504408545,5000
289,2,evaluate,4.773699977729894,0.4414,0.353058116154077,0.2214347637718504,0.27084494203917175,5000
289,3,evaluate,3.4558375696592694,0.5134,0.39736736258466443,0.25614037341378537,0.30923344504408545,5000
289,4,evaluate,3.4558375696592694,0.5134,0.39736736258466443,0.25614037341378537,0.30923344504408545,5000
289,5,evaluate,4.773699977729894,0.4414,0.353058116154077,0.2214347637718504,0.27084494203917175,5000
290,0,evaluate,3.4373567889008343,0.5082,0.39898556069520696,0.25350370519853477,0.30742917000063646,5000
290,1,evaluate,4.670679650729215,0.444,0.35077235594665934,0.22275034361478574,0.2711518340364577,5000
290,2,evaluate,4.670679650729215,0.444,0.35077235594665934,0.22275034361478574,0.2711518340364577,5000
290,3,evaluate,3.4373567889008343,0.5082,0.39898556069520696,0.25350370519853477,0.30742917000063646,5000
290,4,evaluate,3.4373567889008343,0.5082,0.39898556069520696,0.25350370519853477,0.30742917000063646,5000
290,5,evaluate,4.670679650729215,0.444,0.35077235594665934,0.22275034361478574,0.2711518340364577,5000
291,0,evaluate,3.410295377803754,0.5092,0.3992446999023172,0.25396434287895936,0.307925205334143,5000
291,1,evaluate,3.410295377803754,0.5092,0.3992446999023172,0.25396434287895936,0.307925205334143,5000
291,2,evaluate,3.410295377803754,0.5092,0.3992446999023172,0.25396434287895936,0.307925205334143,5000
291,3,evaluate,4.600082937675186,0.4408,0.3489825892027528,0.22115220607932368,0.26953649346666475,5000
291,4,evaluate,4.600082937675186,0.4408,0.3489825892027528,0.22115220607932368,0.26953649346666475,5000
291,5,evaluate,4.600082937675186,0.4408,0.3489825892027528,0.22115220607932368,0.26953649346666475,5000
292,0,evaluate,3.360402659524845,0.5096,0.39798853925730443,0.25407081049237795,0.3079633423759233,5000
292,1,evaluate,3.360402659524845,0.5096,0.39798853925730443,0.25407081049237795,0.3079633423759233,5000
292,2,evaluate,4.530233998841878,0.4382,0.34943679688355844,0.2198446290986082,0.2687654091857026,5000
292,3,evaluate,3.360402659524845,0.5096,0.39798853925730443,0.25407081049237795,0.3079633423759233,5000
292,4,evaluate,4.530233998841878,0.4382,0.34943679688355844,0.2198446290986082,0.2687654091857026,5000
292,5,evaluate,4.530233998841878,0.4382,0.34943679688355844,0.2198446290986082,0.2687654091857026,5000
293,0,evaluate,3.329120207436477,0.5054,0.3963666960657848,0.2519204869308453,0.30623418168478417,5000
293,1,evaluate,3.329120207436477,0.5054,0.3963666960657848,0.2519204869308453,0.30623418168478417,5000
293,2,evaluate,4.4696495321732534,0.4382,0.35016921491282205,0.219767654075589,0.26910554242959667,5000
293,3,evaluate,4.4696495321732534,0.4382,0.35016921491282205,0.219767654075589,0.26910554242959667,5000
293,4,evaluate,4.4696495321732534,0.4382,0.35016921491282205,0.219767654075589,0.26910554242959667,5000
293,5,evaluate,3.329120207436477,0.5054,0.3963666960657848,0.2519204869308453,0.30623418168478417,5000
294,0,evaluate,3.3302361572845074,0.512,0.3984981973124429,0.25515312348440206,0.3096861725097059,5000
294,1,evaluate,3.3302361572845074,0.512,0.3984981973124429,0.25515312348440206,0.3096861725097059,5000
294,2,evaluate,4.47355806978443,0.4342,0.34883531397023865,0.21775810624812694,0.2671774949422998,5000
294,3,evaluate,3.3302361572845074,0.512,0.3984981973124429,0.25515312348440206,0.3096861725097059,5000
294,4,evaluate,4.47355806978443,0.4342,0.34883531397023865,0.21775810624812694,0.2671774949422998,5000
294,5,evaluate,4.47355806978443,0.4342,0.34883531397023865,0.21775810624812694,0.2671774949422998,5000
295,0,evaluate,3.3280275863937185,0.5186,0.3989347949328974,0.25840249315066677,0.3125149343099598,5000
295,1,evaluate,4.511664556551583,0.4252,0.3466170192645259,0.21314571988206726,0.2629490900525615,5000
295,2,evaluate,4.511664556551583,0.4252,0.3466170192645259,0.21314571988206726,0.2629490900525615,5000
295,3,evaluate,3.3280275863937185,0.5186,0.3989347949328974,0.25840249315066677,0.3125149343099598,5000
295,4,evaluate,3.3280275863937185,0.5186,0.3989347949328974,0.25840249315066677,0.3125149343099598,5000
295,5,evaluate,4.511664556551583,0.4252,0.3466170192645259,0.21314571988206726,0.2629490900525615,5000
296,0,evaluate,3.3486945206605934,0.5218,0.3967247794838496,0.2599453230894831,0.3130906652638342,5000
296,1,evaluate,4.585550039629393,0.4194,0.34553015101585316,0.2101731402349281,0.26027249960684884,5000
296,2,evaluate,3.3486945206605934,0.5218,0.3967247794838496,0.2599453230894831,0.3130906652638342,5000
296,3,evaluate,4.585550039629393,0.4194,0.34553015101585316,0.2101731402349281,0.26027249960684884,5000
296,4,evaluate,4.585550039629393,0.4194,0.34553015101585316,0.2101731402349281,0.26027249960684884,5000
296,5,evaluate,3.3486945206605934,0.5218,0.3967247794838496,0.2599453230894831,0.3130906652638342,5000
297,0,evaluate,4.5798974459684345,0.4212,0.3456691460164071,0.21111153881734537,0.26102579514886026,5000
297,1,evaluate,3.3661085653908644,0.523,0.3977768198907702,0.2605508170729685,0.31402699514537424,5000
297,2,evaluate,4.5798974459684345,0.4212,0.3456691460164071,0.21111153881734537,0.26102579514886026,5000
297,3,evaluate,3.3661085653908644,0.523,0.3977768198907702,0.2605508170729685,0.31402699514537424,5000
297,4,evaluate,3.3661085653908644,0.523,0.3977768198907702,0.2605508170729685,0.31402699514537424,5000
297,5,evaluate,4.5798974459684345,0.4212,0.3456691460164071,0.21111153881734537,0.26102579514886026,5000
298,0,evaluate,3.405039062982873,0.5186,0.39864830796919504,0.2582773325066752,0.31247435567877324,5000
298,1,evaluate,3.405039062982873,0.5186,0.39864830796919504,0.2582773325066752,0.31247435567877324,5000
298,2,evaluate,3.405039062982873,0.5186,0.39864830796919504,0.2582773325066752,0.31247435567877324,5000
298,3,evaluate,4.58150446867641,0.4254,0.34436837254526986,0.21320539360871638,0.2625034335184255,5000
298,4,evaluate,4.58150446867641,0.4254,0.34436837254526986,0.21320539360871638,0.2625034335184255,5000
298,5,evaluate,4.58150446867641,0.4254,0.34436837254526986,0.21320539360871638,0.2625034335184255,5000
299,0,evaluate,4.5978087896033175,0.4376,0.3450407554800968,0.21942874400748358,0.2672267092824753,5000
299,1,evaluate,4.5978087896033175,0.4376,0.3450407554800968,0.21942874400748358,0.2672267092824753,5000
299,2,evaluate,3.489657552936409,0.514,0.4002318778017774,0.2560382506952366,0.3111711616164009,5000
299,3,evaluate,3.489657552936409,0.514,0.4002318778017774,0.2560382506952366,0.3111711616164009,5000
299,4,evaluate,3.489657552936409,0.514,0.4002318778017774,0.2560382506952366,0.3111711616164009,5000
299,5,evaluate,4.5978087896033175,0.4376,0.3450407554800968,0.21942874400748358,0.2672267092824753,5000
300,0,evaluate,4.6634768473951125,0.4446,0.3466114742562822,0.22299030909195955,0.27018645903674054,5000
300,1,evaluate,3.591731759566295,0.5084,0.39997774802804636,0.2532563811160086,0.308803903317106,5000
300,2,evaluate,3.591731759566295,0.5084,0.39997774802804636,0.2532563811160086,0.308803903317106,5000
300,3,evaluate,4.6634768473951125,0.4446,0.3466114742562822,0.22299030909195955,0.27018645903674054,5000
300,4,evaluate,4.6634768473951125,0.4446,0.3466114742562822,0.22299030909195955,0.27018645903674054,5000
300,5,evaluate,3.591731759566295,0.5084,0.39997774802804636,0.2532563811160086,0.308803903317106,5000
301,0,evaluate,3.7016836721685866,0.4996,0.40066372647774007,0.2488910302019916,0.30521428597370637,5000
301,1,evaluate,4.70498779152013,0.4494,0.34660948031141897,0.22542560523912156,0.27204412280466367,5000
301,2,evaluate,4.70498779152013,0.4494,0.34660948031141897,0.22542560523912156,0.27204412280466367,5000
301,3,evaluate,3.7016836721685866,0.4996,0.40066372647774007,0.2488910302019916,0.30521428597370637,5000
301,4,evaluate,3.7016836721685866,0.4996,0.40066372647774007,0.2488910302019916,0.30521428597370637,5000
301,5,evaluate,4.70498779152013,0.4494,0.34660948031141897,0.22542560523912156,0.27204412280466367,5000
302,0,evaluate,4.673990183238741,0.4582,0.3467322380860738,0.22978432195651424,0.2753518244243044,5000
302,1,evaluate,3.78354648095143,0.49,0.40068249372374065,0.24417524914005345,0.301054172662137,5000
302,2,evaluate,4.673990183238741,0.4582,0.3467322380860738,0.22978432195651424,0.2753518244243044,5000
302,3,evaluate,3.78354648095143,0.49,0.40068249372374065,0.24417524914005345,0.301054172662137,5000
302,4,evaluate,3.78354648095143,0.49,0.40068249372374065,0.24417524914005345,0.301054172662137,5000
302,5,evaluate,4.673990183238741,0.4582,0.3467322380860738,0.22978432195651424,0.2753518244243044,5000
303,0,evaluate,4.641254038750371,0.4632,0.34651275502401974,0.23226133774959531,0.27715847132226124,5000
303,1,evaluate,3.8089994599547565,0.4858,0.40152831997363336,0.24228572532639156,0.3000844587855257,5000
303,2,evaluate,4.641254038750371,0.4632,0.34651275502401974,0.23226133774959531,0.27715847132226124,5000
303,3,evaluate,4.641254038750371,0.4632,0.34651275502401974,0.23226133774959531,0.27715847132226124,5000
303,4,evaluate,3.8089994599547565,0.4858,0.40152831997363336,0.24228572532639156,0.3000844587855257,5000
303,5,evaluate,3.8089994599547565,0.4858,0.40152831997363336,0.24228572532639156,0.3000844587855257,5000
304,0,evaluate,3.8028304908849018,0.49,0.4015628813422382,0.24456664674294393,0.3020451931454759,5000
304,1,evaluate,3.8028304908849018,0.49,0.4015628813422382,0.24456664674294393,0.3020451931454759,5000
304,2,evaluate,4.602444346947006,0.4622,0.34354356161771643,0.23170236966468885,0.27599929952704605,5000
304,3,evaluate,4.602444346947006,0.4622,0.34354356161771643,0.23170236966468885,0.27599929952704605,5000
304,4,evaluate,4.602444346947006,0.4622,0.34354356161771643,0.23170236966468885,0.27599929952704605,5000
304,5,evaluate,3.8028304908849018,0.49,0.4015628813422382,0.24456664674294393,0.3020451931454759,5000
305,0,evaluate,4.567128558702107,0.4616,0.3457186743019395,0.23128273377116537,0.2766726601420079,5000
305,1,evaluate,4.567128558702107,0.4616,0.3457186743019395,0.23128273377116537,0.2766726601420079,5000
305,2,evaluate,3.748159737526616,0.4944,0.4025339994894902,0.24682269485419672,0.3044287475948921,5000
305,3,evaluate,3.748159737526616,0.4944,0.4025339994894902,0.24682269485419672,0.3044287475948921,5000
305,4,evaluate,3.748159737526616,0.4944,0.4025339994894902,0.24682269485419672,0.3044287475948921,5000
305,5,evaluate,4.567128558702107,0.4616,0.3457186743019395,0.23128273377116537,0.2766726601420079,5000
306,0,evaluate,3.6872992998437035,0.4974,0.40079722491887326,0.24842946619947304,0.30525436336769196,5000
306,1,evaluate,4.575006430662131,0.4586,0.3485190945189841,0.22972665197642167,0.27649961409256507,5000
306,2,evaluate,3.6872992998437035,0.4974,0.40079722491887326,0.24842946619947304,0.30525436336769196,5000
306,3,evaluate,4.575006430662131,0.4586,0.3485190945189841,0.22972665197642167,0.27649961409256507,5000
306,4,evaluate,3.6872992998437035,0.4974,0.40079722491887326,0.24842946619947304,0.30525436336769196,5000
306,5,evaluate,4.575006430662131,0.4586,0.3485190945189841,0.22972665197642167,0.27649961409256507,5000
307,0,evaluate,4.630038388167756,0.4522,0.3498673054491271,0.22654954510442313,0.2744999833290688,5000
307,1,evaluate,3.635978345629535,0.5074,0.40117043392209906,0.2535148659786513,0.30917958535634416,5000
307,2,evaluate,4.630038388167756,0.4522,0.3498673054491271,0.22654954510442313,0.2744999833290688,5000
307,3,evaluate,3.635978345629535,0.5074,0.40117043392209906,0.2535148659786513,0.30917958535634416,5000
307,4,evaluate,3.635978345629535,0.5074,0.40117043392209906,0.2535148659786513,0.30917958535634416,5000
307,5,evaluate,4.630038388167756,0.4522,0.3498673054491271,0.22654954510442313,0.2744999833290688,5000
308,0,evaluate,3.5986083942123606,0.512,0.40167341201471957,0.25586324093096807,0.3112808033600601,5000
308,1,evaluate,3.5986083942123606,0.512,0.40167341201471957,0.25586324093096807,0.3112808033600601,5000
308,2,evaluate,4.649829161318043,0.4454,0.34947002408937544,0.22321041612724274,0.2717691018209984,5000
308,3,evaluate,4.649829161318043,0.4454,0.34947002408937544,0.22321041612724274,0.2717691018209984,5000
308,4,evaluate,3.5986083942123606,0.512,0.40167341201471957,0.25586324093096807,0.3112808033600601,5000
308,5,evaluate,4.649829161318043,0.4454,0.34947002408937544,0.22321041612724274,0.2717691018209984,5000
309,0,evaluate,4.714310778847223,0.4378,0.34743200750414305,0.2194432695937541,0.26826686782281706,5000
309,1,evaluate,3.570083841492858,0.5186,0.40193289218061723,0.2592779825489326,0.31414529186432716,5000
309,2,evaluate,3.570083841492858,0.5186,0.40193289218061723,0.2592779825489326,0.31414529186432716,5000
309,3,evaluate,4.714310778847223,0.4378,0.34743200750414305,0.2194432695937541,0.26826686782281706,5000
309,4,evaluate,3.570083841492858,0.5186,0.40193289218061723,0.2592779825489326,0.31414529186432716,5000
309,5,evaluate,4.714310778847223,0.4378,0.34743200750414305,0.2194432695937541,0.26826686782281706,5000
310,0,evaluate,3.533039732824398,0.5276,0.40106080565461566,0.26370300005135444,0.31742688101863403,5000
310,1,evaluate,4.807090101362784,0.4312,0.34922147658393127,0.2162246123418486,0.26597206945124374,5000
310,2,evaluate,4.807090101362784,0.4312,0.34922147658393127,0.2162246123418486,0.26597206945124374,5000
310,3,evaluate,3.533039732824398,0.5276,0.40106080565461566,0.26370300005135444,0.31742688101863403,5000
310,4,evaluate,4.807090101362784,0.4312,0.34922147658393127,0.2162246123418486,0.26597206945124374,5000
310,5,evaluate,3.533039732824398,0.5276,0.40106080565461566,0.26370300005135444,0.31742688101863403,5000
311,0,evaluate,4.933561041385313,0.4198,0.34554170928990174,0.21054982371724223,0.26037460533770157,5000
311,1,evaluate,3.5285882406596896,0.5336,0.40020451019725967,0.26655048913831314,0.3192908944726987,5000
311,2,evaluate,4.933561041385313,0.4198,0.34554170928990174,0.21054982371724223,0.26037460533770157,5000
311,3,evaluate,3.5285882406596896,0.5336,0.40020451019725967,0.26655048913831314,0.3192908944726987,5000
311,4,evaluate,4.933561041385313,0.4198,0.34554170928990174,0.21054982371724223,0.26037460533770157,5000
311,5,evaluate,3.5285882406596896,0.5336,0.40020451019725967,0.26655048913831314,0.3192908944726987,5000
312,0,evaluate,3.5432600009290476,0.5342,0.4000053974808764,0.2667895484109693,0.3195090491191312,5000
312,1,evaluate,5.019042654882504,0.4172,0.34569233283243683,0.2092588545003144,0.2594066958438216,5000
312,2,evaluate,3.5432600009290476,0.5342,0.4000053974808764,0.2667895484109693,0.3195090491191312,5000
312,3,evaluate,5.019042654882504,0.4172,0.34569233283243683,0.2092588545003144,0.2594066958438216,5000
312,4,evaluate,5.019042654882504,0.4172,0.34569233283243683,0.2092588545003144,0.2594066958438216,5000
312,5,evaluate,3.5432600009290476,0.5342,0.4000053974808764,0.2667895484109693,0.3195090491191312,5000
313,0,evaluate,5.007725597936896,0.4154,0.34475667154526823,0.2083657375089336,0.2584975259344359,5000
313,1,evaluate,5.007725597936896,0.4154,0.34475667154526823,0.2083657375089336,0.2584975259344359,5000
313,2,evaluate,3.5368059405797645,0.532,0.3981862409191115,0.26562299159473557,0.3180964020617309,5000
313,3,evaluate,3.5368059405797645,0.532,0.3981862409191115,0.26562299159473557,0.3180964020617309,5000
313,4,evaluate,3.5368059405797645,0.532,0.3981862409191115,0.26562299159473557,0.3180964020617309,5000
313,5,evaluate,5.007725597936896,0.4154,0.34475667154526823,0.2083657375089336,0.2584975259344359,5000
314,0,evaluate,3.545529794089402,0.5248,0.3992462623275893,0.2619063627882513,0.3156942654248438,5000
314,1,evaluate,4.947317479531976,0.4148,0.3415198522532915,0.20802839624249891,0.25748637111615996,5000
314,2,evaluate,4.947317479531976,0.4148,0.3415198522532915,0.20802839624249891,0.25748637111615996,5000
314,3,evaluate,3.545529794089402,0.5248,0.3992462623275893,0.2619063627882513,0.3156942654248438,5000
314,4,evaluate,3.545529794089402,0.5248,0.3992462623275893,0.2619063627882513,0.3156942654248438,5000
314,5,evaluate,4.947317479531976,0.4148,0.3415198522532915,0.20802839624249891,0.25748637111615996,5000
315,0,evaluate,3.540820200232011,0.5156,0.4001142026873962,0.25728659751018723,0.3124135143051491,5000
315,1,evaluate,3.540820200232011,0.5156,0.4001142026873962,0.25728659751018723,0.3124135143051491,5000
315,2,evaluate,4.840118667747401,0.427,0.34433142349613954,0.2140858201746235,0.26315008979259724,5000
315,3,evaluate,3.540820200232011,0.5156,0.4001142026873962,0.25728659751018723,0.3124135143051491,5000
315,4,evaluate,4.840118667747401,0.427,0.34433142349613954,0.2140858201746235,0.26315008979259724,5000
315,5,evaluate,4.840118667747401,0.427,0.34433142349613954,0.2140858201746235,0.26315008979259724,5000
316,0,evaluate,3.553232011915762,0.5072,0.39879854547735005,0.25304992300046036,0.30868723915908874,5000
316,1,evaluate,3.553232011915762,0.5072,0.39879854547735005,0.25304992300046036,0.30868723915908874,5000
316,2,evaluate,3.553232011915762,0.5072,0.39879854547735005,0.25304992300046036,0.30868723915908874,5000
316,3,evaluate,4.7503365685668175,0.4358,0.34559275245775833,0.21840540673314077,0.26700916090162496,5000
316,4,evaluate,4.7503365685668175,0.4358,0.34559275245775833,0.21840540673314077,0.26700916090162496,5000
316,5,evaluate,4.7503365685668175,0.4358,0.34559275245775833,0.21840540673314077,0.26700916090162496,5000
317,0,evaluate,3.557240760779079,0.4928,0.39715526527218503,0.2458054707606872,0.30245227787091505,5000
317,1,evaluate,4.617946796779391,0.4442,0.3445149108449327,0.22262143950774269,0.26989098829436986,5000
317,2,evaluate,4.617946796779391,0.4442,0.3445149108449327,0.22262143950774269,0.26989098829436986,5000
317,3,evaluate,3.557240760779079,0.4928,0.39715526527218503,0.2458054707606872,0.30245227787091505,5000
317,4,evaluate,3.557240760779079,0.4928,0.39715526527218503,0.2458054707606872,0.30245227787091505,5000
317,5,evaluate,4.617946796779391,0.4442,0.3445149108449327,0.22262143950774269,0.26989098829436986,5000
318,0,evaluate,3.5873847671701937,0.4872,0.3976140604928117,0.2430093944002146,0.30015827275224904,5000
318,1,evaluate,3.5873847671701937,0.4872,0.3976140604928117,0.2430093944002146,0.30015827275224904,5000
318,2,evaluate,4.545300655727145,0.4542,0.3453400799455303,0.22757511484013718,0.2738811370968139,5000
318,3,evaluate,4.545300655727145,0.4542,0.3453400799455303,0.22757511484013718,0.2738811370968139,5000
318,4,evaluate,4.545300655727145,0.4542,0.3453400799455303,0.22757511484013718,0.2738811370968139,5000
318,5,evaluate,3.5873847671701937,0.4872,0.3976140604928117,0.2430093944002146,0.30015827275224904,5000
319,0,evaluate,3.6195331374301185,0.484,0.3981121950908471,0.24129418720921825,0.2987852388645239,5000
319,1,evaluate,4.5133521768111216,0.4572,0.3465495580769816,0.2289833363324309,0.275392225616702,5000
319,2,evaluate,4.5133521768111216,0.4572,0.3465495580769816,0.2289833363324309,0.275392225616702,5000
319,3,evaluate,3.6195331374301185,0.484,0.3981121950908471,0.24129418720921825,0.2987852388645239,5000
319,4,evaluate,3.6195331374301185,0.484,0.3981121950908471,0.24129418720921825,0.2987852388645239,5000
319,5,evaluate,4.5133521768111216,0.4572,0.3465495580769816,0.2289833363324309,0.275392225616702,5000
320,0,evaluate,3.641929762272895,0.4876,0.39777340869754174,0.24296572439475375,0.2997430406653495,5000
320,1,evaluate,4.541747814492334,0.4546,0.34614308600181043,0.2276683019041917,0.2743069246036862,5000
320,2,evaluate,3.641929762272895,0.4876,0.39777340869754174,0.24296572439475375,0.2997430406653495,5000
320,3,evaluate,4.541747814492334,0.4546,0.34614308600181043,0.2276683019041917,0.2743069246036862,5000
320,4,evaluate,4.541747814492334,0.4546,0.34614308600181043,0.2276683019041917,0.2743069246036862,5000
320,5,evaluate,3.641929762272895,0.4876,0.39777340869754174,0.24296572439475375,0.2997430406653495,5000
321,0,evaluate,3.6838609991194327,0.4856,0.3969306254397125,0.24191636789999663,0.2984295869247469,5000
321,1,evaluate,4.567180380036559,0.4596,0.34964473521516953,0.23019272431491244,0.27720703932448953,5000
321,2,evaluate,3.6838609991194327,0.4856,0.3969306254397125,0.24191636789999663,0.2984295869247469,5000
321,3,evaluate,4.567180380036559,0.4596,0.34964473521516953,0.23019272431491244,0.27720703932448953,5000
321,4,evaluate,3.6838609991194327,0.4856,0.3969306254397125,0.24191636789999663,0.2984295869247469,5000
321,5,evaluate,4.567180380036559,0.4596,0.34964473521516953,0.23019272431491244,0.27720703932448953,5000
322,0,evaluate,4.6334201414373855,0.4586,0.35153297339970535,0.22974328154554433,0.2773935443411331,5000
322,1,evaluate,3.7067431407638742,0.4924,0.39551643232071376,0.2453847952775286,0.30079636794094716,5000
322,2,evaluate,3.7067431407638742,0.4924,0.39551643232071376,0.2453847952775286,0.30079636794094716,5000
322,3,evaluate,4.6334201414373855,0.4586,0.35153297339970535,0.22974328154554433,0.2773935443411331,5000
322,4,evaluate,3.7067431407638742,0.4924,0.39551643232071376,0.2453847952775286,0.30079636794094716,5000
322,5,evaluate,4.6334201414373855,0.4586,0.35153297339970535,0.22974328154554433,0.2773935443411331,5000
323,0,evaluate,4.718474028985711,0.4526,0.35175976876668424,0.2267731750443073,0.27522990226006044,5000
323,1,evaluate,3.715776473661012,0.5006,0.3944186327967235,0.2494139793952131,0.30375071151428906,5000
323,2,evaluate,4.718474028985711,0.4526,0.35175976876668424,0.2267731750443073,0.27522990226006044,5000
323,3,evaluate,3.715776473661012,0.5006,0.3944186327967235,0.2494139793952131,0.30375071151428906,5000
323,4,evaluate,3.715776473661012,0.5006,0.3944186327967235,0.2494139793952131,0.30375071151428906,5000
323,5,evaluate,4.718474028985711,0.4526,0.35175976876668424,0.2267731750443073,0.27522990226006044,5000
324,0,evaluate,3.7414587057089506,0.5048,0.3944562117632209,0.25148580953711097,0.3054566648583389,5000
324,1,evaluate,4.7721333956416645,0.45,0.35278153892586234,0.22549537303767572,0.27452841107948905,5000
324,2,evaluate,3.7414587057089506,0.5048,0.3944562117632209,0.25148580953711097,0.3054566648583389,5000
324,3,evaluate,4.7721333956416645,0.45,0.35278153892586234,0.22549537303767572,0.27452841107948905,5000
324,4,evaluate,3.7414587057089506,0.5048,0.3944562117632209,0.25148580953711097,0.3054566648583389,5000
324,5,evaluate,4.7721333956416645,0.45,0.35278153892586234,0.22549537303767572,0.27452841107948905,5000
325,0,evaluate,3.7443373595611957,0.5068,0.3934310054352971,0.252674076501539,0.3064376951862404,5000
325,1,evaluate,4.825732864911044,0.4466,0.354489830787816,0.22379598398226444,0.2737067092416857,5000
325,2,evaluate,3.7443373595611957,0.5068,0.3934310054352971,0.252674076501539,0.3064376951862404,5000
325,3,evaluate,3.7443373595611957,0.5068,0.3934310054352971,0.252674076501539,0.3064376951862404,5000
325,4,evaluate,4.825732864911044,0.4466,0.354489830787816,0.22379598398226444,0.2737067092416857,5000
325,5,evaluate,4.825732864911044,0.4466,0.354489830787816,0.22379598398226444,0.2737067092416857,5000
326,0,evaluate,3.7305173602285264,0.5174,0.39469163467031265,0.25807016309140024,0.31096586819579664,5000
326,1,evaluate,4.893906155719033,0.44,0.35299911866523515,0.22051054481828314,0.27081828190167034,5000
326,2,evaluate,3.7305173602285264,0.5174,0.39469163467031265,0.25807016309140024,0.31096586819579664,5000
326,3,evaluate,4.893906155719033,0.44,0.35299911866523515,0.22051054481828314,0.27081828190167034,5000
326,4,evaluate,3.7305173602285264,0.5174,0.39469163467031265,0.25807016309140024,0.31096586819579664,5000
326,5,evaluate,4.893906155719033,0.44,0.35299911866523515,0.22051054481828314,0.27081828190167034,5000
327,0,evaluate,3.6940904750099666,0.5222,0.39656055202652335,0.2605580443441711,0.3134278910223591,5000
327,1,evaluate,3.6940904750099666,0.5222,0.39656055202652335,0.2605580443441711,0.3134278910223591,5000
327,2,evaluate,4.904403110093709,0.436,0.3539780579955825,0.21849112281492045,0.2696332931807198,5000
327,3,evaluate,4.904403110093709,0.436,0.3539780579955825,0.21849112281492045,0.2696332931807198,5000
327,4,evaluate,3.6940904750099666,0.5222,0.39656055202652335,0.2605580443441711,0.3134278910223591,5000
327,5,evaluate,4.904403110093709,0.436,0.3539780579955825,0.21849112281492045,0.2696332931807198,5000
328,0,evaluate,4.88580948189844,0.431,0.35195766970905557,0.21595773296068374,0.26719514823838153,5000
328,1,evaluate,4.88580948189844,0.431,0.35195766970905557,0.21595773296068374,0.26719514823838153,5000
328,2,evaluate,3.660745252536822,0.5266,0.4007907493551556,0.262761321295141,0.3163512547368573,5000
328,3,evaluate,3.660745252536822,0.5266,0.4007907493551556,0.262761321295141,0.3163512547368573,5000
328,4,evaluate,3.660745252536822,0.5266,0.4007907493551556,0.262761321295141,0.3163512547368573,5000
328,5,evaluate,4.88580948189844,0.431,0.35195766970905557,0.21595773296068374,0.26719514823838153,5000
329,0,evaluate,3.6423701847655865,0.5286,0.40116995477937517,0.2636963983668398,0.31716052722504245,5000
329,1,evaluate,3.6423701847655865,0.5286,0.40116995477937517,0.2636963983668398,0.31716052722504245,5000
329,2,evaluate,4.84670873835117,0.4278,0.3504469030715483,0.21440713482339274,0.26555115135121243,5000
329,3,evaluate,4.84670873835117,0.4278,0.3504469030715483,0.21440713482339274,0.26555115135121243,5000
329,4,evaluate,4.84670873835117,0.4278,0.3504469030715483,0.21440713482339274,0.26555115135121243,5000
329,5,evaluate,3.6423701847655865,0.5286,0.40116995477937517,0.2636963983668398,0.31716052722504245,5000
330,0,evaluate,4.7640149955508075,0.4318,0.3494365981163058,0.21639557374010504,0.26676303029661336,5000
330,1,evaluate,3.6614914966534964,0.5194,0.4011138502173367,0.25897985628643816,0.3134496015388914,5000
330,2,evaluate,4.7640149955508075,0.4318,0.3494365981163058,0.21639557374010504,0.26676303029661336,5000
330,3,evaluate,3.6614914966534964,0.5194,0.4011138502173367,0.25897985628643816,0.3134496015388914,5000
330,4,evaluate,3.6614914966534964,0.5194,0.4011138502173367,0.25897985628643816,0.3134496015388914,5000
330,5,evaluate,4.7640149955508075,0.4318,0.3494365981163058,0.21639557374010504,0.26676303029661336,5000
331,0,evaluate,4.723093814487699,0.432,0.3480185088260504,0.2164992098618886,0.26625822688365897,5000
331,1,evaluate,3.649398667902886,0.5166,0.40071191230902026,0.2574078060792298,0.31214473986527547,5000
331,2,evaluate,3.649398667902886,0.5166,0.40071191230902026,0.2574078060792298,0.31214473986527547,5000
331,3,evaluate,4.723093814487699,0.432,0.3480185088260504,0.2164992098618886,0.26625822688365897,5000
331,4,evaluate,3.649398667902886,0.5166,0.40071191230902026,0.2574078060792298,0.31214473986527547,5000
331,5,evaluate,4.723093814487699,0.432,0.3480185088260504,0.2164992098618886,0.26625822688365897,5000
332,0,evaluate,4.699482241763344,0.4306,0.3445193952060242,0.21585269819620265,0.2645439297343615,5000
332,1,evaluate,3.648277509061596,0.5122,0.4032421170272019,0.2551119881497789,0.3111311252604755,5000
332,2,evaluate,4.699482241763344,0.4306,0.3445193952060242,0.21585269819620265,0.2645439297343615,5000
332,3,evaluate,4.699482241763344,0.4306,0.3445193952060242,0.21585269819620265,0.2645439297343615,5000
332,4,evaluate,3.648277509061596,0.5122,0.4032421170272019,0.2551119881497789,0.3111311252604755,5000
332,5,evaluate,3.648277509061596,0.5122,0.4032421170272019,0.2551119881497789,0.3111311252604755,5000
333,0,evaluate,4.657429254507717,0.435,0.34474363928489243,0.2181057346477469,0.26621208389128187,5000
333,1,evaluate,4.657429254507717,0.435,0.34474363928489243,0.2181057346477469,0.26621208389128187,5000
333,2,evaluate,4.657429254507717,0.435,0.34474363928489243,0.2181057346477469,0.26621208389128187,5000
333,3,evaluate,3.688832228696799,0.506,0.4053299115323365,0.2519789466281769,0.3091516346420853,5000
333,4,evaluate,3.688832228696799,0.506,0.4053299115323365,0.2519789466281769,0.3091516346420853,5000
333,5,evaluate,3.688832228696799,0.506,0.4053299115323365,0.2519789466281769,0.3091516346420853,5000
334,0,evaluate,3.7309972425050373,0.4976,0.4054486997644709,0.24767625515999153,0.30528695109680176,5000
334,1,evaluate,4.623053885713408,0.4428,0.3434334729542817,0.22206185958973612,0.2687550223900907,5000
334,2,evaluate,3.7309972425050373,0.4976,0.4054486997644709,0.24767625515999153,0.30528695109680176,5000
334,3,evaluate,4.623053885713408,0.4428,0.3434334729542817,0.22206185958973612,0.2687550223900907,5000
334,4,evaluate,3.7309972425050373,0.4976,0.4054486997644709,0.24767625515999153,0.30528695109680176,5000
334,5,evaluate,4.623053885713408,0.4428,0.3434334729542817,0.22206185958973612,0.2687550223900907,5000
335,0,evaluate,4.629486440103265,0.4548,0.34748305452465067,0.2280347812518385,0.27450715789646835,5000
335,1,evaluate,4.629486440103265,0.4548,0.34748305452465067,0.2280347812518385,0.27450715789646835,5000
335,2,evaluate,3.7815865836566007,0.4932,0.4048169898839825,0.2453306832262562,0.3027968305576369,5000
335,3,evaluate,3.7815865836566007,0.4932,0.4048169898839825,0.2453306832262562,0.3027968305576369,5000
335,4,evaluate,3.7815865836566007,0.4932,0.4048169898839825,0.2453306832262562,0.3027968305576369,5000
335,5,evaluate,4.629486440103265,0.4548,0.34748305452465067,0.2280347812518385,0.27450715789646835,5000
336,0,evaluate,4.690364246126972,0.4548,0.3473763633882184,0.22803315588685558,0.27451793424850285,5000
336,1,evaluate,3.796680613409115,0.4916,0.4050339527240906,0.24458894815033042,0.30222808556194014,5000
336,2,evaluate,4.690364246126972,0.4548,0.3473763633882184,0.22803315588685558,0.27451793424850285,5000
336,3,evaluate,3.796680613409115,0.4916,0.4050339527240906,0.24458894815033042,0.30222808556194014,5000
336,4,evaluate,3.796680613409115,0.4916,0.4050339527240906,0.24458894815033042,0.30222808556194014,5000
336,5,evaluate,4.690364246126972,0.4548,0.3473763633882184,0.22803315588685558,0.27451793424850285,5000
337,0,evaluate,4.766697455056106,0.4532,0.34968835560830996,0.22717038527216862,0.2747161984878553,5000
337,1,evaluate,3.7487859363797345,0.5016,0.4046918044180535,0.24974328468642204,0.3064724519700127,5000
337,2,evaluate,4.766697455056106,0.4532,0.34968835560830996,0.22717038527216862,0.2747161984878553,5000
337,3,evaluate,3.7487859363797345,0.5016,0.4046918044180535,0.24974328468642204,0.3064724519700127,5000
337,4,evaluate,4.766697455056106,0.4532,0.34968835560830996,0.22717038527216862,0.2747161984878553,5000
337,5,evaluate,3.7487859363797345,0.5016,0.4046918044180535,0.24974328468642204,0.3064724519700127,5000
338,0,evaluate,3.697541529619241,0.5066,0.4046954785234185,0.2524900724952799,0.30899996454281864,5000
338,1,evaluate,4.83878592901592,0.4454,0.35060380246000195,0.22321709430720799,0.2720429222802696,5000
338,2,evaluate,4.83878592901592,0.4454,0.35060380246000195,0.22321709430720799,0.2720429222802696,5000
338,3,evaluate,4.83878592901592,0.4454,0.35060380246000195,0.22321709430720799,0.2720429222802696,5000
338,4,evaluate,3.697541529619241,0.5066,0.4046954785234185,0.2524900724952799,0.30899996454281864,5000
338,5,evaluate,3.697541529619241,0.5066,0.4046954785234185,0.2524900724952799,0.30899996454281864,5000
339,0,evaluate,4.858697073369086,0.4436,0.3524298507865027,0.22229795323280857,0.27195647939819,5000
339,1,evaluate,3.671240773382066,0.508,0.4026650623955783,0.25322693822158987,0.3091611861143317,5000
339,2,evaluate,3.671240773382066,0.508,0.4026650623955783,0.25322693822158987,0.3091611861143317,5000
339,3,evaluate,4.858697073369086,0.4436,0.3524298507865027,0.22229795323280857,0.27195647939819,5000
339,4,evaluate,3.671240773382066,0.508,0.4026650623955783,0.25322693822158987,0.3091611861143317,5000
339,5,evaluate,4.858697073369086,0.4436,0.3524298507865027,0.22229795323280857,0.27195647939819,5000
340,0,evaluate,3.633667408665524,0.514,0.4050417429747587,0.25624142207207506,0.3124228188814486,5000
340,1,evaluate,4.843165518362311,0.4418,0.3514386071665217,0.22135540361201214,0.2710715431454095,5000
340,2,evaluate,3.633667408665524,0.514,0.4050417429747587,0.25624142207207506,0.3124228188814486,5000
340,3,evaluate,4.843165518362311,0.4418,0.3514386071665217,0.22135540361201214,0.2710715431454095,5000
340,4,evaluate,3.633667408665524,0.514,0.4050417429747587,0.25624142207207506,0.3124228188814486,5000
340,5,evaluate,4.843165518362311,0.4418,0.3514386071665217,0.22135540361201214,0.2710715431454095,5000
341,0,evaluate,4.834666931176487,0.4374,0.3504994369714301,0.21915063867821477,0.2692051629344154,5000
341,1,evaluate,3.600359904615185,0.5146,0.40496724134621653,0.2565686391137496,0.31244072260942074,5000
341,2,evaluate,4.834666931176487,0.4374,0.3504994369714301,0.21915063867821477,0.2692051629344154,5000
341,3,evaluate,3.600359904615185,0.5146,0.40496724134621653,0.2565686391137496,0.31244072260942074,5000
341,4,evaluate,3.600359904615185,0.5146,0.40496724134621653,0.2565686391137496,0.31244072260942074,5000
341,5,evaluate,4.834666931176487,0.4374,0.3504994369714301,0.21915063867821477,0.2692051629344154,5000
342,0,evaluate,3.5948623735693435,0.5184,0.40474727021073703,0.2584291457600493,0.3139361004665873,5000
342,1,evaluate,4.852683025070384,0.4344,0.34947068228292943,0.2176469012573051,0.2677646840047682,5000
342,2,evaluate,3.5948623735693435,0.5184,0.40474727021073703,0.2584291457600493,0.3139361004665873,5000
342,3,evaluate,3.5948623735693435,0.5184,0.40474727021073703,0.2584291457600493,0.3139361004665873,5000
342,4,evaluate,4.852683025070384,0.4344,0.34947068228292943,0.2176469012573051,0.2677646840047682,5000
342,5,evaluate,4.852683025070384,0.4344,0.34947068228292943,0.2176469012573051,0.2677646840047682,5000
343,0,evaluate,3.5737861621228952,0.515,0.4027603130953943,0.25684676158732633,0.31251129692539703,5000
343,1,evaluate,4.804406244543534,0.4356,0.34988656447889166,0.21829367435236433,0.26838184636887946,5000
343,2,evaluate,3.5737861621228952,0.515,0.4027603130953943,0.25684676158732633,0.31251129692539703,5000
343,3,evaluate,3.5737861621228952,0.515,0.4027603130953943,0.25684676158732633,0.31251129692539703,5000
343,4,evaluate,4.804406244543534,0.4356,0.34988656447889166,0.21829367435236433,0.26838184636887946,5000
343,5,evaluate,4.804406244543534,0.4356,0.34988656447889166,0.21829367435236433,0.26838184636887946,5000
344,0,evaluate,3.5738160881815078,0.5102,0.4036857920620155,0.25461936455710804,0.31144333666413127,5000
344,1,evaluate,3.5738160881815078,0.5102,0.4036857920620155,0.25461936455710804,0.31144333666413127,5000
344,2,evaluate,4.745867686935618,0.4418,0.34697633110949183,0.22143168970778357,0.26979192896215726,5000
344,3,evaluate,4.745867686935618,0.4418,0.34697633110949183,0.22143168970778357,0.26979192896215726,5000
344,4,evaluate,3.5738160881815078,0.5102,0.4036857920620155,0.25461936455710804,0.31144333666413127,5000
344,5,evaluate,4.745867686935618,0.4418,0.34697633110949183,0.22143168970778357,0.26979192896215726,5000
345,0,evaluate,3.597195586071739,0.5078,0.4044698401266749,0.25345789539924823,0.31092794612682556,5000
345,1,evaluate,3.597195586071739,0.5078,0.4044698401266749,0.25345789539924823,0.31092794612682556,5000
345,2,evaluate,4.748912953123262,0.4444,0.34726512252033925,0.2227504822880685,0.2708821191136056,5000
345,3,evaluate,3.597195586071739,0.5078,0.4044698401266749,0.25345789539924823,0.31092794612682556,5000
345,4,evaluate,4.748912953123262,0.4444,0.34726512252033925,0.2227504822880685,0.2708821191136056,5000
345,5,evaluate,4.748912953123262,0.4444,0.34726512252033925,0.2227504822880685,0.2708821191136056,5000
346,0,evaluate,4.770082413395749,0.4408,0.3460225441134724,0.22097400018876628,0.26914876536457444,5000
346,1,evaluate,3.638085836096655,0.508,0.40376951085053275,0.2533966228503627,0.31068520123263116,5000
346,2,evaluate,4.770082413395749,0.4408,0.3460225441134724,0.22097400018876628,0.26914876536457444,5000
346,3,evaluate,4.770082413395749,0.4408,0.3460225441134724,0.22097400018876628,0.26914876536457444,5000
346,4,evaluate,3.638085836096655,0.508,0.40376951085053275,0.2533966228503627,0.31068520123263116,5000
346,5,evaluate,3.638085836096655,0.508,0.40376951085053275,0.2533966228503627,0.31068520123263116,5000
347,0,evaluate,3.6444377929349487,0.5136,0.40185791837332524,0.2561252641610515,0.31202408553432126,5000
347,1,evaluate,4.797134864179394,0.4352,0.3460627725097945,0.2182397233084153,0.26704230975058596,5000
347,2,evaluate,4.797134864179394,0.4352,0.3460627725097945,0.2182397233084153,0.26704230975058596,5000
347,3,evaluate,3.6444377929349487,0.5136,0.40185791837332524,0.2561252641610515,0.31202408553432126,5000
347,4,evaluate,3.6444377929349487,0.5136,0.40185791837332524,0.2561252641610515,0.31202408553432126,5000
347,5,evaluate,4.797134864179394,0.4352,0.3460627725097945,0.2182397233084153,0.26704230975058596,5000
348,0,evaluate,3.651134720331506,0.5194,0.40370904370620275,0.25881191212649934,0.31445113492904814,5000
348,1,evaluate,3.651134720331506,0.5194,0.40370904370620275,0.25881191212649934,0.31445113492904814,5000
348,2,evaluate,4.869542671155326,0.4242,0.344030406466391,0.2127148779360053,0.2621275640705232,5000
348,3,evaluate,4.869542671155326,0.4242,0.344030406466391,0.2127148779360053,0.2621275640705232,5000
348,4,evaluate,4.869542671155326,0.4242,0.344030406466391,0.2127148779360053,0.2621275640705232,5000
348,5,evaluate,3.651134720331506,0.5194,0.40370904370620275,0.25881191212649934,0.31445113492904814,5000
349,0,evaluate,4.958894506285462,0.4206,0.34356386177896914,0.21092187493348855,0.260614584450508,5000
349,1,evaluate,4.958894506285462,0.4206,0.34356386177896914,0.21092187493348855,0.260614584450508,5000
349,2,evaluate,3.702682280842262,0.5226,0.40324881486004127,0.2603510507657959,0.315340834632689,5000
349,3,evaluate,3.702682280842262,0.5226,0.40324881486004127,0.2603510507657959,0.315340834632689,5000
349,4,evaluate,3.702682280842262,0.5226,0.40324881486004127,0.2603510507657959,0.315340834632689,5000
349,5,evaluate,4.958894506285462,0.4206,0.34356386177896914,0.21092187493348855,0.260614584450508,5000
350,0,evaluate,5.0230217975906175,0.4254,0.34467988246916836,0.21337824324660581,0.26272173980353275,5000
350,1,evaluate,5.0230217975906175,0.4254,0.34467988246916836,0.21337824324660581,0.26272173980353275,5000
350,2,evaluate,3.7710173884524574,0.5238,0.4038745270558254,0.26093283882214013,0.3157105843665395,5000
350,3,evaluate,3.7710173884524574,0.5238,0.4038745270558254,0.26093283882214013,0.3157105843665395,5000
350,4,evaluate,5.0230217975906175,0.4254,0.34467988246916836,0.21337824324660581,0.26272173980353275,5000
350,5,evaluate,3.7710173884524574,0.5238,0.4038745270558254,0.26093283882214013,0.3157105843665395,5000
351,0,evaluate,5.052927992011927,0.4276,0.3444071173428602,0.21455480370404884,0.2633324523494677,5000
351,1,evaluate,5.052927992011927,0.4276,0.3444071173428602,0.21455480370404884,0.2633324523494677,5000
351,2,evaluate,3.789380662048919,0.5242,0.40159394193195175,0.26119565084519414,0.3149131812639162,5000
351,3,evaluate,3.789380662048919,0.5242,0.40159394193195175,0.26119565084519414,0.3149131812639162,5000
351,4,evaluate,3.789380662048919,0.5242,0.40159394193195175,0.26119565084519414,0.3149131812639162,5000
351,5,evaluate,5.052927992011927,0.4276,0.3444071173428602,0.21455480370404884,0.2633324523494677,5000
352,0,evaluate,3.7469500891769987,0.524,0.4013032298408231,0.2613835447279199,0.31519663832634004,5000
352,1,evaluate,3.7469500891769987,0.524,0.4013032298408231,0.2613835447279199,0.31519663832634004,5000
352,2,evaluate,3.7469500891769987,0.524,0.4013032298408231,0.2613835447279199,0.31519663832634004,5000
352,3,evaluate,5.047711345213878,0.4296,0.3454457907061079,0.21560772809090709,0.2640692348278036,5000
352,4,evaluate,5.047711345213878,0.4296,0.3454457907061079,0.21560772809090709,0.2640692348278036,5000
352,5,evaluate,5.047711345213878,0.4296,0.3454457907061079,0.21560772809090709,0.2640692348278036,5000
353,0,evaluate,5.0007244967207125,0.431,0.34630049221441683,0.2163190392678876,0.264647857747168,5000
353,1,evaluate,5.0007244967207125,0.431,0.34630049221441683,0.2163190392678876,0.264647857747168,5000
353,2,evaluate,3.7033769993842403,0.5254,0.4023899741236379,0.26224650270248256,0.31630535857577236,5000
353,3,evaluate,3.7033769993842403,0.5254,0.4023899741236379,0.26224650270248256,0.31630535857577236,5000
353,4,evaluate,3.7033769993842403,0.5254,0.4023899741236379,0.26224650270248256,0.31630535857577236,5000
353,5,evaluate,5.0007244967207125,0.431,0.34630049221441683,0.2163190392678876,0.264647857747168,5000
354,0,evaluate,4.928648091569731,0.4314,0.3473617460124111,0.21648094547727254,0.2652031344963194,5000
354,1,evaluate,3.653857650636118,0.5222,0.4030704055399717,0.2607912475595352,0.3155936095029364,5000
354,2,evaluate,3.653857650636118,0.5222,0.4030704055399717,0.2607912475595352,0.3155936095029364,5000
354,3,evaluate,3.653857650636118,0.5222,0.4030704055399717,0.2607912475595352,0.3155936095029364,5000
354,4,evaluate,4.928648091569731,0.4314,0.3473617460124111,0.21648094547727254,0.2652031344963194,5000
354,5,evaluate,4.928648091569731,0.4314,0.3473617460124111,0.21648094547727254,0.2652031344963194,5000
355,0,evaluate,3.6293328925024104,0.525,0.40329367043411857,0.26222713537060516,0.31693887068064663,5000
355,1,evaluate,4.886348368246344,0.4276,0.3467720751171427,0.2144837935912262,0.26358989966360713,5000
355,2,evaluate,4.886348368246344,0.4276,0.3467720751171427,0.2144837935912262,0.26358989966360713,5000
355,3,evaluate,3.6293328925024104,0.525,0.40329367043411857,0.26222713537060516,0.31693887068064663,5000
355,4,evaluate,3.6293328925024104,0.525,0.40329367043411857,0.26222713537060516,0.31693887068064663,5000
355,5,evaluate,4.886348368246344,0.4276,0.3467720751171427,0.2144837935912262,0.26358989966360713,5000
356,0,evaluate,3.656756060032905,0.5234,0.4031762341235557,0.2613737875284844,0.3162993126111887,5000
356,1,evaluate,4.854743187940573,0.4322,0.3483654554567635,0.21666996743166358,0.26595160918391175,5000
356,2,evaluate,4.854743187940573,0.4322,0.3483654554567635,0.21666996743166358,0.26595160918391175,5000
356,3,evaluate,3.656756060032905,0.5234,0.4031762341235557,0.2613737875284844,0.3162993126111887,5000
356,4,evaluate,4.854743187940573,0.4322,0.3483654554567635,0.21666996743166358,0.26595160918391175,5000
356,5,evaluate,3.656756060032905,0.5234,0.4031762341235557,0.2613737875284844,0.3162993126111887,5000
357,0,evaluate,4.830483400368992,0.4358,0.34511114667837417,0.21839919215992526,0.2664942383829142,5000
357,1,evaluate,4.830483400368992,0.4358,0.34511114667837417,0.21839919215992526,0.2664942383829142,5000
357,2,evaluate,3.7238004298149785,0.516,0.4041377958237892,0.25753627289275605,0.3135079373136521,5000
357,3,evaluate,3.7238004298149785,0.516,0.4041377958237892,0.25753627289275605,0.3135079373136521,5000
357,4,evaluate,4.830483400368992,0.4358,0.34511114667837417,0.21839919215992526,0.2664942383829142,5000
357,5,evaluate,3.7238004298149785,0.516,0.4041377958237892,0.25753627289275605,0.3135079373136521,5000
358,0,evaluate,4.76909482931789,0.4454,0.3456619454025104,0.22312159948647378,0.27040273557697525,5000
358,1,evaluate,3.7909622886512855,0.508,0.404771122230804,0.25344774529500663,0.3104024323927507,5000
358,2,evaluate,4.76909482931789,0.4454,0.3456619454025104,0.22312159948647378,0.27040273557697525,5000
358,3,evaluate,4.76909482931789,0.4454,0.3456619454025104,0.22312159948647378,0.27040273557697525,5000
358,4,evaluate,3.7909622886512855,0.508,0.404771122230804,0.25344774529500663,0.3104024323927507,5000
358,5,evaluate,3.7909622886512855,0.508,0.404771122230804,0.25344774529500663,0.3104024323927507,5000
359,0,evaluate,3.780247407623484,0.4992,0.4044036401591532,0.24898167676680347,0.30676070543428363,5000
359,1,evaluate,3.780247407623484,0.4992,0.4044036401591532,0.24898167676680347,0.30676070543428363,5000
359,2,evaluate,4.689812183380127,0.4532,0.34487902633555334,0.22701368156970975,0.2731147150765199,5000
359,3,evaluate,4.689812183380127,0.4532,0.34487902633555334,0.22701368156970975,0.2731147150765199,5000
359,4,evaluate,4.689812183380127,0.4532,0.34487902633555334,0.22701368156970975,0.2731147150765199,5000
359,5,evaluate,3.780247407623484,0.4992,0.4044036401591532,0.24898167676680347,0.30676070543428363,5000
360,0,evaluate,3.7411770398103736,0.4996,0.4039292795820083,0.24909257258566253,0.3067470760303387,5000
360,1,evaluate,4.672533862198455,0.452,0.3467137520478064,0.22644170838261496,0.2733190278582171,5000
360,2,evaluate,4.672533862198455,0.452,0.3467137520478064,0.22644170838261496,0.2733190278582171,5000
360,3,evaluate,3.7411770398103736,0.4996,0.4039292795820083,0.24909257258566253,0.3067470760303387,5000
360,4,evaluate,4.672533862198455,0.452,0.3467137520478064,0.22644170838261496,0.2733190278582171,5000
360,5,evaluate,3.7411770398103736,0.4996,0.4039292795820083,0.24909257258566253,0.3067470760303387,5000
361,0,evaluate,3.6959973407697073,0.5022,0.4034568359363003,0.25038698024654604,0.3081388576246869,5000
361,1,evaluate,3.6959973407697073,0.5022,0.4034568359363003,0.25038698024654604,0.3081388576246869,5000
361,2,evaluate,4.735882499549962,0.446,0.34750594676877994,0.2234674576894017,0.2713155245100029,5000
361,3,evaluate,4.735882499549962,0.446,0.34750594676877994,0.2234674576894017,0.2713155245100029,5000
361,4,evaluate,3.6959973407697073,0.5022,0.4034568359363003,0.25038698024654604,0.3081388576246869,5000
361,5,evaluate,4.735882499549962,0.446,0.34750594676877994,0.2234674576894017,0.2713155245100029,5000
362,0,evaluate,3.642363095585304,0.5078,0.40179577257436605,0.25316841719277844,0.310097194192616,5000
362,1,evaluate,3.642363095585304,0.5078,0.40179577257436605,0.25316841719277844,0.310097194192616,5000
362,2,evaluate,4.8074770667884925,0.4398,0.3500370141392325,0.22036816316778354,0.2696166797116726,5000
362,3,evaluate,4.8074770667884925,0.4398,0.3500370141392325,0.22036816316778354,0.2696166797116726,5000
362,4,evaluate,3.642363095585304,0.5078,0.40179577257436605,0.25316841719277844,0.310097194192616,5000
362,5,evaluate,4.8074770667884925,0.4398,0.3500370141392325,0.22036816316778354,0.2696166797116726,5000
363,0,evaluate,3.5978303227243544,0.5122,0.4010528380784614,0.25520833520195396,0.3113043719424473,5000
363,1,evaluate,4.866441669343393,0.4324,0.34943081524078534,0.21671485988457037,0.26653951088650263,5000
363,2,evaluate,4.866441669343393,0.4324,0.34943081524078534,0.21671485988457037,0.26653951088650263,5000
363,3,evaluate,4.866441669343393,0.4324,0.34943081524078534,0.21671485988457037,0.26653951088650263,5000
363,4,evaluate,3.5978303227243544,0.5122,0.4010528380784614,0.25520833520195396,0.3113043719424473,5000
363,5,evaluate,3.5978303227243544,0.5122,0.4010528380784614,0.25520833520195396,0.3113043719424473,5000
364,0,evaluate,3.5747086820723135,0.5172,0.4009266656621608,0.2576571432756958,0.3130395147369922,5000
364,1,evaluate,4.892798749706413,0.428,0.35237456102324305,0.2146211426956688,0.2654804265158643,5000
364,2,evaluate,4.892798749706413,0.428,0.35237456102324305,0.2146211426956688,0.2654804265158643,5000
364,3,evaluate,4.892798749706413,0.428,0.35237456102324305,0.2146211426956688,0.2654804265158643,5000
364,4,evaluate,3.5747086820723135,0.5172,0.4009266656621608,0.2576571432756958,0.3130395147369922,5000
364,5,evaluate,3.5747086820723135,0.5172,0.4009266656621608,0.2576571432756958,0.3130395147369922,5000
365,0,evaluate,3.587402443342571,0.5208,0.40136891124940943,0.2595179819318424,0.31449588292245595,5000
365,1,evaluate,4.938740343987187,0.427,0.3530110275421591,0.2141672593832072,0.2650905246715818,5000
365,2,evaluate,4.938740343987187,0.427,0.3530110275421591,0.2141672593832072,0.2650905246715818,5000
365,3,evaluate,4.938740343987187,0.427,0.3530110275421591,0.2141672593832072,0.2650905246715818,5000
365,4,evaluate,3.587402443342571,0.5208,0.40136891124940943,0.2595179819318424,0.31449588292245595,5000
365,5,evaluate,3.587402443342571,0.5208,0.40136891124940943,0.2595179819318424,0.31449588292245595,5000
366,0,evaluate,4.933899900581263,0.4278,0.3512732101296265,0.2145847490702611,0.2649530977600628,5000
366,1,evaluate,3.6031529646885545,0.5196,0.4009547400570871,0.25910095769666597,0.313712922338249,5000
366,2,evaluate,4.933899900581263,0.4278,0.3512732101296265,0.2145847490702611,0.2649530977600628,5000
366,3,evaluate,3.6031529646885545,0.5196,0.4009547400570871,0.25910095769666597,0.313712922338249,5000
366,4,evaluate,4.933899900581263,0.4278,0.3512732101296265,0.2145847490702611,0.2649530977600628,5000
366,5,evaluate,3.6031529646885545,0.5196,0.4009547400570871,0.25910095769666597,0.313712922338249,5000
367,0,evaluate,3.649511391603494,0.506,0.39864865677069083,0.2524334740224016,0.30765069711816456,5000
367,1,evaluate,4.884713580336752,0.4382,0.35182087651581906,0.21979588506007888,0.26919924166207543,5000
367,2,evaluate,4.884713580336752,0.4382,0.35182087651581906,0.21979588506007888,0.26919924166207543,5000
367,3,evaluate,4.884713580336752,0.4382,0.35182087651581906,0.21979588506007888,0.26919924166207543,5000
367,4,evaluate,3.649511391603494,0.506,0.39864865677069083,0.2524334740224016,0.30765069711816456,5000
367,5,evaluate,3.649511391603494,0.506,0.39864865677069083,0.2524334740224016,0.30765069711816456,5000
368,0,evaluate,3.7113615017903,0.4984,0.3990170884028538,0.2487026777892213,0.30434136037303877,5000
368,1,evaluate,4.869001071664352,0.4416,0.35060687176505795,0.22148088340749889,0.27014433110696656,5000
368,2,evaluate,4.869001071664352,0.4416,0.35060687176505795,0.22148088340749889,0.27014433110696656,5000
368,3,evaluate,3.7113615017903,0.4984,0.3990170884028538,0.2487026777892213,0.30434136037303877,5000
368,4,evaluate,4.869001071664352,0.4416,0.35060687176505795,0.22148088340749889,0.27014433110696656,5000
368,5,evaluate,3.7113615017903,0.4984,0.3990170884028538,0.2487026777892213,0.30434136037303877,5000
369,0,evaluate,3.7566958650757996,0.499,0.4006357476626386,0.24901565015793192,0.304539684091801,5000
369,1,evaluate,3.7566958650757996,0.499,0.4006357476626386,0.24901565015793192,0.304539684091801,5000
369,2,evaluate,3.7566958650757996,0.499,0.4006357476626386,0.24901565015793192,0.304539684091801,5000
369,3,evaluate,4.901951632922208,0.4442,0.35101071636587083,0.22268377028049563,0.2714274245205623,5000
369,4,evaluate,4.901951632922208,0.4442,0.35101071636587083,0.22268377028049563,0.2714274245205623,5000
369,5,evaluate,4.901951632922208,0.4442,0.35101071636587083,0.22268377028049563,0.2714274245205623,5000
370,0,evaluate,4.927257414105572,0.4434,0.35063333957181636,0.2221239342208449,0.27127790906167487,5000
370,1,evaluate,3.774526855613612,0.504,0.40108094819768947,0.2515254063954188,0.30651493539564456,5000
370,2,evaluate,3.774526855613612,0.504,0.40108094819768947,0.2515254063954188,0.30651493539564456,5000
370,3,evaluate,4.927257414105572,0.4434,0.35063333957181636,0.2221239342208449,0.27127790906167487,5000
370,4,evaluate,4.927257414105572,0.4434,0.35063333957181636,0.2221239342208449,0.27127790906167487,5000
370,5,evaluate,3.774526855613612,0.504,0.40108094819768947,0.2515254063954188,0.30651493539564456,5000
371,0,evaluate,3.767596999301186,0.5136,0.40159508774555397,0.25616112601064545,0.31034331166507123,5000
371,1,evaluate,3.767596999301186,0.5136,0.40159508774555397,0.25616112601064545,0.31034331166507123,5000
371,2,evaluate,5.011944991123827,0.4342,0.3504779386035639,0.217436308015581,0.2676969638379882,5000
371,3,evaluate,3.767596999301186,0.5136,0.40159508774555397,0.25616112601064545,0.31034331166507123,5000
371,4,evaluate,5.011944991123827,0.4342,0.3504779386035639,0.217436308015581,0.2676969638379882,5000
371,5,evaluate,5.011944991123827,0.4342,0.3504779386035639,0.217436308015581,0.2676969638379882,5000
372,0,evaluate,5.082501957688151,0.4178,0.34923974823305737,0.2091504294844761,0.26094293500329824,5000
372,1,evaluate,3.733766625199137,0.5248,0.4011634395058287,0.26171071171990157,0.3143280456720186,5000
372,2,evaluate,5.082501957688151,0.4178,0.34923974823305737,0.2091504294844761,0.26094293500329824,5000
372,3,evaluate,5.082501957688151,0.4178,0.34923974823305737,0.2091504294844761,0.26094293500329824,5000
372,4,evaluate,3.733766625199137,0.5248,0.4011634395058287,0.26171071171990157,0.3143280456720186,5000
372,5,evaluate,3.733766625199137,0.5248,0.4011634395058287,0.26171071171990157,0.3143280456720186,5000
373,0,evaluate,5.147203557098968,0.4134,0.3496965526601145,0.20691824689803567,0.2592611881911281,5000
373,1,evaluate,3.748041626773303,0.526,0.3989276268646994,0.26225249677424906,0.3142429991242451,5000
373,2,evaluate,5.147203557098968,0.4134,0.3496965526601145,0.20691824689803567,0.2592611881911281,5000
373,3,evaluate,5.147203557098968,0.4134,0.3496965526601145,0.20691824689803567,0.2592611881911281,5000
373,4,evaluate,3.748041626773303,0.526,0.3989276268646994,0.26225249677424906,0.3142429991242451,5000
373,5,evaluate,3.748041626773303,0.526,0.3989276268646994,0.26225249677424906,0.3142429991242451,5000
374,0,evaluate,3.749828447269488,0.5308,0.3985762068876558,0.2645628931818796,0.31620845873439707,5000
374,1,evaluate,3.749828447269488,0.5308,0.3985762068876558,0.2645628931818796,0.31620845873439707,5000
374,2,evaluate,5.173941702782353,0.41,0.34629365069150503,0.20524746083346362,0.25698021220532097,5000
374,3,evaluate,5.173941702782353,0.41,0.34629365069150503,0.20524746083346362,0.25698021220532097,5000
374,4,evaluate,5.173941702782353,0.41,0.34629365069150503,0.20524746083346362,0.25698021220532097,5000
374,5,evaluate,3.749828447269488,0.5308,0.3985762068876558,0.2645628931818796,0.31620845873439707,5000
375,0,evaluate,3.749697477002687,0.5254,0.39741051976947395,0.26182763876751686,0.3140864682996847,5000
375,1,evaluate,5.09826207764541,0.418,0.3466955371460805,0.20931818292331225,0.2604198767051048,5000
375,2,evaluate,5.09826207764541,0.418,0.3466955371460805,0.20931818292331225,0.2604198767051048,5000
375,3,evaluate,3.749697477002687,0.5254,0.39741051976947395,0.26182763876751686,0.3140864682996847,5000
375,4,evaluate,3.749697477002687,0.5254,0.39741051976947395,0.26182763876751686,0.3140864682996847,5000
375,5,evaluate,5.09826207764541,0.418,0.3466955371460805,0.20931818292331225,0.2604198767051048,5000
376,0,evaluate,5.050633406337304,0.4252,0.34607697585487684,0.21306259175663356,0.2629974630287106,5000
376,1,evaluate,5.050633406337304,0.4252,0.34607697585487684,0.21306259175663356,0.2629974630287106,5000
376,2,evaluate,3.7717380463322505,0.5176,0.39801580327898395,0.2579187208851845,0.31170134179615616,5000
376,3,evaluate,3.7717380463322505,0.5176,0.39801580327898395,0.2579187208851845,0.31170134179615616,5000
376,4,evaluate,3.7717380463322505,0.5176,0.39801580327898395,0.2579187208851845,0.31170134179615616,5000
376,5,evaluate,5.050633406337304,0.4252,0.34607697585487684,0.21306259175663356,0.2629974630287106,5000
377,0,evaluate,4.957899540285521,0.433,0.346276659938917,0.21711157637413528,0.2659209165176048,5000
377,1,evaluate,4.957899540285521,0.433,0.346276659938917,0.21711157637413528,0.2659209165176048,5000
377,2,evaluate,3.7424584732779973,0.5084,0.39441236163716775,0.2533892692448432,0.30759397310882325,5000
377,3,evaluate,3.7424584732779973,0.5084,0.39441236163716775,0.2533892692448432,0.30759397310882325,5000
377,4,evaluate,3.7424584732779973,0.5084,0.39441236163716775,0.2533892692448432,0.30759397310882325,5000
377,5,evaluate,4.957899540285521,0.433,0.346276659938917,0.21711157637413528,0.2659209165176048,5000
378,0,evaluate,4.897565419160867,0.4394,0.34331893957495974,0.22047150570353308,0.26720238226621007,5000
378,1,evaluate,3.8019930350629587,0.4986,0.3966895218214996,0.24840811863321682,0.304434086847092,5000
378,2,evaluate,4.897565419160867,0.4394,0.34331893957495974,0.22047150570353308,0.26720238226621007,5000
378,3,evaluate,3.8019930350629587,0.4986,0.3966895218214996,0.24840811863321682,0.304434086847092,5000
378,4,evaluate,3.8019930350629587,0.4986,0.3966895218214996,0.24840811863321682,0.304434086847092,5000
378,5,evaluate,4.897565419160867,0.4394,0.34331893957495974,0.22047150570353308,0.26720238226621007,5000
379,0,evaluate,4.819477549082117,0.4446,0.3410993773709934,0.2231217040622345,0.26832946765257876,5000
379,1,evaluate,3.7997664892220797,0.4862,0.394459667249183,0.24219795230458602,0.29864776484119,5000
379,2,evaluate,3.7997664892220797,0.4862,0.394459667249183,0.24219795230458602,0.29864776484119,5000
379,3,evaluate,3.7997664892220797,0.4862,0.394459667249183,0.24219795230458602,0.29864776484119,5000
379,4,evaluate,4.819477549082117,0.4446,0.3410993773709934,0.2231217040622345,0.26832946765257876,5000
379,5,evaluate,4.819477549082117,0.4446,0.3410993773709934,0.2231217040622345,0.26832946765257876,5000
380,0,evaluate,3.720392459555517,0.4886,0.3945883882696809,0.2433801066226488,0.29949118313055556,5000
380,1,evaluate,4.762423219560068,0.4438,0.3419832493275795,0.22269056477524907,0.2682643397460235,5000
380,2,evaluate,4.762423219560068,0.4438,0.3419832493275795,0.22269056477524907,0.2682643397460235,5000
380,3,evaluate,4.762423219560068,0.4438,0.3419832493275795,0.22269056477524907,0.2682643397460235,5000
380,4,evaluate,3.720392459555517,0.4886,0.3945883882696809,0.2433801066226488,0.29949118313055556,5000
380,5,evaluate,3.720392459555517,0.4886,0.3945883882696809,0.2433801066226488,0.29949118313055556,5000
381,0,evaluate,3.598116428037233,0.4994,0.39644795307634373,0.24866553094426685,0.303806181901499,5000
381,1,evaluate,3.598116428037233,0.4994,0.39644795307634373,0.24866553094426685,0.303806181901499,5000
381,2,evaluate,3.598116428037233,0.4994,0.39644795307634373,0.24866553094426685,0.303806181901499,5000
381,3,evaluate,4.761436039888406,0.4348,0.3437639352651119,0.21812593405447273,0.26558000038880847,5000
381,4,evaluate,4.761436039888406,0.4348,0.3437639352651119,0.21812593405447273,0.26558000038880847,5000
381,5,evaluate,4.761436039888406,0.4348,0.3437639352651119,0.21812593405447273,0.26558000038880847,5000
382,0,evaluate,4.806960999211179,0.4228,0.34330115336574435,0.2120609890274104,0.26109223523154756,5000
382,1,evaluate,3.5100781615776353,0.51,0.39695380208688824,0.2537484747415024,0.3072952739447642,5000
382,2,evaluate,4.806960999211179,0.4228,0.34330115336574435,0.2120609890274104,0.26109223523154756,5000
382,3,evaluate,3.5100781615776353,0.51,0.39695380208688824,0.2537484747415024,0.3072952739447642,5000
382,4,evaluate,4.806960999211179,0.4228,0.34330115336574435,0.2120609890274104,0.26109223523154756,5000
382,5,evaluate,3.5100781615776353,0.51,0.39695380208688824,0.2537484747415024,0.3072952739447642,5000
383,0,evaluate,4.873551990412459,0.4118,0.3409952396771434,0.20647843376090308,0.2562086764328503,5000
383,1,evaluate,4.873551990412459,0.4118,0.3409952396771434,0.20647843376090308,0.2562086764328503,5000
383,2,evaluate,3.4743752449373657,0.5184,0.3976990033698635,0.2578753045534707,0.3101413313163841,5000
383,3,evaluate,3.4743752449373657,0.5184,0.3976990033698635,0.2578753045534707,0.3101413313163841,5000
383,4,evaluate,4.873551990412459,0.4118,0.3409952396771434,0.20647843376090308,0.2562086764328503,5000
383,5,evaluate,3.4743752449373657,0.5184,0.3976990033698635,0.2578753045534707,0.3101413313163841,5000
384,0,evaluate,3.440918665897997,0.5256,0.3989647932535078,0.2614708586040686,0.3129656773345324,5000
384,1,evaluate,3.440918665897997,0.5256,0.3989647932535078,0.2614708586040686,0.3129656773345324,5000
384,2,evaluate,4.917324126521243,0.4024,0.3388829960233952,0.201630501168668,0.2520392142726525,5000
384,3,evaluate,4.917324126521243,0.4024,0.3388829960233952,0.201630501168668,0.2520392142726525,5000
384,4,evaluate,4.917324126521243,0.4024,0.3388829960233952,0.201630501168668,0.2520392142726525,5000
384,5,evaluate,3.440918665897997,0.5256,0.3989647932535078,0.2614708586040686,0.3129656773345324,5000
385,0,evaluate,4.80117225345177,0.4032,0.33904770308201215,0.201937966572252,0.2524820794826327,5000
385,1,evaluate,3.393911747992793,0.522,0.3976894405802999,0.2598696779088133,0.3116482354921409,5000
385,2,evaluate,3.393911747992793,0.522,0.3976894405802999,0.2598696779088133,0.3116482354921409,5000
385,3,evaluate,4.80117225345177,0.4032,0.33904770308201215,0.201937966572252,0.2524820794826327,5000
385,4,evaluate,3.393911747992793,0.522,0.3976894405802999,0.2598696779088133,0.3116482354921409,5000
385,5,evaluate,4.80117225345177,0.4032,0.33904770308201215,0.201937966572252,0.2524820794826327,5000
386,0,evaluate,3.370829259292989,0.5144,0.3964220644953163,0.256502846099803,0.3091522962827618,5000
386,1,evaluate,4.664273826381828,0.4128,0.33995099916415095,0.2066573391918142,0.2564920674429279,5000
386,2,evaluate,4.664273826381828,0.4128,0.33995099916415095,0.2066573391918142,0.2564920674429279,5000
386,3,evaluate,3.370829259292989,0.5144,0.3964220644953163,0.256502846099803,0.3091522962827618,5000
386,4,evaluate,4.664273826381828,0.4128,0.33995099916415095,0.2066573391918142,0.2564920674429279,5000
386,5,evaluate,3.370829259292989,0.5144,0.3964220644953163,0.256502846099803,0.3091522962827618,5000
387,0,evaluate,3.4221306692195843,0.5028,0.3967986367439694,0.2510068520441007,0.3057804088545279,5000
387,1,evaluate,4.563806141479106,0.4282,0.34081396590554014,0.214395714301161,0.2627502311406103,5000
387,2,evaluate,4.563806141479106,0.4282,0.34081396590554014,0.214395714301161,0.2627502311406103,5000
387,3,evaluate,4.563806141479106,0.4282,0.34081396590554014,0.214395714301161,0.2627502311406103,5000
387,4,evaluate,3.4221306692195843,0.5028,0.3967986367439694,0.2510068520441007,0.3057804088545279,5000
387,5,evaluate,3.4221306692195843,0.5028,0.3967986367439694,0.2510068520441007,0.3057804088545279,5000
388,0,evaluate,4.52488243127171,0.4398,0.3422306075757587,0.2203325167000735,0.26751926619608496,5000
388,1,evaluate,3.5077505836003944,0.4936,0.39810314205306785,0.246678150764072,0.30328139885575833,5000
388,2,evaluate,3.5077505836003944,0.4936,0.39810314205306785,0.246678150764072,0.30328139885575833,5000
388,3,evaluate,4.52488243127171,0.4398,0.3422306075757587,0.2203325167000735,0.26751926619608496,5000
388,4,evaluate,3.5077505836003944,0.4936,0.39810314205306785,0.246678150764072,0.30328139885575833,5000
388,5,evaluate,4.52488243127171,0.4398,0.3422306075757587,0.2203325167000735,0.26751926619608496,5000
389,0,evaluate,4.57197057446347,0.4454,0.34222825458450107,0.2232433458191177,0.26947748529648063,5000
389,1,evaluate,3.584413169305536,0.4906,0.39757619629229196,0.24525508515642488,0.3025739985907516,5000
389,2,evaluate,3.584413169305536,0.4906,0.39757619629229196,0.24525508515642488,0.3025739985907516,5000
389,3,evaluate,4.57197057446347,0.4454,0.34222825458450107,0.2232433458191177,0.26947748529648063,5000
389,4,evaluate,4.57197057446347,0.4454,0.34222825458450107,0.2232433458191177,0.26947748529648063,5000
389,5,evaluate,3.584413169305536,0.4906,0.39757619629229196,0.24525508515642488,0.3025739985907516,5000
390,0,evaluate,4.667003193988076,0.447,0.3425169050080895,0.22415709365407183,0.26986438548434355,5000
390,1,evaluate,3.6750726458392564,0.4878,0.397772283445396,0.24365982525385882,0.30174802053101,5000
390,2,evaluate,3.6750726458392564,0.4878,0.397772283445396,0.24365982525385882,0.30174802053101,5000
390,3,evaluate,4.667003193988076,0.447,0.3425169050080895,0.22415709365407183,0.26986438548434355,5000
390,4,evaluate,3.6750726458392564,0.4878,0.397772283445396,0.24365982525385882,0.30174802053101,5000
390,5,evaluate,4.667003193988076,0.447,0.3425169050080895,0.22415709365407183,0.26986438548434355,5000
391,0,evaluate,3.730286528792562,0.4996,0.39862495030010214,0.249363191650753,0.306261560726021,5000
391,1,evaluate,3.730286528792562,0.4996,0.39862495030010214,0.249363191650753,0.306261560726021,5000
391,2,evaluate,3.730286528792562,0.4996,0.39862495030010214,0.249363191650753,0.306261560726021,5000
391,3,evaluate,4.843305165254617,0.4468,0.34522769285069843,0.22416762959970077,0.27031193032093964,5000
391,4,evaluate,4.843305165254617,0.4468,0.34522769285069843,0.22416762959970077,0.27031193032093964,5000
391,5,evaluate,4.843305165254617,0.4468,0.34522769285069843,0.22416762959970077,0.27031193032093964,5000
392,0,evaluate,5.031113425387612,0.4408,0.3454809332079882,0.22125155071351904,0.26777782094188696,5000
392,1,evaluate,3.7591210890419875,0.5102,0.39971803052138705,0.25442508257191543,0.31031512562489755,5000
392,2,evaluate,3.7591210890419875,0.5102,0.39971803052138705,0.25442508257191543,0.31031512562489755,5000
392,3,evaluate,3.7591210890419875,0.5102,0.39971803052138705,0.25442508257191543,0.31031512562489755,5000
392,4,evaluate,5.031113425387612,0.4408,0.3454809332079882,0.22125155071351904,0.26777782094188696,5000
392,5,evaluate,5.031113425387612,0.4408,0.3454809332079882,0.22125155071351904,0.26777782094188696,5000
393,0,evaluate,3.7946347828152813,0.5146,0.39598280504105865,0.2564204961571072,0.31039783485060723,5000
393,1,evaluate,5.197926977012731,0.4316,0.34434725248761155,0.216680067682766,0.2637375063215559,5000
393,2,evaluate,5.197926977012731,0.4316,0.34434725248761155,0.216680067682766,0.2637375063215559,5000
393,3,evaluate,5.197926977012731,0.4316,0.34434725248761155,0.216680067682766,0.2637375063215559,5000
393,4,evaluate,3.7946347828152813,0.5146,0.39598280504105865,0.2564204961571072,0.31039783485060723,5000
393,5,evaluate,3.7946347828152813,0.5146,0.39598280504105865,0.2564204961571072,0.31039783485060723,5000
394,0,evaluate,5.254837911340255,0.4286,0.34777480799067084,0.21511981443545009,0.2636512135879503,5000
394,1,evaluate,3.7387533218045776,0.5252,0.3976111928973144,0.26164518628138367,0.31454761399207765,5000
394,2,evaluate,5.254837911340255,0.4286,0.34777480799067084,0.21511981443545009,0.2636512135879503,5000
394,3,evaluate,5.254837911340255,0.4286,0.34777480799067084,0.21511981443545009,0.2636512135879503,5000
394,4,evaluate,3.7387533218045776,0.5252,0.3976111928973144,0.26164518628138367,0.31454761399207765,5000
394,5,evaluate,3.7387533218045776,0.5252,0.3976111928973144,0.26164518628138367,0.31454761399207765,5000
395,0,evaluate,5.244845716259148,0.4116,0.3482209983765917,0.20650174554989845,0.25736304606290006,5000
395,1,evaluate,3.6132128359396245,0.5336,0.3953599770888167,0.2656640734312445,0.31663530509019433,5000
395,2,evaluate,5.244845716259148,0.4116,0.3482209983765917,0.20650174554989845,0.25736304606290006,5000
395,3,evaluate,3.6132128359396245,0.5336,0.3953599770888167,0.2656640734312445,0.31663530509019433,5000
395,4,evaluate,5.244845716259148,0.4116,0.3482209983765917,0.20650174554989845,0.25736304606290006,5000
395,5,evaluate,3.6132128359396245,0.5336,0.3953599770888167,0.2656640734312445,0.31663530509019433,5000
396,0,evaluate,5.247439170185523,0.4018,0.35049441160115496,0.2014062772582811,0.25429070683118665,5000
396,1,evaluate,5.247439170185523,0.4018,0.35049441160115496,0.2014062772582811,0.25429070683118665,5000
396,2,evaluate,3.5347753989545603,0.5402,0.39577201698644254,0.2689705993426853,0.31888712069550695,5000
396,3,evaluate,5.247439170185523,0.4018,0.35049441160115496,0.2014062772582811,0.25429070683118665,5000
396,4,evaluate,3.5347753989545603,0.5402,0.39577201698644254,0.2689705993426853,0.31888712069550695,5000
396,5,evaluate,3.5347753989545603,0.5402,0.39577201698644254,0.2689705993426853,0.31888712069550695,5000
397,0,evaluate,5.1483931390545035,0.3918,0.3478411020226831,0.1962861428416016,0.24937716807153584,5000
397,1,evaluate,5.1483931390545035,0.3918,0.3478411020226831,0.1962861428416016,0.24937716807153584,5000
397,2,evaluate,5.1483931390545035,0.3918,0.3478411020226831,0.1962861428416016,0.24937716807153584,5000
397,3,evaluate,3.4746697371519066,0.5438,0.3955209089138057,0.27090220844175167,0.3200702760511752,5000
397,4,evaluate,3.4746697371519066,0.5438,0.3955209089138057,0.27090220844175167,0.3200702760511752,5000
397,5,evaluate,3.4746697371519066,0.5438,0.3955209089138057,0.27090220844175167,0.3200702760511752,5000
398,0,evaluate,3.4678150279612483,0.5338,0.3936982601587069,0.26622095233853715,0.31569385498533664,5000
398,1,evaluate,3.4678150279612483,0.5338,0.3936982601587069,0.26622095233853715,0.31569385498533664,5000
398,2,evaluate,3.4678150279612483,0.5338,0.3936982601587069,0.26622095233853715,0.31569385498533664,5000
398,3,evaluate,5.012230646761158,0.3964,0.34817182560190635,0.19851351929945496,0.2512110151540705,5000
398,4,evaluate,5.012230646761158,0.3964,0.34817182560190635,0.19851351929945496,0.2512110151540705,5000
398,5,evaluate,5.012230646761158,0.3964,0.34817182560190635,0.19851351929945496,0.2512110151540705,5000
399,0,evaluate,3.525053866301911,0.5206,0.39415990659415934,0.25979220102658107,0.31094006279748415,5000
399,1,evaluate,4.87978495827204,0.4084,0.34537893273122316,0.2045371222569036,0.2554925036822445,5000
399,2,evaluate,4.87978495827204,0.4084,0.34537893273122316,0.2045371222569036,0.2554925036822445,5000
399,3,evaluate,3.525053866301911,0.5206,0.39415990659415934,0.25979220102658107,0.31094006279748415,5000
399,4,evaluate,3.525053866301911,0.5206,0.39415990659415934,0.25979220102658107,0.31094006279748415,5000
399,5,evaluate,4.87978495827204,0.4084,0.34537893273122316,0.2045371222569036,0.2554925036822445,5000
400,0,evaluate,4.766778979120375,0.4254,0.34413030353859364,0.2131037952786295,0.2623167087457269,5000
400,1,evaluate,3.639384423630147,0.5058,0.39322091836774636,0.25256729961293245,0.30517681591868956,5000
400,2,evaluate,4.766778979120375,0.4254,0.34413030353859364,0.2131037952786295,0.2623167087457269,5000
400,3,evaluate,3.639384423630147,0.5058,0.39322091836774636,0.25256729961293245,0.30517681591868956,5000
400,4,evaluate,3.639384423630147,0.5058,0.39322091836774636,0.25256729961293245,0.30517681591868956,5000
400,5,evaluate,4.766778979120375,0.4254,0.34413030353859364,0.2131037952786295,0.2623167087457269,5000
401,0,evaluate,4.736468447914606,0.4406,0.34448322761330596,0.22078989837092894,0.268387082013777,5000
401,1,evaluate,3.761143101921564,0.4948,0.39291704243294334,0.24705192643439755,0.3010468236112228,5000
401,2,evaluate,4.736468447914606,0.4406,0.34448322761330596,0.22078989837092894,0.268387082013777,5000
401,3,evaluate,4.736468447914606,0.4406,0.34448322761330596,0.22078989837092894,0.268387082013777,5000
401,4,evaluate,3.761143101921564,0.4948,0.39291704243294334,0.24705192643439755,0.3010468236112228,5000
401,5,evaluate,3.761143101921564,0.4948,0.39291704243294334,0.24705192643439755,0.3010468236112228,5000
402,0,evaluate,4.749326844758626,0.4452,0.34266162881141893,0.22317654024788913,0.2694084957212104,5000
402,1,evaluate,3.8346198148365263,0.4884,0.39534905939332143,0.24377430726748256,0.2995730440837471,5000
402,2,evaluate,4.749326844758626,0.4452,0.34266162881141893,0.22317654024788913,0.2694084957212104,5000
402,3,evaluate,3.8346198148365263,0.4884,0.39534905939332143,0.24377430726748256,0.2995730440837471,5000
402,4,evaluate,4.749326844758626,0.4452,0.34266162881141893,0.22317654024788913,0.2694084957212104,5000
402,5,evaluate,3.8346198148365263,0.4884,0.39534905939332143,0.24377430726748256,0.2995730440837471,5000
403,0,evaluate,4.784895368769199,0.4446,0.3426769158063448,0.22299085843121874,0.26911641274992615,5000
403,1,evaluate,3.8519931020615976,0.4872,0.3945633738385817,0.242978981795541,0.29884869764961114,5000
403,2,evaluate,4.784895368769199,0.4446,0.3426769158063448,0.22299085843121874,0.26911641274992615,5000
403,3,evaluate,4.784895368769199,0.4446,0.3426769158063448,0.22299085843121874,0.26911641274992615,5000
403,4,evaluate,3.8519931020615976,0.4872,0.3945633738385817,0.242978981795541,0.29884869764961114,5000
403,5,evaluate,3.8519931020615976,0.4872,0.3945633738385817,0.242978981795541,0.29884869764961114,5000
404,0,evaluate,4.8179504116879235,0.445,0.34402552808220943,0.22327216274466538,0.2694616609340996,5000
404,1,evaluate,3.8265469225147104,0.488,0.395728334268605,0.243153076833712,0.29948531214248264,5000
404,2,evaluate,3.8265469225147104,0.488,0.395728334268605,0.243153076833712,0.29948531214248264,5000
404,3,evaluate,4.8179504116879235,0.445,0.34402552808220943,0.22327216274466538,0.2694616609340996,5000
404,4,evaluate,4.8179504116879235,0.445,0.34402552808220943,0.22327216274466538,0.2694616609340996,5000
404,5,evaluate,3.8265469225147104,0.488,0.395728334268605,0.243153076833712,0.29948531214248264,5000
405,0,evaluate,4.8540972003453895,0.4434,0.3459021300522822,0.22254377226915628,0.26920347904532527,5000
405,1,evaluate,3.788824645778801,0.49,0.3966559290850785,0.2441464573190851,0.3006922629600314,5000
405,2,evaluate,3.788824645778801,0.49,0.3966559290850785,0.2441464573190851,0.3006922629600314,5000
405,3,evaluate,3.788824645778801,0.49,0.3966559290850785,0.2441464573190851,0.3006922629600314,5000
405,4,evaluate,4.8540972003453895,0.4434,0.3459021300522822,0.22254377226915628,0.26920347904532527,5000
405,5,evaluate,4.8540972003453895,0.4434,0.3459021300522822,0.22254377226915628,0.26920347904532527,5000
406,0,evaluate,3.7640619157235835,0.4948,0.3979105158541059,0.2465817104581321,0.3029829707029051,5000
406,1,evaluate,3.7640619157235835,0.4948,0.3979105158541059,0.2465817104581321,0.3029829707029051,5000
406,2,evaluate,4.914666556104829,0.4404,0.3459492205400391,0.22105910578717572,0.2681266892060547,5000
406,3,evaluate,4.914666556104829,0.4404,0.3459492205400391,0.22105910578717572,0.2681266892060547,5000
406,4,evaluate,4.914666556104829,0.4404,0.3459492205400391,0.22105910578717572,0.2681266892060547,5000
406,5,evaluate,3.7640619157235835,0.4948,0.3979105158541059,0.2465817104581321,0.3029829707029051,5000
407,0,evaluate,3.735379623461373,0.4958,0.39701611903752776,0.24715626003350497,0.30326791510698375,5000
407,1,evaluate,4.963793181165864,0.434,0.3458516945386546,0.21784697576534393,0.265653018594939,5000
407,2,evaluate,4.963793181165864,0.434,0.3458516945386546,0.21784697576534393,0.265653018594939,5000
407,3,evaluate,4.963793181165864,0.434,0.3458516945386546,0.21784697576534393,0.265653018594939,5000
407,4,evaluate,3.735379623461373,0.4958,0.39701611903752776,0.24715626003350497,0.30326791510698375,5000
407,5,evaluate,3.735379623461373,0.4958,0.39701611903752776,0.24715626003350497,0.30326791510698375,5000
408,0,evaluate,5.053307044355175,0.426,0.3470786508268075,0.21378170266233934,0.26319918885240046,5000
408,1,evaluate,3.7053307792808434,0.5038,0.39825679471846,0.25130883257135844,0.30685351553192813,5000
408,2,evaluate,3.7053307792808434,0.5038,0.39825679471846,0.25130883257135844,0.30685351553192813,5000
408,3,evaluate,5.053307044355175,0.426,0.3470786508268075,0.21378170266233934,0.26319918885240046,5000
408,4,evaluate,3.7053307792808434,0.5038,0.39825679471846,0.25130883257135844,0.30685351553192813,5000
408,5,evaluate,5.053307044355175,0.426,0.3470786508268075,0.21378170266233934,0.26319918885240046,5000
409,0,evaluate,5.050236575211151,0.4214,0.35059927514624245,0.21137178106762353,0.26249877101376584,5000
409,1,evaluate,5.050236575211151,0.4214,0.35059927514624245,0.21137178106762353,0.26249877101376584,5000
409,2,evaluate,5.050236575211151,0.4214,0.35059927514624245,0.21137178106762353,0.26249877101376584,5000
409,3,evaluate,3.6287035187588463,0.5124,0.39746688952150877,0.25564342873768786,0.31023850306221623,5000
409,4,evaluate,3.6287035187588463,0.5124,0.39746688952150877,0.25564342873768786,0.31023850306221623,5000
409,5,evaluate,3.6287035187588463,0.5124,0.39746688952150877,0.25564342873768786,0.31023850306221623,5000
410,0,evaluate,5.070441813408574,0.414,0.35027567602699805,0.20763542786859546,0.2595416282485341,5000
410,1,evaluate,3.5873785833769207,0.5148,0.39569648443962185,0.256892943774801,0.31067101437591277,5000
410,2,evaluate,5.070441813408574,0.414,0.35027567602699805,0.20763542786859546,0.2595416282485341,5000
410,3,evaluate,5.070441813408574,0.414,0.35027567602699805,0.20763542786859546,0.2595416282485341,5000
410,4,evaluate,3.5873785833769207,0.5148,0.39569648443962185,0.256892943774801,0.31067101437591277,5000
410,5,evaluate,3.5873785833769207,0.5148,0.39569648443962185,0.256892943774801,0.31067101437591277,5000
411,0,evaluate,4.963575969768476,0.414,0.35209738526661416,0.2075461659167508,0.2600613697047888,5000
411,1,evaluate,4.963575969768476,0.414,0.35209738526661416,0.2075461659167508,0.2600613697047888,5000
411,2,evaluate,3.517827764342103,0.519,0.3971872649537095,0.25902376600454,0.3124391867626978,5000
411,3,evaluate,4.963575969768476,0.414,0.35209738526661416,0.2075461659167508,0.2600613697047888,5000
411,4,evaluate,3.517827764342103,0.519,0.3971872649537095,0.25902376600454,0.3124391867626978,5000
411,5,evaluate,3.517827764342103,0.519,0.3971872649537095,0.25902376600454,0.3124391867626978,5000
412,0,evaluate,4.905401193642918,0.415,0.34925857813940464,0.2079916999274236,0.259701719701481,5000
412,1,evaluate,3.487117059623139,0.5218,0.397604715249516,0.26036317312114443,0.31334225400619553,5000
412,2,evaluate,3.487117059623139,0.5218,0.397604715249516,0.26036317312114443,0.31334225400619553,5000
412,3,evaluate,4.905401193642918,0.415,0.34925857813940464,0.2079916999274236,0.259701719701481,5000
412,4,evaluate,3.487117059623139,0.5218,0.397604715249516,0.26036317312114443,0.31334225400619553,5000
412,5,evaluate,4.905401193642918,0.415,0.34925857813940464,0.2079916999274236,0.259701719701481,5000
413,0,evaluate,3.5070449189294743,0.522,0.40024110915199185,0.26043885533378275,0.3143665976152826,5000
413,1,evaluate,4.858296584479416,0.417,0.34774770000618915,0.20898252166410872,0.2601714190595589,5000
413,2,evaluate,3.5070449189294743,0.522,0.40024110915199185,0.26043885533378275,0.3143665976152826,5000
413,3,evaluate,4.858296584479416,0.417,0.34774770000618915,0.20898252166410872,0.2601714190595589,5000
413,4,evaluate,3.5070449189294743,0.522,0.40024110915199185,0.26043885533378275,0.3143665976152826,5000
413,5,evaluate,4.858296584479416,0.417,0.34774770000618915,0.20898252166410872,0.2601714190595589,5000
414,0,evaluate,4.8271632888649085,0.4242,0.34966117168604965,0.21258498983554733,0.263545452749043,5000
414,1,evaluate,3.5616559499426734,0.519,0.39961368444530676,0.25887865076482763,0.3131507108686785,5000
414,2,evaluate,3.5616559499426734,0.519,0.39961368444530676,0.25887865076482763,0.3131507108686785,5000
414,3,evaluate,4.8271632888649085,0.4242,0.34966117168604965,0.21258498983554733,0.263545452749043,5000
414,4,evaluate,3.5616559499426734,0.519,0.39961368444530676,0.25887865076482763,0.3131507108686785,5000
414,5,evaluate,4.8271632888649085,0.4242,0.34966117168604965,0.21258498983554733,0.263545452749043,5000
415,0,evaluate,4.853480852102932,0.439,0.350017351115647,0.2200253036380671,0.26953614948370974,5000
415,1,evaluate,3.67841328246684,0.5118,0.3998061129363784,0.2550751867529086,0.31008526894558114,5000
415,2,evaluate,3.67841328246684,0.5118,0.3998061129363784,0.2550751867529086,0.31008526894558114,5000
415,3,evaluate,4.853480852102932,0.439,0.350017351115647,0.2200253036380671,0.26953614948370974,5000
415,4,evaluate,4.853480852102932,0.439,0.350017351115647,0.2200253036380671,0.26953614948370974,5000
415,5,evaluate,3.67841328246684,0.5118,0.3998061129363784,0.2550751867529086,0.31008526894558114,5000
416,0,evaluate,4.927891441538364,0.4476,0.34986040272731456,0.224339690899437,0.27279657975040605,5000
416,1,evaluate,4.927891441538364,0.4476,0.34986040272731456,0.224339690899437,0.27279657975040605,5000
416,2,evaluate,3.824938671498359,0.506,0.40164751787934805,0.25201171769305986,0.30782684880141153,5000
416,3,evaluate,3.824938671498359,0.506,0.40164751787934805,0.25201171769305986,0.30782684880141153,5000
416,4,evaluate,4.927891441538364,0.4476,0.34986040272731456,0.224339690899437,0.27279657975040605,5000
416,5,evaluate,3.824938671498359,0.506,0.40164751787934805,0.25201171769305986,0.30782684880141153,5000
417,0,evaluate,5.019083714183373,0.4484,0.34915365673125576,0.2247136318058506,0.27295109815871454,5000
417,1,evaluate,3.9419646987432166,0.504,0.4052726109368752,0.2508154401861948,0.30749887956419863,5000
417,2,evaluate,3.9419646987432166,0.504,0.4052726109368752,0.2508154401861948,0.30749887956419863,5000
417,3,evaluate,5.019083714183373,0.4484,0.34915365673125576,0.2247136318058506,0.27295109815871454,5000
417,4,evaluate,5.019083714183373,0.4484,0.34915365673125576,0.2247136318058506,0.27295109815871454,5000
417,5,evaluate,3.9419646987432166,0.504,0.4052726109368752,0.2508154401861948,0.30749887956419863,5000
418,0,evaluate,4.020663415329365,0.5064,0.40556383382705186,0.2519596877602136,0.3081285428554327,5000
418,1,evaluate,4.020663415329365,0.5064,0.40556383382705186,0.2519596877602136,0.3081285428554327,5000
418,2,evaluate,5.123136985151073,0.4444,0.348517223681721,0.22260906058996807,0.2713281147163892,5000
418,3,evaluate,5.123136985151073,0.4444,0.348517223681721,0.22260906058996807,0.2713281147163892,5000
418,4,evaluate,5.123136985151073,0.4444,0.348517223681721,0.22260906058996807,0.2713281147163892,5000
418,5,evaluate,4.020663415329365,0.5064,0.40556383382705186,0.2519596877602136,0.3081285428554327,5000
419,0,evaluate,4.065338798716098,0.507,0.40440449672399215,0.2523364150965119,0.308411266037692,5000
419,1,evaluate,5.189891027498849,0.4426,0.3468811560102187,0.22169229444275979,0.27013619585587106,5000
419,2,evaluate,5.189891027498849,0.4426,0.3468811560102187,0.22169229444275979,0.27013619585587106,5000
419,3,evaluate,4.065338798716098,0.507,0.40440449672399215,0.2523364150965119,0.308411266037692,5000
419,4,evaluate,5.189891027498849,0.4426,0.3468811560102187,0.22169229444275979,0.27013619585587106,5000
419,5,evaluate,4.065338798716098,0.507,0.40440449672399215,0.2523364150965119,0.308411266037692,5000
420,0,evaluate,5.085257964798167,0.4372,0.3460547911013026,0.21904259119564676,0.2676618367464826,5000
420,1,evaluate,3.9807847692996643,0.5062,0.40354745892445054,0.2520489423052184,0.3083941725887376,5000
420,2,evaluate,3.9807847692996643,0.5062,0.40354745892445054,0.2520489423052184,0.3083941725887376,5000
420,3,evaluate,3.9807847692996643,0.5062,0.40354745892445054,0.2520489423052184,0.3083941725887376,5000
420,4,evaluate,5.085257964798167,0.4372,0.3460547911013026,0.21904259119564676,0.2676618367464826,5000
420,5,evaluate,5.085257964798167,0.4372,0.3460547911013026,0.21904259119564676,0.2676618367464826,5000
421,0,evaluate,5.031757698783392,0.4334,0.34774458327392777,0.2171966197910486,0.2665234857914133,5000
421,1,evaluate,5.031757698783392,0.4334,0.34774458327392777,0.2171966197910486,0.2665234857914133,5000
421,2,evaluate,3.9011076975472365,0.5064,0.4038550905249901,0.25244474867447264,0.30931273672494686,5000
421,3,evaluate,5.031757698783392,0.4334,0.34774458327392777,0.2171966197910486,0.2665234857914133,5000
421,4,evaluate,3.9011076975472365,0.5064,0.4038550905249901,0.25244474867447264,0.30931273672494686,5000
421,5,evaluate,3.9011076975472365,0.5064,0.4038550905249901,0.25244474867447264,0.30931273672494686,5000
422,0,evaluate,3.8199305474003658,0.5136,0.40495945790327825,0.25624873379626245,0.31269265033939975,5000
422,1,evaluate,3.8199305474003658,0.5136,0.40495945790327825,0.25624873379626245,0.31269265033939975,5000
422,2,evaluate,5.043717372266552,0.4242,0.347648545921046,0.2126898088067639,0.26264396197553735,5000
422,3,evaluate,5.043717372266552,0.4242,0.347648545921046,0.2126898088067639,0.26264396197553735,5000
422,4,evaluate,5.043717372266552,0.4242,0.347648545921046,0.2126898088067639,0.26264396197553735,5000
422,5,evaluate,3.8199305474003658,0.5136,0.40495945790327825,0.25624873379626245,0.31269265033939975,5000
423,0,evaluate,4.9438054531435425,0.4196,0.34617786978336385,0.21047822888547946,0.2602281197106041,5000
423,1,evaluate,4.9438054531435425,0.4196,0.34617786978336385,0.21047822888547946,0.2602281197106041,5000
423,2,evaluate,4.9438054531435425,0.4196,0.34617786978336385,0.21047822888547946,0.2602281197106041,5000
423,3,evaluate,3.74667441090451,0.5132,0.4027729909844999,0.2562436912707505,0.31237257880193847,5000
423,4,evaluate,3.74667441090451,0.5132,0.4027729909844999,0.2562436912707505,0.31237257880193847,5000
423,5,evaluate,3.74667441090451,0.5132,0.4027729909844999,0.2562436912707505,0.31237257880193847,5000
424,0,evaluate,4.853756451908546,0.4208,0.3449484751973223,0.2111061358517187,0.2601330131103173,5000
424,1,evaluate,3.7305034323583675,0.5104,0.4041205234204771,0.2548408406614645,0.3116827563846258,5000
424,2,evaluate,4.853756451908546,0.4208,0.3449484751973223,0.2111061358517187,0.2601330131103173,5000
424,3,evaluate,3.7305034323583675,0.5104,0.4041205234204771,0.2548408406614645,0.3116827563846258,5000
424,4,evaluate,4.853756451908546,0.4208,0.3449484751973223,0.2111061358517187,0.2601330131103173,5000
424,5,evaluate,3.7305034323583675,0.5104,0.4041205234204771,0.2548408406614645,0.3116827563846258,5000
425,0,evaluate,4.786095761045625,0.424,0.34226817943806487,0.21277548440911148,0.26043791174331504,5000
425,1,evaluate,3.7368834682657748,0.5086,0.4017850303260607,0.25395115956632497,0.31039378786758276,5000
425,2,evaluate,4.786095761045625,0.424,0.34226817943806487,0.21277548440911148,0.26043791174331504,5000
425,3,evaluate,3.7368834682657748,0.5086,0.4017850303260607,0.25395115956632497,0.31039378786758276,5000
425,4,evaluate,4.786095761045625,0.424,0.34226817943806487,0.21277548440911148,0.26043791174331504,5000
425,5,evaluate,3.7368834682657748,0.5086,0.4017850303260607,0.25395115956632497,0.31039378786758276,5000
426,0,evaluate,3.7859201853788353,0.503,0.4012128179031188,0.25102754130665406,0.30792113858886644,5000
426,1,evaluate,3.7859201853788353,0.503,0.4012128179031188,0.25102754130665406,0.30792113858886644,5000
426,2,evaluate,4.776900179778473,0.4284,0.34299055153934943,0.21499374747185485,0.26206435350501744,5000
426,3,evaluate,4.776900179778473,0.4284,0.34299055153934943,0.21499374747185485,0.26206435350501744,5000
426,4,evaluate,4.776900179778473,0.4284,0.34299055153934943,0.21499374747185485,0.26206435350501744,5000
426,5,evaluate,3.7859201853788353,0.503,0.4012128179031188,0.25102754130665406,0.30792113858886644,5000
427,0,evaluate,3.8631942724879784,0.4984,0.4009757697296427,0.2486054240751015,0.3055880600671962,5000
427,1,evaluate,4.780739518660534,0.4366,0.34488907302700456,0.2191003607978605,0.26574250590331033,5000
427,2,evaluate,3.8631942724879784,0.4984,0.4009757697296427,0.2486054240751015,0.3055880600671962,5000
427,3,evaluate,4.780739518660534,0.4366,0.34488907302700456,0.2191003607978605,0.26574250590331033,5000
427,4,evaluate,4.780739518660534,0.4366,0.34488907302700456,0.2191003607978605,0.26574250590331033,5000
427,5,evaluate,3.8631942724879784,0.4984,0.4009757697296427,0.2486054240751015,0.3055880600671962,5000
428,0,evaluate,4.806795050826254,0.438,0.3434816963565185,0.21973059887660976,0.2662670268964753,5000
428,1,evaluate,4.806795050826254,0.438,0.3434816963565185,0.21973059887660976,0.2662670268964753,5000
428,2,evaluate,3.8807103965855854,0.4924,0.39894987814697025,0.24545572886850803,0.3023048007897492,5000
428,3,evaluate,4.806795050826254,0.438,0.3434816963565185,0.21973059887660976,0.2662670268964753,5000
428,4,evaluate,3.8807103965855854,0.4924,0.39894987814697025,0.24545572886850803,0.3023048007897492,5000
428,5,evaluate,3.8807103965855854,0.4924,0.39894987814697025,0.24545572886850803,0.3023048007897492,5000
429,0,evaluate,4.825655958320521,0.4356,0.3450038188521369,0.2184142587834547,0.26627732372581925,5000
429,1,evaluate,3.8475455543662926,0.4962,0.3987844592153292,0.247226085249194,0.30347733476253025,5000
429,2,evaluate,4.825655958320521,0.4356,0.3450038188521369,0.2184142587834547,0.26627732372581925,5000
429,3,evaluate,3.8475455543662926,0.4962,0.3987844592153292,0.247226085249194,0.30347733476253025,5000
429,4,evaluate,3.8475455543662926,0.4962,0.3987844592153292,0.247226085249194,0.30347733476253025,5000
429,5,evaluate,4.825655958320521,0.4356,0.3450038188521369,0.2184142587834547,0.26627732372581925,5000
430,0,evaluate,3.785892851745026,0.5,0.3990893612711893,0.24911294948022097,0.3051876903459357,5000
430,1,evaluate,3.785892851745026,0.5,0.3990893612711893,0.24911294948022097,0.3051876903459357,5000
430,2,evaluate,4.876199963726575,0.4306,0.34573665712143964,0.21578103936820175,0.26474569177369783,5000
430,3,evaluate,4.876199963726575,0.4306,0.34573665712143964,0.21578103936820175,0.26474569177369783,5000
430,4,evaluate,3.785892851745026,0.5,0.3990893612711893,0.24911294948022097,0.3051876903459357,5000
430,5,evaluate,4.876199963726575,0.4306,0.34573665712143964,0.21578103936820175,0.26474569177369783,5000
431,0,evaluate,3.785333038885382,0.497,0.39805409611093107,0.24769943818189324,0.3040135063612411,5000
431,1,evaluate,4.94413938099825,0.43,0.34724112214898095,0.2154827130858612,0.26506616514655623,5000
431,2,evaluate,4.94413938099825,0.43,0.34724112214898095,0.2154827130858612,0.26506616514655623,5000
431,3,evaluate,3.785333038885382,0.497,0.39805409611093107,0.24769943818189324,0.3040135063612411,5000
431,4,evaluate,3.785333038885382,0.497,0.39805409611093107,0.24769943818189324,0.3040135063612411,5000
431,5,evaluate,4.94413938099825,0.43,0.34724112214898095,0.2154827130858612,0.26506616514655623,5000
432,0,evaluate,5.008918934230563,0.4328,0.347845699427571,0.21693078522000592,0.26647903541147827,5000
432,1,evaluate,5.008918934230563,0.4328,0.347845699427571,0.21693078522000592,0.26647903541147827,5000
432,2,evaluate,5.008918934230563,0.4328,0.347845699427571,0.21693078522000592,0.26647903541147827,5000
432,3,evaluate,3.797942074039314,0.4984,0.397563629492232,0.24842000651898305,0.30439362688815963,5000
432,4,evaluate,3.797942074039314,0.4984,0.397563629492232,0.24842000651898305,0.30439362688815963,5000
432,5,evaluate,3.797942074039314,0.4984,0.397563629492232,0.24842000651898305,0.30439362688815963,5000
433,0,evaluate,5.077727209163617,0.4308,0.3463288627923942,0.2160004338214983,0.2651762731322339,5000
433,1,evaluate,5.077727209163617,0.4308,0.3463288627923942,0.2160004338214983,0.2651762731322339,5000
433,2,evaluate,3.8125169790243802,0.5006,0.3990733853770746,0.2495613424629078,0.30572542635853805,5000
433,3,evaluate,3.8125169790243802,0.5006,0.3990733853770746,0.2495613424629078,0.30572542635853805,5000
433,4,evaluate,3.8125169790243802,0.5006,0.3990733853770746,0.2495613424629078,0.30572542635853805,5000
433,5,evaluate,5.077727209163617,0.4308,0.3463288627923942,0.2160004338214983,0.2651762731322339,5000
434,0,evaluate,3.808186289630359,0.5074,0.40023857850645045,0.2530096805143279,0.3086070265444136,5000
434,1,evaluate,3.808186289630359,0.5074,0.40023857850645045,0.2530096805143279,0.3086070265444136,5000
434,2,evaluate,5.128279254406313,0.4302,0.3482638889341552,0.2157673892496427,0.26536805658112556,5000
434,3,evaluate,5.128279254406313,0.4302,0.3482638889341552,0.2157673892496427,0.26536805658112556,5000
434,4,evaluate,5.128279254406313,0.4302,0.3482638889341552,0.2157673892496427,0.26536805658112556,5000
434,5,evaluate,3.808186289630359,0.5074,0.40023857850645045,0.2530096805143279,0.3086070265444136,5000
435,0,evaluate,5.19043592863445,0.429,0.34899977696484086,0.21523661704080227,0.2650389836591066,5000
435,1,evaluate,3.8181390400174298,0.5114,0.40220151795503617,0.25497641871072213,0.31069047820358225,5000
435,2,evaluate,5.19043592863445,0.429,0.34899977696484086,0.21523661704080227,0.2650389836591066,5000
435,3,evaluate,3.8181390400174298,0.5114,0.40220151795503617,0.25497641871072213,0.31069047820358225,5000
435,4,evaluate,5.19043592863445,0.429,0.34899977696484086,0.21523661704080227,0.2650389836591066,5000
435,5,evaluate,3.8181390400174298,0.5114,0.40220151795503617,0.25497641871072213,0.31069047820358225,5000
436,0,evaluate,3.8441198007969914,0.5152,0.4050980611607902,0.2569103428960074,0.31312627592922515,5000
436,1,evaluate,3.8441198007969914,0.5152,0.4050980611607902,0.2569103428960074,0.31312627592922515,5000
436,2,evaluate,3.8441198007969914,0.5152,0.4050980611607902,0.2569103428960074,0.31312627592922515,5000
436,3,evaluate,5.226501310927959,0.431,0.3489650452776229,0.216267830399347,0.26589535521753926,5000
436,4,evaluate,5.226501310927959,0.431,0.3489650452776229,0.216267830399347,0.26589535521753926,5000
436,5,evaluate,5.226501310927959,0.431,0.3489650452776229,0.216267830399347,0.26589535521753926,5000
437,0,evaluate,5.211664921120752,0.4326,0.3479682761952978,0.217057280343099,0.2661020690037142,5000
437,1,evaluate,3.844753506817395,0.5156,0.40655928808204234,0.2573009560842911,0.3140667793247357,5000
437,2,evaluate,3.844753506817395,0.5156,0.40655928808204234,0.2573009560842911,0.3140667793247357,5000
437,3,evaluate,5.211664921120752,0.4326,0.3479682761952978,0.217057280343099,0.2661020690037142,5000
437,4,evaluate,5.211664921120752,0.4326,0.3479682761952978,0.217057280343099,0.2661020690037142,5000
437,5,evaluate,3.844753506817395,0.5156,0.40655928808204234,0.2573009560842911,0.3140667793247357,5000
438,0,evaluate,3.8690942661671697,0.5038,0.4061986483495941,0.2516423454200182,0.3098046937185623,5000
438,1,evaluate,3.8690942661671697,0.5038,0.4061986483495941,0.2516423454200182,0.3098046937185623,5000
438,2,evaluate,5.132595886158038,0.4412,0.3473763403155731,0.22145314243796205,0.26900727749842257,5000
438,3,evaluate,5.132595886158038,0.4412,0.3473763403155731,0.22145314243796205,0.26900727749842257,5000
438,4,evaluate,5.132595886158038,0.4412,0.3473763403155731,0.22145314243796205,0.26900727749842257,5000
438,5,evaluate,3.8690942661671697,0.5038,0.4061986483495941,0.2516423454200182,0.3098046937185623,5000
439,0,evaluate,3.8768267390094224,0.4998,0.4061354007623771,0.24970102354968607,0.30854863724288445,5000
439,1,evaluate,5.083280433582354,0.446,0.349230917646481,0.22378859922970645,0.2716167989631878,5000
439,2,evaluate,5.083280433582354,0.446,0.349230917646481,0.22378859922970645,0.2716167989631878,5000
439,3,evaluate,5.083280433582354,0.446,0.349230917646481,0.22378859922970645,0.2716167989631878,5000
439,4,evaluate,3.8768267390094224,0.4998,0.4061354007623771,0.24970102354968607,0.30854863724288445,5000
439,5,evaluate,3.8768267390094224,0.4998,0.4061354007623771,0.24970102354968607,0.30854863724288445,5000
440,0,evaluate,3.9034194221979455,0.5022,0.4067915117817368,0.2509479181393993,0.3098112689516821,5000
440,1,evaluate,5.093845056582101,0.4456,0.34734868680886277,0.22347170050960358,0.27096962776397066,5000
440,2,evaluate,5.093845056582101,0.4456,0.34734868680886277,0.22347170050960358,0.27096962776397066,5000
440,3,evaluate,3.9034194221979455,0.5022,0.4067915117817368,0.2509479181393993,0.3098112689516821,5000
440,4,evaluate,5.093845056582101,0.4456,0.34734868680886277,0.22347170050960358,0.27096962776397066,5000
440,5,evaluate,3.9034194221979455,0.5022,0.4067915117817368,0.2509479181393993,0.3098112689516821,5000
441,0,evaluate,3.916706115384645,0.499,0.4059769746348819,0.24934398008633255,0.308436392710996,5000
441,1,evaluate,5.1361324062830285,0.4456,0.34625853350495966,0.22344246126804307,0.27046091969995806,5000
441,2,evaluate,3.916706115384645,0.499,0.4059769746348819,0.24934398008633255,0.308436392710996,5000
441,3,evaluate,5.1361324062830285,0.4456,0.34625853350495966,0.22344246126804307,0.27046091969995806,5000
441,4,evaluate,3.916706115384645,0.499,0.4059769746348819,0.24934398008633255,0.308436392710996,5000
441,5,evaluate,5.1361324062830285,0.4456,0.34625853350495966,0.22344246126804307,0.27046091969995806,5000
442,0,evaluate,3.9178710587417025,0.4988,0.4068758048769368,0.24919745833627607,0.3084702498378469,5000
442,1,evaluate,5.215742998485323,0.438,0.344075452991389,0.21963810600890316,0.2667824909854633,5000
442,2,evaluate,3.9178710587417025,0.4988,0.4068758048769368,0.24919745833627607,0.3084702498378469,5000
442,3,evaluate,3.9178710587417025,0.4988,0.4068758048769368,0.24919745833627607,0.3084702498378469,5000
442,4,evaluate,5.215742998485323,0.438,0.344075452991389,0.21963810600890316,0.2667824909854633,5000
442,5,evaluate,5.215742998485323,0.438,0.344075452991389,0.21963810600890316,0.2667824909854633,5000
443,0,evaluate,3.9080847999717614,0.507,0.4027986262516314,0.2531103083032712,0.31022883323024264,5000
443,1,evaluate,3.9080847999717614,0.507,0.4027986262516314,0.2531103083032712,0.31022883323024264,5000
443,2,evaluate,5.335340017004858,0.427,0.3431117548985589,0.21407930110634532,0.2621567252195154,5000
443,3,evaluate,5.335340017004858,0.427,0.3431117548985589,0.21407930110634532,0.2621567252195154,5000
443,4,evaluate,3.9080847999717614,0.507,0.4027986262516314,0.2531103083032712,0.31022883323024264,5000
443,5,evaluate,5.335340017004858,0.427,0.3431117548985589,0.21407930110634532,0.2621567252195154,5000
444,0,evaluate,5.395312755922728,0.424,0.3448596196488607,0.21254642220711575,0.26139679771961244,5000
444,1,evaluate,3.898409333410142,0.5104,0.4018857202530441,0.25462381410736373,0.3109507044434244,5000
444,2,evaluate,3.898409333410142,0.5104,0.4018857202530441,0.25462381410736373,0.3109507044434244,5000
444,3,evaluate,5.395312755922728,0.424,0.3448596196488607,0.21254642220711575,0.26139679771961244,5000
444,4,evaluate,5.395312755922728,0.424,0.3448596196488607,0.21254642220711575,0.26139679771961244,5000
444,5,evaluate,3.898409333410142,0.5104,0.4018857202530441,0.25462381410736373,0.3109507044434244,5000
445,0,evaluate,5.412574909910371,0.419,0.34553757806453855,0.21009649885098386,0.2598672995210675,5000
445,1,evaluate,3.864407726480991,0.5178,0.40221199323158013,0.25810558519676835,0.31344937308161297,5000
445,2,evaluate,3.864407726480991,0.5178,0.40221199323158013,0.25810558519676835,0.31344937308161297,5000
445,3,evaluate,3.864407726480991,0.5178,0.40221199323158013,0.25810558519676835,0.31344937308161297,5000
445,4,evaluate,5.412574909910371,0.419,0.34553757806453855,0.21009649885098386,0.2598672995210675,5000
445,5,evaluate,5.412574909910371,0.419,0.34553757806453855,0.21009649885098386,0.2598672995210675,5000
446,0,evaluate,5.406542956074582,0.4144,0.346505211076527,0.2077506192582148,0.25870344651611676,5000
446,1,evaluate,3.7947393882123728,0.5278,0.40012291410100465,0.2628918067275089,0.31609364260806416,5000
446,2,evaluate,3.7947393882123728,0.5278,0.40012291410100465,0.2628918067275089,0.31609364260806416,5000
446,3,evaluate,5.406542956074582,0.4144,0.346505211076527,0.2077506192582148,0.25870344651611676,5000
446,4,evaluate,3.7947393882123728,0.5278,0.40012291410100465,0.2628918067275089,0.31609364260806416,5000
446,5,evaluate,5.406542956074582,0.4144,0.346505211076527,0.2077506192582148,0.25870344651611676,5000
447,0,evaluate,3.702848467645766,0.5258,0.39760826690172996,0.2619321930928912,0.31439217529432256,5000
447,1,evaluate,3.702848467645766,0.5258,0.39760826690172996,0.2619321930928912,0.31439217529432256,5000
447,2,evaluate,5.249554534501668,0.412,0.345466584660827,0.20655937874086341,0.25766867478713484,5000
447,3,evaluate,3.702848467645766,0.5258,0.39760826690172996,0.2619321930928912,0.31439217529432256,5000
447,4,evaluate,5.249554534501668,0.412,0.345466584660827,0.20655937874086341,0.25766867478713484,5000
447,5,evaluate,5.249554534501668,0.412,0.345466584660827,0.20655937874086341,0.25766867478713484,5000
448,0,evaluate,5.09845424905608,0.4144,0.34631324490140736,0.20783226984679568,0.25889644369407183,5000
448,1,evaluate,5.09845424905608,0.4144,0.34631324490140736,0.20783226984679568,0.25889644369407183,5000
448,2,evaluate,5.09845424905608,0.4144,0.34631324490140736,0.20783226984679568,0.25889644369407183,5000
448,3,evaluate,3.64006135433535,0.5242,0.3951464525467115,0.26115010709364145,0.3129448414752649,5000
448,4,evaluate,3.64006135433535,0.5242,0.3951464525467115,0.26115010709364145,0.3129448414752649,5000
448,5,evaluate,3.64006135433535,0.5242,0.3951464525467115,0.26115010709364145,0.3129448414752649,5000
449,0,evaluate,3.6284455000599727,0.517,0.395330818353892,0.25761880395377995,0.31037771609814707,5000
449,1,evaluate,5.002024864848656,0.4164,0.3473875288892364,0.20881790145461698,0.2600127862625312,5000
449,2,evaluate,5.002024864848656,0.4164,0.3473875288892364,0.20881790145461698,0.2600127862625312,5000
449,3,evaluate,3.6284455000599727,0.517,0.395330818353892,0.25761880395377995,0.31037771609814707,5000
449,4,evaluate,3.6284455000599727,0.517,0.395330818353892,0.25761880395377995,0.31037771609814707,5000
449,5,evaluate,5.002024864848656,0.4164,0.3473875288892364,0.20881790145461698,0.2600127862625312,5000
450,0,evaluate,3.6570082827459407,0.5088,0.3946622985420307,0.2535814952565743,0.3068849582547756,5000
450,1,evaluate,4.913013524647001,0.429,0.349492167786075,0.2151604992146808,0.26545926421889365,5000
450,2,evaluate,4.913013524647001,0.429,0.349492167786075,0.2151604992146808,0.26545926421889365,5000
450,3,evaluate,3.6570082827459407,0.5088,0.3946622985420307,0.2535814952565743,0.3068849582547756,5000
450,4,evaluate,4.913013524647001,0.429,0.349492167786075,0.2151604992146808,0.26545926421889365,5000
450,5,evaluate,3.6570082827459407,0.5088,0.3946622985420307,0.2535814952565743,0.3068849582547756,5000
451,0,evaluate,3.717874638641937,0.5028,0.39388642563422105,0.25066172605283266,0.3044471321035826,5000
451,1,evaluate,3.717874638641937,0.5028,0.39388642563422105,0.25066172605283266,0.3044471321035826,5000
451,2,evaluate,4.871950879881654,0.4336,0.348988420118676,0.21743631957870355,0.2670998162548183,5000
451,3,evaluate,4.871950879881654,0.4336,0.348988420118676,0.21743631957870355,0.2670998162548183,5000
451,4,evaluate,4.871950879881654,0.4336,0.348988420118676,0.21743631957870355,0.2670998162548183,5000
451,5,evaluate,3.717874638641937,0.5028,0.39388642563422105,0.25066172605283266,0.3044471321035826,5000
452,0,evaluate,3.759649889378608,0.5016,0.3959002929575017,0.2500176446435998,0.3042358206097976,5000
452,1,evaluate,4.874348812465426,0.437,0.34893056475725387,0.21912715206993308,0.2683609136063147,5000
452,2,evaluate,4.874348812465426,0.437,0.34893056475725387,0.21912715206993308,0.2683609136063147,5000
452,3,evaluate,3.759649889378608,0.5016,0.3959002929575017,0.2500176446435998,0.3042358206097976,5000
452,4,evaluate,4.874348812465426,0.437,0.34893056475725387,0.21912715206993308,0.2683609136063147,5000
452,5,evaluate,3.759649889378608,0.5016,0.3959002929575017,0.2500176446435998,0.3042358206097976,5000
453,0,evaluate,3.734623800350141,0.4998,0.39500819954132355,0.24923091864318705,0.3038945692578162,5000
453,1,evaluate,3.734623800350141,0.4998,0.39500819954132355,0.24923091864318705,0.3038945692578162,5000
453,2,evaluate,4.875004671796968,0.4344,0.350710738487123,0.2178011141169786,0.26809253859594856,5000
453,3,evaluate,4.875004671796968,0.4344,0.350710738487123,0.2178011141169786,0.26809253859594856,5000
453,4,evaluate,3.734623800350141,0.4998,0.39500819954132355,0.24923091864318705,0.3038945692578162,5000
453,5,evaluate,4.875004671796968,0.4344,0.350710738487123,0.2178011141169786,0.26809253859594856,5000
454,0,evaluate,4.8803523522389085,0.4316,0.3506806328702806,0.2163496459854859,0.2671090919306144,5000
454,1,evaluate,4.8803523522389085,0.4316,0.3506806328702806,0.2163496459854859,0.2671090919306144,5000
454,2,evaluate,3.673574185069603,0.5052,0.3973967365393872,0.2519278050204696,0.30688606346821123,5000
454,3,evaluate,3.673574185069603,0.5052,0.3973967365393872,0.2519278050204696,0.30688606346821123,5000
454,4,evaluate,3.673574185069603,0.5052,0.3973967365393872,0.2519278050204696,0.30688606346821123,5000
454,5,evaluate,4.8803523522389085,0.4316,0.3506806328702806,0.2163496459854859,0.2671090919306144,5000
455,0,evaluate,4.934383718273308,0.4212,0.3511665359643194,0.21108531695989696,0.2630524840713695,5000
455,1,evaluate,4.934383718273308,0.4212,0.3511665359643194,0.21108531695989696,0.2630524840713695,5000
455,2,evaluate,3.6206072010571444,0.5138,0.40021715313190925,0.2561630247830594,0.31130897076173236,5000
455,3,evaluate,3.6206072010571444,0.5138,0.40021715313190925,0.2561630247830594,0.31130897076173236,5000
455,4,evaluate,3.6206072010571444,0.5138,0.40021715313190925,0.2561630247830594,0.31130897076173236,5000
455,5,evaluate,4.934383718273308,0.4212,0.3511665359643194,0.21108531695989696,0.2630524840713695,5000
456,0,evaluate,5.036563948739933,0.409,0.34710086613023405,0.2050170955958444,0.2564356064507214,5000
456,1,evaluate,5.036563948739933,0.409,0.34710086613023405,0.2050170955958444,0.2564356064507214,5000
456,2,evaluate,3.5957245464566387,0.5182,0.3988313979622021,0.25825335624614526,0.3126899807490159,5000
456,3,evaluate,3.5957245464566387,0.5182,0.3988313979622021,0.25825335624614526,0.3126899807490159,5000
456,4,evaluate,5.036563948739933,0.409,0.34710086613023405,0.2050170955958444,0.2564356064507214,5000
456,5,evaluate,3.5957245464566387,0.5182,0.3988313979622021,0.25825335624614526,0.3126899807490159,5000
457,0,evaluate,5.103003927423984,0.4022,0.34680198412462093,0.20157853364032224,0.2528420220431496,5000
457,1,evaluate,3.6009500992449026,0.5222,0.3996781866611333,0.260097169115023,0.31426309845563105,5000
457,2,evaluate,5.103003927423984,0.4022,0.34680198412462093,0.20157853364032224,0.2528420220431496,5000
457,3,evaluate,3.6009500992449026,0.5222,0.3996781866611333,0.260097169115023,0.31426309845563105,5000
457,4,evaluate,5.103003927423984,0.4022,0.34680198412462093,0.20157853364032224,0.2528420220431496,5000
457,5,evaluate,3.6009500992449026,0.5222,0.3996781866611333,0.260097169115023,0.31426309845563105,5000
458,0,evaluate,5.145563617537293,0.4032,0.34670215874506705,0.20210900495554318,0.2529659540697783,5000
458,1,evaluate,3.648075918608074,0.5198,0.39983178472608766,0.2588962318601688,0.3134336787542793,5000
458,2,evaluate,3.648075918608074,0.5198,0.39983178472608766,0.2588962318601688,0.3134336787542793,5000
458,3,evaluate,5.145563617537293,0.4032,0.34670215874506705,0.20210900495554318,0.2529659540697783,5000
458,4,evaluate,5.145563617537293,0.4032,0.34670215874506705,0.20210900495554318,0.2529659540697783,5000
458,5,evaluate,3.648075918608074,0.5198,0.39983178472608766,0.2588962318601688,0.3134336787542793,5000
459,0,evaluate,3.708874995195413,0.5166,0.40187060101955147,0.2573567258637759,0.3129171223583672,5000
459,1,evaluate,3.708874995195413,0.5166,0.40187060101955147,0.2573567258637759,0.3129171223583672,5000
459,2,evaluate,5.105906365792962,0.4072,0.34632520959998925,0.20422975753495978,0.25453128196881786,5000
459,3,evaluate,3.708874995195413,0.5166,0.40187060101955147,0.2573567258637759,0.3129171223583672,5000
459,4,evaluate,5.105906365792962,0.4072,0.34632520959998925,0.20422975753495978,0.25453128196881786,5000
459,5,evaluate,5.105906365792962,0.4072,0.34632520959998925,0.20422975753495978,0.25453128196881786,5000
460,0,evaluate,3.8048919363866878,0.507,0.40199870534925164,0.25275113129490767,0.3094408441388107,5000
460,1,evaluate,5.072801140290272,0.4242,0.34690575884551933,0.2128664529935132,0.2615338031521758,5000
460,2,evaluate,3.8048919363866878,0.507,0.40199870534925164,0.25275113129490767,0.3094408441388107,5000
460,3,evaluate,5.072801140290272,0.4242,0.34690575884551933,0.2128664529935132,0.2615338031521758,5000
460,4,evaluate,3.8048919363866878,0.507,0.40199870534925164,0.25275113129490767,0.3094408441388107,5000
460,5,evaluate,5.072801140290272,0.4242,0.34690575884551933,0.2128664529935132,0.2615338031521758,5000
461,0,evaluate,3.9312669234939768,0.4936,0.4009687333755524,0.24620209886263594,0.3040346486016308,5000
461,1,evaluate,5.090142705772497,0.438,0.34599611757299165,0.2199150724675114,0.26657511493824815,5000
461,2,evaluate,5.090142705772497,0.438,0.34599611757299165,0.2199150724675114,0.26657511493824815,5000
461,3,evaluate,5.090142705772497,0.438,0.34599611757299165,0.2199150724675114,0.26657511493824815,5000
461,4,evaluate,3.9312669234939768,0.4936,0.4009687333755524,0.24620209886263594,0.3040346486016308,5000
461,5,evaluate,3.9312669234939768,0.4936,0.4009687333755524,0.24620209886263594,0.3040346486016308,5000
462,0,evaluate,4.007375590408905,0.4884,0.40094794452182914,0.24369711716499887,0.3017720950982569,5000
462,1,evaluate,5.083663385125655,0.4466,0.3442385752789236,0.22433209562284445,0.2692810112125337,5000
462,2,evaluate,4.007375590408905,0.4884,0.40094794452182914,0.24369711716499887,0.3017720950982569,5000
462,3,evaluate,4.007375590408905,0.4884,0.40094794452182914,0.24369711716499887,0.3017720950982569,5000
462,4,evaluate,5.083663385125655,0.4466,0.3442385752789236,0.22433209562284445,0.2692810112125337,5000
462,5,evaluate,5.083663385125655,0.4466,0.3442385752789236,0.22433209562284445,0.2692810112125337,5000
463,0,evaluate,5.082095432885086,0.4576,0.3459964176437207,0.22985259315901013,0.27395366582706226,5000
463,1,evaluate,5.082095432885086,0.4576,0.3459964176437207,0.22985259315901013,0.27395366582706226,5000
463,2,evaluate,4.064870502375349,0.4834,0.39979710840918475,0.24131692782609893,0.2988931582837276,5000
463,3,evaluate,4.064870502375349,0.4834,0.39979710840918475,0.24131692782609893,0.2988931582837276,5000
463,4,evaluate,4.064870502375349,0.4834,0.39979710840918475,0.24131692782609893,0.2988931582837276,5000
463,5,evaluate,5.082095432885086,0.4576,0.3459964176437207,0.22985259315901013,0.27395366582706226,5000
464,0,evaluate,5.101727292507509,0.459,0.34804035470555544,0.23041780907894327,0.2755454686255464,5000
464,1,evaluate,5.101727292507509,0.459,0.34804035470555544,0.23041780907894327,0.2755454686255464,5000
464,2,evaluate,4.0699792330778095,0.4796,0.39744610729314134,0.23948192710433053,0.2961106797781433,5000
464,3,evaluate,5.101727292507509,0.459,0.34804035470555544,0.23041780907894327,0.2755454686255464,5000
464,4,evaluate,4.0699792330778095,0.4796,0.39744610729314134,0.23948192710433053,0.2961106797781433,5000
464,5,evaluate,4.0699792330778095,0.4796,0.39744610729314134,0.23948192710433053,0.2961106797781433,5000
465,0,evaluate,5.048931825010082,0.4528,0.3485216429429892,0.2272067552428374,0.2738090428355026,5000
465,1,evaluate,3.9257340642470346,0.4812,0.3960659153951985,0.24043442050147154,0.29679657232307666,5000
465,2,evaluate,3.9257340642470346,0.4812,0.3960659153951985,0.24043442050147154,0.29679657232307666,5000
465,3,evaluate,5.048931825010082,0.4528,0.3485216429429892,0.2272067552428374,0.2738090428355026,5000
465,4,evaluate,5.048931825010082,0.4528,0.3485216429429892,0.2272067552428374,0.2738090428355026,5000
465,5,evaluate,3.9257340642470346,0.4812,0.3960659153951985,0.24043442050147154,0.29679657232307666,5000
466,0,evaluate,5.002708250963235,0.4454,0.34774939351255874,0.22336492763570287,0.2712872980111526,5000
466,1,evaluate,3.7867769621595553,0.4892,0.395090659417425,0.24449222253769737,0.30010222037123724,5000
466,2,evaluate,3.7867769621595553,0.4892,0.395090659417425,0.24449222253769737,0.30010222037123724,5000
466,3,evaluate,5.002708250963235,0.4454,0.34774939351255874,0.22336492763570287,0.2712872980111526,5000
466,4,evaluate,3.7867769621595553,0.4892,0.395090659417425,0.24449222253769737,0.30010222037123724,5000
466,5,evaluate,5.002708250963235,0.4454,0.34774939351255874,0.22336492763570287,0.2712872980111526,5000
467,0,evaluate,5.041839361190796,0.43,0.3478507394041969,0.21556273901067735,0.26564837142567477,5000
467,1,evaluate,5.041839361190796,0.43,0.3478507394041969,0.21556273901067735,0.26564837142567477,5000
467,2,evaluate,3.6563372491281245,0.5036,0.3935556443678875,0.2516792172139172,0.30554070150273116,5000
467,3,evaluate,5.041839361190796,0.43,0.3478507394041969,0.21556273901067735,0.26564837142567477,5000
467,4,evaluate,3.6563372491281245,0.5036,0.3935556443678875,0.2516792172139172,0.30554070150273116,5000
467,5,evaluate,3.6563372491281245,0.5036,0.3935556443678875,0.2516792172139172,0.30554070150273116,5000
468,0,evaluate,5.063941653770737,0.4206,0.35050529440654266,0.21075897281776834,0.262880767493548,5000
468,1,evaluate,3.5597453509704975,0.5186,0.3937968012968018,0.25911175643094386,0.31138934852221756,5000
468,2,evaluate,5.063941653770737,0.4206,0.35050529440654266,0.21075897281776834,0.262880767493548,5000
468,3,evaluate,3.5597453509704975,0.5186,0.3937968012968018,0.25911175643094386,0.31138934852221756,5000
468,4,evaluate,5.063941653770737,0.4206,0.35050529440654266,0.21075897281776834,0.262880767493548,5000
468,5,evaluate,3.5597453509704975,0.5186,0.3937968012968018,0.25911175643094386,0.31138934852221756,5000
469,0,evaluate,5.12463345105135,0.413,0.35142576068587095,0.20682069297092132,0.2598640250132487,5000
469,1,evaluate,5.12463345105135,0.413,0.35142576068587095,0.20682069297092132,0.2598640250132487,5000
469,2,evaluate,3.5135115415235108,0.5244,0.39595463184580365,0.261972794998572,0.3146316607296461,5000
469,3,evaluate,5.12463345105135,0.413,0.35142576068587095,0.20682069297092132,0.2598640250132487,5000
469,4,evaluate,3.5135115415235108,0.5244,0.39595463184580365,0.261972794998572,0.3146316607296461,5000
469,5,evaluate,3.5135115415235108,0.5244,0.39595463184580365,0.261972794998572,0.3146316607296461,5000
470,0,evaluate,3.514314586603189,0.5278,0.39757302003891476,0.26350734441939655,0.3162840870310958,5000
470,1,evaluate,5.16618137721774,0.4084,0.34914355923417795,0.2044467520170017,0.25708274718570867,5000
470,2,evaluate,3.514314586603189,0.5278,0.39757302003891476,0.26350734441939655,0.3162840870310958,5000
470,3,evaluate,3.514314586603189,0.5278,0.39757302003891476,0.26350734441939655,0.3162840870310958,5000
470,4,evaluate,5.16618137721774,0.4084,0.34914355923417795,0.2044467520170017,0.25708274718570867,5000
470,5,evaluate,5.16618137721774,0.4084,0.34914355923417795,0.2044467520170017,0.25708274718570867,5000
471,0,evaluate,3.5202344942696486,0.5302,0.39724476017985444,0.26450825911163245,0.31686751290529197,5000
471,1,evaluate,3.5202344942696486,0.5302,0.39724476017985444,0.26450825911163245,0.31686751290529197,5000
471,2,evaluate,5.18638831754274,0.402,0.34708325515934374,0.20114745536834278,0.25360036369029026,5000
471,3,evaluate,3.5202344942696486,0.5302,0.39724476017985444,0.26450825911163245,0.31686751290529197,5000
471,4,evaluate,5.18638831754274,0.402,0.34708325515934374,0.20114745536834278,0.25360036369029026,5000
471,5,evaluate,5.18638831754274,0.402,0.34708325515934374,0.20114745536834278,0.25360036369029026,5000
472,0,evaluate,5.165050410017183,0.4036,0.34686655634864133,0.20199399870330206,0.254285079567444,5000
472,1,evaluate,3.547617655766161,0.5308,0.39844143031847923,0.2645745542048751,0.31717084921767225,5000
472,2,evaluate,3.547617655766161,0.5308,0.39844143031847923,0.2645745542048751,0.31717084921767225,5000
472,3,evaluate,5.165050410017183,0.4036,0.34686655634864133,0.20199399870330206,0.254285079567444,5000
472,4,evaluate,3.547617655766161,0.5308,0.39844143031847923,0.2645745542048751,0.31717084921767225,5000
472,5,evaluate,5.165050410017183,0.4036,0.34686655634864133,0.20199399870330206,0.254285079567444,5000
473,0,evaluate,3.6279632230348224,0.5174,0.39566827305747176,0.25769574320806654,0.3113287321315972,5000
473,1,evaluate,5.088747945012925,0.4142,0.34796025306922235,0.20740713026692972,0.2591284397477628,5000
473,2,evaluate,5.088747945012925,0.4142,0.34796025306922235,0.20740713026692972,0.2591284397477628,5000
473,3,evaluate,5.088747945012925,0.4142,0.34796025306922235,0.20740713026692972,0.2591284397477628,5000
473,4,evaluate,3.6279632230348224,0.5174,0.39566827305747176,0.25769574320806654,0.3113287321315972,5000
473,5,evaluate,3.6279632230348224,0.5174,0.39566827305747176,0.25769574320806654,0.3113287321315972,5000
474,0,evaluate,3.71648353866384,0.5042,0.39361005753440725,0.2510716517397426,0.30580237556266876,5000
474,1,evaluate,4.981081177916708,0.4288,0.3489182100930811,0.21487026054349462,0.26536511396004425,5000
474,2,evaluate,4.981081177916708,0.4288,0.3489182100930811,0.21487026054349462,0.26536511396004425,5000
474,3,evaluate,3.71648353866384,0.5042,0.39361005753440725,0.2510716517397426,0.30580237556266876,5000
474,4,evaluate,4.981081177916708,0.4288,0.3489182100930811,0.21487026054349462,0.26536511396004425,5000
474,5,evaluate,3.71648353866384,0.5042,0.39361005753440725,0.2510716517397426,0.30580237556266876,5000
475,0,evaluate,4.915229752093931,0.443,0.3487992133176916,0.22205142575025305,0.2706382312552157,5000
475,1,evaluate,3.8163870708851872,0.491,0.3935950352906552,0.24443173865406426,0.30063657098665547,5000
475,2,evaluate,4.915229752093931,0.443,0.3487992133176916,0.22205142575025305,0.2706382312552157,5000
475,3,evaluate,3.8163870708851872,0.491,0.3935950352906552,0.24443173865406426,0.30063657098665547,5000
475,4,evaluate,3.8163870708851872,0.491,0.3935950352906552,0.24443173865406426,0.30063657098665547,5000
475,5,evaluate,4.915229752093931,0.443,0.3487992133176916,0.22205142575025305,0.2706382312552157,5000
476,0,evaluate,3.8335559971724886,0.4872,0.39317489856532295,0.242456701618096,0.2987344990980093,5000
476,1,evaluate,3.8335559971724886,0.4872,0.39317489856532295,0.242456701618096,0.2987344990980093,5000
476,2,evaluate,3.8335559971724886,0.4872,0.39317489856532295,0.242456701618096,0.2987344990980093,5000
476,3,evaluate,4.858256303811375,0.4464,0.34736224448121417,0.22388138083074183,0.27121738293663006,5000
476,4,evaluate,4.858256303811375,0.4464,0.34736224448121417,0.22388138083074183,0.27121738293663006,5000
476,5,evaluate,4.858256303811375,0.4464,0.34736224448121417,0.22388138083074183,0.27121738293663006,5000
477,0,evaluate,3.8304443510272836,0.483,0.39389854184066886,0.2405252883598025,0.2971891781187759,5000
477,1,evaluate,3.8304443510272836,0.483,0.39389854184066886,0.2405252883598025,0.2971891781187759,5000
477,2,evaluate,3.8304443510272836,0.483,0.39389854184066886,0.2405252883598025,0.2971891781187759,5000
477,3,evaluate,4.822934283485895,0.4462,0.34443261364935235,0.22391790355669716,0.2697892207561218,5000
477,4,evaluate,4.822934283485895,0.4462,0.34443261364935235,0.22391790355669716,0.2697892207561218,5000
477,5,evaluate,4.822934283485895,0.4462,0.34443261364935235,0.22391790355669716,0.2697892207561218,5000
478,0,evaluate,4.83635098421121,0.4474,0.3444383142612348,0.224566649676803,0.2698587744393677,5000
478,1,evaluate,4.83635098421121,0.4474,0.3444383142612348,0.224566649676803,0.2698587744393677,5000
478,2,evaluate,3.8456866197948214,0.4846,0.39517353469064265,0.24153561086237324,0.2981771553627148,5000
478,3,evaluate,3.8456866197948214,0.4846,0.39517353469064265,0.24153561086237324,0.2981771553627148,5000
478,4,evaluate,3.8456866197948214,0.4846,0.39517353469064265,0.24153561086237324,0.2981771553627148,5000
478,5,evaluate,4.83635098421121,0.4474,0.3444383142612348,0.224566649676803,0.2698587744393677,5000
479,0,evaluate,4.923182067991812,0.4462,0.3453716818578644,0.22399907197341454,0.2695974118366225,5000
479,1,evaluate,3.857065161572227,0.4918,0.39590216169275694,0.24523992063377098,0.30093246787046984,5000
479,2,evaluate,3.857065161572227,0.4918,0.39590216169275694,0.24523992063377098,0.30093246787046984,5000
479,3,evaluate,4.923182067991812,0.4462,0.3453716818578644,0.22399907197341454,0.2695974118366225,5000
479,4,evaluate,3.857065161572227,0.4918,0.39590216169275694,0.24523992063377098,0.30093246787046984,5000
479,5,evaluate,4.923182067991812,0.4462,0.3453716818578644,0.22399907197341454,0.2695974118366225,5000
480,0,evaluate,3.833013631120513,0.5022,0.39649487494591573,0.25047385208809464,0.305208930795304,5000
480,1,evaluate,5.003768664372118,0.4412,0.3459305520136635,0.22149900336466272,0.26802132368935105,5000
480,2,evaluate,5.003768664372118,0.4412,0.3459305520136635,0.22149900336466272,0.26802132368935105,5000
480,3,evaluate,3.833013631120513,0.5022,0.39649487494591573,0.25047385208809464,0.305208930795304,5000
480,4,evaluate,5.003768664372118,0.4412,0.3459305520136635,0.22149900336466272,0.26802132368935105,5000
480,5,evaluate,3.833013631120513,0.5022,0.39649487494591573,0.25047385208809464,0.305208930795304,5000
481,0,evaluate,3.8391035508505906,0.5118,0.39688160289788715,0.2551845041707278,0.30884785182738084,5000
481,1,evaluate,5.116736943208719,0.4366,0.34633744836067654,0.2191613805101536,0.2666778824722372,5000
481,2,evaluate,5.116736943208719,0.4366,0.34633744836067654,0.2191613805101536,0.2666778824722372,5000
481,3,evaluate,3.8391035508505906,0.5118,0.39688160289788715,0.2551845041707278,0.30884785182738084,5000
481,4,evaluate,5.116736943208719,0.4366,0.34633744836067654,0.2191613805101536,0.2666778824722372,5000
481,5,evaluate,3.8391035508505906,0.5118,0.39688160289788715,0.2551845041707278,0.30884785182738084,5000
482,0,evaluate,5.227899693235567,0.4352,0.34877214837351167,0.21841837225573854,0.2670292206335771,5000
482,1,evaluate,5.227899693235567,0.4352,0.34877214837351167,0.21841837225573854,0.2670292206335771,5000
482,2,evaluate,3.8683031299446204,0.5174,0.39710284269047114,0.2581166303445362,0.3111637053057636,5000
482,3,evaluate,5.227899693235567,0.4352,0.34877214837351167,0.21841837225573854,0.2670292206335771,5000
482,4,evaluate,3.8683031299446204,0.5174,0.39710284269047114,0.2581166303445362,0.3111637053057636,5000
482,5,evaluate,3.8683031299446204,0.5174,0.39710284269047114,0.2581166303445362,0.3111637053057636,5000
483,0,evaluate,5.251644523837898,0.432,0.35114299073171995,0.21677550182569955,0.2665008660161873,5000
483,1,evaluate,5.251644523837898,0.432,0.35114299073171995,0.21677550182569955,0.2665008660161873,5000
483,2,evaluate,3.886325547966776,0.5214,0.3963719903816599,0.2602179659638387,0.3126000641059429,5000
483,3,evaluate,3.886325547966776,0.5214,0.3963719903816599,0.2602179659638387,0.3126000641059429,5000
483,4,evaluate,5.251644523837898,0.432,0.35114299073171995,0.21677550182569955,0.2665008660161873,5000
483,5,evaluate,3.886325547966776,0.5214,0.3963719903816599,0.2602179659638387,0.3126000641059429,5000
484,0,evaluate,5.2228391713733915,0.432,0.3529091127056352,0.21661142528198019,0.2670585253662719,5000
484,1,evaluate,5.2228391713733915,0.432,0.3529091127056352,0.21661142528198019,0.2670585253662719,5000
484,2,evaluate,5.2228391713733915,0.432,0.3529091127056352,0.21661142528198019,0.2670585253662719,5000
484,3,evaluate,3.880027429966987,0.526,0.40075871457930223,0.2625558977978417,0.31580210337653764,5000
484,4,evaluate,3.880027429966987,0.526,0.40075871457930223,0.2625558977978417,0.31580210337653764,5000
484,5,evaluate,3.880027429966987,0.526,0.40075871457930223,0.2625558977978417,0.31580210337653764,5000
485,0,evaluate,5.183014610145666,0.4356,0.3529674605119848,0.21835657143109172,0.2684747442805462,5000
485,1,evaluate,5.183014610145666,0.4356,0.3529674605119848,0.21835657143109172,0.2684747442805462,5000
485,2,evaluate,3.8895309167572214,0.5228,0.3997463069490519,0.26078750800899897,0.3143249895778108,5000
485,3,evaluate,3.8895309167572214,0.5228,0.3997463069490519,0.26078750800899897,0.3143249895778108,5000
485,4,evaluate,5.183014610145666,0.4356,0.3529674605119848,0.21835657143109172,0.2684747442805462,5000
485,5,evaluate,3.8895309167572214,0.5228,0.3997463069490519,0.26078750800899897,0.3143249895778108,5000
486,0,evaluate,3.8804332380053363,0.5176,0.4016073968455318,0.2580745931155715,0.3129943110558662,5000
486,1,evaluate,3.8804332380053363,0.5176,0.4016073968455318,0.2580745931155715,0.3129943110558662,5000
486,2,evaluate,5.077119193499601,0.4392,0.353685419230708,0.2201265741549086,0.27029856965577725,5000
486,3,evaluate,5.077119193499601,0.4392,0.353685419230708,0.2201265741549086,0.27029856965577725,5000
486,4,evaluate,3.8804332380053363,0.5176,0.4016073968455318,0.2580745931155715,0.3129943110558662,5000
486,5,evaluate,5.077119193499601,0.4392,0.353685419230708,0.2201265741549086,0.27029856965577725,5000
487,0,evaluate,5.006501532808135,0.4386,0.35044226814268603,0.21981512936334605,0.2694486229122782,5000
487,1,evaluate,3.89419897900352,0.5078,0.4005502790130958,0.2528931804254292,0.3087574689816738,5000
487,2,evaluate,3.89419897900352,0.5078,0.4005502790130958,0.2528931804254292,0.3087574689816738,5000
487,3,evaluate,3.89419897900352,0.5078,0.4005502790130958,0.2528931804254292,0.3087574689816738,5000
487,4,evaluate,5.006501532808135,0.4386,0.35044226814268603,0.21981512936334605,0.2694486229122782,5000
487,5,evaluate,5.006501532808135,0.4386,0.35044226814268603,0.21981512936334605,0.2694486229122782,5000
488,0,evaluate,4.94534903538378,0.437,0.34776281188661323,0.21898007625455077,0.2683044445357318,5000
488,1,evaluate,3.8892359190349337,0.5056,0.4007692889801005,0.25164770429149064,0.30759020714106083,5000
488,2,evaluate,4.94534903538378,0.437,0.34776281188661323,0.21898007625455077,0.2683044445357318,5000
488,3,evaluate,3.8892359190349337,0.5056,0.4007692889801005,0.25164770429149064,0.30759020714106083,5000
488,4,evaluate,4.94534903538378,0.437,0.34776281188661323,0.21898007625455077,0.2683044445357318,5000
488,5,evaluate,3.8892359190349337,0.5056,0.4007692889801005,0.25164770429149064,0.30759020714106083,5000
489,0,evaluate,3.883255858964558,0.502,0.3984266297159226,0.24968841979339373,0.30519498192235445,5000
489,1,evaluate,4.947272164912164,0.4376,0.34664007078369036,0.21921805341021594,0.26822687481504104,5000
489,2,evaluate,4.947272164912164,0.4376,0.34664007078369036,0.21921805341021594,0.26822687481504104,5000
489,3,evaluate,4.947272164912164,0.4376,0.34664007078369036,0.21921805341021594,0.26822687481504104,5000
489,4,evaluate,3.883255858964558,0.502,0.3984266297159226,0.24968841979339373,0.30519498192235445,5000
489,5,evaluate,3.883255858964558,0.502,0.3984266297159226,0.24968841979339373,0.30519498192235445,5000
490,0,evaluate,4.9682462668117084,0.4342,0.34569785936239844,0.2175036695263995,0.2666559759430614,5000
490,1,evaluate,3.8605611263951167,0.5036,0.3984712485501315,0.2504406213837765,0.3056619810915953,5000
490,2,evaluate,3.8605611263951167,0.5036,0.3984712485501315,0.2504406213837765,0.3056619810915953,5000
490,3,evaluate,3.8605611263951167,0.5036,0.3984712485501315,0.2504406213837765,0.3056619810915953,5000
490,4,evaluate,4.9682462668117084,0.4342,0.34569785936239844,0.2175036695263995,0.2666559759430614,5000
490,5,evaluate,4.9682462668117084,0.4342,0.34569785936239844,0.2175036695263995,0.2666559759430614,5000
491,0,evaluate,5.014433966407293,0.4304,0.34506427420950636,0.21558813924459921,0.2650177623274357,5000
491,1,evaluate,5.014433966407293,0.4304,0.34506427420950636,0.21558813924459921,0.2650177623274357,5000
491,2,evaluate,3.8428456089164635,0.5048,0.3965632558883868,0.2510081596742729,0.3055250996567974,5000
491,3,evaluate,5.014433966407293,0.4304,0.34506427420950636,0.21558813924459921,0.2650177623274357,5000
491,4,evaluate,3.8428456089164635,0.5048,0.3965632558883868,0.2510081596742729,0.3055250996567974,5000
491,5,evaluate,3.8428456089164635,0.5048,0.3965632558883868,0.2510081596742729,0.3055250996567974,5000
492,0,evaluate,3.835240880145302,0.5038,0.3956557810883423,0.25058699842533333,0.3050753912195186,5000
492,1,evaluate,5.0253838828847375,0.428,0.34570320458052234,0.21445500506446394,0.26420185585088285,5000
492,2,evaluate,5.0253838828847375,0.428,0.34570320458052234,0.21445500506446394,0.26420185585088285,5000
492,3,evaluate,3.835240880145302,0.5038,0.3956557810883423,0.25058699842533333,0.3050753912195186,5000
492,4,evaluate,3.835240880145302,0.5038,0.3956557810883423,0.25058699842533333,0.3050753912195186,5000
492,5,evaluate,5.0253838828847375,0.428,0.34570320458052234,0.21445500506446394,0.26420185585088285,5000
493,0,evaluate,5.0420797957649715,0.4342,0.34543070005567167,0.21763770319868153,0.26642523699987064,5000
493,1,evaluate,3.8784028216253352,0.4992,0.39570141424088107,0.2486804579185537,0.3040379902133803,5000
493,2,evaluate,3.8784028216253352,0.4992,0.39570141424088107,0.2486804579185537,0.3040379902133803,5000
493,3,evaluate,5.0420797957649715,0.4342,0.34543070005567167,0.21763770319868153,0.26642523699987064,5000
493,4,evaluate,5.0420797957649715,0.4342,0.34543070005567167,0.21763770319868153,0.26642523699987064,5000
493,5,evaluate,3.8784028216253352,0.4992,0.39570141424088107,0.2486804579185537,0.3040379902133803,5000
494,0,evaluate,5.109744533707824,0.4396,0.34563729841422697,0.22046270120072037,0.26831782023122575,5000
494,1,evaluate,3.9355886374847797,0.4922,0.3948823655083772,0.24564479899898933,0.3017532991072197,5000
494,2,evaluate,5.109744533707824,0.4396,0.34563729841422697,0.22046270120072037,0.26831782023122575,5000
494,3,evaluate,3.9355886374847797,0.4922,0.3948823655083772,0.24564479899898933,0.3017532991072197,5000
494,4,evaluate,5.109744533707824,0.4396,0.34563729841422697,0.22046270120072037,0.26831782023122575,5000
494,5,evaluate,3.9355886374847797,0.4922,0.3948823655083772,0.24564479899898933,0.3017532991072197,5000
495,0,evaluate,3.9978894402709186,0.4856,0.39529254450812357,0.24268581701383343,0.2996469199260138,5000
495,1,evaluate,3.9978894402709186,0.4856,0.39529254450812357,0.24268581701383343,0.2996469199260138,5000
495,2,evaluate,5.186708951298194,0.4464,0.34686513855405576,0.2239587694842878,0.2709783794779647,5000
495,3,evaluate,3.9978894402709186,0.4856,0.39529254450812357,0.24268581701383343,0.2996469199260138,5000
495,4,evaluate,5.186708951298194,0.4464,0.34686513855405576,0.2239587694842878,0.2709783794779647,5000
495,5,evaluate,5.186708951298194,0.4464,0.34686513855405576,0.2239587694842878,0.2709783794779647,5000
496,0,evaluate,4.064889044701299,0.4846,0.39667720733837747,0.24239075056329193,0.2994974589129422,5000
496,1,evaluate,5.286688427381877,0.4472,0.3473383628128979,0.22443382677714693,0.2711818744884943,5000
496,2,evaluate,5.286688427381877,0.4472,0.3473383628128979,0.22443382677714693,0.2711818744884943,5000
496,3,evaluate,5.286688427381877,0.4472,0.3473383628128979,0.22443382677714693,0.2711818744884943,5000
496,4,evaluate,4.064889044701299,0.4846,0.39667720733837747,0.24239075056329193,0.2994974589129422,5000
496,5,evaluate,4.064889044701299,0.4846,0.39667720733837747,0.24239075056329193,0.2994974589129422,5000
497,0,evaluate,5.327355544778365,0.4426,0.34813896864071714,0.22213202808694615,0.2696681909531498,5000
497,1,evaluate,4.045425378823582,0.488,0.3972695328588052,0.24421999876141234,0.3009126130116617,5000
497,2,evaluate,4.045425378823582,0.488,0.3972695328588052,0.24421999876141234,0.3009126130116617,5000
497,3,evaluate,5.327355544778365,0.4426,0.34813896864071714,0.22213202808694615,0.2696681909531498,5000
497,4,evaluate,4.045425378823582,0.488,0.3972695328588052,0.24421999876141234,0.3009126130116617,5000
497,5,evaluate,5.327355544778365,0.4426,0.34813896864071714,0.22213202808694615,0.2696681909531498,5000
498,0,evaluate,3.9969537439225595,0.491,0.3953348998911409,0.245726172528998,0.3014189669352499,5000
498,1,evaluate,3.9969537439225595,0.491,0.3953348998911409,0.245726172528998,0.3014189669352499,5000
498,2,evaluate,5.323737585091893,0.4376,0.34883612209946846,0.21951120890824072,0.2680975260357965,5000
498,3,evaluate,3.9969537439225595,0.491,0.3953348998911409,0.245726172528998,0.3014189669352499,5000
498,4,evaluate,5.323737585091893,0.4376,0.34883612209946846,0.21951120890824072,0.2680975260357965,5000
498,5,evaluate,5.323737585091893,0.4376,0.34883612209946846,0.21951120890824072,0.2680975260357965,5000
499,0,evaluate,5.284373404104499,0.428,0.34794609771714474,0.21461902025714044,0.26419358696228723,5000
499,1,evaluate,3.9096216929109793,0.4936,0.39548054478538874,0.24679463541501315,0.302594183339969,5000
499,2,evaluate,3.9096216929109793,0.4936,0.39548054478538874,0.24679463541501315,0.302594183339969,5000
499,3,evaluate,5.284373404104499,0.428,0.34794609771714474,0.21461902025714044,0.26419358696228723,5000
499,4,evaluate,5.284373404104499,0.428,0.34794609771714474,0.21461902025714044,0.26419358696228723,5000
499,5,evaluate,3.9096216929109793,0.4936,0.39548054478538874,0.24679463541501315,0.302594183339969,5000
