Loading project configuration... 
Success
[93mWARNING [0m:   Ray support on Windows is experimental and may not work as expected. On Windows, Flower Simulations run best in WSL2: https://learn.microsoft.com/en-us/windows/wsl/about
[92mINFO [0m:      Starting FedAvgWithMetricsAggregation strategy:
[92mINFO [0m:      	\u251c\u2500\u2500 Number of rounds: 20
[92mINFO [0m:      	\u251c\u2500\u2500 ArrayRecord (0.24 MB)
[92mINFO [0m:      	\u251c\u2500\u2500 ConfigRecord (train): {'lr': 0.01}
[92mINFO [0m:      	\u251c\u2500\u2500 ConfigRecord (evaluate): (empty!)
[92mINFO [0m:      	\u251c\u2500\u2500> Sampling:
[92mINFO [0m:      	\u2502	\u251c\u2500\u2500Fraction: train (1.00) | evaluate ( 1.00)
[92mINFO [0m:      	\u2502	\u251c\u2500\u2500Minimum nodes: train (6) | evaluate (6)
[92mINFO [0m:      	\u2502	\u2514\u2500\u2500Minimum available nodes: 6
[92mINFO [0m:      	\u2514\u2500\u2500> Keys in records:
[92mINFO [0m:      		\u251c\u2500\u2500 Weighted by: 'num-examples'
[92mINFO [0m:      		\u251c\u2500\u2500 ArrayRecord key: 'arrays'
[92mINFO [0m:      		\u2514\u2500\u2500 ConfigRecord key: 'config'
[92mINFO [0m:      
[92mINFO [0m:      Initial global evaluation results: {'accuracy': 0.1036, 'loss': 2.3030779210827017, 'precision': 0.07142276623235722, 'recall': 0.1036, 'f1': 0.03163906577143945, 'global_accuracy': 0.0, 'weighted_accuracy': 0.0}
[92mINFO [0m:      
[92mINFO [0m:      [ROUND 1/20]
[92mINFO [0m:      configure_train: Sampled 6 nodes (out of 6)
[92mINFO [0m:      aggregate_train: Received 6 results and 0 failures
[92mINFO [0m:      	\u2514\u2500\u2500> Aggregated MetricRecord: {'train_loss': 2.2944880156839456, 'train_accuracy': 0.2006350317515876, 'train_precision': 0.21025099152196874, 'train_recall': 0.20017462615413942, 'train_f1': 0.14266776046063112}
[92mINFO [0m:      configure_evaluate: Sampled 6 nodes (out of 6)
[93mWARNING [0m:   The `metrics_records` property of `RecordDict` (formerly `RecordSet`) is deprecated and will be removed in a future release. Please use the `metric_records` property instead.
[92mINFO [0m:      aggregate_evaluate: Received 6 results and 0 failures
[92mINFO [0m:      	\u2514\u2500\u2500> Aggregated MetricRecord: {'eval_loss': 2.2363714152162175, 'eval_acc': 0.22385522895420912, 'eval_precision': 0.22113116987707404, 'eval_recall': 0.22047922598271158, 'eval_f1': 0.18583494219745436}
[92mINFO [0m:      Global evaluation
[92mINFO [0m:      	\u2514\u2500\u2500> MetricRecord: {'accuracy': 0.2246, 'loss': 2.235932902444767, 'precision': 0.26684636361342806, 'recall': 0.2246, 'f1': 0.19007614862939354, 'global_accuracy': 0.22385522895420915, 'weighted_accuracy': 0.22385522895420915}
[92mINFO [0m:      
[92mINFO [0m:      [ROUND 2/20]
[92mINFO [0m:      configure_train: Sampled 6 nodes (out of 6)
[92mINFO [0m:      aggregate_train: Received 6 results and 0 failures
[92mINFO [0m:      	\u2514\u2500\u2500> Aggregated MetricRecord: {'train_loss': 2.0115362069877456, 'train_accuracy': 0.2984649232461623, 'train_precision': 0.3309501251865918, 'train_recall': 0.2988641994601336, 'train_f1': 0.24232928441510648}
[92mINFO [0m:      configure_evaluate: Sampled 6 nodes (out of 6)
[92mINFO [0m:      aggregate_evaluate: Received 6 results and 0 failures
[92mINFO [0m:      	\u2514\u2500\u2500> Aggregated MetricRecord: {'eval_loss': 1.8178025375372209, 'eval_acc': 0.32543491301739647, 'eval_precision': 0.3451400247185844, 'eval_recall': 0.32515606047674095, 'eval_f1': 0.2850833163006281}
[92mINFO [0m:      Global evaluation
[92mINFO [0m:      	\u2514\u2500\u2500> MetricRecord: {'accuracy': 0.3274, 'loss': 1.7973730760284616, 'precision': 0.33365959137427803, 'recall': 0.32739999999999997, 'f1': 0.2858248174636701, 'global_accuracy': 0.3254349130173965, 'weighted_accuracy': 0.3254349130173965}
[92mINFO [0m:      
[92mINFO [0m:      [ROUND 3/20]
[92mINFO [0m:      configure_train: Sampled 6 nodes (out of 6)
[92mINFO [0m:      aggregate_train: Received 6 results and 0 failures
[92mINFO [0m:      	\u2514\u2500\u2500> Aggregated MetricRecord: {'train_loss': 1.751584025366939, 'train_accuracy': 0.3913445672283614, 'train_precision': 0.4071507737362611, 'train_recall': 0.39003190611103317, 'train_f1': 0.36684862883237235}
[92mINFO [0m:      configure_evaluate: Sampled 6 nodes (out of 6)
[92mINFO [0m:      aggregate_evaluate: Received 6 results and 0 failures
[92mINFO [0m:      	\u2514\u2500\u2500> Aggregated MetricRecord: {'eval_loss': 1.5928963456513745, 'eval_acc': 0.4172165566886622, 'eval_precision': 0.41053343420125055, 'eval_recall': 0.4162739116434372, 'eval_f1': 0.39699879533591276}
[92mINFO [0m:      Global evaluation
[92mINFO [0m:      	\u2514\u2500\u2500> MetricRecord: {'accuracy': 0.4278, 'loss': 1.5808414205720154, 'precision': 0.41983193324166496, 'recall': 0.42780000000000007, 'f1': 0.4093385323021647, 'global_accuracy': 0.41721655668866225, 'weighted_accuracy': 0.41721655668866225}
[92mINFO [0m:      
[92mINFO [0m:      [ROUND 4/20]
[92mINFO [0m:      configure_train: Sampled 6 nodes (out of 6)
[92mINFO [0m:      aggregate_train: Received 6 results and 0 failures
[92mINFO [0m:      	\u2514\u2500\u2500> Aggregated MetricRecord: {'train_loss': 1.6148681104464682, 'train_accuracy': 0.45294764738236915, 'train_precision': 0.46683258786329, 'train_recall': 0.4532048438216743, 'train_f1': 0.43612447730282267}
[92mINFO [0m:      configure_evaluate: Sampled 6 nodes (out of 6)
[92mINFO [0m:      aggregate_evaluate: Received 6 results and 0 failures
[92mINFO [0m:      	\u2514\u2500\u2500> Aggregated MetricRecord: {'eval_loss': 1.4727903996248664, 'eval_acc': 0.4626074785042991, 'eval_precision': 0.4538493309470236, 'eval_recall': 0.4611560778342644, 'eval_f1': 0.4448783492279971}
[92mINFO [0m:      Global evaluation
[92mINFO [0m:      	\u2514\u2500\u2500> MetricRecord: {'accuracy': 0.4706, 'loss': 1.455506643162498, 'precision': 0.4608486490427919, 'recall': 0.4706, 'f1': 0.4538603681371166, 'global_accuracy': 0.4626074785042991, 'weighted_accuracy': 0.4626074785042991}
[92mINFO [0m:      
[92mINFO [0m:      [ROUND 5/20]
[92mINFO [0m:      configure_train: Sampled 6 nodes (out of 6)
[92mINFO [0m:      aggregate_train: Received 6 results and 0 failures
[92mINFO [0m:      	\u2514\u2500\u2500> Aggregated MetricRecord: {'train_loss': 1.5285442132004987, 'train_accuracy': 0.46917345867293364, 'train_precision': 0.4965496733689624, 'train_recall': 0.46844317359878584, 'train_f1': 0.4566885233459881}
[92mINFO [0m:      configure_evaluate: Sampled 6 nodes (out of 6)
[92mINFO [0m:      aggregate_evaluate: Received 6 results and 0 failures
[92mINFO [0m:      	\u2514\u2500\u2500> Aggregated MetricRecord: {'eval_loss': 1.4375539783786677, 'eval_acc': 0.4803039392121575, 'eval_precision': 0.4841596713022811, 'eval_recall': 0.4801949661296253, 'eval_f1': 0.4749579512212492}
[92mINFO [0m:      Global evaluation
[92mINFO [0m:      	\u2514\u2500\u2500> MetricRecord: {'accuracy': 0.4904, 'loss': 1.4166211795203294, 'precision': 0.49322218580504307, 'recall': 0.4904, 'f1': 0.4859556126060747, 'global_accuracy': 0.4803039392121576, 'weighted_accuracy': 0.4803039392121576}
[92mINFO [0m:      
[92mINFO [0m:      [ROUND 6/20]
[92mINFO [0m:      configure_train: Sampled 6 nodes (out of 6)
[92mINFO [0m:      aggregate_train: Received 6 results and 0 failures
[92mINFO [0m:      	\u2514\u2500\u2500> Aggregated MetricRecord: {'train_loss': 1.4742223359650697, 'train_accuracy': 0.4872493624681234, 'train_precision': 0.5225076565052031, 'train_recall': 0.48615547938495973, 'train_f1': 0.4753802931498314}
[92mINFO [0m:      configure_evaluate: Sampled 6 nodes (out of 6)
[92mINFO [0m:      aggregate_evaluate: Received 6 results and 0 failures
[92mINFO [0m:      	\u2514\u2500\u2500> Aggregated MetricRecord: {'eval_loss': 1.3961389510886473, 'eval_acc': 0.4939012197560487, 'eval_precision': 0.49350165302516746, 'eval_recall': 0.49270976219336904, 'eval_f1': 0.48664913285539846}
[92mINFO [0m:      Global evaluation
[92mINFO [0m:      	\u2514\u2500\u2500> MetricRecord: {'accuracy': 0.5076, 'loss': 1.376155432266525, 'precision': 0.5079453624901489, 'recall': 0.5075999999999999, 'f1': 0.5012861191709517, 'global_accuracy': 0.49390121975604884, 'weighted_accuracy': 0.4939012197560488}
[92mINFO [0m:      
[92mINFO [0m:      [ROUND 7/20]
[92mINFO [0m:      configure_train: Sampled 6 nodes (out of 6)
[36m(pid=gcs_server)[0m [2026-01-09 18:44:01,196 E 25568 133860] (gcs_server.exe) gcs_server.cc:302: Failed to establish connection to the event+metrics exporter agent. Events and metrics will not be exported. Exporter agent status: RpcError: Running out of retries to initialize the metrics agent. rpc_code: 14
[92mINFO [0m:      aggregate_train: Received 6 results and 0 failures
[92mINFO [0m:      	\u2514\u2500\u2500> Aggregated MetricRecord: {'train_loss': 1.4273700723411118, 'train_accuracy': 0.5058002900145007, 'train_precision': 0.5410202857846546, 'train_recall': 0.5055078229097956, 'train_f1': 0.49253706521481855}
[92mINFO [0m:      configure_evaluate: Sampled 6 nodes (out of 6)
[92mINFO [0m:      aggregate_evaluate: Received 6 results and 0 failures
[92mINFO [0m:      	\u2514\u2500\u2500> Aggregated MetricRecord: {'eval_loss': 1.3324238567982079, 'eval_acc': 0.5223955208958208, 'eval_precision': 0.5176289729925385, 'eval_recall': 0.5211464709170989, 'eval_f1': 0.5168535700836919}
[92mINFO [0m:      Global evaluation
[92mINFO [0m:      	\u2514\u2500\u2500> MetricRecord: {'accuracy': 0.529, 'loss': 1.320538285412366, 'precision': 0.525906443530076, 'recall': 0.529, 'f1': 0.5252232476643822, 'global_accuracy': 0.5223955208958208, 'weighted_accuracy': 0.5223955208958209}
[92mINFO [0m:      
[92mINFO [0m:      [ROUND 8/20]
[92mINFO [0m:      configure_train: Sampled 6 nodes (out of 6)
[33m(raylet)[0m [2026-01-09 18:44:02,539 E 232728 116256] (raylet.exe) main.cc:975: Failed to establish connection to the metrics exporter agent. Metrics will not be exported. Exporter agent status: RpcError: Running out of retries to initialize the metrics agent. rpc_code: 14
[2026-01-09 18:44:03,762 E 159216 152040] core_worker_process.cc:825: Failed to establish connection to the metrics exporter agent. Metrics will not be exported. Exporter agent status: RpcError: Running out of retries to initialize the metrics agent. rpc_code: 14
[92mINFO [0m:      aggregate_train: Received 6 results and 0 failures
[92mINFO [0m:      	\u2514\u2500\u2500> Aggregated MetricRecord: {'train_loss': 1.391206190501974, 'train_accuracy': 0.5356517825891294, 'train_precision': 0.5546606595345671, 'train_recall': 0.5350776713466202, 'train_f1': 0.5261780076419744}
[92mINFO [0m:      configure_evaluate: Sampled 6 nodes (out of 6)
[92mINFO [0m:      aggregate_evaluate: Received 6 results and 0 failures
[92mINFO [0m:      	\u2514\u2500\u2500> Aggregated MetricRecord: {'eval_loss': 1.304757447362696, 'eval_acc': 0.5263947210557888, 'eval_precision': 0.5208367208531182, 'eval_recall': 0.5245819444285486, 'eval_f1': 0.5162119976787958}
[92mINFO [0m:      Global evaluation
[92mINFO [0m:      	\u2514\u2500\u2500> MetricRecord: {'accuracy': 0.5373, 'loss': 1.2938465845735767, 'precision': 0.5348531168461383, 'recall': 0.5372999999999999, 'f1': 0.5293850565450432, 'global_accuracy': 0.5263947210557888, 'weighted_accuracy': 0.5263947210557889}
[92mINFO [0m:      
[92mINFO [0m:      [ROUND 9/20]
[92mINFO [0m:      configure_train: Sampled 6 nodes (out of 6)
[92mINFO [0m:      aggregate_train: Received 6 results and 0 failures
[92mINFO [0m:      	\u2514\u2500\u2500> Aggregated MetricRecord: {'train_loss': 1.342073889645973, 'train_accuracy': 0.5457272863643183, 'train_precision': 0.567489644011397, 'train_recall': 0.5468804416071196, 'train_f1': 0.5320017821341895}
[92mINFO [0m:      configure_evaluate: Sampled 6 nodes (out of 6)
[92mINFO [0m:      aggregate_evaluate: Received 6 results and 0 failures
[92mINFO [0m:      	\u2514\u2500\u2500> Aggregated MetricRecord: {'eval_loss': 1.278898406609799, 'eval_acc': 0.5379924015196961, 'eval_precision': 0.5343373687460642, 'eval_recall': 0.5359258640603276, 'eval_f1': 0.5252710042928983}
[92mINFO [0m:      Global evaluation
[92mINFO [0m:      	\u2514\u2500\u2500> MetricRecord: {'accuracy': 0.5456, 'loss': 1.267793140833891, 'precision': 0.5454783939607142, 'recall': 0.5456, 'f1': 0.5351991761923258, 'global_accuracy': 0.5379924015196961, 'weighted_accuracy': 0.5379924015196961}
[92mINFO [0m:      
[92mINFO [0m:      [ROUND 10/20]
[92mINFO [0m:      configure_train: Sampled 6 nodes (out of 6)
[92mINFO [0m:      aggregate_train: Received 6 results and 0 failures
[92mINFO [0m:      	\u2514\u2500\u2500> Aggregated MetricRecord: {'train_loss': 1.3140840979286486, 'train_accuracy': 0.5689784489224461, 'train_precision': 0.5868076965984339, 'train_recall': 0.5693241180563107, 'train_f1': 0.5604820550675511}
[92mINFO [0m:      configure_evaluate: Sampled 6 nodes (out of 6)
[92mINFO [0m:      aggregate_evaluate: Received 6 results and 0 failures
[92mINFO [0m:      	\u2514\u2500\u2500> Aggregated MetricRecord: {'eval_loss': 1.242666369339205, 'eval_acc': 0.5558888222355528, 'eval_precision': 0.5503764680325832, 'eval_recall': 0.5538796693190867, 'eval_f1': 0.5499179075867402}
[92mINFO [0m:      Global evaluation
[92mINFO [0m:      	\u2514\u2500\u2500> MetricRecord: {'accuracy': 0.5606, 'loss': 1.231310092950169, 'precision': 0.5576157662381422, 'recall': 0.5606000000000002, 'f1': 0.5570706789177257, 'global_accuracy': 0.5558888222355529, 'weighted_accuracy': 0.5558888222355529}
[92mINFO [0m:      
[92mINFO [0m:      [ROUND 11/20]
[92mINFO [0m:      configure_train: Sampled 6 nodes (out of 6)
[92mINFO [0m:      aggregate_train: Received 6 results and 0 failures
[92mINFO [0m:      	\u2514\u2500\u2500> Aggregated MetricRecord: {'train_loss': 1.2804581834863513, 'train_accuracy': 0.5790289514475724, 'train_precision': 0.604279458880922, 'train_recall': 0.5796625744227107, 'train_f1': 0.5712690110641409}
[92mINFO [0m:      configure_evaluate: Sampled 6 nodes (out of 6)
[92mINFO [0m:      aggregate_evaluate: Received 6 results and 0 failures
[92mINFO [0m:      	\u2514\u2500\u2500> Aggregated MetricRecord: {'eval_loss': 1.2110812971427005, 'eval_acc': 0.568386322735453, 'eval_precision': 0.5635023382581689, 'eval_recall': 0.5668953599026962, 'eval_f1': 0.5618739643288702}
[92mINFO [0m:      Global evaluation
[92mINFO [0m:      	\u2514\u2500\u2500> MetricRecord: {'accuracy': 0.5738, 'loss': 1.2023911144160018, 'precision': 0.5714907461960866, 'recall': 0.5738000000000001, 'f1': 0.5697723594624092, 'global_accuracy': 0.5683863227354529, 'weighted_accuracy': 0.5683863227354529}
[92mINFO [0m:      
[92mINFO [0m:      [ROUND 12/20]
[92mINFO [0m:      configure_train: Sampled 6 nodes (out of 6)
[92mINFO [0m:      aggregate_train: Received 6 results and 0 failures
[92mINFO [0m:      	\u2514\u2500\u2500> Aggregated MetricRecord: {'train_loss': 1.2559856802961789, 'train_accuracy': 0.5979798989949497, 'train_precision': 0.6164074133933654, 'train_recall': 0.5980449790268946, 'train_f1': 0.5923690830906857}
[92mINFO [0m:      configure_evaluate: Sampled 6 nodes (out of 6)
[92mINFO [0m:      aggregate_evaluate: Received 6 results and 0 failures
[92mINFO [0m:      	\u2514\u2500\u2500> Aggregated MetricRecord: {'eval_loss': 1.2099172697876983, 'eval_acc': 0.5740851829634073, 'eval_precision': 0.5739723279903102, 'eval_recall': 0.5725780713011804, 'eval_f1': 0.5675608519555745}
[92mINFO [0m:      Global evaluation
[92mINFO [0m:      	\u2514\u2500\u2500> MetricRecord: {'accuracy': 0.5806, 'loss': 1.1997424235826806, 'precision': 0.5819127859370676, 'recall': 0.5805999999999999, 'f1': 0.5767744452773891, 'global_accuracy': 0.5740851829634073, 'weighted_accuracy': 0.5740851829634073}
[92mINFO [0m:      
[92mINFO [0m:      [ROUND 13/20]
[92mINFO [0m:      configure_train: Sampled 6 nodes (out of 6)
[92mINFO [0m:      aggregate_train: Received 6 results and 0 failures
[92mINFO [0m:      	\u2514\u2500\u2500> Aggregated MetricRecord: {'train_loss': 1.2219819782850194, 'train_accuracy': 0.6158557927896395, 'train_precision': 0.6311732818754531, 'train_recall': 0.6160412586542623, 'train_f1': 0.6120031527717292}
[92mINFO [0m:      configure_evaluate: Sampled 6 nodes (out of 6)
[92mINFO [0m:      aggregate_evaluate: Received 6 results and 0 failures
[92mINFO [0m:      	\u2514\u2500\u2500> Aggregated MetricRecord: {'eval_loss': 1.1815976178121268, 'eval_acc': 0.5841831633673266, 'eval_precision': 0.5861706291247175, 'eval_recall': 0.582915931200606, 'eval_f1': 0.5813600371847043}
[92mINFO [0m:      Global evaluation
[92mINFO [0m:      	\u2514\u2500\u2500> MetricRecord: {'accuracy': 0.5872, 'loss': 1.173990993560115, 'precision': 0.589772333817552, 'recall': 0.5871999999999999, 'f1': 0.5854817611199726, 'global_accuracy': 0.5841831633673266, 'weighted_accuracy': 0.5841831633673266}
[92mINFO [0m:      
[92mINFO [0m:      [ROUND 14/20]
[92mINFO [0m:      configure_train: Sampled 6 nodes (out of 6)
[92mINFO [0m:      aggregate_train: Received 6 results and 0 failures
[92mINFO [0m:      	\u2514\u2500\u2500> Aggregated MetricRecord: {'train_loss': 1.1943676971867947, 'train_accuracy': 0.6328066403320166, 'train_precision': 0.6425764699937765, 'train_recall': 0.6335052867420219, 'train_f1': 0.6263852177723309}
[92mINFO [0m:      configure_evaluate: Sampled 6 nodes (out of 6)
[92mINFO [0m:      aggregate_evaluate: Received 6 results and 0 failures
[92mINFO [0m:      	\u2514\u2500\u2500> Aggregated MetricRecord: {'eval_loss': 1.158101461265447, 'eval_acc': 0.5913817236552689, 'eval_precision': 0.5900715376914168, 'eval_recall': 0.5894715025827634, 'eval_f1': 0.5815266419130647}
[92mINFO [0m:      Global evaluation
[92mINFO [0m:      	\u2514\u2500\u2500> MetricRecord: {'accuracy': 0.591, 'loss': 1.151534591294542, 'precision': 0.589761009879825, 'recall': 0.5910000000000001, 'f1': 0.5836442473477076, 'global_accuracy': 0.5913817236552689, 'weighted_accuracy': 0.591381723655269}
[92mINFO [0m:      
[92mINFO [0m:      [ROUND 15/20]
[92mINFO [0m:      configure_train: Sampled 6 nodes (out of 6)
[92mINFO [0m:      aggregate_train: Received 6 results and 0 failures
[92mINFO [0m:      	\u2514\u2500\u2500> Aggregated MetricRecord: {'train_loss': 1.170392457671749, 'train_accuracy': 0.6377818890944548, 'train_precision': 0.6534782012610642, 'train_recall': 0.6386937609799164, 'train_f1': 0.6330165716305143}
[92mINFO [0m:      configure_evaluate: Sampled 6 nodes (out of 6)
[92mINFO [0m:      aggregate_evaluate: Received 6 results and 0 failures
[92mINFO [0m:      	\u2514\u2500\u2500> Aggregated MetricRecord: {'eval_loss': 1.1398735909529452, 'eval_acc': 0.5988802239552089, 'eval_precision': 0.5954917798350444, 'eval_recall': 0.5972513933607645, 'eval_f1': 0.5928510486571679}
[92mINFO [0m:      Global evaluation
[92mINFO [0m:      	\u2514\u2500\u2500> MetricRecord: {'accuracy': 0.6038, 'loss': 1.1324417824986615, 'precision': 0.6026898348864714, 'recall': 0.6038, 'f1': 0.6004983615087828, 'global_accuracy': 0.5988802239552089, 'weighted_accuracy': 0.598880223955209}
[92mINFO [0m:      
[92mINFO [0m:      [ROUND 16/20]
[92mINFO [0m:      configure_train: Sampled 6 nodes (out of 6)
[92mINFO [0m:      aggregate_train: Received 6 results and 0 failures
[92mINFO [0m:      	\u2514\u2500\u2500> Aggregated MetricRecord: {'train_loss': 1.151316160996846, 'train_accuracy': 0.6437321866093304, 'train_precision': 0.6624462055523925, 'train_recall': 0.6437910695323141, 'train_f1': 0.6401101252264169}
[92mINFO [0m:      configure_evaluate: Sampled 6 nodes (out of 6)
[92mINFO [0m:      aggregate_evaluate: Received 6 results and 0 failures
[92mINFO [0m:      	\u2514\u2500\u2500> Aggregated MetricRecord: {'eval_loss': 1.1495233990205158, 'eval_acc': 0.5976804639072184, 'eval_precision': 0.6061860376108306, 'eval_recall': 0.5958020118983652, 'eval_f1': 0.5936075475671234}
[92mINFO [0m:      Global evaluation
[92mINFO [0m:      	\u2514\u2500\u2500> MetricRecord: {'accuracy': 0.599, 'loss': 1.1491478666474548, 'precision': 0.6089744708636327, 'recall': 0.5990000000000001, 'f1': 0.5973934631269928, 'global_accuracy': 0.5976804639072185, 'weighted_accuracy': 0.5976804639072185}
[92mINFO [0m:      
[92mINFO [0m:      [ROUND 17/20]
[92mINFO [0m:      configure_train: Sampled 6 nodes (out of 6)
[92mINFO [0m:      aggregate_train: Received 6 results and 0 failures
[92mINFO [0m:      	\u2514\u2500\u2500> Aggregated MetricRecord: {'train_loss': 1.1255065123072698, 'train_accuracy': 0.6601830091504576, 'train_precision': 0.6755366166229764, 'train_recall': 0.6611807096037228, 'train_f1': 0.6592958016371049}
[92mINFO [0m:      configure_evaluate: Sampled 6 nodes (out of 6)
[92mINFO [0m:      aggregate_evaluate: Received 6 results and 0 failures
[92mINFO [0m:      	\u2514\u2500\u2500> Aggregated MetricRecord: {'eval_loss': 1.1077837277227227, 'eval_acc': 0.6105778844231153, 'eval_precision': 0.6130882649670985, 'eval_recall': 0.6092087348723775, 'eval_f1': 0.608033677224542}
[92mINFO [0m:      Global evaluation
[92mINFO [0m:      	\u2514\u2500\u2500> MetricRecord: {'accuracy': 0.6152, 'loss': 1.1061820282211787, 'precision': 0.6182947306290045, 'recall': 0.6152, 'f1': 0.6141882037480381, 'global_accuracy': 0.6105778844231153, 'weighted_accuracy': 0.6105778844231153}
[92mINFO [0m:      
[92mINFO [0m:      [ROUND 18/20]
[92mINFO [0m:      configure_train: Sampled 6 nodes (out of 6)
[92mINFO [0m:      aggregate_train: Received 6 results and 0 failures
[92mINFO [0m:      	\u2514\u2500\u2500> Aggregated MetricRecord: {'train_loss': 1.1015436013323623, 'train_accuracy': 0.6699084954247712, 'train_precision': 0.6849009118678583, 'train_recall': 0.670235341479209, 'train_f1': 0.6667214292950857}
[92mINFO [0m:      configure_evaluate: Sampled 6 nodes (out of 6)
[92mINFO [0m:      aggregate_evaluate: Received 6 results and 0 failures
[92mINFO [0m:      	\u2514\u2500\u2500> Aggregated MetricRecord: {'eval_loss': 1.099353550271418, 'eval_acc': 0.6147770445910817, 'eval_precision': 0.6135549440632293, 'eval_recall': 0.6132949397396842, 'eval_f1': 0.6104108300908802}
[92mINFO [0m:      Global evaluation
[92mINFO [0m:      	\u2514\u2500\u2500> MetricRecord: {'accuracy': 0.6166, 'loss': 1.0987558621394484, 'precision': 0.6164897858875165, 'recall': 0.6166, 'f1': 0.6144962053780085, 'global_accuracy': 0.6147770445910817, 'weighted_accuracy': 0.6147770445910817}
[92mINFO [0m:      
[92mINFO [0m:      [ROUND 19/20]
[92mINFO [0m:      configure_train: Sampled 6 nodes (out of 6)
[92mINFO [0m:      aggregate_train: Received 6 results and 0 failures
[92mINFO [0m:      	\u2514\u2500\u2500> Aggregated MetricRecord: {'train_loss': 1.0784084234130535, 'train_accuracy': 0.6783589179458973, 'train_precision': 0.6924273740016132, 'train_recall': 0.6790264599342631, 'train_f1': 0.6745620906114923}
[92mINFO [0m:      configure_evaluate: Sampled 6 nodes (out of 6)
[92mINFO [0m:      aggregate_evaluate: Received 6 results and 0 failures
[92mINFO [0m:      	\u2514\u2500\u2500> Aggregated MetricRecord: {'eval_loss': 1.0935823924886354, 'eval_acc': 0.618376324735053, 'eval_precision': 0.616473659990742, 'eval_recall': 0.6163141556318429, 'eval_f1': 0.6130853062314988}
[92mINFO [0m:      Global evaluation
[92mINFO [0m:      	\u2514\u2500\u2500> MetricRecord: {'accuracy': 0.6218, 'loss': 1.0917540192604065, 'precision': 0.6219037450937677, 'recall': 0.6218, 'f1': 0.6191903603148095, 'global_accuracy': 0.618376324735053, 'weighted_accuracy': 0.618376324735053}
[92mINFO [0m:      
[92mINFO [0m:      [ROUND 20/20]
[92mINFO [0m:      configure_train: Sampled 6 nodes (out of 6)
[92mINFO [0m:      aggregate_train: Received 6 results and 0 failures
[92mINFO [0m:      	\u2514\u2500\u2500> Aggregated MetricRecord: {'train_loss': 1.0605221747197318, 'train_accuracy': 0.6738836941847093, 'train_precision': 0.6887717014764969, 'train_recall': 0.6747707390194044, 'train_f1': 0.6706159542033122}
[92mINFO [0m:      configure_evaluate: Sampled 6 nodes (out of 6)
[92mINFO [0m:      aggregate_evaluate: Received 6 results and 0 failures
[92mINFO [0m:      	\u2514\u2500\u2500> Aggregated MetricRecord: {'eval_loss': 1.0869557925693267, 'eval_acc': 0.6204759048190361, 'eval_precision': 0.6192430744030433, 'eval_recall': 0.6187772398280297, 'eval_f1': 0.6165399447569182}
[92mINFO [0m:      Global evaluation
[92mINFO [0m:      	\u2514\u2500\u2500> MetricRecord: {'accuracy': 0.6232, 'loss': 1.0873504960084264, 'precision': 0.6233856905887285, 'recall': 0.6232, 'f1': 0.6214810642920086, 'global_accuracy': 0.6204759048190361, 'weighted_accuracy': 0.6204759048190361}
[92mINFO [0m:      
[92mINFO [0m:      Strategy execution finished in 77.88s
[92mINFO [0m:      
[92mINFO [0m:      Final results:
[92mINFO [0m:      
[92mINFO [0m:      	Global Arrays:
[92mINFO [0m:      		ArrayRecord (0.238 MB)
[92mINFO [0m:      	
[92mINFO [0m:      	Aggregated ClientApp-side Train Metrics:
[92mINFO [0m:      	{ 1: { 'train_accuracy': '2.0064e-01',
[92mINFO [0m:      	       'train_f1': '1.4267e-01',
[92mINFO [0m:      	       'train_loss': '2.2945e+00',
[92mINFO [0m:      	       'train_precision': '2.1025e-01',
[92mINFO [0m:      	       'train_recall': '2.0017e-01'},
[92mINFO [0m:      	  2: { 'train_accuracy': '2.9846e-01',
[92mINFO [0m:      	       'train_f1': '2.4233e-01',
[92mINFO [0m:      	       'train_loss': '2.0115e+00',
[92mINFO [0m:      	       'train_precision': '3.3095e-01',
[92mINFO [0m:      	       'train_recall': '2.9886e-01'},
[92mINFO [0m:      	  3: { 'train_accuracy': '3.9134e-01',
[92mINFO [0m:      	       'train_f1': '3.6685e-01',
[92mINFO [0m:      	       'train_loss': '1.7516e+00',
[92mINFO [0m:      	       'train_precision': '4.0715e-01',
[92mINFO [0m:      	       'train_recall': '3.9003e-01'},
[92mINFO [0m:      	  4: { 'train_accuracy': '4.5295e-01',
[92mINFO [0m:      	       'train_f1': '4.3612e-01',
[92mINFO [0m:      	       'train_loss': '1.6149e+00',
[92mINFO [0m:      	       'train_precision': '4.6683e-01',
[92mINFO [0m:      	       'train_recall': '4.5320e-01'},
[92mINFO [0m:      	  5: { 'train_accuracy': '4.6917e-01',
[92mINFO [0m:      	       'train_f1': '4.5669e-01',
[92mINFO [0m:      	       'train_loss': '1.5285e+00',
[92mINFO [0m:      	       'train_precision': '4.9655e-01',
[92mINFO [0m:      	       'train_recall': '4.6844e-01'},
[92mINFO [0m:      	  6: { 'train_accuracy': '4.8725e-01',
[92mINFO [0m:      	       'train_f1': '4.7538e-01',
[92mINFO [0m:      	       'train_loss': '1.4742e+00',
[92mINFO [0m:      	       'train_precision': '5.2251e-01',
[92mINFO [0m:      	       'train_recall': '4.8616e-01'},
[92mINFO [0m:      	  7: { 'train_accuracy': '5.0580e-01',
[92mINFO [0m:      	       'train_f1': '4.9254e-01',
[92mINFO [0m:      	       'train_loss': '1.4274e+00',
[92mINFO [0m:      	       'train_precision': '5.4102e-01',
[92mINFO [0m:      	       'train_recall': '5.0551e-01'},
[92mINFO [0m:      	  8: { 'train_accuracy': '5.3565e-01',
[92mINFO [0m:      	       'train_f1': '5.2618e-01',
[92mINFO [0m:      	       'train_loss': '1.3912e+00',
[92mINFO [0m:      	       'train_precision': '5.5466e-01',
[92mINFO [0m:      	       'train_recall': '5.3508e-01'},
[92mINFO [0m:      	  9: { 'train_accuracy': '5.4573e-01',
[92mINFO [0m:      	       'train_f1': '5.3200e-01',
[92mINFO [0m:      	       'train_loss': '1.3421e+00',
[92mINFO [0m:      	       'train_precision': '5.6749e-01',
[92mINFO [0m:      	       'train_recall': '5.4688e-01'},
[92mINFO [0m:      	  10: { 'train_accuracy': '5.6898e-01',
[92mINFO [0m:      	        'train_f1': '5.6048e-01',
[92mINFO [0m:      	        'train_loss': '1.3141e+00',
[92mINFO [0m:      	        'train_precision': '5.8681e-01',
[92mINFO [0m:      	        'train_recall': '5.6932e-01'},
[92mINFO [0m:      	  11: { 'train_accuracy': '5.7903e-01',
[92mINFO [0m:      	        'train_f1': '5.7127e-01',
[92mINFO [0m:      	        'train_loss': '1.2805e+00',
[92mINFO [0m:      	        'train_precision': '6.0428e-01',
[92mINFO [0m:      	        'train_recall': '5.7966e-01'},
[92mINFO [0m:      	  12: { 'train_accuracy': '5.9798e-01',
[92mINFO [0m:      	        'train_f1': '5.9237e-01',
[92mINFO [0m:      	        'train_loss': '1.2560e+00',
[92mINFO [0m:      	        'train_precision': '6.1641e-01',
[92mINFO [0m:      	        'train_recall': '5.9804e-01'},
[92mINFO [0m:      	  13: { 'train_accuracy': '6.1586e-01',
[92mINFO [0m:      	        'train_f1': '6.1200e-01',
[92mINFO [0m:      	        'train_loss': '1.2220e+00',
[92mINFO [0m:      	        'train_precision': '6.3117e-01',
[92mINFO [0m:      	        'train_recall': '6.1604e-01'},
[92mINFO [0m:      	  14: { 'train_accuracy': '6.3281e-01',
[92mINFO [0m:      	        'train_f1': '6.2639e-01',
[92mINFO [0m:      	        'train_loss': '1.1944e+00',
[92mINFO [0m:      	        'train_precision': '6.4258e-01',
[92mINFO [0m:      	        'train_recall': '6.3351e-01'},
[92mINFO [0m:      	  15: { 'train_accuracy': '6.3778e-01',
[92mINFO [0m:      	        'train_f1': '6.3302e-01',
[92mINFO [0m:      	        'train_loss': '1.1704e+00',
[92mINFO [0m:      	        'train_precision': '6.5348e-01',
[92mINFO [0m:      	        'train_recall': '6.3869e-01'},
[92mINFO [0m:      	  16: { 'train_accuracy': '6.4373e-01',
[92mINFO [0m:      	        'train_f1': '6.4011e-01',
[92mINFO [0m:      	        'train_loss': '1.1513e+00',
[92mINFO [0m:      	        'train_precision': '6.6245e-01',
[92mINFO [0m:      	        'train_recall': '6.4379e-01'},
[92mINFO [0m:      	  17: { 'train_accuracy': '6.6018e-01',
[92mINFO [0m:      	        'train_f1': '6.5930e-01',
[92mINFO [0m:      	        'train_loss': '1.1255e+00',
[92mINFO [0m:      	        'train_precision': '6.7554e-01',
[92mINFO [0m:      	        'train_recall': '6.6118e-01'},
[92mINFO [0m:      	  18: { 'train_accuracy': '6.6991e-01',
[92mINFO [0m:      	        'train_f1': '6.6672e-01',
[92mINFO [0m:      	        'train_loss': '1.1015e+00',
[92mINFO [0m:      	        'train_precision': '6.8490e-01',
[92mINFO [0m:      	        'train_recall': '6.7024e-01'},
[92mINFO [0m:      	  19: { 'train_accuracy': '6.7836e-01',
[92mINFO [0m:      	        'train_f1': '6.7456e-01',
[92mINFO [0m:      	        'train_loss': '1.0784e+00',
[92mINFO [0m:      	        'train_precision': '6.9243e-01',
[92mINFO [0m:      	        'train_recall': '6.7903e-01'},
[92mINFO [0m:      	  20: { 'train_accuracy': '6.7388e-01',
[92mINFO [0m:      	        'train_f1': '6.7062e-01',
[92mINFO [0m:      	        'train_loss': '1.0605e+00',
[92mINFO [0m:      	        'train_precision': '6.8877e-01',
[92mINFO [0m:      	        'train_recall': '6.7477e-01'}}
[92mINFO [0m:      	
[92mINFO [0m:      	Aggregated ClientApp-side Evaluate Metrics:
[92mINFO [0m:      	{ 1: { 'eval_acc': '2.2386e-01',
[92mINFO [0m:      	       'eval_f1': '1.8583e-01',
[92mINFO [0m:      	       'eval_loss': '2.2364e+00',
[92mINFO [0m:      	       'eval_precision': '2.2113e-01',
[92mINFO [0m:      	       'eval_recall': '2.2048e-01'},
[92mINFO [0m:      	  2: { 'eval_acc': '3.2543e-01',
[92mINFO [0m:      	       'eval_f1': '2.8508e-01',
[92mINFO [0m:      	       'eval_loss': '1.8178e+00',
[92mINFO [0m:      	       'eval_precision': '3.4514e-01',
[92mINFO [0m:      	       'eval_recall': '3.2516e-01'},
[92mINFO [0m:      	  3: { 'eval_acc': '4.1722e-01',
[92mINFO [0m:      	       'eval_f1': '3.9700e-01',
[92mINFO [0m:      	       'eval_loss': '1.5929e+00',
[92mINFO [0m:      	       'eval_precision': '4.1053e-01',
[92mINFO [0m:      	       'eval_recall': '4.1627e-01'},
[92mINFO [0m:      	  4: { 'eval_acc': '4.6261e-01',
[92mINFO [0m:      	       'eval_f1': '4.4488e-01',
[92mINFO [0m:      	       'eval_loss': '1.4728e+00',
[92mINFO [0m:      	       'eval_precision': '4.5385e-01',
[92mINFO [0m:      	       'eval_recall': '4.6116e-01'},
[92mINFO [0m:      	  5: { 'eval_acc': '4.8030e-01',
[92mINFO [0m:      	       'eval_f1': '4.7496e-01',
[92mINFO [0m:      	       'eval_loss': '1.4376e+00',
[92mINFO [0m:      	       'eval_precision': '4.8416e-01',
[92mINFO [0m:      	       'eval_recall': '4.8019e-01'},
[92mINFO [0m:      	  6: { 'eval_acc': '4.9390e-01',
[92mINFO [0m:      	       'eval_f1': '4.8665e-01',
[92mINFO [0m:      	       'eval_loss': '1.3961e+00',
[92mINFO [0m:      	       'eval_precision': '4.9350e-01',
[92mINFO [0m:      	       'eval_recall': '4.9271e-01'},
[92mINFO [0m:      	  7: { 'eval_acc': '5.2240e-01',
[92mINFO [0m:      	       'eval_f1': '5.1685e-01',
[92mINFO [0m:      	       'eval_loss': '1.3324e+00',
[92mINFO [0m:      	       'eval_precision': '5.1763e-01',
[92mINFO [0m:      	       'eval_recall': '5.2115e-01'},
[92mINFO [0m:      	  8: { 'eval_acc': '5.2639e-01',
[92mINFO [0m:      	       'eval_f1': '5.1621e-01',
[92mINFO [0m:      	       'eval_loss': '1.3048e+00',
[92mINFO [0m:      	       'eval_precision': '5.2084e-01',
[92mINFO [0m:      	       'eval_recall': '5.2458e-01'},
[92mINFO [0m:      	  9: { 'eval_acc': '5.3799e-01',
[92mINFO [0m:      	       'eval_f1': '5.2527e-01',
[92mINFO [0m:      	       'eval_loss': '1.2789e+00',
[92mINFO [0m:      	       'eval_precision': '5.3434e-01',
[92mINFO [0m:      	       'eval_recall': '5.3593e-01'},
[92mINFO [0m:      	  10: { 'eval_acc': '5.5589e-01',
[92mINFO [0m:      	        'eval_f1': '5.4992e-01',
[92mINFO [0m:      	        'eval_loss': '1.2427e+00',
[92mINFO [0m:      	        'eval_precision': '5.5038e-01',
[92mINFO [0m:      	        'eval_recall': '5.5388e-01'},
[92mINFO [0m:      	  11: { 'eval_acc': '5.6839e-01',
[92mINFO [0m:      	        'eval_f1': '5.6187e-01',
[92mINFO [0m:      	        'eval_loss': '1.2111e+00',
[92mINFO [0m:      	        'eval_precision': '5.6350e-01',
[92mINFO [0m:      	        'eval_recall': '5.6690e-01'},
[92mINFO [0m:      	  12: { 'eval_acc': '5.7409e-01',
[92mINFO [0m:      	        'eval_f1': '5.6756e-01',
[92mINFO [0m:      	        'eval_loss': '1.2099e+00',
[92mINFO [0m:      	        'eval_precision': '5.7397e-01',
[92mINFO [0m:      	        'eval_recall': '5.7258e-01'},
[92mINFO [0m:      	  13: { 'eval_acc': '5.8418e-01',
[92mINFO [0m:      	        'eval_f1': '5.8136e-01',
[92mINFO [0m:      	        'eval_loss': '1.1816e+00',
[92mINFO [0m:      	        'eval_precision': '5.8617e-01',
[92mINFO [0m:      	        'eval_recall': '5.8292e-01'},
[92mINFO [0m:      	  14: { 'eval_acc': '5.9138e-01',
[92mINFO [0m:      	        'eval_f1': '5.8153e-01',
[92mINFO [0m:      	        'eval_loss': '1.1581e+00',
[92mINFO [0m:      	        'eval_precision': '5.9007e-01',
[92mINFO [0m:      	        'eval_recall': '5.8947e-01'},
[92mINFO [0m:      	  15: { 'eval_acc': '5.9888e-01',
[92mINFO [0m:      	        'eval_f1': '5.9285e-01',
[92mINFO [0m:      	        'eval_loss': '1.1399e+00',
[92mINFO [0m:      	        'eval_precision': '5.9549e-01',
[92mINFO [0m:      	        'eval_recall': '5.9725e-01'},
[92mINFO [0m:      	  16: { 'eval_acc': '5.9768e-01',
[92mINFO [0m:      	        'eval_f1': '5.9361e-01',
[92mINFO [0m:      	        'eval_loss': '1.1495e+00',
[92mINFO [0m:      	        'eval_precision': '6.0619e-01',
[92mINFO [0m:      	        'eval_recall': '5.9580e-01'},
[92mINFO [0m:      	  17: { 'eval_acc': '6.1058e-01',
[92mINFO [0m:      	        'eval_f1': '6.0803e-01',
[92mINFO [0m:      	        'eval_loss': '1.1078e+00',
[92mINFO [0m:      	        'eval_precision': '6.1309e-01',
[92mINFO [0m:      	        'eval_recall': '6.0921e-01'},
[92mINFO [0m:      	  18: { 'eval_acc': '6.1478e-01',
[92mINFO [0m:      	        'eval_f1': '6.1041e-01',
[92mINFO [0m:      	        'eval_loss': '1.0994e+00',
[92mINFO [0m:      	        'eval_precision': '6.1355e-01',
[92mINFO [0m:      	        'eval_recall': '6.1329e-01'},
[92mINFO [0m:      	  19: { 'eval_acc': '6.1838e-01',
[92mINFO [0m:      	        'eval_f1': '6.1309e-01',
[92mINFO [0m:      	        'eval_loss': '1.0936e+00',
[92mINFO [0m:      	        'eval_precision': '6.1647e-01',
[92mINFO [0m:      	        'eval_recall': '6.1631e-01'},
[92mINFO [0m:      	  20: { 'eval_acc': '6.2048e-01',
[92mINFO [0m:      	        'eval_f1': '6.1654e-01',
[92mINFO [0m:      	        'eval_loss': '1.0870e+00',
[92mINFO [0m:      	        'eval_precision': '6.1924e-01',
[92mINFO [0m:      	        'eval_recall': '6.1878e-01'}}
[92mINFO [0m:      	
[92mINFO [0m:      	ServerApp-side Evaluate Metrics:
[92mINFO [0m:      	{ 0: { 'accuracy': '1.0360e-01',
[92mINFO [0m:      	       'f1': '3.1639e-02',
[92mINFO [0m:      	       'global_accuracy': '0.0000e+00',
[92mINFO [0m:      	       'loss': '2.3031e+00',
[92mINFO [0m:      	       'precision': '7.1423e-02',
[92mINFO [0m:      	       'recall': '1.0360e-01',
[92mINFO [0m:      	       'weighted_accuracy': '0.0000e+00'},
[92mINFO [0m:      	  1: { 'accuracy': '2.2460e-01',
[92mINFO [0m:      	       'f1': '1.9008e-01',
[92mINFO [0m:      	       'global_accuracy': '2.2386e-01',
[92mINFO [0m:      	       'loss': '2.2359e+00',
[92mINFO [0m:      	       'precision': '2.6685e-01',
[92mINFO [0m:      	       'recall': '2.2460e-01',
[92mINFO [0m:      	       'weighted_accuracy': '2.2386e-01'},
[92mINFO [0m:      	  2: { 'accuracy': '3.2740e-01',
[92mINFO [0m:      	       'f1': '2.8582e-01',
[92mINFO [0m:      	       'global_accuracy': '3.2543e-01',
[92mINFO [0m:      	       'loss': '1.7974e+00',
[92mINFO [0m:      	       'precision': '3.3366e-01',
[92mINFO [0m:      	       'recall': '3.2740e-01',
[92mINFO [0m:      	       'weighted_accuracy': '3.2543e-01'},
[92mINFO [0m:      	  3: { 'accuracy': '4.2780e-01',
[92mINFO [0m:      	       'f1': '4.0934e-01',
[92mINFO [0m:      	       'global_accuracy': '4.1722e-01',
[92mINFO [0m:      	       'loss': '1.5808e+00',
[92mINFO [0m:      	       'precision': '4.1983e-01',
[92mINFO [0m:      	       'recall': '4.2780e-01',
[92mINFO [0m:      	       'weighted_accuracy': '4.1722e-01'},
[92mINFO [0m:      	  4: { 'accuracy': '4.7060e-01',
[92mINFO [0m:      	       'f1': '4.5386e-01',
[92mINFO [0m:      	       'global_accuracy': '4.6261e-01',
[92mINFO [0m:      	       'loss': '1.4555e+00',
[92mINFO [0m:      	       'precision': '4.6085e-01',
[92mINFO [0m:      	       'recall': '4.7060e-01',
[92mINFO [0m:      	       'weighted_accuracy': '4.6261e-01'},
[92mINFO [0m:      	  5: { 'accuracy': '4.9040e-01',
[92mINFO [0m:      	       'f1': '4.8596e-01',
[92mINFO [0m:      	       'global_accuracy': '4.8030e-01',
[92mINFO [0m:      	       'loss': '1.4166e+00',
[92mINFO [0m:      	       'precision': '4.9322e-01',
[92mINFO [0m:      	       'recall': '4.9040e-01',
[92mINFO [0m:      	       'weighted_accuracy': '4.8030e-01'},
[92mINFO [0m:      	  6: { 'accuracy': '5.0760e-01',
[92mINFO [0m:      	       'f1': '5.0129e-01',
[92mINFO [0m:      	       'global_accuracy': '4.9390e-01',
[92mINFO [0m:      	       'loss': '1.3762e+00',
[92mINFO [0m:      	       'precision': '5.0795e-01',
[92mINFO [0m:      	       'recall': '5.0760e-01',
[92mINFO [0m:      	       'weighted_accuracy': '4.9390e-01'},
[92mINFO [0m:      	  7: { 'accuracy': '5.2900e-01',
[92mINFO [0m:      	       'f1': '5.2522e-01',
[92mINFO [0m:      	       'global_accuracy': '5.2240e-01',
[92mINFO [0m:      	       'loss': '1.3205e+00',
[92mINFO [0m:      	       'precision': '5.2591e-01',
[92mINFO [0m:      	       'recall': '5.2900e-01',
[92mINFO [0m:      	       'weighted_accuracy': '5.2240e-01'},
[92mINFO [0m:      	  8: { 'accuracy': '5.3730e-01',
[92mINFO [0m:      	       'f1': '5.2939e-01',
[92mINFO [0m:      	       'global_accuracy': '5.2639e-01',
[92mINFO [0m:      	       'loss': '1.2938e+00',
[92mINFO [0m:      	       'precision': '5.3485e-01',
[92mINFO [0m:      	       'recall': '5.3730e-01',
[92mINFO [0m:      	       'weighted_accuracy': '5.2639e-01'},
[92mINFO [0m:      	  9: { 'accuracy': '5.4560e-01',
[92mINFO [0m:      	       'f1': '5.3520e-01',
[92mINFO [0m:      	       'global_accuracy': '5.3799e-01',
[92mINFO [0m:      	       'loss': '1.2678e+00',
[92mINFO [0m:      	       'precision': '5.4548e-01',
[92mINFO [0m:      	       'recall': '5.4560e-01',
[92mINFO [0m:      	       'weighted_accuracy': '5.3799e-01'},
[92mINFO [0m:      	  10: { 'accuracy': '5.6060e-01',
[92mINFO [0m:      	        'f1': '5.5707e-01',
[92mINFO [0m:      	        'global_accuracy': '5.5589e-01',
[92mINFO [0m:      	        'loss': '1.2313e+00',
[92mINFO [0m:      	        'precision': '5.5762e-01',
[92mINFO [0m:      	        'recall': '5.6060e-01',
[92mINFO [0m:      	        'weighted_accuracy': '5.5589e-01'},
[92mINFO [0m:      	  11: { 'accuracy': '5.7380e-01',
[92mINFO [0m:      	        'f1': '5.6977e-01',
[92mINFO [0m:      	        'global_accuracy': '5.6839e-01',
[92mINFO [0m:      	        'loss': '1.2024e+00',
[92mINFO [0m:      	        'precision': '5.7149e-01',
[92mINFO [0m:      	        'recall': '5.7380e-01',
[92mINFO [0m:      	        'weighted_accuracy': '5.6839e-01'},
[92mINFO [0m:      	  12: { 'accuracy': '5.8060e-01',
[92mINFO [0m:      	        'f1': '5.7677e-01',
[92mINFO [0m:      	        'global_accuracy': '5.7409e-01',
[92mINFO [0m:      	        'loss': '1.1997e+00',
[92mINFO [0m:      	        'precision': '5.8191e-01',
[92mINFO [0m:      	        'recall': '5.8060e-01',
[92mINFO [0m:      	        'weighted_accuracy': '5.7409e-01'},
[92mINFO [0m:      	  13: { 'accuracy': '5.8720e-01',
[92mINFO [0m:      	        'f1': '5.8548e-01',
[92mINFO [0m:      	        'global_accuracy': '5.8418e-01',
[92mINFO [0m:      	        'loss': '1.1740e+00',
[92mINFO [0m:      	        'precision': '5.8977e-01',
[92mINFO [0m:      	        'recall': '5.8720e-01',
[92mINFO [0m:      	        'weighted_accuracy': '5.8418e-01'},
[92mINFO [0m:      	  14: { 'accuracy': '5.9100e-01',
[92mINFO [0m:      	        'f1': '5.8364e-01',
[92mINFO [0m:      	        'global_accuracy': '5.9138e-01',
[92mINFO [0m:      	        'loss': '1.1515e+00',
[92mINFO [0m:      	        'precision': '5.8976e-01',
[92mINFO [0m:      	        'recall': '5.9100e-01',
[92mINFO [0m:      	        'weighted_accuracy': '5.9138e-01'},
[92mINFO [0m:      	  15: { 'accuracy': '6.0380e-01',
[92mINFO [0m:      	        'f1': '6.0050e-01',
[92mINFO [0m:      	        'global_accuracy': '5.9888e-01',
[92mINFO [0m:      	        'loss': '1.1324e+00',
[92mINFO [0m:      	        'precision': '6.0269e-01',
[92mINFO [0m:      	        'recall': '6.0380e-01',
[92mINFO [0m:      	        'weighted_accuracy': '5.9888e-01'},
[92mINFO [0m:      	  16: { 'accuracy': '5.9900e-01',
[92mINFO [0m:      	        'f1': '5.9739e-01',
[92mINFO [0m:      	        'global_accuracy': '5.9768e-01',
[92mINFO [0m:      	        'loss': '1.1491e+00',
[92mINFO [0m:      	        'precision': '6.0897e-01',
[92mINFO [0m:      	        'recall': '5.9900e-01',
[92mINFO [0m:      	        'weighted_accuracy': '5.9768e-01'},
[92mINFO [0m:      	  17: { 'accuracy': '6.1520e-01',
[92mINFO [0m:      	        'f1': '6.1419e-01',
[92mINFO [0m:      	        'global_accuracy': '6.1058e-01',
[92mINFO [0m:      	        'loss': '1.1062e+00',
[92mINFO [0m:      	        'precision': '6.1829e-01',
[92mINFO [0m:      	        'recall': '6.1520e-01',
[92mINFO [0m:      	        'weighted_accuracy': '6.1058e-01'},
[92mINFO [0m:      	  18: { 'accuracy': '6.1660e-01',
[92mINFO [0m:      	        'f1': '6.1450e-01',
[92mINFO [0m:      	        'global_accuracy': '6.1478e-01',
[92mINFO [0m:      	        'loss': '1.0988e+00',
[92mINFO [0m:      	        'precision': '6.1649e-01',
[92mINFO [0m:      	        'recall': '6.1660e-01',
[92mINFO [0m:      	        'weighted_accuracy': '6.1478e-01'},
[92mINFO [0m:      	  19: { 'accuracy': '6.2180e-01',
[92mINFO [0m:      	        'f1': '6.1919e-01',
[92mINFO [0m:      	        'global_accuracy': '6.1838e-01',
[92mINFO [0m:      	        'loss': '1.0918e+00',
[92mINFO [0m:      	        'precision': '6.2190e-01',
[92mINFO [0m:      	        'recall': '6.2180e-01',
[92mINFO [0m:      	        'weighted_accuracy': '6.1838e-01'},
[92mINFO [0m:      	  20: { 'accuracy': '6.2320e-01',
[92mINFO [0m:      	        'f1': '6.2148e-01',
[92mINFO [0m:      	        'global_accuracy': '6.2048e-01',
[92mINFO [0m:      	        'loss': '1.0874e+00',
[92mINFO [0m:      	        'precision': '6.2339e-01',
[92mINFO [0m:      	        'recall': '6.2320e-01',
[92mINFO [0m:      	        'weighted_accuracy': '6.2048e-01'}}
[92mINFO [0m:      
[36m(ClientAppActor pid=165972)[0m [93mWARNING [0m:   Manually terminating ClientAppActor

============================================================
Starting Experiment: FedAvg_homo_npy
Strategy: FedAvg
Distribution: homo
Data Source: NPY
Rounds: 20
Clients: 6 (train: 6, eval: 6)
============================================================

Round   0 | Loss: 2.3031 | Acc: 0.1036 | F1: 0.0316 | Global Acc: 0.0000 | Weighted Acc: 0.0000
Round   1 | Loss: 2.2359 | Acc: 0.2246 | F1: 0.1901 | Global Acc: 0.2239 | Weighted Acc: 0.2239
Round   2 | Loss: 1.7974 | Acc: 0.3274 | F1: 0.2858 | Global Acc: 0.3254 | Weighted Acc: 0.3254
Round   3 | Loss: 1.5808 | Acc: 0.4278 | F1: 0.4093 | Global Acc: 0.4172 | Weighted Acc: 0.4172
Round   4 | Loss: 1.4555 | Acc: 0.4706 | F1: 0.4539 | Global Acc: 0.4626 | Weighted Acc: 0.4626
Round   5 | Loss: 1.4166 | Acc: 0.4904 | F1: 0.4860 | Global Acc: 0.4803 | Weighted Acc: 0.4803
Round   6 | Loss: 1.3762 | Acc: 0.5076 | F1: 0.5013 | Global Acc: 0.4939 | Weighted Acc: 0.4939
Round   7 | Loss: 1.3205 | Acc: 0.5290 | F1: 0.5252 | Global Acc: 0.5224 | Weighted Acc: 0.5224
Round   8 | Loss: 1.2938 | Acc: 0.5373 | F1: 0.5294 | Global Acc: 0.5264 | Weighted Acc: 0.5264
Round   9 | Loss: 1.2678 | Acc: 0.5456 | F1: 0.5352 | Global Acc: 0.5380 | Weighted Acc: 0.5380
Round  10 | Loss: 1.2313 | Acc: 0.5606 | F1: 0.5571 | Global Acc: 0.5559 | Weighted Acc: 0.5559
Round  11 | Loss: 1.2024 | Acc: 0.5738 | F1: 0.5698 | Global Acc: 0.5684 | Weighted Acc: 0.5684
Round  12 | Loss: 1.1997 | Acc: 0.5806 | F1: 0.5768 | Global Acc: 0.5741 | Weighted Acc: 0.5741
Round  13 | Loss: 1.1740 | Acc: 0.5872 | F1: 0.5855 | Global Acc: 0.5842 | Weighted Acc: 0.5842
Round  14 | Loss: 1.1515 | Acc: 0.5910 | F1: 0.5836 | Global Acc: 0.5914 | Weighted Acc: 0.5914
Round  15 | Loss: 1.1324 | Acc: 0.6038 | F1: 0.6005 | Global Acc: 0.5989 | Weighted Acc: 0.5989
Round  16 | Loss: 1.1491 | Acc: 0.5990 | F1: 0.5974 | Global Acc: 0.5977 | Weighted Acc: 0.5977
Round  17 | Loss: 1.1062 | Acc: 0.6152 | F1: 0.6142 | Global Acc: 0.6106 | Weighted Acc: 0.6106
Round  18 | Loss: 1.0988 | Acc: 0.6166 | F1: 0.6145 | Global Acc: 0.6148 | Weighted Acc: 0.6148
Round  19 | Loss: 1.0918 | Acc: 0.6218 | F1: 0.6192 | Global Acc: 0.6184 | Weighted Acc: 0.6184
Round  20 | Loss: 1.0874 | Acc: 0.6232 | F1: 0.6215 | Global Acc: 0.6205 | Weighted Acc: 0.6205

Saving final model to disk...

============================================================
Experiment completed: FedAvg_homo_npy
Results saved to:
  - global_csv: results\FedAvg_homo_npy_global_20260109_184329.csv
  - client_csv: results\FedAvg_homo_npy_client_20260109_184329.csv
============================================================

Loading project configuration... 
Success
[93mWARNING [0m:   Ray support on Windows is experimental and may not work as expected. On Windows, Flower Simulations run best in WSL2: https://learn.microsoft.com/en-us/windows/wsl/about
[92mINFO [0m:      Starting FedAvgWithMetricsAggregation strategy:
[92mINFO [0m:      	\u251c\u2500\u2500 Number of rounds: 20
[92mINFO [0m:      	\u251c\u2500\u2500 ArrayRecord (0.24 MB)
[92mINFO [0m:      	\u251c\u2500\u2500 ConfigRecord (train): {'lr': 0.01}
[92mINFO [0m:      	\u251c\u2500\u2500 ConfigRecord (evaluate): (empty!)
[92mINFO [0m:      	\u251c\u2500\u2500> Sampling:
[92mINFO [0m:      	\u2502	\u251c\u2500\u2500Fraction: train (1.00) | evaluate ( 1.00)
[92mINFO [0m:      	\u2502	\u251c\u2500\u2500Minimum nodes: train (6) | evaluate (6)
[92mINFO [0m:      	\u2502	\u2514\u2500\u2500Minimum available nodes: 6
[92mINFO [0m:      	\u2514\u2500\u2500> Keys in records:
[92mINFO [0m:      		\u251c\u2500\u2500 Weighted by: 'num-examples'
[92mINFO [0m:      		\u251c\u2500\u2500 ArrayRecord key: 'arrays'
[92mINFO [0m:      		\u2514\u2500\u2500 ConfigRecord key: 'config'
[92mINFO [0m:      
[92mINFO [0m:      Initial global evaluation results: {'accuracy': 0.1, 'loss': 2.305918678452697, 'precision': 0.01, 'recall': 0.1, 'f1': 0.01818181818181818, 'global_accuracy': 0.0, 'weighted_accuracy': 0.0}
[92mINFO [0m:      
[92mINFO [0m:      [ROUND 1/20]
[92mINFO [0m:      configure_train: Sampled 6 nodes (out of 6)
[92mINFO [0m:      aggregate_train: Received 6 results and 0 failures
[92mINFO [0m:      	\u2514\u2500\u2500> Aggregated MetricRecord: {'train_loss': 0.7180908781389396, 'train_accuracy': 0.7735, 'train_precision': 0.7918883975332685, 'train_recall': 0.773412800090443, 'train_f1': 0.7688937796160763}
[92mINFO [0m:      configure_evaluate: Sampled 6 nodes (out of 6)
[93mWARNING [0m:   The `metrics_records` property of `RecordDict` (formerly `RecordSet`) is deprecated and will be removed in a future release. Please use the `metric_records` property instead.
[92mINFO [0m:      aggregate_evaluate: Received 6 results and 0 failures
[92mINFO [0m:      	\u2514\u2500\u2500> Aggregated MetricRecord: {'eval_loss': 2.229369637196657, 'eval_acc': 0.2573333333333333, 'eval_precision': 0.2613857553870381, 'eval_recall': 0.25705378477555896, 'eval_f1': 0.2563852560734139}
[92mINFO [0m:      Global evaluation
[92mINFO [0m:      	\u2514\u2500\u2500> MetricRecord: {'accuracy': 0.1545, 'loss': 2.3483028230787832, 'precision': 0.03097501869789132, 'recall': 0.1545, 'f1': 0.051418838861219174, 'global_accuracy': 0.25733333333333336, 'weighted_accuracy': 0.25733333333333336}
[92mINFO [0m:      
[92mINFO [0m:      [ROUND 2/20]
[92mINFO [0m:      configure_train: Sampled 6 nodes (out of 6)
[92mINFO [0m:      aggregate_train: Received 6 results and 0 failures
[92mINFO [0m:      	\u2514\u2500\u2500> Aggregated MetricRecord: {'train_loss': 0.5445999899109204, 'train_accuracy': 0.8214791666666666, 'train_precision': 0.8339476701387003, 'train_recall': 0.8217439792433633, 'train_f1': 0.8188660861534505}
[92mINFO [0m:      configure_evaluate: Sampled 6 nodes (out of 6)
[92mINFO [0m:      aggregate_evaluate: Received 6 results and 0 failures
[92mINFO [0m:      	\u2514\u2500\u2500> Aggregated MetricRecord: {'eval_loss': 2.1633920556023005, 'eval_acc': 0.27549999999999997, 'eval_precision': 0.2760458424666514, 'eval_recall': 0.2754042925413893, 'eval_f1': 0.2753953495167312}
[92mINFO [0m:      Global evaluation
[92mINFO [0m:      	\u2514\u2500\u2500> MetricRecord: {'accuracy': 0.1656, 'loss': 2.2860649869411804, 'precision': 0.03313348971523037, 'recall': 0.16560000000000002, 'f1': 0.05519011278449382, 'global_accuracy': 0.2755, 'weighted_accuracy': 0.2755}
[92mINFO [0m:      
[92mINFO [0m:      [ROUND 3/20]
[92mINFO [0m:      configure_train: Sampled 6 nodes (out of 6)
[92mINFO [0m:      aggregate_train: Received 6 results and 0 failures
[92mINFO [0m:      	\u2514\u2500\u2500> Aggregated MetricRecord: {'train_loss': 0.4821017459233602, 'train_accuracy': 0.8443958333333332, 'train_precision': 0.8492944473946864, 'train_recall': 0.8444377257746353, 'train_f1': 0.8436766147958692}
[92mINFO [0m:      configure_evaluate: Sampled 6 nodes (out of 6)
[92mINFO [0m:      aggregate_evaluate: Received 6 results and 0 failures
[92mINFO [0m:      	\u2514\u2500\u2500> Aggregated MetricRecord: {'eval_loss': 2.0766674065716053, 'eval_acc': 0.289, 'eval_precision': 0.28940120753183274, 'eval_recall': 0.28907716760539337, 'eval_f1': 0.2889785322762884}
[92mINFO [0m:      Global evaluation
[92mINFO [0m:      	\u2514\u2500\u2500> MetricRecord: {'accuracy': 0.1716, 'loss': 2.234572612786595, 'precision': 0.034751792524678526, 'recall': 0.1716, 'f1': 0.05766201776653419, 'global_accuracy': 0.289, 'weighted_accuracy': 0.289}
[92mINFO [0m:      
[92mINFO [0m:      [ROUND 4/20]
[92mINFO [0m:      configure_train: Sampled 6 nodes (out of 6)
[92mINFO [0m:      aggregate_train: Received 6 results and 0 failures
[92mINFO [0m:      	\u2514\u2500\u2500> Aggregated MetricRecord: {'train_loss': 0.4277379141251246, 'train_accuracy': 0.8475625, 'train_precision': 0.859813056685665, 'train_recall': 0.8474019398431327, 'train_f1': 0.8455181869044477}
[92mINFO [0m:      configure_evaluate: Sampled 6 nodes (out of 6)
[92mINFO [0m:      aggregate_evaluate: Received 6 results and 0 failures
[92mINFO [0m:      	\u2514\u2500\u2500> Aggregated MetricRecord: {'eval_loss': 1.990248713543806, 'eval_acc': 0.3025833333333333, 'eval_precision': 0.1927101355309412, 'eval_recall': 0.1005645394262181, 'eval_f1': 0.10514724291826802}
[92mINFO [0m:      Global evaluation
[92mINFO [0m:      	\u2514\u2500\u2500> MetricRecord: {'accuracy': 0.1948, 'loss': 2.115021803711034, 'precision': 0.21591440042392346, 'recall': 0.1948, 'f1': 0.09465849293161836, 'global_accuracy': 0.3025833333333333, 'weighted_accuracy': 0.3025833333333333}
[92mINFO [0m:      
[92mINFO [0m:      [ROUND 5/20]
[92mINFO [0m:      configure_train: Sampled 6 nodes (out of 6)
[92mINFO [0m:      aggregate_train: Received 6 results and 0 failures
[92mINFO [0m:      	\u2514\u2500\u2500> Aggregated MetricRecord: {'train_loss': 0.4044148857618371, 'train_accuracy': 0.866875, 'train_precision': 0.872417584264159, 'train_recall': 0.8670628608954037, 'train_f1': 0.8659803059226365}
[92mINFO [0m:      configure_evaluate: Sampled 6 nodes (out of 6)
[92mINFO [0m:      aggregate_evaluate: Received 6 results and 0 failures
[92mINFO [0m:      	\u2514\u2500\u2500> Aggregated MetricRecord: {'eval_loss': 1.968928576777221, 'eval_acc': 0.3014166666666667, 'eval_precision': 0.20958993103204623, 'eval_recall': 0.11952301253563795, 'eval_f1': 0.12331855890377254}
[92mINFO [0m:      Global evaluation
[92mINFO [0m:      	\u2514\u2500\u2500> MetricRecord: {'accuracy': 0.1903, 'loss': 2.1329727429377883, 'precision': 0.21275469935049202, 'recall': 0.1903, 'f1': 0.08938716204435262, 'global_accuracy': 0.3014166666666667, 'weighted_accuracy': 0.30141666666666667}
[92mINFO [0m:      
[92mINFO [0m:      [ROUND 6/20]
[92mINFO [0m:      configure_train: Sampled 6 nodes (out of 6)
[92mINFO [0m:      aggregate_train: Received 6 results and 0 failures
[92mINFO [0m:      	\u2514\u2500\u2500> Aggregated MetricRecord: {'train_loss': 0.38317769465595486, 'train_accuracy': 0.8698333333333332, 'train_precision': 0.8757333440063655, 'train_recall': 0.8698960641515412, 'train_f1': 0.8692781798727518}
[92mINFO [0m:      configure_evaluate: Sampled 6 nodes (out of 6)
[92mINFO [0m:      aggregate_evaluate: Received 6 results and 0 failures
[92mINFO [0m:      	\u2514\u2500\u2500> Aggregated MetricRecord: {'eval_loss': 1.8964372425483018, 'eval_acc': 0.3414166666666666, 'eval_precision': 0.17453020585968246, 'eval_recall': 0.06837415117559698, 'eval_f1': 0.08013963562878826}
[92mINFO [0m:      Global evaluation
[36m(pid=gcs_server)[0m [2026-01-09 18:45:26,425 E 163688 163520] (gcs_server.exe) gcs_server.cc:302: Failed to establish connection to the event+metrics exporter agent. Events and metrics will not be exported. Exporter agent status: RpcError: Running out of retries to initialize the metrics agent. rpc_code: 14
[92mINFO [0m:      	\u2514\u2500\u2500> MetricRecord: {'accuracy': 0.2473, 'loss': 2.002419474758679, 'precision': 0.2622884426221316, 'recall': 0.2473, 'f1': 0.16869333534184652, 'global_accuracy': 0.34141666666666665, 'weighted_accuracy': 0.34141666666666665}
[92mINFO [0m:      
[92mINFO [0m:      [ROUND 7/20]
[92mINFO [0m:      configure_train: Sampled 6 nodes (out of 6)
[33m(raylet)[0m [2026-01-09 18:45:27,787 E 268612 192228] (raylet.exe) main.cc:975: Failed to establish connection to the metrics exporter agent. Metrics will not be exported. Exporter agent status: RpcError: Running out of retries to initialize the metrics agent. rpc_code: 14
[2026-01-09 18:45:29,022 E 179256 101724] core_worker_process.cc:825: Failed to establish connection to the metrics exporter agent. Metrics will not be exported. Exporter agent status: RpcError: Running out of retries to initialize the metrics agent. rpc_code: 14
[92mINFO [0m:      aggregate_train: Received 6 results and 0 failures
[92mINFO [0m:      	\u2514\u2500\u2500> Aggregated MetricRecord: {'train_loss': 0.368947546603779, 'train_accuracy': 0.881625, 'train_precision': 0.8847922576219147, 'train_recall': 0.8815054193802173, 'train_f1': 0.8811806481000243}
[92mINFO [0m:      configure_evaluate: Sampled 6 nodes (out of 6)
[92mINFO [0m:      aggregate_evaluate: Received 6 results and 0 failures
[92mINFO [0m:      	\u2514\u2500\u2500> Aggregated MetricRecord: {'eval_loss': 1.8771514312300097, 'eval_acc': 0.32141666666666663, 'eval_precision': 0.18330852553828889, 'eval_recall': 0.07987182028419271, 'eval_f1': 0.08548772172290275}
[92mINFO [0m:      Global evaluation
[92mINFO [0m:      	\u2514\u2500\u2500> MetricRecord: {'accuracy': 0.2121, 'loss': 2.0449429418467266, 'precision': 0.29623540928092545, 'recall': 0.2121, 'f1': 0.11617927641991724, 'global_accuracy': 0.32141666666666663, 'weighted_accuracy': 0.3214166666666667}
[92mINFO [0m:      
[92mINFO [0m:      [ROUND 8/20]
[92mINFO [0m:      configure_train: Sampled 6 nodes (out of 6)
[92mINFO [0m:      aggregate_train: Received 6 results and 0 failures
[92mINFO [0m:      	\u2514\u2500\u2500> Aggregated MetricRecord: {'train_loss': 0.35234454456965125, 'train_accuracy': 0.8924583333333334, 'train_precision': 0.8932052351998175, 'train_recall': 0.8924065300786451, 'train_f1': 0.8923589087485341}
[92mINFO [0m:      configure_evaluate: Sampled 6 nodes (out of 6)
[92mINFO [0m:      aggregate_evaluate: Received 6 results and 0 failures
[92mINFO [0m:      	\u2514\u2500\u2500> Aggregated MetricRecord: {'eval_loss': 1.823627080236162, 'eval_acc': 0.3710833333333333, 'eval_precision': 0.17685945827360663, 'eval_recall': 0.07426312485856307, 'eval_f1': 0.0929146239290145}
[92mINFO [0m:      Global evaluation
[92mINFO [0m:      	\u2514\u2500\u2500> MetricRecord: {'accuracy': 0.298, 'loss': 1.9211988901790185, 'precision': 0.322164884174328, 'recall': 0.29799999999999993, 'f1': 0.2503036498318374, 'global_accuracy': 0.37108333333333327, 'weighted_accuracy': 0.3710833333333333}
[92mINFO [0m:      
[92mINFO [0m:      [ROUND 9/20]
[92mINFO [0m:      configure_train: Sampled 6 nodes (out of 6)
[92mINFO [0m:      aggregate_train: Received 6 results and 0 failures
[92mINFO [0m:      	\u2514\u2500\u2500> Aggregated MetricRecord: {'train_loss': 0.3432829159647226, 'train_accuracy': 0.8842291666666666, 'train_precision': 0.8901057755076847, 'train_recall': 0.8843522046004249, 'train_f1': 0.8836498982743637}
[92mINFO [0m:      configure_evaluate: Sampled 6 nodes (out of 6)
[92mINFO [0m:      aggregate_evaluate: Received 6 results and 0 failures
[92mINFO [0m:      	\u2514\u2500\u2500> Aggregated MetricRecord: {'eval_loss': 1.7978025977573695, 'eval_acc': 0.34933333333333333, 'eval_precision': 0.18222160136100918, 'eval_recall': 0.07641043613469839, 'eval_f1': 0.08584880180947571}
[92mINFO [0m:      Global evaluation
[92mINFO [0m:      	\u2514\u2500\u2500> MetricRecord: {'accuracy': 0.2412, 'loss': 1.963437561747394, 'precision': 0.3033880303290456, 'recall': 0.2412, 'f1': 0.15921942749089257, 'global_accuracy': 0.34933333333333333, 'weighted_accuracy': 0.34933333333333333}
[92mINFO [0m:      
[92mINFO [0m:      [ROUND 10/20]
[92mINFO [0m:      configure_train: Sampled 6 nodes (out of 6)
[92mINFO [0m:      aggregate_train: Received 6 results and 0 failures
[92mINFO [0m:      	\u2514\u2500\u2500> Aggregated MetricRecord: {'train_loss': 0.329955980528146, 'train_accuracy': 0.8906041666666666, 'train_precision': 0.894341595682081, 'train_recall': 0.8905373126229557, 'train_f1': 0.8900756368413316}
[92mINFO [0m:      configure_evaluate: Sampled 6 nodes (out of 6)
[92mINFO [0m:      aggregate_evaluate: Received 6 results and 0 failures
[92mINFO [0m:      	\u2514\u2500\u2500> Aggregated MetricRecord: {'eval_loss': 1.7911272916213545, 'eval_acc': 0.3940833333333333, 'eval_precision': 0.178737747414478, 'eval_recall': 0.07871994629701466, 'eval_f1': 0.10468928910896394}
[92mINFO [0m:      Global evaluation
[92mINFO [0m:      	\u2514\u2500\u2500> MetricRecord: {'accuracy': 0.334, 'loss': 1.86047133916541, 'precision': 0.338589550045979, 'recall': 0.33399999999999996, 'f1': 0.3144206403796292, 'global_accuracy': 0.39408333333333334, 'weighted_accuracy': 0.39408333333333334}
[92mINFO [0m:      
[92mINFO [0m:      [ROUND 11/20]
[92mINFO [0m:      configure_train: Sampled 6 nodes (out of 6)
[92mINFO [0m:      aggregate_train: Received 6 results and 0 failures
[92mINFO [0m:      	\u2514\u2500\u2500> Aggregated MetricRecord: {'train_loss': 0.32148877523715297, 'train_accuracy': 0.8909791666666664, 'train_precision': 0.8968052574832934, 'train_recall': 0.890710356851892, 'train_f1': 0.8902561846529639}
[92mINFO [0m:      configure_evaluate: Sampled 6 nodes (out of 6)
[92mINFO [0m:      aggregate_evaluate: Received 6 results and 0 failures
[92mINFO [0m:      	\u2514\u2500\u2500> Aggregated MetricRecord: {'eval_loss': 1.7949481833548773, 'eval_acc': 0.3418333333333333, 'eval_precision': 0.1966764304197583, 'eval_recall': 0.0835228277026459, 'eval_f1': 0.0913320609566896}
[92mINFO [0m:      Global evaluation
[92mINFO [0m:      	\u2514\u2500\u2500> MetricRecord: {'accuracy': 0.2305, 'loss': 2.0026288802110694, 'precision': 0.3262597538849654, 'recall': 0.2305, 'f1': 0.14540346393922898, 'global_accuracy': 0.3418333333333334, 'weighted_accuracy': 0.3418333333333333}
[92mINFO [0m:      
[92mINFO [0m:      [ROUND 12/20]
[92mINFO [0m:      configure_train: Sampled 6 nodes (out of 6)
[92mINFO [0m:      aggregate_train: Received 6 results and 0 failures
[92mINFO [0m:      	\u2514\u2500\u2500> Aggregated MetricRecord: {'train_loss': 0.31851437942559524, 'train_accuracy': 0.8993958333333333, 'train_precision': 0.9016862503940544, 'train_recall': 0.8992961709899264, 'train_f1': 0.8991894233114656}
[92mINFO [0m:      configure_evaluate: Sampled 6 nodes (out of 6)
[92mINFO [0m:      aggregate_evaluate: Received 6 results and 0 failures
[92mINFO [0m:      	\u2514\u2500\u2500> Aggregated MetricRecord: {'eval_loss': 1.8180729702666953, 'eval_acc': 0.37516666666666665, 'eval_precision': 0.18062623191453153, 'eval_recall': 0.07487993458702374, 'eval_f1': 0.1028857484699944}
[92mINFO [0m:      Global evaluation
[92mINFO [0m:      	\u2514\u2500\u2500> MetricRecord: {'accuracy': 0.3476, 'loss': 1.8491992995708804, 'precision': 0.36984285247915044, 'recall': 0.3476, 'f1': 0.3388679622777457, 'global_accuracy': 0.37516666666666665, 'weighted_accuracy': 0.37516666666666665}
[92mINFO [0m:      
[92mINFO [0m:      [ROUND 13/20]
[92mINFO [0m:      configure_train: Sampled 6 nodes (out of 6)
[92mINFO [0m:      aggregate_train: Received 6 results and 0 failures
[92mINFO [0m:      	\u2514\u2500\u2500> Aggregated MetricRecord: {'train_loss': 0.3079735216610133, 'train_accuracy': 0.9002916666666666, 'train_precision': 0.9042279801436752, 'train_recall': 0.9001433875550847, 'train_f1': 0.8998476864514104}
[92mINFO [0m:      configure_evaluate: Sampled 6 nodes (out of 6)
[92mINFO [0m:      aggregate_evaluate: Received 6 results and 0 failures
[92mINFO [0m:      	\u2514\u2500\u2500> Aggregated MetricRecord: {'eval_loss': 1.7440976639273305, 'eval_acc': 0.36666666666666664, 'eval_precision': 0.18054952666024016, 'eval_recall': 0.07342449951503383, 'eval_f1': 0.08374150324968796}
[92mINFO [0m:      Global evaluation
[92mINFO [0m:      	\u2514\u2500\u2500> MetricRecord: {'accuracy': 0.2582, 'loss': 1.937252393251733, 'precision': 0.3128295037458409, 'recall': 0.2582, 'f1': 0.1785951519966026, 'global_accuracy': 0.3666666666666667, 'weighted_accuracy': 0.36666666666666664}
[92mINFO [0m:      
[92mINFO [0m:      [ROUND 14/20]
[92mINFO [0m:      configure_train: Sampled 6 nodes (out of 6)
[92mINFO [0m:      aggregate_train: Received 6 results and 0 failures
[92mINFO [0m:      	\u2514\u2500\u2500> Aggregated MetricRecord: {'train_loss': 0.3009098394997418, 'train_accuracy': 0.8992708333333332, 'train_precision': 0.9068166700005765, 'train_recall': 0.8992754219852235, 'train_f1': 0.8981436293197698}
[92mINFO [0m:      configure_evaluate: Sampled 6 nodes (out of 6)
[92mINFO [0m:      aggregate_evaluate: Received 6 results and 0 failures
[92mINFO [0m:      	\u2514\u2500\u2500> Aggregated MetricRecord: {'eval_loss': 1.731301787353697, 'eval_acc': 0.4053333333333334, 'eval_precision': 0.17997241731847244, 'eval_recall': 0.08102332496570026, 'eval_f1': 0.10804368669589855}
[92mINFO [0m:      Global evaluation
[92mINFO [0m:      	\u2514\u2500\u2500> MetricRecord: {'accuracy': 0.355, 'loss': 1.7993081687371941, 'precision': 0.3733251166954842, 'recall': 0.355, 'f1': 0.34172135107490587, 'global_accuracy': 0.4053333333333333, 'weighted_accuracy': 0.4053333333333333}
[92mINFO [0m:      
[92mINFO [0m:      [ROUND 15/20]
[92mINFO [0m:      configure_train: Sampled 6 nodes (out of 6)
[92mINFO [0m:      aggregate_train: Received 6 results and 0 failures
[92mINFO [0m:      	\u2514\u2500\u2500> Aggregated MetricRecord: {'train_loss': 0.2941142670518408, 'train_accuracy': 0.8981666666666666, 'train_precision': 0.9047303860227695, 'train_recall': 0.898224889035084, 'train_f1': 0.8974249373323988}
[92mINFO [0m:      configure_evaluate: Sampled 6 nodes (out of 6)
[92mINFO [0m:      aggregate_evaluate: Received 6 results and 0 failures
[92mINFO [0m:      	\u2514\u2500\u2500> Aggregated MetricRecord: {'eval_loss': 1.6734672103609358, 'eval_acc': 0.40149999999999997, 'eval_precision': 0.18223357718275823, 'eval_recall': 0.08042436823398268, 'eval_f1': 0.09601477987784625}
[92mINFO [0m:      Global evaluation
[92mINFO [0m:      	\u2514\u2500\u2500> MetricRecord: {'accuracy': 0.3043, 'loss': 1.8463279778444315, 'precision': 0.3438066805294819, 'recall': 0.3043, 'f1': 0.2448097645917468, 'global_accuracy': 0.40149999999999997, 'weighted_accuracy': 0.4015}
[92mINFO [0m:      
[92mINFO [0m:      [ROUND 16/20]
[92mINFO [0m:      configure_train: Sampled 6 nodes (out of 6)
[92mINFO [0m:      aggregate_train: Received 6 results and 0 failures
[92mINFO [0m:      	\u2514\u2500\u2500> Aggregated MetricRecord: {'train_loss': 0.2904355243742466, 'train_accuracy': 0.9060833333333334, 'train_precision': 0.908735803738143, 'train_recall': 0.9059479215488628, 'train_f1': 0.9057792524701921}
[92mINFO [0m:      configure_evaluate: Sampled 6 nodes (out of 6)
[92mINFO [0m:      aggregate_evaluate: Received 6 results and 0 failures
[92mINFO [0m:      	\u2514\u2500\u2500> Aggregated MetricRecord: {'eval_loss': 1.663862290205779, 'eval_acc': 0.43549999999999994, 'eval_precision': 0.18103881007619066, 'eval_recall': 0.0870617354466944, 'eval_f1': 0.11296372872888519}
[92mINFO [0m:      Global evaluation
[92mINFO [0m:      	\u2514\u2500\u2500> MetricRecord: {'accuracy': 0.3773, 'loss': 1.75827957105033, 'precision': 0.3847419976248805, 'recall': 0.3773, 'f1': 0.36005067248825606, 'global_accuracy': 0.4355, 'weighted_accuracy': 0.4355}
[92mINFO [0m:      
[92mINFO [0m:      [ROUND 17/20]
[92mINFO [0m:      configure_train: Sampled 6 nodes (out of 6)
[92mINFO [0m:      aggregate_train: Received 6 results and 0 failures
[92mINFO [0m:      	\u2514\u2500\u2500> Aggregated MetricRecord: {'train_loss': 0.28574552329008773, 'train_accuracy': 0.9080416666666666, 'train_precision': 0.911875591813387, 'train_recall': 0.9081685398506834, 'train_f1': 0.9076983396591543}
[92mINFO [0m:      configure_evaluate: Sampled 6 nodes (out of 6)
[92mINFO [0m:      aggregate_evaluate: Received 6 results and 0 failures
[92mINFO [0m:      	\u2514\u2500\u2500> Aggregated MetricRecord: {'eval_loss': 1.6559936691213535, 'eval_acc': 0.42174999999999996, 'eval_precision': 0.1809870462695432, 'eval_recall': 0.08435918424564158, 'eval_f1': 0.10618867206748435}
[92mINFO [0m:      Global evaluation
[92mINFO [0m:      	\u2514\u2500\u2500> MetricRecord: {'accuracy': 0.3423, 'loss': 1.8056639523445805, 'precision': 0.36684963119163394, 'recall': 0.3423, 'f1': 0.3129852363336415, 'global_accuracy': 0.42175, 'weighted_accuracy': 0.42175}
[92mINFO [0m:      
[92mINFO [0m:      [ROUND 18/20]
[92mINFO [0m:      configure_train: Sampled 6 nodes (out of 6)
[92mINFO [0m:      aggregate_train: Received 6 results and 0 failures
[92mINFO [0m:      	\u2514\u2500\u2500> Aggregated MetricRecord: {'train_loss': 0.27602536468363054, 'train_accuracy': 0.9101250000000001, 'train_precision': 0.9138495574235561, 'train_recall': 0.9101157681075246, 'train_f1': 0.9098835162854743}
[92mINFO [0m:      configure_evaluate: Sampled 6 nodes (out of 6)
[92mINFO [0m:      aggregate_evaluate: Received 6 results and 0 failures
[92mINFO [0m:      	\u2514\u2500\u2500> Aggregated MetricRecord: {'eval_loss': 1.629352557911444, 'eval_acc': 0.4461666666666666, 'eval_precision': 0.18232406777521287, 'eval_recall': 0.08918920846017812, 'eval_f1': 0.11701806692701834}
[92mINFO [0m:      Global evaluation
[92mINFO [0m:      	\u2514\u2500\u2500> MetricRecord: {'accuracy': 0.4012, 'loss': 1.7148420312736607, 'precision': 0.4018563077542844, 'recall': 0.40119999999999995, 'f1': 0.3914978294300969, 'global_accuracy': 0.4461666666666666, 'weighted_accuracy': 0.44616666666666666}
[92mINFO [0m:      
[92mINFO [0m:      [ROUND 19/20]
[92mINFO [0m:      configure_train: Sampled 6 nodes (out of 6)
[92mINFO [0m:      aggregate_train: Received 6 results and 0 failures
[92mINFO [0m:      	\u2514\u2500\u2500> Aggregated MetricRecord: {'train_loss': 0.2706340265932182, 'train_accuracy': 0.9089375, 'train_precision': 0.914658793174044, 'train_recall': 0.908899852413112, 'train_f1': 0.9084167546634894}
[92mINFO [0m:      configure_evaluate: Sampled 6 nodes (out of 6)
[92mINFO [0m:      aggregate_evaluate: Received 6 results and 0 failures
[92mINFO [0m:      	\u2514\u2500\u2500> Aggregated MetricRecord: {'eval_loss': 1.6252056445394243, 'eval_acc': 0.42983333333333323, 'eval_precision': 0.18240395584163935, 'eval_recall': 0.08603291967360603, 'eval_f1': 0.10691624395477464}
[92mINFO [0m:      Global evaluation
[92mINFO [0m:      	\u2514\u2500\u2500> MetricRecord: {'accuracy': 0.3487, 'loss': 1.7867124291914929, 'precision': 0.38007111784552444, 'recall': 0.34869999999999995, 'f1': 0.31641009563822176, 'global_accuracy': 0.4298333333333333, 'weighted_accuracy': 0.42983333333333335}
[92mINFO [0m:      
[92mINFO [0m:      [ROUND 20/20]
[92mINFO [0m:      configure_train: Sampled 6 nodes (out of 6)
[92mINFO [0m:      aggregate_train: Received 6 results and 0 failures
[92mINFO [0m:      	\u2514\u2500\u2500> Aggregated MetricRecord: {'train_loss': 0.2722316105061521, 'train_accuracy': 0.9081666666666666, 'train_precision': 0.9148576741542969, 'train_recall': 0.9081707679038455, 'train_f1': 0.9074076021366664}
[92mINFO [0m:      configure_evaluate: Sampled 6 nodes (out of 6)
[92mINFO [0m:      aggregate_evaluate: Received 6 results and 0 failures
[92mINFO [0m:      	\u2514\u2500\u2500> Aggregated MetricRecord: {'eval_loss': 1.5975650996758193, 'eval_acc': 0.4564999999999999, 'eval_precision': 0.18381598716570924, 'eval_recall': 0.09129739043535091, 'eval_f1': 0.11880174614581533}
[92mINFO [0m:      Global evaluation
[92mINFO [0m:      	\u2514\u2500\u2500> MetricRecord: {'accuracy': 0.4053, 'loss': 1.6893085482754284, 'precision': 0.4144772913934493, 'recall': 0.4053, 'f1': 0.39524454936257686, 'global_accuracy': 0.45649999999999996, 'weighted_accuracy': 0.4565}
[92mINFO [0m:      
[92mINFO [0m:      Strategy execution finished in 97.38s
[92mINFO [0m:      
[92mINFO [0m:      Final results:
[92mINFO [0m:      
[92mINFO [0m:      	Global Arrays:
[92mINFO [0m:      		ArrayRecord (0.238 MB)
[92mINFO [0m:      	
[92mINFO [0m:      	Aggregated ClientApp-side Train Metrics:
[92mINFO [0m:      	{ 1: { 'train_accuracy': '7.7350e-01',
[92mINFO [0m:      	       'train_f1': '7.6889e-01',
[92mINFO [0m:      	       'train_loss': '7.1809e-01',
[92mINFO [0m:      	       'train_precision': '7.9189e-01',
[92mINFO [0m:      	       'train_recall': '7.7341e-01'},
[92mINFO [0m:      	  2: { 'train_accuracy': '8.2148e-01',
[92mINFO [0m:      	       'train_f1': '8.1887e-01',
[92mINFO [0m:      	       'train_loss': '5.4460e-01',
[92mINFO [0m:      	       'train_precision': '8.3395e-01',
[92mINFO [0m:      	       'train_recall': '8.2174e-01'},
[92mINFO [0m:      	  3: { 'train_accuracy': '8.4440e-01',
[92mINFO [0m:      	       'train_f1': '8.4368e-01',
[92mINFO [0m:      	       'train_loss': '4.8210e-01',
[92mINFO [0m:      	       'train_precision': '8.4929e-01',
[92mINFO [0m:      	       'train_recall': '8.4444e-01'},
[92mINFO [0m:      	  4: { 'train_accuracy': '8.4756e-01',
[92mINFO [0m:      	       'train_f1': '8.4552e-01',
[92mINFO [0m:      	       'train_loss': '4.2774e-01',
[92mINFO [0m:      	       'train_precision': '8.5981e-01',
[92mINFO [0m:      	       'train_recall': '8.4740e-01'},
[92mINFO [0m:      	  5: { 'train_accuracy': '8.6687e-01',
[92mINFO [0m:      	       'train_f1': '8.6598e-01',
[92mINFO [0m:      	       'train_loss': '4.0441e-01',
[92mINFO [0m:      	       'train_precision': '8.7242e-01',
[92mINFO [0m:      	       'train_recall': '8.6706e-01'},
[92mINFO [0m:      	  6: { 'train_accuracy': '8.6983e-01',
[92mINFO [0m:      	       'train_f1': '8.6928e-01',
[92mINFO [0m:      	       'train_loss': '3.8318e-01',
[92mINFO [0m:      	       'train_precision': '8.7573e-01',
[92mINFO [0m:      	       'train_recall': '8.6990e-01'},
[92mINFO [0m:      	  7: { 'train_accuracy': '8.8162e-01',
[92mINFO [0m:      	       'train_f1': '8.8118e-01',
[92mINFO [0m:      	       'train_loss': '3.6895e-01',
[92mINFO [0m:      	       'train_precision': '8.8479e-01',
[92mINFO [0m:      	       'train_recall': '8.8151e-01'},
[92mINFO [0m:      	  8: { 'train_accuracy': '8.9246e-01',
[92mINFO [0m:      	       'train_f1': '8.9236e-01',
[92mINFO [0m:      	       'train_loss': '3.5234e-01',
[92mINFO [0m:      	       'train_precision': '8.9321e-01',
[92mINFO [0m:      	       'train_recall': '8.9241e-01'},
[92mINFO [0m:      	  9: { 'train_accuracy': '8.8423e-01',
[92mINFO [0m:      	       'train_f1': '8.8365e-01',
[92mINFO [0m:      	       'train_loss': '3.4328e-01',
[92mINFO [0m:      	       'train_precision': '8.9011e-01',
[92mINFO [0m:      	       'train_recall': '8.8435e-01'},
[92mINFO [0m:      	  10: { 'train_accuracy': '8.9060e-01',
[92mINFO [0m:      	        'train_f1': '8.9008e-01',
[92mINFO [0m:      	        'train_loss': '3.2996e-01',
[92mINFO [0m:      	        'train_precision': '8.9434e-01',
[92mINFO [0m:      	        'train_recall': '8.9054e-01'},
[92mINFO [0m:      	  11: { 'train_accuracy': '8.9098e-01',
[92mINFO [0m:      	        'train_f1': '8.9026e-01',
[92mINFO [0m:      	        'train_loss': '3.2149e-01',
[92mINFO [0m:      	        'train_precision': '8.9681e-01',
[92mINFO [0m:      	        'train_recall': '8.9071e-01'},
[92mINFO [0m:      	  12: { 'train_accuracy': '8.9940e-01',
[92mINFO [0m:      	        'train_f1': '8.9919e-01',
[92mINFO [0m:      	        'train_loss': '3.1851e-01',
[92mINFO [0m:      	        'train_precision': '9.0169e-01',
[92mINFO [0m:      	        'train_recall': '8.9930e-01'},
[92mINFO [0m:      	  13: { 'train_accuracy': '9.0029e-01',
[92mINFO [0m:      	        'train_f1': '8.9985e-01',
[92mINFO [0m:      	        'train_loss': '3.0797e-01',
[92mINFO [0m:      	        'train_precision': '9.0423e-01',
[92mINFO [0m:      	        'train_recall': '9.0014e-01'},
[92mINFO [0m:      	  14: { 'train_accuracy': '8.9927e-01',
[92mINFO [0m:      	        'train_f1': '8.9814e-01',
[92mINFO [0m:      	        'train_loss': '3.0091e-01',
[92mINFO [0m:      	        'train_precision': '9.0682e-01',
[92mINFO [0m:      	        'train_recall': '8.9928e-01'},
[92mINFO [0m:      	  15: { 'train_accuracy': '8.9817e-01',
[92mINFO [0m:      	        'train_f1': '8.9742e-01',
[92mINFO [0m:      	        'train_loss': '2.9411e-01',
[92mINFO [0m:      	        'train_precision': '9.0473e-01',
[92mINFO [0m:      	        'train_recall': '8.9822e-01'},
[92mINFO [0m:      	  16: { 'train_accuracy': '9.0608e-01',
[92mINFO [0m:      	        'train_f1': '9.0578e-01',
[92mINFO [0m:      	        'train_loss': '2.9044e-01',
[92mINFO [0m:      	        'train_precision': '9.0874e-01',
[92mINFO [0m:      	        'train_recall': '9.0595e-01'},
[92mINFO [0m:      	  17: { 'train_accuracy': '9.0804e-01',
[92mINFO [0m:      	        'train_f1': '9.0770e-01',
[92mINFO [0m:      	        'train_loss': '2.8575e-01',
[92mINFO [0m:      	        'train_precision': '9.1188e-01',
[92mINFO [0m:      	        'train_recall': '9.0817e-01'},
[92mINFO [0m:      	  18: { 'train_accuracy': '9.1013e-01',
[92mINFO [0m:      	        'train_f1': '9.0988e-01',
[92mINFO [0m:      	        'train_loss': '2.7603e-01',
[92mINFO [0m:      	        'train_precision': '9.1385e-01',
[92mINFO [0m:      	        'train_recall': '9.1012e-01'},
[92mINFO [0m:      	  19: { 'train_accuracy': '9.0894e-01',
[92mINFO [0m:      	        'train_f1': '9.0842e-01',
[92mINFO [0m:      	        'train_loss': '2.7063e-01',
[92mINFO [0m:      	        'train_precision': '9.1466e-01',
[92mINFO [0m:      	        'train_recall': '9.0890e-01'},
[92mINFO [0m:      	  20: { 'train_accuracy': '9.0817e-01',
[92mINFO [0m:      	        'train_f1': '9.0741e-01',
[92mINFO [0m:      	        'train_loss': '2.7223e-01',
[92mINFO [0m:      	        'train_precision': '9.1486e-01',
[92mINFO [0m:      	        'train_recall': '9.0817e-01'}}
[92mINFO [0m:      	
[92mINFO [0m:      	Aggregated ClientApp-side Evaluate Metrics:
[92mINFO [0m:      	{ 1: { 'eval_acc': '2.5733e-01',
[92mINFO [0m:      	       'eval_f1': '2.5639e-01',
[92mINFO [0m:      	       'eval_loss': '2.2294e+00',
[92mINFO [0m:      	       'eval_precision': '2.6139e-01',
[92mINFO [0m:      	       'eval_recall': '2.5705e-01'},
[92mINFO [0m:      	  2: { 'eval_acc': '2.7550e-01',
[92mINFO [0m:      	       'eval_f1': '2.7540e-01',
[92mINFO [0m:      	       'eval_loss': '2.1634e+00',
[92mINFO [0m:      	       'eval_precision': '2.7605e-01',
[92mINFO [0m:      	       'eval_recall': '2.7540e-01'},
[92mINFO [0m:      	  3: { 'eval_acc': '2.8900e-01',
[92mINFO [0m:      	       'eval_f1': '2.8898e-01',
[92mINFO [0m:      	       'eval_loss': '2.0767e+00',
[92mINFO [0m:      	       'eval_precision': '2.8940e-01',
[92mINFO [0m:      	       'eval_recall': '2.8908e-01'},
[92mINFO [0m:      	  4: { 'eval_acc': '3.0258e-01',
[92mINFO [0m:      	       'eval_f1': '1.0515e-01',
[92mINFO [0m:      	       'eval_loss': '1.9902e+00',
[92mINFO [0m:      	       'eval_precision': '1.9271e-01',
[92mINFO [0m:      	       'eval_recall': '1.0056e-01'},
[92mINFO [0m:      	  5: { 'eval_acc': '3.0142e-01',
[92mINFO [0m:      	       'eval_f1': '1.2332e-01',
[92mINFO [0m:      	       'eval_loss': '1.9689e+00',
[92mINFO [0m:      	       'eval_precision': '2.0959e-01',
[92mINFO [0m:      	       'eval_recall': '1.1952e-01'},
[92mINFO [0m:      	  6: { 'eval_acc': '3.4142e-01',
[92mINFO [0m:      	       'eval_f1': '8.0140e-02',
[92mINFO [0m:      	       'eval_loss': '1.8964e+00',
[92mINFO [0m:      	       'eval_precision': '1.7453e-01',
[92mINFO [0m:      	       'eval_recall': '6.8374e-02'},
[92mINFO [0m:      	  7: { 'eval_acc': '3.2142e-01',
[92mINFO [0m:      	       'eval_f1': '8.5488e-02',
[92mINFO [0m:      	       'eval_loss': '1.8772e+00',
[92mINFO [0m:      	       'eval_precision': '1.8331e-01',
[92mINFO [0m:      	       'eval_recall': '7.9872e-02'},
[92mINFO [0m:      	  8: { 'eval_acc': '3.7108e-01',
[92mINFO [0m:      	       'eval_f1': '9.2915e-02',
[92mINFO [0m:      	       'eval_loss': '1.8236e+00',
[92mINFO [0m:      	       'eval_precision': '1.7686e-01',
[92mINFO [0m:      	       'eval_recall': '7.4263e-02'},
[92mINFO [0m:      	  9: { 'eval_acc': '3.4933e-01',
[92mINFO [0m:      	       'eval_f1': '8.5849e-02',
[92mINFO [0m:      	       'eval_loss': '1.7978e+00',
[92mINFO [0m:      	       'eval_precision': '1.8222e-01',
[92mINFO [0m:      	       'eval_recall': '7.6410e-02'},
[92mINFO [0m:      	  10: { 'eval_acc': '3.9408e-01',
[92mINFO [0m:      	        'eval_f1': '1.0469e-01',
[92mINFO [0m:      	        'eval_loss': '1.7911e+00',
[92mINFO [0m:      	        'eval_precision': '1.7874e-01',
[92mINFO [0m:      	        'eval_recall': '7.8720e-02'},
[92mINFO [0m:      	  11: { 'eval_acc': '3.4183e-01',
[92mINFO [0m:      	        'eval_f1': '9.1332e-02',
[92mINFO [0m:      	        'eval_loss': '1.7949e+00',
[92mINFO [0m:      	        'eval_precision': '1.9668e-01',
[92mINFO [0m:      	        'eval_recall': '8.3523e-02'},
[92mINFO [0m:      	  12: { 'eval_acc': '3.7517e-01',
[92mINFO [0m:      	        'eval_f1': '1.0289e-01',
[92mINFO [0m:      	        'eval_loss': '1.8181e+00',
[92mINFO [0m:      	        'eval_precision': '1.8063e-01',
[92mINFO [0m:      	        'eval_recall': '7.4880e-02'},
[92mINFO [0m:      	  13: { 'eval_acc': '3.6667e-01',
[92mINFO [0m:      	        'eval_f1': '8.3742e-02',
[92mINFO [0m:      	        'eval_loss': '1.7441e+00',
[92mINFO [0m:      	        'eval_precision': '1.8055e-01',
[92mINFO [0m:      	        'eval_recall': '7.3424e-02'},
[92mINFO [0m:      	  14: { 'eval_acc': '4.0533e-01',
[92mINFO [0m:      	        'eval_f1': '1.0804e-01',
[92mINFO [0m:      	        'eval_loss': '1.7313e+00',
[92mINFO [0m:      	        'eval_precision': '1.7997e-01',
[92mINFO [0m:      	        'eval_recall': '8.1023e-02'},
[92mINFO [0m:      	  15: { 'eval_acc': '4.0150e-01',
[92mINFO [0m:      	        'eval_f1': '9.6015e-02',
[92mINFO [0m:      	        'eval_loss': '1.6735e+00',
[92mINFO [0m:      	        'eval_precision': '1.8223e-01',
[92mINFO [0m:      	        'eval_recall': '8.0424e-02'},
[92mINFO [0m:      	  16: { 'eval_acc': '4.3550e-01',
[92mINFO [0m:      	        'eval_f1': '1.1296e-01',
[92mINFO [0m:      	        'eval_loss': '1.6639e+00',
[92mINFO [0m:      	        'eval_precision': '1.8104e-01',
[92mINFO [0m:      	        'eval_recall': '8.7062e-02'},
[92mINFO [0m:      	  17: { 'eval_acc': '4.2175e-01',
[92mINFO [0m:      	        'eval_f1': '1.0619e-01',
[92mINFO [0m:      	        'eval_loss': '1.6560e+00',
[92mINFO [0m:      	        'eval_precision': '1.8099e-01',
[92mINFO [0m:      	        'eval_recall': '8.4359e-02'},
[92mINFO [0m:      	  18: { 'eval_acc': '4.4617e-01',
[92mINFO [0m:      	        'eval_f1': '1.1702e-01',
[92mINFO [0m:      	        'eval_loss': '1.6294e+00',
[92mINFO [0m:      	        'eval_precision': '1.8232e-01',
[92mINFO [0m:      	        'eval_recall': '8.9189e-02'},
[92mINFO [0m:      	  19: { 'eval_acc': '4.2983e-01',
[92mINFO [0m:      	        'eval_f1': '1.0692e-01',
[92mINFO [0m:      	        'eval_loss': '1.6252e+00',
[92mINFO [0m:      	        'eval_precision': '1.8240e-01',
[92mINFO [0m:      	        'eval_recall': '8.6033e-02'},
[92mINFO [0m:      	  20: { 'eval_acc': '4.5650e-01',
[92mINFO [0m:      	        'eval_f1': '1.1880e-01',
[92mINFO [0m:      	        'eval_loss': '1.5976e+00',
[92mINFO [0m:      	        'eval_precision': '1.8382e-01',
[92mINFO [0m:      	        'eval_recall': '9.1297e-02'}}
[92mINFO [0m:      	
[92mINFO [0m:      	ServerApp-side Evaluate Metrics:
[92mINFO [0m:      	{ 0: { 'accuracy': '1.0000e-01',
[92mINFO [0m:      	       'f1': '1.8182e-02',
[92mINFO [0m:      	       'global_accuracy': '0.0000e+00',
[92mINFO [0m:      	       'loss': '2.3059e+00',
[92mINFO [0m:      	       'precision': '1.0000e-02',
[92mINFO [0m:      	       'recall': '1.0000e-01',
[92mINFO [0m:      	       'weighted_accuracy': '0.0000e+00'},
[92mINFO [0m:      	  1: { 'accuracy': '1.5450e-01',
[92mINFO [0m:      	       'f1': '5.1419e-02',
[92mINFO [0m:      	       'global_accuracy': '2.5733e-01',
[92mINFO [0m:      	       'loss': '2.3483e+00',
[92mINFO [0m:      	       'precision': '3.0975e-02',
[92mINFO [0m:      	       'recall': '1.5450e-01',
[92mINFO [0m:      	       'weighted_accuracy': '2.5733e-01'},
[92mINFO [0m:      	  2: { 'accuracy': '1.6560e-01',
[92mINFO [0m:      	       'f1': '5.5190e-02',
[92mINFO [0m:      	       'global_accuracy': '2.7550e-01',
[92mINFO [0m:      	       'loss': '2.2861e+00',
[92mINFO [0m:      	       'precision': '3.3133e-02',
[92mINFO [0m:      	       'recall': '1.6560e-01',
[92mINFO [0m:      	       'weighted_accuracy': '2.7550e-01'},
[92mINFO [0m:      	  3: { 'accuracy': '1.7160e-01',
[92mINFO [0m:      	       'f1': '5.7662e-02',
[92mINFO [0m:      	       'global_accuracy': '2.8900e-01',
[92mINFO [0m:      	       'loss': '2.2346e+00',
[92mINFO [0m:      	       'precision': '3.4752e-02',
[92mINFO [0m:      	       'recall': '1.7160e-01',
[92mINFO [0m:      	       'weighted_accuracy': '2.8900e-01'},
[92mINFO [0m:      	  4: { 'accuracy': '1.9480e-01',
[92mINFO [0m:      	       'f1': '9.4658e-02',
[92mINFO [0m:      	       'global_accuracy': '3.0258e-01',
[92mINFO [0m:      	       'loss': '2.1150e+00',
[92mINFO [0m:      	       'precision': '2.1591e-01',
[92mINFO [0m:      	       'recall': '1.9480e-01',
[92mINFO [0m:      	       'weighted_accuracy': '3.0258e-01'},
[92mINFO [0m:      	  5: { 'accuracy': '1.9030e-01',
[92mINFO [0m:      	       'f1': '8.9387e-02',
[92mINFO [0m:      	       'global_accuracy': '3.0142e-01',
[92mINFO [0m:      	       'loss': '2.1330e+00',
[92mINFO [0m:      	       'precision': '2.1275e-01',
[92mINFO [0m:      	       'recall': '1.9030e-01',
[92mINFO [0m:      	       'weighted_accuracy': '3.0142e-01'},
[92mINFO [0m:      	  6: { 'accuracy': '2.4730e-01',
[92mINFO [0m:      	       'f1': '1.6869e-01',
[92mINFO [0m:      	       'global_accuracy': '3.4142e-01',
[92mINFO [0m:      	       'loss': '2.0024e+00',
[92mINFO [0m:      	       'precision': '2.6229e-01',
[92mINFO [0m:      	       'recall': '2.4730e-01',
[92mINFO [0m:      	       'weighted_accuracy': '3.4142e-01'},
[92mINFO [0m:      	  7: { 'accuracy': '2.1210e-01',
[92mINFO [0m:      	       'f1': '1.1618e-01',
[92mINFO [0m:      	       'global_accuracy': '3.2142e-01',
[92mINFO [0m:      	       'loss': '2.0449e+00',
[92mINFO [0m:      	       'precision': '2.9624e-01',
[92mINFO [0m:      	       'recall': '2.1210e-01',
[92mINFO [0m:      	       'weighted_accuracy': '3.2142e-01'},
[92mINFO [0m:      	  8: { 'accuracy': '2.9800e-01',
[92mINFO [0m:      	       'f1': '2.5030e-01',
[92mINFO [0m:      	       'global_accuracy': '3.7108e-01',
[92mINFO [0m:      	       'loss': '1.9212e+00',
[92mINFO [0m:      	       'precision': '3.2216e-01',
[92mINFO [0m:      	       'recall': '2.9800e-01',
[92mINFO [0m:      	       'weighted_accuracy': '3.7108e-01'},
[92mINFO [0m:      	  9: { 'accuracy': '2.4120e-01',
[92mINFO [0m:      	       'f1': '1.5922e-01',
[92mINFO [0m:      	       'global_accuracy': '3.4933e-01',
[92mINFO [0m:      	       'loss': '1.9634e+00',
[92mINFO [0m:      	       'precision': '3.0339e-01',
[92mINFO [0m:      	       'recall': '2.4120e-01',
[92mINFO [0m:      	       'weighted_accuracy': '3.4933e-01'},
[92mINFO [0m:      	  10: { 'accuracy': '3.3400e-01',
[92mINFO [0m:      	        'f1': '3.1442e-01',
[92mINFO [0m:      	        'global_accuracy': '3.9408e-01',
[92mINFO [0m:      	        'loss': '1.8605e+00',
[92mINFO [0m:      	        'precision': '3.3859e-01',
[92mINFO [0m:      	        'recall': '3.3400e-01',
[92mINFO [0m:      	        'weighted_accuracy': '3.9408e-01'},
[92mINFO [0m:      	  11: { 'accuracy': '2.3050e-01',
[92mINFO [0m:      	        'f1': '1.4540e-01',
[92mINFO [0m:      	        'global_accuracy': '3.4183e-01',
[92mINFO [0m:      	        'loss': '2.0026e+00',
[92mINFO [0m:      	        'precision': '3.2626e-01',
[92mINFO [0m:      	        'recall': '2.3050e-01',
[92mINFO [0m:      	        'weighted_accuracy': '3.4183e-01'},
[92mINFO [0m:      	  12: { 'accuracy': '3.4760e-01',
[92mINFO [0m:      	        'f1': '3.3887e-01',
[92mINFO [0m:      	        'global_accuracy': '3.7517e-01',
[92mINFO [0m:      	        'loss': '1.8492e+00',
[92mINFO [0m:      	        'precision': '3.6984e-01',
[92mINFO [0m:      	        'recall': '3.4760e-01',
[92mINFO [0m:      	        'weighted_accuracy': '3.7517e-01'},
[92mINFO [0m:      	  13: { 'accuracy': '2.5820e-01',
[92mINFO [0m:      	        'f1': '1.7860e-01',
[92mINFO [0m:      	        'global_accuracy': '3.6667e-01',
[92mINFO [0m:      	        'loss': '1.9373e+00',
[92mINFO [0m:      	        'precision': '3.1283e-01',
[92mINFO [0m:      	        'recall': '2.5820e-01',
[92mINFO [0m:      	        'weighted_accuracy': '3.6667e-01'},
[92mINFO [0m:      	  14: { 'accuracy': '3.5500e-01',
[92mINFO [0m:      	        'f1': '3.4172e-01',
[92mINFO [0m:      	        'global_accuracy': '4.0533e-01',
[92mINFO [0m:      	        'loss': '1.7993e+00',
[92mINFO [0m:      	        'precision': '3.7333e-01',
[92mINFO [0m:      	        'recall': '3.5500e-01',
[92mINFO [0m:      	        'weighted_accuracy': '4.0533e-01'},
[92mINFO [0m:      	  15: { 'accuracy': '3.0430e-01',
[92mINFO [0m:      	        'f1': '2.4481e-01',
[92mINFO [0m:      	        'global_accuracy': '4.0150e-01',
[92mINFO [0m:      	        'loss': '1.8463e+00',
[92mINFO [0m:      	        'precision': '3.4381e-01',
[92mINFO [0m:      	        'recall': '3.0430e-01',
[92mINFO [0m:      	        'weighted_accuracy': '4.0150e-01'},
[92mINFO [0m:      	  16: { 'accuracy': '3.7730e-01',
[92mINFO [0m:      	        'f1': '3.6005e-01',
[92mINFO [0m:      	        'global_accuracy': '4.3550e-01',
[92mINFO [0m:      	        'loss': '1.7583e+00',
[92mINFO [0m:      	        'precision': '3.8474e-01',
[92mINFO [0m:      	        'recall': '3.7730e-01',
[92mINFO [0m:      	        'weighted_accuracy': '4.3550e-01'},
[92mINFO [0m:      	  17: { 'accuracy': '3.4230e-01',
[92mINFO [0m:      	        'f1': '3.1299e-01',
[92mINFO [0m:      	        'global_accuracy': '4.2175e-01',
[92mINFO [0m:      	        'loss': '1.8057e+00',
[92mINFO [0m:      	        'precision': '3.6685e-01',
[92mINFO [0m:      	        'recall': '3.4230e-01',
[92mINFO [0m:      	        'weighted_accuracy': '4.2175e-01'},
[92mINFO [0m:      	  18: { 'accuracy': '4.0120e-01',
[92mINFO [0m:      	        'f1': '3.9150e-01',
[92mINFO [0m:      	        'global_accuracy': '4.4617e-01',
[92mINFO [0m:      	        'loss': '1.7148e+00',
[92mINFO [0m:      	        'precision': '4.0186e-01',
[92mINFO [0m:      	        'recall': '4.0120e-01',
[92mINFO [0m:      	        'weighted_accuracy': '4.4617e-01'},
[92mINFO [0m:      	  19: { 'accuracy': '3.4870e-01',
[92mINFO [0m:      	        'f1': '3.1641e-01',
[92mINFO [0m:      	        'global_accuracy': '4.2983e-01',
[92mINFO [0m:      	        'loss': '1.7867e+00',
[92mINFO [0m:      	        'precision': '3.8007e-01',
[92mINFO [0m:      	        'recall': '3.4870e-01',
[92mINFO [0m:      	        'weighted_accuracy': '4.2983e-01'},
[92mINFO [0m:      	  20: { 'accuracy': '4.0530e-01',
[92mINFO [0m:      	        'f1': '3.9524e-01',
[92mINFO [0m:      	        'global_accuracy': '4.5650e-01',
[92mINFO [0m:      	        'loss': '1.6893e+00',
[92mINFO [0m:      	        'precision': '4.1448e-01',
[92mINFO [0m:      	        'recall': '4.0530e-01',
[92mINFO [0m:      	        'weighted_accuracy': '4.5650e-01'}}
[92mINFO [0m:      
[36m(ClientAppActor pid=235976)[0m [93mWARNING [0m:   Manually terminating ClientAppActor

============================================================
Starting Experiment: FedAvg_C2_npy
Strategy: FedAvg
Distribution: C2
Data Source: NPY
Rounds: 20
Clients: 6 (train: 6, eval: 6)
============================================================

Round   0 | Loss: 2.3059 | Acc: 0.1000 | F1: 0.0182 | Global Acc: 0.0000 | Weighted Acc: 0.0000
Round   1 | Loss: 2.3483 | Acc: 0.1545 | F1: 0.0514 | Global Acc: 0.2573 | Weighted Acc: 0.2573
Round   2 | Loss: 2.2861 | Acc: 0.1656 | F1: 0.0552 | Global Acc: 0.2755 | Weighted Acc: 0.2755
Round   3 | Loss: 2.2346 | Acc: 0.1716 | F1: 0.0577 | Global Acc: 0.2890 | Weighted Acc: 0.2890
Round   4 | Loss: 2.1150 | Acc: 0.1948 | F1: 0.0947 | Global Acc: 0.3026 | Weighted Acc: 0.3026
Round   5 | Loss: 2.1330 | Acc: 0.1903 | F1: 0.0894 | Global Acc: 0.3014 | Weighted Acc: 0.3014
Round   6 | Loss: 2.0024 | Acc: 0.2473 | F1: 0.1687 | Global Acc: 0.3414 | Weighted Acc: 0.3414
Round   7 | Loss: 2.0449 | Acc: 0.2121 | F1: 0.1162 | Global Acc: 0.3214 | Weighted Acc: 0.3214
Round   8 | Loss: 1.9212 | Acc: 0.2980 | F1: 0.2503 | Global Acc: 0.3711 | Weighted Acc: 0.3711
Round   9 | Loss: 1.9634 | Acc: 0.2412 | F1: 0.1592 | Global Acc: 0.3493 | Weighted Acc: 0.3493
Round  10 | Loss: 1.8605 | Acc: 0.3340 | F1: 0.3144 | Global Acc: 0.3941 | Weighted Acc: 0.3941
Round  11 | Loss: 2.0026 | Acc: 0.2305 | F1: 0.1454 | Global Acc: 0.3418 | Weighted Acc: 0.3418
Round  12 | Loss: 1.8492 | Acc: 0.3476 | F1: 0.3389 | Global Acc: 0.3752 | Weighted Acc: 0.3752
Round  13 | Loss: 1.9373 | Acc: 0.2582 | F1: 0.1786 | Global Acc: 0.3667 | Weighted Acc: 0.3667
Round  14 | Loss: 1.7993 | Acc: 0.3550 | F1: 0.3417 | Global Acc: 0.4053 | Weighted Acc: 0.4053
Round  15 | Loss: 1.8463 | Acc: 0.3043 | F1: 0.2448 | Global Acc: 0.4015 | Weighted Acc: 0.4015
Round  16 | Loss: 1.7583 | Acc: 0.3773 | F1: 0.3601 | Global Acc: 0.4355 | Weighted Acc: 0.4355
Round  17 | Loss: 1.8057 | Acc: 0.3423 | F1: 0.3130 | Global Acc: 0.4218 | Weighted Acc: 0.4218
Round  18 | Loss: 1.7148 | Acc: 0.4012 | F1: 0.3915 | Global Acc: 0.4462 | Weighted Acc: 0.4462
Round  19 | Loss: 1.7867 | Acc: 0.3487 | F1: 0.3164 | Global Acc: 0.4298 | Weighted Acc: 0.4298
Round  20 | Loss: 1.6893 | Acc: 0.4053 | F1: 0.3952 | Global Acc: 0.4565 | Weighted Acc: 0.4565

Saving final model to disk...

============================================================
Experiment completed: FedAvg_C2_npy
Results saved to:
  - global_csv: results\FedAvg_C2_npy_global_20260109_184454.csv
  - client_csv: results\FedAvg_C2_npy_client_20260109_184454.csv
============================================================

Loading project configuration... 
Success
[93mWARNING [0m:   Ray support on Windows is experimental and may not work as expected. On Windows, Flower Simulations run best in WSL2: https://learn.microsoft.com/en-us/windows/wsl/about
[92mINFO [0m:      Starting FedAvgWithMetricsAggregation strategy:
[92mINFO [0m:      	\u251c\u2500\u2500 Number of rounds: 20
[92mINFO [0m:      	\u251c\u2500\u2500 ArrayRecord (0.24 MB)
[92mINFO [0m:      	\u251c\u2500\u2500 ConfigRecord (train): {'lr': 0.01}
[92mINFO [0m:      	\u251c\u2500\u2500 ConfigRecord (evaluate): (empty!)
[92mINFO [0m:      	\u251c\u2500\u2500> Sampling:
[92mINFO [0m:      	\u2502	\u251c\u2500\u2500Fraction: train (1.00) | evaluate ( 1.00)
[92mINFO [0m:      	\u2502	\u251c\u2500\u2500Minimum nodes: train (6) | evaluate (6)
[92mINFO [0m:      	\u2502	\u2514\u2500\u2500Minimum available nodes: 6
[92mINFO [0m:      	\u2514\u2500\u2500> Keys in records:
[92mINFO [0m:      		\u251c\u2500\u2500 Weighted by: 'num-examples'
[92mINFO [0m:      		\u251c\u2500\u2500 ArrayRecord key: 'arrays'
[92mINFO [0m:      		\u2514\u2500\u2500 ConfigRecord key: 'config'
[92mINFO [0m:      
[92mINFO [0m:      Initial global evaluation results: {'accuracy': 0.1, 'loss': 2.303918572920787, 'precision': 0.01, 'recall': 0.1, 'f1': 0.01818181818181818, 'global_accuracy': 0.0, 'weighted_accuracy': 0.0}
[92mINFO [0m:      
[92mINFO [0m:      [ROUND 1/20]
[92mINFO [0m:      configure_train: Sampled 6 nodes (out of 6)
[92mINFO [0m:      aggregate_train: Received 6 results and 0 failures
[92mINFO [0m:      	\u2514\u2500\u2500> Aggregated MetricRecord: {'train_loss': 1.0074576010174223, 'train_accuracy': 0.6692638888888889, 'train_precision': 0.6773164379814262, 'train_recall': 0.669361423732738, 'train_f1': 0.6614120530198606}
[92mINFO [0m:      configure_evaluate: Sampled 6 nodes (out of 6)
[93mWARNING [0m:   The `metrics_records` property of `RecordDict` (formerly `RecordSet`) is deprecated and will be removed in a future release. Please use the `metric_records` property instead.
[92mINFO [0m:      aggregate_evaluate: Received 6 results and 0 failures
[92mINFO [0m:      	\u2514\u2500\u2500> Aggregated MetricRecord: {'eval_loss': 2.2312272157229427, 'eval_acc': 0.17055555555555554, 'eval_precision': 0.20096172049498404, 'eval_recall': 0.06931385364203207, 'eval_f1': 0.07182119880260963}
[92mINFO [0m:      Global evaluation
[92mINFO [0m:      	\u2514\u2500\u2500> MetricRecord: {'accuracy': 0.1557, 'loss': 2.2872588151617896, 'precision': 0.22465995981778422, 'recall': 0.1557, 'f1': 0.09642673511685437, 'global_accuracy': 0.17055555555555554, 'weighted_accuracy': 0.17055555555555554}
[92mINFO [0m:      
[92mINFO [0m:      [ROUND 2/20]
[92mINFO [0m:      configure_train: Sampled 6 nodes (out of 6)
[92mINFO [0m:      aggregate_train: Received 6 results and 0 failures
[92mINFO [0m:      	\u2514\u2500\u2500> Aggregated MetricRecord: {'train_loss': 0.8112526256574524, 'train_accuracy': 0.7188472222222222, 'train_precision': 0.7327523147381513, 'train_recall': 0.7190700610038929, 'train_f1': 0.7108785473058356}
[92mINFO [0m:      configure_evaluate: Sampled 6 nodes (out of 6)
[92mINFO [0m:      aggregate_evaluate: Received 6 results and 0 failures
[92mINFO [0m:      	\u2514\u2500\u2500> Aggregated MetricRecord: {'eval_loss': 2.072179819886566, 'eval_acc': 0.2713333333333333, 'eval_precision': 0.2228242837217122, 'eval_recall': 0.09876864679113928, 'eval_f1': 0.11353711345990213}
[92mINFO [0m:      Global evaluation
[92mINFO [0m:      	\u2514\u2500\u2500> MetricRecord: {'accuracy': 0.251, 'loss': 2.169327796260013, 'precision': 0.2930500804679109, 'recall': 0.251, 'f1': 0.1835899080798417, 'global_accuracy': 0.27133333333333337, 'weighted_accuracy': 0.2713333333333333}
[92mINFO [0m:      
[92mINFO [0m:      [ROUND 3/20]
[92mINFO [0m:      configure_train: Sampled 6 nodes (out of 6)
[92mINFO [0m:      aggregate_train: Received 6 results and 0 failures
[92mINFO [0m:      	\u2514\u2500\u2500> Aggregated MetricRecord: {'train_loss': 0.7173209758003553, 'train_accuracy': 0.7470972222222223, 'train_precision': 0.7587261387104136, 'train_recall': 0.7472365361339027, 'train_f1': 0.7474199755478903}
[92mINFO [0m:      configure_evaluate: Sampled 6 nodes (out of 6)
[92mINFO [0m:      aggregate_evaluate: Received 6 results and 0 failures
[92mINFO [0m:      	\u2514\u2500\u2500> Aggregated MetricRecord: {'eval_loss': 1.933459124666579, 'eval_acc': 0.3496666666666667, 'eval_precision': 0.22908720284329673, 'eval_recall': 0.12486430357638656, 'eval_f1': 0.14966573467930125}
[92mINFO [0m:      Global evaluation
[92mINFO [0m:      	\u2514\u2500\u2500> MetricRecord: {'accuracy': 0.3204, 'loss': 2.037564641312708, 'precision': 0.270021754788756, 'recall': 0.3204, 'f1': 0.2683048277222434, 'global_accuracy': 0.3496666666666666, 'weighted_accuracy': 0.3496666666666667}
[92mINFO [0m:      
[92mINFO [0m:      [ROUND 4/20]
[92mINFO [0m:      configure_train: Sampled 6 nodes (out of 6)
[92mINFO [0m:      aggregate_train: Received 6 results and 0 failures
[92mINFO [0m:      	\u2514\u2500\u2500> Aggregated MetricRecord: {'train_loss': 0.664059374117189, 'train_accuracy': 0.7577916666666664, 'train_precision': 0.767734465121757, 'train_recall': 0.7577068489467982, 'train_f1': 0.7536443510948566}
[92mINFO [0m:      configure_evaluate: Sampled 6 nodes (out of 6)
[92mINFO [0m:      aggregate_evaluate: Received 6 results and 0 failures
[92mINFO [0m:      	\u2514\u2500\u2500> Aggregated MetricRecord: {'eval_loss': 1.8014899984741886, 'eval_acc': 0.39061111111111113, 'eval_precision': 0.23640592615298822, 'eval_recall': 0.14014572510919965, 'eval_f1': 0.17016654160889058}
[92mINFO [0m:      Global evaluation
[92mINFO [0m:      	\u2514\u2500\u2500> MetricRecord: {'accuracy': 0.3517, 'loss': 1.906734231152112, 'precision': 0.2922339933175959, 'recall': 0.3517, 'f1': 0.3082958222058008, 'global_accuracy': 0.3906111111111111, 'weighted_accuracy': 0.39061111111111113}
[92mINFO [0m:      
[92mINFO [0m:      [ROUND 5/20]
[92mINFO [0m:      configure_train: Sampled 6 nodes (out of 6)
[36m(pid=gcs_server)[0m [2026-01-09 18:47:11,222 E 269844 231560] (gcs_server.exe) gcs_server.cc:302: Failed to establish connection to the event+metrics exporter agent. Events and metrics will not be exported. Exporter agent status: RpcError: Running out of retries to initialize the metrics agent. rpc_code: 14
[33m(raylet)[0m [2026-01-09 18:47:12,583 E 186000 225208] (raylet.exe) main.cc:975: Failed to establish connection to the metrics exporter agent. Metrics will not be exported. Exporter agent status: RpcError: Running out of retries to initialize the metrics agent. rpc_code: 14
[92mINFO [0m:      aggregate_train: Received 6 results and 0 failures
[92mINFO [0m:      	\u2514\u2500\u2500> Aggregated MetricRecord: {'train_loss': 0.6243487779961692, 'train_accuracy': 0.7805416666666667, 'train_precision': 0.7908594379435724, 'train_recall': 0.7805753982747328, 'train_f1': 0.7773362008691036}
[92mINFO [0m:      configure_evaluate: Sampled 6 nodes (out of 6)
[92mINFO [0m:      aggregate_evaluate: Received 6 results and 0 failures
[92mINFO [0m:      	\u2514\u2500\u2500> Aggregated MetricRecord: {'eval_loss': 1.6661118748762926, 'eval_acc': 0.4402222222222222, 'eval_precision': 0.2558046095483001, 'eval_recall': 0.154397680277479, 'eval_f1': 0.18383288894264727}
[92mINFO [0m:      Global evaluation
[2026-01-09 18:47:13,821 E 184568 245272] core_worker_process.cc:825: Failed to establish connection to the metrics exporter agent. Metrics will not be exported. Exporter agent status: RpcError: Running out of retries to initialize the metrics agent. rpc_code: 14
[92mINFO [0m:      	\u2514\u2500\u2500> MetricRecord: {'accuracy': 0.398, 'loss': 1.7731063984617401, 'precision': 0.4647943326407848, 'recall': 0.39799999999999996, 'f1': 0.34925464529606687, 'global_accuracy': 0.4402222222222223, 'weighted_accuracy': 0.44022222222222224}
[92mINFO [0m:      
[92mINFO [0m:      [ROUND 6/20]
[92mINFO [0m:      configure_train: Sampled 6 nodes (out of 6)
[92mINFO [0m:      aggregate_train: Received 6 results and 0 failures
[92mINFO [0m:      	\u2514\u2500\u2500> Aggregated MetricRecord: {'train_loss': 0.5956660760541757, 'train_accuracy': 0.7926388888888888, 'train_precision': 0.8019819317299459, 'train_recall': 0.7926363943132614, 'train_f1': 0.7937605114503998}
[92mINFO [0m:      configure_evaluate: Sampled 6 nodes (out of 6)
[92mINFO [0m:      aggregate_evaluate: Received 6 results and 0 failures
[92mINFO [0m:      	\u2514\u2500\u2500> Aggregated MetricRecord: {'eval_loss': 1.5855968901028867, 'eval_acc': 0.4661111111111111, 'eval_precision': 0.2694471585983767, 'eval_recall': 0.15914378818668884, 'eval_f1': 0.18660680723108913}
[92mINFO [0m:      Global evaluation
[92mINFO [0m:      	\u2514\u2500\u2500> MetricRecord: {'accuracy': 0.4179, 'loss': 1.689127876788755, 'precision': 0.4786723634170894, 'recall': 0.41789999999999994, 'f1': 0.36962797904081734, 'global_accuracy': 0.46611111111111114, 'weighted_accuracy': 0.4661111111111111}
[92mINFO [0m:      
[92mINFO [0m:      [ROUND 7/20]
[92mINFO [0m:      configure_train: Sampled 6 nodes (out of 6)
[92mINFO [0m:      aggregate_train: Received 6 results and 0 failures
[92mINFO [0m:      	\u2514\u2500\u2500> Aggregated MetricRecord: {'train_loss': 0.5757424235012796, 'train_accuracy': 0.8065, 'train_precision': 0.8142316189039879, 'train_recall': 0.8065843959226229, 'train_f1': 0.8044363659799855}
[92mINFO [0m:      configure_evaluate: Sampled 6 nodes (out of 6)
[92mINFO [0m:      aggregate_evaluate: Received 6 results and 0 failures
[92mINFO [0m:      	\u2514\u2500\u2500> Aggregated MetricRecord: {'eval_loss': 1.5277150313482217, 'eval_acc': 0.4795555555555555, 'eval_precision': 0.25739669852598435, 'eval_recall': 0.15463853972776806, 'eval_f1': 0.1824241338788795}
[92mINFO [0m:      Global evaluation
[92mINFO [0m:      	\u2514\u2500\u2500> MetricRecord: {'accuracy': 0.4335, 'loss': 1.63908769812765, 'precision': 0.49582087899111205, 'recall': 0.4335, 'f1': 0.3932850994088595, 'global_accuracy': 0.4795555555555555, 'weighted_accuracy': 0.47955555555555557}
[92mINFO [0m:      
[92mINFO [0m:      [ROUND 8/20]
[92mINFO [0m:      configure_train: Sampled 6 nodes (out of 6)
[92mINFO [0m:      aggregate_train: Received 6 results and 0 failures
[92mINFO [0m:      	\u2514\u2500\u2500> Aggregated MetricRecord: {'train_loss': 0.5587715782009892, 'train_accuracy': 0.7984583333333333, 'train_precision': 0.8097449427703091, 'train_recall': 0.7986649422911126, 'train_f1': 0.7959219574756811}
[92mINFO [0m:      configure_evaluate: Sampled 6 nodes (out of 6)
[92mINFO [0m:      aggregate_evaluate: Received 6 results and 0 failures
[92mINFO [0m:      	\u2514\u2500\u2500> Aggregated MetricRecord: {'eval_loss': 1.4711747496051992, 'eval_acc': 0.4998888888888888, 'eval_precision': 0.24652451949273282, 'eval_recall': 0.15219900219206128, 'eval_f1': 0.17806842742629705}
[92mINFO [0m:      Global evaluation
[92mINFO [0m:      	\u2514\u2500\u2500> MetricRecord: {'accuracy': 0.4504, 'loss': 1.5726038866405245, 'precision': 0.5209077266239776, 'recall': 0.4504, 'f1': 0.4184192382793338, 'global_accuracy': 0.4998888888888888, 'weighted_accuracy': 0.4998888888888889}
[92mINFO [0m:      
[92mINFO [0m:      [ROUND 9/20]
[92mINFO [0m:      configure_train: Sampled 6 nodes (out of 6)
[92mINFO [0m:      aggregate_train: Received 6 results and 0 failures
[92mINFO [0m:      	\u2514\u2500\u2500> Aggregated MetricRecord: {'train_loss': 0.5410116015474001, 'train_accuracy': 0.8127638888888888, 'train_precision': 0.8247500689466183, 'train_recall': 0.8126654813932789, 'train_f1': 0.8128020640977429}
[92mINFO [0m:      configure_evaluate: Sampled 6 nodes (out of 6)
[92mINFO [0m:      aggregate_evaluate: Received 6 results and 0 failures
[92mINFO [0m:      	\u2514\u2500\u2500> Aggregated MetricRecord: {'eval_loss': 1.4460803503897173, 'eval_acc': 0.5133333333333333, 'eval_precision': 0.24856884345321076, 'eval_recall': 0.15595090889976176, 'eval_f1': 0.18350020412360624}
[92mINFO [0m:      Global evaluation
[92mINFO [0m:      	\u2514\u2500\u2500> MetricRecord: {'accuracy': 0.4678, 'loss': 1.5461103312576874, 'precision': 0.5159757290274315, 'recall': 0.4678, 'f1': 0.43800519309115044, 'global_accuracy': 0.5133333333333333, 'weighted_accuracy': 0.5133333333333333}
[92mINFO [0m:      
[92mINFO [0m:      [ROUND 10/20]
[92mINFO [0m:      configure_train: Sampled 6 nodes (out of 6)
[92mINFO [0m:      aggregate_train: Received 6 results and 0 failures
[92mINFO [0m:      	\u2514\u2500\u2500> Aggregated MetricRecord: {'train_loss': 0.5296045181941654, 'train_accuracy': 0.8247777777777777, 'train_precision': 0.8266783094756491, 'train_recall': 0.824782913838797, 'train_f1': 0.8230273017561816}
[92mINFO [0m:      configure_evaluate: Sampled 6 nodes (out of 6)
[92mINFO [0m:      aggregate_evaluate: Received 6 results and 0 failures
[92mINFO [0m:      	\u2514\u2500\u2500> Aggregated MetricRecord: {'eval_loss': 1.4019115338934227, 'eval_acc': 0.5205555555555555, 'eval_precision': 0.2497448886047806, 'eval_recall': 0.15840525085491364, 'eval_f1': 0.18719547791896368}
[92mINFO [0m:      Global evaluation
[92mINFO [0m:      	\u2514\u2500\u2500> MetricRecord: {'accuracy': 0.4778, 'loss': 1.4999808887892132, 'precision': 0.5247475483611853, 'recall': 0.47780000000000006, 'f1': 0.4571072592748197, 'global_accuracy': 0.5205555555555555, 'weighted_accuracy': 0.5205555555555555}
[92mINFO [0m:      
[92mINFO [0m:      [ROUND 11/20]
[92mINFO [0m:      configure_train: Sampled 6 nodes (out of 6)
[92mINFO [0m:      aggregate_train: Received 6 results and 0 failures
[92mINFO [0m:      	\u2514\u2500\u2500> Aggregated MetricRecord: {'train_loss': 0.5165512098463045, 'train_accuracy': 0.8179999999999998, 'train_precision': 0.8249670428236077, 'train_recall': 0.8178817467038877, 'train_f1': 0.8161663861072543}
[92mINFO [0m:      configure_evaluate: Sampled 6 nodes (out of 6)
[92mINFO [0m:      aggregate_evaluate: Received 6 results and 0 failures
[92mINFO [0m:      	\u2514\u2500\u2500> Aggregated MetricRecord: {'eval_loss': 1.3844810385019222, 'eval_acc': 0.5281666666666667, 'eval_precision': 0.24674745976078982, 'eval_recall': 0.1578586187457686, 'eval_f1': 0.18640150304057695}
[92mINFO [0m:      Global evaluation
[92mINFO [0m:      	\u2514\u2500\u2500> MetricRecord: {'accuracy': 0.4866, 'loss': 1.489237211927583, 'precision': 0.5327455975748531, 'recall': 0.48660000000000003, 'f1': 0.46771615368998454, 'global_accuracy': 0.5281666666666666, 'weighted_accuracy': 0.5281666666666667}
[92mINFO [0m:      
[92mINFO [0m:      [ROUND 12/20]
[92mINFO [0m:      configure_train: Sampled 6 nodes (out of 6)
[92mINFO [0m:      aggregate_train: Received 6 results and 0 failures
[92mINFO [0m:      	\u2514\u2500\u2500> Aggregated MetricRecord: {'train_loss': 0.5004594271588656, 'train_accuracy': 0.8364166666666666, 'train_precision': 0.8396443084557614, 'train_recall': 0.8363990432486798, 'train_f1': 0.8358257094892401}
[92mINFO [0m:      configure_evaluate: Sampled 6 nodes (out of 6)
[92mINFO [0m:      aggregate_evaluate: Received 6 results and 0 failures
[92mINFO [0m:      	\u2514\u2500\u2500> Aggregated MetricRecord: {'eval_loss': 1.3502531361283985, 'eval_acc': 0.5367222222222222, 'eval_precision': 0.24735171406383108, 'eval_recall': 0.16052185904964364, 'eval_f1': 0.18722480513138903}
[92mINFO [0m:      Global evaluation
[92mINFO [0m:      	\u2514\u2500\u2500> MetricRecord: {'accuracy': 0.4923, 'loss': 1.455088604854632, 'precision': 0.5369237315735454, 'recall': 0.49230000000000007, 'f1': 0.46986284189221356, 'global_accuracy': 0.5367222222222222, 'weighted_accuracy': 0.5367222222222222}
[92mINFO [0m:      
[92mINFO [0m:      [ROUND 13/20]
[92mINFO [0m:      configure_train: Sampled 6 nodes (out of 6)
[92mINFO [0m:      aggregate_train: Received 6 results and 0 failures
[92mINFO [0m:      	\u2514\u2500\u2500> Aggregated MetricRecord: {'train_loss': 0.49531551843136545, 'train_accuracy': 0.8351388888888888, 'train_precision': 0.8438367614652788, 'train_recall': 0.8351302888343065, 'train_f1': 0.8352332841738609}
[92mINFO [0m:      configure_evaluate: Sampled 6 nodes (out of 6)
[92mINFO [0m:      aggregate_evaluate: Received 6 results and 0 failures
[92mINFO [0m:      	\u2514\u2500\u2500> Aggregated MetricRecord: {'eval_loss': 1.3242188481785724, 'eval_acc': 0.5438333333333333, 'eval_precision': 0.24684870765456163, 'eval_recall': 0.1625570027891958, 'eval_f1': 0.18979525647850953}
[92mINFO [0m:      Global evaluation
[92mINFO [0m:      	\u2514\u2500\u2500> MetricRecord: {'accuracy': 0.4996, 'loss': 1.4435879625851595, 'precision': 0.5402350915887444, 'recall': 0.49959999999999993, 'f1': 0.47908985518554237, 'global_accuracy': 0.5438333333333333, 'weighted_accuracy': 0.5438333333333333}
[92mINFO [0m:      
[92mINFO [0m:      [ROUND 14/20]
[92mINFO [0m:      configure_train: Sampled 6 nodes (out of 6)
[92mINFO [0m:      aggregate_train: Received 6 results and 0 failures
[92mINFO [0m:      	\u2514\u2500\u2500> Aggregated MetricRecord: {'train_loss': 0.48008672533515423, 'train_accuracy': 0.8221944444444444, 'train_precision': 0.8439259676401237, 'train_recall': 0.8218828504177066, 'train_f1': 0.8105104111286597}
[92mINFO [0m:      configure_evaluate: Sampled 6 nodes (out of 6)
[92mINFO [0m:      aggregate_evaluate: Received 6 results and 0 failures
[92mINFO [0m:      	\u2514\u2500\u2500> Aggregated MetricRecord: {'eval_loss': 1.318407728211254, 'eval_acc': 0.5466111111111112, 'eval_precision': 0.250094755511026, 'eval_recall': 0.16355524116733736, 'eval_f1': 0.19091302196236748}
[92mINFO [0m:      Global evaluation
[92mINFO [0m:      	\u2514\u2500\u2500> MetricRecord: {'accuracy': 0.4981, 'loss': 1.442763345151008, 'precision': 0.5437865767705871, 'recall': 0.4981, 'f1': 0.47731557343483333, 'global_accuracy': 0.546611111111111, 'weighted_accuracy': 0.5466111111111112}
[92mINFO [0m:      
[92mINFO [0m:      [ROUND 15/20]
[92mINFO [0m:      configure_train: Sampled 6 nodes (out of 6)
[92mINFO [0m:      aggregate_train: Received 6 results and 0 failures
[92mINFO [0m:      	\u2514\u2500\u2500> Aggregated MetricRecord: {'train_loss': 0.4696392636208071, 'train_accuracy': 0.8449444444444444, 'train_precision': 0.8509195616631167, 'train_recall': 0.8448025384206289, 'train_f1': 0.8441915553388941}
[92mINFO [0m:      configure_evaluate: Sampled 6 nodes (out of 6)
[92mINFO [0m:      aggregate_evaluate: Received 6 results and 0 failures
[92mINFO [0m:      	\u2514\u2500\u2500> Aggregated MetricRecord: {'eval_loss': 1.2923638794227694, 'eval_acc': 0.5541666666666666, 'eval_precision': 0.24947645758688633, 'eval_recall': 0.16565182045071752, 'eval_f1': 0.19329726683541473}
[92mINFO [0m:      Global evaluation
[92mINFO [0m:      	\u2514\u2500\u2500> MetricRecord: {'accuracy': 0.5056, 'loss': 1.414618250689929, 'precision': 0.5381243780452889, 'recall': 0.5056, 'f1': 0.48369749303515563, 'global_accuracy': 0.5541666666666667, 'weighted_accuracy': 0.5541666666666667}
[92mINFO [0m:      
[92mINFO [0m:      [ROUND 16/20]
[92mINFO [0m:      configure_train: Sampled 6 nodes (out of 6)
[92mINFO [0m:      aggregate_train: Received 6 results and 0 failures
[92mINFO [0m:      	\u2514\u2500\u2500> Aggregated MetricRecord: {'train_loss': 0.45779805631438886, 'train_accuracy': 0.8595555555555555, 'train_precision': 0.8613209760187975, 'train_recall': 0.8595868407421354, 'train_f1': 0.8590498166167149}
[92mINFO [0m:      configure_evaluate: Sampled 6 nodes (out of 6)
[92mINFO [0m:      aggregate_evaluate: Received 6 results and 0 failures
[92mINFO [0m:      	\u2514\u2500\u2500> Aggregated MetricRecord: {'eval_loss': 1.2756806736719524, 'eval_acc': 0.5617777777777778, 'eval_precision': 0.250896392592314, 'eval_recall': 0.1678985809490619, 'eval_f1': 0.19429382965564146}
[92mINFO [0m:      Global evaluation
[92mINFO [0m:      	\u2514\u2500\u2500> MetricRecord: {'accuracy': 0.5089, 'loss': 1.3946625356432758, 'precision': 0.5488474880579375, 'recall': 0.5089, 'f1': 0.48979344952316106, 'global_accuracy': 0.5617777777777778, 'weighted_accuracy': 0.5617777777777778}
[92mINFO [0m:      
[92mINFO [0m:      [ROUND 17/20]
[92mINFO [0m:      configure_train: Sampled 6 nodes (out of 6)
[92mINFO [0m:      aggregate_train: Received 6 results and 0 failures
[92mINFO [0m:      	\u2514\u2500\u2500> Aggregated MetricRecord: {'train_loss': 0.4519150427389475, 'train_accuracy': 0.8337916666666667, 'train_precision': 0.8543621840558769, 'train_recall': 0.8337758517198888, 'train_f1': 0.8312967512649165}
[92mINFO [0m:      configure_evaluate: Sampled 6 nodes (out of 6)
[92mINFO [0m:      aggregate_evaluate: Received 6 results and 0 failures
[92mINFO [0m:      	\u2514\u2500\u2500> Aggregated MetricRecord: {'eval_loss': 1.2642109176368577, 'eval_acc': 0.5652222222222221, 'eval_precision': 0.2528521625034541, 'eval_recall': 0.16906402193556966, 'eval_f1': 0.19780744104980894}
[92mINFO [0m:      Global evaluation
[92mINFO [0m:      	\u2514\u2500\u2500> MetricRecord: {'accuracy': 0.5182, 'loss': 1.3880361258229124, 'precision': 0.5584903986747026, 'recall': 0.5182, 'f1': 0.5061472369665597, 'global_accuracy': 0.5652222222222223, 'weighted_accuracy': 0.5652222222222222}
[92mINFO [0m:      
[92mINFO [0m:      [ROUND 18/20]
[92mINFO [0m:      configure_train: Sampled 6 nodes (out of 6)
[92mINFO [0m:      aggregate_train: Received 6 results and 0 failures
[92mINFO [0m:      	\u2514\u2500\u2500> Aggregated MetricRecord: {'train_loss': 0.4370328223560419, 'train_accuracy': 0.863, 'train_precision': 0.8665822216275954, 'train_recall': 0.8629183042113839, 'train_f1': 0.8629905945092191}
[92mINFO [0m:      configure_evaluate: Sampled 6 nodes (out of 6)
[92mINFO [0m:      aggregate_evaluate: Received 6 results and 0 failures
[92mINFO [0m:      	\u2514\u2500\u2500> Aggregated MetricRecord: {'eval_loss': 1.2536663134047326, 'eval_acc': 0.5712222222222222, 'eval_precision': 0.25192651549631806, 'eval_recall': 0.17072570061463718, 'eval_f1': 0.19708209969132595}
[92mINFO [0m:      Global evaluation
[92mINFO [0m:      	\u2514\u2500\u2500> MetricRecord: {'accuracy': 0.5179, 'loss': 1.3788358742677713, 'precision': 0.5532679977639084, 'recall': 0.5179, 'f1': 0.49861555660965795, 'global_accuracy': 0.5712222222222222, 'weighted_accuracy': 0.5712222222222222}
[92mINFO [0m:      
[92mINFO [0m:      [ROUND 19/20]
[92mINFO [0m:      configure_train: Sampled 6 nodes (out of 6)
[92mINFO [0m:      aggregate_train: Received 6 results and 0 failures
[92mINFO [0m:      	\u2514\u2500\u2500> Aggregated MetricRecord: {'train_loss': 0.4309606349273688, 'train_accuracy': 0.8610833333333332, 'train_precision': 0.865382359011563, 'train_recall': 0.8611215012688522, 'train_f1': 0.8609735453603011}
[92mINFO [0m:      configure_evaluate: Sampled 6 nodes (out of 6)
[92mINFO [0m:      aggregate_evaluate: Received 6 results and 0 failures
[92mINFO [0m:      	\u2514\u2500\u2500> Aggregated MetricRecord: {'eval_loss': 1.2733185872541253, 'eval_acc': 0.5583888888888888, 'eval_precision': 0.2536600887258371, 'eval_recall': 0.1670090581798286, 'eval_f1': 0.19642229260421654}
[92mINFO [0m:      Global evaluation
[92mINFO [0m:      	\u2514\u2500\u2500> MetricRecord: {'accuracy': 0.5062, 'loss': 1.4164586263366892, 'precision': 0.5455837034260376, 'recall': 0.5062, 'f1': 0.4933974594613592, 'global_accuracy': 0.5583888888888889, 'weighted_accuracy': 0.5583888888888889}
[92mINFO [0m:      
[92mINFO [0m:      [ROUND 20/20]
[92mINFO [0m:      configure_train: Sampled 6 nodes (out of 6)
[92mINFO [0m:      aggregate_train: Received 6 results and 0 failures
[92mINFO [0m:      	\u2514\u2500\u2500> Aggregated MetricRecord: {'train_loss': 0.42385701784822677, 'train_accuracy': 0.8707083333333332, 'train_precision': 0.877109025222188, 'train_recall': 0.870786134618982, 'train_f1': 0.8693087179320467}
[92mINFO [0m:      configure_evaluate: Sampled 6 nodes (out of 6)
[92mINFO [0m:      aggregate_evaluate: Received 6 results and 0 failures
[92mINFO [0m:      	\u2514\u2500\u2500> Aggregated MetricRecord: {'eval_loss': 1.2154793157011057, 'eval_acc': 0.5819444444444445, 'eval_precision': 0.2536062554665218, 'eval_recall': 0.17400520201992864, 'eval_f1': 0.20156658505977282}
[92mINFO [0m:      Global evaluation
[92mINFO [0m:      	\u2514\u2500\u2500> MetricRecord: {'accuracy': 0.5259, 'loss': 1.35601854173443, 'precision': 0.5585128379184047, 'recall': 0.5259, 'f1': 0.5131959475213203, 'global_accuracy': 0.5819444444444444, 'weighted_accuracy': 0.5819444444444445}
[92mINFO [0m:      
[92mINFO [0m:      Strategy execution finished in 117.79s
[92mINFO [0m:      
[92mINFO [0m:      Final results:
[92mINFO [0m:      
[92mINFO [0m:      	Global Arrays:
[92mINFO [0m:      		ArrayRecord (0.238 MB)
[92mINFO [0m:      	
[92mINFO [0m:      	Aggregated ClientApp-side Train Metrics:
[92mINFO [0m:      	{ 1: { 'train_accuracy': '6.6926e-01',
[92mINFO [0m:      	       'train_f1': '6.6141e-01',
[92mINFO [0m:      	       'train_loss': '1.0075e+00',
[92mINFO [0m:      	       'train_precision': '6.7732e-01',
[92mINFO [0m:      	       'train_recall': '6.6936e-01'},
[92mINFO [0m:      	  2: { 'train_accuracy': '7.1885e-01',
[92mINFO [0m:      	       'train_f1': '7.1088e-01',
[92mINFO [0m:      	       'train_loss': '8.1125e-01',
[92mINFO [0m:      	       'train_precision': '7.3275e-01',
[92mINFO [0m:      	       'train_recall': '7.1907e-01'},
[92mINFO [0m:      	  3: { 'train_accuracy': '7.4710e-01',
[92mINFO [0m:      	       'train_f1': '7.4742e-01',
[92mINFO [0m:      	       'train_loss': '7.1732e-01',
[92mINFO [0m:      	       'train_precision': '7.5873e-01',
[92mINFO [0m:      	       'train_recall': '7.4724e-01'},
[92mINFO [0m:      	  4: { 'train_accuracy': '7.5779e-01',
[92mINFO [0m:      	       'train_f1': '7.5364e-01',
[92mINFO [0m:      	       'train_loss': '6.6406e-01',
[92mINFO [0m:      	       'train_precision': '7.6773e-01',
[92mINFO [0m:      	       'train_recall': '7.5771e-01'},
[92mINFO [0m:      	  5: { 'train_accuracy': '7.8054e-01',
[92mINFO [0m:      	       'train_f1': '7.7734e-01',
[92mINFO [0m:      	       'train_loss': '6.2435e-01',
[92mINFO [0m:      	       'train_precision': '7.9086e-01',
[92mINFO [0m:      	       'train_recall': '7.8058e-01'},
[92mINFO [0m:      	  6: { 'train_accuracy': '7.9264e-01',
[92mINFO [0m:      	       'train_f1': '7.9376e-01',
[92mINFO [0m:      	       'train_loss': '5.9567e-01',
[92mINFO [0m:      	       'train_precision': '8.0198e-01',
[92mINFO [0m:      	       'train_recall': '7.9264e-01'},
[92mINFO [0m:      	  7: { 'train_accuracy': '8.0650e-01',
[92mINFO [0m:      	       'train_f1': '8.0444e-01',
[92mINFO [0m:      	       'train_loss': '5.7574e-01',
[92mINFO [0m:      	       'train_precision': '8.1423e-01',
[92mINFO [0m:      	       'train_recall': '8.0658e-01'},
[92mINFO [0m:      	  8: { 'train_accuracy': '7.9846e-01',
[92mINFO [0m:      	       'train_f1': '7.9592e-01',
[92mINFO [0m:      	       'train_loss': '5.5877e-01',
[92mINFO [0m:      	       'train_precision': '8.0974e-01',
[92mINFO [0m:      	       'train_recall': '7.9866e-01'},
[92mINFO [0m:      	  9: { 'train_accuracy': '8.1276e-01',
[92mINFO [0m:      	       'train_f1': '8.1280e-01',
[92mINFO [0m:      	       'train_loss': '5.4101e-01',
[92mINFO [0m:      	       'train_precision': '8.2475e-01',
[92mINFO [0m:      	       'train_recall': '8.1267e-01'},
[92mINFO [0m:      	  10: { 'train_accuracy': '8.2478e-01',
[92mINFO [0m:      	        'train_f1': '8.2303e-01',
[92mINFO [0m:      	        'train_loss': '5.2960e-01',
[92mINFO [0m:      	        'train_precision': '8.2668e-01',
[92mINFO [0m:      	        'train_recall': '8.2478e-01'},
[92mINFO [0m:      	  11: { 'train_accuracy': '8.1800e-01',
[92mINFO [0m:      	        'train_f1': '8.1617e-01',
[92mINFO [0m:      	        'train_loss': '5.1655e-01',
[92mINFO [0m:      	        'train_precision': '8.2497e-01',
[92mINFO [0m:      	        'train_recall': '8.1788e-01'},
[92mINFO [0m:      	  12: { 'train_accuracy': '8.3642e-01',
[92mINFO [0m:      	        'train_f1': '8.3583e-01',
[92mINFO [0m:      	        'train_loss': '5.0046e-01',
[92mINFO [0m:      	        'train_precision': '8.3964e-01',
[92mINFO [0m:      	        'train_recall': '8.3640e-01'},
[92mINFO [0m:      	  13: { 'train_accuracy': '8.3514e-01',
[92mINFO [0m:      	        'train_f1': '8.3523e-01',
[92mINFO [0m:      	        'train_loss': '4.9532e-01',
[92mINFO [0m:      	        'train_precision': '8.4384e-01',
[92mINFO [0m:      	        'train_recall': '8.3513e-01'},
[92mINFO [0m:      	  14: { 'train_accuracy': '8.2219e-01',
[92mINFO [0m:      	        'train_f1': '8.1051e-01',
[92mINFO [0m:      	        'train_loss': '4.8009e-01',
[92mINFO [0m:      	        'train_precision': '8.4393e-01',
[92mINFO [0m:      	        'train_recall': '8.2188e-01'},
[92mINFO [0m:      	  15: { 'train_accuracy': '8.4494e-01',
[92mINFO [0m:      	        'train_f1': '8.4419e-01',
[92mINFO [0m:      	        'train_loss': '4.6964e-01',
[92mINFO [0m:      	        'train_precision': '8.5092e-01',
[92mINFO [0m:      	        'train_recall': '8.4480e-01'},
[92mINFO [0m:      	  16: { 'train_accuracy': '8.5956e-01',
[92mINFO [0m:      	        'train_f1': '8.5905e-01',
[92mINFO [0m:      	        'train_loss': '4.5780e-01',
[92mINFO [0m:      	        'train_precision': '8.6132e-01',
[92mINFO [0m:      	        'train_recall': '8.5959e-01'},
[92mINFO [0m:      	  17: { 'train_accuracy': '8.3379e-01',
[92mINFO [0m:      	        'train_f1': '8.3130e-01',
[92mINFO [0m:      	        'train_loss': '4.5192e-01',
[92mINFO [0m:      	        'train_precision': '8.5436e-01',
[92mINFO [0m:      	        'train_recall': '8.3378e-01'},
[92mINFO [0m:      	  18: { 'train_accuracy': '8.6300e-01',
[92mINFO [0m:      	        'train_f1': '8.6299e-01',
[92mINFO [0m:      	        'train_loss': '4.3703e-01',
[92mINFO [0m:      	        'train_precision': '8.6658e-01',
[92mINFO [0m:      	        'train_recall': '8.6292e-01'},
[92mINFO [0m:      	  19: { 'train_accuracy': '8.6108e-01',
[92mINFO [0m:      	        'train_f1': '8.6097e-01',
[92mINFO [0m:      	        'train_loss': '4.3096e-01',
[92mINFO [0m:      	        'train_precision': '8.6538e-01',
[92mINFO [0m:      	        'train_recall': '8.6112e-01'},
[92mINFO [0m:      	  20: { 'train_accuracy': '8.7071e-01',
[92mINFO [0m:      	        'train_f1': '8.6931e-01',
[92mINFO [0m:      	        'train_loss': '4.2386e-01',
[92mINFO [0m:      	        'train_precision': '8.7711e-01',
[92mINFO [0m:      	        'train_recall': '8.7079e-01'}}
[92mINFO [0m:      	
[92mINFO [0m:      	Aggregated ClientApp-side Evaluate Metrics:
[92mINFO [0m:      	{ 1: { 'eval_acc': '1.7056e-01',
[92mINFO [0m:      	       'eval_f1': '7.1821e-02',
[92mINFO [0m:      	       'eval_loss': '2.2312e+00',
[92mINFO [0m:      	       'eval_precision': '2.0096e-01',
[92mINFO [0m:      	       'eval_recall': '6.9314e-02'},
[92mINFO [0m:      	  2: { 'eval_acc': '2.7133e-01',
[92mINFO [0m:      	       'eval_f1': '1.1354e-01',
[92mINFO [0m:      	       'eval_loss': '2.0722e+00',
[92mINFO [0m:      	       'eval_precision': '2.2282e-01',
[92mINFO [0m:      	       'eval_recall': '9.8769e-02'},
[92mINFO [0m:      	  3: { 'eval_acc': '3.4967e-01',
[92mINFO [0m:      	       'eval_f1': '1.4967e-01',
[92mINFO [0m:      	       'eval_loss': '1.9335e+00',
[92mINFO [0m:      	       'eval_precision': '2.2909e-01',
[92mINFO [0m:      	       'eval_recall': '1.2486e-01'},
[92mINFO [0m:      	  4: { 'eval_acc': '3.9061e-01',
[92mINFO [0m:      	       'eval_f1': '1.7017e-01',
[92mINFO [0m:      	       'eval_loss': '1.8015e+00',
[92mINFO [0m:      	       'eval_precision': '2.3641e-01',
[92mINFO [0m:      	       'eval_recall': '1.4015e-01'},
[92mINFO [0m:      	  5: { 'eval_acc': '4.4022e-01',
[92mINFO [0m:      	       'eval_f1': '1.8383e-01',
[92mINFO [0m:      	       'eval_loss': '1.6661e+00',
[92mINFO [0m:      	       'eval_precision': '2.5580e-01',
[92mINFO [0m:      	       'eval_recall': '1.5440e-01'},
[92mINFO [0m:      	  6: { 'eval_acc': '4.6611e-01',
[92mINFO [0m:      	       'eval_f1': '1.8661e-01',
[92mINFO [0m:      	       'eval_loss': '1.5856e+00',
[92mINFO [0m:      	       'eval_precision': '2.6945e-01',
[92mINFO [0m:      	       'eval_recall': '1.5914e-01'},
[92mINFO [0m:      	  7: { 'eval_acc': '4.7956e-01',
[92mINFO [0m:      	       'eval_f1': '1.8242e-01',
[92mINFO [0m:      	       'eval_loss': '1.5277e+00',
[92mINFO [0m:      	       'eval_precision': '2.5740e-01',
[92mINFO [0m:      	       'eval_recall': '1.5464e-01'},
[92mINFO [0m:      	  8: { 'eval_acc': '4.9989e-01',
[92mINFO [0m:      	       'eval_f1': '1.7807e-01',
[92mINFO [0m:      	       'eval_loss': '1.4712e+00',
[92mINFO [0m:      	       'eval_precision': '2.4652e-01',
[92mINFO [0m:      	       'eval_recall': '1.5220e-01'},
[92mINFO [0m:      	  9: { 'eval_acc': '5.1333e-01',
[92mINFO [0m:      	       'eval_f1': '1.8350e-01',
[92mINFO [0m:      	       'eval_loss': '1.4461e+00',
[92mINFO [0m:      	       'eval_precision': '2.4857e-01',
[92mINFO [0m:      	       'eval_recall': '1.5595e-01'},
[92mINFO [0m:      	  10: { 'eval_acc': '5.2056e-01',
[92mINFO [0m:      	        'eval_f1': '1.8720e-01',
[92mINFO [0m:      	        'eval_loss': '1.4019e+00',
[92mINFO [0m:      	        'eval_precision': '2.4974e-01',
[92mINFO [0m:      	        'eval_recall': '1.5841e-01'},
[92mINFO [0m:      	  11: { 'eval_acc': '5.2817e-01',
[92mINFO [0m:      	        'eval_f1': '1.8640e-01',
[92mINFO [0m:      	        'eval_loss': '1.3845e+00',
[92mINFO [0m:      	        'eval_precision': '2.4675e-01',
[92mINFO [0m:      	        'eval_recall': '1.5786e-01'},
[92mINFO [0m:      	  12: { 'eval_acc': '5.3672e-01',
[92mINFO [0m:      	        'eval_f1': '1.8722e-01',
[92mINFO [0m:      	        'eval_loss': '1.3503e+00',
[92mINFO [0m:      	        'eval_precision': '2.4735e-01',
[92mINFO [0m:      	        'eval_recall': '1.6052e-01'},
[92mINFO [0m:      	  13: { 'eval_acc': '5.4383e-01',
[92mINFO [0m:      	        'eval_f1': '1.8980e-01',
[92mINFO [0m:      	        'eval_loss': '1.3242e+00',
[92mINFO [0m:      	        'eval_precision': '2.4685e-01',
[92mINFO [0m:      	        'eval_recall': '1.6256e-01'},
[92mINFO [0m:      	  14: { 'eval_acc': '5.4661e-01',
[92mINFO [0m:      	        'eval_f1': '1.9091e-01',
[92mINFO [0m:      	        'eval_loss': '1.3184e+00',
[92mINFO [0m:      	        'eval_precision': '2.5009e-01',
[92mINFO [0m:      	        'eval_recall': '1.6356e-01'},
[92mINFO [0m:      	  15: { 'eval_acc': '5.5417e-01',
[92mINFO [0m:      	        'eval_f1': '1.9330e-01',
[92mINFO [0m:      	        'eval_loss': '1.2924e+00',
[92mINFO [0m:      	        'eval_precision': '2.4948e-01',
[92mINFO [0m:      	        'eval_recall': '1.6565e-01'},
[92mINFO [0m:      	  16: { 'eval_acc': '5.6178e-01',
[92mINFO [0m:      	        'eval_f1': '1.9429e-01',
[92mINFO [0m:      	        'eval_loss': '1.2757e+00',
[92mINFO [0m:      	        'eval_precision': '2.5090e-01',
[92mINFO [0m:      	        'eval_recall': '1.6790e-01'},
[92mINFO [0m:      	  17: { 'eval_acc': '5.6522e-01',
[92mINFO [0m:      	        'eval_f1': '1.9781e-01',
[92mINFO [0m:      	        'eval_loss': '1.2642e+00',
[92mINFO [0m:      	        'eval_precision': '2.5285e-01',
[92mINFO [0m:      	        'eval_recall': '1.6906e-01'},
[92mINFO [0m:      	  18: { 'eval_acc': '5.7122e-01',
[92mINFO [0m:      	        'eval_f1': '1.9708e-01',
[92mINFO [0m:      	        'eval_loss': '1.2537e+00',
[92mINFO [0m:      	        'eval_precision': '2.5193e-01',
[92mINFO [0m:      	        'eval_recall': '1.7073e-01'},
[92mINFO [0m:      	  19: { 'eval_acc': '5.5839e-01',
[92mINFO [0m:      	        'eval_f1': '1.9642e-01',
[92mINFO [0m:      	        'eval_loss': '1.2733e+00',
[92mINFO [0m:      	        'eval_precision': '2.5366e-01',
[92mINFO [0m:      	        'eval_recall': '1.6701e-01'},
[92mINFO [0m:      	  20: { 'eval_acc': '5.8194e-01',
[92mINFO [0m:      	        'eval_f1': '2.0157e-01',
[92mINFO [0m:      	        'eval_loss': '1.2155e+00',
[92mINFO [0m:      	        'eval_precision': '2.5361e-01',
[92mINFO [0m:      	        'eval_recall': '1.7401e-01'}}
[92mINFO [0m:      	
[92mINFO [0m:      	ServerApp-side Evaluate Metrics:
[92mINFO [0m:      	{ 0: { 'accuracy': '1.0000e-01',
[92mINFO [0m:      	       'f1': '1.8182e-02',
[92mINFO [0m:      	       'global_accuracy': '0.0000e+00',
[92mINFO [0m:      	       'loss': '2.3039e+00',
[92mINFO [0m:      	       'precision': '1.0000e-02',
[92mINFO [0m:      	       'recall': '1.0000e-01',
[92mINFO [0m:      	       'weighted_accuracy': '0.0000e+00'},
[92mINFO [0m:      	  1: { 'accuracy': '1.5570e-01',
[92mINFO [0m:      	       'f1': '9.6427e-02',
[92mINFO [0m:      	       'global_accuracy': '1.7056e-01',
[92mINFO [0m:      	       'loss': '2.2873e+00',
[92mINFO [0m:      	       'precision': '2.2466e-01',
[92mINFO [0m:      	       'recall': '1.5570e-01',
[92mINFO [0m:      	       'weighted_accuracy': '1.7056e-01'},
[92mINFO [0m:      	  2: { 'accuracy': '2.5100e-01',
[92mINFO [0m:      	       'f1': '1.8359e-01',
[92mINFO [0m:      	       'global_accuracy': '2.7133e-01',
[92mINFO [0m:      	       'loss': '2.1693e+00',
[92mINFO [0m:      	       'precision': '2.9305e-01',
[92mINFO [0m:      	       'recall': '2.5100e-01',
[92mINFO [0m:      	       'weighted_accuracy': '2.7133e-01'},
[92mINFO [0m:      	  3: { 'accuracy': '3.2040e-01',
[92mINFO [0m:      	       'f1': '2.6830e-01',
[92mINFO [0m:      	       'global_accuracy': '3.4967e-01',
[92mINFO [0m:      	       'loss': '2.0376e+00',
[92mINFO [0m:      	       'precision': '2.7002e-01',
[92mINFO [0m:      	       'recall': '3.2040e-01',
[92mINFO [0m:      	       'weighted_accuracy': '3.4967e-01'},
[92mINFO [0m:      	  4: { 'accuracy': '3.5170e-01',
[92mINFO [0m:      	       'f1': '3.0830e-01',
[92mINFO [0m:      	       'global_accuracy': '3.9061e-01',
[92mINFO [0m:      	       'loss': '1.9067e+00',
[92mINFO [0m:      	       'precision': '2.9223e-01',
[92mINFO [0m:      	       'recall': '3.5170e-01',
[92mINFO [0m:      	       'weighted_accuracy': '3.9061e-01'},
[92mINFO [0m:      	  5: { 'accuracy': '3.9800e-01',
[92mINFO [0m:      	       'f1': '3.4925e-01',
[92mINFO [0m:      	       'global_accuracy': '4.4022e-01',
[92mINFO [0m:      	       'loss': '1.7731e+00',
[92mINFO [0m:      	       'precision': '4.6479e-01',
[92mINFO [0m:      	       'recall': '3.9800e-01',
[92mINFO [0m:      	       'weighted_accuracy': '4.4022e-01'},
[92mINFO [0m:      	  6: { 'accuracy': '4.1790e-01',
[92mINFO [0m:      	       'f1': '3.6963e-01',
[92mINFO [0m:      	       'global_accuracy': '4.6611e-01',
[92mINFO [0m:      	       'loss': '1.6891e+00',
[92mINFO [0m:      	       'precision': '4.7867e-01',
[92mINFO [0m:      	       'recall': '4.1790e-01',
[92mINFO [0m:      	       'weighted_accuracy': '4.6611e-01'},
[92mINFO [0m:      	  7: { 'accuracy': '4.3350e-01',
[92mINFO [0m:      	       'f1': '3.9329e-01',
[92mINFO [0m:      	       'global_accuracy': '4.7956e-01',
[92mINFO [0m:      	       'loss': '1.6391e+00',
[92mINFO [0m:      	       'precision': '4.9582e-01',
[92mINFO [0m:      	       'recall': '4.3350e-01',
[92mINFO [0m:      	       'weighted_accuracy': '4.7956e-01'},
[92mINFO [0m:      	  8: { 'accuracy': '4.5040e-01',
[92mINFO [0m:      	       'f1': '4.1842e-01',
[92mINFO [0m:      	       'global_accuracy': '4.9989e-01',
[92mINFO [0m:      	       'loss': '1.5726e+00',
[92mINFO [0m:      	       'precision': '5.2091e-01',
[92mINFO [0m:      	       'recall': '4.5040e-01',
[92mINFO [0m:      	       'weighted_accuracy': '4.9989e-01'},
[92mINFO [0m:      	  9: { 'accuracy': '4.6780e-01',
[92mINFO [0m:      	       'f1': '4.3801e-01',
[92mINFO [0m:      	       'global_accuracy': '5.1333e-01',
[92mINFO [0m:      	       'loss': '1.5461e+00',
[92mINFO [0m:      	       'precision': '5.1598e-01',
[92mINFO [0m:      	       'recall': '4.6780e-01',
[92mINFO [0m:      	       'weighted_accuracy': '5.1333e-01'},
[92mINFO [0m:      	  10: { 'accuracy': '4.7780e-01',
[92mINFO [0m:      	        'f1': '4.5711e-01',
[92mINFO [0m:      	        'global_accuracy': '5.2056e-01',
[92mINFO [0m:      	        'loss': '1.5000e+00',
[92mINFO [0m:      	        'precision': '5.2475e-01',
[92mINFO [0m:      	        'recall': '4.7780e-01',
[92mINFO [0m:      	        'weighted_accuracy': '5.2056e-01'},
[92mINFO [0m:      	  11: { 'accuracy': '4.8660e-01',
[92mINFO [0m:      	        'f1': '4.6772e-01',
[92mINFO [0m:      	        'global_accuracy': '5.2817e-01',
[92mINFO [0m:      	        'loss': '1.4892e+00',
[92mINFO [0m:      	        'precision': '5.3275e-01',
[92mINFO [0m:      	        'recall': '4.8660e-01',
[92mINFO [0m:      	        'weighted_accuracy': '5.2817e-01'},
[92mINFO [0m:      	  12: { 'accuracy': '4.9230e-01',
[92mINFO [0m:      	        'f1': '4.6986e-01',
[92mINFO [0m:      	        'global_accuracy': '5.3672e-01',
[92mINFO [0m:      	        'loss': '1.4551e+00',
[92mINFO [0m:      	        'precision': '5.3692e-01',
[92mINFO [0m:      	        'recall': '4.9230e-01',
[92mINFO [0m:      	        'weighted_accuracy': '5.3672e-01'},
[92mINFO [0m:      	  13: { 'accuracy': '4.9960e-01',
[92mINFO [0m:      	        'f1': '4.7909e-01',
[92mINFO [0m:      	        'global_accuracy': '5.4383e-01',
[92mINFO [0m:      	        'loss': '1.4436e+00',
[92mINFO [0m:      	        'precision': '5.4024e-01',
[92mINFO [0m:      	        'recall': '4.9960e-01',
[92mINFO [0m:      	        'weighted_accuracy': '5.4383e-01'},
[92mINFO [0m:      	  14: { 'accuracy': '4.9810e-01',
[92mINFO [0m:      	        'f1': '4.7732e-01',
[92mINFO [0m:      	        'global_accuracy': '5.4661e-01',
[92mINFO [0m:      	        'loss': '1.4428e+00',
[92mINFO [0m:      	        'precision': '5.4379e-01',
[92mINFO [0m:      	        'recall': '4.9810e-01',
[92mINFO [0m:      	        'weighted_accuracy': '5.4661e-01'},
[92mINFO [0m:      	  15: { 'accuracy': '5.0560e-01',
[92mINFO [0m:      	        'f1': '4.8370e-01',
[92mINFO [0m:      	        'global_accuracy': '5.5417e-01',
[92mINFO [0m:      	        'loss': '1.4146e+00',
[92mINFO [0m:      	        'precision': '5.3812e-01',
[92mINFO [0m:      	        'recall': '5.0560e-01',
[92mINFO [0m:      	        'weighted_accuracy': '5.5417e-01'},
[92mINFO [0m:      	  16: { 'accuracy': '5.0890e-01',
[92mINFO [0m:      	        'f1': '4.8979e-01',
[92mINFO [0m:      	        'global_accuracy': '5.6178e-01',
[92mINFO [0m:      	        'loss': '1.3947e+00',
[92mINFO [0m:      	        'precision': '5.4885e-01',
[92mINFO [0m:      	        'recall': '5.0890e-01',
[92mINFO [0m:      	        'weighted_accuracy': '5.6178e-01'},
[92mINFO [0m:      	  17: { 'accuracy': '5.1820e-01',
[92mINFO [0m:      	        'f1': '5.0615e-01',
[92mINFO [0m:      	        'global_accuracy': '5.6522e-01',
[92mINFO [0m:      	        'loss': '1.3880e+00',
[92mINFO [0m:      	        'precision': '5.5849e-01',
[92mINFO [0m:      	        'recall': '5.1820e-01',
[92mINFO [0m:      	        'weighted_accuracy': '5.6522e-01'},
[92mINFO [0m:      	  18: { 'accuracy': '5.1790e-01',
[92mINFO [0m:      	        'f1': '4.9862e-01',
[92mINFO [0m:      	        'global_accuracy': '5.7122e-01',
[92mINFO [0m:      	        'loss': '1.3788e+00',
[92mINFO [0m:      	        'precision': '5.5327e-01',
[92mINFO [0m:      	        'recall': '5.1790e-01',
[92mINFO [0m:      	        'weighted_accuracy': '5.7122e-01'},
[92mINFO [0m:      	  19: { 'accuracy': '5.0620e-01',
[92mINFO [0m:      	        'f1': '4.9340e-01',
[92mINFO [0m:      	        'global_accuracy': '5.5839e-01',
[92mINFO [0m:      	        'loss': '1.4165e+00',
[92mINFO [0m:      	        'precision': '5.4558e-01',
[92mINFO [0m:      	        'recall': '5.0620e-01',
[92mINFO [0m:      	        'weighted_accuracy': '5.5839e-01'},
[92mINFO [0m:      	  20: { 'accuracy': '5.2590e-01',
[92mINFO [0m:      	        'f1': '5.1320e-01',
[92mINFO [0m:      	        'global_accuracy': '5.8194e-01',
[92mINFO [0m:      	        'loss': '1.3560e+00',
[92mINFO [0m:      	        'precision': '5.5851e-01',
[92mINFO [0m:      	        'recall': '5.2590e-01',
[92mINFO [0m:      	        'weighted_accuracy': '5.8194e-01'}}
[92mINFO [0m:      
[36m(ClientAppActor pid=33900)[0m [93mWARNING [0m:   Manually terminating ClientAppActor

============================================================
Starting Experiment: FedAvg_C3_npy
Strategy: FedAvg
Distribution: C3
Data Source: NPY
Rounds: 20
Clients: 6 (train: 6, eval: 6)
============================================================

Round   0 | Loss: 2.3039 | Acc: 0.1000 | F1: 0.0182 | Global Acc: 0.0000 | Weighted Acc: 0.0000
Round   1 | Loss: 2.2873 | Acc: 0.1557 | F1: 0.0964 | Global Acc: 0.1706 | Weighted Acc: 0.1706
Round   2 | Loss: 2.1693 | Acc: 0.2510 | F1: 0.1836 | Global Acc: 0.2713 | Weighted Acc: 0.2713
Round   3 | Loss: 2.0376 | Acc: 0.3204 | F1: 0.2683 | Global Acc: 0.3497 | Weighted Acc: 0.3497
Round   4 | Loss: 1.9067 | Acc: 0.3517 | F1: 0.3083 | Global Acc: 0.3906 | Weighted Acc: 0.3906
Round   5 | Loss: 1.7731 | Acc: 0.3980 | F1: 0.3493 | Global Acc: 0.4402 | Weighted Acc: 0.4402
Round   6 | Loss: 1.6891 | Acc: 0.4179 | F1: 0.3696 | Global Acc: 0.4661 | Weighted Acc: 0.4661
Round   7 | Loss: 1.6391 | Acc: 0.4335 | F1: 0.3933 | Global Acc: 0.4796 | Weighted Acc: 0.4796
Round   8 | Loss: 1.5726 | Acc: 0.4504 | F1: 0.4184 | Global Acc: 0.4999 | Weighted Acc: 0.4999
Round   9 | Loss: 1.5461 | Acc: 0.4678 | F1: 0.4380 | Global Acc: 0.5133 | Weighted Acc: 0.5133
Round  10 | Loss: 1.5000 | Acc: 0.4778 | F1: 0.4571 | Global Acc: 0.5206 | Weighted Acc: 0.5206
Round  11 | Loss: 1.4892 | Acc: 0.4866 | F1: 0.4677 | Global Acc: 0.5282 | Weighted Acc: 0.5282
Round  12 | Loss: 1.4551 | Acc: 0.4923 | F1: 0.4699 | Global Acc: 0.5367 | Weighted Acc: 0.5367
Round  13 | Loss: 1.4436 | Acc: 0.4996 | F1: 0.4791 | Global Acc: 0.5438 | Weighted Acc: 0.5438
Round  14 | Loss: 1.4428 | Acc: 0.4981 | F1: 0.4773 | Global Acc: 0.5466 | Weighted Acc: 0.5466
Round  15 | Loss: 1.4146 | Acc: 0.5056 | F1: 0.4837 | Global Acc: 0.5542 | Weighted Acc: 0.5542
Round  16 | Loss: 1.3947 | Acc: 0.5089 | F1: 0.4898 | Global Acc: 0.5618 | Weighted Acc: 0.5618
Round  17 | Loss: 1.3880 | Acc: 0.5182 | F1: 0.5061 | Global Acc: 0.5652 | Weighted Acc: 0.5652
Round  18 | Loss: 1.3788 | Acc: 0.5179 | F1: 0.4986 | Global Acc: 0.5712 | Weighted Acc: 0.5712
Round  19 | Loss: 1.4165 | Acc: 0.5062 | F1: 0.4934 | Global Acc: 0.5584 | Weighted Acc: 0.5584
Round  20 | Loss: 1.3560 | Acc: 0.5259 | F1: 0.5132 | Global Acc: 0.5819 | Weighted Acc: 0.5819

Saving final model to disk...

============================================================
Experiment completed: FedAvg_C3_npy
Results saved to:
  - global_csv: results\FedAvg_C3_npy_global_20260109_184639.csv
  - client_csv: results\FedAvg_C3_npy_client_20260109_184639.csv
============================================================

Loading project configuration... 
Success
[93mWARNING [0m:   Ray support on Windows is experimental and may not work as expected. On Windows, Flower Simulations run best in WSL2: https://learn.microsoft.com/en-us/windows/wsl/about
[92mINFO [0m:      Starting FedAvgWithMetricsAggregation strategy:
[92mINFO [0m:      	\u251c\u2500\u2500 Number of rounds: 20
[92mINFO [0m:      	\u251c\u2500\u2500 ArrayRecord (0.24 MB)
[92mINFO [0m:      	\u251c\u2500\u2500 ConfigRecord (train): {'lr': 0.01}
[92mINFO [0m:      	\u251c\u2500\u2500 ConfigRecord (evaluate): (empty!)
[92mINFO [0m:      	\u251c\u2500\u2500> Sampling:
[92mINFO [0m:      	\u2502	\u251c\u2500\u2500Fraction: train (1.00) | evaluate ( 1.00)
[92mINFO [0m:      	\u2502	\u251c\u2500\u2500Minimum nodes: train (6) | evaluate (6)
[92mINFO [0m:      	\u2502	\u2514\u2500\u2500Minimum available nodes: 6
[92mINFO [0m:      	\u2514\u2500\u2500> Keys in records:
[92mINFO [0m:      		\u251c\u2500\u2500 Weighted by: 'num-examples'
[92mINFO [0m:      		\u251c\u2500\u2500 ArrayRecord key: 'arrays'
[92mINFO [0m:      		\u2514\u2500\u2500 ConfigRecord key: 'config'
[92mINFO [0m:      
[92mINFO [0m:      Initial global evaluation results: {'accuracy': 0.1, 'loss': 2.3045991040483305, 'precision': 0.01, 'recall': 0.1, 'f1': 0.01818181818181818, 'global_accuracy': 0.0, 'weighted_accuracy': 0.0}
[92mINFO [0m:      
[92mINFO [0m:      [ROUND 1/20]
[92mINFO [0m:      configure_train: Sampled 6 nodes (out of 6)
[92mINFO [0m:      aggregate_train: Received 6 results and 0 failures
[92mINFO [0m:      	\u2514\u2500\u2500> Aggregated MetricRecord: {'train_loss': 1.170527553498745, 'train_accuracy': 0.59446875, 'train_precision': 0.6421702275260024, 'train_recall': 0.5947742292924222, 'train_f1': 0.572746400775405}
[92mINFO [0m:      configure_evaluate: Sampled 6 nodes (out of 6)
[93mWARNING [0m:   The `metrics_records` property of `RecordDict` (formerly `RecordSet`) is deprecated and will be removed in a future release. Please use the `metric_records` property instead.
[92mINFO [0m:      aggregate_evaluate: Received 6 results and 0 failures
[92mINFO [0m:      	\u2514\u2500\u2500> Aggregated MetricRecord: {'eval_loss': 2.173625648657481, 'eval_acc': 0.2349166666666667, 'eval_precision': 0.25249898349252603, 'eval_recall': 0.20831363450699059, 'eval_f1': 0.19334573290566343}
[92mINFO [0m:      Global evaluation
[92mINFO [0m:      	\u2514\u2500\u2500> MetricRecord: {'accuracy': 0.1863, 'loss': 2.2410442678234244, 'precision': 0.12630373340436066, 'recall': 0.1863, 'f1': 0.12241616901113792, 'global_accuracy': 0.23491666666666666, 'weighted_accuracy': 0.23491666666666666}
[92mINFO [0m:      
[92mINFO [0m:      [ROUND 2/20]
[92mINFO [0m:      configure_train: Sampled 6 nodes (out of 6)
[92mINFO [0m:      aggregate_train: Received 6 results and 0 failures
[92mINFO [0m:      	\u2514\u2500\u2500> Aggregated MetricRecord: {'train_loss': 0.9440959523717561, 'train_accuracy': 0.6797291666666666, 'train_precision': 0.6882317254339492, 'train_recall': 0.6796808436439931, 'train_f1': 0.6763611683134466}
[92mINFO [0m:      configure_evaluate: Sampled 6 nodes (out of 6)
[92mINFO [0m:      aggregate_evaluate: Received 6 results and 0 failures
[92mINFO [0m:      	\u2514\u2500\u2500> Aggregated MetricRecord: {'eval_loss': 1.905667131582896, 'eval_acc': 0.3199166666666666, 'eval_precision': 0.28411377379548153, 'eval_recall': 0.18895470581241863, 'eval_f1': 0.17078091208814666}
[92mINFO [0m:      Global evaluation
[92mINFO [0m:      	\u2514\u2500\u2500> MetricRecord: {'accuracy': 0.259, 'loss': 1.9926671740374988, 'precision': 0.304886421395855, 'recall': 0.259, 'f1': 0.15747967936976004, 'global_accuracy': 0.3199166666666667, 'weighted_accuracy': 0.3199166666666667}
[92mINFO [0m:      
[92mINFO [0m:      [ROUND 3/20]
[92mINFO [0m:      configure_train: Sampled 6 nodes (out of 6)
[92mINFO [0m:      aggregate_train: Received 6 results and 0 failures
[92mINFO [0m:      	\u2514\u2500\u2500> Aggregated MetricRecord: {'train_loss': 0.8539665574282407, 'train_accuracy': 0.7074895833333332, 'train_precision': 0.7219213447573765, 'train_recall': 0.7075535755131994, 'train_f1': 0.7041010712508775}
[92mINFO [0m:      configure_evaluate: Sampled 6 nodes (out of 6)
[92mINFO [0m:      aggregate_evaluate: Received 6 results and 0 failures
[92mINFO [0m:      	\u2514\u2500\u2500> Aggregated MetricRecord: {'eval_loss': 1.722900457382202, 'eval_acc': 0.37279166666666663, 'eval_precision': 0.27315129758178425, 'eval_recall': 0.1595557032279816, 'eval_f1': 0.15715941229899483}
[92mINFO [0m:      Global evaluation
[92mINFO [0m:      	\u2514\u2500\u2500> MetricRecord: {'accuracy': 0.3056, 'loss': 1.8182619734655452, 'precision': 0.41843858463820344, 'recall': 0.30560000000000004, 'f1': 0.22368660706521135, 'global_accuracy': 0.37279166666666663, 'weighted_accuracy': 0.3727916666666667}
[92mINFO [0m:      
[92mINFO [0m:      [ROUND 4/20]
[92mINFO [0m:      configure_train: Sampled 6 nodes (out of 6)
[36m(pid=gcs_server)[0m [2026-01-09 18:49:16,504 E 141196 250224] (gcs_server.exe) gcs_server.cc:302: Failed to establish connection to the event+metrics exporter agent. Events and metrics will not be exported. Exporter agent status: RpcError: Running out of retries to initialize the metrics agent. rpc_code: 14
[33m(raylet)[0m [2026-01-09 18:49:17,892 E 188608 224916] (raylet.exe) main.cc:975: Failed to establish connection to the metrics exporter agent. Metrics will not be exported. Exporter agent status: RpcError: Running out of retries to initialize the metrics agent. rpc_code: 14
[92mINFO [0m:      aggregate_train: Received 6 results and 0 failures
[92mINFO [0m:      	\u2514\u2500\u2500> Aggregated MetricRecord: {'train_loss': 0.7956553275932868, 'train_accuracy': 0.7314791666666666, 'train_precision': 0.7415024402711989, 'train_recall': 0.7315520715966566, 'train_f1': 0.7316918014916968}
[92mINFO [0m:      configure_evaluate: Sampled 6 nodes (out of 6)
[2026-01-09 18:49:19,247 E 251748 270628] core_worker_process.cc:825: Failed to establish connection to the metrics exporter agent. Metrics will not be exported. Exporter agent status: RpcError: Running out of retries to initialize the metrics agent. rpc_code: 14
[92mINFO [0m:      aggregate_evaluate: Received 6 results and 0 failures
[92mINFO [0m:      	\u2514\u2500\u2500> Aggregated MetricRecord: {'eval_loss': 1.5944962280591328, 'eval_acc': 0.43762500000000004, 'eval_precision': 0.282811857471645, 'eval_recall': 0.17526318594185394, 'eval_f1': 0.1899375342528228}
[92mINFO [0m:      Global evaluation
[92mINFO [0m:      	\u2514\u2500\u2500> MetricRecord: {'accuracy': 0.3805, 'loss': 1.6792883329753634, 'precision': 0.4920512334807114, 'recall': 0.3805, 'f1': 0.3407592543104515, 'global_accuracy': 0.4376250000000001, 'weighted_accuracy': 0.437625}
[92mINFO [0m:      
[92mINFO [0m:      [ROUND 5/20]
[92mINFO [0m:      configure_train: Sampled 6 nodes (out of 6)
[92mINFO [0m:      aggregate_train: Received 6 results and 0 failures
[92mINFO [0m:      	\u2514\u2500\u2500> Aggregated MetricRecord: {'train_loss': 0.7503451937188704, 'train_accuracy': 0.7445, 'train_precision': 0.7540457085885779, 'train_recall': 0.7445117597013935, 'train_f1': 0.7420133896124808}
[92mINFO [0m:      configure_evaluate: Sampled 6 nodes (out of 6)
[92mINFO [0m:      aggregate_evaluate: Received 6 results and 0 failures
[92mINFO [0m:      	\u2514\u2500\u2500> Aggregated MetricRecord: {'eval_loss': 1.4655316072305042, 'eval_acc': 0.4989166666666666, 'eval_precision': 0.2954998279693103, 'eval_recall': 0.19997175427899383, 'eval_f1': 0.2230007746546537}
[92mINFO [0m:      Global evaluation
[92mINFO [0m:      	\u2514\u2500\u2500> MetricRecord: {'accuracy': 0.458, 'loss': 1.5317878949491284, 'precision': 0.5199183358540586, 'recall': 0.4579999999999999, 'f1': 0.4369196876410645, 'global_accuracy': 0.4989166666666667, 'weighted_accuracy': 0.4989166666666667}
[92mINFO [0m:      
[92mINFO [0m:      [ROUND 6/20]
[92mINFO [0m:      configure_train: Sampled 6 nodes (out of 6)
[92mINFO [0m:      aggregate_train: Received 6 results and 0 failures
[92mINFO [0m:      	\u2514\u2500\u2500> Aggregated MetricRecord: {'train_loss': 0.7146229513958096, 'train_accuracy': 0.76334375, 'train_precision': 0.7682822772881684, 'train_recall': 0.763211751113233, 'train_f1': 0.7627510623241704}
[92mINFO [0m:      configure_evaluate: Sampled 6 nodes (out of 6)
[92mINFO [0m:      aggregate_evaluate: Received 6 results and 0 failures
[92mINFO [0m:      	\u2514\u2500\u2500> Aggregated MetricRecord: {'eval_loss': 1.3905260541439057, 'eval_acc': 0.5140416666666666, 'eval_precision': 0.3029548909627794, 'eval_recall': 0.20590369287077126, 'eval_f1': 0.22964291238836498}
[92mINFO [0m:      Global evaluation
[92mINFO [0m:      	\u2514\u2500\u2500> MetricRecord: {'accuracy': 0.4683, 'loss': 1.477842143819302, 'precision': 0.5496051217779012, 'recall': 0.4683, 'f1': 0.4537260851902432, 'global_accuracy': 0.5140416666666666, 'weighted_accuracy': 0.5140416666666666}
[92mINFO [0m:      
[92mINFO [0m:      [ROUND 7/20]
[92mINFO [0m:      configure_train: Sampled 6 nodes (out of 6)
[92mINFO [0m:      aggregate_train: Received 6 results and 0 failures
[92mINFO [0m:      	\u2514\u2500\u2500> Aggregated MetricRecord: {'train_loss': 0.6903715608865022, 'train_accuracy': 0.7646458333333332, 'train_precision': 0.7718890812105734, 'train_recall': 0.764479396415866, 'train_f1': 0.7640814016178502}
[92mINFO [0m:      configure_evaluate: Sampled 6 nodes (out of 6)
[92mINFO [0m:      aggregate_evaluate: Received 6 results and 0 failures
[92mINFO [0m:      	\u2514\u2500\u2500> Aggregated MetricRecord: {'eval_loss': 1.335614789565404, 'eval_acc': 0.539875, 'eval_precision': 0.3075545338869704, 'eval_recall': 0.21627317033302518, 'eval_f1': 0.24254065518101497}
[92mINFO [0m:      Global evaluation
[92mINFO [0m:      	\u2514\u2500\u2500> MetricRecord: {'accuracy': 0.4943, 'loss': 1.4187006331697296, 'precision': 0.558606970267914, 'recall': 0.4943000000000001, 'f1': 0.4833938454827842, 'global_accuracy': 0.539875, 'weighted_accuracy': 0.539875}
[92mINFO [0m:      
[92mINFO [0m:      [ROUND 8/20]
[92mINFO [0m:      configure_train: Sampled 6 nodes (out of 6)
[92mINFO [0m:      aggregate_train: Received 6 results and 0 failures
[92mINFO [0m:      	\u2514\u2500\u2500> Aggregated MetricRecord: {'train_loss': 0.6674351282094915, 'train_accuracy': 0.7811250000000001, 'train_precision': 0.7867012746135464, 'train_recall': 0.7810242515489368, 'train_f1': 0.77996979121119}
[92mINFO [0m:      configure_evaluate: Sampled 6 nodes (out of 6)
[92mINFO [0m:      aggregate_evaluate: Received 6 results and 0 failures
[92mINFO [0m:      	\u2514\u2500\u2500> Aggregated MetricRecord: {'eval_loss': 1.288523716767629, 'eval_acc': 0.5591666666666666, 'eval_precision': 0.3096932137722773, 'eval_recall': 0.22391518676548897, 'eval_f1': 0.2527327735982912}
[92mINFO [0m:      Global evaluation
[92mINFO [0m:      	\u2514\u2500\u2500> MetricRecord: {'accuracy': 0.526, 'loss': 1.362592261048812, 'precision': 0.5669461719295151, 'recall': 0.526, 'f1': 0.521546339074147, 'global_accuracy': 0.5591666666666666, 'weighted_accuracy': 0.5591666666666667}
[92mINFO [0m:      
[92mINFO [0m:      [ROUND 9/20]
[92mINFO [0m:      configure_train: Sampled 6 nodes (out of 6)
[92mINFO [0m:      aggregate_train: Received 6 results and 0 failures
[92mINFO [0m:      	\u2514\u2500\u2500> Aggregated MetricRecord: {'train_loss': 0.6468182797978321, 'train_accuracy': 0.790125, 'train_precision': 0.7949435556704761, 'train_recall': 0.7902317401500749, 'train_f1': 0.7905074130748566}
[92mINFO [0m:      configure_evaluate: Sampled 6 nodes (out of 6)
[92mINFO [0m:      aggregate_evaluate: Received 6 results and 0 failures
[92mINFO [0m:      	\u2514\u2500\u2500> Aggregated MetricRecord: {'eval_loss': 1.264266969124476, 'eval_acc': 0.5680833333333333, 'eval_precision': 0.31221772655290164, 'eval_recall': 0.22747601865209063, 'eval_f1': 0.2550303021767324}
[92mINFO [0m:      Global evaluation
[92mINFO [0m:      	\u2514\u2500\u2500> MetricRecord: {'accuracy': 0.5296, 'loss': 1.3462151666230793, 'precision': 0.5779752005401383, 'recall': 0.5296, 'f1': 0.5243821243992167, 'global_accuracy': 0.5680833333333333, 'weighted_accuracy': 0.5680833333333334}
[92mINFO [0m:      
[92mINFO [0m:      [ROUND 10/20]
[92mINFO [0m:      configure_train: Sampled 6 nodes (out of 6)
[92mINFO [0m:      aggregate_train: Received 6 results and 0 failures
[92mINFO [0m:      	\u2514\u2500\u2500> Aggregated MetricRecord: {'train_loss': 0.6297330851592123, 'train_accuracy': 0.7925312499999999, 'train_precision': 0.8006094522728862, 'train_recall': 0.7924999077254553, 'train_f1': 0.7926672083254928}
[92mINFO [0m:      configure_evaluate: Sampled 6 nodes (out of 6)
[92mINFO [0m:      aggregate_evaluate: Received 6 results and 0 failures
[92mINFO [0m:      	\u2514\u2500\u2500> Aggregated MetricRecord: {'eval_loss': 1.2516370423634846, 'eval_acc': 0.5711666666666666, 'eval_precision': 0.3165155299309738, 'eval_recall': 0.2286159033332023, 'eval_f1': 0.25624129374752513}
[92mINFO [0m:      Global evaluation
[92mINFO [0m:      	\u2514\u2500\u2500> MetricRecord: {'accuracy': 0.5229, 'loss': 1.3550216532960724, 'precision': 0.5847757620036546, 'recall': 0.5229, 'f1': 0.5204422878570254, 'global_accuracy': 0.5711666666666667, 'weighted_accuracy': 0.5711666666666667}
[92mINFO [0m:      
[92mINFO [0m:      [ROUND 11/20]
[92mINFO [0m:      configure_train: Sampled 6 nodes (out of 6)
[92mINFO [0m:      aggregate_train: Received 6 results and 0 failures
[92mINFO [0m:      	\u2514\u2500\u2500> Aggregated MetricRecord: {'train_loss': 0.6126671945129831, 'train_accuracy': 0.8099166666666666, 'train_precision': 0.81299116916305, 'train_recall': 0.8098837737982771, 'train_f1': 0.8088617214880864}
[92mINFO [0m:      configure_evaluate: Sampled 6 nodes (out of 6)
[92mINFO [0m:      aggregate_evaluate: Received 6 results and 0 failures
[92mINFO [0m:      	\u2514\u2500\u2500> Aggregated MetricRecord: {'eval_loss': 1.2110062000751496, 'eval_acc': 0.5846666666666667, 'eval_precision': 0.31767484652752803, 'eval_recall': 0.23401731381015814, 'eval_f1': 0.26274849799390926}
[92mINFO [0m:      Global evaluation
[92mINFO [0m:      	\u2514\u2500\u2500> MetricRecord: {'accuracy': 0.5446, 'loss': 1.3025458281553244, 'precision': 0.5951286997134251, 'recall': 0.5446000000000001, 'f1': 0.5444081450733066, 'global_accuracy': 0.5846666666666667, 'weighted_accuracy': 0.5846666666666667}
[92mINFO [0m:      
[92mINFO [0m:      [ROUND 12/20]
[92mINFO [0m:      configure_train: Sampled 6 nodes (out of 6)
[92mINFO [0m:      aggregate_train: Received 6 results and 0 failures
[92mINFO [0m:      	\u2514\u2500\u2500> Aggregated MetricRecord: {'train_loss': 0.592460960663855, 'train_accuracy': 0.8081979166666666, 'train_precision': 0.8171000492734438, 'train_recall': 0.808267611458513, 'train_f1': 0.8076157677177771}
[92mINFO [0m:      configure_evaluate: Sampled 6 nodes (out of 6)
[92mINFO [0m:      aggregate_evaluate: Received 6 results and 0 failures
[92mINFO [0m:      	\u2514\u2500\u2500> Aggregated MetricRecord: {'eval_loss': 1.2001675976912178, 'eval_acc': 0.5916666666666666, 'eval_precision': 0.3195315824974635, 'eval_recall': 0.23683862786531318, 'eval_f1': 0.265091577101038}
[92mINFO [0m:      Global evaluation
[92mINFO [0m:      	\u2514\u2500\u2500> MetricRecord: {'accuracy': 0.5463, 'loss': 1.3056318171416657, 'precision': 0.5950830310237212, 'recall': 0.5463, 'f1': 0.5441109536280678, 'global_accuracy': 0.5916666666666667, 'weighted_accuracy': 0.5916666666666667}
[92mINFO [0m:      
[92mINFO [0m:      [ROUND 13/20]
[92mINFO [0m:      configure_train: Sampled 6 nodes (out of 6)
[92mINFO [0m:      aggregate_train: Received 6 results and 0 failures
[92mINFO [0m:      	\u2514\u2500\u2500> Aggregated MetricRecord: {'train_loss': 0.5754388882095615, 'train_accuracy': 0.8122499999999999, 'train_precision': 0.8218845880786753, 'train_recall': 0.8124346482307663, 'train_f1': 0.8108520370938045}
[92mINFO [0m:      configure_evaluate: Sampled 6 nodes (out of 6)
[92mINFO [0m:      aggregate_evaluate: Received 6 results and 0 failures
[92mINFO [0m:      	\u2514\u2500\u2500> Aggregated MetricRecord: {'eval_loss': 1.2039498149553935, 'eval_acc': 0.586125, 'eval_precision': 0.3211894853261009, 'eval_recall': 0.2345853721998542, 'eval_f1': 0.2621874522725879}
[92mINFO [0m:      Global evaluation
[92mINFO [0m:      	\u2514\u2500\u2500> MetricRecord: {'accuracy': 0.5405, 'loss': 1.3277748536460008, 'precision': 0.60700090850201, 'recall': 0.5405, 'f1': 0.5397893673541039, 'global_accuracy': 0.5861249999999999, 'weighted_accuracy': 0.586125}
[92mINFO [0m:      
[92mINFO [0m:      [ROUND 14/20]
[92mINFO [0m:      configure_train: Sampled 6 nodes (out of 6)
[92mINFO [0m:      aggregate_train: Received 6 results and 0 failures
[92mINFO [0m:      	\u2514\u2500\u2500> Aggregated MetricRecord: {'train_loss': 0.5608788065612316, 'train_accuracy': 0.815875, 'train_precision': 0.8277710708169661, 'train_recall': 0.8157790579827858, 'train_f1': 0.8154742104226039}
[92mINFO [0m:      configure_evaluate: Sampled 6 nodes (out of 6)
[92mINFO [0m:      aggregate_evaluate: Received 6 results and 0 failures
[92mINFO [0m:      	\u2514\u2500\u2500> Aggregated MetricRecord: {'eval_loss': 1.1709338032404581, 'eval_acc': 0.5977916666666666, 'eval_precision': 0.32142369779705987, 'eval_recall': 0.23919454338238183, 'eval_f1': 0.26824081457317756}
[92mINFO [0m:      Global evaluation
[92mINFO [0m:      	\u2514\u2500\u2500> MetricRecord: {'accuracy': 0.5501, 'loss': 1.293162902699241, 'precision': 0.6039208983812554, 'recall': 0.5501, 'f1': 0.5519180392707981, 'global_accuracy': 0.5977916666666666, 'weighted_accuracy': 0.5977916666666667}
[92mINFO [0m:      
[92mINFO [0m:      [ROUND 15/20]
[92mINFO [0m:      configure_train: Sampled 6 nodes (out of 6)
[92mINFO [0m:      aggregate_train: Received 6 results and 0 failures
[92mINFO [0m:      	\u2514\u2500\u2500> Aggregated MetricRecord: {'train_loss': 0.5457006764697532, 'train_accuracy': 0.8362395833333333, 'train_precision': 0.8389876299888104, 'train_recall': 0.8362813300222462, 'train_f1': 0.8357063855147074}
[92mINFO [0m:      configure_evaluate: Sampled 6 nodes (out of 6)
[92mINFO [0m:      aggregate_evaluate: Received 6 results and 0 failures
[92mINFO [0m:      	\u2514\u2500\u2500> Aggregated MetricRecord: {'eval_loss': 1.144960638284683, 'eval_acc': 0.6080416666666666, 'eval_precision': 0.3232502627720784, 'eval_recall': 0.24335058516750108, 'eval_f1': 0.2714049759895074}
[92mINFO [0m:      Global evaluation
[92mINFO [0m:      	\u2514\u2500\u2500> MetricRecord: {'accuracy': 0.5491, 'loss': 1.2808025939555108, 'precision': 0.5960060368063089, 'recall': 0.5490999999999999, 'f1': 0.5478230377458079, 'global_accuracy': 0.6080416666666667, 'weighted_accuracy': 0.6080416666666667}
[92mINFO [0m:      
[92mINFO [0m:      [ROUND 16/20]
[92mINFO [0m:      configure_train: Sampled 6 nodes (out of 6)
[92mINFO [0m:      aggregate_train: Received 6 results and 0 failures
[92mINFO [0m:      	\u2514\u2500\u2500> Aggregated MetricRecord: {'train_loss': 0.5333620458791652, 'train_accuracy': 0.8213229166666666, 'train_precision': 0.8319811915628698, 'train_recall': 0.8212556527277177, 'train_f1': 0.8198568249901519}
[92mINFO [0m:      configure_evaluate: Sampled 6 nodes (out of 6)
[92mINFO [0m:      aggregate_evaluate: Received 6 results and 0 failures
[92mINFO [0m:      	\u2514\u2500\u2500> Aggregated MetricRecord: {'eval_loss': 1.1566752192179361, 'eval_acc': 0.604125, 'eval_precision': 0.32289528868087347, 'eval_recall': 0.24183792728386416, 'eval_f1': 0.2703463355598045}
[92mINFO [0m:      Global evaluation
[92mINFO [0m:      	\u2514\u2500\u2500> MetricRecord: {'accuracy': 0.5445, 'loss': 1.299105327340621, 'precision': 0.5999632226413117, 'recall': 0.5445, 'f1': 0.5448379487530379, 'global_accuracy': 0.6041250000000001, 'weighted_accuracy': 0.604125}
[92mINFO [0m:      
[92mINFO [0m:      [ROUND 17/20]
[92mINFO [0m:      configure_train: Sampled 6 nodes (out of 6)
[92mINFO [0m:      aggregate_train: Received 6 results and 0 failures
[92mINFO [0m:      	\u2514\u2500\u2500> Aggregated MetricRecord: {'train_loss': 0.5178529716550062, 'train_accuracy': 0.8278124999999998, 'train_precision': 0.8399756066191693, 'train_recall': 0.8280150421448582, 'train_f1': 0.8286957325241487}
[92mINFO [0m:      configure_evaluate: Sampled 6 nodes (out of 6)
[92mINFO [0m:      aggregate_evaluate: Received 6 results and 0 failures
[92mINFO [0m:      	\u2514\u2500\u2500> Aggregated MetricRecord: {'eval_loss': 1.1544376713434854, 'eval_acc': 0.6049166666666667, 'eval_precision': 0.3273506592296592, 'eval_recall': 0.24203124768403456, 'eval_f1': 0.27004978740404156}
[92mINFO [0m:      Global evaluation
[92mINFO [0m:      	\u2514\u2500\u2500> MetricRecord: {'accuracy': 0.5386, 'loss': 1.3254750997205325, 'precision': 0.6167170104745164, 'recall': 0.5386000000000001, 'f1': 0.542248545080032, 'global_accuracy': 0.6049166666666667, 'weighted_accuracy': 0.6049166666666667}
[92mINFO [0m:      
[92mINFO [0m:      [ROUND 18/20]
[92mINFO [0m:      configure_train: Sampled 6 nodes (out of 6)
[92mINFO [0m:      aggregate_train: Received 6 results and 0 failures
[92mINFO [0m:      	\u2514\u2500\u2500> Aggregated MetricRecord: {'train_loss': 0.5037809018343687, 'train_accuracy': 0.8512916666666668, 'train_precision': 0.8552813692674076, 'train_recall': 0.8513067045096763, 'train_f1': 0.8507467992254094}
[92mINFO [0m:      configure_evaluate: Sampled 6 nodes (out of 6)
[92mINFO [0m:      aggregate_evaluate: Received 6 results and 0 failures
[92mINFO [0m:      	\u2514\u2500\u2500> Aggregated MetricRecord: {'eval_loss': 1.1131402570406597, 'eval_acc': 0.6220000000000001, 'eval_precision': 0.32494558309172294, 'eval_recall': 0.24894761047060351, 'eval_f1': 0.27770340057588644}
[92mINFO [0m:      Global evaluation
[92mINFO [0m:      	\u2514\u2500\u2500> MetricRecord: {'accuracy': 0.564, 'loss': 1.2523996264119692, 'precision': 0.5942891919081565, 'recall': 0.5640000000000001, 'f1': 0.5638464786300446, 'global_accuracy': 0.622, 'weighted_accuracy': 0.622}
[92mINFO [0m:      
[92mINFO [0m:      [ROUND 19/20]
[92mINFO [0m:      configure_train: Sampled 6 nodes (out of 6)
[92mINFO [0m:      aggregate_train: Received 6 results and 0 failures
[92mINFO [0m:      	\u2514\u2500\u2500> Aggregated MetricRecord: {'train_loss': 0.4946271807154019, 'train_accuracy': 0.8444375, 'train_precision': 0.8512294888716411, 'train_recall': 0.8444705798139119, 'train_f1': 0.8454466844245273}
[92mINFO [0m:      configure_evaluate: Sampled 6 nodes (out of 6)
[92mINFO [0m:      aggregate_evaluate: Received 6 results and 0 failures
[92mINFO [0m:      	\u2514\u2500\u2500> Aggregated MetricRecord: {'eval_loss': 1.1392977448304493, 'eval_acc': 0.6128749999999998, 'eval_precision': 0.3261949865117403, 'eval_recall': 0.24525018369795915, 'eval_f1': 0.27282206861475256}
[92mINFO [0m:      Global evaluation
[92mINFO [0m:      	\u2514\u2500\u2500> MetricRecord: {'accuracy': 0.5426, 'loss': 1.3122384110583534, 'precision': 0.6085521450928721, 'recall': 0.5426, 'f1': 0.5459155823758588, 'global_accuracy': 0.612875, 'weighted_accuracy': 0.612875}
[92mINFO [0m:      
[92mINFO [0m:      [ROUND 20/20]
[92mINFO [0m:      configure_train: Sampled 6 nodes (out of 6)
[92mINFO [0m:      aggregate_train: Received 6 results and 0 failures
[92mINFO [0m:      	\u2514\u2500\u2500> Aggregated MetricRecord: {'train_loss': 0.4840171279820302, 'train_accuracy': 0.8513124999999999, 'train_precision': 0.8268191083852393, 'train_recall': 0.8233507948592721, 'train_f1': 0.8230675732489172}
[92mINFO [0m:      configure_evaluate: Sampled 6 nodes (out of 6)
[92mINFO [0m:      aggregate_evaluate: Received 6 results and 0 failures
[92mINFO [0m:      	\u2514\u2500\u2500> Aggregated MetricRecord: {'eval_loss': 1.0986346037785213, 'eval_acc': 0.6269583333333333, 'eval_precision': 0.3267829894040073, 'eval_recall': 0.25089764979143026, 'eval_f1': 0.2792858333209719}
[92mINFO [0m:      Global evaluation
[92mINFO [0m:      	\u2514\u2500\u2500> MetricRecord: {'accuracy': 0.5686, 'loss': 1.253102395353438, 'precision': 0.6035429582414842, 'recall': 0.5685999999999999, 'f1': 0.5698304622792643, 'global_accuracy': 0.6269583333333334, 'weighted_accuracy': 0.6269583333333333}
[92mINFO [0m:      
[92mINFO [0m:      Strategy execution finished in 141.33s
[92mINFO [0m:      
[92mINFO [0m:      Final results:
[92mINFO [0m:      
[92mINFO [0m:      	Global Arrays:
[92mINFO [0m:      		ArrayRecord (0.238 MB)
[92mINFO [0m:      	
[92mINFO [0m:      	Aggregated ClientApp-side Train Metrics:
[92mINFO [0m:      	{ 1: { 'train_accuracy': '5.9447e-01',
[92mINFO [0m:      	       'train_f1': '5.7275e-01',
[92mINFO [0m:      	       'train_loss': '1.1705e+00',
[92mINFO [0m:      	       'train_precision': '6.4217e-01',
[92mINFO [0m:      	       'train_recall': '5.9477e-01'},
[92mINFO [0m:      	  2: { 'train_accuracy': '6.7973e-01',
[92mINFO [0m:      	       'train_f1': '6.7636e-01',
[92mINFO [0m:      	       'train_loss': '9.4410e-01',
[92mINFO [0m:      	       'train_precision': '6.8823e-01',
[92mINFO [0m:      	       'train_recall': '6.7968e-01'},
[92mINFO [0m:      	  3: { 'train_accuracy': '7.0749e-01',
[92mINFO [0m:      	       'train_f1': '7.0410e-01',
[92mINFO [0m:      	       'train_loss': '8.5397e-01',
[92mINFO [0m:      	       'train_precision': '7.2192e-01',
[92mINFO [0m:      	       'train_recall': '7.0755e-01'},
[92mINFO [0m:      	  4: { 'train_accuracy': '7.3148e-01',
[92mINFO [0m:      	       'train_f1': '7.3169e-01',
[92mINFO [0m:      	       'train_loss': '7.9566e-01',
[92mINFO [0m:      	       'train_precision': '7.4150e-01',
[92mINFO [0m:      	       'train_recall': '7.3155e-01'},
[92mINFO [0m:      	  5: { 'train_accuracy': '7.4450e-01',
[92mINFO [0m:      	       'train_f1': '7.4201e-01',
[92mINFO [0m:      	       'train_loss': '7.5035e-01',
[92mINFO [0m:      	       'train_precision': '7.5405e-01',
[92mINFO [0m:      	       'train_recall': '7.4451e-01'},
[92mINFO [0m:      	  6: { 'train_accuracy': '7.6334e-01',
[92mINFO [0m:      	       'train_f1': '7.6275e-01',
[92mINFO [0m:      	       'train_loss': '7.1462e-01',
[92mINFO [0m:      	       'train_precision': '7.6828e-01',
[92mINFO [0m:      	       'train_recall': '7.6321e-01'},
[92mINFO [0m:      	  7: { 'train_accuracy': '7.6465e-01',
[92mINFO [0m:      	       'train_f1': '7.6408e-01',
[92mINFO [0m:      	       'train_loss': '6.9037e-01',
[92mINFO [0m:      	       'train_precision': '7.7189e-01',
[92mINFO [0m:      	       'train_recall': '7.6448e-01'},
[92mINFO [0m:      	  8: { 'train_accuracy': '7.8113e-01',
[92mINFO [0m:      	       'train_f1': '7.7997e-01',
[92mINFO [0m:      	       'train_loss': '6.6744e-01',
[92mINFO [0m:      	       'train_precision': '7.8670e-01',
[92mINFO [0m:      	       'train_recall': '7.8102e-01'},
[92mINFO [0m:      	  9: { 'train_accuracy': '7.9012e-01',
[92mINFO [0m:      	       'train_f1': '7.9051e-01',
[92mINFO [0m:      	       'train_loss': '6.4682e-01',
[92mINFO [0m:      	       'train_precision': '7.9494e-01',
[92mINFO [0m:      	       'train_recall': '7.9023e-01'},
[92mINFO [0m:      	  10: { 'train_accuracy': '7.9253e-01',
[92mINFO [0m:      	        'train_f1': '7.9267e-01',
[92mINFO [0m:      	        'train_loss': '6.2973e-01',
[92mINFO [0m:      	        'train_precision': '8.0061e-01',
[92mINFO [0m:      	        'train_recall': '7.9250e-01'},
[92mINFO [0m:      	  11: { 'train_accuracy': '8.0992e-01',
[92mINFO [0m:      	        'train_f1': '8.0886e-01',
[92mINFO [0m:      	        'train_loss': '6.1267e-01',
[92mINFO [0m:      	        'train_precision': '8.1299e-01',
[92mINFO [0m:      	        'train_recall': '8.0988e-01'},
[92mINFO [0m:      	  12: { 'train_accuracy': '8.0820e-01',
[92mINFO [0m:      	        'train_f1': '8.0762e-01',
[92mINFO [0m:      	        'train_loss': '5.9246e-01',
[92mINFO [0m:      	        'train_precision': '8.1710e-01',
[92mINFO [0m:      	        'train_recall': '8.0827e-01'},
[92mINFO [0m:      	  13: { 'train_accuracy': '8.1225e-01',
[92mINFO [0m:      	        'train_f1': '8.1085e-01',
[92mINFO [0m:      	        'train_loss': '5.7544e-01',
[92mINFO [0m:      	        'train_precision': '8.2188e-01',
[92mINFO [0m:      	        'train_recall': '8.1243e-01'},
[92mINFO [0m:      	  14: { 'train_accuracy': '8.1588e-01',
[92mINFO [0m:      	        'train_f1': '8.1547e-01',
[92mINFO [0m:      	        'train_loss': '5.6088e-01',
[92mINFO [0m:      	        'train_precision': '8.2777e-01',
[92mINFO [0m:      	        'train_recall': '8.1578e-01'},
[92mINFO [0m:      	  15: { 'train_accuracy': '8.3624e-01',
[92mINFO [0m:      	        'train_f1': '8.3571e-01',
[92mINFO [0m:      	        'train_loss': '5.4570e-01',
[92mINFO [0m:      	        'train_precision': '8.3899e-01',
[92mINFO [0m:      	        'train_recall': '8.3628e-01'},
[92mINFO [0m:      	  16: { 'train_accuracy': '8.2132e-01',
[92mINFO [0m:      	        'train_f1': '8.1986e-01',
[92mINFO [0m:      	        'train_loss': '5.3336e-01',
[92mINFO [0m:      	        'train_precision': '8.3198e-01',
[92mINFO [0m:      	        'train_recall': '8.2126e-01'},
[92mINFO [0m:      	  17: { 'train_accuracy': '8.2781e-01',
[92mINFO [0m:      	        'train_f1': '8.2870e-01',
[92mINFO [0m:      	        'train_loss': '5.1785e-01',
[92mINFO [0m:      	        'train_precision': '8.3998e-01',
[92mINFO [0m:      	        'train_recall': '8.2802e-01'},
[92mINFO [0m:      	  18: { 'train_accuracy': '8.5129e-01',
[92mINFO [0m:      	        'train_f1': '8.5075e-01',
[92mINFO [0m:      	        'train_loss': '5.0378e-01',
[92mINFO [0m:      	        'train_precision': '8.5528e-01',
[92mINFO [0m:      	        'train_recall': '8.5131e-01'},
[92mINFO [0m:      	  19: { 'train_accuracy': '8.4444e-01',
[92mINFO [0m:      	        'train_f1': '8.4545e-01',
[92mINFO [0m:      	        'train_loss': '4.9463e-01',
[92mINFO [0m:      	        'train_precision': '8.5123e-01',
[92mINFO [0m:      	        'train_recall': '8.4447e-01'},
[92mINFO [0m:      	  20: { 'train_accuracy': '8.5131e-01',
[92mINFO [0m:      	        'train_f1': '8.2307e-01',
[92mINFO [0m:      	        'train_loss': '4.8402e-01',
[92mINFO [0m:      	        'train_precision': '8.2682e-01',
[92mINFO [0m:      	        'train_recall': '8.2335e-01'}}
[92mINFO [0m:      	
[92mINFO [0m:      	Aggregated ClientApp-side Evaluate Metrics:
[92mINFO [0m:      	{ 1: { 'eval_acc': '2.3492e-01',
[92mINFO [0m:      	       'eval_f1': '1.9335e-01',
[92mINFO [0m:      	       'eval_loss': '2.1736e+00',
[92mINFO [0m:      	       'eval_precision': '2.5250e-01',
[92mINFO [0m:      	       'eval_recall': '2.0831e-01'},
[92mINFO [0m:      	  2: { 'eval_acc': '3.1992e-01',
[92mINFO [0m:      	       'eval_f1': '1.7078e-01',
[92mINFO [0m:      	       'eval_loss': '1.9057e+00',
[92mINFO [0m:      	       'eval_precision': '2.8411e-01',
[92mINFO [0m:      	       'eval_recall': '1.8895e-01'},
[92mINFO [0m:      	  3: { 'eval_acc': '3.7279e-01',
[92mINFO [0m:      	       'eval_f1': '1.5716e-01',
[92mINFO [0m:      	       'eval_loss': '1.7229e+00',
[92mINFO [0m:      	       'eval_precision': '2.7315e-01',
[92mINFO [0m:      	       'eval_recall': '1.5956e-01'},
[92mINFO [0m:      	  4: { 'eval_acc': '4.3763e-01',
[92mINFO [0m:      	       'eval_f1': '1.8994e-01',
[92mINFO [0m:      	       'eval_loss': '1.5945e+00',
[92mINFO [0m:      	       'eval_precision': '2.8281e-01',
[92mINFO [0m:      	       'eval_recall': '1.7526e-01'},
[92mINFO [0m:      	  5: { 'eval_acc': '4.9892e-01',
[92mINFO [0m:      	       'eval_f1': '2.2300e-01',
[92mINFO [0m:      	       'eval_loss': '1.4655e+00',
[92mINFO [0m:      	       'eval_precision': '2.9550e-01',
[92mINFO [0m:      	       'eval_recall': '1.9997e-01'},
[92mINFO [0m:      	  6: { 'eval_acc': '5.1404e-01',
[92mINFO [0m:      	       'eval_f1': '2.2964e-01',
[92mINFO [0m:      	       'eval_loss': '1.3905e+00',
[92mINFO [0m:      	       'eval_precision': '3.0295e-01',
[92mINFO [0m:      	       'eval_recall': '2.0590e-01'},
[92mINFO [0m:      	  7: { 'eval_acc': '5.3987e-01',
[92mINFO [0m:      	       'eval_f1': '2.4254e-01',
[92mINFO [0m:      	       'eval_loss': '1.3356e+00',
[92mINFO [0m:      	       'eval_precision': '3.0755e-01',
[92mINFO [0m:      	       'eval_recall': '2.1627e-01'},
[92mINFO [0m:      	  8: { 'eval_acc': '5.5917e-01',
[92mINFO [0m:      	       'eval_f1': '2.5273e-01',
[92mINFO [0m:      	       'eval_loss': '1.2885e+00',
[92mINFO [0m:      	       'eval_precision': '3.0969e-01',
[92mINFO [0m:      	       'eval_recall': '2.2392e-01'},
[92mINFO [0m:      	  9: { 'eval_acc': '5.6808e-01',
[92mINFO [0m:      	       'eval_f1': '2.5503e-01',
[92mINFO [0m:      	       'eval_loss': '1.2643e+00',
[92mINFO [0m:      	       'eval_precision': '3.1222e-01',
[92mINFO [0m:      	       'eval_recall': '2.2748e-01'},
[92mINFO [0m:      	  10: { 'eval_acc': '5.7117e-01',
[92mINFO [0m:      	        'eval_f1': '2.5624e-01',
[92mINFO [0m:      	        'eval_loss': '1.2516e+00',
[92mINFO [0m:      	        'eval_precision': '3.1652e-01',
[92mINFO [0m:      	        'eval_recall': '2.2862e-01'},
[92mINFO [0m:      	  11: { 'eval_acc': '5.8467e-01',
[92mINFO [0m:      	        'eval_f1': '2.6275e-01',
[92mINFO [0m:      	        'eval_loss': '1.2110e+00',
[92mINFO [0m:      	        'eval_precision': '3.1767e-01',
[92mINFO [0m:      	        'eval_recall': '2.3402e-01'},
[92mINFO [0m:      	  12: { 'eval_acc': '5.9167e-01',
[92mINFO [0m:      	        'eval_f1': '2.6509e-01',
[92mINFO [0m:      	        'eval_loss': '1.2002e+00',
[92mINFO [0m:      	        'eval_precision': '3.1953e-01',
[92mINFO [0m:      	        'eval_recall': '2.3684e-01'},
[92mINFO [0m:      	  13: { 'eval_acc': '5.8613e-01',
[92mINFO [0m:      	        'eval_f1': '2.6219e-01',
[92mINFO [0m:      	        'eval_loss': '1.2039e+00',
[92mINFO [0m:      	        'eval_precision': '3.2119e-01',
[92mINFO [0m:      	        'eval_recall': '2.3459e-01'},
[92mINFO [0m:      	  14: { 'eval_acc': '5.9779e-01',
[92mINFO [0m:      	        'eval_f1': '2.6824e-01',
[92mINFO [0m:      	        'eval_loss': '1.1709e+00',
[92mINFO [0m:      	        'eval_precision': '3.2142e-01',
[92mINFO [0m:      	        'eval_recall': '2.3919e-01'},
[92mINFO [0m:      	  15: { 'eval_acc': '6.0804e-01',
[92mINFO [0m:      	        'eval_f1': '2.7140e-01',
[92mINFO [0m:      	        'eval_loss': '1.1450e+00',
[92mINFO [0m:      	        'eval_precision': '3.2325e-01',
[92mINFO [0m:      	        'eval_recall': '2.4335e-01'},
[92mINFO [0m:      	  16: { 'eval_acc': '6.0413e-01',
[92mINFO [0m:      	        'eval_f1': '2.7035e-01',
[92mINFO [0m:      	        'eval_loss': '1.1567e+00',
[92mINFO [0m:      	        'eval_precision': '3.2290e-01',
[92mINFO [0m:      	        'eval_recall': '2.4184e-01'},
[92mINFO [0m:      	  17: { 'eval_acc': '6.0492e-01',
[92mINFO [0m:      	        'eval_f1': '2.7005e-01',
[92mINFO [0m:      	        'eval_loss': '1.1544e+00',
[92mINFO [0m:      	        'eval_precision': '3.2735e-01',
[92mINFO [0m:      	        'eval_recall': '2.4203e-01'},
[92mINFO [0m:      	  18: { 'eval_acc': '6.2200e-01',
[92mINFO [0m:      	        'eval_f1': '2.7770e-01',
[92mINFO [0m:      	        'eval_loss': '1.1131e+00',
[92mINFO [0m:      	        'eval_precision': '3.2495e-01',
[92mINFO [0m:      	        'eval_recall': '2.4895e-01'},
[92mINFO [0m:      	  19: { 'eval_acc': '6.1287e-01',
[92mINFO [0m:      	        'eval_f1': '2.7282e-01',
[92mINFO [0m:      	        'eval_loss': '1.1393e+00',
[92mINFO [0m:      	        'eval_precision': '3.2619e-01',
[92mINFO [0m:      	        'eval_recall': '2.4525e-01'},
[92mINFO [0m:      	  20: { 'eval_acc': '6.2696e-01',
[92mINFO [0m:      	        'eval_f1': '2.7929e-01',
[92mINFO [0m:      	        'eval_loss': '1.0986e+00',
[92mINFO [0m:      	        'eval_precision': '3.2678e-01',
[92mINFO [0m:      	        'eval_recall': '2.5090e-01'}}
[92mINFO [0m:      	
[92mINFO [0m:      	ServerApp-side Evaluate Metrics:
[92mINFO [0m:      	{ 0: { 'accuracy': '1.0000e-01',
[92mINFO [0m:      	       'f1': '1.8182e-02',
[92mINFO [0m:      	       'global_accuracy': '0.0000e+00',
[92mINFO [0m:      	       'loss': '2.3046e+00',
[92mINFO [0m:      	       'precision': '1.0000e-02',
[92mINFO [0m:      	       'recall': '1.0000e-01',
[92mINFO [0m:      	       'weighted_accuracy': '0.0000e+00'},
[92mINFO [0m:      	  1: { 'accuracy': '1.8630e-01',
[92mINFO [0m:      	       'f1': '1.2242e-01',
[92mINFO [0m:      	       'global_accuracy': '2.3492e-01',
[92mINFO [0m:      	       'loss': '2.2410e+00',
[92mINFO [0m:      	       'precision': '1.2630e-01',
[92mINFO [0m:      	       'recall': '1.8630e-01',
[92mINFO [0m:      	       'weighted_accuracy': '2.3492e-01'},
[92mINFO [0m:      	  2: { 'accuracy': '2.5900e-01',
[92mINFO [0m:      	       'f1': '1.5748e-01',
[92mINFO [0m:      	       'global_accuracy': '3.1992e-01',
[92mINFO [0m:      	       'loss': '1.9927e+00',
[92mINFO [0m:      	       'precision': '3.0489e-01',
[92mINFO [0m:      	       'recall': '2.5900e-01',
[92mINFO [0m:      	       'weighted_accuracy': '3.1992e-01'},
[92mINFO [0m:      	  3: { 'accuracy': '3.0560e-01',
[92mINFO [0m:      	       'f1': '2.2369e-01',
[92mINFO [0m:      	       'global_accuracy': '3.7279e-01',
[92mINFO [0m:      	       'loss': '1.8183e+00',
[92mINFO [0m:      	       'precision': '4.1844e-01',
[92mINFO [0m:      	       'recall': '3.0560e-01',
[92mINFO [0m:      	       'weighted_accuracy': '3.7279e-01'},
[92mINFO [0m:      	  4: { 'accuracy': '3.8050e-01',
[92mINFO [0m:      	       'f1': '3.4076e-01',
[92mINFO [0m:      	       'global_accuracy': '4.3763e-01',
[92mINFO [0m:      	       'loss': '1.6793e+00',
[92mINFO [0m:      	       'precision': '4.9205e-01',
[92mINFO [0m:      	       'recall': '3.8050e-01',
[92mINFO [0m:      	       'weighted_accuracy': '4.3762e-01'},
[92mINFO [0m:      	  5: { 'accuracy': '4.5800e-01',
[92mINFO [0m:      	       'f1': '4.3692e-01',
[92mINFO [0m:      	       'global_accuracy': '4.9892e-01',
[92mINFO [0m:      	       'loss': '1.5318e+00',
[92mINFO [0m:      	       'precision': '5.1992e-01',
[92mINFO [0m:      	       'recall': '4.5800e-01',
[92mINFO [0m:      	       'weighted_accuracy': '4.9892e-01'},
[92mINFO [0m:      	  6: { 'accuracy': '4.6830e-01',
[92mINFO [0m:      	       'f1': '4.5373e-01',
[92mINFO [0m:      	       'global_accuracy': '5.1404e-01',
[92mINFO [0m:      	       'loss': '1.4778e+00',
[92mINFO [0m:      	       'precision': '5.4961e-01',
[92mINFO [0m:      	       'recall': '4.6830e-01',
[92mINFO [0m:      	       'weighted_accuracy': '5.1404e-01'},
[92mINFO [0m:      	  7: { 'accuracy': '4.9430e-01',
[92mINFO [0m:      	       'f1': '4.8339e-01',
[92mINFO [0m:      	       'global_accuracy': '5.3987e-01',
[92mINFO [0m:      	       'loss': '1.4187e+00',
[92mINFO [0m:      	       'precision': '5.5861e-01',
[92mINFO [0m:      	       'recall': '4.9430e-01',
[92mINFO [0m:      	       'weighted_accuracy': '5.3987e-01'},
[92mINFO [0m:      	  8: { 'accuracy': '5.2600e-01',
[92mINFO [0m:      	       'f1': '5.2155e-01',
[92mINFO [0m:      	       'global_accuracy': '5.5917e-01',
[92mINFO [0m:      	       'loss': '1.3626e+00',
[92mINFO [0m:      	       'precision': '5.6695e-01',
[92mINFO [0m:      	       'recall': '5.2600e-01',
[92mINFO [0m:      	       'weighted_accuracy': '5.5917e-01'},
[92mINFO [0m:      	  9: { 'accuracy': '5.2960e-01',
[92mINFO [0m:      	       'f1': '5.2438e-01',
[92mINFO [0m:      	       'global_accuracy': '5.6808e-01',
[92mINFO [0m:      	       'loss': '1.3462e+00',
[92mINFO [0m:      	       'precision': '5.7798e-01',
[92mINFO [0m:      	       'recall': '5.2960e-01',
[92mINFO [0m:      	       'weighted_accuracy': '5.6808e-01'},
[92mINFO [0m:      	  10: { 'accuracy': '5.2290e-01',
[92mINFO [0m:      	        'f1': '5.2044e-01',
[92mINFO [0m:      	        'global_accuracy': '5.7117e-01',
[92mINFO [0m:      	        'loss': '1.3550e+00',
[92mINFO [0m:      	        'precision': '5.8478e-01',
[92mINFO [0m:      	        'recall': '5.2290e-01',
[92mINFO [0m:      	        'weighted_accuracy': '5.7117e-01'},
[92mINFO [0m:      	  11: { 'accuracy': '5.4460e-01',
[92mINFO [0m:      	        'f1': '5.4441e-01',
[92mINFO [0m:      	        'global_accuracy': '5.8467e-01',
[92mINFO [0m:      	        'loss': '1.3025e+00',
[92mINFO [0m:      	        'precision': '5.9513e-01',
[92mINFO [0m:      	        'recall': '5.4460e-01',
[92mINFO [0m:      	        'weighted_accuracy': '5.8467e-01'},
[92mINFO [0m:      	  12: { 'accuracy': '5.4630e-01',
[92mINFO [0m:      	        'f1': '5.4411e-01',
[92mINFO [0m:      	        'global_accuracy': '5.9167e-01',
[92mINFO [0m:      	        'loss': '1.3056e+00',
[92mINFO [0m:      	        'precision': '5.9508e-01',
[92mINFO [0m:      	        'recall': '5.4630e-01',
[92mINFO [0m:      	        'weighted_accuracy': '5.9167e-01'},
[92mINFO [0m:      	  13: { 'accuracy': '5.4050e-01',
[92mINFO [0m:      	        'f1': '5.3979e-01',
[92mINFO [0m:      	        'global_accuracy': '5.8612e-01',
[92mINFO [0m:      	        'loss': '1.3278e+00',
[92mINFO [0m:      	        'precision': '6.0700e-01',
[92mINFO [0m:      	        'recall': '5.4050e-01',
[92mINFO [0m:      	        'weighted_accuracy': '5.8613e-01'},
[92mINFO [0m:      	  14: { 'accuracy': '5.5010e-01',
[92mINFO [0m:      	        'f1': '5.5192e-01',
[92mINFO [0m:      	        'global_accuracy': '5.9779e-01',
[92mINFO [0m:      	        'loss': '1.2932e+00',
[92mINFO [0m:      	        'precision': '6.0392e-01',
[92mINFO [0m:      	        'recall': '5.5010e-01',
[92mINFO [0m:      	        'weighted_accuracy': '5.9779e-01'},
[92mINFO [0m:      	  15: { 'accuracy': '5.4910e-01',
[92mINFO [0m:      	        'f1': '5.4782e-01',
[92mINFO [0m:      	        'global_accuracy': '6.0804e-01',
[92mINFO [0m:      	        'loss': '1.2808e+00',
[92mINFO [0m:      	        'precision': '5.9601e-01',
[92mINFO [0m:      	        'recall': '5.4910e-01',
[92mINFO [0m:      	        'weighted_accuracy': '6.0804e-01'},
[92mINFO [0m:      	  16: { 'accuracy': '5.4450e-01',
[92mINFO [0m:      	        'f1': '5.4484e-01',
[92mINFO [0m:      	        'global_accuracy': '6.0413e-01',
[92mINFO [0m:      	        'loss': '1.2991e+00',
[92mINFO [0m:      	        'precision': '5.9996e-01',
[92mINFO [0m:      	        'recall': '5.4450e-01',
[92mINFO [0m:      	        'weighted_accuracy': '6.0413e-01'},
[92mINFO [0m:      	  17: { 'accuracy': '5.3860e-01',
[92mINFO [0m:      	        'f1': '5.4225e-01',
[92mINFO [0m:      	        'global_accuracy': '6.0492e-01',
[92mINFO [0m:      	        'loss': '1.3255e+00',
[92mINFO [0m:      	        'precision': '6.1672e-01',
[92mINFO [0m:      	        'recall': '5.3860e-01',
[92mINFO [0m:      	        'weighted_accuracy': '6.0492e-01'},
[92mINFO [0m:      	  18: { 'accuracy': '5.6400e-01',
[92mINFO [0m:      	        'f1': '5.6385e-01',
[92mINFO [0m:      	        'global_accuracy': '6.2200e-01',
[92mINFO [0m:      	        'loss': '1.2524e+00',
[92mINFO [0m:      	        'precision': '5.9429e-01',
[92mINFO [0m:      	        'recall': '5.6400e-01',
[92mINFO [0m:      	        'weighted_accuracy': '6.2200e-01'},
[92mINFO [0m:      	  19: { 'accuracy': '5.4260e-01',
[92mINFO [0m:      	        'f1': '5.4592e-01',
[92mINFO [0m:      	        'global_accuracy': '6.1287e-01',
[92mINFO [0m:      	        'loss': '1.3122e+00',
[92mINFO [0m:      	        'precision': '6.0855e-01',
[92mINFO [0m:      	        'recall': '5.4260e-01',
[92mINFO [0m:      	        'weighted_accuracy': '6.1287e-01'},
[92mINFO [0m:      	  20: { 'accuracy': '5.6860e-01',
[92mINFO [0m:      	        'f1': '5.6983e-01',
[92mINFO [0m:      	        'global_accuracy': '6.2696e-01',
[92mINFO [0m:      	        'loss': '1.2531e+00',
[92mINFO [0m:      	        'precision': '6.0354e-01',
[92mINFO [0m:      	        'recall': '5.6860e-01',
[92mINFO [0m:      	        'weighted_accuracy': '6.2696e-01'}}
[92mINFO [0m:      
[36m(ClientAppActor pid=207696)[0m [93mWARNING [0m:   Manually terminating ClientAppActor

============================================================
Starting Experiment: FedAvg_C4_npy
Strategy: FedAvg
Distribution: C4
Data Source: NPY
Rounds: 20
Clients: 6 (train: 6, eval: 6)
============================================================

Round   0 | Loss: 2.3046 | Acc: 0.1000 | F1: 0.0182 | Global Acc: 0.0000 | Weighted Acc: 0.0000
Round   1 | Loss: 2.2410 | Acc: 0.1863 | F1: 0.1224 | Global Acc: 0.2349 | Weighted Acc: 0.2349
Round   2 | Loss: 1.9927 | Acc: 0.2590 | F1: 0.1575 | Global Acc: 0.3199 | Weighted Acc: 0.3199
Round   3 | Loss: 1.8183 | Acc: 0.3056 | F1: 0.2237 | Global Acc: 0.3728 | Weighted Acc: 0.3728
Round   4 | Loss: 1.6793 | Acc: 0.3805 | F1: 0.3408 | Global Acc: 0.4376 | Weighted Acc: 0.4376
Round   5 | Loss: 1.5318 | Acc: 0.4580 | F1: 0.4369 | Global Acc: 0.4989 | Weighted Acc: 0.4989
Round   6 | Loss: 1.4778 | Acc: 0.4683 | F1: 0.4537 | Global Acc: 0.5140 | Weighted Acc: 0.5140
Round   7 | Loss: 1.4187 | Acc: 0.4943 | F1: 0.4834 | Global Acc: 0.5399 | Weighted Acc: 0.5399
Round   8 | Loss: 1.3626 | Acc: 0.5260 | F1: 0.5215 | Global Acc: 0.5592 | Weighted Acc: 0.5592
Round   9 | Loss: 1.3462 | Acc: 0.5296 | F1: 0.5244 | Global Acc: 0.5681 | Weighted Acc: 0.5681
Round  10 | Loss: 1.3550 | Acc: 0.5229 | F1: 0.5204 | Global Acc: 0.5712 | Weighted Acc: 0.5712
Round  11 | Loss: 1.3025 | Acc: 0.5446 | F1: 0.5444 | Global Acc: 0.5847 | Weighted Acc: 0.5847
Round  12 | Loss: 1.3056 | Acc: 0.5463 | F1: 0.5441 | Global Acc: 0.5917 | Weighted Acc: 0.5917
Round  13 | Loss: 1.3278 | Acc: 0.5405 | F1: 0.5398 | Global Acc: 0.5861 | Weighted Acc: 0.5861
Round  14 | Loss: 1.2932 | Acc: 0.5501 | F1: 0.5519 | Global Acc: 0.5978 | Weighted Acc: 0.5978
Round  15 | Loss: 1.2808 | Acc: 0.5491 | F1: 0.5478 | Global Acc: 0.6080 | Weighted Acc: 0.6080
Round  16 | Loss: 1.2991 | Acc: 0.5445 | F1: 0.5448 | Global Acc: 0.6041 | Weighted Acc: 0.6041
Round  17 | Loss: 1.3255 | Acc: 0.5386 | F1: 0.5422 | Global Acc: 0.6049 | Weighted Acc: 0.6049
Round  18 | Loss: 1.2524 | Acc: 0.5640 | F1: 0.5638 | Global Acc: 0.6220 | Weighted Acc: 0.6220
Round  19 | Loss: 1.3122 | Acc: 0.5426 | F1: 0.5459 | Global Acc: 0.6129 | Weighted Acc: 0.6129
Round  20 | Loss: 1.2531 | Acc: 0.5686 | F1: 0.5698 | Global Acc: 0.6270 | Weighted Acc: 0.6270

Saving final model to disk...

============================================================
Experiment completed: FedAvg_C4_npy
Results saved to:
  - global_csv: results\FedAvg_C4_npy_global_20260109_184844.csv
  - client_csv: results\FedAvg_C4_npy_client_20260109_184844.csv
============================================================

Loading project configuration... 
Success
[93mWARNING [0m:   Ray support on Windows is experimental and may not work as expected. On Windows, Flower Simulations run best in WSL2: https://learn.microsoft.com/en-us/windows/wsl/about
[92mINFO [0m:      Starting FedAvgWithMetricsAggregation strategy:
[92mINFO [0m:      	\u251c\u2500\u2500 Number of rounds: 20
[92mINFO [0m:      	\u251c\u2500\u2500 ArrayRecord (0.24 MB)
[92mINFO [0m:      	\u251c\u2500\u2500 ConfigRecord (train): {'lr': 0.01}
[92mINFO [0m:      	\u251c\u2500\u2500 ConfigRecord (evaluate): (empty!)
[92mINFO [0m:      	\u251c\u2500\u2500> Sampling:
[92mINFO [0m:      	\u2502	\u251c\u2500\u2500Fraction: train (1.00) | evaluate ( 1.00)
[92mINFO [0m:      	\u2502	\u251c\u2500\u2500Minimum nodes: train (6) | evaluate (6)
[92mINFO [0m:      	\u2502	\u2514\u2500\u2500Minimum available nodes: 6
[92mINFO [0m:      	\u2514\u2500\u2500> Keys in records:
[92mINFO [0m:      		\u251c\u2500\u2500 Weighted by: 'num-examples'
[92mINFO [0m:      		\u251c\u2500\u2500 ArrayRecord key: 'arrays'
[92mINFO [0m:      		\u2514\u2500\u2500 ConfigRecord key: 'config'
[92mINFO [0m:      
[92mINFO [0m:      Initial global evaluation results: {'accuracy': 0.0649, 'loss': 2.30481870868538, 'precision': 0.013038622755258123, 'recall': 0.0649, 'f1': 0.02171223958333333, 'global_accuracy': 0.0, 'weighted_accuracy': 0.0}
[92mINFO [0m:      
[92mINFO [0m:      [ROUND 1/20]
[92mINFO [0m:      configure_train: Sampled 6 nodes (out of 6)
[92mINFO [0m:      aggregate_train: Received 6 results and 0 failures
[92mINFO [0m:      	\u2514\u2500\u2500> Aggregated MetricRecord: {'train_loss': 1.2254820824941, 'train_accuracy': 0.6249916666666667, 'train_precision': 0.642725604867632, 'train_recall': 0.6249516168437523, 'train_f1': 0.6118119908827274}
[92mINFO [0m:      configure_evaluate: Sampled 6 nodes (out of 6)
[93mWARNING [0m:   The `metrics_records` property of `RecordDict` (formerly `RecordSet`) is deprecated and will be removed in a future release. Please use the `metric_records` property instead.
[92mINFO [0m:      aggregate_evaluate: Received 6 results and 0 failures
[92mINFO [0m:      	\u2514\u2500\u2500> Aggregated MetricRecord: {'eval_loss': 2.0217770163420656, 'eval_acc': 0.301, 'eval_precision': 0.3091863366666797, 'eval_recall': 0.149742687686467, 'eval_f1': 0.18462872068511024}
[92mINFO [0m:      Global evaluation
[92mINFO [0m:      	\u2514\u2500\u2500> MetricRecord: {'accuracy': 0.3021, 'loss': 2.0176118159595924, 'precision': 0.3649935537310054, 'recall': 0.3020999999999999, 'f1': 0.2944626232988377, 'global_accuracy': 0.301, 'weighted_accuracy': 0.301}
[92mINFO [0m:      
[92mINFO [0m:      [ROUND 2/20]
[92mINFO [0m:      configure_train: Sampled 6 nodes (out of 6)
[92mINFO [0m:      aggregate_train: Received 6 results and 0 failures
[92mINFO [0m:      	\u2514\u2500\u2500> Aggregated MetricRecord: {'train_loss': 0.921596278866132, 'train_accuracy': 0.70235, 'train_precision': 0.7112140476532999, 'train_recall': 0.7024793115077757, 'train_f1': 0.7029573141365274}
[92mINFO [0m:      configure_evaluate: Sampled 6 nodes (out of 6)
[92mINFO [0m:      aggregate_evaluate: Received 6 results and 0 failures
[92mINFO [0m:      	\u2514\u2500\u2500> Aggregated MetricRecord: {'eval_loss': 1.7393607584534174, 'eval_acc': 0.38349999999999995, 'eval_precision': 0.3402403198397033, 'eval_recall': 0.19156859135094506, 'eval_f1': 0.2355744762812988}
[92mINFO [0m:      Global evaluation
[92mINFO [0m:      	\u2514\u2500\u2500> MetricRecord: {'accuracy': 0.3943, 'loss': 1.7366276043879836, 'precision': 0.4256632459749685, 'recall': 0.3943, 'f1': 0.3855940288906545, 'global_accuracy': 0.3835, 'weighted_accuracy': 0.3835}
[92mINFO [0m:      
[92mINFO [0m:      [ROUND 3/20]
[92mINFO [0m:      configure_train: Sampled 6 nodes (out of 6)
[92mINFO [0m:      aggregate_train: Received 6 results and 0 failures
[92mINFO [0m:      	\u2514\u2500\u2500> Aggregated MetricRecord: {'train_loss': 0.8083742558201152, 'train_accuracy': 0.7316666666666666, 'train_precision': 0.73797392368632, 'train_recall': 0.7318402054357553, 'train_f1': 0.7255755303992947}
[92mINFO [0m:      configure_evaluate: Sampled 6 nodes (out of 6)
[92mINFO [0m:      aggregate_evaluate: Received 6 results and 0 failures
[92mINFO [0m:      	\u2514\u2500\u2500> Aggregated MetricRecord: {'eval_loss': 1.5735864730397606, 'eval_acc': 0.45109999999999995, 'eval_precision': 0.35858493564184, 'eval_recall': 0.22597389811835966, 'eval_f1': 0.27282717419937885}
[92mINFO [0m:      Global evaluation
[92mINFO [0m:      	\u2514\u2500\u2500> MetricRecord: {'accuracy': 0.4512, 'loss': 1.568804244451885, 'precision': 0.44772449474786447, 'recall': 0.45120000000000005, 'f1': 0.43903016374752485, 'global_accuracy': 0.4511, 'weighted_accuracy': 0.4511}
[92mINFO [0m:      
[92mINFO [0m:      [ROUND 4/20]
[92mINFO [0m:      configure_train: Sampled 6 nodes (out of 6)
[36m(pid=gcs_server)[0m [2026-01-09 18:51:44,841 E 90432 28112] (gcs_server.exe) gcs_server.cc:302: Failed to establish connection to the event+metrics exporter agent. Events and metrics will not be exported. Exporter agent status: RpcError: Running out of retries to initialize the metrics agent. rpc_code: 14
[33m(raylet)[0m [2026-01-09 18:51:46,126 E 67064 80168] (raylet.exe) main.cc:975: Failed to establish connection to the metrics exporter agent. Metrics will not be exported. Exporter agent status: RpcError: Running out of retries to initialize the metrics agent. rpc_code: 14
[2026-01-09 18:51:47,258 E 71312 102700] core_worker_process.cc:825: Failed to establish connection to the metrics exporter agent. Metrics will not be exported. Exporter agent status: RpcError: Running out of retries to initialize the metrics agent. rpc_code: 14
[92mINFO [0m:      aggregate_train: Received 6 results and 0 failures
[92mINFO [0m:      	\u2514\u2500\u2500> Aggregated MetricRecord: {'train_loss': 0.7509324928323426, 'train_accuracy': 0.7404583333333333, 'train_precision': 0.7571172087874923, 'train_recall': 0.7403583916761793, 'train_f1': 0.7387701183780399}
[92mINFO [0m:      configure_evaluate: Sampled 6 nodes (out of 6)
[92mINFO [0m:      aggregate_evaluate: Received 6 results and 0 failures
[92mINFO [0m:      	\u2514\u2500\u2500> Aggregated MetricRecord: {'eval_loss': 1.4981634092938367, 'eval_acc': 0.4731, 'eval_precision': 0.37374045212714996, 'eval_recall': 0.2373678125542431, 'eval_f1': 0.2862829084433827}
[92mINFO [0m:      Global evaluation
[92mINFO [0m:      	\u2514\u2500\u2500> MetricRecord: {'accuracy': 0.473, 'loss': 1.4902723378772977, 'precision': 0.4839836445554175, 'recall': 0.47300000000000003, 'f1': 0.4696624101791773, 'global_accuracy': 0.4731, 'weighted_accuracy': 0.4731}
[92mINFO [0m:      
[92mINFO [0m:      [ROUND 5/20]
[92mINFO [0m:      configure_train: Sampled 6 nodes (out of 6)
[92mINFO [0m:      aggregate_train: Received 6 results and 0 failures
[92mINFO [0m:      	\u2514\u2500\u2500> Aggregated MetricRecord: {'train_loss': 0.7021838697314262, 'train_accuracy': 0.7578916666666666, 'train_precision': 0.774271545489416, 'train_recall': 0.7579137277302839, 'train_f1': 0.7555111579961531}
[92mINFO [0m:      configure_evaluate: Sampled 6 nodes (out of 6)
[92mINFO [0m:      aggregate_evaluate: Received 6 results and 0 failures
[92mINFO [0m:      	\u2514\u2500\u2500> Aggregated MetricRecord: {'eval_loss': 1.4133981515647498, 'eval_acc': 0.5018, 'eval_precision': 0.3853607348962412, 'eval_recall': 0.2514259494795833, 'eval_f1': 0.30256961807571553}
[92mINFO [0m:      Global evaluation
[92mINFO [0m:      	\u2514\u2500\u2500> MetricRecord: {'accuracy': 0.5048, 'loss': 1.4124625287478483, 'precision': 0.511866506975881, 'recall': 0.5048, 'f1': 0.5030895165020512, 'global_accuracy': 0.5018, 'weighted_accuracy': 0.5018}
[92mINFO [0m:      
[92mINFO [0m:      [ROUND 6/20]
[92mINFO [0m:      configure_train: Sampled 6 nodes (out of 6)
[92mINFO [0m:      aggregate_train: Received 6 results and 0 failures
[92mINFO [0m:      	\u2514\u2500\u2500> Aggregated MetricRecord: {'train_loss': 0.6703700314323107, 'train_accuracy': 0.7736833333333333, 'train_precision': 0.7835473187447765, 'train_recall': 0.7735127367813958, 'train_f1': 0.7741466061473865}
[92mINFO [0m:      configure_evaluate: Sampled 6 nodes (out of 6)
[92mINFO [0m:      aggregate_evaluate: Received 6 results and 0 failures
[92mINFO [0m:      	\u2514\u2500\u2500> Aggregated MetricRecord: {'eval_loss': 1.3833534529634344, 'eval_acc': 0.5081, 'eval_precision': 0.38930799439029573, 'eval_recall': 0.25470029791955334, 'eval_f1': 0.3037421707081414}
[92mINFO [0m:      Global evaluation
[92mINFO [0m:      	\u2514\u2500\u2500> MetricRecord: {'accuracy': 0.5155, 'loss': 1.3755235822894905, 'precision': 0.53335787392137, 'recall': 0.5155000000000001, 'f1': 0.5137702117433511, 'global_accuracy': 0.5080999999999999, 'weighted_accuracy': 0.5081}
[92mINFO [0m:      
[92mINFO [0m:      [ROUND 7/20]
[92mINFO [0m:      configure_train: Sampled 6 nodes (out of 6)
[92mINFO [0m:      aggregate_train: Received 6 results and 0 failures
[92mINFO [0m:      	\u2514\u2500\u2500> Aggregated MetricRecord: {'train_loss': 0.6355121988813082, 'train_accuracy': 0.7832666666666666, 'train_precision': 0.7931822645220783, 'train_recall': 0.7833392083859143, 'train_f1': 0.782567435405699}
[92mINFO [0m:      configure_evaluate: Sampled 6 nodes (out of 6)
[92mINFO [0m:      aggregate_evaluate: Received 6 results and 0 failures
[92mINFO [0m:      	\u2514\u2500\u2500> Aggregated MetricRecord: {'eval_loss': 1.3426062119234898, 'eval_acc': 0.5312, 'eval_precision': 0.39462108201987117, 'eval_recall': 0.2653291085728878, 'eval_f1': 0.31637318244238405}
[92mINFO [0m:      Global evaluation
[92mINFO [0m:      	\u2514\u2500\u2500> MetricRecord: {'accuracy': 0.5258, 'loss': 1.343529233449622, 'precision': 0.5276916827907592, 'recall': 0.5258, 'f1': 0.5245566306758488, 'global_accuracy': 0.5312, 'weighted_accuracy': 0.5312}
[92mINFO [0m:      
[92mINFO [0m:      [ROUND 8/20]
[92mINFO [0m:      configure_train: Sampled 6 nodes (out of 6)
[92mINFO [0m:      aggregate_train: Received 6 results and 0 failures
[92mINFO [0m:      	\u2514\u2500\u2500> Aggregated MetricRecord: {'train_loss': 0.608411278728644, 'train_accuracy': 0.795175, 'train_precision': 0.807063628099846, 'train_recall': 0.7952848522679797, 'train_f1': 0.7948423611110855}
[92mINFO [0m:      configure_evaluate: Sampled 6 nodes (out of 6)
[92mINFO [0m:      aggregate_evaluate: Received 6 results and 0 failures
[92mINFO [0m:      	\u2514\u2500\u2500> Aggregated MetricRecord: {'eval_loss': 1.355753295740504, 'eval_acc': 0.5285, 'eval_precision': 0.40065286855162374, 'eval_recall': 0.26444191131930883, 'eval_f1': 0.3154071397050502}
[92mINFO [0m:      Global evaluation
[92mINFO [0m:      	\u2514\u2500\u2500> MetricRecord: {'accuracy': 0.5261, 'loss': 1.353622940522206, 'precision': 0.5441734710074703, 'recall': 0.5261, 'f1': 0.5257208679924955, 'global_accuracy': 0.5285, 'weighted_accuracy': 0.5285}
[92mINFO [0m:      
[92mINFO [0m:      [ROUND 9/20]
[92mINFO [0m:      configure_train: Sampled 6 nodes (out of 6)
[92mINFO [0m:      aggregate_train: Received 6 results and 0 failures
[92mINFO [0m:      	\u2514\u2500\u2500> Aggregated MetricRecord: {'train_loss': 0.582832461943229, 'train_accuracy': 0.8040083333333333, 'train_precision': 0.8146006177884095, 'train_recall': 0.804071162810077, 'train_f1': 0.804249799138075}
[92mINFO [0m:      configure_evaluate: Sampled 6 nodes (out of 6)
[92mINFO [0m:      aggregate_evaluate: Received 6 results and 0 failures
[92mINFO [0m:      	\u2514\u2500\u2500> Aggregated MetricRecord: {'eval_loss': 1.3189309575375476, 'eval_acc': 0.5369, 'eval_precision': 0.40075429094102955, 'eval_recall': 0.2679673894218054, 'eval_f1': 0.3194674251020857}
[92mINFO [0m:      Global evaluation
[92mINFO [0m:      	\u2514\u2500\u2500> MetricRecord: {'accuracy': 0.5326, 'loss': 1.317476433289202, 'precision': 0.5412583090534641, 'recall': 0.5326000000000001, 'f1': 0.5314117005781845, 'global_accuracy': 0.5369, 'weighted_accuracy': 0.5369}
[92mINFO [0m:      
[92mINFO [0m:      [ROUND 10/20]
[92mINFO [0m:      configure_train: Sampled 6 nodes (out of 6)
[92mINFO [0m:      aggregate_train: Received 6 results and 0 failures
[92mINFO [0m:      	\u2514\u2500\u2500> Aggregated MetricRecord: {'train_loss': 0.5603619321842987, 'train_accuracy': 0.8208083333333334, 'train_precision': 0.8284225397523157, 'train_recall': 0.8210790543134854, 'train_f1': 0.8195502713590661}
[92mINFO [0m:      configure_evaluate: Sampled 6 nodes (out of 6)
[92mINFO [0m:      aggregate_evaluate: Received 6 results and 0 failures
[92mINFO [0m:      	\u2514\u2500\u2500> Aggregated MetricRecord: {'eval_loss': 1.3341737885004397, 'eval_acc': 0.5285, 'eval_precision': 0.40150924413460304, 'eval_recall': 0.26450164091400685, 'eval_f1': 0.3149263702661754}
[92mINFO [0m:      Global evaluation
[92mINFO [0m:      	\u2514\u2500\u2500> MetricRecord: {'accuracy': 0.5308, 'loss': 1.3271126347252085, 'precision': 0.5524460830548158, 'recall': 0.5308, 'f1': 0.5297630579883863, 'global_accuracy': 0.5285, 'weighted_accuracy': 0.5285}
[92mINFO [0m:      
[92mINFO [0m:      [ROUND 11/20]
[92mINFO [0m:      configure_train: Sampled 6 nodes (out of 6)
[92mINFO [0m:      aggregate_train: Received 6 results and 0 failures
[92mINFO [0m:      	\u2514\u2500\u2500> Aggregated MetricRecord: {'train_loss': 0.5360874611318112, 'train_accuracy': 0.8211499999999999, 'train_precision': 0.8312466354283552, 'train_recall': 0.8210748722621993, 'train_f1': 0.8208850115451849}
[92mINFO [0m:      configure_evaluate: Sampled 6 nodes (out of 6)
[92mINFO [0m:      aggregate_evaluate: Received 6 results and 0 failures
[92mINFO [0m:      	\u2514\u2500\u2500> Aggregated MetricRecord: {'eval_loss': 1.3020276252631169, 'eval_acc': 0.5417, 'eval_precision': 0.40025860547042325, 'eval_recall': 0.27030804193326724, 'eval_f1': 0.3204172342128305}
[92mINFO [0m:      Global evaluation
[92mINFO [0m:      	\u2514\u2500\u2500> MetricRecord: {'accuracy': 0.5368, 'loss': 1.2984674384322348, 'precision': 0.5469413047079359, 'recall': 0.5367999999999999, 'f1': 0.5355136225758005, 'global_accuracy': 0.5417, 'weighted_accuracy': 0.5417}
[92mINFO [0m:      
[92mINFO [0m:      [ROUND 12/20]
[92mINFO [0m:      configure_train: Sampled 6 nodes (out of 6)
[92mINFO [0m:      aggregate_train: Received 6 results and 0 failures
[92mINFO [0m:      	\u2514\u2500\u2500> Aggregated MetricRecord: {'train_loss': 0.5156926425596078, 'train_accuracy': 0.8456166666666667, 'train_precision': 0.8492261189608828, 'train_recall': 0.8456860887440205, 'train_f1': 0.8453259102594063}
[92mINFO [0m:      configure_evaluate: Sampled 6 nodes (out of 6)
[92mINFO [0m:      aggregate_evaluate: Received 6 results and 0 failures
[92mINFO [0m:      	\u2514\u2500\u2500> Aggregated MetricRecord: {'eval_loss': 1.3128583736860069, 'eval_acc': 0.5396, 'eval_precision': 0.4033737373464625, 'eval_recall': 0.2696959913307795, 'eval_f1': 0.3206925633393605}
[92mINFO [0m:      Global evaluation
[92mINFO [0m:      	\u2514\u2500\u2500> MetricRecord: {'accuracy': 0.5343, 'loss': 1.311123788356781, 'precision': 0.5504314405277804, 'recall': 0.5343, 'f1': 0.5349338475059143, 'global_accuracy': 0.5396, 'weighted_accuracy': 0.5396}
[92mINFO [0m:      
[92mINFO [0m:      [ROUND 13/20]
[92mINFO [0m:      configure_train: Sampled 6 nodes (out of 6)
[92mINFO [0m:      aggregate_train: Received 6 results and 0 failures
[92mINFO [0m:      	\u2514\u2500\u2500> Aggregated MetricRecord: {'train_loss': 0.49644883706569665, 'train_accuracy': 0.8360000000000001, 'train_precision': 0.8432461346485663, 'train_recall': 0.8360187932727139, 'train_f1': 0.8346027320490957}
[92mINFO [0m:      configure_evaluate: Sampled 6 nodes (out of 6)
[92mINFO [0m:      aggregate_evaluate: Received 6 results and 0 failures
[92mINFO [0m:      	\u2514\u2500\u2500> Aggregated MetricRecord: {'eval_loss': 1.3039751054754682, 'eval_acc': 0.5502999999999999, 'eval_precision': 0.4014241895889255, 'eval_recall': 0.2755273058082962, 'eval_f1': 0.32443022552019946}
[92mINFO [0m:      Global evaluation
[92mINFO [0m:      	\u2514\u2500\u2500> MetricRecord: {'accuracy': 0.5428, 'loss': 1.3019999009144456, 'precision': 0.5391746815879099, 'recall': 0.5428, 'f1': 0.5368913300748499, 'global_accuracy': 0.5503, 'weighted_accuracy': 0.5503}
[92mINFO [0m:      
[92mINFO [0m:      [ROUND 14/20]
[92mINFO [0m:      configure_train: Sampled 6 nodes (out of 6)
[92mINFO [0m:      aggregate_train: Received 6 results and 0 failures
[92mINFO [0m:      	\u2514\u2500\u2500> Aggregated MetricRecord: {'train_loss': 0.4797972487479448, 'train_accuracy': 0.8501249999999998, 'train_precision': 0.8546424750777032, 'train_recall': 0.8501846536584945, 'train_f1': 0.848778697582132}
[92mINFO [0m:      configure_evaluate: Sampled 6 nodes (out of 6)
[92mINFO [0m:      aggregate_evaluate: Received 6 results and 0 failures
[92mINFO [0m:      	\u2514\u2500\u2500> Aggregated MetricRecord: {'eval_loss': 1.3084967988691514, 'eval_acc': 0.5435, 'eval_precision': 0.4028203685540382, 'eval_recall': 0.2713120276883062, 'eval_f1': 0.3219185471020148}
[92mINFO [0m:      Global evaluation
[92mINFO [0m:      	\u2514\u2500\u2500> MetricRecord: {'accuracy': 0.543, 'loss': 1.3118967029112805, 'precision': 0.5580134183886616, 'recall': 0.5429999999999999, 'f1': 0.5445161478754413, 'global_accuracy': 0.5435, 'weighted_accuracy': 0.5435}
[92mINFO [0m:      
[92mINFO [0m:      [ROUND 15/20]
[92mINFO [0m:      configure_train: Sampled 6 nodes (out of 6)
[92mINFO [0m:      aggregate_train: Received 6 results and 0 failures
[92mINFO [0m:      	\u2514\u2500\u2500> Aggregated MetricRecord: {'train_loss': 0.4555523461669683, 'train_accuracy': 0.8568333333333332, 'train_precision': 0.8612422591127743, 'train_recall': 0.856949725215348, 'train_f1': 0.856351797515988}
[92mINFO [0m:      configure_evaluate: Sampled 6 nodes (out of 6)
[92mINFO [0m:      aggregate_evaluate: Received 6 results and 0 failures
[92mINFO [0m:      	\u2514\u2500\u2500> Aggregated MetricRecord: {'eval_loss': 1.3045203351670769, 'eval_acc': 0.5463, 'eval_precision': 0.403705814043864, 'eval_recall': 0.27292127536713884, 'eval_f1': 0.32491589703749946}
[92mINFO [0m:      Global evaluation
[92mINFO [0m:      	\u2514\u2500\u2500> MetricRecord: {'accuracy': 0.5481, 'loss': 1.304342533968672, 'precision': 0.5520566150711563, 'recall': 0.5481, 'f1': 0.5485215256557325, 'global_accuracy': 0.5463, 'weighted_accuracy': 0.5463}
[92mINFO [0m:      
[92mINFO [0m:      [ROUND 16/20]
[92mINFO [0m:      configure_train: Sampled 6 nodes (out of 6)
[92mINFO [0m:      aggregate_train: Received 6 results and 0 failures
[92mINFO [0m:      	\u2514\u2500\u2500> Aggregated MetricRecord: {'train_loss': 0.43697150085816777, 'train_accuracy': 0.8625666666666666, 'train_precision': 0.8669881376100809, 'train_recall': 0.8627025163298794, 'train_f1': 0.8625938782440195}
[92mINFO [0m:      configure_evaluate: Sampled 6 nodes (out of 6)
[92mINFO [0m:      aggregate_evaluate: Received 6 results and 0 failures
[92mINFO [0m:      	\u2514\u2500\u2500> Aggregated MetricRecord: {'eval_loss': 1.331082554379846, 'eval_acc': 0.5406, 'eval_precision': 0.4021624281564668, 'eval_recall': 0.27032354407414755, 'eval_f1': 0.32142469440075205}
[92mINFO [0m:      Global evaluation
[92mINFO [0m:      	\u2514\u2500\u2500> MetricRecord: {'accuracy': 0.5381, 'loss': 1.3319460726991486, 'precision': 0.5446948808164197, 'recall': 0.5381, 'f1': 0.5356939967029979, 'global_accuracy': 0.5406000000000001, 'weighted_accuracy': 0.5406}
[92mINFO [0m:      
[92mINFO [0m:      [ROUND 17/20]
[92mINFO [0m:      configure_train: Sampled 6 nodes (out of 6)
[92mINFO [0m:      aggregate_train: Received 6 results and 0 failures
[92mINFO [0m:      	\u2514\u2500\u2500> Aggregated MetricRecord: {'train_loss': 0.4200345206509034, 'train_accuracy': 0.8665666666666667, 'train_precision': 0.8241985373830312, 'train_recall': 0.8183963037976204, 'train_f1': 0.8175735596981231}
[92mINFO [0m:      configure_evaluate: Sampled 6 nodes (out of 6)
[92mINFO [0m:      aggregate_evaluate: Received 6 results and 0 failures
[92mINFO [0m:      	\u2514\u2500\u2500> Aggregated MetricRecord: {'eval_loss': 1.3398202238189185, 'eval_acc': 0.5390999999999999, 'eval_precision': 0.40120582349294115, 'eval_recall': 0.26933368391504425, 'eval_f1': 0.3206366599732793}
[92mINFO [0m:      Global evaluation
[92mINFO [0m:      	\u2514\u2500\u2500> MetricRecord: {'accuracy': 0.5376, 'loss': 1.3501594821109046, 'precision': 0.5424661285009312, 'recall': 0.5376, 'f1': 0.5361583237739997, 'global_accuracy': 0.5390999999999999, 'weighted_accuracy': 0.5391}
[92mINFO [0m:      
[92mINFO [0m:      [ROUND 18/20]
[92mINFO [0m:      configure_train: Sampled 6 nodes (out of 6)
[92mINFO [0m:      aggregate_train: Received 6 results and 0 failures
[92mINFO [0m:      	\u2514\u2500\u2500> Aggregated MetricRecord: {'train_loss': 0.404108380005757, 'train_accuracy': 0.8816249999999999, 'train_precision': 0.8604237152817968, 'train_recall': 0.8565668518166765, 'train_f1': 0.856004353295329}
[92mINFO [0m:      configure_evaluate: Sampled 6 nodes (out of 6)
[92mINFO [0m:      aggregate_evaluate: Received 6 results and 0 failures
[92mINFO [0m:      	\u2514\u2500\u2500> Aggregated MetricRecord: {'eval_loss': 1.347323563448183, 'eval_acc': 0.5416, 'eval_precision': 0.40246002775411194, 'eval_recall': 0.27058870551114916, 'eval_f1': 0.3224702183425221}
[92mINFO [0m:      Global evaluation
[92mINFO [0m:      	\u2514\u2500\u2500> MetricRecord: {'accuracy': 0.5374, 'loss': 1.356648404386979, 'precision': 0.5407158802342333, 'recall': 0.5374, 'f1': 0.5372487940061645, 'global_accuracy': 0.5416, 'weighted_accuracy': 0.5416}
[92mINFO [0m:      
[92mINFO [0m:      [ROUND 19/20]
[92mINFO [0m:      configure_train: Sampled 6 nodes (out of 6)
[92mINFO [0m:      aggregate_train: Received 6 results and 0 failures
[92mINFO [0m:      	\u2514\u2500\u2500> Aggregated MetricRecord: {'train_loss': 0.3927657820989688, 'train_accuracy': 0.8765, 'train_precision': 0.8811984262490559, 'train_recall': 0.876652270747339, 'train_f1': 0.8758110485693729}
[92mINFO [0m:      configure_evaluate: Sampled 6 nodes (out of 6)
[92mINFO [0m:      aggregate_evaluate: Received 6 results and 0 failures
[92mINFO [0m:      	\u2514\u2500\u2500> Aggregated MetricRecord: {'eval_loss': 1.373028701847526, 'eval_acc': 0.5395, 'eval_precision': 0.39972242186036633, 'eval_recall': 0.2700589146338016, 'eval_f1': 0.32085166724868047}
[92mINFO [0m:      Global evaluation
[92mINFO [0m:      	\u2514\u2500\u2500> MetricRecord: {'accuracy': 0.5293, 'loss': 1.3794964318034015, 'precision': 0.534289557858739, 'recall': 0.5293, 'f1': 0.5288030034606808, 'global_accuracy': 0.5395, 'weighted_accuracy': 0.5395}
[92mINFO [0m:      
[92mINFO [0m:      [ROUND 20/20]
[92mINFO [0m:      configure_train: Sampled 6 nodes (out of 6)
[92mINFO [0m:      aggregate_train: Received 6 results and 0 failures
[92mINFO [0m:      	\u2514\u2500\u2500> Aggregated MetricRecord: {'train_loss': 0.3710803832386931, 'train_accuracy': 0.8840916666666667, 'train_precision': 0.8194494289455521, 'train_recall': 0.8152700374770239, 'train_f1': 0.8148238206423422}
[92mINFO [0m:      configure_evaluate: Sampled 6 nodes (out of 6)
[92mINFO [0m:      aggregate_evaluate: Received 6 results and 0 failures
[92mINFO [0m:      	\u2514\u2500\u2500> Aggregated MetricRecord: {'eval_loss': 1.3813891794271527, 'eval_acc': 0.5352, 'eval_precision': 0.39996406627030623, 'eval_recall': 0.26708699838819033, 'eval_f1': 0.3192707553001653}
[92mINFO [0m:      Global evaluation
[92mINFO [0m:      	\u2514\u2500\u2500> MetricRecord: {'accuracy': 0.5322, 'loss': 1.3962136914458456, 'precision': 0.5409256897607986, 'recall': 0.5321999999999999, 'f1': 0.533075063601434, 'global_accuracy': 0.5352, 'weighted_accuracy': 0.5352}
[92mINFO [0m:      
[92mINFO [0m:      Strategy execution finished in 165.82s
[92mINFO [0m:      
[92mINFO [0m:      Final results:
[92mINFO [0m:      
[92mINFO [0m:      	Global Arrays:
[92mINFO [0m:      		ArrayRecord (0.238 MB)
[92mINFO [0m:      	
[92mINFO [0m:      	Aggregated ClientApp-side Train Metrics:
[92mINFO [0m:      	{ 1: { 'train_accuracy': '6.2499e-01',
[92mINFO [0m:      	       'train_f1': '6.1181e-01',
[92mINFO [0m:      	       'train_loss': '1.2255e+00',
[92mINFO [0m:      	       'train_precision': '6.4273e-01',
[92mINFO [0m:      	       'train_recall': '6.2495e-01'},
[92mINFO [0m:      	  2: { 'train_accuracy': '7.0235e-01',
[92mINFO [0m:      	       'train_f1': '7.0296e-01',
[92mINFO [0m:      	       'train_loss': '9.2160e-01',
[92mINFO [0m:      	       'train_precision': '7.1121e-01',
[92mINFO [0m:      	       'train_recall': '7.0248e-01'},
[92mINFO [0m:      	  3: { 'train_accuracy': '7.3167e-01',
[92mINFO [0m:      	       'train_f1': '7.2558e-01',
[92mINFO [0m:      	       'train_loss': '8.0837e-01',
[92mINFO [0m:      	       'train_precision': '7.3797e-01',
[92mINFO [0m:      	       'train_recall': '7.3184e-01'},
[92mINFO [0m:      	  4: { 'train_accuracy': '7.4046e-01',
[92mINFO [0m:      	       'train_f1': '7.3877e-01',
[92mINFO [0m:      	       'train_loss': '7.5093e-01',
[92mINFO [0m:      	       'train_precision': '7.5712e-01',
[92mINFO [0m:      	       'train_recall': '7.4036e-01'},
[92mINFO [0m:      	  5: { 'train_accuracy': '7.5789e-01',
[92mINFO [0m:      	       'train_f1': '7.5551e-01',
[92mINFO [0m:      	       'train_loss': '7.0218e-01',
[92mINFO [0m:      	       'train_precision': '7.7427e-01',
[92mINFO [0m:      	       'train_recall': '7.5791e-01'},
[92mINFO [0m:      	  6: { 'train_accuracy': '7.7368e-01',
[92mINFO [0m:      	       'train_f1': '7.7415e-01',
[92mINFO [0m:      	       'train_loss': '6.7037e-01',
[92mINFO [0m:      	       'train_precision': '7.8355e-01',
[92mINFO [0m:      	       'train_recall': '7.7351e-01'},
[92mINFO [0m:      	  7: { 'train_accuracy': '7.8327e-01',
[92mINFO [0m:      	       'train_f1': '7.8257e-01',
[92mINFO [0m:      	       'train_loss': '6.3551e-01',
[92mINFO [0m:      	       'train_precision': '7.9318e-01',
[92mINFO [0m:      	       'train_recall': '7.8334e-01'},
[92mINFO [0m:      	  8: { 'train_accuracy': '7.9517e-01',
[92mINFO [0m:      	       'train_f1': '7.9484e-01',
[92mINFO [0m:      	       'train_loss': '6.0841e-01',
[92mINFO [0m:      	       'train_precision': '8.0706e-01',
[92mINFO [0m:      	       'train_recall': '7.9528e-01'},
[92mINFO [0m:      	  9: { 'train_accuracy': '8.0401e-01',
[92mINFO [0m:      	       'train_f1': '8.0425e-01',
[92mINFO [0m:      	       'train_loss': '5.8283e-01',
[92mINFO [0m:      	       'train_precision': '8.1460e-01',
[92mINFO [0m:      	       'train_recall': '8.0407e-01'},
[92mINFO [0m:      	  10: { 'train_accuracy': '8.2081e-01',
[92mINFO [0m:      	        'train_f1': '8.1955e-01',
[92mINFO [0m:      	        'train_loss': '5.6036e-01',
[92mINFO [0m:      	        'train_precision': '8.2842e-01',
[92mINFO [0m:      	        'train_recall': '8.2108e-01'},
[92mINFO [0m:      	  11: { 'train_accuracy': '8.2115e-01',
[92mINFO [0m:      	        'train_f1': '8.2089e-01',
[92mINFO [0m:      	        'train_loss': '5.3609e-01',
[92mINFO [0m:      	        'train_precision': '8.3125e-01',
[92mINFO [0m:      	        'train_recall': '8.2107e-01'},
[92mINFO [0m:      	  12: { 'train_accuracy': '8.4562e-01',
[92mINFO [0m:      	        'train_f1': '8.4533e-01',
[92mINFO [0m:      	        'train_loss': '5.1569e-01',
[92mINFO [0m:      	        'train_precision': '8.4923e-01',
[92mINFO [0m:      	        'train_recall': '8.4569e-01'},
[92mINFO [0m:      	  13: { 'train_accuracy': '8.3600e-01',
[92mINFO [0m:      	        'train_f1': '8.3460e-01',
[92mINFO [0m:      	        'train_loss': '4.9645e-01',
[92mINFO [0m:      	        'train_precision': '8.4325e-01',
[92mINFO [0m:      	        'train_recall': '8.3602e-01'},
[92mINFO [0m:      	  14: { 'train_accuracy': '8.5012e-01',
[92mINFO [0m:      	        'train_f1': '8.4878e-01',
[92mINFO [0m:      	        'train_loss': '4.7980e-01',
[92mINFO [0m:      	        'train_precision': '8.5464e-01',
[92mINFO [0m:      	        'train_recall': '8.5018e-01'},
[92mINFO [0m:      	  15: { 'train_accuracy': '8.5683e-01',
[92mINFO [0m:      	        'train_f1': '8.5635e-01',
[92mINFO [0m:      	        'train_loss': '4.5555e-01',
[92mINFO [0m:      	        'train_precision': '8.6124e-01',
[92mINFO [0m:      	        'train_recall': '8.5695e-01'},
[92mINFO [0m:      	  16: { 'train_accuracy': '8.6257e-01',
[92mINFO [0m:      	        'train_f1': '8.6259e-01',
[92mINFO [0m:      	        'train_loss': '4.3697e-01',
[92mINFO [0m:      	        'train_precision': '8.6699e-01',
[92mINFO [0m:      	        'train_recall': '8.6270e-01'},
[92mINFO [0m:      	  17: { 'train_accuracy': '8.6657e-01',
[92mINFO [0m:      	        'train_f1': '8.1757e-01',
[92mINFO [0m:      	        'train_loss': '4.2003e-01',
[92mINFO [0m:      	        'train_precision': '8.2420e-01',
[92mINFO [0m:      	        'train_recall': '8.1840e-01'},
[92mINFO [0m:      	  18: { 'train_accuracy': '8.8162e-01',
[92mINFO [0m:      	        'train_f1': '8.5600e-01',
[92mINFO [0m:      	        'train_loss': '4.0411e-01',
[92mINFO [0m:      	        'train_precision': '8.6042e-01',
[92mINFO [0m:      	        'train_recall': '8.5657e-01'},
[92mINFO [0m:      	  19: { 'train_accuracy': '8.7650e-01',
[92mINFO [0m:      	        'train_f1': '8.7581e-01',
[92mINFO [0m:      	        'train_loss': '3.9277e-01',
[92mINFO [0m:      	        'train_precision': '8.8120e-01',
[92mINFO [0m:      	        'train_recall': '8.7665e-01'},
[92mINFO [0m:      	  20: { 'train_accuracy': '8.8409e-01',
[92mINFO [0m:      	        'train_f1': '8.1482e-01',
[92mINFO [0m:      	        'train_loss': '3.7108e-01',
[92mINFO [0m:      	        'train_precision': '8.1945e-01',
[92mINFO [0m:      	        'train_recall': '8.1527e-01'}}
[92mINFO [0m:      	
[92mINFO [0m:      	Aggregated ClientApp-side Evaluate Metrics:
[92mINFO [0m:      	{ 1: { 'eval_acc': '3.0100e-01',
[92mINFO [0m:      	       'eval_f1': '1.8463e-01',
[92mINFO [0m:      	       'eval_loss': '2.0218e+00',
[92mINFO [0m:      	       'eval_precision': '3.0919e-01',
[92mINFO [0m:      	       'eval_recall': '1.4974e-01'},
[92mINFO [0m:      	  2: { 'eval_acc': '3.8350e-01',
[92mINFO [0m:      	       'eval_f1': '2.3557e-01',
[92mINFO [0m:      	       'eval_loss': '1.7394e+00',
[92mINFO [0m:      	       'eval_precision': '3.4024e-01',
[92mINFO [0m:      	       'eval_recall': '1.9157e-01'},
[92mINFO [0m:      	  3: { 'eval_acc': '4.5110e-01',
[92mINFO [0m:      	       'eval_f1': '2.7283e-01',
[92mINFO [0m:      	       'eval_loss': '1.5736e+00',
[92mINFO [0m:      	       'eval_precision': '3.5858e-01',
[92mINFO [0m:      	       'eval_recall': '2.2597e-01'},
[92mINFO [0m:      	  4: { 'eval_acc': '4.7310e-01',
[92mINFO [0m:      	       'eval_f1': '2.8628e-01',
[92mINFO [0m:      	       'eval_loss': '1.4982e+00',
[92mINFO [0m:      	       'eval_precision': '3.7374e-01',
[92mINFO [0m:      	       'eval_recall': '2.3737e-01'},
[92mINFO [0m:      	  5: { 'eval_acc': '5.0180e-01',
[92mINFO [0m:      	       'eval_f1': '3.0257e-01',
[92mINFO [0m:      	       'eval_loss': '1.4134e+00',
[92mINFO [0m:      	       'eval_precision': '3.8536e-01',
[92mINFO [0m:      	       'eval_recall': '2.5143e-01'},
[92mINFO [0m:      	  6: { 'eval_acc': '5.0810e-01',
[92mINFO [0m:      	       'eval_f1': '3.0374e-01',
[92mINFO [0m:      	       'eval_loss': '1.3834e+00',
[92mINFO [0m:      	       'eval_precision': '3.8931e-01',
[92mINFO [0m:      	       'eval_recall': '2.5470e-01'},
[92mINFO [0m:      	  7: { 'eval_acc': '5.3120e-01',
[92mINFO [0m:      	       'eval_f1': '3.1637e-01',
[92mINFO [0m:      	       'eval_loss': '1.3426e+00',
[92mINFO [0m:      	       'eval_precision': '3.9462e-01',
[92mINFO [0m:      	       'eval_recall': '2.6533e-01'},
[92mINFO [0m:      	  8: { 'eval_acc': '5.2850e-01',
[92mINFO [0m:      	       'eval_f1': '3.1541e-01',
[92mINFO [0m:      	       'eval_loss': '1.3558e+00',
[92mINFO [0m:      	       'eval_precision': '4.0065e-01',
[92mINFO [0m:      	       'eval_recall': '2.6444e-01'},
[92mINFO [0m:      	  9: { 'eval_acc': '5.3690e-01',
[92mINFO [0m:      	       'eval_f1': '3.1947e-01',
[92mINFO [0m:      	       'eval_loss': '1.3189e+00',
[92mINFO [0m:      	       'eval_precision': '4.0075e-01',
[92mINFO [0m:      	       'eval_recall': '2.6797e-01'},
[92mINFO [0m:      	  10: { 'eval_acc': '5.2850e-01',
[92mINFO [0m:      	        'eval_f1': '3.1493e-01',
[92mINFO [0m:      	        'eval_loss': '1.3342e+00',
[92mINFO [0m:      	        'eval_precision': '4.0151e-01',
[92mINFO [0m:      	        'eval_recall': '2.6450e-01'},
[92mINFO [0m:      	  11: { 'eval_acc': '5.4170e-01',
[92mINFO [0m:      	        'eval_f1': '3.2042e-01',
[92mINFO [0m:      	        'eval_loss': '1.3020e+00',
[92mINFO [0m:      	        'eval_precision': '4.0026e-01',
[92mINFO [0m:      	        'eval_recall': '2.7031e-01'},
[92mINFO [0m:      	  12: { 'eval_acc': '5.3960e-01',
[92mINFO [0m:      	        'eval_f1': '3.2069e-01',
[92mINFO [0m:      	        'eval_loss': '1.3129e+00',
[92mINFO [0m:      	        'eval_precision': '4.0337e-01',
[92mINFO [0m:      	        'eval_recall': '2.6970e-01'},
[92mINFO [0m:      	  13: { 'eval_acc': '5.5030e-01',
[92mINFO [0m:      	        'eval_f1': '3.2443e-01',
[92mINFO [0m:      	        'eval_loss': '1.3040e+00',
[92mINFO [0m:      	        'eval_precision': '4.0142e-01',
[92mINFO [0m:      	        'eval_recall': '2.7553e-01'},
[92mINFO [0m:      	  14: { 'eval_acc': '5.4350e-01',
[92mINFO [0m:      	        'eval_f1': '3.2192e-01',
[92mINFO [0m:      	        'eval_loss': '1.3085e+00',
[92mINFO [0m:      	        'eval_precision': '4.0282e-01',
[92mINFO [0m:      	        'eval_recall': '2.7131e-01'},
[92mINFO [0m:      	  15: { 'eval_acc': '5.4630e-01',
[92mINFO [0m:      	        'eval_f1': '3.2492e-01',
[92mINFO [0m:      	        'eval_loss': '1.3045e+00',
[92mINFO [0m:      	        'eval_precision': '4.0371e-01',
[92mINFO [0m:      	        'eval_recall': '2.7292e-01'},
[92mINFO [0m:      	  16: { 'eval_acc': '5.4060e-01',
[92mINFO [0m:      	        'eval_f1': '3.2142e-01',
[92mINFO [0m:      	        'eval_loss': '1.3311e+00',
[92mINFO [0m:      	        'eval_precision': '4.0216e-01',
[92mINFO [0m:      	        'eval_recall': '2.7032e-01'},
[92mINFO [0m:      	  17: { 'eval_acc': '5.3910e-01',
[92mINFO [0m:      	        'eval_f1': '3.2064e-01',
[92mINFO [0m:      	        'eval_loss': '1.3398e+00',
[92mINFO [0m:      	        'eval_precision': '4.0121e-01',
[92mINFO [0m:      	        'eval_recall': '2.6933e-01'},
[92mINFO [0m:      	  18: { 'eval_acc': '5.4160e-01',
[92mINFO [0m:      	        'eval_f1': '3.2247e-01',
[92mINFO [0m:      	        'eval_loss': '1.3473e+00',
[92mINFO [0m:      	        'eval_precision': '4.0246e-01',
[92mINFO [0m:      	        'eval_recall': '2.7059e-01'},
[92mINFO [0m:      	  19: { 'eval_acc': '5.3950e-01',
[92mINFO [0m:      	        'eval_f1': '3.2085e-01',
[92mINFO [0m:      	        'eval_loss': '1.3730e+00',
[92mINFO [0m:      	        'eval_precision': '3.9972e-01',
[92mINFO [0m:      	        'eval_recall': '2.7006e-01'},
[92mINFO [0m:      	  20: { 'eval_acc': '5.3520e-01',
[92mINFO [0m:      	        'eval_f1': '3.1927e-01',
[92mINFO [0m:      	        'eval_loss': '1.3814e+00',
[92mINFO [0m:      	        'eval_precision': '3.9996e-01',
[92mINFO [0m:      	        'eval_recall': '2.6709e-01'}}
[92mINFO [0m:      	
[92mINFO [0m:      	ServerApp-side Evaluate Metrics:
[92mINFO [0m:      	{ 0: { 'accuracy': '6.4900e-02',
[92mINFO [0m:      	       'f1': '2.1712e-02',
[92mINFO [0m:      	       'global_accuracy': '0.0000e+00',
[92mINFO [0m:      	       'loss': '2.3048e+00',
[92mINFO [0m:      	       'precision': '1.3039e-02',
[92mINFO [0m:      	       'recall': '6.4900e-02',
[92mINFO [0m:      	       'weighted_accuracy': '0.0000e+00'},
[92mINFO [0m:      	  1: { 'accuracy': '3.0210e-01',
[92mINFO [0m:      	       'f1': '2.9446e-01',
[92mINFO [0m:      	       'global_accuracy': '3.0100e-01',
[92mINFO [0m:      	       'loss': '2.0176e+00',
[92mINFO [0m:      	       'precision': '3.6499e-01',
[92mINFO [0m:      	       'recall': '3.0210e-01',
[92mINFO [0m:      	       'weighted_accuracy': '3.0100e-01'},
[92mINFO [0m:      	  2: { 'accuracy': '3.9430e-01',
[92mINFO [0m:      	       'f1': '3.8559e-01',
[92mINFO [0m:      	       'global_accuracy': '3.8350e-01',
[92mINFO [0m:      	       'loss': '1.7366e+00',
[92mINFO [0m:      	       'precision': '4.2566e-01',
[92mINFO [0m:      	       'recall': '3.9430e-01',
[92mINFO [0m:      	       'weighted_accuracy': '3.8350e-01'},
[92mINFO [0m:      	  3: { 'accuracy': '4.5120e-01',
[92mINFO [0m:      	       'f1': '4.3903e-01',
[92mINFO [0m:      	       'global_accuracy': '4.5110e-01',
[92mINFO [0m:      	       'loss': '1.5688e+00',
[92mINFO [0m:      	       'precision': '4.4772e-01',
[92mINFO [0m:      	       'recall': '4.5120e-01',
[92mINFO [0m:      	       'weighted_accuracy': '4.5110e-01'},
[92mINFO [0m:      	  4: { 'accuracy': '4.7300e-01',
[92mINFO [0m:      	       'f1': '4.6966e-01',
[92mINFO [0m:      	       'global_accuracy': '4.7310e-01',
[92mINFO [0m:      	       'loss': '1.4903e+00',
[92mINFO [0m:      	       'precision': '4.8398e-01',
[92mINFO [0m:      	       'recall': '4.7300e-01',
[92mINFO [0m:      	       'weighted_accuracy': '4.7310e-01'},
[92mINFO [0m:      	  5: { 'accuracy': '5.0480e-01',
[92mINFO [0m:      	       'f1': '5.0309e-01',
[92mINFO [0m:      	       'global_accuracy': '5.0180e-01',
[92mINFO [0m:      	       'loss': '1.4125e+00',
[92mINFO [0m:      	       'precision': '5.1187e-01',
[92mINFO [0m:      	       'recall': '5.0480e-01',
[92mINFO [0m:      	       'weighted_accuracy': '5.0180e-01'},
[92mINFO [0m:      	  6: { 'accuracy': '5.1550e-01',
[92mINFO [0m:      	       'f1': '5.1377e-01',
[92mINFO [0m:      	       'global_accuracy': '5.0810e-01',
[92mINFO [0m:      	       'loss': '1.3755e+00',
[92mINFO [0m:      	       'precision': '5.3336e-01',
[92mINFO [0m:      	       'recall': '5.1550e-01',
[92mINFO [0m:      	       'weighted_accuracy': '5.0810e-01'},
[92mINFO [0m:      	  7: { 'accuracy': '5.2580e-01',
[92mINFO [0m:      	       'f1': '5.2456e-01',
[92mINFO [0m:      	       'global_accuracy': '5.3120e-01',
[92mINFO [0m:      	       'loss': '1.3435e+00',
[92mINFO [0m:      	       'precision': '5.2769e-01',
[92mINFO [0m:      	       'recall': '5.2580e-01',
[92mINFO [0m:      	       'weighted_accuracy': '5.3120e-01'},
[92mINFO [0m:      	  8: { 'accuracy': '5.2610e-01',
[92mINFO [0m:      	       'f1': '5.2572e-01',
[92mINFO [0m:      	       'global_accuracy': '5.2850e-01',
[92mINFO [0m:      	       'loss': '1.3536e+00',
[92mINFO [0m:      	       'precision': '5.4417e-01',
[92mINFO [0m:      	       'recall': '5.2610e-01',
[92mINFO [0m:      	       'weighted_accuracy': '5.2850e-01'},
[92mINFO [0m:      	  9: { 'accuracy': '5.3260e-01',
[92mINFO [0m:      	       'f1': '5.3141e-01',
[92mINFO [0m:      	       'global_accuracy': '5.3690e-01',
[92mINFO [0m:      	       'loss': '1.3175e+00',
[92mINFO [0m:      	       'precision': '5.4126e-01',
[92mINFO [0m:      	       'recall': '5.3260e-01',
[92mINFO [0m:      	       'weighted_accuracy': '5.3690e-01'},
[92mINFO [0m:      	  10: { 'accuracy': '5.3080e-01',
[92mINFO [0m:      	        'f1': '5.2976e-01',
[92mINFO [0m:      	        'global_accuracy': '5.2850e-01',
[92mINFO [0m:      	        'loss': '1.3271e+00',
[92mINFO [0m:      	        'precision': '5.5245e-01',
[92mINFO [0m:      	        'recall': '5.3080e-01',
[92mINFO [0m:      	        'weighted_accuracy': '5.2850e-01'},
[92mINFO [0m:      	  11: { 'accuracy': '5.3680e-01',
[92mINFO [0m:      	        'f1': '5.3551e-01',
[92mINFO [0m:      	        'global_accuracy': '5.4170e-01',
[92mINFO [0m:      	        'loss': '1.2985e+00',
[92mINFO [0m:      	        'precision': '5.4694e-01',
[92mINFO [0m:      	        'recall': '5.3680e-01',
[92mINFO [0m:      	        'weighted_accuracy': '5.4170e-01'},
[92mINFO [0m:      	  12: { 'accuracy': '5.3430e-01',
[92mINFO [0m:      	        'f1': '5.3493e-01',
[92mINFO [0m:      	        'global_accuracy': '5.3960e-01',
[92mINFO [0m:      	        'loss': '1.3111e+00',
[92mINFO [0m:      	        'precision': '5.5043e-01',
[92mINFO [0m:      	        'recall': '5.3430e-01',
[92mINFO [0m:      	        'weighted_accuracy': '5.3960e-01'},
[92mINFO [0m:      	  13: { 'accuracy': '5.4280e-01',
[92mINFO [0m:      	        'f1': '5.3689e-01',
[92mINFO [0m:      	        'global_accuracy': '5.5030e-01',
[92mINFO [0m:      	        'loss': '1.3020e+00',
[92mINFO [0m:      	        'precision': '5.3917e-01',
[92mINFO [0m:      	        'recall': '5.4280e-01',
[92mINFO [0m:      	        'weighted_accuracy': '5.5030e-01'},
[92mINFO [0m:      	  14: { 'accuracy': '5.4300e-01',
[92mINFO [0m:      	        'f1': '5.4452e-01',
[92mINFO [0m:      	        'global_accuracy': '5.4350e-01',
[92mINFO [0m:      	        'loss': '1.3119e+00',
[92mINFO [0m:      	        'precision': '5.5801e-01',
[92mINFO [0m:      	        'recall': '5.4300e-01',
[92mINFO [0m:      	        'weighted_accuracy': '5.4350e-01'},
[92mINFO [0m:      	  15: { 'accuracy': '5.4810e-01',
[92mINFO [0m:      	        'f1': '5.4852e-01',
[92mINFO [0m:      	        'global_accuracy': '5.4630e-01',
[92mINFO [0m:      	        'loss': '1.3043e+00',
[92mINFO [0m:      	        'precision': '5.5206e-01',
[92mINFO [0m:      	        'recall': '5.4810e-01',
[92mINFO [0m:      	        'weighted_accuracy': '5.4630e-01'},
[92mINFO [0m:      	  16: { 'accuracy': '5.3810e-01',
[92mINFO [0m:      	        'f1': '5.3569e-01',
[92mINFO [0m:      	        'global_accuracy': '5.4060e-01',
[92mINFO [0m:      	        'loss': '1.3319e+00',
[92mINFO [0m:      	        'precision': '5.4469e-01',
[92mINFO [0m:      	        'recall': '5.3810e-01',
[92mINFO [0m:      	        'weighted_accuracy': '5.4060e-01'},
[92mINFO [0m:      	  17: { 'accuracy': '5.3760e-01',
[92mINFO [0m:      	        'f1': '5.3616e-01',
[92mINFO [0m:      	        'global_accuracy': '5.3910e-01',
[92mINFO [0m:      	        'loss': '1.3502e+00',
[92mINFO [0m:      	        'precision': '5.4247e-01',
[92mINFO [0m:      	        'recall': '5.3760e-01',
[92mINFO [0m:      	        'weighted_accuracy': '5.3910e-01'},
[92mINFO [0m:      	  18: { 'accuracy': '5.3740e-01',
[92mINFO [0m:      	        'f1': '5.3725e-01',
[92mINFO [0m:      	        'global_accuracy': '5.4160e-01',
[92mINFO [0m:      	        'loss': '1.3566e+00',
[92mINFO [0m:      	        'precision': '5.4072e-01',
[92mINFO [0m:      	        'recall': '5.3740e-01',
[92mINFO [0m:      	        'weighted_accuracy': '5.4160e-01'},
[92mINFO [0m:      	  19: { 'accuracy': '5.2930e-01',
[92mINFO [0m:      	        'f1': '5.2880e-01',
[92mINFO [0m:      	        'global_accuracy': '5.3950e-01',
[92mINFO [0m:      	        'loss': '1.3795e+00',
[92mINFO [0m:      	        'precision': '5.3429e-01',
[92mINFO [0m:      	        'recall': '5.2930e-01',
[92mINFO [0m:      	        'weighted_accuracy': '5.3950e-01'},
[92mINFO [0m:      	  20: { 'accuracy': '5.3220e-01',
[92mINFO [0m:      	        'f1': '5.3308e-01',
[92mINFO [0m:      	        'global_accuracy': '5.3520e-01',
[92mINFO [0m:      	        'loss': '1.3962e+00',
[92mINFO [0m:      	        'precision': '5.4093e-01',
[92mINFO [0m:      	        'recall': '5.3220e-01',
[92mINFO [0m:      	        'weighted_accuracy': '5.3520e-01'}}
[92mINFO [0m:      
[36m(ClientAppActor pid=78168)[0m [93mWARNING [0m:   Manually terminating ClientAppActor

============================================================
Starting Experiment: FedAvg_C5_npy
Strategy: FedAvg
Distribution: C5
Data Source: NPY
Rounds: 20
Clients: 6 (train: 6, eval: 6)
============================================================

Round   0 | Loss: 2.3048 | Acc: 0.0649 | F1: 0.0217 | Global Acc: 0.0000 | Weighted Acc: 0.0000
Round   1 | Loss: 2.0176 | Acc: 0.3021 | F1: 0.2945 | Global Acc: 0.3010 | Weighted Acc: 0.3010
Round   2 | Loss: 1.7366 | Acc: 0.3943 | F1: 0.3856 | Global Acc: 0.3835 | Weighted Acc: 0.3835
Round   3 | Loss: 1.5688 | Acc: 0.4512 | F1: 0.4390 | Global Acc: 0.4511 | Weighted Acc: 0.4511
Round   4 | Loss: 1.4903 | Acc: 0.4730 | F1: 0.4697 | Global Acc: 0.4731 | Weighted Acc: 0.4731
Round   5 | Loss: 1.4125 | Acc: 0.5048 | F1: 0.5031 | Global Acc: 0.5018 | Weighted Acc: 0.5018
Round   6 | Loss: 1.3755 | Acc: 0.5155 | F1: 0.5138 | Global Acc: 0.5081 | Weighted Acc: 0.5081
Round   7 | Loss: 1.3435 | Acc: 0.5258 | F1: 0.5246 | Global Acc: 0.5312 | Weighted Acc: 0.5312
Round   8 | Loss: 1.3536 | Acc: 0.5261 | F1: 0.5257 | Global Acc: 0.5285 | Weighted Acc: 0.5285
Round   9 | Loss: 1.3175 | Acc: 0.5326 | F1: 0.5314 | Global Acc: 0.5369 | Weighted Acc: 0.5369
Round  10 | Loss: 1.3271 | Acc: 0.5308 | F1: 0.5298 | Global Acc: 0.5285 | Weighted Acc: 0.5285
Round  11 | Loss: 1.2985 | Acc: 0.5368 | F1: 0.5355 | Global Acc: 0.5417 | Weighted Acc: 0.5417
Round  12 | Loss: 1.3111 | Acc: 0.5343 | F1: 0.5349 | Global Acc: 0.5396 | Weighted Acc: 0.5396
Round  13 | Loss: 1.3020 | Acc: 0.5428 | F1: 0.5369 | Global Acc: 0.5503 | Weighted Acc: 0.5503
Round  14 | Loss: 1.3119 | Acc: 0.5430 | F1: 0.5445 | Global Acc: 0.5435 | Weighted Acc: 0.5435
Round  15 | Loss: 1.3043 | Acc: 0.5481 | F1: 0.5485 | Global Acc: 0.5463 | Weighted Acc: 0.5463
Round  16 | Loss: 1.3319 | Acc: 0.5381 | F1: 0.5357 | Global Acc: 0.5406 | Weighted Acc: 0.5406
Round  17 | Loss: 1.3502 | Acc: 0.5376 | F1: 0.5362 | Global Acc: 0.5391 | Weighted Acc: 0.5391
Round  18 | Loss: 1.3566 | Acc: 0.5374 | F1: 0.5372 | Global Acc: 0.5416 | Weighted Acc: 0.5416
Round  19 | Loss: 1.3795 | Acc: 0.5293 | F1: 0.5288 | Global Acc: 0.5395 | Weighted Acc: 0.5395
Round  20 | Loss: 1.3962 | Acc: 0.5322 | F1: 0.5331 | Global Acc: 0.5352 | Weighted Acc: 0.5352

Saving final model to disk...

============================================================
Experiment completed: FedAvg_C5_npy
Results saved to:
  - global_csv: results\FedAvg_C5_npy_global_20260109_185112.csv
  - client_csv: results\FedAvg_C5_npy_client_20260109_185112.csv
============================================================

Loading project configuration... 
Success
[93mWARNING [0m:   Ray support on Windows is experimental and may not work as expected. On Windows, Flower Simulations run best in WSL2: https://learn.microsoft.com/en-us/windows/wsl/about
[92mINFO [0m:      Starting FedAvgWithMetricsAggregation strategy:
[92mINFO [0m:      	\u251c\u2500\u2500 Number of rounds: 20
[92mINFO [0m:      	\u251c\u2500\u2500 ArrayRecord (0.24 MB)
[92mINFO [0m:      	\u251c\u2500\u2500 ConfigRecord (train): {'lr': 0.01}
[92mINFO [0m:      	\u251c\u2500\u2500 ConfigRecord (evaluate): (empty!)
[92mINFO [0m:      	\u251c\u2500\u2500> Sampling:
[92mINFO [0m:      	\u2502	\u251c\u2500\u2500Fraction: train (1.00) | evaluate ( 1.00)
[92mINFO [0m:      	\u2502	\u251c\u2500\u2500Minimum nodes: train (6) | evaluate (6)
[92mINFO [0m:      	\u2502	\u2514\u2500\u2500Minimum available nodes: 6
[92mINFO [0m:      	\u2514\u2500\u2500> Keys in records:
[92mINFO [0m:      		\u251c\u2500\u2500 Weighted by: 'num-examples'
[92mINFO [0m:      		\u251c\u2500\u2500 ArrayRecord key: 'arrays'
[92mINFO [0m:      		\u2514\u2500\u2500 ConfigRecord key: 'config'
[92mINFO [0m:      
[92mINFO [0m:      Initial global evaluation results: {'accuracy': 0.0998, 'loss': 2.3043440595457825, 'precision': 0.01809505982947717, 'recall': 0.0998, 'f1': 0.018730557795393305, 'global_accuracy': 0.0, 'weighted_accuracy': 0.0}
[92mINFO [0m:      
[92mINFO [0m:      [ROUND 1/20]
[92mINFO [0m:      configure_train: Sampled 6 nodes (out of 6)
[92mINFO [0m:      aggregate_train: Received 6 results and 0 failures
[92mINFO [0m:      	\u2514\u2500\u2500> Aggregated MetricRecord: {'train_loss': 1.1912334366133157, 'train_accuracy': 0.6473573678683935, 'train_precision': 0.29801721025413896, 'train_recall': 0.28659813876294854, 'train_f1': 0.2742582335029007}
[92mINFO [0m:      configure_evaluate: Sampled 6 nodes (out of 6)
[93mWARNING [0m:   The `metrics_records` property of `RecordDict` (formerly `RecordSet`) is deprecated and will be removed in a future release. Please use the `metric_records` property instead.
[92mINFO [0m:      aggregate_evaluate: Received 6 results and 0 failures
[92mINFO [0m:      	\u2514\u2500\u2500> Aggregated MetricRecord: {'eval_loss': 2.24851847046508, 'eval_acc': 0.15406918616276746, 'eval_precision': 0.1196118231159109, 'eval_recall': 0.18987474668607962, 'eval_f1': 0.08422613090199255}
[92mINFO [0m:      Global evaluation
[92mINFO [0m:      	\u2514\u2500\u2500> MetricRecord: {'accuracy': 0.1558, 'loss': 2.2492368975772132, 'precision': 0.037223120388159975, 'recall': 0.1558, 'f1': 0.057487772304315246, 'global_accuracy': 0.1486937687182769, 'weighted_accuracy': 0.15406918616276744}
[92mINFO [0m:      
[92mINFO [0m:      [ROUND 2/20]
[92mINFO [0m:      configure_train: Sampled 6 nodes (out of 6)
[92mINFO [0m:      aggregate_train: Received 6 results and 0 failures
[92mINFO [0m:      	\u2514\u2500\u2500> Aggregated MetricRecord: {'train_loss': 0.9040791345421044, 'train_accuracy': 0.7106105305265263, 'train_precision': 0.39031452228804564, 'train_recall': 0.3511639846803016, 'train_f1': 0.33646663051688297}
[92mINFO [0m:      configure_evaluate: Sampled 6 nodes (out of 6)
[92mINFO [0m:      aggregate_evaluate: Received 6 results and 0 failures
[92mINFO [0m:      	\u2514\u2500\u2500> Aggregated MetricRecord: {'eval_loss': 2.02939906364906, 'eval_acc': 0.23265346930613878, 'eval_precision': 0.2035173478736621, 'eval_recall': 0.21801623104937556, 'eval_f1': 0.14246211687359306}
[92mINFO [0m:      Global evaluation
[92mINFO [0m:      	\u2514\u2500\u2500> MetricRecord: {'accuracy': 0.2322, 'loss': 2.0328368687931495, 'precision': 0.18824030897870614, 'recall': 0.23220000000000002, 'f1': 0.14445347855311066, 'global_accuracy': 0.23076156082485966, 'weighted_accuracy': 0.23265346930613878}
[92mINFO [0m:      
[92mINFO [0m:      [ROUND 3/20]
[92mINFO [0m:      configure_train: Sampled 6 nodes (out of 6)
[92mINFO [0m:      aggregate_train: Received 6 results and 0 failures
[92mINFO [0m:      	\u2514\u2500\u2500> Aggregated MetricRecord: {'train_loss': 0.8001426892294061, 'train_accuracy': 0.7486624331216561, 'train_precision': 0.4002676961464322, 'train_recall': 0.3688821103081135, 'train_f1': 0.3742456121618392}
[92mINFO [0m:      configure_evaluate: Sampled 6 nodes (out of 6)
[92mINFO [0m:      aggregate_evaluate: Received 6 results and 0 failures
[92mINFO [0m:      	\u2514\u2500\u2500> Aggregated MetricRecord: {'eval_loss': 1.8890312346256133, 'eval_acc': 0.2916416716656669, 'eval_precision': 0.2324629186258691, 'eval_recall': 0.24944292390018935, 'eval_f1': 0.1708625954078259}
[92mINFO [0m:      Global evaluation
[92mINFO [0m:      	\u2514\u2500\u2500> MetricRecord: {'accuracy': 0.2881, 'loss': 1.893114317821551, 'precision': 0.30031311147455597, 'recall': 0.2881, 'f1': 0.20862292701655888, 'global_accuracy': 0.28335403372022466, 'weighted_accuracy': 0.29164167166566685}
[92mINFO [0m:      
[92mINFO [0m:      [ROUND 4/20]
[92mINFO [0m:      configure_train: Sampled 6 nodes (out of 6)
[92mINFO [0m:      aggregate_train: Received 6 results and 0 failures
[92mINFO [0m:      	\u2514\u2500\u2500> Aggregated MetricRecord: {'train_loss': 0.7510424691699585, 'train_accuracy': 0.7385119255962799, 'train_precision': 0.39261394623305834, 'train_recall': 0.37335500407533695, 'train_f1': 0.36675818456684495}
[92mINFO [0m:      configure_evaluate: Sampled 6 nodes (out of 6)
[92mINFO [0m:      aggregate_evaluate: Received 6 results and 0 failures
[92mINFO [0m:      	\u2514\u2500\u2500> Aggregated MetricRecord: {'eval_loss': 1.8236194952542597, 'eval_acc': 0.3131373725254949, 'eval_precision': 0.25706265288618585, 'eval_recall': 0.26057192671003226, 'eval_f1': 0.17372724027026037}
[92mINFO [0m:      Global evaluation
[92mINFO [0m:      	\u2514\u2500\u2500> MetricRecord: {'accuracy': 0.316, 'loss': 1.8240352371070958, 'precision': 0.40864631891720454, 'recall': 0.31599999999999995, 'f1': 0.2268221948752646, 'global_accuracy': 0.31406469405895465, 'weighted_accuracy': 0.3131373725254949}
[92mINFO [0m:      
[92mINFO [0m:      [ROUND 5/20]
[92mINFO [0m:      configure_train: Sampled 6 nodes (out of 6)
[92mINFO [0m:      aggregate_train: Received 6 results and 0 failures
[92mINFO [0m:      	\u2514\u2500\u2500> Aggregated MetricRecord: {'train_loss': 0.7127961972163848, 'train_accuracy': 0.7658632931646583, 'train_precision': 0.4233931669780571, 'train_recall': 0.4009699665233566, 'train_f1': 0.39038361715417175}
[92mINFO [0m:      configure_evaluate: Sampled 6 nodes (out of 6)
[92mINFO [0m:      aggregate_evaluate: Received 6 results and 0 failures
[92mINFO [0m:      	\u2514\u2500\u2500> Aggregated MetricRecord: {'eval_loss': 1.717969601416838, 'eval_acc': 0.36282743451309735, 'eval_precision': 0.26115978229368836, 'eval_recall': 0.2730983108271582, 'eval_f1': 0.17939186603887675}
[92mINFO [0m:      Global evaluation
[92mINFO [0m:      	\u2514\u2500\u2500> MetricRecord: {'accuracy': 0.3623, 'loss': 1.7159416026706937, 'precision': 0.44018736761804184, 'recall': 0.36229999999999996, 'f1': 0.2956340829080058, 'global_accuracy': 0.3652268904786971, 'weighted_accuracy': 0.3628274345130974}
[92mINFO [0m:      
[92mINFO [0m:      [ROUND 6/20]
[92mINFO [0m:      configure_train: Sampled 6 nodes (out of 6)
[92mINFO [0m:      aggregate_train: Received 6 results and 0 failures
[92mINFO [0m:      	\u2514\u2500\u2500> Aggregated MetricRecord: {'train_loss': 0.6774256296240779, 'train_accuracy': 0.7767138356917846, 'train_precision': 0.4723665730661337, 'train_recall': 0.40086789119781907, 'train_f1': 0.40511886503003314}
[92mINFO [0m:      configure_evaluate: Sampled 6 nodes (out of 6)
[92mINFO [0m:      aggregate_evaluate: Received 6 results and 0 failures
[92mINFO [0m:      	\u2514\u2500\u2500> Aggregated MetricRecord: {'eval_loss': 1.6771696599396237, 'eval_acc': 0.36902619476104775, 'eval_precision': 0.2658785403196878, 'eval_recall': 0.274175998623299, 'eval_f1': 0.18487397097278202}
[92mINFO [0m:      Global evaluation
[92mINFO [0m:      	\u2514\u2500\u2500> MetricRecord: {'accuracy': 0.3664, 'loss': 1.671425301817399, 'precision': 0.4122060271626533, 'recall': 0.3664, 'f1': 0.3032397074117481, 'global_accuracy': 0.3710333745165774, 'weighted_accuracy': 0.3690261947610478}
[92mINFO [0m:      
[92mINFO [0m:      [ROUND 7/20]
[92mINFO [0m:      configure_train: Sampled 6 nodes (out of 6)
[36m(pid=gcs_server)[0m [2026-01-09 18:54:37,602 E 128208 135828] (gcs_server.exe) gcs_server.cc:302: Failed to establish connection to the event+metrics exporter agent. Events and metrics will not be exported. Exporter agent status: RpcError: Running out of retries to initialize the metrics agent. rpc_code: 14
[92mINFO [0m:      aggregate_train: Received 6 results and 0 failures
[92mINFO [0m:      	\u2514\u2500\u2500> Aggregated MetricRecord: {'train_loss': 0.6637775278601996, 'train_accuracy': 0.7887894394719737, 'train_precision': 0.4699004224952313, 'train_recall': 0.4149860781200066, 'train_f1': 0.41269486952798157}
[92mINFO [0m:      configure_evaluate: Sampled 6 nodes (out of 6)
[33m(raylet)[0m [2026-01-09 18:54:38,958 E 179844 132504] (raylet.exe) main.cc:975: Failed to establish connection to the metrics exporter agent. Metrics will not be exported. Exporter agent status: RpcError: Running out of retries to initialize the metrics agent. rpc_code: 14
[92mINFO [0m:      aggregate_evaluate: Received 6 results and 0 failures
[92mINFO [0m:      	\u2514\u2500\u2500> Aggregated MetricRecord: {'eval_loss': 1.637979390613254, 'eval_acc': 0.3952209558088382, 'eval_precision': 0.2601453731194326, 'eval_recall': 0.2787464165233095, 'eval_f1': 0.188102586545496}
[92mINFO [0m:      Global evaluation
[92mINFO [0m:      	\u2514\u2500\u2500> MetricRecord: {'accuracy': 0.3932, 'loss': 1.6281005461004716, 'precision': 0.45247014565920596, 'recall': 0.39320000000000005, 'f1': 0.33783738269522234, 'global_accuracy': 0.39983853599436864, 'weighted_accuracy': 0.39522095580883826}
[92mINFO [0m:      
[92mINFO [0m:      [ROUND 8/20]
[92mINFO [0m:      configure_train: Sampled 6 nodes (out of 6)
[2026-01-09 18:54:40,177 E 251492 95544] core_worker_process.cc:825: Failed to establish connection to the metrics exporter agent. Metrics will not be exported. Exporter agent status: RpcError: Running out of retries to initialize the metrics agent. rpc_code: 14
[92mINFO [0m:      aggregate_train: Received 6 results and 0 failures
[92mINFO [0m:      	\u2514\u2500\u2500> Aggregated MetricRecord: {'train_loss': 0.6454463124654909, 'train_accuracy': 0.796764838241912, 'train_precision': 0.48300236103484295, 'train_recall': 0.4342294597351286, 'train_f1': 0.4425493272850334}
[92mINFO [0m:      configure_evaluate: Sampled 6 nodes (out of 6)
[92mINFO [0m:      aggregate_evaluate: Received 6 results and 0 failures
[92mINFO [0m:      	\u2514\u2500\u2500> Aggregated MetricRecord: {'eval_loss': 1.6127421460247455, 'eval_acc': 0.39342131573685263, 'eval_precision': 0.26507564997336436, 'eval_recall': 0.2718088776203928, 'eval_f1': 0.18923402679679688}
[92mINFO [0m:      Global evaluation
[92mINFO [0m:      	\u2514\u2500\u2500> MetricRecord: {'accuracy': 0.3993, 'loss': 1.6053365484068665, 'precision': 0.46934722471921286, 'recall': 0.3993, 'f1': 0.3467267068732612, 'global_accuracy': 0.3982226905245024, 'weighted_accuracy': 0.39342131573685263}
[92mINFO [0m:      
[92mINFO [0m:      [ROUND 9/20]
[92mINFO [0m:      configure_train: Sampled 6 nodes (out of 6)
[92mINFO [0m:      aggregate_train: Received 6 results and 0 failures
[92mINFO [0m:      	\u2514\u2500\u2500> Aggregated MetricRecord: {'train_loss': 0.6232210892148893, 'train_accuracy': 0.7879393969698485, 'train_precision': 0.4734431419412206, 'train_recall': 0.41629927329999544, 'train_f1': 0.42047189867478263}
[92mINFO [0m:      configure_evaluate: Sampled 6 nodes (out of 6)
[92mINFO [0m:      aggregate_evaluate: Received 6 results and 0 failures
[92mINFO [0m:      	\u2514\u2500\u2500> Aggregated MetricRecord: {'eval_loss': 1.5776185267760212, 'eval_acc': 0.42251549690061985, 'eval_precision': 0.26928203219825436, 'eval_recall': 0.30415960759903615, 'eval_f1': 0.2055731605811304}
[92mINFO [0m:      Global evaluation
[92mINFO [0m:      	\u2514\u2500\u2500> MetricRecord: {'accuracy': 0.431, 'loss': 1.564784689794613, 'precision': 0.4882854138265834, 'recall': 0.43100000000000005, 'f1': 0.3919126036424432, 'global_accuracy': 0.42855620083814056, 'weighted_accuracy': 0.4225154969006199}
[92mINFO [0m:      
[92mINFO [0m:      [ROUND 10/20]
[92mINFO [0m:      configure_train: Sampled 6 nodes (out of 6)
[92mINFO [0m:      aggregate_train: Received 6 results and 0 failures
[92mINFO [0m:      	\u2514\u2500\u2500> Aggregated MetricRecord: {'train_loss': 0.6079651859459061, 'train_accuracy': 0.8126906345317266, 'train_precision': 0.5464619217958117, 'train_recall': 0.46171762221719204, 'train_f1': 0.4646001949233672}
[92mINFO [0m:      configure_evaluate: Sampled 6 nodes (out of 6)
[92mINFO [0m:      aggregate_evaluate: Received 6 results and 0 failures
[92mINFO [0m:      	\u2514\u2500\u2500> Aggregated MetricRecord: {'eval_loss': 1.5279128143843483, 'eval_acc': 0.43621275744851035, 'eval_precision': 0.2689262120682964, 'eval_recall': 0.3016885463313216, 'eval_f1': 0.2075622577900172}
[92mINFO [0m:      Global evaluation
[92mINFO [0m:      	\u2514\u2500\u2500> MetricRecord: {'accuracy': 0.4355, 'loss': 1.5223310687873937, 'precision': 0.4749854375132424, 'recall': 0.43550000000000005, 'f1': 0.3957054858315078, 'global_accuracy': 0.4359792551125908, 'weighted_accuracy': 0.4362127574485103}
[92mINFO [0m:      
[92mINFO [0m:      [ROUND 11/20]
[92mINFO [0m:      configure_train: Sampled 6 nodes (out of 6)
[92mINFO [0m:      aggregate_train: Received 6 results and 0 failures
[92mINFO [0m:      	\u2514\u2500\u2500> Aggregated MetricRecord: {'train_loss': 0.5948255202488741, 'train_accuracy': 0.8126156307815391, 'train_precision': 0.4993467580047602, 'train_recall': 0.44982368546251766, 'train_f1': 0.4544989825366019}
[92mINFO [0m:      configure_evaluate: Sampled 6 nodes (out of 6)
[92mINFO [0m:      aggregate_evaluate: Received 6 results and 0 failures
[92mINFO [0m:      	\u2514\u2500\u2500> Aggregated MetricRecord: {'eval_loss': 1.5098181197558296, 'eval_acc': 0.44921015796840635, 'eval_precision': 0.2743339798341658, 'eval_recall': 0.31817790201739293, 'eval_f1': 0.21660326507938155}
[92mINFO [0m:      Global evaluation
[92mINFO [0m:      	\u2514\u2500\u2500> MetricRecord: {'accuracy': 0.4565, 'loss': 1.5023046867756904, 'precision': 0.5043985697549206, 'recall': 0.45649999999999996, 'f1': 0.4142093656413123, 'global_accuracy': 0.4574425553220802, 'weighted_accuracy': 0.4492101579684063}
[92mINFO [0m:      
[92mINFO [0m:      [ROUND 12/20]
[92mINFO [0m:      configure_train: Sampled 6 nodes (out of 6)
[92mINFO [0m:      aggregate_train: Received 6 results and 0 failures
[92mINFO [0m:      	\u2514\u2500\u2500> Aggregated MetricRecord: {'train_loss': 0.5699362284637851, 'train_accuracy': 0.8195159757987899, 'train_precision': 0.5579322777242466, 'train_recall': 0.4841212021693929, 'train_f1': 0.49493939305642964}
[92mINFO [0m:      configure_evaluate: Sampled 6 nodes (out of 6)
[92mINFO [0m:      aggregate_evaluate: Received 6 results and 0 failures
[92mINFO [0m:      	\u2514\u2500\u2500> Aggregated MetricRecord: {'eval_loss': 1.483520331886477, 'eval_acc': 0.45670865826834633, 'eval_precision': 0.2776293167067739, 'eval_recall': 0.32979032809006303, 'eval_f1': 0.22143710748785908}
[92mINFO [0m:      Global evaluation
[92mINFO [0m:      	\u2514\u2500\u2500> MetricRecord: {'accuracy': 0.4661, 'loss': 1.4792525888998298, 'precision': 0.5046282231486993, 'recall': 0.46610000000000007, 'f1': 0.429838979182692, 'global_accuracy': 0.46397281139406726, 'weighted_accuracy': 0.45670865826834633}
[92mINFO [0m:      
[92mINFO [0m:      [ROUND 13/20]
[92mINFO [0m:      configure_train: Sampled 6 nodes (out of 6)
[92mINFO [0m:      aggregate_train: Received 6 results and 0 failures
[92mINFO [0m:      	\u2514\u2500\u2500> Aggregated MetricRecord: {'train_loss': 0.5565791748820537, 'train_accuracy': 0.8191409570478523, 'train_precision': 0.48640352982772495, 'train_recall': 0.4723039065400401, 'train_f1': 0.46856179949469223}
[92mINFO [0m:      configure_evaluate: Sampled 6 nodes (out of 6)
[92mINFO [0m:      aggregate_evaluate: Received 6 results and 0 failures
[92mINFO [0m:      	\u2514\u2500\u2500> Aggregated MetricRecord: {'eval_loss': 1.4575403896906136, 'eval_acc': 0.4739052189562088, 'eval_precision': 0.28069628672753644, 'eval_recall': 0.3387463682435309, 'eval_f1': 0.22850798878700834}
[92mINFO [0m:      Global evaluation
[92mINFO [0m:      	\u2514\u2500\u2500> MetricRecord: {'accuracy': 0.4813, 'loss': 1.4535100429872923, 'precision': 0.5102686743514677, 'recall': 0.48129999999999995, 'f1': 0.4472414071838351, 'global_accuracy': 0.4799915609431284, 'weighted_accuracy': 0.47390521895620874}
[92mINFO [0m:      
[92mINFO [0m:      [ROUND 14/20]
[92mINFO [0m:      configure_train: Sampled 6 nodes (out of 6)
[92mINFO [0m:      aggregate_train: Received 6 results and 0 failures
[92mINFO [0m:      	\u2514\u2500\u2500> Aggregated MetricRecord: {'train_loss': 0.5437332384520193, 'train_accuracy': 0.8192909645482274, 'train_precision': 0.6098014893129772, 'train_recall': 0.49495935897477206, 'train_f1': 0.5137460704211033}
[92mINFO [0m:      configure_evaluate: Sampled 6 nodes (out of 6)
[92mINFO [0m:      aggregate_evaluate: Received 6 results and 0 failures
[92mINFO [0m:      	\u2514\u2500\u2500> Aggregated MetricRecord: {'eval_loss': 1.4303606884212392, 'eval_acc': 0.47960407918416315, 'eval_precision': 0.2803586494626305, 'eval_recall': 0.33168051364514006, 'eval_f1': 0.22906293364333524}
[92mINFO [0m:      Global evaluation
[92mINFO [0m:      	\u2514\u2500\u2500> MetricRecord: {'accuracy': 0.4863, 'loss': 1.4257804698581937, 'precision': 0.5174327707715816, 'recall': 0.48630000000000007, 'f1': 0.45494132845861923, 'global_accuracy': 0.4875473293617487, 'weighted_accuracy': 0.47960407918416315}
[92mINFO [0m:      
[92mINFO [0m:      [ROUND 15/20]
[92mINFO [0m:      configure_train: Sampled 6 nodes (out of 6)
[92mINFO [0m:      aggregate_train: Received 6 results and 0 failures
[92mINFO [0m:      	\u2514\u2500\u2500> Aggregated MetricRecord: {'train_loss': 0.5373184526156793, 'train_accuracy': 0.8311415570778539, 'train_precision': 0.5582513288901513, 'train_recall': 0.48707061358891296, 'train_f1': 0.49524996394279197}
[92mINFO [0m:      configure_evaluate: Sampled 6 nodes (out of 6)
[92mINFO [0m:      aggregate_evaluate: Received 6 results and 0 failures
[92mINFO [0m:      	\u2514\u2500\u2500> Aggregated MetricRecord: {'eval_loss': 1.4203089876027293, 'eval_acc': 0.4857028594281143, 'eval_precision': 0.28077807552768475, 'eval_recall': 0.336482412349236, 'eval_f1': 0.23019510145413055}
[92mINFO [0m:      Global evaluation
[92mINFO [0m:      	\u2514\u2500\u2500> MetricRecord: {'accuracy': 0.489, 'loss': 1.4189837009091921, 'precision': 0.5125394335568495, 'recall': 0.48900000000000005, 'f1': 0.45870190606231825, 'global_accuracy': 0.48902377618129106, 'weighted_accuracy': 0.48570285942811436}
[92mINFO [0m:      
[92mINFO [0m:      [ROUND 16/20]
[92mINFO [0m:      configure_train: Sampled 6 nodes (out of 6)
[92mINFO [0m:      aggregate_train: Received 6 results and 0 failures
[92mINFO [0m:      	\u2514\u2500\u2500> Aggregated MetricRecord: {'train_loss': 0.5278286522444411, 'train_accuracy': 0.8442422121106056, 'train_precision': 0.6284857285178115, 'train_recall': 0.5214748955365761, 'train_f1': 0.5350583310123739}
[92mINFO [0m:      configure_evaluate: Sampled 6 nodes (out of 6)
[92mINFO [0m:      aggregate_evaluate: Received 6 results and 0 failures
[92mINFO [0m:      	\u2514\u2500\u2500> Aggregated MetricRecord: {'eval_loss': 1.4011278421435207, 'eval_acc': 0.4948010397920416, 'eval_precision': 0.28450799349771166, 'eval_recall': 0.3410946890250492, 'eval_f1': 0.23525591088354242}
[92mINFO [0m:      Global evaluation
[92mINFO [0m:      	\u2514\u2500\u2500> MetricRecord: {'accuracy': 0.4985, 'loss': 1.400737862043743, 'precision': 0.5238694241008075, 'recall': 0.49850000000000005, 'f1': 0.4677255479955985, 'global_accuracy': 0.5024921916305681, 'weighted_accuracy': 0.4948010397920416}
[92mINFO [0m:      
[92mINFO [0m:      [ROUND 17/20]
[92mINFO [0m:      configure_train: Sampled 6 nodes (out of 6)
[92mINFO [0m:      aggregate_train: Received 6 results and 0 failures
[92mINFO [0m:      	\u2514\u2500\u2500> Aggregated MetricRecord: {'train_loss': 0.511812477946394, 'train_accuracy': 0.8534676733836691, 'train_precision': 0.6339533637234491, 'train_recall': 0.5363606406854862, 'train_f1': 0.5441893336142811}
[92mINFO [0m:      configure_evaluate: Sampled 6 nodes (out of 6)
[92mINFO [0m:      aggregate_evaluate: Received 6 results and 0 failures
[92mINFO [0m:      	\u2514\u2500\u2500> Aggregated MetricRecord: {'eval_loss': 1.4112706252773366, 'eval_acc': 0.489502099580084, 'eval_precision': 0.28758909935393406, 'eval_recall': 0.33804298656165255, 'eval_f1': 0.23476561149735806}
[92mINFO [0m:      Global evaluation
[92mINFO [0m:      	\u2514\u2500\u2500> MetricRecord: {'accuracy': 0.4897, 'loss': 1.4104361488849302, 'precision': 0.5296626442184683, 'recall': 0.4897, 'f1': 0.4611445996899103, 'global_accuracy': 0.4945501462551484, 'weighted_accuracy': 0.489502099580084}
[92mINFO [0m:      
[92mINFO [0m:      [ROUND 18/20]
[92mINFO [0m:      configure_train: Sampled 6 nodes (out of 6)
[92mINFO [0m:      aggregate_train: Received 6 results and 0 failures
[92mINFO [0m:      	\u2514\u2500\u2500> Aggregated MetricRecord: {'train_loss': 0.5092953680746913, 'train_accuracy': 0.8470673533676684, 'train_precision': 0.5942911075554477, 'train_recall': 0.5093528802355076, 'train_f1': 0.5175761698522523}
[92mINFO [0m:      configure_evaluate: Sampled 6 nodes (out of 6)
[92mINFO [0m:      aggregate_evaluate: Received 6 results and 0 failures
[92mINFO [0m:      	\u2514\u2500\u2500> Aggregated MetricRecord: {'eval_loss': 1.392425007699713, 'eval_acc': 0.4946010797840432, 'eval_precision': 0.2852715395262333, 'eval_recall': 0.3364515440386743, 'eval_f1': 0.23540244444636793}
[92mINFO [0m:      Global evaluation
[92mINFO [0m:      	\u2514\u2500\u2500> MetricRecord: {'accuracy': 0.5022, 'loss': 1.3861566253855258, 'precision': 0.5407516773748011, 'recall': 0.5022, 'f1': 0.4779014163992959, 'global_accuracy': 0.4968080015930451, 'weighted_accuracy': 0.4946010797840432}
[92mINFO [0m:      
[92mINFO [0m:      [ROUND 19/20]
[92mINFO [0m:      configure_train: Sampled 6 nodes (out of 6)
[92mINFO [0m:      aggregate_train: Received 6 results and 0 failures
[92mINFO [0m:      	\u2514\u2500\u2500> Aggregated MetricRecord: {'train_loss': 0.49460125945694744, 'train_accuracy': 0.8630681534076703, 'train_precision': 0.6022624765994612, 'train_recall': 0.5370199944044184, 'train_f1': 0.5540169830171854}
[92mINFO [0m:      configure_evaluate: Sampled 6 nodes (out of 6)
[92mINFO [0m:      aggregate_evaluate: Received 6 results and 0 failures
[92mINFO [0m:      	\u2514\u2500\u2500> Aggregated MetricRecord: {'eval_loss': 1.3866962631007727, 'eval_acc': 0.5055988802239552, 'eval_precision': 0.28704640489455674, 'eval_recall': 0.3477996137599504, 'eval_f1': 0.23961522701905472}
[92mINFO [0m:      Global evaluation
[92mINFO [0m:      	\u2514\u2500\u2500> MetricRecord: {'accuracy': 0.5048, 'loss': 1.3846191182921204, 'precision': 0.53307526639194, 'recall': 0.5047999999999999, 'f1': 0.47309373840124935, 'global_accuracy': 0.5141792530637311, 'weighted_accuracy': 0.5055988802239552}
[92mINFO [0m:      
[92mINFO [0m:      [ROUND 20/20]
[92mINFO [0m:      configure_train: Sampled 6 nodes (out of 6)
[92mINFO [0m:      aggregate_train: Received 6 results and 0 failures
[92mINFO [0m:      	\u2514\u2500\u2500> Aggregated MetricRecord: {'train_loss': 0.48563888894028967, 'train_accuracy': 0.8564928246412322, 'train_precision': 0.725381162214008, 'train_recall': 0.5500835686502503, 'train_f1': 0.5745804858469132}
[92mINFO [0m:      configure_evaluate: Sampled 6 nodes (out of 6)
[92mINFO [0m:      aggregate_evaluate: Received 6 results and 0 failures
[92mINFO [0m:      	\u2514\u2500\u2500> Aggregated MetricRecord: {'eval_loss': 1.3819357876895952, 'eval_acc': 0.5047990401919615, 'eval_precision': 0.28964388839918703, 'eval_recall': 0.3470000280665873, 'eval_f1': 0.24090966211827386}
[92mINFO [0m:      Global evaluation
[92mINFO [0m:      	\u2514\u2500\u2500> MetricRecord: {'accuracy': 0.5076, 'loss': 1.3766281212432474, 'precision': 0.5368482666522976, 'recall': 0.5075999999999999, 'f1': 0.482114650459443, 'global_accuracy': 0.5092419052648705, 'weighted_accuracy': 0.5047990401919616}
[92mINFO [0m:      
[92mINFO [0m:      Strategy execution finished in 82.35s
[92mINFO [0m:      
[92mINFO [0m:      Final results:
[92mINFO [0m:      
[92mINFO [0m:      	Global Arrays:
[92mINFO [0m:      		ArrayRecord (0.238 MB)
[92mINFO [0m:      	
[92mINFO [0m:      	Aggregated ClientApp-side Train Metrics:
[92mINFO [0m:      	{ 1: { 'train_accuracy': '6.4736e-01',
[92mINFO [0m:      	       'train_f1': '2.7426e-01',
[92mINFO [0m:      	       'train_loss': '1.1912e+00',
[92mINFO [0m:      	       'train_precision': '2.9802e-01',
[92mINFO [0m:      	       'train_recall': '2.8660e-01'},
[92mINFO [0m:      	  2: { 'train_accuracy': '7.1061e-01',
[92mINFO [0m:      	       'train_f1': '3.3647e-01',
[92mINFO [0m:      	       'train_loss': '9.0408e-01',
[92mINFO [0m:      	       'train_precision': '3.9031e-01',
[92mINFO [0m:      	       'train_recall': '3.5116e-01'},
[92mINFO [0m:      	  3: { 'train_accuracy': '7.4866e-01',
[92mINFO [0m:      	       'train_f1': '3.7425e-01',
[92mINFO [0m:      	       'train_loss': '8.0014e-01',
[92mINFO [0m:      	       'train_precision': '4.0027e-01',
[92mINFO [0m:      	       'train_recall': '3.6888e-01'},
[92mINFO [0m:      	  4: { 'train_accuracy': '7.3851e-01',
[92mINFO [0m:      	       'train_f1': '3.6676e-01',
[92mINFO [0m:      	       'train_loss': '7.5104e-01',
[92mINFO [0m:      	       'train_precision': '3.9261e-01',
[92mINFO [0m:      	       'train_recall': '3.7336e-01'},
[92mINFO [0m:      	  5: { 'train_accuracy': '7.6586e-01',
[92mINFO [0m:      	       'train_f1': '3.9038e-01',
[92mINFO [0m:      	       'train_loss': '7.1280e-01',
[92mINFO [0m:      	       'train_precision': '4.2339e-01',
[92mINFO [0m:      	       'train_recall': '4.0097e-01'},
[92mINFO [0m:      	  6: { 'train_accuracy': '7.7671e-01',
[92mINFO [0m:      	       'train_f1': '4.0512e-01',
[92mINFO [0m:      	       'train_loss': '6.7743e-01',
[92mINFO [0m:      	       'train_precision': '4.7237e-01',
[92mINFO [0m:      	       'train_recall': '4.0087e-01'},
[92mINFO [0m:      	  7: { 'train_accuracy': '7.8879e-01',
[92mINFO [0m:      	       'train_f1': '4.1269e-01',
[92mINFO [0m:      	       'train_loss': '6.6378e-01',
[92mINFO [0m:      	       'train_precision': '4.6990e-01',
[92mINFO [0m:      	       'train_recall': '4.1499e-01'},
[92mINFO [0m:      	  8: { 'train_accuracy': '7.9676e-01',
[92mINFO [0m:      	       'train_f1': '4.4255e-01',
[92mINFO [0m:      	       'train_loss': '6.4545e-01',
[92mINFO [0m:      	       'train_precision': '4.8300e-01',
[92mINFO [0m:      	       'train_recall': '4.3423e-01'},
[92mINFO [0m:      	  9: { 'train_accuracy': '7.8794e-01',
[92mINFO [0m:      	       'train_f1': '4.2047e-01',
[92mINFO [0m:      	       'train_loss': '6.2322e-01',
[92mINFO [0m:      	       'train_precision': '4.7344e-01',
[92mINFO [0m:      	       'train_recall': '4.1630e-01'},
[92mINFO [0m:      	  10: { 'train_accuracy': '8.1269e-01',
[92mINFO [0m:      	        'train_f1': '4.6460e-01',
[92mINFO [0m:      	        'train_loss': '6.0797e-01',
[92mINFO [0m:      	        'train_precision': '5.4646e-01',
[92mINFO [0m:      	        'train_recall': '4.6172e-01'},
[92mINFO [0m:      	  11: { 'train_accuracy': '8.1262e-01',
[92mINFO [0m:      	        'train_f1': '4.5450e-01',
[92mINFO [0m:      	        'train_loss': '5.9483e-01',
[92mINFO [0m:      	        'train_precision': '4.9935e-01',
[92mINFO [0m:      	        'train_recall': '4.4982e-01'},
[92mINFO [0m:      	  12: { 'train_accuracy': '8.1952e-01',
[92mINFO [0m:      	        'train_f1': '4.9494e-01',
[92mINFO [0m:      	        'train_loss': '5.6994e-01',
[92mINFO [0m:      	        'train_precision': '5.5793e-01',
[92mINFO [0m:      	        'train_recall': '4.8412e-01'},
[92mINFO [0m:      	  13: { 'train_accuracy': '8.1914e-01',
[92mINFO [0m:      	        'train_f1': '4.6856e-01',
[92mINFO [0m:      	        'train_loss': '5.5658e-01',
[92mINFO [0m:      	        'train_precision': '4.8640e-01',
[92mINFO [0m:      	        'train_recall': '4.7230e-01'},
[92mINFO [0m:      	  14: { 'train_accuracy': '8.1929e-01',
[92mINFO [0m:      	        'train_f1': '5.1375e-01',
[92mINFO [0m:      	        'train_loss': '5.4373e-01',
[92mINFO [0m:      	        'train_precision': '6.0980e-01',
[92mINFO [0m:      	        'train_recall': '4.9496e-01'},
[92mINFO [0m:      	  15: { 'train_accuracy': '8.3114e-01',
[92mINFO [0m:      	        'train_f1': '4.9525e-01',
[92mINFO [0m:      	        'train_loss': '5.3732e-01',
[92mINFO [0m:      	        'train_precision': '5.5825e-01',
[92mINFO [0m:      	        'train_recall': '4.8707e-01'},
[92mINFO [0m:      	  16: { 'train_accuracy': '8.4424e-01',
[92mINFO [0m:      	        'train_f1': '5.3506e-01',
[92mINFO [0m:      	        'train_loss': '5.2783e-01',
[92mINFO [0m:      	        'train_precision': '6.2849e-01',
[92mINFO [0m:      	        'train_recall': '5.2147e-01'},
[92mINFO [0m:      	  17: { 'train_accuracy': '8.5347e-01',
[92mINFO [0m:      	        'train_f1': '5.4419e-01',
[92mINFO [0m:      	        'train_loss': '5.1181e-01',
[92mINFO [0m:      	        'train_precision': '6.3395e-01',
[92mINFO [0m:      	        'train_recall': '5.3636e-01'},
[92mINFO [0m:      	  18: { 'train_accuracy': '8.4707e-01',
[92mINFO [0m:      	        'train_f1': '5.1758e-01',
[92mINFO [0m:      	        'train_loss': '5.0930e-01',
[92mINFO [0m:      	        'train_precision': '5.9429e-01',
[92mINFO [0m:      	        'train_recall': '5.0935e-01'},
[92mINFO [0m:      	  19: { 'train_accuracy': '8.6307e-01',
[92mINFO [0m:      	        'train_f1': '5.5402e-01',
[92mINFO [0m:      	        'train_loss': '4.9460e-01',
[92mINFO [0m:      	        'train_precision': '6.0226e-01',
[92mINFO [0m:      	        'train_recall': '5.3702e-01'},
[92mINFO [0m:      	  20: { 'train_accuracy': '8.5649e-01',
[92mINFO [0m:      	        'train_f1': '5.7458e-01',
[92mINFO [0m:      	        'train_loss': '4.8564e-01',
[92mINFO [0m:      	        'train_precision': '7.2538e-01',
[92mINFO [0m:      	        'train_recall': '5.5008e-01'}}
[92mINFO [0m:      	
[92mINFO [0m:      	Aggregated ClientApp-side Evaluate Metrics:
[92mINFO [0m:      	{ 1: { 'eval_acc': '1.5407e-01',
[92mINFO [0m:      	       'eval_f1': '8.4226e-02',
[92mINFO [0m:      	       'eval_loss': '2.2485e+00',
[92mINFO [0m:      	       'eval_precision': '1.1961e-01',
[92mINFO [0m:      	       'eval_recall': '1.8987e-01'},
[92mINFO [0m:      	  2: { 'eval_acc': '2.3265e-01',
[92mINFO [0m:      	       'eval_f1': '1.4246e-01',
[92mINFO [0m:      	       'eval_loss': '2.0294e+00',
[92mINFO [0m:      	       'eval_precision': '2.0352e-01',
[92mINFO [0m:      	       'eval_recall': '2.1802e-01'},
[92mINFO [0m:      	  3: { 'eval_acc': '2.9164e-01',
[92mINFO [0m:      	       'eval_f1': '1.7086e-01',
[92mINFO [0m:      	       'eval_loss': '1.8890e+00',
[92mINFO [0m:      	       'eval_precision': '2.3246e-01',
[92mINFO [0m:      	       'eval_recall': '2.4944e-01'},
[92mINFO [0m:      	  4: { 'eval_acc': '3.1314e-01',
[92mINFO [0m:      	       'eval_f1': '1.7373e-01',
[92mINFO [0m:      	       'eval_loss': '1.8236e+00',
[92mINFO [0m:      	       'eval_precision': '2.5706e-01',
[92mINFO [0m:      	       'eval_recall': '2.6057e-01'},
[92mINFO [0m:      	  5: { 'eval_acc': '3.6283e-01',
[92mINFO [0m:      	       'eval_f1': '1.7939e-01',
[92mINFO [0m:      	       'eval_loss': '1.7180e+00',
[92mINFO [0m:      	       'eval_precision': '2.6116e-01',
[92mINFO [0m:      	       'eval_recall': '2.7310e-01'},
[92mINFO [0m:      	  6: { 'eval_acc': '3.6903e-01',
[92mINFO [0m:      	       'eval_f1': '1.8487e-01',
[92mINFO [0m:      	       'eval_loss': '1.6772e+00',
[92mINFO [0m:      	       'eval_precision': '2.6588e-01',
[92mINFO [0m:      	       'eval_recall': '2.7418e-01'},
[92mINFO [0m:      	  7: { 'eval_acc': '3.9522e-01',
[92mINFO [0m:      	       'eval_f1': '1.8810e-01',
[92mINFO [0m:      	       'eval_loss': '1.6380e+00',
[92mINFO [0m:      	       'eval_precision': '2.6015e-01',
[92mINFO [0m:      	       'eval_recall': '2.7875e-01'},
[92mINFO [0m:      	  8: { 'eval_acc': '3.9342e-01',
[92mINFO [0m:      	       'eval_f1': '1.8923e-01',
[92mINFO [0m:      	       'eval_loss': '1.6127e+00',
[92mINFO [0m:      	       'eval_precision': '2.6508e-01',
[92mINFO [0m:      	       'eval_recall': '2.7181e-01'},
[92mINFO [0m:      	  9: { 'eval_acc': '4.2252e-01',
[92mINFO [0m:      	       'eval_f1': '2.0557e-01',
[92mINFO [0m:      	       'eval_loss': '1.5776e+00',
[92mINFO [0m:      	       'eval_precision': '2.6928e-01',
[92mINFO [0m:      	       'eval_recall': '3.0416e-01'},
[92mINFO [0m:      	  10: { 'eval_acc': '4.3621e-01',
[92mINFO [0m:      	        'eval_f1': '2.0756e-01',
[92mINFO [0m:      	        'eval_loss': '1.5279e+00',
[92mINFO [0m:      	        'eval_precision': '2.6893e-01',
[92mINFO [0m:      	        'eval_recall': '3.0169e-01'},
[92mINFO [0m:      	  11: { 'eval_acc': '4.4921e-01',
[92mINFO [0m:      	        'eval_f1': '2.1660e-01',
[92mINFO [0m:      	        'eval_loss': '1.5098e+00',
[92mINFO [0m:      	        'eval_precision': '2.7433e-01',
[92mINFO [0m:      	        'eval_recall': '3.1818e-01'},
[92mINFO [0m:      	  12: { 'eval_acc': '4.5671e-01',
[92mINFO [0m:      	        'eval_f1': '2.2144e-01',
[92mINFO [0m:      	        'eval_loss': '1.4835e+00',
[92mINFO [0m:      	        'eval_precision': '2.7763e-01',
[92mINFO [0m:      	        'eval_recall': '3.2979e-01'},
[92mINFO [0m:      	  13: { 'eval_acc': '4.7391e-01',
[92mINFO [0m:      	        'eval_f1': '2.2851e-01',
[92mINFO [0m:      	        'eval_loss': '1.4575e+00',
[92mINFO [0m:      	        'eval_precision': '2.8070e-01',
[92mINFO [0m:      	        'eval_recall': '3.3875e-01'},
[92mINFO [0m:      	  14: { 'eval_acc': '4.7960e-01',
[92mINFO [0m:      	        'eval_f1': '2.2906e-01',
[92mINFO [0m:      	        'eval_loss': '1.4304e+00',
[92mINFO [0m:      	        'eval_precision': '2.8036e-01',
[92mINFO [0m:      	        'eval_recall': '3.3168e-01'},
[92mINFO [0m:      	  15: { 'eval_acc': '4.8570e-01',
[92mINFO [0m:      	        'eval_f1': '2.3020e-01',
[92mINFO [0m:      	        'eval_loss': '1.4203e+00',
[92mINFO [0m:      	        'eval_precision': '2.8078e-01',
[92mINFO [0m:      	        'eval_recall': '3.3648e-01'},
[92mINFO [0m:      	  16: { 'eval_acc': '4.9480e-01',
[92mINFO [0m:      	        'eval_f1': '2.3526e-01',
[92mINFO [0m:      	        'eval_loss': '1.4011e+00',
[92mINFO [0m:      	        'eval_precision': '2.8451e-01',
[92mINFO [0m:      	        'eval_recall': '3.4109e-01'},
[92mINFO [0m:      	  17: { 'eval_acc': '4.8950e-01',
[92mINFO [0m:      	        'eval_f1': '2.3477e-01',
[92mINFO [0m:      	        'eval_loss': '1.4113e+00',
[92mINFO [0m:      	        'eval_precision': '2.8759e-01',
[92mINFO [0m:      	        'eval_recall': '3.3804e-01'},
[92mINFO [0m:      	  18: { 'eval_acc': '4.9460e-01',
[92mINFO [0m:      	        'eval_f1': '2.3540e-01',
[92mINFO [0m:      	        'eval_loss': '1.3924e+00',
[92mINFO [0m:      	        'eval_precision': '2.8527e-01',
[92mINFO [0m:      	        'eval_recall': '3.3645e-01'},
[92mINFO [0m:      	  19: { 'eval_acc': '5.0560e-01',
[92mINFO [0m:      	        'eval_f1': '2.3962e-01',
[92mINFO [0m:      	        'eval_loss': '1.3867e+00',
[92mINFO [0m:      	        'eval_precision': '2.8705e-01',
[92mINFO [0m:      	        'eval_recall': '3.4780e-01'},
[92mINFO [0m:      	  20: { 'eval_acc': '5.0480e-01',
[92mINFO [0m:      	        'eval_f1': '2.4091e-01',
[92mINFO [0m:      	        'eval_loss': '1.3819e+00',
[92mINFO [0m:      	        'eval_precision': '2.8964e-01',
[92mINFO [0m:      	        'eval_recall': '3.4700e-01'}}
[92mINFO [0m:      	
[92mINFO [0m:      	ServerApp-side Evaluate Metrics:
[92mINFO [0m:      	{ 0: { 'accuracy': '9.9800e-02',
[92mINFO [0m:      	       'f1': '1.8731e-02',
[92mINFO [0m:      	       'global_accuracy': '0.0000e+00',
[92mINFO [0m:      	       'loss': '2.3043e+00',
[92mINFO [0m:      	       'precision': '1.8095e-02',
[92mINFO [0m:      	       'recall': '9.9800e-02',
[92mINFO [0m:      	       'weighted_accuracy': '0.0000e+00'},
[92mINFO [0m:      	  1: { 'accuracy': '1.5580e-01',
[92mINFO [0m:      	       'f1': '5.7488e-02',
[92mINFO [0m:      	       'global_accuracy': '1.4869e-01',
[92mINFO [0m:      	       'loss': '2.2492e+00',
[92mINFO [0m:      	       'precision': '3.7223e-02',
[92mINFO [0m:      	       'recall': '1.5580e-01',
[92mINFO [0m:      	       'weighted_accuracy': '1.5407e-01'},
[92mINFO [0m:      	  2: { 'accuracy': '2.3220e-01',
[92mINFO [0m:      	       'f1': '1.4445e-01',
[92mINFO [0m:      	       'global_accuracy': '2.3076e-01',
[92mINFO [0m:      	       'loss': '2.0328e+00',
[92mINFO [0m:      	       'precision': '1.8824e-01',
[92mINFO [0m:      	       'recall': '2.3220e-01',
[92mINFO [0m:      	       'weighted_accuracy': '2.3265e-01'},
[92mINFO [0m:      	  3: { 'accuracy': '2.8810e-01',
[92mINFO [0m:      	       'f1': '2.0862e-01',
[92mINFO [0m:      	       'global_accuracy': '2.8335e-01',
[92mINFO [0m:      	       'loss': '1.8931e+00',
[92mINFO [0m:      	       'precision': '3.0031e-01',
[92mINFO [0m:      	       'recall': '2.8810e-01',
[92mINFO [0m:      	       'weighted_accuracy': '2.9164e-01'},
[92mINFO [0m:      	  4: { 'accuracy': '3.1600e-01',
[92mINFO [0m:      	       'f1': '2.2682e-01',
[92mINFO [0m:      	       'global_accuracy': '3.1406e-01',
[92mINFO [0m:      	       'loss': '1.8240e+00',
[92mINFO [0m:      	       'precision': '4.0865e-01',
[92mINFO [0m:      	       'recall': '3.1600e-01',
[92mINFO [0m:      	       'weighted_accuracy': '3.1314e-01'},
[92mINFO [0m:      	  5: { 'accuracy': '3.6230e-01',
[92mINFO [0m:      	       'f1': '2.9563e-01',
[92mINFO [0m:      	       'global_accuracy': '3.6523e-01',
[92mINFO [0m:      	       'loss': '1.7159e+00',
[92mINFO [0m:      	       'precision': '4.4019e-01',
[92mINFO [0m:      	       'recall': '3.6230e-01',
[92mINFO [0m:      	       'weighted_accuracy': '3.6283e-01'},
[92mINFO [0m:      	  6: { 'accuracy': '3.6640e-01',
[92mINFO [0m:      	       'f1': '3.0324e-01',
[92mINFO [0m:      	       'global_accuracy': '3.7103e-01',
[92mINFO [0m:      	       'loss': '1.6714e+00',
[92mINFO [0m:      	       'precision': '4.1221e-01',
[92mINFO [0m:      	       'recall': '3.6640e-01',
[92mINFO [0m:      	       'weighted_accuracy': '3.6903e-01'},
[92mINFO [0m:      	  7: { 'accuracy': '3.9320e-01',
[92mINFO [0m:      	       'f1': '3.3784e-01',
[92mINFO [0m:      	       'global_accuracy': '3.9984e-01',
[92mINFO [0m:      	       'loss': '1.6281e+00',
[92mINFO [0m:      	       'precision': '4.5247e-01',
[92mINFO [0m:      	       'recall': '3.9320e-01',
[92mINFO [0m:      	       'weighted_accuracy': '3.9522e-01'},
[92mINFO [0m:      	  8: { 'accuracy': '3.9930e-01',
[92mINFO [0m:      	       'f1': '3.4673e-01',
[92mINFO [0m:      	       'global_accuracy': '3.9822e-01',
[92mINFO [0m:      	       'loss': '1.6053e+00',
[92mINFO [0m:      	       'precision': '4.6935e-01',
[92mINFO [0m:      	       'recall': '3.9930e-01',
[92mINFO [0m:      	       'weighted_accuracy': '3.9342e-01'},
[92mINFO [0m:      	  9: { 'accuracy': '4.3100e-01',
[92mINFO [0m:      	       'f1': '3.9191e-01',
[92mINFO [0m:      	       'global_accuracy': '4.2856e-01',
[92mINFO [0m:      	       'loss': '1.5648e+00',
[92mINFO [0m:      	       'precision': '4.8829e-01',
[92mINFO [0m:      	       'recall': '4.3100e-01',
[92mINFO [0m:      	       'weighted_accuracy': '4.2252e-01'},
[92mINFO [0m:      	  10: { 'accuracy': '4.3550e-01',
[92mINFO [0m:      	        'f1': '3.9571e-01',
[92mINFO [0m:      	        'global_accuracy': '4.3598e-01',
[92mINFO [0m:      	        'loss': '1.5223e+00',
[92mINFO [0m:      	        'precision': '4.7499e-01',
[92mINFO [0m:      	        'recall': '4.3550e-01',
[92mINFO [0m:      	        'weighted_accuracy': '4.3621e-01'},
[92mINFO [0m:      	  11: { 'accuracy': '4.5650e-01',
[92mINFO [0m:      	        'f1': '4.1421e-01',
[92mINFO [0m:      	        'global_accuracy': '4.5744e-01',
[92mINFO [0m:      	        'loss': '1.5023e+00',
[92mINFO [0m:      	        'precision': '5.0440e-01',
[92mINFO [0m:      	        'recall': '4.5650e-01',
[92mINFO [0m:      	        'weighted_accuracy': '4.4921e-01'},
[92mINFO [0m:      	  12: { 'accuracy': '4.6610e-01',
[92mINFO [0m:      	        'f1': '4.2984e-01',
[92mINFO [0m:      	        'global_accuracy': '4.6397e-01',
[92mINFO [0m:      	        'loss': '1.4793e+00',
[92mINFO [0m:      	        'precision': '5.0463e-01',
[92mINFO [0m:      	        'recall': '4.6610e-01',
[92mINFO [0m:      	        'weighted_accuracy': '4.5671e-01'},
[92mINFO [0m:      	  13: { 'accuracy': '4.8130e-01',
[92mINFO [0m:      	        'f1': '4.4724e-01',
[92mINFO [0m:      	        'global_accuracy': '4.7999e-01',
[92mINFO [0m:      	        'loss': '1.4535e+00',
[92mINFO [0m:      	        'precision': '5.1027e-01',
[92mINFO [0m:      	        'recall': '4.8130e-01',
[92mINFO [0m:      	        'weighted_accuracy': '4.7391e-01'},
[92mINFO [0m:      	  14: { 'accuracy': '4.8630e-01',
[92mINFO [0m:      	        'f1': '4.5494e-01',
[92mINFO [0m:      	        'global_accuracy': '4.8755e-01',
[92mINFO [0m:      	        'loss': '1.4258e+00',
[92mINFO [0m:      	        'precision': '5.1743e-01',
[92mINFO [0m:      	        'recall': '4.8630e-01',
[92mINFO [0m:      	        'weighted_accuracy': '4.7960e-01'},
[92mINFO [0m:      	  15: { 'accuracy': '4.8900e-01',
[92mINFO [0m:      	        'f1': '4.5870e-01',
[92mINFO [0m:      	        'global_accuracy': '4.8902e-01',
[92mINFO [0m:      	        'loss': '1.4190e+00',
[92mINFO [0m:      	        'precision': '5.1254e-01',
[92mINFO [0m:      	        'recall': '4.8900e-01',
[92mINFO [0m:      	        'weighted_accuracy': '4.8570e-01'},
[92mINFO [0m:      	  16: { 'accuracy': '4.9850e-01',
[92mINFO [0m:      	        'f1': '4.6773e-01',
[92mINFO [0m:      	        'global_accuracy': '5.0249e-01',
[92mINFO [0m:      	        'loss': '1.4007e+00',
[92mINFO [0m:      	        'precision': '5.2387e-01',
[92mINFO [0m:      	        'recall': '4.9850e-01',
[92mINFO [0m:      	        'weighted_accuracy': '4.9480e-01'},
[92mINFO [0m:      	  17: { 'accuracy': '4.8970e-01',
[92mINFO [0m:      	        'f1': '4.6114e-01',
[92mINFO [0m:      	        'global_accuracy': '4.9455e-01',
[92mINFO [0m:      	        'loss': '1.4104e+00',
[92mINFO [0m:      	        'precision': '5.2966e-01',
[92mINFO [0m:      	        'recall': '4.8970e-01',
[92mINFO [0m:      	        'weighted_accuracy': '4.8950e-01'},
[92mINFO [0m:      	  18: { 'accuracy': '5.0220e-01',
[92mINFO [0m:      	        'f1': '4.7790e-01',
[92mINFO [0m:      	        'global_accuracy': '4.9681e-01',
[92mINFO [0m:      	        'loss': '1.3862e+00',
[92mINFO [0m:      	        'precision': '5.4075e-01',
[92mINFO [0m:      	        'recall': '5.0220e-01',
[92mINFO [0m:      	        'weighted_accuracy': '4.9460e-01'},
[92mINFO [0m:      	  19: { 'accuracy': '5.0480e-01',
[92mINFO [0m:      	        'f1': '4.7309e-01',
[92mINFO [0m:      	        'global_accuracy': '5.1418e-01',
[92mINFO [0m:      	        'loss': '1.3846e+00',
[92mINFO [0m:      	        'precision': '5.3308e-01',
[92mINFO [0m:      	        'recall': '5.0480e-01',
[92mINFO [0m:      	        'weighted_accuracy': '5.0560e-01'},
[92mINFO [0m:      	  20: { 'accuracy': '5.0760e-01',
[92mINFO [0m:      	        'f1': '4.8211e-01',
[92mINFO [0m:      	        'global_accuracy': '5.0924e-01',
[92mINFO [0m:      	        'loss': '1.3766e+00',
[92mINFO [0m:      	        'precision': '5.3685e-01',
[92mINFO [0m:      	        'recall': '5.0760e-01',
[92mINFO [0m:      	        'weighted_accuracy': '5.0480e-01'}}
[92mINFO [0m:      
[36m(ClientAppActor pid=74592)[0m [93mWARNING [0m:   Manually terminating ClientAppActor

============================================================
Starting Experiment: FedAvg_Dir0.1_npy
Strategy: FedAvg
Distribution: Dir0.1
Data Source: NPY
Rounds: 20
Clients: 6 (train: 6, eval: 6)
============================================================

Round   0 | Loss: 2.3043 | Acc: 0.0998 | F1: 0.0187 | Global Acc: 0.0000 | Weighted Acc: 0.0000
Round   1 | Loss: 2.2492 | Acc: 0.1558 | F1: 0.0575 | Global Acc: 0.1487 | Weighted Acc: 0.1541
Round   2 | Loss: 2.0328 | Acc: 0.2322 | F1: 0.1445 | Global Acc: 0.2308 | Weighted Acc: 0.2327
Round   3 | Loss: 1.8931 | Acc: 0.2881 | F1: 0.2086 | Global Acc: 0.2834 | Weighted Acc: 0.2916
Round   4 | Loss: 1.8240 | Acc: 0.3160 | F1: 0.2268 | Global Acc: 0.3141 | Weighted Acc: 0.3131
Round   5 | Loss: 1.7159 | Acc: 0.3623 | F1: 0.2956 | Global Acc: 0.3652 | Weighted Acc: 0.3628
Round   6 | Loss: 1.6714 | Acc: 0.3664 | F1: 0.3032 | Global Acc: 0.3710 | Weighted Acc: 0.3690
Round   7 | Loss: 1.6281 | Acc: 0.3932 | F1: 0.3378 | Global Acc: 0.3998 | Weighted Acc: 0.3952
Round   8 | Loss: 1.6053 | Acc: 0.3993 | F1: 0.3467 | Global Acc: 0.3982 | Weighted Acc: 0.3934
Round   9 | Loss: 1.5648 | Acc: 0.4310 | F1: 0.3919 | Global Acc: 0.4286 | Weighted Acc: 0.4225
Round  10 | Loss: 1.5223 | Acc: 0.4355 | F1: 0.3957 | Global Acc: 0.4360 | Weighted Acc: 0.4362
Round  11 | Loss: 1.5023 | Acc: 0.4565 | F1: 0.4142 | Global Acc: 0.4574 | Weighted Acc: 0.4492
Round  12 | Loss: 1.4793 | Acc: 0.4661 | F1: 0.4298 | Global Acc: 0.4640 | Weighted Acc: 0.4567
Round  13 | Loss: 1.4535 | Acc: 0.4813 | F1: 0.4472 | Global Acc: 0.4800 | Weighted Acc: 0.4739
Round  14 | Loss: 1.4258 | Acc: 0.4863 | F1: 0.4549 | Global Acc: 0.4875 | Weighted Acc: 0.4796
Round  15 | Loss: 1.4190 | Acc: 0.4890 | F1: 0.4587 | Global Acc: 0.4890 | Weighted Acc: 0.4857
Round  16 | Loss: 1.4007 | Acc: 0.4985 | F1: 0.4677 | Global Acc: 0.5025 | Weighted Acc: 0.4948
Round  17 | Loss: 1.4104 | Acc: 0.4897 | F1: 0.4611 | Global Acc: 0.4946 | Weighted Acc: 0.4895
Round  18 | Loss: 1.3862 | Acc: 0.5022 | F1: 0.4779 | Global Acc: 0.4968 | Weighted Acc: 0.4946
Round  19 | Loss: 1.3846 | Acc: 0.5048 | F1: 0.4731 | Global Acc: 0.5142 | Weighted Acc: 0.5056
Round  20 | Loss: 1.3766 | Acc: 0.5076 | F1: 0.4821 | Global Acc: 0.5092 | Weighted Acc: 0.5048

Saving final model to disk...

============================================================
Experiment completed: FedAvg_Dir0.1_npy
Results saved to:
  - global_csv: results\FedAvg_Dir0.1_npy_global_20260109_185405.csv
  - client_csv: results\FedAvg_Dir0.1_npy_client_20260109_185405.csv
============================================================

Loading project configuration... 
Success
[93mWARNING [0m:   Ray support on Windows is experimental and may not work as expected. On Windows, Flower Simulations run best in WSL2: https://learn.microsoft.com/en-us/windows/wsl/about
[92mINFO [0m:      Starting FedAvgWithMetricsAggregation strategy:
[92mINFO [0m:      	\u251c\u2500\u2500 Number of rounds: 20
[92mINFO [0m:      	\u251c\u2500\u2500 ArrayRecord (0.24 MB)
[92mINFO [0m:      	\u251c\u2500\u2500 ConfigRecord (train): {'lr': 0.01}
[92mINFO [0m:      	\u251c\u2500\u2500 ConfigRecord (evaluate): (empty!)
[92mINFO [0m:      	\u251c\u2500\u2500> Sampling:
[92mINFO [0m:      	\u2502	\u251c\u2500\u2500Fraction: train (1.00) | evaluate ( 1.00)
[92mINFO [0m:      	\u2502	\u251c\u2500\u2500Minimum nodes: train (6) | evaluate (6)
[92mINFO [0m:      	\u2502	\u2514\u2500\u2500Minimum available nodes: 6
[92mINFO [0m:      	\u2514\u2500\u2500> Keys in records:
[92mINFO [0m:      		\u251c\u2500\u2500 Weighted by: 'num-examples'
[92mINFO [0m:      		\u251c\u2500\u2500 ArrayRecord key: 'arrays'
[92mINFO [0m:      		\u2514\u2500\u2500 ConfigRecord key: 'config'
[92mINFO [0m:      
[92mINFO [0m:      Initial global evaluation results: {'accuracy': 0.1, 'loss': 2.305034018770049, 'precision': 0.01, 'recall': 0.1, 'f1': 0.01818181818181818, 'global_accuracy': 0.0, 'weighted_accuracy': 0.0}
[92mINFO [0m:      
[92mINFO [0m:      [ROUND 1/20]
[92mINFO [0m:      configure_train: Sampled 6 nodes (out of 6)
[92mINFO [0m:      aggregate_train: Received 6 results and 0 failures
[92mINFO [0m:      	\u2514\u2500\u2500> Aggregated MetricRecord: {'train_loss': 1.6929675448698491, 'train_accuracy': 0.4634731736586829, 'train_precision': 0.17855763054947538, 'train_recall': 0.16853967735813896, 'train_f1': 0.14324314587437592}
[92mINFO [0m:      configure_evaluate: Sampled 6 nodes (out of 6)
[93mWARNING [0m:   The `metrics_records` property of `RecordDict` (formerly `RecordSet`) is deprecated and will be removed in a future release. Please use the `metric_records` property instead.
[92mINFO [0m:      aggregate_evaluate: Received 6 results and 0 failures
[92mINFO [0m:      	\u2514\u2500\u2500> Aggregated MetricRecord: {'eval_loss': 2.174469536486924, 'eval_acc': 0.2158568286342732, 'eval_precision': 0.12202239987925617, 'eval_recall': 0.21520702970208014, 'eval_f1': 0.11843306181261562}
[92mINFO [0m:      Global evaluation
[92mINFO [0m:      	\u2514\u2500\u2500> MetricRecord: {'accuracy': 0.2204, 'loss': 2.1715978006773358, 'precision': 0.13807507531450675, 'recall': 0.22039999999999998, 'f1': 0.14253239856266925, 'global_accuracy': 0.22323102626752409, 'weighted_accuracy': 0.21585682863427313}
[92mINFO [0m:      
[92mINFO [0m:      [ROUND 2/20]
[92mINFO [0m:      configure_train: Sampled 6 nodes (out of 6)
[92mINFO [0m:      aggregate_train: Received 6 results and 0 failures
[92mINFO [0m:      	\u2514\u2500\u2500> Aggregated MetricRecord: {'train_loss': 1.470912383164734, 'train_accuracy': 0.5450522526126307, 'train_precision': 0.2601791498323818, 'train_recall': 0.23394461678153886, 'train_f1': 0.2171982183036361}
[92mINFO [0m:      configure_evaluate: Sampled 6 nodes (out of 6)
[92mINFO [0m:      aggregate_evaluate: Received 6 results and 0 failures
[92mINFO [0m:      	\u2514\u2500\u2500> Aggregated MetricRecord: {'eval_loss': 1.884685881554465, 'eval_acc': 0.29394121175764854, 'eval_precision': 0.22653298952084272, 'eval_recall': 0.2939004232435328, 'eval_f1': 0.18533139439839436}
[92mINFO [0m:      Global evaluation
[92mINFO [0m:      	\u2514\u2500\u2500> MetricRecord: {'accuracy': 0.3015, 'loss': 1.8814345070078402, 'precision': 0.3061325352519951, 'recall': 0.3015, 'f1': 0.2238607258200213, 'global_accuracy': 0.29813748483113717, 'weighted_accuracy': 0.2939412117576485}
[92mINFO [0m:      
[92mINFO [0m:      [ROUND 3/20]
[92mINFO [0m:      configure_train: Sampled 6 nodes (out of 6)
[92mINFO [0m:      aggregate_train: Received 6 results and 0 failures
[92mINFO [0m:      	\u2514\u2500\u2500> Aggregated MetricRecord: {'train_loss': 1.3169335564444753, 'train_accuracy': 0.5878043902195109, 'train_precision': 0.3584490400812459, 'train_recall': 0.2916360764564716, 'train_f1': 0.2831707221069443}
[92mINFO [0m:      configure_evaluate: Sampled 6 nodes (out of 6)
[92mINFO [0m:      aggregate_evaluate: Received 6 results and 0 failures
[92mINFO [0m:      	\u2514\u2500\u2500> Aggregated MetricRecord: {'eval_loss': 1.761288689714389, 'eval_acc': 0.3583283343331334, 'eval_precision': 0.26598962672624527, 'eval_recall': 0.3466941315226119, 'eval_f1': 0.23233710434096144}
[92mINFO [0m:      Global evaluation
[92mINFO [0m:      	\u2514\u2500\u2500> MetricRecord: {'accuracy': 0.3585, 'loss': 1.7607326175593123, 'precision': 0.30197347567451505, 'recall': 0.35849999999999993, 'f1': 0.28793027642182606, 'global_accuracy': 0.36784053025436886, 'weighted_accuracy': 0.3583283343331334}
[92mINFO [0m:      
[92mINFO [0m:      [ROUND 4/20]
[92mINFO [0m:      configure_train: Sampled 6 nodes (out of 6)
[92mINFO [0m:      aggregate_train: Received 6 results and 0 failures
[92mINFO [0m:      	\u2514\u2500\u2500> Aggregated MetricRecord: {'train_loss': 1.222132590074873, 'train_accuracy': 0.6160058002900145, 'train_precision': 0.4499353646782905, 'train_recall': 0.33810405553085426, 'train_f1': 0.32731395978325406}
[92mINFO [0m:      configure_evaluate: Sampled 6 nodes (out of 6)
[92mINFO [0m:      aggregate_evaluate: Received 6 results and 0 failures
[92mINFO [0m:      	\u2514\u2500\u2500> Aggregated MetricRecord: {'eval_loss': 1.5855205958454075, 'eval_acc': 0.40821835632873427, 'eval_precision': 0.31469996511130677, 'eval_recall': 0.4032947896763382, 'eval_f1': 0.28947390263126943}
[92mINFO [0m:      Global evaluation
[92mINFO [0m:      	\u2514\u2500\u2500> MetricRecord: {'accuracy': 0.4093, 'loss': 1.5870141017286084, 'precision': 0.413179233495539, 'recall': 0.4093, 'f1': 0.3539746157254081, 'global_accuracy': 0.4200757191306674, 'weighted_accuracy': 0.40821835632873427}
[92mINFO [0m:      
[92mINFO [0m:      [ROUND 5/20]
[92mINFO [0m:      configure_train: Sampled 6 nodes (out of 6)
[92mINFO [0m:      aggregate_train: Received 6 results and 0 failures
[92mINFO [0m:      	\u2514\u2500\u2500> Aggregated MetricRecord: {'train_loss': 1.1450680621934413, 'train_accuracy': 0.6238061903095155, 'train_precision': 0.47663448435041467, 'train_recall': 0.35791778481513553, 'train_f1': 0.3594396546203922}
[92mINFO [0m:      configure_evaluate: Sampled 6 nodes (out of 6)
[92mINFO [0m:      aggregate_evaluate: Received 6 results and 0 failures
[92mINFO [0m:      	\u2514\u2500\u2500> Aggregated MetricRecord: {'eval_loss': 1.5169452756922783, 'eval_acc': 0.43931213757248555, 'eval_precision': 0.3479092933212685, 'eval_recall': 0.43186600339881953, 'eval_f1': 0.31033218571825694}
[92mINFO [0m:      Global evaluation
[92mINFO [0m:      	\u2514\u2500\u2500> MetricRecord: {'accuracy': 0.4351, 'loss': 1.520214972616751, 'precision': 0.4476681058779536, 'recall': 0.4351, 'f1': 0.3851118640722221, 'global_accuracy': 0.44919896311308, 'weighted_accuracy': 0.4393121375724855}
[92mINFO [0m:      
[92mINFO [0m:      [ROUND 6/20]
[92mINFO [0m:      configure_train: Sampled 6 nodes (out of 6)
[92mINFO [0m:      aggregate_train: Received 6 results and 0 failures
[92mINFO [0m:      	\u2514\u2500\u2500> Aggregated MetricRecord: {'train_loss': 1.096953192441952, 'train_accuracy': 0.643657182859143, 'train_precision': 0.49121238124275474, 'train_recall': 0.37604951847738854, 'train_f1': 0.3775891332059298}
[92mINFO [0m:      configure_evaluate: Sampled 6 nodes (out of 6)
[92mINFO [0m:      aggregate_evaluate: Received 6 results and 0 failures
[92mINFO [0m:      	\u2514\u2500\u2500> Aggregated MetricRecord: {'eval_loss': 1.451763480220644, 'eval_acc': 0.456508698260348, 'eval_precision': 0.36483949688283934, 'eval_recall': 0.4427089636112386, 'eval_f1': 0.3228943517770619}
[92mINFO [0m:      Global evaluation
[92mINFO [0m:      	\u2514\u2500\u2500> MetricRecord: {'accuracy': 0.4562, 'loss': 1.459630691552464, 'precision': 0.47946232056664184, 'recall': 0.45619999999999994, 'f1': 0.40729912005517976, 'global_accuracy': 0.46943299285726264, 'weighted_accuracy': 0.45650869826034796}
[92mINFO [0m:      
[92mINFO [0m:      [ROUND 7/20]
[92mINFO [0m:      configure_train: Sampled 6 nodes (out of 6)
[36m(pid=gcs_server)[0m [2026-01-09 18:56:07,088 E 234720 143160] (gcs_server.exe) gcs_server.cc:302: Failed to establish connection to the event+metrics exporter agent. Events and metrics will not be exported. Exporter agent status: RpcError: Running out of retries to initialize the metrics agent. rpc_code: 14
[33m(raylet)[0m [2026-01-09 18:56:08,431 E 203300 187212] (raylet.exe) main.cc:975: Failed to establish connection to the metrics exporter agent. Metrics will not be exported. Exporter agent status: RpcError: Running out of retries to initialize the metrics agent. rpc_code: 14
[92mINFO [0m:      aggregate_train: Received 6 results and 0 failures
[92mINFO [0m:      	\u2514\u2500\u2500> Aggregated MetricRecord: {'train_loss': 1.0612505975390967, 'train_accuracy': 0.6534576728836442, 'train_precision': 0.5217942259091566, 'train_recall': 0.37805335114061894, 'train_f1': 0.3987292475330858}
[92mINFO [0m:      configure_evaluate: Sampled 6 nodes (out of 6)
[92mINFO [0m:      aggregate_evaluate: Received 6 results and 0 failures
[92mINFO [0m:      	\u2514\u2500\u2500> Aggregated MetricRecord: {'eval_loss': 1.3964841354396298, 'eval_acc': 0.493501299740052, 'eval_precision': 0.3870900403365839, 'eval_recall': 0.4803516777324124, 'eval_f1': 0.3648620955476299}
[92mINFO [0m:      Global evaluation
[2026-01-09 18:56:09,623 E 175160 226496] core_worker_process.cc:825: Failed to establish connection to the metrics exporter agent. Metrics will not be exported. Exporter agent status: RpcError: Running out of retries to initialize the metrics agent. rpc_code: 14
[92mINFO [0m:      	\u2514\u2500\u2500> MetricRecord: {'accuracy': 0.4832, 'loss': 1.4026759048051471, 'precision': 0.5023643187946278, 'recall': 0.48319999999999996, 'f1': 0.45147705726685433, 'global_accuracy': 0.5018459369487106, 'weighted_accuracy': 0.49350129974005197}
[92mINFO [0m:      
[92mINFO [0m:      [ROUND 8/20]
[92mINFO [0m:      configure_train: Sampled 6 nodes (out of 6)
[92mINFO [0m:      aggregate_train: Received 6 results and 0 failures
[92mINFO [0m:      	\u2514\u2500\u2500> Aggregated MetricRecord: {'train_loss': 1.0324945443110183, 'train_accuracy': 0.655582779138957, 'train_precision': 0.5493570894329505, 'train_recall': 0.4052344813922345, 'train_f1': 0.4217255057587678}
[92mINFO [0m:      configure_evaluate: Sampled 6 nodes (out of 6)
[92mINFO [0m:      aggregate_evaluate: Received 6 results and 0 failures
[92mINFO [0m:      	\u2514\u2500\u2500> Aggregated MetricRecord: {'eval_loss': 1.367510364982108, 'eval_acc': 0.5062987402519495, 'eval_precision': 0.391251638855508, 'eval_recall': 0.489958367217013, 'eval_f1': 0.3662831991676909}
[92mINFO [0m:      Global evaluation
[92mINFO [0m:      	\u2514\u2500\u2500> MetricRecord: {'accuracy': 0.4981, 'loss': 1.3767297071746634, 'precision': 0.5131040113899641, 'recall': 0.4981, 'f1': 0.46004891975397133, 'global_accuracy': 0.5167672955514414, 'weighted_accuracy': 0.5062987402519497}
[92mINFO [0m:      
[92mINFO [0m:      [ROUND 9/20]
[92mINFO [0m:      configure_train: Sampled 6 nodes (out of 6)
[92mINFO [0m:      aggregate_train: Received 6 results and 0 failures
[92mINFO [0m:      	\u2514\u2500\u2500> Aggregated MetricRecord: {'train_loss': 1.0009558963884477, 'train_accuracy': 0.6882594129706485, 'train_precision': 0.5533466573268238, 'train_recall': 0.4393661769776344, 'train_f1': 0.4510647238921574}
[92mINFO [0m:      configure_evaluate: Sampled 6 nodes (out of 6)
[92mINFO [0m:      aggregate_evaluate: Received 6 results and 0 failures
[92mINFO [0m:      	\u2514\u2500\u2500> Aggregated MetricRecord: {'eval_loss': 1.3365450035776323, 'eval_acc': 0.5186962607478505, 'eval_precision': 0.3958054770652157, 'eval_recall': 0.48990152062642084, 'eval_f1': 0.37565826744697717}
[92mINFO [0m:      Global evaluation
[92mINFO [0m:      	\u2514\u2500\u2500> MetricRecord: {'accuracy': 0.5063, 'loss': 1.3484150201459475, 'precision': 0.5181855524023221, 'recall': 0.5063, 'f1': 0.46919860459376606, 'global_accuracy': 0.5286297201276354, 'weighted_accuracy': 0.5186962607478505}
[92mINFO [0m:      
[92mINFO [0m:      [ROUND 10/20]
[92mINFO [0m:      configure_train: Sampled 6 nodes (out of 6)
[92mINFO [0m:      aggregate_train: Received 6 results and 0 failures
[92mINFO [0m:      	\u2514\u2500\u2500> Aggregated MetricRecord: {'train_loss': 0.9819160724255006, 'train_accuracy': 0.6989349467473374, 'train_precision': 0.600311741719969, 'train_recall': 0.46228286398930235, 'train_f1': 0.4805621657314563}
[92mINFO [0m:      configure_evaluate: Sampled 6 nodes (out of 6)
[92mINFO [0m:      aggregate_evaluate: Received 6 results and 0 failures
[92mINFO [0m:      	\u2514\u2500\u2500> Aggregated MetricRecord: {'eval_loss': 1.3133027009732754, 'eval_acc': 0.5303939212157569, 'eval_precision': 0.4091079005092582, 'eval_recall': 0.5132595491102061, 'eval_f1': 0.390968609460136}
[92mINFO [0m:      Global evaluation
[92mINFO [0m:      	\u2514\u2500\u2500> MetricRecord: {'accuracy': 0.5182, 'loss': 1.3235922840577137, 'precision': 0.5290218733501237, 'recall': 0.5182, 'f1': 0.4835231180307469, 'global_accuracy': 0.5372039937407442, 'weighted_accuracy': 0.5303939212157569}
[92mINFO [0m:      
[92mINFO [0m:      [ROUND 11/20]
[92mINFO [0m:      configure_train: Sampled 6 nodes (out of 6)
[92mINFO [0m:      aggregate_train: Received 6 results and 0 failures
[92mINFO [0m:      	\u2514\u2500\u2500> Aggregated MetricRecord: {'train_loss': 0.9490341975700856, 'train_accuracy': 0.7050352517625882, 'train_precision': 0.6464401097022144, 'train_recall': 0.4543566099207854, 'train_f1': 0.47401523667468537}
[92mINFO [0m:      configure_evaluate: Sampled 6 nodes (out of 6)
[92mINFO [0m:      aggregate_evaluate: Received 6 results and 0 failures
[92mINFO [0m:      	\u2514\u2500\u2500> Aggregated MetricRecord: {'eval_loss': 1.2929073045634376, 'eval_acc': 0.5392921415716856, 'eval_precision': 0.4167093659589392, 'eval_recall': 0.5214512882922243, 'eval_f1': 0.3999189542260714}
[92mINFO [0m:      Global evaluation
[92mINFO [0m:      	\u2514\u2500\u2500> MetricRecord: {'accuracy': 0.5287, 'loss': 1.301582573335382, 'precision': 0.5403292527775776, 'recall': 0.5287, 'f1': 0.4981683344021344, 'global_accuracy': 0.5470813387305136, 'weighted_accuracy': 0.5392921415716857}
[92mINFO [0m:      
[92mINFO [0m:      [ROUND 12/20]
[92mINFO [0m:      configure_train: Sampled 6 nodes (out of 6)
[92mINFO [0m:      aggregate_train: Received 6 results and 0 failures
[92mINFO [0m:      	\u2514\u2500\u2500> Aggregated MetricRecord: {'train_loss': 0.9294812516761468, 'train_accuracy': 0.7149107455372768, 'train_precision': 0.6384123472407455, 'train_recall': 0.48816120163300925, 'train_f1': 0.5119908258805603}
[92mINFO [0m:      configure_evaluate: Sampled 6 nodes (out of 6)
[92mINFO [0m:      aggregate_evaluate: Received 6 results and 0 failures
[92mINFO [0m:      	\u2514\u2500\u2500> Aggregated MetricRecord: {'eval_loss': 1.269678882765633, 'eval_acc': 0.5448910217956409, 'eval_precision': 0.42151420941804757, 'eval_recall': 0.52535636274805, 'eval_f1': 0.406872397175058}
[92mINFO [0m:      Global evaluation
[92mINFO [0m:      	\u2514\u2500\u2500> MetricRecord: {'accuracy': 0.5376, 'loss': 1.2827371539948862, 'precision': 0.5530885183340963, 'recall': 0.5376, 'f1': 0.5093823965735935, 'global_accuracy': 0.5525224883354588, 'weighted_accuracy': 0.5448910217956409}
[92mINFO [0m:      
[92mINFO [0m:      [ROUND 13/20]
[92mINFO [0m:      configure_train: Sampled 6 nodes (out of 6)
[92mINFO [0m:      aggregate_train: Received 6 results and 0 failures
[92mINFO [0m:      	\u2514\u2500\u2500> Aggregated MetricRecord: {'train_loss': 0.900753867479422, 'train_accuracy': 0.7182609130456523, 'train_precision': 0.6381680291170465, 'train_recall': 0.48325575576693347, 'train_f1': 0.5065769415973305}
[92mINFO [0m:      configure_evaluate: Sampled 6 nodes (out of 6)
[92mINFO [0m:      aggregate_evaluate: Received 6 results and 0 failures
[92mINFO [0m:      	\u2514\u2500\u2500> Aggregated MetricRecord: {'eval_loss': 1.2468434755464883, 'eval_acc': 0.5503899220155969, 'eval_precision': 0.4226142260021952, 'eval_recall': 0.5184032768107201, 'eval_f1': 0.40934960232895773}
[92mINFO [0m:      Global evaluation
[92mINFO [0m:      	\u2514\u2500\u2500> MetricRecord: {'accuracy': 0.5457, 'loss': 1.2567625634277924, 'precision': 0.5626623277839992, 'recall': 0.5457, 'f1': 0.518207275880037, 'global_accuracy': 0.5598499506690939, 'weighted_accuracy': 0.5503899220155969}
[92mINFO [0m:      
[92mINFO [0m:      [ROUND 14/20]
[92mINFO [0m:      configure_train: Sampled 6 nodes (out of 6)
[92mINFO [0m:      aggregate_train: Received 6 results and 0 failures
[92mINFO [0m:      	\u2514\u2500\u2500> Aggregated MetricRecord: {'train_loss': 0.8826748008652339, 'train_accuracy': 0.739161958097905, 'train_precision': 0.6455992792754739, 'train_recall': 0.5105999279531441, 'train_f1': 0.5289000980366056}
[92mINFO [0m:      configure_evaluate: Sampled 6 nodes (out of 6)
[92mINFO [0m:      aggregate_evaluate: Received 6 results and 0 failures
[92mINFO [0m:      	\u2514\u2500\u2500> Aggregated MetricRecord: {'eval_loss': 1.2469464413323617, 'eval_acc': 0.5546890621875625, 'eval_precision': 0.4303430296420893, 'eval_recall': 0.5279083397314724, 'eval_f1': 0.4142185657917934}
[92mINFO [0m:      Global evaluation
[92mINFO [0m:      	\u2514\u2500\u2500> MetricRecord: {'accuracy': 0.5481, 'loss': 1.2556766407399238, 'precision': 0.5638167240421001, 'recall': 0.5481, 'f1': 0.5220880653056124, 'global_accuracy': 0.5631769243165357, 'weighted_accuracy': 0.5546890621875625}
[92mINFO [0m:      
[92mINFO [0m:      [ROUND 15/20]
[92mINFO [0m:      configure_train: Sampled 6 nodes (out of 6)
[92mINFO [0m:      aggregate_train: Received 6 results and 0 failures
[92mINFO [0m:      	\u2514\u2500\u2500> Aggregated MetricRecord: {'train_loss': 0.8657418270194542, 'train_accuracy': 0.7490624531226562, 'train_precision': 0.6713077451180536, 'train_recall': 0.5172799314288881, 'train_f1': 0.5465335189152151}
[92mINFO [0m:      configure_evaluate: Sampled 6 nodes (out of 6)
[92mINFO [0m:      aggregate_evaluate: Received 6 results and 0 failures
[92mINFO [0m:      	\u2514\u2500\u2500> Aggregated MetricRecord: {'eval_loss': 1.227819712625365, 'eval_acc': 0.5655868826234753, 'eval_precision': 0.43663788129031333, 'eval_recall': 0.5394732951130139, 'eval_f1': 0.42772868995378466}
[92mINFO [0m:      Global evaluation
[92mINFO [0m:      	\u2514\u2500\u2500> MetricRecord: {'accuracy': 0.5595, 'loss': 1.2351178006280827, 'precision': 0.5715838691505104, 'recall': 0.5595, 'f1': 0.5399460128627931, 'global_accuracy': 0.57249436351724, 'weighted_accuracy': 0.5655868826234753}
[92mINFO [0m:      
[92mINFO [0m:      [ROUND 16/20]
[92mINFO [0m:      configure_train: Sampled 6 nodes (out of 6)
[92mINFO [0m:      aggregate_train: Received 6 results and 0 failures
[92mINFO [0m:      	\u2514\u2500\u2500> Aggregated MetricRecord: {'train_loss': 0.8447789402912095, 'train_accuracy': 0.7531126556327817, 'train_precision': 0.6680108290642378, 'train_recall': 0.5466737314858882, 'train_f1': 0.5648088027317162}
[92mINFO [0m:      configure_evaluate: Sampled 6 nodes (out of 6)
[92mINFO [0m:      aggregate_evaluate: Received 6 results and 0 failures
[92mINFO [0m:      	\u2514\u2500\u2500> Aggregated MetricRecord: {'eval_loss': 1.2079298221750001, 'eval_acc': 0.5712857428514297, 'eval_precision': 0.43764173411972745, 'eval_recall': 0.5489131294122229, 'eval_f1': 0.4310647776593146}
[92mINFO [0m:      Global evaluation
[92mINFO [0m:      	\u2514\u2500\u2500> MetricRecord: {'accuracy': 0.5647, 'loss': 1.2213956057270872, 'precision': 0.5743657026283377, 'recall': 0.5647, 'f1': 0.5416317707288704, 'global_accuracy': 0.576611032762962, 'weighted_accuracy': 0.5712857428514297}
[92mINFO [0m:      
[92mINFO [0m:      [ROUND 17/20]
[92mINFO [0m:      configure_train: Sampled 6 nodes (out of 6)
[92mINFO [0m:      aggregate_train: Received 6 results and 0 failures
[92mINFO [0m:      	\u2514\u2500\u2500> Aggregated MetricRecord: {'train_loss': 0.8328065708829517, 'train_accuracy': 0.752537626881344, 'train_precision': 0.6591503970139624, 'train_recall': 0.5543538164487334, 'train_f1': 0.5662663153556382}
[92mINFO [0m:      configure_evaluate: Sampled 6 nodes (out of 6)
[92mINFO [0m:      aggregate_evaluate: Received 6 results and 0 failures
[92mINFO [0m:      	\u2514\u2500\u2500> Aggregated MetricRecord: {'eval_loss': 1.2135223381988318, 'eval_acc': 0.5686862627474505, 'eval_precision': 0.4392455988063815, 'eval_recall': 0.5374566499005314, 'eval_f1': 0.42875307877617524}
[92mINFO [0m:      Global evaluation
[92mINFO [0m:      	\u2514\u2500\u2500> MetricRecord: {'accuracy': 0.5634, 'loss': 1.2258281511596487, 'precision': 0.5793584012824856, 'recall': 0.5634, 'f1': 0.5428401503073913, 'global_accuracy': 0.5761175244231421, 'weighted_accuracy': 0.5686862627474505}
[92mINFO [0m:      
[92mINFO [0m:      [ROUND 18/20]
[92mINFO [0m:      configure_train: Sampled 6 nodes (out of 6)
[92mINFO [0m:      aggregate_train: Received 6 results and 0 failures
[92mINFO [0m:      	\u2514\u2500\u2500> Aggregated MetricRecord: {'train_loss': 0.8200450654689894, 'train_accuracy': 0.7588879443972198, 'train_precision': 0.6760103620993041, 'train_recall': 0.565467528557619, 'train_f1': 0.5850421117857502}
[92mINFO [0m:      configure_evaluate: Sampled 6 nodes (out of 6)
[92mINFO [0m:      aggregate_evaluate: Received 6 results and 0 failures
[92mINFO [0m:      	\u2514\u2500\u2500> Aggregated MetricRecord: {'eval_loss': 1.1914669667907059, 'eval_acc': 0.573885222955409, 'eval_precision': 0.4386194028264446, 'eval_recall': 0.5422602383882071, 'eval_f1': 0.43436148658402385}
[92mINFO [0m:      Global evaluation
[92mINFO [0m:      	\u2514\u2500\u2500> MetricRecord: {'accuracy': 0.5758, 'loss': 1.1954265976253944, 'precision': 0.5799928708385813, 'recall': 0.5757999999999999, 'f1': 0.5584419405793556, 'global_accuracy': 0.5814793053808323, 'weighted_accuracy': 0.5738852229554089}
[92mINFO [0m:      
[92mINFO [0m:      [ROUND 19/20]
[92mINFO [0m:      configure_train: Sampled 6 nodes (out of 6)
[92mINFO [0m:      aggregate_train: Received 6 results and 0 failures
[92mINFO [0m:      	\u2514\u2500\u2500> Aggregated MetricRecord: {'train_loss': 0.8024411086267569, 'train_accuracy': 0.7421871093554677, 'train_precision': 0.6839241606953159, 'train_recall': 0.5247841164812238, 'train_f1': 0.5537086255777091}
[92mINFO [0m:      configure_evaluate: Sampled 6 nodes (out of 6)
[92mINFO [0m:      aggregate_evaluate: Received 6 results and 0 failures
[92mINFO [0m:      	\u2514\u2500\u2500> Aggregated MetricRecord: {'eval_loss': 1.2074450849043648, 'eval_acc': 0.5725854829034193, 'eval_precision': 0.4423256596044875, 'eval_recall': 0.540278163940331, 'eval_f1': 0.4355420369899837}
[92mINFO [0m:      Global evaluation
[92mINFO [0m:      	\u2514\u2500\u2500> MetricRecord: {'accuracy': 0.5705, 'loss': 1.2137470577336564, 'precision': 0.5850850814973108, 'recall': 0.5705, 'f1': 0.551590671280693, 'global_accuracy': 0.5809518767856436, 'weighted_accuracy': 0.5725854829034193}
[92mINFO [0m:      
[92mINFO [0m:      [ROUND 20/20]
[92mINFO [0m:      configure_train: Sampled 6 nodes (out of 6)
[92mINFO [0m:      aggregate_train: Received 6 results and 0 failures
[92mINFO [0m:      	\u2514\u2500\u2500> Aggregated MetricRecord: {'train_loss': 0.7849768435058627, 'train_accuracy': 0.7765138256912847, 'train_precision': 0.7062988174136596, 'train_recall': 0.5553934125932143, 'train_f1': 0.5875825159755586}
[92mINFO [0m:      configure_evaluate: Sampled 6 nodes (out of 6)
[92mINFO [0m:      aggregate_evaluate: Received 6 results and 0 failures
[92mINFO [0m:      	\u2514\u2500\u2500> Aggregated MetricRecord: {'eval_loss': 1.1918134017584312, 'eval_acc': 0.5795840831833633, 'eval_precision': 0.4442938386630147, 'eval_recall': 0.5482303015537293, 'eval_f1': 0.4400576418464552}
[92mINFO [0m:      Global evaluation
[92mINFO [0m:      	\u2514\u2500\u2500> MetricRecord: {'accuracy': 0.5792, 'loss': 1.1939583020874216, 'precision': 0.5875494923128655, 'recall': 0.5792, 'f1': 0.5634389473918479, 'global_accuracy': 0.5856314178269147, 'weighted_accuracy': 0.5795840831833633}
[92mINFO [0m:      
[92mINFO [0m:      Strategy execution finished in 82.07s
[92mINFO [0m:      
[92mINFO [0m:      Final results:
[92mINFO [0m:      
[92mINFO [0m:      	Global Arrays:
[92mINFO [0m:      		ArrayRecord (0.238 MB)
[92mINFO [0m:      	
[92mINFO [0m:      	Aggregated ClientApp-side Train Metrics:
[92mINFO [0m:      	{ 1: { 'train_accuracy': '4.6347e-01',
[92mINFO [0m:      	       'train_f1': '1.4324e-01',
[92mINFO [0m:      	       'train_loss': '1.6930e+00',
[92mINFO [0m:      	       'train_precision': '1.7856e-01',
[92mINFO [0m:      	       'train_recall': '1.6854e-01'},
[92mINFO [0m:      	  2: { 'train_accuracy': '5.4505e-01',
[92mINFO [0m:      	       'train_f1': '2.1720e-01',
[92mINFO [0m:      	       'train_loss': '1.4709e+00',
[92mINFO [0m:      	       'train_precision': '2.6018e-01',
[92mINFO [0m:      	       'train_recall': '2.3394e-01'},
[92mINFO [0m:      	  3: { 'train_accuracy': '5.8780e-01',
[92mINFO [0m:      	       'train_f1': '2.8317e-01',
[92mINFO [0m:      	       'train_loss': '1.3169e+00',
[92mINFO [0m:      	       'train_precision': '3.5845e-01',
[92mINFO [0m:      	       'train_recall': '2.9164e-01'},
[92mINFO [0m:      	  4: { 'train_accuracy': '6.1601e-01',
[92mINFO [0m:      	       'train_f1': '3.2731e-01',
[92mINFO [0m:      	       'train_loss': '1.2221e+00',
[92mINFO [0m:      	       'train_precision': '4.4994e-01',
[92mINFO [0m:      	       'train_recall': '3.3810e-01'},
[92mINFO [0m:      	  5: { 'train_accuracy': '6.2381e-01',
[92mINFO [0m:      	       'train_f1': '3.5944e-01',
[92mINFO [0m:      	       'train_loss': '1.1451e+00',
[92mINFO [0m:      	       'train_precision': '4.7663e-01',
[92mINFO [0m:      	       'train_recall': '3.5792e-01'},
[92mINFO [0m:      	  6: { 'train_accuracy': '6.4366e-01',
[92mINFO [0m:      	       'train_f1': '3.7759e-01',
[92mINFO [0m:      	       'train_loss': '1.0970e+00',
[92mINFO [0m:      	       'train_precision': '4.9121e-01',
[92mINFO [0m:      	       'train_recall': '3.7605e-01'},
[92mINFO [0m:      	  7: { 'train_accuracy': '6.5346e-01',
[92mINFO [0m:      	       'train_f1': '3.9873e-01',
[92mINFO [0m:      	       'train_loss': '1.0613e+00',
[92mINFO [0m:      	       'train_precision': '5.2179e-01',
[92mINFO [0m:      	       'train_recall': '3.7805e-01'},
[92mINFO [0m:      	  8: { 'train_accuracy': '6.5558e-01',
[92mINFO [0m:      	       'train_f1': '4.2173e-01',
[92mINFO [0m:      	       'train_loss': '1.0325e+00',
[92mINFO [0m:      	       'train_precision': '5.4936e-01',
[92mINFO [0m:      	       'train_recall': '4.0523e-01'},
[92mINFO [0m:      	  9: { 'train_accuracy': '6.8826e-01',
[92mINFO [0m:      	       'train_f1': '4.5106e-01',
[92mINFO [0m:      	       'train_loss': '1.0010e+00',
[92mINFO [0m:      	       'train_precision': '5.5335e-01',
[92mINFO [0m:      	       'train_recall': '4.3937e-01'},
[92mINFO [0m:      	  10: { 'train_accuracy': '6.9893e-01',
[92mINFO [0m:      	        'train_f1': '4.8056e-01',
[92mINFO [0m:      	        'train_loss': '9.8192e-01',
[92mINFO [0m:      	        'train_precision': '6.0031e-01',
[92mINFO [0m:      	        'train_recall': '4.6228e-01'},
[92mINFO [0m:      	  11: { 'train_accuracy': '7.0504e-01',
[92mINFO [0m:      	        'train_f1': '4.7402e-01',
[92mINFO [0m:      	        'train_loss': '9.4903e-01',
[92mINFO [0m:      	        'train_precision': '6.4644e-01',
[92mINFO [0m:      	        'train_recall': '4.5436e-01'},
[92mINFO [0m:      	  12: { 'train_accuracy': '7.1491e-01',
[92mINFO [0m:      	        'train_f1': '5.1199e-01',
[92mINFO [0m:      	        'train_loss': '9.2948e-01',
[92mINFO [0m:      	        'train_precision': '6.3841e-01',
[92mINFO [0m:      	        'train_recall': '4.8816e-01'},
[92mINFO [0m:      	  13: { 'train_accuracy': '7.1826e-01',
[92mINFO [0m:      	        'train_f1': '5.0658e-01',
[92mINFO [0m:      	        'train_loss': '9.0075e-01',
[92mINFO [0m:      	        'train_precision': '6.3817e-01',
[92mINFO [0m:      	        'train_recall': '4.8326e-01'},
[92mINFO [0m:      	  14: { 'train_accuracy': '7.3916e-01',
[92mINFO [0m:      	        'train_f1': '5.2890e-01',
[92mINFO [0m:      	        'train_loss': '8.8267e-01',
[92mINFO [0m:      	        'train_precision': '6.4560e-01',
[92mINFO [0m:      	        'train_recall': '5.1060e-01'},
[92mINFO [0m:      	  15: { 'train_accuracy': '7.4906e-01',
[92mINFO [0m:      	        'train_f1': '5.4653e-01',
[92mINFO [0m:      	        'train_loss': '8.6574e-01',
[92mINFO [0m:      	        'train_precision': '6.7131e-01',
[92mINFO [0m:      	        'train_recall': '5.1728e-01'},
[92mINFO [0m:      	  16: { 'train_accuracy': '7.5311e-01',
[92mINFO [0m:      	        'train_f1': '5.6481e-01',
[92mINFO [0m:      	        'train_loss': '8.4478e-01',
[92mINFO [0m:      	        'train_precision': '6.6801e-01',
[92mINFO [0m:      	        'train_recall': '5.4667e-01'},
[92mINFO [0m:      	  17: { 'train_accuracy': '7.5254e-01',
[92mINFO [0m:      	        'train_f1': '5.6627e-01',
[92mINFO [0m:      	        'train_loss': '8.3281e-01',
[92mINFO [0m:      	        'train_precision': '6.5915e-01',
[92mINFO [0m:      	        'train_recall': '5.5435e-01'},
[92mINFO [0m:      	  18: { 'train_accuracy': '7.5889e-01',
[92mINFO [0m:      	        'train_f1': '5.8504e-01',
[92mINFO [0m:      	        'train_loss': '8.2005e-01',
[92mINFO [0m:      	        'train_precision': '6.7601e-01',
[92mINFO [0m:      	        'train_recall': '5.6547e-01'},
[92mINFO [0m:      	  19: { 'train_accuracy': '7.4219e-01',
[92mINFO [0m:      	        'train_f1': '5.5371e-01',
[92mINFO [0m:      	        'train_loss': '8.0244e-01',
[92mINFO [0m:      	        'train_precision': '6.8392e-01',
[92mINFO [0m:      	        'train_recall': '5.2478e-01'},
[92mINFO [0m:      	  20: { 'train_accuracy': '7.7651e-01',
[92mINFO [0m:      	        'train_f1': '5.8758e-01',
[92mINFO [0m:      	        'train_loss': '7.8498e-01',
[92mINFO [0m:      	        'train_precision': '7.0630e-01',
[92mINFO [0m:      	        'train_recall': '5.5539e-01'}}
[92mINFO [0m:      	
[92mINFO [0m:      	Aggregated ClientApp-side Evaluate Metrics:
[92mINFO [0m:      	{ 1: { 'eval_acc': '2.1586e-01',
[92mINFO [0m:      	       'eval_f1': '1.1843e-01',
[92mINFO [0m:      	       'eval_loss': '2.1745e+00',
[92mINFO [0m:      	       'eval_precision': '1.2202e-01',
[92mINFO [0m:      	       'eval_recall': '2.1521e-01'},
[92mINFO [0m:      	  2: { 'eval_acc': '2.9394e-01',
[92mINFO [0m:      	       'eval_f1': '1.8533e-01',
[92mINFO [0m:      	       'eval_loss': '1.8847e+00',
[92mINFO [0m:      	       'eval_precision': '2.2653e-01',
[92mINFO [0m:      	       'eval_recall': '2.9390e-01'},
[92mINFO [0m:      	  3: { 'eval_acc': '3.5833e-01',
[92mINFO [0m:      	       'eval_f1': '2.3234e-01',
[92mINFO [0m:      	       'eval_loss': '1.7613e+00',
[92mINFO [0m:      	       'eval_precision': '2.6599e-01',
[92mINFO [0m:      	       'eval_recall': '3.4669e-01'},
[92mINFO [0m:      	  4: { 'eval_acc': '4.0822e-01',
[92mINFO [0m:      	       'eval_f1': '2.8947e-01',
[92mINFO [0m:      	       'eval_loss': '1.5855e+00',
[92mINFO [0m:      	       'eval_precision': '3.1470e-01',
[92mINFO [0m:      	       'eval_recall': '4.0329e-01'},
[92mINFO [0m:      	  5: { 'eval_acc': '4.3931e-01',
[92mINFO [0m:      	       'eval_f1': '3.1033e-01',
[92mINFO [0m:      	       'eval_loss': '1.5169e+00',
[92mINFO [0m:      	       'eval_precision': '3.4791e-01',
[92mINFO [0m:      	       'eval_recall': '4.3187e-01'},
[92mINFO [0m:      	  6: { 'eval_acc': '4.5651e-01',
[92mINFO [0m:      	       'eval_f1': '3.2289e-01',
[92mINFO [0m:      	       'eval_loss': '1.4518e+00',
[92mINFO [0m:      	       'eval_precision': '3.6484e-01',
[92mINFO [0m:      	       'eval_recall': '4.4271e-01'},
[92mINFO [0m:      	  7: { 'eval_acc': '4.9350e-01',
[92mINFO [0m:      	       'eval_f1': '3.6486e-01',
[92mINFO [0m:      	       'eval_loss': '1.3965e+00',
[92mINFO [0m:      	       'eval_precision': '3.8709e-01',
[92mINFO [0m:      	       'eval_recall': '4.8035e-01'},
[92mINFO [0m:      	  8: { 'eval_acc': '5.0630e-01',
[92mINFO [0m:      	       'eval_f1': '3.6628e-01',
[92mINFO [0m:      	       'eval_loss': '1.3675e+00',
[92mINFO [0m:      	       'eval_precision': '3.9125e-01',
[92mINFO [0m:      	       'eval_recall': '4.8996e-01'},
[92mINFO [0m:      	  9: { 'eval_acc': '5.1870e-01',
[92mINFO [0m:      	       'eval_f1': '3.7566e-01',
[92mINFO [0m:      	       'eval_loss': '1.3365e+00',
[92mINFO [0m:      	       'eval_precision': '3.9581e-01',
[92mINFO [0m:      	       'eval_recall': '4.8990e-01'},
[92mINFO [0m:      	  10: { 'eval_acc': '5.3039e-01',
[92mINFO [0m:      	        'eval_f1': '3.9097e-01',
[92mINFO [0m:      	        'eval_loss': '1.3133e+00',
[92mINFO [0m:      	        'eval_precision': '4.0911e-01',
[92mINFO [0m:      	        'eval_recall': '5.1326e-01'},
[92mINFO [0m:      	  11: { 'eval_acc': '5.3929e-01',
[92mINFO [0m:      	        'eval_f1': '3.9992e-01',
[92mINFO [0m:      	        'eval_loss': '1.2929e+00',
[92mINFO [0m:      	        'eval_precision': '4.1671e-01',
[92mINFO [0m:      	        'eval_recall': '5.2145e-01'},
[92mINFO [0m:      	  12: { 'eval_acc': '5.4489e-01',
[92mINFO [0m:      	        'eval_f1': '4.0687e-01',
[92mINFO [0m:      	        'eval_loss': '1.2697e+00',
[92mINFO [0m:      	        'eval_precision': '4.2151e-01',
[92mINFO [0m:      	        'eval_recall': '5.2536e-01'},
[92mINFO [0m:      	  13: { 'eval_acc': '5.5039e-01',
[92mINFO [0m:      	        'eval_f1': '4.0935e-01',
[92mINFO [0m:      	        'eval_loss': '1.2468e+00',
[92mINFO [0m:      	        'eval_precision': '4.2261e-01',
[92mINFO [0m:      	        'eval_recall': '5.1840e-01'},
[92mINFO [0m:      	  14: { 'eval_acc': '5.5469e-01',
[92mINFO [0m:      	        'eval_f1': '4.1422e-01',
[92mINFO [0m:      	        'eval_loss': '1.2469e+00',
[92mINFO [0m:      	        'eval_precision': '4.3034e-01',
[92mINFO [0m:      	        'eval_recall': '5.2791e-01'},
[92mINFO [0m:      	  15: { 'eval_acc': '5.6559e-01',
[92mINFO [0m:      	        'eval_f1': '4.2773e-01',
[92mINFO [0m:      	        'eval_loss': '1.2278e+00',
[92mINFO [0m:      	        'eval_precision': '4.3664e-01',
[92mINFO [0m:      	        'eval_recall': '5.3947e-01'},
[92mINFO [0m:      	  16: { 'eval_acc': '5.7129e-01',
[92mINFO [0m:      	        'eval_f1': '4.3106e-01',
[92mINFO [0m:      	        'eval_loss': '1.2079e+00',
[92mINFO [0m:      	        'eval_precision': '4.3764e-01',
[92mINFO [0m:      	        'eval_recall': '5.4891e-01'},
[92mINFO [0m:      	  17: { 'eval_acc': '5.6869e-01',
[92mINFO [0m:      	        'eval_f1': '4.2875e-01',
[92mINFO [0m:      	        'eval_loss': '1.2135e+00',
[92mINFO [0m:      	        'eval_precision': '4.3925e-01',
[92mINFO [0m:      	        'eval_recall': '5.3746e-01'},
[92mINFO [0m:      	  18: { 'eval_acc': '5.7389e-01',
[92mINFO [0m:      	        'eval_f1': '4.3436e-01',
[92mINFO [0m:      	        'eval_loss': '1.1915e+00',
[92mINFO [0m:      	        'eval_precision': '4.3862e-01',
[92mINFO [0m:      	        'eval_recall': '5.4226e-01'},
[92mINFO [0m:      	  19: { 'eval_acc': '5.7259e-01',
[92mINFO [0m:      	        'eval_f1': '4.3554e-01',
[92mINFO [0m:      	        'eval_loss': '1.2074e+00',
[92mINFO [0m:      	        'eval_precision': '4.4233e-01',
[92mINFO [0m:      	        'eval_recall': '5.4028e-01'},
[92mINFO [0m:      	  20: { 'eval_acc': '5.7958e-01',
[92mINFO [0m:      	        'eval_f1': '4.4006e-01',
[92mINFO [0m:      	        'eval_loss': '1.1918e+00',
[92mINFO [0m:      	        'eval_precision': '4.4429e-01',
[92mINFO [0m:      	        'eval_recall': '5.4823e-01'}}
[92mINFO [0m:      	
[92mINFO [0m:      	ServerApp-side Evaluate Metrics:
[92mINFO [0m:      	{ 0: { 'accuracy': '1.0000e-01',
[92mINFO [0m:      	       'f1': '1.8182e-02',
[92mINFO [0m:      	       'global_accuracy': '0.0000e+00',
[92mINFO [0m:      	       'loss': '2.3050e+00',
[92mINFO [0m:      	       'precision': '1.0000e-02',
[92mINFO [0m:      	       'recall': '1.0000e-01',
[92mINFO [0m:      	       'weighted_accuracy': '0.0000e+00'},
[92mINFO [0m:      	  1: { 'accuracy': '2.2040e-01',
[92mINFO [0m:      	       'f1': '1.4253e-01',
[92mINFO [0m:      	       'global_accuracy': '2.2323e-01',
[92mINFO [0m:      	       'loss': '2.1716e+00',
[92mINFO [0m:      	       'precision': '1.3808e-01',
[92mINFO [0m:      	       'recall': '2.2040e-01',
[92mINFO [0m:      	       'weighted_accuracy': '2.1586e-01'},
[92mINFO [0m:      	  2: { 'accuracy': '3.0150e-01',
[92mINFO [0m:      	       'f1': '2.2386e-01',
[92mINFO [0m:      	       'global_accuracy': '2.9814e-01',
[92mINFO [0m:      	       'loss': '1.8814e+00',
[92mINFO [0m:      	       'precision': '3.0613e-01',
[92mINFO [0m:      	       'recall': '3.0150e-01',
[92mINFO [0m:      	       'weighted_accuracy': '2.9394e-01'},
[92mINFO [0m:      	  3: { 'accuracy': '3.5850e-01',
[92mINFO [0m:      	       'f1': '2.8793e-01',
[92mINFO [0m:      	       'global_accuracy': '3.6784e-01',
[92mINFO [0m:      	       'loss': '1.7607e+00',
[92mINFO [0m:      	       'precision': '3.0197e-01',
[92mINFO [0m:      	       'recall': '3.5850e-01',
[92mINFO [0m:      	       'weighted_accuracy': '3.5833e-01'},
[92mINFO [0m:      	  4: { 'accuracy': '4.0930e-01',
[92mINFO [0m:      	       'f1': '3.5397e-01',
[92mINFO [0m:      	       'global_accuracy': '4.2008e-01',
[92mINFO [0m:      	       'loss': '1.5870e+00',
[92mINFO [0m:      	       'precision': '4.1318e-01',
[92mINFO [0m:      	       'recall': '4.0930e-01',
[92mINFO [0m:      	       'weighted_accuracy': '4.0822e-01'},
[92mINFO [0m:      	  5: { 'accuracy': '4.3510e-01',
[92mINFO [0m:      	       'f1': '3.8511e-01',
[92mINFO [0m:      	       'global_accuracy': '4.4920e-01',
[92mINFO [0m:      	       'loss': '1.5202e+00',
[92mINFO [0m:      	       'precision': '4.4767e-01',
[92mINFO [0m:      	       'recall': '4.3510e-01',
[92mINFO [0m:      	       'weighted_accuracy': '4.3931e-01'},
[92mINFO [0m:      	  6: { 'accuracy': '4.5620e-01',
[92mINFO [0m:      	       'f1': '4.0730e-01',
[92mINFO [0m:      	       'global_accuracy': '4.6943e-01',
[92mINFO [0m:      	       'loss': '1.4596e+00',
[92mINFO [0m:      	       'precision': '4.7946e-01',
[92mINFO [0m:      	       'recall': '4.5620e-01',
[92mINFO [0m:      	       'weighted_accuracy': '4.5651e-01'},
[92mINFO [0m:      	  7: { 'accuracy': '4.8320e-01',
[92mINFO [0m:      	       'f1': '4.5148e-01',
[92mINFO [0m:      	       'global_accuracy': '5.0185e-01',
[92mINFO [0m:      	       'loss': '1.4027e+00',
[92mINFO [0m:      	       'precision': '5.0236e-01',
[92mINFO [0m:      	       'recall': '4.8320e-01',
[92mINFO [0m:      	       'weighted_accuracy': '4.9350e-01'},
[92mINFO [0m:      	  8: { 'accuracy': '4.9810e-01',
[92mINFO [0m:      	       'f1': '4.6005e-01',
[92mINFO [0m:      	       'global_accuracy': '5.1677e-01',
[92mINFO [0m:      	       'loss': '1.3767e+00',
[92mINFO [0m:      	       'precision': '5.1310e-01',
[92mINFO [0m:      	       'recall': '4.9810e-01',
[92mINFO [0m:      	       'weighted_accuracy': '5.0630e-01'},
[92mINFO [0m:      	  9: { 'accuracy': '5.0630e-01',
[92mINFO [0m:      	       'f1': '4.6920e-01',
[92mINFO [0m:      	       'global_accuracy': '5.2863e-01',
[92mINFO [0m:      	       'loss': '1.3484e+00',
[92mINFO [0m:      	       'precision': '5.1819e-01',
[92mINFO [0m:      	       'recall': '5.0630e-01',
[92mINFO [0m:      	       'weighted_accuracy': '5.1870e-01'},
[92mINFO [0m:      	  10: { 'accuracy': '5.1820e-01',
[92mINFO [0m:      	        'f1': '4.8352e-01',
[92mINFO [0m:      	        'global_accuracy': '5.3720e-01',
[92mINFO [0m:      	        'loss': '1.3236e+00',
[92mINFO [0m:      	        'precision': '5.2902e-01',
[92mINFO [0m:      	        'recall': '5.1820e-01',
[92mINFO [0m:      	        'weighted_accuracy': '5.3039e-01'},
[92mINFO [0m:      	  11: { 'accuracy': '5.2870e-01',
[92mINFO [0m:      	        'f1': '4.9817e-01',
[92mINFO [0m:      	        'global_accuracy': '5.4708e-01',
[92mINFO [0m:      	        'loss': '1.3016e+00',
[92mINFO [0m:      	        'precision': '5.4033e-01',
[92mINFO [0m:      	        'recall': '5.2870e-01',
[92mINFO [0m:      	        'weighted_accuracy': '5.3929e-01'},
[92mINFO [0m:      	  12: { 'accuracy': '5.3760e-01',
[92mINFO [0m:      	        'f1': '5.0938e-01',
[92mINFO [0m:      	        'global_accuracy': '5.5252e-01',
[92mINFO [0m:      	        'loss': '1.2827e+00',
[92mINFO [0m:      	        'precision': '5.5309e-01',
[92mINFO [0m:      	        'recall': '5.3760e-01',
[92mINFO [0m:      	        'weighted_accuracy': '5.4489e-01'},
[92mINFO [0m:      	  13: { 'accuracy': '5.4570e-01',
[92mINFO [0m:      	        'f1': '5.1821e-01',
[92mINFO [0m:      	        'global_accuracy': '5.5985e-01',
[92mINFO [0m:      	        'loss': '1.2568e+00',
[92mINFO [0m:      	        'precision': '5.6266e-01',
[92mINFO [0m:      	        'recall': '5.4570e-01',
[92mINFO [0m:      	        'weighted_accuracy': '5.5039e-01'},
[92mINFO [0m:      	  14: { 'accuracy': '5.4810e-01',
[92mINFO [0m:      	        'f1': '5.2209e-01',
[92mINFO [0m:      	        'global_accuracy': '5.6318e-01',
[92mINFO [0m:      	        'loss': '1.2557e+00',
[92mINFO [0m:      	        'precision': '5.6382e-01',
[92mINFO [0m:      	        'recall': '5.4810e-01',
[92mINFO [0m:      	        'weighted_accuracy': '5.5469e-01'},
[92mINFO [0m:      	  15: { 'accuracy': '5.5950e-01',
[92mINFO [0m:      	        'f1': '5.3995e-01',
[92mINFO [0m:      	        'global_accuracy': '5.7249e-01',
[92mINFO [0m:      	        'loss': '1.2351e+00',
[92mINFO [0m:      	        'precision': '5.7158e-01',
[92mINFO [0m:      	        'recall': '5.5950e-01',
[92mINFO [0m:      	        'weighted_accuracy': '5.6559e-01'},
[92mINFO [0m:      	  16: { 'accuracy': '5.6470e-01',
[92mINFO [0m:      	        'f1': '5.4163e-01',
[92mINFO [0m:      	        'global_accuracy': '5.7661e-01',
[92mINFO [0m:      	        'loss': '1.2214e+00',
[92mINFO [0m:      	        'precision': '5.7437e-01',
[92mINFO [0m:      	        'recall': '5.6470e-01',
[92mINFO [0m:      	        'weighted_accuracy': '5.7129e-01'},
[92mINFO [0m:      	  17: { 'accuracy': '5.6340e-01',
[92mINFO [0m:      	        'f1': '5.4284e-01',
[92mINFO [0m:      	        'global_accuracy': '5.7612e-01',
[92mINFO [0m:      	        'loss': '1.2258e+00',
[92mINFO [0m:      	        'precision': '5.7936e-01',
[92mINFO [0m:      	        'recall': '5.6340e-01',
[92mINFO [0m:      	        'weighted_accuracy': '5.6869e-01'},
[92mINFO [0m:      	  18: { 'accuracy': '5.7580e-01',
[92mINFO [0m:      	        'f1': '5.5844e-01',
[92mINFO [0m:      	        'global_accuracy': '5.8148e-01',
[92mINFO [0m:      	        'loss': '1.1954e+00',
[92mINFO [0m:      	        'precision': '5.7999e-01',
[92mINFO [0m:      	        'recall': '5.7580e-01',
[92mINFO [0m:      	        'weighted_accuracy': '5.7389e-01'},
[92mINFO [0m:      	  19: { 'accuracy': '5.7050e-01',
[92mINFO [0m:      	        'f1': '5.5159e-01',
[92mINFO [0m:      	        'global_accuracy': '5.8095e-01',
[92mINFO [0m:      	        'loss': '1.2137e+00',
[92mINFO [0m:      	        'precision': '5.8509e-01',
[92mINFO [0m:      	        'recall': '5.7050e-01',
[92mINFO [0m:      	        'weighted_accuracy': '5.7259e-01'},
[92mINFO [0m:      	  20: { 'accuracy': '5.7920e-01',
[92mINFO [0m:      	        'f1': '5.6344e-01',
[92mINFO [0m:      	        'global_accuracy': '5.8563e-01',
[92mINFO [0m:      	        'loss': '1.1940e+00',
[92mINFO [0m:      	        'precision': '5.8755e-01',
[92mINFO [0m:      	        'recall': '5.7920e-01',
[92mINFO [0m:      	        'weighted_accuracy': '5.7958e-01'}}
[92mINFO [0m:      

============================================================
Starting Experiment: FedAvg_Dir0.5_npy
Strategy: FedAvg
Distribution: Dir0.5
Data Source: NPY
Rounds: 20
Clients: 6 (train: 6, eval: 6)
============================================================

Round   0 | Loss: 2.3050 | Acc: 0.1000 | F1: 0.0182 | Global Acc: 0.0000 | Weighted Acc: 0.0000
Round   1 | Loss: 2.1716 | Acc: 0.2204 | F1: 0.1425 | Global Acc: 0.2232 | Weighted Acc: 0.2159
Round   2 | Loss: 1.8814 | Acc: 0.3015 | F1: 0.2239 | Global Acc: 0.2981 | Weighted Acc: 0.2939
Round   3 | Loss: 1.7607 | Acc: 0.3585 | F1: 0.2879 | Global Acc: 0.3678 | Weighted Acc: 0.3583
Round   4 | Loss: 1.5870 | Acc: 0.4093 | F1: 0.3540 | Global Acc: 0.4201 | Weighted Acc: 0.4082
Round   5 | Loss: 1.5202 | Acc: 0.4351 | F1: 0.3851 | Global Acc: 0.4492 | Weighted Acc: 0.4393
Round   6 | Loss: 1.4596 | Acc: 0.4562 | F1: 0.4073 | Global Acc: 0.4694 | Weighted Acc: 0.4565
Round   7 | Loss: 1.4027 | Acc: 0.4832 | F1: 0.4515 | Global Acc: 0.5018 | Weighted Acc: 0.4935
Round   8 | Loss: 1.3767 | Acc: 0.4981 | F1: 0.4600 | Global Acc: 0.5168 | Weighted Acc: 0.5063
Round   9 | Loss: 1.3484 | Acc: 0.5063 | F1: 0.4692 | Global Acc: 0.5286 | Weighted Acc: 0.5187
Round  10 | Loss: 1.3236 | Acc: 0.5182 | F1: 0.4835 | Global Acc: 0.5372 | Weighted Acc: 0.5304
Round  11 | Loss: 1.3016 | Acc: 0.5287 | F1: 0.4982 | Global Acc: 0.5471 | Weighted Acc: 0.5393
Round  12 | Loss: 1.2827 | Acc: 0.5376 | F1: 0.5094 | Global Acc: 0.5525 | Weighted Acc: 0.5449
Round  13 | Loss: 1.2568 | Acc: 0.5457 | F1: 0.5182 | Global Acc: 0.5598 | Weighted Acc: 0.5504
Round  14 | Loss: 1.2557 | Acc: 0.5481 | F1: 0.5221 | Global Acc: 0.5632 | Weighted Acc: 0.5547
Round  15 | Loss: 1.2351 | Acc: 0.5595 | F1: 0.5399 | Global Acc: 0.5725 | Weighted Acc: 0.5656
Round  16 | Loss: 1.2214 | Acc: 0.5647 | F1: 0.5416 | Global Acc: 0.5766 | Weighted Acc: 0.5713
Round  17 | Loss: 1.2258 | Acc: 0.5634 | F1: 0.5428 | Global Acc: 0.5761 | Weighted Acc: 0.5687
Round  18 | Loss: 1.1954 | Acc: 0.5758 | F1: 0.5584 | Global Acc: 0.5815 | Weighted Acc: 0.5739
Round  19 | Loss: 1.2137 | Acc: 0.5705 | F1: 0.5516 | Global Acc: 0.5810 | Weighted Acc: 0.5726
Round  20 | Loss: 1.1940 | Acc: 0.5792 | F1: 0.5634 | Global Acc: 0.5856 | Weighted Acc: 0.5796

Saving final model to disk...

============================================================
Experiment completed: FedAvg_Dir0.5_npy
Results saved to:
  - global_csv: results\FedAvg_Dir0.5_npy_global_20260109_185535.csv
  - client_csv: results\FedAvg_Dir0.5_npy_client_20260109_185535.csv
============================================================

Loading project configuration... 
Success
[93mWARNING [0m:   Ray support on Windows is experimental and may not work as expected. On Windows, Flower Simulations run best in WSL2: https://learn.microsoft.com/en-us/windows/wsl/about
[92mINFO [0m:      Starting FedAvgWithMetricsAggregation strategy:
[92mINFO [0m:      	\u251c\u2500\u2500 Number of rounds: 20
[92mINFO [0m:      	\u251c\u2500\u2500 ArrayRecord (0.24 MB)
[92mINFO [0m:      	\u251c\u2500\u2500 ConfigRecord (train): {'lr': 0.01}
[92mINFO [0m:      	\u251c\u2500\u2500 ConfigRecord (evaluate): (empty!)
[92mINFO [0m:      	\u251c\u2500\u2500> Sampling:
[92mINFO [0m:      	\u2502	\u251c\u2500\u2500Fraction: train (1.00) | evaluate ( 1.00)
[92mINFO [0m:      	\u2502	\u251c\u2500\u2500Minimum nodes: train (6) | evaluate (6)
[92mINFO [0m:      	\u2502	\u2514\u2500\u2500Minimum available nodes: 6
[92mINFO [0m:      	\u2514\u2500\u2500> Keys in records:
[92mINFO [0m:      		\u251c\u2500\u2500 Weighted by: 'num-examples'
[92mINFO [0m:      		\u251c\u2500\u2500 ArrayRecord key: 'arrays'
[92mINFO [0m:      		\u2514\u2500\u2500 ConfigRecord key: 'config'
[92mINFO [0m:      
[92mINFO [0m:      Initial global evaluation results: {'accuracy': 0.0999, 'loss': 2.3055433834655377, 'precision': 0.009994997498749375, 'recall': 0.0999, 'f1': 0.0181718963165075, 'global_accuracy': 0.0, 'weighted_accuracy': 0.0}
[92mINFO [0m:      
[92mINFO [0m:      [ROUND 1/20]
[92mINFO [0m:      configure_train: Sampled 6 nodes (out of 6)
[92mINFO [0m:      aggregate_train: Received 6 results and 0 failures
[92mINFO [0m:      	\u2514\u2500\u2500> Aggregated MetricRecord: {'train_loss': 1.9328204635108281, 'train_accuracy': 0.3716778758406881, 'train_precision': 0.2154772345674142, 'train_recall': 0.2156866862801639, 'train_f1': 0.17428987608732105}
[92mINFO [0m:      configure_evaluate: Sampled 6 nodes (out of 6)
[93mWARNING [0m:   The `metrics_records` property of `RecordDict` (formerly `RecordSet`) is deprecated and will be removed in a future release. Please use the `metric_records` property instead.
[92mINFO [0m:      aggregate_evaluate: Received 6 results and 0 failures
[92mINFO [0m:      	\u2514\u2500\u2500> Aggregated MetricRecord: {'eval_loss': 2.037116446675056, 'eval_acc': 0.26562031390582824, 'eval_precision': 0.22113456920948651, 'eval_recall': 0.26646429356397827, 'eval_f1': 0.1804884303414268}
[92mINFO [0m:      Global evaluation
[92mINFO [0m:      	\u2514\u2500\u2500> MetricRecord: {'accuracy': 0.2641, 'loss': 2.036663342125808, 'precision': 0.3173244737623146, 'recall': 0.26409999999999995, 'f1': 0.1942836103401859, 'global_accuracy': 0.2624992489041094, 'weighted_accuracy': 0.26562031390582824}
[92mINFO [0m:      
[92mINFO [0m:      [ROUND 2/20]
[92mINFO [0m:      configure_train: Sampled 6 nodes (out of 6)
[92mINFO [0m:      aggregate_train: Received 6 results and 0 failures
[92mINFO [0m:      	\u2514\u2500\u2500> Aggregated MetricRecord: {'train_loss': 1.6151146938124832, 'train_accuracy': 0.4795109633222492, 'train_precision': 0.32340688068190093, 'train_recall': 0.3078207192233485, 'train_f1': 0.28954516006499537}
[92mINFO [0m:      configure_evaluate: Sampled 6 nodes (out of 6)
[92mINFO [0m:      aggregate_evaluate: Received 6 results and 0 failures
[92mINFO [0m:      	\u2514\u2500\u2500> Aggregated MetricRecord: {'eval_loss': 1.6542986390891536, 'eval_acc': 0.3998800359892033, 'eval_precision': 0.3630045158196119, 'eval_recall': 0.40125256559207956, 'eval_f1': 0.32998445043698255}
[92mINFO [0m:      Global evaluation
[92mINFO [0m:      	\u2514\u2500\u2500> MetricRecord: {'accuracy': 0.4017, 'loss': 1.6557257220714907, 'precision': 0.4028194907360715, 'recall': 0.40170000000000006, 'f1': 0.366834912370496, 'global_accuracy': 0.39593893877855546, 'weighted_accuracy': 0.39988003598920324}
[92mINFO [0m:      
[92mINFO [0m:      [ROUND 3/20]
[92mINFO [0m:      configure_train: Sampled 6 nodes (out of 6)
[92mINFO [0m:      aggregate_train: Received 6 results and 0 failures
[92mINFO [0m:      	\u2514\u2500\u2500> Aggregated MetricRecord: {'train_loss': 1.4379022191577426, 'train_accuracy': 0.5118133860039503, 'train_precision': 0.449944206439681, 'train_recall': 0.3653738227199699, 'train_f1': 0.3463198497392237}
[92mINFO [0m:      configure_evaluate: Sampled 6 nodes (out of 6)
[92mINFO [0m:      aggregate_evaluate: Received 6 results and 0 failures
[92mINFO [0m:      	\u2514\u2500\u2500> Aggregated MetricRecord: {'eval_loss': 1.5215551358245918, 'eval_acc': 0.44156752974107766, 'eval_precision': 0.40452281010123853, 'eval_recall': 0.44696014547217894, 'eval_f1': 0.3894267131788872}
[92mINFO [0m:      Global evaluation
[92mINFO [0m:      	\u2514\u2500\u2500> MetricRecord: {'accuracy': 0.4399, 'loss': 1.5292185137543497, 'precision': 0.44461967553433646, 'recall': 0.43990000000000007, 'f1': 0.4269949255491968, 'global_accuracy': 0.43971665795911646, 'weighted_accuracy': 0.44156752974107766}
[92mINFO [0m:      
[92mINFO [0m:      [ROUND 4/20]
[92mINFO [0m:      configure_train: Sampled 6 nodes (out of 6)
[92mINFO [0m:      aggregate_train: Received 6 results and 0 failures
[92mINFO [0m:      	\u2514\u2500\u2500> Aggregated MetricRecord: {'train_loss': 1.3596909291952854, 'train_accuracy': 0.539615471160337, 'train_precision': 0.4563846525020026, 'train_recall': 0.39614737710946824, 'train_f1': 0.3861048592095382}
[92mINFO [0m:      configure_evaluate: Sampled 6 nodes (out of 6)
[92mINFO [0m:      aggregate_evaluate: Received 6 results and 0 failures
[92mINFO [0m:      	\u2514\u2500\u2500> Aggregated MetricRecord: {'eval_loss': 1.4435035780930645, 'eval_acc': 0.46666000199940016, 'eval_precision': 0.421255590474045, 'eval_recall': 0.4712890618714512, 'eval_f1': 0.41034151637504096}
[92mINFO [0m:      Global evaluation
[92mINFO [0m:      	\u2514\u2500\u2500> MetricRecord: {'accuracy': 0.4703, 'loss': 1.453705820856215, 'precision': 0.46905752904537634, 'recall': 0.47030000000000005, 'f1': 0.45486190735043175, 'global_accuracy': 0.45880483808618405, 'weighted_accuracy': 0.46666000199940016}
[92mINFO [0m:      
[92mINFO [0m:      [ROUND 5/20]
[92mINFO [0m:      configure_train: Sampled 6 nodes (out of 6)
[92mINFO [0m:      aggregate_train: Received 6 results and 0 failures
[92mINFO [0m:      	\u2514\u2500\u2500> Aggregated MetricRecord: {'train_loss': 1.311078046287226, 'train_accuracy': 0.5633172487936595, 'train_precision': 0.49732950074810023, 'train_recall': 0.41431768042273504, 'train_f1': 0.4119823962971275}
[92mINFO [0m:      configure_evaluate: Sampled 6 nodes (out of 6)
[92mINFO [0m:      aggregate_evaluate: Received 6 results and 0 failures
[92mINFO [0m:      	\u2514\u2500\u2500> Aggregated MetricRecord: {'eval_loss': 1.413981846276262, 'eval_acc': 0.4870538838348496, 'eval_precision': 0.4485234792513989, 'eval_recall': 0.4925908032325146, 'eval_f1': 0.434728683149382}
[92mINFO [0m:      Global evaluation
[92mINFO [0m:      	\u2514\u2500\u2500> MetricRecord: {'accuracy': 0.4825, 'loss': 1.4241861497299582, 'precision': 0.49114956582613534, 'recall': 0.48250000000000004, 'f1': 0.47149243314512096, 'global_accuracy': 0.4834465952292313, 'weighted_accuracy': 0.48705388383484954}
[92mINFO [0m:      
[92mINFO [0m:      [ROUND 6/20]
[92mINFO [0m:      configure_train: Sampled 6 nodes (out of 6)
[36m(pid=gcs_server)[0m [2026-01-09 18:57:36,431 E 227248 38952] (gcs_server.exe) gcs_server.cc:302: Failed to establish connection to the event+metrics exporter agent. Events and metrics will not be exported. Exporter agent status: RpcError: Running out of retries to initialize the metrics agent. rpc_code: 14
[92mINFO [0m:      aggregate_train: Received 6 results and 0 failures
[92mINFO [0m:      	\u2514\u2500\u2500> Aggregated MetricRecord: {'train_loss': 1.2638308744833144, 'train_accuracy': 0.5812935970197766, 'train_precision': 0.5302466115637965, 'train_recall': 0.42906617754154674, 'train_f1': 0.43839121792766444}
[92mINFO [0m:      configure_evaluate: Sampled 6 nodes (out of 6)
[92mINFO [0m:      aggregate_evaluate: Received 6 results and 0 failures
[92mINFO [0m:      	\u2514\u2500\u2500> Aggregated MetricRecord: {'eval_loss': 1.364411484999611, 'eval_acc': 0.5070478856343097, 'eval_precision': 0.4643566181911153, 'eval_recall': 0.5161156661527186, 'eval_f1': 0.45886820873408174}
[92mINFO [0m:      Global evaluation
[33m(raylet)[0m [2026-01-09 18:57:37,768 E 241212 241384] (raylet.exe) main.cc:975: Failed to establish connection to the metrics exporter agent. Metrics will not be exported. Exporter agent status: RpcError: Running out of retries to initialize the metrics agent. rpc_code: 14
[92mINFO [0m:      	\u2514\u2500\u2500> MetricRecord: {'accuracy': 0.5, 'loss': 1.3743065142933326, 'precision': 0.5080637756498039, 'recall': 0.5000000000000001, 'f1': 0.4958375250673063, 'global_accuracy': 0.49982454912775354, 'weighted_accuracy': 0.5070478856343097}
[92mINFO [0m:      
[92mINFO [0m:      [ROUND 7/20]
[92mINFO [0m:      configure_train: Sampled 6 nodes (out of 6)
[2026-01-09 18:57:38,993 E 133336 236788] core_worker_process.cc:825: Failed to establish connection to the metrics exporter agent. Metrics will not be exported. Exporter agent status: RpcError: Running out of retries to initialize the metrics agent. rpc_code: 14
[92mINFO [0m:      aggregate_train: Received 6 results and 0 failures
[92mINFO [0m:      	\u2514\u2500\u2500> Aggregated MetricRecord: {'train_loss': 1.220845870759982, 'train_accuracy': 0.603145235892692, 'train_precision': 0.5590562317423216, 'train_recall': 0.468137432037676, 'train_f1': 0.46506524212890576}
[92mINFO [0m:      configure_evaluate: Sampled 6 nodes (out of 6)
[92mINFO [0m:      aggregate_evaluate: Received 6 results and 0 failures
[92mINFO [0m:      	\u2514\u2500\u2500> Aggregated MetricRecord: {'eval_loss': 1.3252168855025432, 'eval_acc': 0.5199440167949615, 'eval_precision': 0.4709049802158198, 'eval_recall': 0.5212943988686567, 'eval_f1': 0.4596003858885526}
[92mINFO [0m:      Global evaluation
[92mINFO [0m:      	\u2514\u2500\u2500> MetricRecord: {'accuracy': 0.5177, 'loss': 1.3268808156629153, 'precision': 0.521682643486989, 'recall': 0.5177, 'f1': 0.5026986804623232, 'global_accuracy': 0.5140235371362362, 'weighted_accuracy': 0.5199440167949615}
[92mINFO [0m:      
[92mINFO [0m:      [ROUND 8/20]
[92mINFO [0m:      configure_train: Sampled 6 nodes (out of 6)
[92mINFO [0m:      aggregate_train: Received 6 results and 0 failures
[92mINFO [0m:      	\u2514\u2500\u2500> Aggregated MetricRecord: {'train_loss': 1.191404744140863, 'train_accuracy': 0.6207465559916994, 'train_precision': 0.5810762717858251, 'train_recall': 0.48134781239323565, 'train_f1': 0.484259609657298}
[92mINFO [0m:      configure_evaluate: Sampled 6 nodes (out of 6)
[92mINFO [0m:      aggregate_evaluate: Received 6 results and 0 failures
[92mINFO [0m:      	\u2514\u2500\u2500> Aggregated MetricRecord: {'eval_loss': 1.2875515114021443, 'eval_acc': 0.5370388883335, 'eval_precision': 0.48228402598164277, 'eval_recall': 0.54327384111659, 'eval_f1': 0.4814703927080065}
[92mINFO [0m:      Global evaluation
[92mINFO [0m:      	\u2514\u2500\u2500> MetricRecord: {'accuracy': 0.5388, 'loss': 1.2886654500719867, 'precision': 0.5393676902044124, 'recall': 0.5388, 'f1': 0.5286660373045581, 'global_accuracy': 0.5274214744941678, 'weighted_accuracy': 0.5370388883335}
[92mINFO [0m:      
[92mINFO [0m:      [ROUND 9/20]
[92mINFO [0m:      configure_train: Sampled 6 nodes (out of 6)
[92mINFO [0m:      aggregate_train: Received 6 results and 0 failures
[92mINFO [0m:      	\u2514\u2500\u2500> Aggregated MetricRecord: {'train_loss': 1.1553311622959308, 'train_accuracy': 0.6252718953921544, 'train_precision': 0.5955399148984624, 'train_recall': 0.48916924961357117, 'train_f1': 0.49701921556198114}
[92mINFO [0m:      configure_evaluate: Sampled 6 nodes (out of 6)
[92mINFO [0m:      aggregate_evaluate: Received 6 results and 0 failures
[92mINFO [0m:      	\u2514\u2500\u2500> Aggregated MetricRecord: {'eval_loss': 1.2452403769202782, 'eval_acc': 0.5534339698090572, 'eval_precision': 0.4919957432873387, 'eval_recall': 0.5576411735688862, 'eval_f1': 0.49699060973348064}
[92mINFO [0m:      Global evaluation
[92mINFO [0m:      	\u2514\u2500\u2500> MetricRecord: {'accuracy': 0.5572, 'loss': 1.2455781547329094, 'precision': 0.5503651239692029, 'recall': 0.5572000000000001, 'f1': 0.5504042906009197, 'global_accuracy': 0.5445064526344978, 'weighted_accuracy': 0.5534339698090572}
[92mINFO [0m:      
[92mINFO [0m:      [ROUND 10/20]
[92mINFO [0m:      configure_train: Sampled 6 nodes (out of 6)
[92mINFO [0m:      aggregate_train: Received 6 results and 0 failures
[92mINFO [0m:      	\u2514\u2500\u2500> Aggregated MetricRecord: {'train_loss': 1.1316736432536134, 'train_accuracy': 0.6441233092481936, 'train_precision': 0.6173093110109984, 'train_recall': 0.5231769475526865, 'train_f1': 0.5264742627830423}
[92mINFO [0m:      configure_evaluate: Sampled 6 nodes (out of 6)
[92mINFO [0m:      aggregate_evaluate: Received 6 results and 0 failures
[92mINFO [0m:      	\u2514\u2500\u2500> Aggregated MetricRecord: {'eval_loss': 1.2409991600787709, 'eval_acc': 0.5537338798360492, 'eval_precision': 0.49630978172818274, 'eval_recall': 0.5606640836993567, 'eval_f1': 0.5000876961456979}
[92mINFO [0m:      Global evaluation
[92mINFO [0m:      	\u2514\u2500\u2500> MetricRecord: {'accuracy': 0.5566, 'loss': 1.2467500424083275, 'precision': 0.5578131013589159, 'recall': 0.5566000000000001, 'f1': 0.5494199125820509, 'global_accuracy': 0.5424789114852319, 'weighted_accuracy': 0.5537338798360492}
[92mINFO [0m:      
[92mINFO [0m:      [ROUND 11/20]
[92mINFO [0m:      configure_train: Sampled 6 nodes (out of 6)
[92mINFO [0m:      aggregate_train: Received 6 results and 0 failures
[92mINFO [0m:      	\u2514\u2500\u2500> Aggregated MetricRecord: {'train_loss': 1.1052008740602548, 'train_accuracy': 0.6464484836362728, 'train_precision': 0.6051632287850349, 'train_recall': 0.5352288528227771, 'train_f1': 0.5415562948952536}
[92mINFO [0m:      configure_evaluate: Sampled 6 nodes (out of 6)
[92mINFO [0m:      aggregate_evaluate: Received 6 results and 0 failures
[92mINFO [0m:      	\u2514\u2500\u2500> Aggregated MetricRecord: {'eval_loss': 1.2151563844927966, 'eval_acc': 0.5622313306008198, 'eval_precision': 0.508991220104023, 'eval_recall': 0.5689933548448435, 'eval_f1': 0.5095317346252602}
[92mINFO [0m:      Global evaluation
[92mINFO [0m:      	\u2514\u2500\u2500> MetricRecord: {'accuracy': 0.5671, 'loss': 1.2148836156989955, 'precision': 0.5730632899179667, 'recall': 0.5670999999999999, 'f1': 0.5628868018379436, 'global_accuracy': 0.5538283269173085, 'weighted_accuracy': 0.5622313306008198}
[92mINFO [0m:      
[92mINFO [0m:      [ROUND 12/20]
[92mINFO [0m:      configure_train: Sampled 6 nodes (out of 6)
[92mINFO [0m:      aggregate_train: Received 6 results and 0 failures
[92mINFO [0m:      	\u2514\u2500\u2500> Aggregated MetricRecord: {'train_loss': 1.0753488668992164, 'train_accuracy': 0.6680001000075007, 'train_precision': 0.6721145497081322, 'train_recall': 0.5473678709335854, 'train_f1': 0.5541575040710023}
[92mINFO [0m:      configure_evaluate: Sampled 6 nodes (out of 6)
[92mINFO [0m:      aggregate_evaluate: Received 6 results and 0 failures
[92mINFO [0m:      	\u2514\u2500\u2500> Aggregated MetricRecord: {'eval_loss': 1.1995224808485367, 'eval_acc': 0.5726282115365391, 'eval_precision': 0.5173743787973069, 'eval_recall': 0.5807598289586865, 'eval_f1': 0.5195368200318633}
[92mINFO [0m:      Global evaluation
[92mINFO [0m:      	\u2514\u2500\u2500> MetricRecord: {'accuracy': 0.5727, 'loss': 1.1991477525686915, 'precision': 0.5762286363823856, 'recall': 0.5727, 'f1': 0.5691197247543648, 'global_accuracy': 0.5658048192240666, 'weighted_accuracy': 0.5726282115365391}
[92mINFO [0m:      
[92mINFO [0m:      [ROUND 13/20]
[92mINFO [0m:      configure_train: Sampled 6 nodes (out of 6)
[92mINFO [0m:      aggregate_train: Received 6 results and 0 failures
[92mINFO [0m:      	\u2514\u2500\u2500> Aggregated MetricRecord: {'train_loss': 1.0550498538992428, 'train_accuracy': 0.6813761032077406, 'train_precision': 0.6609892578310543, 'train_recall': 0.56201081270356, 'train_f1': 0.5755523914146449}
[92mINFO [0m:      configure_evaluate: Sampled 6 nodes (out of 6)
[92mINFO [0m:      aggregate_evaluate: Received 6 results and 0 failures
[92mINFO [0m:      	\u2514\u2500\u2500> Aggregated MetricRecord: {'eval_loss': 1.1757140149048944, 'eval_acc': 0.5816255123462961, 'eval_precision': 0.5202549084393515, 'eval_recall': 0.5833134336391828, 'eval_f1': 0.5258804975103181}
[92mINFO [0m:      Global evaluation
[92mINFO [0m:      	\u2514\u2500\u2500> MetricRecord: {'accuracy': 0.5784, 'loss': 1.17853222768518, 'precision': 0.5791935178953541, 'recall': 0.5784, 'f1': 0.5747332057387531, 'global_accuracy': 0.5748721748957176, 'weighted_accuracy': 0.5816255123462961}
[92mINFO [0m:      
[92mINFO [0m:      [ROUND 14/20]
[92mINFO [0m:      configure_train: Sampled 6 nodes (out of 6)
[92mINFO [0m:      aggregate_train: Received 6 results and 0 failures
[92mINFO [0m:      	\u2514\u2500\u2500> Aggregated MetricRecord: {'train_loss': 1.030091100645656, 'train_accuracy': 0.6763257244293321, 'train_precision': 0.6619370220595253, 'train_recall': 0.5662363004714951, 'train_f1': 0.5769095627101789}
[92mINFO [0m:      configure_evaluate: Sampled 6 nodes (out of 6)
[92mINFO [0m:      aggregate_evaluate: Received 6 results and 0 failures
[92mINFO [0m:      	\u2514\u2500\u2500> Aggregated MetricRecord: {'eval_loss': 1.1818112060353974, 'eval_acc': 0.5854243726881936, 'eval_precision': 0.5268591011369032, 'eval_recall': 0.5914476605758329, 'eval_f1': 0.531096478079562}
[92mINFO [0m:      Global evaluation
[92mINFO [0m:      	\u2514\u2500\u2500> MetricRecord: {'accuracy': 0.5814, 'loss': 1.1834116751634622, 'precision': 0.5868332522919887, 'recall': 0.5813999999999999, 'f1': 0.5793543842590274, 'global_accuracy': 0.5743650912972603, 'weighted_accuracy': 0.5854243726881936}
[92mINFO [0m:      
[92mINFO [0m:      [ROUND 15/20]
[92mINFO [0m:      configure_train: Sampled 6 nodes (out of 6)
[92mINFO [0m:      aggregate_train: Received 6 results and 0 failures
[92mINFO [0m:      	\u2514\u2500\u2500> Aggregated MetricRecord: {'train_loss': 1.009210613750509, 'train_accuracy': 0.697052278920919, 'train_precision': 0.682595107209938, 'train_recall': 0.5871752530281978, 'train_f1': 0.6025464967328382}
[92mINFO [0m:      configure_evaluate: Sampled 6 nodes (out of 6)
[92mINFO [0m:      aggregate_evaluate: Received 6 results and 0 failures
[92mINFO [0m:      	\u2514\u2500\u2500> Aggregated MetricRecord: {'eval_loss': 1.146126974652113, 'eval_acc': 0.5958212536239128, 'eval_precision': 0.5340763368997231, 'eval_recall': 0.6016503788202127, 'eval_f1': 0.5413558633061553}
[92mINFO [0m:      Global evaluation
[92mINFO [0m:      	\u2514\u2500\u2500> MetricRecord: {'accuracy': 0.5899, 'loss': 1.1455209881444521, 'precision': 0.5907685554168868, 'recall': 0.5899, 'f1': 0.5876556222013279, 'global_accuracy': 0.5872625795553854, 'weighted_accuracy': 0.5958212536239128}
[92mINFO [0m:      
[92mINFO [0m:      [ROUND 16/20]
[92mINFO [0m:      configure_train: Sampled 6 nodes (out of 6)
[92mINFO [0m:      aggregate_train: Received 6 results and 0 failures
[92mINFO [0m:      	\u2514\u2500\u2500> Aggregated MetricRecord: {'train_loss': 0.9907268121471868, 'train_accuracy': 0.6993024476835763, 'train_precision': 0.6693580126577569, 'train_recall': 0.5939299020278097, 'train_f1': 0.6112032929748752}
[92mINFO [0m:      configure_evaluate: Sampled 6 nodes (out of 6)
[92mINFO [0m:      aggregate_evaluate: Received 6 results and 0 failures
[92mINFO [0m:      	\u2514\u2500\u2500> Aggregated MetricRecord: {'eval_loss': 1.1535545458307745, 'eval_acc': 0.5934219734079776, 'eval_precision': 0.535931999158636, 'eval_recall': 0.6019491032279838, 'eval_f1': 0.5400865595847499}
[92mINFO [0m:      Global evaluation
[92mINFO [0m:      	\u2514\u2500\u2500> MetricRecord: {'accuracy': 0.5881, 'loss': 1.150346244437785, 'precision': 0.5925170130565791, 'recall': 0.5881000000000001, 'f1': 0.5845249416907112, 'global_accuracy': 0.5821829959863868, 'weighted_accuracy': 0.5934219734079776}
[92mINFO [0m:      
[92mINFO [0m:      [ROUND 17/20]
[92mINFO [0m:      configure_train: Sampled 6 nodes (out of 6)
[92mINFO [0m:      aggregate_train: Received 6 results and 0 failures
[92mINFO [0m:      	\u2514\u2500\u2500> Aggregated MetricRecord: {'train_loss': 0.9680727777067887, 'train_accuracy': 0.7118533890041754, 'train_precision': 0.7010627176801743, 'train_recall': 0.6048031491398524, 'train_f1': 0.6192336990684227}
[92mINFO [0m:      configure_evaluate: Sampled 6 nodes (out of 6)
[92mINFO [0m:      aggregate_evaluate: Received 6 results and 0 failures
[92mINFO [0m:      	\u2514\u2500\u2500> Aggregated MetricRecord: {'eval_loss': 1.1371230925245701, 'eval_acc': 0.5987203838848345, 'eval_precision': 0.5388170017560928, 'eval_recall': 0.603184553448219, 'eval_f1': 0.5423437721065993}
[92mINFO [0m:      Global evaluation
[92mINFO [0m:      	\u2514\u2500\u2500> MetricRecord: {'accuracy': 0.5937, 'loss': 1.1356554816040811, 'precision': 0.5921788510341244, 'recall': 0.5936999999999999, 'f1': 0.5868427836535763, 'global_accuracy': 0.5879064441973322, 'weighted_accuracy': 0.5987203838848345}
[92mINFO [0m:      
[92mINFO [0m:      [ROUND 18/20]
[92mINFO [0m:      configure_train: Sampled 6 nodes (out of 6)
[92mINFO [0m:      aggregate_train: Received 6 results and 0 failures
[92mINFO [0m:      	\u2514\u2500\u2500> Aggregated MetricRecord: {'train_loss': 0.952846756921183, 'train_accuracy': 0.7161037077780834, 'train_precision': 0.712917447068818, 'train_recall': 0.6176967478057878, 'train_f1': 0.636209095939208}
[92mINFO [0m:      configure_evaluate: Sampled 6 nodes (out of 6)
[92mINFO [0m:      aggregate_evaluate: Received 6 results and 0 failures
[92mINFO [0m:      	\u2514\u2500\u2500> Aggregated MetricRecord: {'eval_loss': 1.130418769249802, 'eval_acc': 0.6017194841547535, 'eval_precision': 0.5404491547620903, 'eval_recall': 0.6052794889040375, 'eval_f1': 0.5465839046326403}
[92mINFO [0m:      Global evaluation
[92mINFO [0m:      	\u2514\u2500\u2500> MetricRecord: {'accuracy': 0.5987, 'loss': 1.1250957937180242, 'precision': 0.6012977221186242, 'recall': 0.5987, 'f1': 0.5961731997128007, 'global_accuracy': 0.5920803799156177, 'weighted_accuracy': 0.6017194841547536}
[92mINFO [0m:      
[92mINFO [0m:      [ROUND 19/20]
[92mINFO [0m:      configure_train: Sampled 6 nodes (out of 6)
[92mINFO [0m:      aggregate_train: Received 6 results and 0 failures
[92mINFO [0m:      	\u2514\u2500\u2500> Aggregated MetricRecord: {'train_loss': 0.9339973756333055, 'train_accuracy': 0.7223791784383828, 'train_precision': 0.7165625058422869, 'train_recall': 0.6310437379627248, 'train_f1': 0.6492862916918283}
[92mINFO [0m:      configure_evaluate: Sampled 6 nodes (out of 6)
[92mINFO [0m:      aggregate_evaluate: Received 6 results and 0 failures
[92mINFO [0m:      	\u2514\u2500\u2500> Aggregated MetricRecord: {'eval_loss': 1.118790825013029, 'eval_acc': 0.6033190042987104, 'eval_precision': 0.5414905616515542, 'eval_recall': 0.6044152243634147, 'eval_f1': 0.5471992828819141}
[92mINFO [0m:      Global evaluation
[92mINFO [0m:      	\u2514\u2500\u2500> MetricRecord: {'accuracy': 0.6032, 'loss': 1.1122569992572446, 'precision': 0.6042788599635698, 'recall': 0.6032, 'f1': 0.6001321771384847, 'global_accuracy': 0.5932037815354144, 'weighted_accuracy': 0.6033190042987104}
[92mINFO [0m:      
[92mINFO [0m:      [ROUND 20/20]
[92mINFO [0m:      configure_train: Sampled 6 nodes (out of 6)
[92mINFO [0m:      aggregate_train: Received 6 results and 0 failures
[92mINFO [0m:      	\u2514\u2500\u2500> Aggregated MetricRecord: {'train_loss': 0.9104246508060462, 'train_accuracy': 0.7296547241043078, 'train_precision': 0.7299662636822161, 'train_recall': 0.6303503907134155, 'train_f1': 0.6463865723956804}
[92mINFO [0m:      configure_evaluate: Sampled 6 nodes (out of 6)
[92mINFO [0m:      aggregate_evaluate: Received 6 results and 0 failures
[92mINFO [0m:      	\u2514\u2500\u2500> Aggregated MetricRecord: {'eval_loss': 1.1184167097846298, 'eval_acc': 0.6120163950814755, 'eval_precision': 0.5444448992253321, 'eval_recall': 0.6128998332869553, 'eval_f1': 0.5514342489727222}
[92mINFO [0m:      Global evaluation
[92mINFO [0m:      	\u2514\u2500\u2500> MetricRecord: {'accuracy': 0.6028, 'loss': 1.11275257717205, 'precision': 0.6018806983010373, 'recall': 0.6028, 'f1': 0.5961847846056736, 'global_accuracy': 0.6008755250190655, 'weighted_accuracy': 0.6120163950814755}
[92mINFO [0m:      
[92mINFO [0m:      Strategy execution finished in 91.31s
[92mINFO [0m:      
[92mINFO [0m:      Final results:
[92mINFO [0m:      
[92mINFO [0m:      	Global Arrays:
[92mINFO [0m:      		ArrayRecord (0.238 MB)
[92mINFO [0m:      	
[92mINFO [0m:      	Aggregated ClientApp-side Train Metrics:
[92mINFO [0m:      	{ 1: { 'train_accuracy': '3.7168e-01',
[92mINFO [0m:      	       'train_f1': '1.7429e-01',
[92mINFO [0m:      	       'train_loss': '1.9328e+00',
[92mINFO [0m:      	       'train_precision': '2.1548e-01',
[92mINFO [0m:      	       'train_recall': '2.1569e-01'},
[92mINFO [0m:      	  2: { 'train_accuracy': '4.7951e-01',
[92mINFO [0m:      	       'train_f1': '2.8955e-01',
[92mINFO [0m:      	       'train_loss': '1.6151e+00',
[92mINFO [0m:      	       'train_precision': '3.2341e-01',
[92mINFO [0m:      	       'train_recall': '3.0782e-01'},
[92mINFO [0m:      	  3: { 'train_accuracy': '5.1181e-01',
[92mINFO [0m:      	       'train_f1': '3.4632e-01',
[92mINFO [0m:      	       'train_loss': '1.4379e+00',
[92mINFO [0m:      	       'train_precision': '4.4994e-01',
[92mINFO [0m:      	       'train_recall': '3.6537e-01'},
[92mINFO [0m:      	  4: { 'train_accuracy': '5.3962e-01',
[92mINFO [0m:      	       'train_f1': '3.8610e-01',
[92mINFO [0m:      	       'train_loss': '1.3597e+00',
[92mINFO [0m:      	       'train_precision': '4.5638e-01',
[92mINFO [0m:      	       'train_recall': '3.9615e-01'},
[92mINFO [0m:      	  5: { 'train_accuracy': '5.6332e-01',
[92mINFO [0m:      	       'train_f1': '4.1198e-01',
[92mINFO [0m:      	       'train_loss': '1.3111e+00',
[92mINFO [0m:      	       'train_precision': '4.9733e-01',
[92mINFO [0m:      	       'train_recall': '4.1432e-01'},
[92mINFO [0m:      	  6: { 'train_accuracy': '5.8129e-01',
[92mINFO [0m:      	       'train_f1': '4.3839e-01',
[92mINFO [0m:      	       'train_loss': '1.2638e+00',
[92mINFO [0m:      	       'train_precision': '5.3025e-01',
[92mINFO [0m:      	       'train_recall': '4.2907e-01'},
[92mINFO [0m:      	  7: { 'train_accuracy': '6.0315e-01',
[92mINFO [0m:      	       'train_f1': '4.6507e-01',
[92mINFO [0m:      	       'train_loss': '1.2208e+00',
[92mINFO [0m:      	       'train_precision': '5.5906e-01',
[92mINFO [0m:      	       'train_recall': '4.6814e-01'},
[92mINFO [0m:      	  8: { 'train_accuracy': '6.2075e-01',
[92mINFO [0m:      	       'train_f1': '4.8426e-01',
[92mINFO [0m:      	       'train_loss': '1.1914e+00',
[92mINFO [0m:      	       'train_precision': '5.8108e-01',
[92mINFO [0m:      	       'train_recall': '4.8135e-01'},
[92mINFO [0m:      	  9: { 'train_accuracy': '6.2527e-01',
[92mINFO [0m:      	       'train_f1': '4.9702e-01',
[92mINFO [0m:      	       'train_loss': '1.1553e+00',
[92mINFO [0m:      	       'train_precision': '5.9554e-01',
[92mINFO [0m:      	       'train_recall': '4.8917e-01'},
[92mINFO [0m:      	  10: { 'train_accuracy': '6.4412e-01',
[92mINFO [0m:      	        'train_f1': '5.2647e-01',
[92mINFO [0m:      	        'train_loss': '1.1317e+00',
[92mINFO [0m:      	        'train_precision': '6.1731e-01',
[92mINFO [0m:      	        'train_recall': '5.2318e-01'},
[92mINFO [0m:      	  11: { 'train_accuracy': '6.4645e-01',
[92mINFO [0m:      	        'train_f1': '5.4156e-01',
[92mINFO [0m:      	        'train_loss': '1.1052e+00',
[92mINFO [0m:      	        'train_precision': '6.0516e-01',
[92mINFO [0m:      	        'train_recall': '5.3523e-01'},
[92mINFO [0m:      	  12: { 'train_accuracy': '6.6800e-01',
[92mINFO [0m:      	        'train_f1': '5.5416e-01',
[92mINFO [0m:      	        'train_loss': '1.0753e+00',
[92mINFO [0m:      	        'train_precision': '6.7211e-01',
[92mINFO [0m:      	        'train_recall': '5.4737e-01'},
[92mINFO [0m:      	  13: { 'train_accuracy': '6.8138e-01',
[92mINFO [0m:      	        'train_f1': '5.7555e-01',
[92mINFO [0m:      	        'train_loss': '1.0550e+00',
[92mINFO [0m:      	        'train_precision': '6.6099e-01',
[92mINFO [0m:      	        'train_recall': '5.6201e-01'},
[92mINFO [0m:      	  14: { 'train_accuracy': '6.7633e-01',
[92mINFO [0m:      	        'train_f1': '5.7691e-01',
[92mINFO [0m:      	        'train_loss': '1.0301e+00',
[92mINFO [0m:      	        'train_precision': '6.6194e-01',
[92mINFO [0m:      	        'train_recall': '5.6624e-01'},
[92mINFO [0m:      	  15: { 'train_accuracy': '6.9705e-01',
[92mINFO [0m:      	        'train_f1': '6.0255e-01',
[92mINFO [0m:      	        'train_loss': '1.0092e+00',
[92mINFO [0m:      	        'train_precision': '6.8260e-01',
[92mINFO [0m:      	        'train_recall': '5.8718e-01'},
[92mINFO [0m:      	  16: { 'train_accuracy': '6.9930e-01',
[92mINFO [0m:      	        'train_f1': '6.1120e-01',
[92mINFO [0m:      	        'train_loss': '9.9073e-01',
[92mINFO [0m:      	        'train_precision': '6.6936e-01',
[92mINFO [0m:      	        'train_recall': '5.9393e-01'},
[92mINFO [0m:      	  17: { 'train_accuracy': '7.1185e-01',
[92mINFO [0m:      	        'train_f1': '6.1923e-01',
[92mINFO [0m:      	        'train_loss': '9.6807e-01',
[92mINFO [0m:      	        'train_precision': '7.0106e-01',
[92mINFO [0m:      	        'train_recall': '6.0480e-01'},
[92mINFO [0m:      	  18: { 'train_accuracy': '7.1610e-01',
[92mINFO [0m:      	        'train_f1': '6.3621e-01',
[92mINFO [0m:      	        'train_loss': '9.5285e-01',
[92mINFO [0m:      	        'train_precision': '7.1292e-01',
[92mINFO [0m:      	        'train_recall': '6.1770e-01'},
[92mINFO [0m:      	  19: { 'train_accuracy': '7.2238e-01',
[92mINFO [0m:      	        'train_f1': '6.4929e-01',
[92mINFO [0m:      	        'train_loss': '9.3400e-01',
[92mINFO [0m:      	        'train_precision': '7.1656e-01',
[92mINFO [0m:      	        'train_recall': '6.3104e-01'},
[92mINFO [0m:      	  20: { 'train_accuracy': '7.2965e-01',
[92mINFO [0m:      	        'train_f1': '6.4639e-01',
[92mINFO [0m:      	        'train_loss': '9.1042e-01',
[92mINFO [0m:      	        'train_precision': '7.2997e-01',
[92mINFO [0m:      	        'train_recall': '6.3035e-01'}}
[92mINFO [0m:      	
[92mINFO [0m:      	Aggregated ClientApp-side Evaluate Metrics:
[92mINFO [0m:      	{ 1: { 'eval_acc': '2.6562e-01',
[92mINFO [0m:      	       'eval_f1': '1.8049e-01',
[92mINFO [0m:      	       'eval_loss': '2.0371e+00',
[92mINFO [0m:      	       'eval_precision': '2.2113e-01',
[92mINFO [0m:      	       'eval_recall': '2.6646e-01'},
[92mINFO [0m:      	  2: { 'eval_acc': '3.9988e-01',
[92mINFO [0m:      	       'eval_f1': '3.2998e-01',
[92mINFO [0m:      	       'eval_loss': '1.6543e+00',
[92mINFO [0m:      	       'eval_precision': '3.6300e-01',
[92mINFO [0m:      	       'eval_recall': '4.0125e-01'},
[92mINFO [0m:      	  3: { 'eval_acc': '4.4157e-01',
[92mINFO [0m:      	       'eval_f1': '3.8943e-01',
[92mINFO [0m:      	       'eval_loss': '1.5216e+00',
[92mINFO [0m:      	       'eval_precision': '4.0452e-01',
[92mINFO [0m:      	       'eval_recall': '4.4696e-01'},
[92mINFO [0m:      	  4: { 'eval_acc': '4.6666e-01',
[92mINFO [0m:      	       'eval_f1': '4.1034e-01',
[92mINFO [0m:      	       'eval_loss': '1.4435e+00',
[92mINFO [0m:      	       'eval_precision': '4.2126e-01',
[92mINFO [0m:      	       'eval_recall': '4.7129e-01'},
[92mINFO [0m:      	  5: { 'eval_acc': '4.8705e-01',
[92mINFO [0m:      	       'eval_f1': '4.3473e-01',
[92mINFO [0m:      	       'eval_loss': '1.4140e+00',
[92mINFO [0m:      	       'eval_precision': '4.4852e-01',
[92mINFO [0m:      	       'eval_recall': '4.9259e-01'},
[92mINFO [0m:      	  6: { 'eval_acc': '5.0705e-01',
[92mINFO [0m:      	       'eval_f1': '4.5887e-01',
[92mINFO [0m:      	       'eval_loss': '1.3644e+00',
[92mINFO [0m:      	       'eval_precision': '4.6436e-01',
[92mINFO [0m:      	       'eval_recall': '5.1612e-01'},
[92mINFO [0m:      	  7: { 'eval_acc': '5.1994e-01',
[92mINFO [0m:      	       'eval_f1': '4.5960e-01',
[92mINFO [0m:      	       'eval_loss': '1.3252e+00',
[92mINFO [0m:      	       'eval_precision': '4.7090e-01',
[92mINFO [0m:      	       'eval_recall': '5.2129e-01'},
[92mINFO [0m:      	  8: { 'eval_acc': '5.3704e-01',
[92mINFO [0m:      	       'eval_f1': '4.8147e-01',
[92mINFO [0m:      	       'eval_loss': '1.2876e+00',
[92mINFO [0m:      	       'eval_precision': '4.8228e-01',
[92mINFO [0m:      	       'eval_recall': '5.4327e-01'},
[92mINFO [0m:      	  9: { 'eval_acc': '5.5343e-01',
[92mINFO [0m:      	       'eval_f1': '4.9699e-01',
[92mINFO [0m:      	       'eval_loss': '1.2452e+00',
[92mINFO [0m:      	       'eval_precision': '4.9200e-01',
[92mINFO [0m:      	       'eval_recall': '5.5764e-01'},
[92mINFO [0m:      	  10: { 'eval_acc': '5.5373e-01',
[92mINFO [0m:      	        'eval_f1': '5.0009e-01',
[92mINFO [0m:      	        'eval_loss': '1.2410e+00',
[92mINFO [0m:      	        'eval_precision': '4.9631e-01',
[92mINFO [0m:      	        'eval_recall': '5.6066e-01'},
[92mINFO [0m:      	  11: { 'eval_acc': '5.6223e-01',
[92mINFO [0m:      	        'eval_f1': '5.0953e-01',
[92mINFO [0m:      	        'eval_loss': '1.2152e+00',
[92mINFO [0m:      	        'eval_precision': '5.0899e-01',
[92mINFO [0m:      	        'eval_recall': '5.6899e-01'},
[92mINFO [0m:      	  12: { 'eval_acc': '5.7263e-01',
[92mINFO [0m:      	        'eval_f1': '5.1954e-01',
[92mINFO [0m:      	        'eval_loss': '1.1995e+00',
[92mINFO [0m:      	        'eval_precision': '5.1737e-01',
[92mINFO [0m:      	        'eval_recall': '5.8076e-01'},
[92mINFO [0m:      	  13: { 'eval_acc': '5.8163e-01',
[92mINFO [0m:      	        'eval_f1': '5.2588e-01',
[92mINFO [0m:      	        'eval_loss': '1.1757e+00',
[92mINFO [0m:      	        'eval_precision': '5.2025e-01',
[92mINFO [0m:      	        'eval_recall': '5.8331e-01'},
[92mINFO [0m:      	  14: { 'eval_acc': '5.8542e-01',
[92mINFO [0m:      	        'eval_f1': '5.3110e-01',
[92mINFO [0m:      	        'eval_loss': '1.1818e+00',
[92mINFO [0m:      	        'eval_precision': '5.2686e-01',
[92mINFO [0m:      	        'eval_recall': '5.9145e-01'},
[92mINFO [0m:      	  15: { 'eval_acc': '5.9582e-01',
[92mINFO [0m:      	        'eval_f1': '5.4136e-01',
[92mINFO [0m:      	        'eval_loss': '1.1461e+00',
[92mINFO [0m:      	        'eval_precision': '5.3408e-01',
[92mINFO [0m:      	        'eval_recall': '6.0165e-01'},
[92mINFO [0m:      	  16: { 'eval_acc': '5.9342e-01',
[92mINFO [0m:      	        'eval_f1': '5.4009e-01',
[92mINFO [0m:      	        'eval_loss': '1.1536e+00',
[92mINFO [0m:      	        'eval_precision': '5.3593e-01',
[92mINFO [0m:      	        'eval_recall': '6.0195e-01'},
[92mINFO [0m:      	  17: { 'eval_acc': '5.9872e-01',
[92mINFO [0m:      	        'eval_f1': '5.4234e-01',
[92mINFO [0m:      	        'eval_loss': '1.1371e+00',
[92mINFO [0m:      	        'eval_precision': '5.3882e-01',
[92mINFO [0m:      	        'eval_recall': '6.0318e-01'},
[92mINFO [0m:      	  18: { 'eval_acc': '6.0172e-01',
[92mINFO [0m:      	        'eval_f1': '5.4658e-01',
[92mINFO [0m:      	        'eval_loss': '1.1304e+00',
[92mINFO [0m:      	        'eval_precision': '5.4045e-01',
[92mINFO [0m:      	        'eval_recall': '6.0528e-01'},
[92mINFO [0m:      	  19: { 'eval_acc': '6.0332e-01',
[92mINFO [0m:      	        'eval_f1': '5.4720e-01',
[92mINFO [0m:      	        'eval_loss': '1.1188e+00',
[92mINFO [0m:      	        'eval_precision': '5.4149e-01',
[92mINFO [0m:      	        'eval_recall': '6.0442e-01'},
[92mINFO [0m:      	  20: { 'eval_acc': '6.1202e-01',
[92mINFO [0m:      	        'eval_f1': '5.5143e-01',
[92mINFO [0m:      	        'eval_loss': '1.1184e+00',
[92mINFO [0m:      	        'eval_precision': '5.4444e-01',
[92mINFO [0m:      	        'eval_recall': '6.1290e-01'}}
[92mINFO [0m:      	
[92mINFO [0m:      	ServerApp-side Evaluate Metrics:
[92mINFO [0m:      	{ 0: { 'accuracy': '9.9900e-02',
[92mINFO [0m:      	       'f1': '1.8172e-02',
[92mINFO [0m:      	       'global_accuracy': '0.0000e+00',
[92mINFO [0m:      	       'loss': '2.3055e+00',
[92mINFO [0m:      	       'precision': '9.9950e-03',
[92mINFO [0m:      	       'recall': '9.9900e-02',
[92mINFO [0m:      	       'weighted_accuracy': '0.0000e+00'},
[92mINFO [0m:      	  1: { 'accuracy': '2.6410e-01',
[92mINFO [0m:      	       'f1': '1.9428e-01',
[92mINFO [0m:      	       'global_accuracy': '2.6250e-01',
[92mINFO [0m:      	       'loss': '2.0367e+00',
[92mINFO [0m:      	       'precision': '3.1732e-01',
[92mINFO [0m:      	       'recall': '2.6410e-01',
[92mINFO [0m:      	       'weighted_accuracy': '2.6562e-01'},
[92mINFO [0m:      	  2: { 'accuracy': '4.0170e-01',
[92mINFO [0m:      	       'f1': '3.6683e-01',
[92mINFO [0m:      	       'global_accuracy': '3.9594e-01',
[92mINFO [0m:      	       'loss': '1.6557e+00',
[92mINFO [0m:      	       'precision': '4.0282e-01',
[92mINFO [0m:      	       'recall': '4.0170e-01',
[92mINFO [0m:      	       'weighted_accuracy': '3.9988e-01'},
[92mINFO [0m:      	  3: { 'accuracy': '4.3990e-01',
[92mINFO [0m:      	       'f1': '4.2699e-01',
[92mINFO [0m:      	       'global_accuracy': '4.3972e-01',
[92mINFO [0m:      	       'loss': '1.5292e+00',
[92mINFO [0m:      	       'precision': '4.4462e-01',
[92mINFO [0m:      	       'recall': '4.3990e-01',
[92mINFO [0m:      	       'weighted_accuracy': '4.4157e-01'},
[92mINFO [0m:      	  4: { 'accuracy': '4.7030e-01',
[92mINFO [0m:      	       'f1': '4.5486e-01',
[92mINFO [0m:      	       'global_accuracy': '4.5880e-01',
[92mINFO [0m:      	       'loss': '1.4537e+00',
[92mINFO [0m:      	       'precision': '4.6906e-01',
[92mINFO [0m:      	       'recall': '4.7030e-01',
[92mINFO [0m:      	       'weighted_accuracy': '4.6666e-01'},
[92mINFO [0m:      	  5: { 'accuracy': '4.8250e-01',
[92mINFO [0m:      	       'f1': '4.7149e-01',
[92mINFO [0m:      	       'global_accuracy': '4.8345e-01',
[92mINFO [0m:      	       'loss': '1.4242e+00',
[92mINFO [0m:      	       'precision': '4.9115e-01',
[92mINFO [0m:      	       'recall': '4.8250e-01',
[92mINFO [0m:      	       'weighted_accuracy': '4.8705e-01'},
[92mINFO [0m:      	  6: { 'accuracy': '5.0000e-01',
[92mINFO [0m:      	       'f1': '4.9584e-01',
[92mINFO [0m:      	       'global_accuracy': '4.9982e-01',
[92mINFO [0m:      	       'loss': '1.3743e+00',
[92mINFO [0m:      	       'precision': '5.0806e-01',
[92mINFO [0m:      	       'recall': '5.0000e-01',
[92mINFO [0m:      	       'weighted_accuracy': '5.0705e-01'},
[92mINFO [0m:      	  7: { 'accuracy': '5.1770e-01',
[92mINFO [0m:      	       'f1': '5.0270e-01',
[92mINFO [0m:      	       'global_accuracy': '5.1402e-01',
[92mINFO [0m:      	       'loss': '1.3269e+00',
[92mINFO [0m:      	       'precision': '5.2168e-01',
[92mINFO [0m:      	       'recall': '5.1770e-01',
[92mINFO [0m:      	       'weighted_accuracy': '5.1994e-01'},
[92mINFO [0m:      	  8: { 'accuracy': '5.3880e-01',
[92mINFO [0m:      	       'f1': '5.2867e-01',
[92mINFO [0m:      	       'global_accuracy': '5.2742e-01',
[92mINFO [0m:      	       'loss': '1.2887e+00',
[92mINFO [0m:      	       'precision': '5.3937e-01',
[92mINFO [0m:      	       'recall': '5.3880e-01',
[92mINFO [0m:      	       'weighted_accuracy': '5.3704e-01'},
[92mINFO [0m:      	  9: { 'accuracy': '5.5720e-01',
[92mINFO [0m:      	       'f1': '5.5040e-01',
[92mINFO [0m:      	       'global_accuracy': '5.4451e-01',
[92mINFO [0m:      	       'loss': '1.2456e+00',
[92mINFO [0m:      	       'precision': '5.5037e-01',
[92mINFO [0m:      	       'recall': '5.5720e-01',
[92mINFO [0m:      	       'weighted_accuracy': '5.5343e-01'},
[92mINFO [0m:      	  10: { 'accuracy': '5.5660e-01',
[92mINFO [0m:      	        'f1': '5.4942e-01',
[92mINFO [0m:      	        'global_accuracy': '5.4248e-01',
[92mINFO [0m:      	        'loss': '1.2468e+00',
[92mINFO [0m:      	        'precision': '5.5781e-01',
[92mINFO [0m:      	        'recall': '5.5660e-01',
[92mINFO [0m:      	        'weighted_accuracy': '5.5373e-01'},
[92mINFO [0m:      	  11: { 'accuracy': '5.6710e-01',
[92mINFO [0m:      	        'f1': '5.6289e-01',
[92mINFO [0m:      	        'global_accuracy': '5.5383e-01',
[92mINFO [0m:      	        'loss': '1.2149e+00',
[92mINFO [0m:      	        'precision': '5.7306e-01',
[92mINFO [0m:      	        'recall': '5.6710e-01',
[92mINFO [0m:      	        'weighted_accuracy': '5.6223e-01'},
[92mINFO [0m:      	  12: { 'accuracy': '5.7270e-01',
[92mINFO [0m:      	        'f1': '5.6912e-01',
[92mINFO [0m:      	        'global_accuracy': '5.6580e-01',
[92mINFO [0m:      	        'loss': '1.1991e+00',
[92mINFO [0m:      	        'precision': '5.7623e-01',
[92mINFO [0m:      	        'recall': '5.7270e-01',
[92mINFO [0m:      	        'weighted_accuracy': '5.7263e-01'},
[92mINFO [0m:      	  13: { 'accuracy': '5.7840e-01',
[92mINFO [0m:      	        'f1': '5.7473e-01',
[92mINFO [0m:      	        'global_accuracy': '5.7487e-01',
[92mINFO [0m:      	        'loss': '1.1785e+00',
[92mINFO [0m:      	        'precision': '5.7919e-01',
[92mINFO [0m:      	        'recall': '5.7840e-01',
[92mINFO [0m:      	        'weighted_accuracy': '5.8163e-01'},
[92mINFO [0m:      	  14: { 'accuracy': '5.8140e-01',
[92mINFO [0m:      	        'f1': '5.7935e-01',
[92mINFO [0m:      	        'global_accuracy': '5.7437e-01',
[92mINFO [0m:      	        'loss': '1.1834e+00',
[92mINFO [0m:      	        'precision': '5.8683e-01',
[92mINFO [0m:      	        'recall': '5.8140e-01',
[92mINFO [0m:      	        'weighted_accuracy': '5.8542e-01'},
[92mINFO [0m:      	  15: { 'accuracy': '5.8990e-01',
[92mINFO [0m:      	        'f1': '5.8766e-01',
[92mINFO [0m:      	        'global_accuracy': '5.8726e-01',
[92mINFO [0m:      	        'loss': '1.1455e+00',
[92mINFO [0m:      	        'precision': '5.9077e-01',
[92mINFO [0m:      	        'recall': '5.8990e-01',
[92mINFO [0m:      	        'weighted_accuracy': '5.9582e-01'},
[92mINFO [0m:      	  16: { 'accuracy': '5.8810e-01',
[92mINFO [0m:      	        'f1': '5.8452e-01',
[92mINFO [0m:      	        'global_accuracy': '5.8218e-01',
[92mINFO [0m:      	        'loss': '1.1503e+00',
[92mINFO [0m:      	        'precision': '5.9252e-01',
[92mINFO [0m:      	        'recall': '5.8810e-01',
[92mINFO [0m:      	        'weighted_accuracy': '5.9342e-01'},
[92mINFO [0m:      	  17: { 'accuracy': '5.9370e-01',
[92mINFO [0m:      	        'f1': '5.8684e-01',
[92mINFO [0m:      	        'global_accuracy': '5.8791e-01',
[92mINFO [0m:      	        'loss': '1.1357e+00',
[92mINFO [0m:      	        'precision': '5.9218e-01',
[92mINFO [0m:      	        'recall': '5.9370e-01',
[92mINFO [0m:      	        'weighted_accuracy': '5.9872e-01'},
[92mINFO [0m:      	  18: { 'accuracy': '5.9870e-01',
[92mINFO [0m:      	        'f1': '5.9617e-01',
[92mINFO [0m:      	        'global_accuracy': '5.9208e-01',
[92mINFO [0m:      	        'loss': '1.1251e+00',
[92mINFO [0m:      	        'precision': '6.0130e-01',
[92mINFO [0m:      	        'recall': '5.9870e-01',
[92mINFO [0m:      	        'weighted_accuracy': '6.0172e-01'},
[92mINFO [0m:      	  19: { 'accuracy': '6.0320e-01',
[92mINFO [0m:      	        'f1': '6.0013e-01',
[92mINFO [0m:      	        'global_accuracy': '5.9320e-01',
[92mINFO [0m:      	        'loss': '1.1123e+00',
[92mINFO [0m:      	        'precision': '6.0428e-01',
[92mINFO [0m:      	        'recall': '6.0320e-01',
[92mINFO [0m:      	        'weighted_accuracy': '6.0332e-01'},
[92mINFO [0m:      	  20: { 'accuracy': '6.0280e-01',
[92mINFO [0m:      	        'f1': '5.9618e-01',
[92mINFO [0m:      	        'global_accuracy': '6.0088e-01',
[92mINFO [0m:      	        'loss': '1.1128e+00',
[92mINFO [0m:      	        'precision': '6.0188e-01',
[92mINFO [0m:      	        'recall': '6.0280e-01',
[92mINFO [0m:      	        'weighted_accuracy': '6.1202e-01'}}
[92mINFO [0m:      
[36m(ClientAppActor pid=181000)[0m [93mWARNING [0m:   Manually terminating ClientAppActor

============================================================
Starting Experiment: FedAvg_Dir1.0_npy
Strategy: FedAvg
Distribution: Dir1.0
Data Source: NPY
Rounds: 20
Clients: 6 (train: 6, eval: 6)
============================================================

Round   0 | Loss: 2.3055 | Acc: 0.0999 | F1: 0.0182 | Global Acc: 0.0000 | Weighted Acc: 0.0000
Round   1 | Loss: 2.0367 | Acc: 0.2641 | F1: 0.1943 | Global Acc: 0.2625 | Weighted Acc: 0.2656
Round   2 | Loss: 1.6557 | Acc: 0.4017 | F1: 0.3668 | Global Acc: 0.3959 | Weighted Acc: 0.3999
Round   3 | Loss: 1.5292 | Acc: 0.4399 | F1: 0.4270 | Global Acc: 0.4397 | Weighted Acc: 0.4416
Round   4 | Loss: 1.4537 | Acc: 0.4703 | F1: 0.4549 | Global Acc: 0.4588 | Weighted Acc: 0.4667
Round   5 | Loss: 1.4242 | Acc: 0.4825 | F1: 0.4715 | Global Acc: 0.4834 | Weighted Acc: 0.4871
Round   6 | Loss: 1.3743 | Acc: 0.5000 | F1: 0.4958 | Global Acc: 0.4998 | Weighted Acc: 0.5070
Round   7 | Loss: 1.3269 | Acc: 0.5177 | F1: 0.5027 | Global Acc: 0.5140 | Weighted Acc: 0.5199
Round   8 | Loss: 1.2887 | Acc: 0.5388 | F1: 0.5287 | Global Acc: 0.5274 | Weighted Acc: 0.5370
Round   9 | Loss: 1.2456 | Acc: 0.5572 | F1: 0.5504 | Global Acc: 0.5445 | Weighted Acc: 0.5534
Round  10 | Loss: 1.2468 | Acc: 0.5566 | F1: 0.5494 | Global Acc: 0.5425 | Weighted Acc: 0.5537
Round  11 | Loss: 1.2149 | Acc: 0.5671 | F1: 0.5629 | Global Acc: 0.5538 | Weighted Acc: 0.5622
Round  12 | Loss: 1.1991 | Acc: 0.5727 | F1: 0.5691 | Global Acc: 0.5658 | Weighted Acc: 0.5726
Round  13 | Loss: 1.1785 | Acc: 0.5784 | F1: 0.5747 | Global Acc: 0.5749 | Weighted Acc: 0.5816
Round  14 | Loss: 1.1834 | Acc: 0.5814 | F1: 0.5794 | Global Acc: 0.5744 | Weighted Acc: 0.5854
Round  15 | Loss: 1.1455 | Acc: 0.5899 | F1: 0.5877 | Global Acc: 0.5873 | Weighted Acc: 0.5958
Round  16 | Loss: 1.1503 | Acc: 0.5881 | F1: 0.5845 | Global Acc: 0.5822 | Weighted Acc: 0.5934
Round  17 | Loss: 1.1357 | Acc: 0.5937 | F1: 0.5868 | Global Acc: 0.5879 | Weighted Acc: 0.5987
Round  18 | Loss: 1.1251 | Acc: 0.5987 | F1: 0.5962 | Global Acc: 0.5921 | Weighted Acc: 0.6017
Round  19 | Loss: 1.1123 | Acc: 0.6032 | F1: 0.6001 | Global Acc: 0.5932 | Weighted Acc: 0.6033
Round  20 | Loss: 1.1128 | Acc: 0.6028 | F1: 0.5962 | Global Acc: 0.6009 | Weighted Acc: 0.6120

Saving final model to disk...

============================================================
Experiment completed: FedAvg_Dir1.0_npy
Results saved to:
  - global_csv: results\FedAvg_Dir1.0_npy_global_20260109_185704.csv
  - client_csv: results\FedAvg_Dir1.0_npy_client_20260109_185704.csv
============================================================

Loading project configuration... 
Success
[93mWARNING [0m:   Ray support on Windows is experimental and may not work as expected. On Windows, Flower Simulations run best in WSL2: https://learn.microsoft.com/en-us/windows/wsl/about
[92mINFO [0m:      Starting FedAvgWithMetricsAggregation strategy:
[92mINFO [0m:      	\u251c\u2500\u2500 Number of rounds: 20
[92mINFO [0m:      	\u251c\u2500\u2500 ArrayRecord (0.24 MB)
[92mINFO [0m:      	\u251c\u2500\u2500 ConfigRecord (train): {'lr': 0.01}
[92mINFO [0m:      	\u251c\u2500\u2500 ConfigRecord (evaluate): (empty!)
[92mINFO [0m:      	\u251c\u2500\u2500> Sampling:
[92mINFO [0m:      	\u2502	\u251c\u2500\u2500Fraction: train (1.00) | evaluate ( 1.00)
[92mINFO [0m:      	\u2502	\u251c\u2500\u2500Minimum nodes: train (6) | evaluate (6)
[92mINFO [0m:      	\u2502	\u2514\u2500\u2500Minimum available nodes: 6
[92mINFO [0m:      	\u2514\u2500\u2500> Keys in records:
[92mINFO [0m:      		\u251c\u2500\u2500 Weighted by: 'num-examples'
[92mINFO [0m:      		\u251c\u2500\u2500 ArrayRecord key: 'arrays'
[92mINFO [0m:      		\u2514\u2500\u2500 ConfigRecord key: 'config'
[92mINFO [0m:      
[92mINFO [0m:      Initial global evaluation results: {'accuracy': 0.1002, 'loss': 2.3040830817403672, 'precision': 0.02539763230661398, 'recall': 0.1002, 'f1': 0.018598197942089147, 'global_accuracy': 0.0, 'weighted_accuracy': 0.0}
[92mINFO [0m:      
[92mINFO [0m:      [ROUND 1/20]
[92mINFO [0m:      configure_train: Sampled 6 nodes (out of 6)
[92mINFO [0m:      aggregate_train: Received 6 results and 0 failures
[92mINFO [0m:      	\u2514\u2500\u2500> Aggregated MetricRecord: {'train_loss': 2.159251277340753, 'train_accuracy': 0.2778958421881641, 'train_precision': 0.27220895882576646, 'train_recall': 0.24710207632945086, 'train_f1': 0.19786057326753936}
[92mINFO [0m:      configure_evaluate: Sampled 6 nodes (out of 6)
[93mWARNING [0m:   The `metrics_records` property of `RecordDict` (formerly `RecordSet`) is deprecated and will be removed in a future release. Please use the `metric_records` property instead.
[92mINFO [0m:      aggregate_evaluate: Received 6 results and 0 failures
[92mINFO [0m:      	\u2514\u2500\u2500> Aggregated MetricRecord: {'eval_loss': 1.9495533031223453, 'eval_acc': 0.29051284614615613, 'eval_precision': 0.2785143654051173, 'eval_recall': 0.29203309657116455, 'eval_f1': 0.24094146255588172}
[92mINFO [0m:      Global evaluation
[92mINFO [0m:      	\u2514\u2500\u2500> MetricRecord: {'accuracy': 0.2991, 'loss': 1.9339023360723182, 'precision': 0.2707981039517905, 'recall': 0.2991, 'f1': 0.2506964340601907, 'global_accuracy': 0.29103161933635174, 'weighted_accuracy': 0.29051284614615613}
[92mINFO [0m:      
[92mINFO [0m:      [ROUND 2/20]
[92mINFO [0m:      configure_train: Sampled 6 nodes (out of 6)
[92mINFO [0m:      aggregate_train: Received 6 results and 0 failures
[92mINFO [0m:      	\u2514\u2500\u2500> Aggregated MetricRecord: {'train_loss': 1.8356244811770055, 'train_accuracy': 0.3681776133209991, 'train_precision': 0.37663374486581064, 'train_recall': 0.34789855129012803, 'train_f1': 0.31100843272955236}
[92mINFO [0m:      configure_evaluate: Sampled 6 nodes (out of 6)
[92mINFO [0m:      aggregate_evaluate: Received 6 results and 0 failures
[92mINFO [0m:      	\u2514\u2500\u2500> Aggregated MetricRecord: {'eval_loss': 1.7020401102662823, 'eval_acc': 0.38178546436069183, 'eval_precision': 0.3756247231661859, 'eval_recall': 0.3832345344453887, 'eval_f1': 0.35366515952823324}
[92mINFO [0m:      Global evaluation
[92mINFO [0m:      	\u2514\u2500\u2500> MetricRecord: {'accuracy': 0.3861, 'loss': 1.682082141501994, 'precision': 0.3787098651297296, 'recall': 0.3861, 'f1': 0.36021156405863636, 'global_accuracy': 0.3820843245872343, 'weighted_accuracy': 0.3817854643606918}
[92mINFO [0m:      
[92mINFO [0m:      [ROUND 3/20]
[92mINFO [0m:      configure_train: Sampled 6 nodes (out of 6)
[92mINFO [0m:      aggregate_train: Received 6 results and 0 failures
[92mINFO [0m:      	\u2514\u2500\u2500> Aggregated MetricRecord: {'train_loss': 1.671707170839584, 'train_accuracy': 0.4337075280646049, 'train_precision': 0.4331380207950903, 'train_recall': 0.41625857328172283, 'train_f1': 0.39912044931885593}
[92mINFO [0m:      configure_evaluate: Sampled 6 nodes (out of 6)
[92mINFO [0m:      aggregate_evaluate: Received 6 results and 0 failures
[92mINFO [0m:      	\u2514\u2500\u2500> Aggregated MetricRecord: {'eval_loss': 1.5552238125074633, 'eval_acc': 0.4330700789763071, 'eval_precision': 0.42349542259743417, 'eval_recall': 0.43405437402232067, 'eval_f1': 0.4213648532035734}
[92mINFO [0m:      Global evaluation
[92mINFO [0m:      	\u2514\u2500\u2500> MetricRecord: {'accuracy': 0.4353, 'loss': 1.550435384617576, 'precision': 0.4270692035404456, 'recall': 0.43529999999999996, 'f1': 0.4261837537284679, 'global_accuracy': 0.4339091906571511, 'weighted_accuracy': 0.4330700789763071}
[92mINFO [0m:      
[92mINFO [0m:      [ROUND 4/20]
[92mINFO [0m:      configure_train: Sampled 6 nodes (out of 6)
[92mINFO [0m:      aggregate_train: Received 6 results and 0 failures
[92mINFO [0m:      	\u2514\u2500\u2500> Aggregated MetricRecord: {'train_loss': 1.572612074329945, 'train_accuracy': 0.4658349376203216, 'train_precision': 0.4728768877126666, 'train_recall': 0.4536613610812583, 'train_f1': 0.4324732396120342}
[92mINFO [0m:      configure_evaluate: Sampled 6 nodes (out of 6)
[92mINFO [0m:      aggregate_evaluate: Received 6 results and 0 failures
[92mINFO [0m:      	\u2514\u2500\u2500> Aggregated MetricRecord: {'eval_loss': 1.4645675147812205, 'eval_acc': 0.46466060181945423, 'eval_precision': 0.4530569166350367, 'eval_recall': 0.46565270504430034, 'eval_f1': 0.4471399423563355}
[92mINFO [0m:      Global evaluation
[92mINFO [0m:      	\u2514\u2500\u2500> MetricRecord: {'accuracy': 0.4661, 'loss': 1.4594723227657849, 'precision': 0.4563428860535339, 'recall': 0.46609999999999996, 'f1': 0.450779554397667, 'global_accuracy': 0.465323481508707, 'weighted_accuracy': 0.4646606018194542}
[92mINFO [0m:      
[92mINFO [0m:      [ROUND 5/20]
[92mINFO [0m:      configure_train: Sampled 6 nodes (out of 6)
[92mINFO [0m:      aggregate_train: Received 6 results and 0 failures
[92mINFO [0m:      	\u2514\u2500\u2500> Aggregated MetricRecord: {'train_loss': 1.5057031850293348, 'train_accuracy': 0.48743655774183064, 'train_precision': 0.49738947603588873, 'train_recall': 0.4723745981428632, 'train_f1': 0.45714277492965844}
[92mINFO [0m:      configure_evaluate: Sampled 6 nodes (out of 6)
[92mINFO [0m:      aggregate_evaluate: Received 6 results and 0 failures
[92mINFO [0m:      	\u2514\u2500\u2500> Aggregated MetricRecord: {'eval_loss': 1.4155380341309614, 'eval_acc': 0.4852544236728981, 'eval_precision': 0.4818906689677197, 'eval_recall': 0.48451891558954574, 'eval_f1': 0.4737317398747722}
[92mINFO [0m:      Global evaluation
[92mINFO [0m:      	\u2514\u2500\u2500> MetricRecord: {'accuracy': 0.4891, 'loss': 1.4136907284772848, 'precision': 0.49240761415211737, 'recall': 0.4891, 'f1': 0.48272099662713863, 'global_accuracy': 0.4855508864773413, 'weighted_accuracy': 0.4852544236728981}
[92mINFO [0m:      
[92mINFO [0m:      [ROUND 6/20]
[92mINFO [0m:      configure_train: Sampled 6 nodes (out of 6)
[92mINFO [0m:      aggregate_train: Received 6 results and 0 failures
[92mINFO [0m:      	\u2514\u2500\u2500> Aggregated MetricRecord: {'train_loss': 1.447128346538104, 'train_accuracy': 0.5068630147261044, 'train_precision': 0.5286130456510515, 'train_recall': 0.49069316601281326, 'train_f1': 0.476528572524894}
[92mINFO [0m:      configure_evaluate: Sampled 6 nodes (out of 6)
[92mINFO [0m:      aggregate_evaluate: Received 6 results and 0 failures
[92mINFO [0m:      	\u2514\u2500\u2500> Aggregated MetricRecord: {'eval_loss': 1.367405523992722, 'eval_acc': 0.5107467759672097, 'eval_precision': 0.5017242211491023, 'eval_recall': 0.5106754014645445, 'eval_f1': 0.4955195870680775}
[92mINFO [0m:      Global evaluation
[92mINFO [0m:      	\u2514\u2500\u2500> MetricRecord: {'accuracy': 0.5116, 'loss': 1.3670166610162469, 'precision': 0.5073738414879275, 'recall': 0.5115999999999999, 'f1': 0.5005514171434081, 'global_accuracy': 0.5109903866501687, 'weighted_accuracy': 0.5107467759672099}
[92mINFO [0m:      
[92mINFO [0m:      [ROUND 7/20]
[92mINFO [0m:      configure_train: Sampled 6 nodes (out of 6)
[92mINFO [0m:      aggregate_train: Received 6 results and 0 failures
[92mINFO [0m:      	\u2514\u2500\u2500> Aggregated MetricRecord: {'train_loss': 1.3983842551827084, 'train_accuracy': 0.5292146911018326, 'train_precision': 0.5485912760537269, 'train_recall': 0.5157834645260685, 'train_f1': 0.5010243899914771}
[92mINFO [0m:      configure_evaluate: Sampled 6 nodes (out of 6)
[92mINFO [0m:      aggregate_evaluate: Received 6 results and 0 failures
[92mINFO [0m:      	\u2514\u2500\u2500> Aggregated MetricRecord: {'eval_loss': 1.3081701603357396, 'eval_acc': 0.5300409877036889, 'eval_precision': 0.5193723750403495, 'eval_recall': 0.5292660196546547, 'eval_f1': 0.5167899502401503}
[92mINFO [0m:      Global evaluation
[36m(pid=gcs_server)[0m [2026-01-09 18:59:15,020 E 266120 208236] (gcs_server.exe) gcs_server.cc:302: Failed to establish connection to the event+metrics exporter agent. Events and metrics will not be exported. Exporter agent status: RpcError: Running out of retries to initialize the metrics agent. rpc_code: 14
[92mINFO [0m:      	\u2514\u2500\u2500> MetricRecord: {'accuracy': 0.5295, 'loss': 1.3120372808432277, 'precision': 0.5251773572369143, 'recall': 0.5295, 'f1': 0.5209324966174016, 'global_accuracy': 0.5306539648118801, 'weighted_accuracy': 0.5300409877036889}
[92mINFO [0m:      
[92mINFO [0m:      [ROUND 8/20]
[92mINFO [0m:      configure_train: Sampled 6 nodes (out of 6)
[33m(raylet)[0m [2026-01-09 18:59:16,364 E 61160 40080] (raylet.exe) main.cc:975: Failed to establish connection to the metrics exporter agent. Metrics will not be exported. Exporter agent status: RpcError: Running out of retries to initialize the metrics agent. rpc_code: 14
[2026-01-09 18:59:17,528 E 256120 122852] core_worker_process.cc:825: Failed to establish connection to the metrics exporter agent. Metrics will not be exported. Exporter agent status: RpcError: Running out of retries to initialize the metrics agent. rpc_code: 14
[92mINFO [0m:      aggregate_train: Received 6 results and 0 failures
[92mINFO [0m:      	\u2514\u2500\u2500> Aggregated MetricRecord: {'train_loss': 1.3501621612865025, 'train_accuracy': 0.5489411705877941, 'train_precision': 0.5620426794791713, 'train_recall': 0.5358666055098564, 'train_f1': 0.5233176121001059}
[92mINFO [0m:      configure_evaluate: Sampled 6 nodes (out of 6)
[92mINFO [0m:      aggregate_evaluate: Received 6 results and 0 failures
[92mINFO [0m:      	\u2514\u2500\u2500> Aggregated MetricRecord: {'eval_loss': 1.3094870028889816, 'eval_acc': 0.5331400579826052, 'eval_precision': 0.528391105450003, 'eval_recall': 0.5340602060660053, 'eval_f1': 0.5217350725901815}
[92mINFO [0m:      Global evaluation
[92mINFO [0m:      	\u2514\u2500\u2500> MetricRecord: {'accuracy': 0.5306, 'loss': 1.3118510849868195, 'precision': 0.53025499059877, 'recall': 0.5306, 'f1': 0.5234105133833662, 'global_accuracy': 0.5333786168621985, 'weighted_accuracy': 0.5331400579826052}
[92mINFO [0m:      
[92mINFO [0m:      [ROUND 9/20]
[92mINFO [0m:      configure_train: Sampled 6 nodes (out of 6)
[92mINFO [0m:      aggregate_train: Received 6 results and 0 failures
[92mINFO [0m:      	\u2514\u2500\u2500> Aggregated MetricRecord: {'train_loss': 1.3153099339246097, 'train_accuracy': 0.5614921119083931, 'train_precision': 0.575899300688792, 'train_recall': 0.5538093044453184, 'train_f1': 0.5461001462539398}
[92mINFO [0m:      configure_evaluate: Sampled 6 nodes (out of 6)
[92mINFO [0m:      aggregate_evaluate: Received 6 results and 0 failures
[92mINFO [0m:      	\u2514\u2500\u2500> Aggregated MetricRecord: {'eval_loss': 1.2378630457476723, 'eval_acc': 0.5591322603219034, 'eval_precision': 0.5492261731452464, 'eval_recall': 0.5573189050795886, 'eval_f1': 0.5506353298490313}
[92mINFO [0m:      Global evaluation
[92mINFO [0m:      	\u2514\u2500\u2500> MetricRecord: {'accuracy': 0.5591, 'loss': 1.2395400306846522, 'precision': 0.5559911634502581, 'recall': 0.5591000000000002, 'f1': 0.5568744490606989, 'global_accuracy': 0.5593311854324825, 'weighted_accuracy': 0.5591322603219034}
[92mINFO [0m:      
[92mINFO [0m:      [ROUND 10/20]
[92mINFO [0m:      configure_train: Sampled 6 nodes (out of 6)
[92mINFO [0m:      aggregate_train: Received 6 results and 0 failures
[92mINFO [0m:      	\u2514\u2500\u2500> Aggregated MetricRecord: {'train_loss': 1.2843019209001307, 'train_accuracy': 0.5836437732829962, 'train_precision': 0.6094750180973562, 'train_recall': 0.5669898821494264, 'train_f1': 0.5672258542147071}
[92mINFO [0m:      configure_evaluate: Sampled 6 nodes (out of 6)
[92mINFO [0m:      aggregate_evaluate: Received 6 results and 0 failures
[92mINFO [0m:      	\u2514\u2500\u2500> Aggregated MetricRecord: {'eval_loss': 1.2091933221754916, 'eval_acc': 0.5694291712486255, 'eval_precision': 0.5616285932867677, 'eval_recall': 0.5672208999865441, 'eval_f1': 0.5607824893856784}
[92mINFO [0m:      Global evaluation
[92mINFO [0m:      	\u2514\u2500\u2500> MetricRecord: {'accuracy': 0.57, 'loss': 1.2157146040397355, 'precision': 0.5682778562841836, 'recall': 0.57, 'f1': 0.567360070745557, 'global_accuracy': 0.5694941821036029, 'weighted_accuracy': 0.5694291712486255}
[92mINFO [0m:      
[92mINFO [0m:      [ROUND 11/20]
[92mINFO [0m:      configure_train: Sampled 6 nodes (out of 6)
[92mINFO [0m:      aggregate_train: Received 6 results and 0 failures
[92mINFO [0m:      	\u2514\u2500\u2500> Aggregated MetricRecord: {'train_loss': 1.2542188285678462, 'train_accuracy': 0.5956946771007825, 'train_precision': 0.6131779418263534, 'train_recall': 0.5874825751309689, 'train_f1': 0.5827124870363857}
[92mINFO [0m:      configure_evaluate: Sampled 6 nodes (out of 6)
[92mINFO [0m:      aggregate_evaluate: Received 6 results and 0 failures
[92mINFO [0m:      	\u2514\u2500\u2500> Aggregated MetricRecord: {'eval_loss': 1.197612329729908, 'eval_acc': 0.5787263820853743, 'eval_precision': 0.5729810443228762, 'eval_recall': 0.5770543479050305, 'eval_f1': 0.5692822193822101}
[92mINFO [0m:      Global evaluation
[92mINFO [0m:      	\u2514\u2500\u2500> MetricRecord: {'accuracy': 0.5736, 'loss': 1.2063959610613086, 'precision': 0.5763547746183073, 'recall': 0.5735999999999999, 'f1': 0.571096626157685, 'global_accuracy': 0.5787639204858323, 'weighted_accuracy': 0.5787263820853744}
[92mINFO [0m:      
[92mINFO [0m:      [ROUND 12/20]
[92mINFO [0m:      configure_train: Sampled 6 nodes (out of 6)
[92mINFO [0m:      aggregate_train: Received 6 results and 0 failures
[92mINFO [0m:      	\u2514\u2500\u2500> Aggregated MetricRecord: {'train_loss': 1.2144514738250214, 'train_accuracy': 0.6115458659399454, 'train_precision': 0.6192373263125736, 'train_recall': 0.6047890052038872, 'train_f1': 0.5982378193072702}
[92mINFO [0m:      configure_evaluate: Sampled 6 nodes (out of 6)
[92mINFO [0m:      aggregate_evaluate: Received 6 results and 0 failures
[92mINFO [0m:      	\u2514\u2500\u2500> Aggregated MetricRecord: {'eval_loss': 1.1788582046026332, 'eval_acc': 0.5801259622113366, 'eval_precision': 0.5750901853560222, 'eval_recall': 0.5789582738685459, 'eval_f1': 0.5718125579836618}
[92mINFO [0m:      Global evaluation
[92mINFO [0m:      	\u2514\u2500\u2500> MetricRecord: {'accuracy': 0.5792, 'loss': 1.1866583967510658, 'precision': 0.5804170270583873, 'recall': 0.5791999999999999, 'f1': 0.5761951120495574, 'global_accuracy': 0.5805389408237412, 'weighted_accuracy': 0.5801259622113366}
[92mINFO [0m:      
[92mINFO [0m:      [ROUND 13/20]
[92mINFO [0m:      configure_train: Sampled 6 nodes (out of 6)
[92mINFO [0m:      aggregate_train: Received 6 results and 0 failures
[92mINFO [0m:      	\u2514\u2500\u2500> Aggregated MetricRecord: {'train_loss': 1.1945946439943511, 'train_accuracy': 0.6149711228342126, 'train_precision': 0.6399823178081675, 'train_recall': 0.6055679453283893, 'train_f1': 0.6058024615477654}
[92mINFO [0m:      configure_evaluate: Sampled 6 nodes (out of 6)
[92mINFO [0m:      aggregate_evaluate: Received 6 results and 0 failures
[92mINFO [0m:      	\u2514\u2500\u2500> Aggregated MetricRecord: {'eval_loss': 1.17219227321332, 'eval_acc': 0.5883235029491153, 'eval_precision': 0.5918184286531696, 'eval_recall': 0.588388153616099, 'eval_f1': 0.5866857375456077}
[92mINFO [0m:      Global evaluation
[92mINFO [0m:      	\u2514\u2500\u2500> MetricRecord: {'accuracy': 0.5863, 'loss': 1.1787992127334015, 'precision': 0.5962712164922979, 'recall': 0.5862999999999999, 'f1': 0.5893724835199028, 'global_accuracy': 0.5885448159206721, 'weighted_accuracy': 0.5883235029491153}
[92mINFO [0m:      
[92mINFO [0m:      [ROUND 14/20]
[92mINFO [0m:      configure_train: Sampled 6 nodes (out of 6)
[92mINFO [0m:      aggregate_train: Received 6 results and 0 failures
[92mINFO [0m:      	\u2514\u2500\u2500> Aggregated MetricRecord: {'train_loss': 1.1656747174101934, 'train_accuracy': 0.626396979773483, 'train_precision': 0.6441272742970646, 'train_recall': 0.6183252579852636, 'train_f1': 0.6082163227920327}
[92mINFO [0m:      configure_evaluate: Sampled 6 nodes (out of 6)
[92mINFO [0m:      aggregate_evaluate: Received 6 results and 0 failures
[92mINFO [0m:      	\u2514\u2500\u2500> Aggregated MetricRecord: {'eval_loss': 1.1378437992233363, 'eval_acc': 0.6004198740377887, 'eval_precision': 0.5928234063177567, 'eval_recall': 0.5991505071961475, 'eval_f1': 0.5911941159577012}
[92mINFO [0m:      Global evaluation
[92mINFO [0m:      	\u2514\u2500\u2500> MetricRecord: {'accuracy': 0.5992, 'loss': 1.1488892783092548, 'precision': 0.5969728590638217, 'recall': 0.5992000000000001, 'f1': 0.5952931845129609, 'global_accuracy': 0.6003037343389476, 'weighted_accuracy': 0.6004198740377886}
[92mINFO [0m:      
[92mINFO [0m:      [ROUND 15/20]
[92mINFO [0m:      configure_train: Sampled 6 nodes (out of 6)
[92mINFO [0m:      aggregate_train: Received 6 results and 0 failures
[92mINFO [0m:      	\u2514\u2500\u2500> Aggregated MetricRecord: {'train_loss': 1.144137929665083, 'train_accuracy': 0.6474985623921794, 'train_precision': 0.6596689785456911, 'train_recall': 0.6424106490816235, 'train_f1': 0.6387312861410124}
[92mINFO [0m:      configure_evaluate: Sampled 6 nodes (out of 6)
[92mINFO [0m:      aggregate_evaluate: Received 6 results and 0 failures
[92mINFO [0m:      	\u2514\u2500\u2500> Aggregated MetricRecord: {'eval_loss': 1.115031124201148, 'eval_acc': 0.6020193941817454, 'eval_precision': 0.5949438262545323, 'eval_recall': 0.6004974887980535, 'eval_f1': 0.594875846277963}
[92mINFO [0m:      Global evaluation
[92mINFO [0m:      	\u2514\u2500\u2500> MetricRecord: {'accuracy': 0.609, 'loss': 1.1313294956955728, 'precision': 0.6085698433823385, 'recall': 0.6090000000000001, 'f1': 0.6076569347074092, 'global_accuracy': 0.6020626850447862, 'weighted_accuracy': 0.6020193941817454}
[92mINFO [0m:      
[92mINFO [0m:      [ROUND 16/20]
[92mINFO [0m:      configure_train: Sampled 6 nodes (out of 6)
[92mINFO [0m:      aggregate_train: Received 6 results and 0 failures
[92mINFO [0m:      	\u2514\u2500\u2500> Aggregated MetricRecord: {'train_loss': 1.1238137011023563, 'train_accuracy': 0.6502737705327899, 'train_precision': 0.6677647257396432, 'train_recall': 0.6419401169545426, 'train_f1': 0.6394972042077913}
[92mINFO [0m:      configure_evaluate: Sampled 6 nodes (out of 6)
[92mINFO [0m:      aggregate_evaluate: Received 6 results and 0 failures
[92mINFO [0m:      	\u2514\u2500\u2500> Aggregated MetricRecord: {'eval_loss': 1.1104397385715812, 'eval_acc': 0.6100169949015295, 'eval_precision': 0.607665034985843, 'eval_recall': 0.6092578784856951, 'eval_f1': 0.6047715839202112}
[92mINFO [0m:      Global evaluation
[92mINFO [0m:      	\u2514\u2500\u2500> MetricRecord: {'accuracy': 0.6048, 'loss': 1.124060332775116, 'precision': 0.607832681997009, 'recall': 0.6048, 'f1': 0.6045805395038826, 'global_accuracy': 0.609984952314534, 'weighted_accuracy': 0.6100169949015295}
[92mINFO [0m:      
[92mINFO [0m:      [ROUND 17/20]
[92mINFO [0m:      configure_train: Sampled 6 nodes (out of 6)
[92mINFO [0m:      aggregate_train: Received 6 results and 0 failures
[92mINFO [0m:      	\u2514\u2500\u2500> Aggregated MetricRecord: {'train_loss': 1.0933932022016657, 'train_accuracy': 0.6677500812560943, 'train_precision': 0.678900729519774, 'train_recall': 0.6603533244362608, 'train_f1': 0.6561745686615}
[92mINFO [0m:      configure_evaluate: Sampled 6 nodes (out of 6)
[92mINFO [0m:      aggregate_evaluate: Received 6 results and 0 failures
[92mINFO [0m:      	\u2514\u2500\u2500> Aggregated MetricRecord: {'eval_loss': 1.1107516444656078, 'eval_acc': 0.6064180745776268, 'eval_precision': 0.6021699268325971, 'eval_recall': 0.6049804960294503, 'eval_f1': 0.5972589432669585}
[92mINFO [0m:      Global evaluation
[92mINFO [0m:      	\u2514\u2500\u2500> MetricRecord: {'accuracy': 0.6067, 'loss': 1.12390169614478, 'precision': 0.6086867848497872, 'recall': 0.6067, 'f1': 0.6033573725858175, 'global_accuracy': 0.606358880182515, 'weighted_accuracy': 0.6064180745776268}
[92mINFO [0m:      
[92mINFO [0m:      [ROUND 18/20]
[92mINFO [0m:      configure_train: Sampled 6 nodes (out of 6)
[92mINFO [0m:      aggregate_train: Received 6 results and 0 failures
[92mINFO [0m:      	\u2514\u2500\u2500> Aggregated MetricRecord: {'train_loss': 1.086092079813165, 'train_accuracy': 0.6668000100007501, 'train_precision': 0.6854419092465625, 'train_recall': 0.6557032189581393, 'train_f1': 0.6555773545406678}
[92mINFO [0m:      configure_evaluate: Sampled 6 nodes (out of 6)
[92mINFO [0m:      aggregate_evaluate: Received 6 results and 0 failures
[92mINFO [0m:      	\u2514\u2500\u2500> Aggregated MetricRecord: {'eval_loss': 1.0920273172704849, 'eval_acc': 0.6136159152254322, 'eval_precision': 0.6096708683417741, 'eval_recall': 0.6114183168262499, 'eval_f1': 0.6043226270145613}
[92mINFO [0m:      Global evaluation
[92mINFO [0m:      	\u2514\u2500\u2500> MetricRecord: {'accuracy': 0.6118, 'loss': 1.1109820030912567, 'precision': 0.6142300243564479, 'recall': 0.6118, 'f1': 0.60864011338485, 'global_accuracy': 0.6132759606111088, 'weighted_accuracy': 0.6136159152254324}
[92mINFO [0m:      
[92mINFO [0m:      [ROUND 19/20]
[92mINFO [0m:      configure_train: Sampled 6 nodes (out of 6)
[92mINFO [0m:      aggregate_train: Received 6 results and 0 failures
[92mINFO [0m:      	\u2514\u2500\u2500> Aggregated MetricRecord: {'train_loss': 1.0576498764135427, 'train_accuracy': 0.6844763357251794, 'train_precision': 0.699509697904733, 'train_recall': 0.6747902769894014, 'train_f1': 0.6742890307030083}
[92mINFO [0m:      configure_evaluate: Sampled 6 nodes (out of 6)
[92mINFO [0m:      aggregate_evaluate: Received 6 results and 0 failures
[92mINFO [0m:      	\u2514\u2500\u2500> Aggregated MetricRecord: {'eval_loss': 1.076229901573363, 'eval_acc': 0.6227131860441867, 'eval_precision': 0.6137305533987594, 'eval_recall': 0.6208871659708477, 'eval_f1': 0.61375668330657}
[92mINFO [0m:      Global evaluation
[92mINFO [0m:      	\u2514\u2500\u2500> MetricRecord: {'accuracy': 0.6181, 'loss': 1.0959633369989032, 'precision': 0.6143054779746304, 'recall': 0.6181, 'f1': 0.6145446632544123, 'global_accuracy': 0.6229120135666328, 'weighted_accuracy': 0.6227131860441868}
[92mINFO [0m:      
[92mINFO [0m:      [ROUND 20/20]
[92mINFO [0m:      configure_train: Sampled 6 nodes (out of 6)
[92mINFO [0m:      aggregate_train: Received 6 results and 0 failures
[92mINFO [0m:      	\u2514\u2500\u2500> Aggregated MetricRecord: {'train_loss': 1.038508285001419, 'train_accuracy': 0.6833262494687102, 'train_precision': 0.7014387963496244, 'train_recall': 0.6791082385243382, 'train_f1': 0.6775673824694934}
[92mINFO [0m:      configure_evaluate: Sampled 6 nodes (out of 6)
[92mINFO [0m:      aggregate_evaluate: Received 6 results and 0 failures
[92mINFO [0m:      	\u2514\u2500\u2500> Aggregated MetricRecord: {'eval_loss': 1.0787504006980733, 'eval_acc': 0.6229131260621814, 'eval_precision': 0.6194371106543507, 'eval_recall': 0.6216914464463801, 'eval_f1': 0.6168526406553316}
[92mINFO [0m:      Global evaluation
[92mINFO [0m:      	\u2514\u2500\u2500> MetricRecord: {'accuracy': 0.6197, 'loss': 1.1011608695682091, 'precision': 0.6223352483144586, 'recall': 0.6196999999999999, 'f1': 0.6188692380822604, 'global_accuracy': 0.62280702810707, 'weighted_accuracy': 0.6229131260621813}
[92mINFO [0m:      
[92mINFO [0m:      Strategy execution finished in 77.18s
[92mINFO [0m:      
[92mINFO [0m:      Final results:
[92mINFO [0m:      
[92mINFO [0m:      	Global Arrays:
[92mINFO [0m:      		ArrayRecord (0.238 MB)
[92mINFO [0m:      	
[92mINFO [0m:      	Aggregated ClientApp-side Train Metrics:
[92mINFO [0m:      	{ 1: { 'train_accuracy': '2.7790e-01',
[92mINFO [0m:      	       'train_f1': '1.9786e-01',
[92mINFO [0m:      	       'train_loss': '2.1593e+00',
[92mINFO [0m:      	       'train_precision': '2.7221e-01',
[92mINFO [0m:      	       'train_recall': '2.4710e-01'},
[92mINFO [0m:      	  2: { 'train_accuracy': '3.6818e-01',
[92mINFO [0m:      	       'train_f1': '3.1101e-01',
[92mINFO [0m:      	       'train_loss': '1.8356e+00',
[92mINFO [0m:      	       'train_precision': '3.7663e-01',
[92mINFO [0m:      	       'train_recall': '3.4790e-01'},
[92mINFO [0m:      	  3: { 'train_accuracy': '4.3371e-01',
[92mINFO [0m:      	       'train_f1': '3.9912e-01',
[92mINFO [0m:      	       'train_loss': '1.6717e+00',
[92mINFO [0m:      	       'train_precision': '4.3314e-01',
[92mINFO [0m:      	       'train_recall': '4.1626e-01'},
[92mINFO [0m:      	  4: { 'train_accuracy': '4.6583e-01',
[92mINFO [0m:      	       'train_f1': '4.3247e-01',
[92mINFO [0m:      	       'train_loss': '1.5726e+00',
[92mINFO [0m:      	       'train_precision': '4.7288e-01',
[92mINFO [0m:      	       'train_recall': '4.5366e-01'},
[92mINFO [0m:      	  5: { 'train_accuracy': '4.8744e-01',
[92mINFO [0m:      	       'train_f1': '4.5714e-01',
[92mINFO [0m:      	       'train_loss': '1.5057e+00',
[92mINFO [0m:      	       'train_precision': '4.9739e-01',
[92mINFO [0m:      	       'train_recall': '4.7237e-01'},
[92mINFO [0m:      	  6: { 'train_accuracy': '5.0686e-01',
[92mINFO [0m:      	       'train_f1': '4.7653e-01',
[92mINFO [0m:      	       'train_loss': '1.4471e+00',
[92mINFO [0m:      	       'train_precision': '5.2861e-01',
[92mINFO [0m:      	       'train_recall': '4.9069e-01'},
[92mINFO [0m:      	  7: { 'train_accuracy': '5.2921e-01',
[92mINFO [0m:      	       'train_f1': '5.0102e-01',
[92mINFO [0m:      	       'train_loss': '1.3984e+00',
[92mINFO [0m:      	       'train_precision': '5.4859e-01',
[92mINFO [0m:      	       'train_recall': '5.1578e-01'},
[92mINFO [0m:      	  8: { 'train_accuracy': '5.4894e-01',
[92mINFO [0m:      	       'train_f1': '5.2332e-01',
[92mINFO [0m:      	       'train_loss': '1.3502e+00',
[92mINFO [0m:      	       'train_precision': '5.6204e-01',
[92mINFO [0m:      	       'train_recall': '5.3587e-01'},
[92mINFO [0m:      	  9: { 'train_accuracy': '5.6149e-01',
[92mINFO [0m:      	       'train_f1': '5.4610e-01',
[92mINFO [0m:      	       'train_loss': '1.3153e+00',
[92mINFO [0m:      	       'train_precision': '5.7590e-01',
[92mINFO [0m:      	       'train_recall': '5.5381e-01'},
[92mINFO [0m:      	  10: { 'train_accuracy': '5.8364e-01',
[92mINFO [0m:      	        'train_f1': '5.6723e-01',
[92mINFO [0m:      	        'train_loss': '1.2843e+00',
[92mINFO [0m:      	        'train_precision': '6.0948e-01',
[92mINFO [0m:      	        'train_recall': '5.6699e-01'},
[92mINFO [0m:      	  11: { 'train_accuracy': '5.9569e-01',
[92mINFO [0m:      	        'train_f1': '5.8271e-01',
[92mINFO [0m:      	        'train_loss': '1.2542e+00',
[92mINFO [0m:      	        'train_precision': '6.1318e-01',
[92mINFO [0m:      	        'train_recall': '5.8748e-01'},
[92mINFO [0m:      	  12: { 'train_accuracy': '6.1155e-01',
[92mINFO [0m:      	        'train_f1': '5.9824e-01',
[92mINFO [0m:      	        'train_loss': '1.2145e+00',
[92mINFO [0m:      	        'train_precision': '6.1924e-01',
[92mINFO [0m:      	        'train_recall': '6.0479e-01'},
[92mINFO [0m:      	  13: { 'train_accuracy': '6.1497e-01',
[92mINFO [0m:      	        'train_f1': '6.0580e-01',
[92mINFO [0m:      	        'train_loss': '1.1946e+00',
[92mINFO [0m:      	        'train_precision': '6.3998e-01',
[92mINFO [0m:      	        'train_recall': '6.0557e-01'},
[92mINFO [0m:      	  14: { 'train_accuracy': '6.2640e-01',
[92mINFO [0m:      	        'train_f1': '6.0822e-01',
[92mINFO [0m:      	        'train_loss': '1.1657e+00',
[92mINFO [0m:      	        'train_precision': '6.4413e-01',
[92mINFO [0m:      	        'train_recall': '6.1833e-01'},
[92mINFO [0m:      	  15: { 'train_accuracy': '6.4750e-01',
[92mINFO [0m:      	        'train_f1': '6.3873e-01',
[92mINFO [0m:      	        'train_loss': '1.1441e+00',
[92mINFO [0m:      	        'train_precision': '6.5967e-01',
[92mINFO [0m:      	        'train_recall': '6.4241e-01'},
[92mINFO [0m:      	  16: { 'train_accuracy': '6.5027e-01',
[92mINFO [0m:      	        'train_f1': '6.3950e-01',
[92mINFO [0m:      	        'train_loss': '1.1238e+00',
[92mINFO [0m:      	        'train_precision': '6.6776e-01',
[92mINFO [0m:      	        'train_recall': '6.4194e-01'},
[92mINFO [0m:      	  17: { 'train_accuracy': '6.6775e-01',
[92mINFO [0m:      	        'train_f1': '6.5617e-01',
[92mINFO [0m:      	        'train_loss': '1.0934e+00',
[92mINFO [0m:      	        'train_precision': '6.7890e-01',
[92mINFO [0m:      	        'train_recall': '6.6035e-01'},
[92mINFO [0m:      	  18: { 'train_accuracy': '6.6680e-01',
[92mINFO [0m:      	        'train_f1': '6.5558e-01',
[92mINFO [0m:      	        'train_loss': '1.0861e+00',
[92mINFO [0m:      	        'train_precision': '6.8544e-01',
[92mINFO [0m:      	        'train_recall': '6.5570e-01'},
[92mINFO [0m:      	  19: { 'train_accuracy': '6.8448e-01',
[92mINFO [0m:      	        'train_f1': '6.7429e-01',
[92mINFO [0m:      	        'train_loss': '1.0576e+00',
[92mINFO [0m:      	        'train_precision': '6.9951e-01',
[92mINFO [0m:      	        'train_recall': '6.7479e-01'},
[92mINFO [0m:      	  20: { 'train_accuracy': '6.8333e-01',
[92mINFO [0m:      	        'train_f1': '6.7757e-01',
[92mINFO [0m:      	        'train_loss': '1.0385e+00',
[92mINFO [0m:      	        'train_precision': '7.0144e-01',
[92mINFO [0m:      	        'train_recall': '6.7911e-01'}}
[92mINFO [0m:      	
[92mINFO [0m:      	Aggregated ClientApp-side Evaluate Metrics:
[92mINFO [0m:      	{ 1: { 'eval_acc': '2.9051e-01',
[92mINFO [0m:      	       'eval_f1': '2.4094e-01',
[92mINFO [0m:      	       'eval_loss': '1.9496e+00',
[92mINFO [0m:      	       'eval_precision': '2.7851e-01',
[92mINFO [0m:      	       'eval_recall': '2.9203e-01'},
[92mINFO [0m:      	  2: { 'eval_acc': '3.8179e-01',
[92mINFO [0m:      	       'eval_f1': '3.5367e-01',
[92mINFO [0m:      	       'eval_loss': '1.7020e+00',
[92mINFO [0m:      	       'eval_precision': '3.7562e-01',
[92mINFO [0m:      	       'eval_recall': '3.8323e-01'},
[92mINFO [0m:      	  3: { 'eval_acc': '4.3307e-01',
[92mINFO [0m:      	       'eval_f1': '4.2136e-01',
[92mINFO [0m:      	       'eval_loss': '1.5552e+00',
[92mINFO [0m:      	       'eval_precision': '4.2350e-01',
[92mINFO [0m:      	       'eval_recall': '4.3405e-01'},
[92mINFO [0m:      	  4: { 'eval_acc': '4.6466e-01',
[92mINFO [0m:      	       'eval_f1': '4.4714e-01',
[92mINFO [0m:      	       'eval_loss': '1.4646e+00',
[92mINFO [0m:      	       'eval_precision': '4.5306e-01',
[92mINFO [0m:      	       'eval_recall': '4.6565e-01'},
[92mINFO [0m:      	  5: { 'eval_acc': '4.8525e-01',
[92mINFO [0m:      	       'eval_f1': '4.7373e-01',
[92mINFO [0m:      	       'eval_loss': '1.4155e+00',
[92mINFO [0m:      	       'eval_precision': '4.8189e-01',
[92mINFO [0m:      	       'eval_recall': '4.8452e-01'},
[92mINFO [0m:      	  6: { 'eval_acc': '5.1075e-01',
[92mINFO [0m:      	       'eval_f1': '4.9552e-01',
[92mINFO [0m:      	       'eval_loss': '1.3674e+00',
[92mINFO [0m:      	       'eval_precision': '5.0172e-01',
[92mINFO [0m:      	       'eval_recall': '5.1068e-01'},
[92mINFO [0m:      	  7: { 'eval_acc': '5.3004e-01',
[92mINFO [0m:      	       'eval_f1': '5.1679e-01',
[92mINFO [0m:      	       'eval_loss': '1.3082e+00',
[92mINFO [0m:      	       'eval_precision': '5.1937e-01',
[92mINFO [0m:      	       'eval_recall': '5.2927e-01'},
[92mINFO [0m:      	  8: { 'eval_acc': '5.3314e-01',
[92mINFO [0m:      	       'eval_f1': '5.2174e-01',
[92mINFO [0m:      	       'eval_loss': '1.3095e+00',
[92mINFO [0m:      	       'eval_precision': '5.2839e-01',
[92mINFO [0m:      	       'eval_recall': '5.3406e-01'},
[92mINFO [0m:      	  9: { 'eval_acc': '5.5913e-01',
[92mINFO [0m:      	       'eval_f1': '5.5064e-01',
[92mINFO [0m:      	       'eval_loss': '1.2379e+00',
[92mINFO [0m:      	       'eval_precision': '5.4923e-01',
[92mINFO [0m:      	       'eval_recall': '5.5732e-01'},
[92mINFO [0m:      	  10: { 'eval_acc': '5.6943e-01',
[92mINFO [0m:      	        'eval_f1': '5.6078e-01',
[92mINFO [0m:      	        'eval_loss': '1.2092e+00',
[92mINFO [0m:      	        'eval_precision': '5.6163e-01',
[92mINFO [0m:      	        'eval_recall': '5.6722e-01'},
[92mINFO [0m:      	  11: { 'eval_acc': '5.7873e-01',
[92mINFO [0m:      	        'eval_f1': '5.6928e-01',
[92mINFO [0m:      	        'eval_loss': '1.1976e+00',
[92mINFO [0m:      	        'eval_precision': '5.7298e-01',
[92mINFO [0m:      	        'eval_recall': '5.7705e-01'},
[92mINFO [0m:      	  12: { 'eval_acc': '5.8013e-01',
[92mINFO [0m:      	        'eval_f1': '5.7181e-01',
[92mINFO [0m:      	        'eval_loss': '1.1789e+00',
[92mINFO [0m:      	        'eval_precision': '5.7509e-01',
[92mINFO [0m:      	        'eval_recall': '5.7896e-01'},
[92mINFO [0m:      	  13: { 'eval_acc': '5.8832e-01',
[92mINFO [0m:      	        'eval_f1': '5.8669e-01',
[92mINFO [0m:      	        'eval_loss': '1.1722e+00',
[92mINFO [0m:      	        'eval_precision': '5.9182e-01',
[92mINFO [0m:      	        'eval_recall': '5.8839e-01'},
[92mINFO [0m:      	  14: { 'eval_acc': '6.0042e-01',
[92mINFO [0m:      	        'eval_f1': '5.9119e-01',
[92mINFO [0m:      	        'eval_loss': '1.1378e+00',
[92mINFO [0m:      	        'eval_precision': '5.9282e-01',
[92mINFO [0m:      	        'eval_recall': '5.9915e-01'},
[92mINFO [0m:      	  15: { 'eval_acc': '6.0202e-01',
[92mINFO [0m:      	        'eval_f1': '5.9488e-01',
[92mINFO [0m:      	        'eval_loss': '1.1150e+00',
[92mINFO [0m:      	        'eval_precision': '5.9494e-01',
[92mINFO [0m:      	        'eval_recall': '6.0050e-01'},
[92mINFO [0m:      	  16: { 'eval_acc': '6.1002e-01',
[92mINFO [0m:      	        'eval_f1': '6.0477e-01',
[92mINFO [0m:      	        'eval_loss': '1.1104e+00',
[92mINFO [0m:      	        'eval_precision': '6.0767e-01',
[92mINFO [0m:      	        'eval_recall': '6.0926e-01'},
[92mINFO [0m:      	  17: { 'eval_acc': '6.0642e-01',
[92mINFO [0m:      	        'eval_f1': '5.9726e-01',
[92mINFO [0m:      	        'eval_loss': '1.1108e+00',
[92mINFO [0m:      	        'eval_precision': '6.0217e-01',
[92mINFO [0m:      	        'eval_recall': '6.0498e-01'},
[92mINFO [0m:      	  18: { 'eval_acc': '6.1362e-01',
[92mINFO [0m:      	        'eval_f1': '6.0432e-01',
[92mINFO [0m:      	        'eval_loss': '1.0920e+00',
[92mINFO [0m:      	        'eval_precision': '6.0967e-01',
[92mINFO [0m:      	        'eval_recall': '6.1142e-01'},
[92mINFO [0m:      	  19: { 'eval_acc': '6.2271e-01',
[92mINFO [0m:      	        'eval_f1': '6.1376e-01',
[92mINFO [0m:      	        'eval_loss': '1.0762e+00',
[92mINFO [0m:      	        'eval_precision': '6.1373e-01',
[92mINFO [0m:      	        'eval_recall': '6.2089e-01'},
[92mINFO [0m:      	  20: { 'eval_acc': '6.2291e-01',
[92mINFO [0m:      	        'eval_f1': '6.1685e-01',
[92mINFO [0m:      	        'eval_loss': '1.0788e+00',
[92mINFO [0m:      	        'eval_precision': '6.1944e-01',
[92mINFO [0m:      	        'eval_recall': '6.2169e-01'}}
[92mINFO [0m:      	
[92mINFO [0m:      	ServerApp-side Evaluate Metrics:
[92mINFO [0m:      	{ 0: { 'accuracy': '1.0020e-01',
[92mINFO [0m:      	       'f1': '1.8598e-02',
[92mINFO [0m:      	       'global_accuracy': '0.0000e+00',
[92mINFO [0m:      	       'loss': '2.3041e+00',
[92mINFO [0m:      	       'precision': '2.5398e-02',
[92mINFO [0m:      	       'recall': '1.0020e-01',
[92mINFO [0m:      	       'weighted_accuracy': '0.0000e+00'},
[92mINFO [0m:      	  1: { 'accuracy': '2.9910e-01',
[92mINFO [0m:      	       'f1': '2.5070e-01',
[92mINFO [0m:      	       'global_accuracy': '2.9103e-01',
[92mINFO [0m:      	       'loss': '1.9339e+00',
[92mINFO [0m:      	       'precision': '2.7080e-01',
[92mINFO [0m:      	       'recall': '2.9910e-01',
[92mINFO [0m:      	       'weighted_accuracy': '2.9051e-01'},
[92mINFO [0m:      	  2: { 'accuracy': '3.8610e-01',
[92mINFO [0m:      	       'f1': '3.6021e-01',
[92mINFO [0m:      	       'global_accuracy': '3.8208e-01',
[92mINFO [0m:      	       'loss': '1.6821e+00',
[92mINFO [0m:      	       'precision': '3.7871e-01',
[92mINFO [0m:      	       'recall': '3.8610e-01',
[92mINFO [0m:      	       'weighted_accuracy': '3.8179e-01'},
[92mINFO [0m:      	  3: { 'accuracy': '4.3530e-01',
[92mINFO [0m:      	       'f1': '4.2618e-01',
[92mINFO [0m:      	       'global_accuracy': '4.3391e-01',
[92mINFO [0m:      	       'loss': '1.5504e+00',
[92mINFO [0m:      	       'precision': '4.2707e-01',
[92mINFO [0m:      	       'recall': '4.3530e-01',
[92mINFO [0m:      	       'weighted_accuracy': '4.3307e-01'},
[92mINFO [0m:      	  4: { 'accuracy': '4.6610e-01',
[92mINFO [0m:      	       'f1': '4.5078e-01',
[92mINFO [0m:      	       'global_accuracy': '4.6532e-01',
[92mINFO [0m:      	       'loss': '1.4595e+00',
[92mINFO [0m:      	       'precision': '4.5634e-01',
[92mINFO [0m:      	       'recall': '4.6610e-01',
[92mINFO [0m:      	       'weighted_accuracy': '4.6466e-01'},
[92mINFO [0m:      	  5: { 'accuracy': '4.8910e-01',
[92mINFO [0m:      	       'f1': '4.8272e-01',
[92mINFO [0m:      	       'global_accuracy': '4.8555e-01',
[92mINFO [0m:      	       'loss': '1.4137e+00',
[92mINFO [0m:      	       'precision': '4.9241e-01',
[92mINFO [0m:      	       'recall': '4.8910e-01',
[92mINFO [0m:      	       'weighted_accuracy': '4.8525e-01'},
[92mINFO [0m:      	  6: { 'accuracy': '5.1160e-01',
[92mINFO [0m:      	       'f1': '5.0055e-01',
[92mINFO [0m:      	       'global_accuracy': '5.1099e-01',
[92mINFO [0m:      	       'loss': '1.3670e+00',
[92mINFO [0m:      	       'precision': '5.0737e-01',
[92mINFO [0m:      	       'recall': '5.1160e-01',
[92mINFO [0m:      	       'weighted_accuracy': '5.1075e-01'},
[92mINFO [0m:      	  7: { 'accuracy': '5.2950e-01',
[92mINFO [0m:      	       'f1': '5.2093e-01',
[92mINFO [0m:      	       'global_accuracy': '5.3065e-01',
[92mINFO [0m:      	       'loss': '1.3120e+00',
[92mINFO [0m:      	       'precision': '5.2518e-01',
[92mINFO [0m:      	       'recall': '5.2950e-01',
[92mINFO [0m:      	       'weighted_accuracy': '5.3004e-01'},
[92mINFO [0m:      	  8: { 'accuracy': '5.3060e-01',
[92mINFO [0m:      	       'f1': '5.2341e-01',
[92mINFO [0m:      	       'global_accuracy': '5.3338e-01',
[92mINFO [0m:      	       'loss': '1.3119e+00',
[92mINFO [0m:      	       'precision': '5.3025e-01',
[92mINFO [0m:      	       'recall': '5.3060e-01',
[92mINFO [0m:      	       'weighted_accuracy': '5.3314e-01'},
[92mINFO [0m:      	  9: { 'accuracy': '5.5910e-01',
[92mINFO [0m:      	       'f1': '5.5687e-01',
[92mINFO [0m:      	       'global_accuracy': '5.5933e-01',
[92mINFO [0m:      	       'loss': '1.2395e+00',
[92mINFO [0m:      	       'precision': '5.5599e-01',
[92mINFO [0m:      	       'recall': '5.5910e-01',
[92mINFO [0m:      	       'weighted_accuracy': '5.5913e-01'},
[92mINFO [0m:      	  10: { 'accuracy': '5.7000e-01',
[92mINFO [0m:      	        'f1': '5.6736e-01',
[92mINFO [0m:      	        'global_accuracy': '5.6949e-01',
[92mINFO [0m:      	        'loss': '1.2157e+00',
[92mINFO [0m:      	        'precision': '5.6828e-01',
[92mINFO [0m:      	        'recall': '5.7000e-01',
[92mINFO [0m:      	        'weighted_accuracy': '5.6943e-01'},
[92mINFO [0m:      	  11: { 'accuracy': '5.7360e-01',
[92mINFO [0m:      	        'f1': '5.7110e-01',
[92mINFO [0m:      	        'global_accuracy': '5.7876e-01',
[92mINFO [0m:      	        'loss': '1.2064e+00',
[92mINFO [0m:      	        'precision': '5.7635e-01',
[92mINFO [0m:      	        'recall': '5.7360e-01',
[92mINFO [0m:      	        'weighted_accuracy': '5.7873e-01'},
[92mINFO [0m:      	  12: { 'accuracy': '5.7920e-01',
[92mINFO [0m:      	        'f1': '5.7620e-01',
[92mINFO [0m:      	        'global_accuracy': '5.8054e-01',
[92mINFO [0m:      	        'loss': '1.1867e+00',
[92mINFO [0m:      	        'precision': '5.8042e-01',
[92mINFO [0m:      	        'recall': '5.7920e-01',
[92mINFO [0m:      	        'weighted_accuracy': '5.8013e-01'},
[92mINFO [0m:      	  13: { 'accuracy': '5.8630e-01',
[92mINFO [0m:      	        'f1': '5.8937e-01',
[92mINFO [0m:      	        'global_accuracy': '5.8854e-01',
[92mINFO [0m:      	        'loss': '1.1788e+00',
[92mINFO [0m:      	        'precision': '5.9627e-01',
[92mINFO [0m:      	        'recall': '5.8630e-01',
[92mINFO [0m:      	        'weighted_accuracy': '5.8832e-01'},
[92mINFO [0m:      	  14: { 'accuracy': '5.9920e-01',
[92mINFO [0m:      	        'f1': '5.9529e-01',
[92mINFO [0m:      	        'global_accuracy': '6.0030e-01',
[92mINFO [0m:      	        'loss': '1.1489e+00',
[92mINFO [0m:      	        'precision': '5.9697e-01',
[92mINFO [0m:      	        'recall': '5.9920e-01',
[92mINFO [0m:      	        'weighted_accuracy': '6.0042e-01'},
[92mINFO [0m:      	  15: { 'accuracy': '6.0900e-01',
[92mINFO [0m:      	        'f1': '6.0766e-01',
[92mINFO [0m:      	        'global_accuracy': '6.0206e-01',
[92mINFO [0m:      	        'loss': '1.1313e+00',
[92mINFO [0m:      	        'precision': '6.0857e-01',
[92mINFO [0m:      	        'recall': '6.0900e-01',
[92mINFO [0m:      	        'weighted_accuracy': '6.0202e-01'},
[92mINFO [0m:      	  16: { 'accuracy': '6.0480e-01',
[92mINFO [0m:      	        'f1': '6.0458e-01',
[92mINFO [0m:      	        'global_accuracy': '6.0998e-01',
[92mINFO [0m:      	        'loss': '1.1241e+00',
[92mINFO [0m:      	        'precision': '6.0783e-01',
[92mINFO [0m:      	        'recall': '6.0480e-01',
[92mINFO [0m:      	        'weighted_accuracy': '6.1002e-01'},
[92mINFO [0m:      	  17: { 'accuracy': '6.0670e-01',
[92mINFO [0m:      	        'f1': '6.0336e-01',
[92mINFO [0m:      	        'global_accuracy': '6.0636e-01',
[92mINFO [0m:      	        'loss': '1.1239e+00',
[92mINFO [0m:      	        'precision': '6.0869e-01',
[92mINFO [0m:      	        'recall': '6.0670e-01',
[92mINFO [0m:      	        'weighted_accuracy': '6.0642e-01'},
[92mINFO [0m:      	  18: { 'accuracy': '6.1180e-01',
[92mINFO [0m:      	        'f1': '6.0864e-01',
[92mINFO [0m:      	        'global_accuracy': '6.1328e-01',
[92mINFO [0m:      	        'loss': '1.1110e+00',
[92mINFO [0m:      	        'precision': '6.1423e-01',
[92mINFO [0m:      	        'recall': '6.1180e-01',
[92mINFO [0m:      	        'weighted_accuracy': '6.1362e-01'},
[92mINFO [0m:      	  19: { 'accuracy': '6.1810e-01',
[92mINFO [0m:      	        'f1': '6.1454e-01',
[92mINFO [0m:      	        'global_accuracy': '6.2291e-01',
[92mINFO [0m:      	        'loss': '1.0960e+00',
[92mINFO [0m:      	        'precision': '6.1431e-01',
[92mINFO [0m:      	        'recall': '6.1810e-01',
[92mINFO [0m:      	        'weighted_accuracy': '6.2271e-01'},
[92mINFO [0m:      	  20: { 'accuracy': '6.1970e-01',
[92mINFO [0m:      	        'f1': '6.1887e-01',
[92mINFO [0m:      	        'global_accuracy': '6.2281e-01',
[92mINFO [0m:      	        'loss': '1.1012e+00',
[92mINFO [0m:      	        'precision': '6.2234e-01',
[92mINFO [0m:      	        'recall': '6.1970e-01',
[92mINFO [0m:      	        'weighted_accuracy': '6.2291e-01'}}
[92mINFO [0m:      
[36m(ClientAppActor pid=218280)[0m [93mWARNING [0m:   Manually terminating ClientAppActor

============================================================
Starting Experiment: FedAvg_Dir10.0_npy
Strategy: FedAvg
Distribution: Dir10.0
Data Source: NPY
Rounds: 20
Clients: 6 (train: 6, eval: 6)
============================================================

Round   0 | Loss: 2.3041 | Acc: 0.1002 | F1: 0.0186 | Global Acc: 0.0000 | Weighted Acc: 0.0000
Round   1 | Loss: 1.9339 | Acc: 0.2991 | F1: 0.2507 | Global Acc: 0.2910 | Weighted Acc: 0.2905
Round   2 | Loss: 1.6821 | Acc: 0.3861 | F1: 0.3602 | Global Acc: 0.3821 | Weighted Acc: 0.3818
Round   3 | Loss: 1.5504 | Acc: 0.4353 | F1: 0.4262 | Global Acc: 0.4339 | Weighted Acc: 0.4331
Round   4 | Loss: 1.4595 | Acc: 0.4661 | F1: 0.4508 | Global Acc: 0.4653 | Weighted Acc: 0.4647
Round   5 | Loss: 1.4137 | Acc: 0.4891 | F1: 0.4827 | Global Acc: 0.4856 | Weighted Acc: 0.4853
Round   6 | Loss: 1.3670 | Acc: 0.5116 | F1: 0.5006 | Global Acc: 0.5110 | Weighted Acc: 0.5107
Round   7 | Loss: 1.3120 | Acc: 0.5295 | F1: 0.5209 | Global Acc: 0.5307 | Weighted Acc: 0.5300
Round   8 | Loss: 1.3119 | Acc: 0.5306 | F1: 0.5234 | Global Acc: 0.5334 | Weighted Acc: 0.5331
Round   9 | Loss: 1.2395 | Acc: 0.5591 | F1: 0.5569 | Global Acc: 0.5593 | Weighted Acc: 0.5591
Round  10 | Loss: 1.2157 | Acc: 0.5700 | F1: 0.5674 | Global Acc: 0.5695 | Weighted Acc: 0.5694
Round  11 | Loss: 1.2064 | Acc: 0.5736 | F1: 0.5711 | Global Acc: 0.5788 | Weighted Acc: 0.5787
Round  12 | Loss: 1.1867 | Acc: 0.5792 | F1: 0.5762 | Global Acc: 0.5805 | Weighted Acc: 0.5801
Round  13 | Loss: 1.1788 | Acc: 0.5863 | F1: 0.5894 | Global Acc: 0.5885 | Weighted Acc: 0.5883
Round  14 | Loss: 1.1489 | Acc: 0.5992 | F1: 0.5953 | Global Acc: 0.6003 | Weighted Acc: 0.6004
Round  15 | Loss: 1.1313 | Acc: 0.6090 | F1: 0.6077 | Global Acc: 0.6021 | Weighted Acc: 0.6020
Round  16 | Loss: 1.1241 | Acc: 0.6048 | F1: 0.6046 | Global Acc: 0.6100 | Weighted Acc: 0.6100
Round  17 | Loss: 1.1239 | Acc: 0.6067 | F1: 0.6034 | Global Acc: 0.6064 | Weighted Acc: 0.6064
Round  18 | Loss: 1.1110 | Acc: 0.6118 | F1: 0.6086 | Global Acc: 0.6133 | Weighted Acc: 0.6136
Round  19 | Loss: 1.0960 | Acc: 0.6181 | F1: 0.6145 | Global Acc: 0.6229 | Weighted Acc: 0.6227
Round  20 | Loss: 1.1012 | Acc: 0.6197 | F1: 0.6189 | Global Acc: 0.6228 | Weighted Acc: 0.6229

Saving final model to disk...

============================================================
Experiment completed: FedAvg_Dir10.0_npy
Results saved to:
  - global_csv: results\FedAvg_Dir10.0_npy_global_20260109_185843.csv
  - client_csv: results\FedAvg_Dir10.0_npy_client_20260109_185843.csv
============================================================

Loading project configuration... 
Success
[93mWARNING [0m:   Ray support on Windows is experimental and may not work as expected. On Windows, Flower Simulations run best in WSL2: https://learn.microsoft.com/en-us/windows/wsl/about
Traceback (most recent call last):
  File "C:\Program Files\Python310\lib\runpy.py", line 196, in _run_module_as_main
    return _run_code(code, main_globals, None,
  File "C:\Program Files\Python310\lib\runpy.py", line 86, in _run_code
    exec(code, run_globals)
  File "C:\Users\DESKSTOP_003\AppData\Roaming\Python\Python310\Scripts\flower-simulation.exe\__main__.py", line 7, in <module>
  File "C:\Users\DESKSTOP_003\AppData\Roaming\Python\Python310\site-packages\flwr\simulation\run_simulation.py", line 138, in run_simulation_from_cli
    fused_config = get_fused_config_from_dir(app_path, override_config)
  File "C:\Users\DESKSTOP_003\AppData\Roaming\Python\Python310\site-packages\flwr\common\config.py", line 134, in get_fused_config_from_dir
    return fuse_dicts(flat_default_config, override_config)
  File "C:\Users\DESKSTOP_003\AppData\Roaming\Python\Python310\site-packages\flwr\common\config.py", line 120, in fuse_dicts
    raise ValueError(f"Key '{key}' is not present in the main dictionary")
ValueError: Key 'server-momentum' is not present in the main dictionary
Command '['flower-simulation', '--app', '.', '--num-supernodes', '6', '--run-config', 'configs/FedAvgM_homo_npy.toml']' returned non-zero exit status 1.
Loading project configuration... 
Success
[93mWARNING [0m:   Ray support on Windows is experimental and may not work as expected. On Windows, Flower Simulations run best in WSL2: https://learn.microsoft.com/en-us/windows/wsl/about
Traceback (most recent call last):
  File "C:\Program Files\Python310\lib\runpy.py", line 196, in _run_module_as_main
    return _run_code(code, main_globals, None,
  File "C:\Program Files\Python310\lib\runpy.py", line 86, in _run_code
    exec(code, run_globals)
  File "C:\Users\DESKSTOP_003\AppData\Roaming\Python\Python310\Scripts\flower-simulation.exe\__main__.py", line 7, in <module>
  File "C:\Users\DESKSTOP_003\AppData\Roaming\Python\Python310\site-packages\flwr\simulation\run_simulation.py", line 138, in run_simulation_from_cli
    fused_config = get_fused_config_from_dir(app_path, override_config)
  File "C:\Users\DESKSTOP_003\AppData\Roaming\Python\Python310\site-packages\flwr\common\config.py", line 134, in get_fused_config_from_dir
    return fuse_dicts(flat_default_config, override_config)
  File "C:\Users\DESKSTOP_003\AppData\Roaming\Python\Python310\site-packages\flwr\common\config.py", line 120, in fuse_dicts
    raise ValueError(f"Key '{key}' is not present in the main dictionary")
ValueError: Key 'server-momentum' is not present in the main dictionary
Command '['flower-simulation', '--app', '.', '--num-supernodes', '6', '--run-config', 'configs/FedAvgM_C2_npy.toml']' returned non-zero exit status 1.
Loading project configuration... 
Success
[93mWARNING [0m:   Ray support on Windows is experimental and may not work as expected. On Windows, Flower Simulations run best in WSL2: https://learn.microsoft.com/en-us/windows/wsl/about
Traceback (most recent call last):
  File "C:\Program Files\Python310\lib\runpy.py", line 196, in _run_module_as_main
    return _run_code(code, main_globals, None,
  File "C:\Program Files\Python310\lib\runpy.py", line 86, in _run_code
    exec(code, run_globals)
  File "C:\Users\DESKSTOP_003\AppData\Roaming\Python\Python310\Scripts\flower-simulation.exe\__main__.py", line 7, in <module>
  File "C:\Users\DESKSTOP_003\AppData\Roaming\Python\Python310\site-packages\flwr\simulation\run_simulation.py", line 138, in run_simulation_from_cli
    fused_config = get_fused_config_from_dir(app_path, override_config)
  File "C:\Users\DESKSTOP_003\AppData\Roaming\Python\Python310\site-packages\flwr\common\config.py", line 134, in get_fused_config_from_dir
    return fuse_dicts(flat_default_config, override_config)
  File "C:\Users\DESKSTOP_003\AppData\Roaming\Python\Python310\site-packages\flwr\common\config.py", line 120, in fuse_dicts
    raise ValueError(f"Key '{key}' is not present in the main dictionary")
ValueError: Key 'server-momentum' is not present in the main dictionary
Command '['flower-simulation', '--app', '.', '--num-supernodes', '6', '--run-config', 'configs/FedAvgM_C3_npy.toml']' returned non-zero exit status 1.
Loading project configuration... 
Success
[93mWARNING [0m:   Ray support on Windows is experimental and may not work as expected. On Windows, Flower Simulations run best in WSL2: https://learn.microsoft.com/en-us/windows/wsl/about
Traceback (most recent call last):
  File "C:\Program Files\Python310\lib\runpy.py", line 196, in _run_module_as_main
    return _run_code(code, main_globals, None,
  File "C:\Program Files\Python310\lib\runpy.py", line 86, in _run_code
    exec(code, run_globals)
  File "C:\Users\DESKSTOP_003\AppData\Roaming\Python\Python310\Scripts\flower-simulation.exe\__main__.py", line 7, in <module>
  File "C:\Users\DESKSTOP_003\AppData\Roaming\Python\Python310\site-packages\flwr\simulation\run_simulation.py", line 138, in run_simulation_from_cli
    fused_config = get_fused_config_from_dir(app_path, override_config)
  File "C:\Users\DESKSTOP_003\AppData\Roaming\Python\Python310\site-packages\flwr\common\config.py", line 134, in get_fused_config_from_dir
    return fuse_dicts(flat_default_config, override_config)
  File "C:\Users\DESKSTOP_003\AppData\Roaming\Python\Python310\site-packages\flwr\common\config.py", line 120, in fuse_dicts
    raise ValueError(f"Key '{key}' is not present in the main dictionary")
ValueError: Key 'server-momentum' is not present in the main dictionary
Command '['flower-simulation', '--app', '.', '--num-supernodes', '6', '--run-config', 'configs/FedAvgM_C4_npy.toml']' returned non-zero exit status 1.
Loading project configuration... 
Success
[93mWARNING [0m:   Ray support on Windows is experimental and may not work as expected. On Windows, Flower Simulations run best in WSL2: https://learn.microsoft.com/en-us/windows/wsl/about
Traceback (most recent call last):
  File "C:\Program Files\Python310\lib\runpy.py", line 196, in _run_module_as_main
    return _run_code(code, main_globals, None,
  File "C:\Program Files\Python310\lib\runpy.py", line 86, in _run_code
    exec(code, run_globals)
  File "C:\Users\DESKSTOP_003\AppData\Roaming\Python\Python310\Scripts\flower-simulation.exe\__main__.py", line 7, in <module>
  File "C:\Users\DESKSTOP_003\AppData\Roaming\Python\Python310\site-packages\flwr\simulation\run_simulation.py", line 138, in run_simulation_from_cli
    fused_config = get_fused_config_from_dir(app_path, override_config)
  File "C:\Users\DESKSTOP_003\AppData\Roaming\Python\Python310\site-packages\flwr\common\config.py", line 134, in get_fused_config_from_dir
    return fuse_dicts(flat_default_config, override_config)
  File "C:\Users\DESKSTOP_003\AppData\Roaming\Python\Python310\site-packages\flwr\common\config.py", line 120, in fuse_dicts
    raise ValueError(f"Key '{key}' is not present in the main dictionary")
ValueError: Key 'server-momentum' is not present in the main dictionary
Command '['flower-simulation', '--app', '.', '--num-supernodes', '6', '--run-config', 'configs/FedAvgM_C5_npy.toml']' returned non-zero exit status 1.
Loading project configuration... 
Success
[93mWARNING [0m:   Ray support on Windows is experimental and may not work as expected. On Windows, Flower Simulations run best in WSL2: https://learn.microsoft.com/en-us/windows/wsl/about
Traceback (most recent call last):
  File "C:\Program Files\Python310\lib\runpy.py", line 196, in _run_module_as_main
    return _run_code(code, main_globals, None,
  File "C:\Program Files\Python310\lib\runpy.py", line 86, in _run_code
    exec(code, run_globals)
  File "C:\Users\DESKSTOP_003\AppData\Roaming\Python\Python310\Scripts\flower-simulation.exe\__main__.py", line 7, in <module>
  File "C:\Users\DESKSTOP_003\AppData\Roaming\Python\Python310\site-packages\flwr\simulation\run_simulation.py", line 138, in run_simulation_from_cli
    fused_config = get_fused_config_from_dir(app_path, override_config)
  File "C:\Users\DESKSTOP_003\AppData\Roaming\Python\Python310\site-packages\flwr\common\config.py", line 134, in get_fused_config_from_dir
    return fuse_dicts(flat_default_config, override_config)
  File "C:\Users\DESKSTOP_003\AppData\Roaming\Python\Python310\site-packages\flwr\common\config.py", line 120, in fuse_dicts
    raise ValueError(f"Key '{key}' is not present in the main dictionary")
ValueError: Key 'server-momentum' is not present in the main dictionary
Command '['flower-simulation', '--app', '.', '--num-supernodes', '6', '--run-config', 'configs/FedAvgM_Dir0.1_npy.toml']' returned non-zero exit status 1.
Loading project configuration... 
Success
[93mWARNING [0m:   Ray support on Windows is experimental and may not work as expected. On Windows, Flower Simulations run best in WSL2: https://learn.microsoft.com/en-us/windows/wsl/about
Traceback (most recent call last):
  File "C:\Program Files\Python310\lib\runpy.py", line 196, in _run_module_as_main
    return _run_code(code, main_globals, None,
  File "C:\Program Files\Python310\lib\runpy.py", line 86, in _run_code
    exec(code, run_globals)
  File "C:\Users\DESKSTOP_003\AppData\Roaming\Python\Python310\Scripts\flower-simulation.exe\__main__.py", line 7, in <module>
  File "C:\Users\DESKSTOP_003\AppData\Roaming\Python\Python310\site-packages\flwr\simulation\run_simulation.py", line 138, in run_simulation_from_cli
    fused_config = get_fused_config_from_dir(app_path, override_config)
  File "C:\Users\DESKSTOP_003\AppData\Roaming\Python\Python310\site-packages\flwr\common\config.py", line 134, in get_fused_config_from_dir
    return fuse_dicts(flat_default_config, override_config)
  File "C:\Users\DESKSTOP_003\AppData\Roaming\Python\Python310\site-packages\flwr\common\config.py", line 120, in fuse_dicts
    raise ValueError(f"Key '{key}' is not present in the main dictionary")
ValueError: Key 'server-momentum' is not present in the main dictionary
Command '['flower-simulation', '--app', '.', '--num-supernodes', '6', '--run-config', 'configs/FedAvgM_Dir0.5_npy.toml']' returned non-zero exit status 1.
Loading project configuration... 
Success
[93mWARNING [0m:   Ray support on Windows is experimental and may not work as expected. On Windows, Flower Simulations run best in WSL2: https://learn.microsoft.com/en-us/windows/wsl/about
Traceback (most recent call last):
  File "C:\Program Files\Python310\lib\runpy.py", line 196, in _run_module_as_main
    return _run_code(code, main_globals, None,
  File "C:\Program Files\Python310\lib\runpy.py", line 86, in _run_code
    exec(code, run_globals)
  File "C:\Users\DESKSTOP_003\AppData\Roaming\Python\Python310\Scripts\flower-simulation.exe\__main__.py", line 7, in <module>
  File "C:\Users\DESKSTOP_003\AppData\Roaming\Python\Python310\site-packages\flwr\simulation\run_simulation.py", line 138, in run_simulation_from_cli
    fused_config = get_fused_config_from_dir(app_path, override_config)
  File "C:\Users\DESKSTOP_003\AppData\Roaming\Python\Python310\site-packages\flwr\common\config.py", line 134, in get_fused_config_from_dir
    return fuse_dicts(flat_default_config, override_config)
  File "C:\Users\DESKSTOP_003\AppData\Roaming\Python\Python310\site-packages\flwr\common\config.py", line 120, in fuse_dicts
    raise ValueError(f"Key '{key}' is not present in the main dictionary")
ValueError: Key 'server-momentum' is not present in the main dictionary
Command '['flower-simulation', '--app', '.', '--num-supernodes', '6', '--run-config', 'configs/FedAvgM_Dir1.0_npy.toml']' returned non-zero exit status 1.
Loading project configuration... 
Success
[93mWARNING [0m:   Ray support on Windows is experimental and may not work as expected. On Windows, Flower Simulations run best in WSL2: https://learn.microsoft.com/en-us/windows/wsl/about
Traceback (most recent call last):
  File "C:\Program Files\Python310\lib\runpy.py", line 196, in _run_module_as_main
    return _run_code(code, main_globals, None,
  File "C:\Program Files\Python310\lib\runpy.py", line 86, in _run_code
    exec(code, run_globals)
  File "C:\Users\DESKSTOP_003\AppData\Roaming\Python\Python310\Scripts\flower-simulation.exe\__main__.py", line 7, in <module>
  File "C:\Users\DESKSTOP_003\AppData\Roaming\Python\Python310\site-packages\flwr\simulation\run_simulation.py", line 138, in run_simulation_from_cli
    fused_config = get_fused_config_from_dir(app_path, override_config)
  File "C:\Users\DESKSTOP_003\AppData\Roaming\Python\Python310\site-packages\flwr\common\config.py", line 134, in get_fused_config_from_dir
    return fuse_dicts(flat_default_config, override_config)
  File "C:\Users\DESKSTOP_003\AppData\Roaming\Python\Python310\site-packages\flwr\common\config.py", line 120, in fuse_dicts
    raise ValueError(f"Key '{key}' is not present in the main dictionary")
ValueError: Key 'server-momentum' is not present in the main dictionary
Command '['flower-simulation', '--app', '.', '--num-supernodes', '6', '--run-config', 'configs/FedAvgM_Dir10.0_npy.toml']' returned non-zero exit status 1.
Loading project configuration... 
Success
[93mWARNING [0m:   Ray support on Windows is experimental and may not work as expected. On Windows, Flower Simulations run best in WSL2: https://learn.microsoft.com/en-us/windows/wsl/about
Traceback (most recent call last):
  File "C:\Program Files\Python310\lib\runpy.py", line 196, in _run_module_as_main
    return _run_code(code, main_globals, None,
  File "C:\Program Files\Python310\lib\runpy.py", line 86, in _run_code
    exec(code, run_globals)
  File "C:\Users\DESKSTOP_003\AppData\Roaming\Python\Python310\Scripts\flower-simulation.exe\__main__.py", line 7, in <module>
  File "C:\Users\DESKSTOP_003\AppData\Roaming\Python\Python310\site-packages\flwr\simulation\run_simulation.py", line 138, in run_simulation_from_cli
    fused_config = get_fused_config_from_dir(app_path, override_config)
  File "C:\Users\DESKSTOP_003\AppData\Roaming\Python\Python310\site-packages\flwr\common\config.py", line 134, in get_fused_config_from_dir
    return fuse_dicts(flat_default_config, override_config)
  File "C:\Users\DESKSTOP_003\AppData\Roaming\Python\Python310\site-packages\flwr\common\config.py", line 120, in fuse_dicts
    raise ValueError(f"Key '{key}' is not present in the main dictionary")
ValueError: Key 'proximal-mu' is not present in the main dictionary
Command '['flower-simulation', '--app', '.', '--num-supernodes', '6', '--run-config', 'configs/FedProx_homo_npy.toml']' returned non-zero exit status 1.
Loading project configuration... 
Success
[93mWARNING [0m:   Ray support on Windows is experimental and may not work as expected. On Windows, Flower Simulations run best in WSL2: https://learn.microsoft.com/en-us/windows/wsl/about
Traceback (most recent call last):
  File "C:\Program Files\Python310\lib\runpy.py", line 196, in _run_module_as_main
    return _run_code(code, main_globals, None,
  File "C:\Program Files\Python310\lib\runpy.py", line 86, in _run_code
    exec(code, run_globals)
  File "C:\Users\DESKSTOP_003\AppData\Roaming\Python\Python310\Scripts\flower-simulation.exe\__main__.py", line 7, in <module>
  File "C:\Users\DESKSTOP_003\AppData\Roaming\Python\Python310\site-packages\flwr\simulation\run_simulation.py", line 138, in run_simulation_from_cli
    fused_config = get_fused_config_from_dir(app_path, override_config)
  File "C:\Users\DESKSTOP_003\AppData\Roaming\Python\Python310\site-packages\flwr\common\config.py", line 134, in get_fused_config_from_dir
    return fuse_dicts(flat_default_config, override_config)
  File "C:\Users\DESKSTOP_003\AppData\Roaming\Python\Python310\site-packages\flwr\common\config.py", line 120, in fuse_dicts
    raise ValueError(f"Key '{key}' is not present in the main dictionary")
ValueError: Key 'proximal-mu' is not present in the main dictionary
Command '['flower-simulation', '--app', '.', '--num-supernodes', '6', '--run-config', 'configs/FedProx_C2_npy.toml']' returned non-zero exit status 1.
Loading project configuration... 
Success
[93mWARNING [0m:   Ray support on Windows is experimental and may not work as expected. On Windows, Flower Simulations run best in WSL2: https://learn.microsoft.com/en-us/windows/wsl/about
Traceback (most recent call last):
  File "C:\Program Files\Python310\lib\runpy.py", line 196, in _run_module_as_main
    return _run_code(code, main_globals, None,
  File "C:\Program Files\Python310\lib\runpy.py", line 86, in _run_code
    exec(code, run_globals)
  File "C:\Users\DESKSTOP_003\AppData\Roaming\Python\Python310\Scripts\flower-simulation.exe\__main__.py", line 7, in <module>
  File "C:\Users\DESKSTOP_003\AppData\Roaming\Python\Python310\site-packages\flwr\simulation\run_simulation.py", line 138, in run_simulation_from_cli
    fused_config = get_fused_config_from_dir(app_path, override_config)
  File "C:\Users\DESKSTOP_003\AppData\Roaming\Python\Python310\site-packages\flwr\common\config.py", line 134, in get_fused_config_from_dir
    return fuse_dicts(flat_default_config, override_config)
  File "C:\Users\DESKSTOP_003\AppData\Roaming\Python\Python310\site-packages\flwr\common\config.py", line 120, in fuse_dicts
    raise ValueError(f"Key '{key}' is not present in the main dictionary")
ValueError: Key 'proximal-mu' is not present in the main dictionary
Command '['flower-simulation', '--app', '.', '--num-supernodes', '6', '--run-config', 'configs/FedProx_C3_npy.toml']' returned non-zero exit status 1.
Loading project configuration... 
Success
[93mWARNING [0m:   Ray support on Windows is experimental and may not work as expected. On Windows, Flower Simulations run best in WSL2: https://learn.microsoft.com/en-us/windows/wsl/about
Traceback (most recent call last):
  File "C:\Program Files\Python310\lib\runpy.py", line 196, in _run_module_as_main
    return _run_code(code, main_globals, None,
  File "C:\Program Files\Python310\lib\runpy.py", line 86, in _run_code
    exec(code, run_globals)
  File "C:\Users\DESKSTOP_003\AppData\Roaming\Python\Python310\Scripts\flower-simulation.exe\__main__.py", line 7, in <module>
  File "C:\Users\DESKSTOP_003\AppData\Roaming\Python\Python310\site-packages\flwr\simulation\run_simulation.py", line 138, in run_simulation_from_cli
    fused_config = get_fused_config_from_dir(app_path, override_config)
  File "C:\Users\DESKSTOP_003\AppData\Roaming\Python\Python310\site-packages\flwr\common\config.py", line 134, in get_fused_config_from_dir
    return fuse_dicts(flat_default_config, override_config)
  File "C:\Users\DESKSTOP_003\AppData\Roaming\Python\Python310\site-packages\flwr\common\config.py", line 120, in fuse_dicts
    raise ValueError(f"Key '{key}' is not present in the main dictionary")
ValueError: Key 'proximal-mu' is not present in the main dictionary
Command '['flower-simulation', '--app', '.', '--num-supernodes', '6', '--run-config', 'configs/FedProx_C4_npy.toml']' returned non-zero exit status 1.
Loading project configuration... 
Success
[93mWARNING [0m:   Ray support on Windows is experimental and may not work as expected. On Windows, Flower Simulations run best in WSL2: https://learn.microsoft.com/en-us/windows/wsl/about
Traceback (most recent call last):
  File "C:\Program Files\Python310\lib\runpy.py", line 196, in _run_module_as_main
    return _run_code(code, main_globals, None,
  File "C:\Program Files\Python310\lib\runpy.py", line 86, in _run_code
    exec(code, run_globals)
  File "C:\Users\DESKSTOP_003\AppData\Roaming\Python\Python310\Scripts\flower-simulation.exe\__main__.py", line 7, in <module>
  File "C:\Users\DESKSTOP_003\AppData\Roaming\Python\Python310\site-packages\flwr\simulation\run_simulation.py", line 138, in run_simulation_from_cli
    fused_config = get_fused_config_from_dir(app_path, override_config)
  File "C:\Users\DESKSTOP_003\AppData\Roaming\Python\Python310\site-packages\flwr\common\config.py", line 134, in get_fused_config_from_dir
    return fuse_dicts(flat_default_config, override_config)
  File "C:\Users\DESKSTOP_003\AppData\Roaming\Python\Python310\site-packages\flwr\common\config.py", line 120, in fuse_dicts
    raise ValueError(f"Key '{key}' is not present in the main dictionary")
ValueError: Key 'proximal-mu' is not present in the main dictionary
Command '['flower-simulation', '--app', '.', '--num-supernodes', '6', '--run-config', 'configs/FedProx_C5_npy.toml']' returned non-zero exit status 1.
Loading project configuration... 
Success
[93mWARNING [0m:   Ray support on Windows is experimental and may not work as expected. On Windows, Flower Simulations run best in WSL2: https://learn.microsoft.com/en-us/windows/wsl/about
Traceback (most recent call last):
  File "C:\Program Files\Python310\lib\runpy.py", line 196, in _run_module_as_main
    return _run_code(code, main_globals, None,
  File "C:\Program Files\Python310\lib\runpy.py", line 86, in _run_code
    exec(code, run_globals)
  File "C:\Users\DESKSTOP_003\AppData\Roaming\Python\Python310\Scripts\flower-simulation.exe\__main__.py", line 7, in <module>
  File "C:\Users\DESKSTOP_003\AppData\Roaming\Python\Python310\site-packages\flwr\simulation\run_simulation.py", line 138, in run_simulation_from_cli
    fused_config = get_fused_config_from_dir(app_path, override_config)
  File "C:\Users\DESKSTOP_003\AppData\Roaming\Python\Python310\site-packages\flwr\common\config.py", line 134, in get_fused_config_from_dir
    return fuse_dicts(flat_default_config, override_config)
  File "C:\Users\DESKSTOP_003\AppData\Roaming\Python\Python310\site-packages\flwr\common\config.py", line 120, in fuse_dicts
    raise ValueError(f"Key '{key}' is not present in the main dictionary")
ValueError: Key 'proximal-mu' is not present in the main dictionary
Command '['flower-simulation', '--app', '.', '--num-supernodes', '6', '--run-config', 'configs/FedProx_Dir0.1_npy.toml']' returned non-zero exit status 1.
Loading project configuration... 
Success
[93mWARNING [0m:   Ray support on Windows is experimental and may not work as expected. On Windows, Flower Simulations run best in WSL2: https://learn.microsoft.com/en-us/windows/wsl/about
Traceback (most recent call last):
  File "C:\Program Files\Python310\lib\runpy.py", line 196, in _run_module_as_main
    return _run_code(code, main_globals, None,
  File "C:\Program Files\Python310\lib\runpy.py", line 86, in _run_code
    exec(code, run_globals)
  File "C:\Users\DESKSTOP_003\AppData\Roaming\Python\Python310\Scripts\flower-simulation.exe\__main__.py", line 7, in <module>
  File "C:\Users\DESKSTOP_003\AppData\Roaming\Python\Python310\site-packages\flwr\simulation\run_simulation.py", line 138, in run_simulation_from_cli
    fused_config = get_fused_config_from_dir(app_path, override_config)
  File "C:\Users\DESKSTOP_003\AppData\Roaming\Python\Python310\site-packages\flwr\common\config.py", line 134, in get_fused_config_from_dir
    return fuse_dicts(flat_default_config, override_config)
  File "C:\Users\DESKSTOP_003\AppData\Roaming\Python\Python310\site-packages\flwr\common\config.py", line 120, in fuse_dicts
    raise ValueError(f"Key '{key}' is not present in the main dictionary")
ValueError: Key 'proximal-mu' is not present in the main dictionary
Command '['flower-simulation', '--app', '.', '--num-supernodes', '6', '--run-config', 'configs/FedProx_Dir0.5_npy.toml']' returned non-zero exit status 1.
Loading project configuration... 
Success
[93mWARNING [0m:   Ray support on Windows is experimental and may not work as expected. On Windows, Flower Simulations run best in WSL2: https://learn.microsoft.com/en-us/windows/wsl/about
Traceback (most recent call last):
  File "C:\Program Files\Python310\lib\runpy.py", line 196, in _run_module_as_main
    return _run_code(code, main_globals, None,
  File "C:\Program Files\Python310\lib\runpy.py", line 86, in _run_code
    exec(code, run_globals)
  File "C:\Users\DESKSTOP_003\AppData\Roaming\Python\Python310\Scripts\flower-simulation.exe\__main__.py", line 7, in <module>
  File "C:\Users\DESKSTOP_003\AppData\Roaming\Python\Python310\site-packages\flwr\simulation\run_simulation.py", line 138, in run_simulation_from_cli
    fused_config = get_fused_config_from_dir(app_path, override_config)
  File "C:\Users\DESKSTOP_003\AppData\Roaming\Python\Python310\site-packages\flwr\common\config.py", line 134, in get_fused_config_from_dir
    return fuse_dicts(flat_default_config, override_config)
  File "C:\Users\DESKSTOP_003\AppData\Roaming\Python\Python310\site-packages\flwr\common\config.py", line 120, in fuse_dicts
    raise ValueError(f"Key '{key}' is not present in the main dictionary")
ValueError: Key 'proximal-mu' is not present in the main dictionary
Command '['flower-simulation', '--app', '.', '--num-supernodes', '6', '--run-config', 'configs/FedProx_Dir1.0_npy.toml']' returned non-zero exit status 1.
Loading project configuration... 
Success
[93mWARNING [0m:   Ray support on Windows is experimental and may not work as expected. On Windows, Flower Simulations run best in WSL2: https://learn.microsoft.com/en-us/windows/wsl/about
Traceback (most recent call last):
  File "C:\Program Files\Python310\lib\runpy.py", line 196, in _run_module_as_main
    return _run_code(code, main_globals, None,
  File "C:\Program Files\Python310\lib\runpy.py", line 86, in _run_code
    exec(code, run_globals)
  File "C:\Users\DESKSTOP_003\AppData\Roaming\Python\Python310\Scripts\flower-simulation.exe\__main__.py", line 7, in <module>
  File "C:\Users\DESKSTOP_003\AppData\Roaming\Python\Python310\site-packages\flwr\simulation\run_simulation.py", line 138, in run_simulation_from_cli
    fused_config = get_fused_config_from_dir(app_path, override_config)
  File "C:\Users\DESKSTOP_003\AppData\Roaming\Python\Python310\site-packages\flwr\common\config.py", line 134, in get_fused_config_from_dir
    return fuse_dicts(flat_default_config, override_config)
  File "C:\Users\DESKSTOP_003\AppData\Roaming\Python\Python310\site-packages\flwr\common\config.py", line 120, in fuse_dicts
    raise ValueError(f"Key '{key}' is not present in the main dictionary")
ValueError: Key 'proximal-mu' is not present in the main dictionary
Command '['flower-simulation', '--app', '.', '--num-supernodes', '6', '--run-config', 'configs/FedProx_Dir10.0_npy.toml']' returned non-zero exit status 1.
Loading project configuration... 
Success
[93mWARNING [0m:   Ray support on Windows is experimental and may not work as expected. On Windows, Flower Simulations run best in WSL2: https://learn.microsoft.com/en-us/windows/wsl/about
Traceback (most recent call last):
  File "C:\Program Files\Python310\lib\runpy.py", line 196, in _run_module_as_main
    return _run_code(code, main_globals, None,
  File "C:\Program Files\Python310\lib\runpy.py", line 86, in _run_code
    exec(code, run_globals)
  File "C:\Users\DESKSTOP_003\AppData\Roaming\Python\Python310\Scripts\flower-simulation.exe\__main__.py", line 7, in <module>
  File "C:\Users\DESKSTOP_003\AppData\Roaming\Python\Python310\site-packages\flwr\simulation\run_simulation.py", line 138, in run_simulation_from_cli
    fused_config = get_fused_config_from_dir(app_path, override_config)
  File "C:\Users\DESKSTOP_003\AppData\Roaming\Python\Python310\site-packages\flwr\common\config.py", line 134, in get_fused_config_from_dir
    return fuse_dicts(flat_default_config, override_config)
  File "C:\Users\DESKSTOP_003\AppData\Roaming\Python\Python310\site-packages\flwr\common\config.py", line 120, in fuse_dicts
    raise ValueError(f"Key '{key}' is not present in the main dictionary")
ValueError: Key 'eta' is not present in the main dictionary
Command '['flower-simulation', '--app', '.', '--num-supernodes', '6', '--run-config', 'configs/FedAdam_homo_npy.toml']' returned non-zero exit status 1.
Loading project configuration... 
Success
[93mWARNING [0m:   Ray support on Windows is experimental and may not work as expected. On Windows, Flower Simulations run best in WSL2: https://learn.microsoft.com/en-us/windows/wsl/about
Traceback (most recent call last):
  File "C:\Program Files\Python310\lib\runpy.py", line 196, in _run_module_as_main
    return _run_code(code, main_globals, None,
  File "C:\Program Files\Python310\lib\runpy.py", line 86, in _run_code
    exec(code, run_globals)
  File "C:\Users\DESKSTOP_003\AppData\Roaming\Python\Python310\Scripts\flower-simulation.exe\__main__.py", line 7, in <module>
  File "C:\Users\DESKSTOP_003\AppData\Roaming\Python\Python310\site-packages\flwr\simulation\run_simulation.py", line 138, in run_simulation_from_cli
    fused_config = get_fused_config_from_dir(app_path, override_config)
  File "C:\Users\DESKSTOP_003\AppData\Roaming\Python\Python310\site-packages\flwr\common\config.py", line 134, in get_fused_config_from_dir
    return fuse_dicts(flat_default_config, override_config)
  File "C:\Users\DESKSTOP_003\AppData\Roaming\Python\Python310\site-packages\flwr\common\config.py", line 120, in fuse_dicts
    raise ValueError(f"Key '{key}' is not present in the main dictionary")
ValueError: Key 'eta' is not present in the main dictionary
Command '['flower-simulation', '--app', '.', '--num-supernodes', '6', '--run-config', 'configs/FedAdam_C2_npy.toml']' returned non-zero exit status 1.
Loading project configuration... 
Success
[93mWARNING [0m:   Ray support on Windows is experimental and may not work as expected. On Windows, Flower Simulations run best in WSL2: https://learn.microsoft.com/en-us/windows/wsl/about
Traceback (most recent call last):
  File "C:\Program Files\Python310\lib\runpy.py", line 196, in _run_module_as_main
    return _run_code(code, main_globals, None,
  File "C:\Program Files\Python310\lib\runpy.py", line 86, in _run_code
    exec(code, run_globals)
  File "C:\Users\DESKSTOP_003\AppData\Roaming\Python\Python310\Scripts\flower-simulation.exe\__main__.py", line 7, in <module>
  File "C:\Users\DESKSTOP_003\AppData\Roaming\Python\Python310\site-packages\flwr\simulation\run_simulation.py", line 138, in run_simulation_from_cli
    fused_config = get_fused_config_from_dir(app_path, override_config)
  File "C:\Users\DESKSTOP_003\AppData\Roaming\Python\Python310\site-packages\flwr\common\config.py", line 134, in get_fused_config_from_dir
    return fuse_dicts(flat_default_config, override_config)
  File "C:\Users\DESKSTOP_003\AppData\Roaming\Python\Python310\site-packages\flwr\common\config.py", line 120, in fuse_dicts
    raise ValueError(f"Key '{key}' is not present in the main dictionary")
ValueError: Key 'eta' is not present in the main dictionary
Command '['flower-simulation', '--app', '.', '--num-supernodes', '6', '--run-config', 'configs/FedAdam_C3_npy.toml']' returned non-zero exit status 1.
Loading project configuration... 
Success
[93mWARNING [0m:   Ray support on Windows is experimental and may not work as expected. On Windows, Flower Simulations run best in WSL2: https://learn.microsoft.com/en-us/windows/wsl/about
Traceback (most recent call last):
  File "C:\Program Files\Python310\lib\runpy.py", line 196, in _run_module_as_main
    return _run_code(code, main_globals, None,
  File "C:\Program Files\Python310\lib\runpy.py", line 86, in _run_code
    exec(code, run_globals)
  File "C:\Users\DESKSTOP_003\AppData\Roaming\Python\Python310\Scripts\flower-simulation.exe\__main__.py", line 7, in <module>
  File "C:\Users\DESKSTOP_003\AppData\Roaming\Python\Python310\site-packages\flwr\simulation\run_simulation.py", line 138, in run_simulation_from_cli
    fused_config = get_fused_config_from_dir(app_path, override_config)
  File "C:\Users\DESKSTOP_003\AppData\Roaming\Python\Python310\site-packages\flwr\common\config.py", line 134, in get_fused_config_from_dir
    return fuse_dicts(flat_default_config, override_config)
  File "C:\Users\DESKSTOP_003\AppData\Roaming\Python\Python310\site-packages\flwr\common\config.py", line 120, in fuse_dicts
    raise ValueError(f"Key '{key}' is not present in the main dictionary")
ValueError: Key 'eta' is not present in the main dictionary
Command '['flower-simulation', '--app', '.', '--num-supernodes', '6', '--run-config', 'configs/FedAdam_C4_npy.toml']' returned non-zero exit status 1.
Loading project configuration... 
Success
[93mWARNING [0m:   Ray support on Windows is experimental and may not work as expected. On Windows, Flower Simulations run best in WSL2: https://learn.microsoft.com/en-us/windows/wsl/about
Traceback (most recent call last):
  File "C:\Program Files\Python310\lib\runpy.py", line 196, in _run_module_as_main
    return _run_code(code, main_globals, None,
  File "C:\Program Files\Python310\lib\runpy.py", line 86, in _run_code
    exec(code, run_globals)
  File "C:\Users\DESKSTOP_003\AppData\Roaming\Python\Python310\Scripts\flower-simulation.exe\__main__.py", line 7, in <module>
  File "C:\Users\DESKSTOP_003\AppData\Roaming\Python\Python310\site-packages\flwr\simulation\run_simulation.py", line 138, in run_simulation_from_cli
    fused_config = get_fused_config_from_dir(app_path, override_config)
  File "C:\Users\DESKSTOP_003\AppData\Roaming\Python\Python310\site-packages\flwr\common\config.py", line 134, in get_fused_config_from_dir
    return fuse_dicts(flat_default_config, override_config)
  File "C:\Users\DESKSTOP_003\AppData\Roaming\Python\Python310\site-packages\flwr\common\config.py", line 120, in fuse_dicts
    raise ValueError(f"Key '{key}' is not present in the main dictionary")
ValueError: Key 'eta' is not present in the main dictionary
Command '['flower-simulation', '--app', '.', '--num-supernodes', '6', '--run-config', 'configs/FedAdam_C5_npy.toml']' returned non-zero exit status 1.
Loading project configuration... 
Success
[93mWARNING [0m:   Ray support on Windows is experimental and may not work as expected. On Windows, Flower Simulations run best in WSL2: https://learn.microsoft.com/en-us/windows/wsl/about
Traceback (most recent call last):
  File "C:\Program Files\Python310\lib\runpy.py", line 196, in _run_module_as_main
    return _run_code(code, main_globals, None,
  File "C:\Program Files\Python310\lib\runpy.py", line 86, in _run_code
    exec(code, run_globals)
  File "C:\Users\DESKSTOP_003\AppData\Roaming\Python\Python310\Scripts\flower-simulation.exe\__main__.py", line 7, in <module>
  File "C:\Users\DESKSTOP_003\AppData\Roaming\Python\Python310\site-packages\flwr\simulation\run_simulation.py", line 138, in run_simulation_from_cli
    fused_config = get_fused_config_from_dir(app_path, override_config)
  File "C:\Users\DESKSTOP_003\AppData\Roaming\Python\Python310\site-packages\flwr\common\config.py", line 134, in get_fused_config_from_dir
    return fuse_dicts(flat_default_config, override_config)
  File "C:\Users\DESKSTOP_003\AppData\Roaming\Python\Python310\site-packages\flwr\common\config.py", line 120, in fuse_dicts
    raise ValueError(f"Key '{key}' is not present in the main dictionary")
ValueError: Key 'eta' is not present in the main dictionary
Command '['flower-simulation', '--app', '.', '--num-supernodes', '6', '--run-config', 'configs/FedAdam_Dir0.1_npy.toml']' returned non-zero exit status 1.
Loading project configuration... 
Success
[93mWARNING [0m:   Ray support on Windows is experimental and may not work as expected. On Windows, Flower Simulations run best in WSL2: https://learn.microsoft.com/en-us/windows/wsl/about
Traceback (most recent call last):
  File "C:\Program Files\Python310\lib\runpy.py", line 196, in _run_module_as_main
    return _run_code(code, main_globals, None,
  File "C:\Program Files\Python310\lib\runpy.py", line 86, in _run_code
    exec(code, run_globals)
  File "C:\Users\DESKSTOP_003\AppData\Roaming\Python\Python310\Scripts\flower-simulation.exe\__main__.py", line 7, in <module>
  File "C:\Users\DESKSTOP_003\AppData\Roaming\Python\Python310\site-packages\flwr\simulation\run_simulation.py", line 138, in run_simulation_from_cli
    fused_config = get_fused_config_from_dir(app_path, override_config)
  File "C:\Users\DESKSTOP_003\AppData\Roaming\Python\Python310\site-packages\flwr\common\config.py", line 134, in get_fused_config_from_dir
    return fuse_dicts(flat_default_config, override_config)
  File "C:\Users\DESKSTOP_003\AppData\Roaming\Python\Python310\site-packages\flwr\common\config.py", line 120, in fuse_dicts
    raise ValueError(f"Key '{key}' is not present in the main dictionary")
ValueError: Key 'eta' is not present in the main dictionary
Command '['flower-simulation', '--app', '.', '--num-supernodes', '6', '--run-config', 'configs/FedAdam_Dir0.5_npy.toml']' returned non-zero exit status 1.
Loading project configuration... 
Success
[93mWARNING [0m:   Ray support on Windows is experimental and may not work as expected. On Windows, Flower Simulations run best in WSL2: https://learn.microsoft.com/en-us/windows/wsl/about
Traceback (most recent call last):
  File "C:\Program Files\Python310\lib\runpy.py", line 196, in _run_module_as_main
    return _run_code(code, main_globals, None,
  File "C:\Program Files\Python310\lib\runpy.py", line 86, in _run_code
    exec(code, run_globals)
  File "C:\Users\DESKSTOP_003\AppData\Roaming\Python\Python310\Scripts\flower-simulation.exe\__main__.py", line 7, in <module>
  File "C:\Users\DESKSTOP_003\AppData\Roaming\Python\Python310\site-packages\flwr\simulation\run_simulation.py", line 138, in run_simulation_from_cli
    fused_config = get_fused_config_from_dir(app_path, override_config)
  File "C:\Users\DESKSTOP_003\AppData\Roaming\Python\Python310\site-packages\flwr\common\config.py", line 134, in get_fused_config_from_dir
    return fuse_dicts(flat_default_config, override_config)
  File "C:\Users\DESKSTOP_003\AppData\Roaming\Python\Python310\site-packages\flwr\common\config.py", line 120, in fuse_dicts
    raise ValueError(f"Key '{key}' is not present in the main dictionary")
ValueError: Key 'eta' is not present in the main dictionary
Command '['flower-simulation', '--app', '.', '--num-supernodes', '6', '--run-config', 'configs/FedAdam_Dir1.0_npy.toml']' returned non-zero exit status 1.
Loading project configuration... 
Success
[93mWARNING [0m:   Ray support on Windows is experimental and may not work as expected. On Windows, Flower Simulations run best in WSL2: https://learn.microsoft.com/en-us/windows/wsl/about
Traceback (most recent call last):
  File "C:\Program Files\Python310\lib\runpy.py", line 196, in _run_module_as_main
    return _run_code(code, main_globals, None,
  File "C:\Program Files\Python310\lib\runpy.py", line 86, in _run_code
    exec(code, run_globals)
  File "C:\Users\DESKSTOP_003\AppData\Roaming\Python\Python310\Scripts\flower-simulation.exe\__main__.py", line 7, in <module>
  File "C:\Users\DESKSTOP_003\AppData\Roaming\Python\Python310\site-packages\flwr\simulation\run_simulation.py", line 138, in run_simulation_from_cli
    fused_config = get_fused_config_from_dir(app_path, override_config)
  File "C:\Users\DESKSTOP_003\AppData\Roaming\Python\Python310\site-packages\flwr\common\config.py", line 134, in get_fused_config_from_dir
    return fuse_dicts(flat_default_config, override_config)
  File "C:\Users\DESKSTOP_003\AppData\Roaming\Python\Python310\site-packages\flwr\common\config.py", line 120, in fuse_dicts
    raise ValueError(f"Key '{key}' is not present in the main dictionary")
ValueError: Key 'eta' is not present in the main dictionary
Command '['flower-simulation', '--app', '.', '--num-supernodes', '6', '--run-config', 'configs/FedAdam_Dir10.0_npy.toml']' returned non-zero exit status 1.
Loading project configuration... 
Success
[93mWARNING [0m:   Ray support on Windows is experimental and may not work as expected. On Windows, Flower Simulations run best in WSL2: https://learn.microsoft.com/en-us/windows/wsl/about
Traceback (most recent call last):
  File "C:\Program Files\Python310\lib\runpy.py", line 196, in _run_module_as_main
    return _run_code(code, main_globals, None,
  File "C:\Program Files\Python310\lib\runpy.py", line 86, in _run_code
    exec(code, run_globals)
  File "C:\Users\DESKSTOP_003\AppData\Roaming\Python\Python310\Scripts\flower-simulation.exe\__main__.py", line 7, in <module>
  File "C:\Users\DESKSTOP_003\AppData\Roaming\Python\Python310\site-packages\flwr\simulation\run_simulation.py", line 138, in run_simulation_from_cli
    fused_config = get_fused_config_from_dir(app_path, override_config)
  File "C:\Users\DESKSTOP_003\AppData\Roaming\Python\Python310\site-packages\flwr\common\config.py", line 134, in get_fused_config_from_dir
    return fuse_dicts(flat_default_config, override_config)
  File "C:\Users\DESKSTOP_003\AppData\Roaming\Python\Python310\site-packages\flwr\common\config.py", line 120, in fuse_dicts
    raise ValueError(f"Key '{key}' is not present in the main dictionary")
ValueError: Key 'eta' is not present in the main dictionary
Command '['flower-simulation', '--app', '.', '--num-supernodes', '6', '--run-config', 'configs/FedAdagrad_homo_npy.toml']' returned non-zero exit status 1.
Loading project configuration... 
Success
[93mWARNING [0m:   Ray support on Windows is experimental and may not work as expected. On Windows, Flower Simulations run best in WSL2: https://learn.microsoft.com/en-us/windows/wsl/about
Traceback (most recent call last):
  File "C:\Program Files\Python310\lib\runpy.py", line 196, in _run_module_as_main
    return _run_code(code, main_globals, None,
  File "C:\Program Files\Python310\lib\runpy.py", line 86, in _run_code
    exec(code, run_globals)
  File "C:\Users\DESKSTOP_003\AppData\Roaming\Python\Python310\Scripts\flower-simulation.exe\__main__.py", line 7, in <module>
  File "C:\Users\DESKSTOP_003\AppData\Roaming\Python\Python310\site-packages\flwr\simulation\run_simulation.py", line 138, in run_simulation_from_cli
    fused_config = get_fused_config_from_dir(app_path, override_config)
  File "C:\Users\DESKSTOP_003\AppData\Roaming\Python\Python310\site-packages\flwr\common\config.py", line 134, in get_fused_config_from_dir
    return fuse_dicts(flat_default_config, override_config)
  File "C:\Users\DESKSTOP_003\AppData\Roaming\Python\Python310\site-packages\flwr\common\config.py", line 120, in fuse_dicts
    raise ValueError(f"Key '{key}' is not present in the main dictionary")
ValueError: Key 'eta' is not present in the main dictionary
Command '['flower-simulation', '--app', '.', '--num-supernodes', '6', '--run-config', 'configs/FedAdagrad_C2_npy.toml']' returned non-zero exit status 1.
Loading project configuration... 
Success
[93mWARNING [0m:   Ray support on Windows is experimental and may not work as expected. On Windows, Flower Simulations run best in WSL2: https://learn.microsoft.com/en-us/windows/wsl/about
Traceback (most recent call last):
  File "C:\Program Files\Python310\lib\runpy.py", line 196, in _run_module_as_main
    return _run_code(code, main_globals, None,
  File "C:\Program Files\Python310\lib\runpy.py", line 86, in _run_code
    exec(code, run_globals)
  File "C:\Users\DESKSTOP_003\AppData\Roaming\Python\Python310\Scripts\flower-simulation.exe\__main__.py", line 7, in <module>
  File "C:\Users\DESKSTOP_003\AppData\Roaming\Python\Python310\site-packages\flwr\simulation\run_simulation.py", line 138, in run_simulation_from_cli
    fused_config = get_fused_config_from_dir(app_path, override_config)
  File "C:\Users\DESKSTOP_003\AppData\Roaming\Python\Python310\site-packages\flwr\common\config.py", line 134, in get_fused_config_from_dir
    return fuse_dicts(flat_default_config, override_config)
  File "C:\Users\DESKSTOP_003\AppData\Roaming\Python\Python310\site-packages\flwr\common\config.py", line 120, in fuse_dicts
    raise ValueError(f"Key '{key}' is not present in the main dictionary")
ValueError: Key 'eta' is not present in the main dictionary
Command '['flower-simulation', '--app', '.', '--num-supernodes', '6', '--run-config', 'configs/FedAdagrad_C3_npy.toml']' returned non-zero exit status 1.
Loading project configuration... 
Success
[93mWARNING [0m:   Ray support on Windows is experimental and may not work as expected. On Windows, Flower Simulations run best in WSL2: https://learn.microsoft.com/en-us/windows/wsl/about
Traceback (most recent call last):
  File "C:\Program Files\Python310\lib\runpy.py", line 196, in _run_module_as_main
    return _run_code(code, main_globals, None,
  File "C:\Program Files\Python310\lib\runpy.py", line 86, in _run_code
    exec(code, run_globals)
  File "C:\Users\DESKSTOP_003\AppData\Roaming\Python\Python310\Scripts\flower-simulation.exe\__main__.py", line 7, in <module>
  File "C:\Users\DESKSTOP_003\AppData\Roaming\Python\Python310\site-packages\flwr\simulation\run_simulation.py", line 138, in run_simulation_from_cli
    fused_config = get_fused_config_from_dir(app_path, override_config)
  File "C:\Users\DESKSTOP_003\AppData\Roaming\Python\Python310\site-packages\flwr\common\config.py", line 134, in get_fused_config_from_dir
    return fuse_dicts(flat_default_config, override_config)
  File "C:\Users\DESKSTOP_003\AppData\Roaming\Python\Python310\site-packages\flwr\common\config.py", line 120, in fuse_dicts
    raise ValueError(f"Key '{key}' is not present in the main dictionary")
ValueError: Key 'eta' is not present in the main dictionary
Command '['flower-simulation', '--app', '.', '--num-supernodes', '6', '--run-config', 'configs/FedAdagrad_C4_npy.toml']' returned non-zero exit status 1.
Loading project configuration... 
Success
[93mWARNING [0m:   Ray support on Windows is experimental and may not work as expected. On Windows, Flower Simulations run best in WSL2: https://learn.microsoft.com/en-us/windows/wsl/about
Traceback (most recent call last):
  File "C:\Program Files\Python310\lib\runpy.py", line 196, in _run_module_as_main
    return _run_code(code, main_globals, None,
  File "C:\Program Files\Python310\lib\runpy.py", line 86, in _run_code
    exec(code, run_globals)
  File "C:\Users\DESKSTOP_003\AppData\Roaming\Python\Python310\Scripts\flower-simulation.exe\__main__.py", line 7, in <module>
  File "C:\Users\DESKSTOP_003\AppData\Roaming\Python\Python310\site-packages\flwr\simulation\run_simulation.py", line 138, in run_simulation_from_cli
    fused_config = get_fused_config_from_dir(app_path, override_config)
  File "C:\Users\DESKSTOP_003\AppData\Roaming\Python\Python310\site-packages\flwr\common\config.py", line 134, in get_fused_config_from_dir
    return fuse_dicts(flat_default_config, override_config)
  File "C:\Users\DESKSTOP_003\AppData\Roaming\Python\Python310\site-packages\flwr\common\config.py", line 120, in fuse_dicts
    raise ValueError(f"Key '{key}' is not present in the main dictionary")
ValueError: Key 'eta' is not present in the main dictionary
Command '['flower-simulation', '--app', '.', '--num-supernodes', '6', '--run-config', 'configs/FedAdagrad_C5_npy.toml']' returned non-zero exit status 1.
Loading project configuration... 
Success
[93mWARNING [0m:   Ray support on Windows is experimental and may not work as expected. On Windows, Flower Simulations run best in WSL2: https://learn.microsoft.com/en-us/windows/wsl/about
Traceback (most recent call last):
  File "C:\Program Files\Python310\lib\runpy.py", line 196, in _run_module_as_main
    return _run_code(code, main_globals, None,
  File "C:\Program Files\Python310\lib\runpy.py", line 86, in _run_code
    exec(code, run_globals)
  File "C:\Users\DESKSTOP_003\AppData\Roaming\Python\Python310\Scripts\flower-simulation.exe\__main__.py", line 7, in <module>
  File "C:\Users\DESKSTOP_003\AppData\Roaming\Python\Python310\site-packages\flwr\simulation\run_simulation.py", line 138, in run_simulation_from_cli
    fused_config = get_fused_config_from_dir(app_path, override_config)
  File "C:\Users\DESKSTOP_003\AppData\Roaming\Python\Python310\site-packages\flwr\common\config.py", line 134, in get_fused_config_from_dir
    return fuse_dicts(flat_default_config, override_config)
  File "C:\Users\DESKSTOP_003\AppData\Roaming\Python\Python310\site-packages\flwr\common\config.py", line 120, in fuse_dicts
    raise ValueError(f"Key '{key}' is not present in the main dictionary")
ValueError: Key 'eta' is not present in the main dictionary
Command '['flower-simulation', '--app', '.', '--num-supernodes', '6', '--run-config', 'configs/FedAdagrad_Dir0.1_npy.toml']' returned non-zero exit status 1.
Loading project configuration... 
Success
[93mWARNING [0m:   Ray support on Windows is experimental and may not work as expected. On Windows, Flower Simulations run best in WSL2: https://learn.microsoft.com/en-us/windows/wsl/about
Traceback (most recent call last):
  File "C:\Program Files\Python310\lib\runpy.py", line 196, in _run_module_as_main
    return _run_code(code, main_globals, None,
  File "C:\Program Files\Python310\lib\runpy.py", line 86, in _run_code
    exec(code, run_globals)
  File "C:\Users\DESKSTOP_003\AppData\Roaming\Python\Python310\Scripts\flower-simulation.exe\__main__.py", line 7, in <module>
  File "C:\Users\DESKSTOP_003\AppData\Roaming\Python\Python310\site-packages\flwr\simulation\run_simulation.py", line 138, in run_simulation_from_cli
    fused_config = get_fused_config_from_dir(app_path, override_config)
  File "C:\Users\DESKSTOP_003\AppData\Roaming\Python\Python310\site-packages\flwr\common\config.py", line 134, in get_fused_config_from_dir
    return fuse_dicts(flat_default_config, override_config)
  File "C:\Users\DESKSTOP_003\AppData\Roaming\Python\Python310\site-packages\flwr\common\config.py", line 120, in fuse_dicts
    raise ValueError(f"Key '{key}' is not present in the main dictionary")
ValueError: Key 'eta' is not present in the main dictionary
Command '['flower-simulation', '--app', '.', '--num-supernodes', '6', '--run-config', 'configs/FedAdagrad_Dir0.5_npy.toml']' returned non-zero exit status 1.
Loading project configuration... 
Success
[93mWARNING [0m:   Ray support on Windows is experimental and may not work as expected. On Windows, Flower Simulations run best in WSL2: https://learn.microsoft.com/en-us/windows/wsl/about
Traceback (most recent call last):
  File "C:\Program Files\Python310\lib\runpy.py", line 196, in _run_module_as_main
    return _run_code(code, main_globals, None,
  File "C:\Program Files\Python310\lib\runpy.py", line 86, in _run_code
    exec(code, run_globals)
  File "C:\Users\DESKSTOP_003\AppData\Roaming\Python\Python310\Scripts\flower-simulation.exe\__main__.py", line 7, in <module>
  File "C:\Users\DESKSTOP_003\AppData\Roaming\Python\Python310\site-packages\flwr\simulation\run_simulation.py", line 138, in run_simulation_from_cli
    fused_config = get_fused_config_from_dir(app_path, override_config)
  File "C:\Users\DESKSTOP_003\AppData\Roaming\Python\Python310\site-packages\flwr\common\config.py", line 134, in get_fused_config_from_dir
    return fuse_dicts(flat_default_config, override_config)
  File "C:\Users\DESKSTOP_003\AppData\Roaming\Python\Python310\site-packages\flwr\common\config.py", line 120, in fuse_dicts
    raise ValueError(f"Key '{key}' is not present in the main dictionary")
ValueError: Key 'eta' is not present in the main dictionary
Command '['flower-simulation', '--app', '.', '--num-supernodes', '6', '--run-config', 'configs/FedAdagrad_Dir1.0_npy.toml']' returned non-zero exit status 1.
Loading project configuration... 
Success
[93mWARNING [0m:   Ray support on Windows is experimental and may not work as expected. On Windows, Flower Simulations run best in WSL2: https://learn.microsoft.com/en-us/windows/wsl/about
Traceback (most recent call last):
  File "C:\Program Files\Python310\lib\runpy.py", line 196, in _run_module_as_main
    return _run_code(code, main_globals, None,
  File "C:\Program Files\Python310\lib\runpy.py", line 86, in _run_code
    exec(code, run_globals)
  File "C:\Users\DESKSTOP_003\AppData\Roaming\Python\Python310\Scripts\flower-simulation.exe\__main__.py", line 7, in <module>
  File "C:\Users\DESKSTOP_003\AppData\Roaming\Python\Python310\site-packages\flwr\simulation\run_simulation.py", line 138, in run_simulation_from_cli
    fused_config = get_fused_config_from_dir(app_path, override_config)
  File "C:\Users\DESKSTOP_003\AppData\Roaming\Python\Python310\site-packages\flwr\common\config.py", line 134, in get_fused_config_from_dir
    return fuse_dicts(flat_default_config, override_config)
  File "C:\Users\DESKSTOP_003\AppData\Roaming\Python\Python310\site-packages\flwr\common\config.py", line 120, in fuse_dicts
    raise ValueError(f"Key '{key}' is not present in the main dictionary")
ValueError: Key 'eta' is not present in the main dictionary
Command '['flower-simulation', '--app', '.', '--num-supernodes', '6', '--run-config', 'configs/FedAdagrad_Dir10.0_npy.toml']' returned non-zero exit status 1.
Loading project configuration... 
Success
[93mWARNING [0m:   Ray support on Windows is experimental and may not work as expected. On Windows, Flower Simulations run best in WSL2: https://learn.microsoft.com/en-us/windows/wsl/about
Traceback (most recent call last):
  File "C:\Program Files\Python310\lib\runpy.py", line 196, in _run_module_as_main
    return _run_code(code, main_globals, None,
  File "C:\Program Files\Python310\lib\runpy.py", line 86, in _run_code
    exec(code, run_globals)
  File "C:\Users\DESKSTOP_003\AppData\Roaming\Python\Python310\Scripts\flower-simulation.exe\__main__.py", line 7, in <module>
  File "C:\Users\DESKSTOP_003\AppData\Roaming\Python\Python310\site-packages\flwr\simulation\run_simulation.py", line 138, in run_simulation_from_cli
    fused_config = get_fused_config_from_dir(app_path, override_config)
  File "C:\Users\DESKSTOP_003\AppData\Roaming\Python\Python310\site-packages\flwr\common\config.py", line 134, in get_fused_config_from_dir
    return fuse_dicts(flat_default_config, override_config)
  File "C:\Users\DESKSTOP_003\AppData\Roaming\Python\Python310\site-packages\flwr\common\config.py", line 120, in fuse_dicts
    raise ValueError(f"Key '{key}' is not present in the main dictionary")
ValueError: Key 'eta' is not present in the main dictionary
Command '['flower-simulation', '--app', '.', '--num-supernodes', '6', '--run-config', 'configs/FedYogi_homo_npy.toml']' returned non-zero exit status 1.
Loading project configuration... 
Success
[93mWARNING [0m:   Ray support on Windows is experimental and may not work as expected. On Windows, Flower Simulations run best in WSL2: https://learn.microsoft.com/en-us/windows/wsl/about
Traceback (most recent call last):
  File "C:\Program Files\Python310\lib\runpy.py", line 196, in _run_module_as_main
    return _run_code(code, main_globals, None,
  File "C:\Program Files\Python310\lib\runpy.py", line 86, in _run_code
    exec(code, run_globals)
  File "C:\Users\DESKSTOP_003\AppData\Roaming\Python\Python310\Scripts\flower-simulation.exe\__main__.py", line 7, in <module>
  File "C:\Users\DESKSTOP_003\AppData\Roaming\Python\Python310\site-packages\flwr\simulation\run_simulation.py", line 138, in run_simulation_from_cli
    fused_config = get_fused_config_from_dir(app_path, override_config)
  File "C:\Users\DESKSTOP_003\AppData\Roaming\Python\Python310\site-packages\flwr\common\config.py", line 134, in get_fused_config_from_dir
    return fuse_dicts(flat_default_config, override_config)
  File "C:\Users\DESKSTOP_003\AppData\Roaming\Python\Python310\site-packages\flwr\common\config.py", line 120, in fuse_dicts
    raise ValueError(f"Key '{key}' is not present in the main dictionary")
ValueError: Key 'eta' is not present in the main dictionary
Command '['flower-simulation', '--app', '.', '--num-supernodes', '6', '--run-config', 'configs/FedYogi_C2_npy.toml']' returned non-zero exit status 1.
Loading project configuration... 
Success
[93mWARNING [0m:   Ray support on Windows is experimental and may not work as expected. On Windows, Flower Simulations run best in WSL2: https://learn.microsoft.com/en-us/windows/wsl/about
Traceback (most recent call last):
  File "C:\Program Files\Python310\lib\runpy.py", line 196, in _run_module_as_main
    return _run_code(code, main_globals, None,
  File "C:\Program Files\Python310\lib\runpy.py", line 86, in _run_code
    exec(code, run_globals)
  File "C:\Users\DESKSTOP_003\AppData\Roaming\Python\Python310\Scripts\flower-simulation.exe\__main__.py", line 7, in <module>
  File "C:\Users\DESKSTOP_003\AppData\Roaming\Python\Python310\site-packages\flwr\simulation\run_simulation.py", line 138, in run_simulation_from_cli
    fused_config = get_fused_config_from_dir(app_path, override_config)
  File "C:\Users\DESKSTOP_003\AppData\Roaming\Python\Python310\site-packages\flwr\common\config.py", line 134, in get_fused_config_from_dir
    return fuse_dicts(flat_default_config, override_config)
  File "C:\Users\DESKSTOP_003\AppData\Roaming\Python\Python310\site-packages\flwr\common\config.py", line 120, in fuse_dicts
    raise ValueError(f"Key '{key}' is not present in the main dictionary")
ValueError: Key 'eta' is not present in the main dictionary
Command '['flower-simulation', '--app', '.', '--num-supernodes', '6', '--run-config', 'configs/FedYogi_C3_npy.toml']' returned non-zero exit status 1.
Loading project configuration... 
Success
[93mWARNING [0m:   Ray support on Windows is experimental and may not work as expected. On Windows, Flower Simulations run best in WSL2: https://learn.microsoft.com/en-us/windows/wsl/about
Traceback (most recent call last):
  File "C:\Program Files\Python310\lib\runpy.py", line 196, in _run_module_as_main
    return _run_code(code, main_globals, None,
  File "C:\Program Files\Python310\lib\runpy.py", line 86, in _run_code
    exec(code, run_globals)
  File "C:\Users\DESKSTOP_003\AppData\Roaming\Python\Python310\Scripts\flower-simulation.exe\__main__.py", line 7, in <module>
  File "C:\Users\DESKSTOP_003\AppData\Roaming\Python\Python310\site-packages\flwr\simulation\run_simulation.py", line 138, in run_simulation_from_cli
    fused_config = get_fused_config_from_dir(app_path, override_config)
  File "C:\Users\DESKSTOP_003\AppData\Roaming\Python\Python310\site-packages\flwr\common\config.py", line 134, in get_fused_config_from_dir
    return fuse_dicts(flat_default_config, override_config)
  File "C:\Users\DESKSTOP_003\AppData\Roaming\Python\Python310\site-packages\flwr\common\config.py", line 120, in fuse_dicts
    raise ValueError(f"Key '{key}' is not present in the main dictionary")
ValueError: Key 'eta' is not present in the main dictionary
Command '['flower-simulation', '--app', '.', '--num-supernodes', '6', '--run-config', 'configs/FedYogi_C4_npy.toml']' returned non-zero exit status 1.
Loading project configuration... 
Success
[93mWARNING [0m:   Ray support on Windows is experimental and may not work as expected. On Windows, Flower Simulations run best in WSL2: https://learn.microsoft.com/en-us/windows/wsl/about
Traceback (most recent call last):
  File "C:\Program Files\Python310\lib\runpy.py", line 196, in _run_module_as_main
    return _run_code(code, main_globals, None,
  File "C:\Program Files\Python310\lib\runpy.py", line 86, in _run_code
    exec(code, run_globals)
  File "C:\Users\DESKSTOP_003\AppData\Roaming\Python\Python310\Scripts\flower-simulation.exe\__main__.py", line 7, in <module>
  File "C:\Users\DESKSTOP_003\AppData\Roaming\Python\Python310\site-packages\flwr\simulation\run_simulation.py", line 138, in run_simulation_from_cli
    fused_config = get_fused_config_from_dir(app_path, override_config)
  File "C:\Users\DESKSTOP_003\AppData\Roaming\Python\Python310\site-packages\flwr\common\config.py", line 134, in get_fused_config_from_dir
    return fuse_dicts(flat_default_config, override_config)
  File "C:\Users\DESKSTOP_003\AppData\Roaming\Python\Python310\site-packages\flwr\common\config.py", line 120, in fuse_dicts
    raise ValueError(f"Key '{key}' is not present in the main dictionary")
ValueError: Key 'eta' is not present in the main dictionary
Command '['flower-simulation', '--app', '.', '--num-supernodes', '6', '--run-config', 'configs/FedYogi_C5_npy.toml']' returned non-zero exit status 1.
Loading project configuration... 
Success
[93mWARNING [0m:   Ray support on Windows is experimental and may not work as expected. On Windows, Flower Simulations run best in WSL2: https://learn.microsoft.com/en-us/windows/wsl/about
Traceback (most recent call last):
  File "C:\Program Files\Python310\lib\runpy.py", line 196, in _run_module_as_main
    return _run_code(code, main_globals, None,
  File "C:\Program Files\Python310\lib\runpy.py", line 86, in _run_code
    exec(code, run_globals)
  File "C:\Users\DESKSTOP_003\AppData\Roaming\Python\Python310\Scripts\flower-simulation.exe\__main__.py", line 7, in <module>
  File "C:\Users\DESKSTOP_003\AppData\Roaming\Python\Python310\site-packages\flwr\simulation\run_simulation.py", line 138, in run_simulation_from_cli
    fused_config = get_fused_config_from_dir(app_path, override_config)
  File "C:\Users\DESKSTOP_003\AppData\Roaming\Python\Python310\site-packages\flwr\common\config.py", line 134, in get_fused_config_from_dir
    return fuse_dicts(flat_default_config, override_config)
  File "C:\Users\DESKSTOP_003\AppData\Roaming\Python\Python310\site-packages\flwr\common\config.py", line 120, in fuse_dicts
    raise ValueError(f"Key '{key}' is not present in the main dictionary")
ValueError: Key 'eta' is not present in the main dictionary
Command '['flower-simulation', '--app', '.', '--num-supernodes', '6', '--run-config', 'configs/FedYogi_Dir0.1_npy.toml']' returned non-zero exit status 1.
Loading project configuration... 
Success
[93mWARNING [0m:   Ray support on Windows is experimental and may not work as expected. On Windows, Flower Simulations run best in WSL2: https://learn.microsoft.com/en-us/windows/wsl/about
Traceback (most recent call last):
  File "C:\Program Files\Python310\lib\runpy.py", line 196, in _run_module_as_main
    return _run_code(code, main_globals, None,
  File "C:\Program Files\Python310\lib\runpy.py", line 86, in _run_code
    exec(code, run_globals)
  File "C:\Users\DESKSTOP_003\AppData\Roaming\Python\Python310\Scripts\flower-simulation.exe\__main__.py", line 7, in <module>
  File "C:\Users\DESKSTOP_003\AppData\Roaming\Python\Python310\site-packages\flwr\simulation\run_simulation.py", line 138, in run_simulation_from_cli
    fused_config = get_fused_config_from_dir(app_path, override_config)
  File "C:\Users\DESKSTOP_003\AppData\Roaming\Python\Python310\site-packages\flwr\common\config.py", line 134, in get_fused_config_from_dir
    return fuse_dicts(flat_default_config, override_config)
  File "C:\Users\DESKSTOP_003\AppData\Roaming\Python\Python310\site-packages\flwr\common\config.py", line 120, in fuse_dicts
    raise ValueError(f"Key '{key}' is not present in the main dictionary")
ValueError: Key 'eta' is not present in the main dictionary
Command '['flower-simulation', '--app', '.', '--num-supernodes', '6', '--run-config', 'configs/FedYogi_Dir0.5_npy.toml']' returned non-zero exit status 1.
Loading project configuration... 
Success
[93mWARNING [0m:   Ray support on Windows is experimental and may not work as expected. On Windows, Flower Simulations run best in WSL2: https://learn.microsoft.com/en-us/windows/wsl/about
Traceback (most recent call last):
  File "C:\Program Files\Python310\lib\runpy.py", line 196, in _run_module_as_main
    return _run_code(code, main_globals, None,
  File "C:\Program Files\Python310\lib\runpy.py", line 86, in _run_code
    exec(code, run_globals)
  File "C:\Users\DESKSTOP_003\AppData\Roaming\Python\Python310\Scripts\flower-simulation.exe\__main__.py", line 7, in <module>
  File "C:\Users\DESKSTOP_003\AppData\Roaming\Python\Python310\site-packages\flwr\simulation\run_simulation.py", line 138, in run_simulation_from_cli
    fused_config = get_fused_config_from_dir(app_path, override_config)
  File "C:\Users\DESKSTOP_003\AppData\Roaming\Python\Python310\site-packages\flwr\common\config.py", line 134, in get_fused_config_from_dir
    return fuse_dicts(flat_default_config, override_config)
  File "C:\Users\DESKSTOP_003\AppData\Roaming\Python\Python310\site-packages\flwr\common\config.py", line 120, in fuse_dicts
    raise ValueError(f"Key '{key}' is not present in the main dictionary")
ValueError: Key 'eta' is not present in the main dictionary
Command '['flower-simulation', '--app', '.', '--num-supernodes', '6', '--run-config', 'configs/FedYogi_Dir1.0_npy.toml']' returned non-zero exit status 1.
Loading project configuration... 
Success
[93mWARNING [0m:   Ray support on Windows is experimental and may not work as expected. On Windows, Flower Simulations run best in WSL2: https://learn.microsoft.com/en-us/windows/wsl/about
Traceback (most recent call last):
  File "C:\Program Files\Python310\lib\runpy.py", line 196, in _run_module_as_main
    return _run_code(code, main_globals, None,
  File "C:\Program Files\Python310\lib\runpy.py", line 86, in _run_code
    exec(code, run_globals)
  File "C:\Users\DESKSTOP_003\AppData\Roaming\Python\Python310\Scripts\flower-simulation.exe\__main__.py", line 7, in <module>
  File "C:\Users\DESKSTOP_003\AppData\Roaming\Python\Python310\site-packages\flwr\simulation\run_simulation.py", line 138, in run_simulation_from_cli
    fused_config = get_fused_config_from_dir(app_path, override_config)
  File "C:\Users\DESKSTOP_003\AppData\Roaming\Python\Python310\site-packages\flwr\common\config.py", line 134, in get_fused_config_from_dir
    return fuse_dicts(flat_default_config, override_config)
  File "C:\Users\DESKSTOP_003\AppData\Roaming\Python\Python310\site-packages\flwr\common\config.py", line 120, in fuse_dicts
    raise ValueError(f"Key '{key}' is not present in the main dictionary")
ValueError: Key 'eta' is not present in the main dictionary
Command '['flower-simulation', '--app', '.', '--num-supernodes', '6', '--run-config', 'configs/FedYogi_Dir10.0_npy.toml']' returned non-zero exit status 1.
======================================================================
Running All Strategy × Distribution Experiments
======================================================================
Total experiments: 54
Strategies: ['FedAvg', 'FedAvgM', 'FedProx', 'FedAdam', 'FedAdagrad', 'FedYogi']
Distributions: ['homo', 'C2', 'C3', 'C4', 'C5', 'Dir0.1', 'Dir0.5', 'Dir1.0', 'Dir10.0']
Started at: 2026-01-09 18:43:24
======================================================================


[1/6] Testing strategy: FedAvg

======================================================================
Running: FedAvg on homo
Config: configs/FedAvg_homo_npy.toml
======================================================================

✅ FedAvg_homo completed

======================================================================
Running: FedAvg on C2
Config: configs/FedAvg_C2_npy.toml
======================================================================

✅ FedAvg_C2 completed

======================================================================
Running: FedAvg on C3
Config: configs/FedAvg_C3_npy.toml
======================================================================

✅ FedAvg_C3 completed

======================================================================
Running: FedAvg on C4
Config: configs/FedAvg_C4_npy.toml
======================================================================

✅ FedAvg_C4 completed

======================================================================
Running: FedAvg on C5
Config: configs/FedAvg_C5_npy.toml
======================================================================

✅ FedAvg_C5 completed

======================================================================
Running: FedAvg on Dir0.1
Config: configs/FedAvg_Dir0.1_npy.toml
======================================================================

✅ FedAvg_Dir0.1 completed

======================================================================
Running: FedAvg on Dir0.5
Config: configs/FedAvg_Dir0.5_npy.toml
======================================================================

✅ FedAvg_Dir0.5 completed

======================================================================
Running: FedAvg on Dir1.0
Config: configs/FedAvg_Dir1.0_npy.toml
======================================================================

✅ FedAvg_Dir1.0 completed

======================================================================
Running: FedAvg on Dir10.0
Config: configs/FedAvg_Dir10.0_npy.toml
======================================================================

✅ FedAvg_Dir10.0 completed

[2/6] Testing strategy: FedAvgM

======================================================================
Running: FedAvgM on homo
Config: configs/FedAvgM_homo_npy.toml
======================================================================

✅ FedAvgM_homo completed

======================================================================
Running: FedAvgM on C2
Config: configs/FedAvgM_C2_npy.toml
======================================================================

✅ FedAvgM_C2 completed

======================================================================
Running: FedAvgM on C3
Config: configs/FedAvgM_C3_npy.toml
======================================================================

✅ FedAvgM_C3 completed

======================================================================
Running: FedAvgM on C4
Config: configs/FedAvgM_C4_npy.toml
======================================================================

✅ FedAvgM_C4 completed

======================================================================
Running: FedAvgM on C5
Config: configs/FedAvgM_C5_npy.toml
======================================================================

✅ FedAvgM_C5 completed

======================================================================
Running: FedAvgM on Dir0.1
Config: configs/FedAvgM_Dir0.1_npy.toml
======================================================================

✅ FedAvgM_Dir0.1 completed

======================================================================
Running: FedAvgM on Dir0.5
Config: configs/FedAvgM_Dir0.5_npy.toml
======================================================================

✅ FedAvgM_Dir0.5 completed

======================================================================
Running: FedAvgM on Dir1.0
Config: configs/FedAvgM_Dir1.0_npy.toml
======================================================================

✅ FedAvgM_Dir1.0 completed

======================================================================
Running: FedAvgM on Dir10.0
Config: configs/FedAvgM_Dir10.0_npy.toml
======================================================================

✅ FedAvgM_Dir10.0 completed

[3/6] Testing strategy: FedProx

======================================================================
Running: FedProx on homo
Config: configs/FedProx_homo_npy.toml
======================================================================

✅ FedProx_homo completed

======================================================================
Running: FedProx on C2
Config: configs/FedProx_C2_npy.toml
======================================================================

✅ FedProx_C2 completed

======================================================================
Running: FedProx on C3
Config: configs/FedProx_C3_npy.toml
======================================================================

✅ FedProx_C3 completed

======================================================================
Running: FedProx on C4
Config: configs/FedProx_C4_npy.toml
======================================================================

✅ FedProx_C4 completed

======================================================================
Running: FedProx on C5
Config: configs/FedProx_C5_npy.toml
======================================================================

✅ FedProx_C5 completed

======================================================================
Running: FedProx on Dir0.1
Config: configs/FedProx_Dir0.1_npy.toml
======================================================================

✅ FedProx_Dir0.1 completed

======================================================================
Running: FedProx on Dir0.5
Config: configs/FedProx_Dir0.5_npy.toml
======================================================================

✅ FedProx_Dir0.5 completed

======================================================================
Running: FedProx on Dir1.0
Config: configs/FedProx_Dir1.0_npy.toml
======================================================================

✅ FedProx_Dir1.0 completed

======================================================================
Running: FedProx on Dir10.0
Config: configs/FedProx_Dir10.0_npy.toml
======================================================================

✅ FedProx_Dir10.0 completed

[4/6] Testing strategy: FedAdam

======================================================================
Running: FedAdam on homo
Config: configs/FedAdam_homo_npy.toml
======================================================================

✅ FedAdam_homo completed

======================================================================
Running: FedAdam on C2
Config: configs/FedAdam_C2_npy.toml
======================================================================

✅ FedAdam_C2 completed

======================================================================
Running: FedAdam on C3
Config: configs/FedAdam_C3_npy.toml
======================================================================

✅ FedAdam_C3 completed

======================================================================
Running: FedAdam on C4
Config: configs/FedAdam_C4_npy.toml
======================================================================

✅ FedAdam_C4 completed

======================================================================
Running: FedAdam on C5
Config: configs/FedAdam_C5_npy.toml
======================================================================

✅ FedAdam_C5 completed

======================================================================
Running: FedAdam on Dir0.1
Config: configs/FedAdam_Dir0.1_npy.toml
======================================================================

✅ FedAdam_Dir0.1 completed

======================================================================
Running: FedAdam on Dir0.5
Config: configs/FedAdam_Dir0.5_npy.toml
======================================================================

✅ FedAdam_Dir0.5 completed

======================================================================
Running: FedAdam on Dir1.0
Config: configs/FedAdam_Dir1.0_npy.toml
======================================================================

✅ FedAdam_Dir1.0 completed

======================================================================
Running: FedAdam on Dir10.0
Config: configs/FedAdam_Dir10.0_npy.toml
======================================================================

✅ FedAdam_Dir10.0 completed

[5/6] Testing strategy: FedAdagrad

======================================================================
Running: FedAdagrad on homo
Config: configs/FedAdagrad_homo_npy.toml
======================================================================

✅ FedAdagrad_homo completed

======================================================================
Running: FedAdagrad on C2
Config: configs/FedAdagrad_C2_npy.toml
======================================================================

✅ FedAdagrad_C2 completed

======================================================================
Running: FedAdagrad on C3
Config: configs/FedAdagrad_C3_npy.toml
======================================================================

✅ FedAdagrad_C3 completed

======================================================================
Running: FedAdagrad on C4
Config: configs/FedAdagrad_C4_npy.toml
======================================================================

✅ FedAdagrad_C4 completed

======================================================================
Running: FedAdagrad on C5
Config: configs/FedAdagrad_C5_npy.toml
======================================================================

✅ FedAdagrad_C5 completed

======================================================================
Running: FedAdagrad on Dir0.1
Config: configs/FedAdagrad_Dir0.1_npy.toml
======================================================================

✅ FedAdagrad_Dir0.1 completed

======================================================================
Running: FedAdagrad on Dir0.5
Config: configs/FedAdagrad_Dir0.5_npy.toml
======================================================================

✅ FedAdagrad_Dir0.5 completed

======================================================================
Running: FedAdagrad on Dir1.0
Config: configs/FedAdagrad_Dir1.0_npy.toml
======================================================================

✅ FedAdagrad_Dir1.0 completed

======================================================================
Running: FedAdagrad on Dir10.0
Config: configs/FedAdagrad_Dir10.0_npy.toml
======================================================================

✅ FedAdagrad_Dir10.0 completed

[6/6] Testing strategy: FedYogi

======================================================================
Running: FedYogi on homo
Config: configs/FedYogi_homo_npy.toml
======================================================================

✅ FedYogi_homo completed

======================================================================
Running: FedYogi on C2
Config: configs/FedYogi_C2_npy.toml
======================================================================

✅ FedYogi_C2 completed

======================================================================
Running: FedYogi on C3
Config: configs/FedYogi_C3_npy.toml
======================================================================

✅ FedYogi_C3 completed

======================================================================
Running: FedYogi on C4
Config: configs/FedYogi_C4_npy.toml
======================================================================

✅ FedYogi_C4 completed

======================================================================
Running: FedYogi on C5
Config: configs/FedYogi_C5_npy.toml
======================================================================

✅ FedYogi_C5 completed

======================================================================
Running: FedYogi on Dir0.1
Config: configs/FedYogi_Dir0.1_npy.toml
======================================================================

✅ FedYogi_Dir0.1 completed

======================================================================
Running: FedYogi on Dir0.5
Config: configs/FedYogi_Dir0.5_npy.toml
======================================================================

✅ FedYogi_Dir0.5 completed

======================================================================
Running: FedYogi on Dir1.0
Config: configs/FedYogi_Dir1.0_npy.toml
======================================================================

✅ FedYogi_Dir1.0 completed

======================================================================
Running: FedYogi on Dir10.0
Config: configs/FedYogi_Dir10.0_npy.toml
======================================================================

✅ FedYogi_Dir10.0 completed

======================================================================
EXPERIMENT SUMMARY
======================================================================
Total run: 54
Passed: 54
Failed: 0
Duration: 0:17:59.355055

Results:
  ✅ PASS FedAvg_homo
  ✅ PASS FedAvg_C2
  ✅ PASS FedAvg_C3
  ✅ PASS FedAvg_C4
  ✅ PASS FedAvg_C5
  ✅ PASS FedAvg_Dir0.1
  ✅ PASS FedAvg_Dir0.5
  ✅ PASS FedAvg_Dir1.0
  ✅ PASS FedAvg_Dir10.0
  ✅ PASS FedAvgM_homo
  ✅ PASS FedAvgM_C2
  ✅ PASS FedAvgM_C3
  ✅ PASS FedAvgM_C4
  ✅ PASS FedAvgM_C5
  ✅ PASS FedAvgM_Dir0.1
  ✅ PASS FedAvgM_Dir0.5
  ✅ PASS FedAvgM_Dir1.0
  ✅ PASS FedAvgM_Dir10.0
  ✅ PASS FedProx_homo
  ✅ PASS FedProx_C2
  ✅ PASS FedProx_C3
  ✅ PASS FedProx_C4
  ✅ PASS FedProx_C5
  ✅ PASS FedProx_Dir0.1
  ✅ PASS FedProx_Dir0.5
  ✅ PASS FedProx_Dir1.0
  ✅ PASS FedProx_Dir10.0
  ✅ PASS FedAdam_homo
  ✅ PASS FedAdam_C2
  ✅ PASS FedAdam_C3
  ✅ PASS FedAdam_C4
  ✅ PASS FedAdam_C5
  ✅ PASS FedAdam_Dir0.1
  ✅ PASS FedAdam_Dir0.5
  ✅ PASS FedAdam_Dir1.0
  ✅ PASS FedAdam_Dir10.0
  ✅ PASS FedAdagrad_homo
  ✅ PASS FedAdagrad_C2
  ✅ PASS FedAdagrad_C3
  ✅ PASS FedAdagrad_C4
  ✅ PASS FedAdagrad_C5
  ✅ PASS FedAdagrad_Dir0.1
  ✅ PASS FedAdagrad_Dir0.5
  ✅ PASS FedAdagrad_Dir1.0
  ✅ PASS FedAdagrad_Dir10.0
  ✅ PASS FedYogi_homo
  ✅ PASS FedYogi_C2
  ✅ PASS FedYogi_C3
  ✅ PASS FedYogi_C4
  ✅ PASS FedYogi_C5
  ✅ PASS FedYogi_Dir0.1
  ✅ PASS FedYogi_Dir0.5
  ✅ PASS FedYogi_Dir1.0
  ✅ PASS FedYogi_Dir10.0
======================================================================

All results saved in: results/
======================================================================
