round,client_id,phase,loss,accuracy,precision,recall,f1,num_examples
0,0,evaluate,2.3779694780390312,0.21766666666666667,0.1900438946528332,0.08057785911858709,0.07218020136835498,3000
0,1,evaluate,2.1953525441758175,0.19766666666666666,0.1329638238274033,0.08470057113856355,0.10342639614194608,3000
0,2,evaluate,2.3711438534107616,0.11133333333333334,0.2180698366303043,0.046773068234942435,0.06697824885825857,3000
0,3,evaluate,2.221911410067944,0.11,0.18729897230720954,0.04698181313341663,0.0621716256136004,3000
0,4,evaluate,2.1075790182073066,0.25433333333333336,0.19700493668066313,0.10550346264631978,0.10085789886616969,3000
0,5,evaluate,2.122365560937435,0.216,0.21094117729533332,0.10646527777777777,0.13858407855636004,3000
1,0,evaluate,2.246681406142864,0.3556666666666667,0.13625131968585039,0.1171742050809227,0.1259938410135909,3000
1,1,evaluate,1.909086156398692,0.43866666666666665,0.2858260550472489,0.16361341822246636,0.1993452484265276,3000
1,2,evaluate,2.1695746563850564,0.08133333333333333,0.2031723484848485,0.03137940705128205,0.04437264359870725,3000
1,3,evaluate,1.9729915679769312,0.455,0.2501996165230099,0.16859261651548954,0.17490387215919534,3000
1,4,evaluate,2.1676584507556673,0.10666666666666667,0.23240831741144452,0.04005431652832943,0.05442147764860947,3000
1,5,evaluate,2.1925102193304835,0.37166666666666665,0.18312252042354876,0.12072450080549119,0.1245338273235269,3000
2,0,evaluate,1.6798256128392322,0.5453333333333333,0.2925339970647682,0.2041495414272611,0.23685345737235897,3000
2,1,evaluate,1.9050364824051553,0.297,0.20486582100216677,0.11114503205128204,0.12963103961095163,3000
2,2,evaluate,2.2040016093152635,0.20166666666666666,0.19974337526956976,0.06551823184823419,0.09134730607105948,3000
2,3,evaluate,2.0199959607834512,0.2653333333333333,0.27649815245247034,0.0985818236887222,0.13442961673393225,3000
2,4,evaluate,2.0124510552020785,0.24866666666666667,0.23469070119196891,0.09348678363025117,0.12674579299477984,3000
2,5,evaluate,2.03587502367953,0.42766666666666664,0.14127111624834157,0.14091931404394142,0.1410850811988892,3000
3,0,evaluate,1.661424735759167,0.5066666666666667,0.2649254774591863,0.18891432382133372,0.21584512774797998,3000
3,1,evaluate,1.9080891938919717,0.23366666666666666,0.2431762086161744,0.08777672783767446,0.11739549028301532,3000
3,2,evaluate,1.663208192967354,0.5193333333333333,0.3031424924166176,0.19434863734026914,0.23176380497040366,3000
3,3,evaluate,1.9430866621910257,0.20733333333333334,0.21682338536435364,0.07831169871794871,0.10308881710760115,3000
3,4,evaluate,1.9614138628574127,0.42333333333333334,0.15079350638848454,0.13949112581544432,0.144899955176972,3000
3,5,evaluate,1.9395079536640898,0.4,0.19191633059793206,0.1301513143910321,0.15221713908302875,3000
4,0,evaluate,1.6099797487258911,0.5316666666666666,0.270487233693363,0.17769430618105655,0.21334928190623278,3000
4,1,evaluate,1.897895947415778,0.42133333333333334,0.21896010234637792,0.12498554904085893,0.13278539488218144,3000
4,2,evaluate,1.6957892001943384,0.3923333333333333,0.22186675531307815,0.1464723557692308,0.16921658294592523,3000
4,3,evaluate,1.7684604791884726,0.36933333333333335,0.28746840173561117,0.13814007555354052,0.1849899286695535,3000
4,4,evaluate,1.9937316509003336,0.2776666666666667,0.26973999578413743,0.0814204187784426,0.11232375381182373,3000
4,5,evaluate,1.7381004475532693,0.36866666666666664,0.2396170862179094,0.13847296614667973,0.17221629400682115,3000
5,0,evaluate,1.7267020687143853,0.335,0.22500561664734076,0.11173375252520763,0.144773783963774,3000
5,1,evaluate,1.7318691065970888,0.33,0.204056333967595,0.11069408831908831,0.13581074760817383,3000
5,2,evaluate,1.7998392302939232,0.46366666666666667,0.23614762243354176,0.137591505209179,0.14411733981322356,3000
5,3,evaluate,1.4835043257855354,0.5916666666666667,0.2450841571690828,0.17720959901922245,0.20390256187347727,3000
5,4,evaluate,1.587671936826503,0.492,0.2589570054368502,0.16359380016371547,0.1992287669198135,3000
5,5,evaluate,1.8363507859250332,0.357,0.2719125769941938,0.10480791378849967,0.13565330155030766,3000
6,0,evaluate,1.7392708519671827,0.4013333333333333,0.27255128677526175,0.11782805962880046,0.14636441310544354,3000
6,1,evaluate,1.4620877301439326,0.5266666666666666,0.23424071048805337,0.1574851766335488,0.1872091799270756,3000
6,2,evaluate,1.6184682795341978,0.3913333333333333,0.20209723357981274,0.11748602656472917,0.14757696921568356,3000
6,3,evaluate,1.6613646542772333,0.48833333333333334,0.23669786976141483,0.14498411646497775,0.1506806001927086,3000
6,4,evaluate,1.6593508466761162,0.373,0.1904487644055562,0.11166858974358976,0.1390457602725818,3000
6,5,evaluate,1.4243665984336367,0.5786666666666667,0.24690630618156462,0.17427016077643692,0.20178550524877054,3000
7,0,evaluate,1.5973215610422986,0.5106666666666667,0.2378494966269143,0.1516470061800143,0.157207926868901,3000
7,1,evaluate,1.7792327226476465,0.362,0.28086526002474654,0.10639875330371792,0.13951896465603972,3000
7,2,evaluate,1.5827610594161012,0.415,0.20095256529757805,0.12460176964282033,0.1528453815866886,3000
7,3,evaluate,1.5754558558159686,0.4196666666666667,0.21728368045232718,0.1398400997150997,0.16711371742415904,3000
7,4,evaluate,1.298128178779115,0.6243333333333333,0.24738196402939208,0.18760342455426138,0.21236907756147358,3000
7,5,evaluate,1.4947545579139223,0.49266666666666664,0.2676184667622021,0.16403096748810192,0.20335515041121788,3000
8,0,evaluate,1.3156374616825834,0.6173333333333333,0.25036646552652453,0.1859269124174982,0.21106335580676774,3000
8,1,evaluate,1.5473022841392678,0.5226666666666666,0.23954375521081825,0.1552917355247636,0.1614844152632641,3000
8,2,evaluate,1.4276581393911483,0.5213333333333333,0.23869972498158404,0.15604716476556785,0.18840967740345735,3000
8,3,evaluate,1.5698202544070305,0.4216666666666667,0.20483548350790043,0.12655044275391983,0.1555337135591714,3000
8,4,evaluate,1.6528511706818925,0.4033333333333333,0.2792554068227945,0.11877418153206429,0.15230542201558706,3000
8,5,evaluate,1.6033624968630202,0.4,0.19605221400987277,0.11997211538461539,0.1479791444805277,3000
9,0,evaluate,1.6447200166418197,0.4026666666666667,0.2840721707947194,0.11880515294553393,0.155830723356074,3000
9,1,evaluate,1.3786985493720847,0.5183333333333333,0.2403577359721525,0.15536375361679172,0.18871192821648633,3000
9,2,evaluate,1.6854746975797288,0.472,0.24139579094477667,0.1404211081812778,0.16250547900708195,3000
9,3,evaluate,1.3943486112229369,0.5843333333333334,0.25409276117913554,0.1757319034515687,0.2076961826052735,3000
9,4,evaluate,1.4827085251503802,0.4563333333333333,0.20228153085136236,0.13705051551604552,0.16190958726451074,3000
9,5,evaluate,1.487883816374109,0.453,0.20240971138014344,0.13579134615384617,0.15938087149212396,3000
10,0,evaluate,1.3721165175133563,0.5503333333333333,0.2419767905083318,0.16456696381656974,0.19493361120509078,3000
10,1,evaluate,1.6085644351675155,0.40066666666666667,0.21224069228578352,0.12017307692307692,0.14917971560873694,3000
10,2,evaluate,1.5399281268424176,0.4513333333333333,0.28139599734522963,0.13317598616115023,0.1685761752103487,3000
10,3,evaluate,1.3343053789848978,0.573,0.24372124118317012,0.17049235142034747,0.1783251083566677,3000
10,4,evaluate,1.1536527085811534,0.6583333333333333,0.25335585539810196,0.19821369112687104,0.22004300643025507,3000
10,5,evaluate,1.6183983062175995,0.4013333333333333,0.20570809198708218,0.12056154808298254,0.14983369627942553,3000
11,0,evaluate,1.586185488295048,0.42233333333333334,0.28757320731736125,0.1249979240667533,0.1663405107836078,3000
11,1,evaluate,1.5121814215436895,0.5276666666666666,0.24835124190929941,0.15710133126415488,0.17721455226871202,3000
11,2,evaluate,1.3712172482876068,0.5116666666666667,0.24995235610820057,0.1532995196960644,0.1900341633705529,3000
11,3,evaluate,1.4374039452126686,0.49933333333333335,0.20852871222324013,0.14962307692307691,0.17417092681805876,3000
11,4,evaluate,1.4088028922994087,0.49866666666666665,0.2069990640687484,0.1496302922180931,0.17343471383576387,3000
11,5,evaluate,1.3050076048424903,0.6036666666666667,0.25716842317787203,0.18172648889176085,0.21242008486133526,3000
12,0,evaluate,1.5076620502674833,0.4673333333333333,0.2837345503449628,0.13801280935357102,0.17380629899927622,3000
12,1,evaluate,1.2753757745661634,0.5686666666666667,0.24425868414411603,0.17011264823716746,0.19970302250759991,3000
12,2,evaluate,1.4775700543789154,0.44366666666666665,0.2116354401278258,0.13280384615384616,0.16142294414414998,3000
12,3,evaluate,1.437504271243481,0.4676666666666667,0.2060810725833337,0.14044384468668003,0.1660565339696768,3000
12,4,evaluate,1.250134603774294,0.6136666666666667,0.2593820473699392,0.18459817782516524,0.21484605004939755,3000
12,5,evaluate,1.4675949710480711,0.5426666666666666,0.2510541836187593,0.16160136933445876,0.1817846822432861,3000
13,0,evaluate,1.3444017501587564,0.54,0.2506863668318677,0.16168826042701914,0.19604020190723098,3000
13,1,evaluate,1.5049473376984293,0.455,0.2868532783305672,0.1345145071291919,0.17334318599902546,3000
13,2,evaluate,1.5214346621898895,0.44233333333333336,0.20679094316569854,0.13279743421217888,0.16151503889912025,3000
13,3,evaluate,1.1060299911397569,0.6713333333333333,0.2598162362069647,0.201778478269064,0.22561316499345302,3000
13,4,evaluate,1.2683312449049442,0.6053333333333333,0.2510705416243347,0.18041161376461723,0.19689771207108414,3000
13,5,evaluate,1.5001327991485596,0.464,0.21449676409026325,0.13926217948717948,0.1671334993634407,3000
14,0,evaluate,1.3996503226300503,0.5636666666666666,0.2544469095605405,0.1679978130408643,0.18892954014087357,3000
14,1,evaluate,1.4031029153377452,0.48033333333333333,0.2051322994632109,0.14421120342487673,0.1681052714671208,3000
14,2,evaluate,1.4612519766422027,0.476,0.28847341314691743,0.14133855198082557,0.18427714863322225,3000
14,3,evaluate,1.2742019105464855,0.56,0.25389033407352224,0.1679815782072723,0.2020364415291219,3000
14,4,evaluate,1.16732257604599,0.6426666666666667,0.261624849375658,0.19351726951099338,0.2219221068145279,3000
14,5,evaluate,1.425402227868425,0.48733333333333334,0.21614388306121315,0.1463201923076923,0.17246046639421625,3000
15,0,evaluate,1.4491298452336738,0.48233333333333334,0.21744761253235093,0.1446573717948718,0.17220434518350966,3000
15,1,evaluate,1.1453631330043712,0.655,0.2648690364187347,0.19690858297029848,0.22506162876771443,3000
15,2,evaluate,1.411421816399757,0.49766666666666665,0.28537260787432145,0.14730240458180788,0.1857309361575344,3000
15,3,evaluate,1.2758874360551224,0.5623333333333334,0.25297153363225366,0.16811291165870496,0.20137536217919777,3000
15,4,evaluate,1.45933235706167,0.45766666666666667,0.20646923411922313,0.13741279667891976,0.16487005699947133,3000
15,5,evaluate,1.2778821333925774,0.6083333333333333,0.25388085668548854,0.18154184020434375,0.20319848957716563,3000
16,0,evaluate,1.5283006734036384,0.4503333333333333,0.22332387995491265,0.13470673076923076,0.1672554351097328,3000
16,1,evaluate,1.1612032055854797,0.603,0.24915959126954274,0.1804340595440766,0.20908660493602477,3000
16,2,evaluate,1.4269187906955152,0.4746666666666667,0.2070590129439235,0.14249325332517632,0.1681201886153952,3000
16,3,evaluate,1.262244039393486,0.6096666666666667,0.2560447021788308,0.18195271507193175,0.2017022151476965,3000
16,4,evaluate,1.305482897352665,0.5373333333333333,0.28478738334446235,0.15937041388190865,0.19773760542252072,3000
16,5,evaluate,1.2071483781997194,0.626,0.2654200295353149,0.18887267796786628,0.21724349294106662,3000
17,0,evaluate,1.5223800375106487,0.45,0.28654763685967144,0.13331543330073958,0.17511529462901995,3000
17,1,evaluate,1.2677550138311182,0.558,0.21982737177621559,0.1668653846153846,0.18775143711788173,3000
17,2,evaluate,1.3267747671046155,0.5866666666666667,0.25762214879593753,0.17519548493298823,0.20164197610037818,3000
17,3,evaluate,1.1515412305263764,0.636,0.26510561635104796,0.19140360100088133,0.22204109288631887,3000
17,4,evaluate,1.3369125812611682,0.505,0.2057897437760138,0.15163240252474766,0.17302982379314208,3000
17,5,evaluate,1.3801287235097681,0.5036666666666667,0.25627436175556495,0.15044993739735119,0.1883777761738344,3000
18,0,evaluate,1.1795356831652053,0.6273333333333333,0.25708400519384206,0.18722893525968504,0.20606234678876673,3000
18,1,evaluate,1.176111660105117,0.6016666666666667,0.25506491488371363,0.17971462269768873,0.2095072733746015,3000
18,2,evaluate,1.0876913920361946,0.666,0.2686375151667216,0.20069975085665465,0.22803143134030773,3000
18,3,evaluate,1.2744626795991938,0.5553333333333333,0.2853230925018543,0.1646360657424379,0.20130017056518223,3000
18,4,evaluate,1.4953890252620616,0.43966666666666665,0.20891431189271045,0.13196281375855343,0.1616624487744162,3000
18,5,evaluate,1.4981365482857887,0.463,0.22352355017676548,0.13905448717948715,0.1705298292677721,3000
19,0,evaluate,1.2178638539415725,0.61,0.258606171518948,0.18197205734733307,0.20281969128837635,3000
19,1,evaluate,1.3241907434260591,0.532,0.2610169427776997,0.1590166529050932,0.197062904699623,3000
19,2,evaluate,1.0124454155881355,0.682,0.26633126589256284,0.20521108750711262,0.2314171607689559,3000
19,3,evaluate,1.3110495425285178,0.5433333333333333,0.2224169218199526,0.16305576923076923,0.18723933758455757,3000
19,4,evaluate,1.4263566732406616,0.499,0.28955616653574234,0.14825005558761034,0.19183903972208638,3000
19,5,evaluate,1.3819958707119555,0.48833333333333334,0.2116738559221541,0.14655117424534322,0.1728291254290945,3000
20,0,evaluate,1.4382875346122903,0.485,0.2277138004488187,0.14460064102564102,0.17383237065236784,3000
20,1,evaluate,1.2324668714340696,0.5623333333333334,0.28704817093295676,0.16701383842104797,0.20584450501524088,3000
20,2,evaluate,1.2120066703634058,0.6063333333333333,0.26945912807029704,0.1828468262045668,0.2149885486058088,3000
20,3,evaluate,1.0997141105063417,0.618,0.2546982917508774,0.18484093182366373,0.21379980989911126,3000
20,4,evaluate,1.316564734945906,0.516,0.20737713129482072,0.15491707932789378,0.17714924506166482,3000
20,5,evaluate,1.2373237787409033,0.604,0.26221230789733874,0.18037004845577873,0.2049336411315635,3000
21,0,evaluate,1.2863552798616125,0.5526666666666666,0.22018890226070056,0.16576923076923075,0.18753330932384277,3000
21,1,evaluate,1.449026123006293,0.473,0.2894787183165949,0.14036573654506265,0.1840837209889969,3000
21,2,evaluate,1.3681044654643282,0.49233333333333335,0.20932320312444191,0.14779003936451102,0.1730255300468209,3000
21,3,evaluate,1.3225882991831353,0.5326666666666666,0.2645643819820196,0.15938978931281206,0.19875260590974397,3000
21,4,evaluate,1.1594314423013241,0.6346666666666667,0.2603945709865562,0.18950847891343842,0.2106092383377039,3000
21,5,evaluate,0.9872241223112066,0.6943333333333334,0.26498826297676153,0.20901381058284824,0.23328305586946044,3000
22,0,evaluate,1.120088852466421,0.606,0.25991182521361916,0.18123289496466527,0.21307999945841463,3000
22,1,evaluate,1.3954580109170143,0.502,0.22463310858877894,0.15013397435897435,0.17842958183224183,3000
22,2,evaluate,1.229740875832578,0.575,0.28816590877773185,0.1708314143505503,0.20954654534403053,3000
22,3,evaluate,1.3628225554811193,0.497,0.2092585106382979,0.14922672278155724,0.1738919453005749,3000
22,4,evaluate,1.2162225170338408,0.614,0.26253027553964836,0.18346367046088857,0.20834257205114676,3000
22,5,evaluate,1.1331844114242715,0.6363333333333333,0.26814545011320084,0.19185325492856875,0.2224326661172939,3000
23,0,evaluate,1.2251526497780008,0.5753333333333334,0.2639153505852107,0.17222508589723956,0.2083241626723491,3000
23,1,evaluate,1.3609599991047636,0.502,0.20842927865171576,0.15070023508069857,0.17471264373907613,3000
23,2,evaluate,1.3592399206567318,0.514,0.2242032697888844,0.1540426282051282,0.18135899975676412,3000
23,3,evaluate,1.0716796606145007,0.6526666666666666,0.2578674213413533,0.19490529607997117,0.21250463215415807,3000
23,4,evaluate,1.3782354491822264,0.5006666666666667,0.28931287269482653,0.1484746613675462,0.19023329270944034,3000
23,5,evaluate,0.9717824154711784,0.693,0.2660520698890782,0.20881942537277265,0.23269214272785016,3000
24,0,evaluate,1.1430619853608153,0.64,0.26516954972081136,0.1912047567001459,0.21508298047251168,3000
24,1,evaluate,1.3032524661814913,0.5293333333333333,0.2105564848228752,0.15892314942065283,0.1807326087264673,3000
24,2,evaluate,1.2756548232220588,0.5396666666666666,0.2904008498583569,0.16042608403673486,0.202629171181428,3000
24,3,evaluate,1.069789323400944,0.655,0.2707284211422797,0.1972775300704171,0.2272085954648193,3000
24,4,evaluate,1.3466759412846667,0.5233333333333333,0.2293960412403035,0.15647596153846152,0.18454943491852596,3000
24,5,evaluate,1.1485814452171326,0.6,0.26066231860132205,0.17968204339849814,0.21265716179435135,3000
25,0,evaluate,1.269359365422675,0.5516666666666666,0.26574453141293863,0.1649121947557896,0.2027001913898833,3000
25,1,evaluate,1.3468919916355864,0.514,0.2906950630300403,0.15253014551779184,0.19445459048992253,3000
25,2,evaluate,1.3904033265215285,0.48833333333333334,0.20941460690114133,0.14664555979995791,0.17171254971651012,3000
25,3,evaluate,1.0495017196269745,0.6653333333333333,0.2616179855166213,0.19881393941550562,0.2186137621725967,3000
25,4,evaluate,0.9401742815971375,0.699,0.2674267143544948,0.21053495590629484,0.23480777562493188,3000
25,5,evaluate,1.3098661062565256,0.5396666666666666,0.22434405409976446,0.16163782051282052,0.18501609887117038,3000
26,0,evaluate,1.172758657881554,0.5943333333333334,0.28749595415736456,0.176821924622996,0.21484628436361958,3000
26,1,evaluate,1.096615527538543,0.6146666666666667,0.2603139039448779,0.18374208048969182,0.2144255867987091,3000
26,2,evaluate,1.3594251541381186,0.5143333333333333,0.23037176048594232,0.15348076923076923,0.18133933095592875,3000
26,3,evaluate,1.1787088196328346,0.63,0.26634119112972027,0.1882211382153512,0.2131219375563827,3000
26,4,evaluate,1.309471163343876,0.5256666666666666,0.21258316099074026,0.15785411769718802,0.18059390458631874,3000
26,5,evaluate,1.1367493119645626,0.6273333333333333,0.27325631381374726,0.18908868147884886,0.22186819518633166,3000
27,0,evaluate,1.2431779567231522,0.5483333333333333,0.20981841553096858,0.16463422645710016,0.18411175120856696,3000
27,1,evaluate,1.2921304195485217,0.5413333333333333,0.29127773444645905,0.1611037766723114,0.2043417004378884,3000
27,2,evaluate,1.2056089931346001,0.561,0.261270986986171,0.16782173287734986,0.204094065092762,3000
27,3,evaluate,1.0523225043682343,0.66,0.2635083004230222,0.19734254232859066,0.22008704303105214,3000
27,4,evaluate,1.2686596880567835,0.5503333333333333,0.2278821914845329,0.16432147435897435,0.18892184439567047,3000
27,5,evaluate,1.031655804908022,0.6596666666666666,0.2708514672892258,0.19881744416263245,0.22754603843418675,3000
28,0,evaluate,1.3383231163024902,0.5156666666666667,0.21250256834317244,0.15482622652503908,0.1788261261922387,3000
28,1,evaluate,1.3063939099616193,0.5373333333333333,0.2299821882030774,0.1607496794871795,0.1876029428931026,3000
28,2,evaluate,1.252739979865703,0.555,0.2905844397493307,0.16487883864288555,0.20549922014533822,3000
28,3,evaluate,0.9693128618788212,0.685,0.26849580714522303,0.20631979110012583,0.23225964412355057,3000
28,4,evaluate,1.041813242942729,0.6653333333333333,0.264288696570657,0.19877914973040015,0.21978002807582211,3000
28,5,evaluate,1.1684523503831092,0.5926666666666667,0.2637625625408352,0.17716870458055226,0.21113725837413325,3000
29,0,evaluate,1.0798469655057217,0.6436666666666667,0.2695805773521709,0.19429440648059892,0.22386703572043626,3000
29,1,evaluate,1.234007439714797,0.5513333333333333,0.21270717142613288,0.1654924041226963,0.18613282914461723,3000
29,2,evaluate,1.269901453180516,0.557,0.23052901776542925,0.16652756410256414,0.19257851792520903,3000
29,3,evaluate,1.1631401434857795,0.5866666666666667,0.26159234825934824,0.17553460810541668,0.20968688572732325,3000
29,4,evaluate,1.2572986394801038,0.5613333333333334,0.2898712330249419,0.1673279762849489,0.21005741457207563,3000
29,5,evaluate,1.1450906015456992,0.621,0.2624465736748396,0.1855580146663157,0.2090449211400583,3000
30,0,evaluate,1.3155448132372918,0.5283333333333333,0.21332814806661396,0.15865775191970696,0.18122880294046054,3000
30,1,evaluate,1.1537704404364242,0.5906666666666667,0.26246602916226214,0.17656306804022184,0.21025596655189877,3000
30,2,evaluate,0.9452165606174063,0.6923333333333334,0.27024198595535676,0.20848674810494897,0.2336043043848389,3000
30,3,evaluate,0.995220256612656,0.6756666666666666,0.26185451363494805,0.20188812000536097,0.22125546818335992,3000
30,4,evaluate,1.302102266473973,0.5313333333333333,0.22830201381307216,0.15857948717948717,0.18372069155583204,3000
30,5,evaluate,1.2703609872371593,0.538,0.2900864225415526,0.15944224714240535,0.19839404588902168,3000
31,0,evaluate,1.1625789606824835,0.5903333333333334,0.28907979609785883,0.17570812122515772,0.21530827119384782,3000
31,1,evaluate,0.9333323861690278,0.692,0.27080629057129535,0.20824653478942184,0.23516921689519715,3000
31,2,evaluate,1.0768940321942593,0.643,0.2660871457105965,0.19212664929174877,0.21688183697286964,3000
31,3,evaluate,1.2554681504026373,0.547,0.22920670499640275,0.16394839743589745,0.18906544454969185,3000
31,4,evaluate,1.3673000158147608,0.494,0.2141409084866946,0.148323484380242,0.1746289990838898,3000
31,5,evaluate,1.1629013824970165,0.5896666666666667,0.2629607627559465,0.1760567422202072,0.209117569457219,3000
32,0,evaluate,1.2811916533936845,0.5456666666666666,0.29212133229176473,0.16263482412119357,0.20686077564377955,3000
32,1,evaluate,0.9845653163625839,0.675,0.2705990874108393,0.20353524848817733,0.22932412575841146,3000
32,2,evaluate,1.2258346968508782,0.5623333333333334,0.2131534060239663,0.16876866946450286,0.18835514999083086,3000
32,3,evaluate,1.177029843026019,0.585,0.2637812510715391,0.17525859818107029,0.21057897902819933,3000
32,4,evaluate,1.3023625536167875,0.5466666666666666,0.2323086739152081,0.1631426282051282,0.1899147210235867,3000
32,5,evaluate,1.000924346294809,0.662,0.26056448965395707,0.19771811630557368,0.21563047819152792,3000
33,0,evaluate,1.1298593168563031,0.608,0.26598248721041445,0.18173694897408718,0.21500562088359362,3000
33,1,evaluate,1.2618327216899141,0.5553333333333333,0.23241423741587147,0.16626217948717947,0.19215296638902632,3000
33,2,evaluate,1.3009815418973882,0.5216666666666666,0.21335029800135938,0.1566220900717453,0.18041205818164677,3000
33,3,evaluate,1.1120777599355007,0.6186666666666667,0.26602117546315945,0.18480035069297507,0.20906801425729804,3000
33,4,evaluate,0.9728268004478292,0.673,0.27216586403799187,0.20295223870014664,0.23142817006636313,3000
33,5,evaluate,1.1014391602353846,0.6166666666666667,0.2894206547384907,0.18414045669385476,0.22375959684752642,3000
34,0,evaluate,0.8555814256059363,0.7206666666666667,0.26937368746074,0.21710754762533005,0.2396860323114384,3000
34,1,evaluate,1.2662148247373866,0.5313333333333333,0.21327822687831363,0.15954250462691377,0.18052707714555272,3000
34,2,evaluate,1.120260086465389,0.6126666666666667,0.23058661550799556,0.18330576923076922,0.20197949273318033,3000
34,3,evaluate,1.064598574283275,0.6456666666666667,0.26420049331729945,0.19271496728970078,0.21228798186962933,3000
34,4,evaluate,1.3223385202123763,0.5206666666666667,0.26573420459231506,0.15552348164806604,0.19486545265842853,3000
34,5,evaluate,1.3734637549582949,0.5016666666666667,0.29113677649277536,0.14911795215103288,0.1932297286961089,3000
35,0,evaluate,0.9932051199547788,0.6563333333333333,0.26241512928399324,0.1961406663003586,0.22344951285559683,3000
35,1,evaluate,1.0624536884591935,0.6463333333333333,0.26398478229642836,0.19309398054924096,0.21511240565372317,3000
35,2,evaluate,1.0305183682035892,0.6543333333333333,0.29018004510743034,0.1948961994109823,0.23018608757846115,3000
35,3,evaluate,1.3856653888174828,0.502,0.2343545419480831,0.15034358974358972,0.18300506190199134,3000
35,4,evaluate,1.338004175652849,0.507,0.21452291932124315,0.15215606832038292,0.17763664575713572,3000
35,5,evaluate,1.0162430786071939,0.6623333333333333,0.2698325548665773,0.19983726254646755,0.2275235885317147,3000
36,0,evaluate,1.451762724430003,0.47833333333333333,0.29131567028985506,0.14187778806279402,0.18539822083769347,3000
36,1,evaluate,1.1601797583255362,0.578,0.21682021511911503,0.17346250090211376,0.19235120564130453,3000
36,2,evaluate,1.1162352003949754,0.613,0.23070896760806164,0.18349230769230768,0.2039795782250354,3000
36,3,evaluate,1.0237846653512184,0.6583333333333333,0.26432362569601425,0.19655132896873212,0.21605902370716618,3000
36,4,evaluate,0.8553754040535461,0.7243333333333334,0.2705084096562919,0.21817753572460682,0.24067289433604797,3000
36,5,evaluate,1.2627431255705812,0.542,0.26759468387176566,0.1623313384556412,0.20200133011573382,3000
37,0,evaluate,0.9118800011086972,0.6903333333333334,0.2603881109578114,0.20642568169830827,0.22951577864349576,3000
37,1,evaluate,1.0501174863348617,0.6443333333333333,0.2702951496924063,0.19435278823354135,0.22473804822244392,3000
37,2,evaluate,1.1361492694692408,0.613,0.26604508982894853,0.18315308941041208,0.20981922309767093,3000
37,3,evaluate,1.4264132164894265,0.482,0.23549444379967294,0.14432499999999998,0.17741947817832596,3000
37,4,evaluate,1.3540164232254028,0.5023333333333333,0.21482755842529913,0.15085984583725748,0.1747511498032812,3000
37,5,evaluate,0.934524378878005,0.6843333333333333,0.2886416277303536,0.2040111039149076,0.23662140816571195,3000
38,0,evaluate,1.2409182000667491,0.55,0.21460425844060588,0.16513628572456213,0.18487412307118994,3000
38,1,evaluate,1.3159534373181931,0.5253333333333333,0.29113589356587843,0.15627273682316395,0.2002301221221404,3000
38,2,evaluate,0.9252729022756536,0.6933333333333334,0.26391114338937893,0.20722212752304298,0.22628447886888536,3000
38,3,evaluate,0.8457869240578185,0.725,0.27178080183710907,0.2183546666810265,0.2410847047780138,3000
38,4,evaluate,1.14461801407185,0.603,0.23278369791441142,0.18016314102564104,0.2008994403962278,3000
38,5,evaluate,1.2781251415293267,0.5326666666666666,0.26893856944979644,0.15925779210315877,0.1992267981743166,3000
39,0,evaluate,1.3482477081582902,0.508,0.21573261264580204,0.15252624142227902,0.17677935352781673,3000
39,1,evaluate,1.0627795102748465,0.6503333333333333,0.2653978981556177,0.19421222677304048,0.2152359736949437,3000
39,2,evaluate,0.9913449908824677,0.6696666666666666,0.2706978609998744,0.2019204276003439,0.22939429969924388,3000
39,3,evaluate,0.9987858686041324,0.658,0.28965611179157336,0.1958142176817512,0.2297378587487124,3000
39,4,evaluate,1.449424647270365,0.47733333333333333,0.23608238176093083,0.14301410256410257,0.17750229189095681,3000
39,5,evaluate,0.9209573750800275,0.688,0.261370768184812,0.2057478911764794,0.22959125347920137,3000
40,0,evaluate,1.0615156622643167,0.65,0.2672792786717253,0.19415786492011924,0.2173360853735294,3000
40,1,evaluate,1.4437987728321806,0.483,0.2934202634173412,0.14402849597626557,0.19161486822690427,3000
40,2,evaluate,0.8879757396718289,0.7096666666666667,0.27371010637752435,0.21380112554275735,0.23935687074206807,3000
40,3,evaluate,1.0380879932261529,0.6416666666666667,0.2306523682811104,0.19188108974358975,0.20849822283670982,3000
40,4,evaluate,1.3648212006751528,0.5016666666666667,0.26886495840492,0.1502543025684601,0.19267765095914569,3000
40,5,evaluate,1.1165530580155394,0.5873333333333334,0.21546817256256098,0.17630686009009575,0.19301020131968777,3000
41,0,evaluate,0.9164540716942321,0.6876666666666666,0.26163007450685366,0.2057110279745266,0.22963485374622036,3000
41,1,evaluate,1.492334525635902,0.4703333333333333,0.23519435691538373,0.1411298076923077,0.1756626489601822,3000
41,2,evaluate,1.0229764441226392,0.6483333333333333,0.2646884975824668,0.19364826556627496,0.21592256155470402,3000
41,3,evaluate,0.9306867718696594,0.685,0.2895664482867712,0.20412097110931193,0.23675526968883037,3000
41,4,evaluate,0.9689905250326116,0.675,0.2723755969661515,0.20350772918764548,0.23122482098610933,3000
41,5,evaluate,1.4144855458685692,0.49066666666666664,0.21820656356095078,0.14730290943838364,0.1737767287533681,3000
42,0,evaluate,1.0228996834856399,0.6516666666666666,0.2630298220552704,0.19475928048316143,0.21764521328600767,3000
42,1,evaluate,1.3078736979910668,0.5293333333333333,0.26850248566758117,0.15836593995550258,0.19894091625298022,3000
42,2,evaluate,0.8824780608745332,0.7116666666666667,0.2733172256280803,0.21454155515347986,0.2393546128047428,3000
42,3,evaluate,1.3352352913389816,0.5276666666666666,0.2929906562818873,0.15728856486655712,0.20286832941980384,3000
42,4,evaluate,1.0574083962339036,0.6253333333333333,0.22998584196984417,0.18715929487179486,0.20576220650503613,3000
42,5,evaluate,1.1683851049301472,0.567,0.21754461816694226,0.170193069253869,0.1897978611562705,3000
43,0,evaluate,0.9744255948573985,0.6706666666666666,0.2718590334300915,0.2020508666167662,0.23064499543946687,3000
43,1,evaluate,0.9342720800257743,0.685,0.2633350392955923,0.205050220335302,0.2303938819905084,3000
43,2,evaluate,1.365160769604622,0.5116666666666667,0.23538949894167205,0.15321794871794872,0.1848727214651905,3000
43,3,evaluate,1.032208558092726,0.6486666666666666,0.28930800063808915,0.1930726706577502,0.227896418184188,3000
43,4,evaluate,1.2797638406144811,0.5353333333333333,0.21846880249677497,0.16073057366398344,0.18377027373105595,3000
43,5,evaluate,1.049998424154647,0.6473333333333333,0.26488941651739184,0.19335616504478634,0.2164691801836959,3000
44,0,evaluate,1.1588645754976477,0.5963333333333334,0.29162708561685546,0.17756259104020078,0.21773737767207915,3000
44,1,evaluate,1.0851814835629565,0.6226666666666667,0.2665048017401879,0.18647228539201469,0.2193169232708317,3000
44,2,evaluate,0.9069244075328746,0.6996666666666667,0.2708968903154342,0.21102415550637307,0.23588083218375616,3000
44,3,evaluate,1.2177508092941123,0.577,0.2340799894871703,0.17270192307692306,0.19797197549078036,3000
44,4,evaluate,1.002436010127372,0.6533333333333333,0.26172433206624673,0.19518885566809002,0.21617904289963724,3000
44,5,evaluate,1.2204770661414939,0.557,0.2196284627066117,0.16722021284590344,0.18973873818941217,3000
45,0,evaluate,1.073307105835448,0.6333333333333333,0.2905599338271586,0.18897269878923004,0.2274535812823412,3000
45,1,evaluate,0.9432886293593873,0.6713333333333333,0.27147409147592605,0.2022003436490884,0.2311942579552168,3000
45,2,evaluate,1.0715231324764007,0.6323333333333333,0.2662449659998679,0.18933699461246908,0.22118478622029936,3000
45,3,evaluate,1.2285141031792823,0.562,0.231329413960433,0.1681544871794872,0.19371861326942036,3000
45,4,evaluate,1.2255972547734038,0.5546666666666666,0.21843217836754042,0.16653008989960189,0.1886497430073054,3000
45,5,evaluate,1.0725315441476537,0.627,0.26289505629624516,0.18727924348308778,0.2120983265753066,3000
46,0,evaluate,1.0953180688492796,0.6156666666666667,0.2659654279184143,0.18445355373869426,0.2178279548322784,3000
46,1,evaluate,1.2029390411174044,0.561,0.2216344662184943,0.16836800525276968,0.19127409438592272,3000
46,2,evaluate,0.88912721770875,0.708,0.27246370903902106,0.2133240645008428,0.23845230173337986,3000
46,3,evaluate,1.1921719553622794,0.5816666666666667,0.2351254226785037,0.17422596153846154,0.1999519814031978,3000
46,4,evaluate,1.0127065245141373,0.657,0.2629835380663218,0.19628735535397873,0.21788815456384966,3000
46,5,evaluate,1.2418140350504125,0.5706666666666667,0.29233121781824406,0.1695788511830289,0.20983760852796202,3000
47,0,evaluate,1.0160626946611608,0.6583333333333333,0.2913897583027744,0.19630411879540627,0.232560503895626,3000
47,1,evaluate,1.0071041406469141,0.6543333333333333,0.26298601752468703,0.19570223648088042,0.2238107628023179,3000
47,2,evaluate,1.267971028672888,0.5366666666666666,0.21976104342943206,0.16108652085476288,0.18566622434120714,3000
47,3,evaluate,0.9791250901019319,0.667,0.2724144136114712,0.2011747027960417,0.2301187755826964,3000
47,4,evaluate,1.299591952181877,0.5466666666666666,0.23709148235016997,0.16369166666666665,0.19336046923992728,3000
47,5,evaluate,1.05965907649791,0.6336666666666667,0.26515299113701535,0.18933089902810032,0.21404296853381766,3000
48,0,evaluate,0.8072278100125333,0.731,0.2722846058130253,0.22025872629952126,0.24247837585599868,3000
48,1,evaluate,1.2002898480029816,0.5593333333333333,0.21880819379069422,0.1678638443950275,0.18986845571743444,3000
48,2,evaluate,0.9390638838423059,0.6733333333333333,0.2628685581632812,0.20108293132756438,0.21956486354711285,3000
48,3,evaluate,1.3135794198259394,0.551,0.29411753650044237,0.16415132531228682,0.20827987387337893,3000
48,4,evaluate,1.224833461832493,0.5703333333333334,0.26839440312062246,0.17085990137705812,0.2087926916785507,3000
48,5,evaluate,1.1569293597911268,0.6046666666666667,0.23526098191214473,0.1811576923076923,0.20444634003767131,3000
49,0,evaluate,1.2371846247226634,0.5493333333333333,0.21862464660245817,0.1649247556376527,0.18698767070615224,3000
49,1,evaluate,1.096372090755625,0.627,0.2678015083330898,0.18727707211021757,0.21347668097578354,3000
49,2,evaluate,0.991487369892445,0.659,0.274646601159623,0.19862670500745816,0.22944865399668418,3000
49,3,evaluate,1.3191015314548573,0.5353333333333333,0.23686381248135374,0.16017339743589742,0.1905645638252431,3000
49,4,evaluate,1.0137450073627716,0.654,0.29079872884569813,0.19516381108712552,0.23208980384993588,3000
49,5,evaluate,0.9696676769155137,0.6603333333333333,0.26232106573691033,0.19774423330020546,0.22537825699173042,3000
50,0,evaluate,1.2211378673289686,0.583,0.2683020097840099,0.17469368288730824,0.21126491781639095,3000
50,1,evaluate,1.3202570575348875,0.54,0.29339385408521323,0.1608495090077292,0.20528854813760528,3000
50,2,evaluate,1.134288565909609,0.6096666666666667,0.2368243803260163,0.1827403846153846,0.20515746265382528,3000
50,3,evaluate,0.8148898304776943,0.728,0.2737200716043858,0.2193275911895159,0.2428622700744847,3000
50,4,evaluate,1.2027201906163643,0.558,0.22051532041676863,0.16751213718638927,0.19023318510588624,3000
50,5,evaluate,0.9951740477947478,0.6636666666666666,0.2662926438595233,0.19827741173674407,0.2206050467761551,3000
51,0,evaluate,0.8352797443562365,0.719,0.2717564108671465,0.21667603422310533,0.24030058972598475,3000
51,1,evaluate,1.0436243110514702,0.6486666666666666,0.2899619010411983,0.19307509428276964,0.22822835574313652,3000
51,2,evaluate,1.3992985842075754,0.5126666666666667,0.23673601876742573,0.15415384615384614,0.18463723306566635,3000
51,3,evaluate,1.4461354828895407,0.47533333333333333,0.2226454651122741,0.14269361333224154,0.17288052777589427,3000
51,4,evaluate,0.9924710621225074,0.662,0.26380745220252827,0.1977143044732552,0.21829789319028917,3000
51,5,evaluate,0.9865247264821478,0.6593333333333333,0.262541893055773,0.1972176310276943,0.22467207243910803,3000
52,0,evaluate,1.2122160728941573,0.5826666666666667,0.29365439939349675,0.1737883113009875,0.2166565312765134,3000
52,1,evaluate,1.1420615328119157,0.6083333333333333,0.2375164675289522,0.18171153846153848,0.20452734245452145,3000
52,2,evaluate,0.9880854791783272,0.6586666666666666,0.2671677120739838,0.19693383103073606,0.22185251783427956,3000
52,3,evaluate,1.1468339549734237,0.6,0.267799134535929,0.17985850310110804,0.21518514782896672,3000
52,4,evaluate,1.1101646258475932,0.598,0.22182748429101098,0.1795260237789295,0.1983272219244943,3000
52,5,evaluate,0.9508346572835394,0.6743333333333333,0.27473425966297343,0.2032660462315274,0.23251020351027388,3000
53,0,evaluate,1.0011930757380547,0.6543333333333333,0.2660266529559173,0.1954938100567047,0.2194282501931132,3000
53,1,evaluate,1.2679496318735974,0.5643333333333334,0.23782277862109052,0.16943717948717948,0.1975324721480642,3000
53,2,evaluate,1.2952391061377018,0.534,0.22171619749224303,0.1602500182202827,0.18545218724512236,3000
53,3,evaluate,0.8707666371731048,0.7076666666666667,0.2739703724015378,0.2131761244208943,0.23921739107960227,3000
53,4,evaluate,1.0585319894425413,0.6323333333333333,0.2641953245868899,0.1892859290663448,0.22038898563227943,3000
53,5,evaluate,1.0577887892723083,0.6366666666666667,0.2929299757269216,0.18995304003394997,0.22879701729403804,3000
54,0,evaluate,1.1655835090799536,0.585,0.22495229688703944,0.17560804917057626,0.1971330319283015,3000
54,1,evaluate,1.1733857076218788,0.6033333333333334,0.2708007756091346,0.18088323770290815,0.21687109265927007,3000
54,2,evaluate,0.9129092224100803,0.684,0.26189137943778407,0.20432311775010437,0.2212055734704325,3000
54,3,evaluate,1.1777042150497437,0.598,0.23856935992672712,0.1787477564102564,0.20359039447638172,3000
54,4,evaluate,1.4087898147867082,0.5233333333333333,0.29337931971193304,0.15524723842078111,0.19712690477113953,3000
54,5,evaluate,0.8437901139259338,0.7143333333333334,0.27144031970218985,0.2154385407523483,0.23826382487712355,3000
55,0,evaluate,1.118302345275879,0.6233333333333333,0.26673962639471976,0.18625566441453797,0.21325600663261507,3000
55,1,evaluate,0.9339229908395321,0.683,0.27308123925112193,0.20595266141814256,0.23381597009317048,3000
55,2,evaluate,1.0029572768414274,0.6543333333333333,0.26390525631896244,0.19583705196069895,0.2245656397202266,3000
55,3,evaluate,1.016939752913536,0.6603333333333333,0.2910970142602428,0.1970971301038252,0.23361156525418275,3000
55,4,evaluate,1.2577512302297227,0.561,0.23755470799169148,0.1681701923076923,0.1961034537143373,3000
55,5,evaluate,1.2914045059934576,0.539,0.22450754356922423,0.1618210691094868,0.1875309584318448,3000
56,0,evaluate,1.2558159752095,0.574,0.291712204636733,0.1708772110967956,0.2124504105481808,3000
56,1,evaluate,1.0205918005172243,0.6516666666666666,0.26491979576684505,0.19470501176768049,0.21762252857752812,3000
56,2,evaluate,0.891135720496482,0.705,0.27358265737688703,0.2125469387498676,0.23814175949343488,3000
56,3,evaluate,1.1737076538674376,0.5976666666666667,0.23767383445334542,0.17891923076923075,0.20388650685647242,3000
56,4,evaluate,1.1097878369879215,0.6173333333333333,0.26549564933238823,0.18501559921894312,0.21806354004045544,3000
56,5,evaluate,1.1842187148459413,0.5663333333333334,0.22013219860789182,0.17001175046477648,0.19166942523399352,3000
57,0,evaluate,1.1303511350712878,0.6083333333333333,0.2675965804297659,0.1816625739380974,0.20770414444668125,3000
57,1,evaluate,1.2095541560903509,0.5643333333333334,0.22450545979338635,0.16938862329647958,0.1925092572428011,3000
57,2,evaluate,1.0628497765419331,0.6496666666666666,0.2909341818960248,0.1941457610619104,0.23208845009817142,3000
57,3,evaluate,0.9533749019846003,0.6816666666666666,0.2752844764192124,0.20570669294518668,0.23405553179563815,3000
57,4,evaluate,1.043648287336877,0.651,0.2667600138978707,0.19502928642988754,0.22525577054889143,3000
57,5,evaluate,1.2226730547052749,0.5766666666666667,0.2389221214221214,0.1727721153846154,0.2003640755265803,3000
58,0,evaluate,1.2223737303246842,0.5823333333333334,0.2915722969719299,0.17302609390392884,0.21241878824183638,3000
58,1,evaluate,0.8503522720742733,0.7166666666666667,0.27550672468163234,0.21591998827877487,0.24111646396389047,3000
58,2,evaluate,1.255219596497556,0.5463333333333333,0.2206959684362336,0.1640501938682282,0.1878870243997171,3000
58,3,evaluate,0.9694906397068754,0.673,0.2671245203789639,0.20111945050790964,0.2239437296394383,3000
58,4,evaluate,1.1222177122501618,0.6193333333333333,0.26446244354513937,0.18528303753456657,0.21735381755842204,3000
58,5,evaluate,1.196917064646457,0.5876666666666667,0.23672889005985986,0.17578076923076924,0.2006772747363342,3000
59,0,evaluate,1.1862788124287382,0.574,0.22431200086645556,0.17231267790801758,0.193987914390742,3000
59,1,evaluate,1.0928836147835914,0.6343333333333333,0.2672660980720404,0.1894628580743173,0.2147332839748261,3000
59,2,evaluate,1.0313557728807976,0.6546666666666666,0.2908964974058351,0.1954419460739857,0.232468272619545,3000
59,3,evaluate,0.9751628954359826,0.6693333333333333,0.2652595987244348,0.20058569536980603,0.22842523449553798,3000
59,4,evaluate,0.9805686042663899,0.6716666666666666,0.2758486812541847,0.20255055563632968,0.23192368604785005,3000
59,5,evaluate,1.28734494143344,0.5593333333333333,0.2407004629719593,0.16723621794871796,0.19689675878067936,3000
60,0,evaluate,0.9699290191873591,0.6803333333333333,0.267325136148,0.2032165901370692,0.22448546308393338,3000
60,1,evaluate,1.1688413315630974,0.6043333333333333,0.23838221092691864,0.1808647435897436,0.20521529307695124,3000
60,2,evaluate,1.1844325369976936,0.6026666666666667,0.2687347666798602,0.18066485654435377,0.21600946139227997,3000
60,3,evaluate,0.7982400230904843,0.7316666666666667,0.27443712183881563,0.2203226051813918,0.24354746759274232,3000
60,4,evaluate,1.186526114636279,0.58,0.22501646103226952,0.1741186359883648,0.19607956204160656,3000
60,5,evaluate,1.377298613812061,0.5416666666666666,0.2932251981988719,0.1609936483334381,0.20372989183087126,3000
61,0,evaluate,1.225250670250426,0.5773333333333334,0.23816407598657144,0.17308621794871795,0.20011099674627414,3000
61,1,evaluate,1.060748502295068,0.6386666666666667,0.2668496738569125,0.19092001233575887,0.21750542001895817,3000
61,2,evaluate,1.2520200318478523,0.551,0.22275842199130008,0.1654122127778365,0.1893191744346349,3000
61,3,evaluate,1.045244520014905,0.6433333333333333,0.26714501251735295,0.19263489324521924,0.22371918493525214,3000
61,4,evaluate,1.1002823520214,0.6346666666666667,0.2916348236775198,0.18933282312228544,0.22794345753389678,3000
61,5,evaluate,0.9002676821769552,0.6963333333333334,0.2740310225003882,0.2099776255633996,0.2367994069606349,3000
62,0,evaluate,1.178718996808884,0.6123333333333333,0.29129239040529364,0.18244284685511877,0.2218603045919955,3000
62,1,evaluate,0.8870448634979573,0.7033333333333334,0.27344600222110615,0.2121931143636165,0.2376625672945291,3000
62,2,evaluate,1.0380617291369336,0.6433333333333333,0.2658970365797334,0.19277454709410616,0.2234987608719051,3000
62,3,evaluate,1.247994783076834,0.575,0.2391300292647886,0.17213012820512819,0.19899673031416057,3000
62,4,evaluate,1.0611274369219517,0.643,0.2665133408697039,0.1921709407964908,0.21703704337088658,3000
62,5,evaluate,1.252103810614728,0.56,0.22339913833667085,0.16817068207616065,0.19057108350467183,3000
63,0,evaluate,1.3691529974024346,0.5446666666666666,0.24058965174468497,0.1632474358974359,0.19450763912834423,3000
63,1,evaluate,0.9540418703505333,0.6743333333333333,0.2660576301192953,0.20195449633141474,0.22950795346268366,3000
63,2,evaluate,0.9624728763357122,0.6793333333333333,0.2760295502559507,0.2049560095062187,0.23372237507706345,3000
63,3,evaluate,1.0052504374625835,0.662,0.2898995457606512,0.19745625263180433,0.23314718778935745,3000
63,4,evaluate,1.3142179047807734,0.54,0.22390817065813812,0.16207681599586155,0.18710147129317317,3000
63,5,evaluate,1.0424736877705187,0.6493333333333333,0.2668040988474716,0.19412728722819286,0.21981914134952682,3000
64,0,evaluate,1.1110316172559211,0.629,0.23843962119942153,0.18810128205128204,0.2094932358573108,3000
64,1,evaluate,0.980047715471146,0.674,0.26483020691626835,0.20138755488318752,0.22283247210071427,3000
64,2,evaluate,1.1670251133594107,0.5913333333333334,0.22495489820084796,0.17753655781545064,0.19821669064350625,3000
64,3,evaluate,1.2919359524199303,0.5746666666666667,0.2690914294814339,0.17230523530288971,0.21005948415193926,3000
64,4,evaluate,0.8072408983047973,0.7366666666666667,0.2748899488628529,0.22191560583296988,0.24484059392102148,3000
64,5,evaluate,1.48318967413395,0.512,0.29317197607396583,0.1523094267535723,0.19724404796080183,3000
65,0,evaluate,1.1944223185803027,0.6063333333333333,0.26849796992791763,0.18112096841809439,0.20992856925610354,3000
65,1,evaluate,0.856863076382495,0.705,0.2641296478154433,0.2113367231841979,0.23473573881378046,3000
65,2,evaluate,1.4600344921680206,0.5103333333333333,0.2432976810455898,0.1530570512820513,0.18777212699993664,3000
65,3,evaluate,1.063147874588662,0.6536666666666666,0.2761798148783391,0.19727364842427603,0.22836617928026945,3000
65,4,evaluate,0.9677839697675502,0.6706666666666666,0.2905588018491244,0.20004660281818296,0.23511612008173563,3000
65,5,evaluate,1.3040395239566236,0.5443333333333333,0.22484602062954365,0.16336110536636433,0.18604867896893132,3000
66,0,evaluate,0.7947005997312829,0.7363333333333333,0.275590234924196,0.22191852267689088,0.24501726186804978,3000
66,1,evaluate,1.2607532511366175,0.5583333333333333,0.22532746449722046,0.167598558498876,0.1922102816079652,3000
66,2,evaluate,1.173903873626222,0.6073333333333333,0.24045110495963415,0.18190544871794873,0.20668301801861313,3000
66,3,evaluate,0.9856879609696408,0.6696666666666666,0.26514031786579445,0.20006134926178976,0.22082783499540115,3000
66,4,evaluate,1.3168568509690306,0.566,0.29181995443849434,0.16899137179075335,0.2129509047035693,3000
66,5,evaluate,1.2447904995147219,0.5776666666666667,0.26862032464371755,0.1731143337546877,0.21052131279952735,3000
67,0,evaluate,1.218954693763814,0.5716666666666667,0.2246919400380154,0.1716139392916041,0.1934040477962843,3000
67,1,evaluate,1.2945564630183768,0.559,0.24141337375759525,0.1673496794871795,0.1975331497375293,3000
67,2,evaluate,1.0899963962270858,0.6376666666666667,0.2912014638521619,0.19013034360533765,0.227886007834429,3000
67,3,evaluate,1.0262608401318813,0.663,0.2749816548379032,0.20015076717482577,0.23010107386993778,3000
67,4,evaluate,0.9647856430804476,0.6733333333333333,0.2669686875703305,0.20189998478720605,0.22986467899544233,3000
67,5,evaluate,1.1375758254781683,0.631,0.2693095585590005,0.1887049702109751,0.21707256786866364,3000
68,0,evaluate,0.9444338463722391,0.686,0.27669911659806257,0.20680841855005036,0.2355128676800092,3000
68,1,evaluate,1.3184140578229377,0.5493333333333333,0.2402982889857524,0.16427692307692307,0.19463886624207247,3000
68,2,evaluate,1.2353701553446181,0.5633333333333334,0.22412166433066752,0.1691456559590887,0.19149437902829003,3000
68,3,evaluate,1.0074031073996361,0.6616666666666666,0.26673239957576583,0.19829650696235532,0.22740361053302705,3000
68,4,evaluate,1.0756300599017041,0.6456666666666667,0.2670496980438214,0.19298520132107905,0.21916470850778347,3000
68,5,evaluate,1.1499626725278003,0.6186666666666667,0.29028392144267867,0.18428836453358963,0.22292134430693822,3000
69,0,evaluate,0.9807544540851674,0.6703333333333333,0.2641284298608955,0.2003844533464007,0.22272355944105837,3000
69,1,evaluate,1.1712433429474527,0.6186666666666667,0.26915817123177727,0.18541656573178042,0.2194988909386742,3000
69,2,evaluate,1.2845815293332363,0.5826666666666667,0.2919371676599848,0.17360223189309096,0.2152260180131617,3000
69,3,evaluate,1.2290480390508125,0.591,0.24066960172585902,0.17727820512820514,0.20341887064123845,3000
69,4,evaluate,1.3228279783370647,0.5466666666666666,0.22792897664689704,0.16409588193089597,0.1905907269550787,3000
69,5,evaluate,0.7970066755375964,0.7386666666666667,0.2735578062306322,0.2226479243738658,0.24462862773576427,3000
70,0,evaluate,1.0632554787270567,0.6476666666666666,0.28977506284243687,0.19320830771256,0.23024392330367066,3000
70,1,evaluate,1.1308082278738631,0.6286666666666667,0.26804247579597257,0.18797476547597367,0.216827737073016,3000
70,2,evaluate,0.9918788506629619,0.675,0.2718968737230319,0.20359312540274885,0.2317850783182671,3000
70,3,evaluate,1.0058097750582593,0.666,0.26618843316059404,0.19946497124081353,0.22798689114803655,3000
70,4,evaluate,1.3135557758047225,0.5653333333333334,0.24151120400586307,0.1693400641025641,0.19895863292871158,3000
70,5,evaluate,1.272317426001772,0.5613333333333334,0.22774169791655882,0.16849760892028398,0.19317698970420003,3000
71,0,evaluate,1.0168773671413989,0.6756666666666666,0.2654537048400286,0.2019395120644548,0.22316476074760527,3000
71,1,evaluate,1.0632256700637492,0.654,0.268937665266238,0.19599562171786472,0.22673781803204363,3000
71,2,evaluate,1.3329665470630565,0.5523333333333333,0.22584472362966773,0.16585860105378405,0.19022051315768895,3000
71,3,evaluate,0.8655865940641849,0.7213333333333334,0.27485922917121397,0.21750266779032473,0.24154817172827378,3000
71,4,evaluate,1.334447127707461,0.5643333333333334,0.24079939253778182,0.16893173076923076,0.19752702569282535,3000
71,5,evaluate,1.2418490635587813,0.5936666666666667,0.2913975607856338,0.17657432190217479,0.21595514754596606,3000
72,0,evaluate,1.125316892532592,0.631,0.268022933588151,0.1891748264290268,0.221756324178771,3000
72,1,evaluate,0.8683386749409615,0.7116666666666667,0.2751832672188521,0.214342536649022,0.24040290262441663,3000
72,2,evaluate,1.2766890677999942,0.585,0.2409021805169557,0.17520096153846154,0.20250411038373692,3000
72,3,evaluate,1.1875352555132928,0.6103333333333333,0.29106188662573074,0.18220798391745946,0.22276398643767248,3000
72,4,evaluate,1.2801241735194593,0.5623333333333334,0.22546934116456824,0.1688142616230508,0.1927446854931345,3000
72,5,evaluate,1.0837916795243607,0.65,0.2688847866742904,0.19418180554401063,0.2196645434267178,3000
73,0,evaluate,1.1419363085259782,0.6293333333333333,0.2681379983900332,0.18854897078442973,0.22139350247200557,3000
73,1,evaluate,1.009630686425148,0.6686666666666666,0.268280219377852,0.19993722176377682,0.22504720265311917,3000
73,2,evaluate,1.278681014446502,0.5723333333333334,0.2390743147202707,0.1715628205128205,0.19865546028004916,3000
73,3,evaluate,0.8210392676769419,0.7263333333333334,0.2747392131924829,0.21884768061546303,0.24297897274400243,3000
73,4,evaluate,1.3571502781928855,0.5366666666666666,0.22599749397770985,0.16115087521929766,0.18746851400452985,3000
73,5,evaluate,1.2532225707744031,0.5953333333333334,0.29117197974851655,0.17731982435032353,0.21772983554585093,3000
74,0,evaluate,1.038966195380434,0.6593333333333333,0.26757461451227593,0.19775088199175506,0.2273542409124217,3000
74,1,evaluate,1.141697421987006,0.6256666666666667,0.2660706278263465,0.18718047728006182,0.21573893852773418,3000
74,2,evaluate,1.250852660929903,0.5803333333333334,0.2303358311386164,0.1742312759271513,0.19757570692614812,3000
74,3,evaluate,1.2966923701002242,0.5773333333333334,0.24122136053965665,0.17270480769230767,0.2009871760844198,3000
74,4,evaluate,1.1377419055776392,0.632,0.28996333729224044,0.1886177294299607,0.2270628602837844,3000
74,5,evaluate,1.0185286554884403,0.6683333333333333,0.2745858813628318,0.20178371736949147,0.2309814429239519,3000
75,0,evaluate,1.0479098824744528,0.664,0.26799078815463745,0.19850514338258834,0.2238156383708147,3000
75,1,evaluate,0.8519854475843146,0.7193333333333334,0.2738943286701524,0.21677483670161496,0.24123490655334065,3000
75,2,evaluate,1.2657818997159918,0.5676666666666667,0.23031353203207985,0.17035240809874708,0.19550963613427438,3000
75,3,evaluate,1.2701465462116486,0.5833333333333334,0.29042474031827475,0.1736444560587899,0.2143567538364599,3000
75,4,evaluate,1.2298620964618439,0.595,0.2427105390296221,0.17850192307692306,0.20548760596203314,3000
75,5,evaluate,1.1228956060206636,0.6326666666666667,0.27047979544109035,0.189636717379316,0.22294166281562783,3000
76,0,evaluate,1.0172528510398053,0.6696666666666666,0.26677132709257334,0.20024739074860703,0.2242986698203226,3000
76,1,evaluate,1.3365927351281999,0.551,0.22810946102974436,0.1654544641928728,0.19031170228194044,3000
76,2,evaluate,1.1031424111508308,0.6486666666666666,0.26913721713903643,0.19461599535209112,0.22565176805681086,3000
76,3,evaluate,1.3491076104184414,0.5616666666666666,0.241691873464855,0.16827628205128203,0.19745979635954874,3000
76,4,evaluate,1.1987318865796353,0.6123333333333333,0.2912712380878443,0.18264891778867198,0.2226185999853742,3000
76,5,evaluate,0.8607144469910479,0.7096666666666667,0.2736453573979423,0.2139275146335816,0.23927079650431926,3000
77,0,evaluate,0.888015922079695,0.7106666666666667,0.2766945915239687,0.21437860454596858,0.24039793300114018,3000
77,1,evaluate,1.1324236735384514,0.647,0.26963729509900897,0.193825626451846,0.22549649362881988,3000
77,2,evaluate,1.3327762015322422,0.5606666666666666,0.230330238590183,0.16830583668213223,0.1941970857160043,3000
77,3,evaluate,1.3158249956496217,0.584,0.24121832540646454,0.17489711538461541,0.20245897723059186,3000
77,4,evaluate,1.1756955879799864,0.6273333333333333,0.29093273997505836,0.18729125416375172,0.22681436187770632,3000
77,5,evaluate,1.0532725542149646,0.6556666666666666,0.26605825601480043,0.19601440302987397,0.2209678427928564,3000
78,0,evaluate,0.9119642605172827,0.702,0.27485138549184207,0.21181505773555984,0.23789852172393583,3000
78,1,evaluate,1.2676948993764026,0.574,0.22957065082827746,0.17230610042546207,0.19665269475471714,3000
78,2,evaluate,1.205998107473901,0.619,0.2923496421788349,0.18463248993640172,0.22446980498468044,3000
78,3,evaluate,1.1115192935821858,0.6416666666666667,0.26869749528243464,0.19237419659934002,0.22419620695229225,3000
78,4,evaluate,1.1467363821699263,0.6323333333333333,0.26807743830132036,0.18904879362454913,0.21635035388874982,3000
78,5,evaluate,1.2580972263153563,0.595,0.24145586787823997,0.1782025641025641,0.2047717839634684,3000
79,0,evaluate,1.0899517586890688,0.663,0.26527931979748337,0.19809910866069053,0.22179916117008816,3000
79,1,evaluate,1.2824589901782097,0.567,0.2288936397468202,0.17018924018938006,0.19409843582695005,3000
79,2,evaluate,1.3353650151415075,0.5796666666666667,0.24445620095841938,0.17366570512820512,0.20298147049869728,3000
79,3,evaluate,0.8602758405056405,0.7193333333333334,0.2759634130181737,0.21655731867551956,0.24208096130807114,3000
79,4,evaluate,1.0754459652494877,0.6566666666666666,0.2686817570313919,0.19683684798915888,0.22678684482297048,3000
79,5,evaluate,1.3217356889805896,0.579,0.2909440597441312,0.1721395810555148,0.2122245959321109,3000
80,0,evaluate,0.9048570495970706,0.705,0.27706384124479033,0.2126250652924293,0.2392272664888991,3000
80,1,evaluate,1.0128943362134568,0.6683333333333333,0.2658202319907104,0.1998170290475068,0.22343903742480706,3000
80,2,evaluate,1.47161964913632,0.546,0.24431595623720037,0.16352115384615384,0.19551040181455687,3000
80,3,evaluate,1.0348709352472996,0.6726666666666666,0.2680585477781127,0.2016071066767151,0.2301282076490124,3000
80,4,evaluate,1.4111750049793974,0.5453333333333333,0.22864349647273424,0.1637387437889557,0.1893331751767361,3000
80,5,evaluate,1.1070095541629386,0.655,0.29224569785644006,0.19549321222918692,0.23293447773983003,3000
81,0,evaluate,1.2029913562409422,0.6323333333333333,0.2678990457303366,0.18962425209601275,0.2220021766915102,3000
81,1,evaluate,1.2790238717769056,0.6,0.24178871438591107,0.1796375,0.20552107327563962,3000
81,2,evaluate,0.8469185030206721,0.7266666666666667,0.27591743234526456,0.21856470188060145,0.24372992195558987,3000
81,3,evaluate,1.3395232583614105,0.5696666666666667,0.23148693231807344,0.17101534897736137,0.1964391779122799,3000
81,4,evaluate,1.3577326941997447,0.5793333333333334,0.29113559195199984,0.1724347982163033,0.21339928311186696,3000
81,5,evaluate,1.1229174695116408,0.6593333333333333,0.2657550870883151,0.19695338529135328,0.2207844409344565,3000
82,0,evaluate,1.105532779338512,0.6496666666666666,0.29005831855611086,0.19389992494786096,0.23107580160187072,3000
82,1,evaluate,1.3429892354823174,0.5736666666666667,0.24436017041764843,0.17201762820512817,0.20139542210481767,3000
82,2,evaluate,1.0848022534492168,0.656,0.2666312126548312,0.19648385742409366,0.22619194141092835,3000
82,3,evaluate,1.1893230854196752,0.63,0.2694565058673043,0.188307795350653,0.21724923807757407,3000
82,4,evaluate,1.3969820915384497,0.543,0.2330194838182325,0.16300827570950793,0.19119858744493481,3000
82,5,evaluate,0.9280660418753929,0.6966666666666667,0.2750018437247985,0.20992054517159117,0.23745910837232304,3000
83,0,evaluate,0.97822701043271,0.6933333333333334,0.2657415975183033,0.20719678413525452,0.22763055373486135,3000
83,1,evaluate,1.3405657144303018,0.5756666666666667,0.2915721176710374,0.17124719501089733,0.21229835664542723,3000
83,2,evaluate,1.402854508542,0.5696666666666667,0.24537381199918457,0.1702342948717949,0.2004067147280939,3000
83,3,evaluate,1.2915687003034226,0.5783333333333334,0.23207995781378332,0.17362810571616535,0.19761099889605702,3000
83,4,evaluate,0.8791873353592893,0.7206666666666667,0.2772145008500943,0.2171595011030157,0.24160961653639929,3000
83,5,evaluate,1.1435386665323948,0.6406666666666667,0.2677897210693586,0.19227110109602177,0.22347685257596694,3000
84,0,evaluate,1.2067380319250391,0.62,0.24367006989909729,0.1858044871794872,0.21041136184747794,3000
84,1,evaluate,1.286534677160547,0.6083333333333333,0.26859065504135926,0.18238130467723357,0.2170846102366637,3000
84,2,evaluate,1.2861077062627102,0.573,0.23266873847879138,0.17198499213129198,0.1976783132452448,3000
84,3,evaluate,0.857525275108662,0.7233333333333334,0.2757770038734616,0.2178788733443545,0.24285758047130396,3000
84,4,evaluate,1.3015450505500143,0.5963333333333334,0.29100902219729613,0.17815817081936725,0.2202307894318551,3000
84,5,evaluate,1.1281564590778757,0.6396666666666667,0.2681274593891416,0.19116694169889353,0.21890363628611348,3000
85,0,evaluate,0.9424701409136995,0.7003333333333334,0.2656688268692615,0.20989655049896966,0.2344981934001301,3000
85,1,evaluate,1.5443519810412794,0.527,0.24538474542770597,0.1576951923076923,0.19100799196296334,3000
85,2,evaluate,1.1228464829160811,0.6553333333333333,0.2663758655220979,0.19590289580508466,0.2207326837532345,3000
85,3,evaluate,1.4350432537971658,0.5363333333333333,0.22923160344544802,0.16106713512199058,0.186678396291013,3000
85,4,evaluate,1.0941759601552437,0.661,0.2896421288380434,0.19678094205049373,0.23102881258718044,3000
85,5,evaluate,0.949506031705978,0.6966666666666667,0.2756165299043647,0.2100988877401011,0.23718738711263257,3000
86,0,evaluate,1.2379187637187066,0.6196666666666667,0.27043833410131185,0.18598990020607328,0.22007371352672161,3000
86,1,evaluate,1.3152003998452044,0.589,0.29150123185307353,0.1758493506982859,0.21817565025568247,3000
86,2,evaluate,1.0291228852373489,0.674,0.2665738192063326,0.2015258417731344,0.22590636354773447,3000
86,3,evaluate,1.2901509721228417,0.5983333333333334,0.24115530111968528,0.17888942307692307,0.20514203728073904,3000
86,4,evaluate,1.276526669238476,0.5876666666666667,0.2295475529599728,0.17639453575646702,0.19943436385226804,3000
86,5,evaluate,0.8845795101307808,0.7126666666666667,0.27825923771342065,0.21464039128788084,0.24151968680084157,3000
87,0,evaluate,1.4123106433990154,0.561,0.23470390416132628,0.16834757647519022,0.19422573047972452,3000
87,1,evaluate,1.4121931436214041,0.565,0.2433878097063793,0.16964839743589744,0.19924575418032572,3000
87,2,evaluate,1.0590897912674762,0.6633333333333333,0.2657658036897776,0.1982668182782797,0.2225416063125781,3000
87,3,evaluate,1.1712324720747926,0.6406666666666667,0.2691124514978208,0.19237621880001082,0.22372184643275475,3000
87,4,evaluate,1.2680689603724378,0.602,0.2908363414582701,0.17985076041362705,0.22135078225698143,3000
87,5,evaluate,0.8514955348156868,0.7236666666666667,0.27672316825316656,0.21804337212287,0.24322783153355326,3000
88,0,evaluate,1.3369732778123085,0.5896666666666667,0.2914787825942534,0.1758564261407172,0.21765183571620894,3000
88,1,evaluate,1.1594045644110822,0.6456666666666667,0.26807045011954456,0.19379120920694304,0.22438103839796436,3000
88,2,evaluate,1.1917242483889803,0.6333333333333333,0.2666342861568798,0.18927372384424815,0.21670977586117818,3000
88,3,evaluate,1.2834228746434475,0.6003333333333334,0.24512751013160966,0.1797653846153846,0.2073488545292598,3000
88,4,evaluate,1.2263763369397913,0.5983333333333334,0.2310715983475939,0.179603413403433,0.20133428618259014,3000
88,5,evaluate,0.9295773341300639,0.7056666666666667,0.27741923307897454,0.2125915440245984,0.24012451948401559,3000
89,0,evaluate,1.6103986476330048,0.508,0.24567652049182861,0.15226089743589744,0.18761005110610368,3000
89,1,evaluate,0.968215526418483,0.7023333333333334,0.27767561804356194,0.21163484165576216,0.23914121839141922,3000
89,2,evaluate,1.143997996411425,0.648,0.2670638626522668,0.1936839050930083,0.2202604791705311,3000
89,3,evaluate,0.9535192834570053,0.698,0.2646493772536512,0.209171354409058,0.23366184217056415,3000
89,4,evaluate,1.0507792881194582,0.6713333333333333,0.2901034970627134,0.20002523605186123,0.23426612834093344,3000
89,5,evaluate,1.5079085877601137,0.5363333333333333,0.2329685326794126,0.16101417784705194,0.1881708976790195,3000
90,0,evaluate,1.1936240234273545,0.6213333333333333,0.24194720470368747,0.18603044871794872,0.20871933675058937,3000
90,1,evaluate,1.5878832746059337,0.5146666666666667,0.29144151958470976,0.15306318274929204,0.1972235529302257,3000
90,2,evaluate,0.8103340192044035,0.7456666666666667,0.2773595780411244,0.22447509149915007,0.24770236638550233,3000
90,3,evaluate,1.2539347219974437,0.597,0.2309930482457229,0.17930412824674122,0.20079017071344946,3000
90,4,evaluate,1.300651414597288,0.5966666666666667,0.2664778617312551,0.17915341722388528,0.21389422934613486,3000
90,5,evaluate,1.1777042936771474,0.6503333333333333,0.26630798245386517,0.19431572397788185,0.21964668493289358,3000
91,0,evaluate,0.997311235742366,0.6813333333333333,0.27573243185104845,0.20568085643922465,0.23335683666290805,3000
91,1,evaluate,1.5821884667619746,0.5256666666666666,0.23327769584811836,0.15778781264885577,0.18515729284582544,3000
91,2,evaluate,1.7503917267981997,0.487,0.24630738689443482,0.14614455128205128,0.18320199686076563,3000
91,3,evaluate,0.9194745281909374,0.7223333333333334,0.2677020679018801,0.2165477031183225,0.23940491221992088,3000
91,4,evaluate,1.1383178158009306,0.6546666666666666,0.26661540465265393,0.19567683032902397,0.22006044746086287,3000
91,5,evaluate,1.032104715387872,0.6943333333333334,0.29082212314287537,0.20695031947154185,0.23927476629016042,3000
92,0,evaluate,0.8549270629882812,0.7283333333333334,0.277065310998094,0.2194348749526574,0.2443065019274259,3000
92,1,evaluate,1.4168121992273535,0.5753333333333334,0.2910645181668688,0.17129342469400288,0.21294655706482563,3000
92,2,evaluate,1.3428964716322878,0.578,0.2325075303515507,0.17353823205537267,0.1983699861383344,3000
92,3,evaluate,1.055708570683256,0.67,0.2660979959567225,0.20038911502034704,0.22548255203770795,3000
92,4,evaluate,1.2518056250633078,0.6193333333333333,0.26900689125631577,0.18582112686769572,0.21968175855443134,3000
92,5,evaluate,1.3051809148585543,0.607,0.24449119212959336,0.18175865384615383,0.2079539249108382,3000
93,0,evaluate,0.974556749171399,0.69,0.2779622199757096,0.20825720370699452,0.23653700156060825,3000
93,1,evaluate,1.5791805982589722,0.532,0.24445180966920094,0.1595849358974359,0.1927893471812941,3000
93,2,evaluate,1.1946081138671714,0.6336666666666667,0.2687698642693473,0.18937836040710004,0.21598198375004102,3000
93,3,evaluate,1.4780924535812217,0.5486666666666666,0.23302974555342826,0.16471006111480535,0.19028851917225692,3000
93,4,evaluate,1.121121681751089,0.658,0.2914669752246296,0.1966139832860087,0.23373559472119582,3000
93,5,evaluate,1.043024829093446,0.6813333333333333,0.26697069288877173,0.2045548945663303,0.23100627705398136,3000
94,0,evaluate,1.3883914719236659,0.5703333333333334,0.2324215965688834,0.17124862559845846,0.19684215766815596,3000
94,1,evaluate,1.3308173722409187,0.602,0.29151383861905805,0.179283943488954,0.21936118591052,3000
94,2,evaluate,1.3535770811933152,0.602,0.24431094825046226,0.18015064102564102,0.2065005663697713,3000
94,3,evaluate,0.916752225541054,0.718,0.2746941857514642,0.21628919340739422,0.24150791816951928,3000
94,4,evaluate,1.2225109769942912,0.6413333333333333,0.26659899567810513,0.19164016643050338,0.21824756098081663,3000
94,5,evaluate,1.2074067884303155,0.6416666666666667,0.26733776079502075,0.19220556187753898,0.22352792308686126,3000
95,0,evaluate,1.0593412873592782,0.6823333333333333,0.2677029035245042,0.20405577007901407,0.2280469748960153,3000
95,1,evaluate,1.5048483457971127,0.55,0.23385188835418802,0.16507963509096427,0.1911560044893378,3000
95,2,evaluate,1.607148731008489,0.535,0.24526985539130078,0.16042403846153847,0.193865659051429,3000
95,3,evaluate,0.9528478396699783,0.7076666666666667,0.27738826350700024,0.2132681957211246,0.23986907441205935,3000
95,4,evaluate,1.0934480276513607,0.6773333333333333,0.2689276976577707,0.20337361240803514,0.23102655334602948,3000
95,5,evaluate,1.2347250834424446,0.6253333333333333,0.2907931068702971,0.18656017947170156,0.22551243574937546,3000
96,0,evaluate,1.3656520526459877,0.6026666666666667,0.2479299572766825,0.18038942307692307,0.2082026725428709,3000
96,1,evaluate,1.4098909307033458,0.5856666666666667,0.2906159016031939,0.17447991110662314,0.21570912152792743,3000
96,2,evaluate,1.3296484541385731,0.595,0.2339194723508439,0.17865555738543415,0.20109932359413613,3000
96,3,evaluate,1.2843331111238359,0.6366666666666667,0.2692283918204614,0.19022856558107795,0.21809132480070562,3000
96,4,evaluate,1.1610026879513518,0.656,0.2678401787084721,0.19693470518706233,0.2264194783482695,3000
96,5,evaluate,0.9322876239076574,0.7096666666666667,0.274364803922226,0.21367966143070743,0.2399301564819983,3000
97,0,evaluate,1.6273734823186348,0.5323333333333333,0.24735471980070978,0.15958621794871797,0.19288599069715567,3000
97,1,evaluate,1.2051604123825723,0.648,0.2903369997353965,0.19327284595691002,0.23028051511683625,3000
97,2,evaluate,1.0561708364080875,0.688,0.26867350244215915,0.2064170924747713,0.23332328407911676,3000
97,3,evaluate,0.9083340434317894,0.7236666666666667,0.27569207450362054,0.2181324929232879,0.24254348709767784,3000
97,4,evaluate,1.1096983767570334,0.6716666666666666,0.26637686186485954,0.20076694160285494,0.22413166455145167,3000
97,5,evaluate,1.5655018091201782,0.547,0.2346753004128826,0.16424722453227147,0.19078076681904363,3000
98,0,evaluate,0.842692716958675,0.734,0.27612383921692485,0.22099750677156535,0.2451789346894484,3000
98,1,evaluate,1.2908993502880663,0.5986666666666667,0.23457639453931822,0.17967122471647137,0.20345673085197985,3000
98,2,evaluate,1.576818253131623,0.544,0.29187173505294617,0.16229803981295382,0.2072130571586963,3000
98,3,evaluate,1.2051710245457101,0.6323333333333333,0.2448517905985624,0.18948653846153846,0.21354080513431425,3000
98,4,evaluate,1.3953803156284577,0.601,0.2738387530745236,0.18046919199046396,0.21712076511517528,3000
98,5,evaluate,1.2214228891311807,0.6393333333333333,0.2676327500082529,0.19101190377519858,0.21798058953692728,3000
99,0,evaluate,0.9485699750007467,0.7156666666666667,0.2674193331460136,0.2145297399112654,0.23796531095474815,3000
99,1,evaluate,1.626927822194201,0.5283333333333333,0.2439059518363517,0.15838333333333332,0.19165759482644895,3000
99,2,evaluate,1.5389810876643404,0.5486666666666666,0.23283762920179626,0.1647375188943367,0.191007235544326,3000
99,3,evaluate,1.0822107259263383,0.673,0.2780838466936709,0.2029440939744287,0.233697537495721,3000
99,4,evaluate,1.3198360153969297,0.624,0.26958622112447755,0.18656404428016019,0.21647473811483536,3000
99,5,evaluate,1.0588736863846475,0.686,0.29009814067320727,0.2046169986501706,0.23799717217606625,3000
100,0,evaluate,1.305518994940088,0.605,0.23686365816551205,0.1816443983800656,0.20537993189561013,3000
100,1,evaluate,1.9300881801767553,0.462,0.29315836336897494,0.13786110835786952,0.18641926834254358,3000
100,2,evaluate,1.206476665557699,0.6303333333333333,0.24082653490099695,0.18870833333333334,0.2109286384991779,3000
100,3,evaluate,1.6809417567354568,0.5346666666666666,0.2759322103450417,0.16079461006706638,0.2020560864175768,3000
100,4,evaluate,1.0722562404389078,0.6776666666666666,0.2618443118077636,0.2024420484790681,0.22186656162256488,3000
100,5,evaluate,0.7468631077320018,0.769,0.27530135076499357,0.23168163680715984,0.2508775788100175,3000
101,0,evaluate,1.8395882844924927,0.48233333333333334,0.24781542014249403,0.14489326923076923,0.18210691887895097,3000
101,1,evaluate,0.9331107253723956,0.7223333333333334,0.29029506882610445,0.21554508038900239,0.24572204909407133,3000
101,2,evaluate,1.6383898258209229,0.524,0.23487509894792638,0.15730531462170555,0.18236934498755536,3000
101,3,evaluate,0.8365563312743572,0.747,0.26646774440911264,0.22400516564430686,0.24334054769349533,3000
101,4,evaluate,1.2405996652359659,0.6283333333333333,0.2757879232031757,0.18937191824221114,0.2239444147958916,3000
101,5,evaluate,1.5071385794497552,0.5746666666666667,0.26936236264703617,0.17179710451804522,0.2065884102367792,3000
102,0,evaluate,0.9708025430111175,0.7206666666666667,0.2661883454248193,0.21556084320335933,0.23558929507019757,3000
102,1,evaluate,1.2912501984454217,0.6246666666666667,0.24188137715136165,0.1872298076923077,0.21036626167333558,3000
102,2,evaluate,1.3970534915619708,0.5833333333333334,0.2354515621256712,0.175135326063337,0.2005423685456332,3000
102,3,evaluate,2.011391928855409,0.44633333333333336,0.29213988160128973,0.1325969973198263,0.17865658118089403,3000
102,4,evaluate,1.6139169322683455,0.5556666666666666,0.2728822213361687,0.16701998831016884,0.2064461221342179,3000
102,5,evaluate,0.7434457102988629,0.774,0.27585579898765494,0.23289265431001832,0.25231015355545605,3000
103,0,evaluate,1.2896572820683743,0.606,0.2745569372597335,0.18278666068938035,0.21854977837766593,3000
103,1,evaluate,0.890871433501548,0.7333333333333333,0.2670920972564808,0.22007001558310538,0.24091356469786468,3000
103,2,evaluate,0.9813070855242141,0.709,0.2903737417005783,0.21186901300761501,0.2441348756047355,3000
103,3,evaluate,1.6899621258390711,0.5203333333333333,0.24838898790073322,0.15590256410256412,0.19156573635246618,3000
103,4,evaluate,1.4482647282011964,0.5726666666666667,0.2371997284232204,0.17189134520840746,0.1955977913116053,3000
103,5,evaluate,1.5373475374059473,0.561,0.27175848086204607,0.16765954476039824,0.2030738332579062,3000
104,0,evaluate,0.6957249888714324,0.7826666666666666,0.27512791441553464,0.2356388292057748,0.25343019811889905,3000
104,1,evaluate,1.341755690726828,0.6196666666666667,0.2437707763515787,0.18598782051282053,0.20927116492071396,3000
104,2,evaluate,1.5370978294534887,0.556,0.2369530046213729,0.1669318131568296,0.1955802384860703,3000
104,3,evaluate,1.802652929691558,0.5043333333333333,0.29194410666463205,0.15007331648495065,0.19493083001710945,3000
104,4,evaluate,1.045643668225471,0.699,0.2634237647717343,0.2088565427416167,0.22746774429520517,3000
104,5,evaluate,1.5748612170523786,0.5623333333333334,0.2727408008658009,0.16886603123226634,0.20807365299247732,3000
105,0,evaluate,1.1787592210668199,0.648,0.2768669954014599,0.19559424188085278,0.22792894504365419,3000
105,1,evaluate,0.9281192333140271,0.72,0.2656105824470786,0.21594407286527967,0.23814390878258265,3000
105,2,evaluate,1.4917029319925512,0.582,0.27251784917540717,0.1739536086111256,0.20701655640379402,3000
105,3,evaluate,1.5906130379818855,0.541,0.23596150686310483,0.16242682033134778,0.1882326300240635,3000
105,4,evaluate,1.6996157346887792,0.523,0.24730559878206196,0.1568567307692308,0.19147187534651805,3000
105,5,evaluate,0.9902302863750052,0.7116666666666667,0.28990815797099573,0.21264128591919965,0.24438130319326076,3000
106,0,evaluate,1.9937851936259168,0.46066666666666667,0.2910292393818735,0.13679284106266004,0.18184849744628456,3000
106,1,evaluate,1.0524906097574438,0.7026666666666667,0.26623298530673606,0.21002691201836227,0.23034079694238385,3000
106,2,evaluate,1.568261260681964,0.5816666666666667,0.2730994469199094,0.17490647524568162,0.21204346115545852,3000
106,3,evaluate,1.3015939441133053,0.627,0.24560338254239658,0.1878871794871795,0.21206788977081087,3000
106,4,evaluate,0.7117137801139912,0.7763333333333333,0.27516892932248177,0.2336060021467971,0.2524187376932026,3000
106,5,evaluate,1.3942924852066851,0.5946666666666667,0.2388604763239154,0.1785287630386026,0.20382539333114585,3000
107,0,evaluate,1.0966507488108697,0.6673333333333333,0.2770514536142558,0.2012170980005708,0.23215887253363737,3000
107,1,evaluate,1.5924012293206884,0.5316666666666666,0.23605071108637277,0.15958921493349512,0.18788141088021665,3000
107,2,evaluate,1.4322483463490263,0.6013333333333334,0.26894379109681654,0.1796057217040678,0.20922564240364525,3000
107,3,evaluate,1.0154219574116645,0.6983333333333334,0.2905289890167362,0.2084623002689069,0.2413007065868323,3000
107,4,evaluate,0.9377152805632734,0.715,0.267009136450058,0.21421772600757238,0.2374723502238237,3000
107,5,evaluate,1.7028743992460535,0.528,0.24811741708293336,0.15839326923076924,0.1930952135050143,3000
108,0,evaluate,0.7932180356472096,0.7543333333333333,0.27381098185770164,0.22727006743743144,0.2475806428672913,3000
108,1,evaluate,1.5252757211948962,0.5743333333333334,0.27122704895838606,0.17252168553753705,0.21033162243492196,3000
108,2,evaluate,1.1251829685048853,0.6686666666666666,0.2666220396647422,0.19990307403673202,0.22413115581909632,3000
108,3,evaluate,1.4317119058142318,0.5816666666666667,0.23814854598581023,0.17461001729712305,0.20124219244998534,3000
108,4,evaluate,1.288760187778067,0.63,0.24602631403447642,0.18905993589743592,0.2126535596227991,3000
108,5,evaluate,1.761579561740794,0.5096666666666667,0.29185430686103836,0.15192026219393512,0.19796704640220736,3000
109,0,evaluate,1.0082560245026932,0.6976666666666667,0.26767440766574613,0.2093051895644237,0.23473396469048374,3000
109,1,evaluate,1.1108009003578347,0.67,0.27551767004331623,0.2021915033682816,0.23162487362815556,3000
109,2,evaluate,1.5204891321506906,0.571,0.2383011548840807,0.17143089052819532,0.19728767200118802,3000
109,3,evaluate,1.2376356074150572,0.6473333333333333,0.2686100145534116,0.19365877969284873,0.22147468702822604,3000
109,4,evaluate,1.1114530905764153,0.6703333333333333,0.29109301886961914,0.20011626067613583,0.23574631631584858,3000
109,5,evaluate,1.6631835775172457,0.5333333333333333,0.2479683516784256,0.15962083333333332,0.1940783428466531,3000
110,0,evaluate,1.3982072612072558,0.599,0.24552953185336318,0.17961570512820513,0.20667659345152894,3000
110,1,evaluate,1.4688896549508927,0.572,0.23821418166637373,0.17169850252427143,0.19925415367430888,3000
110,2,evaluate,0.8220036454657291,0.753,0.27559964624819283,0.2265910373912466,0.24841484171121428,3000
110,3,evaluate,1.287651059475351,0.6283333333333333,0.270658044120648,0.18838698475417828,0.22208713595956747,3000
110,4,evaluate,1.1509873664125483,0.6773333333333333,0.26401086544790325,0.20238557857873288,0.2248643470387383,3000
110,5,evaluate,1.541696824926011,0.5603333333333333,0.291479127626286,0.16661219522271783,0.20840234480387512,3000
111,0,evaluate,1.1084789887387703,0.675,0.2699135580855125,0.20247973805970823,0.23116152194594575,3000
111,1,evaluate,1.6082360516203211,0.5543333333333333,0.24805060633477213,0.16604134615384616,0.19847936164149627,3000
111,2,evaluate,1.178078315359481,0.6596666666666666,0.2900532343855876,0.19698115892040718,0.2334136554975296,3000
111,3,evaluate,1.5893047566109515,0.559,0.2405128598146819,0.1678271271177267,0.19631248438348575,3000
111,4,evaluate,0.9886524398276146,0.7003333333333334,0.2773173746138526,0.21117393544171786,0.23872538109819805,3000
111,5,evaluate,1.1555750192479883,0.669,0.2675144978992749,0.20015832044323498,0.22599367186492167,3000
112,0,evaluate,1.3642379527396344,0.6136666666666667,0.23882288740470842,0.18424626155090368,0.2071635286175794,3000
112,1,evaluate,0.9214690086689401,0.729,0.2783011223576186,0.21976493827958263,0.24460354034806472,3000
112,2,evaluate,1.4501983662869067,0.6053333333333333,0.27210962113319787,0.18180940821230657,0.2168705382444364,3000
112,3,evaluate,1.3173564786606646,0.6293333333333333,0.24468202646905524,0.18848141025641024,0.21209291083460236,3000
112,4,evaluate,1.2484984258387952,0.6633333333333333,0.26824240066206995,0.19838603040036062,0.2240825814770945,3000
112,5,evaluate,1.688434382702442,0.533,0.29172358897282763,0.15902950004519492,0.20462656114991554,3000
113,0,evaluate,1.0160440834278757,0.7076666666666667,0.26791531203872443,0.21218526360669326,0.23664605336308342,3000
113,1,evaluate,1.701095479599973,0.5476666666666666,0.23933462508491465,0.16441474402857398,0.1924209284304003,3000
113,2,evaluate,1.762983852244438,0.5263333333333333,0.24650571702994672,0.15793653846153846,0.19174290016094697,3000
113,3,evaluate,0.9743770132673547,0.7156666666666667,0.27681707031485675,0.21550368733946143,0.24172096539519208,3000
113,4,evaluate,1.1857501940524324,0.662,0.2909127753603385,0.19712237146472247,0.23171439867922272,3000
113,5,evaluate,1.2047009125668953,0.6706666666666666,0.26829216255730026,0.20048469944432962,0.225765617936918,3000
114,0,evaluate,1.319632886572087,0.6323333333333333,0.24595002042473815,0.18962564102564103,0.2134861112865331,3000
114,1,evaluate,1.4362360213665253,0.6016666666666667,0.24150227047162848,0.18059590273878984,0.20647389878094907,3000
114,2,evaluate,1.4782031914021105,0.5953333333333334,0.27280128762272654,0.17898127915577003,0.21520641079760364,3000
114,3,evaluate,1.7376313539261514,0.5253333333333333,0.2897699917898194,0.15660832339284791,0.2013466378643784,3000
114,4,evaluate,0.7675994114672884,0.7683333333333333,0.2759609537890395,0.23114373713223085,0.2513935137517843,3000
114,5,evaluate,1.202978973693036,0.669,0.26358675272851995,0.19979457422089103,0.22143945900908263,3000
115,0,evaluate,1.331329326680366,0.62,0.2655589810836629,0.18536325377438476,0.21523223654276524,3000
115,1,evaluate,1.1586614568182763,0.6573333333333333,0.27900505829903977,0.19816046994394276,0.23028081943273362,3000
115,2,evaluate,1.102895736694336,0.6716666666666666,0.2907917092731672,0.20075620296046354,0.23671910916643144,3000
115,3,evaluate,1.4385982105072508,0.6013333333333334,0.24026227914257325,0.18048226715723253,0.20392884539386397,3000
115,4,evaluate,0.9875264637013699,0.7093333333333334,0.26864711192924706,0.21302367370958977,0.23702684711939645,3000
115,5,evaluate,1.6800293541969138,0.5483333333333333,0.25317203743238303,0.16396538461538462,0.198713359253549,3000
116,0,evaluate,1.1893973997298708,0.685,0.2623994123994124,0.2046350538452953,0.22383094280011645,3000
116,1,evaluate,1.413534917729966,0.6053333333333333,0.2701505742580937,0.1814099626786127,0.21700568995996888,3000
116,2,evaluate,1.6549321945677413,0.5446666666666666,0.29092452199339025,0.1619685027395367,0.20459903834562657,3000
116,3,evaluate,1.439431111863319,0.6096666666666667,0.24551803499861116,0.18256666666666668,0.20844400975077684,3000
116,4,evaluate,0.8075814665632045,0.769,0.27655051601096653,0.231617219431027,0.2514644294564716,3000
116,5,evaluate,1.5623761593027319,0.577,0.24030043006100463,0.17325664195882529,0.2008067282982402,3000
117,0,evaluate,1.3988367103515786,0.618,0.26688740802283367,0.18469122272462307,0.2142764819581519,3000
117,1,evaluate,1.090459148934547,0.687,0.2908429286069748,0.20497093084418055,0.23878945266822077,3000
117,2,evaluate,1.772627924350982,0.537,0.24931157157704048,0.1609788461538461,0.1956152640252659,3000
117,3,evaluate,1.1526847101272422,0.663,0.27670732291824407,0.1997819883541641,0.2312631944055245,3000
117,4,evaluate,1.6053852172608072,0.565,0.23872312833497594,0.16954922919578777,0.1962705195204894,3000
117,5,evaluate,0.9485218968797238,0.726,0.26787323402457675,0.21781621303516258,0.24012870067536,3000
118,0,evaluate,1.3689441655544525,0.6166666666666667,0.23776384132862813,0.18510814397564893,0.2079974056601488,3000
118,1,evaluate,1.1291402996854578,0.6966666666666667,0.26421423490056456,0.20833138313270552,0.2286777819780453,3000
118,2,evaluate,1.378213755627896,0.639,0.2504542389826897,0.19122660256410257,0.21666015520216617,3000
118,3,evaluate,1.430571160417922,0.606,0.2734467817696653,0.18205963205055453,0.2178104894896388,3000
118,4,evaluate,0.8909065634646314,0.7473333333333333,0.2793137713248771,0.22525980104431992,0.24847316449989906,3000
118,5,evaluate,1.7389522410453635,0.521,0.2924627054944548,0.15523093797736123,0.20080372212665076,3000
119,0,evaluate,1.0882650195284094,0.681,0.2769109733189422,0.20504803593192716,0.23508087474968048,3000
119,1,evaluate,0.9046692112658886,0.7333333333333333,0.2674693765224931,0.21995189784608854,0.24134720074934432,3000
119,2,evaluate,1.8262185948960326,0.5143333333333333,0.25177642949990714,0.1542173076923077,0.1904492255128769,3000
119,3,evaluate,1.3723812141317002,0.6186666666666667,0.2645841878371694,0.18484588619779263,0.21326860446605025,3000
119,4,evaluate,1.6831116625603209,0.551,0.24024865849456015,0.16544580412085344,0.19201249140361215,3000
119,5,evaluate,1.062350166604874,0.688,0.29014395737576726,0.20513675758195152,0.2381505692918668,3000
120,0,evaluate,1.5085077919858567,0.5843333333333334,0.2399798165408072,0.17542709059695785,0.2024662329565224,3000
120,1,evaluate,1.58268914324172,0.58,0.27443494648786454,0.17425453826668225,0.21259445177322506,3000
120,2,evaluate,1.2279064350939812,0.668,0.26439128498702213,0.19949977141311037,0.22108889099771697,3000
120,3,evaluate,1.7585808596712478,0.5243333333333333,0.29225633651921396,0.15665553073994148,0.20310386375964246,3000
120,4,evaluate,1.3566431200250666,0.6226666666666667,0.24627698694231284,0.1867169871794872,0.21136666044708358,3000
120,5,evaluate,0.7679558110998032,0.7713333333333333,0.2767398370703144,0.23212289919925905,0.2522305885453176,3000
121,0,evaluate,1.0279766955274217,0.7016666666666667,0.2697101320091305,0.21044184088818696,0.23632444574490047,3000
121,1,evaluate,1.2871153938009383,0.6503333333333333,0.26808373191551316,0.19436987384558718,0.22049689389425783,3000
121,2,evaluate,1.1721756268054881,0.6643333333333333,0.29043685428953725,0.19806922280949862,0.23337900045848187,3000
121,3,evaluate,1.6851018794039463,0.5486666666666666,0.25169447723792715,0.16420416666666668,0.19838351405475527,3000
121,4,evaluate,1.040562520001797,0.6976666666666667,0.2760691147023155,0.21025121430456156,0.23780754779999552,3000
121,5,evaluate,1.6159833263843617,0.564,0.23729564534042796,0.16933148994214492,0.19662118524503744,3000
122,0,evaluate,1.7280988439600518,0.5296666666666666,0.2916895292460421,0.157564513732631,0.20141378785682487,3000
122,1,evaluate,1.4388160908475836,0.5993333333333334,0.2387723265309591,0.17991622184105785,0.20485310744542257,3000
122,2,evaluate,1.388891762875496,0.6143333333333333,0.2730040516512665,0.18439646552750863,0.21953318583824283,3000
122,3,evaluate,1.3895099644965314,0.628,0.2480604987596346,0.1881400641025641,0.2134172360973075,3000
122,4,evaluate,1.1531155464497018,0.682,0.2651049876214104,0.20398327643729502,0.22726870692186613,3000
122,5,evaluate,0.8919543382969308,0.7486666666666667,0.2771251396251772,0.22555409937732113,0.24800340567025433,3000
123,0,evaluate,1.3809207563704633,0.63,0.267282320030931,0.1884204456349408,0.2187168936818397,3000
123,1,evaluate,1.092940259487071,0.694,0.2902132316508549,0.20713513092136865,0.2402211627858553,3000
123,2,evaluate,1.110978769495132,0.6833333333333333,0.2777301695292602,0.2057098005058256,0.23607140190740966,3000
123,3,evaluate,1.7122024145532162,0.5426666666666666,0.23778592534872392,0.16291313472244143,0.1917620288426337,3000
123,4,evaluate,0.9979107671595634,0.71,0.2691919897001567,0.21278447924704674,0.23767885223705704,3000
123,5,evaluate,1.7685042847978307,0.5416666666666666,0.25025797129290506,0.16249391025641025,0.1965091795075435,3000
124,0,evaluate,0.8448677101033799,0.7553333333333333,0.2760491235843521,0.22732305302911998,0.24906795348829425,3000
124,1,evaluate,1.492440604149027,0.5946666666666667,0.24164232228683397,0.17853976441119956,0.2044886912592573,3000
124,2,evaluate,1.7693701196224132,0.53,0.2924649721719154,0.15778771512228898,0.20240820788060487,3000
124,3,evaluate,1.4294832932188155,0.6146666666666667,0.270609756097561,0.18465652063385307,0.2185102770568356,3000
124,4,evaluate,1.442854697399951,0.622,0.24714973932348222,0.18641666666666667,0.21169357629068625,3000
124,5,evaluate,1.2150227262618694,0.6806666666666666,0.2661003345093529,0.2034494253344902,0.2266054005852603,3000
125,0,evaluate,1.2498358868538064,0.6636666666666666,0.290699754742899,0.19824635458849504,0.23459909872663293,3000
125,1,evaluate,1.582480029856905,0.5783333333333334,0.2477422052893913,0.17349647435897436,0.20365431415774662,3000
125,2,evaluate,1.5789526498064081,0.574,0.2385470622776415,0.17230011396829584,0.19907791680029285,3000
125,3,evaluate,1.1374139367265905,0.6823333333333333,0.2693832900891786,0.20475440335322004,0.2324734685447852,3000
125,4,evaluate,1.4010993292991152,0.6326666666666667,0.2701796352901611,0.18909118906709307,0.21694797455994408,3000
125,5,evaluate,1.0220655076047207,0.7046666666666667,0.2769069231243866,0.21250628243306066,0.23942155994125694,3000
126,0,evaluate,1.340707130888675,0.6296666666666667,0.2698561440040435,0.18879943622586595,0.22206228278873225,3000
126,1,evaluate,1.522556594077577,0.595,0.24024752971795166,0.17860232869883624,0.20484255532176304,3000
126,2,evaluate,1.3100486359697707,0.653,0.26581968912192866,0.19517591646666044,0.22061746716912603,3000
126,3,evaluate,1.4387674737483898,0.617,0.248212094833484,0.18474743589743586,0.21167163768321196,3000
126,4,evaluate,0.9696011594001283,0.7193333333333334,0.27724602891838745,0.21682866369058837,0.24254851301223151,3000
126,5,evaluate,1.4642038167791163,0.5976666666666667,0.29071785626538554,0.17836869813770517,0.21981088748668426,3000
127,0,evaluate,1.209582748565268,0.665,0.27116605023678875,0.19958485576369728,0.2296178693726735,3000
127,1,evaluate,1.719901904146722,0.5583333333333333,0.25109345712816394,0.1675477564102564,0.20013166773163973,3000
127,2,evaluate,1.1099107582518395,0.7176666666666667,0.2639842420192894,0.21441113773325737,0.2313097242246512,3000
127,3,evaluate,0.830868384305467,0.768,0.277683105766356,0.23106702413710783,0.25145743109537777,3000
127,4,evaluate,1.7511664806528295,0.5476666666666666,0.24029463482273297,0.1644102605359721,0.19408277344860334,3000
127,5,evaluate,1.495573585337781,0.5863333333333334,0.2911021987137317,0.1742814412100653,0.21353934530212051,3000
128,0,evaluate,1.558155171414639,0.5756666666666667,0.2910689416478401,0.17213750622414353,0.21571754768598983,3000
128,1,evaluate,1.3577485921535086,0.6506666666666666,0.2692297873807714,0.19446236962796676,0.22074429530150197,3000
128,2,evaluate,1.427146871039208,0.6176666666666667,0.2731052390034126,0.18559841446656639,0.2203199895356001,3000
128,3,evaluate,1.4660993636922632,0.6123333333333333,0.23894717597264523,0.1838137879727037,0.20755864759088677,3000
128,4,evaluate,1.3820843785367114,0.636,0.24907665937481188,0.19059583333333333,0.21568793204602313,3000
128,5,evaluate,0.9464167407218446,0.7266666666666667,0.276654086551234,0.21907850393729053,0.24368874388621573,3000
129,0,evaluate,1.7969363319112899,0.545,0.2499036331700771,0.1637878205128205,0.1972340759520154,3000
129,1,evaluate,1.291979263437555,0.646,0.290965313858205,0.1923797613232913,0.228514403907729,3000
129,2,evaluate,1.7984437333776595,0.5386666666666666,0.2432953944585941,0.1616326295144987,0.19290208544897947,3000
129,3,evaluate,0.9360613252254243,0.7443333333333333,0.2770860471004145,0.2242810091920971,0.24693497529054348,3000
129,4,evaluate,1.114571270790506,0.6953333333333334,0.2720174900219434,0.20857978159632248,0.23595197944472526,3000
129,5,evaluate,1.2334869719566184,0.6813333333333333,0.2662401902166356,0.2035864246068277,0.22484029546443723,3000
130,0,evaluate,0.9755372709416329,0.7276666666666667,0.2772568507591386,0.2190448143900027,0.24436579873641007,3000
130,1,evaluate,1.3198673471491387,0.6513333333333333,0.2744124485113756,0.195647479530285,0.2275659158797172,3000
130,2,evaluate,1.531458854675293,0.5873333333333334,0.2916713999190993,0.17531227879976632,0.21783136801224226,3000
130,3,evaluate,1.4930752566520205,0.6096666666666667,0.240570651388985,0.1830678304278595,0.2066474212276615,3000
130,4,evaluate,1.4986012413146648,0.6293333333333333,0.2680083077218594,0.18798463574372262,0.21550975162174862,3000
130,5,evaluate,1.4701963117782106,0.622,0.24773431084927924,0.1863349358974359,0.21169299732448693,3000
131,0,evaluate,1.3734501739765734,0.6456666666666667,0.2680084293236596,0.19300655850645404,0.22048033003719308,3000
131,1,evaluate,1.690608798189366,0.5673333333333334,0.2420117350493875,0.1702549334114295,0.1994222784989646,3000
131,2,evaluate,1.2859269228387387,0.6413333333333333,0.28935623685936523,0.19138942406531684,0.228794236511416,3000
131,3,evaluate,1.6357302133073197,0.587,0.25009918607912124,0.17626282051282052,0.20637471203260677,3000
131,4,evaluate,1.1900445882310258,0.6696666666666666,0.2703148765640263,0.20085815841122384,0.2303032537298153,3000
131,5,evaluate,1.0027701176227408,0.72,0.278180164819551,0.21681702997079566,0.24329072421037318,3000
132,0,evaluate,1.353819081123839,0.6606666666666666,0.26653746665096506,0.19751504437268735,0.22301470348949026,3000
132,1,evaluate,1.4586831863890304,0.6286666666666667,0.24196610272642535,0.1887549781363508,0.21124093650317524,3000
132,2,evaluate,0.9630470351969942,0.7383333333333333,0.2787576227162354,0.2222093656717088,0.2469401984352145,3000
132,3,evaluate,1.486910934143878,0.6346666666666667,0.2494913818814301,0.1898858974358974,0.21518830281520457,3000
132,4,evaluate,1.4105568185765693,0.6226666666666667,0.27250019142479853,0.1870573623417294,0.2209737575884164,3000
132,5,evaluate,1.5973545376290665,0.5673333333333334,0.291425819151487,0.16960217948789713,0.21390052446360192,3000
133,0,evaluate,1.0701073687127296,0.7083333333333334,0.2714568070909332,0.2126915756150923,0.23774837277487354,3000
133,1,evaluate,1.9708532348592231,0.5133333333333333,0.25312240705044303,0.1542522435897436,0.19106260417539395,3000
133,2,evaluate,1.3636350669759385,0.6293333333333333,0.2905150693917358,0.18726018668678163,0.22365424307871756,3000
133,3,evaluate,1.1604312049581649,0.7003333333333334,0.26704808956939785,0.2093584808157031,0.23037235019818497,3000
133,4,evaluate,0.942837581989613,0.745,0.2781154622630309,0.224455761798858,0.2469962550637829,3000
133,5,evaluate,1.8387290213970429,0.5356666666666666,0.24263708315903915,0.16077064308528569,0.1906198714804896,3000
134,0,evaluate,1.358817917235354,0.6366666666666667,0.2742174772825626,0.19123805820695203,0.22371571338351,3000
134,1,evaluate,1.3772424091684057,0.6583333333333333,0.26543718780746234,0.1969066351982834,0.22354789525645807,3000
134,2,evaluate,1.0624688521344612,0.7153333333333334,0.27807190948959676,0.21539060354436926,0.24233014598538985,3000
134,3,evaluate,1.3132851491583155,0.6536666666666666,0.2430288091789609,0.1962242865028996,0.21679274749525163,3000
134,4,evaluate,1.7050066501536267,0.545,0.2922865314974507,0.16244801697468297,0.2067774868707267,3000
134,5,evaluate,1.415963852659185,0.641,0.24863682865230263,0.19155576923076922,0.21604915726827204,3000
135,0,evaluate,1.7594993748563401,0.5453333333333333,0.24919697077657382,0.16381923076923077,0.1968257122111091,3000
135,1,evaluate,1.1618446251179309,0.6863333333333334,0.291035646839108,0.20522375875830168,0.2399192766169406,3000
135,2,evaluate,1.3010080799143364,0.6496666666666666,0.26772167979901795,0.19425058649326443,0.22106479269307117,3000
135,3,evaluate,1.0044437596138487,0.714,0.277844275843063,0.21524129479150397,0.24181200198268366,3000
135,4,evaluate,1.1921870771874772,0.676,0.2709212037148673,0.2027163458468572,0.2315020056375036,3000
135,5,evaluate,1.848280480567445,0.5266666666666666,0.23922196980356167,0.15808198318583372,0.18977767519532668,3000
136,0,evaluate,1.767842061976169,0.528,0.29177189358225675,0.157275073203693,0.20215030527581956,3000
136,1,evaluate,1.2079389069942719,0.6963333333333334,0.26712528488469794,0.2082459879046778,0.23078321291439519,3000
136,2,evaluate,1.504711168877622,0.6073333333333333,0.27426423676494743,0.18221204222751336,0.21861117592488913,3000
136,3,evaluate,0.8906706825215766,0.765,0.2783365623129749,0.2302730704404344,0.2516646174821168,3000
136,4,evaluate,1.4692608599967145,0.627,0.25027470068597385,0.18753269230769232,0.21327441891770418,3000
136,5,evaluate,1.5474769815485527,0.6026666666666667,0.2411119138241069,0.18097460400703894,0.20602499877577868,3000
137,0,evaluate,0.9342256137665282,0.7383333333333333,0.2704165969328193,0.22130791065285904,0.24334619096365664,3000
137,1,evaluate,1.726630246385615,0.588,0.27082195434179646,0.17566797456909705,0.20879550571228872,3000
137,2,evaluate,1.006670056505406,0.7226666666666667,0.28948027844673474,0.2157488287695611,0.24588813284557115,3000
137,3,evaluate,1.9590415802407772,0.5226666666666666,0.2528219886931803,0.15693942307692307,0.19331939978904678,3000
137,4,evaluate,1.2733442618491801,0.664,0.27949506483146436,0.19995013318758087,0.23272443002440735,3000
137,5,evaluate,1.805190106655689,0.5396666666666666,0.23964310246927872,0.1619476955491054,0.19137997999843742,3000
138,0,evaluate,2.1960081470773574,0.45066666666666666,0.2924238166918798,0.1338950191581873,0.17975510041294218,3000
138,1,evaluate,1.2049323472570865,0.7106666666666667,0.2666916463931622,0.21238461359081734,0.23210593052298134,3000
138,2,evaluate,0.7429318110993568,0.8023333333333333,0.2799199531385007,0.241317554105211,0.2590219681672094,3000
138,3,evaluate,1.5074672559474378,0.6173333333333333,0.24318724357450433,0.1852841396360705,0.21021905529901025,3000
138,4,evaluate,1.7735206370658063,0.56,0.2765595315818171,0.1683392111765995,0.20851827800485956,3000
138,5,evaluate,1.3160454098214494,0.665,0.246628200970563,0.19935705128205128,0.2201012853421172,3000
139,0,evaluate,1.9297502040863037,0.533,0.24184062603947748,0.16000920447540587,0.18903810571026408,3000
139,1,evaluate,2.133276219063617,0.496,0.25535292649663904,0.14882083333333335,0.18783587228340565,3000
139,2,evaluate,1.0802030271672187,0.7113333333333334,0.289961072126126,0.21226535858938056,0.24350518041093397,3000
139,3,evaluate,1.175999458799971,0.6903333333333334,0.27898826199307736,0.20801511688017965,0.23674647144231636,3000
139,4,evaluate,0.9392626843553908,0.7453333333333333,0.2700825159014413,0.22352884666004114,0.24449992752116398,3000
139,5,evaluate,1.40005776222716,0.6503333333333333,0.2666592642544602,0.19441117764930324,0.2205898856574186,3000
140,0,evaluate,2.014666519266494,0.48833333333333334,0.29367827056213347,0.14556124432007772,0.19293805442185868,3000
140,1,evaluate,1.3991345192523712,0.6536666666666666,0.2675715956291044,0.19541494685448604,0.22162542650950337,3000
140,2,evaluate,0.9030864809421782,0.7526666666666667,0.2773335782624141,0.2266149667300295,0.24884212165412095,3000
140,3,evaluate,1.2820670313023506,0.6636666666666666,0.24715337059432593,0.1984955128205128,0.2185980969250278,3000
140,4,evaluate,1.6697849593263991,0.57,0.2735772323631978,0.1712443187720873,0.2096303999001345,3000
140,5,evaluate,1.4074785709381104,0.6313333333333333,0.24016547565141194,0.1895944981004494,0.2108576147685103,3000
141,0,evaluate,0.8288711639160805,0.765,0.26939270045073205,0.2292183993738734,0.2474954507953889,3000
141,1,evaluate,1.1113267439476988,0.6943333333333334,0.279029710743613,0.20910869775932536,0.23780064030737477,3000
141,2,evaluate,1.3872951142331387,0.6536666666666666,0.26764721726890567,0.19528411706221785,0.22055081679725502,3000
141,3,evaluate,2.187732739651457,0.4696666666666667,0.2401421275093237,0.14090034679709773,0.17138714858785067,3000
141,4,evaluate,0.9674498565653538,0.738,0.2903901031303173,0.21991262236291215,0.2475155586222632,3000
141,5,evaluate,2.3644929566281907,0.44766666666666666,0.2531692388608867,0.1350980769230769,0.17378992386284414,3000
142,0,evaluate,1.4275091721656474,0.653,0.2668052568122498,0.19517990266907392,0.21959922029095985,3000
142,1,evaluate,1.9693580713677914,0.5266666666666666,0.27684937219310596,0.15856677996194798,0.19942280114328143,3000
142,2,evaluate,0.8991583065783724,0.7676666666666667,0.27624187351796403,0.2313243570827253,0.2503883785631587,3000
142,3,evaluate,1.2510997855916937,0.6793333333333333,0.24568943334321092,0.20359423076923075,0.22181176507451963,3000
142,4,evaluate,2.3209664821624756,0.441,0.291949906019249,0.1316627139658207,0.18067294300894204,3000
142,5,evaluate,1.4116705909688423,0.6383333333333333,0.24215356435536145,0.19163219003561954,0.21377002487418614,3000
143,0,evaluate,2.140753226077303,0.49466666666666664,0.24167759423789442,0.14851837665242423,0.17853379765156963,3000
143,1,evaluate,0.9110922293460115,0.7403333333333333,0.29140088327585206,0.2207346385377298,0.24888719722913327,3000
143,2,evaluate,1.4437669084427205,0.6373333333333333,0.26654730266498317,0.19045228531417344,0.21838369536933833,3000
143,3,evaluate,2.351794387431855,0.44866666666666666,0.25465138142430566,0.13479198717948718,0.1756621101286576,3000
143,4,evaluate,1.2391640721483435,0.684,0.28006586690109303,0.20583910644057085,0.23628888526130645,3000
143,5,evaluate,0.8379768288515984,0.768,0.26908374428495707,0.23005871067567824,0.24786236661235844,3000
144,0,evaluate,1.3917161036044994,0.6366666666666667,0.2434623509956141,0.1911218829138462,0.21396003548980747,3000
144,1,evaluate,1.2526895784317178,0.689,0.2657701885880077,0.205961752764994,0.22809439545740587,3000
144,2,evaluate,0.8347939791831565,0.7793333333333333,0.27942173209370297,0.2345819444668817,0.2546999119143248,3000
144,3,evaluate,1.7778081437374682,0.5553333333333333,0.276979612016728,0.16728598901676311,0.20607790997502864,3000
144,4,evaluate,1.2638554078467348,0.6723333333333333,0.2481235623860864,0.20135705128205128,0.22192444145983395,3000
144,5,evaluate,2.1321823267226523,0.466,0.29357652690401864,0.13889740744305773,0.18572903939741972,3000
145,0,evaluate,2.0361728769667606,0.5066666666666667,0.2544294180951054,0.1517724358974359,0.19005390276886486,3000
145,1,evaluate,0.9432653715001776,0.7356666666666667,0.29095501278058983,0.21984718288465843,0.24952166198063103,3000
145,2,evaluate,1.7780785104061694,0.5556666666666666,0.24285838305432783,0.16677606186606564,0.19560527936523706,3000
145,3,evaluate,1.4746224017853433,0.6356666666666667,0.26926431814126833,0.1899693132642391,0.2171230518429838,3000
145,4,evaluate,0.8924852425747729,0.7523333333333333,0.27216707852599814,0.2255401335523175,0.24664063226511518,3000
145,5,evaluate,1.2715756385884387,0.656,0.2780894867824224,0.19796846308352584,0.2290996753375732,3000
146,0,evaluate,0.8271856682097658,0.7803333333333333,0.27819976659671497,0.2347024325580811,0.25433739155039314,3000
146,1,evaluate,1.7120140461211508,0.577,0.27550843377250744,0.1734412370803846,0.21091428612789623,3000
146,2,evaluate,2.192620929251326,0.4716666666666667,0.29231960806581114,0.14039519798855732,0.18734078065276044,3000
146,3,evaluate,1.5421592263465231,0.6213333333333333,0.24240426029078826,0.1865861199665415,0.20970848778037662,3000
146,4,evaluate,1.2522827412219757,0.7053333333333334,0.264406092279179,0.21077792511811824,0.23000090286466057,3000
146,5,evaluate,1.4841024089366832,0.6376666666666667,0.24849869377820794,0.19087403846153847,0.21475818984690642,3000
147,0,evaluate,2.196951163576004,0.4866666666666667,0.2514587913460256,0.14644839743589744,0.18407385812427549,3000
147,1,evaluate,0.9478936588510554,0.7393333333333333,0.270800643129233,0.2217188332387538,0.2434332113517356,3000
147,2,evaluate,1.5080828273549993,0.636,0.26871506225631087,0.19016770751674467,0.2177873434175958,3000
147,3,evaluate,1.058416965159964,0.7273333333333334,0.2899498525073746,0.21716717039267702,0.24675242211776185,3000
147,4,evaluate,2.0104792955073902,0.5276666666666666,0.2447534949370115,0.1583204543300771,0.18876181772620865,3000
147,5,evaluate,1.2320553964756904,0.6743333333333333,0.27721715212124526,0.20356470861177972,0.2330596709831771,3000
148,0,evaluate,1.5912497626974227,0.5873333333333334,0.2765674569735387,0.17629170842678693,0.21511380977858735,3000
148,1,evaluate,0.8570545823016065,0.762,0.27734109224836506,0.22914278220240564,0.2508583791165561,3000
148,2,evaluate,1.942747580244186,0.49866666666666665,0.2922583107341777,0.14819285222726222,0.19288689182070226,3000
148,3,evaluate,1.3104173959569727,0.672,0.2629979759758516,0.20087704606374718,0.22456874366560436,3000
148,4,evaluate,1.4200331556036117,0.6253333333333333,0.2436783262504086,0.18769104583194687,0.21184807717157356,3000
148,5,evaluate,1.2868887794778703,0.6623333333333333,0.24801269398074943,0.19840801282051285,0.2201743903033866,3000
149,0,evaluate,2.039413639839659,0.5176666666666667,0.2534911367874213,0.15545993589743587,0.19193688691720187,3000
149,1,evaluate,1.0442499746667577,0.719,0.27388047378581176,0.21559060700048743,0.2410681923169605,3000
149,2,evaluate,0.9607688454871482,0.736,0.27768051813607586,0.22148338565702583,0.24538226256106405,3000
149,3,evaluate,1.2103887225719208,0.679,0.2918601375947124,0.20246959716425192,0.2369456710524672,3000
149,4,evaluate,1.9544167138160544,0.5196666666666667,0.2394409576912623,0.15600281476891684,0.18661031979088585,3000
149,5,evaluate,1.2992884123578985,0.684,0.26839949760204107,0.20436255120195765,0.22694020888794722,3000
150,0,evaluate,1.617358664248852,0.595,0.2759375428551694,0.17892246189044986,0.21597545811638846,3000
150,1,evaluate,1.0902617307419473,0.7143333333333334,0.27928220208542187,0.21536164825913778,0.2422017173208157,3000
150,2,evaluate,1.4936277714181454,0.632,0.2668942373119797,0.18908179419044663,0.21880560918805192,3000
150,3,evaluate,1.2966647832951648,0.6663333333333333,0.24294952743553969,0.20000534052941848,0.2192491395659198,3000
150,4,evaluate,1.2572984987116875,0.6846666666666666,0.24895843225637662,0.20470032051282053,0.2244340166959482,3000
150,5,evaluate,1.8795573559213192,0.5236666666666666,0.2924788665946251,0.15664354403852773,0.20362924392266998,3000
151,0,evaluate,1.2314554668487387,0.6766666666666666,0.28931338590433986,0.20105732296792073,0.23212289864141716,3000
151,1,evaluate,0.9164940619722326,0.754,0.27091038250209437,0.22606554152041863,0.2464523087811709,3000
151,2,evaluate,1.0045788491025884,0.732,0.27759171026967894,0.22027149310099098,0.24438138520457936,3000
151,3,evaluate,1.3614618664092206,0.6803333333333333,0.2638787949393181,0.203203038789563,0.22417623287051391,3000
151,4,evaluate,2.0898308982240392,0.5093333333333333,0.24481009484322008,0.15285728394320364,0.1829886136878057,3000
151,5,evaluate,2.281206475927475,0.4766666666666667,0.25348480092388814,0.1434900641025641,0.1818326774734079,3000
152,0,evaluate,1.1018527695473204,0.709,0.27881291355349497,0.2136939764031814,0.2410950301502154,3000
152,1,evaluate,1.4738534993313728,0.6063333333333333,0.29281942563270014,0.18095279047319654,0.2222364507977775,3000
152,2,evaluate,1.411406676819984,0.6586666666666666,0.26823730699132253,0.19703086963928632,0.2239436515871685,3000
152,3,evaluate,1.528123955777351,0.6183333333333333,0.25122091706193184,0.18500608974358973,0.2129538351147399,3000
152,4,evaluate,1.2404783951475264,0.6716666666666666,0.27398327425338226,0.20168463587877405,0.23192375057534753,3000
152,5,evaluate,1.4698304952459131,0.628,0.24552006207181912,0.18851984343543432,0.21298487835727098,3000
153,0,evaluate,0.9242807449178493,0.7576666666666667,0.2788293721336238,0.22789154590932834,0.250237104041182,3000
153,1,evaluate,1.3151100277900696,0.686,0.2660488895011556,0.20490551176667507,0.22629498085492444,3000
153,2,evaluate,1.1940898603581367,0.6856666666666666,0.2742924097589106,0.20566615173360797,0.23479740918159714,3000
153,3,evaluate,1.8023604484314615,0.5676666666666667,0.25209698575884054,0.17063910256410258,0.20265138254220066,3000
153,4,evaluate,1.8135495515579874,0.5586666666666666,0.24627448751678283,0.16761936219256107,0.19848118442609444,3000
153,5,evaluate,1.3647988578106494,0.6413333333333333,0.29156481132247175,0.1911786597435982,0.22862750804796125,3000
154,0,evaluate,1.626732405195845,0.5923333333333334,0.29249387221903744,0.17672407898933615,0.21889701298819153,3000
154,1,evaluate,1.338430847259278,0.6656666666666666,0.27379182933883695,0.199971540765784,0.23038826077231186,3000
154,2,evaluate,1.0994659674928544,0.716,0.27970837771980706,0.21574004144610842,0.24273710548946412,3000
154,3,evaluate,1.4444701050190216,0.6403333333333333,0.24414669989138074,0.19220170420080906,0.2149143004230077,3000
154,4,evaluate,1.4624095191346838,0.666,0.2669139414181895,0.19910618449510517,0.22418509500269196,3000
154,5,evaluate,1.5194139784954963,0.6246666666666667,0.25092729896473526,0.1867855769230769,0.21384414369144283,3000
155,0,evaluate,1.3063384763737942,0.6783333333333333,0.2664483991327062,0.2028314510149935,0.22689948402180785,3000
155,1,evaluate,1.8446696235778484,0.556,0.2430313375511685,0.16693377904128004,0.19703769135309387,3000
155,2,evaluate,1.1334229669672378,0.6973333333333334,0.27164726804756056,0.20908589343638,0.23603371695542835,3000
155,3,evaluate,1.013688252961382,0.7356666666666667,0.2795181981815297,0.22158829107050865,0.24648143604010042,3000
155,4,evaluate,1.2601562078962936,0.6736666666666666,0.2915398111231707,0.2008715395638238,0.2357162108048169,3000
155,5,evaluate,1.847028618163251,0.5603333333333333,0.25145113578181155,0.1681195512820513,0.20069863453792172,3000
156,0,evaluate,1.5668160357373826,0.5933333333333334,0.29247593823570145,0.17717761000093205,0.2196160439094466,3000
156,1,evaluate,1.4495449852436146,0.6663333333333333,0.26942800644864845,0.19920155693387182,0.2249678622694815,3000
156,2,evaluate,1.5021246735085831,0.6303333333333333,0.24467414391468192,0.18924627954167655,0.2129654901367563,3000
156,3,evaluate,1.0465693055315222,0.7373333333333333,0.28067066259079043,0.22210288964996078,0.24739613472013328,3000
156,4,evaluate,1.3312104585322928,0.6516666666666666,0.27264124956487024,0.19575042260541115,0.22743367383926594,3000
156,5,evaluate,1.5412006657174293,0.623,0.24956538448022547,0.18644294871794873,0.21291101405661256,3000
157,0,evaluate,1.6002775012178625,0.6236666666666667,0.26559690580678447,0.186338135266996,0.21487112565277305,3000
157,1,evaluate,1.2760896898330527,0.6756666666666666,0.2769287505983756,0.2030523040877378,0.23356240719461,3000
157,2,evaluate,1.0579775292822655,0.723,0.2802994230193399,0.2175966013832123,0.2447350670136205,3000
157,3,evaluate,1.4243678184265787,0.6343333333333333,0.29223184062280116,0.18971042049452339,0.2293662344301645,3000
157,4,evaluate,1.5715082452652303,0.6176666666666667,0.25042960384815766,0.18533653846153847,0.21262549828807958,3000
157,5,evaluate,1.5327146662042497,0.629,0.24665256673895639,0.18875465042227285,0.21328007493496318,3000
158,0,evaluate,1.2025778597973762,0.69,0.2742488400501318,0.20686175093253426,0.2358221771442933,3000
158,1,evaluate,1.8555238779554977,0.5606666666666666,0.24606472558111342,0.16830112107955936,0.19906219574668613,3000
158,2,evaluate,1.5237365529892293,0.6136666666666667,0.29334464993001574,0.182427927161741,0.22062527492461453,3000
158,3,evaluate,1.8718801356376487,0.559,0.25340241092162163,0.1676278846153846,0.20131380365346052,3000
158,4,evaluate,0.914246327065407,0.7643333333333333,0.2778061326628666,0.22998936249459262,0.25054993211834065,3000
158,5,evaluate,1.2830264923420358,0.7073333333333334,0.2660132880107555,0.2113354910540488,0.23034624049688257,3000
159,0,evaluate,1.65791111043159,0.616,0.26868649394759514,0.18408929415535752,0.2126569355796155,3000
159,1,evaluate,1.2858767915279308,0.6583333333333333,0.27380942619472665,0.1977397793544371,0.22913754221436786,3000
159,2,evaluate,1.6261441555429013,0.607,0.24480855494681825,0.18220691524466506,0.2084456492477324,3000
159,3,evaluate,1.1129056088467861,0.7156666666666667,0.27982013279182627,0.21582577422012567,0.24244224625744853,3000
159,4,evaluate,1.3379399598912989,0.6486666666666666,0.29165654891706844,0.19426498418013452,0.23288014884638725,3000
159,5,evaluate,1.6168073263574154,0.612,0.2515687047199331,0.18358365384615383,0.21176025847962698,3000
160,0,evaluate,1.2220075853327488,0.717,0.2643591578171502,0.21429431497167545,0.2322292835044053,3000
160,1,evaluate,1.4971752230157243,0.6083333333333333,0.29247332162960404,0.18112898665981098,0.22091554579684064,3000
160,2,evaluate,1.8041580788632656,0.5673333333333334,0.24376151741106175,0.17035772282705722,0.19940783128360318,3000
160,3,evaluate,1.2535681876730411,0.677,0.27413306001230026,0.20304714074536684,0.233269694515912,3000
160,4,evaluate,0.9590023629208828,0.7546666666666667,0.2793311702342013,0.22714720099657343,0.24931151281234945,3000
160,5,evaluate,1.8513596869529563,0.561,0.25307267216230306,0.16786442307692312,0.20122690538251664,3000
161,0,evaluate,1.719009183822794,0.589,0.2539418212140535,0.1764977564102564,0.20816442318019263,3000
161,1,evaluate,1.0966685287495876,0.719,0.2794327830162044,0.21629917798850853,0.24345611211952828,3000
161,2,evaluate,1.496129738523605,0.648,0.2668591567388189,0.19366185042725326,0.2210133164798526,3000
161,3,evaluate,1.1582859412152717,0.7053333333333334,0.2764317388830447,0.21181904721871098,0.23937355495576887,3000
161,4,evaluate,1.5979922527962542,0.6086666666666667,0.24458923733208265,0.18267826349284313,0.207759117666979,3000
161,5,evaluate,1.3500203109802085,0.6436666666666667,0.28910614354939745,0.19211012309795322,0.22953502080871352,3000
162,0,evaluate,1.6819800569656047,0.5826666666666667,0.24346740222806681,0.17491235958514303,0.2032959773244683,3000
162,1,evaluate,1.5837670894379312,0.604,0.250735703684282,0.18106089743589746,0.20975640055310266,3000
162,2,evaluate,1.3510250373089567,0.6453333333333333,0.2768359024798967,0.19361902550044588,0.22778693489672736,3000
162,3,evaluate,0.9347423296025459,0.753,0.27882100117232184,0.2267846933903419,0.24958315842167003,3000
162,4,evaluate,1.554082730983166,0.5943333333333334,0.29177748998436626,0.177270395021408,0.21891451089210928,3000
162,5,evaluate,1.2789763440477087,0.692,0.2644674189627886,0.20696267102412497,0.22902538773762204,3000
163,0,evaluate,1.6663887196398797,0.5896666666666667,0.24294120189401824,0.17702316106095287,0.20267294366323346,3000
163,1,evaluate,1.757294845073781,0.5826666666666667,0.25642155456219395,0.17468173076923077,0.20735230392073972,3000
163,2,evaluate,1.104044811522707,0.707,0.2758323494687131,0.212175271903671,0.23959766383740572,3000
163,3,evaluate,1.0695519307826429,0.7173333333333334,0.2776061388871409,0.21597253634387528,0.24252991507593036,3000
163,4,evaluate,1.3222552132099232,0.645,0.2903004808462919,0.1923153415806316,0.2293496332938,3000
163,5,evaluate,1.4965936960058008,0.6546666666666666,0.2664286409781355,0.19563524111057404,0.22162686516952315,3000
164,0,evaluate,1.128512240470724,0.7043333333333334,0.2755421761963729,0.21142944886649673,0.23902470647573332,3000
164,1,evaluate,1.6738092265230544,0.5966666666666667,0.24481500886841162,0.1790906964781393,0.2058121151582739,3000
164,2,evaluate,1.4622760947714462,0.6583333333333333,0.26810912313813506,0.19703875670980978,0.2248798155999186,3000
164,3,evaluate,1.2676314014069578,0.6733333333333333,0.2907961675886118,0.20123836540286916,0.2370229854963637,3000
164,4,evaluate,1.7524510241569358,0.5866666666666667,0.2535977992874294,0.1760044871794872,0.2075755346054647,3000
164,5,evaluate,1.1424451552807016,0.7113333333333334,0.2809677293014935,0.21443661608410564,0.24232560642536888,3000
165,0,evaluate,1.333236108434961,0.7,0.2658387737437852,0.20934712655140242,0.23134821642911244,3000
165,1,evaluate,1.6462261169514758,0.6196666666666667,0.2561960801401745,0.18582788461538463,0.21518936800679483,3000
165,2,evaluate,1.320232963308375,0.669,0.2776576380620936,0.20064230237629843,0.23293076912720742,3000
165,3,evaluate,1.5565172002670613,0.609,0.2927037044463459,0.1814129049899445,0.22146835225496647,3000
165,4,evaluate,0.95903661339841,0.765,0.2804721558701244,0.23024065981701963,0.25251093923059204,3000
165,5,evaluate,1.6894177832502,0.601,0.24693446344054865,0.1803890768539635,0.2083432322361837,3000
166,0,evaluate,1.6170052049007821,0.6306666666666667,0.26692684722075505,0.1885309919734634,0.21825643202970557,3000
166,1,evaluate,1.2167508399232905,0.696,0.28049011658433814,0.20946131053348624,0.23946975497925055,3000
166,2,evaluate,1.0728893711211833,0.715,0.2745106481523438,0.2146818611452231,0.2405537389685609,3000
166,3,evaluate,1.2372148201820699,0.6723333333333333,0.2894413492503582,0.20076225245673038,0.23559248515429393,3000
166,4,evaluate,1.8326218711568953,0.5746666666666667,0.2532522842137062,0.17226570512820513,0.2050124297500017,3000
166,5,evaluate,1.667775808496678,0.6053333333333333,0.24369308226308894,0.18165049214184142,0.20694334929285135,3000
167,0,evaluate,1.4563061455462842,0.663,0.2664728235373277,0.1983153038690023,0.22456225801621055,3000
167,1,evaluate,1.4178201518160232,0.6356666666666667,0.27655043541545166,0.1909178252910698,0.22439139250382972,3000
167,2,evaluate,1.5211755519217633,0.634,0.2505717782543827,0.18971698717948718,0.21519885602451475,3000
167,3,evaluate,1.48349514667024,0.6343333333333333,0.24326382512988895,0.19045890573367252,0.21269676887345618,3000
167,4,evaluate,1.0291601761858513,0.7416666666666667,0.2791051329636958,0.2234112063348465,0.24757186900049405,3000
167,5,evaluate,1.7682016631390185,0.5466666666666666,0.2916023732047556,0.16292947411666445,0.20700293869760672,3000
168,0,evaluate,0.9488892143077039,0.7596666666666667,0.279309765110474,0.22852438885388676,0.25092571944425823,3000
168,1,evaluate,1.1511620993309832,0.6996666666666667,0.2746303409872239,0.20978753331551836,0.2372927241296039,3000
168,2,evaluate,1.9321756489733433,0.5436666666666666,0.24797755854081843,0.16315509501657172,0.1960412566945673,3000
168,3,evaluate,1.2594797002508284,0.6656666666666666,0.29019966428860283,0.19841621599328546,0.2330463141470421,3000
168,4,evaluate,1.9139769584574597,0.5523333333333333,0.25195584717181885,0.16601698717948715,0.19941495349127739,3000
168,5,evaluate,1.3488930235517786,0.6883333333333334,0.2683643430444097,0.20569561968215605,0.22820806504364916,3000
169,0,evaluate,1.4204530538396631,0.633,0.2923604343743298,0.1892252431206924,0.22899961866605018,3000
169,1,evaluate,1.574824962210148,0.6353333333333333,0.2520146202736295,0.1901945512820513,0.21656355072319,3000
169,2,evaluate,1.2459018648938929,0.6946666666666667,0.2794816317606156,0.20944881297914772,0.238454697304541,3000
169,3,evaluate,1.2632808178029162,0.672,0.27550908066554664,0.2017114043910929,0.2320732261458284,3000
169,4,evaluate,1.83734230538632,0.6116666666666667,0.2701412322746138,0.1828144883961904,0.2131483460924815,3000
169,5,evaluate,1.483664648329958,0.6426666666666667,0.24426909721903095,0.1929189729132384,0.21477498842257617,3000
170,0,evaluate,1.2719522904842457,0.7213333333333334,0.2656839269056503,0.21563284354677736,0.23440340507107787,3000
170,1,evaluate,0.8388055899041764,0.7893333333333333,0.2790559644073067,0.2373355236587454,0.2561493209785867,3000
170,2,evaluate,1.8201584207250716,0.5796666666666667,0.25206654329454553,0.1740849358974359,0.2044346980820297,3000
170,3,evaluate,1.299928862997826,0.6653333333333333,0.27525683513205496,0.19969394040387964,0.2308701703350998,3000
170,4,evaluate,1.6535904432864899,0.5886666666666667,0.2905930574556823,0.17481472716489355,0.212213973645963,3000
170,5,evaluate,1.946989267430407,0.5596666666666666,0.2505365163022731,0.16801632594532995,0.20037502371799856,3000
171,0,evaluate,1.645861547043983,0.6193333333333333,0.27057342832576914,0.1853082045451451,0.21611703628463402,3000
171,1,evaluate,1.0779359289940367,0.698,0.2739303911364237,0.2094924746711985,0.23722598776188503,3000
171,2,evaluate,1.2032008247172579,0.6673333333333333,0.2899708208265411,0.19950325513825834,0.23574726772137536,3000
171,3,evaluate,1.5064819645374379,0.626,0.24499880513434205,0.1879211808180856,0.2119638161622806,3000
171,4,evaluate,1.7235038090259471,0.596,0.25660201601454796,0.1781605769230769,0.20987850247988593,3000
171,5,evaluate,1.3407987533731665,0.6573333333333333,0.2797473545878054,0.1985771410980616,0.23050848486910147,3000
172,0,evaluate,1.3961005806922913,0.6353333333333333,0.2766258915996547,0.19072649998648863,0.2254736640052702,3000
172,1,evaluate,1.8693883748764688,0.525,0.2914572226045237,0.1556426125491291,0.1964448183734127,3000
172,2,evaluate,1.7131995875784691,0.594,0.252601702445968,0.1781551282051282,0.20778840493143158,3000
172,3,evaluate,0.7962031003008497,0.7996666666666666,0.27793916644247124,0.24057012406907802,0.2573584790849214,3000
172,4,evaluate,1.1576336920261383,0.7403333333333333,0.264101593479047,0.2213147795282225,0.23699654151099817,3000
172,5,evaluate,1.7766417239574677,0.588,0.2479231311771984,0.17656074429645346,0.2048600982335759,3000
173,0,evaluate,1.9880794870092513,0.548,0.2572605876116151,0.16420416666666665,0.20039304202708824,3000
173,1,evaluate,1.7713696094269449,0.583,0.2457454599441336,0.17501644345637798,0.20215552201173653,3000
173,2,evaluate,0.9664066066133216,0.7446666666666667,0.273815777076521,0.22341625657177686,0.2459486209000339,3000
173,3,evaluate,1.7002045157107901,0.622,0.2705329746269938,0.1859056201002241,0.21474882001016313,3000
173,4,evaluate,1.3087637652742101,0.674,0.28046125379543446,0.20348675034867503,0.23425643951314323,3000
173,5,evaluate,1.0239405809564794,0.7293333333333333,0.28997457522399417,0.21813400204401492,0.24848590411733884,3000
174,0,evaluate,1.3346551605995665,0.7046666666666667,0.2641248993302857,0.21050850331324691,0.2292376960712824,3000
174,1,evaluate,1.4884140466121918,0.6433333333333333,0.2524475185902854,0.1927224358974359,0.21852708354466416,3000
174,2,evaluate,0.890989528691515,0.7796666666666666,0.280678940692436,0.2346145906815363,0.25509320843785066,3000
174,3,evaluate,1.395942767883869,0.6386666666666667,0.27634650351713885,0.19184907587280903,0.22597738172274556,3000
174,4,evaluate,1.467459367944839,0.633,0.24840556618232612,0.18998738957828148,0.21521392159836808,3000
174,5,evaluate,1.8199871702397123,0.5326666666666666,0.29174608303149946,0.15818697005578283,0.20036073831621803,3000
175,0,evaluate,1.0093765379266535,0.7503333333333333,0.2810647955953557,0.22604782008547702,0.2498412690052354,3000
175,1,evaluate,1.5178401191183861,0.6713333333333333,0.2673958842876296,0.20052565860950441,0.22291322672512454,3000
175,2,evaluate,1.232083335835883,0.6826666666666666,0.2748370840178441,0.20491842539575783,0.23450290982965197,3000
175,3,evaluate,1.8652279427711,0.578,0.2525424142441577,0.17319326923076925,0.2038168654721087,3000
175,4,evaluate,1.8101391411842185,0.5856666666666667,0.24991127520925485,0.1758900506847973,0.20418884958307099,3000
175,5,evaluate,1.3516434912985944,0.6463333333333333,0.2907512073618701,0.19301949024447404,0.23075865884785376,3000
176,0,evaluate,1.4941791968142732,0.6746666666666666,0.26788779521925293,0.20169024476149167,0.2266738743965584,3000
176,1,evaluate,1.2782186016123345,0.6686666666666666,0.2751266861509056,0.20069171423166882,0.23186458451986597,3000
176,2,evaluate,1.6319978833198547,0.6136666666666667,0.25261931338723864,0.18389583333333331,0.21258918587886017,3000
176,3,evaluate,1.0526706829984138,0.7406666666666667,0.2802031894562894,0.22301686025535394,0.24793059891298835,3000
176,4,evaluate,1.6051763727309856,0.612,0.24656535619752953,0.1837157577615219,0.21005951515437465,3000
176,5,evaluate,1.4918540513261835,0.62,0.2915722960327557,0.18483510679109888,0.22417201374418613,3000
177,0,evaluate,1.7112870799734237,0.594,0.24629906560116818,0.17828650293159293,0.20601848262186923,3000
177,1,evaluate,1.5374671981689778,0.6676666666666666,0.2676876510143494,0.1996479978986753,0.22591726754492453,3000
177,2,evaluate,1.27310766945494,0.668,0.2901320773960428,0.1992085590643618,0.2342411247762918,3000
177,3,evaluate,1.8601618092110817,0.5753333333333334,0.2573613100543247,0.1724445512820513,0.20643027036156109,3000
177,4,evaluate,1.1220788080641564,0.7086666666666667,0.27445859244171666,0.2124643195927775,0.23939305466947675,3000
177,5,evaluate,1.1904023961817964,0.7126666666666667,0.2804806633425055,0.21452971949833874,0.2426424605539697,3000
178,0,evaluate,1.3921183766202723,0.6546666666666666,0.27707709052613294,0.19689208274158565,0.22885967536555052,3000
178,1,evaluate,1.510673095571234,0.649,0.24535450719826013,0.1948198918729151,0.2165964564104818,3000
178,2,evaluate,0.9885521683287113,0.7596666666666667,0.2818483490970612,0.22848376619297123,0.2521016702848396,3000
178,3,evaluate,1.5711567668204611,0.6366666666666667,0.25395858841567687,0.19062275641025642,0.21759125260418594,3000
178,4,evaluate,1.4864591068409858,0.6856666666666666,0.2690810321195888,0.20486294195403612,0.22795033400091613,3000
178,5,evaluate,1.775092956867624,0.5573333333333333,0.29152854553114194,0.16596847771294135,0.20865975919205634,3000
179,0,evaluate,1.1975835193978979,0.6943333333333334,0.2763987364278637,0.20818311870282907,0.23745009069316397,3000
179,1,evaluate,1.7882571879853593,0.5786666666666667,0.24738194763971544,0.17366615345061992,0.20378262723582335,3000
179,2,evaluate,1.2247087524292317,0.683,0.29141862880225033,0.2040832028275453,0.23914886465341945,3000
179,3,evaluate,1.7829301610906074,0.583,0.256081946751753,0.17497147435897437,0.20751227472163175,3000
179,4,evaluate,1.067938841403799,0.7273333333333334,0.2787716999613107,0.2191019620935939,0.24485446890719514,3000
179,5,evaluate,1.5626580360087943,0.6546666666666666,0.26890159298238847,0.1956863399517972,0.2223443078427291,3000
180,0,evaluate,1.5971136727231614,0.634,0.25457911613660633,0.18987532051282052,0.21744742288427021,3000
180,1,evaluate,0.9620133511563564,0.762,0.27993160743153556,0.22924869729263034,0.25149838830860594,3000
180,2,evaluate,1.3799154821862565,0.6543333333333333,0.27563886012809513,0.19673870395002196,0.22827467573442628,3000
180,3,evaluate,1.4374510493684323,0.698,0.2673650288463846,0.20859301880763045,0.2301093502455968,3000
180,4,evaluate,1.8203172658352142,0.5416666666666666,0.2926726083297119,0.1611783171404864,0.20473738433112382,3000
180,5,evaluate,1.5089406624753425,0.6476666666666666,0.2490494593764491,0.19439592996035923,0.2175606332636578,3000
181,0,evaluate,1.294295553197252,0.685,0.2772468554384331,0.2056595210572091,0.2356116555755638,3000
181,1,evaluate,1.3340080786258617,0.674,0.2908021801239626,0.2016338338918192,0.23728551753043944,3000
181,2,evaluate,1.591458148144661,0.6533333333333333,0.2710493452468702,0.19525292722421486,0.22206346703281823,3000
181,3,evaluate,1.8922240150735734,0.57,0.24768935325326305,0.17107704572773036,0.20159576972924378,3000
181,4,evaluate,1.0571992600217779,0.7343333333333333,0.28035077973324507,0.22111280063685923,0.24685389116950063,3000
181,5,evaluate,1.8691322042586955,0.5896666666666667,0.25654424944490944,0.17716826923076923,0.2087345205545157,3000
182,0,evaluate,1.0875411724790613,0.7276666666666667,0.27885737710919034,0.21895700616934927,0.24465150716946868,3000
182,1,evaluate,1.56420839086492,0.6016666666666667,0.29063269726541324,0.17888254901395195,0.21706237770633896,3000
182,2,evaluate,1.5949177944913824,0.6256666666666667,0.24832003995023744,0.18781551027869056,0.21370940949939748,3000
182,3,evaluate,1.2460900253437934,0.6776666666666666,0.27456938631202393,0.20317962706636283,0.23353997321307257,3000
182,4,evaluate,1.7182037094806104,0.611,0.2560717492793171,0.18276891025641023,0.21299811016975023,3000
182,5,evaluate,1.5420885872333607,0.6693333333333333,0.2680474502096099,0.20001937368802886,0.22503804880075645,3000
183,0,evaluate,1.7843429687175345,0.5883333333333334,0.24913949449652312,0.17663728288439814,0.2054061345960597,3000
183,1,evaluate,1.0291748750717082,0.7393333333333333,0.27979255762917765,0.22262020313798553,0.24749672442439263,3000
183,2,evaluate,1.16354985440031,0.706,0.2749680072869808,0.21174234591291277,0.23915945647448061,3000
183,3,evaluate,1.4832293201000133,0.674,0.26985821224344136,0.20147609017348883,0.22676098998359243,3000
183,4,evaluate,1.8203769237437146,0.5816666666666667,0.25572116774791376,0.17433557692307694,0.2065992692088813,3000
183,5,evaluate,1.343359131762322,0.6566666666666666,0.29046948955818946,0.1956900041698571,0.2312006714285019,3000
184,0,evaluate,1.478849763565875,0.6756666666666666,0.26770522064107805,0.2019511930600982,0.22602146702774153,3000
184,1,evaluate,1.6168342372204394,0.623,0.24957824296499656,0.18699920431181885,0.2136567560058391,3000
184,2,evaluate,1.3909979424578078,0.6556666666666666,0.2790698204888874,0.1966574037765761,0.23053685566206647,3000
184,3,evaluate,1.5585102071153356,0.6056666666666667,0.2915479439878103,0.18061934845354533,0.22131147713651092,3000
184,4,evaluate,1.6274146424963118,0.6323333333333333,0.25432608415573255,0.18940641025641025,0.2169078877189356,3000
184,5,evaluate,0.9908191935813173,0.759,0.2807277748596122,0.22837671802106949,0.25157214148202045,3000
185,0,evaluate,1.777595728001696,0.595,0.2500545665437254,0.17858598389669625,0.20695439659284318,3000
185,1,evaluate,2.033487416328268,0.556,0.2578619976626676,0.16641506410256407,0.2022137200198101,3000
185,2,evaluate,1.0018172162644408,0.7443333333333333,0.27364200231889835,0.22323498822509732,0.24582637387919992,3000
185,3,evaluate,1.250210367618723,0.704,0.28146861289382175,0.2122926236158454,0.24048543063064987,3000
185,4,evaluate,1.5461483813346701,0.6733333333333333,0.2704890404049592,0.2013316893257921,0.22646896856669757,3000
185,5,evaluate,1.229768767001781,0.697,0.2907615288674662,0.2078323472864109,0.2401031264205808,3000
186,0,evaluate,2.1034749492685845,0.5016666666666667,0.29337566181748054,0.14945736002459128,0.19560544704562471,3000
186,1,evaluate,1.5408087664462151,0.6326666666666667,0.24768906792361803,0.18993860048239952,0.2147500507323366,3000
186,2,evaluate,1.7480788788896926,0.588,0.2777143245699202,0.1768212399628087,0.21503122409669104,3000
186,3,evaluate,1.4450180961730632,0.693,0.26794695441794353,0.20716565762270775,0.2299983555427873,3000
186,4,evaluate,1.4398280153883265,0.667,0.2501174349211395,0.1997705128205128,0.2215094737440415,3000
186,5,evaluate,0.8887342151175154,0.7916666666666666,0.2809249965354619,0.23807236330771894,0.25760720098918677,3000
187,0,evaluate,1.9066449657399605,0.571,0.250575009771524,0.17141242003473986,0.20039078638629482,3000
187,1,evaluate,0.8639331599499317,0.775,0.27216225690226825,0.23233424740206515,0.25067606788277824,3000
187,2,evaluate,1.787979767677632,0.6326666666666667,0.27211792594192985,0.18916270991775982,0.2192655032959491,3000
187,3,evaluate,2.268192453587309,0.5256666666666666,0.2607758215772957,0.15753397435897437,0.19634055014821625,3000
187,4,evaluate,1.0214185676676162,0.751,0.29069950354727503,0.22412550170039608,0.25142719560084237,3000
187,5,evaluate,1.455039805554329,0.6643333333333333,0.2822187975359067,0.20031894566413397,0.23319611935818568,3000
188,0,evaluate,1.9103765234034111,0.5463333333333333,0.28097760321221854,0.16414856504320136,0.20626609276408886,3000
188,1,evaluate,0.7491423005753375,0.8223333333333334,0.28032602066813833,0.24734826353550204,0.2626577334443627,3000
188,2,evaluate,1.4047601222991943,0.6676666666666666,0.25177891957227877,0.20025897435897436,0.22235865955165918,3000
188,3,evaluate,1.240211083533916,0.7393333333333333,0.2659646976703568,0.22099475218042902,0.23762582638094223,3000
188,4,evaluate,1.644241911299685,0.6043333333333333,0.24573627711031235,0.1813753324215302,0.20838046447378938,3000
188,5,evaluate,2.349245675066684,0.43666666666666665,0.29251275580878894,0.12961983597931614,0.17579235604764049,3000
189,0,evaluate,2.394878417887586,0.49166666666666664,0.26110185838932376,0.14739839743589744,0.18837108598206517,3000
189,1,evaluate,0.8091946022307619,0.7953333333333333,0.27175686667408655,0.23844934880234278,0.2539215219967068,3000
189,2,evaluate,1.9741950009731537,0.5766666666666667,0.2738263306640005,0.1724250661523426,0.20646673524160844,3000
189,3,evaluate,1.9879712957016966,0.559,0.25252014958099667,0.16777995589134517,0.1978701183600842,3000
189,4,evaluate,1.6431737085606188,0.6083333333333333,0.2834036307384733,0.1838743854434231,0.22095896513496854,3000
189,5,evaluate,0.8463507649746347,0.786,0.28965562367946907,0.23491999607299624,0.25841392260800805,3000
190,0,evaluate,1.161735989946,0.7603333333333333,0.26474036345343643,0.2273454382927393,0.24152964863334286,3000
190,1,evaluate,1.6400725080611858,0.6353333333333333,0.25084188166079785,0.19070051091254778,0.21585759241896857,3000
190,2,evaluate,2.491738463969941,0.4666666666666667,0.28146211193946813,0.14034623218126444,0.1860007547319646,3000
190,3,evaluate,3.283103557343179,0.31866666666666665,0.2935972609480072,0.09411212321015217,0.1361901697892245,3000
190,4,evaluate,0.68114402604864,0.8456666666666667,0.2817858937858677,0.25418565980804475,0.26717658761705254,3000
190,5,evaluate,1.3520139671386557,0.695,0.25209338806809467,0.20823717948717949,0.22734881541218716,3000
191,0,evaluate,2.1177027377676456,0.5396666666666666,0.24935328398330925,0.16195894043216308,0.19205325726697672,3000
191,1,evaluate,2.5373483870891813,0.47633333333333333,0.25827884617063923,0.14295801282051282,0.18393724284392715,3000
191,2,evaluate,1.6302080395373892,0.613,0.2825323972412087,0.1850775947794776,0.2221053382780084,3000
191,3,evaluate,2.0043085331612445,0.5676666666666667,0.2743714234121132,0.1696657914515056,0.20477632260229206,3000
191,4,evaluate,0.8198204154663897,0.7856666666666666,0.28839150625352106,0.2348407622166558,0.25775020705561114,3000
191,5,evaluate,0.7879455641229102,0.798,0.2728380909408233,0.23925330192692057,0.25468922019364576,3000
192,0,evaluate,2.720605282073325,0.384,0.29409575931315063,0.11404848798274056,0.16102527730918698,3000
192,1,evaluate,1.572423978054777,0.634,0.2488910021114179,0.1902896202615072,0.2156422554992808,3000
192,2,evaluate,1.4136620252690417,0.675,0.24899245164593758,0.202675641025641,0.2222972705983933,3000
192,3,evaluate,1.2954426420495866,0.7293333333333333,0.2653699912520084,0.2179696555218232,0.23512977596498968,3000
192,4,evaluate,0.6844976893130769,0.8366666666666667,0.28071082265615216,0.251528168186118,0.26520591890243617,3000
192,5,evaluate,2.162520535448764,0.52,0.28297407773516625,0.15667635581524061,0.19926805459482283,3000
193,0,evaluate,2.7503863192619162,0.428,0.2571250423901617,0.12857596153846154,0.17078305504614716,3000
193,1,evaluate,2.39081649577364,0.49733333333333335,0.2485969613863456,0.14932694588694143,0.17949050741827804,3000
193,2,evaluate,0.7520178087214207,0.803,0.272993477826004,0.24060687668329067,0.25553529067384667,3000
193,3,evaluate,1.7544049354309732,0.6183333333333333,0.2706309057315319,0.18487036783916766,0.21466119321193444,3000
193,4,evaluate,0.8124011862785259,0.7966666666666666,0.2904016937948936,0.23797674727577034,0.26037369994402426,3000
193,5,evaluate,1.4692217365224312,0.647,0.28239321205235696,0.19538628212791392,0.22884934907863555,3000
194,0,evaluate,1.4007152813546202,0.705,0.2651814649732445,0.21069170575879798,0.23077717051130625,3000
194,1,evaluate,0.8147651147335133,0.8133333333333334,0.2815159352734346,0.2445507746239964,0.26158529620304105,3000
194,2,evaluate,2.8591308137203786,0.36,0.29232792223233084,0.10709288972668637,0.154620658848836,3000
194,3,evaluate,1.40812637704484,0.6716666666666666,0.2481378180963127,0.2016079453741174,0.22196555967369905,3000
194,4,evaluate,1.2693858032530927,0.7136666666666667,0.2514575869156289,0.2137608974358974,0.23052791292001418,3000
194,5,evaluate,2.311647848880037,0.48633333333333334,0.2813412409002872,0.14645416014868504,0.18919616730590602,3000
195,0,evaluate,0.7559618594798636,0.8016666666666666,0.27347735711715415,0.24038018143258483,0.25562946470024345,3000
195,1,evaluate,1.496901405618546,0.6373333333333333,0.28279819944317885,0.19190070973543777,0.22735283380916763,3000
195,2,evaluate,2.2817387504780546,0.5043333333333333,0.2491829228858815,0.15129482462307614,0.18111597447561836,3000
195,3,evaluate,2.7107260886659015,0.44233333333333336,0.2567798014568745,0.13323173076923076,0.17379562126467313,3000
195,4,evaluate,1.8869546956204353,0.593,0.27394353958481255,0.17715001653514698,0.2106480723436158,3000
195,5,evaluate,0.8163481633713905,0.7853333333333333,0.28827772783870464,0.2345589710068896,0.2571899269180673,3000
196,0,evaluate,2.0256873419944275,0.5203333333333333,0.2827355756830974,0.15637914225863953,0.2006855221677645,3000
196,1,evaluate,1.310941347416411,0.7193333333333334,0.26523435376962795,0.2150427070177941,0.23283944660598682,3000
196,2,evaluate,1.3805010686529444,0.6873333333333334,0.24970816549282512,0.20613012820512822,0.22522013472846777,3000
196,3,evaluate,0.7900960800495553,0.822,0.27964496645356207,0.24752610126564104,0.2618130787312065,3000
196,4,evaluate,1.610270028418683,0.6253333333333333,0.24790921544984687,0.18768850032259685,0.21321651182565216,3000
196,5,evaluate,2.4668468465196325,0.425,0.29366327030675726,0.12624930241771215,0.17311347931527254,3000
197,0,evaluate,0.7989220302155677,0.7956666666666666,0.2724294829808363,0.23845895227886654,0.25411450183500645,3000
197,1,evaluate,1.6769309652612565,0.6096666666666667,0.2824951749464095,0.18389140410583926,0.2217835453823321,3000
197,2,evaluate,0.8106375311283355,0.7906666666666666,0.28947897464538475,0.23643239688522827,0.2595253814067116,3000
197,3,evaluate,1.974171240279015,0.552,0.24761291420889547,0.1656918204892246,0.19611614412106632,3000
197,4,evaluate,2.3201878324468086,0.5153333333333333,0.2630926917920453,0.15439807692307692,0.19457621028280284,3000
197,5,evaluate,2.1718632312531168,0.5463333333333333,0.2761057892008305,0.16327828883933054,0.2008598914022203,3000
198,0,evaluate,1.3629260126580582,0.6966666666666667,0.25054547283264084,0.20889903846153848,0.22684365041542187,3000
198,1,evaluate,3.48042320190592,0.2773333333333333,0.29401581338069016,0.0825698269757921,0.12780679167360603,3000
198,2,evaluate,1.1325304007276575,0.756,0.26461564220256395,0.22597235772808313,0.23987983236155658,3000
198,3,evaluate,1.7020750882777762,0.6193333333333333,0.24969486236339006,0.1859025195004327,0.2121117748071827,3000
198,4,evaluate,3.000364861589797,0.3893333333333333,0.28313329413993893,0.11741207255301708,0.1632030416407388,3000
198,5,evaluate,0.6508338514794695,0.852,0.2814082666728085,0.25600616306683255,0.26799850970600253,3000
199,0,evaluate,2.1242953133075795,0.5356666666666666,0.24960325072091044,0.16077574170431214,0.18783827908056822,3000
199,1,evaluate,1.8477441529010206,0.5656666666666667,0.27977221049339274,0.1712291939279387,0.20947218599646558,3000
199,2,evaluate,0.7514678620277567,0.809,0.2731700380021739,0.2426845445019261,0.25683867317597264,3000
199,3,evaluate,2.086866759239359,0.549,0.2777342500397033,0.16415660531377008,0.20084134578027407,3000
199,4,evaluate,2.65497014877644,0.446,0.26185742547919855,0.1337224358974359,0.17690996165549258,3000
199,5,evaluate,0.7269614941262185,0.809,0.2887763183673905,0.24206349934413768,0.2628037621591231,3000
200,0,evaluate,1.3337996196239552,0.729,0.26594562014721945,0.21790619611177497,0.23497495117285813,3000
200,1,evaluate,2.152261143035077,0.5173333333333333,0.2812360066833751,0.1555813604241167,0.1987354330028046,3000
200,2,evaluate,0.7607837484237996,0.8276666666666667,0.2813504780453445,0.24899478827303093,0.2639145013589684,3000
200,3,evaluate,1.3534402745835326,0.702,0.25266866102852553,0.2103089743589744,0.2286103805469938,3000
200,4,evaluate,1.5213787466921704,0.6556666666666666,0.2513186556100666,0.19683455421878016,0.22027927190132784,3000
200,5,evaluate,2.7441285620344447,0.38266666666666665,0.2929851742622004,0.11331371719992915,0.15807588160376057,3000
201,0,evaluate,2.6476914096385875,0.45066666666666666,0.26289022977552606,0.13594903846153844,0.1767436715549882,3000
201,1,evaluate,2.2915242834294096,0.5016666666666667,0.2515664743030146,0.15047756361517778,0.18155424427108238,3000
201,2,evaluate,1.7453377678039226,0.6256666666666667,0.2720738973393451,0.18700940551092132,0.21797373142530066,3000
201,3,evaluate,0.78885610433335,0.7983333333333333,0.27428783410580804,0.23925928896201704,0.255411053087891,3000
201,4,evaluate,0.8744107453112907,0.7723333333333333,0.2897536981693113,0.23053022195989664,0.25505812760208124,3000
201,5,evaluate,1.340605837233523,0.6713333333333333,0.2822807742628646,0.20213049645581024,0.23486973746879528,3000
202,0,evaluate,1.3144392168268244,0.7303333333333333,0.26736376040897813,0.21845729934976563,0.23746978404175972,3000
202,1,evaluate,0.8359110380740876,0.8076666666666666,0.2819007500762793,0.24304997989621419,0.26059407106264787,3000
202,2,evaluate,2.561320462125413,0.413,0.29398849243914416,0.12289328646513682,0.1711023801225898,3000
202,3,evaluate,1.4776879992890866,0.6686666666666666,0.2493825076767807,0.20074121164096964,0.22190669513250594,3000
202,4,evaluate,1.3377414764241968,0.706,0.25268352416749307,0.21126314102564106,0.22947941517593043,3000
202,5,evaluate,2.104639634172967,0.5166666666666667,0.2828405905352993,0.1554617870629199,0.19901140625924615,3000
203,0,evaluate,0.8397882174938283,0.7823333333333333,0.28981426173976627,0.23343405800045297,0.2565855390116875,3000
203,1,evaluate,1.4125941509896136,0.6613333333333333,0.2826555520813716,0.1993349259301142,0.23223740187090494,3000
203,2,evaluate,2.6471146015410727,0.45866666666666667,0.26153691430298664,0.13782115384615384,0.1802308761918052,3000
203,3,evaluate,1.6894840382515115,0.6326666666666667,0.27116407639099804,0.18919451190183942,0.21981801897623948,3000
203,4,evaluate,2.282949054494817,0.514,0.25263412828761245,0.15427668401779204,0.1861905481092577,3000
203,5,evaluate,0.7514298558235168,0.8023333333333333,0.27227387335553466,0.24031765855084125,0.2549370590177474,3000
204,0,evaluate,1.4357989886973768,0.707,0.269119613698261,0.21126716578797508,0.23189024903330982,3000
204,1,evaluate,1.9882354127599837,0.549,0.28103196278511405,0.1655089451228483,0.20515346600334355,3000
204,2,evaluate,1.2844994017418394,0.717,0.25366470995124785,0.2147477564102564,0.23246939842396844,3000
204,3,evaluate,0.8579603985269019,0.805,0.28200768824124295,0.24220504874270565,0.26024488848156824,3000
204,4,evaluate,2.521255526136845,0.418,0.29164986090647804,0.1244177267686311,0.17173869732662342,3000
204,5,evaluate,1.3088078765158957,0.6936666666666667,0.2502513367428169,0.20818799343982217,0.22719952840843258,3000
205,0,evaluate,0.8295617902532537,0.7886666666666666,0.28990962954738947,0.2355655616281534,0.25852336569553247,3000
205,1,evaluate,2.21498027507295,0.513,0.25269900934201506,0.15398438806134235,0.18581274117957766,3000
205,2,evaluate,1.7545228232728673,0.6066666666666667,0.272185717848866,0.1813650647423758,0.2124194442641368,3000
205,3,evaluate,2.5671591581182276,0.459,0.26046487675383656,0.1380772435897436,0.17973290624039845,3000
205,4,evaluate,1.4001089131578486,0.6476666666666666,0.28156314593049353,0.19565987086907588,0.22894688787392292,3000
205,5,evaluate,0.7836684838254401,0.7923333333333333,0.272426242632391,0.23739741182334342,0.25348776446989785,3000
206,0,evaluate,1.4909095637341763,0.6423333333333333,0.25044985736229974,0.1928050583196953,0.21780673833433767,3000
206,1,evaluate,1.3128623150764627,0.721,0.26846213825309395,0.21557524849414217,0.23511297617433496,3000
206,2,evaluate,1.8496863182554855,0.5603333333333333,0.28089934329086097,0.16852128349942302,0.2087742688873913,3000
206,3,evaluate,1.4084766253511956,0.677,0.25068967186523544,0.20301185897435897,0.22374525748313706,3000
206,4,evaluate,0.7969932581516023,0.808,0.28104358184752687,0.24313584729379709,0.2604024343819328,3000
206,5,evaluate,2.169105646458078,0.46266666666666667,0.2930750166072831,0.1380161394213597,0.18648898726555765,3000
207,0,evaluate,2.1798567543638514,0.5323333333333333,0.2618826412429061,0.1597403846153846,0.19838244271165956,3000
207,1,evaluate,1.3259166060610021,0.6726666666666666,0.2819982069789628,0.20279112794803172,0.2349884939420248,3000
207,2,evaluate,0.9217362847734005,0.7623333333333333,0.2908682053928739,0.2275743616738664,0.25370146504068625,3000
207,3,evaluate,1.78365569672686,0.6226666666666667,0.27262224869252305,0.18605629737098014,0.21595373500482978,3000
207,4,evaluate,1.9331749474748652,0.554,0.24858641599088319,0.16626790073647985,0.19785294198687614,3000
207,5,evaluate,0.8652642014178824,0.7826666666666666,0.2759526254870315,0.23445824918756672,0.25316686971973357,3000
208,0,evaluate,1.4925832076275602,0.6806666666666666,0.2545542181135987,0.20395512820512823,0.22529775697488436,3000
208,1,evaluate,0.8341131457623016,0.8053333333333333,0.28228085845237566,0.24241462397843155,0.26027842309253924,3000
208,2,evaluate,1.4193898312588955,0.7046666666666667,0.2669131522295664,0.2106239036030094,0.23078140062712088,3000
208,3,evaluate,1.9735775323624307,0.521,0.2930084431364096,0.15546810553749724,0.20203010721485906,3000
208,4,evaluate,1.5883210948173037,0.6343333333333333,0.24982148429573964,0.1904441641004014,0.21568156583290649,3000
208,5,evaluate,1.725171427777473,0.597,0.280453070092586,0.1793491571411557,0.2181311398582725,3000
209,0,evaluate,1.2825441550701222,0.69,0.28092217473694947,0.2079397052461906,0.23807760921495208,3000
209,1,evaluate,1.1122932307263638,0.713,0.2907571816278941,0.21252144565058306,0.24285179872985396,3000
209,2,evaluate,1.607523593496769,0.6666666666666666,0.27069986463650253,0.1993613496689534,0.22646850938946406,3000
209,3,evaluate,0.9218060989329155,0.764,0.27445311008266415,0.22915210972427813,0.2496230470242325,3000
209,4,evaluate,1.9253080144841621,0.5753333333333334,0.25137172927881724,0.17268665927350907,0.20132565066675698,3000
209,5,evaluate,2.1812164022567426,0.5376666666666666,0.2609277898233735,0.1613003205128205,0.19925684568913615,3000
210,0,evaluate,0.8599238294236203,0.798,0.2820001786619404,0.24005166628074578,0.25912510341839307,3000
210,1,evaluate,1.8576509648181023,0.5703333333333334,0.2819413343089209,0.17151480525121626,0.21179240919464074,3000
210,2,evaluate,2.0895132080037544,0.5053333333333333,0.2920947083728126,0.15089667254025022,0.19814521047717898,3000
210,3,evaluate,1.4568958104924952,0.7026666666666667,0.2688094481625086,0.21000784505363312,0.2312775101505446,3000
210,4,evaluate,1.5519524457606864,0.6506666666666666,0.2518044425087108,0.19532990348199375,0.21970766354276935,3000
210,5,evaluate,1.457340434510657,0.681,0.25281717543643123,0.20401410256410255,0.22488822986060003,3000
211,0,evaluate,2.0244294100619378,0.5563333333333333,0.2495994679673966,0.16696096870929383,0.19840631011244886,3000
211,1,evaluate,0.8747039462657685,0.7743333333333333,0.290564862515214,0.2314062002784988,0.2567315103941869,3000
211,2,evaluate,1.470505157683758,0.6483333333333333,0.2817940631044281,0.19584249895442363,0.22872078747658836,3000
211,3,evaluate,0.8800340783088765,0.779,0.2755706133091761,0.23335639743023884,0.25229963090387975,3000
211,4,evaluate,2.3941801279149155,0.5086666666666667,0.2618708871095707,0.15236378205128207,0.19254320344145656,3000
211,5,evaluate,1.7903715169176142,0.633,0.2724686694542586,0.18923648747560035,0.2178391096468129,3000
212,0,evaluate,1.9220411447768515,0.5526666666666666,0.2814178713613894,0.16620727341694366,0.20784094934784897,3000
212,1,evaluate,1.41792482771772,0.679,0.2545717355585434,0.20325288461538463,0.22506242914846403,3000
212,2,evaluate,1.5096809027042795,0.65,0.2485243603823087,0.1951399056200656,0.21822068090064012,3000
212,3,evaluate,0.7719069129609047,0.822,0.2814201889834268,0.247227977379651,0.262891204364618,3000
212,4,evaluate,2.494028329849243,0.4216666666666667,0.2916905336767767,0.12492110261633742,0.169409851572662,3000
212,5,evaluate,1.3110184250993933,0.7363333333333333,0.264506150166567,0.22001700593621631,0.23504249746278744,3000
213,0,evaluate,0.7981183211854164,0.7983333333333333,0.2893775604508806,0.2383780586092652,0.2599442615977221,3000
213,1,evaluate,2.30749648175341,0.5183333333333333,0.2510729027219991,0.15560202625184374,0.1855440989080316,3000
213,2,evaluate,0.7506248754389743,0.8163333333333334,0.2737881503806219,0.2445521946957391,0.25807033710141003,3000
213,3,evaluate,1.873445158309125,0.6096666666666667,0.2727480645149881,0.18234304868213974,0.21501311457414332,3000
213,4,evaluate,2.731715400168236,0.448,0.26415510581389184,0.1345721153846154,0.17809370293315935,3000
213,5,evaluate,1.6112528075563146,0.618,0.2822080200452776,0.1865445428991454,0.22294023183921324,3000
214,0,evaluate,1.3134492851318198,0.715,0.2654718317697934,0.21378773683232924,0.23415262788242633,3000
214,1,evaluate,1.241622195598927,0.724,0.25224759402766245,0.2166522435897436,0.23281257113884232,3000
214,2,evaluate,2.9111517287315207,0.3586666666666667,0.2916037198967555,0.10700859525716207,0.15574834183810987,3000
214,3,evaluate,1.4053772700593827,0.682,0.2508192054197491,0.20468790678309962,0.22461161765604315,3000
214,4,evaluate,2.4420458002293364,0.4653333333333333,0.28118476305847684,0.14030895312958197,0.1841613788379368,3000
214,5,evaluate,0.801581786351001,0.8136666666666666,0.28112476712790224,0.24452623947916835,0.26152106856450286,3000
215,0,evaluate,0.7728238042364729,0.7996666666666666,0.28863737210333185,0.23891097733907501,0.26038523289079774,3000
215,1,evaluate,1.707205741963488,0.619,0.27043174163631073,0.18516566394524933,0.21593370008896523,3000
215,2,evaluate,0.7624882041139805,0.804,0.2739957945522817,0.24080205212583783,0.2557276472235614,3000
215,3,evaluate,2.90227694714323,0.4046666666666667,0.2641517292874142,0.12173493589743589,0.16583765514880633,3000
215,4,evaluate,2.534985691943067,0.4686666666666667,0.2522219847003129,0.14069332100368367,0.17391540387282617,3000
215,5,evaluate,1.5104923311700211,0.6243333333333333,0.2823331229928024,0.18856966275899328,0.22406537826680945,3000
216,0,evaluate,1.3056545219522842,0.7163333333333334,0.25325674953076954,0.21474230769230768,0.23170511615239353,3000
216,1,evaluate,3.0033286226556655,0.3596666666666667,0.2924507891582064,0.10694458931879895,0.1539647097554246,3000
216,2,evaluate,0.7216562235609014,0.838,0.2805199089719982,0.2519626993999379,0.2653672549647995,3000
216,3,evaluate,2.3991332333138646,0.49066666666666664,0.28024426430629235,0.14796784365651514,0.19059850996337793,3000
216,4,evaluate,1.4625408509944349,0.6743333333333333,0.25271699501319994,0.20239586642162974,0.22454660105343854,3000
216,5,evaluate,1.3917758369699438,0.7273333333333334,0.2668401557382102,0.2173287766949436,0.23446242971834028,3000
217,0,evaluate,1.5298212969556768,0.6393333333333333,0.2816318679434143,0.19322552902573822,0.2266814399507287,3000
217,1,evaluate,2.501189181145201,0.477,0.26481636914822027,0.14305192307692308,0.18573700685804023,3000
217,2,evaluate,2.011158808748773,0.552,0.2531159001074255,0.16570945134661094,0.1952222039848815,3000
217,3,evaluate,1.8067808975564672,0.626,0.27099696013804075,0.1872083783960314,0.21672110239810408,3000
217,4,evaluate,0.7816454070679685,0.7963333333333333,0.27622102526483594,0.23865184420097302,0.25596692886194183,3000
217,5,evaluate,0.8545776776810909,0.7836666666666666,0.29018533538790964,0.23414876032667103,0.2581707550829242,3000
218,0,evaluate,1.909315712908481,0.5443333333333333,0.2800675543541935,0.16361540535590433,0.2057022305422945,3000
218,1,evaluate,0.8237587936381077,0.809,0.28170085277827406,0.24332554311633814,0.2608380344818701,3000
218,2,evaluate,2.4636488772453147,0.427,0.2923582331646848,0.12666868030054626,0.17215322062796157,3000
218,3,evaluate,1.410025583936813,0.7116666666666667,0.26548116974067193,0.21272992880407995,0.232500444343888,3000
218,4,evaluate,1.2747683930904308,0.716,0.2548881073395089,0.21450929487179488,0.23246914554033515,3000
218,5,evaluate,1.3973660608555407,0.668,0.25064947767218104,0.20050008668272373,0.2223523037104247,3000
219,0,evaluate,0.8586512753304015,0.787,0.28884185587529027,0.23535134272672628,0.2586234334488082,3000
219,1,evaluate,1.3768987579548613,0.6703333333333333,0.28398932280380845,0.2024085165560061,0.23475810901004443,3000
219,2,evaluate,1.9466060577554907,0.5953333333333334,0.27085733919316973,0.17785533766718883,0.20861508442396876,3000
219,3,evaluate,2.5059540829759963,0.4756666666666667,0.2607849894793819,0.14329583333333332,0.18342122223571333,3000
219,4,evaluate,2.2808116370059075,0.512,0.2548741062989073,0.15365583094718582,0.1873128066113234,3000
219,5,evaluate,0.8784991046215626,0.785,0.2750592785094257,0.23520481304777316,0.2529706139639649,3000
220,0,evaluate,1.4355649060391364,0.6776666666666666,0.25565053586017483,0.20336869431237026,0.22651058444575173,3000
220,1,evaluate,2.274408482490702,0.47333333333333333,0.29365255053452144,0.14035044962666637,0.18443812716894006,3000
220,2,evaluate,0.8194903534777621,0.816,0.2813765694129967,0.24535297401406186,0.2620123009878389,3000
220,3,evaluate,1.7410038709640503,0.5903333333333334,0.2799776862580855,0.17744670527913975,0.21602973272830833,3000
220,4,evaluate,1.3936717738496496,0.7263333333333334,0.2671762265150627,0.21708525490161792,0.23558751658101737,3000
220,5,evaluate,1.3970147688338097,0.6946666666666667,0.25608753184893684,0.20807788461538462,0.22943993378637337,3000
221,0,evaluate,1.721641517700033,0.6523333333333333,0.2707231350179863,0.19501397806904397,0.22235441246651827,3000
221,1,evaluate,2.1369325074743717,0.538,0.2541492259148307,0.16145692936677175,0.19317786071643767,3000
221,2,evaluate,0.9350677842789508,0.765,0.2898606377507273,0.22842404904517108,0.2541716030487361,3000
221,3,evaluate,2.468782749581844,0.49066666666666664,0.26199467417328876,0.14752820512820514,0.18826322405277418,3000
221,4,evaluate,1.3071037771853995,0.6923333333333334,0.28337832324368434,0.20882807493686156,0.23895623598969742,3000
221,5,evaluate,0.8551287169152118,0.7903333333333333,0.27702782651706737,0.23684549075772726,0.25505840551341324,3000
222,0,evaluate,1.3567192643246753,0.734,0.2660189003389416,0.21935186345559052,0.23573654900967234,3000
222,1,evaluate,0.7650841423805724,0.8263333333333334,0.28115552843047503,0.24849312477450552,0.2636429749499268,3000
222,2,evaluate,1.3832350855178022,0.6916666666666667,0.2548755328361437,0.2071326923076923,0.22784012118922142,3000
222,3,evaluate,2.4644702825140445,0.42766666666666664,0.2939009585331477,0.1269706539609241,0.17298286486361833,3000
222,4,evaluate,1.9434312505924956,0.534,0.2797836879432624,0.16041760760799834,0.2018008456140164,3000
222,5,evaluate,1.4487626210172126,0.6606666666666666,0.2532533384316913,0.1983233598748935,0.22210411634922825,3000
223,0,evaluate,2.285868193240876,0.5073333333333333,0.2631570090736456,0.15256634615384615,0.1925507575101272,3000
223,1,evaluate,1.402801903004342,0.655,0.2831578207163768,0.1978256499177001,0.23111043267777315,3000
223,2,evaluate,2.029821824520192,0.5546666666666666,0.2539238521059076,0.16647353947030857,0.19766711066465273,3000
223,3,evaluate,1.891223040032894,0.6016666666666667,0.27343801949965163,0.17994685663689947,0.2122243821756924,3000
223,4,evaluate,0.8593371726096944,0.7776666666666666,0.2728818744227956,0.2330806131956976,0.2510726039296753,3000
223,5,evaluate,0.8844109900454258,0.7763333333333333,0.2902091272984063,0.23207000367453406,0.2569543241879655,3000
224,0,evaluate,2.553081877688144,0.423,0.293229821578832,0.1252641206343762,0.1695132151733645,3000
224,1,evaluate,1.8980324826341994,0.5563333333333333,0.28173290250570726,0.1672945287987197,0.20879927369210374,3000
224,2,evaluate,1.4527059400335272,0.6633333333333333,0.2526896176204166,0.1990661123820557,0.22249691273909772,3000
224,3,evaluate,1.3454609183554953,0.7033333333333334,0.2552449758493805,0.21082307692307692,0.23075131886208702,3000
224,4,evaluate,0.7604455744966547,0.832,0.28226132637249524,0.25016354519492595,0.2651022863912338,3000
224,5,evaluate,1.3570188385375002,0.7326666666666667,0.26596055977466637,0.2189888542295117,0.23591460594926975,3000
225,0,evaluate,2.2529383491962514,0.5376666666666666,0.2571370646546002,0.1614828884819234,0.19246390068032598,3000
225,1,evaluate,0.8479232312516963,0.793,0.2740299451998121,0.23755875421229256,0.2539944364511604,3000
225,2,evaluate,1.4590854898412178,0.664,0.2858108365175024,0.20050767668445496,0.23387752313508234,3000
225,3,evaluate,2.5499758365306446,0.47733333333333333,0.2653342921496444,0.14321602564102562,0.18513438828956766,3000
225,4,evaluate,0.830328235600857,0.7883333333333333,0.2899903562473315,0.23564170812980376,0.259124061381211,3000
225,5,evaluate,1.7683509106331683,0.6326666666666667,0.2726129650923258,0.18925282234205326,0.2192947324915045,3000
226,0,evaluate,1.3969468943616177,0.6743333333333333,0.2510781721684586,0.20237911450200077,0.22381128811653034,3000
226,1,evaluate,1.7719747335352796,0.5733333333333334,0.280241397837995,0.17229988600412946,0.21245343976117553,3000
226,2,evaluate,1.4011563341668312,0.7293333333333333,0.2677431184353495,0.21795035086154285,0.2350316528346704,3000
226,3,evaluate,2.469825731947067,0.44066666666666665,0.29315876471154995,0.13039609076807163,0.1732789287793105,3000
226,4,evaluate,1.3019440516512444,0.7066666666666667,0.25531963425119353,0.21154583333333332,0.2312087476924097,3000
226,5,evaluate,0.7809028549397246,0.829,0.2838376405877674,0.249346200653732,0.26520580632748403,3000
227,0,evaluate,0.9203604256853144,0.7623333333333333,0.29101275740845955,0.2276228723392128,0.2539684381360368,3000
227,1,evaluate,1.678417147474086,0.6506666666666666,0.27182888056051535,0.1944843765745392,0.22269710506278434,3000
227,2,evaluate,1.2297585111983278,0.6903333333333334,0.2838700265618774,0.20787987628991816,0.23925097033014966,3000
227,3,evaluate,2.2796153667125294,0.5076666666666667,0.2631642111764294,0.15252948717948717,0.1925705033320916,3000
227,4,evaluate,2.067743496691927,0.5416666666666666,0.2538275603594487,0.16259277346036233,0.19609131952223674,3000
227,5,evaluate,0.8808359104268094,0.778,0.2749554254667891,0.23306085557954237,0.25163985660531984,3000
228,0,evaluate,1.4844212214997474,0.7066666666666667,0.268662093702501,0.21129658441396856,0.23325489465987878,3000
228,1,evaluate,0.8903263959478824,0.801,0.2830261491262555,0.24092042580536305,0.2600757503070943,3000
228,2,evaluate,1.3787186221873506,0.687,0.25385115043410394,0.2061911344587541,0.22738323127931698,3000
228,3,evaluate,1.9174413630302916,0.5606666666666666,0.28087946405078895,0.1685060711058,0.2083702334325411,3000
228,4,evaluate,2.346803178178503,0.4663333333333333,0.2934430493047677,0.13888604460345927,0.1861237416394407,3000
228,5,evaluate,1.3207007177332615,0.71,0.25568711155844726,0.21250128205128202,0.23192984234281827,3000
229,0,evaluate,2.6748078427416213,0.458,0.26444809070631264,0.13811666666666667,0.1792740700037092,3000
229,1,evaluate,0.8180979233472905,0.804,0.2766163275808976,0.24076575129684064,0.25695883745080006,3000
229,2,evaluate,1.3217070229510044,0.6873333333333334,0.2826297143537317,0.20730193732285782,0.23789897093812434,3000
229,3,evaluate,1.8446055384392435,0.6406666666666667,0.27108942881328535,0.19151583104892336,0.21944391491401188,3000
229,4,evaluate,0.8919415232983041,0.7853333333333333,0.2900023867140917,0.23446593776393793,0.25777867058066134,3000
229,5,evaluate,2.3908982403734895,0.5106666666666667,0.25571011554692546,0.1532124676011832,0.18631790489254546,3000
230,0,evaluate,2.6967208588376956,0.394,0.2940598322825033,0.11715988248863521,0.16477326889865526,3000
230,1,evaluate,1.3762996057246595,0.7203333333333334,0.2678628306409093,0.21538010534854904,0.23510625049621475,3000
230,2,evaluate,1.2995118815848168,0.7003333333333334,0.254893059071548,0.21022116558083104,0.2301080688348905,3000
230,3,evaluate,0.8572941061030043,0.8093333333333333,0.28317520880234676,0.24333368784205606,0.26157669267341505,3000
230,4,evaluate,1.3146084559724687,0.714,0.256271604906938,0.2136339743589744,0.23259046576920434,3000
230,5,evaluate,2.0782551993715,0.527,0.2796843705025186,0.15889914357975057,0.19954283067930018,3000
231,0,evaluate,1.9833455669119002,0.6016666666666667,0.27178025271168377,0.1797489042620243,0.2089291055058972,3000
231,1,evaluate,2.3030795822752284,0.5056666666666667,0.2540824675264069,0.1517748448437848,0.18459511834297854,3000
231,2,evaluate,1.3283645117536504,0.6803333333333333,0.28166581730140067,0.20540096282774106,0.23587741623161662,3000
231,3,evaluate,2.5509740799031357,0.4713333333333333,0.26317629181922697,0.14213205128205128,0.18235805493276416,3000
231,4,evaluate,0.8515499525881828,0.7806666666666666,0.2893579438546399,0.23323843294582752,0.25726304037962916,3000
231,5,evaluate,0.8269486167329423,0.7903333333333333,0.2744614400933507,0.23675543091740153,0.25376817363133986,3000
232,0,evaluate,1.943583217072994,0.5546666666666666,0.2820595337605647,0.1668494662010751,0.2077950604820856,3000
232,1,evaluate,0.9075768983110468,0.7996666666666666,0.28331295082779867,0.24047483302190414,0.25990036394843263,3000
232,2,evaluate,1.407239889844935,0.676,0.2516236790129621,0.20293066599554982,0.22428922190104966,3000
232,3,evaluate,2.338158828146914,0.44866666666666666,0.29338896076444965,0.1335971296490512,0.1815546478018497,3000
232,4,evaluate,1.406823623687663,0.7116666666666667,0.26942725902307263,0.2128673915627343,0.2353077051271754,3000
232,5,evaluate,1.354394555091858,0.6983333333333334,0.25318949744185615,0.20903076923076921,0.2285689301888743,3000
233,0,evaluate,1.9551594764628308,0.599,0.27494216110778374,0.17912966393360466,0.21127773391867916,3000
233,1,evaluate,1.4563853512419032,0.654,0.28229918767140505,0.19772989890667717,0.2299233283112176,3000
233,2,evaluate,2.0102012157440186,0.5543333333333333,0.25362787547739585,0.16632570501963623,0.1963309595296289,3000
233,3,evaluate,0.7887708690572293,0.7973333333333333,0.2752718468372997,0.23903142913189993,0.25568462068860937,3000
233,4,evaluate,2.335392043945637,0.5036666666666667,0.26341217809337797,0.15151891025641026,0.19152091466026566,3000
233,5,evaluate,0.8715053492404045,0.7856666666666666,0.29098401585034406,0.2347768635608881,0.2587219497702469,3000
234,0,evaluate,1.8231643083247733,0.5703333333333334,0.28110161755856766,0.17137885491698518,0.21135916586005637,3000
234,1,evaluate,1.38301035698424,0.7353333333333333,0.2675408082470662,0.21970742338712737,0.23606770409716935,3000
234,2,evaluate,1.428349955284849,0.6903333333333334,0.25497714205945543,0.20692884615384616,0.22789435580843626,3000
234,3,evaluate,1.4742553804783112,0.6606666666666666,0.25447265331924046,0.19829656542385746,0.2228049659735632,3000
234,4,evaluate,2.312807544748834,0.45366666666666666,0.2918241229100307,0.13479856309357952,0.1809459727490254,3000
234,5,evaluate,0.7601706303180532,0.8356666666666667,0.28280263766313535,0.2511042610153489,0.26595562713318144,3000
235,0,evaluate,1.0929422302449003,0.7203333333333334,0.29178710447949896,0.21520420692099637,0.24644787543249297,3000
235,1,evaluate,1.7619588527273624,0.6376666666666667,0.2729902582809269,0.19061048530898936,0.21956543829511127,3000
235,2,evaluate,2.038917526285699,0.552,0.2611597563455972,0.16586666666666666,0.20237828710328554,3000
235,3,evaluate,1.2294931037628904,0.7056666666666667,0.28431996949376626,0.21277454232475151,0.24234583808539495,3000
235,4,evaluate,0.9406385662707877,0.7593333333333333,0.2735797602329877,0.22791048141486994,0.24832559781450855,3000
235,5,evaluate,1.7776194328957415,0.585,0.25340966732303405,0.17555324901647126,0.20362562748118984,3000
236,0,evaluate,1.623874879897909,0.6273333333333333,0.2520020167762286,0.1883059568472943,0.2147998170171593,3000
236,1,evaluate,1.4582754601823522,0.694,0.2603563078259127,0.20777115384615383,0.23064528339372972,3000
236,2,evaluate,0.8754613424869294,0.8076666666666666,0.2835106440620171,0.24279194017687739,0.26140287822873204,3000
236,3,evaluate,1.3843453196769064,0.7236666666666667,0.2691114962533666,0.21636287391168377,0.23646397161801963,3000
236,4,evaluate,1.7417477242490078,0.5786666666666667,0.27856623950558956,0.17345408848841876,0.21355693989678812,3000
236,5,evaluate,1.936676263809204,0.5266666666666666,0.29226016261249077,0.15692846467459,0.20209050147529733,3000
237,0,evaluate,2.046037547131802,0.5713333333333334,0.2614994898497695,0.171400641025641,0.20701514568330576,3000
237,1,evaluate,1.0839908275198429,0.7253333333333334,0.29076514073713433,0.21666873665646422,0.2465774308281588,3000
237,2,evaluate,1.8114790155532512,0.5976666666666667,0.25484527520350214,0.17936502546276384,0.208662104731137,3000
237,3,evaluate,1.7467701029270253,0.6506666666666666,0.27077922635799756,0.19458093979198698,0.22217984428932663,3000
237,4,evaluate,0.9739784794919034,0.7523333333333333,0.2755803129332541,0.22572315277148083,0.24742452347268892,3000
237,5,evaluate,1.2790396549600236,0.6966666666666667,0.28293399085811544,0.2102384138472005,0.23985015460531667,3000
238,0,evaluate,1.900685967283046,0.5266666666666666,0.29270940502009635,0.1568250316311363,0.20187982305137409,3000
238,1,evaluate,1.5628382880636986,0.6616666666666666,0.2564714872857216,0.1983057692307692,0.22240792148684596,3000
238,2,evaluate,1.6177185228530397,0.6373333333333333,0.2534087915099012,0.19135651789329564,0.21726198954129544,3000
238,3,evaluate,1.6124809384346008,0.6063333333333333,0.28059594385851677,0.1821873532640951,0.22010072835287428,3000
238,4,evaluate,1.43288860866364,0.721,0.2680466530181868,0.2154826714791079,0.2344026188466113,3000
238,5,evaluate,0.840169110196702,0.811,0.2826522267736481,0.24386454221705267,0.26170307581073277,3000
239,0,evaluate,1.0820092761770208,0.7316666666666667,0.2907562260536399,0.21833075241393152,0.24714365502713576,3000
239,1,evaluate,0.9448313865255802,0.7683333333333333,0.27642969773449816,0.23042169504553328,0.25070235334415203,3000
239,2,evaluate,1.9087827028112208,0.5816666666666667,0.25569062930186115,0.1745658430994879,0.20534581920717992,3000
239,3,evaluate,1.8047650545201404,0.643,0.2719237599695575,0.1921840878814875,0.22093649836308088,3000
239,4,evaluate,2.07944559290054,0.5663333333333334,0.2647364253191701,0.1701022435897436,0.20679427740644565,3000
239,5,evaluate,1.2345281535006585,0.7126666666666667,0.2838846427324263,0.21473671444905756,0.24385891245692312,3000
240,0,evaluate,2.4394828537677196,0.43033333333333335,0.2935935832607146,0.12795485808027204,0.17534615814572865,3000
240,1,evaluate,1.9848375624798713,0.5426666666666666,0.2824539421371469,0.16316104623988775,0.20529398266850313,3000
240,2,evaluate,0.8375022129175511,0.8166666666666667,0.28320355589565904,0.24585795822720508,0.262591605049478,3000
240,3,evaluate,1.4224755814734926,0.72,0.265539389835713,0.21528566808571376,0.23370350642326138,3000
240,4,evaluate,1.403708648174367,0.699,0.2576374053388207,0.20929839743589743,0.22969880452401914,3000
240,5,evaluate,1.5275451705810872,0.6623333333333333,0.2532438537574011,0.19885635717139136,0.2221036334251889,3000
241,0,evaluate,2.0034433933014566,0.5913333333333334,0.2728112968437306,0.17689597471287483,0.2115678417004418,3000
241,1,evaluate,2.09871994434519,0.5513333333333333,0.255386206699766,0.16544942847654848,0.19664417548800697,3000
241,2,evaluate,0.7666843305242822,0.8133333333333334,0.2747837911115046,0.24366876763357986,0.25795617198335646,3000
241,3,evaluate,2.552709384167448,0.488,0.26807776953993834,0.1464551282051282,0.18924521283688162,3000
241,4,evaluate,1.6792242958190593,0.6186666666666667,0.28573955218759833,0.18673179306024493,0.22446903628491502,3000
241,5,evaluate,0.7938602528673537,0.804,0.2891470343456419,0.2402980572546396,0.26148947200070505,3000
242,0,evaluate,2.183649002237523,0.5036666666666667,0.28237011859844563,0.15168932612326969,0.19469833085956828,3000
242,1,evaluate,1.2862574115712593,0.714,0.25368301922197334,0.21387788461538465,0.2314805990201272,3000
242,2,evaluate,2.7749814429181687,0.38266666666666665,0.2944472685681088,0.11375242908931973,0.16153708080822188,3000
242,3,evaluate,1.432222508369608,0.6743333333333333,0.2514126144205041,0.20240604465886647,0.22404364579318972,3000
242,4,evaluate,0.7588975746580895,0.8326666666666667,0.28218292970102465,0.25036178961388167,0.2651680967694485,3000
242,5,evaluate,1.3781746156672214,0.7323333333333333,0.2677415835933107,0.21891618621769768,0.23663909736846497,3000
243,0,evaluate,0.7429172872228825,0.816,0.2754877823484636,0.2442881429282026,0.25815091466955015,3000
243,1,evaluate,1.685901920846168,0.6126666666666667,0.28413684296675384,0.18521028874062345,0.2215928721770078,3000
243,2,evaluate,2.9200782928060978,0.426,0.26989285900628984,0.12804551282051282,0.17341335400060012,3000
243,3,evaluate,0.7407333882565194,0.8246666666666667,0.2903022108689348,0.24637097688814752,0.26529494267962594,3000
243,4,evaluate,2.4448405808590827,0.49466666666666664,0.25536256879934943,0.14845558865517744,0.18170830601924473,3000
243,5,evaluate,1.8766949988426047,0.615,0.2747742622339926,0.18405469264589672,0.21689313298673918,3000
244,0,evaluate,3.1376550096146603,0.326,0.2946026423781403,0.09693619759605329,0.14378771469820295,3000
244,1,evaluate,0.8118217856960094,0.8216666666666667,0.28215244237470444,0.24699034434913095,0.2630924921098927,3000
244,2,evaluate,1.379857598467076,0.699,0.2536790141743358,0.20976528269701414,0.22853699576614722,3000
244,3,evaluate,1.1551416091462399,0.7463333333333333,0.2540627224532614,0.2236294871794872,0.23770780637181826,3000
244,4,evaluate,1.4558949242246912,0.718,0.2676729373905319,0.21467624250272363,0.23515650628552964,3000
244,5,evaluate,2.524470217684482,0.45966666666666667,0.28520417087365,0.13867743332142332,0.1833723189773349,3000
245,0,evaluate,0.7478064577630226,0.817,0.2725873287534165,0.24483312635926816,0.25776230511487846,3000
245,1,evaluate,2.356617473541422,0.5083333333333333,0.2584066878618224,0.15258813348103809,0.1835428822653626,3000
245,2,evaluate,3.073070708741533,0.39966666666666667,0.2702333920672981,0.11981634615384615,0.16600022461489292,3000
245,3,evaluate,0.787835123691153,0.8066666666666666,0.2894368950225702,0.2409784638093173,0.26178272928917473,3000
245,4,evaluate,1.65866922571304,0.62,0.28373980725981,0.1871088512301901,0.2208018502994223,3000
245,5,evaluate,1.7504454927241548,0.6376666666666667,0.27218861072292755,0.1906540793333512,0.22057706097503016,3000
246,0,evaluate,1.5132182494122932,0.666,0.25548732150145315,0.19991374449463603,0.2233853421223105,3000
246,1,evaluate,2.267249414261351,0.5013333333333333,0.28399091004623794,0.1507988563381804,0.19605785032281114,3000
246,2,evaluate,1.2943875700869458,0.713,0.2550307820370895,0.21363365384615385,0.23161277092007188,3000
246,3,evaluate,2.579534312512012,0.41833333333333333,0.2929541871188458,0.12472186912012995,0.17366971285130747,3000
246,4,evaluate,0.7391278103311011,0.8376666666666667,0.2826704794898858,0.25191986666882066,0.26620573698803823,3000
246,5,evaluate,1.4109094269732212,0.7296666666666667,0.2706328359727233,0.2180496539804036,0.23620746931488026,3000
247,0,evaluate,0.7796897555285311,0.809,0.27473595266838075,0.2423422248110661,0.2572575467056854,3000
247,1,evaluate,1.9203312980367782,0.624,0.27548302651727585,0.1864867145943998,0.21685753976112343,3000
247,2,evaluate,2.223436824818875,0.5186666666666667,0.2535592640001686,0.1556896943178885,0.18688245189037517,3000
247,3,evaluate,2.6276514276545098,0.461,0.265291412998666,0.13879070512820513,0.18082734396560546,3000
247,4,evaluate,0.8571551746510445,0.792,0.2903463534398235,0.23644724014852175,0.25903984280497266,3000
247,5,evaluate,1.3996116645792698,0.6676666666666666,0.2815937825375577,0.20148060119294428,0.23355035507766156,3000
248,0,evaluate,0.86155411410839,0.8073333333333333,0.28137061373276107,0.24299116061668363,0.2603828701922347,3000
248,1,evaluate,1.4325675596582128,0.7206666666666667,0.269002192144096,0.21550269933010374,0.23576434734948518,3000
248,2,evaluate,2.004078563223494,0.539,0.2816660917708202,0.16235515638652107,0.20397227349449693,3000
248,3,evaluate,2.3950475581148836,0.436,0.29410868266862367,0.12980422571137767,0.1775723543362587,3000
248,4,evaluate,1.3692672848701477,0.69,0.2540001313696819,0.20707880429127473,0.22715892131444954,3000
248,5,evaluate,1.2732874852545717,0.7273333333333334,0.256739324896735,0.21768717948717947,0.23538730228832172,3000
249,0,evaluate,1.9789687420459503,0.5626666666666666,0.25244810550425734,0.1689213704242307,0.1986407014064279,3000
249,1,evaluate,1.7249539735469412,0.6446666666666667,0.27283820897364686,0.1927987060518458,0.22257351293851868,3000
249,2,evaluate,2.3303278354888266,0.5106666666666667,0.2668662617629892,0.15322532051282053,0.1943363601786116,3000
249,3,evaluate,0.847408707471604,0.7873333333333333,0.27627002116010935,0.23602049273438963,0.2545390838375464,3000
249,4,evaluate,0.9279252924817674,0.7706666666666667,0.2917155602878543,0.23027148048086438,0.2563290700010626,3000
249,5,evaluate,1.3096247213952086,0.682,0.2839423563012039,0.20552057586576417,0.23755691356810282,3000
250,0,evaluate,2.3268773986938154,0.4543333333333333,0.29321428905147684,0.13494936235452484,0.1809941663536949,3000
250,1,evaluate,1.2974538625554835,0.7256666666666667,0.25717222464928885,0.21713717948717948,0.234971316761197,3000
250,2,evaluate,1.3337642449013731,0.7043333333333334,0.25568304745599146,0.2114290723700909,0.23111309826349768,3000
250,3,evaluate,1.7896509043713833,0.5823333333333334,0.2807531136110795,0.17521269007235082,0.2141810873677894,3000
250,4,evaluate,1.5991263376905562,0.7,0.26876181497420465,0.20919182522182092,0.23021012367165888,3000
250,5,evaluate,0.9196566844240148,0.798,0.28289806536935824,0.2402641583603927,0.2591952590663431,3000
251,0,evaluate,2.739361496681863,0.44033333333333335,0.2673935049858353,0.13233108974358973,0.1767404346495677,3000
251,1,evaluate,1.630563979453229,0.6686666666666666,0.2734218667847389,0.19995699401202288,0.22753664258225262,3000
251,2,evaluate,2.267164458619787,0.5213333333333333,0.25767343924470665,0.15646467980971526,0.1876971669823293,3000
251,3,evaluate,0.80528169680149,0.8006666666666666,0.27433762215219726,0.2400018996976457,0.2557393514208167,3000
251,4,evaluate,1.3901702596786174,0.6736666666666666,0.2847245949797833,0.20308975667239268,0.23453683091613858,3000
251,5,evaluate,0.9192544355037364,0.7733333333333333,0.29027125161672496,0.2307856452914286,0.25513901073115747,3000
252,0,evaluate,1.9620471355762887,0.5506666666666666,0.28199415238351266,0.1657620722027225,0.20648179528539085,3000
252,1,evaluate,1.2406255158972233,0.7373333333333333,0.2576710475729672,0.22079070512820512,0.23762052386849364,3000
252,2,evaluate,1.7355012830267562,0.659,0.2702895606830033,0.19697118624715948,0.22443097603174858,3000
252,3,evaluate,2.1795496839158077,0.4806666666666667,0.29284011189733344,0.1439103269521138,0.19274049019281225,3000
252,4,evaluate,0.9900465277915306,0.776,0.2833639178998967,0.2332902425737154,0.2555618201916525,3000
252,5,evaluate,1.2744028352676553,0.713,0.25536482314323994,0.21399162155207865,0.23263395826537026,3000
253,0,evaluate,2.3349145904500435,0.5003333333333333,0.25704437271213454,0.15013997911322274,0.1848655870492879,3000
253,1,evaluate,1.2207338125147718,0.7276666666666667,0.2842808964387763,0.21921371087166067,0.24504908041725412,3000
253,2,evaluate,0.8263528492856533,0.8056666666666666,0.2774979037370219,0.2412345384468338,0.2572409904963077,3000
253,3,evaluate,2.750352311641612,0.44266666666666665,0.26732859436285317,0.13320320512820513,0.17720780489978963,3000
253,4,evaluate,1.5647784598330234,0.707,0.2705780469181163,0.21128857849566945,0.23215645525634895,3000
253,5,evaluate,1.0287097185216052,0.747,0.2910269782774614,0.22224340105757362,0.24730087417349117,3000
254,0,evaluate,1.1554932987436335,0.75,0.25497220504704615,0.22441089743589746,0.2385615532662278,3000
254,1,evaluate,2.2066471576690674,0.5156666666666667,0.28185885182804155,0.1554132052055779,0.19771007216811443,3000
254,2,evaluate,1.25621512468825,0.728,0.25505274210288725,0.21847820348666538,0.234697462628703,3000
254,3,evaluate,1.8797987712190507,0.6316666666666667,0.2719104347292645,0.18887195663784884,0.21875128924273862,3000
254,4,evaluate,1.1115197108146992,0.7536666666666667,0.28379827129805,0.22705988639566047,0.2505833143218982,3000
254,5,evaluate,2.340730588486854,0.4723333333333333,0.29397034380022313,0.14192236413144116,0.19134864170092292,3000
255,0,evaluate,0.7999423139906944,0.8116666666666666,0.2748603680476648,0.2431121903520861,0.25751818007835564,3000
255,1,evaluate,1.4905566065869433,0.7123333333333334,0.2716243017278911,0.21288212768650872,0.23417162463002733,3000
255,2,evaluate,1.18466683778357,0.7406666666666667,0.28387442291513676,0.22298606511472618,0.2475123504957896,3000
255,3,evaluate,2.759852112607753,0.4563333333333333,0.2601196201751141,0.13696428521176413,0.16910772637394328,3000
255,4,evaluate,0.9823563270112301,0.7613333333333333,0.2904200786955492,0.226717113634274,0.2510567542790004,3000
255,5,evaluate,3.1787279666738306,0.395,0.2674171817487325,0.11931730769230771,0.16244233481086318,3000
256,0,evaluate,2.1006947248540024,0.5173333333333333,0.28269907795247223,0.15541790075453457,0.1982235886355022,3000
256,1,evaluate,1.1533039205885949,0.7416666666666667,0.2833011620393115,0.22371418788782807,0.24731824487157464,3000
256,2,evaluate,1.844390960449868,0.63,0.2722155953280119,0.1884799844689567,0.21843214848009324,3000
256,3,evaluate,1.185572919693399,0.7316666666666667,0.25595487819848767,0.21906923076923074,0.23570238386022027,3000
256,4,evaluate,2.115305043281393,0.5163333333333333,0.2946926022781754,0.15514249154117304,0.20193432487537857,3000
256,5,evaluate,1.3527431741673897,0.6923333333333334,0.2540832876699818,0.20779601720130697,0.22774163398419073,3000
257,0,evaluate,0.8296480026650936,0.804,0.27547012835771045,0.24090490012100174,0.2568119706762816,3000
257,1,evaluate,1.1548458369488412,0.7416666666666667,0.28237635302531194,0.22318943644780465,0.24743373659275333,3000
257,2,evaluate,1.5243849792379014,0.7143333333333334,0.27178545409826754,0.21350311541736663,0.23477908443495094,3000
257,3,evaluate,2.68005171735236,0.451,0.26531674869092003,0.13588942307692306,0.1782842264347202,3000
257,4,evaluate,1.182290883774453,0.72,0.29069586523863594,0.21390024216777054,0.24021335994657775,3000
257,5,evaluate,2.322005401266382,0.508,0.25806673330909974,0.15240822205240293,0.18591498225137598,3000
258,0,evaluate,1.2965241214062304,0.7206666666666667,0.25766602306325126,0.21571474358974357,0.23453977315883812,3000
258,1,evaluate,2.204753152867581,0.48,0.29353686750408065,0.14369030727774795,0.19271248476499606,3000
258,2,evaluate,1.9284808356711205,0.5653333333333334,0.2825983304294281,0.17023261603008127,0.20941661698095188,3000
258,3,evaluate,1.2693309010343348,0.7193333333333334,0.25758625942947294,0.21590105217739947,0.23477063410581414,3000
258,4,evaluate,1.6303485517806195,0.69,0.27021712568741185,0.20626705589379876,0.23009505097962135,3000
258,5,evaluate,0.961702454597392,0.792,0.2827570250516151,0.238238802909305,0.25836842081116185,3000
259,0,evaluate,0.8746185651484956,0.7923333333333333,0.276632595115871,0.2375358872812035,0.2553764111881017,3000
259,1,evaluate,1.1293766828293497,0.7453333333333333,0.2823924642775394,0.22429394427302377,0.24853184143885998,3000
259,2,evaluate,1.6308243249325043,0.6956666666666667,0.27230120146247283,0.20785899443717382,0.23040145730653191,3000
259,3,evaluate,2.569552906016086,0.4836666666666667,0.2587113327713627,0.14505710836326108,0.1767817371270694,3000
259,4,evaluate,1.0888033490231697,0.7366666666666667,0.2908525778009198,0.2193511075624758,0.24635576026086245,3000
259,5,evaluate,2.89855376710283,0.43633333333333335,0.2656230579978208,0.1318929487179487,0.17257584507368734,3000
260,0,evaluate,2.0748101853309793,0.49733333333333335,0.2934255412503225,0.14862672307718428,0.19671049291885168,3000
260,1,evaluate,1.810906968218215,0.5643333333333334,0.28180081459235995,0.1697623791608743,0.21062148465637978,3000
260,2,evaluate,0.9907447106026589,0.7753333333333333,0.2822599275729114,0.23341506105627446,0.2548167883872346,3000
260,3,evaluate,1.2935333480226232,0.7033333333333334,0.25481264623950994,0.21108914226737352,0.23033897905393103,3000
260,4,evaluate,1.2157010917967939,0.7283333333333334,0.2561030848962078,0.21783141025641023,0.2350827521770277,3000
260,5,evaluate,1.6030208620619266,0.679,0.27158214791096746,0.2030942398534787,0.2287476384641522,3000
261,0,evaluate,0.8970095122114141,0.7773333333333333,0.29105215835283016,0.23196483487681968,0.2562325164746472,3000
261,1,evaluate,0.838015320453238,0.8036666666666666,0.27578797266380356,0.24070634193356613,0.25624470913203307,3000
261,2,evaluate,1.7282985943429015,0.6706666666666666,0.2716437172047973,0.20040385114412143,0.2254609052056557,3000
261,3,evaluate,2.1895527053386608,0.534,0.2576027247323235,0.16029042295598933,0.19414612492142716,3000
261,4,evaluate,1.2719973985185014,0.7066666666666667,0.28350291004368916,0.21289556891021327,0.24130679596292834,3000
261,5,evaluate,2.530680648824002,0.473,0.265793890849673,0.14203557692307692,0.18495099947074287,3000
262,0,evaluate,1.210342210658053,0.7396666666666667,0.255908091858303,0.22162275641025642,0.23697643701971427,3000
262,1,evaluate,1.4926704510729363,0.681,0.25554905038325154,0.20438185213560406,0.225717656750085,3000
262,2,evaluate,2.7034770377138826,0.4093333333333333,0.2947241037820782,0.12192582143578698,0.1707819754835514,3000
262,3,evaluate,0.8354693930199806,0.8293333333333334,0.28123319033966604,0.24948498633122065,0.26384826794363614,3000
262,4,evaluate,2.337296891719737,0.49466666666666664,0.2830278732680408,0.1487234364100208,0.19344193647553118,3000
262,5,evaluate,1.5274179983646312,0.7216666666666667,0.2692186478201527,0.21575332167778125,0.23527593339879585,3000
263,0,evaluate,1.9892735405171171,0.6263333333333333,0.273759227047064,0.1871489804186385,0.2157172739653038,3000
263,1,evaluate,1.5527037724535515,0.6523333333333333,0.2843241884441252,0.19706297376276455,0.2298472721744093,3000
263,2,evaluate,2.830497756917426,0.437,0.268481439992887,0.13118621794871793,0.17613822980811167,3000
263,3,evaluate,0.7501589015443274,0.827,0.2753742914411136,0.247810916881097,0.26050275995120126,3000
263,4,evaluate,0.8222884294834543,0.811,0.2906711317683771,0.2422704715115946,0.2629212278981866,3000
263,5,evaluate,2.2516930813485003,0.5213333333333333,0.2560856759977693,0.15648148373157816,0.18796853239885022,3000
264,0,evaluate,1.2511680912464223,0.7306666666666667,0.25711788949520104,0.21865448717948718,0.2361700075006757,3000
264,1,evaluate,2.7575839276009417,0.3963333333333333,0.2932880668687233,0.11758724776604682,0.1637883218146376,3000
264,2,evaluate,2.0297630391222365,0.5373333333333333,0.2816871819480403,0.16176118695823188,0.20337647163476244,3000
264,3,evaluate,0.8114272187998954,0.828,0.2827733156789739,0.24890030496725055,0.26467223053420896,3000
264,4,evaluate,1.5103124177202265,0.7276666666666667,0.26842335850579346,0.21741787271065097,0.2353709197501673,3000
264,5,evaluate,1.3155259680240712,0.7093333333333334,0.25643839766447146,0.2128677782740191,0.23226743863966243,3000
265,0,evaluate,2.6480085443943104,0.46066666666666667,0.2661179611624188,0.13851410256410257,0.18156092199435853,3000
265,1,evaluate,2.0220057736051844,0.598,0.2745203039505888,0.1788886067310198,0.2123491672680541,3000
265,2,evaluate,0.7915986459305946,0.8206666666666667,0.2897605543121685,0.24532966376905357,0.26473422928799073,3000
265,3,evaluate,0.790206510652887,0.8116666666666666,0.27548020955681496,0.2430902740204512,0.2574484655118775,3000
265,4,evaluate,1.5885227741079126,0.636,0.2842937793189533,0.19228936796928428,0.2270168144212134,3000
265,5,evaluate,2.274353237862283,0.5103333333333333,0.2587931375353345,0.15318401087873934,0.18757653154450593,3000
266,0,evaluate,2.0159307971913765,0.545,0.27969363925694657,0.16437549228901505,0.20308839377403345,3000
266,1,evaluate,1.3116296466360702,0.7056666666666667,0.2551530012771392,0.21180818915618976,0.23131669662040358,3000
266,2,evaluate,1.3417645502597728,0.7166666666666667,0.25698532751553393,0.21441698717948715,0.23345999270769746,3000
266,3,evaluate,0.8113818780538884,0.8253333333333334,0.2818769249726504,0.24813376960343486,0.2637603846042901,3000
266,4,evaluate,1.518599361815351,0.7263333333333334,0.2681997709083336,0.21695612109111742,0.2334057671690825,3000
266,5,evaluate,2.8240917895702604,0.388,0.2936901226395874,0.11512674508063422,0.16097101354672086,3000
267,0,evaluate,2.0798444012378123,0.5916666666666667,0.2741551798269787,0.17685840150882254,0.21047230852690696,3000
267,1,evaluate,1.4504616818529494,0.67,0.2840368877689904,0.20212071381004434,0.23494156841622277,3000
267,2,evaluate,0.789910558056324,0.8046666666666666,0.2765463387495769,0.24097601432804988,0.2568802838500976,3000
267,3,evaluate,2.09465979515238,0.5336666666666666,0.25791647267925166,0.16015387779028212,0.19442997303609832,3000
267,4,evaluate,2.3452075719833374,0.503,0.2658724654910508,0.1513022435897436,0.1919899337482685,3000
267,5,evaluate,0.802206702688907,0.8033333333333333,0.29138054218715337,0.24014342376782652,0.2624393033143924,3000
268,0,evaluate,2.061703879782494,0.539,0.28283217086898066,0.16220679811721656,0.20442815595737315,3000
268,1,evaluate,1.5948915836658883,0.715,0.26836110792492474,0.2137102882987932,0.2336859155584897,3000
268,2,evaluate,1.3236214759502005,0.7103333333333334,0.25860390650245735,0.2131518821785546,0.2330599240110466,3000
268,3,evaluate,0.8787244913425851,0.8203333333333334,0.28240216836982296,0.2466583738550266,0.2630875966056294,3000
268,4,evaluate,2.8189675960134952,0.39666666666666667,0.29413696894459795,0.117510165171162,0.16265379961840942,3000
268,5,evaluate,1.1946997008425124,0.7496666666666667,0.26063000585526763,0.22453012820512824,0.24113388583346448,3000
269,0,evaluate,1.987598348171153,0.6266666666666667,0.27392946487367,0.18740886278875246,0.21813708871027343,3000
269,1,evaluate,0.8723491937556165,0.8003333333333333,0.2908783611893585,0.23910732512379002,0.2611925832335627,3000
269,2,evaluate,2.307517112569606,0.534,0.2613139674844587,0.16033357740981838,0.19236092520835274,3000
269,3,evaluate,0.7672692530966819,0.8133333333333334,0.27618840828447755,0.24371019997818166,0.25840264080304537,3000
269,4,evaluate,2.5955848313392478,0.472,0.2633700508276783,0.1417875,0.18350244931255963,3000
269,5,evaluate,1.4665951348365622,0.6696666666666666,0.28387981261980744,0.20219421827685427,0.23442773861759053,3000
270,0,evaluate,1.2217201546151588,0.7413333333333333,0.25825284699295653,0.2220099358974359,0.2385401078125066,3000
270,1,evaluate,1.3558162907336622,0.7053333333333334,0.2573456573227812,0.21170442869884804,0.23196374679171433,3000
270,2,evaluate,0.8455966517646262,0.823,0.28234427748975166,0.24739836593916092,0.2636142447127022,3000
270,3,evaluate,2.7725307434163193,0.393,0.2948120264399334,0.1164618490329014,0.16193932084092016,3000
270,4,evaluate,1.4685227870941162,0.721,0.26423344146637195,0.2155281991807887,0.23364562745558642,3000
270,5,evaluate,2.0691433054335575,0.5256666666666666,0.28124470595653184,0.15812952643172912,0.20007969753834173,3000
271,0,evaluate,2.0857524110915815,0.5526666666666666,0.2604730938863419,0.16585751360706952,0.19942739943335477,3000
271,1,evaluate,1.8955134178729767,0.6243333333333333,0.2716849152790166,0.18676578277701852,0.2182180918148712,3000
271,2,evaluate,0.8797317679892195,0.7893333333333333,0.2891214677253253,0.23554247653723626,0.25747313328674093,3000
271,3,evaluate,0.7614660909835328,0.8113333333333334,0.27538179962568426,0.24302977333937842,0.25769203636234006,3000
271,4,evaluate,2.4855021644145885,0.4816666666666667,0.2648888921713078,0.14463044871794872,0.18691953597751723,3000
271,5,evaluate,1.5064764758373828,0.658,0.2856760469651062,0.19856839056629852,0.2327826092757308,3000
272,0,evaluate,1.8583267749624048,0.5566666666666666,0.280556822997693,0.16733180995216979,0.20904517220477747,3000
272,1,evaluate,1.3305489446254486,0.7203333333333334,0.25862077093657243,0.21563365384615385,0.234991399864308,3000
272,2,evaluate,2.4565923518322883,0.4483333333333333,0.2940595067878173,0.1329782514158227,0.17798985302235476,3000
272,3,evaluate,1.4426308971770265,0.6846666666666666,0.2581256374941933,0.20546975766984996,0.22825175287671567,3000
272,4,evaluate,1.4198342523676284,0.7383333333333333,0.2655576520501285,0.22066439888170644,0.23695733061127253,3000
272,5,evaluate,0.7950460942501717,0.8323333333333334,0.28278352708918314,0.2502360063291026,0.26539015005501787,3000
273,0,evaluate,2.0226552334237606,0.558,0.2596739782668782,0.16743886273866554,0.20091647423544953,3000
273,1,evaluate,2.372002588941696,0.508,0.2679899343497132,0.15260064102564103,0.19417730235622704,3000
273,2,evaluate,1.4882238164861152,0.6543333333333333,0.2844231705978494,0.19760883866532403,0.23145586276001992,3000
273,3,evaluate,0.9142315476498706,0.79,0.2904242036307774,0.23587146888352564,0.25861993374845405,3000
273,4,evaluate,2.0005835751269725,0.616,0.27314459507241867,0.18423068759410594,0.21589170748549663,3000
273,5,evaluate,0.8141855502382238,0.809,0.2770002434183425,0.24239228030773882,0.25793445514604996,3000
274,0,evaluate,0.9391795764578149,0.7983333333333333,0.28361531560834474,0.2400059503615989,0.25981032160392886,3000
274,1,evaluate,1.4889390988552824,0.7203333333333334,0.26738052939667467,0.21542616396365175,0.2359817921859924,3000
274,2,evaluate,1.9916360048537558,0.5486666666666666,0.28327725767202916,0.16510840026462253,0.2053020229155739,3000
274,3,evaluate,1.305844137009154,0.719,0.25813513161622836,0.21492115384615387,0.23403147770351995,3000
274,4,evaluate,2.436263510521422,0.4483333333333333,0.29375203043458015,0.13373850847638083,0.1824099987581444,3000
274,5,evaluate,1.2818142999993993,0.7163333333333334,0.2574983297824518,0.21498244431584293,0.23401377957998465,3000
275,0,evaluate,1.9273408194805712,0.57,0.2595984535386044,0.17108624862306834,0.20425480897219442,3000
275,1,evaluate,0.9579622732832077,0.764,0.27790810840703706,0.22896782504085939,0.250838501960165,3000
275,2,evaluate,1.0807006777601038,0.7486666666666667,0.2828192151871899,0.22550305460870312,0.2502684615959749,3000
275,3,evaluate,2.040509152919688,0.5616666666666666,0.2632327650499616,0.1688817307692308,0.20468819231208224,3000
275,4,evaluate,1.8185350793473265,0.6666666666666666,0.2710319340554067,0.19916850084565496,0.22340823115738412,3000
275,5,evaluate,1.0790990730549426,0.738,0.2917708885355944,0.22015580405913188,0.24888029987703017,3000
276,0,evaluate,1.7243862405736397,0.5873333333333334,0.28275236572373724,0.17643918725648272,0.2167402352354384,3000
276,1,evaluate,2.0274541682385383,0.5156666666666667,0.29406648206087194,0.15376873079488784,0.20038762374131497,3000
276,2,evaluate,0.8831694715834678,0.8073333333333333,0.28434920023196925,0.24288595230017823,0.2615996048642373,3000
276,3,evaluate,1.4798403864211225,0.7063333333333334,0.2672268147249615,0.21126861997254273,0.23309595150736878,3000
276,4,evaluate,1.3348387162736122,0.7123333333333334,0.25835097979042343,0.2133195512820513,0.2332946135281555,3000
276,5,evaluate,1.4262383060252413,0.684,0.2598531003691916,0.20530497139096102,0.22910285690477314,3000
277,0,evaluate,1.21441343616932,0.7353333333333333,0.28421788033776163,0.22128493930272172,0.24783582393121897,3000
277,1,evaluate,0.8006535261235339,0.8056666666666666,0.2782005585203967,0.24161257267361852,0.25850857711717296,3000
277,2,evaluate,1.9376399745332433,0.587,0.2616769494858021,0.1762127730483046,0.2060138040874377,3000
277,3,evaluate,1.075978659568949,0.7386666666666667,0.2920357435389772,0.22004514842279618,0.24768797377773893,3000
277,4,evaluate,2.271151380336031,0.531,0.26751623161073584,0.15930801282051282,0.19953510093159904,3000
277,5,evaluate,1.7751574579705582,0.68,0.2724456711650977,0.20315612623118368,0.22756257848482905,3000
278,0,evaluate,1.9933600806175393,0.5263333333333333,0.29378405970988275,0.15763283912271822,0.20476243238999828,3000
278,1,evaluate,0.9658944841395033,0.7906666666666666,0.28510462717359275,0.23783379913087024,0.25901533086807826,3000
278,2,evaluate,1.8188951725655413,0.5686666666666667,0.2833102909010358,0.1708939563172628,0.21151725702304786,3000
278,3,evaluate,1.2893360802467833,0.7273333333333334,0.25889748992822603,0.21763557692307695,0.23625223124919792,3000
278,4,evaluate,1.785745660041241,0.68,0.2720907478177173,0.20321696458759458,0.2276513851133616,3000
278,5,evaluate,1.3175308767785416,0.7043333333333334,0.2561431586598876,0.21138414354003823,0.2313762056012158,3000
279,0,evaluate,0.9827519224045125,0.764,0.29102435337253674,0.2274842315720726,0.2515168010761378,3000
279,1,evaluate,0.7391483155970878,0.8173333333333334,0.2754251552787734,0.24486182789726157,0.2589919704668219,3000
279,2,evaluate,1.3884638383033427,0.6933333333333334,0.28403818720880486,0.20892205340427097,0.2381073632789416,3000
279,3,evaluate,1.8060546200326149,0.6826666666666666,0.2711434649872093,0.20393412317817639,0.2267753142169652,3000
279,4,evaluate,2.7570667444391455,0.447,0.2682841941669093,0.13408076923076923,0.1787421545736863,3000
279,5,evaluate,2.2513808392463845,0.5406666666666666,0.2612517140103347,0.16232155690944172,0.19427319334723006,3000
280,0,evaluate,1.4028621899320723,0.7003333333333334,0.2557773601001502,0.2101659469087473,0.22915852245014653,3000
280,1,evaluate,2.230530840285281,0.5073333333333333,0.28183849570507674,0.15260613275764917,0.1971740264251924,3000
280,2,evaluate,2.4869624756752176,0.439,0.29278780889928385,0.13092867713219372,0.17949977284955426,3000
280,3,evaluate,1.1661531100881861,0.75,0.2558279134837298,0.22455288461538458,0.23884609120801964,3000
280,4,evaluate,1.6674868553242785,0.7003333333333334,0.2712554293804688,0.2092661970185395,0.23125852324827156,3000
280,5,evaluate,0.8741144246243416,0.8173333333333334,0.28493254088118863,0.24584320572814294,0.2633876559710887,3000
281,0,evaluate,2.0418780889916928,0.561,0.2604685391983298,0.16835052910202916,0.19957629853107806,3000
281,1,evaluate,0.8515196252376476,0.7953333333333333,0.28983337336956294,0.23746585904195286,0.2596051528441198,3000
281,2,evaluate,2.5563320809222283,0.47433333333333333,0.2684531290522074,0.14253173076923079,0.18592442478403665,3000
281,3,evaluate,1.9488892732782568,0.6346666666666667,0.27429966019492247,0.18973459581016971,0.2205175309726326,3000
281,4,evaluate,0.7301093301874526,0.819,0.2779856727841302,0.24539867728759884,0.260588962507768,3000
281,5,evaluate,1.4761572733838508,0.671,0.28536032979774123,0.20213127054131239,0.23532858528565556,3000
282,0,evaluate,1.308022216279456,0.7126666666666667,0.25610041045536047,0.21355512820512823,0.2327084038685318,3000
282,1,evaluate,2.500933918547123,0.4236666666666667,0.29433783242168704,0.12587839362947092,0.1725725049391465,3000
282,2,evaluate,0.7636494091216554,0.8353333333333334,0.2832341792629771,0.2511747140146722,0.2660528264698832,3000
282,3,evaluate,1.3071609836943605,0.6956666666666667,0.2562453783594406,0.20877929094078024,0.22997816304769217,3000
282,4,evaluate,1.9091112360041191,0.5633333333333334,0.2833962279099801,0.16973020189979773,0.20988957324452046,3000
282,5,evaluate,1.443556011991298,0.7503333333333333,0.26845372907492454,0.22426002638800774,0.23956975649825943,3000
283,0,evaluate,0.8361458112584784,0.7943333333333333,0.2790392087990799,0.23810320289363354,0.25655176275931324,3000
283,1,evaluate,2.1455492415326707,0.5323333333333333,0.2647882589027559,0.1596025641025641,0.1990487841901442,3000
283,2,evaluate,1.9319025912183396,0.6206666666666667,0.2739349623137061,0.18559125292776443,0.21761230927171726,3000
283,3,evaluate,1.4543928085489477,0.6666666666666666,0.28549542124542127,0.20098376170551902,0.23484025093662697,3000
283,4,evaluate,1.7943722770569173,0.5943333333333334,0.25702367163216233,0.1783377056311585,0.2088286527462527,3000
283,5,evaluate,0.9201891289112416,0.777,0.29072529115920054,0.23205801076254992,0.2565173340473735,3000
284,0,evaluate,0.8611954463289139,0.821,0.28324342000399977,0.24692207898274843,0.2635588909576089,3000
284,1,evaluate,1.3896202064575034,0.7453333333333333,0.26719062730462195,0.22292066957996445,0.2399538257179386,3000
284,2,evaluate,1.7279484018366387,0.591,0.28135251142034967,0.17786493400950198,0.21634302909065678,3000
284,3,evaluate,2.3080074229138963,0.465,0.2946085203866199,0.13818148544094644,0.18447453580535975,3000
284,4,evaluate,1.4669527639733984,0.6906666666666667,0.2585535979914391,0.2067900641025641,0.2295815605887855,3000
284,5,evaluate,1.4022703437094992,0.6923333333333334,0.25762543929772985,0.20780066430093705,0.2299497870691732,3000
285,0,evaluate,0.8419619069454518,0.7936666666666666,0.2780686474492725,0.23788398002720287,0.2561965113941772,3000
285,1,evaluate,0.9253458532881229,0.7813333333333333,0.29055218701455787,0.23349688413077813,0.25779069265759363,3000
285,2,evaluate,2.2122913193195424,0.5323333333333333,0.26261805812018696,0.1601474358974359,0.19792302156920702,3000
285,3,evaluate,2.054847666557799,0.6083333333333333,0.27332886213309254,0.1817685357336796,0.21311964371519979,3000
285,4,evaluate,1.9303511533331363,0.5776666666666667,0.25794097399114574,0.17333469441180255,0.20411768714476425,3000
285,5,evaluate,1.2899605707919344,0.7023333333333334,0.28437899048741155,0.21172017055908268,0.24183728119599596,3000
286,0,evaluate,1.6919890489984066,0.6026666666666667,0.2813264800185508,0.18121337725026748,0.2193736084533434,3000
286,1,evaluate,1.339090699845172,0.7023333333333334,0.25926595922552415,0.21079563125872763,0.23233281871746625,3000
286,2,evaluate,1.6467659917283566,0.7,0.2687262327620047,0.2091972853167245,0.2308551807706712,3000
286,3,evaluate,0.8856303000703771,0.8143333333333334,0.2851554379286719,0.2448001311233529,0.26333664586197025,3000
286,4,evaluate,1.3504072973068724,0.7206666666666667,0.2584914239627885,0.21566634615384617,0.23489205792239137,3000
286,5,evaluate,2.178906889671975,0.4806666666666667,0.2932401048492487,0.14299751073526146,0.18936751009269398,3000
287,0,evaluate,1.2762893793430734,0.7116666666666667,0.2843445620576727,0.21451551671216942,0.24285952555523532,3000
287,1,evaluate,0.9692037498697321,0.7656666666666667,0.2909816756040009,0.22845884847393805,0.25388696156435897,3000
287,2,evaluate,2.0414749992654677,0.5626666666666666,0.25890488848408283,0.16890692810381747,0.19945154116187253,3000
287,3,evaluate,1.7848621162962406,0.6683333333333333,0.273970103841139,0.1997272653634034,0.2256762921079342,3000
287,4,evaluate,2.465728386919549,0.48733333333333334,0.26663542738868795,0.14617596153846155,0.18868347533046814,3000
287,5,evaluate,0.7968208016233241,0.803,0.2768412920479277,0.24069975479378156,0.257166875654402,3000
288,0,evaluate,1.8024540201146553,0.573,0.2817551398526592,0.17220766744832403,0.21297329662331874,3000
288,1,evaluate,0.8717266248261675,0.8096666666666666,0.28512284031796775,0.2435371937987001,0.2622929716412853,3000
288,2,evaluate,1.367135505726997,0.6896666666666667,0.25893513541916025,0.2069729295431073,0.22976191037311863,3000
288,3,evaluate,1.6311239092908008,0.6936666666666667,0.2708802368802369,0.20729256863966747,0.23026729189202752,3000
288,4,evaluate,2.026469687198071,0.499,0.29240994724005775,0.14904826965113932,0.19669722531625658,3000
288,5,evaluate,1.2621661538773394,0.7196666666666667,0.2583446242304176,0.2155426282051282,0.23481764772806413,3000
289,0,evaluate,0.8163781045599187,0.8023333333333333,0.27849459822728634,0.24038946203757358,0.25772248932140523,3000
289,1,evaluate,2.027364396034403,0.5623333333333334,0.2620561616787854,0.1687300936073612,0.20168192264184764,3000
289,2,evaluate,1.3211531093780031,0.6993333333333334,0.28518031662712673,0.21095756171592991,0.2406643483320059,3000
289,3,evaluate,1.778814156004723,0.6666666666666666,0.2727181523135621,0.19929393386847577,0.22528628875373405,3000
289,4,evaluate,2.4881685617122242,0.49566666666666664,0.2673413242009132,0.1488451923076923,0.1910226699481786,3000
289,5,evaluate,0.9374338337715636,0.7803333333333333,0.29223789305417025,0.23291336297543763,0.2574781553202194,3000
290,0,evaluate,0.9124297116031038,0.8153333333333334,0.2842870699077097,0.2451082395904572,0.2630413047995465,3000
290,1,evaluate,2.417933829287265,0.4553333333333333,0.2945125420177541,0.13541952517352346,0.18172014607718073,3000
290,2,evaluate,1.2845560946363084,0.7303333333333333,0.2591399404704399,0.21864647435897436,0.23690559148735857,3000
290,3,evaluate,1.2532282598475193,0.7256666666666667,0.26062032656561984,0.21779335926712742,0.2371908227142212,3000
290,4,evaluate,1.8539454150707164,0.5876666666666667,0.28206077809872626,0.177063727995244,0.21491492374593424,3000
290,5,evaluate,1.6862252646304192,0.6976666666666667,0.26831651210389995,0.20845634256514778,0.23010942216612737,3000
291,0,evaluate,1.7796123535075086,0.6573333333333333,0.271711702752124,0.19655275334131567,0.22450413836778993,3000
291,1,evaluate,1.870908184254423,0.5913333333333334,0.2629526256059035,0.17748851905180146,0.20931492500431972,3000
291,2,evaluate,0.9271011048174919,0.776,0.2917266058446336,0.23163674326358158,0.25647930600509417,3000
291,3,evaluate,1.3395128833486678,0.6856666666666666,0.28658035268095744,0.20670378238369871,0.2388927607947781,3000
291,4,evaluate,2.308980398989738,0.518,0.26674743889177,0.1551445512820513,0.19613042525630023,3000
291,5,evaluate,0.7893558499660898,0.8066666666666666,0.27709089784625307,0.2417233248161704,0.2580004788206379,3000
292,0,evaluate,2.266943944261429,0.4656666666666667,0.29393063442783995,0.13864476374246873,0.1860262473517247,3000
292,1,evaluate,1.819761357408889,0.5766666666666667,0.28241084646423137,0.17353170106059196,0.2136122727038232,3000
292,2,evaluate,0.7988690274192932,0.833,0.28419291103014377,0.2504773863821981,0.266070089509488,3000
292,3,evaluate,1.4708809713099866,0.745,0.2688004046405193,0.2226779204972607,0.23902346872292615,3000
292,4,evaluate,1.4145535864728562,0.689,0.2608850220748289,0.20678457795189967,0.23047206742270818,3000
292,5,evaluate,1.3456821568468784,0.7103333333333334,0.25911746475249686,0.21266602564102563,0.23329014557031238,3000
293,0,evaluate,2.01810241252818,0.623,0.27390930594968854,0.18616023645345195,0.21675880503516246,3000
293,1,evaluate,0.7677785259612063,0.8143333333333334,0.27687500164821977,0.2440719523118943,0.259324844257155,3000
293,2,evaluate,2.23448701868666,0.532,0.2689322639206865,0.15942083333333334,0.20011797327735495,3000
293,3,evaluate,1.7836298486019702,0.6113333333333333,0.26542493490236113,0.18346576472232096,0.21432981004349833,3000
293,4,evaluate,0.9167015793475699,0.7803333333333333,0.29022653867333054,0.23286399314779352,0.2564436361557101,3000
293,5,evaluate,1.4587386123677517,0.671,0.28592002441554865,0.2023195303791538,0.2355825249593194,3000
294,0,evaluate,2.2676173194925835,0.4653333333333333,0.2940218684063082,0.13880496720941027,0.18732661385400287,3000
294,1,evaluate,1.2968236436235143,0.7233333333333334,0.25788099087702765,0.21679198717948717,0.2352792548744805,3000
294,2,evaluate,1.4419784583943955,0.7306666666666667,0.26935517633504696,0.2185069697167564,0.23803232732568516,3000
294,3,evaluate,1.9179267020935709,0.5586666666666666,0.28196541506660977,0.1680834102480186,0.2093816845833815,3000
294,4,evaluate,1.4357635581747015,0.6923333333333334,0.2624982398864203,0.2077499811236891,0.23167150769509645,3000
294,5,evaluate,0.8091151505074603,0.826,0.2838134455684124,0.248415099199618,0.26470192224889494,3000
295,0,evaluate,0.8961334006583437,0.7856666666666666,0.2904137278314069,0.234782800766035,0.2585149527630032,3000
295,1,evaluate,1.865377276501757,0.593,0.2626731887935365,0.17797984835832575,0.20966771148975732,3000
295,2,evaluate,2.29349303752818,0.5163333333333333,0.26838798426197463,0.15462564102564103,0.19613475474079425,3000
295,3,evaluate,0.8232192948777625,0.8006666666666666,0.2760177541240986,0.24003109244874943,0.25647560108663897,3000
295,4,evaluate,1.885495256870351,0.6383333333333333,0.2748883567052445,0.19078709240327518,0.2203336279440357,3000
295,5,evaluate,1.459585888588682,0.668,0.2847568200826341,0.2014053578384122,0.23426018065164503,3000
296,0,evaluate,1.3622710400439324,0.7573333333333333,0.26593671804288554,0.22642225398187818,0.24097435650519575,3000
296,1,evaluate,1.430756095876085,0.6886666666666666,0.2635652034542835,0.20667748435137273,0.2316538032616579,3000
296,2,evaluate,0.7625469337118432,0.8386666666666667,0.2839513221757527,0.2521104038886466,0.26691912423819,3000
296,3,evaluate,1.3674253821372986,0.701,0.25968591995479007,0.20997852564102565,0.23210809672532337,3000
296,4,evaluate,2.5991326392965113,0.4216666666666667,0.2938550808157368,0.12459668515652314,0.16664130213822398,3000
296,5,evaluate,1.7259615786532139,0.588,0.3111997460126393,0.19642617185497446,0.23907754799200628,3000
297,0,evaluate,2.2665827375777226,0.524,0.2659969904754147,0.15665961538461537,0.19680444642944633,3000
297,1,evaluate,1.7963111806423107,0.6073333333333333,0.26145931231028563,0.1823157185186361,0.2119941253131315,3000
297,2,evaluate,0.8062087773008549,0.8093333333333333,0.2781180292387269,0.2426367725256941,0.25897491818874785,3000
297,3,evaluate,1.490099181520178,0.6496666666666666,0.28473538097302376,0.19626868350717724,0.23014926009093778,3000
297,4,evaluate,0.9177589949141157,0.7856666666666666,0.290573018932682,0.234739291212601,0.2585246532206008,3000
297,5,evaluate,2.113459361360428,0.6126666666666667,0.2758523240914371,0.18306768637924759,0.21304680152322458,3000
298,0,evaluate,2.5389798651350306,0.42833333333333334,0.2938922977458879,0.12717722184028105,0.17337535733348294,3000
298,1,evaluate,1.4556986879795155,0.6866666666666666,0.26071242820094637,0.20608808933214157,0.22955648952632424,3000
298,2,evaluate,1.9860771513999778,0.541,0.28249884221423127,0.1626941050423406,0.20581094679216377,3000
298,3,evaluate,0.7666140220900799,0.8396666666666667,0.28371850875790344,0.2523457146626603,0.26705512427882716,3000
298,4,evaluate,1.501358946587177,0.7386666666666667,0.2696596126160654,0.22078394183677896,0.2384278102942917,3000
298,5,evaluate,1.2613348796012553,0.7286666666666667,0.25972419214632025,0.21835,0.2366643540533307,3000
299,0,evaluate,0.7543140465908862,0.827,0.2895800039880403,0.24730969819556767,0.2660544077482431,3000
299,1,evaluate,2.192406525003149,0.581,0.276361947741099,0.17372574621272005,0.20738524204392644,3000
299,2,evaluate,0.6824960753004602,0.8373333333333334,0.2771407229383997,0.25095739947295675,0.2632026775755389,3000
299,3,evaluate,2.651956667291357,0.45766666666666667,0.27060575271608883,0.13695897435897436,0.1816606456407575,3000
299,4,evaluate,1.7959524215535914,0.5896666666666667,0.2856676393413613,0.1784723680644183,0.21614679305644874,3000
299,5,evaluate,1.9786593102394265,0.5803333333333334,0.26253005865196466,0.17421170198629393,0.20386846007832826,3000
300,0,evaluate,1.3810148949318743,0.707,0.25904996053150897,0.212159628753332,0.23257439923511,3000
300,1,evaluate,2.209500888560681,0.5126666666666667,0.2853525967054624,0.1542785718789502,0.19817139314310844,3000
300,2,evaluate,1.2258307642125068,0.7456666666666667,0.2583490994626248,0.22338141025641023,0.23947108038778492,3000
300,3,evaluate,2.828667681267921,0.38666666666666666,0.29485254873443484,0.11484904924120473,0.16212873696679683,3000
300,4,evaluate,1.4795509044160233,0.7353333333333333,0.2658402013369868,0.2198298053834661,0.2367932894249991,3000
300,5,evaluate,0.7954052122349434,0.846,0.28329739085910194,0.25433832293141917,0.26787691432274724,3000
301,0,evaluate,0.7723387051770028,0.8163333333333334,0.2776281189302256,0.24461735159268944,0.2596982018647192,3000
301,1,evaluate,1.3488577097020251,0.687,0.28468454167994334,0.20714357513520695,0.23861010357332785,3000
301,2,evaluate,2.1831833352433874,0.5493333333333333,0.2627272776226909,0.16489229814334364,0.19777018792597278,3000
301,3,evaluate,0.8574165010705908,0.8003333333333333,0.29054828526652077,0.23900616184348228,0.26074132312987575,3000
301,4,evaluate,2.567815326629801,0.478,0.26596208771336177,0.14366057692307693,0.18599165979314178,3000
301,5,evaluate,1.9441761640792197,0.6413333333333333,0.27372031388361195,0.1916247924503171,0.21969519756575515,3000
302,0,evaluate,1.3416559975197975,0.7136666666666667,0.2588132508989604,0.2141330822289464,0.2332404353394903,3000
302,1,evaluate,1.2384134074474902,0.75,0.2578702048012764,0.22460480769230767,0.24006405472232561,3000
302,2,evaluate,1.5798357991462058,0.7193333333333334,0.26929815234226856,0.2150490467663096,0.2352371816144767,3000
302,3,evaluate,2.4589449395524694,0.449,0.2945858446393013,0.1337653317296652,0.18207144230700023,3000
302,4,evaluate,0.8908124569248645,0.828,0.2852381051922635,0.2489618054994624,0.2656213239396594,3000
302,5,evaluate,2.0129792969277562,0.5576666666666666,0.2850169190075207,0.16782139449276842,0.20985117880835427,3000
303,0,evaluate,2.7078274539176452,0.4683333333333333,0.2660715005057973,0.14130064102564105,0.1806527215996746,3000
303,1,evaluate,0.8155861890062372,0.8046666666666666,0.2791398058821665,0.24101534530540186,0.25833591062635425,3000
303,2,evaluate,1.8480112324369715,0.6623333333333333,0.2736356794537487,0.19790190518686607,0.22400410053613626,3000
303,3,evaluate,0.9732822940704671,0.7796666666666666,0.29127602875280895,0.2325690595696638,0.25646526795110536,3000
303,4,evaluate,1.1824151201451079,0.741,0.28481019626563586,0.2232668225607556,0.2495615670510774,3000
303,5,evaluate,2.4856133080543357,0.501,0.2612205489873694,0.1504181325621386,0.1845192922419949,3000
304,0,evaluate,2.258243926027988,0.523,0.2847710287714428,0.1576641894833555,0.199280722838014,3000
304,1,evaluate,1.031223177909851,0.7883333333333333,0.28431780779773264,0.23705261223566665,0.25801395954292267,3000
304,2,evaluate,1.1338647489852094,0.7593333333333333,0.25774460121650755,0.22730608974358976,0.24134717970218506,3000
304,3,evaluate,1.7179922296645793,0.6776666666666666,0.2707255855428466,0.202663473889869,0.22891496112160756,3000
304,4,evaluate,1.2044331862571391,0.74,0.26152336120618197,0.2220670692571612,0.2396529123292311,3000
304,5,evaluate,2.632872611918348,0.415,0.2954844617214628,0.124281954483659,0.1748514054009204,3000
305,0,evaluate,2.554508901656942,0.4876666666666667,0.2655384858472454,0.14634792371410693,0.18138565813697438,3000
305,1,evaluate,3.123334877034451,0.40166666666666667,0.27043797652577484,0.12096762820512819,0.1663009883326483,3000
305,2,evaluate,0.8294395189336006,0.8113333333333334,0.29024706047766846,0.24197559743473632,0.26163031409464665,3000
305,3,evaluate,0.7076494922029212,0.8326666666666667,0.2763721885276003,0.24924141072642092,0.26123978314981566,3000
305,4,evaluate,1.8336816620319447,0.6693333333333333,0.2738284122420165,0.19992983989633992,0.22498223099703848,3000
305,5,evaluate,1.3954437907705917,0.695,0.2839302637804991,0.20937233557526444,0.23823420264187045,3000
306,0,evaluate,1.6461115225832512,0.705,0.27109782152852313,0.2107260833782572,0.23274082961446202,3000
306,1,evaluate,1.2492163422259879,0.727,0.2596857244848129,0.2181498099795371,0.23680533551531413,3000
306,2,evaluate,2.0557625750277904,0.5386666666666666,0.28498812635240744,0.16227084988475307,0.203759198119287,3000
306,3,evaluate,2.518798386796992,0.422,0.2957984966642428,0.1258512031511681,0.1753229520018964,3000
306,4,evaluate,1.1732701494338664,0.75,0.25777694506768817,0.224749358974359,0.24000802230140064,3000
306,5,evaluate,0.9089970550638564,0.8146666666666667,0.2838900288566516,0.24499029812837345,0.26254022611139105,3000
307,0,evaluate,1.8373091715447447,0.6533333333333333,0.2732079293005666,0.1953419856248013,0.2237235492263328,3000
307,1,evaluate,0.8599205169271915,0.7996666666666666,0.2909230572146802,0.23873052741257833,0.2607333927081886,3000
307,2,evaluate,1.4149400477713727,0.676,0.2842521642444013,0.20381872084277944,0.23584652346816748,3000
307,3,evaluate,0.726367102024403,0.825,0.2782093410048236,0.24713217365804643,0.26157595614151463,3000
307,4,evaluate,2.637609365138602,0.463,0.26809520788061975,0.13904166666666667,0.18285700742685926,3000
307,5,evaluate,2.15332704148394,0.5513333333333333,0.2620738716335608,0.1654836755477342,0.1974927818145123,3000
308,0,evaluate,1.2133201665066657,0.7423333333333333,0.2590274190517742,0.22218108974358977,0.23905736140487469,3000
308,1,evaluate,2.692048389860924,0.39366666666666666,0.2948084882418368,0.11731071210123915,0.16637254901960785,3000
308,2,evaluate,0.8402576636760792,0.8216666666666667,0.28484592459476,0.24710943011152214,0.264429665478639,3000
308,3,evaluate,1.2707671408957624,0.7223333333333334,0.26051345863961917,0.21675803129150822,0.2363784481926353,3000
308,4,evaluate,1.516276017148444,0.7253333333333334,0.26760918186692406,0.21683644738348368,0.2354632346231882,3000
308,5,evaluate,2.1165871417268796,0.5256666666666666,0.2849261434606262,0.15847727078472995,0.20040301971806498,3000
309,0,evaluate,0.7966112006217876,0.802,0.27582271320366925,0.24035975045012856,0.2562584185625874,3000
309,1,evaluate,0.8092260183172023,0.8083333333333333,0.28967521460546486,0.24171505398874907,0.26274889076161945,3000
309,2,evaluate,1.380428079594957,0.672,0.2839656851107005,0.20272406297510898,0.23545052801557542,3000
309,3,evaluate,2.6071596145629883,0.471,0.2653031512191314,0.14216794871794872,0.18256240582985628,3000
309,4,evaluate,2.2904537104545755,0.5243333333333333,0.2638615669891082,0.15730400776556558,0.19079957283612808,3000
309,5,evaluate,2.071544053706717,0.6056666666666667,0.27490784963854864,0.18105489575754558,0.2137691503513634,3000
310,0,evaluate,2.0362661290676036,0.5476666666666666,0.28338484065977065,0.16482282829859912,0.2050398946407289,3000
310,1,evaluate,2.739516243021539,0.4103333333333333,0.2943341481176669,0.12181854965879346,0.1682128608816369,3000
310,2,evaluate,1.2575305827120518,0.7323333333333333,0.2613373236690865,0.2197939268075078,0.2385512635102312,3000
310,3,evaluate,1.7389776427695092,0.701,0.27006044992339745,0.209480993564603,0.23029116885659903,3000
310,4,evaluate,0.9184406342658591,0.811,0.28283617662176674,0.2440498515550817,0.2614336066974826,3000
310,5,evaluate,1.2012618260180696,0.7453333333333333,0.25974215110005916,0.2231,0.23963160047233178,3000
311,0,evaluate,1.3501997932474663,0.6923333333333334,0.28427426047051335,0.20881952634044687,0.2396330766946789,3000
311,1,evaluate,2.8827995340874852,0.448,0.26876317376609105,0.13553397435897435,0.17558258145194483,3000
311,2,evaluate,0.7595128417015076,0.8283333333333334,0.2792642144174172,0.24807525969340216,0.2623296545436798,3000
311,3,evaluate,0.8767640527258528,0.8053333333333333,0.2912785055995319,0.24041585905377297,0.2617733534286618,3000
311,4,evaluate,2.4982321490632726,0.512,0.26480298565299815,0.15352582726248754,0.18617262366802528,3000
311,5,evaluate,2.005597916055233,0.643,0.2755416835971062,0.1921898333911249,0.22093322621421713,3000
312,0,evaluate,0.9555630081511558,0.8086666666666666,0.28344970233808214,0.24344422500803256,0.26119575842708426,3000
312,1,evaluate,2.739523748134045,0.4036666666666667,0.2949453556001682,0.12072208286792954,0.17098705734222958,3000
312,2,evaluate,1.1621638992999463,0.7493333333333333,0.26190548029146515,0.2248395491573527,0.24155539636464957,3000
312,3,evaluate,2.2837538845995637,0.5096666666666667,0.2835457561086039,0.15380165489176395,0.19470788245123077,3000
312,4,evaluate,1.7949764944137412,0.6943333333333334,0.27198758352624175,0.20746377116136916,0.22902129154311904,3000
312,5,evaluate,1.1285087593058323,0.763,0.2579151300414767,0.22843108974358978,0.2422089151396197,3000
313,0,evaluate,0.8397417575755017,0.7956666666666666,0.29052662419863057,0.23750204493047988,0.2598071899141141,3000
313,1,evaluate,0.7893360244466904,0.812,0.27659902242158674,0.24315149160443933,0.2582628261449301,3000
313,2,evaluate,2.683369349926076,0.4683333333333333,0.26961225031933356,0.1409108974358974,0.18441891400013133,3000
313,3,evaluate,1.390695443812837,0.6843333333333333,0.2841807319762749,0.20608642114918263,0.2375495884846366,3000
313,4,evaluate,1.7966519784420094,0.6643333333333333,0.27376855265528705,0.19871058266712635,0.22754517901129062,3000
313,5,evaluate,2.2123260117591697,0.527,0.2621707728920115,0.15813960736125302,0.19260491853438086,3000
314,0,evaluate,1.7902655208364446,0.6833333333333333,0.2712502430649677,0.20422478332064706,0.2284410332878127,3000
314,1,evaluate,2.6402896110047687,0.41833333333333333,0.2954900193501241,0.12466038116738842,0.1729847198530919,3000
314,2,evaluate,1.2071985234605505,0.7353333333333333,0.26124002455494166,0.22065875045860223,0.23864322941908211,3000
314,3,evaluate,0.9615360111632245,0.801,0.2841121284967002,0.24101953118689518,0.2603283640910561,3000
314,4,evaluate,1.1879857803912872,0.7496666666666667,0.2574196902451356,0.22437243589743588,0.2396164800025741,3000
314,5,evaluate,2.103059142193896,0.5303333333333333,0.28017215232478637,0.15990625165764408,0.20071611377812798,3000
315,0,evaluate,2.301086260917339,0.526,0.26235786747082224,0.15787472098226396,0.1905559520531416,3000
315,1,evaluate,2.664199889974391,0.456,0.26509324816830093,0.13743012820512818,0.17857221688819114,3000
315,2,evaluate,1.2128903142949368,0.7213333333333334,0.2860614981768359,0.21720635010383962,0.2461772863260725,3000
315,3,evaluate,1.850697007585079,0.6596666666666666,0.2744910955218124,0.19705960679133405,0.22353850182383656,3000
315,4,evaluate,0.7541047188829868,0.8153333333333334,0.27825456107156676,0.2442812191052675,0.2599210952727614,3000
315,5,evaluate,0.8833890303652338,0.7883333333333333,0.2906048174553265,0.23529728622233956,0.2583477740290956,3000
316,0,evaluate,1.1461310716385538,0.7563333333333333,0.2578318749677809,0.22645544871794873,0.24100335381123558,3000
316,1,evaluate,1.2392829745373828,0.7316666666666667,0.26132723754300147,0.21954914149202023,0.23794992451655003,3000
316,2,evaluate,2.4734513480612574,0.43933333333333335,0.2948812410800052,0.13075395775912185,0.17853717181827036,3000
316,3,evaluate,1.8116613207979406,0.6833333333333333,0.274342602747272,0.20427934525399866,0.22961821894972534,3000
316,4,evaluate,2.037482723276666,0.5476666666666666,0.28562009710812675,0.16468763259901578,0.2066519116055822,3000
316,5,evaluate,0.9861701295730916,0.8016666666666666,0.28438239036135926,0.2411639149609861,0.26035388583855285,3000
317,0,evaluate,0.8110983460507495,0.8056666666666666,0.27828394557388625,0.24151085953286716,0.25822913283341775,3000
317,1,evaluate,2.3715242553264537,0.5136666666666667,0.2667323387915112,0.1545147435897436,0.1948922920674867,3000
317,2,evaluate,1.9152339138883225,0.6513333333333333,0.27414788305332294,0.19475373505395432,0.22413695448246296,3000
317,3,evaluate,0.9249972701072693,0.786,0.29041885820297486,0.23474485498215905,0.25821085585802617,3000
317,4,evaluate,1.3204791285890214,0.71,0.2845716639137955,0.21389490207481837,0.24344540161675626,3000
317,5,evaluate,2.0346620108218905,0.5713333333333334,0.26316136614815133,0.17143247669633394,0.2037612326301069,3000
318,0,evaluate,1.8449916712781216,0.58,0.2828032338618172,0.1744264585516419,0.21450872208412514,3000
318,1,evaluate,1.6260711702894657,0.7036666666666667,0.2695423611847457,0.21043987292451694,0.23321634211179684,3000
318,2,evaluate,1.3356069668810417,0.7173333333333334,0.26298336959079366,0.2152777893032729,0.23659762790780087,3000
318,3,evaluate,1.3178638169106016,0.7286666666666667,0.2586671089659188,0.21820352564102566,0.23637348239198214,3000
318,4,evaluate,2.1237271770517876,0.51,0.29360609261912335,0.15240134089180318,0.20000282349200357,3000
318,5,evaluate,0.9206060513536981,0.8123333333333334,0.2853298794319855,0.244349815296468,0.2628397614489387,3000
319,0,evaluate,1.4859281156925446,0.6763333333333333,0.2860498048277601,0.20365364991411017,0.23714282599097092,3000
319,1,evaluate,2.0496257467472807,0.5796666666666667,0.2646432706587128,0.17392914874837193,0.20526272882266575,3000
319,2,evaluate,0.8842750749689468,0.8,0.29070170957327834,0.23875405665945065,0.26015355797349493,3000
319,3,evaluate,2.065151331272531,0.6306666666666667,0.27458127501381513,0.18858402449200554,0.2205090712710278,3000
319,4,evaluate,2.5074343884244876,0.5006666666666667,0.2669652873418614,0.15041666666666667,0.19202971478800118,3000
319,5,evaluate,0.7497476355192509,0.8263333333333334,0.2765111512046053,0.24765188773758734,0.2610170681615139,3000
320,0,evaluate,0.8837246355858255,0.826,0.2853962342230499,0.24849852093575944,0.2652936468439376,3000
320,1,evaluate,2.013302336347864,0.556,0.28337386065232845,0.1671230619951379,0.2093785505363011,3000
320,2,evaluate,1.3872384048522788,0.7063333333333334,0.26241534242679276,0.21197220430195238,0.23374655914001577,3000
320,3,evaluate,1.288900007592871,0.7356666666666667,0.2582851166413843,0.2202201923076923,0.23743786874413,3000
320,4,evaluate,2.3666300773620605,0.47433333333333333,0.2936092806292595,0.14147806483225675,0.18957844888508926,3000
320,5,evaluate,1.5995496486095673,0.724,0.27010157194056095,0.21650793462463974,0.23657212291695692,3000
321,0,evaluate,2.4180731900194856,0.5123333333333333,0.26463859747098006,0.1543448717948718,0.19331030015486564,3000
321,1,evaluate,2.1651367304172924,0.6173333333333333,0.27593933014098637,0.18437691517613167,0.21453335166224036,3000
321,2,evaluate,0.8491195503701555,0.792,0.2769097704877521,0.23738923634776848,0.25500080001256226,3000
321,3,evaluate,0.8806245060677224,0.795,0.2899163559326601,0.23751864137769943,0.25980602128558117,3000
321,4,evaluate,2.1046978387426822,0.5603333333333333,0.2633569243148009,0.1680895752919754,0.20160106747939088,3000
321,5,evaluate,1.3068383183885128,0.7096666666666667,0.2849765377555208,0.21390566074143483,0.24354413689811322,3000
322,0,evaluate,1.2593810000318162,0.749,0.2602196195999483,0.2242032051282051,0.24062797087062887,3000
322,1,evaluate,0.8534773778408131,0.833,0.2849396746261409,0.2505335244090474,0.2663197056434844,3000
322,2,evaluate,2.010430003734345,0.554,0.28419828027685473,0.16659406731060825,0.20862807194663527,3000
322,3,evaluate,1.592116690696554,0.7336666666666667,0.2697393314186058,0.21933680840361017,0.2379676581603778,3000
322,4,evaluate,2.589618723443214,0.43366666666666664,0.2958927944735818,0.12875528791505259,0.17534348960394147,3000
322,5,evaluate,1.3421994117980307,0.7166666666666667,0.26238235392699794,0.21507117142738216,0.23574609312225628,3000
323,0,evaluate,2.029694549580838,0.5756666666666667,0.2663960495480415,0.17272060273165216,0.20692944972923014,3000
323,1,evaluate,2.1673325731399213,0.6003333333333334,0.2764692992768002,0.1795698839976682,0.2131569289734106,3000
323,2,evaluate,2.39994852086331,0.5103333333333333,0.266822737005481,0.15351153846153845,0.19414351573824437,3000
323,3,evaluate,1.4843857453224507,0.6633333333333333,0.2863772574559131,0.20039194529257293,0.2336438017130261,3000
323,4,evaluate,0.8056311759542911,0.8216666666666667,0.2899174263178413,0.2457890550548596,0.2653274169322043,3000
323,5,evaluate,0.8208960757610646,0.8063333333333333,0.276998052894712,0.24163703594723165,0.25744991994742966,3000
324,0,evaluate,1.882976582709779,0.5753333333333334,0.2837496152585959,0.17284928775099861,0.2114796108972808,3000
324,1,evaluate,2.7770065297471715,0.4146666666666667,0.29450656037203127,0.1225227229645766,0.1639446782060609,3000
324,2,evaluate,0.926532266621894,0.8153333333333334,0.28414305173878585,0.24518643344480165,0.26302387769974056,3000
324,3,evaluate,1.2548905978811549,0.733,0.2601362481220946,0.21997273558877542,0.23792380585898262,3000
324,4,evaluate,1.2580496174223879,0.748,0.2615143157399709,0.22372564102564102,0.24075659491506113,3000
324,5,evaluate,1.6704467408200527,0.717,0.26920211130019794,0.21434723644557874,0.23494957494922647,3000
325,0,evaluate,0.9807591793384958,0.7823333333333333,0.2903282034987969,0.2335584955937345,0.25703911332901863,3000
325,1,evaluate,2.618929662603013,0.49033333333333334,0.2646101499366013,0.14799038461538463,0.18676229177985307,3000
325,2,evaluate,2.255988098205404,0.5523333333333333,0.2650755069298509,0.1656430468940085,0.1974759016353611,3000
325,3,evaluate,2.039702073056647,0.643,0.2743671016450909,0.19218678236464276,0.2208150640526853,3000
325,4,evaluate,0.8133822977542877,0.808,0.27961913669497707,0.24230920584211324,0.2591750477436882,3000
325,5,evaluate,1.3079865169017872,0.7103333333333334,0.28511750507724865,0.2141983884661709,0.24354456426401178,3000
326,0,evaluate,0.8174650054028694,0.8376666666666667,0.2844349607121922,0.2516399057455543,0.26701055064521495,3000
326,1,evaluate,1.320601448099664,0.7203333333333334,0.2628131910977193,0.2161853399898353,0.2367439143093013,3000
326,2,evaluate,2.8121435743697147,0.398,0.29490864309025344,0.11803801878011581,0.1637647936188057,3000
326,3,evaluate,2.143077145231531,0.539,0.2856559048491706,0.16207421461449079,0.2036715596142035,3000
326,4,evaluate,1.2456593424715894,0.7346666666666667,0.2584175259712644,0.21995673076923078,0.2372995717375476,3000
326,5,evaluate,1.5696514413711873,0.7416666666666667,0.26879651000949845,0.22172502024088664,0.2396328314239955,3000
327,0,evaluate,2.0658372767428133,0.5646666666666667,0.2641627371024469,0.1694065732675744,0.19983774209598099,3000
327,1,evaluate,0.6192667405021951,0.854,0.27593604386460074,0.25579011148375785,0.2651472166919321,3000
327,2,evaluate,2.7454872562530195,0.461,0.2670961644637355,0.13832275641025643,0.181759699150199,3000
327,3,evaluate,2.6288305850739175,0.5163333333333333,0.277283006289082,0.15443127152684108,0.19224933691312157,3000
327,4,evaluate,0.7385131970364996,0.8433333333333334,0.28896385964629506,0.2518994526760524,0.26763845191210567,3000
327,5,evaluate,2.067027619544496,0.5616666666666666,0.28487876952700886,0.17014040340400174,0.20960773565888488,3000
328,0,evaluate,2.000010513244791,0.5303333333333333,0.284880398065194,0.15966101861665663,0.20260720253942988,3000
328,1,evaluate,1.4292925393327753,0.7483333333333333,0.27052222465178327,0.22367394719003092,0.24052614867655903,3000
328,2,evaluate,2.6096282614038344,0.393,0.2941182370221463,0.11679376816058437,0.1642927690826228,3000
328,3,evaluate,1.3223868228019553,0.7123333333333334,0.2597535907519936,0.2137773988494998,0.23390791877385003,3000
328,4,evaluate,1.2656141735137778,0.7273333333333334,0.25673672318644636,0.2176679487179487,0.23530962985265513,3000
328,5,evaluate,0.7529620702596421,0.8416666666666667,0.28312836871067165,0.25297896147791543,0.26706205329106053,3000
329,0,evaluate,1.413158152965789,0.672,0.28434946959461643,0.2027807058403293,0.2353777526350716,3000
329,1,evaluate,0.7735983992510653,0.809,0.2769995116896172,0.24250938799530405,0.2583437838970982,3000
329,2,evaluate,2.28584959151897,0.5186666666666667,0.26474692644067954,0.1559621794871795,0.19561920835863017,3000
329,3,evaluate,1.9089307201669572,0.5816666666666667,0.2637784151178086,0.1745346767606443,0.20660543397214576,3000
329,4,evaluate,0.8472379547484378,0.796,0.29086690540962185,0.2378528897697998,0.2605823227889953,3000
329,5,evaluate,2.082095729543808,0.6053333333333333,0.276918187985583,0.1809861584258256,0.21452185551375313,3000
330,0,evaluate,2.066154254243729,0.5366666666666666,0.28432081693436867,0.16135305291750363,0.20469654822008648,3000
330,1,evaluate,1.6038739871471486,0.7353333333333333,0.2691901629441068,0.21972420013121075,0.23670075216701184,3000
330,2,evaluate,1.3691441277240186,0.7113333333333334,0.2595504589395567,0.2134534254322497,0.23250995486249373,3000
330,3,evaluate,0.8183048564068814,0.84,0.28480544069798097,0.25250960763513064,0.26757605107815874,3000
330,4,evaluate,2.661374678003027,0.414,0.29450731971210053,0.12290100149615046,0.169667769454323,3000
330,5,evaluate,1.2356137747460223,0.7443333333333333,0.25900020224389797,0.2226153846153846,0.23896810276335892,3000
331,0,evaluate,0.8447134742077361,0.8116666666666666,0.2910707894028438,0.24257540731354932,0.2635950732300577,3000
331,1,evaluate,1.3330080027275897,0.7086666666666667,0.2862439806799867,0.21335207742111512,0.24405125705022254,3000
331,2,evaluate,2.1537076792818435,0.611,0.27598372563483337,0.1825259441042705,0.21450414966069653,3000
331,3,evaluate,0.7908370247546662,0.8136666666666666,0.2793042995804814,0.24378071408054175,0.2600675277066431,3000
331,4,evaluate,2.4172849147877793,0.5116666666666667,0.26569575448194566,0.15422243589743592,0.19322912594894398,3000
331,5,evaluate,2.10132356907459,0.5616666666666666,0.2646656982502187,0.16849193777666302,0.20203829550534574,3000
332,0,evaluate,0.8873058690669688,0.8263333333333334,0.2842193782964435,0.24861388211283608,0.26485375173797965,3000
332,1,evaluate,1.6468891323880945,0.7196666666666667,0.2715320853657518,0.21512177030044305,0.23514936288326185,3000
332,2,evaluate,2.4957815966707595,0.44166666666666665,0.2962509791445229,0.13128098586306286,0.17841785210305097,3000
332,3,evaluate,1.2154937449921952,0.7556666666666667,0.25958098275983965,0.22621506410256406,0.2416793223498353,3000
332,4,evaluate,1.250190278317066,0.729,0.26191563970308207,0.21875284828485658,0.23790663492101521,3000
332,5,evaluate,1.91626272049356,0.572,0.28455495554479865,0.17219374654084083,0.21277358121121717,3000
333,0,evaluate,0.969114695457702,0.7783333333333333,0.2912547208372283,0.23208058648652238,0.2557082163478731,3000
333,1,evaluate,2.4555531385097096,0.5113333333333333,0.2654917377669764,0.15345094304561135,0.18859126002934928,3000
333,2,evaluate,1.2507831213322091,0.7273333333333334,0.2849142175056355,0.2190199539048911,0.2457301441978908,3000
333,3,evaluate,0.8233465932785197,0.8133333333333334,0.27815429907091016,0.24357054612929474,0.25891082499851475,3000
333,4,evaluate,1.6866404122494636,0.7116666666666667,0.2735528476363322,0.21280009461003227,0.23533817255721293,3000
333,5,evaluate,2.871438853284146,0.44,0.2710810821722627,0.1325048076923077,0.17716794826629673,3000
334,0,evaluate,1.5936683695367042,0.716,0.27116726047646394,0.2141522855772792,0.23528931672017764,3000
334,1,evaluate,1.3675160484111055,0.7033333333333334,0.26054137878372385,0.21112179887023586,0.23267482589276528,3000
334,2,evaluate,1.3201710277415337,0.7276666666666667,0.26067382231065767,0.21768076923076923,0.2365831957797754,3000
334,3,evaluate,2.3423132008694587,0.47433333333333333,0.29501362002591436,0.14208364683524818,0.1910427357577057,3000
334,4,evaluate,2.0943201628137142,0.5343333333333333,0.2844211935418562,0.16063837527360508,0.2025020717609177,3000
334,5,evaluate,0.9269468670195722,0.8056666666666666,0.285826896367139,0.24261350785932376,0.26180574603299606,3000
335,0,evaluate,1.840383197398896,0.6173333333333333,0.26561427515038655,0.18521304668205935,0.21405255493937583,3000
335,1,evaluate,0.7414061709287318,0.8263333333333334,0.27832107482326357,0.24780033308012034,0.2619988551015412,3000
335,2,evaluate,1.413155860089241,0.6946666666666667,0.2868145311132689,0.20928837534486072,0.24079933990247895,3000
335,3,evaluate,2.1218880820781627,0.6403333333333333,0.27614776659134943,0.1912617019915836,0.21988044671002535,3000
335,4,evaluate,1.0354658213067562,0.7603333333333333,0.2908408089357426,0.22655550577705458,0.2513977207784723,3000
335,5,evaluate,2.3172308587013406,0.5296666666666666,0.26727534324025554,0.15895352564102566,0.19893207883347636,3000
336,0,evaluate,2.237428518051797,0.484,0.29498497258228806,0.14419415593016977,0.19159068483255431,3000
336,1,evaluate,1.220202790929916,0.7423333333333333,0.2590925378619191,0.22243365384615385,0.23911688288076785,3000
336,2,evaluate,0.8613164786328661,0.8263333333333334,0.28503650359842403,0.2485704435756737,0.26500262459683366,3000
336,3,evaluate,1.7302960804168215,0.71,0.2707960482993388,0.21218811540050986,0.2324318010880732,3000
336,4,evaluate,1.852900002865081,0.5713333333333334,0.2843793637453424,0.17184959100603608,0.21333764990260567,3000
336,5,evaluate,1.3437629747898021,0.7113333333333334,0.2620763636227452,0.2134628921389205,0.23484041045750584,3000
337,0,evaluate,1.9487438962814656,0.654,0.27338731492629736,0.19548121959546516,0.22320356644512596,3000
337,1,evaluate,1.4284817538362868,0.676,0.2846592105466043,0.20381067708473566,0.23588529036902445,3000
337,2,evaluate,0.7157953292765515,0.8196666666666667,0.27830118977816964,0.24549532426770915,0.2604709356798309,3000
337,3,evaluate,0.8734086434891883,0.785,0.2909302894745454,0.2342572652024036,0.25764774283136493,3000
337,4,evaluate,2.0930353200182004,0.5626666666666666,0.2645581071680084,0.16893131275133316,0.2011129696401631,3000
337,5,evaluate,2.55477237701416,0.4856666666666667,0.27031847047826013,0.1455201923076923,0.18893184964600995,3000
338,0,evaluate,1.4875776970640142,0.7456666666666667,0.2691691618853899,0.22295613883825158,0.2398276659079081,3000
338,1,evaluate,2.1452701522948896,0.522,0.2841434458559834,0.15693243978185653,0.20113365655482102,3000
338,2,evaluate,2.6798220796787993,0.41733333333333333,0.295011555700675,0.12400133066079,0.1714704486892312,3000
338,3,evaluate,0.8021349133329189,0.8436666666666667,0.2845746339984312,0.2537675863251177,0.26790479704543807,3000
338,4,evaluate,1.4273981147624077,0.6973333333333334,0.26123774521150184,0.20925346501034991,0.23094929062525277,3000
338,5,evaluate,1.2135903353386737,0.7463333333333333,0.2595245612658058,0.22355769230769235,0.24007947898768833,3000
339,0,evaluate,0.8000903903169835,0.8086666666666666,0.2899794938271979,0.24174077606783057,0.2627811767123721,3000
339,1,evaluate,2.1545490483020213,0.6,0.2769720886069389,0.17945216367527583,0.21413025267752145,3000
339,2,evaluate,0.6770786487675727,0.8313333333333334,0.2781516484978974,0.24928195192156602,0.262825623966755,3000
339,3,evaluate,1.7237495171262862,0.6113333333333333,0.28586198985736905,0.18452549231837936,0.22222133748552614,3000
339,4,evaluate,1.7783735863705898,0.6163333333333333,0.26353477815506915,0.1849680094557502,0.21386555554615277,3000
339,5,evaluate,2.446040323440065,0.506,0.2684706368796433,0.15126378205128205,0.19288057381503954,3000
340,0,evaluate,1.440179576265051,0.7503333333333333,0.2693243273119186,0.22433436056960537,0.24083764648504502,3000
340,1,evaluate,1.3972942993995991,0.696,0.26104895226847735,0.2089122036504444,0.23160553249955013,3000
340,2,evaluate,0.808558575650479,0.8313333333333334,0.28367172220817316,0.2499327891848812,0.26560823956181334,3000
340,3,evaluate,1.75214739809645,0.5783333333333334,0.2827251718041463,0.1738814474973453,0.21458467975449866,3000
340,4,evaluate,1.3435615668905543,0.707,0.25670453466752013,0.2115448717948718,0.23123021465834012,3000
340,5,evaluate,2.3054523417290222,0.463,0.2928866848286279,0.13738019023329784,0.1821721219960572,3000
341,0,evaluate,2.1592464218748377,0.5476666666666666,0.26632783054113846,0.16437884615384615,0.20309967389673864,3000
341,1,evaluate,0.7695796876511676,0.816,0.28032772348772994,0.24456316081824814,0.261042726201257,3000
341,2,evaluate,1.2783533892732986,0.708,0.28534698672025643,0.2134392910543538,0.24325646921371763,3000
341,3,evaluate,1.7968633250987276,0.615,0.2659162396343214,0.1845524996062781,0.21496936924972293,3000
341,4,evaluate,2.0004228911501296,0.6413333333333333,0.27638828448227715,0.19166902843273964,0.22115123948594922,3000
341,5,evaluate,0.9541430803055458,0.774,0.29228472736895317,0.23089919284982718,0.255787921477831,3000
342,0,evaluate,1.5504473067344504,0.6743333333333333,0.2636735412560011,0.20239849183441222,0.22863618036953365,3000
342,1,evaluate,2.153463843020987,0.5066666666666667,0.29320428073125915,0.15090728400099884,0.19665971446904257,3000
342,2,evaluate,1.8286334047926234,0.577,0.2836785013634982,0.17345103281860044,0.21466375773131857,3000
342,3,evaluate,1.4259966573816665,0.6983333333333334,0.25753357750053374,0.20928878205128204,0.2299715740130551,3000
342,4,evaluate,1.5672198242329536,0.7473333333333333,0.26991915124652277,0.22329648125249868,0.2387307736777151,3000
342,5,evaluate,0.7459984028593023,0.8536666666666667,0.28457521687303206,0.2565127852000237,0.26976327541839745,3000
343,0,evaluate,1.7219878130770745,0.629,0.26456183605649203,0.18872134189140496,0.21800969331199682,3000
343,1,evaluate,1.3804978271748156,0.6733333333333333,0.284069092635585,0.20302446424308349,0.23571856085951595,3000
343,2,evaluate,0.8245049499450846,0.8026666666666666,0.2800960700510526,0.24069381129529935,0.25874094263842407,3000
343,3,evaluate,0.9030373014034109,0.7806666666666666,0.2904876798097157,0.23332615735311962,0.25780286792454693,3000
343,4,evaluate,2.136718138735345,0.6116666666666667,0.2766757161435454,0.18274103386820467,0.21414644692797954,3000
343,5,evaluate,2.12820932459324,0.5513333333333333,0.2671897100886463,0.16529647435897435,0.20411397182183758,3000
344,0,evaluate,0.8216120042699449,0.831,0.28398979143426967,0.24993604258771623,0.2656351765121312,3000
344,1,evaluate,1.457590401172638,0.7506666666666667,0.2694710541131016,0.22449098343042923,0.24138727511746527,3000
344,2,evaluate,1.3486904565324174,0.7093333333333334,0.2630427284890688,0.2128906282556086,0.23499877592893142,3000
344,3,evaluate,1.3330021804951606,0.725,0.26017012512783005,0.21696698717948718,0.2361150345456196,3000
344,4,evaluate,1.76598865935143,0.5856666666666667,0.28534664292178713,0.1760637832417063,0.21669324269531903,3000
344,5,evaluate,2.4957912018958557,0.45166666666666666,0.29465023080209285,0.13389282181830603,0.17862301855832693,3000
345,0,evaluate,0.86699537520713,0.7943333333333333,0.2907638561204829,0.2373785367190099,0.26010000076000594,3000
345,1,evaluate,0.7686163795755264,0.819,0.27852599913996834,0.24553294420607732,0.2605613170779049,3000
345,2,evaluate,2.194925219454664,0.604,0.27748888970922114,0.18044579320441026,0.2130654683696353,3000
345,3,evaluate,1.8923216221180368,0.6026666666666667,0.2654309095567786,0.18078778228155123,0.21226119453862355,3000
345,4,evaluate,1.4351951150183981,0.6726666666666666,0.2850296023112482,0.20280697987287946,0.23604655590872667,3000
345,5,evaluate,2.275427739670936,0.533,0.267036337568048,0.16006666666666666,0.1996317660001293,3000
346,0,evaluate,1.5171398203423683,0.736,0.26817798296951045,0.22003815113637532,0.2376978147722726,3000
346,1,evaluate,1.3032689868135656,0.7056666666666667,0.26228323595415043,0.2118128286554934,0.23417482362769998,3000
346,2,evaluate,2.3538958011789526,0.44733333333333336,0.29347869834411433,0.13277345465090967,0.17846602183693833,3000
346,3,evaluate,1.260403851245312,0.725,0.26012186195302106,0.21713782051282055,0.23618661009482217,3000
346,4,evaluate,1.7607981854296746,0.5886666666666667,0.2830596424690119,0.17703546192347763,0.216123394976547,3000
346,5,evaluate,0.8080499495597596,0.8256666666666667,0.2827284279109421,0.24831049668915775,0.26412629482823186,3000
347,0,evaluate,0.7905231029429334,0.8126666666666666,0.2802132384500112,0.24362650949448486,0.26052049853516224,3000
347,1,evaluate,1.257013386868416,0.725,0.28453659996723024,0.2181172692417462,0.24653122571059266,3000
347,2,evaluate,2.122338835229265,0.559,0.27024269204921864,0.16797339743589743,0.20679041499008277,3000
347,3,evaluate,0.9874995896156799,0.7666666666666667,0.2911640893886309,0.22867310894611875,0.2538978599423783,3000
347,4,evaluate,1.7771642512463508,0.616,0.2638949924346408,0.18482478280301967,0.21492696170391773,3000
347,5,evaluate,2.0141529681834767,0.6456666666666667,0.2740339521158739,0.19285712933742233,0.2209680935742035,3000
348,0,evaluate,2.130270577491598,0.5143333333333333,0.294046277585181,0.15314643334213404,0.19847564669145137,3000
348,1,evaluate,1.6349245094238443,0.7256666666666667,0.2701170079131782,0.21695816171142637,0.23638502808321818,3000
348,2,evaluate,1.7348340064921277,0.6086666666666667,0.28328550798504926,0.1830723490455473,0.2213798832294008,3000
348,3,evaluate,0.8901255320995412,0.8163333333333334,0.28438849929955773,0.24562140218520973,0.26320936302420345,3000
348,4,evaluate,1.3216546583682933,0.711,0.2637715764748927,0.21336218451272232,0.23567713387957423,3000
348,5,evaluate,1.2450428351442864,0.7403333333333333,0.26224082529017123,0.2218080128205128,0.24019028607016382,3000
349,0,evaluate,2.0585530894867916,0.6443333333333333,0.2745254271043892,0.1925012761880148,0.22092401834486597,3000
349,1,evaluate,0.8783022222366739,0.803,0.29041486838602915,0.2395121326077469,0.2601178678963325,3000
349,2,evaluate,0.7046188845279369,0.8366666666666667,0.27805728434862936,0.25063650700238904,0.2633450742300916,3000
349,3,evaluate,2.5212031602859497,0.49033333333333334,0.2722755978569932,0.14732179487179486,0.19081194789774575,3000
349,4,evaluate,1.3635848608422787,0.6983333333333334,0.2857990047576525,0.2102773200576548,0.241364518471653,3000
349,5,evaluate,2.0850426795634815,0.569,0.2696164017314001,0.17078046918739537,0.204269804996999,3000
350,0,evaluate,2.244933506275745,0.5083333333333333,0.2843261831057166,0.15319297228969564,0.1965830380993216,3000
350,1,evaluate,1.255410295851687,0.7363333333333333,0.2629872870902841,0.22094780967600808,0.23883235039802048,3000
350,2,evaluate,1.761406917521294,0.701,0.2677631393253451,0.20957703367176572,0.2304159998571152,3000
350,3,evaluate,0.9151025078398116,0.8196666666666667,0.2857440447480008,0.24671270568237094,0.2640556545800621,3000
350,4,evaluate,2.6473166917232756,0.42,0.294882290172365,0.1255058800098002,0.1755595537407046,3000
350,5,evaluate,1.1281743975395853,0.7726666666666666,0.25985974284303615,0.23133397435897435,0.24456256142204133,3000
351,0,evaluate,1.3680175314558314,0.6973333333333334,0.28511944174460624,0.2100234424502207,0.23996225241672878,3000
351,1,evaluate,0.8499150808821333,0.803,0.29094124380852726,0.23947393188997249,0.26031794686420506,3000
351,2,evaluate,1.910270556490472,0.6736666666666666,0.27440743630444725,0.20125575229986703,0.22671833426904103,3000
351,3,evaluate,0.7233397897253645,0.8353333333333334,0.27604741439331926,0.25023200531647116,0.2622014801623766,3000
351,4,evaluate,3.0007781678057732,0.4176666666666667,0.2701083868951386,0.1258147435897436,0.1706343082083187,3000
351,5,evaluate,2.455200474312965,0.51,0.26539392337619716,0.15303090530162994,0.18637713332982997,3000
352,0,evaluate,2.7866768481883595,0.39666666666666667,0.2960544540840563,0.11885903885957516,0.1693824519054934,3000
352,1,evaluate,2.388548561867247,0.5023333333333333,0.2875640898286019,0.15153902311844264,0.19251992007535604,3000
352,2,evaluate,0.9252315233362481,0.8053333333333333,0.284945099068769,0.24237410228519013,0.2614797102572133,3000
352,3,evaluate,1.1256274561932746,0.7666666666666667,0.25906573803638056,0.22929679487179486,0.24288229145750045,3000
352,4,evaluate,1.1254954458551203,0.7643333333333333,0.2634044362702662,0.22935287734090481,0.24464610017556315,3000
352,5,evaluate,1.7311278175800404,0.7033333333333334,0.2701497028652159,0.21026599792850725,0.23178642461339072,3000
353,0,evaluate,2.4920737388286183,0.5006666666666667,0.2671987691834324,0.15020899277791175,0.18478492686546635,3000
353,1,evaluate,0.8532082102400191,0.801,0.290443151812416,0.23912322298200825,0.2606692306220414,3000
353,2,evaluate,2.864191362198363,0.43566666666666665,0.26919478978806133,0.13165705128205127,0.17378596051584677,3000
353,3,evaluate,1.8813057833529534,0.6676666666666666,0.27473643175372237,0.19963813953571197,0.2276779043163665,3000
353,4,evaluate,0.7696118583070471,0.821,0.27781478263097015,0.24589065424021603,0.2604391832872498,3000
353,5,evaluate,1.274810070687152,0.7076666666666667,0.2838289994706737,0.21315745661979973,0.24266648924619227,3000
354,0,evaluate,1.1206693928292457,0.769,0.2612477487813867,0.2300903846153846,0.24437787870796587,3000
354,1,evaluate,2.5294051677622695,0.427,0.29464966680275645,0.12779686437435261,0.17808840627514133,3000
354,2,evaluate,1.1724110575432474,0.7526666666666667,0.26187708966850975,0.22586339633977995,0.2419880383183341,3000
354,3,evaluate,0.9778612370186663,0.8036666666666666,0.28616181841484467,0.241896570060796,0.261392129071806,3000
354,4,evaluate,1.8491834325993315,0.689,0.27112721260455164,0.20597794307333603,0.22904934215504769,3000
354,5,evaluate,2.183715860894386,0.526,0.2865293835507078,0.1585217470893021,0.20063608972252434,3000
355,0,evaluate,0.7332996649945036,0.8313333333333334,0.27904829773409634,0.24911058019794646,0.26276322855463075,3000
355,1,evaluate,2.4513742340371962,0.5146666666666667,0.2679716047073971,0.15440709892015542,0.18816883752033614,3000
355,2,evaluate,2.032007060152419,0.6643333333333333,0.2751722987067167,0.19847056568269877,0.2249865329210084,3000
355,3,evaluate,1.2609074458162834,0.7273333333333334,0.2852936562168796,0.21890616333607965,0.24700511765992159,3000
355,4,evaluate,0.8930365379820479,0.799,0.2901120512351746,0.2383738750888968,0.25953134498635644,3000
355,5,evaluate,2.823173847604305,0.4563333333333333,0.27002736915928816,0.13779679487179486,0.17959968109625188,3000
356,0,evaluate,2.4488561178775545,0.437,0.2961915791330341,0.1304607245750697,0.18007729210133444,3000
356,1,evaluate,1.589600164839562,0.7326666666666667,0.2698284186582179,0.21907263470842647,0.23814813910309388,3000
356,2,evaluate,1.186449132067092,0.7453333333333333,0.2598270879899101,0.22315416666666668,0.24004791768086595,3000
356,3,evaluate,1.2714009855655914,0.7256666666666667,0.2632053607554523,0.21775025681553228,0.23781682978675459,3000
356,4,evaluate,2.113739084690175,0.5246666666666666,0.28519980204448486,0.15787348389995987,0.20030987555788435,3000
356,5,evaluate,0.8518566241923798,0.8263333333333334,0.2864269546292938,0.24842555496321186,0.26595654631668153,3000
357,0,evaluate,0.9797697435034082,0.768,0.2909901383520572,0.22918071439261908,0.2543564482625473,3000
357,1,evaluate,1.9541434176424717,0.585,0.2636225312256818,0.1755617048797182,0.20737036604442688,3000
357,2,evaluate,2.1974384632516415,0.544,0.2658047230537836,0.1637775641025641,0.2010343969098765,3000
357,3,evaluate,0.8207451377777343,0.7973333333333333,0.2796334002649373,0.23916010304666221,0.25751037534801674,3000
357,4,evaluate,1.978662317103528,0.6446666666666667,0.2739042441500913,0.19267796451495536,0.221927650362566,3000
357,5,evaluate,1.1952291765111558,0.733,0.2853640551154991,0.2207021651059308,0.24836996646308068,3000
358,0,evaluate,1.230545477664217,0.7333333333333333,0.2621520545341272,0.22009256053621548,0.2392180848947766,3000
358,1,evaluate,0.9225690637497191,0.8096666666666666,0.285843781415654,0.24364307523303336,0.2626286866959878,3000
358,2,evaluate,1.5756153350180768,0.6286666666666667,0.28352921821939475,0.18911416741479584,0.22497283709700894,3000
358,3,evaluate,1.3482015652859465,0.7176666666666667,0.2614353370986484,0.21462532051282052,0.23529630636099325,3000
358,4,evaluate,1.5937387740358393,0.734,0.26992526282818596,0.2194371655461779,0.23737999355691014,3000
358,5,evaluate,2.1614556946653,0.485,0.29492816732036403,0.14404173320608368,0.18932390886766934,3000
359,0,evaluate,1.3582222005154223,0.694,0.2859278205752017,0.20942327937620825,0.24031460189794035,3000
359,1,evaluate,0.7699918734266403,0.819,0.27881056720040825,0.24548734685870816,0.2607854097994383,3000
359,2,evaluate,2.0196015352898455,0.6456666666666667,0.27568149687625504,0.1930728491546317,0.22206337097080198,3000
359,3,evaluate,2.252092960033011,0.5296666666666666,0.26601382503660026,0.1591823717948718,0.19862907692117376,3000
359,4,evaluate,0.8787543038104443,0.795,0.2913909762525092,0.23748880149009133,0.2603588196299555,3000
359,5,evaluate,1.8890971756995993,0.597,0.266160658587718,0.17912000803730527,0.211476344119452,3000
360,0,evaluate,1.7695546936481557,0.596,0.2845694865968166,0.17921632032539364,0.2190601409938851,3000
360,1,evaluate,1.3430254446699263,0.7183333333333334,0.2630812073978751,0.21553350448828584,0.2362341873155534,3000
360,2,evaluate,1.6435894154487771,0.7433333333333333,0.2721769395916195,0.22221167747222706,0.2402705831975398,3000
360,3,evaluate,2.2598410007801464,0.48933333333333334,0.2954219693611337,0.14542919777633212,0.1910602808032419,3000
360,4,evaluate,1.2205500032039398,0.7363333333333333,0.2604373073434412,0.22060865384615386,0.23881950785113043,3000
360,5,evaluate,0.8340502476438563,0.8353333333333334,0.28539935699475505,0.25108267637033327,0.2670010630005844,3000
361,0,evaluate,0.7488052692819149,0.8213333333333334,0.28009447498898976,0.24640452780788644,0.26209679653122125,3000
361,1,evaluate,2.0780221325285892,0.635,0.2753309311336408,0.18999740255585343,0.22063111292929055,3000
361,2,evaluate,1.7127615543121988,0.6416666666666667,0.26560733311589474,0.19257574516886097,0.21961181973061922,3000
361,3,evaluate,0.9279391030047802,0.783,0.2910299032420725,0.23400100013823932,0.25842401208722954,3000
361,4,evaluate,1.5228204397445029,0.6643333333333333,0.28610129366668935,0.20059877196383474,0.23408818276098073,3000
361,5,evaluate,2.1945356713964586,0.5436666666666666,0.26805923826593475,0.16287628205128207,0.2025884980930786,3000
362,0,evaluate,2.264415073902049,0.48533333333333334,0.29440907145913564,0.14385356203800295,0.18689175217781054,3000
362,1,evaluate,1.3436139213277938,0.7126666666666667,0.26362688583033245,0.21385860103778337,0.2355991951634361,3000
362,2,evaluate,1.7273164112517174,0.7323333333333333,0.27191103084854223,0.21877203497033776,0.23600055993542873,3000
362,3,evaluate,1.2594828757833927,0.7336666666666667,0.262461940784644,0.21982019230769229,0.23899112116375804,3000
362,4,evaluate,1.6787512403853395,0.6076666666666667,0.28308031297202546,0.18251899787721473,0.22159796653255243,3000
362,5,evaluate,0.8239078794388061,0.833,0.28431081197397495,0.2504851945490021,0.26614131027742194,3000
363,0,evaluate,0.7735560035451929,0.819,0.2902853280299703,0.24505576509241034,0.2652699797600942,3000
363,1,evaluate,2.233163526717653,0.59,0.27634273173046503,0.17645651545464763,0.21074303937865446,3000
363,2,evaluate,0.79407259568255,0.8106666666666666,0.2801043149571737,0.2429281196486245,0.25972828154377187,3000
363,3,evaluate,1.6121756168121988,0.624,0.28567915165306135,0.18850497613572928,0.22522700761173292,3000
363,4,evaluate,2.186861586063466,0.5536666666666666,0.26992226230580507,0.1657855769230769,0.20520671862200057,3000
363,5,evaluate,1.7533425777516467,0.6216666666666667,0.2647488424411311,0.18655057363954242,0.2177594858843388,3000
364,0,evaluate,2.4248200959347663,0.4683333333333333,0.2935206492803804,0.13852063437378673,0.18003395634348016,3000
364,1,evaluate,1.363859771414006,0.7183333333333334,0.2619894201129799,0.21518141025641024,0.23556230416105245,3000
364,2,evaluate,1.457219088331182,0.696,0.26498791979668196,0.20891119660718385,0.23314914886615892,3000
364,3,evaluate,0.7610797758432145,0.8506666666666667,0.2840137712543005,0.2556172804603767,0.26900502881788463,3000
364,4,evaluate,1.5716684593799266,0.7626666666666667,0.27103732275427833,0.22793073097454447,0.24234979140198282,3000
364,5,evaluate,1.6741655836714076,0.6143333333333333,0.2850603598052054,0.1845029299640998,0.22371775710963462,3000
365,0,evaluate,2.1822862396848963,0.5556666666666666,0.2702154023366793,0.16637596153846154,0.20531715385452537,3000
365,1,evaluate,0.7444489693388026,0.828,0.28069532367837846,0.24834874869765472,0.26324942295090514,3000
365,2,evaluate,0.7990150502387513,0.8136666666666666,0.28929599949813206,0.2434542708427915,0.263804108503728,3000
365,3,evaluate,2.638656509683487,0.5306666666666666,0.27641146183790793,0.1586692182390399,0.1935510947164743,3000
365,4,evaluate,1.9098885934403602,0.588,0.28623019908627106,0.17824178033383054,0.21536640527230796,3000
365,5,evaluate,1.6811065572373411,0.6423333333333333,0.2643860689290289,0.1927018325853242,0.2211553447289052,3000
366,0,evaluate,1.4166805820262178,0.7923333333333333,0.2671495772182341,0.23686846505426717,0.24661954775992836,3000
366,1,evaluate,1.7188614480038906,0.6556666666666666,0.2656632308759977,0.19681416984310812,0.22523763910251185,3000
366,2,evaluate,3.0217702084399285,0.38133333333333336,0.2939830422831272,0.11276580805637519,0.15599479958459123,3000
366,3,evaluate,1.4918657947093883,0.704,0.2601599685972977,0.21111826923076923,0.23163139079865996,3000
366,4,evaluate,2.304425833073068,0.506,0.28776336665299046,0.1519118978060549,0.19663338669996291,3000
366,5,evaluate,0.6812768572188438,0.8756666666666667,0.2845319652473388,0.2630799134460222,0.2732960603690344,3000
367,0,evaluate,2.797227481578259,0.5086666666666667,0.279307626205041,0.1520732588293168,0.19143099861493784,3000
367,1,evaluate,0.6715854051265311,0.8456666666666667,0.2784978016815495,0.25374533032280144,0.2652993788371416,3000
367,2,evaluate,2.0286027510115443,0.5686666666666667,0.28639374061376804,0.17194327097569775,0.2126020352133266,3000
367,3,evaluate,1.891165330054912,0.609,0.261563390095484,0.18268608342877193,0.20947271458366434,3000
367,4,evaluate,0.7684653046283316,0.8276666666666667,0.2901798139124869,0.24755033776507754,0.2662910742197402,3000
367,5,evaluate,2.48693655399566,0.516,0.26838795578799307,0.1549176282051282,0.19526634495813094,3000
368,0,evaluate,2.324463628708048,0.474,0.29393381838607796,0.14026799248428018,0.18208486195256673,3000
368,1,evaluate,1.4144395818101598,0.6956666666666667,0.26204046657129354,0.2085467948717949,0.23145595025905016,3000
368,2,evaluate,0.7321722640636119,0.851,0.2839947474992884,0.2558404302389658,0.26902486157974703,3000
368,3,evaluate,1.682665396243968,0.5986666666666667,0.28631620615847353,0.1797108064882566,0.22073723447643517,3000
368,4,evaluate,1.3775982209976683,0.7693333333333333,0.26983989820735543,0.22997581687862706,0.2436739854436734,3000
368,5,evaluate,1.5904147130377748,0.6493333333333333,0.2623676151416846,0.19489925628225135,0.22301970925487566,3000
369,0,evaluate,0.9141066201189731,0.7826666666666666,0.2904608843002698,0.23397629108332896,0.2580812300919768,3000
369,1,evaluate,0.7527088205865089,0.8093333333333333,0.2779688051738196,0.2429706374060585,0.2589103185463997,3000
369,2,evaluate,1.625239795826851,0.639,0.28648969689364334,0.19257098924985955,0.22958638146296045,3000
369,3,evaluate,2.095422014277032,0.5576666666666666,0.2663251881467312,0.16710096153846155,0.2049642100310185,3000
369,4,evaluate,2.318880169949633,0.5726666666666667,0.27678951757360293,0.17118679147830637,0.20785040282013303,3000
369,5,evaluate,1.6053027130187827,0.654,0.2639803671386791,0.19623364490491785,0.2220659323966853,3000
370,0,evaluate,2.1674327165522476,0.5066666666666667,0.2947528632490151,0.15077301096775916,0.1966197149292862,3000
370,1,evaluate,1.287626807994031,0.7416666666666667,0.26146505277933785,0.22226794871794872,0.2401702517804682,3000
370,2,evaluate,1.7290051008792633,0.6043333333333333,0.28508035255142766,0.18161322272030778,0.2210451472874832,3000
370,3,evaluate,1.3480644682620435,0.7196666666666667,0.26748457302568196,0.21595985590348993,0.23871643939484616,3000
370,4,evaluate,0.8436094103975499,0.8336666666666667,0.2859544797522495,0.2506593750056093,0.26695859127584776,3000
370,5,evaluate,1.6098020203570103,0.7333333333333333,0.27112779078192173,0.21921104454779777,0.23794597993885452,3000
371,0,evaluate,2.1376606809332017,0.56,0.2660792670542537,0.16819967948717948,0.20582699267189958,3000
371,1,evaluate,1.2923128972662257,0.716,0.2865340221379969,0.21571550630128034,0.24543098156405158,3000
371,2,evaluate,2.1476655843410084,0.628,0.2757403255172205,0.18758718557272838,0.21722061048968122,3000
371,3,evaluate,0.8167914754532754,0.8016666666666666,0.2803684710619704,0.24041753584764786,0.25878643338456325,3000
371,4,evaluate,1.7870017087205927,0.62,0.2661308013196594,0.18604024241673373,0.2168968601418792,3000
371,5,evaluate,0.942835030403543,0.7796666666666666,0.29124083301536613,0.23296621102302603,0.2577057727858228,3000
372,0,evaluate,2.045791324148787,0.517,0.2942390114036349,0.15337617666619058,0.19559170049097235,3000
372,1,evaluate,1.4353903379846127,0.7026666666666667,0.26135995345136775,0.2103304487179487,0.23292180511427096,3000
372,2,evaluate,1.3276667658318864,0.716,0.26347997746318724,0.21488462971392325,0.23658721233709254,3000
372,3,evaluate,1.6448386742713603,0.728,0.2695371752164437,0.21759068587981684,0.23628392537576381,3000
372,4,evaluate,1.4231107894410477,0.6513333333333333,0.2839856123065446,0.19590200908964442,0.230858192203432,3000
372,5,evaluate,0.9169062287249463,0.8183333333333334,0.28507714730862055,0.24614166617304695,0.263938376541497,3000
373,0,evaluate,1.3866492065977543,0.6953333333333334,0.2868656473737583,0.20950810344115783,0.2412006627691367,3000
373,1,evaluate,2.090305668242434,0.6326666666666667,0.27355558871143193,0.18905229433179843,0.2185537983181715,3000
373,2,evaluate,1.6624625591521567,0.6443333333333333,0.263949406851836,0.19337974720718054,0.22193013731881356,3000
373,3,evaluate,2.0786511441494557,0.5843333333333334,0.2683667548648135,0.17487371794871795,0.21151418801448232,3000
373,4,evaluate,0.8144253910856044,0.8003333333333333,0.2809397217216101,0.23997223164681497,0.25857816972130365,3000
373,5,evaluate,0.9320760927301772,0.773,0.29012639369155097,0.2309433482024139,0.2559024248978158,3000
374,0,evaluate,1.3438722237627556,0.722,0.26560707836021874,0.21664216221400437,0.23844880958637393,3000
374,1,evaluate,1.3388468940207299,0.7323333333333333,0.26382557517388977,0.21936923076923076,0.23951383844672697,3000
374,2,evaluate,0.9294577177534712,0.809,0.28463728623240947,0.24329893252487395,0.26219199556848083,3000
374,3,evaluate,1.8952058198604178,0.556,0.29544481104951537,0.16572428920312085,0.2104051260094188,3000
374,4,evaluate,1.781244659677465,0.717,0.2728883266092302,0.21428833176648682,0.235134160636429,3000
374,5,evaluate,1.5620769541314308,0.6346666666666667,0.28482438003994337,0.19078540642680494,0.2278130012698289,3000
375,0,evaluate,1.3825624344196725,0.699,0.28516266621900394,0.21082822212529323,0.24119021286399497,3000
375,1,evaluate,0.9161120716561663,0.7896666666666666,0.29112167453545035,0.23569255927866256,0.2585450609617787,3000
375,2,evaluate,0.7395149615216763,0.8313333333333334,0.2811723963520567,0.24922238802833183,0.264002882291848,3000
375,3,evaluate,2.295367750715702,0.5383333333333333,0.2702955918838978,0.16148141025641025,0.20215224548305666,3000
375,4,evaluate,1.8745142551178628,0.6173333333333333,0.2681418491547808,0.1852671150047264,0.21638538225126397,3000
375,5,evaluate,2.0836101364582142,0.6413333333333333,0.27417326436784634,0.19160343526494214,0.2193544322110997,3000
376,0,evaluate,1.350454018471089,0.7296666666666667,0.2627640249288389,0.21857467948717946,0.23843095096451244,3000
376,1,evaluate,0.7946668990114902,0.8486666666666667,0.2858839354847556,0.2551243001818316,0.26948196598740015,3000
376,2,evaluate,1.512229157255051,0.7643333333333333,0.2703642179505289,0.22852094093304567,0.24350787695797083,3000
376,3,evaluate,1.980287825807612,0.5536666666666666,0.285734640443721,0.1663558849992844,0.2095888064631331,3000
376,4,evaluate,1.5448733263827386,0.6923333333333334,0.26653118162299155,0.2077662536227231,0.23282145024236814,3000
376,5,evaluate,2.4006289548062263,0.452,0.2947147257063786,0.13427913602663386,0.18086735635868584,3000
377,0,evaluate,0.8784596311285141,0.8003333333333333,0.2913849635824609,0.23924848437740426,0.2617419725922044,3000
377,1,evaluate,1.614867552797845,0.6603333333333333,0.28808304418798064,0.19917853822142523,0.23431603442279608,3000
377,2,evaluate,2.450684070587158,0.5733333333333334,0.2756427029785537,0.17136931845232467,0.2064682793483535,3000
377,3,evaluate,1.7304964851825795,0.6493333333333333,0.2673311768284955,0.19481917604216442,0.22276893786192092,3000
377,4,evaluate,2.1236696598377636,0.5703333333333334,0.26720788897930114,0.17112467948717947,0.2084181467197122,3000
377,5,evaluate,0.7284287043074344,0.8276666666666667,0.28209778375721906,0.2482733149578796,0.26397157701263463,3000
378,0,evaluate,0.714406577830619,0.861,0.284367911546339,0.2587195234684775,0.27086620512469384,3000
378,1,evaluate,2.1771995234996715,0.5296666666666666,0.2859498216689616,0.15916366644347896,0.20313536095763882,3000
378,2,evaluate,1.2605417377137123,0.7363333333333333,0.2618054468335192,0.22071634615384617,0.23899969840822483,3000
378,3,evaluate,2.900051771326268,0.39266666666666666,0.2939392643835415,0.11620372971278607,0.1603304468775008,3000
378,4,evaluate,1.5155522747242705,0.6933333333333334,0.2661231522732381,0.20807930177064543,0.23262937128749933,3000
378,5,evaluate,1.5039900160850364,0.7666666666666667,0.2694428028916385,0.22917746124764699,0.24329093013645814,3000
379,0,evaluate,2.019853376327677,0.5886666666666667,0.2630855838671274,0.17663598362858474,0.20773815276416388,3000
379,1,evaluate,0.7811687848669417,0.8256666666666667,0.28977560680154335,0.24662288663955206,0.2650183953611136,3000
379,2,evaluate,2.6232719117022576,0.494,0.27102430347363793,0.14808205128205126,0.19111627470309345,3000
379,3,evaluate,2.477039654204186,0.5706666666666667,0.2777177287993303,0.17062586569174942,0.20398711547115908,3000
379,4,evaluate,0.6547111780085462,0.8493333333333334,0.2796296635790155,0.2544718413185489,0.26608847371869765,3000
379,5,evaluate,1.8735941128527864,0.6016666666666667,0.28649151146789154,0.18228303393052347,0.2188588246260848,3000
380,0,evaluate,2.850220259199751,0.3953333333333333,0.29538720056042345,0.11709379771208114,0.16219650350818177,3000
380,1,evaluate,1.5531061621422464,0.76,0.2700755140279799,0.22719438657145785,0.24279993520600537,3000
380,2,evaluate,1.2367819065743304,0.7536666666666667,0.2614309294436704,0.22583108974358973,0.2420178647021367,3000
380,3,evaluate,1.4221901272205597,0.7136666666666667,0.26729279673511636,0.21417358336879433,0.23698714861009548,3000
380,4,evaluate,2.070048395623552,0.5483333333333333,0.28501766082482394,0.1649109333949852,0.2078254995656148,3000
380,5,evaluate,0.7759471301068651,0.855,0.2854031047516199,0.25697399431709056,0.270307786957633,3000
381,0,evaluate,2.5669630258641343,0.5103333333333333,0.27155430979033773,0.1529125,0.1956289068441516,3000
381,1,evaluate,0.8668803953109904,0.8053333333333333,0.2901373112945695,0.2404057798990112,0.2611757637015525,3000
381,2,evaluate,1.995474432377105,0.5983333333333334,0.2658796022615152,0.17958932619827483,0.20939180236285412,3000
381,3,evaluate,1.5652072049201804,0.6576666666666666,0.2833380340477114,0.19849382032959437,0.2315618364705426,3000
381,4,evaluate,2.1575584817439952,0.6243333333333333,0.2757132097733412,0.1866108935130833,0.21730786303010335,3000
381,5,evaluate,0.6751571966612593,0.8413333333333334,0.2801739926739927,0.25221296670499893,0.26530757798292826,3000
382,0,evaluate,1.4606376163502957,0.7153333333333334,0.26631774410138015,0.21462268536131773,0.23543828660855456,3000
382,1,evaluate,1.6872937057880646,0.7333333333333333,0.26998463815176504,0.21919555952297265,0.2379921793744076,3000
382,2,evaluate,2.315333237039282,0.514,0.28516676264123697,0.15452394143474663,0.19968655493631116,3000
382,3,evaluate,1.1766190249869164,0.7673333333333333,0.2618462276023252,0.23002083333333334,0.2446941079221073,3000
382,4,evaluate,2.7800717303093445,0.4093333333333333,0.29539765357175946,0.12175255253141867,0.1699417482999557,3000
382,5,evaluate,0.8360423854690917,0.8476666666666667,0.2855670406172465,0.2546511880978408,0.2691767921631176,3000
383,0,evaluate,2.307078242301941,0.544,0.2666199983718748,0.1632446084618903,0.19535284536349753,3000
383,1,evaluate,2.8835042461435845,0.44033333333333335,0.2722271729838807,0.13244102564102564,0.1776210296662563,3000
383,2,evaluate,2.110308860210662,0.6263333333333333,0.27451291616766843,0.18722272816449484,0.21685159482191904,3000
383,3,evaluate,0.6805254810668052,0.848,0.2798260197313801,0.25415525456909266,0.26608999011847295,3000
383,4,evaluate,1.5308873488547954,0.6643333333333333,0.28438596924224474,0.20055902435609546,0.2329910478183868,3000
383,5,evaluate,0.7873495690366055,0.8193333333333334,0.2897419039120494,0.24474065577509183,0.26403418294787395,3000
384,0,evaluate,1.1324128273953782,0.7753333333333333,0.2613459189195075,0.23219807692307692,0.24579257619812084,3000
384,1,evaluate,0.8286693489297907,0.8396666666666667,0.2856008024448155,0.2523562377380369,0.2678279604868793,3000
384,2,evaluate,1.2399247770613813,0.753,0.2658817085423648,0.22594168140274967,0.2434228414715621,3000
384,3,evaluate,2.395142507045827,0.499,0.28569041032312764,0.1503412769138846,0.19338421284494195,3000
384,4,evaluate,3.010585166038351,0.37233333333333335,0.296281897430743,0.11082069105946597,0.15933053071210815,3000
384,5,evaluate,1.711199458609236,0.7243333333333334,0.2686300982893806,0.21649254273725496,0.23551279271053444,3000
385,0,evaluate,3.074837101266739,0.423,0.2753377955788465,0.1273176282051282,0.17356868940461512,3000
385,1,evaluate,0.7989426382044529,0.819,0.29065495422724824,0.24444269434354346,0.2637176990663733,3000
385,2,evaluate,2.4606548471653715,0.523,0.2670862596916015,0.15695593301297034,0.18906621075528657,3000
385,3,evaluate,1.4876687957885417,0.6733333333333333,0.28646683236428105,0.20322978761786295,0.23549381358040394,3000
385,4,evaluate,0.6625146954617602,0.852,0.27871879731837407,0.2551821181613737,0.2659891188028066,3000
385,5,evaluate,1.99873179070493,0.6433333333333333,0.27415597096275424,0.19232668400370265,0.22093405949645514,3000
386,0,evaluate,1.2168750889757847,0.7463333333333333,0.2634749647602349,0.22393008458857375,0.24094440021754088,3000
386,1,evaluate,2.206188792878009,0.5226666666666666,0.28542702007425486,0.15763889250859972,0.20009820308759005,3000
386,2,evaluate,1.6860271108911393,0.7156666666666667,0.27024225246881495,0.21393347711846683,0.23453605655683463,3000
386,3,evaluate,1.0886757348446137,0.7666666666666667,0.2609338407790496,0.22950608974358974,0.24402954598767118,3000
386,4,evaluate,0.8633872365697901,0.827,0.2857779155211667,0.2486236984144934,0.2657054465401902,3000
386,5,evaluate,2.6232314794621567,0.41833333333333333,0.2960484609193962,0.12491200062471126,0.17430646661094523,3000
387,0,evaluate,0.8081502514950772,0.8043333333333333,0.2794132858872054,0.24081266565181317,0.25806102159595473,3000
387,1,evaluate,2.456400138266543,0.49966666666666665,0.2674817411688691,0.1508272435897436,0.18989776172654976,3000
387,2,evaluate,2.2086510303172657,0.5306666666666666,0.26511599843528205,0.15923543353575384,0.19437030737171726,3000
387,3,evaluate,1.9966410449210634,0.639,0.27472910846089577,0.19106461326388596,0.2220724939328535,3000
387,4,evaluate,1.2463152510054567,0.7283333333333334,0.285366421729476,0.21928354684630835,0.24748444797500002,3000
387,5,evaluate,0.8870763550413415,0.797,0.2913296389492039,0.23795403562044215,0.2603565251878992,3000
388,0,evaluate,1.2115905982382753,0.7503333333333333,0.26481287387311486,0.22519975583111101,0.24317595391767322,3000
388,1,evaluate,1.22971562502232,0.7476666666666667,0.2627501096873896,0.22382435897435898,0.24143730175660155,3000
388,2,evaluate,1.6902323568120916,0.7436666666666667,0.27219838298677496,0.22221223819763308,0.23877797872496212,3000
388,3,evaluate,2.0946434279705617,0.5493333333333333,0.2845357075145,0.16574414082243166,0.20567008389958233,3000
388,4,evaluate,2.7127823144831558,0.4156666666666667,0.2950044613535251,0.1239042015466492,0.17253496907595112,3000
388,5,evaluate,0.8112625371902547,0.8366666666666667,0.2848940349323841,0.25159027452437493,0.26703579265916827,3000
389,0,evaluate,2.605779470281398,0.4866666666666667,0.2708515529760609,0.1466448717948718,0.18843512888463615,3000
389,1,evaluate,0.7760872701381115,0.8273333333333334,0.27892939263915484,0.24770972257668697,0.261502186501525,3000
389,2,evaluate,0.8458310815882175,0.8163333333333334,0.2896302257715712,0.24374432231155155,0.26306013575213505,3000
389,3,evaluate,2.155952588040778,0.5546666666666666,0.2669058583457945,0.16636974681158354,0.20081334518486055,3000
389,4,evaluate,1.4750531556758475,0.679,0.28634556396599586,0.20450370798174147,0.2379206130082557,3000
389,5,evaluate,2.1734120135611676,0.6176666666666667,0.27617207554670997,0.18463093318883256,0.21710651046036236,3000
390,0,evaluate,2.171184336885493,0.5376666666666666,0.2861565965451643,0.1618792314336357,0.20523159544901654,3000
390,1,evaluate,1.7279915670131116,0.7386666666666667,0.27050112329326426,0.22075565846714723,0.237377867873593,3000
390,2,evaluate,1.2124867464633697,0.76,0.2616050783743097,0.22767371794871796,0.24333807358803344,3000
390,3,evaluate,2.780655399281928,0.41833333333333333,0.29623853597118516,0.12445259190923989,0.17256912575340658,3000
390,4,evaluate,1.3350005923433508,0.7336666666666667,0.26512406274664563,0.22014748829580225,0.2396587945061877,3000
390,5,evaluate,0.829031839649728,0.8386666666666667,0.2852082436030813,0.2522686314527319,0.26737680403669667,3000
391,0,evaluate,0.8701981052439264,0.805,0.29022116714127133,0.24044466177612162,0.26151184100402003,3000
391,1,evaluate,1.370519000165006,0.6906666666666667,0.28583867046138717,0.20823423917043163,0.24003321846910325,3000
391,2,evaluate,0.7561193596809468,0.823,0.27945603095295124,0.24668802022500919,0.2617380725141295,3000
391,3,evaluate,2.414415729806778,0.5103333333333333,0.269134295292898,0.15345512820512824,0.1947715819086458,3000
391,4,evaluate,2.221088214123503,0.6053333333333333,0.2742461044624661,0.18079366614585396,0.2117285496300955,3000
391,5,evaluate,2.026726502053281,0.582,0.2668758648120727,0.17466123139717835,0.20679161263967347,3000
392,0,evaluate,1.6500412631542125,0.727,0.2712905834898601,0.21727986713378913,0.23616433043712357,3000
392,1,evaluate,2.366421968378919,0.4603333333333333,0.2952138736075388,0.13735527402581302,0.18613820778675993,3000
392,2,evaluate,1.3253247966157629,0.7153333333333334,0.2633390249151443,0.21464762933286088,0.2350064970017347,3000
392,3,evaluate,2.013799639458352,0.5426666666666666,0.2867258649564481,0.1632976264038056,0.2070450174917763,3000
392,4,evaluate,0.8118564670390271,0.8366666666666667,0.2852015774393772,0.25157914564295314,0.26715074070217304,3000
392,5,evaluate,1.1798749730942097,0.7566666666666667,0.2625382626039098,0.2265253205128205,0.24298934089607,3000
393,0,evaluate,0.7889267631033634,0.8193333333333334,0.2797563904425437,0.2455147016640995,0.26113717163184735,3000
393,1,evaluate,2.056858225071684,0.6526666666666666,0.2743305801128638,0.19500943524287329,0.2221082760797522,3000
393,2,evaluate,1.2236553671512198,0.7256666666666667,0.2862163480436937,0.21868952036316056,0.2471146057852276,3000
393,3,evaluate,2.4372857377884234,0.5123333333333333,0.26938013503662667,0.15443333333333334,0.19440722657844828,3000
393,4,evaluate,2.1112373179577766,0.562,0.2667965441055391,0.16860094525940644,0.20218795456014488,3000
393,5,evaluate,0.9332717390770607,0.7936666666666666,0.2913906337854268,0.2368241742919416,0.2593211088151916,3000
394,0,evaluate,1.1767152503449867,0.758,0.26152425858134565,0.226988141025641,0.24274574109006813,3000
394,1,evaluate,2.1115968202022795,0.5423333333333333,0.28597547640675025,0.1633592401209417,0.20537022492542772,3000
394,2,evaluate,1.2393249159163617,0.7423333333333333,0.2656228403937426,0.22276914861708627,0.24178121298021066,3000
394,3,evaluate,0.8210065149246378,0.8423333333333334,0.28536217720975743,0.2533249776973626,0.2680985369716734,3000
394,4,evaluate,1.7502951127417543,0.729,0.269901170105081,0.21784236225120135,0.2354853206858499,3000
394,5,evaluate,2.6559735967757856,0.43066666666666664,0.29521290335944195,0.1283246814210774,0.1772552838468251,3000
395,0,evaluate,2.7365236992531634,0.474,0.2697822588777708,0.1429048076923077,0.1847371735436798,3000
395,1,evaluate,0.9242185544460377,0.7903333333333333,0.2905243765933421,0.23573556567572235,0.25811954873677395,3000
395,2,evaluate,0.7085824139574741,0.8383333333333334,0.28067255306125516,0.2512979088413355,0.26516423100693925,3000
395,3,evaluate,1.9736917500800275,0.665,0.2731382451557035,0.1987932577016635,0.22618897146269493,3000
395,4,evaluate,2.196563162702195,0.5586666666666666,0.26716960431076187,0.16757492798375634,0.1984873472484579,3000
395,5,evaluate,1.337968074260874,0.7133333333333334,0.2866930535972915,0.2147795808360662,0.2448132483465705,3000
396,0,evaluate,1.1552074944719355,0.7663333333333333,0.2653281256445888,0.22996819167357793,0.24628079712692985,3000
396,1,evaluate,2.4488066155859767,0.4766666666666667,0.2955442154337214,0.14239208830386152,0.19033325060962786,3000
396,2,evaluate,0.9569689320757034,0.8173333333333334,0.28557091897454134,0.24592133227070465,0.2636057090787414,3000
396,3,evaluate,2.020788405803924,0.5733333333333334,0.2835234765070106,0.1729472957757474,0.21122587581305838,3000
396,4,evaluate,1.9491850201119767,0.6863333333333334,0.271751848849734,0.20502323208906748,0.22750547262281845,3000
396,5,evaluate,1.1703109639756224,0.761,0.26127669112301655,0.22781057692307694,0.24316948577439587,3000
397,0,evaluate,2.1647681809486228,0.5606666666666666,0.2675508497448125,0.16823937942726147,0.19951325610542078,3000
397,1,evaluate,1.3619493930897815,0.7026666666666667,0.28668794695391764,0.2116830368922419,0.2422965644752118,3000
397,2,evaluate,2.6475212066731553,0.4756666666666667,0.270408423369057,0.1431022435897436,0.1863866402025402,3000
397,3,evaluate,0.8702081213606164,0.8136666666666666,0.29179938948325074,0.2429013543767547,0.26344714427042126,3000
397,4,evaluate,0.6887798290303413,0.8456666666666667,0.27931653036303244,0.2533707064641363,0.2655989494209877,3000
397,5,evaluate,2.0369659636883024,0.6573333333333333,0.27394321977009384,0.19649514038148194,0.22455014023778422,3000
398,0,evaluate,1.763880062610545,0.7236666666666667,0.27111302234708023,0.21629616339472305,0.23570518023639986,3000
398,1,evaluate,1.1704926547851968,0.7603333333333333,0.26083680552281985,0.22779358974358974,0.2431150430958966,3000
398,2,evaluate,2.2507465646622027,0.5256666666666666,0.28549531169965164,0.15848437886262348,0.20086273211921712,3000
398,3,evaluate,1.2843560741302815,0.7386666666666667,0.2642108369126051,0.2216545564364354,0.2405132881745966,3000
398,4,evaluate,0.8390232083645273,0.838,0.28541044661584175,0.25203512687822316,0.2673712097718045,3000
398,5,evaluate,2.6914633740770055,0.4226666666666667,0.29486863238643174,0.126211279202047,0.17581567760085215,3000
399,0,evaluate,0.8153184601601134,0.8263333333333334,0.2910789557731577,0.24655480446341596,0.2648144104270986,3000
399,1,evaluate,2.988672895634428,0.43433333333333335,0.2746555544268884,0.13053141025641027,0.17672574784971648,3000
399,2,evaluate,1.5593853339235833,0.6726666666666666,0.28642397231854416,0.20270298316846436,0.2356409637486932,3000
399,3,evaluate,2.3495233540839338,0.5336666666666666,0.2680953065708885,0.16015701432502136,0.1925504754628889,3000
399,4,evaluate,2.1478197955070657,0.6423333333333333,0.2743623260516227,0.1919617787154258,0.22144136847646806,3000
399,5,evaluate,0.6704283705417146,0.8606666666666667,0.2790954518842099,0.25789640757877375,0.26770194058826297,3000
400,0,evaluate,2.882817364753561,0.39266666666666666,0.2957780896283412,0.11765157384929781,0.16790301122915013,3000
400,1,evaluate,2.460757998709983,0.49166666666666664,0.2848872942109583,0.14828391737451196,0.18998084857436762,3000
400,2,evaluate,1.7329245235057587,0.7133333333333334,0.2698913308264876,0.21329954238304255,0.23393548603253095,3000
400,3,evaluate,1.1551241862012984,0.7656666666666667,0.2597617425347084,0.22908782051282048,0.24311077734584036,3000
400,4,evaluate,0.8939613129230256,0.8203333333333334,0.2862775620789337,0.2468922823002321,0.26438320642001023,3000
400,5,evaluate,1.2067496104443327,0.7513333333333333,0.26381445457904007,0.22547887272141437,0.24249602625742012,3000
401,0,evaluate,2.8818351157168123,0.436,0.26994959119756523,0.13152435897435896,0.17490616762187142,3000
401,1,evaluate,0.8948709032637008,0.7906666666666666,0.2898304510813133,0.23570113347197386,0.2573859989106651,3000
401,2,evaluate,1.2282774448394775,0.7383333333333333,0.2862671445899294,0.22189250667284138,0.24880634146916822,3000
401,3,evaluate,0.7193006812892062,0.842,0.27911971953509507,0.2522444567881589,0.26464367647160136,3000
401,4,evaluate,1.9903906723286242,0.6766666666666666,0.2736474257909011,0.20210454690681107,0.22700288220237877,3000
401,5,evaluate,2.415756897723421,0.519,0.2659680272785277,0.15575565895159724,0.18877454903419283,3000
402,0,evaluate,2.5571682300973446,0.432,0.2964011174165876,0.1297746352482911,0.18040610572612298,3000
402,1,evaluate,2.2288503342486443,0.515,0.2857676128873448,0.1554353493287855,0.19643878796740802,3000
402,2,evaluate,1.82295834384066,0.6883333333333334,0.2719744321675797,0.20581048905849664,0.22969033460142868,3000
402,3,evaluate,1.0024627206173349,0.7943333333333333,0.28662195191449213,0.2391806630300354,0.25997967440505776,3000
402,4,evaluate,1.1248487475070548,0.773,0.26294214363531054,0.23196605389774333,0.24590253983453164,3000
402,5,evaluate,1.147695651713838,0.7706666666666667,0.26107249181544767,0.23038621794871794,0.24416646007707726,3000
403,0,evaluate,0.7145939646883214,0.8456666666666667,0.28081279986283725,0.2533293553878812,0.26584394831227603,3000
403,1,evaluate,2.8227158708775297,0.46066666666666667,0.27177389034667554,0.13881730769230768,0.182212562913494,3000
403,2,evaluate,2.4541309032034366,0.5213333333333333,0.2638391817956223,0.1564740907139889,0.18887706687620395,3000
403,3,evaluate,1.0158385241285284,0.7686666666666667,0.2919868429359633,0.22865923763709528,0.2516151270013937,3000
403,4,evaluate,1.16729817618715,0.764,0.2876449786196571,0.22971486504436295,0.2546542772572772,3000
403,5,evaluate,1.9098281315032473,0.7003333333333334,0.27245662984495195,0.20924636924797396,0.23169782155477514,3000
404,0,evaluate,1.8542150994564623,0.689,0.2738518033368313,0.20612144455949846,0.23092718120230754,3000
404,1,evaluate,2.0330268575790083,0.551,0.2872549366017143,0.16595911531598073,0.20756445621098601,3000
404,2,evaluate,1.2055943976057337,0.7486666666666667,0.262882615096298,0.22467717268198406,0.24188068574268762,3000
404,3,evaluate,1.1325133392151365,0.7693333333333333,0.26238881556422283,0.23019647435897433,0.24497125986228988,3000
404,4,evaluate,1.0493023560402241,0.787,0.2857374831408084,0.23714847543299428,0.2578440166863324,3000
404,5,evaluate,2.276159644126892,0.47833333333333333,0.29547365324529673,0.1434071116777039,0.1930466283854862,3000
405,0,evaluate,1.8499471101355045,0.703,0.2739399084292344,0.20999597178069615,0.23211344957158583,3000
405,1,evaluate,0.7681631097134124,0.836,0.28228198541474636,0.25053266487115666,0.2651738578249815,3000
405,2,evaluate,2.2606775760650635,0.547,0.26510685562267317,0.1640751609407637,0.1971826373137765,3000
405,3,evaluate,2.626934751551202,0.4856666666666667,0.2718887469652815,0.14653141025641025,0.18826444428343822,3000
405,4,evaluate,1.1059086373511782,0.7723333333333333,0.2871695219333882,0.23225723108045285,0.25591893231656154,3000
405,5,evaluate,1.060058058576381,0.7613333333333333,0.2924512988888262,0.22658282767904106,0.2511952480532103,3000
406,0,evaluate,1.779832327619512,0.7003333333333334,0.27364501615018655,0.20939109912793846,0.23238959456125347,3000
406,1,evaluate,1.6430233260418505,0.6066666666666667,0.2831157199770308,0.1823923026265089,0.2211348466686997,3000
406,2,evaluate,1.311871551452799,0.723,0.26186830416960094,0.21699412103345134,0.23711306289182668,3000
406,3,evaluate,0.9860796300654716,0.795,0.28586389844006016,0.23934418578770042,0.2599181666599447,3000
406,4,evaluate,1.8520352028785867,0.571,0.29552410905308923,0.1708722751958725,0.21620160575821532,3000
406,5,evaluate,1.263915829836054,0.7413333333333333,0.2644866138302552,0.2218987179487179,0.2409822367869924,3000
407,0,evaluate,1.889626331785892,0.6113333333333333,0.2698835361384641,0.1834746794871795,0.21824925660419278,3000
407,1,evaluate,1.2721577908130401,0.7143333333333334,0.29486583218895496,0.2127218168832225,0.24366061130151837,3000
407,2,evaluate,0.9485560985321694,0.781,0.281722532483503,0.23420470415619535,0.25560897981158515,3000
407,3,evaluate,1.7104811465486567,0.6426666666666667,0.2645194733448012,0.19287301673905308,0.22208921443346624,3000
407,4,evaluate,1.024263858795166,0.787,0.2868418092418191,0.23682129529409862,0.25896695431093825,3000
407,5,evaluate,1.7414326490239893,0.7246666666666667,0.272031363002823,0.21661167362668116,0.23647110539120128,3000
408,0,evaluate,1.5466658041832295,0.638,0.29478210138029265,0.19032698789470476,0.22961880933528694,3000
408,1,evaluate,1.0577010930852686,0.7886666666666666,0.28651435622566146,0.23739699053506583,0.25880605568327525,3000
408,2,evaluate,1.3042092285257705,0.6873333333333334,0.2847318936328499,0.20630887926746394,0.23914533296486146,3000
408,3,evaluate,1.404979184586951,0.711,0.2654326310962765,0.21339866127969126,0.23644356178866016,3000
408,4,evaluate,1.8511547978888168,0.689,0.2721075927221682,0.20606794445299065,0.23134248986903566,3000
408,5,evaluate,1.3996885583755818,0.705,0.2647190392275911,0.21129038461538457,0.23451779960810612,3000
409,0,evaluate,1.755936100127849,0.628,0.2646201992515543,0.18840385845295143,0.21972990562803804,3000
409,1,evaluate,1.1635658867815708,0.7243333333333334,0.2817442079764831,0.21741127378125,0.24397425641480625,3000
409,2,evaluate,1.8136617135494313,0.6213333333333333,0.26523029939526355,0.1867948717948718,0.21862895255540332,3000
409,3,evaluate,0.9383232054558206,0.809,0.2862848345713006,0.24350914722253636,0.2626826972576275,3000
409,4,evaluate,1.4265485088875953,0.6703333333333333,0.2937673043060022,0.1997020669167005,0.23374149555915338,3000
409,5,evaluate,1.7489386974497045,0.7296666666666667,0.2735414023989002,0.2180478313477235,0.23643625388766226,3000
410,0,evaluate,1.1761163650675024,0.7093333333333334,0.2841098757210525,0.21288528532495832,0.24304017645886528,3000
410,1,evaluate,1.9209235830509916,0.682,0.2739547615150083,0.20390946536598248,0.22799898921212708,3000
410,2,evaluate,1.2878356385738292,0.7243333333333334,0.26514504607603145,0.2173885108756502,0.23881103696908781,3000
410,3,evaluate,1.527991605565903,0.6803333333333333,0.26622839862173275,0.20336282051282054,0.23006555137180623,3000
410,4,evaluate,1.4399843532988366,0.667,0.2955876984661141,0.1993535699735092,0.23722451370443715,3000
410,5,evaluate,1.1799713373184204,0.746,0.2873768505192479,0.2249972065610141,0.251141929306788,3000
411,0,evaluate,1.8645644606427942,0.615,0.26490297677006536,0.18519262820512822,0.2163932228266976,3000
411,1,evaluate,1.8999858498573303,0.711,0.2733548947443477,0.21233337019148327,0.2322289090993194,3000
411,2,evaluate,1.1188860117120947,0.7496666666666667,0.2839528644119738,0.22476490588585,0.24999481798422624,3000
411,3,evaluate,1.8673385229516537,0.614,0.26549737935886353,0.18418049252559793,0.21701439334288547,3000
411,4,evaluate,0.925975944133515,0.815,0.2860439527325334,0.24497451351530852,0.2638203705807992,3000
411,5,evaluate,1.257707176056314,0.7116666666666667,0.2932978726576635,0.21217084903373884,0.24340342981711222,3000
412,0,evaluate,1.2156564593315125,0.7343333333333333,0.28688797431135865,0.22154301267794993,0.24836423093380358,3000
412,1,evaluate,1.190690943535338,0.7136666666666667,0.2849600853761836,0.21431959578005105,0.24433444342843075,3000
412,2,evaluate,1.4300011548590152,0.672,0.29458216651579633,0.20088449892070104,0.23815982776089156,3000
412,3,evaluate,1.4594319424730666,0.708,0.26628056165622377,0.21174839743589743,0.23552972594343755,3000
412,4,evaluate,2.0188337133285845,0.657,0.2726456155445017,0.196466232960988,0.22288978332364512,3000
412,5,evaluate,1.2711362749972241,0.7403333333333333,0.2684031768175785,0.22218928370724952,0.2430274785752903,3000
413,0,evaluate,0.91798257574122,0.823,0.28693575277686134,0.24731524710604208,0.2655658439098928,3000
413,1,evaluate,1.3421447708251628,0.6953333333333334,0.29353244804250733,0.20675515650338938,0.23771276374231826,3000
413,2,evaluate,1.0823986707849707,0.7516666666666667,0.28322719700293153,0.22521187758905237,0.2503267051288146,3000
413,3,evaluate,1.7013717052784372,0.7356666666666667,0.27280028486644153,0.21989502410073825,0.23937075336286434,3000
413,4,evaluate,1.8221799262026523,0.628,0.2690277097095336,0.1883854640627652,0.2211458127989309,3000
413,5,evaluate,1.8847274070090436,0.61,0.26513414312925637,0.18358685897435895,0.21566058784741915,3000
414,0,evaluate,1.3500775289028248,0.6813333333333333,0.28338801110873413,0.20480627497725584,0.23690945527583476,3000
414,1,evaluate,1.1499563322422353,0.7653333333333333,0.2886570463354131,0.23072168103548857,0.25529029131649905,3000
414,2,evaluate,1.5614204761829782,0.6373333333333333,0.29340493078582564,0.19081917620117111,0.23104160408128777,3000
414,3,evaluate,1.2670055792686787,0.7466666666666667,0.26572198765878363,0.22411432350310906,0.24289791379921608,3000
414,4,evaluate,1.999641588393678,0.68,0.27313241456675774,0.2033087174713363,0.2276166130113686,3000
414,5,evaluate,1.4494813655285126,0.72,0.26744306729515904,0.21524807692307696,0.23792109084020763,3000
415,0,evaluate,1.8301875489823363,0.6196666666666667,0.2663011506564431,0.1858835969875594,0.21859436142664154,3000
415,1,evaluate,1.9039473432175658,0.6193333333333333,0.2666603064503394,0.18625801282051282,0.21852875758099385,3000
415,2,evaluate,1.1256495168868532,0.7473333333333333,0.28316385478164025,0.22390687087840874,0.24928884832398826,3000
415,3,evaluate,0.9307381161983977,0.8213333333333334,0.28652930273609883,0.24688122073059313,0.26506282578720286,3000
415,4,evaluate,1.7811097870481776,0.732,0.27340729678052816,0.21876478575622613,0.23822305056183382,3000
415,5,evaluate,1.300685150826231,0.7023333333333334,0.29320034172556886,0.20924018352932766,0.241072152641597,3000
416,0,evaluate,1.419509176244127,0.7156666666666667,0.2636910806183164,0.21407435897435895,0.23609606159612112,3000
416,1,evaluate,2.0845282661153917,0.6406666666666667,0.27309001953532014,0.1916207310176618,0.22093469276649608,3000
416,2,evaluate,1.5190292748999088,0.6456666666666667,0.2942153586019427,0.193297952087645,0.2330923614987228,3000
416,3,evaluate,1.268891858293655,0.7363333333333333,0.28721721457019733,0.22192012694104743,0.2491614308100238,3000
416,4,evaluate,1.2936988954848432,0.6956666666666667,0.28341990983367815,0.2091244065258883,0.23945673404403695,3000
416,5,evaluate,1.2053020406276622,0.753,0.26607208191774967,0.22601097837960923,0.24397163866340268,3000
417,0,evaluate,1.516081726297419,0.6683333333333333,0.2926176164082433,0.19829426653481935,0.2285017688620396,3000
417,1,evaluate,2.1895998513444943,0.573,0.2666344046947915,0.17276089743589745,0.20727716539740632,3000
417,2,evaluate,1.534925694161273,0.7513333333333333,0.26896760217119675,0.22464629666479627,0.2420271516499378,3000
417,3,evaluate,0.9385971807418986,0.825,0.2862836523662859,0.24785193516888077,0.2652412893333902,3000
417,4,evaluate,1.9858646849368482,0.5946666666666667,0.26913878707706285,0.17833737791708054,0.21179940956308818,3000
417,5,evaluate,0.994049904828376,0.7713333333333333,0.28162090381407257,0.23136712405132717,0.25315701368283594,3000
418,0,evaluate,1.1736826833258285,0.761,0.2668340031761195,0.22832654045152473,0.24573511908081974,3000
418,1,evaluate,1.3616620086609048,0.7273333333333334,0.2878845183216833,0.21941593790443165,0.24670876743903972,3000
418,2,evaluate,2.2505625055191363,0.6156666666666667,0.2747056978978071,0.18411818186792908,0.21544988165558587,3000
418,3,evaluate,1.442094901774792,0.6683333333333333,0.28715427158660856,0.2008303064877562,0.23555724428069408,3000
418,4,evaluate,1.6048522490136168,0.633,0.29555809890791956,0.1896912943417348,0.23096510974268866,3000
418,5,evaluate,1.307955933378098,0.7516666666666667,0.26493591277291595,0.22482852564102568,0.24272638853120676,3000
419,0,evaluate,1.513704923873252,0.6803333333333333,0.2925911994068645,0.20199697415800483,0.2318807975479899,3000
419,1,evaluate,1.5328516687484497,0.7706666666666667,0.2713376224807091,0.23035349480137524,0.24443983635452407,3000
419,2,evaluate,2.517739605396352,0.5203333333333333,0.2684555726020021,0.15694679487179486,0.19414114253930473,3000
419,3,evaluate,0.848151758630225,0.843,0.285843392396887,0.2533467642777266,0.2681629688710449,3000
419,4,evaluate,2.4488207456913402,0.5193333333333333,0.2671010968246691,0.1558947141251294,0.19336048374038106,3000
419,5,evaluate,1.0622195855100105,0.766,0.2812352850443057,0.22950720756155932,0.2513913926824583,3000
420,0,evaluate,2.5442439343066927,0.5483333333333333,0.27271480534638426,0.1640087491770817,0.2001610340364207,3000
420,1,evaluate,1.72560005999626,0.597,0.28417953328380613,0.17957176275247483,0.21898300177063712,3000
420,2,evaluate,1.1676179969564398,0.7633333333333333,0.2616448489589983,0.22822884615384614,0.24333976011364084,3000
420,3,evaluate,1.1569345948543954,0.765,0.2650662087031802,0.22954952498849446,0.2452744651441887,3000
420,4,evaluate,1.525787538670479,0.6783333333333333,0.28606054135155196,0.20468807495481137,0.23481178209849274,3000
420,5,evaluate,1.7441349587541946,0.5986666666666667,0.293325580368895,0.18012711877666635,0.2227532743576674,3000
421,0,evaluate,1.6618280486857637,0.6693333333333333,0.29462669286243953,0.19806723763071643,0.2247381423584586,3000
421,1,evaluate,1.536521741684447,0.7683333333333333,0.268968393783757,0.22973124106159437,0.24461746547984534,3000
421,2,evaluate,2.0946970366417093,0.5773333333333334,0.26703269843382405,0.1732631986404872,0.2043500984989466,3000
421,3,evaluate,2.4231024574726185,0.523,0.26874621616685523,0.15747660256410256,0.19729979596648617,3000
421,4,evaluate,0.9986675109000916,0.812,0.28510505686896764,0.24407740451150492,0.261842713811539,3000
421,5,evaluate,0.811972382854908,0.8196666666666667,0.28294211324448365,0.24586948663826277,0.2630168178665647,3000
422,0,evaluate,1.135851411109275,0.7626666666666667,0.258527036331879,0.2283375,0.24248170827430204,3000
422,1,evaluate,2.7259323825227453,0.5376666666666666,0.2754555960061016,0.16075406062483055,0.19518848049160442,3000
422,2,evaluate,1.123659077476948,0.7673333333333333,0.2654895478192364,0.2302430723819034,0.24643477078647566,3000
422,3,evaluate,1.7407006088723527,0.6086666666666667,0.28571408835417456,0.1830432869042865,0.2217486850555029,3000
422,4,evaluate,1.5644585173180763,0.6843333333333333,0.2863942337833786,0.20687759262550057,0.23416666081229578,3000
422,5,evaluate,1.8382676205736526,0.5993333333333334,0.2947340012401396,0.18021941807043357,0.223184441124581,3000
423,0,evaluate,1.4896407051289335,0.6733333333333333,0.2930588862068765,0.19967826580711676,0.22918040730909262,3000
423,1,evaluate,0.9270930917973214,0.779,0.282213563716709,0.2334471306368656,0.25531660007531165,3000
423,2,evaluate,0.8744424131322415,0.826,0.2844263360849223,0.24822805097386685,0.2641584874986914,3000
423,3,evaluate,2.2656779263881925,0.533,0.2670476429192088,0.15994904189094156,0.19531572425650887,3000
423,4,evaluate,1.6355696758057208,0.7553333333333333,0.2685681760226187,0.22558612506641545,0.23830561636267839,3000
423,5,evaluate,2.5092449847688068,0.5016666666666667,0.2679533889650468,0.1513573717948718,0.19083643404139208,3000
424,0,evaluate,2.598835564674215,0.553,0.2748494758630217,0.16547555391791946,0.20063756374537137,3000
424,1,evaluate,1.2112806490127077,0.758,0.26283438149736493,0.2266403846153846,0.24289917631316005,3000
424,2,evaluate,1.054204855827575,0.786,0.26645345806882725,0.23586686056859635,0.2502063928758794,3000
424,3,evaluate,1.7359866309673229,0.6096666666666667,0.2937541047365551,0.18319130593546737,0.22553907611785515,3000
424,4,evaluate,1.559331254756197,0.645,0.286438327742654,0.19423559463508808,0.2291072550086696,3000
424,5,evaluate,1.6620935645509274,0.6703333333333333,0.28701256786096935,0.20267050523326674,0.23234920326893285,3000
425,0,evaluate,0.8091260093323728,0.8463333333333334,0.2845003663418988,0.25430675370528927,0.2680399807773979,3000
425,1,evaluate,1.780321849153397,0.6466666666666666,0.2933545284858975,0.1912277868581437,0.21852203786207372,3000
425,2,evaluate,2.6071699806984436,0.49333333333333335,0.2649056753648244,0.1491894230769231,0.1858977385268456,3000
425,3,evaluate,0.9527813246909608,0.787,0.2836680718286881,0.23579984987374383,0.25700553189648057,3000
425,4,evaluate,1.533293994183236,0.7736666666666666,0.2679732755288873,0.2311479573673821,0.24260273304976304,3000
425,5,evaluate,2.460809058331429,0.5156666666666667,0.26884237736235994,0.1547150281481792,0.19212728878791113,3000
426,0,evaluate,2.4330412504520824,0.5543333333333333,0.2765621703763297,0.16591712122356067,0.20166084454443806,3000
426,1,evaluate,1.1343752095039854,0.7583333333333333,0.2616839785113646,0.22692339743589746,0.24285552470460603,3000
426,2,evaluate,1.7261599632019693,0.604,0.29307651862398665,0.18158987739769036,0.2237765997120505,3000
426,3,evaluate,1.6680564880371094,0.6083333333333333,0.28653852044935657,0.1829374820223808,0.22194841794738235,3000
426,4,evaluate,1.1384594973097457,0.7636666666666667,0.2668062549395437,0.22917117933552192,0.24619184168701036,3000
426,5,evaluate,1.5554338807755328,0.6836666666666666,0.2856248332050178,0.20658218364808323,0.23379714007791402,3000
427,0,evaluate,0.8381811640364059,0.814,0.28108363671913505,0.24385097276809797,0.2603240568771295,3000
427,1,evaluate,1.167479912017254,0.76,0.28537524475390424,0.22865949482058268,0.2521320489638222,3000
427,2,evaluate,1.769787868286701,0.716,0.2712901847106629,0.2138996602244136,0.23356131475253467,3000
427,3,evaluate,1.1259460144854607,0.7403333333333333,0.29187528615056424,0.22027498610745483,0.2463887177627347,3000
427,4,evaluate,2.458518484805493,0.504,0.27136396464169393,0.15158878205128207,0.19343276472308296,3000
427,5,evaluate,2.051386820509079,0.5743333333333334,0.2691494258037805,0.17225309064826805,0.2072140655245208,3000
428,0,evaluate,1.7860640452263203,0.6973333333333334,0.2719733791030063,0.2085151463036626,0.23158463215007669,3000
428,1,evaluate,1.8031690348970129,0.5746666666666667,0.28544431145935767,0.1731222956506422,0.21332077917313735,3000
428,2,evaluate,0.9882653025870628,0.794,0.2865835515327141,0.23903302585310957,0.26001271399177545,3000
428,3,evaluate,1.1223111710649856,0.7646666666666667,0.26795586640089386,0.22944600804161347,0.24687596798483077,3000
428,4,evaluate,1.1321875833450479,0.758,0.2615521066056635,0.2268576923076923,0.24280194300513722,3000
428,5,evaluate,2.121088588491399,0.505,0.29522889620241205,0.15129786487120223,0.1999637048574667,3000
429,0,evaluate,2.245959188075776,0.534,0.26971919554834695,0.16066602564102564,0.20060615463662837,3000
429,1,evaluate,1.9223869709258383,0.593,0.2680666104742895,0.17792896097230546,0.2102216878072795,3000
429,2,evaluate,0.9631412637994644,0.7783333333333333,0.29293462196486914,0.23232048539542496,0.2572534002404966,3000
429,3,evaluate,1.1428853653846902,0.751,0.28657211268686544,0.2260549887903444,0.25218478605896283,3000
429,4,evaluate,0.8046103417873383,0.812,0.28232141032941155,0.24341649607319757,0.2609150650801853,3000
429,5,evaluate,2.0775318272570344,0.6576666666666666,0.27260687119036825,0.1963913875738908,0.22147757964134537,3000
430,0,evaluate,2.0107203620545406,0.5566666666666666,0.28461362904987675,0.16789181561693384,0.20710028903764655,3000
430,1,evaluate,1.1339601443168965,0.7706666666666667,0.2618982022935124,0.23058076923076923,0.24502974687446938,3000
430,2,evaluate,0.9986038588462992,0.801,0.28499495994838986,0.24110040629392096,0.26060446897942346,3000
430,3,evaluate,1.8372054594628355,0.7046666666666667,0.27102314746941636,0.2106987053725727,0.23245740627052575,3000
430,4,evaluate,2.5541825116948877,0.4483333333333333,0.2964103157888537,0.13398879426379215,0.183989712934312,3000
430,5,evaluate,1.104764810267915,0.78,0.2680324297304911,0.23405678681144781,0.2497175156457016,3000
431,0,evaluate,0.9174822213801932,0.796,0.29075097393376204,0.23738254273726903,0.2588601513826741,3000
431,1,evaluate,0.6758431487895072,0.853,0.2825953919817147,0.25560553575557043,0.2682237855343747,3000
431,2,evaluate,2.720625509607031,0.47,0.27504639594644203,0.1414519230769231,0.18596563716326991,3000
431,3,evaluate,1.2562627449948738,0.7346666666666667,0.2879676182882363,0.22116180361473248,0.24910217536504176,3000
431,4,evaluate,2.2391539000450296,0.5553333333333333,0.2688821917479215,0.16666696177934412,0.19835578648336397,3000
431,5,evaluate,2.0492660111569343,0.6683333333333333,0.27232464111192706,0.19959309132678243,0.22395928326774445,3000
432,0,evaluate,1.196518305768358,0.7606666666666667,0.26658924382270116,0.228244143511917,0.24533156329848582,3000
432,1,evaluate,0.82965331920918,0.8423333333333334,0.2867660664694297,0.25327135264373757,0.26879952428639786,3000
432,2,evaluate,2.962881773076159,0.36666666666666664,0.29534486459376,0.10951391702483193,0.15918755790849806,3000
432,3,evaluate,2.315851553957513,0.49133333333333334,0.283990365109916,0.14827229379908502,0.18996146169709732,3000
432,4,evaluate,1.1472578219910885,0.7683333333333333,0.2620607672129219,0.23002948717948718,0.24492811836218453,3000
432,5,evaluate,1.6649850061599245,0.7446666666666667,0.2699501465346591,0.22253877966403715,0.23878354375726527,3000
433,0,evaluate,0.6423375159502029,0.8563333333333333,0.2793404560649617,0.2566448231963081,0.2672315303465441,3000
433,1,evaluate,0.7489722998852425,0.8406666666666667,0.28971520045191734,0.25130841192232545,0.26815033808683714,3000
433,2,evaluate,2.3212224726981305,0.5503333333333333,0.2666434343237176,0.16518120515421103,0.19669254985402812,3000
433,3,evaluate,1.6330618934428438,0.6493333333333333,0.2868852763602451,0.19590231669206565,0.2315913676327946,3000
433,4,evaluate,2.8379974187688624,0.461,0.2743122648216807,0.13876826923076924,0.18335758401315663,3000
433,5,evaluate,2.5749644142516117,0.5673333333333334,0.2775881641847312,0.16945419459168393,0.20431984704996636,3000
434,0,evaluate,1.256242979080119,0.7423333333333333,0.2657177165232488,0.2227343498221997,0.2421421748907707,3000
434,1,evaluate,1.255382110463812,0.7453333333333333,0.2625211214364046,0.22320320512820513,0.24117935758952175,3000
434,2,evaluate,0.8032807406592877,0.8506666666666667,0.28413597018165027,0.2556120525785798,0.2690125692394666,3000
434,3,evaluate,3.0260799336940685,0.37733333333333335,0.2951502613240418,0.11175143669225596,0.15691200293414187,3000
434,4,evaluate,1.5544441824263715,0.7733333333333333,0.2689603657937324,0.23118511850578813,0.2442282414489799,3000
434,5,evaluate,2.0664244484394154,0.5466666666666666,0.28601488633572486,0.1647853076437284,0.20556610650281293,3000
435,0,evaluate,2.7103480785451035,0.535,0.27822907353052095,0.1599297118448645,0.19442558915196162,3000
435,1,evaluate,0.7381793444461011,0.8443333333333334,0.29010936801597653,0.25250758181427824,0.2692695608369371,3000
435,2,evaluate,2.098359676117593,0.5716666666666667,0.26720467229316797,0.17156777890864633,0.2038765346105023,3000
435,3,evaluate,1.8041597452569516,0.6316666666666667,0.286692163614925,0.191203124074463,0.2253226916313728,3000
435,4,evaluate,0.6843922829374354,0.8476666666666667,0.2808832027646567,0.2540031789735167,0.26643261128445794,3000
435,5,evaluate,2.504353310199494,0.504,0.2735038776965567,0.15163653846153846,0.1942735741080376,3000
436,0,evaluate,2.9432582905951965,0.408,0.2964290343713762,0.12077677996260347,0.16533398997536347,3000
436,1,evaluate,1.9158073790529941,0.5723333333333334,0.28354444787383176,0.1723102382103349,0.21167952189873107,3000
436,2,evaluate,1.1764408185126933,0.7586666666666667,0.2622876803592171,0.22726923076923078,0.24348579980590923,3000
436,3,evaluate,0.7921060355419808,0.846,0.284623907534003,0.25420952183504486,0.26844973426273916,3000
436,4,evaluate,1.184593067524281,0.754,0.26598137689617407,0.22621240583252974,0.24423487894793108,3000
436,5,evaluate,1.7510886686913512,0.7396666666666667,0.2690753644240689,0.22094614774193078,0.23634820592010547,3000
437,0,evaluate,1.2344062531248052,0.7293333333333333,0.2861753258502417,0.21969760405952873,0.2478693119607586,3000
437,1,evaluate,1.98948812738378,0.5933333333333334,0.26865449572995626,0.17810091625916064,0.21067417917713466,3000
437,2,evaluate,0.7632562156687391,0.828,0.28363297968398477,0.24804294171398142,0.264294740872088,3000
437,3,evaluate,2.030644652691293,0.6593333333333333,0.27367617223134466,0.19699814438406096,0.22362029157797964,3000
437,4,evaluate,0.907020313942686,0.797,0.29281649833977375,0.2378486534595828,0.2605652673685141,3000
437,5,evaluate,2.3066924125590225,0.531,0.2718367721141044,0.15948589743589742,0.20038228390118468,3000
438,0,evaluate,1.212149497042311,0.755,0.2665299471641985,0.2265643126497428,0.2447776770623015,3000
438,1,evaluate,1.794784553507541,0.599,0.28480259151631665,0.1803889814333855,0.2189685584536445,3000
438,2,evaluate,1.8441371765542538,0.707,0.2728780526111615,0.21127713519557728,0.23251120883259593,3000
438,3,evaluate,0.9243472795537178,0.8186666666666667,0.2854365778610359,0.24633729665110415,0.26397902147330166,3000
438,4,evaluate,1.2069913909790364,0.759,0.2616135397854308,0.2273458333333333,0.2431417407572379,3000
438,5,evaluate,2.2094359271069792,0.5093333333333333,0.29519259171546447,0.15220646771688,0.20005359130395073,3000
439,0,evaluate,0.6990838805411724,0.8496666666666667,0.28287685335300516,0.2545779828836051,0.2675852244459764,3000
439,1,evaluate,0.9887270318700913,0.7863333333333333,0.29121732321555743,0.2343226451793859,0.2566450412274247,3000
439,2,evaluate,1.303994022785349,0.7233333333333334,0.2869844725361122,0.21800158272438605,0.2457954708564194,3000
439,3,evaluate,2.503996937832934,0.5046666666666667,0.27226317701524855,0.15148878205128208,0.19454687808979906,3000
439,4,evaluate,2.0193730668818697,0.5833333333333334,0.2688579823276786,0.17506507654555822,0.20834878100431906,3000
439,5,evaluate,1.8684535888915366,0.695,0.2734867192169094,0.20773841536559284,0.2311707541300346,3000
440,0,evaluate,2.740219217665652,0.4206666666666667,0.29410080432494395,0.12554904026873354,0.17516244986686352,3000
440,1,evaluate,1.766372246945158,0.7426666666666667,0.27225656679524207,0.22192934627791025,0.23863293839728478,3000
440,2,evaluate,1.1865979712060157,0.775,0.26314421088394785,0.23192115384615386,0.24624313308644571,3000
440,3,evaluate,0.8164358319754296,0.851,0.28604351670318684,0.25586700717453853,0.2699369150842392,3000
440,4,evaluate,1.3218074656547385,0.745,0.2655258295725324,0.22355703796323684,0.24151039675604546,3000
440,5,evaluate,2.257501221717672,0.5223333333333333,0.2860916263204062,0.1573311386876363,0.20097221589052178,3000
441,0,evaluate,0.8067463014988189,0.823,0.2901329122183787,0.24597310220384333,0.2652214606516516,3000
441,1,evaluate,2.2484534649138754,0.625,0.2780606802111214,0.18681707569625913,0.2196121253317702,3000
441,2,evaluate,1.467687505356809,0.6906666666666667,0.2884157002386762,0.20795464846197068,0.24098861039572714,3000
441,3,evaluate,0.6517160902632043,0.857,0.2819327690525844,0.2570014302028006,0.2688492948900275,3000
441,4,evaluate,2.8523575676248427,0.4613333333333333,0.2727964607770018,0.13925865384615382,0.18143677979582476,3000
441,5,evaluate,2.3047064517406706,0.5546666666666666,0.26895713604501215,0.16634067826285684,0.1955235634186136,3000
442,0,evaluate,1.643568588064072,0.735,0.2702281530286827,0.21983328638279304,0.23865343431486669,3000
442,1,evaluate,1.8382360605483359,0.5783333333333334,0.28594647953595287,0.1737625373939483,0.2133616716046763,3000
442,2,evaluate,1.2462061935282769,0.739,0.2607356122360395,0.22125993589743587,0.23901261397376827,3000
442,3,evaluate,1.27444123334073,0.7313333333333333,0.2668112210347352,0.21949588030402611,0.24062481621861087,3000
442,4,evaluate,0.8959665881826523,0.824,0.28380194472632336,0.24806466283976744,0.26399139183113707,3000
442,5,evaluate,2.528697059509602,0.45866666666666667,0.29549161033839216,0.1362759931855057,0.182130132366539,3000
443,0,evaluate,1.8275204034561807,0.6273333333333333,0.26749696964116626,0.18818029204898584,0.217165952230498,3000
443,1,evaluate,0.9004671820934783,0.8,0.29080436822506356,0.23908511662483595,0.26118241348605464,3000
443,2,evaluate,2.30721537356681,0.611,0.27792549086010054,0.18251438975953943,0.2155890197105294,3000
443,3,evaluate,0.7870649257872967,0.822,0.2837659085460564,0.24666349960316625,0.263600779473758,3000
443,4,evaluate,2.2119469591911805,0.558,0.26704003377815766,0.16786570512820512,0.2049132660114183,3000
443,5,evaluate,1.3777290100746966,0.708,0.2872422706930109,0.2129625553527227,0.24437028492018528,3000
444,0,evaluate,1.2267234667818596,0.747,0.26986068708125177,0.22418746554514488,0.24482696097040596,3000
444,1,evaluate,1.6045686469433156,0.7626666666666667,0.27126156494003323,0.22805962708949368,0.2441495272435706,3000
444,2,evaluate,1.6801366628484522,0.6136666666666667,0.28311898177610473,0.18449592487281805,0.22114149833983018,3000
444,3,evaluate,2.4996718421895454,0.4573333333333333,0.29434119606518205,0.1353839569362413,0.1782195551662288,3000
444,4,evaluate,1.3004390495888731,0.7346666666666667,0.26497650126178807,0.21996153846153846,0.24022230465473254,3000
444,5,evaluate,0.8485664839440203,0.837,0.2860326284958794,0.2515952331590407,0.2675796090807857,3000
445,0,evaluate,1.4968354283495153,0.677,0.28742577031659644,0.20443282867446047,0.23712292942901786,3000
445,1,evaluate,0.8341221980592037,0.815,0.29197449100140255,0.24364347296556127,0.2647506469129236,3000
445,2,evaluate,0.7815982705735146,0.8273333333333334,0.28380089140135734,0.24795222442073786,0.26441388779569375,3000
445,3,evaluate,2.2296857808498625,0.6123333333333333,0.2761408279027929,0.18315765014378133,0.21504864092543494,3000
445,4,evaluate,1.8748854652364204,0.6206666666666667,0.2719518819470563,0.18621563435122046,0.21886937041371088,3000
445,5,evaluate,2.2440593673827802,0.5386666666666666,0.2676684497109768,0.16181378205128205,0.20123173823241092,3000
446,0,evaluate,1.9488638284358573,0.5906666666666667,0.2858911770550276,0.17813926472163089,0.21592084556670188,3000
446,1,evaluate,1.2066407343174548,0.7603333333333333,0.26802909241505735,0.22812125303278777,0.24634990725328693,3000
446,2,evaluate,1.661838764839984,0.7563333333333333,0.27090000229815897,0.22611137971353107,0.24270384253283014,3000
446,3,evaluate,1.260061687611519,0.7456666666666667,0.2616204598553658,0.22346858974358974,0.24100871521355732,3000
446,4,evaluate,0.858467993584085,0.843,0.2863557751454727,0.25324373237553155,0.2687516210541675,3000
446,5,evaluate,2.6512045936381563,0.44366666666666665,0.29619183169097113,0.13192861903731598,0.17920884058800712,3000
447,0,evaluate,2.0598771952568216,0.58,0.2715183618601461,0.174076319870549,0.2089686461011965,3000
447,1,evaluate,0.7587476607332838,0.8366666666666667,0.2823038222285781,0.250676760955964,0.26501595592265453,3000
447,2,evaluate,2.4192150450767356,0.5193333333333333,0.27139970407461805,0.15601346153846155,0.1977936079125548,3000
447,3,evaluate,0.8404635787010193,0.8133333333333334,0.2903846375624428,0.24291148632136492,0.262992619902919,3000
447,4,evaluate,1.4131444705293534,0.6953333333333334,0.287434791874544,0.20991398227276886,0.24093827137024465,3000
447,5,evaluate,2.1828210277760283,0.6376666666666667,0.2774533850205344,0.1906873951259667,0.2204503697055026,3000
448,0,evaluate,2.1733138104702565,0.527,0.2853600781788133,0.1588998604826659,0.20053954812791813,3000
448,1,evaluate,1.717683863132558,0.7356666666666667,0.27304064555371693,0.21996155244446713,0.23975531035471992,3000
448,2,evaluate,1.108390451111692,0.773,0.2619926405781773,0.23131891025641024,0.245463120457243,3000
448,3,evaluate,2.8078973445486515,0.4003333333333333,0.2963652623211447,0.11918647846309009,0.1680877421152333,3000
448,4,evaluate,1.1349091428391478,0.7746666666666666,0.2692346954696602,0.23242737991538642,0.2489133704486771,3000
448,5,evaluate,0.8734717254943036,0.8336666666666667,0.28559510238604224,0.2506297466025499,0.2668152131752648,3000
449,0,evaluate,0.6467894892743293,0.859,0.2814794947555103,0.25755780941772033,0.2689132620347577,3000
449,1,evaluate,2.151699271607906,0.6343333333333333,0.27666204433810065,0.18961334907019273,0.22087241463036963,3000
449,2,evaluate,1.4811695738041655,0.6783333333333333,0.2867575445782193,0.20433267996029505,0.23743204800580536,3000
449,3,evaluate,0.8063623974932,0.8223333333333334,0.29160423096090826,0.2455888797556997,0.26514992668310017,3000
449,4,evaluate,2.6215361864008804,0.48533333333333334,0.27305284875065067,0.1456576923076923,0.18992270654497725,3000
449,5,evaluate,2.0584876740232425,0.5813333333333334,0.2685089721996964,0.17448889229383516,0.20475531851835038,3000
450,0,evaluate,1.0834920165386606,0.7693333333333333,0.2674731486716013,0.23083731110921063,0.24751493333305108,3000
450,1,evaluate,1.6867726115470236,0.7376666666666667,0.2709319271852979,0.2205307915729044,0.23815235500826723,3000
450,2,evaluate,1.1560999529158815,0.7606666666666667,0.2624790354491434,0.22768365384615388,0.24371928072856947,3000
450,3,evaluate,2.618978317747725,0.428,0.29621217854649584,0.1272895430113635,0.17532532454278626,3000
450,4,evaluate,0.8807162122523531,0.8223333333333334,0.28593701766276525,0.2474128155352005,0.2649254851058301,3000
450,5,evaluate,1.9015535319105108,0.5696666666666667,0.28671113533814985,0.1716775697361481,0.21158823754705938,3000
451,0,evaluate,1.9997211948354194,0.58,0.2694215949961281,0.17406476297408785,0.20883199876737596,3000
451,1,evaluate,0.7614281069725117,0.8226666666666667,0.2814118969903749,0.24630374935320604,0.26180572689213893,3000
451,2,evaluate,2.0080812383205333,0.6606666666666666,0.2763062004619086,0.19742105679061925,0.2254268607080337,3000
451,3,evaluate,1.1879604116399238,0.74,0.2875760093746671,0.2226837118050507,0.25064363261120726,3000
451,4,evaluate,2.3104072555582573,0.5273333333333333,0.2705914119178801,0.15856057692307693,0.1992483042160479,3000
451,5,evaluate,0.8941581382396373,0.7953333333333333,0.29175408488288146,0.23727470159120703,0.259552729177979,3000
452,0,evaluate,1.5961604232483722,0.7633333333333333,0.2709448210895748,0.2281914672879351,0.24332518910373277,3000
452,1,evaluate,1.3091645773420943,0.7363333333333333,0.26821295475542656,0.22096210359004603,0.242186704096721,3000
452,2,evaluate,1.326954740793147,0.7326666666666667,0.2639709285441895,0.21935000000000002,0.2394419084111851,3000
452,3,evaluate,0.8194483375929772,0.841,0.28601949415903105,0.25277806946216985,0.26811726316575923,3000
452,4,evaluate,2.47806109519715,0.4786666666666667,0.2958301259071633,0.14233728492829711,0.18785231901802696,3000
452,5,evaluate,1.8351305926099737,0.5966666666666667,0.2844066056510624,0.17972422867631677,0.21824640865302047,3000
453,0,evaluate,1.65474035004352,0.6643333333333333,0.2701661668990842,0.19938201675267567,0.22701106861145073,3000
453,1,evaluate,1.4484635616870636,0.6803333333333333,0.2879395800775211,0.20507494942641386,0.23864592596771622,3000
453,2,evaluate,0.7139458605583678,0.84,0.2825300697084251,0.2518196132947809,0.2662012223666794,3000
453,3,evaluate,2.354056868147343,0.5996666666666667,0.27997752028781747,0.17921586538572642,0.2133408790587091,3000
453,4,evaluate,0.8892316862623743,0.8036666666666666,0.2918637489260104,0.2401250848549234,0.2623052537412135,3000
453,5,evaluate,2.084906320622627,0.5756666666666667,0.27033206555971917,0.1725426282051282,0.21061362793625538,3000
454,0,evaluate,2.257181076293296,0.5096666666666667,0.29553059879746313,0.15158309823953608,0.19642754639331755,3000
454,1,evaluate,1.3171819270925318,0.73,0.2634163040297855,0.21902435897435896,0.23861271252069818,3000
454,2,evaluate,1.6249641712675704,0.6293333333333333,0.2848600792263386,0.189434972812135,0.22590965863831766,3000
454,3,evaluate,1.6559259473009313,0.7433333333333333,0.27040547602730075,0.22222816099843978,0.239930397191983,3000
454,4,evaluate,0.8336428638468397,0.8393333333333334,0.2865075235541653,0.2524239758287875,0.26804242215522733,3000
454,5,evaluate,1.2762790639349755,0.7313333333333333,0.2680772796186034,0.2194766424776075,0.2411787294684415,3000
455,0,evaluate,2.0460903809425677,0.6526666666666666,0.2771504029176996,0.19517300219515243,0.22398276911952708,3000
455,1,evaluate,1.2649773790481242,0.7183333333333334,0.2873768040597781,0.2167274155506373,0.24563966856841174,3000
455,2,evaluate,0.910419965043981,0.7866666666666666,0.2816952365217441,0.23570830468423942,0.2560246909276006,3000
455,3,evaluate,1.6957639126067465,0.6423333333333333,0.26946472540011407,0.19276719019295632,0.2242197677822877,3000
455,4,evaluate,0.9956186527901507,0.7733333333333333,0.2907339090472944,0.23102789089441383,0.2561981597838344,3000
455,5,evaluate,1.9488644320914086,0.5903333333333334,0.27074933858891476,0.1769150641025641,0.2139213995883317,3000
456,0,evaluate,1.3283490031323535,0.739,0.26930418045893684,0.22176719637522185,0.24293196399679068,3000
456,1,evaluate,0.7737547869377948,0.8583333333333333,0.28636381200569333,0.25787241590065857,0.2712179611985806,3000
456,2,evaluate,1.320098005710764,0.742,0.2655361763713044,0.22222948717948715,0.24174351800212315,3000
456,3,evaluate,2.4416383073685015,0.4786666666666667,0.2955817008044938,0.14227979798529017,0.18845268403663257,3000
456,4,evaluate,1.6591074060886464,0.7693333333333333,0.2713520144973489,0.22988881100313513,0.24328011467529526,3000
456,5,evaluate,1.8298349481947878,0.602,0.2861183683282577,0.18114650931433335,0.22070940500070507,3000
457,0,evaluate,0.8373608329194657,0.8223333333333334,0.29100622689770794,0.24576917582032293,0.26539560045925004,3000
457,1,evaluate,2.5811824113764663,0.5586666666666666,0.2789559079286382,0.16707847597655784,0.20596293644833033,3000
457,2,evaluate,0.7111784891879305,0.8443333333333334,0.28237166002134295,0.25314649280044516,0.2668977871828725,3000
457,3,evaluate,2.186037329917258,0.563,0.2725450319890165,0.16909679487179488,0.2083943560369729,3000
457,4,evaluate,1.7050903921431684,0.6476666666666666,0.28857115020831836,0.195144049458903,0.23174328893904556,3000
457,5,evaluate,1.7806061125816184,0.6343333333333333,0.267716747381795,0.19032543700012267,0.21949999008262672,3000
458,0,evaluate,0.7696728043733759,0.851,0.28578326173038826,0.25562743332094795,0.26984080672218963,3000
458,1,evaluate,2.1102340145313994,0.54,0.2832522542211196,0.1623980639718003,0.20404145437528257,3000
458,2,evaluate,1.2708086587013083,0.7493333333333333,0.25944760613286477,0.2245721153846154,0.24022894399840217,3000
458,3,evaluate,3.091206322325037,0.37566666666666665,0.29443888027871024,0.1108955638933287,0.15281750854957524,3000
458,4,evaluate,1.3642999276201775,0.737,0.2690685132098175,0.22115925095910272,0.24208178992087825,3000
458,5,evaluate,1.539709503346301,0.7643333333333333,0.2705233291351521,0.22850897452266836,0.24402617085001777,3000
459,0,evaluate,0.8218880739617855,0.8193333333333334,0.29050013648096973,0.24471425253667442,0.26418782413482245,3000
459,1,evaluate,2.0110700231917362,0.583,0.26738523417124516,0.17492606957409676,0.20610759629479564,3000
459,2,evaluate,2.5396144516924593,0.49266666666666664,0.27327845672514056,0.1479897435897436,0.19164580175222667,3000
459,3,evaluate,0.6453215727146636,0.8576666666666667,0.2832328851155249,0.25714237133429213,0.2694484332205116,3000
459,4,evaluate,2.324671692036568,0.6063333333333333,0.27920086330950955,0.18113815722782403,0.21359085099756664,3000
459,5,evaluate,1.5106816925901048,0.6713333333333333,0.28884272988672366,0.20245617329822352,0.23674478967120222,3000
460,0,evaluate,1.1912179836567411,0.7593333333333333,0.26368051677905335,0.2273644230769231,0.24405547729164562,3000
460,1,evaluate,2.0164595563360987,0.55,0.28547598848659295,0.16595579412285733,0.20554474275505918,3000
460,2,evaluate,1.6039067785790626,0.742,0.2727452049253113,0.22176054502149317,0.23964779913371048,3000
460,3,evaluate,0.8135062101039481,0.84,0.2867294830664835,0.2525365211296174,0.26841105895816847,3000
460,4,evaluate,1.1706860585415617,0.7636666666666667,0.26819910073773245,0.2291726137971435,0.24708837418932328,3000
460,5,evaluate,2.6516244614377933,0.4063333333333333,0.29559487524026196,0.12109672981853807,0.17017267258371854,3000
461,0,evaluate,0.8506050667864211,0.8113333333333334,0.2917448973829993,0.24233111152113343,0.26326159593343434,3000
461,1,evaluate,1.4349013376743236,0.685,0.2885389142516089,0.20668243332992287,0.2394629367693649,3000
461,2,evaluate,0.7110205520974829,0.843,0.28136731033869533,0.25266320435486245,0.26601439608472577,3000
461,3,evaluate,2.1523933207735104,0.6233333333333333,0.2783060371484017,0.18635387589457086,0.2184115569478461,3000
461,4,evaluate,2.4275971372076808,0.5113333333333333,0.2711182723376655,0.15371858974358973,0.19558596666833492,3000
461,5,evaluate,1.9578673256204484,0.5936666666666667,0.26962689831013176,0.17809568523444627,0.21104153279981305,3000
462,0,evaluate,0.8466663766414562,0.8363333333333334,0.2872124543425038,0.2514637844658765,0.2679171572589055,3000
462,1,evaluate,1.2842923986150863,0.7413333333333333,0.262662556000852,0.22204679487179485,0.24056699526620307,3000
462,2,evaluate,1.6840693481425022,0.6133333333333333,0.28562807058795,0.18446494782111755,0.22320347040684946,3000
462,3,evaluate,1.7079942518092217,0.7333333333333333,0.27202015204488295,0.21915360595805908,0.23757831403408153,3000
462,4,evaluate,2.1207976772430097,0.5106666666666667,0.2948341604434792,0.15217295417670057,0.19869825081837764,3000
462,5,evaluate,1.2809491347759328,0.738,0.26790160535592195,0.22145173462361595,0.2421751563249887,3000
463,0,evaluate,0.9710688159820882,0.7803333333333333,0.2927568015701123,0.23314467026136354,0.2584060620633527,3000
463,1,evaluate,2.0507158218546118,0.5776666666666667,0.26911069586809877,0.17336666666666664,0.21064343940610514,3000
463,2,evaluate,1.71016681701579,0.644,0.2714481961974042,0.1932711430417628,0.22321326160737995,3000
463,3,evaluate,1.2652379109504375,0.726,0.2884421253545676,0.21886641572834042,0.2477785196717174,3000
463,4,evaluate,0.7683794431863947,0.826,0.284710468058745,0.24774164061976123,0.264849601155071,3000
463,5,evaluate,2.0816074888756932,0.6506666666666666,0.27570727036615317,0.1945714934946699,0.22375005290483863,3000
464,0,evaluate,1.3569680376255766,0.7313333333333333,0.26440217387406795,0.21943141025641025,0.23908297894922947,3000
464,1,evaluate,2.2400359219693122,0.505,0.29508210324599976,0.15042137718565549,0.19703914655126345,3000
464,2,evaluate,0.74686957325073,0.86,0.28654202243909266,0.25840028611995136,0.27167912526549787,3000
464,3,evaluate,1.664501740577373,0.7566666666666667,0.2712642885884839,0.22618087785108734,0.24243988811119435,3000
464,4,evaluate,1.4703965478755059,0.708,0.2688256167730315,0.2124553212556905,0.23717990516555987,3000
464,5,evaluate,1.830443630827234,0.6053333333333333,0.286767859599145,0.18200656231891021,0.22182258055507872,3000
465,0,evaluate,0.944956438338503,0.7903333333333333,0.2905614376722365,0.23594749688348568,0.25860687292925066,3000
465,1,evaluate,1.7139849726189957,0.6553333333333333,0.2693881639002628,0.19667504996679647,0.22403435752413828,3000
465,2,evaluate,2.2546588461449804,0.555,0.2707756669345495,0.16624198717948718,0.20589023779678944,3000
465,3,evaluate,2.302067632370807,0.6346666666666667,0.2769390788036107,0.18964799419718734,0.2197327531606315,3000
465,4,evaluate,0.6856409507863065,0.8426666666666667,0.2830397727272727,0.252748792234269,0.26685562222658354,3000
465,5,evaluate,1.5006822804187208,0.6873333333333334,0.2896530854539411,0.20726704738211016,0.2402139777631819,3000
466,0,evaluate,1.59614153872145,0.7676666666666667,0.27217145960239886,0.22948481690154626,0.2445701832032209,3000
466,1,evaluate,0.7193983498405903,0.8703333333333333,0.2870843482114135,0.2614571161119278,0.2736161097145954,3000
466,2,evaluate,2.3950547005267855,0.4786666666666667,0.2954347735594491,0.1425833647571501,0.19005837854211002,3000
466,3,evaluate,1.9671419757477782,0.578,0.28669592349063655,0.17396535196099921,0.2152391559767482,3000
466,4,evaluate,1.4268586914590065,0.7196666666666667,0.27001985094992137,0.21592476159590865,0.23945434575676888,3000
466,5,evaluate,1.2712298504849697,0.745,0.26536381343927073,0.22353205128205128,0.24224967314861168,3000
467,0,evaluate,1.7543381084787084,0.6516666666666666,0.26986118737527476,0.19559928855423775,0.22305025989789984,3000
467,1,evaluate,2.288515666697888,0.552,0.2731416682067797,0.16515929487179487,0.20560437993220343,3000
467,2,evaluate,1.4937889525230894,0.6796666666666666,0.2884193603006575,0.20525168773076724,0.237660478695928,3000
467,3,evaluate,0.8998949616513354,0.796,0.29194410633083745,0.23797873796392954,0.2613670941737228,3000
467,4,evaluate,0.730596421880925,0.8343333333333334,0.28241103521596,0.25027533505678273,0.26528848517493386,3000
467,5,evaluate,2.1567090648285885,0.6413333333333333,0.2777098066741487,0.19173966182665772,0.22090856693272723,3000
468,0,evaluate,2.547014796987493,0.4493333333333333,0.2948797538169082,0.13319766686178944,0.17797925733442388,3000
468,1,evaluate,1.307111160552248,0.7473333333333333,0.26860243284607055,0.22424260891399372,0.24422645481226635,3000
468,2,evaluate,0.793325868058712,0.854,0.28748234018032676,0.2565498852109731,0.27108943750211656,3000
468,3,evaluate,1.6728445348587442,0.7486666666666667,0.2714017284336064,0.22376421607722086,0.24081180970368318,3000
468,4,evaluate,1.262278345671106,0.7506666666666667,0.2638386133964179,0.22497788461538462,0.24273979724480724,3000
468,5,evaluate,1.8068270632561216,0.5996666666666667,0.28557655088306466,0.18039182732678183,0.21977481148529873,3000
469,0,evaluate,0.7188012488978974,0.8396666666666667,0.2827516516935869,0.2515715046353984,0.26598178127951294,3000
469,1,evaluate,2.2979088920228024,0.5433333333333333,0.2724644992278112,0.16289967948717948,0.20382546054134493,3000
469,2,evaluate,1.3849885717351387,0.7076666666666667,0.28871428919481046,0.21320015472735138,0.24449183333039676,3000
469,3,evaluate,1.8613791161395135,0.6226666666666667,0.2715831252738528,0.18688740270904555,0.2184339776941024,3000
469,4,evaluate,0.8829172120449391,0.7983333333333333,0.2918113265232318,0.23816893568120517,0.26014100233621,3000
469,5,evaluate,2.142460417240224,0.6326666666666667,0.2758695329533567,0.18913055919349017,0.22046750720473168,3000
470,0,evaluate,1.9809297881227859,0.5573333333333333,0.28508364087311455,0.16798025739647043,0.20899223413016071,3000
470,1,evaluate,0.8465341874893676,0.8366666666666667,0.28656650625799385,0.2515686562234679,0.2677219511988728,3000
470,2,evaluate,1.2769757915050426,0.7486666666666667,0.2686429737850927,0.2246413630436736,0.2438348472011162,3000
470,3,evaluate,2.4055127843897393,0.4646666666666667,0.29427410602468496,0.13890913420204842,0.1879881037415195,3000
470,4,evaluate,1.2520706171685076,0.748,0.2609105357088578,0.22385993589743589,0.2408291163519265,3000
470,5,evaluate,1.6121946383029857,0.7466666666666667,0.2712857394836326,0.22326320127428026,0.2406726574071066,3000
471,0,evaluate,2.3969107435104693,0.618,0.277794591926359,0.18452183913411352,0.214333726842594,3000
471,1,evaluate,0.8703990477196714,0.8083333333333333,0.290691918309056,0.2413085286810493,0.261927037882194,3000
471,2,evaluate,0.6743642678286167,0.8596666666666667,0.2817027702985747,0.2577334114990707,0.2690471373576108,3000
471,3,evaluate,2.383148748823937,0.5313333333333333,0.27104481157570315,0.15960352564102565,0.20055378910702037,3000
471,4,evaluate,1.8770852634247313,0.625,0.2703950713367042,0.1875309340538651,0.217138425246081,3000
471,5,evaluate,1.3913821945799159,0.7026666666666667,0.28970975802792176,0.21171738833872725,0.24379063423536498,3000
472,0,evaluate,1.2002372589517147,0.765,0.2694871369554751,0.2296004478760399,0.24776042976953377,3000
472,1,evaluate,1.3178635201555617,0.7446666666666667,0.26329135885271343,0.22270673076923075,0.2407762887770733,3000
472,2,evaluate,2.7029148974317185,0.436,0.29573156114039073,0.1299740708885486,0.17886534654159508,3000
472,3,evaluate,2.037658856270161,0.5633333333333334,0.2845015330935231,0.16961574994570433,0.20893146494218717,3000
472,4,evaluate,1.700150819534951,0.7503333333333333,0.2715026698653459,0.2242177240829041,0.23971275953872256,3000
472,5,evaluate,0.8317080064022795,0.845,0.2879367992019162,0.2540007543407125,0.2697095942457987,3000
473,0,evaluate,2.066131350841928,0.659,0.2756042445498651,0.19702632681311558,0.22497781112660958,3000
473,1,evaluate,0.9184664234201959,0.7913333333333333,0.291187818195675,0.23628955466720178,0.25926983111967516,3000
473,2,evaluate,1.32067937546588,0.714,0.2875028189782288,0.2152497087643531,0.2450564380948653,3000
473,3,evaluate,2.4364560208422072,0.5223333333333333,0.2729784722123032,0.15706089743589743,0.19854677312549754,3000
473,4,evaluate,0.721259817163995,0.8466666666666667,0.2827421252917842,0.25389440339325375,0.26737313447157723,3000
473,5,evaluate,1.9666180433110987,0.614,0.2722976119398436,0.1841946342330974,0.21504427471545445,3000
474,0,evaluate,2.3753572803862553,0.49566666666666664,0.29549299173454446,0.14735564349465047,0.19311982186168883,3000
474,1,evaluate,1.2068783945225654,0.7686666666666667,0.27041282999743793,0.23066645466955968,0.2488797702038453,3000
474,2,evaluate,1.6850226077627628,0.6276666666666667,0.28556381368752576,0.1888229153718277,0.22600540303473507,3000
474,3,evaluate,0.8540372417328206,0.8426666666666667,0.28819688157098866,0.25330332574056424,0.2694906945465436,3000
474,4,evaluate,1.2685151404522834,0.7483333333333333,0.26372451430787225,0.22399839743589745,0.241973282775177,3000
474,5,evaluate,1.8427975367992482,0.739,0.2714421278832262,0.22076836777616235,0.23689734818342595,3000
475,0,evaluate,2.3128739138866994,0.6266666666666667,0.2770128494292038,0.18725907707639394,0.21625378820775842,3000
475,1,evaluate,2.33446045632058,0.5426666666666666,0.2711980017668457,0.16304871794871795,0.2027994177488655,3000
475,2,evaluate,1.3241601852660483,0.723,0.28826504398817887,0.2181835040360145,0.24663566732145847,3000
475,3,evaluate,0.7628217041492462,0.835,0.28226841745234876,0.2502528977870389,0.26499348997871364,3000
475,4,evaluate,0.8809078741580882,0.8103333333333333,0.2919384063058762,0.24212771243507536,0.2636090622634847,3000
475,5,evaluate,1.9772210628428357,0.6143333333333333,0.2721034097819693,0.1844017079285692,0.21569109404821338,3000
476,0,evaluate,1.1868163753063121,0.776,0.26788518120367855,0.23285254037942962,0.24906602378076417,3000
476,1,evaluate,2.92163533352791,0.4053333333333333,0.2954781809419428,0.12012855998961655,0.16576882379195934,3000
476,2,evaluate,1.696426031437326,0.765,0.2718386144960211,0.22867325866325006,0.24378725561017464,3000
476,3,evaluate,1.2871674514831382,0.753,0.26404713599985163,0.22522147435897438,0.24262838598214334,3000
476,4,evaluate,1.9314418929688475,0.5776666666666667,0.28633889528193324,0.17399668160923337,0.21345879395228434,3000
476,5,evaluate,0.8711785407776528,0.843,0.2871746262133432,0.25330597333735405,0.26898708666888327,3000
477,0,evaluate,0.7347289095533655,0.8413333333333334,0.28242562062077586,0.252251917462586,0.26619696759583955,3000
477,1,evaluate,2.477815402315018,0.5183333333333333,0.2701113998412081,0.15597051282051283,0.1968308841589388,3000
477,2,evaluate,2.5614830433054174,0.575,0.27770525936455187,0.17193218021712547,0.20467622198168178,3000
477,3,evaluate,2.091407631305938,0.5993333333333334,0.2712027038679642,0.17983529056441205,0.21178728243682937,3000
477,4,evaluate,1.5599124659883215,0.68,0.28857432806715705,0.20550563264998414,0.2370818581607458,3000
477,5,evaluate,0.7921773366471554,0.8296666666666667,0.29134500316987283,0.24825468857296995,0.26750711977183633,3000
478,0,evaluate,1.860372431734775,0.5806666666666667,0.31629136639819133,0.19379973146304932,0.23695941566735262,3000
478,1,evaluate,3.0133600590076854,0.407,0.2947052817350814,0.119989380705919,0.1588891047634736,3000
478,2,evaluate,0.8158823825577473,0.8473333333333334,0.287251063059739,0.25460339673205784,0.2698792959865311,3000
478,3,evaluate,1.2531812546101022,0.748,0.26857577026133506,0.22446069998274987,0.24428668335853088,3000
478,4,evaluate,1.2287362636403834,0.7473333333333333,0.2638817654703093,0.22369358974358974,0.241931974512085,3000
478,5,evaluate,1.6957797167148996,0.754,0.2723733491712215,0.22535928687973278,0.2416742153905047,3000
479,0,evaluate,1.4958264929182985,0.6766666666666666,0.28938561397226426,0.20407460658506685,0.23778098818336982,3000
479,1,evaluate,1.7169424270061737,0.646,0.27113866348600535,0.19383781618490767,0.2235918748425183,3000
479,2,evaluate,0.8370993568542155,0.802,0.29027374301978476,0.23987610188491254,0.2619170562061215,3000
479,3,evaluate,2.035986139419231,0.5776666666666667,0.2701166362583429,0.17343397435897437,0.21103023594755554,3000
479,4,evaluate,2.2743944081854313,0.6,0.27940827354995135,0.1794627195186193,0.21372224138636292,3000
479,5,evaluate,0.7644535842094016,0.8253333333333334,0.2830374527359938,0.24753713893384335,0.2639055362912758,3000
480,0,evaluate,0.7914015821954037,0.849,0.2877763867862878,0.25507010297805277,0.27034844893423926,3000
480,1,evaluate,1.2595615501099444,0.7553333333333333,0.26613719448273643,0.22616987179487183,0.24440843618090158,3000
480,2,evaluate,1.2141464492107958,0.7546666666666667,0.26745133915222624,0.22643362583569865,0.24510522426726578,3000
480,3,evaluate,1.6375856551718204,0.7606666666666667,0.2705715886945954,0.2273374323744402,0.24200185493988915,3000
480,4,evaluate,1.6849360339185024,0.6203333333333333,0.2869640703949653,0.18679651326765812,0.22434820109043113,3000
480,5,evaluate,2.710871120716663,0.434,0.2960703292690571,0.12832431970543592,0.17039837407256048,3000
481,0,evaluate,2.1247051066540656,0.5723333333333334,0.2718815613876798,0.17205769230769233,0.21022279311173073,3000
481,1,evaluate,1.237478698821778,0.7406666666666667,0.2885855655835469,0.22317773541622915,0.2507102323742805,3000
481,2,evaluate,0.9639679548588205,0.7946666666666666,0.2921529217701334,0.2370803029238977,0.2594268646967376,3000
481,3,evaluate,2.190085012862023,0.6436666666666667,0.27755305634612565,0.19234044733642477,0.22126937533959276,3000
481,4,evaluate,1.879263291967676,0.619,0.2705358521488955,0.18572878473713475,0.21784698195402422,3000
481,5,evaluate,0.7918977014561916,0.8333333333333334,0.2835611563701674,0.24967591924808766,0.2649640109211606,3000
482,0,evaluate,1.9908274183882044,0.5496666666666666,0.29427360299749816,0.16368637025692276,0.20775624961284417,3000
482,1,evaluate,1.2322775163549058,0.7566666666666667,0.2682622374035827,0.22712670950918706,0.24541563364366822,3000
482,2,evaluate,1.4336430709412757,0.6683333333333333,0.28379948068468513,0.20101921766205377,0.2338592180892972,3000
482,3,evaluate,1.3987356779423166,0.7266666666666667,0.26594417952406557,0.2173346153846154,0.23878333899152912,3000
482,4,evaluate,0.9653007058387107,0.817,0.2885580472357755,0.24566138538418875,0.2651660733306475,3000
482,5,evaluate,1.6440314079852814,0.7463333333333333,0.2731431488203267,0.22316765446541859,0.24193086610165918,3000
483,0,evaluate,1.1000453119582319,0.773,0.2878089195110906,0.23246851154800946,0.2568220012534337,3000
483,1,evaluate,2.1412079790805247,0.5703333333333334,0.27005880525433595,0.17154871794871795,0.20885156068979494,3000
483,2,evaluate,1.1150836728988809,0.7523333333333333,0.2935224486486037,0.22415369398377516,0.2507956935662373,3000
483,3,evaluate,1.9604214277673275,0.689,0.27508834769802115,0.20577670977956428,0.22900916100576643,3000
483,4,evaluate,1.8667166080880673,0.6296666666666667,0.27233272705019496,0.18886402522079543,0.2209780935203666,3000
483,5,evaluate,0.8835698321778723,0.815,0.2826235006234381,0.24429941811063105,0.2614074990973626,3000
484,0,evaluate,2.0588814831794577,0.5433333333333333,0.294328456598285,0.16304615631022465,0.20906653848392387,3000
484,1,evaluate,1.8025125112939389,0.6003333333333334,0.2846430915586789,0.18060886755761596,0.2179018703310208,3000
484,2,evaluate,1.2072495006500406,0.7666666666666667,0.2697894437442615,0.23007136870585687,0.24830244009325525,3000
484,3,evaluate,1.25679220544531,0.7443333333333333,0.26279290993870286,0.22280673076923074,0.2410327291346527,3000
484,4,evaluate,1.0815882505254542,0.78,0.28864393168624697,0.23506229256752267,0.2576377801539142,3000
484,5,evaluate,1.8760288268961804,0.6943333333333334,0.27606035150494096,0.20771534249052775,0.232537309855339,3000
485,0,evaluate,1.1026740479976573,0.7866666666666666,0.28811676789967156,0.2365634911660016,0.25929028985890773,3000
485,1,evaluate,1.767953007779223,0.724,0.27331225173606427,0.21639980925932417,0.23731930308780402,3000
485,2,evaluate,2.0930516339362937,0.601,0.2709669410084089,0.18032299121505663,0.210613972204084,3000
485,3,evaluate,1.1861256690735513,0.743,0.29328620341822187,0.22109991163400072,0.2475742940048648,3000
485,4,evaluate,0.7730887880984773,0.8373333333333334,0.2824162240489808,0.2511632202682456,0.26577826955604555,3000
485,5,evaluate,2.439337103924853,0.534,0.27053234670785586,0.1607980769230769,0.20045615768836872,3000
486,0,evaluate,1.9024133758342012,0.6953333333333334,0.27361315054566715,0.20793387743939187,0.2320175826322684,3000
486,1,evaluate,2.513097661606809,0.45766666666666667,0.2947135164001745,0.13731084080028544,0.18705064329039015,3000
486,2,evaluate,1.1783296199555093,0.7826666666666666,0.2690803512081076,0.23484618672248922,0.2500011269061072,3000
486,3,evaluate,1.04615913933896,0.8006666666666666,0.28762704610242895,0.24096570419792177,0.261180641416581,3000
486,4,evaluate,2.2315809980351875,0.533,0.28704079916115016,0.16051082450340737,0.2030626133766548,3000
486,5,evaluate,1.1089249963456012,0.793,0.26442663803013533,0.23727532051282055,0.2497778435045516,3000
487,0,evaluate,1.9039737315888101,0.6986666666666667,0.2751929931785683,0.20881761819433792,0.233812386022286,3000
487,1,evaluate,2.330034737891339,0.5543333333333333,0.27014124951828783,0.16631717685328326,0.1980107889577925,3000
487,2,evaluate,1.0444698669808976,0.7836666666666666,0.29186166889204435,0.2332671176673383,0.2549789825520257,3000
487,3,evaluate,0.6741229511321859,0.8583333333333333,0.28136827493213434,0.25719426267490964,0.2685052624225729,3000
487,4,evaluate,2.77659313475832,0.48333333333333334,0.2734343221346756,0.14565320512820512,0.18842245126057983,3000
487,5,evaluate,1.2620788026363292,0.7456666666666667,0.2879116193564347,0.2242525811824975,0.2515432242053572,3000
488,0,evaluate,1.9752716586944905,0.5493333333333333,0.2945765846453191,0.16454744581096004,0.21094764862857182,3000
488,1,evaluate,1.7267701296096152,0.6046666666666667,0.2861606044574806,0.18200674657386862,0.22101410600350557,3000
488,2,evaluate,1.2019124956841165,0.7523333333333333,0.263908706654007,0.2251695512820513,0.24265016225117023,3000
488,3,evaluate,1.205067236372765,0.7596666666666667,0.27019460283684427,0.22797552067241705,0.2471183569419332,3000
488,4,evaluate,1.705196425001672,0.7113333333333334,0.27320663102856485,0.2127667333991591,0.23560995243899555,3000
488,5,evaluate,0.9644273741448179,0.8,0.28702528640431824,0.24081073003667147,0.2611748519752551,3000
489,0,evaluate,1.8654548665310473,0.6146666666666667,0.2712593211141761,0.18440935285698,0.21774218681165033,3000
489,1,evaluate,1.0695962652247002,0.7766666666666666,0.2871945147298123,0.2336463555605815,0.25700088160123746,3000
489,2,evaluate,2.1432630102685155,0.5606666666666666,0.2702894446586687,0.16844871794871796,0.207224139119496,3000
489,3,evaluate,0.8285229129994169,0.8203333333333334,0.2825585598185246,0.24580326024186339,0.26238868793926423,3000
489,4,evaluate,1.8838536637894652,0.7113333333333334,0.277534043656243,0.21252490158518822,0.23493370027440313,3000
489,5,evaluate,1.0427710172977853,0.7663333333333333,0.29230324915580114,0.2283966265720121,0.25351834812112106,3000
490,0,evaluate,1.2456261071752994,0.749,0.26441489790056466,0.22410064102564103,0.24229423824921667,3000
490,1,evaluate,1.206380065451277,0.7663333333333333,0.2688919280685369,0.22995356164510117,0.24786027796504087,3000
490,2,evaluate,2.071148476702102,0.543,0.2951587338283391,0.16244757732639986,0.20902265418429597,3000
490,3,evaluate,0.9895482672021744,0.8036666666666666,0.2879974657672705,0.24190779990989192,0.262388727328713,3000
490,4,evaluate,1.7503956518274673,0.7243333333333334,0.2751531408781035,0.21662354689961819,0.23818285191641037,3000
490,5,evaluate,1.7068002198604828,0.6236666666666667,0.2855195444596366,0.18781905942897978,0.22463125679961507,3000
491,0,evaluate,1.9100290891971994,0.6113333333333333,0.2718199386051853,0.18347676229475468,0.21733728343693443,3000
491,1,evaluate,2.13346492229624,0.6736666666666666,0.27821736321042156,0.20113647685232988,0.22635705112904864,3000
491,2,evaluate,1.1231568214741159,0.7696666666666667,0.28955561427559817,0.23149240094846787,0.2569538684227323,3000
491,3,evaluate,0.8093329972409188,0.8223333333333334,0.2833282890578911,0.2463245170188128,0.26314255012671367,3000
491,4,evaluate,0.9601430106670299,0.7806666666666666,0.290468951728078,0.2327869105529087,0.25607005448332176,3000
491,5,evaluate,2.153281361498731,0.5663333333333334,0.27403465731249205,0.17005801282051283,0.2095291071562268,3000
492,0,evaluate,1.1889439060332927,0.7723333333333333,0.2658796006989296,0.23102948717948718,0.24677059036164625,3000
492,1,evaluate,1.1509734468257173,0.7836666666666666,0.2699998341771685,0.23513379497756465,0.2511958389586981,3000
492,2,evaluate,1.7236518377953387,0.6286666666666667,0.2877743710069248,0.1893908629157121,0.22621221641966693,3000
492,3,evaluate,1.7757570198241701,0.7323333333333333,0.27436783964344275,0.21895285405780268,0.23949546010775072,3000
492,4,evaluate,2.206113858425871,0.5123333333333333,0.29442538562227943,0.15284931314236555,0.1993812531160981,3000
492,5,evaluate,0.9413084983825684,0.8253333333333334,0.2888591012862213,0.24817348355528274,0.26669408799244704,3000
493,0,evaluate,2.0719996284931264,0.5893333333333334,0.27259592424771323,0.17680631244557005,0.21090519130219407,3000
493,1,evaluate,2.5133557776187327,0.512,0.27427635849348364,0.15385096153846156,0.196718964526629,3000
493,2,evaluate,0.6916937837575344,0.8563333333333333,0.28245278663299866,0.2565046643226954,0.26813257795949486,3000
493,3,evaluate,2.19294314181551,0.6536666666666666,0.2783722738637859,0.19536150227029764,0.22528748523052763,3000
493,4,evaluate,0.8846736696172268,0.8153333333333334,0.2911463451943227,0.24316946971012454,0.2624000878514056,3000
493,5,evaluate,1.3845571368298633,0.7133333333333334,0.2892640493158432,0.21474170673961468,0.2457892962921079,3000
494,0,evaluate,2.792460253898134,0.419,0.294977337808879,0.12582828885093744,0.17592921386105553,3000
494,1,evaluate,0.9432096373527608,0.8203333333333334,0.2874450306558599,0.24694369728365545,0.264989287438016,3000
494,2,evaluate,2.3734075135373054,0.5233333333333333,0.28889705400327775,0.15817679758677047,0.19861837969037452,3000
494,3,evaluate,1.1761915912019445,0.785,0.2649207968650279,0.2348878205128205,0.2487194707509032,3000
494,4,evaluate,1.1564063803946718,0.789,0.2703043263785838,0.23673968856354133,0.2521280905797735,3000
494,5,evaluate,1.792333408873132,0.7273333333333334,0.27445065326787244,0.21750243190260052,0.2381341279534598,3000
495,0,evaluate,2.4696114164717655,0.522,0.2712568648296347,0.15715384615384614,0.19778011148183966,3000
495,1,evaluate,2.114602286764916,0.587,0.27294713710735635,0.17615205113981286,0.2095071272769815,3000
495,2,evaluate,1.926655797248191,0.702,0.2767618812061531,0.2098125830602644,0.23443777435855476,3000
495,3,evaluate,1.0095277568127246,0.778,0.2918910380669547,0.23176895538914816,0.25502607636354613,3000
495,4,evaluate,1.1371040071578735,0.7733333333333333,0.2885458651725518,0.23261346747225406,0.2572129875206528,3000
495,5,evaluate,0.7328563608387684,0.8443333333333334,0.2825299964168257,0.2529603998963128,0.26662936831872563,3000
496,0,evaluate,2.446188011067979,0.48533333333333334,0.2957073252376893,0.1449807201656448,0.1931388684386022,3000
496,1,evaluate,1.909972015847551,0.607,0.2875169954114789,0.1831351294438623,0.21986865205788647,3000
496,2,evaluate,1.0675681499724692,0.8043333333333333,0.2703432596365128,0.2413448486920101,0.2548850331193843,3000
496,3,evaluate,1.1901621171768675,0.772,0.2865286626747575,0.23264604637512587,0.2550194005767638,3000
496,4,evaluate,1.1439776712275567,0.7876666666666666,0.264579200802047,0.23561602564102566,0.24887114894836584,3000
496,5,evaluate,1.9976670691307554,0.6826666666666666,0.27317895548777804,0.20421889925531164,0.22965005441129605,3000
497,0,evaluate,2.0301676024781896,0.6773333333333333,0.27836779222506197,0.20244472095337604,0.23064697794856323,3000
497,1,evaluate,2.185382257116602,0.571,0.2729888438953795,0.17138266025631926,0.20552194547429786,3000
497,2,evaluate,0.765759491540016,0.8316666666666667,0.2825218509353312,0.2490869129938278,0.2644128366773368,3000
497,3,evaluate,2.5470684132677444,0.5003333333333333,0.2735671225300954,0.15056506410256412,0.1928531192344388,3000
497,4,evaluate,0.9344900783072126,0.7913333333333333,0.2920691301851771,0.23592357677135914,0.2583810155268959,3000
497,5,evaluate,1.2188025395920936,0.749,0.28750521378671107,0.22523341482546505,0.25232946094479136,3000
498,0,evaluate,1.0751801228269617,0.7913333333333333,0.28814305433613746,0.23819335623728932,0.2599725777679063,3000
498,1,evaluate,2.5016948821696827,0.44633333333333336,0.29547089760175677,0.13398413573495743,0.18331327267664407,3000
498,2,evaluate,1.1564756314805213,0.7723333333333333,0.26235591814077563,0.23112500000000002,0.2455180130054059,3000
498,3,evaluate,1.0500365305454173,0.7883333333333333,0.26837962552680295,0.23653532828463247,0.2513450822959128,3000
498,4,evaluate,1.881721633545896,0.684,0.27258811649055553,0.20457064735453004,0.23034657111250562,3000
498,5,evaluate,2.124384395619656,0.5546666666666666,0.2854183395436542,0.16765327110099593,0.20487495148664517,3000
499,0,evaluate,1.2050657449884619,0.7443333333333333,0.28761045462099666,0.22389336063499243,0.2511699157077906,3000
499,1,evaluate,0.8856401291299374,0.788,0.29051413672702875,0.2350240097046133,0.25766378638965404,3000
499,2,evaluate,0.7467346273838206,0.83,0.2810359244819226,0.24869585901743366,0.26367762209673873,3000
499,3,evaluate,1.8803900860725564,0.6786666666666666,0.2756935730439252,0.20285489834058393,0.22994817393827294,3000
499,4,evaluate,2.4895099604383426,0.489,0.27311608033833334,0.1470778846153846,0.19040471873355974,3000
499,5,evaluate,2.091588999362702,0.5646666666666667,0.26913527074044075,0.16947193467536978,0.20199408635084642,3000
