round,client_id,phase,loss,accuracy,precision,recall,f1,num_examples
0,0,evaluate,2.266606637409755,0.17327293318233294,0.028895184135977334,0.16666666666666666,0.04925156929019797,1766
0,1,evaluate,2.4646660928372985,0.0564042303172738,0.2109476162448499,0.20096618357487922,0.022682005494505497,1702
0,2,evaluate,2.1416830366308037,0.24360829715388327,0.2072072072072072,0.16753022452504318,0.06693560436276708,2073
0,3,evaluate,2.282691412501865,0.06914893617021277,0.009878419452887538,0.14285714285714285,0.01847903340440654,1128
0,4,evaluate,2.2415507197380067,0.0008203445447087777,0.00010254306808859722,0.125,0.00020491803278688525,1219
0,5,evaluate,2.429733297404121,0.0,0.0,0.0,0.0,2114
1,0,evaluate,2.1281769805484347,0.18617021276595744,0.060122167796777926,0.22234628116981062,0.08978775564396436,1128
1,1,evaluate,2.1261909008026123,0.0016406890894175555,0.0010763226672317581,0.25,0.002137754744730023,1219
1,2,evaluate,2.078940178408767,0.28991799324650264,0.09320278298936835,0.28666694081201854,0.1404371373615896,2073
1,3,evaluate,2.0097658251013075,0.14439411098527746,0.23364978902953584,0.13859945884087854,0.09077265485590831,1766
1,4,evaluate,2.1172983204876936,0.34430082256169214,0.15533308802693296,0.33317749727286894,0.179865749426725,1702
1,5,evaluate,2.494592736749088,0.0,0.0,0.0,0.0,2114
2,0,evaluate,2.04915232790841,0.1773049645390071,0.3006941206941207,0.19365405276968534,0.12073038087230989,1128
2,1,evaluate,1.9146506249904633,0.02871205906480722,0.23376286299565965,0.34261163032191067,0.039132648050042004,1219
2,2,evaluate,1.7404398449829646,0.45866364665911663,0.2911182007956201,0.22813184121371832,0.2203444339219156,1766
2,3,evaluate,2.1942628489600287,0.199764982373678,0.1025744077980336,0.14616268130371293,0.07757720965268135,1702
2,4,evaluate,2.3603674313601326,0.056291390728476824,0.11973822163395623,0.08129499594237388,0.05660609535194561,2114
2,5,evaluate,1.909575130000259,0.3014954172696575,0.2620022678869174,0.21165383600094448,0.17017708859817235,2073
3,0,evaluate,2.1868864753667046,0.06811731315042574,0.2619663780087709,0.22582490607807065,0.07956179209992244,2114
3,1,evaluate,1.783082765340805,0.2756357670221493,0.20521580826692973,0.3500890075656431,0.13442365248986315,1219
3,2,evaluate,1.8580677111943562,0.33865248226950356,0.27040849759820834,0.3103577511514659,0.21974065479324179,1128
3,3,evaluate,2.112710537733855,0.27497062279670975,0.09683927886459533,0.13478780323100098,0.09382503532954119,1702
3,4,evaluate,1.8083573254671963,0.41389290882778584,0.21614349815138134,0.2895496137668403,0.23119663008887434,2073
3,5,evaluate,1.4838410062449319,0.515855039637599,0.31204559480293736,0.3408066595894917,0.25070094709643165,1766
4,0,evaluate,1.3727702115263258,0.6087202718006794,0.29869909737698197,0.3748581204225858,0.2699326074043907,1766
4,1,evaluate,2.078194582903827,0.22209165687426558,0.11687246963562754,0.14081940084745131,0.09634818146446053,1702
4,2,evaluate,1.8119481603304546,0.33067375886524825,0.26567885865971336,0.2859714784573769,0.22820772638086467,1128
4,3,evaluate,1.7194475260647861,0.41196333815726,0.23865451289123854,0.28028213808340835,0.24154202662909757,2073
4,4,evaluate,2.0586355013005875,0.11494796594134342,0.2514887926198777,0.24005293122833807,0.09966391185759282,2114
4,5,evaluate,1.7625471830368042,0.23625922887612796,0.20844593605661607,0.3406682984720368,0.13034809500438552,1219
5,0,evaluate,1.7041665977901883,0.35638297872340424,0.2403871598776576,0.2685514304390211,0.20956163473699335,1128
5,1,evaluate,1.9206871368266918,0.2984723854289072,0.19878190272327892,0.1576864243616652,0.11320286239252178,1702
5,2,evaluate,1.7902432322502135,0.31501230516817064,0.16781274845062596,0.2746889185580774,0.10643379128106831,1219
5,3,evaluate,1.6096171574159102,0.45296671490593343,0.23457074525815427,0.34592646310569314,0.2614875324233613,2073
5,4,evaluate,2.116226736237021,0.10312204351939451,0.25490370713439964,0.23215776908362803,0.08963690118151346,2114
5,5,evaluate,1.3494961048875536,0.5379388448471121,0.2607014908605215,0.2791161900043859,0.21315612813777546,1766
6,0,evaluate,1.7523060573471918,0.325354609929078,0.32651951200774476,0.2694316282986901,0.2150863371320389,1128
6,1,evaluate,1.346199895654406,0.5934314835787089,0.24648980964611128,0.3240244095352175,0.2179604034800378,1766
6,2,evaluate,2.0057504597832176,0.18306527909176915,0.22469528500681363,0.2610262443680165,0.11546410657092054,2114
6,3,evaluate,2.0285466467892683,0.2291421856639248,0.22122864420765617,0.18020319848343896,0.10952168107373557,1702
6,4,evaluate,1.54404918551445,0.4142739950779327,0.18876575866427675,0.34022763684913215,0.1567730067109457,1219
6,5,evaluate,1.568641099062833,0.44380125422093586,0.36202309069801475,0.3211128229889721,0.26410481627002513,2073
7,0,evaluate,1.4713283061981202,0.5471698113207547,0.17102766419626886,0.21276435246995992,0.14512697534872698,1219
7,1,evaluate,1.6762299140294392,0.36613475177304966,0.3217620557851685,0.2916979240648977,0.2350621517112863,1128
7,2,evaluate,1.815023492883753,0.28437132784958874,0.21855406624036727,0.18204925970572167,0.1316459077898544,1702
7,3,evaluate,1.308693834713527,0.5402038505096263,0.25685401484648696,0.2711784504721214,0.20378116788897457,1766
7,4,evaluate,1.5879889546018657,0.456825856246985,0.2836382433289228,0.33949545894891037,0.24796072607589098,2073
7,5,evaluate,1.937309559653787,0.20860927152317882,0.23700671025599238,0.27828373923129796,0.12640172418726991,2114
8,0,evaluate,1.4817334532737731,0.4971287940935193,0.19215493258900967,0.35523564753004006,0.16770952183369994,1219
8,1,evaluate,1.250738033226558,0.5656851642129105,0.2551407872636261,0.31490683358718197,0.2138799412931963,1766
8,2,evaluate,1.963522395666908,0.21333964049195836,0.2408460159182509,0.2822057797537002,0.13283676301694225,2114
8,3,evaluate,1.6303047405348883,0.36524822695035464,0.32721302369636246,0.27994426009923873,0.23591326634220405,1128
8,4,evaluate,1.8542522721820407,0.2790834312573443,0.2206744796199243,0.18849960590872922,0.1295826305653337,1702
8,5,evaluate,1.5070971431154194,0.4693680656054028,0.2972075490509226,0.3441445165045366,0.2553076192614657,2073
9,0,evaluate,1.6375419828626845,0.36613475177304966,0.31428674964759706,0.28102474647916875,0.24224044698413721,1128
9,1,evaluate,1.836342387339648,0.2753074739829707,0.2417721072950565,0.2535297960433584,0.15073787956905665,2114
9,2,evaluate,1.3146290838718415,0.6103363412633306,0.20590576979333367,0.2922016021361816,0.20026378774378775,1219
9,3,evaluate,1.3096333018371038,0.5464326160815403,0.25456608577762985,0.3054771099483843,0.2045253312379313,1766
9,4,evaluate,1.8089908052373815,0.2679200940070505,0.21617112050092735,0.17695468722875435,0.12359160743434047,1702
9,5,evaluate,1.5317928032441572,0.4548962855764592,0.3087234134788851,0.34771766188572145,0.2587893773538717,2073
10,0,evaluate,1.5976454946729872,0.40070921985815605,0.33802597396426337,0.30178507604079907,0.25874487201028445,1128
10,1,evaluate,1.456061553955078,0.5693191140278917,0.19351420910244438,0.2812937249666222,0.17149745965502752,1219
10,2,evaluate,1.7493626089657055,0.30558183538315986,0.2485782618070528,0.308954093265124,0.16844054638077346,2114
10,3,evaluate,1.6017397028027158,0.4370477568740955,0.29934745898175513,0.33385501799257444,0.24978284129459638,2073
10,4,evaluate,1.183277577161789,0.5634201585503964,0.26202031723833563,0.3109375609014664,0.21238320486609902,1766
10,5,evaluate,1.7190335944846824,0.3108108108108108,0.2087682892666189,0.18774986840307697,0.12963837297653277,1702
11,0,evaluate,1.344494092464447,0.5972108285479901,0.17568507648934695,0.22056608811749,0.15363189468735308,1219
11,1,evaluate,1.534420867760976,0.4148936170212766,0.34311774709195353,0.3114086354869439,0.26671741290929657,1128
11,2,evaluate,1.8570860799621134,0.25023651844843897,0.25527513554727743,0.3069991970787631,0.15513730318007146,2114
11,3,evaluate,1.484652786543875,0.477086348287506,0.3022421906809426,0.36494497382388075,0.26264980378839387,2073
11,4,evaluate,1.1342654036624091,0.594563986409966,0.25831635630644445,0.2855506917272302,0.21481426002441176,1766
11,5,evaluate,1.8294275999069214,0.28378378378378377,0.21567274749171678,0.1694163071245303,0.12770808021335425,1702
12,0,evaluate,1.6233220563994513,0.38563829787234044,0.3542800772345502,0.3110752863662573,0.25809825898593397,1128
12,1,evaluate,1.8686814974336063,0.29990539262062443,0.25063137968566734,0.3294857595608048,0.16978896668342483,2114
12,2,evaluate,1.2061087489128113,0.5934314835787089,0.261571787947793,0.3196378654762634,0.22340059614878105,1766
12,3,evaluate,1.7095372544394598,0.3078730904817861,0.2163779668849429,0.20482058810899084,0.1376911782723344,1702
12,4,evaluate,1.5192345200162944,0.46068499758803666,0.322102498661597,0.33416511158906276,0.26306077320653964,2073
12,5,evaluate,1.3110366940498352,0.5922887612797375,0.20149754344059176,0.2877736982643525,0.18525269819757356,1219
13,0,evaluate,1.5314028859138489,0.42641843971631205,0.37088271240299864,0.32431037798154916,0.28039077776513244,1128
13,1,evaluate,1.430543151768771,0.5137481910274964,0.3205220813242666,0.36363118834663205,0.2784758159123494,2073
13,2,evaluate,1.4576448619365692,0.5332239540607056,0.17630071866438848,0.33442923898531374,0.15255765001645782,1219
13,3,evaluate,1.7643845699451588,0.299647473560517,0.22018035388187135,0.2104119293903282,0.1382663945424701,1702
13,4,evaluate,1.0909615542207445,0.6206115515288788,0.26870385983172873,0.29475035046524967,0.22779369545283767,1766
13,5,evaluate,1.7998423926970537,0.2781456953642384,0.25003942384986083,0.29688015742626955,0.15891254002170402,2114
14,0,evaluate,1.7647287315792508,0.2802585193889542,0.21304507294002267,0.1905468671781642,0.12768003186102672,1702
14,1,evaluate,1.2396667897701263,0.6357670221493027,0.18310571158287875,0.24762883845126837,0.16908240388776996,1219
14,2,evaluate,1.1002835780382156,0.6211778029445073,0.2620099872372238,0.2895608166569811,0.22150030333103615,1766
14,3,evaluate,1.5472481316990323,0.4326241134751773,0.3568721792955732,0.3338207057776028,0.28445735787778254,1128
14,4,evaluate,1.5982785820960999,0.3680227057710501,0.26738194558766537,0.34629495327506177,0.19941859430510311,2114
14,5,evaluate,1.5131422967621775,0.46406174626145685,0.32220626460190477,0.3541282167606754,0.2642246462308972,2073
15,0,evaluate,1.5097415182325575,0.43882978723404253,0.37472988763368686,0.34974737958805296,0.2858450951573434,1128
15,1,evaluate,1.3266646683216095,0.5709598031173093,0.18909857978279032,0.23519092122830446,0.16650746067835134,1219
15,2,evaluate,1.3998969504327485,0.49782923299565845,0.3212957037975577,0.36772445310553287,0.27806118844279554,2073
15,3,evaluate,1.0421413566384996,0.6551528878822197,0.268204481954126,0.304081423933887,0.23853520092502922,1766
15,4,evaluate,1.867889050175162,0.27057710501419113,0.26488547080880787,0.31678938401904044,0.16929178774616277,2114
15,5,evaluate,1.737806377587495,0.3072855464159812,0.22220116592180617,0.22856548085886716,0.14482625348288308,1702
16,0,evaluate,1.6988200346628826,0.3108108108108108,0.22171651253817007,0.18656567933391216,0.140462096218036,1702
16,1,evaluate,1.4589331077806877,0.4833574529667149,0.3334342726588305,0.3807158448734581,0.27984538482712834,2073
16,2,evaluate,1.1246774911880493,0.6595570139458573,0.19675835586006676,0.271237650200267,0.18940191194172795,1219
16,3,evaluate,1.1693920195102692,0.5922989807474519,0.27082613066924993,0.31553567669368665,0.22266340683638114,1766
16,4,evaluate,1.5272096594174702,0.44060283687943264,0.36353140660391375,0.3397260743801856,0.29110667611606256,1128
16,5,evaluate,1.6900573513087105,0.35383159886471144,0.2617046318870656,0.3413623639446424,0.1877443754008663,2114
17,0,evaluate,1.4983383019765217,0.4521276595744681,0.3721503376409193,0.3451303256044092,0.29472814766109295,1128
17,1,evaluate,1.7759493015430592,0.28554641598119856,0.22238852314087346,0.20650138099216112,0.1344427290989143,1702
17,2,evaluate,1.34245063662529,0.5709598031173093,0.18679691549201388,0.23620427236315092,0.16507555871066493,1219
17,3,evaluate,1.4535082723155166,0.4886637723106609,0.32109094357564566,0.3684416066318958,0.27300767983028074,2073
17,4,evaluate,1.6421205822159262,0.3330179754020814,0.2789675175707995,0.3331365411871741,0.19897440117112683,2114
17,5,evaluate,0.9783606954983303,0.6862967157417894,0.2675910492923957,0.31175830341850186,0.23842498214245617,1766
18,0,evaluate,1.4563741948869493,0.46187943262411346,0.37091858461882976,0.35991459080317856,0.30699921588643675,1128
18,1,evaluate,1.3907892270521685,0.5108538350217077,0.3346805851109972,0.38795747444376893,0.29195647649790873,2073
18,2,evaluate,1.610913269660052,0.3836329233680227,0.2752375879645254,0.34153261273695273,0.20609712896185045,2114
18,3,evaluate,1.6570923769915546,0.3307873090481786,0.2256225062902514,0.2636963077254906,0.15654307207183377,1702
18,4,evaluate,1.0979568936995097,0.6177802944507361,0.27138139290107327,0.2927239541407338,0.22963955930570243,1766
18,5,evaluate,1.3189827799797058,0.5890073831009024,0.18863325665581515,0.25983978638184246,0.17310288974835653,1219
19,0,evaluate,1.59607631669325,0.3826868495742668,0.27227793533029543,0.35644017758303476,0.20958507250254493,2114
19,1,evaluate,1.2859330952167511,0.5914684167350287,0.19182775119617224,0.26002136181575436,0.17866471066369355,1219
19,2,evaluate,0.9881326492343631,0.6981879954699887,0.2733861896356843,0.31167641943957297,0.24340329190843946,1766
19,3,evaluate,1.4044165286150845,0.5060299083453932,0.3361778974008951,0.3814098150906608,0.28916169112064044,2073
19,4,evaluate,1.4798940353923373,0.45567375886524825,0.3790550412815322,0.35873089041995404,0.3087397931620803,1128
19,5,evaluate,1.7234135645407218,0.30434782608695654,0.22637977633559375,0.23649381835087008,0.1506447893849978,1702
20,0,evaluate,1.4207313656806946,0.4796099290780142,0.37947115658481934,0.36424258834813245,0.3158677685114449,1128
20,1,evaluate,1.3149982750415803,0.5898277276456112,0.20366184718784006,0.26215220293724967,0.1851121722015693,1219
20,2,evaluate,1.049017248409135,0.6494903737259343,0.27602021176814,0.33309674755459595,0.2397513120268143,1766
20,3,evaluate,1.7204730615896338,0.33491012298959316,0.27807838594474493,0.341033185083818,0.19597730062424595,2114
20,4,evaluate,1.6210460221325909,0.3437132784958872,0.22855586729762,0.21932635878765136,0.15825447922444852,1702
20,5,evaluate,1.3561143152641528,0.5369030390738061,0.3400848361598223,0.38992955467842655,0.30232303489501283,2073
21,0,evaluate,1.4291084872351751,0.4778368794326241,0.3778293325126868,0.35680614326131704,0.3186291116020853,1128
21,1,evaluate,1.2057702004909516,0.623461853978671,0.2038048271768615,0.3985215843346684,0.19991435305964753,1219
21,2,evaluate,1.3765653480182996,0.5238784370477568,0.3456443689215461,0.37715072742734457,0.29873258024607197,2073
21,3,evaluate,1.6340734047048233,0.38930936613055817,0.27471992440118936,0.3583859494203075,0.2094153422382344,2114
21,4,evaluate,1.1078730481011527,0.6223103057757644,0.26709618058710066,0.32504940641687546,0.2276041984043217,1766
21,5,evaluate,1.6589646780932392,0.33137485311398357,0.22262886351121644,0.21462047699824466,0.1503888709947239,1702
22,0,evaluate,1.3823771741655138,0.4858156028368794,0.37038592613060695,0.3622121113942757,0.31891488184749484,1128
22,1,evaluate,1.7111484077241685,0.3237367802585194,0.22280164832919272,0.21264422241151254,0.14767304568326797,1702
22,2,evaluate,0.9926419002669198,0.6704416761041903,0.2717317060642978,0.3359126954968623,0.23738779582878147,1766
22,3,evaluate,1.5620727994862724,0.4063386944181646,0.28613042563055135,0.3751177992624647,0.2250842743762495,2114
22,4,evaluate,1.1778941392898559,0.6242821985233798,0.1984658466833392,0.3967805963506898,0.1915636744468086,1219
22,5,evaluate,1.3778721635991877,0.5113362276893392,0.33823484088896505,0.3740490981060094,0.29555161930200047,2073
23,0,evaluate,1.2427488446235657,0.6062346185397867,0.19083373144666887,0.2916250556297285,0.17232831279724506,1219
23,1,evaluate,1.414773338370853,0.48226950354609927,0.37689525061576434,0.3569885871040464,0.31631586705733483,1128
23,2,evaluate,1.5818485582576078,0.4044465468306528,0.2859953022840659,0.3651736918572362,0.22532024751822424,2114
23,3,evaluate,0.9698187325681958,0.6772366930917327,0.27687563657822717,0.30749577383164634,0.24434547525767814,1766
23,4,evaluate,1.408735119935238,0.49589966232513266,0.3306122773723843,0.3716499970306589,0.2893648704968261,2073
23,5,evaluate,1.6239008550290708,0.3607520564042303,0.22049486884952704,0.2523526070363205,0.15535629968758186,1702
24,0,evaluate,1.410812218983968,0.48138297872340424,0.37424813121854095,0.37101837459338644,0.3225029248356496,1128
24,1,evaluate,0.9711293769734246,0.6913929784824462,0.27322681427687645,0.34014651402514773,0.24162558398581863,1766
24,2,evaluate,1.2046401023864746,0.6292042657916325,0.20398010143352482,0.4497291944815309,0.20394477675023587,1219
24,3,evaluate,1.3924019481196548,0.5151953690303908,0.341587244145508,0.3729061017816659,0.2977203413306951,2073
24,4,evaluate,1.6705734420705725,0.32667450058754405,0.22611309480107442,0.24635874005511074,0.15418163413186048,1702
24,5,evaluate,1.5215308806475472,0.42762535477767266,0.2806993347377398,0.3734391955730111,0.22621631172496098,2114
25,0,evaluate,1.3956167697906494,0.4804964539007092,0.38148166705887016,0.3514420474215218,0.3200506956818162,1128
25,1,evaluate,0.9392832347324916,0.6981879954699887,0.2739681398453434,0.31186858434699855,0.24459869768473763,1766
25,2,evaluate,1.6178482550161857,0.3519388954171563,0.2291200759650364,0.2684747852753049,0.16479765524691098,1702
25,3,evaluate,1.2475788235664367,0.6021328958162429,0.19565064273643923,0.3464975522919448,0.19072481132687377,1219
25,4,evaluate,1.5659317724844988,0.412961210974456,0.2913187455529903,0.372810652326023,0.23051403169815482,2114
25,5,evaluate,1.3464739936770815,0.5253256150506512,0.33782458664153137,0.38070640114430854,0.304112543562288,2073
26,0,evaluate,1.423865834871928,0.45656028368794327,0.37926429298215175,0.3436143329809068,0.31119770103746286,1128
26,1,evaluate,1.1799197226762772,0.6078753076292043,0.20885225749721265,0.4444962171784602,0.2096266379820615,1219
26,2,evaluate,1.3418279452757402,0.5209840810419681,0.3495606161596213,0.3662323112473539,0.29848627560114843,2073
26,3,evaluate,1.629900567671832,0.40586565752128667,0.27760018315961577,0.37617113290892673,0.22232944007714375,2114
26,4,evaluate,1.7813608558089644,0.2802585193889542,0.21993912373654312,0.22457531008760512,0.1400290782485367,1702
26,5,evaluate,0.943764614207404,0.7032842582106456,0.26302135734770365,0.34621030106263445,0.2415028023624406,1766
27,0,evaluate,1.0190039277076721,0.6477916194790487,0.2692231398683578,0.3337711564098672,0.23573767067926948,1766
27,1,evaluate,1.4102705981996324,0.48315602836879434,0.38164558167670354,0.3760452229067473,0.3245997207225198,1128
27,2,evaluate,1.5656020508872137,0.3654524089306698,0.22311936242386862,0.256940945280132,0.1607624722128739,1702
27,3,evaluate,1.3721186175490871,0.5171249397009166,0.3489722862272495,0.37967777241051515,0.3024103558934825,2073
27,4,evaluate,1.185269770026207,0.6119770303527482,0.20589113116124946,0.4438980863373387,0.20393492626014767,1219
27,5,evaluate,1.552041439449086,0.41911069063386946,0.288516537396512,0.3715798309505362,0.22937640738997983,2114
28,0,evaluate,1.4319236410988703,0.4627659574468085,0.3862438893981787,0.3610436586181794,0.3148072589344456,1128
28,1,evaluate,0.8726074397563934,0.7225368063420159,0.2702841470097749,0.35035052445670767,0.2498598316199304,1766
28,2,evaluate,1.6284249711919714,0.3525264394829612,0.224078722206586,0.2475210292004661,0.15846090971220286,1702
28,3,evaluate,1.208966726064682,0.6218211648892535,0.2016763213089011,0.3444034267912773,0.1957770780353742,1219
28,4,evaluate,1.4176157785184456,0.49155812831644957,0.34295066861220647,0.35861945485754615,0.28794901659009,2073
28,5,evaluate,1.4769074040300705,0.44181646168401134,0.294153667035162,0.382412629060007,0.24161789479145118,2114
29,0,evaluate,1.0128078481980733,0.6472253680634201,0.27200527576394123,0.33169767925923427,0.23342062333969285,1766
29,1,evaluate,1.3429624835650127,0.5070921985815603,0.3873212639159621,0.3806309778245499,0.3340338864571863,1128
29,2,evaluate,1.2578934013843537,0.5988515176374077,0.2002116308399203,0.4442245215843347,0.19746366880375557,1219
29,3,evaluate,1.5517346064249675,0.3701527614571093,0.23188800646877908,0.2712282562467937,0.17131632740646352,1702
29,4,evaluate,1.5283707906218136,0.40681173131504256,0.3076650781343317,0.36311139962134537,0.23407039250758643,2114
29,5,evaluate,1.3377374519001355,0.5364206464061746,0.34310101387675357,0.39141700069202995,0.3102919150160573,2073
30,0,evaluate,1.1801973223686217,0.6037735849056604,0.21105179545210442,0.4476277258566979,0.21766487176743357,1219
30,1,evaluate,1.4205782214800518,0.4804964539007092,0.39759556268634616,0.36475374391592796,0.326686663422743,1128
30,2,evaluate,1.3148669546300715,0.5393150024119633,0.3487511217431673,0.3712617684375164,0.3029556435654049,2073
30,3,evaluate,0.8780408991234643,0.7321630804077011,0.2677299790828684,0.3529273070623782,0.24785278182821494,1766
30,4,evaluate,1.548972774954403,0.42431409649952695,0.29513401554786267,0.38897394858696843,0.23838637325901288,2114
30,5,evaluate,1.7705075829117387,0.26850763807285544,0.23265818705244387,0.23400233489497854,0.15017839284648268,1702
31,0,evaluate,1.0603717586823873,0.6285390713476784,0.2726762514114993,0.32859100473834674,0.23538019326266174,1766
31,1,evaluate,1.5939316749572754,0.4304635761589404,0.2886370597818616,0.3748317994502443,0.23100987861521588,2114
31,2,evaluate,1.3456564611858792,0.5106382978723404,0.39282542571251033,0.37401307280567775,0.337116574681431,1128
31,3,evaluate,1.1036627024412156,0.6242821985233798,0.2085755505140532,0.3439094348019581,0.2002444192961434,1219
31,4,evaluate,1.5305393890098289,0.39424206815511165,0.22554852710314893,0.2756404551872788,0.16958881055532113,1702
31,5,evaluate,1.3184159669009121,0.5277375783888085,0.35572705413623246,0.38033444219345947,0.31082986624875153,2073
32,0,evaluate,1.3672278457217746,0.4973404255319149,0.3905630960723664,0.35884471464714646,0.33276226748128634,1128
32,1,evaluate,1.6257528375696253,0.3390129259694477,0.229469188452969,0.26169791781855795,0.16089585851833893,1702
32,2,evaluate,0.8764367933784213,0.7191392978482446,0.2728632552796937,0.3477216944879367,0.24691210486415124,1766
32,3,evaluate,1.4358179411467384,0.45931882686849573,0.2988452033381733,0.3868817658076248,0.24926984547944403,2114
32,4,evaluate,1.2052090644836426,0.6086956521739131,0.2037852875331822,0.444444147752559,0.2033735154825796,1219
32,5,evaluate,1.3427505926652388,0.5258080077182827,0.3518396630523526,0.37405101185144646,0.30771062599146015,2073
33,0,evaluate,1.168914133310318,0.6218211648892535,0.20807965372763054,0.4461444147752559,0.20696487320131624,1219
33,1,evaluate,1.535183518021195,0.3789659224441833,0.23326833732803626,0.27362080813466666,0.17329550681423175,1702
33,2,evaluate,1.5724361433702356,0.4210028382213813,0.29708491494971884,0.3731530821946735,0.2350334151373449,2114
33,3,evaluate,1.2852923803859286,0.5292553191489362,0.39539511193433485,0.37926435964346916,0.3460510391025572,1128
33,4,evaluate,1.290374138138511,0.5533043897732755,0.3536344698677153,0.3977056248299772,0.3217906693236898,2073
33,5,evaluate,1.0052342521292823,0.6540203850509626,0.27465504761164644,0.33412363781551796,0.23741169597753178,1766
34,0,evaluate,1.3623149286616931,0.5200192957067052,0.3588187155054839,0.36557196754255084,0.3022475954783753,2073
34,1,evaluate,1.524300235159257,0.44087038789025546,0.2897860568774185,0.38483132614416526,0.2393657840819813,2114
34,2,evaluate,0.9227086092744555,0.702718006795017,0.26452287943413566,0.3446147245550113,0.24048102903293594,1766
34,3,evaluate,1.1680406302213668,0.6086956521739131,0.2201014514141051,0.3457432131731197,0.2190395833254341,1219
34,4,evaluate,1.43036949634552,0.4725177304964539,0.3969121877569311,0.35567141554018045,0.32462716744124054,1128
34,5,evaluate,1.6439448330137465,0.32608695652173914,0.22737521896268645,0.23247287725677923,0.15732265232777692,1702
35,0,evaluate,1.2852045363850064,0.5372340425531915,0.3915362209582255,0.3879902272764814,0.35139655476041015,1128
35,1,evaluate,1.10309938788414,0.6472518457752255,0.20370836091473676,0.4502725856697819,0.20318189189497557,1219
35,2,evaluate,0.9935439484460014,0.6574178935447339,0.27230510191275076,0.3305701108307439,0.23415693104709995,1766
35,3,evaluate,1.3014133771260579,0.5397973950795948,0.35211283183028097,0.38622904395175833,0.3183856451677297,2073
35,4,evaluate,1.6011160877015855,0.34665099882491185,0.22819248382654198,0.24593834992847477,0.15835413710246854,1702
35,5,evaluate,1.4679034825633555,0.467360454115421,0.29347717396903944,0.3953058468827003,0.24435798543163828,2114
36,0,evaluate,1.361774245897929,0.50177304964539,0.3993507961978358,0.3613849533791852,0.33786375865773455,1128
36,1,evaluate,1.5743704460285328,0.3689776733254994,0.23107604015177832,0.2718688552874226,0.17117340352282243,1702
36,2,evaluate,1.2360957860946655,0.593929450369155,0.1972650711833524,0.4421724521584335,0.1917864432245933,1219
36,3,evaluate,0.8769240038735526,0.7044167610419027,0.2712007007696412,0.3445757152084362,0.2444257350347343,1766
36,4,evaluate,1.467277418164646,0.4555345316934721,0.301819616906729,0.39233936680591286,0.2515995657874007,2114
36,5,evaluate,1.3315851832881118,0.5340086830680174,0.3533008651325097,0.38006116893673303,0.3123089414219363,2073
37,0,evaluate,1.3445172996232004,0.5344910757356488,0.35030551717127023,0.3851827461078673,0.3141829253087809,2073
37,1,evaluate,1.3170824779404535,0.5186170212765957,0.39240574424879915,0.3689626814376622,0.34232963632754354,1128
37,2,evaluate,1.5944323628037065,0.372502937720329,0.22802159936553043,0.27079518315116574,0.16483481501299094,1702
37,3,evaluate,1.2814934253692627,0.5758818703855619,0.19457436874418088,0.43723787271918113,0.18254799496475843,1219
37,4,evaluate,0.9072107246943882,0.6908267270668177,0.27270289202592346,0.34158288338776827,0.24259342982951218,1766
37,5,evaluate,1.3575064189293806,0.49526963103122046,0.30839849847044337,0.39361311978671837,0.2658487875743457,2114
38,0,evaluate,1.3993915186987982,0.49024822695035464,0.39940232789288704,0.37252802967621956,0.3305526073518585,1128
38,1,evaluate,0.8876522013119289,0.7021517553793885,0.2669836858232936,0.34659461467344993,0.24478179958206833,1766
38,2,evaluate,1.3420577410495642,0.5253256150506512,0.3570015697645241,0.373564676126518,0.30802457210309425,2073
38,3,evaluate,1.599342116603145,0.3501762632197415,0.2280098721435503,0.26936435477605897,0.162677660277866,1702
38,4,evaluate,1.1911023050546645,0.6045939294503692,0.20811783348481355,0.3433012906097018,0.20206260649967062,1219
38,5,evaluate,1.535887921557707,0.4295175023651845,0.29621068616893675,0.38176916422124385,0.2404323686774466,2114
39,0,evaluate,1.0280894309282302,0.6702214930270713,0.21012038685097306,0.3548426791277258,0.2118266704419792,1219
39,1,evaluate,1.3059065805541143,0.5345744680851063,0.3977276883080795,0.3794408286507389,0.35028910790553536,1128
39,2,evaluate,1.5909481710857816,0.3554641598119859,0.23488537278714205,0.25013647120980487,0.16715831357592625,1702
39,3,evaluate,0.958921098283359,0.6727066817667045,0.2684915199229715,0.3328844940053606,0.23324128550710324,1766
39,4,evaluate,1.316646391695196,0.5364206464061746,0.35483995513861954,0.3854555020257845,0.31569160697375725,2073
39,5,evaluate,1.525079187224893,0.4370860927152318,0.3004897410506619,0.3886530402298937,0.24027545692353441,2114
40,0,evaluate,1.3349937915802002,0.5529122231337161,0.20022117259010566,0.4322779261237205,0.1821504186550256,1219
40,1,evaluate,1.3590437637435064,0.5053191489361702,0.40306667309006594,0.3622297066484769,0.3382851803993293,1128
40,2,evaluate,0.9156745693513325,0.6868629671574179,0.27229544219507307,0.3430360189416204,0.24702750619108568,1766
40,3,evaluate,1.3204955765695283,0.5383502170767004,0.3581751166467633,0.38339839506603673,0.31664709431656884,2073
40,4,evaluate,1.4960936926029347,0.41656874265569915,0.2264534096766419,0.2736959296922682,0.17137881278136877,1702
40,5,evaluate,1.4640933310284334,0.46121097445600756,0.3026143712185933,0.3723929320276517,0.25185419978554396,2114
41,0,evaluate,1.137268528342247,0.6267432321575062,0.20066226431583317,0.3449354695149088,0.19374380053533147,1219
41,1,evaluate,1.347818308406406,0.5150709219858156,0.40071486559307906,0.3693156793207395,0.3430039723242988,1128
41,2,evaluate,0.848534916128431,0.7225368063420159,0.26978427805103095,0.347631228602337,0.2463482341346861,1766
41,3,evaluate,1.589913465358593,0.3607520564042303,0.23142796374560626,0.2690287111518402,0.16814465179576743,1702
41,4,evaluate,1.4861121317919563,0.4555345316934721,0.30356413725399073,0.3945988862806223,0.25434912610407767,2114
41,5,evaluate,1.334157867865129,0.5291847563917028,0.3526549017927659,0.3784001241204985,0.31076666865904434,2073
42,0,evaluate,1.232907596230507,0.5857260049220673,0.19701135533258946,0.43576858032932797,0.18021536633687005,1219
42,1,evaluate,1.3212500876850553,0.524822695035461,0.3955409456270843,0.3713211959636453,0.3481240058698626,1128
42,2,evaluate,1.3680731584044064,0.49952696310312206,0.31120593271548685,0.3992347842763756,0.26981178788947446,2114
42,3,evaluate,1.4974382409343012,0.43419506462984725,0.23374959772101506,0.283967572109457,0.18336075065772336,1702
42,4,evaluate,1.371806314497283,0.5195369030390738,0.3475995598186523,0.37919029486679495,0.3092939746956082,2073
42,5,evaluate,0.9056158278669629,0.6919592298980748,0.27475015498336514,0.34027306692178305,0.2427379302175165,1766
43,0,evaluate,1.1774060338735581,0.6004922067268252,0.20433867071400794,0.44040476190476197,0.19528986008997287,1219
43,1,evaluate,1.3627100123299494,0.5141843971631206,0.40475363810214704,0.37092829892158674,0.34273609917902614,1128
43,2,evaluate,1.5945234254554466,0.3795534665099882,0.22970549377279886,0.2629754359303942,0.16787957092171163,1702
43,3,evaluate,1.481536493581884,0.44938505203405865,0.30058255405062895,0.38443161676796395,0.2505657974091514,2114
43,4,evaluate,1.334438757462935,0.5291847563917028,0.35586977436603906,0.37864105962008354,0.3109886414952065,2073
43,5,evaluate,0.8835763654538563,0.7004530011325029,0.2723386849718238,0.34622101566971397,0.2465162668535871,1766
44,0,evaluate,1.3034321394833652,0.5475156777616981,0.35204300223272644,0.38495914707054607,0.31977262324639744,2073
44,1,evaluate,1.1296281516551971,0.6316652994257588,0.19638982143725978,0.3469875389408099,0.18970880268974238,1219
44,2,evaluate,1.5955217017067804,0.3683901292596945,0.2343085743936102,0.2550747126552141,0.17114032049744005,1702
44,3,evaluate,1.2878838512632582,0.5416666666666666,0.4031172070732049,0.3788098098028595,0.35616960965803435,1128
44,4,evaluate,0.8813392477376121,0.7021517553793885,0.2722009206689405,0.340724907735778,0.24218323441370804,1766
44,5,evaluate,1.4648516388500439,0.46688741721854304,0.3006131855668923,0.3921065588045697,0.25369200722346114,2114
45,0,evaluate,1.3575266816399314,0.5214664737095996,0.36271154631688035,0.367949353653014,0.30839228577430944,2073
45,1,evaluate,1.3853901227315266,0.5106382978723404,0.3988123728721594,0.3850956734791958,0.3437642148590293,1128
45,2,evaluate,1.1174382358789443,0.6136177194421657,0.22115303637794986,0.44159835336003567,0.21616431195910066,1219
45,3,evaluate,1.631193165425901,0.37485311398354876,0.22251752466697522,0.2315864402919791,0.15923082310297873,1702
45,4,evaluate,1.4608338860904468,0.4806054872280038,0.29982421574386137,0.3825319547272531,0.25144568860449434,2114
45,5,evaluate,1.0144671499729156,0.6562853907134768,0.26394727160285186,0.33446427095481296,0.23206398793429622,1766
46,0,evaluate,1.6137499367749248,0.3701527614571093,0.22699523098687507,0.21847710015854888,0.16116235791873296,1702
46,1,evaluate,1.3385530890840474,0.5335262904003859,0.35727610015742495,0.38024146355251154,0.3154227050649187,2073
46,2,evaluate,0.9858836680650711,0.6664779161947905,0.2663442625031602,0.3330223604351691,0.23271885121635436,1766
46,3,evaluate,1.3195310235023499,0.5363475177304965,0.4000082483514274,0.39246276315722495,0.3552606650668603,1128
46,4,evaluate,1.4612560061847462,0.46594134342478716,0.3056042848854408,0.38695704832775357,0.25048730275915454,2114
46,5,evaluate,1.0376720070838927,0.6538146021328958,0.20627141006594973,0.45019381397418784,0.20770589131826625,1219
47,0,evaluate,1.5455912395759865,0.42244418331374856,0.2266012159997449,0.2559559239113708,0.17550486774225982,1702
47,1,evaluate,1.3706296610109734,0.502653159671973,0.3549055378189491,0.36741624570389403,0.30453349503779964,2073
47,2,evaluate,0.8599643260240555,0.7072480181200453,0.26764147388992454,0.34571935430108147,0.2436406959488937,1766
47,3,evaluate,1.3438053727149963,0.5310283687943262,0.40095342125676925,0.3802600642691726,0.35193996381230097,1128
47,4,evaluate,1.4702955449328703,0.46877956480605487,0.30832532532837575,0.3861441598331291,0.26072584238998175,2114
47,5,evaluate,1.220660337805748,0.5816242821985234,0.2037367875214557,0.3329368046283934,0.1831646248853583,1219
48,0,evaluate,1.315723134411706,0.5372340425531915,0.40534787837466124,0.3926099980799942,0.3581058089758084,1128
48,1,evaluate,1.600329871530886,0.3789659224441833,0.22556090236233514,0.2475055325755151,0.16302110673582668,1702
48,2,evaluate,0.9824271202087402,0.6562853907134768,0.2714484991159621,0.33122804080480356,0.23618626595935188,1766
48,3,evaluate,1.191107776761055,0.605414273995078,0.1948878790990799,0.34476924788607033,0.1853429793039988,1219
48,4,evaluate,1.29250481634429,0.557163531114327,0.3590406268568129,0.38919884626302814,0.32370303118792,2073
48,5,evaluate,1.407319931422963,0.5014191106906338,0.31052853578255796,0.40098627192659747,0.2669754620156731,2114
49,0,evaluate,1.4035029345088534,0.500886524822695,0.3987840362002757,0.3745039125080595,0.33847907290289914,1128
49,1,evaluate,1.259903672337532,0.5701394585726005,0.197149239259917,0.43405562972852696,0.18003976534105165,1219
49,2,evaluate,1.399393045541012,0.5127834056922335,0.3527503559456901,0.3703465838393968,0.30491402065047984,2073
49,3,evaluate,0.7773477903434208,0.7491506228765572,0.2680771162714234,0.355478317149054,0.25049510855807217,1766
49,4,evaluate,1.420951229684493,0.47729422894985807,0.31724262475784426,0.40743481749177957,0.27290562859787937,2114
49,5,evaluate,1.6746998407222606,0.372502937720329,0.2292591931404273,0.25974434446484546,0.165262512547963,1702
50,0,evaluate,1.0039361672742027,0.6551528878822197,0.26823864155373306,0.33256040394018827,0.2345536694703907,1766
50,1,evaluate,1.2461368173360825,0.5767022149302707,0.1919038035607803,0.33831597685803294,0.17867697728442025,1219
50,2,evaluate,1.5453738415682758,0.4007050528789659,0.22723888968388298,0.26705105452717137,0.17143117541062272,1702
50,3,evaluate,1.350545671251085,0.5336879432624113,0.4103803559284345,0.3897362323686475,0.35790408931076645,1128
50,4,evaluate,1.3308990615786929,0.548480463096961,0.36092840869247944,0.38627023718198716,0.3229420091717582,2073
50,5,evaluate,1.3832063709988314,0.5014191106906338,0.3193189783882969,0.3851577683838082,0.26844592118693517,2114
51,0,evaluate,1.3195550839106243,0.524822695035461,0.4021636490711756,0.38965406294931915,0.3506960687279374,1128
51,1,evaluate,1.5801277822918363,0.40481786133960046,0.21993107161877862,0.23893318446792572,0.16310707566973853,1702
51,2,evaluate,0.8960989202771869,0.695356738391846,0.2679925631106719,0.34354537598081003,0.24285471214845605,1766
51,3,evaluate,1.1954876512289048,0.5824446267432322,0.2049459105117673,0.33372919448153093,0.1843885365720641,1219
51,4,evaluate,1.3504943919904304,0.5180897250361794,0.35939953061281804,0.37179803705125447,0.31005832122024046,2073
51,5,evaluate,1.4842589707935558,0.46972563859981076,0.3079360474111909,0.3987481099370792,0.26275437334426965,2114
52,0,evaluate,1.3348744023929944,0.5455861070911722,0.3585433575666777,0.3768785097662751,0.31895237481810224,2073
52,1,evaluate,0.9477759514536176,0.6704416761041903,0.2708420039370224,0.33387962435604696,0.23695811347779588,1766
52,2,evaluate,1.1840941250324248,0.593929450369155,0.1954969879534632,0.3417825990209168,0.18585423052631272,1219
52,3,evaluate,1.3717069692081876,0.523936170212766,0.4088257737239401,0.38378463905994586,0.3559437274866598,1128
52,4,evaluate,1.3747421608251684,0.511352885525071,0.31252910631942205,0.399261913395729,0.2701525473715566,2114
52,5,evaluate,1.6250971555709839,0.36780258519388953,0.22698117483148678,0.2412117569062077,0.1618679393294537,1702
53,0,evaluate,0.8990400582551956,0.6970554926387316,0.26920891874660136,0.3444584559495841,0.2434050446058374,1766
53,1,evaluate,1.2907306045293807,0.5619360131255127,0.1991616721421454,0.33266644414775254,0.17703508729073025,1219
53,2,evaluate,1.589969105190701,0.4118683901292597,0.22148204415867329,0.22085086747523808,0.16217729493749283,1702
53,3,evaluate,1.3847809560371167,0.5209840810419681,0.35244272374624386,0.37838504323503486,0.3101147025066846,2073
53,4,evaluate,1.3549532228045993,0.523936170212766,0.4008566717341592,0.38765513687590636,0.350056217795849,1128
53,5,evaluate,1.4378539113437427,0.48628192999053926,0.3167196267761789,0.38261037208234316,0.2686944915282739,2114
54,0,evaluate,1.4048416945669386,0.5132978723404256,0.40666751116585437,0.37232891747608254,0.3507799191151494,1128
54,1,evaluate,1.332115278524511,0.5260170293282876,0.3000550118289554,0.4079387708718631,0.26549059842770106,2114
54,2,evaluate,0.9811837524175644,0.644960362400906,0.27303010423527213,0.32198289671496455,0.22984997896259146,1766
54,3,evaluate,1.4141084425377124,0.518572117703811,0.35619823814647866,0.3695866340467711,0.31046091057964076,2073
54,4,evaluate,1.069315215945244,0.6447908121410992,0.1935594088831499,0.3493633733867379,0.18622386574549393,1219
54,5,evaluate,1.5571992838824238,0.39482961222091656,0.23007790404279613,0.23338815985957478,0.16845710308187353,1702
55,0,evaluate,1.3061535557111104,0.5523049645390071,0.40480364449329614,0.3978296483356291,0.36198858091971536,1128
55,1,evaluate,1.582708271110759,0.4427625354777673,0.30095016469689523,0.37940311670148924,0.24488126323449855,2114
55,2,evaluate,1.1180088132619859,0.6177194421657096,0.2171276078735856,0.3426370716510903,0.20721217753290166,1219
55,3,evaluate,1.3260962457367869,0.5441389290882779,0.36075285742507146,0.3841112619250677,0.32171168805774225,2073
55,4,evaluate,0.955059460231236,0.6851642129105323,0.26499454658295846,0.33970417376200884,0.2370345126419234,1766
55,5,evaluate,1.6844538185331557,0.37485311398354876,0.21643116192318318,0.20074716593693784,0.1499149383856654,1702
56,0,evaluate,1.1155787259340286,0.6259228876127974,0.2063393901420217,0.3416097018246551,0.196896740254423,1219
56,1,evaluate,1.3633600208494399,0.5230496453900709,0.39811072577356954,0.3867028412517676,0.35309239289296934,1128
56,2,evaluate,1.4164833119421294,0.5002411963338157,0.36124957944295255,0.36066517985329616,0.3079383569726245,2073
56,3,evaluate,0.9969150998762676,0.6494903737259343,0.2693348842599683,0.326879396739202,0.2306247902325173,1766
56,4,evaluate,1.3121963984826033,0.5302743614001892,0.2996962730878637,0.40981621186594064,0.266579009282466,2114
56,5,evaluate,1.5808656259819314,0.41421856639247945,0.22373791621911918,0.22637290565641105,0.16567486959833713,1702
57,0,evaluate,1.6218178978672735,0.390716803760282,0.2206756120939382,0.21389248400612298,0.15973012216228244,1702
57,1,evaluate,1.3162312904993694,0.5547515677761699,0.3596733006870334,0.3887754712834105,0.3235325139054105,2073
57,2,evaluate,1.2000922560691833,0.5865463494667761,0.1963056048010652,0.3397178460169114,0.18155406566958912,1219
57,3,evaluate,1.574569400619058,0.45411542100283825,0.3073970086273699,0.3823767636498197,0.25377980298625913,2114
57,4,evaluate,1.352503968609704,0.5301418439716312,0.40423482747498884,0.3817385300368904,0.35198298745194745,1128
57,5,evaluate,0.9282784334250859,0.6800679501698754,0.2693246347669763,0.33849957757948274,0.23981104651125226,1766
58,0,evaluate,1.1965338706970214,0.5914684167350287,0.19431421293180917,0.30551335113484646,0.18151198257080609,1219
58,1,evaluate,1.4483201959553886,0.49952696310312206,0.3085877955324167,0.4039833244561996,0.2670312727512351,2114
58,2,evaluate,1.4283055392178623,0.5190545103714423,0.3622555824676034,0.36941220413475134,0.3112529751902423,2073
58,3,evaluate,1.4568128652042813,0.5106382978723404,0.40378982312942285,0.3761350758928623,0.34765298368481884,1128
58,4,evaluate,1.619694259431627,0.39482961222091656,0.22418105038329897,0.23903915435762518,0.16410862825366737,1702
58,5,evaluate,0.9449436983891896,0.6919592298980748,0.26904012907643204,0.3402485003569936,0.24030258797608434,1766
59,0,evaluate,1.427686207222216,0.5301495417269657,0.36223571629832757,0.37178574081590965,0.3150371450313,2073
59,1,evaluate,1.079594959105764,0.644960362400906,0.2713859541662149,0.3263408344183493,0.23156718127873085,1766
59,2,evaluate,1.3712296696270214,0.5316934720908231,0.307591434102001,0.41218730004173043,0.27048967583857736,2114
59,3,evaluate,1.6544751900213737,0.37602820211515864,0.22121675392688625,0.18668113183572568,0.15356555493360263,1702
59,4,evaluate,1.1516440331935882,0.6127973748974569,0.19094389640556889,0.3476784601691144,0.18667141967767747,1219
59,5,evaluate,1.4449331627951727,0.524822695035461,0.40962801707799457,0.385918380778976,0.3579014840794758,1128
60,0,evaluate,1.417071865664588,0.5363475177304965,0.40707875850849706,0.3776879268814447,0.3541632621118779,1128
60,1,evaluate,1.6492181795614738,0.4112808460634548,0.21579865761221292,0.2081721007953965,0.15614534521794948,1702
60,2,evaluate,1.4659630818800493,0.5050651230101303,0.3601436944344177,0.367759012256338,0.3060130519671789,2073
60,3,evaluate,0.8240148020642144,0.7225368063420159,0.27009092429927156,0.350932751045045,0.25095009432560894,1766
60,4,evaluate,1.59509737701977,0.4498580889309366,0.30517292290226,0.37876494125589966,0.2555907698328179,2114
60,5,evaluate,1.3022215753793716,0.5578342904019689,0.207431202210614,0.32600222518914107,0.17925047599029434,1219
61,0,evaluate,1.0680318474769592,0.6538146021328958,0.2011987801675244,0.35216844681797954,0.19995985713365794,1219
61,1,evaluate,1.3954657051298354,0.5336879432624113,0.40684849784830907,0.3874376540546208,0.3593591249389149,1128
61,2,evaluate,1.7068622774548001,0.35663924794359575,0.21980379502639774,0.18027716921423953,0.14887667592712994,1702
61,3,evaluate,1.4345980812521542,0.5127719962157048,0.3023357697488615,0.40739910146058433,0.2624239543883108,2114
61,4,evaluate,1.015649018543107,0.6664779161947905,0.26971531384936837,0.32870312856430356,0.23208794866467777,1766
61,5,evaluate,1.4186258424412121,0.5287023637240714,0.3642373380068245,0.3720316241969258,0.3175957058890805,2073
62,0,evaluate,1.3296759217977523,0.5537325676784249,0.19671415645363083,0.3313293279928794,0.1765699077052144,1219
62,1,evaluate,1.3628471692403157,0.5434397163120568,0.4005014781494669,0.38303900299932947,0.3571046282091455,1128
62,2,evaluate,1.6507513346495453,0.41656874265569915,0.21785811653776177,0.2095729541468511,0.16035743886739823,1702
62,3,evaluate,1.3791172829541294,0.5436565364206464,0.35818382515272235,0.36609121652578114,0.3194275873103213,2073
62,4,evaluate,1.5634218243991627,0.47303689687795647,0.3069475276404405,0.38201096184007577,0.25792627232626125,2114
62,5,evaluate,1.010653025337628,0.6636466591166478,0.2698250291421017,0.3358748759004567,0.2391588107965478,1766
63,0,evaluate,1.1529849141836166,0.6201804757998359,0.19578647209428185,0.3434942145082332,0.1823713862553908,1219
63,1,evaluate,1.7490722779874448,0.37309048178613397,0.21831833816413102,0.18544307075139624,0.15145131761862002,1702
63,2,evaluate,0.9706164726189205,0.6749716874292185,0.271215008783273,0.33178672978462703,0.23511107240919746,1766
63,3,evaluate,1.3806293341848586,0.5336879432624113,0.4043866467309131,0.388402550320906,0.3602170173452485,1128
63,4,evaluate,1.3692760327283073,0.5406811731315042,0.30338686501544043,0.4118688459041081,0.2727744424440554,2114
63,5,evaluate,1.4626412825150923,0.507959479015919,0.35813013556975426,0.3627408819289983,0.3096749146033818,2073
64,0,evaluate,1.204062718153,0.5980311730926989,0.20508435588221707,0.3398333333333333,0.1920438028980857,1219
64,1,evaluate,1.5475340595951788,0.4418331374853114,0.2178556173224922,0.19675986402117618,0.16448618884102756,1702
64,2,evaluate,1.1428240154470717,0.6115515288788222,0.26548242237444786,0.32018240708633894,0.22471574832511837,1766
64,3,evaluate,1.412158348343589,0.5258080077182827,0.3574781432780226,0.3735271078393258,0.3127105964112585,2073
64,4,evaluate,1.5460257319843067,0.48297067171239355,0.30496232756454583,0.38311454024202674,0.25571101530559925,2114
64,5,evaluate,1.4252552655008104,0.5274822695035462,0.4068457433226394,0.376315146589874,0.35397887093742836,1128
65,0,evaluate,1.4423800044589572,0.526595744680851,0.3912022342408827,0.38136580415729604,0.3475700166962391,1128
65,1,evaluate,0.8861017993518284,0.7225368063420159,0.2674651825439073,0.34353074809907647,0.2399837320568617,1766
65,2,evaluate,1.928015077555621,0.32667450058754405,0.21852413939751575,0.15799849671728478,0.1370139153895868,1702
65,3,evaluate,1.4503845590002395,0.5056764427625354,0.3035786450724425,0.40561255188289547,0.2649476021838285,2114
65,4,evaluate,1.106191210448742,0.6333059885151764,0.20325455512606924,0.34333667111704497,0.1938442872942203,1219
65,5,evaluate,1.5304345109245994,0.502653159671973,0.35670922973819524,0.3636217226790518,0.30815499826330944,2073
66,0,evaluate,1.5581872463226318,0.46415981198589895,0.22333773705201118,0.2602105210143285,0.17817522571395214,1702
66,1,evaluate,1.1407944964511054,0.608154020385051,0.26646507664246644,0.32252234776485955,0.2279956237050798,1766
66,2,evaluate,1.4264355063438416,0.527481542247744,0.19197213883935277,0.3279287939474855,0.16744742880869126,1219
66,3,evaluate,1.4326781455208273,0.5132450331125827,0.32192759697436596,0.3813076231475869,0.27157445756091725,2114
66,4,evaluate,1.5100450581974454,0.5062056737588653,0.3931087958186608,0.365763492260859,0.3383161555962668,1128
66,5,evaluate,1.509888768196106,0.5156777616980222,0.3568058635878347,0.3729709431096695,0.30935953533760874,2073
67,0,evaluate,1.5026649634043376,0.5132978723404256,0.3983745944677881,0.3745200819692463,0.34560450566227974,1128
67,1,evaluate,1.503730423522718,0.5301495417269657,0.3603844589139129,0.37473469243442503,0.3164346391094032,2073
67,2,evaluate,1.8925120918839067,0.34488836662749706,0.2221592411925796,0.1816048413556058,0.14570065902989626,1702
67,3,evaluate,0.898551344871521,0.717440543601359,0.26784637766889896,0.3439422470961651,0.24161797784943495,1766
67,4,evaluate,1.2002746611833572,0.6021328958162429,0.20107689512110274,0.3414307966177125,0.19371296253805087,1219
67,5,evaluate,1.4532479345798492,0.510879848628193,0.3061433032529133,0.40176911434687207,0.26659092289913133,2114
68,0,evaluate,1.2036800652742385,0.6070549630844955,0.20052949173502538,0.3409494882064975,0.1870853106534221,1219
68,1,evaluate,1.4377240520535093,0.5258080077182827,0.3642572925446073,0.36722000899169543,0.31345103929808105,2073
68,2,evaluate,1.3852619065178766,0.5390070921985816,0.4026758113266715,0.3902944813806395,0.36001844241486536,1128
68,3,evaluate,1.6636034117804632,0.4212690951821387,0.2208167220165913,0.2096486728631269,0.1621630935952373,1702
68,4,evaluate,1.4529119028764612,0.5298013245033113,0.30376742494370623,0.394440642613337,0.26537745887818487,2114
68,5,evaluate,1.288664072751999,0.5679501698754247,0.2729960791729044,0.3076920047056021,0.21884022781612988,1766
69,0,evaluate,1.6296197242206998,0.4875886524822695,0.386747019201111,0.35935941203614624,0.3285124726311508,1128
69,1,evaluate,2.1160477267371283,0.31433607520564044,0.2185906295086276,0.1560608445535905,0.1332560769142256,1702
69,2,evaluate,1.6439538616122622,0.4857694163048722,0.35812223300180224,0.3441093563427676,0.2950918268965827,2073
69,3,evaluate,1.563264985294903,0.48722800378429515,0.2950433720493285,0.39523530936098744,0.25412987118143393,2114
69,4,evaluate,0.808789883341108,0.7548131370328426,0.2674620160305644,0.35161386463175887,0.2456735400564251,1766
69,5,evaluate,1.1630071595311164,0.6111566858080394,0.2116063412544505,0.3398446817979528,0.20356825255810973,1219
70,0,evaluate,1.2620870172977448,0.5824446267432322,0.19644205398208664,0.3364314641744548,0.1794680180658549,1219
70,1,evaluate,1.38227203157213,0.5567375886524822,0.40229219478444644,0.3860432750853596,0.3637822121658103,1128
70,2,evaluate,1.6142288481487947,0.4735099337748344,0.30289680092094295,0.3592855602683812,0.24735244377215873,2114
70,3,evaluate,1.3882583975791931,0.5509626274065685,0.27117059317953623,0.305782781633902,0.21523289519994765,1766
70,4,evaluate,1.5757114092508953,0.46533490011750883,0.2194521630242398,0.22253582009243839,0.17094081903751376,1702
70,5,evaluate,1.448256340893832,0.5417269657501206,0.358844582675097,0.38799886511987464,0.32245180901125353,2073
71,0,evaluate,1.1883809089660644,0.6070549630844955,0.20650441578155312,0.3397672452158433,0.1969461290594883,1219
71,1,evaluate,1.6084969639778137,0.48847517730496454,0.3962163561923869,0.35762695614066115,0.3342160247376464,1128
71,2,evaluate,1.5682247913245,0.49493487698986977,0.3584653278950924,0.3393493071639487,0.2963619441795746,2073
71,3,evaluate,0.8822789319923946,0.7270668176670442,0.27002899149225235,0.34523780338738386,0.24361987384243317,1766
71,4,evaluate,2.009970444220084,0.3319623971797885,0.21953238640519546,0.16552152511436188,0.1390208686948559,1702
71,5,evaluate,1.6033722162246704,0.4881740775780511,0.2846535958084289,0.3866722727690178,0.24694496310563996,2114
72,0,evaluate,1.7278628138934864,0.44181646168401134,0.30032489233595044,0.352098613594997,0.2358462777191626,2114
72,1,evaluate,1.3294063870395934,0.572480181200453,0.26974723486015284,0.31131803353255694,0.21752552905491473,1766
72,2,evaluate,1.4463488838889382,0.5388326097443319,0.3569980913420135,0.3871104112241502,0.3227641207565093,2073
72,3,evaluate,1.1917959839105605,0.6095159967186218,0.2029669406422447,0.3399488206497552,0.18960565150027484,1219
72,4,evaluate,1.6356208898403026,0.4518213866039953,0.22301927482831654,0.23239399133376323,0.17311969512790903,1702
72,5,evaluate,1.3588280346658494,0.5682624113475178,0.40351720577315253,0.40377516409567227,0.3688008150347232,1128
73,0,evaluate,0.9178273166928973,0.7151755379388448,0.2677740275480483,0.342612510884282,0.2409789813461023,1766
73,1,evaluate,1.2208374619483948,0.6004922067268252,0.19874579012854518,0.3408593680462839,0.18745282379248787,1219
73,2,evaluate,1.589828524324629,0.5044326241134752,0.3938147456665958,0.3656011603191669,0.3404895384951643,1128
73,3,evaluate,1.9526907293884843,0.3425381903642773,0.22074508089522982,0.16496174474101957,0.14213874840117696,1702
73,4,evaluate,1.5952685529535466,0.5031355523396044,0.35798125663800107,0.3565406446674205,0.3064728576917152,2073
73,5,evaluate,1.541026655365439,0.49763481551561023,0.2944477173865952,0.38311904255755974,0.2544756745040556,2114
74,0,evaluate,1.4961376521322463,0.5310283687943262,0.40356972687400317,0.3734430743205797,0.355308936082363,1128
74,1,evaluate,1.7286506979553788,0.40599294947121034,0.2213982683982684,0.21139951153119937,0.1610810317868353,1702
74,2,evaluate,1.2128475412726403,0.6029532403609515,0.19900148782978302,0.3412098353360035,0.18857542798614838,1219
74,3,evaluate,1.2354946902820043,0.5906002265005662,0.2664259823579027,0.31430792681364944,0.22041735448335,1766
74,4,evaluate,1.5140017126545762,0.5224312590448625,0.3619138232327284,0.36634124780079985,0.3138964683172114,2073
74,5,evaluate,1.5471172543133007,0.5004730368968779,0.30008254627898556,0.3813396235991173,0.25344303930166695,2114
75,0,evaluate,1.5345853964487712,0.523936170212766,0.39715778365279275,0.3763847236064137,0.35117126759721223,1128
75,1,evaluate,1.1066387340426445,0.6398687448728466,0.2077191215323142,0.3430890075656431,0.19802368447988297,1219
75,2,evaluate,0.9307130106857845,0.710079275198188,0.2700807794605079,0.3359733627837945,0.2353301612274493,1766
75,3,evaluate,1.576130393673392,0.49952696310312206,0.29164859760311046,0.39629103756318945,0.25427037765701055,2114
75,4,evaluate,1.9948060071026836,0.33783783783783783,0.2187311057106772,0.15194121078536388,0.13895984082101195,1702
75,5,evaluate,1.6669450600941975,0.48094548962855765,0.3588953433329813,0.3447495146504841,0.30078167855915705,2073
76,0,evaluate,1.3420133531093597,0.5824446267432322,0.19935366497020854,0.33795149087672455,0.18371451430857372,1219
76,1,evaluate,1.5566908265605117,0.518572117703811,0.3507887221680866,0.37030967421532357,0.3112570912955466,2073
76,2,evaluate,1.2029283046722412,0.6013590033975085,0.26677415311077046,0.31498862657421733,0.22183256320742623,1766
76,3,evaluate,1.7144816672360454,0.4200940070505288,0.21875861926309487,0.18621778338836256,0.1592554174184731,1702
76,4,evaluate,1.4789381093449063,0.5416666666666666,0.39976180023987684,0.38964627994029655,0.3596641896226432,1128
76,5,evaluate,1.5905741137616776,0.49479659413434246,0.3054472121224611,0.3785556409525668,0.2595865307119817,2114
77,0,evaluate,1.5713708930545383,0.5062056737588653,0.3988603353699027,0.3439727804001073,0.3404657638612811,1128
77,1,evaluate,1.9275304520571674,0.36310223266745006,0.21789082172535035,0.17325905162991015,0.14482298215635964,1702
77,2,evaluate,1.589208353649486,0.5055475156777617,0.3553046555433198,0.35227785196028555,0.3042629167261503,2073
77,3,evaluate,1.2541579946875572,0.5955701394585726,0.20243903050231613,0.33796283934134397,0.18755330920066013,1219
77,4,evaluate,1.6456181371913237,0.49053926206244086,0.2968587716937102,0.3811481772955552,0.25429283176514417,2114
77,5,evaluate,0.9975902885198593,0.6823329558323896,0.26897625498724187,0.33557335431780905,0.23794035785649612,1766
78,0,evaluate,1.4450211061371698,0.5425531914893617,0.4011105015708093,0.37640761042408577,0.3596398263737949,1128
78,1,evaluate,1.2443111270666123,0.593929450369155,0.20453474629945217,0.3557545616377392,0.18970234848249715,1219
78,2,evaluate,1.6814987659454346,0.4306698002350176,0.21695952908599922,0.190066236864486,0.162066614466717,1702
78,3,evaluate,1.298185646533966,0.5594563986409966,0.2697397094747491,0.33714915816232127,0.21653041282017765,1766
78,4,evaluate,1.5268220395752878,0.5098890496864448,0.3563797664143335,0.35803211612797103,0.3066318860102018,2073
78,5,evaluate,1.6932037753217362,0.4796594134342479,0.28819491038075273,0.36370860801873456,0.24133969486599263,2114
79,0,evaluate,1.628573320128701,0.5142305836951279,0.3471174532725156,0.36340501945173515,0.3043134615001567,2073
79,1,evaluate,1.6216095089912415,0.5141843971631206,0.40109033198823285,0.3725264257891735,0.3456379264594977,1128
79,2,evaluate,1.2072343587875367,0.6226415094339622,0.20402057564003004,0.345702492211838,0.19789508466117658,1219
79,3,evaluate,2.001322790428444,0.3337250293772033,0.21789387492488577,0.16751472048594573,0.13997343626331454,1702
79,4,evaluate,0.9538276493549347,0.7163080407701019,0.26879835147820413,0.34288210366078214,0.24090359768106495,1766
79,5,evaluate,1.785536478547489,0.4503311258278146,0.29806573718559753,0.38071668581162255,0.24608299065731337,2114
80,0,evaluate,1.428764060139656,0.5537325676784249,0.20711581868379017,0.45177125055629724,0.18768367507124065,1219
80,1,evaluate,1.5976207190089755,0.525709219858156,0.4014146721320252,0.38336475429211203,0.35394420849217073,1128
80,2,evaluate,1.6657703970417832,0.5041003376748674,0.3569290981790906,0.3610305878866802,0.3057789489914874,2073
80,3,evaluate,1.1863265697445189,0.6070215175537939,0.2665364061124005,0.3176885131098191,0.22418927796866797,1766
80,4,evaluate,1.561947903212379,0.5175023651844843,0.2996400866375124,0.3712561214505157,0.25861623349579727,2114
80,5,evaluate,1.7802959901315194,0.41480611045828436,0.21596036783455652,0.20459000031264535,0.15823029709803693,1702
81,0,evaluate,1.6326358781920538,0.5168439716312057,0.40099928248264965,0.3695089540782594,0.3474551296498912,1128
81,1,evaluate,1.3303626537323,0.5709598031173093,0.19588932001343629,0.33395149087672454,0.17598836465418397,1219
81,2,evaluate,0.9729619260345187,0.6976217440543602,0.26995055271667046,0.33774268581918887,0.2393320939255319,1766
81,3,evaluate,1.9210319386588202,0.3813160987074031,0.21816632690306278,0.1791652383215106,0.1521858252131835,1702
81,4,evaluate,1.6870405312740442,0.5002411963338157,0.350881852069216,0.3574651194256744,0.30381628207618955,2073
81,5,evaluate,1.7033895885243135,0.478240302743614,0.2980034179462653,0.3851463272322223,0.25424892976655167,2114
82,0,evaluate,1.6268360018730164,0.5336879432624113,0.3990561541288158,0.3853785021155524,0.3569990790882427,1128
82,1,evaluate,1.2578672170639038,0.6086956521739131,0.19955841362574925,0.3625863373386738,0.19342436531982718,1219
82,2,evaluate,1.9538326704943623,0.3783783783783784,0.21895445308200215,0.17533466234972797,0.15002861673446116,1702
82,3,evaluate,1.2244762224810464,0.6325028312570782,0.26755024784686704,0.3244633388488132,0.2273583532875847,1766
82,4,evaluate,1.6159197688102722,0.5141911069063387,0.3066592698176561,0.3901420804160406,0.26408243742704884,2114
82,5,evaluate,1.6554140791748508,0.513265798359865,0.34590927598371185,0.3608208819983849,0.3040362370274526,2073
83,0,evaluate,1.0698292319263731,0.6676104190260476,0.26715187732753176,0.33007794191094963,0.23286540394459374,1766
83,1,evaluate,1.646323239102083,0.5042573320719016,0.3040993263339638,0.38685652124621384,0.26369864885771355,2114
83,2,evaluate,1.3305560618638992,0.5767022149302707,0.19238331402477957,0.33443146417445485,0.17730916933771915,1219
83,3,evaluate,1.9315601587295532,0.3807285546415981,0.21506827229422512,0.1712217293192105,0.14834665553398174,1702
83,4,evaluate,1.6660926847746877,0.5012059816690786,0.35163738948065926,0.35295254135802356,0.3033179046644319,2073
83,5,evaluate,1.5951129926575556,0.5363475177304965,0.409828528862591,0.37102737711411454,0.36005148192307573,1128
84,0,evaluate,1.7317840366652517,0.49252291365171247,0.34333763497760994,0.3568115302065661,0.2990894129727154,2073
84,1,evaluate,1.6141145930570715,0.5094607379375591,0.3058647219198256,0.378716947023457,0.26170216336445173,2114
84,2,evaluate,1.3988651841878892,0.5750615258408531,0.1901947751122928,0.3352111704494882,0.171456551973299,1219
84,3,evaluate,1.601296106974284,0.5460992907801419,0.40629318290932853,0.38980779365799,0.3643814361884338,1128
84,4,evaluate,1.249572936977659,0.6087202718006794,0.26724483357782447,0.28449589624690474,0.22015867851336512,1766
84,5,evaluate,1.8321502915135137,0.4118683901292597,0.21732746880219325,0.19357541920934307,0.15830344395906684,1702
85,0,evaluate,1.6076091196801927,0.5345744680851063,0.40974493301382464,0.3698909691586782,0.3601803317033384,1128
85,1,evaluate,1.2568224579095841,0.6185397867104184,0.1925719244804026,0.3407271918113039,0.17843089687001956,1219
85,2,evaluate,1.7176623199925278,0.5089242643511819,0.34985102204706553,0.35889888822155247,0.3065536378535333,2073
85,3,evaluate,1.742384952657363,0.49337748344370863,0.2935153369988568,0.3895970114876083,0.25388042866601834,2114
85,4,evaluate,1.0532616674900055,0.6851642129105323,0.270733616184181,0.3342857810071673,0.23690279104586,1766
85,5,evaluate,2.006967473913122,0.35663924794359575,0.21766554278956146,0.15661828966699867,0.14468952590668577,1702
86,0,evaluate,1.72244084543652,0.5150709219858156,0.3964654391902366,0.37387941526686663,0.34700033988892043,1128
86,1,evaluate,1.633504800936755,0.5118259224219489,0.3076362469319859,0.3959183348785519,0.2631533413958202,2114
86,2,evaluate,1.2522350358111518,0.6194790486976217,0.269783913468124,0.3206836764419507,0.22789425463458376,1766
86,3,evaluate,1.5049487203359604,0.5373256767842494,0.1924229696925998,0.33253960836671115,0.1730019798965476,1219
86,4,evaluate,1.816862773012232,0.41539365452408933,0.2179851863284044,0.19796426935210762,0.1596449673514891,1702
86,5,evaluate,1.7677971196897102,0.49397009165460687,0.3436243049732487,0.34045679741359164,0.29719102552339177,2073
87,0,evaluate,1.7769689126448198,0.4992764109985528,0.3510426140297326,0.35543854361880434,0.30274936257380713,2073
87,1,evaluate,1.8207198661916397,0.4720908230842006,0.292553111393826,0.3744450352687242,0.24763718428802575,2114
87,2,evaluate,1.017554527946881,0.6981879954699887,0.26804504256799266,0.3397508706771232,0.24050281963496528,1766
87,3,evaluate,2.0593188956931785,0.37661574618096355,0.2154838635407049,0.15429959263650891,0.14541178496182547,1702
87,4,evaluate,1.6460843351152208,0.525709219858156,0.40102247311961126,0.36585212344311635,0.351079142662424,1128
87,5,evaluate,1.3745140984654427,0.5840853158326497,0.1995166658439921,0.36599710725411655,0.17872616737618957,1219
88,0,evaluate,1.713587471933076,0.517607332368548,0.35076164184170056,0.3694186356663375,0.3123691846293486,2073
88,1,evaluate,1.6841863534029793,0.5028382213812678,0.3062188974686763,0.41148257975834834,0.2602165081825847,2114
88,2,evaluate,1.4446832878249032,0.579841449603624,0.2699856152425105,0.30753707667252417,0.21567021544480786,1766
88,3,evaluate,1.2738239035010337,0.6152584085315833,0.20027685326885628,0.4438587004895417,0.19390632585980047,1219
88,4,evaluate,1.8956765289659854,0.39659224441833135,0.2198683972522876,0.18244905447291462,0.15518602027378786,1702
88,5,evaluate,1.6028607620133295,0.5558510638297872,0.4050147624794591,0.3934770547089056,0.3703565490863839,1128
89,0,evaluate,1.7863545682695177,0.50177304964539,0.40155322489180545,0.3497587194597543,0.3413472326240915,1128
89,1,evaluate,2.12086793228432,0.3507638072855464,0.21698223245083934,0.17703961651312375,0.14310468424660766,1702
89,2,evaluate,1.4823568910360336,0.5709598031173093,0.19374766254186127,0.3354715175789942,0.17312098215317864,1219
89,3,evaluate,1.0019724858658654,0.7061155152887882,0.27175354951949726,0.3392939910312157,0.2419964191299441,1766
89,4,evaluate,1.640487888280083,0.5151371807000946,0.3098952557368273,0.399176280954762,0.2720282015776994,2114
89,5,evaluate,1.8382244182355476,0.4983116256632899,0.34869660974341643,0.35234116984284125,0.29987500325506933,2073
90,0,evaluate,1.9591196554678458,0.390716803760282,0.21555321762363966,0.16570087085716034,0.151850645474608,1702
90,1,evaluate,1.4346153676509856,0.5799835931091059,0.19483750444705333,0.3354054294615042,0.17230575250132715,1219
90,2,evaluate,1.683416611618466,0.5452127659574468,0.4037731641672256,0.38588749907068715,0.36404840275890155,1128
90,3,evaluate,1.2274637030703681,0.6319365798414496,0.2719858126706506,0.32026895159526675,0.22717338684046634,1766
90,4,evaluate,1.8588474121960727,0.4886637723106609,0.34772027715460807,0.35393116118379364,0.3002849498596998,2073
90,5,evaluate,1.6250709891319275,0.5293282876064334,0.2980018617548753,0.38765747670539713,0.262934199337137,2114
91,0,evaluate,1.6741990314589605,0.5416666666666666,0.3997835881153528,0.38675021793163705,0.3595844368961064,1128
91,1,evaluate,1.3514131993055343,0.6004922067268252,0.20620325083265634,0.33815709835336,0.19342750343628062,1219
91,2,evaluate,1.3812763414212637,0.5951302378255946,0.26605749287339037,0.3145748926666479,0.2196762861949534,1766
91,3,evaluate,1.9359152361198708,0.4018801410105758,0.2146806974044267,0.1703546423027144,0.15239718867718124,1702
91,4,evaluate,1.842874081695781,0.49195837275307475,0.30354692402196887,0.3747710792945874,0.25451039938401837,2114
91,5,evaluate,1.7888180450959639,0.5036179450072359,0.35159743665565374,0.35840288122002983,0.30474302860674635,2073
92,0,evaluate,1.8562793803937507,0.5060299083453932,0.3494556541602568,0.35242091654886243,0.30232359923601015,2073
92,1,evaluate,1.3713280364871026,0.5996718621821165,0.19776818157177095,0.36214574988874054,0.18875790456788386,1219
92,2,evaluate,1.8207803633477952,0.5106382978723404,0.3981610361556239,0.3708317195342777,0.34922087070148344,1128
92,3,evaluate,2.19170195085031,0.3296122209165687,0.21765859304002694,0.14003172620248933,0.1365914106956683,1702
92,4,evaluate,1.1344360219580787,0.6772366930917327,0.26990886051469,0.33098747631203673,0.23417654001947202,1766
92,5,evaluate,1.7058145929785336,0.5236518448438978,0.30095683853113653,0.40044616673097694,0.2668313096405683,2114
93,0,evaluate,1.6644065843688116,0.5469858156028369,0.4053280151674361,0.37613221586923534,0.3631076853685727,1128
93,1,evaluate,1.905531108379364,0.4749290444654683,0.2960230320567353,0.3902924814299137,0.251565787192482,2114
93,2,evaluate,1.2267888167074747,0.6426953567383918,0.2712474645554357,0.32280671675234424,0.2288606748911178,1766
93,3,evaluate,1.8495120781439323,0.4312573443008226,0.2155750959743516,0.1588444810859912,0.15784258103987012,1702
93,4,evaluate,1.3679099395871162,0.5914684167350287,0.19632220635610462,0.33298753894080996,0.1754822037538788,1219
93,5,evaluate,1.8704195781187578,0.49397009165460687,0.3478038392350759,0.35601030351155705,0.30190910864704906,2073
94,0,evaluate,1.7293670376141865,0.5292553191489362,0.4034711482652112,0.38031910447263517,0.3582220339871752,1128
94,1,evaluate,2.1175722855108754,0.35663924794359575,0.21459432242841583,0.15288889840814862,0.1418422635333111,1702
94,2,evaluate,1.2507815169436591,0.6370328425821065,0.2641479324760025,0.29012585263299445,0.2246644450937278,1766
94,3,evaluate,1.5310798853635788,0.5676784249384742,0.19341823439835043,0.3560696484201157,0.17650963022961141,1219
94,4,evaluate,1.7657337889951819,0.5184484389782403,0.30556873868580287,0.40010063427604114,0.2671261880762802,2114
94,5,evaluate,1.8272409944823294,0.5200192957067052,0.3456867728094348,0.3416322570033083,0.30584860255438695,2073
95,0,evaluate,1.7599170075522528,0.5345744680851063,0.39951614744839675,0.3663826548089495,0.3554843744140774,1128
95,1,evaluate,1.40010117739439,0.5922887612797375,0.20235868279134386,0.3373266577659101,0.18939068152515476,1219
95,2,evaluate,2.0202763875325522,0.3883666274970623,0.2174918353536542,0.16326393656122,0.15112898345963494,1702
95,3,evaluate,1.8945457537968953,0.4934876989869754,0.34504899094282493,0.35468249529548207,0.30107322822683785,2073
95,4,evaluate,1.1889445057937078,0.665911664779162,0.2674218671663478,0.3298147285387112,0.2324209182828354,1766
95,5,evaluate,1.8744879470152014,0.4853358561967833,0.30316085549191885,0.39613005454054284,0.25919397953285916,2114
96,0,evaluate,1.7950901143691118,0.5141911069063387,0.3010962802415975,0.3772960715302488,0.2593294208776161,2114
96,1,evaluate,1.4932446360588074,0.5734208367514356,0.20869214504100925,0.3526651090342679,0.19124293962649436,1219
96,2,evaluate,1.8663132949308916,0.49397009165460687,0.34512838539762936,0.33236493783669113,0.29867399499658387,2073
96,3,evaluate,1.3073905046497072,0.630237825594564,0.2671287829105044,0.32166861881672226,0.2270800150088616,1766
96,4,evaluate,1.983046288843508,0.40305522914218567,0.21609794355870013,0.172950845523156,0.15385273763824112,1702
96,5,evaluate,1.6749268174171448,0.5407801418439716,0.40348282422177845,0.37245047393802866,0.3622420422777968,1128
97,0,evaluate,2.221194240781996,0.3384253819036428,0.2153958283041108,0.13925880488948109,0.13687968513830373,1702
97,1,evaluate,1.948081627036586,0.5021707670043415,0.3410481770134788,0.35870611880180664,0.3024048929974864,2073
97,2,evaluate,1.099846595099994,0.6998867497168743,0.2668899783650561,0.3045621964306323,0.23464625270859152,1766
97,3,evaluate,1.8861371742354498,0.523936170212766,0.40359748658221833,0.3648044640281304,0.3532931395404848,1128
97,4,evaluate,1.9025823403807247,0.46404919583727533,0.30369220565549626,0.38595734711015,0.25443429974694054,2114
97,5,evaluate,1.4817676588892936,0.5676784249384742,0.18835112099314436,0.33601757899421447,0.171593260251756,1219
98,0,evaluate,1.452717649936676,0.5808039376538146,0.20486343279465494,0.35354761904761905,0.18883756662844403,1219
98,1,evaluate,1.7043161524666681,0.5274822695035462,0.3950611621136592,0.36283323329885486,0.35362449414936614,1128
98,2,evaluate,1.4007315805980138,0.5928652321630804,0.270327838884226,0.31174550659281763,0.22154611857211876,1766
98,3,evaluate,1.873945182020014,0.5055475156777617,0.3508517080093981,0.3432941390512843,0.3053476715371943,2073
98,4,evaluate,1.8630962636735704,0.4189189189189189,0.21568477784213452,0.17013757352791795,0.15696714899483305,1702
98,5,evaluate,1.7892859052209293,0.5132450331125827,0.30299699799667046,0.40603297477167277,0.2625802378568628,2114
99,0,evaluate,1.88612472348743,0.5168439716312057,0.395333069347586,0.3584143491434297,0.34668603521289076,1128
99,1,evaluate,1.3798948034644127,0.6086956521739131,0.19766259883906942,0.3425342679127726,0.1890930822628771,1219
99,2,evaluate,2.4222050728621305,0.3096357226792009,0.21543885848724634,0.1484114187869677,0.13180150229517318,1702
99,3,evaluate,1.0715742983988352,0.710079275198188,0.26635535797055754,0.30825228729002674,0.23757026929673303,1766
99,4,evaluate,1.944646210381479,0.5147129763627593,0.3477491980704176,0.3592727303060748,0.30589763008903903,2073
99,5,evaluate,1.9528706108822542,0.4881740775780511,0.30017770247238407,0.39768153768425013,0.2592154983224814,2114
100,0,evaluate,1.7663469711939495,0.5292553191489362,0.397578831718263,0.365499298722846,0.3542773394647346,1128
100,1,evaluate,1.4927443340420723,0.5767022149302707,0.20884934890277734,0.3023971962616822,0.1901159582572208,1219
100,2,evaluate,1.449894858258111,0.5826727066817667,0.2681847669255881,0.30869485503289934,0.21901682406521408,1766
100,3,evaluate,1.8675071839933042,0.4312573443008226,0.2180903363736728,0.179941790639058,0.16198259662793504,1702
100,4,evaluate,1.925947160431833,0.5036179450072359,0.35045539605916326,0.36202830741231207,0.3053688746861133,2073
100,5,evaluate,1.8085471391677856,0.5118259224219489,0.30494182692219596,0.40418515561463125,0.26327649311901097,2114
101,0,evaluate,1.8810326920615301,0.5230496453900709,0.4003176580902621,0.35333532886865693,0.3506055722643654,1128
101,1,evaluate,1.8853265853489147,0.489120151371807,0.297389288605106,0.4015363177949073,0.257258804587237,2114
101,2,evaluate,1.131797303046499,0.6868629671574179,0.26688351361528484,0.2997119794953632,0.23160211950291948,1766
101,3,evaluate,1.4373603388667107,0.5873666940114848,0.1919894848664902,0.3042536715620828,0.17264466478862764,1219
101,4,evaluate,2.0087182594068125,0.49300530631934397,0.3464490797924059,0.33370867590448067,0.2997244003579054,2073
101,5,evaluate,2.226496290277552,0.34665099882491185,0.22059765743900633,0.16983392967085748,0.1467225651322844,1702
102,0,evaluate,1.7839232683181763,0.5345744680851063,0.3994149650699458,0.36846259981474155,0.35592812138341035,1128
102,1,evaluate,1.5737492471933365,0.5635767022149303,0.19393173889896304,0.3342512238540276,0.17513419014662235,1219
102,2,evaluate,1.93129106723901,0.5190545103714423,0.34798102723096225,0.3513799181114909,0.30815003764827315,2073
102,3,evaluate,1.3312053786856788,0.6262740656851642,0.2717826248554043,0.3205845239466794,0.2292065873918172,1766
102,4,evaluate,1.8903618209502275,0.4914853358561968,0.30631548419794175,0.3903021542750295,0.2606722184798665,2114
102,5,evaluate,1.9996495335190385,0.39659224441833135,0.21622487201152393,0.17455375352623187,0.15367130814013039,1702
103,0,evaluate,1.4784207925200463,0.5775225594749795,0.19761320100272756,0.4361203827325323,0.18627506780731845,1219
103,1,evaluate,2.225253286185088,0.3519388954171563,0.21772510534486583,0.14797936528617325,0.14238409870062388,1702
103,2,evaluate,1.8752244009691126,0.5066225165562914,0.29669057815143995,0.3897472423720163,0.258037311790165,2114
103,3,evaluate,2.0268645503304223,0.507959479015919,0.3477324709889805,0.34151497874421155,0.30387615449751665,2073
103,4,evaluate,1.9336470431751676,0.5274822695035462,0.4007305464522499,0.36631060750899846,0.3552374899833199,1128
103,5,evaluate,1.2017990861620222,0.67440543601359,0.27013461718516496,0.3303627914104201,0.23457250711708796,1766
104,0,evaluate,1.4655987811940057,0.6053227633069083,0.2672675668179325,0.3180240133091474,0.22343864973172017,1766
104,1,evaluate,1.8258728120062087,0.5478723404255319,0.3949856379635887,0.37749633061123283,0.3594624586070613,1128
104,2,evaluate,2.009391095903185,0.4071680376028202,0.2152511089681774,0.16389042930584097,0.15318886557287698,1702
104,3,evaluate,1.6515205055475235,0.561115668580804,0.20540230958283695,0.43260169114374725,0.1891915269465637,1219
104,4,evaluate,1.9838542447370642,0.4810785241248817,0.3050983511610449,0.3892355007047593,0.25634344162653017,2114
104,5,evaluate,2.024072444800175,0.5108538350217077,0.34669913114710804,0.36674257210651995,0.30629070484699766,2073
105,0,evaluate,1.211560960326876,0.6868629671574179,0.2723999855483439,0.3333313682823723,0.23605125773123029,1766
105,1,evaluate,2.5002466837565103,0.3190364277320799,0.21957800284656043,0.17596741682083,0.1379199227143488,1702
105,2,evaluate,1.9388962321811252,0.5221631205673759,0.3994469557250037,0.3610061238575672,0.35163084421886814,1128
105,3,evaluate,2.1179807475118926,0.49493487698986977,0.3484604578201446,0.34784513437237824,0.2994129625004139,2073
105,4,evaluate,1.8016449598705067,0.533585619678335,0.29700154073776297,0.4074781526083515,0.265910727439563,2114
105,5,evaluate,1.4258809685707092,0.605414273995078,0.20203409860676297,0.439247886070316,0.19145521937002047,1219
106,0,evaluate,1.8785466662159673,0.4494712103407756,0.21618619426963406,0.20110560605933422,0.1646998112911402,1702
106,1,evaluate,1.5668471604585648,0.6002265005662514,0.2696678779473859,0.3165007074245783,0.22334102151476073,1766
106,2,evaluate,1.6698899537324905,0.5324036095159967,0.21200553120233975,0.32440743213173123,0.188515230852073,1219
106,3,evaluate,1.8456426461537678,0.5469858156028369,0.40250539772197247,0.3783733737632309,0.36163328413084433,1128
106,4,evaluate,2.0593055667299214,0.49155812831644957,0.3457024682018428,0.35753573362214514,0.3002576141008971,2073
106,5,evaluate,2.038004359778236,0.48297067171239355,0.30243088843394766,0.3833845528646614,0.25199159992632447,2114
107,0,evaluate,2.097958048184713,0.50177304964539,0.3924398563200766,0.34822186946536615,0.34203355869209173,1128
107,1,evaluate,1.4662378445267676,0.5947497949138638,0.19209152897980591,0.32569492656875837,0.17506581333381444,1219
107,2,evaluate,2.259832728992809,0.47226242161119153,0.3474820681998022,0.33586180737568,0.2898902410395417,2073
107,3,evaluate,2.5109697889398643,0.3137485311398355,0.2203412374653264,0.16062774408628913,0.13693201485494516,1702
107,4,evaluate,1.2204540882791792,0.6749716874292185,0.26732173688654237,0.2951475144997141,0.22840455235759066,1766
107,5,evaluate,1.694406288511613,0.5525070955534531,0.30398012509182704,0.4350963154191002,0.2790995808260795,2114
108,0,evaluate,2.1060477318587125,0.41421856639247945,0.21899104648451337,0.17898742782545923,0.15925205639993587,1702
108,1,evaluate,2.0467310927130957,0.5074770863482875,0.3436487522803458,0.34435515145986484,0.30307293684760495,2073
108,2,evaluate,1.8617096344629924,0.5372340425531915,0.39819860067021773,0.3646890852385294,0.35484069148627234,1128
108,3,evaluate,2.0817183396395516,0.47871333964049195,0.3057173381195894,0.39098683983042026,0.2549384186096657,2114
108,4,evaluate,1.5843854337930678,0.5701394585726005,0.20274517342822299,0.3655311526479751,0.18635140018066848,1219
108,5,evaluate,1.44276924431324,0.6177802944507361,0.2672987880338019,0.28672131490216496,0.223680710876922,1766
109,0,evaluate,1.3287931510380335,0.6551528878822197,0.2666076285628871,0.2929525151823402,0.226831122463328,1766
109,1,evaluate,2.1638572974638506,0.492040520984081,0.3440456511100026,0.3315586091810394,0.29613735408564734,2073
109,2,evaluate,1.9282605051994324,0.5319148936170213,0.3969382024387061,0.3704766569672201,0.3562095733801257,1128
109,3,evaluate,1.6108696773648261,0.5726004922067268,0.19931478681131998,0.3667260792167334,0.18232296315411348,1219
109,4,evaluate,2.2003388669755726,0.37779083431257343,0.2153414941418137,0.16056400762416673,0.1473030432225359,1702
109,5,evaluate,1.9252870082855225,0.5137180700094608,0.3032584247729277,0.4032125746791208,0.26645256522803124,2114
110,0,evaluate,1.6682295754551888,0.5520918785890074,0.19568251839933254,0.36329884290164666,0.1762639082644132,1219
110,1,evaluate,1.3065645268985204,0.6540203850509626,0.2626410426796514,0.2950878761690573,0.22697895974617457,1766
110,2,evaluate,1.9871523512734308,0.5310283687943262,0.39573901567309894,0.3656769956794194,0.3529029153097725,1128
110,3,evaluate,2.2870876303425542,0.3854289071680376,0.22190633636612342,0.1845059958867066,0.15571490882660505,1702
110,4,evaluate,2.085321952314938,0.4796594134342479,0.3098696431308165,0.4039171521748376,0.26265195137821185,2114
110,5,evaluate,2.1563719366535996,0.502653159671973,0.34277782772704973,0.35628172985853085,0.3016738938759732,2073
111,0,evaluate,2.044480323791504,0.526595744680851,0.394253196451974,0.3696716437939364,0.3530333364456485,1128
111,1,evaluate,2.2938751921509253,0.4737095996140859,0.3448559969926882,0.3412306005599504,0.289763342302792,2073
111,2,evaluate,1.3745085852486747,0.6443941109852774,0.26516339763867935,0.2909909169274301,0.22519304730609466,1766
111,3,evaluate,1.543758974969387,0.5824446267432322,0.1995363939673901,0.33305362705829994,0.18103908456406126,1219
111,4,evaluate,2.258592618836297,0.38484136310223266,0.218696518000803,0.1805122976670697,0.15198348852360016,1702
111,5,evaluate,1.9087467614342184,0.5227057710501419,0.3036566927754165,0.40968067011918735,0.26664441434644165,2114
112,0,evaluate,1.6380931660532951,0.5512715340442986,0.1997034632034632,0.33013440142412104,0.17832352193959228,1219
112,1,evaluate,2.1670915659736183,0.4706717123935667,0.302635706825898,0.3966661365368418,0.254597833598868,2114
112,2,evaluate,1.949331091509925,0.5310283687943262,0.3925778547397358,0.36426981238860545,0.3516679467364649,1128
112,3,evaluate,1.3202261626720428,0.6693091732729332,0.26622247560575807,0.30029925301763083,0.23194028000725359,1766
112,4,evaluate,2.124113834265507,0.513265798359865,0.343161345344367,0.36324832344471325,0.30607413107754916,2073
112,5,evaluate,2.341718823821456,0.3683901292596945,0.21902336225024865,0.18215606473558904,0.150170978508002,1702
113,0,evaluate,1.6677937641739846,0.55701394585726,0.1976830234904165,0.3191388518024032,0.17949171805697453,1219
113,1,evaluate,1.75528164470897,0.5648060548722801,0.3079936274793306,0.4122647137086558,0.2755300685627265,2114
113,2,evaluate,2.1168578068415322,0.40775558166862513,0.21867489128239978,0.19499883716007574,0.15847834492218543,1702
113,3,evaluate,2.0862366490893893,0.5132978723404256,0.3942743147983277,0.3577390813255158,0.3484184561232073,1128
113,4,evaluate,1.654465722186225,0.5690826727066818,0.2651429421003457,0.27147349355659606,0.2112186168620922,1766
113,5,evaluate,2.2662107980612554,0.4717800289435601,0.3450710362108425,0.33492686186359927,0.2881244419164436,2073
114,0,evaluate,1.6186705350875854,0.571780147662018,0.2032644543755237,0.3325482866043613,0.18608655636794916,1219
114,1,evaluate,1.9762206938531663,0.526595744680851,0.39392350155019484,0.3621587978171633,0.3504622341893063,1128
114,2,evaluate,1.243869545204299,0.6806342015855039,0.26439078250787784,0.3011431916119634,0.231475105509218,1766
114,3,evaluate,2.199137277462903,0.445600756859035,0.29948309719720206,0.38130932558961494,0.24725552266164316,2114
114,4,evaluate,2.1782024737560386,0.49252291365171247,0.34236906485798235,0.355110365612622,0.29945065708119184,2073
114,5,evaluate,2.297761811150445,0.36780258519388953,0.21376384226746,0.15037142220295255,0.14333722766088336,1702
115,0,evaluate,1.5841369539499284,0.5824446267432322,0.19720711438345767,0.35547018246550954,0.1814374221451563,1219
115,1,evaluate,1.9337472452057733,0.5301418439716312,0.39701138935923636,0.365267716414889,0.3562903474791271,1128
115,2,evaluate,1.8450295048601486,0.5421002838221382,0.304186230627317,0.4065857489121504,0.267454137453932,2114
115,3,evaluate,2.0780471121823347,0.4136310223266745,0.22127997698637764,0.20052328937077632,0.16298165724647012,1702
115,4,evaluate,2.207639896508419,0.4901109503135552,0.34697976722549484,0.34793699925531785,0.29779894723077277,2073
115,5,evaluate,1.7182834616729192,0.5407701019252548,0.2682781385912341,0.2637391140508224,0.20624951443824419,1766
116,0,evaluate,2.046656217839983,0.5274822695035462,0.39729206667544703,0.36573744196338753,0.35282932786631366,1128
116,1,evaluate,1.6759261891245842,0.5594749794913864,0.1951189498569118,0.3001128170894526,0.17523619295651344,1219
116,2,evaluate,1.285265530858721,0.6823329558323896,0.26637172238499646,0.30071177286897705,0.23294273590903192,1766
116,3,evaluate,2.202390860108768,0.46877956480605487,0.29359298738084577,0.36155495323307263,0.2461370008453237,2114
116,4,evaluate,2.3502940116105258,0.36486486486486486,0.21713089331040694,0.16579952977289905,0.14761350114145105,1702
116,5,evaluate,2.203525286732298,0.502653159671973,0.34102672498634,0.3376061070060736,0.29947807859401737,2073
117,0,evaluate,2.039903004964193,0.5310283687943262,0.39994547266606795,0.3666949094510917,0.35735500055136893,1128
117,1,evaluate,2.1490789872628673,0.3789659224441833,0.2154057561770296,0.16532735928313952,0.1506246191200643,1702
117,2,evaluate,1.5116563588380814,0.6021328958162429,0.20388771683075482,0.3284352469959947,0.1952789073844246,1219
117,3,evaluate,2.1827044992735893,0.49879401833092135,0.3481905000024512,0.33495837157252834,0.300619473506701,2073
117,4,evaluate,2.027849951211144,0.5042573320719016,0.29649574359860725,0.38873833944267944,0.25323800157641607,2114
117,5,evaluate,1.5722585852657045,0.5911664779161948,0.2676161706098276,0.276861681988642,0.215855432290636,1766
118,0,evaluate,2.0770274533165827,0.5328014184397163,0.3970354541006914,0.36749532922568756,0.3557071639605978,1128
118,1,evaluate,2.325809041659037,0.4852870236372407,0.3386435369787075,0.3389268561494033,0.29558213643660325,2073
118,2,evaluate,2.2041122251086764,0.4095182138660399,0.21922044951745154,0.18516700583211285,0.15851895408471864,1702
118,3,evaluate,1.3432636303561074,0.6642129105322764,0.26606062755516574,0.2962589156630666,0.2284842975406955,1766
118,4,evaluate,1.8166679352521897,0.5438884331419196,0.19356554127117626,0.2933331108144192,0.16658426179531943,1219
118,5,evaluate,2.104340612888336,0.48297067171239355,0.30837391994724256,0.3913358412761667,0.26119711897490083,2114
119,0,evaluate,1.9863879548178778,0.5381205673758865,0.3964937597409597,0.3727750104768702,0.3580206218049021,1128
119,1,evaluate,1.5653688967227937,0.5898277276456112,0.1947909290491329,0.3013951935914553,0.17248507238957528,1219
119,2,evaluate,1.435005349772317,0.6291053227633069,0.26650964986122017,0.2858633392501747,0.22250628097669783,1766
119,3,evaluate,1.9558739521924187,0.4938505203405866,0.30228075398934795,0.3901690155062668,0.2593412554394967,2114
119,4,evaluate,2.226375872438604,0.4910757356488181,0.34480858556470456,0.3363073932307595,0.29799255148393167,2073
119,5,evaluate,2.1929935967480696,0.37309048178613397,0.2150567514772646,0.17601326057212635,0.14846202170902245,1702
120,0,evaluate,2.223997802445383,0.4963820549927641,0.3383420846574232,0.3560510197084658,0.29838661805846856,2073
120,1,evaluate,1.4328872135707311,0.646092865232163,0.2633886066735596,0.29311556330706773,0.22591976812157927,1766
120,2,evaluate,1.784469398856163,0.5504511894995898,0.20438149440303394,0.295281041388518,0.1805190395238918,1219
120,3,evaluate,1.9838143520885043,0.5487588652482269,0.3993804203817233,0.3774261343542862,0.36138980634313145,1128
120,4,evaluate,2.0775548149557674,0.48628192999053926,0.310678764470129,0.39587068046561713,0.2636717877862291,2114
120,5,evaluate,2.232452869415283,0.39306698002350177,0.2167634418141849,0.17015475381491174,0.1521390802791123,1702
121,0,evaluate,2.2708547159477517,0.37426556991774385,0.21421752124315213,0.14835590523172432,0.1453724904190988,1702
121,1,evaluate,1.7692664861679077,0.5578342904019689,0.20254249800428922,0.29819025367156204,0.18310020359895907,1219
121,2,evaluate,2.311908573815317,0.48721659430776654,0.34488778169469503,0.33010944572911816,0.296585283211747,2073
121,3,evaluate,1.503943145275116,0.6291053227633069,0.26220806253919293,0.2860430569651509,0.2203076358647113,1766
121,4,evaluate,1.8576226164312923,0.5496688741721855,0.3083968940486798,0.4187153851475732,0.2784842349572142,2114
121,5,evaluate,2.094804134633806,0.5310283687943262,0.39176327556329954,0.3702177015793365,0.35390425202564674,1128
122,0,evaluate,2.0276813242170544,0.5460992907801419,0.3978547559207664,0.37230084650395323,0.36105789915625797,1128
122,1,evaluate,2.237656482943782,0.4101057579318449,0.22317583787441678,0.17173049695280285,0.16063559529365895,1702
122,2,evaluate,2.187403184526107,0.4739829706717124,0.2975693467764023,0.3876130799946352,0.25108781398922336,2114
122,3,evaluate,1.66179029494524,0.5734208367514356,0.1959993257670149,0.3326130396083667,0.17891623609854654,1219
122,4,evaluate,1.4274171377931322,0.6415628539071347,0.26680255637187467,0.2879595861873159,0.2235137161317155,1766
122,5,evaluate,2.267957756013581,0.4983116256632899,0.34211537295372385,0.3403272535309139,0.30132930827467047,2073
123,0,evaluate,2.483716292814775,0.4433188615533044,0.34138478477011214,0.3249319357634584,0.27757533712985927,2073
123,1,evaluate,2.20839258035024,0.5124113475177305,0.3989354459408248,0.3613639716125795,0.35026101593627823,1128
123,2,evaluate,1.8198287942830254,0.5458845789971618,0.30021767049516007,0.42868395745791765,0.2717516422422599,2114
123,3,evaluate,1.663458476960659,0.561115668580804,0.1959574519355532,0.31533177570093457,0.1713271148654929,1219
123,4,evaluate,2.2216038085796215,0.3954171562867215,0.21886573872678872,0.17814955581248432,0.1536668509242439,1702
123,5,evaluate,1.3608705763305937,0.6432616081540203,0.26845343808304395,0.28828809185225307,0.22443902231182827,1766
124,0,evaluate,1.5861742585897445,0.5873666940114848,0.211436320595753,0.3357812639074321,0.19512693120397034,1219
124,1,evaluate,2.2838003214667824,0.44938505203405865,0.2915661111293248,0.36869924809074905,0.23861332428744397,2114
124,2,evaluate,1.5633419709546226,0.608154020385051,0.2650839475721911,0.28035468191371704,0.21787099172236238,1766
124,3,evaluate,2.2286243703630237,0.3813160987074031,0.21749463563774563,0.166791483778269,0.152514567916086,1702
124,4,evaluate,1.8630705740716722,0.549645390070922,0.3940590601211126,0.37443465867259135,0.359322953056217,1128
124,5,evaluate,2.1044580430695503,0.5118186203569706,0.34130982510294317,0.3505792975294061,0.30681837309668225,2073
125,0,evaluate,2.2576196988423667,0.5177304964539007,0.40340059357718044,0.35672060289143925,0.35005668092167885,1128
125,1,evaluate,1.9229096055030823,0.5258408531583265,0.19312297625396588,0.3280329327992879,0.17149097489425152,1219
125,2,evaluate,1.2336024684565408,0.6981879954699887,0.26551780720717105,0.3056471937408247,0.2360799462484576,1766
125,3,evaluate,2.1894603336558625,0.48344370860927155,0.29776972264359425,0.3877814155201135,0.255865243561715,2114
125,4,evaluate,2.4783216096736767,0.35428907168037604,0.21606593816357286,0.1544960110043859,0.14182567578745922,1702
125,5,evaluate,2.3163448933399087,0.5016883743367101,0.34204240486251297,0.3496275992193592,0.2986403362197879,2073
126,0,evaluate,2.01717527045144,0.5514184397163121,0.39462146055010355,0.37484580305517967,0.3629424268518201,1128
126,1,evaluate,1.7922172218561172,0.5619360131255127,0.2059962911637352,0.3191642189586115,0.18636545388635903,1219
126,2,evaluate,2.2144642803404064,0.4101057579318449,0.21805883170520524,0.17770851527892892,0.1569879455778001,1702
126,3,evaluate,1.8685832865097944,0.5373699148533586,0.3100576675301564,0.41450263260028175,0.269057182374605,2114
126,4,evaluate,2.347277962800228,0.47998070429329476,0.340760379297926,0.331592131613442,0.2954348696749127,2073
126,5,evaluate,1.8442885620253426,0.5554926387315968,0.267341325358072,0.26551231608310266,0.20512883815107347,1766
127,0,evaluate,2.132898271083832,0.5372340425531915,0.40425153770863875,0.3708458692128874,0.36113019378031225,1128
127,1,evaluate,2.383603825713649,0.47901591895803186,0.35052462168895515,0.3394898120988711,0.2949966659536224,2073
127,2,evaluate,2.383925203923826,0.390716803760282,0.21774786633740764,0.16565505675851017,0.15228293040890373,1702
127,3,evaluate,1.716126412153244,0.5627563576702215,0.19168199245246123,0.2963578104138852,0.16912340844204515,1219
127,4,evaluate,2.122012373279123,0.5165562913907285,0.2931835142069915,0.41274823546523365,0.2593738071463562,2114
127,5,evaluate,1.4015243436608995,0.6613816534541337,0.269728834127563,0.29365837233177333,0.22931020418658407,1766
128,0,evaluate,1.5432838456971305,0.6262740656851642,0.2683526374628952,0.2854961115486824,0.22267723167105583,1766
128,1,evaluate,2.321713540289137,0.37132784958871917,0.21847620880888102,0.16216691562724256,0.15017562795512357,1702
128,2,evaluate,1.6580184131860733,0.5824446267432322,0.19937146566619057,0.3362625723186471,0.18564602273244385,1219
128,3,evaluate,1.9704885813925002,0.5549645390070922,0.39654201236888476,0.3756384101838444,0.3637757579517101,1128
128,4,evaluate,2.1504714958595508,0.5229136517124939,0.3495112466224679,0.3514377554679243,0.31292426060451123,2073
128,5,evaluate,2.3098870901500477,0.4545884578997162,0.2928621669067916,0.3695643776828225,0.23980748308380914,2114
129,0,evaluate,2.2221369478437634,0.5132978723404256,0.3940065521748176,0.35690082589886774,0.34640295206312227,1128
129,1,evaluate,1.8438195914030076,0.5447087776866284,0.19916965317359256,0.3484074321317312,0.1803945539476408,1219
129,2,evaluate,1.453577771782875,0.6415628539071347,0.2679589685676642,0.2899637231524523,0.2259632173242494,1766
129,3,evaluate,2.3251419906263,0.38484136310223266,0.2203294260602712,0.18720482311390618,0.15489199759867556,1702
129,4,evaluate,2.38821897723458,0.4944524843222383,0.34499459863073356,0.34767336666342186,0.29750503997827815,2073
129,5,evaluate,2.0741993574535145,0.5141911069063387,0.30480940993872024,0.39089887515836885,0.265285901768808,2114
130,0,evaluate,2.0253579947683544,0.5558510638297872,0.39928266849187527,0.37726173800119406,0.36691520113716747,1128
130,1,evaluate,1.4769251963921957,0.636466591166478,0.26467825276940127,0.28542091859008883,0.219982817615424,1766
130,2,evaluate,1.6259275674819946,0.5849056603773585,0.19678791851991997,0.3015387182910547,0.18158463946863687,1219
130,3,evaluate,2.1646576173165264,0.489593188268685,0.30066175189975664,0.41677086141462266,0.25725681714219856,2114
130,4,evaluate,2.2715596791469688,0.477086348287506,0.34320156215630565,0.34797081658104556,0.2964332145767516,2073
130,5,evaluate,2.25087598518089,0.4036427732079906,0.223062219176179,0.16423944475283198,0.15833738298622452,1702
131,0,evaluate,2.208184970749749,0.526595744680851,0.3950050505300423,0.3683264942697607,0.35232455219618936,1128
131,1,evaluate,1.7459689944982528,0.5840853158326497,0.20415474972078745,0.35840609701824655,0.19350021587782687,1219
131,2,evaluate,2.2321562381351696,0.5033112582781457,0.30064449375367225,0.40037005021272654,0.2597906924913446,2114
131,3,evaluate,2.343804095730637,0.5055475156777617,0.3455151085145688,0.3521217192097185,0.3005853474826152,2073
131,4,evaluate,1.5228890223162515,0.6251415628539071,0.26524522178659354,0.28650135758035455,0.2230426806129467,1766
131,5,evaluate,2.501166061118797,0.37132784958871917,0.21967035010183916,0.17389920481639262,0.1504822023603696,1702
132,0,evaluate,2.1668140755759344,0.43595769682726204,0.22128426808232052,0.16540677591248948,0.16249328926382967,1702
132,1,evaluate,2.3938769354964746,0.47467438494934877,0.33883128049899175,0.3498827360263931,0.29383458503907345,2073
132,2,evaluate,2.120123435469235,0.5018921475875118,0.30847474583900414,0.4082532641592317,0.2639057692898154,2114
132,3,evaluate,2.096670640839471,0.5523049645390071,0.3991967613224435,0.37950239432272603,0.3665979687067666,1128
132,4,evaluate,1.5988091315541948,0.6058890147225368,0.26403468184956863,0.28049194941743183,0.21614929943554406,1766
132,5,evaluate,1.8579036265611648,0.5447087776866284,0.195091378384836,0.293281041388518,0.1693589138846719,1219
133,0,evaluate,2.4212355758204605,0.49300530631934397,0.3400602953081303,0.3523037831854479,0.29850435615142507,2073
133,1,evaluate,2.3446793379607023,0.38777908343125733,0.2216570991197857,0.1845516449949922,0.15767140912007413,1702
133,2,evaluate,1.781019325554371,0.5643970467596391,0.19041606365305788,0.30148931909212284,0.17236386172225995,1219
133,3,evaluate,2.225554492738512,0.524822695035461,0.3915136502499917,0.3655870476371328,0.35339434709442086,1128
133,4,evaluate,1.5422611747469221,0.6342015855039638,0.26662883522967473,0.28646316217496404,0.22227421620508844,1766
133,5,evaluate,2.1739899305736317,0.5080416272469253,0.2954077191312877,0.38808922363985654,0.2569127282817024,2114
134,0,evaluate,1.7910474866628647,0.5578342904019689,0.18906641032950583,0.31570894526034715,0.16504109654063503,1219
134,1,evaluate,2.304437537988027,0.5097517730496454,0.39225102943149476,0.35115566441287893,0.34502242941146644,1128
134,2,evaluate,1.3446024443422044,0.6676104190260476,0.2641199711307979,0.29375339653729976,0.22684019409878756,1766
134,3,evaluate,2.011337886838352,0.5354777672658467,0.3010796092263922,0.420479568205608,0.27051034003939517,2114
134,4,evaluate,2.5096283709561384,0.3754406580493537,0.22141259320336407,0.1916275837186961,0.15330948957292453,1702
134,5,evaluate,2.5539816003857236,0.4592378195851423,0.33589499201366857,0.3325151502721284,0.28346438733532386,2073
135,0,evaluate,2.1082215309143066,0.5460992907801419,0.3942290239142415,0.376132456235467,0.3587970700586799,1128
135,1,evaluate,1.7063876858779363,0.5855039637599094,0.2604118529097871,0.27725499382520286,0.2128544460886322,1766
135,2,evaluate,2.3614556368659523,0.47871333964049195,0.29695747897284674,0.3695896280299535,0.24845187073718916,2114
135,3,evaluate,2.129933410220676,0.4312573443008226,0.22034364725720806,0.18009459832799218,0.16396664122110047,1702
135,4,evaluate,1.9434324383735657,0.5217391304347826,0.19860813370991554,0.29321895861148195,0.1757289405766563,1219
135,5,evaluate,2.3034170071283975,0.49782923299565845,0.34224589974648084,0.34162650607327194,0.301457578563777,2073
136,0,evaluate,1.4895108214446477,0.6330690826727067,0.26386888038634154,0.2850964284098779,0.22058594361495917,1766
136,1,evaluate,1.7507660046219826,0.579163248564397,0.20401892768704907,0.3224619492656876,0.1898389732336319,1219
136,2,evaluate,2.1120584817493664,0.5302743614001892,0.2971808745268764,0.4163530469579294,0.2649736374946091,2114
136,3,evaluate,2.326278673277961,0.5159574468085106,0.3939903751138415,0.3590150808796934,0.34901246942556396,1128
136,4,evaluate,2.54911930994554,0.472744814278823,0.34009886204308415,0.3374946536554425,0.28884747399659083,2073
136,5,evaluate,2.450630276291459,0.37426556991774385,0.22033620439516807,0.18271208226416535,0.15197835805426502,1702
137,0,evaluate,1.7126290559768678,0.5906480721903199,0.19981039461334954,0.30472096128170895,0.1842085276563989,1219
137,1,evaluate,2.093776804559371,0.5283822138126774,0.3017709949711343,0.412342206910923,0.2646313072530621,2114
137,2,evaluate,2.5065498857787163,0.487698986975398,0.3438912081872997,0.3520098413759621,0.2996151780859,2073
137,3,evaluate,2.2260995043648615,0.5363475177304965,0.3923248900628339,0.36797957130865944,0.35592738559500275,1128
137,4,evaluate,2.362984780912046,0.3883666274970623,0.2241517886988164,0.18052857849046317,0.15730976372830321,1702
137,5,evaluate,1.668242756809507,0.5968289920724802,0.2670169490897625,0.27593527669332263,0.21409599999815382,1766
138,0,evaluate,2.2421580221917896,0.5212765957446809,0.3924916769217983,0.36054110643926707,0.35019323176358885,1128
138,1,evaluate,2.465207891030745,0.4794983116256633,0.34004548994850425,0.32628938892184756,0.292186848042466,2073
138,2,evaluate,2.3489414321051703,0.3971797884841363,0.2213101875762034,0.17390753949093796,0.15643849362770762,1702
138,3,evaluate,2.2327316087834976,0.5047303689687795,0.2996042140647675,0.382085033802032,0.2591344017545062,2114
138,4,evaluate,1.9153511703014374,0.5299425758818704,0.19380720370688825,0.2933738317757009,0.17146880435596254,1219
138,5,evaluate,1.4921800685780389,0.6455266138165345,0.2665444907665422,0.28936239075940173,0.22500480130432582,1766
139,0,evaluate,1.6498947083950042,0.5972108285479901,0.21083131686285989,0.305824432576769,0.19974157619661653,1219
139,1,evaluate,1.7280827036925726,0.5894677236693092,0.2635236938002883,0.27364628212669795,0.21091563134194855,1766
139,2,evaluate,2.1894623902108936,0.5487588652482269,0.38982253333728206,0.3751760033410609,0.3596509606775872,1128
139,3,evaluate,2.3411672910054526,0.40305522914218567,0.22034290330379713,0.15589497495005275,0.15556238493924512,1702
139,4,evaluate,2.3373542217647327,0.4796594134342479,0.28866002445660593,0.3709774326401813,0.24118361534597735,2114
139,5,evaluate,2.4955854921629936,0.4886637723106609,0.34134775869486295,0.3381538407457679,0.2986393088209877,2073
140,0,evaluate,1.7808575272560119,0.5520918785890074,0.20107256500885956,0.31472229639519356,0.18118207823814508,1219
140,1,evaluate,2.3642411761813693,0.5026595744680851,0.39284760280655046,0.3477042671513362,0.34251847333002106,1128
140,2,evaluate,2.148738212445203,0.5298013245033113,0.29854512212112533,0.4248488787982459,0.26575608114537197,2114
140,3,evaluate,2.572446758096868,0.44187168355041,0.33845257248062605,0.3192394451148421,0.2766103386829378,2073
140,4,evaluate,2.4266850727575795,0.3883666274970623,0.22011719166902094,0.1609567379145242,0.15111462154351185,1702
140,5,evaluate,1.406995592372758,0.6579841449603624,0.2662780381841525,0.2908067512046174,0.2255666753882422,1766
141,0,evaluate,1.9410871820790427,0.5634201585503964,0.26547489144684033,0.27302552670377117,0.20939128253063877,1766
141,1,evaluate,1.8745542615652084,0.5684987694831829,0.1812471902570258,0.2510080106809079,0.15590322909498688,1219
141,2,evaluate,2.1640336049927607,0.5602836879432624,0.3940445983034007,0.3817312497773825,0.362700637015063,1128
141,3,evaluate,2.39922829469045,0.408930669800235,0.21919965212626707,0.19700017742926948,0.15982300638891747,1702
141,4,evaluate,2.439112255067536,0.5151953690303908,0.3394784595976548,0.35722722163345594,0.30719785019099194,2073
141,5,evaluate,2.4569705303977516,0.44938505203405865,0.29617420451157944,0.3526152478331502,0.23492954970477178,2114
142,0,evaluate,2.4848175843556723,0.4920212765957447,0.3935685525663458,0.3410497139267664,0.3380553552613518,1128
142,1,evaluate,1.2987081131764822,0.6840317100792752,0.2660207648539862,0.29792453349235226,0.23011640951885623,1766
142,2,evaluate,1.8968592047691346,0.5307629204265791,0.1937206663069688,0.3098271028037383,0.16591026552551105,1219
142,3,evaluate,2.771154624444467,0.33666274970622795,0.22159881696162778,0.1727419741083434,0.14028388672079217,1702
142,4,evaluate,2.701062953833378,0.44138929088277856,0.3353986582382117,0.3133642226438482,0.2715652393558958,2073
142,5,evaluate,2.022628994549022,0.5458845789971618,0.3002160737886648,0.42007206700244676,0.27269351072741876,2114
143,0,evaluate,1.7063954561948775,0.5783429040196882,0.2195893396451535,0.3545482866043614,0.20371447172418877,1219
143,1,evaluate,2.2760453750105465,0.48344370860927155,0.2972078831221986,0.39160414081300154,0.24415723342823314,2114
143,2,evaluate,2.0222853294440677,0.5311438278595696,0.26630386547940377,0.26030244870279023,0.20124371449701378,1766
143,3,evaluate,2.1937493394922325,0.42244418331374856,0.2227019793068012,0.21271455803202288,0.16569635436931357,1702
143,4,evaluate,2.075990875562032,0.5567375886524822,0.39521783777948005,0.3744625256927341,0.36383651492690655,1128
143,5,evaluate,2.3693685856732456,0.4910757356488181,0.3359729948406772,0.3536371979460731,0.29732126109268997,2073
144,0,evaluate,1.8344036281108855,0.561115668580804,0.19946685946862058,0.3200607476635514,0.1851360758955522,1219
144,1,evaluate,2.2396632697847156,0.5292553191489362,0.39307300728481964,0.3613115830737589,0.35388088642835636,1128
144,2,evaluate,2.5513986658166954,0.36310223266745006,0.2238337876147123,0.20886924819258762,0.1545876665154511,1702
144,3,evaluate,2.4423643386725225,0.48914616497829233,0.3431583419811308,0.34569843392256894,0.29797749677053487,2073
144,4,evaluate,1.5112076444285256,0.6472253680634201,0.2671071634796528,0.2889514987904248,0.2238962388496216,1766
144,5,evaluate,2.1328435329829945,0.5179754020813624,0.30440926109389543,0.41353906020180886,0.267836989867433,2114
145,0,evaluate,2.2154538300302296,0.549645390070922,0.39865261141141517,0.3787542327935852,0.36537236334262246,1128
145,1,evaluate,1.895422794989177,0.5583238958097395,0.26769266149789755,0.26680706653515474,0.20790401010370257,1766
145,2,evaluate,2.4613785382473106,0.48721659430776654,0.3401340167684881,0.3487880537387474,0.29665525700420076,2073
145,3,evaluate,2.2086794552979647,0.42596944770857814,0.22041328576510183,0.19496738969246036,0.16404016213134218,1702
145,4,evaluate,2.265092530671288,0.5104068117313151,0.29884286028264373,0.41405413031814475,0.2583812736528067,2114
145,5,evaluate,1.8590518921613692,0.5463494667760459,0.20682197533845886,0.31643791722296394,0.18924875106152347,1219
146,0,evaluate,2.4117739266819425,0.49645390070921985,0.39107114104312185,0.34628743836012427,0.33801927659403597,1128
146,1,evaluate,1.3712482388530458,0.6874292185730464,0.26657943460099,0.30083134743525697,0.2324225072773533,1766
146,2,evaluate,2.1342955056358788,0.5255439924314097,0.2962466083527372,0.4205225572287056,0.2656782356251804,2114
146,3,evaluate,2.6078953995849146,0.46406174626145685,0.3447929294921888,0.3280127786767433,0.2847715357579789,2073
146,4,evaluate,1.78809612095356,0.5479901558654635,0.19911264799260242,0.3131248331108144,0.18048600639509263,1219
146,5,evaluate,2.7858705344023527,0.3296122209165687,0.21981427030932577,0.18639858013398009,0.14036191482698665,1702
147,0,evaluate,1.9294140892369407,0.557757644394111,0.2620668142340279,0.26997193660427754,0.2074739626492204,1766
147,1,evaluate,2.2922355322276844,0.4810785241248817,0.3012664448952821,0.3856114827452983,0.24969010297028973,2114
147,2,evaluate,1.8098963379859925,0.5520918785890074,0.17956185102718752,0.25052937249666224,0.15704575433357965,1219
147,3,evaluate,2.363726496696472,0.5123010130246021,0.34401460103784365,0.3623631256202709,0.30655724637826787,2073
147,4,evaluate,2.188182102309333,0.5390070921985816,0.3893529750881412,0.3730374483997509,0.35560099228177033,1128
147,5,evaluate,2.2852223493434765,0.4018801410105758,0.21638518952214572,0.17720469507530068,0.15462352262620532,1702
148,0,evaluate,2.3717413544654846,0.5186170212765957,0.4021314473060439,0.356365496005309,0.3540123080516529,1128
148,1,evaluate,1.964956146478653,0.5283018867924528,0.18417744069414016,0.29482910547396524,0.16180739608934513,1219
148,2,evaluate,2.16287996488459,0.5023651844843898,0.3024583787634971,0.41155526968998946,0.2629018784434415,2114
148,3,evaluate,1.3519484507186073,0.6874292185730464,0.2671855852031534,0.29871278504784315,0.23039966583124477,1766
148,4,evaluate,2.5937901048949272,0.47467438494934877,0.3380710765244766,0.3411463610673873,0.2925481419185484,2073
148,5,evaluate,2.456447645469948,0.37602820211515864,0.22248629001255202,0.16141791259482613,0.15310093521875912,1702
149,0,evaluate,1.922028946876526,0.5438884331419196,0.19685055910891888,0.3149052069425901,0.17974773740730338,1219
149,1,evaluate,2.1753656135665045,0.5531914893617021,0.3938815973144907,0.3710060980367823,0.36078862405598,1128
149,2,evaluate,2.2200274335013495,0.4435957696827262,0.2258175107435302,0.22578629039861306,0.1735519515253493,1702
149,3,evaluate,2.24924779288909,0.5028382213812678,0.3060514646143644,0.3931943122368077,0.2557213130580779,2114
149,4,evaluate,2.526885332483234,0.47226242161119153,0.3329516227610205,0.344783754418553,0.2898144708631601,2073
149,5,evaluate,2.0796125488621846,0.5271800679501699,0.265586191602602,0.2612265305886638,0.20166992402076697,1766
150,0,evaluate,1.78955796957016,0.5693191140278917,0.1864600611279928,0.3023591455273698,0.17214371135097228,1219
150,1,evaluate,2.8767713705698648,0.299647473560517,0.2226240307274267,0.161064250045954,0.13603965513942598,1702
150,2,evaluate,1.324640650834356,0.6902604756511891,0.2621132201275139,0.29901270056124674,0.22879672068830326,1766
150,3,evaluate,2.502730409304301,0.49686444766039556,0.3411685226875818,0.34709799713351447,0.29697270995330094,2073
150,4,evaluate,2.3585978282822504,0.5079787234042553,0.392349619129881,0.3488904504433942,0.34125197343771874,1128
150,5,evaluate,2.2222594759043526,0.48628192999053926,0.29969205488579903,0.4067897598223095,0.25860394229433387,2114
151,0,evaluate,2.2360230882962546,0.5381205673758865,0.3908365348736565,0.35991646655186676,0.353003711614664,1128
151,1,evaluate,2.14974695664865,0.46533490011750883,0.21972804630748474,0.19306841872139735,0.17070217205206092,1702
151,2,evaluate,2.448056953794816,0.47776726584673607,0.2948860711274414,0.3614753836652571,0.23667850896848286,2114
151,3,evaluate,1.8658039003610611,0.5479901558654635,0.1822880825774163,0.2415006675567423,0.14925636766917555,1219
151,4,evaluate,2.521644787354903,0.47563917028461167,0.33850359009012754,0.34448075969010283,0.2896916935580845,2073
151,5,evaluate,2.2575066217354367,0.4983012457531144,0.2666578979977972,0.25679164552819034,0.1985903575989783,1766
152,0,evaluate,1.9427636504173278,0.5406070549630845,0.19005581411199474,0.31545126835781045,0.17438399810465807,1219
152,1,evaluate,1.3867090046405792,0.6902604756511891,0.2642699259631366,0.297173814223247,0.22806124545863407,1766
152,2,evaluate,2.8903525228853577,0.31609870740305523,0.22325044921678888,0.16412157472399927,0.14018846598660056,1702
152,3,evaluate,2.682344191002123,0.4655089242643512,0.3392577105596553,0.3114600576684815,0.2843100856864525,2073
152,4,evaluate,2.527758459250132,0.5062056737588653,0.40105517289852716,0.3484878090038623,0.345826686122368,1128
152,5,evaluate,2.110224047127892,0.5288552507095553,0.2985004881284282,0.43678486949734696,0.26748494889409596,2114
153,0,evaluate,2.334355315741371,0.5023651844843898,0.30587751744118763,0.38344001765792,0.24990426610718072,2114
153,1,evaluate,2.5582914099548804,0.48287506029908345,0.34153583030446855,0.3509730214443569,0.294246028748251,2073
153,2,evaluate,2.2288200325436063,0.5531914893617021,0.3920862237489848,0.36545597103692967,0.3581239871037656,1128
153,3,evaluate,2.321287704365594,0.5090600226500567,0.2709570341582537,0.2600220229051027,0.20232475004962494,1766
153,4,evaluate,2.2309543909849943,0.44770857814336074,0.2193998686607468,0.19834104469404978,0.16721194176888235,1702
153,5,evaluate,1.9378988057374955,0.5447087776866284,0.18047656252074434,0.2622676902536716,0.14972386506773175,1219
154,0,evaluate,2.8805541374065258,0.3202115158636898,0.2232308845440106,0.1741616044277392,0.14268259834747182,1702
154,1,evaluate,1.8890229791402817,0.5561936013125512,0.19134532710500526,0.30032109479305735,0.1768857118877114,1219
154,2,evaluate,1.3934231357915061,0.6936579841449604,0.2623772078413442,0.2999948090994436,0.2297067623692966,1766
154,3,evaluate,2.4726766612794666,0.5212765957446809,0.39783959399821744,0.3580364211934207,0.35141817761695426,1128
154,4,evaluate,2.4487677391837623,0.48202459791863767,0.29432117049724177,0.3807279227785557,0.2518962336385538,2114
154,5,evaluate,2.6312923467520513,0.4867342016401351,0.34650230676117644,0.34538533680185024,0.298158131425467,2073
155,0,evaluate,2.3239476018481784,0.5407801418439716,0.3967780508779848,0.37215261254974097,0.35793641213373906,1128
155,1,evaluate,2.1930517664662115,0.46298472385428907,0.22091972039788357,0.225297996472582,0.1727658159968567,1702
155,2,evaluate,2.6490914460384483,0.46792088760250844,0.34009231223849695,0.3368982497621976,0.28519313396550705,2073
155,3,evaluate,2.325803402592154,0.5127719962157048,0.3102339823351651,0.3715384206722362,0.25550968469625174,2114
155,4,evaluate,2.1904236018657683,0.5012305168170632,0.20875834683768346,0.3052837116154873,0.18077519368480516,1219
155,5,evaluate,2.2060586554663524,0.515855039637599,0.2631222331590502,0.26192700737496777,0.2018818656389944,1766
156,0,evaluate,2.400582810242971,0.5195035460992907,0.39190142673616546,0.3560391730002054,0.3487254717854835,1128
156,1,evaluate,1.4102743906634194,0.6981879954699887,0.2633431204585155,0.3021188403489517,0.23145586181686212,1766
156,2,evaluate,2.600663835352117,0.4852870236372407,0.3430623977367284,0.3436272858569366,0.29514379994771495,2073
156,3,evaluate,2.352046507246354,0.4990539262062441,0.29597374214381017,0.4170389108228168,0.25903933561207604,2114
156,4,evaluate,1.8167780965566636,0.5627563576702215,0.1945168521954236,0.2999045393858478,0.17740721054984912,1219
156,5,evaluate,2.8275216773704246,0.318448883666275,0.2207412852581711,0.14876411496370454,0.13754797814344288,1702
157,0,evaluate,2.3899248705969915,0.5425531914893617,0.39618570793102625,0.3815951844379904,0.3615441485923407,1128
157,1,evaluate,1.9582840161664146,0.5826727066817667,0.2672697960267557,0.27330825970686873,0.21218804795133295,1766
157,2,evaluate,2.001989158987999,0.5529122231337161,0.19114414927724485,0.32058144192256344,0.17682423378880197,1219
157,3,evaluate,2.3379680935074303,0.5099337748344371,0.30927869521268037,0.401832693160903,0.2610176335460248,2114
157,4,evaluate,2.6346169168298896,0.4934876989869754,0.33220159356639545,0.3539322075959214,0.29541075486304597,2073
157,5,evaluate,2.4896497593985663,0.39306698002350177,0.2216840927985822,0.19265889058714916,0.15940506116976705,1702
158,0,evaluate,2.4998973541789584,0.5132978723404256,0.3927790729163161,0.35399056198769807,0.34641637072409176,1128
158,1,evaluate,1.3363248854875565,0.7072480181200453,0.263681211344356,0.30547202624375724,0.2340539396619968,1766
158,2,evaluate,2.9142356801916054,0.3407755581668625,0.2237836520935354,0.20895113131383908,0.1491947745089058,1702
158,3,evaluate,2.7826440767808394,0.4573082489146165,0.33949473423244136,0.3288049340857297,0.2834448179269004,2073
158,4,evaluate,2.2896972754422356,0.522232734153264,0.30013581588725025,0.40767676978707723,0.26830849045170535,2114
158,5,evaluate,2.0599544048309326,0.5365053322395406,0.19934365743049431,0.3108137516688919,0.1776360180565455,1219
159,0,evaluate,1.9564091920852662,0.5422477440525021,0.19919778986947123,0.3139959946595461,0.18123602788570334,1219
159,1,evaluate,2.352481312221951,0.5328014184397163,0.3917515197506706,0.36405716771830365,0.3548806101382317,1128
159,2,evaluate,1.9196451221193587,0.5645526613816535,0.26593761990746145,0.2686447307149132,0.20900581008816302,1766
159,3,evaluate,2.3325125729596174,0.4212690951821387,0.22171576899813666,0.20647958933852642,0.16596876374768124,1702
159,4,evaluate,2.6272182392351553,0.47660395561987456,0.34594702949484485,0.3250407677267112,0.29224315060008443,2073
159,5,evaluate,2.3056677614941314,0.521286660359508,0.29896523055479773,0.378678107606679,0.2560586841188177,2114
160,0,evaluate,2.608219098161768,0.3625146886016451,0.2195067305638856,0.21248231364117826,0.15070210649097143,1702
160,1,evaluate,2.4664305647214255,0.5159574468085106,0.3972225919492077,0.3605689561381732,0.349829732511624,1128
160,2,evaluate,2.2290084467214695,0.5193945127719962,0.29895649678382813,0.38430598610616695,0.2593861166834014,2114
160,3,evaluate,1.4724522743906294,0.6545866364665912,0.2682080410567524,0.29288317499684363,0.22781846312554924,1766
160,4,evaluate,1.8903810560703278,0.5422477440525021,0.19383329552543527,0.3133204272363151,0.17788720380823672,1219
160,5,evaluate,2.6625705415552314,0.4732272069464544,0.3394652061332761,0.34082720230722907,0.2900478889794216,2073
161,0,evaluate,1.962275403738022,0.5545529122231337,0.18757951022012836,0.3000874499332443,0.16995419628914776,1219
161,1,evaluate,2.3931016325950623,0.5398936170212766,0.394880270525391,0.3677774261822789,0.35762243705385643,1128
161,2,evaluate,2.2850507673095253,0.5075685903500473,0.307431566564992,0.4138907337469724,0.26530516244896474,2114
161,3,evaluate,2.663505261594599,0.48914616497829233,0.3357153016652591,0.3382995700883884,0.29661649517789523,2073
161,4,evaluate,2.528934125547056,0.3854289071680376,0.22402810828610428,0.21406141513132865,0.16162414650324708,1702
161,5,evaluate,1.7642175895827157,0.6075877689694225,0.2680304836001679,0.2788142982218426,0.2163322224263911,1766
162,0,evaluate,2.4896255996492176,0.5203900709219859,0.3992035724361354,0.35833818568327086,0.3528915675366438,1128
162,1,evaluate,2.508474588394165,0.3883666274970623,0.2221946780685798,0.20045163443560887,0.15619190627347804,1702
162,2,evaluate,2.307558578603408,0.5175023651844843,0.29942742104907455,0.40945016781273563,0.2620853047013815,2114
162,3,evaluate,2.799800724694223,0.4442836468885673,0.3377418223455321,0.3250486262766891,0.27965702569182527,2073
162,4,evaluate,2.0003804892301558,0.5406070549630845,0.19474159338299818,0.31089118825100137,0.1737022325912492,1219
162,5,evaluate,1.54707470536232,0.6455266138165345,0.26606568032685407,0.28850016030154063,0.22448111488239256,1766
163,0,evaluate,2.045320126414299,0.5520918785890074,0.19493100994115192,0.2973724966622163,0.1752763708289315,1219
163,1,evaluate,2.368804633617401,0.5390070921985816,0.3898577431816297,0.3710911717988103,0.3543377227720904,1128
163,2,evaluate,1.80292181457792,0.5973952434881087,0.26448327916400216,0.27691800036164915,0.21384255661650756,1766
163,3,evaluate,2.6843864953879155,0.48287506029908345,0.3397399029613937,0.35358266206837163,0.2969730230144343,2073
163,4,evaluate,2.4341471901646368,0.41421856639247945,0.22233046765723036,0.19766511520980629,0.1639049243775537,1702
163,5,evaluate,2.444465367233052,0.4914853358561968,0.30844610989222887,0.40215281573419004,0.26094725986786593,2114
164,0,evaluate,1.5638153212411063,0.6443941109852774,0.26572168191734286,0.2878711320950882,0.22296553339579553,1766
164,1,evaluate,2.579288226586801,0.38660399529964745,0.223032554808003,0.17156636757943292,0.15532975404388885,1702
164,2,evaluate,2.5889280902014837,0.5177304964539007,0.4011138314633181,0.353011925768108,0.35198577896599087,1128
164,3,evaluate,2.1955872654914854,0.5135356849876949,0.1890489374424115,0.3127783711615487,0.17042557372133207,1219
164,4,evaluate,2.7090977719335845,0.48480463096960924,0.34491433085781764,0.3280368114623505,0.2973524943761146,2073
164,5,evaluate,2.3209007522639107,0.5227057710501419,0.30466477543495674,0.41681583132668126,0.2663877375396217,2114
165,0,evaluate,2.2891948289341397,0.5567375886524822,0.3963857444843052,0.3776909207791508,0.36332580558803623,1128
165,1,evaluate,2.130164164304733,0.5291222313371616,0.21009724701843463,0.3106068090787717,0.19078202957121632,1219
165,2,evaluate,1.8848926297255926,0.5883352208380521,0.26522622626081327,0.27689494326512093,0.21424191649958996,1766
165,3,evaluate,2.2967232598198786,0.4371327849588719,0.2141265783195864,0.18545066334946317,0.16023303196964245,1702
165,4,evaluate,2.6295394030484287,0.48191027496382055,0.3407149480262014,0.31409204539030716,0.29320737819049725,2073
165,5,evaluate,2.583327146137462,0.45931882686849573,0.2967015792024364,0.36635883978198625,0.2407759848936876,2114
166,0,evaluate,1.39809573335307,0.6862967157417894,0.2667669164907351,0.2953254273343911,0.2273379866543887,1766
166,1,evaluate,2.6321248014767966,0.5088652482269503,0.40477474080819575,0.34788247948284645,0.349706422569173,1128
166,2,evaluate,2.8601841308452465,0.3425381903642773,0.22248256291288016,0.16527389936372416,0.14526684618174496,1702
166,3,evaluate,2.8331242763634883,0.45200192957067054,0.33910942431018487,0.32245465377380805,0.2808980692333735,2073
166,4,evaluate,2.0487110406160354,0.5430680885972108,0.19221125478102757,0.3474982198486872,0.17149588191493226,1219
166,5,evaluate,2.166292863733628,0.5397350993377483,0.29575357312766976,0.4047662433358636,0.2655399951197479,2114
167,0,evaluate,2.274740382477089,0.44477085781433606,0.21396423318702337,0.18570825710322297,0.16199893786836775,1702
167,1,evaluate,2.242371845245361,0.5250205086136177,0.20636248290948864,0.34357699154428123,0.1848506239418909,1219
167,2,evaluate,2.36697510878245,0.550531914893617,0.3915455534024804,0.3806955065802833,0.35774915861827444,1128
167,3,evaluate,2.6427657279101284,0.492040520984081,0.34122031263848085,0.3410462876399697,0.296414206423491,2073
167,4,evaluate,2.631794042447034,0.4489120151371807,0.3043234045265666,0.34978433689374017,0.2402467766984664,2114
167,5,evaluate,2.114401170185634,0.5317100792751982,0.266209724166668,0.26476237273802095,0.20380765333030132,1766
168,0,evaluate,2.933654034579242,0.31551116333725027,0.21773765241850346,0.14137343012808606,0.13355013646302702,1702
168,1,evaluate,1.8748607963323594,0.5643970467596391,0.19421838721957835,0.3191769025367156,0.17975205109479037,1219
168,2,evaluate,2.700838247934977,0.49556737588652483,0.3930515261542059,0.3439514338095999,0.33920506419274166,1128
168,3,evaluate,2.8680461753498423,0.44958996623251324,0.336488102274581,0.3225981581513923,0.2786466009804722,2073
168,4,evaluate,1.372603131192071,0.6964892412231031,0.26310607543791403,0.29842521202388816,0.22795521885402703,1766
168,5,evaluate,2.3055316840901092,0.5070955534531694,0.29493396610891953,0.39719731451286605,0.2583912787146357,2114
169,0,evaluate,2.1750821858644485,0.5176374077112387,0.17714328922636008,0.2584125500667557,0.14851537654452804,1219
169,1,evaluate,2.3346470130814447,0.5540780141843972,0.3956737133387634,0.37715402511022267,0.36239950877802246,1128
169,2,evaluate,2.295302464681513,0.5141911069063387,0.30755784746341003,0.38866520047080627,0.25771894818165575,2114
169,3,evaluate,2.700648647366148,0.47563917028461167,0.33909351238582547,0.3321611405290162,0.29063317021621626,2073
169,4,evaluate,2.262684526266875,0.45475910693301996,0.22161057948129564,0.21746390269333613,0.17159604299337408,1702
169,5,evaluate,2.3218939687524522,0.5016987542468856,0.2670262596969872,0.25496055956374847,0.19615693565608674,1766
170,0,evaluate,2.647968464427524,0.499113475177305,0.3915703394675121,0.3410703097692801,0.33819264419341905,1128
170,1,evaluate,1.9235758990049363,0.5652173913043478,0.1896127163332304,0.3186181575433912,0.1786031745877798,1219
170,2,evaluate,2.492131843286402,0.4810785241248817,0.2920757202412874,0.4049114291700187,0.25098823525780906,2114
170,3,evaluate,1.3298346613134657,0.7095130237825594,0.2670143760580359,0.30284431373022674,0.2327892415951295,1766
170,4,evaluate,2.796550635135535,0.47660395561987456,0.33546806381023886,0.33552144384669874,0.28719002537901556,2073
170,5,evaluate,3.0693018348128707,0.2984723854289072,0.21968264361795006,0.13184853410090805,0.13156036131875973,1702
171,0,evaluate,2.143560045957565,0.534864643150123,0.17704589178728353,0.2618791722296395,0.149327170661317,1219
171,1,evaluate,2.4441159764925637,0.5425531914893617,0.39169897812673754,0.37066532158714605,0.35608676739029,1128
171,2,evaluate,2.217384363923754,0.5152887882219706,0.26757227222006685,0.25771848085369137,0.1990304173387425,1766
171,3,evaluate,2.8362076643741494,0.46406174626145685,0.3363496139247847,0.34237109845416713,0.28742663968079474,2073
171,4,evaluate,2.1881676456507515,0.5345316934720908,0.30816741857046104,0.40901502749242347,0.26334184026864615,2114
171,5,evaluate,2.3208371577439486,0.44300822561692127,0.2229781812249895,0.21174029236231773,0.17120685365569452,1702
172,0,evaluate,2.4777346814379975,0.5009460737937559,0.29847088112109565,0.432143858878036,0.2617003766303495,2114
172,1,evaluate,2.7827899720933704,0.35605170387779084,0.21769561738786614,0.1660627839887146,0.14665056360910397,1702
172,2,evaluate,2.0273045152425766,0.5594749794913864,0.1957214317035904,0.3193204272363151,0.18421267963079296,1219
172,3,evaluate,2.5326874521043568,0.5177304964539007,0.38754059824582343,0.3552550409370703,0.3451257021315567,1128
172,4,evaluate,1.5897231974772044,0.6664779161947905,0.2677309514362205,0.2935595233505578,0.22726002441836535,1766
172,5,evaluate,2.715803926641291,0.4843222383019778,0.33813533324954576,0.34405775358223967,0.2941489120704531,2073
173,0,evaluate,2.7019008036815757,0.48480463096960924,0.3411997871846514,0.3302444359547819,0.2945837045739437,2073
173,1,evaluate,1.7229395295892442,0.6206115515288788,0.26655996551617456,0.28532739575080573,0.22140096776239893,1766
173,2,evaluate,2.419423394733005,0.5354609929078015,0.3960776784805077,0.3701752464352313,0.3570604647961993,1128
173,3,evaluate,2.514218317137824,0.41539365452408933,0.22257458683158998,0.22583930020606607,0.16437902848059321,1702
173,4,evaluate,2.1479658633470535,0.5340442986054142,0.19985055426397633,0.34486203827325324,0.18079415573266328,1219
173,5,evaluate,2.5010491539450252,0.5023651844843898,0.30077683098449703,0.3934497643014822,0.2593656717149533,2114
174,0,evaluate,2.029421353340149,0.5512715340442986,0.19273773773773775,0.3140987983978638,0.17293478362647535,1219
174,1,evaluate,2.5178517633014255,0.3983548766157462,0.22213403313701882,0.21753536709124388,0.16228348293814882,1702
174,2,evaluate,2.8172314961751304,0.4732272069464544,0.34085743150645087,0.3414727360406785,0.29108177454273615,2073
174,3,evaluate,1.7118791852678572,0.6149490373725934,0.2667548912866738,0.2818019646944722,0.21901455624985036,1766
174,4,evaluate,2.3217629825367645,0.5264900662251656,0.3038769454777098,0.40066559514479944,0.2666518148728454,2114
174,5,evaluate,2.467583437760671,0.5310283687943262,0.38952885832779816,0.3551065677936775,0.35358954104297646,1128
175,0,evaluate,2.0813844919204714,0.5414273995077933,0.1858521805128644,0.3115146862483311,0.16348356793082958,1219
175,1,evaluate,2.4800766242874994,0.5416666666666666,0.39222388754580645,0.3703686778892322,0.3575892041971226,1128
175,2,evaluate,2.5415082419360124,0.40540540540540543,0.2225213816065028,0.20040295285004203,0.16323305188867757,1702
175,3,evaluate,1.5276410749980383,0.6704416761041903,0.26748968942827017,0.2950912204327607,0.22856650480304372,1766
175,4,evaluate,2.8318466200973047,0.47081524360829713,0.33873681537015693,0.34789885189559266,0.2925110469448221,2073
175,5,evaluate,2.49412742432426,0.4806054872280038,0.29802764164823026,0.3935766669672637,0.254928714324411,2114
176,0,evaluate,2.1227009415626528,0.5463494667760459,0.1926861431518108,0.31474899866488654,0.17305804601098126,1219
176,1,evaluate,2.4620777403607086,0.5160832544938505,0.3035538832861605,0.3990579860001199,0.26415019736424206,2114
176,2,evaluate,2.4669257005055747,0.4095182138660399,0.22098860345868587,0.22018494735575644,0.16322655766034616,1702
176,3,evaluate,2.7586614579865425,0.4910757356488181,0.34435607884613373,0.35072121111566207,0.29901735461957485,2073
176,4,evaluate,2.4843975239329867,0.5416666666666666,0.39434326998918523,0.36678494201803985,0.3581698055147268,1128
176,5,evaluate,1.8096584507397242,0.6109852774631936,0.2678036035623109,0.28101403285707305,0.21899269136141006,1766
177,0,evaluate,1.5313785203865595,0.6766704416761042,0.2631266776568605,0.297304807025701,0.22867091300661166,1766
177,1,evaluate,2.661622678792035,0.3707403055229142,0.21999387498471937,0.16459839991888253,0.1495963600056392,1702
177,2,evaluate,2.5486341609674343,0.49526963103122046,0.29661972254278035,0.3990361860904356,0.2572092617300771,2114
177,3,evaluate,2.1779957562685013,0.5340442986054142,0.19827764572722129,0.3145166889185581,0.18490412050435137,1219
177,4,evaluate,2.6479678485128613,0.5106382978723404,0.39924010741302746,0.372210709154674,0.3495734001109328,1128
177,5,evaluate,2.7888296445210776,0.47756874095513746,0.3421150641730802,0.3411393637283659,0.29300793420980387,2073
178,0,evaluate,2.1950903654098513,0.5455291222313372,0.17560340001017966,0.264411214953271,0.14835262192080992,1219
178,1,evaluate,2.522200827245359,0.4171562867215041,0.21711464625582902,0.18237083961209108,0.15885159664908027,1702
178,2,evaluate,2.180621717657362,0.5419026047565119,0.2675376823133981,0.2638289891123463,0.2039967490995087,1766
178,3,evaluate,2.5278035733434887,0.549645390070922,0.38875145571523867,0.37327448959829007,0.3592113235719593,1128
178,4,evaluate,2.224957946468802,0.5402081362346263,0.31018137208275876,0.40162841886621276,0.26800657267214734,2114
178,5,evaluate,2.9604771570725874,0.46888567293777134,0.3354103984450735,0.343170949660587,0.2877313025789442,2073
179,0,evaluate,2.6444011529286704,0.5150709219858156,0.394724637402216,0.35622283715999103,0.34704989397430497,1128
179,1,evaluate,1.4137431212833949,0.6976217440543602,0.2642165668012184,0.3030322157297637,0.23298995450551602,1766
179,2,evaluate,2.57099913148319,0.47303689687795647,0.30146995546733557,0.40681381506426717,0.2573775039617501,2114
179,3,evaluate,2.744164095984565,0.3584018801410106,0.21803929572154557,0.17088739314859033,0.14524330478950376,1702
179,4,evaluate,2.8799107002489492,0.4751567776169802,0.3404979579062354,0.343752524705224,0.2915862849627607,2073
179,5,evaluate,2.236643922328949,0.5242001640689089,0.1898943536277054,0.32442145082331997,0.16750993171463685,1219
180,0,evaluate,2.4589604801601834,0.5363475177304965,0.39135465906199174,0.38965269589735135,0.3579557192812798,1128
180,1,evaluate,1.8896435882364,0.5855039637599094,0.2656626595240513,0.27419646149477966,0.21286570950693565,1766
180,2,evaluate,2.324073314666748,0.532166508987701,0.3028712367544428,0.4011566471259057,0.2644000882665165,2114
180,3,evaluate,2.5817599870540477,0.3789659224441833,0.21966075887988037,0.1915954425312253,0.15436787191727902,1702
180,4,evaluate,2.7877277171973027,0.48914616497829233,0.33753784913888285,0.3496738949204268,0.29523845487813327,2073
180,5,evaluate,2.005148297548294,0.5594749794913864,0.19706615420451898,0.31847596795727634,0.1814280890140783,1219
181,0,evaluate,2.735387861728668,0.5079787234042553,0.3880647098718434,0.3484916648499192,0.3421738259894699,1128
181,1,evaluate,3.024964943076625,0.46792088760250844,0.33962285334451364,0.32367482133444025,0.2884390664401463,2073
181,2,evaluate,2.4817344476194942,0.4966887417218543,0.297827677320186,0.41094245862148215,0.2601461399309395,2114
181,3,evaluate,2.8027344014909534,0.3572267920094007,0.22190092980085,0.18527573144106263,0.1497547713683164,1702
181,4,evaluate,2.3010925233364103,0.527481542247744,0.18834832062726187,0.3110487316421896,0.16118183891093363,1219
181,5,evaluate,1.4011845971856798,0.6970554926387316,0.2668358489756718,0.3012936074442936,0.23273046098640462,1766
182,0,evaluate,2.1210371426173618,0.551528878822197,0.2669887588410054,0.266583469537603,0.2071062360274615,1766
182,1,evaluate,2.4967632161246405,0.5452127659574468,0.3907380546860336,0.37159490210678825,0.3578821142026296,1128
182,2,evaluate,2.4894196369029857,0.4206815511163337,0.22478979129910806,0.2091125174372766,0.16795903298463616,1702
182,3,evaluate,2.2249724745750425,0.5479901558654635,0.1940944297766633,0.317347129506008,0.17417552440058065,1219
182,4,evaluate,2.816752726381475,0.4886637723106609,0.3332283971572765,0.35129849132983015,0.29360845249042267,2073
182,5,evaluate,2.4300840356770683,0.5203405865657521,0.30607954493004835,0.38136468831495957,0.2619172366197994,2114
183,0,evaluate,2.3277338206768037,0.527481542247744,0.19967910469166927,0.410256341789052,0.17949989833141927,1219
183,1,evaluate,2.598359360414393,0.49621570482497634,0.29922273567232943,0.4019263441704671,0.2623312760604349,2114
183,2,evaluate,2.6800801621543036,0.525709219858156,0.4044876927535552,0.35077042332027036,0.35378184385442146,1128
183,3,evaluate,2.990411149130927,0.3584018801410106,0.220445678040955,0.17846581983575294,0.14761347699183186,1702
183,4,evaluate,1.5041822897536414,0.6993204983012458,0.2629087960496011,0.3019960237290405,0.23126147272732211,1766
183,5,evaluate,2.996966835224267,0.4655089242643512,0.34488433106521266,0.33390920846754046,0.2902323349426771,2073
184,0,evaluate,2.1871000704941927,0.481786133960047,0.2207672498680922,0.22208821126966,0.17666397468078138,1702
184,1,evaluate,2.52183393871083,0.4981078524124882,0.30175603499701464,0.3657672430204076,0.24797855894261964,2114
184,2,evaluate,2.89986730705608,0.46406174626145685,0.33973319540919544,0.33935431167714303,0.28461207475091954,2073
184,3,evaluate,2.3888579479285648,0.4988674971687429,0.2666066185106883,0.2559701489002564,0.1997334057779848,1766
184,4,evaluate,2.313586699962616,0.5209187858900738,0.18362531046265512,0.3580874499332443,0.14937939544404116,1219
184,5,evaluate,2.532223251130846,0.525709219858156,0.3891982728690805,0.3545194501034172,0.3482436631104135,1128
185,0,evaluate,2.665283623863669,0.45931882686849573,0.2922335553562813,0.4133049483872269,0.2486847819843172,2114
185,1,evaluate,2.9422391400192724,0.47998070429329476,0.3406359591354803,0.3404259361638603,0.29124184096607986,2073
185,2,evaluate,1.3623855199132646,0.7270668176670442,0.2638518280285455,0.3075670672266931,0.23436875934393314,1766
185,3,evaluate,2.714392774634891,0.5035460992907801,0.3950466651361976,0.3467247578076044,0.34127874879263664,1128
185,4,evaluate,2.093149283528328,0.5397867104183757,0.1898480376497169,0.2946068090787717,0.16981832535351923,1219
185,5,evaluate,3.222102968781083,0.29612220916568743,0.21741873426181185,0.1251689311252057,0.1276359846049799,1702
186,0,evaluate,2.3533518970012666,0.5127153404429861,0.18580276922522912,0.2592316421895861,0.15479597741563092,1219
186,1,evaluate,2.329678738558734,0.45240893066980026,0.21811960776189823,0.21794539779982838,0.16765996318134413,1702
186,2,evaluate,2.5372521016332836,0.525709219858156,0.39624752762717164,0.3655748561379606,0.3523602042964594,1128
186,3,evaluate,2.707142310483115,0.4546998867497169,0.2673153412473712,0.24871437366658702,0.1890020968258949,1766
186,4,evaluate,2.808856248855591,0.48287506029908345,0.34579520022092197,0.30946069061771886,0.29177373965625575,2073
186,5,evaluate,2.5723010967759525,0.5193945127719962,0.31397269059125354,0.38897442948527944,0.25573371757295044,2114
187,0,evaluate,2.0995582550764085,0.5414273995077933,0.1881268645422981,0.29636048064085446,0.17376469031817082,1219
187,1,evaluate,2.738890767097473,0.5088652482269503,0.3976010170556771,0.3657341478433021,0.34663553749811016,1128
187,2,evaluate,1.4665351190737315,0.7044167610419027,0.26389415326883114,0.30305354834293985,0.2322751817766245,1766
187,3,evaluate,3.0734683054464833,0.30434782608695654,0.21544583966309636,0.14519223856128644,0.13258784829850723,1702
187,4,evaluate,2.625822193482343,0.4824976348155156,0.2977866868251514,0.40429941013485315,0.2552600659145326,2114
187,5,evaluate,2.877827738270615,0.492040520984081,0.3491721741250748,0.34864765645519447,0.30027199632350093,2073
188,0,evaluate,2.51311895582411,0.5345744680851063,0.3978615701922674,0.3652330067132901,0.35791810373265387,1128
188,1,evaluate,2.2772262036800384,0.5184577522559475,0.1949821603790764,0.3101014686248331,0.1708544177126759,1219
188,2,evaluate,2.5049677456126496,0.5175023651844843,0.30908474586378415,0.39949979073758457,0.2632802156264004,2114
188,3,evaluate,2.1140559145382474,0.5543601359003397,0.2688751219645484,0.26784355394791576,0.2095281253405558,1766
188,4,evaluate,2.366451766755846,0.4482961222091657,0.22261874586167654,0.21766842033936737,0.16970184094566593,1702
188,5,evaluate,2.7946988199696396,0.482392667631452,0.3368393581757629,0.3476151017626866,0.29381774388446846,2073
189,0,evaluate,2.6895463864008584,0.5195035460992907,0.39560635276822553,0.36278678904172434,0.3510710891839608,1128
189,1,evaluate,2.474899775841657,0.5094607379375591,0.2990501172763219,0.4073302522217531,0.2639789627489569,2114
189,2,evaluate,2.1511717408895494,0.5553732567678425,0.18743122858620437,0.2973331108144192,0.16400692715459556,1219
189,3,evaluate,2.979902253006444,0.4664737095996141,0.341951280699152,0.33857959374924107,0.290320968317089,2073
189,4,evaluate,1.589725626366479,0.6789354473386183,0.2660823769916658,0.2963625217752638,0.22825300361972908,1766
189,5,evaluate,2.918914688958062,0.33431257344300824,0.21881075343827233,0.1385186847254019,0.13947418493329528,1702
190,0,evaluate,1.9412162431648798,0.5956964892412231,0.2693010929827397,0.2785179120720902,0.2195692055156091,1766
190,1,evaluate,2.7444781941526077,0.47540208136234624,0.3020256179528507,0.3976506637636837,0.25126546357676827,2114
190,2,evaluate,2.8729815266349097,0.4901109503135552,0.3339189982152847,0.33699763136375205,0.2948748243237077,2073
190,3,evaluate,2.2401832222938536,0.5332239540607056,0.18782690235290558,0.29417890520694256,0.1662231568449329,1219
190,4,evaluate,2.7286420000924005,0.524822695035461,0.3924900716831505,0.3576659472480571,0.34814359076186047,1128
190,5,evaluate,2.5209908573715776,0.41656874265569915,0.2199670019192593,0.18770799582539405,0.16130735967620147,1702
191,0,evaluate,2.189125084877014,0.5422477440525021,0.1909596422273958,0.3948404539385848,0.17058186968412845,1219
191,1,evaluate,3.0207832582069165,0.4684032802701399,0.33919220631457814,0.3404286845900585,0.28972267090726617,2073
191,2,evaluate,2.6999899016486273,0.525709219858156,0.39411912582657954,0.36181152677106654,0.35207825807366977,1128
191,3,evaluate,2.64184182661551,0.3836662749706228,0.21977192458728897,0.17388480503522002,0.15456839158172248,1702
191,4,evaluate,2.4663968331673565,0.5094607379375591,0.30214438917104347,0.4021435274075419,0.2643359758632008,2114
191,5,evaluate,1.742269081728799,0.6545866364665912,0.26763749672782655,0.29010868632672415,0.22468816311963397,1766
192,0,evaluate,2.162127634882927,0.5561936013125512,0.1897188787681631,0.2976188251001335,0.17148044682690744,1219
192,1,evaluate,1.9326185158320837,0.6041902604756512,0.26951744982653986,0.27996085154800954,0.22012703716603105,1766
192,2,evaluate,2.7565780304096363,0.3754406580493537,0.2180317798555945,0.21126532342308443,0.1532242046947157,1702
192,3,evaluate,2.8366450757691353,0.4843222383019778,0.33356449856719383,0.34069620946772877,0.2890130375895211,2073
192,4,evaluate,2.5746682617399426,0.5354609929078015,0.3995258974922945,0.37133262002547773,0.3594840692470087,1128
192,5,evaluate,2.6461799460298874,0.4990539262062441,0.29170908771297255,0.38830323398316163,0.25019945472872707,2114
193,0,evaluate,3.013117840795806,0.4732272069464544,0.34204529306789355,0.3471149524793182,0.2948898868620987,2073
193,1,evaluate,1.6145388867173875,0.6738391845979615,0.26373984137534706,0.29739730090870864,0.22792794317875192,1766
193,2,evaluate,2.738870276345147,0.3654524089306698,0.21130635212207588,0.15033049273148252,0.1410947105499945,1702
193,3,evaluate,2.6303522057003446,0.5363475177304965,0.394243040744713,0.3838593347992898,0.3581486982723158,1128
193,4,evaluate,2.3884844720363616,0.5184577522559475,0.1909687468346842,0.2900493991989319,0.164134754949468,1219
193,5,evaluate,2.5861637311823227,0.47776726584673607,0.30058786985759467,0.392028688627242,0.25529421311920536,2114
194,0,evaluate,2.226378393173218,0.5332239540607056,0.19455565676382663,0.3122042723631509,0.17307382330170978,1219
194,1,evaluate,2.9098558064663047,0.4602026049204052,0.33898385942644743,0.31177562617893556,0.28363918936968474,2073
194,2,evaluate,2.67939156293869,0.5079787234042553,0.3990330833745175,0.34984178167856317,0.3485412652235139,1128
194,3,evaluate,2.3522446471102096,0.5506149479659413,0.29921900053363054,0.40735860244540173,0.2676729443419329,2114
194,4,evaluate,1.8863545230456762,0.5877689694224235,0.2667260451564989,0.27307211081386673,0.21403785465158415,1766
194,5,evaluate,2.5209857799388744,0.3936545240893067,0.22232068769021632,0.22489913416706236,0.160105995600955,1702
195,0,evaluate,2.4819609787729053,0.5567375886524822,0.3894976125843222,0.3792421558004255,0.3611357160533445,1128
195,1,evaluate,2.269129219651222,0.5447087776866284,0.19500251050142622,0.27474899866488656,0.17119126966609632,1219
195,2,evaluate,2.918260967030245,0.4309366130558184,0.300495950680787,0.36790243122792854,0.23846639942680903,2114
195,3,evaluate,2.816495498021444,0.49300530631934397,0.33637305970122455,0.35959601910337324,0.3005818475224432,2073
195,4,evaluate,2.5881256968886763,0.39247943595769685,0.21605536288690502,0.1923458406065952,0.15394932505330453,1702
195,5,evaluate,1.8626250539507185,0.6245753114382786,0.26616744452657765,0.2857498324720826,0.22027817107851858,1766
196,0,evaluate,2.785480240980784,0.500886524822695,0.40025707555199386,0.35112751212510107,0.34738690576839787,1128
196,1,evaluate,2.3008739054203033,0.5356849876948319,0.19926192438526402,0.41480240320427236,0.17941831363981503,1219
196,2,evaluate,2.240291518323562,0.564333017975402,0.30339633854038517,0.3996238758797529,0.2752144602459764,2114
196,3,evaluate,1.8546720019408636,0.6115515288788222,0.26573050712564167,0.27928521243247917,0.2172549817081067,1766
196,4,evaluate,2.797926805637501,0.36603995299647474,0.21696036114740114,0.17756945911870264,0.1474385668941443,1702
196,5,evaluate,2.9433409950949927,0.4630969609261939,0.3404255046689328,0.32241206668793165,0.2811798224124965,2073
197,0,evaluate,2.1790802776813507,0.5471698113207547,0.19236994000151897,0.39807476635514016,0.17750102250218883,1219
197,1,evaluate,1.9094071005071913,0.6296715741789355,0.26796804074602665,0.284012341641853,0.2197005086371595,1766
197,2,evaluate,2.7043649355570474,0.381903642773208,0.21790145540287828,0.15932284365652954,0.15120196282238912,1702
197,3,evaluate,2.944489081700643,0.48625180897250364,0.3361476004320848,0.3542429256723925,0.2974157047377538,2073
197,4,evaluate,2.603102789984809,0.5381205673758865,0.3914637880731379,0.3773648131744048,0.3564767103157326,1128
197,5,evaluate,2.568163643865024,0.489120151371807,0.303499830021492,0.39755167255890583,0.2579328281071862,2114
198,0,evaluate,2.8505662282307944,0.5079787234042553,0.39281033214237365,0.3515605448762491,0.34519815170721985,1128
198,1,evaluate,2.461840608716011,0.5176374077112387,0.18667853051873667,0.31099799732977307,0.1622199504313194,1219
198,2,evaluate,1.5143383230481828,0.6840317100792752,0.2667352243347599,0.29857641998427786,0.23041915090843085,1766
198,3,evaluate,3.120194774685484,0.46357935359382535,0.33605263916319483,0.32030170393240753,0.28647932942300686,2073
198,4,evaluate,2.912937552840621,0.3595769682726204,0.2176895705955051,0.1709980750718628,0.14494630316372262,1702
198,5,evaluate,2.348451382973615,0.5132450331125827,0.3052039591061734,0.389120648204735,0.26649605279249805,2114
199,0,evaluate,2.185673162341118,0.5586546349466776,0.20024063635306888,0.2986448598130841,0.1834231270456867,1219
199,1,evaluate,2.0443539704595293,0.5860702151755379,0.26537734240870614,0.2751485589121468,0.21182063834499437,1766
199,2,evaluate,2.7193593184153237,0.3836662749706228,0.2175708727896005,0.16481003465618804,0.15042888230807197,1702
199,3,evaluate,2.606315016746521,0.5478723404255319,0.38960449293223887,0.3765339800711416,0.3589410609857677,1128
199,4,evaluate,2.9208850716099595,0.48625180897250364,0.3355912331475654,0.35506844025104095,0.29680022569695463,2073
199,5,evaluate,2.497595215544981,0.4943235572374645,0.30755128494049655,0.3890670286167574,0.2594999450108979,2114
200,0,evaluate,2.8360003762774997,0.5026595744680851,0.40085822529756365,0.3529066326960293,0.34850423191640034,1128
200,1,evaluate,2.937244927441632,0.37132784958871917,0.21948458678205193,0.1835670185386519,0.1483760779922509,1702
200,2,evaluate,2.445798945426941,0.5159967186218212,0.19618331731855285,0.30806208277703606,0.17040258751399998,1219
200,3,evaluate,1.692101348723684,0.6421291053227633,0.2658450473329973,0.28638187712212887,0.22158835424507747,1766
200,4,evaluate,2.3729212880134583,0.5506149479659413,0.30348055286599596,0.42697799436768696,0.27653095273712053,2114
200,5,evaluate,3.1400480053641577,0.44862518089725034,0.3383414542515971,0.30208556569621253,0.2762050222727671,2073
201,0,evaluate,2.3975125352541604,0.5638297872340425,0.39562148710301426,0.37691037485629264,0.365866684946783,1128
201,1,evaluate,2.3598186671733856,0.5455291222313372,0.19300425332300633,0.39834779706275036,0.17432639137285805,1219
201,2,evaluate,2.596644710611414,0.40305522914218567,0.22114232456783248,0.1816588210326858,0.16144043975727013,1702
201,3,evaluate,2.0735200132642473,0.5781426953567383,0.2660744668995315,0.27204443901983183,0.20891774398841556,1766
201,4,evaluate,2.6566994014908287,0.46830652790917693,0.30284101900833643,0.37343178609182226,0.24815891005442642,2114
201,5,evaluate,2.8102318698709663,0.5016883743367101,0.3356895299250398,0.3334902778058385,0.3016613821906441,2073
202,0,evaluate,2.7413384826095015,0.38307873090481787,0.2155984627325283,0.18099186611188542,0.1502606935448833,1702
202,1,evaluate,1.6149018896477563,0.6698754246885618,0.26459512312892325,0.2965642757325106,0.22901252946778938,1766
202,2,evaluate,2.7087830437554254,0.5203900709219859,0.40027465128503675,0.3562294136544305,0.3506487198077719,1128
202,3,evaluate,2.9680319446505923,0.467438494934877,0.34054046229209683,0.3198601680136863,0.2875435533786347,2073
202,4,evaluate,2.7283854414434994,0.48344370860927155,0.3058037370385799,0.3987931620454225,0.2599572734899981,2114
202,5,evaluate,2.53081134557724,0.5036915504511895,0.19787131519274376,0.304958611481976,0.16904511401302927,1219
203,0,evaluate,2.5704407868561923,0.4195064629847238,0.2205748736564578,0.2053751172267945,0.16259346706833713,1702
203,1,evaluate,3.040641177784313,0.46599131693198265,0.32990849625702373,0.3262747820085276,0.2861756714741153,2073
203,2,evaluate,2.376088911294937,0.5340442986054142,0.20053729472020035,0.3123210947930574,0.1784020105440523,1219
203,3,evaluate,2.109299455370222,0.5707814269535674,0.26660322848637674,0.268993172329784,0.20808867551272145,1766
203,4,evaluate,2.604374905427297,0.5425531914893617,0.3928792796591666,0.37288644391496806,0.35891324411076847,1128
203,5,evaluate,2.422186784884509,0.5260170293282876,0.3137947192058067,0.40116996133723076,0.2683077654555709,2114
204,0,evaluate,2.4933780957670773,0.5146641438032167,0.3097987427739999,0.39694276580171695,0.2668223987879821,2114
204,1,evaluate,2.6699458758036294,0.3871915393654524,0.21615431763187648,0.16481616591102602,0.15119227956021014,1702
204,2,evaluate,2.9101459149158364,0.4843222383019778,0.3358709308538212,0.3457493729180174,0.2936398450541601,2073
204,3,evaluate,2.4824723660945893,0.5159967186218212,0.18857934164595386,0.3117777036048064,0.16826370157271603,1219
204,4,evaluate,2.6646414862738714,0.5283687943262412,0.39404671513861567,0.37655390411481765,0.354928767062053,1128
204,5,evaluate,1.8581144767148154,0.6138165345413363,0.2675529142874349,0.2808296602211873,0.2189379425599136,1766
205,0,evaluate,2.540005660057068,0.5217391304347826,0.19443735600749174,0.2889966622162884,0.16762665078262176,1219
205,1,evaluate,1.8170169336455209,0.6342015855039638,0.2673635233910078,0.2881038239193681,0.2232989556106671,1766
205,2,evaluate,2.608760873476664,0.4083431257344301,0.21324695968194626,0.17018035925503794,0.1546055568458994,1702
205,3,evaluate,2.6100748446252613,0.5452127659574468,0.3939619870389777,0.37735994155799873,0.357820000155124,1128
205,4,evaluate,3.0434293457956025,0.4785335262904004,0.3328157160157398,0.35264162022351897,0.2931703172330406,2073
205,5,evaluate,2.7382303441272065,0.4645222327341533,0.30301760017262797,0.381104240708219,0.25162648461134063,2114
206,0,evaluate,2.7492931816313,0.5345744680851063,0.3983139555350374,0.3797026455738311,0.3605925327266176,1128
206,1,evaluate,2.326220214366913,0.55701394585726,0.19484072876692712,0.4181775700934579,0.18136641775853277,1219
206,2,evaluate,1.856711127928325,0.6251415628539071,0.26809397601343415,0.28084199460861814,0.21880191464873527,1766
206,3,evaluate,2.872117660663746,0.3607520564042303,0.2184083843029482,0.16938466623042303,0.14773002684522615,1702
206,4,evaluate,3.0579204414830063,0.47081524360829713,0.3359227664140781,0.33850057968476827,0.28953471975619094,2073
206,5,evaluate,2.449666307252996,0.5439924314096499,0.30350233059025467,0.4136612409144055,0.27191888261008945,2114
207,0,evaluate,2.5177265822887422,0.5036915504511895,0.19120060933741095,0.3051275033377837,0.1643618362709716,1219
207,1,evaluate,2.472729135442663,0.4406580493537015,0.22124355360918316,0.20877078391985965,0.16867673333186056,1702
207,2,evaluate,2.675822522905138,0.5540780141843972,0.3996334897954053,0.3760699399769836,0.3646622179125028,1128
207,3,evaluate,3.1012710946978945,0.46406174626145685,0.3346211419524408,0.3476657172938303,0.2905079905452184,2073
207,4,evaluate,1.9819208213261195,0.6024915062287656,0.26995600282380694,0.27870482313251255,0.21716355016734673,1766
207,5,evaluate,2.674941189148847,0.4853358561967833,0.306766115270863,0.3952247255945267,0.25805793576292874,2114
208,0,evaluate,1.5809644503252847,0.6862967157417894,0.267563859785802,0.29979173077388344,0.23166145706544058,1766
208,1,evaluate,2.993219382835157,0.48818137964302943,0.3359361826064762,0.3466142496332201,0.29503603110556265,2073
208,2,evaluate,2.7058138777227962,0.48438978240302744,0.2971015104361414,0.39772491166523716,0.2555394337941341,2114
208,3,evaluate,2.4176639199256895,0.5406070549630845,0.18967541873401797,0.31578905206942587,0.1696988750399449,1219
208,4,evaluate,2.734978675842285,0.5390070921985816,0.40160809249947016,0.3807708362545884,0.36177449334868894,1128
208,5,evaluate,3.0305014098132097,0.3372502937720329,0.22009658084445416,0.19810765236563638,0.1453542667985063,1702
209,0,evaluate,2.148654580116272,0.5656851642129105,0.2708395926468443,0.26765160405558097,0.21008940728661302,1766
209,1,evaluate,2.718313389354282,0.5336879432624113,0.40389998294835616,0.3651920272196073,0.3608167726750892,1128
209,2,evaluate,2.533867491616143,0.4200940070505288,0.22116770525565768,0.16942825333931374,0.16114824573790695,1702
209,3,evaluate,2.9970878037539395,0.47081524360829713,0.3431153442719877,0.3224601439936556,0.29127217511572157,2073
209,4,evaluate,2.4974596710766064,0.5146641438032167,0.3035504957316697,0.40657864785622466,0.2611591374577323,2114
209,5,evaluate,2.2181765347719193,0.5520918785890074,0.19667453987688305,0.31776234979973295,0.17930894160222385,1219
210,0,evaluate,2.7829542093806796,0.5363475177304965,0.39802451723888016,0.3633180280135296,0.35486698338251477,1128
210,1,evaluate,2.5561492502689362,0.5094339622641509,0.18864204813591318,0.287413217623498,0.16046772480427593,1219
210,2,evaluate,3.1179449911470765,0.35135135135135137,0.21775327965371197,0.185474605200107,0.1444923299107226,1702
210,3,evaluate,1.509032673069409,0.7140430351075878,0.2672016704453455,0.3107380935829687,0.2391762469899749,1766
210,4,evaluate,2.892329258077285,0.45600756859035,0.30434006731681235,0.3649260511249661,0.2542191746431398,2114
210,5,evaluate,3.111364169554277,0.47563917028461167,0.33216679498096313,0.3323986597557548,0.289857106042828,2073
211,0,evaluate,2.3260389983654024,0.5537325676784249,0.195832692432106,0.42024365821094795,0.18480662923591754,1219
211,1,evaluate,2.6988642149501376,0.5354609929078015,0.4056714800988647,0.37679614887057283,0.36419126856954787,1128
211,2,evaluate,2.468157771755667,0.5581835383159887,0.302982038354333,0.41860178429165773,0.2710931394247556,2114
211,3,evaluate,3.0319100690610483,0.4785335262904004,0.33852058794722933,0.3362554761894558,0.2900749468790459,2073
211,4,evaluate,2.341187451566969,0.522083805209513,0.27022311841909125,0.25487109832837046,0.19939193131048602,1766
211,5,evaluate,2.824773832603737,0.3901292596944771,0.22011129533374896,0.18772821208716067,0.15725901795654756,1702
212,0,evaluate,2.7607110341389975,0.5460992907801419,0.39558818271946905,0.37421450684449287,0.35776379127803015,1128
212,1,evaluate,2.161192351579666,0.5783429040196882,0.1899234278702832,0.28038317757009346,0.1701614520254889,1219
212,2,evaluate,3.0900699225339023,0.4843222383019778,0.3366766781230443,0.35646822182590193,0.29589523917165567,2073
212,3,evaluate,1.6499439435345786,0.6874292185730464,0.2680277611560249,0.3011544247481896,0.23198595953733317,1766
212,4,evaluate,3.1066386278937843,0.4210028382213813,0.29633717553464417,0.3794438746825727,0.23711867429710215,2114
212,5,evaluate,2.905004898707072,0.3619271445358402,0.21810623402211732,0.17946506002851276,0.14962972313782327,1702
213,0,evaluate,2.788928892877367,0.5097517730496454,0.3921748956668088,0.3506662557692666,0.3468358264306473,1128
213,1,evaluate,2.4572883903980256,0.5315832649712879,0.1904900363413952,0.4126982643524699,0.16986464416491287,1219
213,2,evaluate,2.5185890330208673,0.4283196239717979,0.22151649619335526,0.22985165526241103,0.16788466053150758,1702
213,3,evaluate,2.3600597168718065,0.5033975084937712,0.26913634074897747,0.2511209447172269,0.1963648627174957,1766
213,4,evaluate,2.360138665227329,0.5737937559129612,0.30777105979658803,0.4244142330227321,0.2792527377516221,2114
213,5,evaluate,3.163488669828935,0.4544138929088278,0.3411494442017501,0.3248293511510125,0.27950112991488485,2073
214,0,evaluate,2.770725965499878,0.5354609929078015,0.38989156786316653,0.3681895778232782,0.35335741263663156,1128
214,1,evaluate,3.2587927094212286,0.3290246768507638,0.2125449667703189,0.12615601297271337,0.13322850489316646,1702
214,2,evaluate,3.276388687245986,0.42573320719016083,0.2908884910106976,0.37932486686374567,0.23563060605973143,2114
214,3,evaluate,3.1142468452453613,0.47756874095513746,0.341821937312099,0.3287874777273908,0.2935626664802019,2073
214,4,evaluate,2.3100445210933684,0.5693191140278917,0.19183436705176957,0.2797736982643525,0.1718944580677159,1219
214,5,evaluate,1.5767301235880171,0.7106455266138165,0.26212340801335393,0.3059742142435544,0.23277781551227408,1766
215,0,evaluate,2.297837874719075,0.5028312570781427,0.26595374563402924,0.2537443139259216,0.19791962174940897,1766
215,1,evaluate,2.8004915051990085,0.5035460992907801,0.3971394558846133,0.363711017212497,0.3463579486955342,1128
215,2,evaluate,2.4149306416511536,0.5299425758818704,0.18879446994974405,0.3137636849132176,0.167456589837147,1219
215,3,evaluate,2.9798300338513926,0.4814278822961891,0.34232875456827816,0.33289623969174365,0.28607026300574573,2073
215,4,evaluate,2.555105479324565,0.543519394512772,0.29781673422348265,0.403435758879701,0.262064173890592,2114
215,5,evaluate,2.5116483061401933,0.42479435957696826,0.22109432109158508,0.20712268041795207,0.16485266508400193,1702
216,0,evaluate,3.0165855001520225,0.3372502937720329,0.21652012711864405,0.15247571159355813,0.14057879924687217,1702
216,1,evaluate,2.720943477418688,0.5328014184397163,0.39155185239632484,0.3617611412759168,0.3542357382754628,1128
216,2,evaluate,1.5471326921667372,0.703850509626274,0.2651724733234892,0.30234476885796707,0.2314947717904567,1766
216,3,evaluate,2.3575411081314086,0.5438884331419196,0.18871879888458137,0.2960353805073431,0.16366207738189562,1219
216,4,evaluate,3.0319889530991064,0.4804630969609262,0.3386481657954065,0.3484590721737638,0.29558995922617537,2073
216,5,evaluate,2.7133732683518352,0.4791863765373699,0.29823121699372523,0.39643639401505587,0.2549206735351765,2114
217,0,evaluate,2.3800459146499633,0.5307629204265791,0.19667674330948542,0.31421829105473964,0.1786313394903673,1219
217,1,evaluate,2.7417549557156033,0.5115248226950354,0.3975153206591501,0.3471486296193317,0.34722153719937776,1128
217,2,evaluate,2.4844365821165195,0.5416272469252602,0.2986521022581269,0.3938076315454254,0.26096996150594276,2114
217,3,evaluate,2.6299120408517345,0.4036427732079906,0.2176741604415789,0.21444178832767227,0.1610562757498109,1702
217,4,evaluate,2.291138159377234,0.5016987542468856,0.26383185009163485,0.2545637825564476,0.19755166842482322,1766
217,5,evaluate,2.941158652305603,0.4761215629522431,0.342169115517855,0.31541140680034213,0.2837472768111911,2073
218,0,evaluate,1.653184032865933,0.6970554926387316,0.26500825710495957,0.30171664309166424,0.2312138891704109,1766
218,1,evaluate,3.0921809023076836,0.4751567776169802,0.34106960869471087,0.3444422796825438,0.2944487546119785,2073
218,2,evaluate,2.8091108869103825,0.46546830652790916,0.2985312327194337,0.3953257415083816,0.25158146611985205,2114
218,3,evaluate,2.729918294482761,0.5363475177304965,0.39596710946546887,0.3673225954600984,0.3574662962582841,1128
218,4,evaluate,2.340204882621765,0.5422477440525021,0.18993302124922473,0.2930994659546061,0.1692977423864946,1219
218,5,evaluate,3.04540988251015,0.3519388954171563,0.21795156178845917,0.16154856778023147,0.14409836087549852,1702
219,0,evaluate,2.7155613236957126,0.526595744680851,0.3983815796637452,0.3629914617057614,0.35417945597332723,1128
219,1,evaluate,2.549883423028169,0.4294947121034078,0.2208918610908618,0.24699891103318095,0.16875362928522725,1702
219,2,evaluate,2.552976977825165,0.5135356849876949,0.19647968999065574,0.30956942590120157,0.17393672131536211,1219
219,3,evaluate,3.010310238057917,0.4761215629522431,0.33779409606836336,0.32384524824813976,0.2878709473456815,2073
219,4,evaluate,2.4015406710760936,0.49377123442808607,0.2672952253136282,0.2535825926624361,0.19754473572568138,1766
219,5,evaluate,2.529034228885875,0.5350047303689688,0.3095815851997826,0.3683396085855398,0.26367767370665895,2114
220,0,evaluate,2.710608720779419,0.524822695035461,0.3946774701978679,0.3358151453781308,0.3491873186900133,1128
220,1,evaluate,2.7799769850338207,0.46688741721854304,0.2969635275869721,0.39729613649143486,0.25215748112914327,2114
220,2,evaluate,1.5027371644973755,0.7117780294450736,0.26546849690005636,0.30504234008614095,0.23360720531584583,1766
220,3,evaluate,2.338857638835907,0.5332239540607056,0.19796453523938312,0.3905153538050734,0.17783372471169484,1219
220,4,evaluate,3.0069453969146265,0.47226242161119153,0.3406626512445106,0.3219900610745504,0.29019629860586366,2073
220,5,evaluate,3.073672744962904,0.33490011750881316,0.21864898829815244,0.19158085707886824,0.14321828608628848,1702
221,0,evaluate,2.3898628771305086,0.5299425758818704,0.18208065052977968,0.26067156208277703,0.14868826836003757,1219
221,1,evaluate,2.6389559970961676,0.526595744680851,0.38824260158009916,0.36379048448173057,0.3519074408322506,1128
221,2,evaluate,2.731026496206011,0.4445073612684032,0.2690466147948268,0.2414242496163414,0.1869165756110512,1766
221,3,evaluate,2.4272423806013883,0.4394829612220917,0.21667153996101365,0.22479912643608527,0.16728813576987525,1702
221,4,evaluate,3.0176467245275322,0.46502653159671975,0.33864790482808577,0.3206519116944489,0.28379916201863165,2073
221,5,evaluate,2.4819739355760464,0.5416272469252602,0.3049579869070288,0.3865953771071312,0.25934696564673754,2114
222,0,evaluate,2.9369833866755166,0.5097517730496454,0.3924288217368397,0.3484916000005967,0.3437055113552545,1128
222,1,evaluate,3.3798280115480774,0.30552291421856637,0.2170241511897059,0.16343677484073638,0.13113783856221228,1702
222,2,evaluate,3.0655525597659024,0.4741919922817173,0.3357254638033115,0.3155927437466799,0.28616303210070526,2073
222,3,evaluate,1.490595159786088,0.7304643261608154,0.26477882389415297,0.3097055493600048,0.23645323501958707,1766
222,4,evaluate,2.9314470711876366,0.46688741721854304,0.2905362637188448,0.37821390056109766,0.24572810456416178,2114
222,5,evaluate,2.621956247091293,0.5127153404429861,0.19026175146675586,0.39131041388518023,0.1685372932382887,1219
223,0,evaluate,3.0723765402129204,0.462132175590931,0.3394467338217338,0.32537897720790915,0.2885587300504461,2073
223,1,evaluate,2.437949233195361,0.5373699148533586,0.30950130986432534,0.39637467363778395,0.2617891784903039,2114
223,2,evaluate,2.7109372104917253,0.4784824462061155,0.2695937923432475,0.24757864525958975,0.19079574296655144,1766
223,3,evaluate,2.463441186481052,0.4535840188014101,0.2166450213735908,0.2087150757216055,0.16739037516527028,1702
223,4,evaluate,2.459989237785339,0.5225594749794914,0.1834068216729507,0.36034779706275033,0.1503120414592809,1219
223,5,evaluate,2.6354254020584955,0.5407801418439716,0.39080721295434817,0.35554373551307145,0.3563691919723968,1128
224,0,evaluate,2.4663745164871216,0.5307629204265791,0.18558971341181332,0.2943351134846462,0.16309207949924912,1219
224,1,evaluate,3.1061177903955635,0.4794983116256633,0.3313280319009158,0.3256411470676889,0.28914272036376654,2073
224,2,evaluate,2.8461157944467335,0.5097517730496454,0.39108184191274253,0.3395450290848344,0.34278573191245004,1128
224,3,evaluate,3.2593514124552407,0.3301997649823737,0.21675624658329543,0.16121591527165413,0.13804881300395241,1702
224,4,evaluate,1.4670332010303224,0.7242355605889015,0.26362895626583494,0.3090548850263204,0.23663268007128022,1766
224,5,evaluate,2.9441731396843407,0.4616840113528855,0.2976162428580924,0.3870067353349451,0.2505490847497235,2114
225,0,evaluate,2.493991485348454,0.4500587544065805,0.2180097104552033,0.21625713655557538,0.1672098693711483,1702
225,1,evaluate,2.6588780113628934,0.43827859569648925,0.2683585126140176,0.23603131776442093,0.18353149073415378,1766
225,2,evaluate,2.588544487953186,0.5135356849876949,0.18030357027149616,0.36193391188251006,0.14841193085873938,1219
225,3,evaluate,2.3521375761312595,0.5737937559129612,0.31068565603182546,0.40565172098806823,0.2749187758639593,2114
225,4,evaluate,3.089454564181241,0.4664737095996141,0.3350145785509151,0.3281416832837525,0.27712525800305443,2073
225,5,evaluate,2.896476255522834,0.500886524822695,0.3952392275104291,0.34622501073978623,0.34180503441473886,1128
226,0,evaluate,2.8154946300718517,0.5212765957446809,0.3925383347734067,0.3438168083382758,0.34784976155267344,1128
226,1,evaluate,3.2706416977776422,0.30552291421856637,0.21701031970448156,0.1663206490261706,0.1333203114813799,1702
226,2,evaluate,2.3674185156822203,0.5414273995077933,0.18423355931450386,0.3581662216288385,0.16370713872232764,1219
226,3,evaluate,3.13068852705114,0.4314096499526963,0.2947741231449018,0.3950539597248458,0.24054624643157477,2114
226,4,evaluate,1.580290517636708,0.7151755379388448,0.26502022942654235,0.30463114460310814,0.23247371666471706,1766
226,5,evaluate,3.056203271403457,0.48094548962855765,0.3355836212829768,0.34525831634890636,0.29341065804408206,2073
227,0,evaluate,2.6777809083461763,0.5028712059064807,0.1813191229908579,0.3556862483311082,0.14714968208319568,1219
227,1,evaluate,2.765445437696245,0.5195035460992907,0.392874856691935,0.3454019935286373,0.34804774213274925,1128
227,2,evaluate,2.48719291333799,0.4588719153936545,0.21897242649046408,0.24914486087100068,0.17222054811035004,1702
227,3,evaluate,2.594197984252657,0.46715741789354476,0.27066124454591145,0.24609089975489148,0.1923056380259442,1766
227,4,evaluate,2.4535304132629845,0.5600756859035004,0.3125917246197333,0.38694216076675386,0.2695000555803914,2114
227,5,evaluate,3.158962433988398,0.4544138929088278,0.34014711762286326,0.33069448041326693,0.28385834799515824,2073
228,0,evaluate,1.5380425793784005,0.731030577576444,0.2665588792870287,0.30976277017316145,0.2365367514224242,1766
228,1,evaluate,2.398216438293457,0.549630844954881,0.19037408313636717,0.3776975967957277,0.17423711755407087,1219
228,2,evaluate,2.9976366228527493,0.5115248226950354,0.38901355658820913,0.33777801345645503,0.33911631660603864,1128
228,3,evaluate,3.550694227218628,0.2878965922444183,0.2207689999448028,0.18068984311408381,0.1326986991317721,1702
228,4,evaluate,3.2040608218221953,0.48191027496382055,0.33808176706848336,0.3432549172186478,0.2929955763202141,2073
228,5,evaluate,3.1947351623983944,0.43519394512771997,0.29454293402250975,0.3940488165858871,0.24138513507123233,2114
229,0,evaluate,2.8418057362238565,0.5106382978723404,0.3924941647066126,0.34483131089185975,0.3426204777474845,1128
229,1,evaluate,3.1815987825393677,0.4014722536806342,0.27185007870489286,0.23125468210941197,0.17818848932938525,1766
229,2,evaluate,2.425517550221196,0.4700352526439483,0.2181053515813424,0.2549114923255302,0.17399096325655283,1702
229,3,evaluate,2.622939646244049,0.5118949958982772,0.18044129570684278,0.3588291054739653,0.1479895067085232,1219
229,4,evaluate,2.5194516146884247,0.5491958372753075,0.31043413130872954,0.38196958112509644,0.261847939018074,2114
229,5,evaluate,3.1703836159272627,0.4645441389290883,0.3403431305536569,0.3294216544964498,0.2787914144254088,2073
230,0,evaluate,2.341738098859787,0.5512715340442986,0.19105388961321162,0.37877570093457946,0.17136524108572554,1219
230,1,evaluate,3.314281568807714,0.4030274361400189,0.2868459528470132,0.3626224182933044,0.22328783470881786,2114
230,2,evaluate,3.0303813110698354,0.4780511336227689,0.3335523248474374,0.3231658252513175,0.28582551994650174,2073
230,3,evaluate,3.3902692176677562,0.27673325499412454,0.21725342225342223,0.16432558021560847,0.12731691546531845,1702
230,4,evaluate,1.4756100944110326,0.7361268403171007,0.2678198611236996,0.3111696307400631,0.2380265204556092,1766
230,5,evaluate,2.911918693118625,0.5053191489361702,0.3893342816586582,0.36031121902299396,0.34026145435306965,1128
231,0,evaluate,3.2314273516337075,0.44235407621804146,0.34708205626459465,0.3195560753433058,0.272686268485539,2073
231,1,evaluate,2.6531812293188914,0.45866364665911663,0.2721865076293393,0.23979328723384855,0.18742809543220168,1766
231,2,evaluate,2.8500864505767822,0.4946808510638298,0.3916417116299972,0.3364808709911763,0.3389363990042602,1128
231,3,evaluate,2.4198588162660597,0.5340442986054142,0.19340780636196692,0.4105153538050734,0.16991654440103449,1219
231,4,evaluate,2.387257523006863,0.4500587544065805,0.21925590552305435,0.24539240517570365,0.17204014789290503,1702
231,5,evaluate,2.309663274708916,0.5747398297067171,0.3026362650016474,0.39965921273877875,0.27107672871531807,2114
232,0,evaluate,3.0042749069355152,0.3525264394829612,0.21676840924457555,0.17803709503457163,0.1458172262519291,1702
232,1,evaluate,2.918803890546163,0.526595744680851,0.38699583778270774,0.35976457220403607,0.34650957925829207,1128
232,2,evaluate,3.136999312569113,0.41911069063386946,0.2975324985655198,0.362517053446529,0.236918330940637,2114
232,3,evaluate,3.1776633912866767,0.492040520984081,0.3385992891369738,0.34197207564289295,0.2986950806918064,2073
232,4,evaluate,2.6696395695209505,0.5094339622641509,0.18557955791012057,0.2717523364485982,0.15840709930855507,1219
232,5,evaluate,1.5320338330098562,0.7146092865232163,0.26571508047320624,0.3076550027897741,0.2354033752929375,1766
233,0,evaluate,2.5076391875743864,0.5414273995077933,0.19834096194864267,0.4151134846461949,0.17967691430739138,1219
233,1,evaluate,2.81388356950548,0.5132978723404256,0.3958306283202381,0.3538979793084917,0.3502047482229913,1128
233,2,evaluate,2.659987215642576,0.41245593419506466,0.21990161870888225,0.2146133398344099,0.16219614526790985,1702
233,3,evaluate,3.142538634213534,0.45875542691751087,0.335310285740127,0.32689728651202826,0.2801002108474084,2073
233,4,evaluate,2.4198545568129597,0.5700094607379376,0.3055099793308462,0.40926084076716995,0.2751604345430074,2114
233,5,evaluate,2.3946425105844225,0.5237825594563986,0.2695806983107777,0.25568591203798696,0.2001965710789922,1766
234,0,evaluate,2.423863822221756,0.5471698113207547,0.18748778845771327,0.3766715620827771,0.16770834791184552,1219
234,1,evaluate,3.1391286143550166,0.33607520564042304,0.2186072552023249,0.17346966677238215,0.14222781645521207,1702
234,2,evaluate,2.916203776995341,0.5212765957446809,0.3897099069542834,0.3606478420060964,0.3474917756772974,1128
234,3,evaluate,1.552882867200034,0.7123442808607021,0.2669182277016196,0.30568380738302486,0.23458027373745233,1766
234,4,evaluate,3.0353868042721466,0.45269631031220436,0.2980714290716743,0.37742207345462314,0.2482561577179446,2114
234,5,evaluate,3.1644128958384194,0.48191027496382055,0.33364175191473033,0.34590828725752676,0.2919862256356416,2073
235,0,evaluate,2.795185499721103,0.5336879432624113,0.39754688197383287,0.3535087127257827,0.3574179530077608,1128
235,1,evaluate,3.2253911711952905,0.4544138929088278,0.3389344900445794,0.3121033613349341,0.2815790127843688,2073
235,2,evaluate,2.5182740151882173,0.5365053322395406,0.19630661266213628,0.41204806408544725,0.17213742578937483,1219
235,3,evaluate,2.444953739643097,0.5164212910532276,0.2704872675875067,0.25533172235301993,0.20055238677938564,1766
235,4,evaluate,2.5038488402086148,0.5581835383159887,0.30566335118987376,0.40380179807485417,0.27160901696751616,2114
235,5,evaluate,2.5266697804133096,0.44653349001175086,0.2200784232145257,0.22182163048313921,0.16931005920633518,1702
236,0,evaluate,2.857377979490492,0.526595744680851,0.38871877386532294,0.3451755892296917,0.3481804296908274,1128
236,1,evaluate,1.6554095702511924,0.7021517553793885,0.26848378309871296,0.3039631874470276,0.23466038067415598,1766
236,2,evaluate,3.075690057542589,0.3490011750881316,0.21751869082505695,0.17100519626888813,0.14598306959517404,1702
236,3,evaluate,2.5798455119132995,0.534864643150123,0.18764590126791533,0.2961014686248331,0.1640847890197526,1219
236,4,evaluate,3.0420642425032223,0.467833491012299,0.2977358742984385,0.37943108865622427,0.2499468385693439,2114
236,5,evaluate,3.121963143348694,0.4886637723106609,0.3306304406048952,0.35270922426321055,0.29601515173937265,2073
237,0,evaluate,2.55779767036438,0.5299425758818704,0.19098892247725593,0.31325700934579437,0.16355259452567758,1219
237,1,evaluate,2.7074075274997287,0.40481786133960046,0.2212362378047324,0.21462379931113404,0.1616360603110518,1702
237,2,evaluate,2.1016052280153548,0.5696489241223103,0.27087807617848164,0.2678795281539327,0.21071131263769702,1766
237,3,evaluate,3.2204799832719746,0.4655089242643512,0.3362070388420125,0.31515894750225354,0.28340717430486667,2073
237,4,evaluate,2.9283935493893094,0.5,0.38858891389567585,0.34447940361480384,0.3411620598314835,1128
237,5,evaluate,2.539230301099665,0.5562913907284768,0.30287904641258995,0.39594271983331664,0.27125749063446325,2114
238,0,evaluate,2.4036786556243896,0.5365053322395406,0.1907801661740018,0.37194392523364483,0.16654706321717602,1219
238,1,evaluate,2.756260487768385,0.5407801418439716,0.3846719150965102,0.3601501147208552,0.3532241301756354,1128
238,2,evaluate,1.8196434378623962,0.6698754246885618,0.2679516738512241,0.2937450215437019,0.22594471794970597,1766
238,3,evaluate,3.244087992292462,0.4573082489146165,0.3345791507115378,0.3454289799935797,0.29024183203509857,2073
238,4,evaluate,3.013913063442006,0.45411542100283825,0.29312872939003054,0.38538421214189744,0.24127758237871882,2114
238,5,evaluate,2.8051994288409197,0.39306698002350177,0.21672410747244636,0.16855513375806871,0.1534115248116347,1702
239,0,evaluate,2.0293971470424106,0.6030577576443941,0.27017103483148236,0.2781424757799834,0.21874171034154907,1766
239,1,evaluate,2.4319306671619416,0.5455291222313372,0.1903005656414633,0.31480106809078773,0.16841714654133494,1219
239,2,evaluate,2.7918714814715915,0.38601645123384254,0.22160868096055428,0.22966121912581688,0.15946899330496742,1702
239,3,evaluate,2.966100732485453,0.5070921985815603,0.3908844314939749,0.3408321539033164,0.34367008514940156,1128
239,4,evaluate,3.189021955836903,0.4794983116256633,0.34386837039426077,0.33561231486770515,0.28984423901510165,2073
239,5,evaluate,2.7472409395610584,0.5307473982970672,0.2950535939881001,0.38150652582840644,0.26111052849594635,2114
240,0,evaluate,2.876173350546095,0.5425531914893617,0.396392118495777,0.3795605314429981,0.3595985396417124,1128
240,1,evaluate,1.884034561259406,0.6568516421291053,0.26865361287276857,0.29192271068789655,0.22581566483231788,1766
240,2,evaluate,3.0493262865964104,0.45789971617786185,0.30635409385417034,0.3959518914934828,0.25362679169931834,2114
240,3,evaluate,2.660471910238266,0.5151763740771124,0.18856176799518784,0.3925053404539386,0.16760853586702631,1219
240,4,evaluate,2.816105189146819,0.4083431257344301,0.22409193014812395,0.20517539372935642,0.16436325401708016,1702
240,5,evaluate,3.1793862906369297,0.477086348287506,0.3305652666118936,0.35269550356045426,0.29509572823864333,2073
241,0,evaluate,3.3742081757747764,0.45779064158224797,0.33601417492831825,0.3166397099474151,0.28285563744665054,2073
241,1,evaluate,2.495285128845888,0.5633869441816461,0.3064938790321417,0.38758789775787966,0.2763313697224249,2114
241,2,evaluate,2.68788537979126,0.5135356849876949,0.19186126737715686,0.4096214953271028,0.16350505304919002,1219
241,3,evaluate,1.9826927483081818,0.6115515288788222,0.27086320022025656,0.28089322803053396,0.22029542551557327,1766
241,4,evaluate,2.7877421025876647,0.40481786133960046,0.22030656189528033,0.23290424312031238,0.161418539146915,1702
241,5,evaluate,3.0134383572472467,0.50177304964539,0.3857900379168391,0.3540430409240459,0.34118744941487666,1128
242,0,evaluate,2.1510287267821178,0.6200453001132503,0.2671342628913215,0.28177883530301495,0.21791103508971776,1766
242,1,evaluate,2.8592193921407065,0.5469858156028369,0.3917997329159593,0.3700620397386241,0.358816279240072,1128
242,2,evaluate,2.4494215548038483,0.5529122231337161,0.19420538926728792,0.398216955941255,0.1785300475677615,1219
242,3,evaluate,2.705921036225778,0.4195064629847238,0.225739263232868,0.20502368775027593,0.16781878308359452,1702
242,4,evaluate,3.104321325526518,0.4607379375591296,0.2977355331738954,0.38381239019032865,0.24491295488074952,2114
242,5,evaluate,3.202208338361798,0.4857694163048722,0.3413782116390883,0.35676799517640234,0.300919403466851,2073
243,0,evaluate,2.9111129884366638,0.37661574618096355,0.22269673628659672,0.20603323413838898,0.15580633583014614,1702
243,1,evaluate,2.5487636387348176,0.5340442986054142,0.18882549144844227,0.414062082777036,0.1684883155285807,1219
243,2,evaluate,2.5747241868692288,0.5539262062440871,0.30361550797862213,0.4188048096275945,0.27590884488805867,2114
243,3,evaluate,1.9030114667756217,0.6557191392978482,0.27230149785779695,0.28946893541117436,0.225932989292549,1766
243,4,evaluate,3.4174202210975415,0.456825856246985,0.339793259283479,0.3333682389072662,0.28660464797615964,2073
243,5,evaluate,3.0263429085413613,0.5186170212765957,0.38984686564759446,0.36099808754714047,0.3513698555302631,1128
244,0,evaluate,2.927273233731588,0.5381205673758865,0.39233238001723186,0.37483779843840354,0.35496660554778126,1128
244,1,evaluate,2.232972575085504,0.5685164212910532,0.26999022959062263,0.2749654807294314,0.2139915169613734,1766
244,2,evaluate,2.7788603095447315,0.4985808893093661,0.3042506654943558,0.3802964074193731,0.2560126119407976,2114
244,3,evaluate,3.239637663870147,0.4684032802701399,0.3358024152459816,0.34640098716816087,0.29080345071224756,2073
244,4,evaluate,2.5776641368865967,0.43478260869565216,0.215503548518941,0.1850637343332145,0.1603494405175631,1702
244,5,evaluate,2.6841102659702303,0.5004101722723544,0.1904690233262692,0.3066869158878505,0.1653937491552379,1219
245,0,evaluate,2.776131636956159,0.5227057710501419,0.29643225520735256,0.39185641563851326,0.2616616549411323,2114
245,1,evaluate,2.6177411794662477,0.5324036095159967,0.18484529132070115,0.3159719626168224,0.16624710373060278,1219
245,2,evaluate,3.3601189807609275,0.3125734430082256,0.22160907522987708,0.20497496343448565,0.13951558427800037,1702
245,3,evaluate,2.850908637046814,0.5416666666666666,0.39708704284831847,0.3813401949690297,0.36162866071484845,1128
245,4,evaluate,1.821347211088453,0.6636466591166478,0.2675343677985572,0.2927100273951663,0.2267705281393658,1766
245,5,evaluate,3.1519396594076445,0.4857694163048722,0.3376233106065449,0.3300203445782587,0.2957862722314675,2073
246,0,evaluate,2.5469465211585716,0.4482961222091657,0.21876176304615136,0.24562492982207074,0.17098678161773967,1702
246,1,evaluate,2.932036217521219,0.5037842951750237,0.30301853031624687,0.3701232195545035,0.2569382439834734,2114
246,2,evaluate,2.803018444114261,0.5416666666666666,0.39660127102472437,0.3705808207144903,0.36011279956833303,1128
246,3,evaluate,2.669832354784012,0.5020508613617719,0.19149345058729478,0.30624499332443256,0.16238044880404526,1219
246,4,evaluate,2.2384765361036574,0.5617214043035108,0.2690194725909012,0.26903742742134445,0.21157950997496439,1766
246,5,evaluate,3.170502528999791,0.4655089242643512,0.3420162310626049,0.3216005013798763,0.2896560241134397,2073
247,0,evaluate,2.803886620437398,0.5179754020813624,0.30076682130542987,0.39971094691438275,0.2655767145776809,2114
247,1,evaluate,2.5054021060466765,0.549630844954881,0.18740044745111936,0.3175807743658211,0.16983555154243613,1219
247,2,evaluate,2.893128434816996,0.5328014184397163,0.3963948493361453,0.3843651961273719,0.3592555908685908,1128
247,3,evaluate,3.207505844257496,0.33431257344300824,0.2177125966525868,0.17014962421125485,0.14100375632055476,1702
247,4,evaluate,3.247498129353379,0.47901591895803186,0.3445738048482399,0.3435883328976259,0.2969069701691303,2073
247,5,evaluate,1.8866742615188872,0.6630804077010193,0.27117738293630883,0.2923791902187653,0.227986990395527,1766
248,0,evaluate,2.631753775808546,0.4312573443008226,0.22044241451822155,0.2619708734678098,0.16954278402922796,1702
248,1,evaluate,2.9294578896628485,0.5354609929078015,0.39992153835279276,0.3709234942484152,0.3599414662411917,1128
248,2,evaluate,3.2887173060214883,0.46261456825856245,0.3394999112252969,0.33360117402236744,0.28495223758071314,2073
248,3,evaluate,2.161342407975878,0.5673839184597962,0.26753294154579327,0.2702622306597883,0.21158534533746415,1766
248,4,evaluate,2.830162209272385,0.5020508613617719,0.19115332428765267,0.30793391188251007,0.16397436783098024,1219
248,5,evaluate,2.7661771669107327,0.532639545884579,0.3042900544831871,0.38261926883536285,0.26566852840719385,2114
249,0,evaluate,2.832258294610416,0.4957426679280984,0.2993476804907272,0.39373455226167703,0.25728578582011424,2114
249,1,evaluate,3.1738774599852384,0.3190364277320799,0.22065182559234114,0.19118023386236085,0.14238271990810397,1702
249,2,evaluate,1.8875108020646232,0.6670441676104191,0.2674147583292318,0.2931284162236452,0.22629954160671867,1766
249,3,evaluate,2.584055256843567,0.5414273995077933,0.18600557836038553,0.2995694259012016,0.17097415838076221,1219
249,4,evaluate,3.2183245131463716,0.47756874095513746,0.3318502301089106,0.32811618266406833,0.2900971436832006,2073
249,5,evaluate,2.9929173522525363,0.525709219858156,0.39432554962519756,0.3860330566955895,0.354950197989226,1128
250,0,evaluate,2.900738967789544,0.524822695035461,0.3946719462580094,0.35974170975751746,0.3533093729113606,1128
250,1,evaluate,2.802472007274628,0.4774405250205086,0.18970083571363414,0.29767356475300405,0.15508170658963685,1219
250,2,evaluate,2.4925733628096403,0.46533490011750883,0.22135785591108084,0.24790613982521298,0.1747639707200508,1702
250,3,evaluate,2.764346767874325,0.5165562913907285,0.3036688025609583,0.3850471923365232,0.262250636678381,2114
250,4,evaluate,1.9589339537279946,0.6268403171007928,0.2684179742145492,0.2864643681291694,0.22375890346890942,1766
250,5,evaluate,3.4236968141613584,0.4278822961890979,0.3371060274045745,0.31211018010533303,0.2764654315823775,2073
251,0,evaluate,2.9269844558503895,0.5381205673758865,0.3926060586623545,0.37918802774109794,0.357402113820506,1128
251,1,evaluate,2.909001771141501,0.5089877010406811,0.3020323410598345,0.38676469691297904,0.26125183363156385,2114
251,2,evaluate,1.921889258282525,0.6715741789354474,0.26619549973257317,0.29617593043293305,0.22886002264200966,1766
251,3,evaluate,3.3569493470368563,0.3119858989424207,0.2212211668928087,0.2069938387579732,0.14137105745069584,1702
251,4,evaluate,2.674784630537033,0.5406070549630845,0.18335998724432565,0.2989459279038718,0.1652528825818566,1219
251,5,evaluate,3.1974171941930596,0.49975880366618425,0.34024090814463936,0.3556276880955136,0.3024015762189568,2073
252,0,evaluate,3.3152069900975083,0.45103714423540764,0.3319314500626631,0.30459824712958594,0.28068233340701,2073
252,1,evaluate,2.7893119388156467,0.5549645390070922,0.3968230881661874,0.37638387249932326,0.36623768600658174,1128
252,2,evaluate,2.4787059227625527,0.4764982373678026,0.22329271851216817,0.24803996419420166,0.17951011708301762,1702
252,3,evaluate,2.813803791999817,0.5104068117313151,0.3065213127277832,0.384464502947324,0.2612454315261387,2114
252,4,evaluate,2.682068032026291,0.5045118949958983,0.18666677970400575,0.3359274588340009,0.15676853922197234,1219
252,5,evaluate,2.3476325358663286,0.5662514156285391,0.27002144959160995,0.2692717471279936,0.21199907727502917,1766
253,0,evaluate,3.0251720746358237,0.5345744680851063,0.3927399335227723,0.3768648049003548,0.35644333233683684,1128
253,1,evaluate,2.5284352779388426,0.55701394585726,0.18746366603227646,0.3204899866488652,0.17288611916315133,1219
253,2,evaluate,3.4280105696784124,0.3072855464159812,0.22236883558123427,0.194330164210576,0.1408407232973034,1702
253,3,evaluate,1.8646712047713143,0.6681766704416761,0.268636976176607,0.2938718698523751,0.2271233140655106,1766
253,4,evaluate,3.3747579762429902,0.4833574529667149,0.33401833767410904,0.3137915613366892,0.29232101230958674,2073
253,5,evaluate,2.7067213338964127,0.5293282876064334,0.30033947298709257,0.4013931270088594,0.2670987559583324,2114
254,0,evaluate,2.87190220091078,0.5319148936170213,0.39649576427894506,0.37570486387661345,0.35782766225978363,1128
254,1,evaluate,2.6622310400009157,0.51681706316653,0.19554797979797983,0.30885447263017357,0.17388429558794752,1219
254,2,evaluate,2.244809227330344,0.5781426953567383,0.26397132731713757,0.273652126797777,0.21202483569574077,1766
254,3,evaluate,2.6852446926964655,0.43419506462984725,0.21943657316101764,0.20921501781530977,0.1655884470102857,1702
254,4,evaluate,2.787719817722545,0.5165562913907285,0.306532495127033,0.3921604754172566,0.2633114919704265,2114
254,5,evaluate,3.2551904013662627,0.46068499758803666,0.3357034578279779,0.3045120107296273,0.28604322486104306,2073
255,0,evaluate,3.027464853392707,0.5434397163120568,0.39887833476092605,0.37518558661881884,0.3622356610146766,1128
255,1,evaluate,2.6782028555870054,0.5455291222313372,0.185568966041407,0.2969445927903872,0.16733828351848373,1219
255,2,evaluate,1.8486661187240057,0.6834654586636466,0.2687420792868821,0.29948777546969985,0.23189302925445832,1766
255,3,evaluate,3.292746870606034,0.3390129259694477,0.220454310496778,0.19169226936962552,0.14693045242774305,1702
255,4,evaluate,3.2815518668203643,0.49782923299565845,0.3389084885317349,0.33862791084711524,0.3010294829841612,2073
255,5,evaluate,3.0627470998203052,0.48297067171239355,0.2958646951363149,0.3846719046312175,0.2524601623486239,2114
256,0,evaluate,3.3487182241497617,0.44862518089725034,0.33357825466713803,0.3091684503121074,0.2776736651978272,2073
256,1,evaluate,2.281749819006239,0.5588901472253681,0.2673835976218132,0.26521925799301777,0.2073496784386843,1766
256,2,evaluate,2.5934813141822817,0.5455291222313372,0.19355697703949704,0.31615220293724966,0.17239929184928987,1219
256,3,evaluate,2.7418678071763782,0.4095182138660399,0.22286969704695014,0.22823848592311333,0.16348922466337776,1702
256,4,evaluate,2.937452475229899,0.5141843971631206,0.3919468457287093,0.3537262944565337,0.34921276830056874,1128
256,5,evaluate,2.586342180476469,0.5491958372753075,0.3047965314700178,0.40325085544434547,0.27123584614627366,2114
257,0,evaluate,1.7147133690970284,0.6998867497168743,0.265462664903857,0.3028663418704795,0.23314694582396048,1766
257,1,evaluate,3.117754830254449,0.36133960047003527,0.21691303099996873,0.1614765787585839,0.14390570940905767,1702
257,2,evaluate,2.6874739825725555,0.5324036095159967,0.18845587801525032,0.2935554072096128,0.16463595265773806,1219
257,3,evaluate,2.995063669541303,0.48344370860927155,0.29721807159119856,0.38582205861681446,0.2548721297648179,2114
257,4,evaluate,3.0205845832824707,0.523936170212766,0.39533167451217105,0.36073541161213035,0.35370607964240797,1128
257,5,evaluate,3.4221588842796558,0.46792088760250844,0.3391778203857311,0.3448087463727611,0.2932354675921422,2073
258,0,evaluate,2.3702627182006837,0.5643970467596391,0.2045893956630939,0.31816355140186914,0.18693527470645296,1219
258,1,evaluate,2.863911853896247,0.5398936170212766,0.3984675391639495,0.37070150842596894,0.36193135847575186,1128
258,2,evaluate,2.9183963792664662,0.47168742921857304,0.26516652920218775,0.2462639669596219,0.18895970382915853,1766
258,3,evaluate,3.322435241757017,0.45296671490593343,0.3393976362233724,0.3164719886034444,0.28430702929064966,2073
258,4,evaluate,2.7620488625985606,0.42244418331374856,0.2221688551168568,0.22189914402086472,0.16710517229403135,1702
258,5,evaluate,2.708479369387907,0.5368968779564806,0.3078817741553415,0.3987751904759138,0.25990970583660195,2114
259,0,evaluate,3.008276422818502,0.526595744680851,0.3925758276578965,0.36245557329524425,0.34932016868677684,1128
259,1,evaluate,2.7298756539821625,0.5217391304347826,0.18680862219837896,0.2740113484646195,0.16249038423145779,1219
259,2,evaluate,3.2441993120944863,0.4910757356488181,0.33528543074697403,0.3216988457528321,0.29625717951256886,2073
259,3,evaluate,3.2817189938881817,0.4370860927152318,0.30240998508679473,0.37563539390573747,0.24782336121117252,2114
259,4,evaluate,3.222023787321868,0.3372502937720329,0.21722185504698444,0.17682730052528065,0.1405752692810648,1702
259,5,evaluate,1.6607452694858824,0.7066817667044167,0.26549955478310605,0.3067532444561911,0.2363347960006358,1766
260,0,evaluate,3.4238431453704834,0.4481427882296189,0.3398761304756664,0.31091230658212105,0.2806743804662872,2073
260,1,evaluate,2.9134211937586465,0.524822695035461,0.3943893109030922,0.362672756476481,0.3552743708935958,1128
260,2,evaluate,2.524494856595993,0.5266611977030353,0.19623355074903331,0.41115287049399196,0.17345463700251038,1219
260,3,evaluate,2.4871157705783844,0.5317100792751982,0.266473425259404,0.2595849502000743,0.20205770535063333,1766
260,4,evaluate,2.50181879716761,0.5723746452223274,0.3083810721218942,0.416711316419273,0.27640137687075617,2114
260,5,evaluate,2.6935019581406205,0.42773207990599293,0.22100813050452678,0.22075851240794453,0.16710530894166703,1702
261,0,evaluate,2.858419722980923,0.549645390070922,0.40249425262884575,0.3875966200141582,0.3677396118581303,1128
261,1,evaluate,2.7106248259544374,0.5266611977030353,0.189142587627335,0.3927897196261682,0.16661942336466445,1219
261,2,evaluate,2.9446942850395486,0.37602820211515864,0.22134556177978845,0.19910723972245364,0.15555174337431538,1702
261,3,evaluate,3.10325587497038,0.4574266792809839,0.3006625510951725,0.38316639552715503,0.2519366718030868,2114
261,4,evaluate,3.198525313175086,0.49252291365171247,0.33636038762409043,0.32280892320671695,0.29854458551030766,2073
261,5,evaluate,1.8969146396432603,0.6613816534541337,0.2675270285649255,0.29324778387685224,0.22763478436149306,1766
262,0,evaluate,2.73947651386261,0.5217391304347826,0.18935445885821384,0.4128164218958611,0.16834002840050472,1219
262,1,evaluate,3.1689434581332736,0.5150709219858156,0.39888928668885304,0.36988136386386905,0.35351044917647084,1128
262,2,evaluate,2.860077557740388,0.40423031727379555,0.2238607977596498,0.23087907155162232,0.16344269915915743,1702
262,3,evaluate,2.531628023175632,0.5714285714285714,0.3079405630676776,0.4341198434037493,0.2791659047356004,2114
262,4,evaluate,2.2944220347063884,0.5639864099660249,0.2692141638966393,0.2687978538676921,0.21085018107385567,1766
262,5,evaluate,3.4788063511703955,0.462132175590931,0.3383326626200208,0.3144709557625319,0.28321272314108625,2073
263,0,evaluate,2.9300831423865423,0.5336879432624113,0.39432388646142635,0.35793622454212476,0.3545061281371591,1128
263,1,evaluate,2.8898128807544707,0.5061525840853158,0.18871716969777746,0.2665560747663552,0.1591336872586873,1219
263,2,evaluate,1.6706755714757102,0.7066817667044167,0.26564056285598336,0.30635073558283,0.23543967959552198,1766
263,3,evaluate,3.1833343155243816,0.4503311258278146,0.30100825361138855,0.37459415021711584,0.25055202023981893,2114
263,4,evaluate,3.1923834217919245,0.3595769682726204,0.21942183720341743,0.19698966822733868,0.14905645936062747,1702
263,5,evaluate,3.3939668626496284,0.482392667631452,0.3331871181239915,0.32030443654252777,0.2933559587679911,2073
264,0,evaluate,2.561732542514801,0.5504511894995898,0.19642766678521803,0.3183731642189586,0.18032586757435048,1219
264,1,evaluate,2.8796709775924683,0.5283687943262412,0.3963465498683509,0.3606516444512018,0.35629442793611804,1128
264,2,evaluate,2.7492565137368663,0.41480611045828436,0.2225615402759913,0.23031929117828,0.16563893334818647,1702
264,3,evaluate,2.6724094362819897,0.5629139072847682,0.3114547073120681,0.3955846776018566,0.26997093819996276,2114
264,4,evaluate,2.8425444960594177,0.47168742921857304,0.26977766616000787,0.24439849416144283,0.19075205951597246,1766
264,5,evaluate,3.278047633893562,0.47563917028461167,0.33950283498158074,0.32247506212657473,0.2883184739953644,2073
265,0,evaluate,3.099613834310461,0.3807285546415981,0.22042388798567902,0.1980882858422635,0.15697220302858345,1702
265,1,evaluate,1.7324741504022054,0.7106455266138165,0.26867527658486556,0.30701414252100173,0.2359783316425393,1766
265,2,evaluate,2.959738188319736,0.5372340425531915,0.38984457549060414,0.36436393353559476,0.35448871544768457,1128
265,3,evaluate,3.452253320000388,0.467438494934877,0.3358491957614585,0.33223992041349554,0.291968832657594,2073
265,4,evaluate,2.942245274782181,0.5036915504511895,0.18812376935716107,0.3657510013351135,0.15625668728980607,1219
265,5,evaluate,3.0890954908202675,0.47114474929044464,0.3099988121379955,0.3939234051223201,0.2625169657651198,2114
266,0,evaluate,3.0862331655290394,0.5168439716312057,0.3991523545018307,0.35948142633381364,0.352914093563567,1128
266,1,evaluate,2.7713978052139283,0.5217391304347826,0.1879112461217493,0.31310213618157545,0.16466195936117486,1219
266,2,evaluate,2.6642145794980667,0.5666982024597919,0.31110197897916647,0.39652715411757,0.27503244292043993,2114
266,3,evaluate,2.8530132902993097,0.41304347826086957,0.2187034938569794,0.21981413417253667,0.16188715065031256,1702
266,4,evaluate,3.469237876660896,0.4630969609261939,0.3306444097200424,0.29581482648129814,0.2774782833837737,2073
266,5,evaluate,2.60701476250376,0.5107587768969423,0.2681469472524212,0.2561723085816312,0.20103555177075066,1766
267,0,evaluate,3.2963898813023285,0.4470198675496689,0.2981047986791774,0.4098899868275999,0.24942012407069036,2114
267,1,evaluate,2.7189061284065246,0.5299425758818704,0.1850686024694835,0.27247730307076107,0.15892509926952098,1219
267,2,evaluate,1.7353306753294808,0.7049830124575311,0.26391122358310704,0.3049924011173954,0.2335608617740239,1766
267,3,evaluate,3.4113286119518857,0.48480463096960924,0.3391360133424292,0.3174624699775126,0.29542486380077293,2073
267,4,evaluate,2.9933299753401013,0.5363475177304965,0.39973176148916,0.36688499074498326,0.3586904496181388,1128
267,5,evaluate,3.3496630545015686,0.3384253819036428,0.22385738955482032,0.18891842474924808,0.1504624061683195,1702
268,0,evaluate,3.4264091578396885,0.45200192957067054,0.33106461468319504,0.3073562236879135,0.27316619904900674,2073
268,1,evaluate,2.6260178509880516,0.5676442762535477,0.3052209937298714,0.3877744780267384,0.27081892417538306,2114
268,2,evaluate,2.826468071767262,0.46206115515288787,0.26654369700323866,0.24330689432988004,0.18865897925917058,1766
268,3,evaluate,2.7156790318312467,0.44477085781433606,0.22114124572785956,0.24173298929572926,0.17078308559096547,1702
268,4,evaluate,2.7885373413562773,0.5151763740771124,0.19106338916038051,0.40833511348464613,0.1674255070620277,1219
268,5,evaluate,3.063055978880988,0.5079787234042553,0.39600663366269073,0.35961531515697764,0.348961812753015,1128
269,0,evaluate,2.673727756738663,0.5291222313371616,0.1861729169938125,0.37528371161548735,0.16686679064074084,1219
269,1,evaluate,3.34553447636691,0.4785335262904004,0.3427871536553971,0.3408181121439521,0.2951182661053766,2073
269,2,evaluate,3.1132992365781,0.47114474929044464,0.29995764369140343,0.3939275595866915,0.2543361954995159,2114
269,3,evaluate,3.5730574660831027,0.3037602820211516,0.22430339429957588,0.17802205125875029,0.14001092396814202,1702
269,4,evaluate,1.7285747762237276,0.7140430351075878,0.26677034497544555,0.3045597764202036,0.23283056274317201,1766
269,5,evaluate,3.0838209523095026,0.523936170212766,0.3977605973430993,0.37723558613040453,0.3548254103925287,1128
270,0,evaluate,2.6946456993327423,0.5477767265846736,0.30634382622693507,0.38007668774214887,0.26206479466757415,2114
270,1,evaluate,2.9778273020471846,0.43544733861834656,0.26571959013260704,0.2410905623993301,0.1852884053899117,1766
270,2,evaluate,3.064199580086602,0.5186170212765957,0.40139090873829686,0.36706257998279285,0.35370151585138165,1128
270,3,evaluate,2.8046863436698914,0.5061525840853158,0.1901787196270172,0.30378905206942586,0.16056988612613757,1219
270,4,evaluate,2.587085105754711,0.46650998824911866,0.21622072867207748,0.24994235632030795,0.17242609663804326,1702
270,5,evaluate,3.5178782361926455,0.44235407621804146,0.3361158675903229,0.3073666459731143,0.27042316294377644,2073
271,0,evaluate,3.4970758611505683,0.46695610226724554,0.3276512733172795,0.32722755938325043,0.2847627795872814,2073
271,1,evaluate,3.19402285416921,0.5177304964539007,0.3953436550268954,0.3808643090694228,0.35039522091848374,1128
271,2,evaluate,2.492252826690674,0.5652173913043478,0.17686512793611936,0.2631909212283044,0.15721770701124987,1219
271,3,evaluate,1.7064782891954695,0.7106455266138165,0.26473812667091395,0.30117708172967916,0.22889278435552646,1766
271,4,evaluate,3.1615614820929134,0.44607379375591294,0.2938977674939854,0.38999904296378074,0.24310876294633238,2114
271,5,evaluate,3.619022766749064,0.2925969447708578,0.22369726602589912,0.17129275957196544,0.13830106614316232,1702
272,0,evaluate,3.1904334247112276,0.46759639048400325,0.1896844866377021,0.30083177570093456,0.15604719205450607,1219
272,1,evaluate,2.966976516387042,0.5368968779564806,0.3158922178890672,0.3598024897003197,0.260363606935065,2114
272,2,evaluate,2.582065304120382,0.4782608695652174,0.2181344258626937,0.25452287204399615,0.17545034709888568,1702
272,3,evaluate,3.3885690082203257,0.4703328509406657,0.3349650850967384,0.29760137493757755,0.27559088218363414,2073
272,4,evaluate,3.1250913672977023,0.5044326241134752,0.40232083691775006,0.362345529533276,0.3459994788820098,1128
272,5,evaluate,3.3499120133263722,0.398074745186863,0.26675196334837675,0.23109375048105735,0.17733436758601356,1766
273,0,evaluate,3.9562153463010437,0.25558166862514686,0.22065842583859344,0.1495544837416518,0.12575072814509436,1702
273,1,evaluate,3.241387301021152,0.5159574468085106,0.3926323560414652,0.36591186036173057,0.3455922231866125,1128
273,2,evaluate,1.6804000990731376,0.7270668176670442,0.26508314820649787,0.30738734951171687,0.2336891813926861,1766
273,3,evaluate,2.396257555484772,0.5857260049220673,0.18404188948306596,0.36329238985313755,0.16855997419676108,1219
273,4,evaluate,3.322245050879086,0.4399243140964995,0.29321661709748115,0.3911410338598404,0.239379443050513,2114
273,5,evaluate,3.54116888479753,0.4611673902556681,0.32916264354319846,0.31814778726946535,0.2813083542904746,2073
274,0,evaluate,3.237280581678663,0.39750849377123443,0.2729351759784523,0.22921009052235042,0.17798314394766068,1766
274,1,evaluate,3.0033805131912232,0.4815422477440525,0.1787273204889397,0.2520901201602136,0.13914912441702318,1219
274,2,evaluate,3.1457598076926336,0.49024822695035464,0.4006919775487118,0.3575332599710814,0.34228011858753754,1128
274,3,evaluate,2.8652849372695472,0.5468306527909177,0.3158463196906547,0.3977528199526391,0.26791547822271494,2114
274,4,evaluate,3.43475984804558,0.4433188615533044,0.33240843441207557,0.28272713061447813,0.2618586825758314,2073
274,5,evaluate,2.37358327265139,0.4988249118683901,0.22056043728666866,0.275943715840912,0.18426125122705123,1702
275,0,evaluate,2.363532394170761,0.5767022149302707,0.1816375827978038,0.2629686248331108,0.16257113785412686,1219
275,1,evaluate,1.6696101597377233,0.7146092865232163,0.26436144687936547,0.3027128186026619,0.2299430379833022,1766
275,2,evaluate,3.4351099982406152,0.46599131693198265,0.3327257081879419,0.32434817197770566,0.2868725758936093,2073
275,3,evaluate,3.010683390829298,0.523936170212766,0.3863948884033832,0.3714599443849038,0.34849554064437005,1128
275,4,evaluate,3.6286078647330955,0.27379553466509987,0.21443627721086117,0.13614341531210336,0.12471930856599847,1702
275,5,evaluate,3.306883496396682,0.4399243140964995,0.2924989756460047,0.3884692510216923,0.23864129252219307,2114
276,0,evaluate,2.625809546779184,0.5525070955534531,0.3089411846987149,0.3853169331279639,0.2677267957364989,2114
276,1,evaluate,2.728631764650345,0.5102543068088597,0.19850333881746302,0.30673765020026705,0.17055421557150274,1219
276,2,evaluate,3.0084511439005532,0.49379432624113473,0.39821972691438096,0.338194520756593,0.3394015569500052,1128
276,3,evaluate,2.4901371929380627,0.46650998824911866,0.2208067555363517,0.24867668862239828,0.17607621548700217,1702
276,4,evaluate,2.9400889703205655,0.42638731596828994,0.27255533709134816,0.23518535117268047,0.18366630412192014,1766
276,5,evaluate,3.3311709851929634,0.46695610226724554,0.3431892365997572,0.2927622958782076,0.2761461425595935,2073
277,0,evaluate,2.9332517517937555,0.5425531914893617,0.3958943833623863,0.38253710818489095,0.3601436557874174,1128
277,1,evaluate,3.2012189935754845,0.32784958871915393,0.2202710814909561,0.1524480345739514,0.14044021427185724,1702
277,2,evaluate,2.5087448716163636,0.5652173913043478,0.1780025089359272,0.26133311081441923,0.15647752929830183,1219
277,3,evaluate,1.784626990556717,0.6976217440543602,0.2666611380692494,0.2996142479693881,0.2297826402123102,1766
277,4,evaluate,3.313477559523149,0.4944524843222383,0.33532307634815783,0.3430910549977072,0.2988753773797225,2073
277,5,evaluate,3.478001229903277,0.4105960264900662,0.3000799632300979,0.38066685342905954,0.2364480084290598,2114
278,0,evaluate,2.8457609176635743,0.5110746513535686,0.20098861552822028,0.3375376056964842,0.17201960174588687,1219
278,1,evaluate,3.508724104274403,0.44283646888567296,0.3390471539197426,0.28362421549702177,0.2687875483926447,2073
278,2,evaluate,2.587667626993997,0.5,0.2720798916963059,0.2551809787005802,0.20099671061148922,1766
278,3,evaluate,2.549458349192584,0.4682726204465335,0.2182451891780483,0.23286794828140564,0.17252506989219135,1702
278,4,evaluate,3.0461199945873685,0.49645390070921985,0.39742821867942846,0.337796610641362,0.34179520297566024,1128
278,5,evaluate,2.7145734289113213,0.5491958372753075,0.30344777393691824,0.3845507700353993,0.2656455426543172,2114
279,0,evaluate,3.2696289293693774,0.5055475156777617,0.3298184688487577,0.34031874192997374,0.29710527309903256,2073
279,1,evaluate,1.8516866607325417,0.7055492638731596,0.26930746394305494,0.3003443681695549,0.23096293387439576,1766
279,2,evaluate,2.987895515229967,0.5434397163120568,0.39493109250567304,0.3995319811880367,0.359346260366008,1128
279,3,evaluate,3.8519847481339067,0.25499412455934195,0.22171060675733206,0.15010646166743125,0.12489693819697092,1702
279,4,evaluate,2.4585879504680634,0.5857260049220673,0.17899289513595326,0.3008480195816644,0.16504186638674026,1219
279,5,evaluate,3.3629750714582554,0.4280983916745506,0.29976191949314723,0.3800204092862321,0.2402709887232053,2114
280,0,evaluate,2.5759779568071717,0.4864864864864865,0.21528780459408775,0.2533801487790348,0.1742036716253009,1702
280,1,evaluate,2.9730753236346774,0.5221631205673759,0.3985239356743734,0.35688837201641266,0.35210694300224105,1128
280,2,evaluate,3.6716412630948154,0.43077665219488664,0.3408469543124758,0.304671014863644,0.26836758675249645,2073
280,3,evaluate,2.746220174957724,0.543519394512772,0.3063787131561518,0.37660227485724773,0.26721274736810346,2114
280,4,evaluate,3.2165127277374266,0.46759639048400325,0.1917061100772134,0.29069826435247,0.148246921551755,1219
280,5,evaluate,2.345391328845705,0.5345413363533409,0.2656688966961695,0.2678098626412551,0.20866552116597345,1766
281,0,evaluate,2.9392028517193265,0.5319148936170213,0.39790912856050975,0.38255676839565267,0.35756730038386697,1128
281,1,evaluate,1.843639007636479,0.6930917327293318,0.2672058503827077,0.2991429978366241,0.23063544653277668,1766
281,2,evaluate,3.68494870044567,0.26850763807285544,0.22462133428143072,0.18094667274196163,0.13208275352061014,1702
281,3,evaluate,2.3928835690021515,0.5840853158326497,0.18272226831548863,0.28761882510013353,0.173126079579291,1219
281,4,evaluate,2.8355573661187115,0.49621570482497634,0.30318202899406604,0.3942098088608034,0.2603663836001334,2114
281,5,evaluate,3.1921803337154966,0.49300530631934397,0.3372946963721464,0.3135749749442713,0.2948255978117414,2073
282,0,evaluate,2.5524208501533225,0.4712103407755582,0.21592892977633554,0.23449310337234824,0.17199107345930745,1702
282,1,evaluate,2.8017354673809476,0.549645390070922,0.3969777667243046,0.3722279924159845,0.3627039784179612,1128
282,2,evaluate,3.1730984807014466,0.46759639048400325,0.19728004188490567,0.29728504672897194,0.16102372658543035,1219
282,3,evaluate,3.303296952536612,0.4693680656054028,0.34115990359701864,0.3119560381398088,0.28969245523480913,2073
282,4,evaluate,2.4879212975502014,0.5390713476783692,0.2690798256302984,0.2681791345441911,0.2094975380763434,1766
282,5,evaluate,2.953693656360402,0.49526963103122046,0.30847213097236503,0.3644415914958411,0.25382522541300917,2114
283,0,evaluate,3.4926379786597357,0.3025851938895417,0.22027604120324035,0.17805141954364243,0.13611931257125418,1702
283,1,evaluate,3.0739289654625788,0.524822695035461,0.3958033239368288,0.38344051833545584,0.3552754785074928,1128
283,2,evaluate,2.5723782658576964,0.5488105004101723,0.18799611028580668,0.31780173564753006,0.17027361042555872,1219
283,3,evaluate,1.703365417463439,0.7055492638731596,0.26670796487734566,0.3037051232187916,0.23370931253014282,1766
283,4,evaluate,3.4078862305843467,0.4761215629522431,0.33856285206947945,0.3242736257001676,0.2911601822282317,2073
283,5,evaluate,2.7856321440023533,0.5023651844843898,0.300029697643366,0.3924511556328916,0.25916222564576746,2114
284,0,evaluate,2.9314059913158417,0.5036915504511895,0.20111854278475455,0.30647863818424564,0.1750768105589114,1219
284,1,evaluate,2.938234474923876,0.5452127659574468,0.4007552991925413,0.37504505821127443,0.36336706798686425,1128
284,2,evaluate,2.8165008776328144,0.5397350993377483,0.3100017199038374,0.38171534447664646,0.26193346040939314,2114
284,3,evaluate,2.656718095143636,0.4582843713278496,0.2191426148607,0.23128910226020682,0.17214508177057417,1702
284,4,evaluate,3.4174985379883736,0.472744814278823,0.3488736178821556,0.32385429504475133,0.2899868808895401,2073
284,5,evaluate,2.92541099020413,0.4575311438278596,0.2698928473394825,0.2465706295842542,0.19079763582742165,1766
285,0,evaluate,2.775939828157425,0.5324036095159967,0.1874601796316359,0.2950754339118825,0.16844787345287282,1219
285,1,evaluate,3.49665696532638,0.3072855464159812,0.22110160270519347,0.1636921195553332,0.1341203157980428,1702
285,2,evaluate,1.64728482067585,0.711211778029445,0.2661178790097639,0.305818743375276,0.23486607972985984,1766
285,3,evaluate,3.442419182170521,0.467438494934877,0.3392471310638983,0.3135024745529509,0.2847195539417945,2073
285,4,evaluate,3.2500975529352822,0.5088652482269503,0.4008997825929275,0.37976228651941274,0.35159164890104166,1128
285,5,evaluate,2.897722798235276,0.48722800378429515,0.3007614813192411,0.40577281137317306,0.25958328241416767,2114
286,0,evaluate,2.7833840191364287,0.5176374077112387,0.20183175969251335,0.4063210947930574,0.17786872056740782,1219
286,1,evaluate,3.4103108247121177,0.46792088760250844,0.3372055550969873,0.3241428180618386,0.28687224942598355,2073
286,2,evaluate,2.6214443533508867,0.4612220916568743,0.21851148808590942,0.24592608103207508,0.17377011577597568,1702
286,3,evaluate,2.8725410964753895,0.5469858156028369,0.39439658185660775,0.36567442355011004,0.3607591545405716,1128
286,4,evaluate,2.7607172642435347,0.4801812004530011,0.26825366961681174,0.25182791371281116,0.19482639352253753,1766
286,5,evaluate,2.704821221968707,0.5260170293282876,0.30886005833990104,0.37703136338760207,0.2571958492258649,2114
287,0,evaluate,3.2828502655029297,0.5053191489361702,0.4015878267657366,0.349212173904364,0.3469918437448,1128
287,1,evaluate,2.804308366775513,0.5291222313371616,0.18809426943259616,0.3143224299065421,0.17189623762762063,1219
287,2,evaluate,3.4782172044118247,0.46599131693198265,0.3386678573649048,0.31531261498543794,0.2855671345060284,2073
287,3,evaluate,2.849307936780593,0.5099337748344371,0.2998634800376962,0.40904824821823016,0.262738653586956,2114
287,4,evaluate,1.7216400461537498,0.7134767836919592,0.2643937515148572,0.306055378389353,0.23437883579541746,1766
287,5,evaluate,3.6245976465719716,0.300235017626322,0.2226987946733261,0.17765434095883822,0.13562446064904637,1702
288,0,evaluate,3.021437486012777,0.523936170212766,0.3997017830532109,0.3626434096924318,0.35522071593763016,1128
288,1,evaluate,2.9081186950206757,0.5135356849876949,0.20166855704582648,0.30720493991989317,0.1734637635874711,1219
288,2,evaluate,2.972505637577602,0.44620611551528877,0.2690566486288005,0.24212059811290043,0.18775269833394864,1766
288,3,evaluate,2.507421096165975,0.48589894242068155,0.22118710152020102,0.24966655097572715,0.1796227509562875,1702
288,4,evaluate,2.8581005404977238,0.5350047303689688,0.3150774441613645,0.3992725430817655,0.2664865506942013,2114
288,5,evaluate,3.4297588883024273,0.4553786782440907,0.3386699998850748,0.2962103320009053,0.27778087797985307,2073
289,0,evaluate,3.3485195769204035,0.4946808510638298,0.39052071367675484,0.33142589209733864,0.3349320703560345,1128
289,1,evaluate,2.5764866292476656,0.549630844954881,0.18580518771882068,0.27494325767690253,0.1654618153368859,1219
289,2,evaluate,3.1508005647098316,0.467833491012299,0.2988566317140153,0.40394833459390417,0.25186534180986975,2114
289,3,evaluate,1.6603128526891981,0.7366930917327293,0.2655696465075394,0.31031346807038984,0.23671513808387318,1766
289,4,evaluate,3.6638519763946533,0.44669561022672455,0.33858564256535983,0.30986353071594586,0.27811831873662707,2073
289,5,evaluate,3.825787349983498,0.2826086956521739,0.22364207799273678,0.15457321387361853,0.1290492001348585,1702
290,0,evaluate,3.1713318824768066,0.4360135900339751,0.267751805424963,0.24264541317904395,0.18545756779435446,1766
290,1,evaluate,2.994174820184708,0.5061525840853158,0.20187990862184413,0.3419034267912772,0.17835564815284438,1219
290,2,evaluate,2.7213599461096303,0.43772032902467684,0.21940184699650528,0.24318762418376152,0.16889094665864274,1702
290,3,evaluate,2.882037056816949,0.5398936170212766,0.39729209332381543,0.35549468216722585,0.35692254553056424,1128
290,4,evaluate,2.9663178815561184,0.5198675496688742,0.31399301100027766,0.3906813007870874,0.2567154670519033,2114
290,5,evaluate,3.2747636130361846,0.49493487698986977,0.3391783792531077,0.3309862161349709,0.2938127489581854,2073
291,0,evaluate,3.393372791784781,0.32608695652173914,0.22324488703650308,0.18109549176982442,0.14241558772765356,1702
291,1,evaluate,2.991916060447693,0.5028712059064807,0.18977065487703787,0.2879986648865153,0.1618109249997795,1219
291,2,evaluate,1.620483249425888,0.7225368063420159,0.2658044804625966,0.30645839768984295,0.23394051654011144,1766
291,3,evaluate,2.867930633180282,0.4943235572374645,0.3050905500914439,0.39820832520199606,0.263219225230804,2114
291,4,evaluate,3.2215763992733426,0.5088652482269503,0.39132221816850093,0.3484007350974262,0.34459744448874985,1128
291,5,evaluate,3.5959953467051187,0.44766039556198745,0.33499212143622503,0.31108241513347645,0.2807419440431424,2073
292,0,evaluate,2.555777426276888,0.5181200453001132,0.2693226280757032,0.2605475472094301,0.20366630535698754,1766
292,1,evaluate,3.3495035532749062,0.48480463096960924,0.34148201854852916,0.3164249980153373,0.293724682370351,2073
292,2,evaluate,2.8398807843526206,0.5514184397163121,0.39609223687376327,0.37445841215920883,0.362435406308009,1128
292,3,evaluate,2.909914827346802,0.5283018867924528,0.1908775821065202,0.3104899866488652,0.16440156036705372,1219
292,4,evaluate,2.80787139027207,0.42479435957696826,0.22101303470653316,0.2399607160222949,0.167068713661137,1702
292,5,evaluate,2.89755017266554,0.5132450331125827,0.3067566739720769,0.3675610152273805,0.2571595805467601,2114
293,0,evaluate,2.873672032356262,0.5217391304347826,0.19728999336562741,0.4101141522029372,0.18032265578078327,1219
293,1,evaluate,3.621045820640795,0.45393150024119633,0.33938087358006935,0.29648669959676144,0.28332041003584013,2073
293,2,evaluate,2.8814108231488396,0.5080416272469253,0.3002514653026537,0.3891568601722309,0.26068942044303317,2114
293,3,evaluate,3.203093025419447,0.525709219858156,0.4003961929845163,0.35175415478359207,0.35447685460925393,1128
293,4,evaluate,1.7837448822600501,0.7089467723669309,0.26726682127595364,0.3049753152080722,0.2345653929802622,1766
293,5,evaluate,3.416789266798231,0.33783783783783783,0.22423940750254076,0.20186345394387492,0.14772190547453762,1702
294,0,evaluate,2.4980951292174205,0.5554926387315968,0.27233295923691925,0.2697107350254111,0.21205191595256498,1766
294,1,evaluate,3.365411324934526,0.4857694163048722,0.3403634983722198,0.3177268352109569,0.2937091786249552,2073
294,2,evaluate,2.924342711766561,0.5469858156028369,0.4002444995565778,0.35882554109127385,0.35892810406660774,1128
294,3,evaluate,2.68012535572052,0.4289071680376028,0.22276056691672252,0.2417678820966994,0.16941383748819108,1702
294,4,evaluate,2.9372167885303497,0.5094339622641509,0.19180260890967266,0.40903738317757005,0.16800558211360211,1219
294,5,evaluate,2.9316660306032967,0.5042573320719016,0.30982912798136236,0.38319143282796087,0.25867819966377315,2114
295,0,evaluate,2.905222165584564,0.5200984413453651,0.19071379644153905,0.3921929238985314,0.16721776593972978,1219
295,1,evaluate,1.8465403871876853,0.70158550396376,0.2669745691226725,0.3019099092502945,0.23189035982818368,1766
295,2,evaluate,3.4386194105501526,0.3284371327849589,0.2219188222759651,0.18596952535206968,0.14496246874414814,1702
295,3,evaluate,3.1027481953303018,0.5301418439716312,0.39165925010053604,0.3692035259857777,0.3534483722545035,1128
295,4,evaluate,3.0592388335396263,0.48438978240302744,0.2977650483175773,0.40635126454113796,0.25653208990599896,2114
295,5,evaluate,3.4816073432113184,0.48191027496382055,0.34262094392759973,0.3278830444909335,0.2965033747428197,2073
296,0,evaluate,2.9376499533653258,0.5127153404429861,0.1870881894266778,0.3075947930574099,0.16005882623673154,1219
296,1,evaluate,3.117364870177375,0.5088652482269503,0.3957732732732733,0.35117818026120334,0.3448136934809759,1128
296,2,evaluate,2.9581971168518066,0.5298013245033113,0.3085174261942335,0.3815732381835456,0.26599611369135856,2114
296,3,evaluate,3.5080128944281377,0.46068499758803666,0.33081757539905066,0.31448481217744123,0.2784612486233565,2073
296,4,evaluate,2.4026867023536136,0.5351075877689694,0.2686331618962433,0.2639523803522974,0.20792845746388097,1766
296,5,evaluate,2.720847381485833,0.4388954171562867,0.21917754397048742,0.24159973030386084,0.16846634608098288,1702
297,0,evaluate,3.4872914950052896,0.48094548962855765,0.3380263841166991,0.3251794257518811,0.29826299153972774,2073
297,1,evaluate,2.960411482387119,0.549645390070922,0.3930423322553108,0.37960446372432727,0.3610759417343789,1128
297,2,evaluate,3.180818943416371,0.4588457899716178,0.305441034076473,0.3808842987568123,0.25152058428539503,2114
297,3,evaluate,3.1014806341241905,0.37309048178613397,0.22217930601350294,0.19552370754911969,0.15608635220036465,1702
297,4,evaluate,2.904342770576477,0.5225594749794914,0.18099348435026183,0.2734526034712951,0.15462014263291754,1219
297,5,evaluate,2.0351006942135945,0.6761041902604756,0.269578039691718,0.29566244510399853,0.22816190272295794,1766
298,0,evaluate,3.092994433641434,0.4963084495488105,0.18479255658746793,0.30745393858477976,0.15728607267453254,1219
298,1,evaluate,2.8009518174564136,0.5562913907284768,0.3074677234649084,0.3989150736121803,0.27384801179544727,2114
298,2,evaluate,3.202788088056776,0.5132978723404256,0.39983911381452963,0.3544385127592665,0.3504372827456619,1128
298,3,evaluate,2.3128879496029446,0.5730464326160816,0.2704076623897288,0.2728436519823326,0.21460659319771222,1766
298,4,evaluate,2.998329860192758,0.4012925969447709,0.22098435803502045,0.23667220790987833,0.16154786086880008,1702
298,5,evaluate,3.535998178250862,0.4717800289435601,0.33493635490462903,0.30121293196004884,0.2826860761621254,2073
299,0,evaluate,2.0867553651332855,0.6630804077010193,0.26596770088372984,0.29276957971978657,0.2248153004850403,1766
299,1,evaluate,3.7189410310803037,0.4645441389290883,0.3374680590464362,0.32062115248393036,0.2926773118541258,2073
299,2,evaluate,3.0585813875551575,0.3895417156286721,0.22200549388791532,0.18358792441452296,0.15808603778623742,1702
299,3,evaluate,2.9035576581954956,0.527481542247744,0.1853652982591085,0.3726855807743658,0.15969849592738544,1219
299,4,evaluate,3.2557635202127346,0.45600756859035,0.3062220022599804,0.39157723714143244,0.2524645035530681,2114
299,5,evaluate,3.0998544560538397,0.5460992907801419,0.3905256712679078,0.3692671486847177,0.3570145474471964,1128
300,0,evaluate,3.4559359044739693,0.4857694163048722,0.3394239882737418,0.321752932657997,0.2889026470146807,2073
300,1,evaluate,2.351485256637846,0.5866364665911665,0.2692029315713526,0.27493756740801,0.216329671974331,1766
300,2,evaluate,2.8074713945388794,0.5340442986054142,0.187771459216256,0.31536114819759675,0.16949147593308939,1219
300,3,evaluate,3.007193228777717,0.5293282876064334,0.2996992243402434,0.39412515623275113,0.2637074913012306,2114
300,4,evaluate,3.2123643424775867,0.500886524822695,0.4013173633066051,0.3564096551601468,0.34569411400227823,1128
300,5,evaluate,3.1554566665931985,0.3754406580493537,0.2222232963883286,0.23116829433843092,0.1589683949583103,1702
301,0,evaluate,3.1477737426757812,0.478240302743614,0.3002113283202266,0.37556945986421575,0.25333498781207925,2114
301,1,evaluate,2.126339158841542,0.6381653454133636,0.2665695569862593,0.28892642179850664,0.22425469035675105,1766
301,2,evaluate,3.1336252291997275,0.5354609929078015,0.39773179913290985,0.37003963834923,0.3598026578601675,1128
301,3,evaluate,3.3285825133323668,0.4700574241181296,0.1948685198312888,0.2967910547396529,0.15926665486421818,1219
301,4,evaluate,2.7250462461400917,0.4670975323149236,0.21953602926543486,0.21692124938428942,0.17282995083405578,1702
301,5,evaluate,3.7791167533758916,0.44235407621804146,0.34296911347673925,0.30553645483530156,0.2838706144142601,2073
302,0,evaluate,3.6366678520485207,0.3078730904817861,0.2261351152758754,0.20058524697825847,0.14277206768657358,1702
302,1,evaluate,3.166326893700494,0.525709219858156,0.400576163798226,0.3850891929949588,0.35804758006613296,1128
302,2,evaluate,2.2135860919952393,0.6206115515288788,0.2712096957908396,0.28216251757966504,0.22163156538764506,1766
302,3,evaluate,2.737128400802612,0.5758818703855619,0.1858428742702936,0.3250347129506008,0.17500951519435756,1219
302,4,evaluate,2.8117256234673893,0.5392620624408704,0.2952100651061138,0.3900786474168029,0.2619258004730315,2114
302,5,evaluate,3.4460689082290186,0.4944524843222383,0.33808366474956425,0.3263983004756864,0.2931466305912237,2073
303,0,evaluate,3.220602697796292,0.5354609929078015,0.3899620711518527,0.355740549415553,0.35344497103297795,1128
303,1,evaluate,3.056045686497408,0.5018921475875118,0.3045670866497512,0.37837786242397453,0.26023696272059127,2114
303,2,evaluate,3.825679316665187,0.452484322238302,0.3435154298988178,0.3267152255974753,0.2906294811974413,2073
303,3,evaluate,2.729629971362926,0.4594594594594595,0.22417964998305412,0.23056963250304713,0.1784636444499344,1702
303,4,evaluate,2.2431919361863817,0.6313703284258211,0.27100774930981364,0.28664753481084976,0.22366227128625135,1766
303,5,evaluate,3.124446213245392,0.4938474159146842,0.19645005179776548,0.4042843791722296,0.17023723425356246,1219
304,0,evaluate,3.1931230315455683,0.3601645123384254,0.22293237631033538,0.2096098633277604,0.15308934218693412,1702
304,1,evaluate,2.1400693144117082,0.6240090600226501,0.26844148414514546,0.2824991271322158,0.22106930263928543,1766
304,2,evaluate,2.9749110519886015,0.5192780968006563,0.1815533203355784,0.3142716955941255,0.1599246145024794,1219
304,3,evaluate,3.1069151825375028,0.5354609929078015,0.40346176240469556,0.3753768016607532,0.3619358662560615,1128
304,4,evaluate,2.889706047142253,0.5260170293282876,0.301250531774352,0.3951559311369438,0.2650161524460398,2114
304,5,evaluate,3.4760635404875786,0.49397009165460687,0.3384574417090383,0.31628690579760277,0.2968483863301752,2073
305,0,evaluate,3.1928611993789673,0.4946677604593929,0.18925023466378985,0.30620694259012016,0.15873148755468466,1219
305,1,evaluate,2.9362617333730063,0.4300822561692127,0.22211558085399724,0.2385399839930454,0.17018521184904373,1702
305,2,evaluate,2.2060860438006267,0.6177802944507361,0.2706703883749803,0.2827086733610026,0.2205265958234012,1766
305,3,evaluate,3.1675823397106595,0.5452127659574468,0.395868919774424,0.36083974997183876,0.36009397192403103,1128
305,4,evaluate,3.7182600353703354,0.46695610226724554,0.3453445278155156,0.3292995110076841,0.2947714230128201,2073
305,5,evaluate,2.7374323466244865,0.5312204351939451,0.3103772917614447,0.39421349927136545,0.27083939798832973,2114
306,0,evaluate,3.188465370072259,0.5381205673758865,0.3981677309964973,0.364466616032157,0.35939060449873755,1128
306,1,evaluate,3.214819387153343,0.3654524089306698,0.22566266980570998,0.2234495820467126,0.15907000776469998,1702
306,2,evaluate,2.7996548771858216,0.5578342904019689,0.18793057360799295,0.31824232309746325,0.16465033583385297,1219
306,3,evaluate,1.9805437879902976,0.6619479048697622,0.27039162241508835,0.2888387012505166,0.22419216272278059,1766
306,4,evaluate,2.790892814888674,0.5302743614001892,0.2960280227762922,0.4026804381044887,0.2644909522624393,2114
306,5,evaluate,3.7165301496332344,0.46357935359382535,0.34068667357487237,0.32653121369317256,0.29198901992620885,2073
307,0,evaluate,3.2181907759772406,0.5434397163120568,0.3918143129855248,0.362148454697143,0.35738529747712183,1128
307,1,evaluate,3.079143929481506,0.505332239540607,0.1909291735711704,0.30586782376502003,0.1618605851593846,1219
307,2,evaluate,2.2462557639394487,0.6087202718006794,0.26723713366934504,0.2832331768110724,0.220509401557694,1766
307,3,evaluate,3.091337866642896,0.5052034058656575,0.3011586291809052,0.37083580016581824,0.2567524430718159,2114
307,4,evaluate,3.7245526458277847,0.47081524360829713,0.3375283357878344,0.3302909745091761,0.28983024379324906,2073
307,5,evaluate,2.9926806600005538,0.43243243243243246,0.21846672751788213,0.24295820242070215,0.16868163012398438,1702
308,0,evaluate,3.657627481402773,0.4645441389290883,0.34285147715229325,0.32532474285608165,0.2920030311553967,2073
308,1,evaluate,2.824468395289253,0.5392620624408704,0.2988725914882162,0.39290116767060707,0.2656082228829554,2114
308,2,evaluate,2.1871556980269298,0.6183465458663646,0.2677797074964864,0.27902888889163113,0.2170893799284727,1766
308,3,evaluate,3.0855126910739474,0.3719153936545241,0.22262568000942654,0.21070914090414355,0.1572322042318053,1702
308,4,evaluate,2.9212547719478605,0.5381460213289582,0.18550121141379972,0.31611415220293726,0.16331271273521292,1219
308,5,evaluate,3.0976787275738187,0.5363475177304965,0.39201780867088604,0.36243071952600614,0.35685545970824384,1128
309,0,evaluate,2.9424994786580405,0.4218566392479436,0.22103342590954878,0.23654274901866468,0.16688094248836655,1702
309,1,evaluate,3.2584450112448797,0.5221631205673759,0.39115115922882776,0.3528932422773514,0.35036808569616407,1128
309,2,evaluate,2.9800597429275513,0.5151763740771124,0.18824787246647576,0.3092963951935915,0.16492783348191756,1219
309,3,evaluate,3.6786612163890493,0.45779064158224797,0.34322111721626997,0.3167149240716013,0.28542551118368387,2073
309,4,evaluate,2.405383288860321,0.5736126840317101,0.2694869051584492,0.27289885290009924,0.21356999821749884,1766
309,5,evaluate,2.7835326755748078,0.5449385052034059,0.3029383497543269,0.3978183107640612,0.26692977617752944,2114
310,0,evaluate,3.0512443913353815,0.5523049645390071,0.40647882095494603,0.38952819841827024,0.36994338581494757,1128
310,1,evaluate,2.8931190729141236,0.5463494667760459,0.19189081632653063,0.4171655540720961,0.17322819756448077,1219
310,2,evaluate,3.246742283596712,0.4649952696310312,0.29311112430509356,0.37823999149767684,0.24480476767630543,2114
310,3,evaluate,2.0656137551580156,0.6545866364665912,0.2727265688164474,0.2914653044108245,0.22803603999445937,1766
310,4,evaluate,3.1187726568292686,0.37485311398354876,0.220068671517806,0.18480054504909077,0.1530951195856123,1702
310,5,evaluate,3.3896719253424443,0.4944524843222383,0.33864884658697286,0.3396710301695259,0.30067327228917395,2073
311,0,evaluate,2.7929698018466724,0.5387890255439924,0.2994698873237056,0.3943999345798622,0.2671391018384707,2114
311,1,evaluate,3.2040675392857305,0.3601645123384254,0.22025654364528272,0.2056957170751919,0.15189130610281232,1702
311,2,evaluate,2.9770308554172518,0.5242001640689089,0.1852760905766979,0.41097129506008007,0.16325403728535587,1219
311,3,evaluate,3.20600508319007,0.523936170212766,0.39248884902168546,0.35050049791493204,0.3526218691636076,1128
311,4,evaluate,2.0535595970494405,0.6438278595696489,0.2694848963602487,0.2888457599778189,0.22480999069253427,1766
311,5,evaluate,3.6086661743395254,0.46502653159671975,0.34147600499506864,0.32267048048428626,0.29028783635624683,2073
312,0,evaluate,3.563805731860074,0.45972021225277376,0.33528917493795823,0.32496850763773716,0.28789050737147664,2073
312,1,evaluate,2.2338036554200307,0.5934314835787089,0.26996581202038594,0.2761135815410205,0.21542187224730566,1766
312,2,evaluate,2.973161372873518,0.5478723404255319,0.39771319756138085,0.361359529979148,0.3626088628044745,1128
312,3,evaluate,2.873992169604582,0.521286660359508,0.2988119179558369,0.3868215357781361,0.260067553129386,2114
312,4,evaluate,2.9256906553551003,0.40775558166862513,0.2195062362187826,0.23128244638162904,0.1635041328374255,1702
312,5,evaluate,3.0870354413986205,0.5151763740771124,0.19139562309927502,0.4090106809078772,0.1655764287201193,1219
313,0,evaluate,3.17131597465939,0.5230496453900709,0.39296406144884094,0.36133514607633277,0.35328964512858513,1128
313,1,evaluate,3.0666434526443482,0.5184577522559475,0.18378369448030465,0.3126348464619493,0.1592042580258924,1219
313,2,evaluate,2.9162364812458264,0.532166508987701,0.29959923834400964,0.41173045257855384,0.2678105379211894,2114
313,3,evaluate,3.2266082410459167,0.3519388954171563,0.2170630709113522,0.19134370327427258,0.14696036567765527,1702
313,4,evaluate,2.010177012000765,0.6466591166477916,0.27105382714852877,0.2898769935435767,0.22687471816057075,1766
313,5,evaluate,3.537931622880878,0.477086348287506,0.33526184939770476,0.328588302285862,0.29173918755359496,2073
314,0,evaluate,3.1039927932951183,0.5381205673758865,0.3898953600511189,0.37875170556567916,0.3575152119235889,1128
314,1,evaluate,2.2001925664288655,0.6240090600226501,0.26949676124938804,0.2854412141449716,0.22258191806507854,1766
314,2,evaluate,3.6277777209426416,0.4732272069464544,0.33872076381348726,0.3258992379099349,0.2917848679279774,2073
314,3,evaluate,3.171801733970642,0.5127153404429861,0.18775349704881122,0.3113104138851802,0.16339293420148027,1219
314,4,evaluate,3.124216671343203,0.3836662749706228,0.2219044034618884,0.20240773358651523,0.15825160912050892,1702
314,5,evaluate,2.9592047929763794,0.5312204351939451,0.30482236548431907,0.390277136015834,0.26684500353885304,2114
315,0,evaluate,3.1191936996248035,0.5195035460992907,0.3867036743461657,0.34204339289702723,0.34765398752727295,1128
315,1,evaluate,3.1000894784927366,0.5086136177194421,0.1866506318777968,0.30971295060080106,0.1616593122324293,1219
315,2,evaluate,2.9494184255599976,0.41774383078730903,0.22482753840003097,0.23373986609412425,0.16880371156956614,1702
315,3,evaluate,2.9365321222473595,0.5439924314096499,0.30329732302356,0.4019512502062231,0.2701550728835199,2114
315,4,evaluate,3.58073987382831,0.46164978292329956,0.336514091369079,0.3017994278457257,0.2852378890676385,2073
315,5,evaluate,2.180938367332731,0.6149490373725934,0.2697531640675743,0.28169561885375466,0.2204221422142214,1766
316,0,evaluate,1.9797881586211068,0.6755379388448471,0.2695905379912965,0.29745017031501153,0.230781904651991,1766
316,1,evaluate,2.8979070842266084,0.5397867104183757,0.18790009818360334,0.29832242990654206,0.16798930203086945,1219
316,2,evaluate,3.327037078362924,0.3396004700352526,0.21985206609899172,0.19452468556942265,0.14803483095311173,1702
316,3,evaluate,3.14661881658766,0.5434397163120568,0.38860449750194537,0.3665539243724871,0.3534753052270109,1128
316,4,evaluate,3.4868259213187476,0.49686444766039556,0.33251028552941325,0.34354122241344365,0.2984453538401313,2073
316,5,evaluate,3.400722868302289,0.4512771996215705,0.2991721217592961,0.38964735215910623,0.24736324659885273,2114
317,0,evaluate,2.362470371382577,0.5622876557191393,0.27125990341368206,0.26652613591942764,0.2094362861995967,1766
317,1,evaluate,2.786285471033167,0.44594594594594594,0.21793201353629382,0.2275916948017056,0.168058290226036,1702
317,2,evaluate,3.2797712484995523,0.5070921985815603,0.39810233928139793,0.34381687554170065,0.3480006496928708,1128
317,3,evaluate,3.155434173345566,0.48400328137817883,0.18542627859564267,0.4005180240320427,0.14939859342303968,1219
317,4,evaluate,3.8848749941045586,0.4196816208393632,0.3327736462630804,0.27966984549426466,0.26402437234789433,2073
317,5,evaluate,2.6292714722016277,0.5903500473036897,0.3056180242652934,0.40709560694913316,0.2813384364652292,2114
318,0,evaluate,1.9710325598716736,0.665911664779162,0.2682818419826192,0.2911733961840518,0.224824528592417,1766
318,1,evaluate,3.4615848281166772,0.49589966232513266,0.3371275191458355,0.32641876648060836,0.30104550744746944,2073
318,2,evaluate,3.383562865080657,0.3419506462984724,0.22447011790457827,0.17627431136823452,0.15037876515185017,1702
318,3,evaluate,3.0860904587639704,0.5629432624113475,0.39508577702097225,0.3758744541103223,0.3660651667993016,1128
318,4,evaluate,2.8506925284862517,0.5447087776866284,0.18947587328392285,0.29885447263017356,0.1698200862710722,1219
318,5,evaluate,3.568758256295148,0.43945127719962157,0.29866714469398076,0.39024303886329204,0.2450875889250229,2114
319,0,evaluate,2.7358658711115518,0.4594594594594595,0.22234271034770794,0.244541508504014,0.17461573053379914,1702
319,1,evaluate,3.385680357615153,0.48847517730496454,0.39715915915654004,0.34405745298593865,0.34050061529181913,1128
319,2,evaluate,3.0679152846336364,0.5061525840853158,0.19183225323447642,0.30429572763684914,0.15959326484516556,1219
319,3,evaluate,2.779538776193346,0.49546998867497166,0.2670072753516694,0.25311819995299084,0.1974341055785057,1766
319,4,evaluate,2.840485965504366,0.565279091769158,0.29870943184035703,0.3922702974655958,0.267993604128043,2114
319,5,evaluate,3.8418770053169946,0.4312590448625181,0.3359355504406255,0.27861327944438424,0.26385810809348154,2073
320,0,evaluate,2.878258216381073,0.5406070549630845,0.17425454043580316,0.25884178905206945,0.1481210183128249,1219
320,1,evaluate,3.5007497758576362,0.49155812831644957,0.3297414389387494,0.34604359176396615,0.2975837562615838,2073
320,2,evaluate,2.009233989885875,0.6687429218573047,0.2646857732736732,0.29444400506578045,0.22527002703482454,1766
320,3,evaluate,3.4467012264110424,0.34782608695652173,0.22623584231224586,0.18065023903986493,0.15374872156643696,1702
320,4,evaluate,3.751039876657374,0.40491958372753073,0.3010315796277784,0.3632682953867402,0.2333814890411671,2114
320,5,evaluate,3.0584427780575223,0.5718085106382979,0.39647295237688296,0.3845183509978477,0.36926341246389904,1128
321,0,evaluate,3.0329259872436523,0.5151763740771124,0.1932301582043184,0.30963417890520695,0.16704085030738886,1219
321,1,evaluate,3.657554019581188,0.44862518089725034,0.3391699859511018,0.2892173949511406,0.27489389233995903,2073
321,2,evaluate,2.7970506659260503,0.4418331374853114,0.22134348648672444,0.22870295812973368,0.17039069399043355,1702
321,3,evaluate,3.374631961186727,0.50177304964539,0.4046259900197439,0.3558274513362333,0.3509799872683871,1128
321,4,evaluate,2.6431956461497714,0.5300113250283126,0.27054553041421237,0.26159949015621653,0.20537363151737983,1766
321,5,evaluate,2.963540024617139,0.5463576158940397,0.2989270902897399,0.38091453839645517,0.2631031379499126,2114
322,0,evaluate,1.994410617010934,0.6947904869762175,0.2681063312972613,0.299106008385439,0.229650892676818,1766
322,1,evaluate,3.136996626853943,0.549645390070922,0.3962385971697324,0.3604024892282351,0.36209446939011725,1128
322,2,evaluate,3.5277943699448198,0.33137485311398357,0.22325223959076518,0.17384433327895493,0.1463285627624587,1702
322,3,evaluate,2.838797610998154,0.5553732567678425,0.1760252796299308,0.2599312416555407,0.15076186199858965,1219
322,4,evaluate,3.539896329243978,0.482392667631452,0.3318034646362502,0.3369553269264952,0.2946272063542005,2073
322,5,evaluate,3.587690970476936,0.43755912961210974,0.2925436054647407,0.3827405262983925,0.2384584706011655,2114
323,0,evaluate,3.2993174923790827,0.5212765957446809,0.39704196757097804,0.3474811948363525,0.3529990615436268,1128
323,1,evaluate,3.7686897985862964,0.4442836468885673,0.3380895101275536,0.29200874904618845,0.2763360884743027,2073
323,2,evaluate,2.8066008967511795,0.5633869441816461,0.30620812811277043,0.3961396390130567,0.27351911261825607,2114
323,3,evaluate,2.556537445102419,0.5469988674971688,0.2697961415075404,0.263874863984258,0.20697781541360977,1766
323,4,evaluate,3.27963103055954,0.48482362592288764,0.1896618165480058,0.30362283044058747,0.15731122928171,1219
323,5,evaluate,2.8905996967245033,0.4388954171562867,0.22175924052060964,0.24175253799279503,0.17070657483357551,1702
324,0,evaluate,3.0272804737091064,0.5324036095159967,0.19013260063436271,0.29406208277703605,0.1669549969078286,1219
324,1,evaluate,3.3651561207241483,0.3554641598119859,0.2193030210297004,0.17772938800466215,0.14720491773848443,1702
324,2,evaluate,3.608876170534076,0.48191027496382055,0.3343416840505117,0.3160400989617102,0.2928922422686056,2073
324,3,evaluate,3.255254613028632,0.5425531914893617,0.403045683106415,0.3585664597960888,0.35967148493019796,1128
324,4,evaluate,3.682141149745268,0.4356669820245979,0.2930271973116564,0.37437705359495593,0.23944247457201154,2114
324,5,evaluate,1.899020446198327,0.702718006795017,0.2680724112534572,0.30403656742330415,0.23515822220044677,1766
325,0,evaluate,2.96722794175148,0.5250205086136177,0.19682282188933714,0.3095160213618157,0.17021552141870028,1219
325,1,evaluate,3.1626432604259915,0.5390070921985816,0.3964338824396073,0.3547586631223699,0.35981126539312014,1128
325,2,evaluate,2.6984662656430847,0.47414806110458285,0.22284280473576462,0.23875769676249065,0.178265033312159,1702
325,3,evaluate,2.8272664674690793,0.5090600226500567,0.2693673348189969,0.25162485720037614,0.19603424494494598,1766
325,4,evaluate,2.902178133235258,0.5529801324503312,0.3008944182823584,0.3917380424667947,0.26483555521889335,2114
325,5,evaluate,3.8201705542477695,0.43174143753014954,0.33983554640659697,0.29098024326964655,0.27709633897150043,2073
326,0,evaluate,3.2337740302085876,0.5307629204265791,0.18388741743536471,0.29450400534045396,0.15885599547495163,1219
326,1,evaluate,1.9582220017910004,0.6913929784824462,0.2644914641744548,0.30189726324678995,0.23195677435028345,1766
326,2,evaluate,3.6668982064282454,0.3396004700352526,0.21974869012687842,0.19364611187812625,0.1445287481215152,1702
326,3,evaluate,3.2810811225105736,0.49337748344370863,0.2982128102221751,0.38518901530022687,0.2580421918576575,2114
326,4,evaluate,3.7992615194031685,0.4901109503135552,0.3376550500129551,0.33665215056824616,0.2971781910312362,2073
326,5,evaluate,3.3957685629526773,0.5301418439716312,0.39656700830135677,0.36790495481583185,0.35590699110689855,1128
327,0,evaluate,2.9112913429737093,0.5176374077112387,0.18885844258184684,0.31133578104138854,0.16455028068800526,1219
327,1,evaluate,2.7895192972251346,0.5283125707814269,0.2702513587886017,0.2549354962829375,0.1998553820953788,1766
327,2,evaluate,2.7331443627675376,0.45299647473560517,0.22452776070993363,0.23306498099128525,0.1754405940768175,1702
327,3,evaluate,3.739719029628869,0.4491075735648818,0.34161598550017613,0.29808676271821855,0.2830225173837609,2073
327,4,evaluate,3.191615660985311,0.525709219858156,0.4008806225433368,0.3580762848426279,0.35746866862506915,1128
327,5,evaluate,2.9811860708629383,0.5454115421002839,0.2966338053661083,0.39449416587029607,0.26077171010467665,2114
328,0,evaluate,3.254018916024102,0.5283687943262412,0.3998466723448229,0.3666352051058189,0.35620249392354053,1128
328,1,evaluate,1.8891340579305376,0.6993204983012458,0.26487088389239716,0.3035835125530858,0.2337820644465726,1766
328,2,evaluate,3.054156994819641,0.5332239540607056,0.19199877275324845,0.3932176234979973,0.17145501738371932,1219
328,3,evaluate,3.401852334246916,0.48628192999053926,0.2957612122476772,0.39610351942178346,0.25433465953876194,2114
328,4,evaluate,3.5369707655023643,0.3537015276145711,0.2216222767088952,0.19196945318209085,0.1489378161981103,1702
328,5,evaluate,3.6694106622175737,0.467438494934877,0.34120537839387516,0.30209069214626627,0.2883687191671323,2073
329,0,evaluate,3.3311319616105823,0.5372340425531915,0.3975624900572341,0.3745532341348338,0.3596686442193263,1128
329,1,evaluate,3.075730186700821,0.5365053322395406,0.1930175501560889,0.31284045393858484,0.1675610203252435,1219
329,2,evaluate,3.9132918878035112,0.4582730342498794,0.3393137426003345,0.3052820817917759,0.28333501464067884,2073
329,3,evaluate,2.887433484748558,0.4488836662749706,0.22290619911849005,0.24406729958491163,0.17345966708741228,1702
329,4,evaluate,3.0139380553189445,0.5307473982970672,0.30407429989236434,0.38430403441434186,0.26007396121096443,2114
329,5,evaluate,2.85234158379691,0.5192525481313703,0.27205968095012656,0.2584246334151624,0.2024524245925718,1766
330,0,evaluate,3.494701862335205,0.3396004700352526,0.22044488085345537,0.19632121470742053,0.14539796818594106,1702
330,1,evaluate,3.1243431638268864,0.5033112582781457,0.2954334257347746,0.3918464705471939,0.25829218008887567,2114
330,2,evaluate,1.8961246737412043,0.6998867497168743,0.26698458078075976,0.30179780723746286,0.23228871711763346,1766
330,3,evaluate,3.473112013604906,0.5150709219858156,0.39596354066413336,0.3603062528955768,0.34980925841878313,1128
330,4,evaluate,3.843417919043339,0.4505547515677762,0.33675843340685957,0.3158617027854868,0.28301453514210867,2073
330,5,evaluate,2.8769999921321867,0.5299425758818704,0.1914550121187409,0.4126335113484646,0.17017555752263078,1219
331,0,evaluate,3.0852103654076073,0.5283822138126774,0.3042970488860054,0.3580532768878158,0.25388434625501227,2114
331,1,evaluate,3.1089066664377847,0.5443262411347518,0.3973568085871849,0.3730918999003402,0.36127660526226624,1128
331,2,evaluate,3.6909312696167915,0.47129763627592863,0.34024098282496146,0.3234562910950175,0.2869153787385187,2073
331,3,evaluate,3.260581386089325,0.5077932731747334,0.1812812638395222,0.3568938584779706,0.1467817489772048,1219
331,4,evaluate,2.887934936417474,0.44653349001175086,0.21895725542056424,0.24262608213910722,0.17064890310584696,1702
331,5,evaluate,3.1780776722090587,0.4563986409966025,0.2702086231276021,0.24591299502223238,0.18979464659296447,1766
332,0,evaluate,3.9234078283663147,0.29670975323149235,0.22096882300862872,0.177579488556025,0.1321757760947096,1702
332,1,evaluate,1.9152920948607581,0.6993204983012458,0.26541078179288646,0.30124821869345686,0.23189891718961486,1766
332,2,evaluate,3.1214393657796524,0.5302743614001892,0.29659158425103527,0.4095108739068956,0.2652716253927759,2114
332,3,evaluate,3.4607116513782077,0.5053191489361702,0.40193372492986706,0.34949422771893374,0.34699398841170315,1128
332,4,evaluate,3.0633083462715147,0.5217391304347826,0.1903561764135241,0.4116341789052069,0.17259734834472898,1219
332,5,evaluate,3.732647975285848,0.45634346357935357,0.3403529670826123,0.28957460770514426,0.2803604000002431,2073
333,0,evaluate,2.9632547668048312,0.5169875424688561,0.268923736894123,0.26187789044942483,0.20253554625773001,1766
333,1,evaluate,3.464568292393404,0.48013245033112584,0.3048615923665276,0.3586372921589919,0.2459280710416793,2114
333,2,evaluate,3.138509061601427,0.5531914893617021,0.4031239859827386,0.38172476192108834,0.36708242707992067,1128
333,3,evaluate,3.1393277287483214,0.505332239540607,0.1904635221112487,0.30924566088117494,0.16706303844431003,1219
333,4,evaluate,2.9249836515497276,0.44535840188014103,0.21665917951374528,0.2310977666600123,0.17005387286229565,1702
333,5,evaluate,3.5596052010854087,0.4901109503135552,0.3387592675127217,0.32286973041444045,0.297147371550455,2073
334,0,evaluate,3.234211617708206,0.5069729286300246,0.18683492475510646,0.3089726301735648,0.16052844975453953,1219
334,1,evaluate,1.9807170735938209,0.6851642129105323,0.26807563680616375,0.29845360336436666,0.2307558398857318,1766
334,2,evaluate,3.273249626159668,0.5319148936170213,0.40006900593915706,0.3625147898705269,0.35741807431445594,1128
334,3,evaluate,3.466316196653578,0.3407755581668625,0.21998979096917243,0.18862540186178473,0.14359978477515264,1702
334,4,evaluate,3.7035309690417666,0.46357935359382535,0.3375853468727118,0.31581088113513317,0.2867095455964506,2073
334,5,evaluate,3.1792084890253403,0.5227057710501419,0.30015004336171913,0.40252700561742155,0.26584708530288753,2114
335,0,evaluate,3.139848060078091,0.5531914893617021,0.39909677264040383,0.3737162119604146,0.364163100467035,1128
335,1,evaluate,3.0496768832206724,0.5307629204265791,0.18809565448162582,0.31421829105473964,0.16671840145656663,1219
335,2,evaluate,2.582585585968835,0.5583238958097395,0.2652532788870817,0.2662268598422074,0.20626965476499173,1766
335,3,evaluate,2.9541009267171225,0.4212690951821387,0.22028279584056215,0.2046740199450693,0.1626943839439851,1702
335,4,evaluate,3.731753212032896,0.4732272069464544,0.33921452687760356,0.3333958440857153,0.293592918564354,2073
335,5,evaluate,3.2923106340801014,0.5014191106906338,0.2979686486992159,0.3708723709944325,0.25189903346843645,2114
336,0,evaluate,3.0675938010215758,0.5184577522559475,0.18612422222284228,0.4091401869158878,0.16049074341891983,1219
336,1,evaluate,2.9132286205011257,0.5402081362346263,0.30027376772278547,0.3982474178477795,0.2674582678219271,2114
336,2,evaluate,3.8393462065494424,0.4380125422093584,0.3341398994106575,0.30850798926220957,0.27860558732811214,2073
336,3,evaluate,3.3110979398091636,0.5230496453900709,0.39624116749483906,0.36074030846699073,0.35392572550777796,1128
336,4,evaluate,3.2930577154512757,0.3836662749706228,0.21980105001901312,0.2090326471984727,0.153706641110746,1702
336,5,evaluate,2.129169468368803,0.6534541336353341,0.26772453922513134,0.288098473471382,0.2232660265457464,1766
337,0,evaluate,3.3290122747421265,0.5077932731747334,0.1837423305972728,0.3122983978638184,0.15962610291576623,1219
337,1,evaluate,3.0672321849399142,0.5647163120567376,0.4043413633212928,0.3817934980894676,0.37020200647458046,1128
337,2,evaluate,3.4931242538220957,0.5108538350217077,0.3396764698610263,0.34887095753801417,0.3069225895796242,2073
337,3,evaluate,3.381354570388794,0.47729422894985807,0.30522820815486196,0.37004586423302516,0.25195951294611985,2114
337,4,evaluate,2.4515071468693868,0.5979614949037373,0.27081707179156045,0.2778270243356074,0.21748294700178833,1766
337,5,evaluate,3.146276005992183,0.3901292596944771,0.21863118924586206,0.20449483508688435,0.15612676989967425,1702
338,0,evaluate,3.8916430762319854,0.44235407621804146,0.3371182939713843,0.3035460284603691,0.2784941562446931,2073
338,1,evaluate,2.1620214326041087,0.6647791619479049,0.2691913027720291,0.29177613334236274,0.22629836023344327,1766
338,2,evaluate,3.0212816490846524,0.5392620624408704,0.29792360256597794,0.41355233816083725,0.2674084321516313,2114
338,3,evaluate,3.3526235509801796,0.37661574618096355,0.22312157208708933,0.2088701849120767,0.15593452446122055,1702
338,4,evaluate,3.095448398590088,0.5324036095159967,0.19150174080194365,0.31259412550066756,0.1681990841975362,1219
338,5,evaluate,3.3564464118745594,0.523936170212766,0.39498751371816665,0.35816401029023204,0.3544258328792366,1128
339,0,evaluate,3.2222356855869294,0.51681706316653,0.19191422781753253,0.41177770360480637,0.16866114506903468,1219
339,1,evaluate,2.985725658911246,0.4283196239717979,0.21977744008089886,0.22703650222495209,0.16629005566367977,1702
339,2,evaluate,3.6988891688260166,0.4761215629522431,0.3341975893435447,0.3353674381035237,0.2921164800250341,2073
339,3,evaluate,2.7607786740575517,0.5328425821064553,0.2683284539336953,0.263160433030172,0.20285732377388105,1766
339,4,evaluate,3.172406302558051,0.5602836879432624,0.402591799802793,0.38048298957666454,0.3678129697052525,1128
339,5,evaluate,3.281163818695966,0.5009460737937559,0.3082076749196674,0.37417092877309877,0.25615181089683575,2114
340,0,evaluate,3.3896924919552274,0.372502937720329,0.22201979164228364,0.1942524248565451,0.15132799543790904,1702
340,1,evaluate,3.267773526906967,0.4946677604593929,0.19173191251726224,0.40490787716955945,0.1641927983579689,1219
340,2,evaluate,3.4249728388256497,0.5150709219858156,0.40152472514460247,0.35407064411127437,0.352301982521677,1128
340,3,evaluate,1.895162718636649,0.6964892412231031,0.26905035361855123,0.3001924185629097,0.23208766446213686,1766
340,4,evaluate,3.859250682773012,0.437530149541727,0.3369415631899508,0.3051580638426702,0.27839171674540863,2073
340,5,evaluate,3.113915706382078,0.511352885525071,0.2971125983179715,0.3960356906667938,0.26057063022913385,2114
341,0,evaluate,3.079672694206238,0.4983012457531144,0.2718780031748619,0.25548214067827874,0.19664140352930048,1766
341,1,evaluate,3.170938664012485,0.5531914893617021,0.3978894669587785,0.3890542492633803,0.3645571486258071,1128
341,2,evaluate,3.2437960306803384,0.399529964747356,0.2221609667100372,0.2347578832548253,0.1625050091411226,1702
341,3,evaluate,3.1154627624680016,0.5151371807000946,0.30512665238603637,0.3698582254703412,0.2526475450627654,2114
341,4,evaluate,3.1027226388454436,0.5307629204265791,0.1834046729911798,0.41494592790387175,0.16226931688245214,1219
341,5,evaluate,3.6569004420078164,0.4833574529667149,0.3300262130695095,0.3338801028024661,0.2917170329555741,2073
342,0,evaluate,3.6274830765194364,0.48936170212765956,0.4041856268786416,0.3447283187565091,0.3418434093343568,1128
342,1,evaluate,3.6494369241926403,0.3519388954171563,0.2187814919520806,0.20221389347820615,0.14343643221601626,1702
342,2,evaluate,4.078242576483524,0.41341051616015434,0.33256001887873826,0.2883933783081368,0.263822779415918,2073
342,3,evaluate,3.527656042575836,0.45775225594749797,0.19277468193675096,0.29689652870493993,0.15530564573683006,1219
342,4,evaluate,3.10344434485716,0.5354777672658467,0.3013799922068226,0.3984875722000496,0.26929734474917655,2114
342,5,evaluate,1.92782176392419,0.695356738391846,0.2660356272360744,0.3029507318658734,0.23334787864849527,1766
343,0,evaluate,3.045304352045059,0.5578342904019689,0.179887099823009,0.36925567423230976,0.15620050529880197,1219
343,1,evaluate,3.1020465162065296,0.5593971631205674,0.3940768384466089,0.3791414951555723,0.36320292256674114,1128
343,2,evaluate,3.5926074331456963,0.4901109503135552,0.33410780981547344,0.33809360954940093,0.29422111802625495,2073
343,3,evaluate,3.5293546319007874,0.43997734994337484,0.2711540470123961,0.23928405920371348,0.18277581459550102,1766
343,4,evaluate,3.0335771595990217,0.4218566392479436,0.22316370186947393,0.24361976055990037,0.17026204985216128,1702
343,5,evaluate,3.470925138277166,0.4692526017029328,0.29438737529411,0.3610853696911563,0.23159764961523122,2114
344,0,evaluate,3.1504971314879024,0.5085146641438032,0.2974064214184711,0.40676574923048703,0.262566024335449,2114
344,1,evaluate,1.8213456783975874,0.7208380520951302,0.26663173619666464,0.30336954262251625,0.2318319803114508,1766
344,2,evaluate,3.693947156270345,0.4804964539007092,0.39339820151519345,0.33556289677805223,0.3306120259679032,1128
344,3,evaluate,4.092894536477548,0.30493537015276145,0.2220005260525299,0.18207611162144077,0.13136822348484248,1702
344,4,evaluate,4.069293036605373,0.4129281234925229,0.33672725113206586,0.26967323523691566,0.2621879852907588,2073
344,5,evaluate,3.2220786035060884,0.49302707136997537,0.1894827237579269,0.4036608811748998,0.16167629597427588,1219
345,0,evaluate,3.785642981529236,0.39750849377123443,0.26584170695472087,0.23030149964487606,0.17193435224685003,1766
345,1,evaluate,3.178074586391449,0.5258408531583265,0.17741136604489502,0.2654919893190921,0.14777061069927153,1219
345,2,evaluate,2.925964214183666,0.43301997649823737,0.21776442338742039,0.2428008601578774,0.16650968652522613,1702
345,3,evaluate,3.1039265526665583,0.5354609929078015,0.3964744090867721,0.36508749516684225,0.3555664543457105,1128
345,4,evaluate,3.5233997142676152,0.4954172696575012,0.32978813248976335,0.3352564679085655,0.2938643547738633,2073
345,5,evaluate,3.338802323621862,0.5066225165562914,0.30705276491091815,0.351992974744331,0.2381562644105329,2114
346,0,evaluate,3.19157418012619,0.5159967186218212,0.19345022095022096,0.39042656875834447,0.17214357327878124,1219
346,1,evaluate,1.874316285763468,0.7066817667044167,0.26409258214023645,0.30230746779070816,0.23073527609060238,1766
346,2,evaluate,3.7578743563758,0.3172737955346651,0.22206981523901304,0.1812113682284457,0.1406253830686415,1702
346,3,evaluate,3.393152568075392,0.5124113475177305,0.3915190918711084,0.3516744808985193,0.3456644001298765,1128
346,4,evaluate,3.2483627094941983,0.4810785241248817,0.2909961559271849,0.3808936993557247,0.24883466525518044,2114
346,5,evaluate,3.8528028112469297,0.4384949348769899,0.3372072762917833,0.29009882905921686,0.277956350518452,2073
347,0,evaluate,3.1518647405836315,0.524822695035461,0.39608093255177856,0.36137513974632524,0.35463690414221,1128
347,1,evaluate,2.5756271992410933,0.5186862967157417,0.271140671083084,0.25571946872650375,0.20147767190626467,1766
347,2,evaluate,3.0957944869995115,0.5266611977030353,0.1872022719344148,0.41182843791722296,0.16146603275973356,1219
347,3,evaluate,2.818878208889681,0.5558183538315988,0.3036486343387522,0.3806336945640743,0.26710032624234625,2114
347,4,evaluate,2.9822568275310375,0.4112808460634548,0.21920134642668057,0.23483853693174733,0.16298891814558067,1702
347,5,evaluate,3.6121673728480483,0.46406174626145685,0.3340911447805861,0.31507738551863573,0.2814478647369182,2073
348,0,evaluate,3.3370615994488753,0.3589894242068155,0.22115074191067338,0.20390936639807147,0.1546857396926578,1702
348,1,evaluate,2.9978920817375183,0.5299425758818704,0.18852209749249743,0.39342590120160215,0.1675433050625605,1219
348,2,evaluate,3.7720490007689507,0.4645441389290883,0.33653050319081435,0.32603438170461396,0.2899549555631087,2073
348,3,evaluate,1.9255295268126897,0.7044167610419027,0.2693540284302752,0.30220982476369807,0.23342746814397083,1766
348,4,evaluate,3.3334350453482733,0.5336879432624113,0.39897913246165634,0.36772177079378904,0.35817221003330646,1128
348,5,evaluate,3.309185301556307,0.456480605487228,0.29160342501646425,0.37797116116374707,0.24266996643130795,2114
349,0,evaluate,2.8196330000372494,0.5605487228003785,0.3005999402899439,0.3751947997508576,0.26437928074113964,2114
349,1,evaluate,3.2436379194259644,0.5110746513535686,0.18550671687035322,0.4080887850467289,0.15979823093214618,1219
349,2,evaluate,3.1332872443728976,0.4118683901292597,0.2188596925688418,0.2324682321317412,0.16213516251187088,1702
349,3,evaluate,3.749609607638735,0.44669561022672455,0.3307219532851036,0.29101648861844415,0.2750833123346045,2073
349,4,evaluate,3.0904090536965265,0.5398936170212766,0.3987325147484262,0.37187826076307573,0.36264032118381617,1128
349,5,evaluate,2.7936791522162303,0.49490373725934317,0.2680279795534033,0.24973319805705635,0.1945160198344041,1766
350,0,evaluate,1.951500049659184,0.6942242355605889,0.2681108467726034,0.29884046350173676,0.2313282867686493,1766
350,1,evaluate,3.7124238224590527,0.4224219489120151,0.2907712050553946,0.3705650720180558,0.23423852319190855,2114
350,2,evaluate,3.0478655338287353,0.5406070549630845,0.19014266985255754,0.39528237650200265,0.17095530290638278,1219
350,3,evaluate,3.7193354404333867,0.47998070429329476,0.33237766257162316,0.31645700261444876,0.29221007224709716,2073
350,4,evaluate,3.265388435787625,0.5328014184397163,0.3959326055291214,0.36446627382002716,0.3551281423434849,1128
350,5,evaluate,3.376705222659641,0.3689776733254994,0.21976922930018222,0.180225995589876,0.15278299162979433,1702
351,0,evaluate,3.6936987241109214,0.45972021225277376,0.33122668102518527,0.29809909262650364,0.2809149834198584,2073
351,1,evaluate,2.9632815262850594,0.5539262062440871,0.30320816310192944,0.3754689827058724,0.2671205002479031,2114
351,2,evaluate,3.150281751155853,0.5094339622641509,0.18689832491877997,0.40920627503337775,0.1619476866759259,1219
351,3,evaluate,3.0702424579196506,0.41539365452408933,0.22004986912880958,0.2342086037198469,0.16401538622693904,1702
351,4,evaluate,3.245016919242011,0.523936170212766,0.40110252170695093,0.3603787386780505,0.3558121688501057,1128
351,5,evaluate,2.5535770526954105,0.5509626274065685,0.2714424366001193,0.263937537455473,0.20855000862552453,1766
352,0,evaluate,3.250681029425727,0.549645390070922,0.4069507856734861,0.3730280365254182,0.36732836533085916,1128
352,1,evaluate,3.746422543670192,0.4833574529667149,0.33717295066186437,0.31922118570789804,0.2972865484068586,2073
352,2,evaluate,3.4657628183011657,0.34665099882491185,0.22033959042564435,0.18783166515149247,0.15069235865453864,1702
352,3,evaluate,2.09645813703537,0.687995469988675,0.2716601029501157,0.29631624678831336,0.22909797623830644,1766
352,4,evaluate,3.2189530193805695,0.5258408531583265,0.18872253606734207,0.39520627503337785,0.17184018606216592,1219
352,5,evaluate,3.4182346007403206,0.46121097445600756,0.29811995334431535,0.3811032741511946,0.24790255261837504,2114
353,0,evaluate,3.3295458793640136,0.5045118949958983,0.18884595445232716,0.4071542056074766,0.15963762865102235,1219
353,1,evaluate,3.30981535381741,0.5230496453900709,0.39944645777720067,0.3497875417869879,0.35450273607079213,1128
353,2,evaluate,2.703278584139688,0.5317100792751982,0.2727037192995393,0.25964216291121306,0.20533088005271805,1766
353,3,evaluate,2.9123470739082054,0.4506462984723854,0.22057945974809662,0.24400034010824828,0.17214857936934388,1702
353,4,evaluate,3.889808242971247,0.4515195369030391,0.33301540023156334,0.31110184799136825,0.2776595780188797,2073
353,5,evaluate,2.962741129538592,0.5581835383159887,0.30954407079256996,0.38184362162933594,0.27154890677240073,2114
354,0,evaluate,1.9593910170452935,0.7055492638731596,0.26750081560281147,0.3044263417941958,0.23494383451039796,1766
354,1,evaluate,3.4596234560012817,0.5301418439716312,0.4057956956124256,0.3647072404221503,0.35803026983408504,1128
354,2,evaluate,3.217512083053589,0.5192780968006563,0.19518490224372578,0.38954272363150866,0.17288558252849354,1219
354,3,evaluate,3.532813591115615,0.467833491012299,0.2975242915921285,0.3741431835600009,0.249186371894547,2114
354,4,evaluate,3.5161349773406982,0.37132784958871917,0.2198841082065525,0.20837081230124363,0.15418776429143155,1702
354,5,evaluate,3.9385374387105307,0.45875542691751087,0.33530337225504897,0.3195264849919705,0.2864315510875385,2073
355,0,evaluate,3.0120296597480776,0.5537325676784249,0.1907928901729891,0.4185547396528705,0.1749336531719832,1219
355,1,evaluate,3.4058600664138794,0.5319148936170213,0.4018449680382252,0.36819027250646785,0.35911079434231113,1128
355,2,evaluate,3.9451748674566094,0.47129763627592863,0.3350599058673397,0.3056884769361788,0.28419996693381705,2073
355,3,evaluate,2.9722435860072864,0.5723746452223274,0.30629657743226935,0.39139611468634977,0.26903831702834313,2114
355,4,evaluate,2.987924929176058,0.5045300113250283,0.2741648448973643,0.25383823688024343,0.19932845523350184,1766
355,5,evaluate,3.2999230402487294,0.39482961222091656,0.22073484400372573,0.22751563652461498,0.16072977208519437,1702
356,0,evaluate,1.8413019925355911,0.7298980747451869,0.26978110877012396,0.3095995232373789,0.23854839960609636,1766
356,1,evaluate,3.3008604491198503,0.4212690951821387,0.22327524059781584,0.19860809064695323,0.16054055073449464,1702
356,2,evaluate,4.25692157311873,0.40665701881331406,0.33626956100120664,0.2979965314830767,0.26594926563512467,2073
356,3,evaluate,3.4225937922795615,0.5319148936170213,0.407194024706936,0.35511407933753836,0.3595653477120791,1128
356,4,evaluate,3.388587755315444,0.46830652790917693,0.2962849216471881,0.3869614781631056,0.24829212454285657,2114
356,5,evaluate,3.3394858837127686,0.4725184577522559,0.1927986251127773,0.3525293724966622,0.14836927109496562,1219
357,0,evaluate,3.5168730241281017,0.3537015276145711,0.218709008210047,0.22528903300987313,0.14832704839113015,1702
357,1,evaluate,2.8718284010887145,0.5512715340442986,0.18512925407330968,0.420737650200267,0.16901732377395925,1219
357,2,evaluate,2.8635528999216415,0.5463576158940397,0.3000013665724869,0.3668836225111089,0.25324236661784244,2114
357,3,evaluate,3.417992534059467,0.49686444766039556,0.33370259728419127,0.3270546166927581,0.28851295316118,2073
357,4,evaluate,3.0644492440753512,0.5203900709219859,0.39558348074033745,0.38051475969836984,0.35084452239214164,1128
357,5,evaluate,3.0602622287614003,0.4479048697621744,0.2725062616281352,0.24133782352152164,0.1882797321952724,1766
358,0,evaluate,3.525415003299713,0.44626743232157506,0.18988849883591477,0.3504799732977303,0.14159283423988442,1219
358,1,evaluate,3.1586837503645153,0.5336879432624113,0.4025026153237299,0.35568835837352264,0.3605643781084162,1128
358,2,evaluate,3.874366529060133,0.4153400868306802,0.3339195114739869,0.3098247042852592,0.27350335740409726,2073
358,3,evaluate,3.5296238240073707,0.43614001892147586,0.30146124336347835,0.36350088418985343,0.24191626138978517,2114
358,4,evaluate,2.880726280035796,0.4535840188014101,0.21916961430893317,0.1937500907827167,0.1674370580931072,1702
358,5,evaluate,1.8149163254669733,0.7123442808607021,0.26898798604422314,0.3051056205854675,0.23475868051568347,1766
359,0,evaluate,2.8624339384191178,0.5638599810785241,0.2892149151214718,0.38523249225238376,0.2586051482060136,2114
359,1,evaluate,3.5559715791182085,0.4901109503135552,0.332687629707147,0.3207557457770561,0.2856405011326852,2073
359,2,evaluate,3.5886586330555104,0.3401880141010576,0.22113600092304592,0.2189368507515106,0.14768040941894764,1702
359,3,evaluate,3.056883176167806,0.523936170212766,0.3977622287977295,0.3614133942055611,0.355175890528501,1128
359,4,evaluate,2.6729118653706143,0.5118912797281994,0.27146659365090275,0.2529297071293781,0.19915116541190314,1766
359,5,evaluate,2.7462411522865295,0.5758818703855619,0.18305301530701304,0.4239045393858477,0.17009216637965668,1219
360,0,evaluate,3.4966418147087097,0.46759639048400325,0.18802182147829186,0.35655740987983975,0.14649011922906827,1219
360,1,evaluate,3.1305796437793307,0.5567375886524822,0.4025596776752722,0.3683857551641161,0.36963205364559026,1128
360,2,evaluate,2.968960929799963,0.45299647473560517,0.22142875797985967,0.2079938442931338,0.17148642996034377,1702
360,3,evaluate,3.3349662949057186,0.4692526017029328,0.30182366296100566,0.38451345013912824,0.25364732559789804,2114
360,4,evaluate,4.0058369203047315,0.43077665219488664,0.3374539007032434,0.3029790786961103,0.28147424325559633,2073
360,5,evaluate,1.9487110929829734,0.6891279728199321,0.26784456001919754,0.2985859367391699,0.2296821784581752,1766
361,0,evaluate,2.6891496692384993,0.5067950169875425,0.26894723411622473,0.2549593212014714,0.20200730095491023,1766
361,1,evaluate,2.9683405578136446,0.5373256767842494,0.18198883117273223,0.3178551401869159,0.16219201460463445,1219
361,2,evaluate,3.337209869314123,0.3695652173913043,0.2185396083841938,0.22824389867152495,0.15219574824797805,1702
361,3,evaluate,3.6104112177184136,0.4843222383019778,0.3260444816990106,0.3019036777381253,0.2790800695401514,2073
361,4,evaluate,3.30466447936164,0.5070921985815603,0.40668439091028363,0.35283249547364365,0.34976581445136745,1128
361,5,evaluate,3.0091661775813385,0.5449385052034059,0.29798780053155804,0.3744964896791298,0.2588454593972353,2114
362,0,evaluate,3.0232137309180365,0.5611702127659575,0.39872496162895266,0.376320265052488,0.3693603006778501,1128
362,1,evaluate,3.206965853186215,0.47871333964049195,0.2976866551938082,0.3679961980495434,0.25046496928400147,2114
362,2,evaluate,3.0059228208329944,0.42538190364277323,0.2243628237842664,0.20358827157858034,0.1679492528108038,1702
362,3,evaluate,3.286495935916901,0.4741591468416735,0.1862500945308228,0.3593497997329773,0.14641828956973107,1219
362,4,evaluate,1.981297927243369,0.6738391845979615,0.26589374898700646,0.29285762559495765,0.22472619404265873,1766
362,5,evaluate,3.852084427168875,0.4356005788712012,0.33216097322433047,0.30188619638017933,0.2798043772390338,2073
363,0,evaluate,3.0942432403564455,0.5307629204265791,0.18933312129956995,0.41291922563417893,0.16779107592629283,1219
363,1,evaluate,3.0888097683588662,0.550531914893617,0.39768626029002363,0.3759586797016927,0.36393659277313783,1128
363,2,evaluate,2.7739711148398265,0.5107587768969423,0.26746978284458617,0.25552680959598517,0.2004585772365144,1766
363,3,evaluate,3.1766639903739646,0.39776733254994123,0.21800129710740906,0.23059493153249622,0.15887599626592813,1702
363,4,evaluate,3.1682633266729465,0.522232734153264,0.29548937213938986,0.3769493828833793,0.254653886268465,2114
363,5,evaluate,3.630628997629339,0.47660395561987456,0.33141024154298543,0.3052674376341433,0.2849331427170145,2073
364,0,evaluate,3.507004459698995,0.5292553191489362,0.3965482878627283,0.37027028647506643,0.35604297677453683,1128
364,1,evaluate,3.380613994598389,0.4938474159146842,0.18660155850161478,0.3828811748998665,0.1500095303414672,1219
364,2,evaluate,3.219160150079166,0.49479659413434246,0.30214434426435155,0.38132632093482005,0.2602423176958566,2114
364,3,evaluate,4.165972268942631,0.432223830197781,0.3263008984532002,0.31680132016292806,0.2753677739325543,2073
364,4,evaluate,3.184244606229994,0.40599294947121034,0.21960646808423484,0.21705161534234602,0.1615014882076566,1702
364,5,evaluate,1.8908132442406245,0.6936579841449604,0.2678909550189628,0.2997312922131493,0.23095975369332739,1766
365,0,evaluate,3.054607558250427,0.561115668580804,0.18812042890537156,0.4226461949265688,0.17369493741117262,1219
365,1,evaluate,3.754599939693104,0.4852870236372407,0.3367414506320258,0.3102568000462034,0.2907081127470369,2073
365,2,evaluate,3.1922100517484875,0.5443262411347518,0.4013052617489804,0.3690613226344688,0.36388240418621254,1128
365,3,evaluate,3.462003407654939,0.3654524089306698,0.22187856530212224,0.22065844537167506,0.15385880678922925,1702
365,4,evaluate,2.850600549152919,0.5124575311438279,0.26936475042363134,0.25344260973625476,0.19830471860272217,1766
365,5,evaluate,2.9192077342201683,0.564333017975402,0.30385767270116226,0.3841787502366164,0.26647670504027926,2114
366,0,evaluate,2.0125160195997784,0.6862967157417894,0.26501777694973994,0.2996793252469959,0.2308217865340168,1766
366,1,evaluate,3.3976518313090005,0.5336879432624113,0.40614370219315726,0.35877324233047975,0.3609272060512005,1128
366,2,evaluate,3.3317395316229925,0.3954171562867215,0.21901177559433727,0.20015828156741639,0.15505557810926107,1702
366,3,evaluate,4.040825655966094,0.44138929088277856,0.3372141553446523,0.3108634752066141,0.28070295094870856,2073
366,4,evaluate,3.5195892691612243,0.4856439704675964,0.19740972720206468,0.3999072096128171,0.16574850986385684,1219
366,5,evaluate,3.3465475650394665,0.5094607379375591,0.30040176564951143,0.38399209394779016,0.2618652698697221,2114
367,0,evaluate,3.242964439921909,0.550531914893617,0.4032806702916753,0.37849412429207,0.3674826184925147,1128
367,1,evaluate,2.7608325140816823,0.5402038505096263,0.2719274716995711,0.26196785961900293,0.2058386085905756,1766
367,2,evaluate,3.247473883628845,0.5422477440525021,0.18448988930002397,0.31906275033377834,0.16653994184023893,1219
367,3,evaluate,3.741918780586936,0.4954172696575012,0.33324815801317775,0.33226977504639216,0.2941732885344878,2073
367,4,evaluate,3.1042072141871735,0.5487228003784295,0.3022319754812817,0.37742001569126343,0.26297050612515016,2114
367,5,evaluate,3.5445657747763173,0.3589894242068155,0.22088938978585992,0.22527401888669796,0.15175514869412438,1702
368,0,evaluate,3.185533532389888,0.4289071680376028,0.22154099016071171,0.20300868703922065,0.16570148286980996,1702
368,1,evaluate,4.165297703309492,0.437530149541727,0.3380937124637303,0.3196437050887159,0.2832919794922756,2073
368,2,evaluate,1.937990808061191,0.7134767836919592,0.2718803249189075,0.30645586736732416,0.23767315899715288,1766
368,3,evaluate,3.4552884459495545,0.49056603773584906,0.19066573748345644,0.2801662216288384,0.15101349815183002,1219
368,4,evaluate,3.4386432038413153,0.5398936170212766,0.4022278123092895,0.35887794930543354,0.3613850224719447,1128
368,5,evaluate,3.4603542930939617,0.46688741721854304,0.30490751180105774,0.40444898425459,0.2581568812219267,2114
369,0,evaluate,3.295144426822662,0.5258408531583265,0.17791996529400628,0.3657129506008011,0.15176542150776878,1219
369,1,evaluate,3.2854169739617243,0.5292553191489362,0.3931733212293063,0.3590739939988036,0.3525524928041474,1128
369,2,evaluate,3.2572291603794805,0.3901292596944771,0.222362767932416,0.22860591946499448,0.16030146880810603,1702
369,3,evaluate,3.136316086564745,0.4637599093997735,0.27111139349410857,0.24113283561266155,0.18856588181315093,1766
369,4,evaluate,3.8714138450044575,0.4717800289435601,0.3326173304614554,0.29858312379580976,0.27934327186330843,2073
369,5,evaluate,2.924398885053747,0.564333017975402,0.29903967686939825,0.3741942194455757,0.26176851129944445,2114
370,0,evaluate,3.5928684737947254,0.5186170212765957,0.3992691115052103,0.35943894799560605,0.3490875594637709,1128
370,1,evaluate,3.323464405536652,0.5242001640689089,0.1855567992012483,0.3506461949265688,0.15509049372517722,1219
370,2,evaluate,3.845908800760905,0.3319623971797885,0.22028786166782538,0.18610555724651673,0.14267082525828456,1702
370,3,evaluate,4.0844019398544775,0.4481427882296189,0.33022977708050394,0.2952639565663968,0.27716115225410753,2073
370,4,evaluate,1.835378844823156,0.7265005662514157,0.2641410967310957,0.31024360935574663,0.23709508190487058,1766
370,5,evaluate,3.6495247518315033,0.4446546830652791,0.29666917468252063,0.38800211415582125,0.2461985985037341,2114
371,0,evaluate,3.0646520808891013,0.42655699177438305,0.22069937732557193,0.23587261670277906,0.16627369879981896,1702
371,1,evaluate,3.3386509716510773,0.5209187858900738,0.18070462250776842,0.36230974632843793,0.15177907156006565,1219
371,2,evaluate,3.3032915081296648,0.43941109852774635,0.2692708603010583,0.23649913513451662,0.18390334539955822,1766
371,3,evaluate,3.213762323061625,0.5363475177304965,0.3957236743205608,0.3649616608426424,0.35743544642023434,1128
371,4,evaluate,2.997320732649635,0.5671712393566698,0.3043826520109004,0.39285354374866127,0.26492393274403525,2114
371,5,evaluate,3.844580130143599,0.467438494934877,0.3339783096966847,0.30056842014931606,0.2815344981591069,2073
372,0,evaluate,3.3685687661170958,0.5151763740771124,0.17591589043993813,0.35189452603471294,0.1464467758514089,1219
372,1,evaluate,3.6124378310309515,0.5168439716312057,0.39499869767319745,0.3540690997706257,0.3482745266192419,1128
372,2,evaluate,3.7514615765324346,0.31609870740305523,0.22580538623076007,0.1846863101305483,0.14738619395446007,1702
372,3,evaluate,3.7864906156764313,0.4389782403027436,0.30178835489864536,0.378076204256132,0.24467371839099764,2114
372,4,evaluate,4.002172166650945,0.45779064158224797,0.3266228615315181,0.3216226898067112,0.2829007328561258,2073
372,5,evaluate,1.8751577181475503,0.7298980747451869,0.2660320527023973,0.3076913048159005,0.23459293487758898,1766
373,0,evaluate,3.431619577937656,0.5,0.4018579574697668,0.3418349134018205,0.34413352894420834,1128
373,1,evaluate,3.1887435793876646,0.5020508613617719,0.182118660472319,0.35573831775700937,0.14451180048034146,1219
373,2,evaluate,3.933963580565019,0.44235407621804146,0.33162775254141846,0.3046605405384446,0.2677478927351909,2073
373,3,evaluate,3.518443133149828,0.3765571913929785,0.27067805923269433,0.22208937779705806,0.17041571677682618,1766
373,4,evaluate,2.8594373850261463,0.575685903500473,0.3075860151226003,0.3854974850182807,0.2633638129759259,2114
373,5,evaluate,2.764068197321009,0.47532314923619273,0.2213319120134331,0.24982647986168666,0.17732318743760164,1702
374,0,evaluate,3.1587356686592103,0.538966365873667,0.18060637585183942,0.35629572763684914,0.1539564397680048,1219
374,1,evaluate,3.2951635122299194,0.5381205673758865,0.4039695676131803,0.36925926970266265,0.36034248893262066,1128
374,2,evaluate,3.8820168691522934,0.4181646168401135,0.291771841485157,0.37590694855703893,0.23152681285835838,2114
374,3,evaluate,3.708201300014149,0.48287506029908345,0.3365651408179458,0.329482285176335,0.29466595608521995,2073
374,4,evaluate,3.913414796193441,0.2873090481786134,0.2193171209425135,0.16150984522596046,0.13403708605535763,1702
374,5,evaluate,1.8701866524560111,0.7225368063420159,0.26271454808390404,0.3061030020506706,0.23271011741777295,1766
375,0,evaluate,3.9452626271681352,0.44235407621804146,0.33912219737032745,0.30956225738901655,0.27328203851642635,2073
375,1,evaluate,2.919108162907993,0.5562913907284768,0.30185395100898627,0.3666129271002689,0.25580646539522384,2114
375,2,evaluate,3.112161320447922,0.5225594749794914,0.1846795866907987,0.36034779706275033,0.15160612138236487,1219
375,3,evaluate,3.437757509095328,0.40373725934314836,0.2659642589218733,0.22770348663610163,0.17390957979373028,1766
375,4,evaluate,3.3234294652938843,0.5124113475177305,0.3994555104736903,0.3509967606883714,0.35056496102677726,1128
375,5,evaluate,2.766615152359009,0.4712103407755582,0.22310120080181134,0.24745650504240965,0.17810254570690143,1702
376,0,evaluate,3.3277178231407616,0.4512771996215705,0.3003372952583479,0.3751689611644403,0.24847826213120347,2114
376,1,evaluate,3.3123356461524964,0.4963084495488105,0.1859918170391912,0.36824632843791727,0.15792500220330324,1219
376,2,evaluate,3.767777240637577,0.4582730342498794,0.32499576176040523,0.3053250683611707,0.2817997879115011,2073
376,3,evaluate,3.269343694051107,0.525709219858156,0.39523565979754094,0.3497387895432125,0.3494037588253403,1128
376,4,evaluate,1.7979791504996163,0.7202718006795017,0.2640994127649086,0.3054291921214931,0.23181012288471434,1766
376,5,evaluate,3.6120243072509766,0.3219741480611046,0.21814041379042,0.17384760115262723,0.1399515919040328,1702
377,0,evaluate,3.27111992571089,0.5398936170212766,0.4038391818801458,0.3680446937565952,0.3625278965526371,1128
377,1,evaluate,3.0700798917699745,0.4071680376028202,0.2194142567340432,0.22005521170651193,0.16160656769593115,1702
377,2,evaluate,3.4430786311626433,0.49794913863822804,0.1848283163313318,0.3114032042723632,0.1617752920762497,1219
377,3,evaluate,2.8365362116268704,0.4983012457531144,0.26360463077138563,0.25001461479385845,0.1937487095594647,1766
377,4,evaluate,3.6848897644967744,0.47901591895803186,0.3364928015265602,0.310587830558581,0.2907405995922191,2073
377,5,evaluate,2.950623456169577,0.5591296121097445,0.3149598430417619,0.3857249726716273,0.2724931975779351,2114
378,0,evaluate,3.1781096016919173,0.3989424206815511,0.219936478209235,0.18515854752884273,0.1570413114566715,1702
378,1,evaluate,2.150735948766981,0.6585503963759909,0.2641349812605499,0.28952990060307304,0.22261702806953484,1766
378,2,evaluate,3.2068592064520893,0.5037842951750237,0.2989237086887059,0.39211313660680747,0.2583874840148717,2114
378,3,evaluate,3.092072379589081,0.5283018867924528,0.19395572977477227,0.4105420560747663,0.17100834073274815,1219
378,4,evaluate,3.8689323555339468,0.4515195369030391,0.3399418745055724,0.3039364044687461,0.28717571490716615,2073
378,5,evaluate,3.217788232697381,0.5585106382978723,0.4093084392597901,0.3837436918670242,0.3736888374927119,1128
379,0,evaluate,2.3029346891811917,0.6206115515288788,0.2675582058444236,0.28143725921348073,0.21900229623198042,1766
379,1,evaluate,3.266477002037896,0.5416666666666666,0.4019910681497622,0.3713947365573958,0.3640102071980317,1128
379,2,evaluate,2.9439738007152783,0.5662251655629139,0.3106581278849171,0.40241758002517497,0.2792765646384693,2114
379,3,evaluate,3.3890742902402526,0.37426556991774385,0.2186544380072586,0.2127717386742402,0.15307575057197323,1702
379,4,evaluate,3.5771111369132997,0.4971287940935193,0.18124435968949598,0.3097663551401869,0.15314005866109315,1219
379,5,evaluate,3.8407834298682935,0.47467438494934877,0.3345240782322122,0.3065549199532987,0.2877651492168244,2073
380,0,evaluate,3.092682507303026,0.5523049645390071,0.39652986028724796,0.3620098404225438,0.36255981326971076,1128
380,1,evaluate,3.3629017233848573,0.47908121410992616,0.18601554500690068,0.30179172229639517,0.15671681132857052,1219
380,2,evaluate,3.3012402443324818,0.4815515610217597,0.3099610637589361,0.38687189986105,0.26168690484950036,2114
380,3,evaluate,2.255276267017637,0.6517553793884485,0.27052915664739113,0.2890407668238371,0.2248279207798496,1766
380,4,evaluate,3.0033532160299794,0.4418331374853114,0.2210349449257459,0.2119654604152684,0.169337832959544,1702
380,5,evaluate,3.8229996507818047,0.4573082489146165,0.334390289986437,0.3142553020085194,0.2894018324328072,2073
381,0,evaluate,3.23737715350257,0.5336879432624113,0.3996155796737574,0.3672062575348928,0.3605547780092485,1128
381,1,evaluate,3.406119955910577,0.3625146886016451,0.22493614509693688,0.22328871644126397,0.15541525190687938,1702
381,2,evaluate,2.8705682873725893,0.5635767022149303,0.18451971984119322,0.41894325767690255,0.16619051733191345,1219
381,3,evaluate,2.4824023374489377,0.5866364665911665,0.27066939476207785,0.2694602698667493,0.210725505450013,1766
381,4,evaluate,3.946649573066018,0.45103714423540764,0.3328048835538165,0.2943288636076535,0.27829827717322475,2073
381,5,evaluate,2.802169852397021,0.5704824976348155,0.298591089056362,0.41165707187587836,0.2727019341704713,2114
382,0,evaluate,3.7524784088134764,0.46513535684987695,0.18675935964410667,0.3023391188251001,0.15459848523696282,1219
382,1,evaluate,3.272623795050162,0.4036427732079906,0.22117454867606545,0.22397859209722615,0.16171174533776952,1702
382,2,evaluate,2.032799767596381,0.681766704416761,0.2698205277166146,0.30006424588592306,0.2331289414547837,1766
382,3,evaluate,3.4328134192360773,0.5230496453900709,0.39016719483933654,0.3460782630046767,0.34454847463384597,1128
382,4,evaluate,3.929304758707682,0.482392667631452,0.333239142061056,0.3236185227293367,0.29476883078982674,2073
382,5,evaluate,3.45041927169351,0.46830652790917693,0.306825213753588,0.38192434558257343,0.2578413982899742,2114
383,0,evaluate,2.9315196914332255,0.5311438278595696,0.2734227882540576,0.25477771010723116,0.19965384223613983,1766
383,1,evaluate,4.140699776736173,0.4442836468885673,0.33173902395705773,0.2929825837430718,0.2763983651002614,2073
383,2,evaluate,2.7140158344717586,0.5964995269631032,0.2999323344905686,0.4092489572399156,0.2754089814170563,2114
383,3,evaluate,3.3429840582388417,0.3954171562867215,0.22611154362072763,0.2257081404694814,0.16314544523700342,1702
383,4,evaluate,3.328985664579603,0.550531914893617,0.3989940769283805,0.3726919121783464,0.36594667206426845,1128
383,5,evaluate,2.998219883441925,0.561115668580804,0.18802912570678776,0.4190994659546061,0.16879420704194986,1219
384,0,evaluate,3.4489317999945746,0.5274822695035462,0.40421548582270733,0.36372549792744585,0.35437517675567304,1128
384,1,evaluate,3.5664129853248596,0.4963084495488105,0.18842012370139777,0.28689519359145527,0.15811033840816274,1219
384,2,evaluate,3.9258735902381665,0.47756874095513746,0.33369900460314467,0.3158390062033719,0.29221677982743105,2073
384,3,evaluate,3.696906286127427,0.4545884578997162,0.30194359549021677,0.3689292491634264,0.25121777431030445,2114
384,4,evaluate,3.418963396990741,0.39659224441833135,0.21651213206105885,0.2044173960609364,0.15611552740778534,1702
384,5,evaluate,2.0715004205703735,0.6987542468856173,0.2699842988470638,0.3053897446427183,0.23877559877197002,1766
385,0,evaluate,2.9355296790599823,0.5643970467596391,0.18423638154407385,0.4227757009345794,0.16871104791878194,1219
385,1,evaluate,3.4120517836676703,0.5425531914893617,0.4033606143538571,0.38228376928854135,0.36490785862540054,1128
385,2,evaluate,4.049003218159531,0.45634346357935357,0.3318812648643961,0.3000050085947629,0.27909749014767,2073
385,3,evaluate,3.3569972780015735,0.38601645123384254,0.2231544924620028,0.22597875127871334,0.16086864743548906,1702
385,4,evaluate,2.990590512752533,0.5288788221970555,0.27327741408604667,0.2544185700893168,0.1991267371449558,1766
385,5,evaluate,2.856163803268881,0.5591296121097445,0.2969030355242882,0.38083119890714834,0.2631449704474688,2114
386,0,evaluate,3.4449757205115423,0.5425531914893617,0.40633143650078063,0.37511353931886776,0.3654345075982329,1128
386,1,evaluate,3.660855805873871,0.49548810500410173,0.18834443777344165,0.3042970627503338,0.15575143818276743,1219
386,2,evaluate,3.43457872727338,0.4910122989593188,0.30261303778215637,0.3924678274171945,0.26227327858910615,2114
386,3,evaluate,4.169471155513417,0.44573082489146165,0.3329691575632581,0.30177062880848604,0.28130825092539397,2073
386,4,evaluate,3.3495011153044523,0.4036427732079906,0.2186567789463029,0.21593892032373513,0.16120675932171608,1702
386,5,evaluate,2.029527025563376,0.7004530011325029,0.2662949542336371,0.30261293256315297,0.23351224705930593,1766
387,0,evaluate,3.005821293592453,0.5520918785890074,0.19371607263595095,0.45170649755229186,0.17955254931261627,1219
387,1,evaluate,3.2547608746422663,0.4112808460634548,0.2228667914598534,0.20948580121814894,0.16387487702478615,1702
387,2,evaluate,3.3953724834654064,0.5531914893617021,0.4016118339552806,0.37230233771623067,0.36662855353786106,1128
387,3,evaluate,4.1831310084371855,0.4452484322238302,0.33594821150600424,0.3002213608071873,0.28275010680637525,2073
387,4,evaluate,3.0052837834638706,0.5510879848628193,0.3035589737801941,0.4001937836856463,0.2662600924418377,2114
387,5,evaluate,2.997685589960643,0.5385050962627407,0.2691326965340767,0.2559187384804107,0.19782667466800977,1766
388,0,evaluate,3.5255113707648382,0.5319148936170213,0.39909574221074345,0.36667568478641976,0.3579203381182177,1128
388,1,evaluate,3.4676170172514738,0.400117508813161,0.22324934102105964,0.23281294490374113,0.1633351615300447,1702
388,2,evaluate,3.371633160114288,0.5045118949958983,0.19407798672432947,0.3069332443257677,0.1681884305580219,1219
388,3,evaluate,3.641975083771874,0.46877956480605487,0.29784828626351645,0.3689418650603099,0.25006526512954164,2114
388,4,evaluate,2.119447486741202,0.6896942242355606,0.2640343229572789,0.3004776762794367,0.23165244663198958,1766
388,5,evaluate,4.051603382283991,0.4544138929088278,0.3294017628356599,0.30365452165343526,0.2826814048888749,2073
389,0,evaluate,4.109768708546956,0.45875542691751087,0.3336009021788959,0.30302355248703233,0.2829802231240131,2073
389,1,evaluate,2.969850761048934,0.5572374645222328,0.30185233888442553,0.3869455975088887,0.2633290937853886,2114
389,2,evaluate,3.113772268806185,0.5181200453001132,0.27082054497655517,0.25406700732785137,0.197053547408336,1766
389,3,evaluate,3.3185306655036078,0.5567375886524822,0.39645819171721913,0.37627297027059753,0.3664128164355762,1128
389,4,evaluate,3.0177161157131196,0.5643970467596391,0.19648585910213817,0.420411214953271,0.18294416658659934,1219
389,5,evaluate,3.382108379293371,0.38484136310223266,0.22384974777840544,0.22604378409370018,0.16079828717167227,1702
390,0,evaluate,3.547365665435791,0.3601645123384254,0.2208830206559913,0.22372439744910602,0.15373171710512062,1702
390,1,evaluate,3.2800173997879027,0.5291222313371616,0.19062909993695304,0.41201001335113485,0.1671983057061222,1219
390,2,evaluate,3.3578517892781425,0.4848628192999054,0.29450983196532393,0.37977799603748974,0.25292379449300284,2114
390,3,evaluate,3.553865830103556,0.5319148936170213,0.4063019608775619,0.369827890864473,0.36071701246209364,1128
390,4,evaluate,4.076548439083678,0.45779064158224797,0.32846716795525166,0.3017516428823465,0.28098481694960187,2073
390,5,evaluate,2.006842076778412,0.6959229898074745,0.26946545006262906,0.30208446971925024,0.23487466424399567,1766
391,0,evaluate,3.2405362367630004,0.5324036095159967,0.19072706615940954,0.4150106809078771,0.1750441780429699,1219
391,1,evaluate,3.2114053037431507,0.5576241134751773,0.40101091585913495,0.39009219421516184,0.3708895564244062,1128
391,2,evaluate,2.859166613646916,0.5526613816534541,0.26969854218788203,0.2642683908359097,0.2065093223319651,1766
391,3,evaluate,3.3869910769992404,0.37779083431257343,0.22178178020946934,0.22564703548962511,0.15682776512193333,1702
391,4,evaluate,3.0786963000017056,0.5473036896877956,0.29947411111366384,0.3710974892855544,0.2597834810095114,2114
391,5,evaluate,3.7755972399856104,0.4804630969609262,0.33085860115031146,0.30609715520796915,0.28757793310167656,2073
392,0,evaluate,3.490175247192383,0.4864643150123052,0.1955291525221845,0.3026742323097463,0.16407009105075404,1219
392,1,evaluate,2.021522277167865,0.6885617214043035,0.2669094844581686,0.3000875983944892,0.231944465932658,1766
392,2,evaluate,3.325762563281589,0.3918918918918919,0.22146182096383474,0.2179337868880439,0.15811354096620192,1702
392,3,evaluate,3.4214571714401245,0.5283687943262412,0.4093583610612274,0.36885905422746934,0.3608937219306679,1128
392,4,evaluate,4.003474300557917,0.4548962855764592,0.3322581934366586,0.30220705052185914,0.2832085952448526,2073
392,5,evaluate,3.3007318482679477,0.4981078524124882,0.3016590264391325,0.38409120142845277,0.260449949768062,2114
393,0,evaluate,3.2360604074266224,0.549645390070922,0.3951220697489843,0.372136842245179,0.3606988231882263,1128
393,1,evaluate,2.7916570901870728,0.5668176670441676,0.27362213290399257,0.268613809051916,0.21038670982402027,1766
393,2,evaluate,3.89417611468922,0.48094548962855765,0.3301719063524159,0.31446551860307503,0.289004310916151,2073
393,3,evaluate,3.324492242601183,0.38601645123384254,0.2205917251936295,0.232378418828451,0.16117222975689333,1702
393,4,evaluate,3.019611155285555,0.5345316934720908,0.3008759749258571,0.38695383881550244,0.26012139789355254,2114
393,5,evaluate,3.181368184089661,0.527481542247744,0.18581190454870739,0.31476435246996,0.16815132073233424,1219
394,0,evaluate,2.155909836292267,0.6806342015855039,0.26653242004209143,0.29713256996619103,0.22915853435844696,1766
394,1,evaluate,3.3497358428107367,0.40540540540540543,0.22053432458799946,0.21487624399693583,0.15885935223207076,1702
394,2,evaluate,3.02428278502296,0.533585619678335,0.3008559716089369,0.38219196631041114,0.26536626209327385,2114
394,3,evaluate,3.5170364909701877,0.5177304964539007,0.40241539086104955,0.3593559444806737,0.35563489789891883,1128
394,4,evaluate,3.4637863755226137,0.4741591468416735,0.1975135975135975,0.3970894526034713,0.16429912888689005,1219
394,5,evaluate,4.222525770013982,0.4196816208393632,0.334028103021544,0.28498141253698667,0.2709121922315404,2073
395,0,evaluate,3.0763019919395447,0.549630844954881,0.1834207486839066,0.41982843791722296,0.16732663322324398,1219
395,1,evaluate,3.2534818914201526,0.5549645390070922,0.39435987534756445,0.3847979879299576,0.3631186498925355,1128
395,2,evaluate,3.440713405609131,0.3683901292596945,0.22002121926310428,0.2276162221020302,0.15246019666016025,1702
395,3,evaluate,2.9751463064125607,0.5107587768969423,0.27182456457270165,0.2555473363699946,0.19988673567300502,1766
395,4,evaluate,3.816804618546457,0.4852870236372407,0.32727951638717684,0.3146027644055389,0.2875361142164727,2073
395,5,evaluate,3.0718066341736736,0.5345316934720908,0.3063496948190352,0.36696692359983496,0.2581449637988157,2114
396,0,evaluate,3.145502879339106,0.5141911069063387,0.3038293640445273,0.3907109005309729,0.2626902515664745,2114
396,1,evaluate,2.040949744837625,0.6964892412231031,0.26776804176330166,0.30026813815266784,0.2311352552554829,1766
396,2,evaluate,3.700192701816559,0.43560295324036097,0.18881069894046068,0.38686982643524703,0.1460610056072685,1219
396,3,evaluate,3.469161801868015,0.525709219858156,0.393673983983044,0.3450947833559577,0.35161295412332444,1128
396,4,evaluate,4.34075480518919,0.3849493487698987,0.32949665153341656,0.27747657842927775,0.2597885164701217,2073
396,5,evaluate,3.174368708222001,0.43419506462984725,0.22022334392772253,0.201435147321037,0.16296382906902257,1702
397,0,evaluate,3.722961100665006,0.4983116256632899,0.3294878537662492,0.33098012643474783,0.28993159755872033,2073
397,1,evaluate,3.2828766902287803,0.5434397163120568,0.39543016015649873,0.3782671342057497,0.35846131406430454,1128
397,2,evaluate,2.7825808950832913,0.5181200453001132,0.27021326402690665,0.2572642038252319,0.20364169942146648,1766
397,3,evaluate,3.7669892840915256,0.3490011750881316,0.21824989490433558,0.22512640573311254,0.146742650018361,1702
397,4,evaluate,3.1197748482227325,0.5529122231337161,0.18354839389306174,0.41995794392523367,0.16588875444983703,1219
397,5,evaluate,3.304483901051914,0.5359508041627247,0.3013631851058016,0.3891027114960207,0.26213792496243543,2114
398,0,evaluate,3.2751589179039002,0.4938474159146842,0.19041651861663217,0.3816989319092123,0.15565616773929625,1219
398,1,evaluate,3.505254175927904,0.5328014184397163,0.3992810594538655,0.3601131410419339,0.3597979484165501,1128
398,2,evaluate,3.06374184290568,0.4394829612220917,0.22757692940234042,0.22077044493689124,0.17310595968339298,1702
398,3,evaluate,3.216306546155144,0.5118259224219489,0.29781973144512996,0.39483729051360156,0.2603125842081739,2114
398,4,evaluate,4.343092376535589,0.4071394114809455,0.33861321981268677,0.2868107945038415,0.2712715314290093,2073
398,5,evaluate,2.1169285561357225,0.687995469988675,0.26662209979860296,0.29632432636987327,0.22794971968487596,1766
399,0,evaluate,3.894763643091375,0.4905933429811867,0.3329735626486344,0.33132803780430387,0.29092328120766753,2073
399,1,evaluate,3.5479335873215287,0.3607520564042303,0.21816948273905132,0.22573420362481245,0.1479388113147601,1702
399,2,evaluate,2.815668612718582,0.5362400906002265,0.2638235364553009,0.26447135074736194,0.20488102712398554,1766
399,3,evaluate,3.264251357316971,0.5447087776866284,0.18621595028847918,0.418283044058745,0.16942822755179326,1219
399,4,evaluate,3.4345503648122153,0.5407801418439716,0.3992012249261472,0.375641656738674,0.3605926444063791,1128
399,5,evaluate,3.2754146281410668,0.5402081362346263,0.30178622663332544,0.37343466503683503,0.25952774568814696,2114
400,0,evaluate,3.5013310776816473,0.5159574468085106,0.39803922898319777,0.3423062619427635,0.352694138491803,1128
400,1,evaluate,3.2662214173210993,0.41656874265569915,0.2231851737504184,0.227079316844394,0.16337703993851166,1702
400,2,evaluate,4.247775287339182,0.4143753014954173,0.33803516315481064,0.28347589792976724,0.2711500857474281,2073
400,3,evaluate,3.0474077813765583,0.5510879848628193,0.3037389783982226,0.4136017166695286,0.2741717232918245,2114
400,4,evaluate,3.5455663323402407,0.46513535684987695,0.18827640141093774,0.3956355140186916,0.1498505280032825,1219
400,5,evaluate,2.1528761046273366,0.6738391845979615,0.2683049038947224,0.29324970717125937,0.22736563046533237,1766
401,0,evaluate,3.158353126049042,0.538966365873667,0.18775883949890426,0.3189332443257677,0.17355116479640803,1219
401,1,evaluate,2.7783501616546085,0.5719139297848245,0.2711508204139258,0.2710871843564443,0.21228795898175207,1766
401,2,evaluate,3.8172834786501797,0.5108538350217077,0.33919021671913707,0.3324427738584516,0.30441811402750385,2073
401,3,evaluate,3.435419374042087,0.3783783783783784,0.22120504006758143,0.2141790532612619,0.1562787249707221,1702
401,4,evaluate,3.387585745917426,0.5425531914893617,0.39978061748848714,0.37067621059870265,0.3585260908444472,1128
401,5,evaluate,3.5967309439883515,0.47445600756859035,0.2987197785447598,0.35903034065782713,0.24364260975692856,2114
402,0,evaluate,3.3194299362323902,0.4206815511163337,0.22339017471117967,0.21446894133179856,0.1634928184088885,1702
402,1,evaluate,2.918014536885654,0.5723746452223274,0.3039637039780415,0.4211401327034238,0.2790007210568463,2114
402,2,evaluate,4.481608181288748,0.4027978774722624,0.3449565706483016,0.2921171555059237,0.26864833945030864,2073
402,3,evaluate,3.368006056547165,0.48400328137817883,0.18964263929015152,0.3961268357810414,0.15523681457583224,1219
402,4,evaluate,2.1994544693401883,0.6630804077010193,0.26709972128336656,0.2890958468345672,0.22362643099390986,1766
402,5,evaluate,3.684806572066413,0.5097517730496454,0.3940996278020828,0.3448653341124569,0.3501796023206876,1128
403,0,evaluate,3.3196056723594665,0.5291222313371616,0.18788772936385628,0.41673898531375164,0.17058953183953182,1219
403,1,evaluate,3.2784557342529297,0.5700354609929078,0.39227983982573916,0.3855326528084581,0.3685507814361154,1128
403,2,evaluate,3.377880232674735,0.5090600226500567,0.2715338348435322,0.2578974008315188,0.19813983720544462,1766
403,3,evaluate,3.6598719779182884,0.478240302743614,0.29867725782314325,0.34776247514764697,0.2371422959096996,2114
403,4,evaluate,3.3971119456821017,0.40423031727379555,0.22108458059756603,0.22297573276098553,0.1616262792342163,1702
403,5,evaluate,3.8576635953151817,0.5084418716835504,0.3370031502860415,0.35048738417784053,0.30561107258554643,2073
404,0,evaluate,4.416845726244377,0.42016401350699467,0.3355867160453593,0.2613939643193362,0.26780841901801705,2073
404,1,evaluate,3.0152403536964867,0.5586565752128666,0.30322675230594215,0.40930704994629047,0.2765946102261612,2114
404,2,evaluate,2.066451553787504,0.6778029445073612,0.2640973286789374,0.2934860386712805,0.22545485449505467,1766
404,3,evaluate,3.1140281081199648,0.527481542247744,0.189120967263045,0.31054205607476637,0.16418578922604893,1219
404,4,evaluate,3.681773883325082,0.3701527614571093,0.22568360917985233,0.21971342846388833,0.15423154209257,1702
404,5,evaluate,3.9589871168136597,0.4929078014184397,0.40085794853817297,0.35015769229108973,0.34554309280580736,1128
405,0,evaluate,3.1478624167265714,0.42479435957696826,0.2224759864798025,0.26091254543545717,0.16917025499810212,1702
405,1,evaluate,3.455445005613215,0.4815515610217597,0.30859378807453175,0.3583370058659389,0.24698447922590913,2114
405,2,evaluate,3.9539162679152056,0.48287506029908345,0.33366617835543444,0.341430219872055,0.29582287902488386,2073
405,3,evaluate,3.2364051077100964,0.574468085106383,0.3974096219355917,0.3905410788591005,0.3722632597754549,1128
405,4,evaluate,3.2180480539798735,0.538966365873667,0.19010811858245652,0.4145941255006675,0.16920426704009373,1219
405,5,evaluate,3.1467572833810533,0.5113250283125708,0.2649653399961182,0.25764570790552654,0.1962791285090884,1766
406,0,evaluate,3.9742652575174966,0.4867021276595745,0.4009122033264255,0.34320869065570225,0.3443650538021402,1128
406,1,evaluate,3.173829573392868,0.5217391304347826,0.1860454051213178,0.30803538050734314,0.15959557216158976,1219
406,2,evaluate,3.652432432881108,0.3619271445358402,0.22501327123741555,0.21230209322135035,0.15172225665130132,1702
406,3,evaluate,2.955073149765239,0.5789971617786187,0.3027154607365617,0.4271633305358441,0.2815334253092713,2114
406,4,evaluate,2.0977836506707326,0.6704416761041903,0.2670549601163562,0.2879157206158476,0.22162527857377778,1766
406,5,evaluate,4.531793933926207,0.39363241678726485,0.3292539091003935,0.2634416030605234,0.2571202030106089,2073
407,0,evaluate,3.2414274556296214,0.5084937712344281,0.2694602675250385,0.2591580922699432,0.19813263145539045,1766
407,1,evaluate,3.274489685341164,0.4071680376028202,0.2177401481981013,0.2230780267870144,0.1608911747043936,1702
407,2,evaluate,3.324578391181098,0.5647163120567376,0.3991877085837959,0.38507835123890777,0.3665761703242187,1128
407,3,evaluate,3.327618682384491,0.5340442986054142,0.18378599248852415,0.36705006675567425,0.16129202880695875,1219
407,4,evaluate,3.7926034060391514,0.5113362276893392,0.3384878687960695,0.35266795450357213,0.3068651962336286,2073
407,5,evaluate,3.7015621662139893,0.45411542100283825,0.30637255298924454,0.3392222859492299,0.23392265678549667,2114
408,0,evaluate,3.408984738588333,0.4913863822805578,0.1906662752539814,0.29932176234979974,0.15366667944903387,1219
408,1,evaluate,4.142780900001526,0.4627659574468085,0.40271804783897236,0.3233437372883124,0.3337927025756673,1128
408,2,evaluate,4.6748786622827705,0.37723106608779544,0.3396655528110621,0.25243083986231235,0.24997442815475868,2073
408,3,evaluate,2.9413285115185905,0.5832544938505203,0.30197379939324936,0.40346933055703393,0.2798825263720718,2114
408,4,evaluate,2.161487809249333,0.637599093997735,0.264430001000098,0.2821880887946761,0.21678048491108712,1766
408,5,evaluate,3.501090968096698,0.390716803760282,0.22077044827226527,0.22080382317193412,0.1529093722079943,1702
409,0,evaluate,3.4414524180548534,0.5164212910532276,0.26411618103144097,0.26062591802874363,0.19345326230597512,1766
409,1,evaluate,3.9181954860687256,0.4176915799432356,0.303618444026508,0.33127371431168895,0.21964870225715966,2114
409,2,evaluate,3.673075061855894,0.5233960443801254,0.3338388497085686,0.36111847375051453,0.3114655734861162,2073
409,3,evaluate,3.7410957901566118,0.3654524089306698,0.22176703379241455,0.19835032247480802,0.15261445416813496,1702
409,4,evaluate,3.1141321659088135,0.5851063829787234,0.39310121450953506,0.41719854936154244,0.3760004507756311,1128
409,5,evaluate,3.180901753902435,0.5406070549630845,0.17805499049124449,0.350128170894526,0.15493986640991014,1219
410,0,evaluate,3.731548613972134,0.46187943262411346,0.4033132090497647,0.32549953673497545,0.3356031167031513,1128
410,1,evaluate,3.581149971485138,0.4470877768662838,0.1887811210610308,0.2918311081441923,0.14764095729554105,1219
410,2,evaluate,4.2851066661603525,0.38929088277858176,0.3383031215200655,0.25306646507799774,0.25312257798326837,2073
410,3,evaluate,2.8644858528585995,0.5908230842005676,0.31120984470703056,0.4186487456876245,0.2849552539386355,2114
410,4,evaluate,3.3861342006259494,0.40540540540540543,0.22228160073144987,0.2247481094385194,0.1570227240768592,1702
410,5,evaluate,2.2422484159469604,0.6177802944507361,0.2628830147526674,0.2771940342423934,0.2140042601707734,1766
411,0,evaluate,3.5682920526575157,0.36310223266745006,0.2178407967999087,0.1954448155435096,0.147792212637194,1702
411,1,evaluate,2.6040336404527937,0.5832389580973952,0.26579615287330244,0.2737700092887766,0.21009712605276304,1766
411,2,evaluate,3.0284553501341076,0.5851063829787234,0.4031933653931331,0.4084815145680447,0.37868949639527716,1128
411,3,evaluate,3.1117828369140623,0.5488105004101723,0.19147185546194087,0.418022696929239,0.17464574030555602,1219
411,4,evaluate,3.431266556767856,0.4725638599810785,0.302652517509204,0.3572335003835908,0.24655423147159317,2114
411,5,evaluate,3.6955587647177954,0.49975880366618425,0.32947077785514906,0.34811493064292665,0.30042632960360527,2073
412,0,evaluate,3.5481507658958433,0.4807219031993437,0.18569766290354522,0.3008431241655541,0.15027871110189922,1219
412,1,evaluate,3.0763372668513544,0.42479435957696826,0.22046615897144872,0.23313074827950783,0.16581512660057526,1702
412,2,evaluate,4.1065428040244365,0.4259527255185721,0.3365093859421314,0.27614238561965454,0.2678336515829328,2073
412,3,evaluate,2.3425238771098003,0.5979614949037373,0.266530835982541,0.27310293587588114,0.211906841387517,1766
412,4,evaluate,3.035556070944842,0.5704824976348155,0.30463506916254524,0.378382460606692,0.27577040725452157,2114
412,5,evaluate,3.5731904374228582,0.49556737588652483,0.403815907802448,0.34885885348449586,0.34973808423893005,1128
413,0,evaluate,3.207012414932251,0.5537325676784249,0.17653052702061903,0.2827897196261683,0.1582123696954128,1219
413,1,evaluate,3.6521901113015636,0.35781433607520563,0.22260144634875592,0.17893371122057347,0.15156714111025052,1702
413,2,evaluate,3.595674886422999,0.46594134342478716,0.3116110789700974,0.3869188330119614,0.254268931204293,2114
413,3,evaluate,3.4230730136235556,0.5585106382978723,0.39428967284173166,0.37671787198412676,0.3646214483654325,1128
413,4,evaluate,3.957956740350434,0.5002411963338157,0.33676651703157096,0.33384073709453954,0.3032189516389572,2073
413,5,evaluate,2.530755409172603,0.6223103057757644,0.2697837066771929,0.28091226964233595,0.21627974524004107,1766
414,0,evaluate,3.0185622109307184,0.46298472385428907,0.22128311662282604,0.24559177861985212,0.17538880576763466,1702
414,1,evaluate,3.60749708281623,0.5035460992907801,0.40596903735410395,0.35405814766912824,0.3538882159149278,1128
414,2,evaluate,3.588624584674835,0.4741591468416735,0.18681849098926215,0.2953484646194927,0.1471757526597272,1219
414,3,evaluate,4.273552844018647,0.41196333815726,0.3367158101348978,0.27421062515956385,0.26330829488935603,2073
414,4,evaluate,3.1393341737634994,0.5685903500473037,0.3027748092937959,0.38251532712925124,0.2727015928116327,2114
414,5,evaluate,2.515377700328827,0.5951302378255946,0.2690916012300798,0.2728521534920564,0.21391590954802558,1766
415,0,evaluate,3.8928701588601777,0.4992764109985528,0.32702826778438515,0.3446414990009341,0.29875203879205736,2073
415,1,evaluate,3.8938868396422444,0.45080416272469254,0.300246182569135,0.37160806770571686,0.24329793856841456,2114
415,2,evaluate,2.4234500569956645,0.6517553793884485,0.2668697082748753,0.288952927861739,0.22291244892004589,1766
415,3,evaluate,3.2969702879587808,0.5647163120567376,0.39264894145813006,0.3772735338872848,0.36430780158003595,1128
415,4,evaluate,3.203959274291992,0.5635767022149303,0.18111981822751091,0.3840747663551402,0.16607434822129102,1219
415,5,evaluate,3.863502767350939,0.33490011750881316,0.2206628053493211,0.17732909476888392,0.14554580481581542,1702
416,0,evaluate,3.659555090798272,0.49024822695035464,0.40297569183872517,0.3348211597055144,0.3459415258130146,1128
416,1,evaluate,3.7553682208061216,0.44298605414273995,0.18885358342665173,0.3891034712950601,0.14685340991408435,1219
416,2,evaluate,2.8803435961405435,0.5023501762632198,0.22321279595261134,0.2521509173403444,0.18298330735752916,1702
416,3,evaluate,4.413403402675282,0.4100337674867342,0.3420100488198428,0.27684884951807903,0.2653803802904319,2073
416,4,evaluate,2.6628466929708208,0.571347678369196,0.26668275393098595,0.26770758650646054,0.20882763294442488,1766
416,5,evaluate,3.0229376975227806,0.5842005676442763,0.30553518382307493,0.40300181141862873,0.27595801083881105,2114
417,0,evaluate,3.2541993737220762,0.5676784249384742,0.172121963358031,0.36410013351134846,0.15457114903110458,1219
417,1,evaluate,3.412141111161974,0.5709219858156028,0.3988217669175674,0.41022549165066585,0.37227586715968775,1128
417,2,evaluate,4.194377443369697,0.42005676442762535,0.297816082276517,0.366710100124205,0.23414993187173955,2114
417,3,evaluate,3.9382006471807305,0.5098890496864448,0.32814404734574454,0.350595467683467,0.3026961123328761,2073
417,4,evaluate,4.221408941127636,0.309048178613396,0.22423146815746225,0.1705595134995268,0.14070792589323325,1702
417,5,evaluate,2.264563266720091,0.6891279728199321,0.26374835724106865,0.29939095448589226,0.22873107834144374,1766
418,0,evaluate,3.0718460423605785,0.5028312570781427,0.2653333185492305,0.25116368223850827,0.1932149969120703,1766
418,1,evaluate,3.804873069127401,0.47429078014184395,0.40063540813232323,0.32504773305378293,0.33557934580313187,1128
418,2,evaluate,2.9979531235165067,0.4717978848413631,0.22197002283271244,0.24538166605171643,0.1748658870987148,1702
418,3,evaluate,3.863657808303833,0.4593929450369155,0.19720894156068294,0.4143631508678237,0.15612566206871678,1219
418,4,evaluate,4.537068988337661,0.40520984081041966,0.3387280491123444,0.2484584170820173,0.25395757598912655,2073
418,5,evaluate,2.79835749724332,0.6168401135288553,0.3146966444782412,0.41823352911689254,0.29146561145477656,2114
419,0,evaluate,2.2461918592453003,0.695356738391846,0.2616336750825973,0.29937357316453117,0.22749549165713265,1766
419,1,evaluate,3.4154045316908093,0.5620567375886525,0.39667521038187503,0.3924295857779633,0.368673441379172,1128
419,2,evaluate,4.230961568215314,0.4162724692526017,0.30072324819428653,0.3797993562324484,0.23655845813441165,2114
419,3,evaluate,3.2731878101825713,0.561115668580804,0.17706549787177553,0.36248998664886517,0.1591588689011343,1219
419,4,evaluate,3.9718621066122344,0.49589966232513266,0.3284390924083579,0.3409473208278156,0.2974348855878163,2073
419,5,evaluate,4.139875367835716,0.300235017626322,0.21962826545857306,0.15066803336473167,0.13442611501483626,1702
420,0,evaluate,2.980494439601898,0.5033975084937712,0.2665650131172478,0.25123537013950437,0.19673125904191374,1766
420,1,evaluate,2.703909052742852,0.5235017626321974,0.22527731785321872,0.2543496374834751,0.18874902145774197,1702
420,2,evaluate,3.5550810575485228,0.46595570139458575,0.1922652490548796,0.3967656875834446,0.15578509505841084,1219
420,3,evaluate,3.4885365035798817,0.5132978723404256,0.4078687955921714,0.3535877060027194,0.3565900147640657,1128
420,4,evaluate,3.145538659656749,0.5567644276253548,0.3073771175948926,0.4002905743638113,0.27034653783915985,2114
420,5,evaluate,4.190438386165734,0.4187168355041003,0.33860212731688166,0.2638474329076869,0.2666064987536975,2073
421,0,evaluate,3.4965729448530407,0.5390070921985816,0.3961095554473256,0.3841622697240082,0.36126174594961086,1128
421,1,evaluate,2.0561513815607344,0.7004530011325029,0.26756249147808386,0.30125631447905266,0.23184490226099816,1766
421,2,evaluate,3.1730490624904633,0.5553732567678425,0.17753829016986913,0.3818931909212283,0.15871552897356317,1219
421,3,evaluate,3.6740220644894768,0.45364238410596025,0.2911716670580284,0.3746023676728921,0.2417939738229471,2114
421,4,evaluate,3.965379064733332,0.49782923299565845,0.33130473666291393,0.3567191148220732,0.29895382608939386,2073
421,5,evaluate,4.3406951957278785,0.2773207990599295,0.21752658798345187,0.16468805461853195,0.1276853258681832,1702
422,0,evaluate,3.418084422747294,0.5478723404255319,0.40318111236589493,0.38021539183330993,0.36836709185197397,1128
422,1,evaluate,3.131683314547819,0.5439924314096499,0.3072787932839428,0.37929968946062975,0.2660432595425002,2114
422,2,evaluate,2.9632252322302923,0.4670975323149236,0.21828962899730947,0.24433785717144532,0.17258607589986494,1702
422,3,evaluate,3.69522864818573,0.4749794913863823,0.19733091298922414,0.39720627503337785,0.16010725722431,1219
422,4,evaluate,4.255393389499549,0.43174143753014954,0.34260902732599746,0.30769791015528936,0.27395100056028326,2073
422,5,evaluate,2.819595528500421,0.529445073612684,0.2670055350768837,0.2622352093830043,0.204281537176274,1766
423,0,evaluate,3.9504566192626953,0.3108108108108108,0.2254164699386843,0.1788288009187637,0.1428044888003908,1702
423,1,evaluate,4.101251558824019,0.46357935359382535,0.32550213990587606,0.3223109524605429,0.2838476007409345,2073
423,2,evaluate,3.7271483871671887,0.5177304964539007,0.3940072042832418,0.3661151404132052,0.3507109455478952,1128
423,3,evaluate,3.101439195871353,0.5668580803937654,0.1853821189155957,0.30335981308411214,0.16928129066885977,1219
423,4,evaluate,3.742242630790262,0.46594134342478716,0.29273810320602683,0.37678176425011867,0.24554662587941833,2114
423,5,evaluate,2.0628730079957416,0.7095130237825594,0.26656308632419823,0.3011935525088727,0.2310786512664053,1766
424,0,evaluate,3.51875999238756,0.5274822695035462,0.39714453749490025,0.36747329500190734,0.3550812778081749,1128
424,1,evaluate,2.942372582576893,0.47297297297297297,0.22123322576478482,0.24968659464388665,0.17692596554640963,1702
424,2,evaluate,3.5011019426233627,0.5189214758751183,0.3090546649915393,0.36278661568625403,0.2548752649071339,2114
424,3,evaluate,3.493112510442734,0.505332239540607,0.20467387661125153,0.40591989319092125,0.17801499047400687,1219
424,4,evaluate,3.270394538130079,0.47055492638731594,0.26614817129683477,0.24818663626490395,0.1916609831388428,1766
424,5,evaluate,4.1726188081683535,0.45779064158224797,0.33912429161696667,0.3193350089192476,0.2823943140063948,2073
425,0,evaluate,3.8658130835084354,0.467360454115421,0.29218788069544666,0.3923837370048943,0.247693685848955,2114
425,1,evaluate,4.303423007329305,0.2808460634547591,0.21713635599904668,0.13219200024525019,0.12485887182777859,1702
425,2,evaluate,2.0437356446470534,0.7123442808607021,0.26545773081578883,0.3034915453012428,0.23213636984984234,1766
425,3,evaluate,3.992957671483358,0.48094548962855765,0.33491473584676257,0.3222306394368905,0.29028996256950546,2073
425,4,evaluate,3.1410930931568144,0.5668580803937654,0.1920523335289872,0.30251535380507344,0.17684666412379035,1219
425,5,evaluate,3.66908680068122,0.5168439716312057,0.39998897295793717,0.3541456758925223,0.35018665290957374,1128
426,0,evaluate,3.291422281946455,0.4592298980747452,0.2655015944079867,0.24405329460020325,0.18792099670345194,1766
426,1,evaluate,3.973305380344391,0.43478260869565216,0.19326158661112894,0.2883898531375167,0.15012539528963997,1219
426,2,evaluate,3.306056485456579,0.543046357615894,0.31254127494934025,0.3591606645883319,0.2614500705761672,2114
426,3,evaluate,4.488631169001262,0.4056922334780511,0.3377144689126184,0.27966135889293164,0.2625414185957826,2073
426,4,evaluate,3.697844293382433,0.5177304964539007,0.39689428022892664,0.343836601778836,0.34910200204898095,1128
426,5,evaluate,2.70872018955372,0.5411280846063454,0.2214326562209794,0.24606434599887567,0.18688112569083679,1702
427,0,evaluate,4.148565140637484,0.48625180897250364,0.33436910516718565,0.3283719434408888,0.2925776951368454,2073
427,1,evaluate,3.6368562018170074,0.49195837275307475,0.28761832692471895,0.38348915489964314,0.2467854779022391,2114
427,2,evaluate,3.640207118458218,0.5487588652482269,0.40256355768026825,0.3991853669736431,0.3665118680498143,1128
427,3,evaluate,4.796233221336648,0.245593419506463,0.21910653927019386,0.12603170178087406,0.11524190026099701,1702
427,4,evaluate,3.064280790090561,0.579163248564397,0.1849267560396593,0.40550200267022696,0.17500000705781052,1219
427,5,evaluate,2.042662637574332,0.7089467723669309,0.26217021470533874,0.30150215463194796,0.22941137374633325,1766
428,0,evaluate,2.6688929619612516,0.5193889541715628,0.22234947399210453,0.24371474482848726,0.18413768755462703,1702
428,1,evaluate,3.571445014741686,0.5106382978723404,0.40048230174415556,0.3461748884952202,0.3496354685851079,1128
428,2,evaluate,3.521522445338113,0.4139297848244621,0.26615059681631764,0.2327788019351657,0.1784820001002438,1766
428,3,evaluate,3.1596428506514607,0.5558183538315988,0.3109575661893273,0.3754097753573341,0.2623996807680312,2114
428,4,evaluate,4.394936431537975,0.40955137481910275,0.3406572632342149,0.29444549595853287,0.2613397359224005,2073
428,5,evaluate,3.599415123462677,0.46185397867104183,0.18110241243331013,0.24219292389853136,0.13047734882207254,1219
429,0,evaluate,3.350896346569061,0.5438884331419196,0.17812909481049988,0.3797510013351135,0.1595873755485841,1219
429,1,evaluate,3.532604972521464,0.5301418439716312,0.3988579026647058,0.37558839241185915,0.3561411902665298,1128
429,2,evaluate,3.6977221054189346,0.4645222327341533,0.29422833450672436,0.3815342300043928,0.2454811894683761,2114
429,3,evaluate,1.9705546753747123,0.7231030577576444,0.2631225565483707,0.3058230062831647,0.23229398934784026,1766
429,4,evaluate,4.070169629472675,0.4852870236372407,0.32906698815453833,0.32762479089614305,0.28997984437312313,2073
429,5,evaluate,4.448724331679167,0.24676850763807284,0.21730006432246998,0.12329528336190328,0.11528089757325785,1702
430,0,evaluate,3.5825115186827525,0.4190260475651189,0.26694525414070536,0.23093496526421858,0.17835464444640928,1766
430,1,evaluate,2.8027814935754845,0.49529964747356053,0.2221034048172438,0.25159875313512103,0.18124257146503403,1702
430,2,evaluate,3.5392042994499207,0.5004101722723544,0.1896259771009698,0.3055046728971963,0.15773849219085473,1219
430,3,evaluate,3.6434508826997547,0.5,0.4009871151458351,0.3381113223715528,0.3450358427878727,1128
430,4,evaluate,4.271465908397328,0.4365653642064641,0.34036879806258535,0.2840074155977549,0.26820106544800787,2073
430,5,evaluate,3.2961775064468384,0.5510879848628193,0.3028154445545729,0.33133106407789953,0.26071885776881365,2114
431,0,evaluate,3.15486781001091,0.55701394585726,0.1791485696713055,0.35852803738317757,0.15964105610898421,1219
431,1,evaluate,4.500983259257148,0.40823084200567644,0.28686305984872257,0.3615842228247292,0.22403486784316856,2114
431,2,evaluate,3.622592475679186,0.5363475177304965,0.3962374714785034,0.3843257233954317,0.35827990694000594,1128
431,3,evaluate,4.18413511912028,0.28672150411280845,0.2161541343177465,0.1346223083152589,0.12486011776646408,1702
431,4,evaluate,4.078393712188259,0.482392667631452,0.33450316815800896,0.33113584031434606,0.2941760903279711,2073
431,5,evaluate,2.072387063077518,0.7202718006795017,0.26234774389821125,0.3068470627075121,0.23353235406948109,1766
432,0,evaluate,3.7613928053114147,0.48138297872340424,0.39100431704395217,0.3365558566939698,0.33640185084273305,1128
432,1,evaluate,3.6140159010887145,0.47579983593109104,0.19040484509818484,0.29980440587449936,0.15361814675839067,1219
432,2,evaluate,2.7991222363931163,0.4882491186839013,0.22145140818354023,0.2464907632159259,0.1789850496900654,1702
432,3,evaluate,4.341037475701534,0.40520984081041966,0.3380261168749747,0.27340097053576917,0.2615494526055178,2073
432,4,evaluate,3.3860149638993398,0.4297848244620612,0.26976401059894917,0.23278011820146122,0.18015444640133835,1766
432,5,evaluate,2.8535217011676117,0.6059602649006622,0.3163243121922375,0.3952437919833941,0.2809331454772051,2114
433,0,evaluate,3.622672438621521,0.5292553191489362,0.38751604072089607,0.3629983357835077,0.349704314786051,1128
433,1,evaluate,2.0006386658975055,0.72480181200453,0.26392145110862986,0.3070282094938025,0.23356130209782133,1766
433,2,evaluate,4.147289456743183,0.46695610226724554,0.3266177559940072,0.3087064509394444,0.2840635926927193,2073
433,3,evaluate,3.9704899522993298,0.3019976498237368,0.21517248854205376,0.13678200557603565,0.1296738741492013,1702
433,4,evaluate,4.156525604865131,0.4219489120151372,0.29364197191806185,0.380445374307038,0.2348142353962283,2114
433,5,evaluate,3.2064595937728884,0.5414273995077933,0.1777199023881167,0.35647730307076103,0.1519183390139595,1219
434,0,evaluate,3.5265124109056263,0.5088652482269503,0.3940442295130698,0.35131083937568197,0.34770359364812287,1128
434,1,evaluate,2.8883128431108265,0.46768507638072854,0.22264780353889915,0.24467460250551784,0.17720624199204282,1702
434,2,evaluate,3.3969418466091157,0.5061525840853158,0.1936806030227083,0.30514018691588785,0.16362257085948345,1219
434,3,evaluate,3.2369431257247925,0.4694224235560589,0.2706758068448167,0.2431666963886078,0.1906093345554946,1766
434,4,evaluate,3.168810378102695,0.5577105014191107,0.30070580971755206,0.37709826093460813,0.2629799255029633,2114
434,5,evaluate,4.225051684813066,0.432223830197781,0.3414337627795597,0.28363661326138345,0.27101313396063936,2073
435,0,evaluate,3.4062515762117176,0.5452127659574468,0.3898848724648628,0.3814844612449372,0.35971481989369203,1128
435,1,evaluate,2.085341785635267,0.7140430351075878,0.26410559464594463,0.3050686311342824,0.23249005433498698,1766
435,2,evaluate,3.3158143162727356,0.5455291222313372,0.17750343631059767,0.35908811748998665,0.15212731944639016,1219
435,3,evaluate,4.0018563888691085,0.30434782608695654,0.21761078924109434,0.15171376890667926,0.13428727185766104,1702
435,4,evaluate,4.19272255897522,0.4063386944181646,0.29237003660785793,0.3552688261838352,0.2292987321542282,2114
435,5,evaluate,3.961872592116847,0.4901109503135552,0.3303627768461982,0.3227321642088482,0.295705048160526,2073
436,0,evaluate,3.4707942843437194,0.49548810500410173,0.19837336864732075,0.41933444592790386,0.16241226649968626,1219
436,1,evaluate,3.710805892944336,0.50177304964539,0.3982868958615877,0.3381871333606518,0.3457792664560322,1128
436,2,evaluate,2.9487621430997497,0.4706227967097532,0.22236183770976564,0.24451970316454258,0.17533397100460463,1702
436,3,evaluate,4.5108473589926055,0.397009165460685,0.3330728877993298,0.2665901653178103,0.25295800985102257,2073
436,4,evaluate,2.9398624982152666,0.5118912797281994,0.26658010289927836,0.2538653094614979,0.19751681332576845,1766
436,5,evaluate,3.0315716652309193,0.5851466414380322,0.3012980978425215,0.395021747569668,0.2727568433619407,2114
437,0,evaluate,2.199285554034369,0.6993204983012458,0.2677192935388099,0.29793457687840896,0.227788386914822,1766
437,1,evaluate,3.114999783039093,0.5684987694831829,0.17351990492424188,0.363541388518024,0.15486619648876537,1219
437,2,evaluate,4.106920133937489,0.48191027496382055,0.32950578446240214,0.3319549636668975,0.29133483858482706,2073
437,3,evaluate,3.5823584265179105,0.5478723404255319,0.39655653759668047,0.3813419300663023,0.3628661943744464,1128
437,4,evaluate,3.979431790464065,0.42857142857142855,0.29207922534087505,0.3700501813811036,0.23294148654175034,2114
437,5,evaluate,4.156793223487006,0.2972972972972973,0.23153238953238958,0.17920220072511822,0.1471149875164625,1702
438,0,evaluate,2.8141972665433532,0.4982373678025852,0.22275457551543462,0.2576907136549493,0.18430867154266187,1702
438,1,evaluate,3.8109737157821657,0.46595570139458575,0.19560584321064672,0.39575233644859814,0.16177741776312354,1219
438,2,evaluate,3.658640835020277,0.5,0.3989769359146013,0.34024990548774986,0.3419561488272292,1128
438,3,evaluate,3.2096280796187266,0.47791619479048697,0.2677711832889109,0.24971941839427556,0.19409829333667472,1766
438,4,evaluate,3.496272725217483,0.5260170293282876,0.302777529275367,0.3566798542350079,0.2611869507258667,2114
438,5,evaluate,4.2293375333150225,0.4341534008683068,0.3409474468227023,0.2824408167463491,0.26725414958458116,2073
439,0,evaluate,3.698573443624708,0.5274822695035462,0.3959317881822744,0.37705273256237026,0.35523320881013093,1128
439,1,evaluate,4.172297896760883,0.47901591895803186,0.326964894392068,0.329755333436597,0.2882503123514285,2073
439,2,evaluate,4.020460411354348,0.30317273795534666,0.2199029491333237,0.1673576253285057,0.1368680408170744,1702
439,3,evaluate,3.76267909302431,0.4422894985808893,0.29643420208428195,0.3705155644902481,0.24197625097442818,2114
439,4,evaluate,3.2619771361351013,0.5291222313371616,0.17450333095349288,0.3555694259012016,0.14856019994467834,1219
439,5,evaluate,1.9788124391010828,0.7242355605889015,0.2629517923739698,0.30699151545465525,0.23285128897286783,1766
440,0,evaluate,3.2862925061157773,0.4467723669309173,0.26593286364092683,0.2404388909224954,0.18659029587268577,1766
440,1,evaluate,3.679601752758026,0.4602132895816243,0.1950048510121346,0.3935834445927904,0.15713676755317116,1219
440,2,evaluate,4.236001527670658,0.4196816208393632,0.33388956872480063,0.27866497199941964,0.26318284319830504,2073
440,3,evaluate,3.5634597407446966,0.50177304964539,0.39579209127325293,0.33564409094237047,0.3428814890166382,1128
440,4,evaluate,2.7139759063720703,0.5111633372502937,0.22240516606352845,0.2549636198527112,0.18392116053312546,1702
440,5,evaluate,3.3336919055265537,0.5387890255439924,0.30321952334351693,0.3717673597113019,0.25883831408726754,2114
441,0,evaluate,3.589743547969394,0.5372340425531915,0.3977529682792841,0.387263561736612,0.35887122883383915,1128
441,1,evaluate,3.017196786403656,0.5734208367514356,0.17767676677822392,0.3858144192256342,0.1659685024293484,1219
441,2,evaluate,4.037325801271381,0.48480463096960924,0.32898478889871685,0.32907224672183727,0.2914672045197902,2073
441,3,evaluate,4.377039353052775,0.2690951821386604,0.2263187465115708,0.18712027688089927,0.13412024517178053,1702
441,4,evaluate,2.16707330090659,0.70158550396376,0.2657449462879343,0.2981772715786559,0.22811994469032287,1766
441,5,evaluate,3.649441080934861,0.46830652790917693,0.29458884223489956,0.38595032121976064,0.24630702324460865,2114
442,0,evaluate,2.751964811925535,0.5117508813160987,0.22231270805218176,0.2579259366921175,0.1856809440932399,1702
442,1,evaluate,3.0177286991051266,0.4971687429218573,0.27034189361207284,0.2537105503243319,0.19922493097621397,1766
442,2,evaluate,3.3252140003092148,0.5359508041627247,0.30614848360865854,0.3921885525402705,0.2658213013380129,2114
442,3,evaluate,3.529701974656847,0.5062056737588653,0.39453829574462274,0.33531348124093463,0.342438831808366,1128
442,4,evaluate,4.21837321917216,0.42547033285094066,0.33674321024790643,0.2834979613585664,0.2664385029729131,2073
442,5,evaluate,3.974173891544342,0.4495488105004102,0.1943780561627102,0.39122029372496664,0.15274209907487865,1219
443,0,evaluate,4.0593687693278,0.4857694163048722,0.3341729327416382,0.33308626374646766,0.29593944364092273,2073
443,1,evaluate,3.2433757066726683,0.5627563576702215,0.1742371343437074,0.3644125500667557,0.1554389326890614,1219
443,2,evaluate,3.7422640253515804,0.44796594134342477,0.2907147621040407,0.3701822939291294,0.2362412282964547,2114
443,3,evaluate,3.5250543620851307,0.5487588652482269,0.39508811773814684,0.393375472507354,0.36248787137489263,1128
443,4,evaluate,2.25620921594756,0.6976217440543602,0.26279572471378576,0.29741794609682604,0.2260663574346257,1766
443,5,evaluate,4.254097249772814,0.28437132784958874,0.22339648801318787,0.15881503631247842,0.13500585145804164,1702
444,0,evaluate,3.588282757335239,0.4973404255319149,0.4002360492397023,0.3349964779532549,0.3457601187741468,1128
444,1,evaluate,3.1089675979954854,0.4733861834654587,0.2661447963800905,0.24285748723742095,0.18887211666402565,1766
444,2,evaluate,3.8374763250350954,0.4388843314191961,0.1967071903104804,0.40553137516688914,0.14832321001643592,1219
444,3,evaluate,2.6825161421740495,0.527027027027027,0.22137093578581207,0.2579413925636881,0.18615673538555602,1702
444,4,evaluate,3.0320526431588566,0.565752128666036,0.30423993415628237,0.3869155217735688,0.2666455599202653,2114
444,5,evaluate,4.422831795432351,0.39459720212252775,0.34087286120869364,0.2854561913006673,0.25537198391917026,2073
445,0,evaluate,4.371959942358512,0.2784958871915394,0.22354227577768873,0.175243560296816,0.13524682666514276,1702
445,1,evaluate,3.343625456094742,0.5561936013125512,0.17300691046830324,0.3636468624833111,0.15341322055137846,1219
445,2,evaluate,3.8132967212620903,0.44181646168401134,0.2919832474314382,0.37070106063234454,0.23692907446249745,2114
445,3,evaluate,4.092977552702933,0.4901109503135552,0.3286530943501137,0.336662215716202,0.2943174486266208,2073
445,4,evaluate,3.5996326870388455,0.5460992907801419,0.39751358806686055,0.39473830646903685,0.36297220596112056,1128
445,5,evaluate,2.1371859099183763,0.710079275198188,0.26970311187462725,0.3033040434167446,0.2326533275271334,1766
446,0,evaluate,4.011867201328277,0.44052502050861364,0.18943530784284207,0.39027303070761016,0.14332569542320012,1219
446,1,evaluate,2.7832995609000877,0.5047003525264395,0.2205564579690466,0.2542236646789966,0.18156069082514564,1702
446,2,evaluate,4.352178768678145,0.4240231548480463,0.33848726681319985,0.29988449314163834,0.26757108805518326,2073
446,3,evaluate,3.560486674308777,0.5106382978723404,0.3946877090833878,0.33680677843527934,0.34575827818507354,1128
446,4,evaluate,2.7993161209992,0.5407701019252548,0.27026975966363775,0.2624538479455906,0.2069398790519728,1766
446,5,evaluate,3.2652492242700912,0.5425733207190161,0.30305996239137073,0.3767836089915656,0.2636866453513981,2114
447,0,evaluate,3.2975403010845183,0.5553732567678425,0.18352907961603612,0.40059412550066753,0.16600800077180658,1219
447,1,evaluate,2.2697262849126543,0.6902604756511891,0.26849693955176124,0.2982834024042825,0.22924614551650677,1766
447,2,evaluate,3.991613370400888,0.3284371327849589,0.22389881697165154,0.19753735868461225,0.14718829219557655,1702
447,3,evaluate,4.230085676366633,0.47756874095513746,0.33458427461376117,0.3339816042686676,0.2950434664862932,2073
447,4,evaluate,3.6526388194825916,0.550531914893617,0.39881804565786616,0.38738532097349354,0.36549528747473187,1128
447,5,evaluate,3.4794717992053315,0.489120151371807,0.2941306650855896,0.37339310491570893,0.24944272627783523,2114
448,0,evaluate,2.943660506495723,0.48237367802585196,0.2237579114390708,0.2466503621211563,0.17967596547345155,1702
448,1,evaluate,4.3561975522474805,0.43174143753014954,0.3396302004077195,0.30279797184819746,0.2728924504875322,2073
448,2,evaluate,2.8422030678817203,0.5447338618346546,0.27097043969062434,0.2625145015214156,0.20722016609616967,1766
448,3,evaluate,3.676994707849291,0.5221631205673759,0.40652497686548494,0.3618800921307411,0.35999025224203984,1128
448,4,evaluate,3.569106602668762,0.4938474159146842,0.19566620879120883,0.4003998664886515,0.1643179950692904,1219
448,5,evaluate,3.400031230028938,0.5506149479659413,0.3048555548717554,0.4050835996269993,0.2702461610844834,2114
449,0,evaluate,3.746156480577257,0.5345744680851063,0.3984256066493718,0.3846596818073455,0.35760975289894714,1128
449,1,evaluate,2.1431542890412465,0.70158550396376,0.2683725680402148,0.30132566276656714,0.23198925972950152,1766
449,2,evaluate,4.226342837015788,0.282021151586369,0.22334964631802395,0.19137856642259649,0.1360579702145046,1702
449,3,evaluate,3.271531122922897,0.5561936013125512,0.18311404005680587,0.4027376502002671,0.168158810325477,1219
449,4,evaluate,3.5438728893504425,0.48864711447492903,0.29694124953210044,0.3841313822290314,0.2538417753119154,2114
449,5,evaluate,4.118640531193126,0.49252291365171247,0.33542891024137117,0.3340779333671695,0.2962763148471197,2073
450,0,evaluate,3.076127988951547,0.48074745186862966,0.2704955422569614,0.24942902773778183,0.19549550818072345,1766
450,1,evaluate,2.5701525432092174,0.5652173913043478,0.21910692420365963,0.2645884711484923,0.191889107586151,1702
450,2,evaluate,4.238371896743774,0.4265791632485644,0.19509519754065943,0.380349132176235,0.13511370548201324,1219
450,3,evaluate,3.7369011640548706,0.5168439716312057,0.393200308192755,0.33507057261594947,0.34548229582261925,1128
450,4,evaluate,4.80730550216906,0.37771345875542695,0.3362712770415087,0.2713771426449013,0.24706565084248364,2073
450,5,evaluate,3.2885731248294605,0.5378429517502366,0.29848144534579535,0.3654657351592252,0.2528952724384901,2114
451,0,evaluate,3.9939385544170034,0.49397009165460687,0.32269639176592985,0.3309232727363264,0.2900479658387139,2073
451,1,evaluate,3.2143644392490387,0.5586546349466776,0.17722986260129214,0.3838805073431242,0.16222309753031705,1219
451,2,evaluate,5.073685257523148,0.22326674500587543,0.22423866926144526,0.16277806989435872,0.11906497593585663,1702
451,3,evaluate,3.6607626411649914,0.5292553191489362,0.39759422270377737,0.38727649928796337,0.35739197538856193,1128
451,4,evaluate,2.009005959544863,0.7276330690826727,0.26557340091086223,0.30658839955318246,0.23395160306412094,1766
451,5,evaluate,3.7062491669374356,0.4607379375591296,0.29505174177478616,0.38450965055666686,0.24482673645668065,2114
452,0,evaluate,2.621070976610537,0.5399529964747356,0.22049280422732745,0.25597572929390694,0.18789023464044452,1702
452,1,evaluate,3.7506829500198364,0.4561115668580804,0.19486877775259517,0.3892837116154873,0.14824514963052132,1219
452,2,evaluate,3.268971990136539,0.5439924314096499,0.3019195572536656,0.38065350872674564,0.25944855910202164,2114
452,3,evaluate,3.042859273297446,0.48584371460928655,0.2653152786377967,0.24795101400306657,0.19359727208460265,1766
452,4,evaluate,3.4729062716166177,0.50177304964539,0.39642674284436374,0.3378784751177164,0.34648158131536494,1128
452,5,evaluate,4.422908161625718,0.39266763145200195,0.32951803536628327,0.2742095884411612,0.25530403138944474,2073
453,0,evaluate,4.516916045436153,0.26556991774383076,0.22135446213667437,0.1586661564586748,0.12730365131062515,1702
453,1,evaluate,3.743510000845965,0.45837275307473985,0.28890637448372664,0.3770776410921076,0.23768054695730126,2114
453,2,evaluate,3.1785999119281767,0.5668580803937654,0.17141211028472694,0.3658411214953271,0.15365742752452793,1219
453,3,evaluate,4.137720411474055,0.47756874095513746,0.32176097668322845,0.3291041319350696,0.28614959378429633,2073
453,4,evaluate,2.119442888668605,0.7123442808607021,0.26461552731728555,0.3015527006288051,0.22987065541775137,1766
453,5,evaluate,3.8612460030449762,0.5221631205673759,0.38973996221168816,0.3728143936785842,0.3507574153610884,1128
454,0,evaluate,3.6099188327789307,0.5150709219858156,0.3973171079453378,0.3343613229600783,0.346613705863788,1128
454,1,evaluate,3.1884308772928573,0.5525070955534531,0.30310602171632095,0.36206997562332105,0.258650136206168,2114
454,2,evaluate,3.2552888563701083,0.45130237825594566,0.2705887619594612,0.24307985646764205,0.1896228401111857,1766
454,3,evaluate,4.454053019032334,0.41341051616015434,0.34295550857886115,0.28018864499476237,0.26247681069054435,2073
454,4,evaluate,2.8351041829144514,0.5170387779083431,0.21990370786318775,0.2608522590206999,0.18298871377084666,1702
454,5,evaluate,3.9719113230705263,0.44052502050861364,0.18143731585070183,0.33751869158878506,0.1281796743993518,1219
455,0,evaluate,3.770300361845228,0.5425531914893617,0.39623025406279316,0.3812031666902994,0.3599969435250491,1128
455,1,evaluate,3.3017950773239138,0.5553732567678425,0.17243823953823953,0.36201001335113486,0.1546387944478364,1219
455,2,evaluate,3.8812176690382114,0.4531693472090823,0.2934514772129586,0.37478741833895535,0.2378468166567694,2114
455,3,evaluate,4.187302134253762,0.4780511336227689,0.32780321833513637,0.3284653832990787,0.28904059882823274,2073
455,4,evaluate,4.5169116302772805,0.25616921269095183,0.2225186504143931,0.14134360291147013,0.12317791609488102,1702
455,5,evaluate,2.2548696058137074,0.7021517553793885,0.26297747752570916,0.30037762134401585,0.22825344478835774,1766
456,0,evaluate,3.7243459105491636,0.4725184577522559,0.17968018044209283,0.24658277703604808,0.13237894441512726,1219
456,1,evaluate,4.376004984884551,0.4129281234925229,0.331980762849131,0.2792847163422126,0.2609052515201353,2073
456,2,evaluate,3.1576270290783475,0.48074745186862966,0.2689234616488337,0.24642770811849743,0.1929600177660719,1766
456,3,evaluate,2.7410833129176386,0.5158636897767332,0.22119007715958156,0.2553961979772455,0.18440464640884943,1702
456,4,evaluate,3.6988102197647095,0.5150709219858156,0.40417242880624216,0.3466121251774207,0.3518811602662614,1128
456,5,evaluate,3.334838667336632,0.5491958372753075,0.3054091583307166,0.3691271141497181,0.2645248598561249,2114
457,0,evaluate,3.7937654786639743,0.523936170212766,0.3941666859595202,0.3720023902092421,0.3537325549962277,1128
457,1,evaluate,4.287968926959568,0.29318448883666276,0.2256995781977297,0.165251635092529,0.13692519310395504,1702
457,2,evaluate,2.2346555718353818,0.695356738391846,0.26558626680337205,0.2966051441805817,0.2265158774770013,1766
457,3,evaluate,4.222793131163626,0.47901591895803186,0.33140597089198287,0.3304231055960957,0.2914044541142172,2073
457,4,evaluate,3.201895499229431,0.5652173913043478,0.1815777803396164,0.38346395193591454,0.16439752355121012,1219
457,5,evaluate,3.586155323421254,0.48770104068117315,0.293010973511952,0.39640832528988046,0.2505558536511686,2114
458,0,evaluate,3.2391036323138644,0.4784824462061155,0.2725072364527004,0.24965211430820475,0.19699605350825386,1766
458,1,evaluate,4.504840771357219,0.4100337674867342,0.3388632559463164,0.28182823300531806,0.2620059979791172,2073
458,2,evaluate,3.6036923001794254,0.5080416272469253,0.30065587316568665,0.3570630977448337,0.24862403809998504,2114
458,3,evaluate,2.5875694221920438,0.5540540540540541,0.22128812662475203,0.25279539935697243,0.19036220133087509,1702
458,4,evaluate,3.9218709588050844,0.44626743232157506,0.19781131750945993,0.28951869158878507,0.14876153444706341,1219
458,5,evaluate,3.7869247727923923,0.525709219858156,0.4053827942553969,0.3526040878212769,0.3564674477474101,1128
459,0,evaluate,3.0819440841674806,0.5726004922067268,0.18193863585629855,0.4067630173564753,0.16958767294274718,1219
459,1,evaluate,4.5057485015304,0.2591069330199765,0.2276387670436469,0.14568967493035734,0.12573782714676524,1702
459,2,evaluate,2.429667523929051,0.6845979614949037,0.2675466498291031,0.2883753699054184,0.2191578391411963,1766
459,3,evaluate,3.8237505356470742,0.5345744680851063,0.39383432960082587,0.38189919646361703,0.35601668812565374,1128
459,4,evaluate,4.399912949764367,0.45875542691751087,0.32903746241795406,0.3032414674300016,0.28171707340702107,2073
459,5,evaluate,3.43691690529094,0.5089877010406811,0.2900083368846775,0.39156140775308945,0.25153158935520786,2114
460,0,evaluate,3.57965448167589,0.5230496453900709,0.4012229481313643,0.3488943702838627,0.3530440954887538,1128
460,1,evaluate,2.894410760314376,0.518801410105758,0.2146842791567123,0.24503076119893769,0.17781941828264192,1702
460,2,evaluate,4.3054574728012085,0.4118129614438064,0.18381733449367488,0.33123431241655543,0.12335395327594248,1219
460,3,evaluate,3.5930589577730965,0.521286660359508,0.30755265286872063,0.35359509289889035,0.2560189275159028,2114
460,4,evaluate,4.487702109596946,0.4109985528219971,0.3369508180919028,0.2823746310517161,0.25926270827269765,2073
460,5,evaluate,2.8264962945665633,0.5198187995469988,0.27011111744907895,0.26107831725874286,0.20627551433913727,1766
461,0,evaluate,4.799840662214491,0.2573443008225617,0.22803453840665125,0.1648396032104905,0.1274974503208494,1702
461,1,evaluate,3.5989850829629337,0.5023651844843898,0.29036481335021663,0.39302287371003464,0.2491758382296112,2114
461,2,evaluate,2.81999893784523,0.6095159967186218,0.19066812858297716,0.4325787716955941,0.1879787189211968,1219
461,3,evaluate,3.8611175881491766,0.5310283687943262,0.4045438371677477,0.38781238945786217,0.3612106421669812,1128
461,4,evaluate,2.4111877339226857,0.6851642129105323,0.2689244184530355,0.2909250556237808,0.22307057098370567,1766
461,5,evaluate,4.270739721529411,0.48191027496382055,0.3319971231727002,0.32876195925084445,0.2897529662244314,2073
462,0,evaluate,2.826755987273322,0.5223266745005876,0.21771877601803818,0.26772296220020564,0.1826942688062824,1702
462,1,evaluate,3.7560907072491116,0.5168439716312057,0.399735302300902,0.34155346711909634,0.34798781281099633,1128
462,2,evaluate,4.317306566238403,0.4191960623461854,0.19478348713633342,0.38672897196261685,0.14715401196408204,1219
462,3,evaluate,3.561841238947476,0.5241248817407758,0.31764253966812694,0.36641912464154774,0.26495466146121815,2114
462,4,evaluate,2.901308855840138,0.522083805209513,0.27098241027460623,0.26111066799305427,0.20638425515803296,1766
462,5,evaluate,4.446374394676902,0.4240231548480463,0.3332555021924025,0.2859881145745261,0.26465514513382615,2073
463,0,evaluate,2.894535541534424,0.5824446267432322,0.18889479464578313,0.4250080106809079,0.17588224561521376,1219
463,1,evaluate,3.711415648460388,0.5363475177304965,0.3993005787938346,0.3794032081512442,0.36126874645466495,1128
463,2,evaluate,2.3219075202941895,0.681766704416761,0.26500036372291397,0.288794653072029,0.2199333060752143,1766
463,3,evaluate,4.110915775652285,0.2925969447708578,0.22401002205399453,0.15550255669677188,0.13400903888558738,1702
463,4,evaluate,3.345774867955376,0.5189214758751183,0.2900976500002326,0.3983639295067866,0.2557003560417271,2114
463,5,evaluate,4.345687960133408,0.45393150024119633,0.33027273696720794,0.31964411732713593,0.28384112273360584,2073
464,0,evaluate,3.8219886223475137,0.5168439716312057,0.4035849453147654,0.34256640127062843,0.34834923208226887,1128
464,1,evaluate,2.972769300142924,0.47591069330199764,0.22131123494252952,0.2716320492551438,0.17755550651946053,1702
464,2,evaluate,4.0461064100265505,0.4634946677604594,0.19061517163040004,0.3000787716955941,0.15269593054092145,1219
464,3,evaluate,4.337936025677306,0.45393150024119633,0.3364479962933893,0.29770953548280976,0.27706803746419734,2073
464,4,evaluate,3.561028217568117,0.5279091769157994,0.31002411319732043,0.36044652644652647,0.26520772717363394,2114
464,5,evaluate,2.781666261809213,0.5407701019252548,0.2679326886672876,0.2649015473321071,0.20876354860439433,1766
465,0,evaluate,4.315388982946223,0.47129763627592863,0.3321077510775708,0.32608394776245353,0.2900886207241749,2073
465,1,evaluate,3.8280553023020425,0.5354609929078015,0.4021083682378002,0.3707187884410962,0.358221487750798,1128
465,2,evaluate,2.2952362171241214,0.6993204983012458,0.2631934377679058,0.2952459072749976,0.22351712424510484,1766
465,3,evaluate,4.500147316190931,0.27555816686251466,0.22558146818716024,0.1414905561035973,0.12923603901505837,1702
465,4,evaluate,3.2084848403930666,0.5767022149302707,0.18871901128872373,0.38543724966622167,0.17190773600159429,1219
465,5,evaluate,3.7518304305918075,0.4735099337748344,0.2941501223698223,0.38151679228351926,0.24732741963776395,2114
466,0,evaluate,3.51484808751515,0.4405436013590034,0.2651834139688052,0.23716686917348834,0.18344669105195419,1766
466,1,evaluate,3.9669697284698486,0.5026595744680851,0.4085644961011991,0.35222851393636717,0.35043359643807587,1128
466,2,evaluate,3.6755953073501586,0.4913863822805578,0.1839286332032946,0.3479706275033378,0.14081625304232875,1219
466,3,evaluate,2.8804040838170937,0.5094007050528789,0.21983859381682208,0.24138722575560106,0.18075125521435467,1702
466,4,evaluate,3.3927012541714836,0.5558183538315988,0.30155865341173554,0.37829235194696315,0.26153904047803195,2114
466,5,evaluate,4.578857385750973,0.4196816208393632,0.3451995076386727,0.279771448999679,0.2655171784731899,2073
467,0,evaluate,3.201707011461258,0.5676784249384742,0.17820663340610907,0.3627489986648865,0.16038139992317219,1219
467,1,evaluate,3.800379925303989,0.5567375886524822,0.4026434574141957,0.3896156758673953,0.3684841562303867,1128
467,2,evaluate,2.3688810723168507,0.6970554926387316,0.26486857248483214,0.299342643399516,0.2286294217256275,1766
467,3,evaluate,4.333966935122454,0.2937720329024677,0.22116487069781918,0.14700964878858447,0.1318640646545293,1702
467,4,evaluate,3.9492240162456738,0.4512771996215705,0.29340379748032375,0.38565451158489134,0.2401698451535151,2114
467,5,evaluate,4.258952646544485,0.482392667631452,0.33148976035933914,0.3338160089116967,0.2936484472475825,2073
468,0,evaluate,4.440427548957594,0.42643511818620355,0.33880074992222464,0.2785569650232027,0.26425877764177735,2073
468,1,evaluate,3.1450758260839127,0.5600756859035004,0.30389607557145,0.3777730146545698,0.27078433144580544,2114
468,2,evaluate,2.886279340143557,0.4706227967097532,0.2197874558785209,0.2352234039486011,0.17370346360230027,1702
468,3,evaluate,2.866487579686301,0.5124575311438279,0.2664154467656456,0.2523451409275591,0.19667439029149045,1766
468,4,evaluate,3.7866591215133667,0.4692370795734208,0.18625003389738584,0.30005206942590124,0.14646204224159837,1219
468,5,evaluate,3.9227035178078546,0.48226950354609927,0.4058860337476757,0.3387487457281159,0.34039087197322715,1128
469,0,evaluate,4.0579578587503145,0.5021707670043415,0.33038458940931914,0.34757366516893506,0.3010465057186988,2073
469,1,evaluate,2.628409513405391,0.6177802944507361,0.2622967779023919,0.2801488962677082,0.21388834574707624,1766
469,2,evaluate,3.7675107016282925,0.44607379375591294,0.2964310323136455,0.35367181403709436,0.2356718724540126,2114
469,3,evaluate,3.438866251707077,0.5430680885972108,0.1843972218682299,0.4005307076101469,0.16802658328256315,1219
469,4,evaluate,3.5845113860236273,0.5602836879432624,0.39580077281630394,0.3920894227330383,0.3653403493384154,1128
469,5,evaluate,3.825234404316655,0.3572267920094007,0.22224125680095508,0.17169195185821423,0.14773898470007446,1702
470,0,evaluate,3.9278699424531727,0.4920212765957447,0.40100638948541556,0.3335361239421662,0.3449476727199823,1128
470,1,evaluate,3.119525361944128,0.4594594594594595,0.22261808630262148,0.2237141497987209,0.17189129126740393,1702
470,2,evaluate,4.545800982099591,0.40955137481910275,0.3412529950809947,0.27158824800100084,0.2642175033445467,2073
470,3,evaluate,3.726167607307434,0.48236259228876127,0.19096900056967375,0.3991021361815755,0.1554802252328858,1219
470,4,evaluate,2.9825427847750046,0.5955534531693472,0.30192156416302457,0.402005071366735,0.2783904782081891,2114
470,5,evaluate,2.759355285337993,0.5719139297848245,0.2664111787366744,0.2655826447147851,0.2061798369097994,1766
471,0,evaluate,3.6032248735427856,0.5523049645390071,0.391733011977797,0.3892526979040377,0.35902226121049036,1128
471,1,evaluate,3.6835404872894286,0.5200984413453651,0.17691973824786328,0.35394659546061413,0.14702768976120661,1219
471,2,evaluate,4.120213277412184,0.5069946936806561,0.3245331347986866,0.3510125621495336,0.29902648554249855,2073
471,3,evaluate,4.309944734853857,0.39829706717123936,0.29865797370027614,0.3369168587143271,0.22826097055156236,2114
471,4,evaluate,3.9106425797497786,0.3619271445358402,0.2166636793706659,0.19217487865528932,0.14550670603588325,1702
471,5,evaluate,2.380462293113981,0.6506228765571914,0.2605618180934168,0.29360936010923117,0.22410917873661385,1766
472,0,evaluate,4.014512207772997,0.4698581560283688,0.4028052047233115,0.33723491226243496,0.3389057507233724,1128
472,1,evaluate,3.2666050328148737,0.427144535840188,0.22553681034952602,0.2332706334973079,0.1678244214234637,1702
472,2,evaluate,4.53859425313545,0.40086830680173663,0.3415522437220822,0.27816187174201545,0.25792167814471095,2073
472,3,evaluate,2.8354008828892425,0.618732261116367,0.3033823221562329,0.4039523949243661,0.28609774565779067,2114
472,4,evaluate,2.8387606952871596,0.549263873159683,0.26577064877728995,0.2589993687530871,0.1989739380093783,1766
472,5,evaluate,3.5380053520202637,0.48810500410172275,0.18565774362798387,0.42199866488651533,0.15651591432789683,1219
473,0,evaluate,2.6687504947185516,0.6053227633069083,0.26448006226761583,0.2807884321681672,0.215256443576994,1766
473,1,evaluate,3.5381876587867738,0.5283018867924528,0.17166608371791586,0.35579038718291056,0.1467858653865924,1219
473,2,evaluate,3.6355791886647544,0.3807285546415981,0.2170226880205904,0.17657465009573398,0.15026027929557434,1702
473,3,evaluate,4.084274544860378,0.5041003376748674,0.33026919213724304,0.33683257783500137,0.30107968247094063,2073
473,4,evaluate,3.5720158020655313,0.5673758865248227,0.39390664410937437,0.40169190471212524,0.36771100503817966,1128
473,5,evaluate,4.20755715229932,0.40539262062440873,0.29466828247866295,0.33956718419647897,0.2239334743392381,2114
474,0,evaluate,3.285850860454418,0.44418331374853115,0.22417676453018656,0.2211215444326807,0.17058279975729307,1702
474,1,evaluate,3.859918541378445,0.49556737588652483,0.4033410498927757,0.3450877296602083,0.3491285020508358,1128
474,2,evaluate,3.7802034497261046,0.46513535684987695,0.1918193599576044,0.4153497997329773,0.15945302094709385,1219
474,3,evaluate,2.776428976229259,0.5781426953567383,0.26368569529032715,0.26640494718188573,0.20527810776548602,1766
474,4,evaluate,3.166937743916231,0.5785241248817408,0.2976896556997784,0.41593488118352495,0.27426974389960135,2114
474,5,evaluate,4.462023222085201,0.40762180414857696,0.34322879702909237,0.2698026291219505,0.2651835044642321,2073
475,0,evaluate,3.7159383959240384,0.5593971631205674,0.39749263017508984,0.3945160427014526,0.36686906441544703,1128
475,1,evaluate,3.5225782692432404,0.5176374077112387,0.18133596507917732,0.3942069425901201,0.16031228419171212,1219
475,2,evaluate,4.297674663139112,0.4852870236372407,0.33345786628066787,0.34224241323146554,0.29764565246529084,2073
475,3,evaluate,3.7953055956784416,0.46357615894039733,0.29548826731672156,0.3580849560487897,0.2422645945438008,2114
475,4,evaluate,2.534798571041652,0.6342015855039638,0.265692921573596,0.2826672521060168,0.21754622358875944,1766
475,5,evaluate,3.7659752280623824,0.37485311398354876,0.2232256193668552,0.18519778862425956,0.15326014944196803,1702
476,0,evaluate,3.1666004127926297,0.46650998824911866,0.2225490152042739,0.2318577122791881,0.17450341186652382,1702
476,1,evaluate,4.493046673861417,0.43463579353593823,0.3407131652448149,0.3001199328092191,0.2715671766156075,2073
476,2,evaluate,3.002325875418527,0.5192525481313703,0.2670715698308783,0.2546465745846155,0.19866288966564977,1766
476,3,evaluate,3.3216515919741463,0.5704824976348155,0.3027199449596393,0.3856811545084601,0.2723530323346342,2114
476,4,evaluate,3.7135865926742553,0.4938474159146842,0.19450448465486062,0.420958611481976,0.1630645024336505,1219
476,5,evaluate,3.838906036482917,0.49645390070921985,0.40493080803294984,0.3358672058170452,0.34644930695067255,1128
477,0,evaluate,3.672362632221646,0.5549645390070922,0.3961160605531334,0.3745797945538771,0.36246209299563115,1128
477,1,evaluate,3.549476075172424,0.5406070549630845,0.18906233851276563,0.39747797062750334,0.17007631515893437,1219
477,2,evaluate,2.517479181289673,0.6579841449603624,0.266306075180121,0.29014509305585146,0.22263444053184087,1766
477,3,evaluate,4.312309669725822,0.482392667631452,0.3313552013880649,0.33936480436940075,0.2948789216272087,2073
477,4,evaluate,3.7234763783567093,0.478240302743614,0.3062283792270993,0.38225193918051065,0.25484047570395424,2114
477,5,evaluate,3.9181042865470603,0.3525264394829612,0.22342213568755934,0.1802271505224279,0.14860905490722934,1702
478,0,evaluate,3.010480386870248,0.529445073612684,0.26673187132762066,0.2543711371370363,0.19813737537970552,1766
478,1,evaluate,3.931412286228604,0.48404255319148937,0.39736714317596794,0.3345745279067202,0.3390790163704657,1128
478,2,evaluate,4.475727594260014,0.42450554751567776,0.3376911986057745,0.29440075125350074,0.2692360508445434,2073
478,3,evaluate,3.0024574714548447,0.6031220435193945,0.3072221346461981,0.40642946179474204,0.2823649535437309,2114
478,4,evaluate,3.7466883659362793,0.49548810500410173,0.18385607871595663,0.40434913217623497,0.1525250338152644,1219
478,5,evaluate,3.2813201303835267,0.44418331374853115,0.2279622266994013,0.26104934905902877,0.17584616733405972,1702
479,0,evaluate,3.808029638396369,0.550531914893617,0.39573949581636175,0.40019483501933395,0.3639656973422684,1128
479,1,evaluate,4.331137664390333,0.48287506029908345,0.33270969344344864,0.33835532737546775,0.29431173020453194,2073
479,2,evaluate,3.816715724327985,0.46594134342478716,0.2996758567377988,0.3793823660577729,0.24825297812211952,2114
479,3,evaluate,2.440329836947577,0.6778029445073612,0.26509316279735884,0.29507991500160535,0.2253706359475088,1766
479,4,evaluate,3.4845382452011107,0.5529122231337161,0.1884657770823523,0.39771028037383177,0.17092627814506403,1219
479,5,evaluate,3.928104789168746,0.3396004700352526,0.22257339826089825,0.19599630260394635,0.14767005147031392,1702
480,0,evaluate,4.493761423862342,0.4312590448625181,0.3431179917846071,0.29640251316458904,0.2731489086481876,2073
480,1,evaluate,3.26183694380301,0.44477085781433606,0.22413372995464592,0.24700421733619607,0.1710311019702005,1702
480,2,evaluate,3.2524574995040894,0.5785241248817408,0.30276446488461445,0.3919786369976244,0.27550436336974976,2114
480,3,evaluate,4.052427675988939,0.49379432624113473,0.4072130019456176,0.3347860171216782,0.3463832546211269,1128
480,4,evaluate,2.9653563840048656,0.5379388448471121,0.26463495724091246,0.2581473505771946,0.20009366364959816,1766
480,5,evaluate,3.8797383308410645,0.4856439704675964,0.19209099651188616,0.42080373831775697,0.16089696648755006,1219
481,0,evaluate,3.776253660519918,0.5620567375886525,0.38622198654927226,0.38444612877570805,0.3632447316316079,1128
481,1,evaluate,4.314697337873055,0.48818137964302943,0.3334642889382894,0.34425351428151024,0.29823046542608755,2073
481,2,evaluate,3.8908197614881725,0.363689776733255,0.2214459615005583,0.16733357171019553,0.14964319978208662,1702
481,3,evaluate,4.342631508322323,0.4195837275307474,0.2961736536074443,0.36580073914160716,0.2318518519423755,2114
481,4,evaluate,3.444631963968277,0.5561936013125512,0.17813895826562023,0.35925567423230975,0.15384122688193863,1219
481,5,evaluate,2.6988709015505656,0.636466591166478,0.26640451076011995,0.2847488331442634,0.21892409355562809,1766
482,0,evaluate,4.133994062741597,0.4654255319148936,0.3971977943540963,0.31410104011870504,0.3317896392881538,1128
482,1,evaluate,2.7829585330826894,0.578708946772367,0.26792802332879606,0.26786355159783193,0.208179840953584,1766
482,2,evaluate,3.658358871936798,0.4922067268252666,0.18381703923537157,0.40236181575433905,0.15359089197656586,1219
482,3,evaluate,3.2212014058057,0.5851466414380322,0.2998706055649271,0.4137773264807623,0.27716564901842367,2114
482,4,evaluate,4.585149497696848,0.4163048721659431,0.33560382821872,0.2728815215556817,0.26457097189796763,2073
482,5,evaluate,3.4466551409827337,0.42420681551116335,0.22477983924113953,0.23232543031007724,0.1673020981488033,1702
483,0,evaluate,3.476961672306061,0.5340442986054142,0.18701888183475704,0.39586782376502005,0.16720108715509205,1219
483,1,evaluate,3.6424462265438504,0.5638297872340425,0.3879460390031397,0.37624183526090443,0.36247644721575367,1128
483,2,evaluate,4.2489839394887285,0.4867342016401351,0.33499795607660837,0.34140651055075255,0.2992541721745031,2073
483,3,evaluate,3.810789841062882,0.45789971617786185,0.29652328556303476,0.3550349645467186,0.23693782724766593,2114
483,4,evaluate,3.0224579657827104,0.5758776896942243,0.2686057524135327,0.2684265221825086,0.2068465236545037,1766
483,5,evaluate,3.677508318865741,0.38307873090481787,0.22670944291398837,0.19875270736262735,0.16208733467720396,1702
484,0,evaluate,3.5986411333084107,0.5012305168170632,0.19049811119665605,0.40364686248331105,0.1570075424397129,1219
484,1,evaluate,3.9552171892589993,0.5150709219858156,0.3992149455635524,0.34794697590064866,0.3528484720921772,1128
484,2,evaluate,3.3634289812158653,0.4206815511163337,0.22287682196530278,0.24212344576035286,0.1681243778979403,1702
484,3,evaluate,3.2470841267529655,0.5591296121097445,0.29653822781189954,0.41381068730887893,0.27021384317312025,2114
484,4,evaluate,4.590281659906561,0.41582247949831164,0.33151266284647446,0.2802162649688974,0.26586218674582174,2073
484,5,evaluate,2.564897515944072,0.60079275198188,0.2662091108381627,0.2726429269813613,0.21164545965148457,1766
485,0,evaluate,3.657389932208591,0.5585106382978723,0.40127113764878447,0.3784832567152341,0.36975568825119415,1128
485,1,evaluate,3.739923596382141,0.5192780968006563,0.18880152537019493,0.41145260347129503,0.16429336199995864,1219
485,2,evaluate,2.579518743923732,0.6274065685164213,0.26587661239111726,0.2821656711343312,0.21855585911592673,1766
485,3,evaluate,4.203077829245365,0.477086348287506,0.33511036361882357,0.3321978226056448,0.295048200002201,2073
485,4,evaluate,3.610154699396204,0.39482961222091656,0.22273601479769614,0.22413485272275765,0.16037897236650409,1702
485,5,evaluate,3.565530471942004,0.5089877010406811,0.29459440591430835,0.3672293684517916,0.25418175334079307,2114
486,0,evaluate,3.3409413516521456,0.5512715340442986,0.1916521201651758,0.4161775700934579,0.17142613817743724,1219
486,1,evaluate,3.310324812636656,0.543046357615894,0.2990021388371181,0.39267543992589193,0.26558415222720766,2114
486,2,evaluate,4.181596398353577,0.5212765957446809,0.397594448435638,0.3645108420806694,0.3543813297593741,1128
486,3,evaluate,4.698223135688088,0.4491075735648818,0.3412575170917861,0.3163691264443395,0.28256459766651143,2073
486,4,evaluate,2.618250455175127,0.6313703284258211,0.26552501588164557,0.2837360740490534,0.219602472310435,1766
486,5,evaluate,3.531296933138812,0.4018801410105758,0.22815771753116784,0.2345132823782262,0.16843550420433318,1702
487,0,evaluate,3.6099615980077675,0.40305522914218567,0.22838016976930428,0.23883829600019563,0.1688403242307262,1702
487,1,evaluate,3.613557481765747,0.5406070549630845,0.1893905579582426,0.41465887850467287,0.1684356712852773,1219
487,2,evaluate,3.793893151813083,0.550531914893617,0.39804929191604116,0.37520598171835895,0.36608390229752474,1128
487,3,evaluate,2.779904599700655,0.6177802944507361,0.27111613101188625,0.27889223651804584,0.21724072837744307,1766
487,4,evaluate,3.4800560965257534,0.5165562913907285,0.3009729574076322,0.3978478485983007,0.2612738239844282,2114
487,5,evaluate,4.392610903942224,0.4630969609261939,0.3346960286463705,0.32689610795911983,0.2901231607421201,2073
488,0,evaluate,2.55466975910323,0.652321630804077,0.2707350955545139,0.2860882606160398,0.22260747317101193,1766
488,1,evaluate,3.2551093031378353,0.5572374645222328,0.3019266435055511,0.3979865101664378,0.2728134390421867,2114
488,2,evaluate,3.506667658134743,0.4112808460634548,0.22429429381462213,0.22912142919793577,0.16691652858834619,1702
488,3,evaluate,3.6528910875320433,0.5258408531583265,0.19045460090448546,0.41120493991989315,0.16480523297401536,1219
488,4,evaluate,4.015417721536425,0.5132978723404256,0.3945070848002176,0.3388581517513894,0.3493302853983249,1128
488,5,evaluate,4.574431982907382,0.4240231548480463,0.3291035836553186,0.289186214318673,0.2731102875155861,2073
489,0,evaluate,3.698152528868781,0.5549645390070922,0.39854718064217626,0.374628308785523,0.36518586875228554,1128
489,1,evaluate,3.6781332757737903,0.3983548766157462,0.22432409738091924,0.25325616756792463,0.16429652282102142,1702
489,2,evaluate,4.330194335995299,0.47901591895803186,0.3298394085066061,0.3326005407670124,0.2921822012631261,2073
489,3,evaluate,3.6352142870426176,0.5365053322395406,0.1863950699286548,0.41525700934579435,0.16658475603665635,1219
489,4,evaluate,3.5408345601137947,0.5260170293282876,0.30489461854606376,0.3675659307702707,0.2620609253574524,2114
489,5,evaluate,2.8688845804759433,0.5906002265005662,0.2693025310722389,0.27398318709128666,0.2130997628608442,1766
490,0,evaluate,3.68556167461254,0.3971797884841363,0.22879948020637902,0.2453299506202847,0.16792416742654964,1702
490,1,evaluate,4.039880792299907,0.5115248226950354,0.3952004896833871,0.35253590723342326,0.35093075308305366,1128
490,2,evaluate,3.6441152453422547,0.51681706316653,0.19151435379056864,0.4083998664886515,0.16616496245423246,1219
490,3,evaluate,2.5471822576863423,0.6545866364665912,0.2667552135713488,0.2857833947696887,0.22022539193357699,1766
490,4,evaluate,4.7050104719219785,0.41341051616015434,0.3343781035090393,0.2958763530654722,0.2710509875129522,2073
490,5,evaluate,3.3975315584855923,0.5567644276253548,0.2945609316275655,0.3958894207058764,0.26716534150358706,2114
491,0,evaluate,3.974012863636017,0.5127153404429861,0.18840536915153835,0.41051802403204274,0.1638609341800284,1219
491,1,evaluate,3.814622984992133,0.5514184397163121,0.3963730399165295,0.3742540048148875,0.3597233214890502,1128
491,2,evaluate,3.008557919945036,0.5662514156285391,0.2704186257520401,0.2707061046972421,0.21122186848595673,1766
491,3,evaluate,3.759333039031309,0.5004730368968779,0.3060747347688101,0.3557087388443627,0.2543024137816373,2114
491,4,evaluate,4.3849114432479395,0.4857694163048722,0.3263888077334269,0.31958583099816595,0.2893742654336391,2073
491,5,evaluate,3.5927575164371066,0.41774383078730903,0.22248203926283497,0.26012870282476885,0.1669294724964969,1702
492,0,evaluate,4.184636765056187,0.4929078014184397,0.39073202735658014,0.33868983791193086,0.3398838075156102,1128
492,1,evaluate,3.410824728012085,0.5512715340442986,0.19193910291097538,0.41516421895861144,0.17085666247787273,1219
492,2,evaluate,2.715401087488447,0.6268403171007928,0.26464023319351715,0.27578710138056267,0.21202266265956302,1766
492,3,evaluate,3.044491939684924,0.6083254493850521,0.303054899817596,0.43496609939105413,0.2864330917122201,2114
492,4,evaluate,4.876654177001028,0.4071394114809455,0.3405378298977119,0.2690081594636166,0.2668729810227043,2073
492,5,evaluate,4.089440177988123,0.3490011750881316,0.23131009475867215,0.20717537955691223,0.15354008623276127,1702
493,0,evaluate,4.078239667415619,0.4831829368334701,0.19892614450019383,0.4054679572763685,0.17575692931648398,1219
493,1,evaluate,3.2515449259016247,0.46474735605170386,0.22756897075866397,0.2715367114357757,0.1844438270515172,1702
493,2,evaluate,3.7931644916534424,0.5602836879432624,0.4017000524491833,0.3799999669434481,0.36539865306637304,1128
493,3,evaluate,4.304105296279445,0.4843222383019778,0.3292208882193747,0.30940040074880454,0.29284161235504763,2073
493,4,evaluate,3.3342541541372026,0.5283125707814269,0.2668412812552314,0.26322462407166614,0.20099421616969307,1766
493,5,evaluate,4.146074133760789,0.45269631031220436,0.308974415452444,0.34339153766911457,0.2393604271346438,2114
494,0,evaluate,4.398608220948113,0.4778368794326241,0.3938558987812817,0.33510240406821384,0.3352643090798956,1128
494,1,evaluate,3.3398458421230317,0.5471698113207547,0.1903334480939519,0.41677570093457944,0.1739247311827957,1219
494,2,evaluate,2.487339879785265,0.6613816534541337,0.26470399223273244,0.2861520434404773,0.22003090788371032,1766
494,3,evaluate,4.141428912127459,0.3190364277320799,0.22603679443998628,0.2222702692411611,0.14730456145397747,1702
494,4,evaluate,3.2858605945811554,0.5785241248817408,0.29514978200447006,0.41301570637465757,0.27314041021009816,2114
494,5,evaluate,4.84038537198847,0.4206464061746261,0.33659290726699687,0.2887465610234288,0.2683617423000969,2073
495,0,evaluate,3.175546739782606,0.5498301245753114,0.2680201373721923,0.26689036338136196,0.20631669643717912,1766
495,1,evaluate,3.708385427792867,0.5567375886524822,0.39842507880088096,0.3809048556808683,0.3645544923981269,1128
495,2,evaluate,3.8135360360145567,0.5102543068088597,0.20086790783015052,0.40729639519359145,0.1770523429514899,1219
495,3,evaluate,3.3369405799441867,0.4518213866039953,0.22719141176669252,0.26772408748011145,0.18048581545334252,1702
495,4,evaluate,4.0288483325172875,0.4574266792809839,0.30152911264585935,0.3508201957126008,0.2394080914647369,2114
495,5,evaluate,4.32846687779282,0.48287506029908345,0.3352606391868433,0.3383407082174423,0.29670947328000075,2073
496,0,evaluate,2.456347099372319,0.67440543601359,0.26354655880069733,0.2908040357821508,0.22265302990955327,1766
496,1,evaluate,4.207985295189752,0.5097517730496454,0.40042176319528267,0.3640147709683247,0.3512306941223773,1128
496,2,evaluate,3.461213742985445,0.5567644276253548,0.2965318340720837,0.4080782558675867,0.2706943301987634,2114
496,3,evaluate,3.6251330375671387,0.5266611977030353,0.1919775337319155,0.4128417890520694,0.17079187016687017,1219
496,4,evaluate,4.665149262457183,0.44187168355041,0.3355898527011488,0.2987317877861919,0.2755628116725224,2073
496,5,evaluate,4.290581155706335,0.3119858989424207,0.2250986171613131,0.2261976679455929,0.14462204078702118,1702
497,0,evaluate,3.792356264591217,0.5036915504511895,0.19017775095175313,0.4053484646194926,0.1643901207002939,1219
497,1,evaluate,3.8779108126958213,0.5558510638297872,0.4000097391370764,0.37943069099428656,0.3666262826360246,1128
497,2,evaluate,3.246046543121338,0.4594594594594595,0.2245557314961432,0.2616020987139328,0.17845062507427015,1702
497,3,evaluate,4.652509544834946,0.447178002894356,0.3325798336228019,0.3271484596058388,0.28563798965018117,2073
497,4,evaluate,3.0756404186998094,0.5730464326160816,0.26801963762261355,0.2705211331352627,0.20909055881998037,1766
497,5,evaluate,3.6385798804900227,0.5132450331125827,0.3054657095970005,0.37404981190062564,0.25875501411800117,2114
498,0,evaluate,3.5398221969604493,0.5373256767842494,0.1899367438686324,0.41334712950600794,0.16971150644379537,1219
498,1,evaluate,4.528106841174039,0.45875542691751087,0.3347958604287832,0.30227865807006704,0.27742324017981684,2073
498,2,evaluate,2.4909078563962663,0.6313703284258211,0.2659605002222864,0.28029321190377887,0.21715364999730197,1766
498,3,evaluate,4.093871686193678,0.4867021276595745,0.3938916856564615,0.3423265813269406,0.3397543303662302,1128
498,4,evaluate,4.297285424338447,0.3225616921269095,0.224981322430247,0.23542455715977892,0.14580935334440984,1702
498,5,evaluate,3.456319419776692,0.5700094607379376,0.29234703115845795,0.39526487324317344,0.2685227496793886,2114
499,0,evaluate,3.9234678030014036,0.5036915504511895,0.18266909310800566,0.3372710280373832,0.1476266827548871,1219
499,1,evaluate,3.448144929749625,0.5260475651189128,0.2655209211608076,0.25983353818350785,0.1968346129388371,1766
499,2,evaluate,4.4687432953805635,0.46406174626145685,0.3308340232400174,0.3348980755812613,0.2918453995935943,2073
499,3,evaluate,3.263798219186288,0.46298472385428907,0.22617546701234784,0.2506235045182117,0.17995503880411193,1702
499,4,evaluate,3.691309266620212,0.5771276595744681,0.3963612393883906,0.38795733458252407,0.37229592805772826,1128
499,5,evaluate,3.9657911588163937,0.47587511825922424,0.311431232378626,0.3422220163883817,0.24668865950034308,2114
