round,client_id,phase,loss,accuracy,precision,recall,f1,num_examples
0,0,evaluate,2.243856765605785,0.21115776844631073,0.2128537270903239,0.2061773486979453,0.17058043263573391,1667
0,1,evaluate,2.234913640552097,0.1967606478704259,0.20582485521634766,0.1997293164940192,0.16408078977604607,1667
0,2,evaluate,2.2441592393098055,0.22315536892621476,0.239371507597326,0.22420448754117653,0.18479324378542297,1667
0,3,evaluate,2.245359323642872,0.22435512897420515,0.22008977999525037,0.22014388413865768,0.1797829097053636,1667
0,4,evaluate,2.238030195236206,0.21835632873425315,0.22474424452873532,0.23132024840009963,0.18139116473941766,1667
0,5,evaluate,2.236687077416314,0.21835632873425315,0.20651760090137944,0.2101191349616557,0.17255380393445818,1667
1,0,evaluate,1.9720393110204626,0.2969406118776245,0.2773508168028821,0.29010216822864365,0.2544418880791057,1667
1,1,evaluate,1.9765827744095414,0.27834433113377327,0.25838111586739354,0.28335116895861623,0.24314802418559583,1667
1,2,evaluate,1.9491343409926802,0.29214157168566285,0.2674177467785609,0.2850823867262556,0.24577222551924677,1667
1,3,evaluate,1.989389348913122,0.28794241151769645,0.26785884308050323,0.287859404428263,0.24484966187442544,1667
1,4,evaluate,1.9487957292132907,0.27174565086982605,0.2651776535563421,0.2848406645979883,0.23537611346771511,1667
1,5,evaluate,1.942470254721465,0.27834433113377327,0.22608609407093386,0.27372785265037364,0.23517439845909185,1667
2,0,evaluate,1.7945735410407737,0.33713257348530296,0.3202645917338715,0.3298310878763452,0.3058618876108675,1667
2,1,evaluate,1.780351996421814,0.34253149370125974,0.3267960009876438,0.3472113091243452,0.317634940943528,1667
2,2,evaluate,1.827747967508104,0.3587282543491302,0.3546839068719186,0.35465011954279063,0.3313346485881565,1667
2,3,evaluate,1.7919433425973963,0.3359328134373125,0.3127119804879683,0.3288565577765607,0.30497513277793564,1667
2,4,evaluate,1.8170831909886114,0.33713257348530296,0.31930489641484516,0.3400744727993972,0.312152008433327,1667
2,5,evaluate,1.8240702505464907,0.33713257348530296,0.3328064250933185,0.33861539198913826,0.3140989045371808,1667
3,0,evaluate,1.6690523580268577,0.382123575284943,0.37121424598277186,0.3754841684048285,0.35800474649518416,1667
3,1,evaluate,1.6616858111487494,0.3863227354529094,0.39027928411042623,0.39078228729621006,0.368215719534103,1667
3,2,evaluate,1.7092981073591444,0.40191961607678467,0.3942937629941479,0.39422567976847667,0.3790342951033603,1667
3,3,evaluate,1.700466690240083,0.3809238152369526,0.37915573645344175,0.3866616687132695,0.3625169184722325,1667
3,4,evaluate,1.68385084911629,0.38392321535692864,0.36797411501007976,0.3761386041787625,0.3543977486818737,1667
3,5,evaluate,1.6909074209354542,0.3905218956208758,0.3900169916520382,0.3922268809792623,0.372250277666097,1667
4,0,evaluate,1.5869841752228913,0.41091781643671266,0.40464193950723004,0.4129553528455296,0.3974243198871675,1667
4,1,evaluate,1.5589384856047455,0.4205158968206359,0.4212550251078818,0.41237281781018187,0.4031112992847645,1667
4,2,evaluate,1.5824906826019287,0.4253149370125975,0.42363706530152656,0.4187100820224411,0.40653095914223414,1667
4,3,evaluate,1.6321786421316642,0.41871625674865026,0.4199961223061065,0.4140278121561109,0.4009312469434563,1667
4,4,evaluate,1.5543611071727894,0.41271745650869823,0.4220678685264699,0.41983881523590727,0.4021019573925485,1667
4,5,evaluate,1.6104255031656336,0.4055188962207559,0.4080061555433949,0.408907172610247,0.39131325518994603,1667
5,0,evaluate,1.5393576136341802,0.4553089382123575,0.44574664163595257,0.44981120886204823,0.4397903000950346,1667
5,1,evaluate,1.5335782324826275,0.4361127774445111,0.42946482628315963,0.4397280228745628,0.426461860000675,1667
5,2,evaluate,1.5009903422108404,0.45350929814037194,0.44652711063529404,0.4471179044371338,0.43765407414538193,1667
5,3,evaluate,1.4879217942555745,0.4505098980203959,0.44685046050270694,0.4524093877480574,0.44175793908066474,1667
5,4,evaluate,1.4756206296108387,0.46370725854829037,0.4657368233995157,0.46970251464687324,0.45459137819201684,1667
5,5,evaluate,1.46627441600517,0.46370725854829037,0.4578190700496655,0.4572798295137018,0.4488414215083491,1667
6,0,evaluate,1.4951613125977692,0.4487102579484103,0.44389145254004364,0.45428558415951575,0.4390531879454536,1667
6,1,evaluate,1.4450962322729606,0.4709058188362327,0.45699210377628885,0.46176236500125417,0.45164911631772736,1667
6,2,evaluate,1.5009628578468606,0.4709058188362327,0.46747817008038706,0.4647644879965793,0.45447656757537425,1667
6,3,evaluate,1.4420379709314417,0.47570485902819437,0.4763325650975547,0.4744498502549514,0.4660489557828476,1667
6,4,evaluate,1.4146521047309593,0.48470305938812236,0.48224100415965665,0.47818370060213233,0.46751743279172153,1667
6,5,evaluate,1.433244480027093,0.46970605878824234,0.4756006787020257,0.479957082705565,0.46224063851642344,1667
7,0,evaluate,1.394854978278831,0.47270545890821836,0.4791597783731777,0.4766900520659713,0.4632706562229677,1667
7,1,evaluate,1.469787840489988,0.48410317936412717,0.48817692388488076,0.4824118434586648,0.46905605173248766,1667
7,2,evaluate,1.4182141533604375,0.48050389922015596,0.4810285874788732,0.48041840172446737,0.4707339245091102,1667
7,3,evaluate,1.4610107121644196,0.4517096580683863,0.4505465315011463,0.4574430741117676,0.437445130037902,1667
7,4,evaluate,1.4286271377846047,0.4823035392921416,0.4855949029173009,0.4774243765082741,0.46452582647892554,1667
7,5,evaluate,1.3816247979799907,0.5002999400119976,0.4975992379544227,0.49465249326047633,0.483339774321254,1667
8,0,evaluate,1.3619857320079096,0.504499100179964,0.5002644817837122,0.5050701327608124,0.4971276327461064,1667
8,1,evaluate,1.318958694184268,0.5146970605878824,0.5055165854690838,0.510318726160299,0.5026178998622692,1667
8,2,evaluate,1.3590121180922896,0.495500899820036,0.48364397748536403,0.4889994050188056,0.4805135063346101,1667
8,3,evaluate,1.4200472390210186,0.5056988602279544,0.4969759274542172,0.4994537554755613,0.4935174809941974,1667
8,4,evaluate,1.4068891648893003,0.4787042591481704,0.47330972121732556,0.48287292701380513,0.4715566193892111,1667
8,5,evaluate,1.344525123084033,0.5026994601079784,0.4996755421970164,0.5066115000540417,0.49594883960781944,1667
9,0,evaluate,1.3878593312369452,0.49250149970005996,0.49347428599932436,0.4988764082538033,0.4851062669071825,1667
9,1,evaluate,1.2919645099728196,0.5278944211157769,0.5248695724608791,0.5220158766229643,0.5134837418018338,1667
9,2,evaluate,1.3262802759806316,0.5116976604679064,0.5198672805037258,0.5201242202340328,0.5077653089274682,1667
9,3,evaluate,1.3333457840813532,0.5134973005398921,0.5027542786641049,0.5046373675892062,0.4965589134835676,1667
9,4,evaluate,1.3418023674576371,0.510497900419916,0.5106319265404619,0.5095235181955307,0.49858145760381056,1667
9,5,evaluate,1.3965947451414886,0.5110977804439112,0.5028186742210242,0.5021906540857233,0.49300888354068223,1667
10,0,evaluate,1.3245483107037015,0.528494301139772,0.5259896440332072,0.529088759547554,0.5259161620450093,1667
10,1,evaluate,1.360529965824551,0.5206958608278345,0.5209871305141458,0.5240254823230843,0.5186452259752372,1667
10,2,evaluate,1.3619473863531042,0.5248950209958009,0.5223390222402344,0.5203149504430021,0.5162681576345743,1667
10,3,evaluate,1.2765697660269562,0.5404919016196761,0.5332554391461597,0.5353131448147695,0.5316309137437102,1667
10,4,evaluate,1.2985430845507868,0.5302939412117577,0.5326020106779418,0.5368951610822144,0.5289199126424724,1667
10,5,evaluate,1.305033928818173,0.5338932213557288,0.527953470917322,0.5277081202899386,0.5229722934254213,1667
11,0,evaluate,1.238443159946689,0.5488902219556089,0.5421279106023628,0.5436883264708011,0.5398392729037406,1667
11,1,evaluate,1.2981352143817477,0.5308938212357528,0.5289621409156309,0.5317937742584797,0.5266008700536721,1667
11,2,evaluate,1.2717890408304002,0.5332933413317337,0.5338731742152196,0.5413481873652852,0.5310968684540257,1667
11,3,evaluate,1.3286576822951988,0.5260947810437913,0.5233683439818434,0.5304896961761532,0.5237512293037156,1667
11,4,evaluate,1.2758039699660406,0.5500899820035993,0.5402201001513527,0.5436310401293829,0.5391238157491426,1667
11,5,evaluate,1.3229861634748954,0.5464907018596281,0.5380584927186669,0.5391626975616644,0.5361089054287198,1667
12,0,evaluate,1.234839106047595,0.5626874625074985,0.5505240792939812,0.5543148459395371,0.5494044029534575,1667
12,1,evaluate,1.2030918581618204,0.5626874625074985,0.5532430403961694,0.5573700879675926,0.5520221095424922,1667
12,2,evaluate,1.26603987481859,0.5476904619076185,0.5436342395720903,0.5488091714364952,0.5429670034540407,1667
12,3,evaluate,1.2932616715078,0.5368926214757048,0.5331538042475195,0.540700295483399,0.532380839318417,1667
12,4,evaluate,1.284754095254121,0.5488902219556089,0.5362055642456744,0.5421967393540962,0.5361753302394636,1667
12,5,evaluate,1.2455122272173564,0.5464907018596281,0.5441599212087824,0.5535091891378713,0.5426381631674186,1667
13,0,evaluate,1.2720193509702329,0.5500899820035993,0.5449698121801502,0.5451328794235287,0.54068142521055,1667
13,1,evaluate,1.1983821198896125,0.563887222555489,0.5565673336746554,0.5585285100836824,0.5536049469641814,1667
13,2,evaluate,1.224085944670218,0.5662867426514697,0.5571793302944429,0.5583914727068948,0.55397442725549,1667
13,3,evaluate,1.231255261986344,0.5470905818836233,0.5542048591553861,0.5553940807282116,0.5459247395860891,1667
13,4,evaluate,1.2804005918679413,0.5338932213557288,0.5344412610701844,0.5375638856675653,0.5312740491115623,1667
13,5,evaluate,1.253784524069892,0.5578884223155369,0.5568839861583041,0.5584706855955457,0.5544613719091261,1667
14,0,evaluate,1.2145064605606928,0.5608878224355129,0.5644231390468797,0.5660964847493899,0.5583241548212572,1667
14,1,evaluate,1.241727230725465,0.5632873425314937,0.5644249109121634,0.5633087181760367,0.5600373407450431,1667
14,2,evaluate,1.1847804729585294,0.5668866226754649,0.5598816013647422,0.5633108307670185,0.5570017995124372,1667
14,3,evaluate,1.25825536692584,0.5632873425314937,0.5589568995656886,0.5609646237484158,0.554057390886358,1667
14,4,evaluate,1.2104497529842235,0.5752849430113978,0.5631157148079933,0.5671023532577524,0.5608701577306189,1667
14,5,evaluate,1.2603975556514881,0.5422915416916617,0.5428885690919908,0.5448068101873066,0.5393001079717223,1667
15,0,evaluate,1.238765901989407,0.555488902219556,0.5574280083061451,0.5571811731749472,0.5550230440749185,1667
15,1,evaluate,1.2196162541707356,0.5806838632273545,0.5789199163527899,0.5812574845163615,0.5790975105439659,1667
15,2,evaluate,1.1900632160681266,0.5824835032993402,0.5752022821519407,0.5754214970702478,0.5722613520798165,1667
15,3,evaluate,1.1843216330916793,0.5788842231553689,0.5820331464371068,0.5841653070731658,0.5786295947041199,1667
15,4,evaluate,1.1646956321265962,0.5806838632273545,0.5738886650101818,0.5761558910984074,0.5728746557144906,1667
15,5,evaluate,1.2318583771034524,0.5788842231553689,0.5745746650413874,0.5751537819277024,0.5715239042331818,1667
16,0,evaluate,1.1523508799296838,0.5752849430113978,0.5721491779021352,0.5714843440985062,0.5695734747815899,1667
16,1,evaluate,1.2187862815680328,0.5728854229154169,0.5752709184851809,0.5738379642505302,0.5725510571007707,1667
16,2,evaluate,1.2179238244339272,0.563887222555489,0.5688324570902183,0.5666874552119229,0.5648631992806704,1667
16,3,evaluate,1.180293928693842,0.5806838632273545,0.5823891088698687,0.5869839331027109,0.5822393104165258,1667
16,4,evaluate,1.2020356390211318,0.5728854229154169,0.5736139421796054,0.5686076056206729,0.5683548657853463,1667
16,5,evaluate,1.1908090379503038,0.5776844631073785,0.5718394759548378,0.572298023773202,0.5692194786437069,1667
17,0,evaluate,1.1734188243194863,0.5884823035392921,0.5842622408182748,0.5844739686491428,0.5797064935038925,1667
17,1,evaluate,1.1771479138621577,0.5860827834433113,0.5793560783827234,0.5803096523163069,0.5773115274369861,1667
17,2,evaluate,1.1993262127593711,0.5680863827234554,0.5656644919534732,0.5721039418438176,0.5661594314730202,1667
17,3,evaluate,1.134479302223082,0.5812837432513497,0.5735367755483015,0.576247321467599,0.5732421534109933,1667
17,4,evaluate,1.1574519519452695,0.5884823035392921,0.5871081250306784,0.5945143879241768,0.5877864515397702,1667
17,5,evaluate,1.2071287631988525,0.5806838632273545,0.5807152802562283,0.5821511703850428,0.5785830389213247,1667
18,0,evaluate,1.1754960748884413,0.584883023395321,0.5799124474195445,0.5822441085351026,0.5773612108435657,1667
18,1,evaluate,1.135902424653371,0.5980803839232154,0.5981786126034967,0.6028636244058335,0.597364462246281,1667
18,2,evaluate,1.1795087611233745,0.5776844631073785,0.5785241176737163,0.5791487687882239,0.5765362223773449,1667
18,3,evaluate,1.1177554519640074,0.5920815836832634,0.5848072237855698,0.5886342473497792,0.5844688750566795,1667
18,4,evaluate,1.189791496153231,0.5800839832033593,0.5794812930166116,0.5810463593120834,0.5783457819754926,1667
18,5,evaluate,1.1545889333442405,0.5962807438512298,0.5907015542163196,0.5906632936660111,0.5870331637472781,1667
19,0,evaluate,1.132658322652181,0.5980803839232154,0.5972747542399051,0.6021437944590893,0.598119630165918,1667
19,1,evaluate,1.1191337125168905,0.593881223755249,0.587904864404259,0.5905369356011833,0.5868907776186284,1667
19,2,evaluate,1.1744535852361608,0.5794841031793642,0.5830696285111513,0.5805047212682596,0.5803778655683092,1667
19,3,evaluate,1.1814494574511494,0.5890821835632873,0.5915185694005846,0.5902506610717322,0.5897603752885113,1667
19,4,evaluate,1.1548079737910517,0.5998800239952009,0.5979840450092558,0.5945487188033624,0.5928738497649992,1667
19,5,evaluate,1.157506783803304,0.5854829034193162,0.5847005816211859,0.5834631087376766,0.5804098334505997,1667
20,0,evaluate,1.1745822297202215,0.5686862627474505,0.5703955716036939,0.5715965632087594,0.5691595373152188,1667
20,1,evaluate,1.1156714337843436,0.590881823635273,0.5849989899518703,0.5875977238396844,0.5837360603015352,1667
20,2,evaluate,1.1291658304355763,0.5920815836832634,0.5927166356889179,0.5995405436458935,0.5928925534859169,1667
20,3,evaluate,1.1398560868369207,0.5998800239952009,0.6001698558752062,0.5958717625029973,0.5954367770971155,1667
20,4,evaluate,1.1450406401245683,0.6040791841631674,0.5979924784273722,0.5988153982953441,0.5955382354554108,1667
20,5,evaluate,1.1709137978377167,0.5956808638272345,0.598108248020554,0.5957770204442527,0.5946306252407105,1667
21,0,evaluate,1.0948993674031011,0.593881223755249,0.5856144240539102,0.5893582931741848,0.5848381872207199,1667
21,1,evaluate,1.1293626648408395,0.6052789442111578,0.598870598344744,0.6001998433325189,0.5954497768533183,1667
21,2,evaluate,1.109407992274673,0.6016796640671865,0.5980675075169787,0.6073222177024666,0.6006864768134405,1667
21,3,evaluate,1.161237272951338,0.6040791841631674,0.6034828005826054,0.6053492244993872,0.6018344022789341,1667
21,4,evaluate,1.1259251214839794,0.6076784643071386,0.5998732795190687,0.60314862934819,0.6003559981778714,1667
21,5,evaluate,1.1471380481013544,0.5854829034193162,0.583113979291224,0.5881317564244875,0.5840277313669696,1667
22,0,evaluate,1.143917198534365,0.5926814637072585,0.5911509302200428,0.59522393089853,0.5918550129957367,1667
22,1,evaluate,1.1586500075128343,0.6016796640671865,0.6042047705344263,0.6014069006466117,0.6008107022276449,1667
22,2,evaluate,1.0938269931960989,0.5998800239952009,0.5961751183873696,0.5972940265626429,0.5939564903707021,1667
22,3,evaluate,1.119926024366308,0.6130773845230953,0.6056682558018948,0.6092178696573456,0.6053922989570362,1667
22,4,evaluate,1.1081812138910647,0.6064787042591482,0.6032449794378739,0.6126346842171011,0.6053926325335188,1667
22,5,evaluate,1.1323022577497694,0.6058788242351529,0.6040199769377437,0.6020989322638864,0.600567014633943,1667
23,0,evaluate,1.081984502573808,0.6076784643071386,0.5992920505253154,0.602941332100394,0.5962067611988532,1667
23,1,evaluate,1.1138466397921245,0.6076784643071386,0.6031459832723056,0.6039505586624392,0.5999934215036437,1667
23,2,evaluate,1.1236059952665258,0.5926814637072585,0.5907195575009534,0.5944966034471088,0.5909332956134213,1667
23,3,evaluate,1.0969038826447945,0.608878224355129,0.6056819441229423,0.6141695635237918,0.6060092255851734,1667
23,4,evaluate,1.1423056280171429,0.6106778644271146,0.6116601412420979,0.6115233586967648,0.6089751350362272,1667
23,5,evaluate,1.1069549211749323,0.6082783443311338,0.6022738742670152,0.6029105143269224,0.599071772158343,1667
24,0,evaluate,1.140943423465446,0.5902819436112777,0.597668173061706,0.5931832943793596,0.5920006374898401,1667
24,1,evaluate,1.0977027901896723,0.6094781043791242,0.6067091606726558,0.6036927848196154,0.6015229364841473,1667
24,2,evaluate,1.0777979678025953,0.6058788242351529,0.6036437904009567,0.6020749032421965,0.5986673811753307,1667
24,3,evaluate,1.1195714297118011,0.6028794241151769,0.6086477426361945,0.6014829467588334,0.598177861585506,1667
24,4,evaluate,1.1387703992702343,0.6094781043791242,0.6121452286395048,0.6088937935490909,0.6084929420456966,1667
24,5,evaluate,1.1058222629405834,0.6052789442111578,0.6080824063848154,0.6110064633158574,0.6055043919982754,1667
25,0,evaluate,1.0929151398164254,0.6136772645470906,0.6099333652064896,0.6104313777899636,0.6050782852854486,1667
25,1,evaluate,1.086332047427142,0.6130773845230953,0.6111050249212248,0.6192726642216556,0.609991482606063,1667
25,2,evaluate,1.0609611038256574,0.6130773845230953,0.6014659713526455,0.6073966200239864,0.6003430523888753,1667
25,3,evaluate,1.1293296571131106,0.5920815836832634,0.5934925499309297,0.595819808429802,0.5900217873106037,1667
25,4,evaluate,1.1370811219568606,0.611877624475105,0.6084413480703955,0.6120703598603902,0.6071340219360724,1667
25,5,evaluate,1.0987796695144088,0.6136772645470906,0.6061568060819267,0.6073499704714873,0.6012502835479308,1667
26,0,evaluate,1.0899699109571952,0.614877024595081,0.6109899092103958,0.6108670933366296,0.6083139820971402,1667
26,1,evaluate,1.0848753253618877,0.6190761847630474,0.6135382633090003,0.61400262173325,0.6117465526407536,1667
26,2,evaluate,1.055280670799591,0.614877024595081,0.6094918901571955,0.6104865577733937,0.6075855476592223,1667
26,3,evaluate,1.1316591479160167,0.614877024595081,0.6165906931393912,0.6161862208800766,0.6142764462381476,1667
26,4,evaluate,1.1117858445202862,0.5962807438512298,0.597903742340786,0.5977152446455715,0.5966425005309726,1667
26,5,evaluate,1.0807688589449282,0.6106778644271146,0.6099538665213121,0.6174238006235317,0.6108218953128282,1667
27,0,evaluate,1.052070934187483,0.6190761847630474,0.6183881660574861,0.6148555338308891,0.6139828037730239,1667
27,1,evaluate,1.0877542738561277,0.6124775044991002,0.6100530226582688,0.6087146780055973,0.6053922177575588,1667
27,2,evaluate,1.1264441366548892,0.6028794241151769,0.607310098632554,0.6066823175564371,0.6040388156785166,1667
27,3,evaluate,1.1038074714166146,0.626874625074985,0.6291334649531117,0.6225149102196361,0.6225051464820698,1667
27,4,evaluate,1.1317466055905376,0.6166766646670666,0.6238106893668025,0.6165813780060994,0.6165707995304941,1667
27,5,evaluate,1.0815601724165458,0.617876424715057,0.6199215846355336,0.625236977713273,0.6184722932677411,1667
28,0,evaluate,1.0642139933727406,0.6130773845230953,0.6086403996810116,0.608830338332645,0.6035489040440604,1667
28,1,evaluate,1.0821749877046656,0.6160767846430714,0.6135779407537256,0.6212830836330417,0.6135947192216802,1667
28,2,evaluate,1.0959898211337902,0.614877024595081,0.6127108156955418,0.6090797669020576,0.6041611316548675,1667
28,3,evaluate,1.1188514872833535,0.593881223755249,0.5967647550656192,0.5952541457467427,0.5920658408061357,1667
28,4,evaluate,1.1271763841311138,0.6250749850029994,0.626224500588312,0.6255090935365865,0.6233416314114713,1667
28,5,evaluate,1.0965049597952101,0.6124775044991002,0.6130996343129971,0.6104192038526687,0.6058125301676811,1667
29,0,evaluate,1.0989029628259164,0.5962807438512298,0.5909730953786345,0.5983381936261092,0.5927331724830014,1667
29,1,evaluate,1.0465156424928594,0.626874625074985,0.6173059413213482,0.6221296239717866,0.6164553242853312,1667
29,2,evaluate,1.0773356777650338,0.6196760647870426,0.6134022659182313,0.6256613432273103,0.616097246637248,1667
29,3,evaluate,1.110377671541991,0.6196760647870426,0.6175937666652173,0.6201577570643629,0.6161391410879029,1667
29,4,evaluate,1.089935287281319,0.623875224955009,0.6145194755701362,0.6187613062477758,0.6146037491929384,1667
29,5,evaluate,1.0673856757305287,0.6172765446910617,0.6087766307073703,0.6135457740409651,0.6078548959141201,1667
30,0,evaluate,1.069745006384673,0.6250749850029994,0.6266221768919517,0.6226171357882705,0.620549298633034,1667
30,1,evaluate,1.0925837457180023,0.6064787042591482,0.6118306679417888,0.6070368616164096,0.6076045330760073,1667
30,2,evaluate,1.0926261301393863,0.6256748650269947,0.6301522295283498,0.6277297587958751,0.6261119601969227,1667
30,3,evaluate,1.0564587182468839,0.6274745050989802,0.6310697641032562,0.6326300760121114,0.6287848627119296,1667
30,4,evaluate,1.0301039723886385,0.629874025194961,0.6262083603951855,0.6242557225418184,0.6224288142718452,1667
30,5,evaluate,1.0831596586439345,0.6166766646670666,0.6187049030712608,0.6119280170796564,0.6101032256264534,1667
31,0,evaluate,1.0681598451402452,0.6214757048590281,0.6250634430060481,0.6244022804789052,0.6226269348486844,1667
31,1,evaluate,1.069281143170816,0.6352729454109178,0.6379837874080512,0.6337031509635725,0.6315675784304303,1667
31,2,evaluate,1.0289540350161217,0.6226754649070186,0.6197478404110612,0.6177058138412709,0.6154389583400209,1667
31,3,evaluate,1.1199301724080686,0.6220755848830234,0.6258867420042983,0.6234455481700698,0.6211330856657749,1667
31,4,evaluate,1.0974246859550476,0.6082783443311338,0.6172036734577505,0.6093951596419825,0.6100192557702104,1667
31,5,evaluate,1.0789217684004042,0.623875224955009,0.6246004125344303,0.6182264579377684,0.6169596180406496,1667
32,0,evaluate,1.06938663676933,0.6202759448110378,0.6263204694325711,0.6275717504986137,0.6220021556189032,1667
32,1,evaluate,1.0621777839130826,0.6364727054589082,0.6409315285516326,0.6323414369955919,0.6321915478190835,1667
32,2,evaluate,1.1130992019618,0.6196760647870426,0.6271143605007005,0.6215461127782709,0.6208697720706536,1667
32,3,evaluate,1.0758995634538155,0.6184763047390522,0.6212349619147802,0.6141238588161358,0.6129732480082686,1667
32,4,evaluate,1.1002689489611872,0.6112777444511098,0.6155332794403676,0.6125856852616571,0.6118749259261084,1667
32,5,evaluate,1.0305434595103617,0.6256748650269947,0.6262763216342612,0.6206777190831607,0.6202624479018746,1667
33,0,evaluate,1.0309133463435702,0.6316736652669466,0.6263445297893943,0.6278790830804782,0.6251914770703313,1667
33,1,evaluate,1.0622985120172854,0.6328734253149371,0.6291044869132685,0.6279062418853499,0.6271177433838577,1667
33,2,evaluate,1.0995626990441922,0.614877024595081,0.6201096709412872,0.6166170540643356,0.6171126720021629,1667
33,3,evaluate,1.0906348405060944,0.6280743851229754,0.6278414057418924,0.6279966491520745,0.6266314326756864,1667
33,4,evaluate,1.0635685589578416,0.6322735452909418,0.6324342856096294,0.6306851807330848,0.6296357506410278,1667
33,5,evaluate,1.0626274700518008,0.620875824835033,0.6232136827672484,0.625368000914572,0.6214558841472976,1667
34,0,evaluate,1.0913781269832894,0.6124775044991002,0.6101420253210404,0.6140270241315597,0.611166489379183,1667
34,1,evaluate,1.0646918967918113,0.6250749850029994,0.6208531537523267,0.622780276413951,0.6191891732583465,1667
34,2,evaluate,1.0732385008423417,0.623875224955009,0.6203587543528375,0.6291042793125737,0.622427480945738,1667
34,3,evaluate,1.1175128199436046,0.6334733053389322,0.6339997763549624,0.6349275318137206,0.6331307734690306,1667
34,4,evaluate,1.0147477984428406,0.638872225554889,0.6301512573989346,0.6338887987595845,0.6312322526768128,1667
34,5,evaluate,1.0719270595797785,0.6190761847630474,0.6131214495486214,0.6149498387876552,0.6118583136921998,1667
35,0,evaluate,1.0648049579726324,0.620875824835033,0.6232811594683609,0.624780960952574,0.6214286224045164,1667
35,1,evaluate,1.074619096738321,0.6226754649070186,0.624995923252211,0.6198709120480482,0.6171452538630191,1667
35,2,evaluate,1.1058987334922508,0.6274745050989802,0.632521174184675,0.6295657002593507,0.6283192556260065,1667
35,3,evaluate,1.0975423808451052,0.6160767846430714,0.6179706341818523,0.6163004462715438,0.6153147962955142,1667
35,4,evaluate,1.0158382146446794,0.6370725854829035,0.6323446651406593,0.6322924534455661,0.6289711162299212,1667
35,5,evaluate,1.0643685592545404,0.6334733053389322,0.6315560823418943,0.6308632036962216,0.6278130483068043,1667
36,0,evaluate,1.0819617399462946,0.614877024595081,0.6111253036253596,0.6100171541243472,0.6072589530253841,1667
36,1,evaluate,1.1176366850181862,0.6328734253149371,0.634945422086805,0.6341509760969164,0.6317807886841084,1667
36,2,evaluate,1.0713165115427088,0.6352729454109178,0.6377163437295476,0.6339761884719846,0.6317859512993126,1667
36,3,evaluate,1.0698640589360837,0.6256748650269947,0.6257105228324946,0.6300146178939434,0.6248782126340771,1667
36,4,evaluate,1.1122893337850217,0.6106778644271146,0.6139224243936228,0.6129046376335153,0.6103187469379658,1667
36,5,evaluate,1.0184508697302253,0.6412717456508699,0.6365219892571471,0.6368619856612405,0.6351212999536819,1667
37,0,evaluate,1.1087545796676919,0.6328734253149371,0.638048031532302,0.6347489691675933,0.633964581331595,1667
37,1,evaluate,1.096355539781076,0.6184763047390522,0.6210890593677891,0.620099327053104,0.6192549889389503,1667
37,2,evaluate,1.0101071974193607,0.635872825434913,0.6317385911322203,0.6309358960150006,0.6296504911544405,1667
37,3,evaluate,1.0696304837862651,0.6340731853629274,0.6344153782002455,0.6311556904486092,0.6295029110792101,1667
37,4,evaluate,1.0580313051188435,0.6322735452909418,0.6323701452909759,0.6291650406794315,0.627906057698948,1667
37,5,evaluate,1.0715618552985016,0.623875224955009,0.6241653597246927,0.629964999084508,0.6250420832984978,1667
38,0,evaluate,1.0651906927426655,0.6256748650269947,0.6269356765393598,0.6317720549573437,0.6273171457314269,1667
38,1,evaluate,1.0966217672383343,0.617876424715057,0.6203693191954502,0.6187961556766781,0.6178836036576207,1667
38,2,evaluate,1.1056118563369468,0.6340731853629274,0.6424673264071852,0.6353564985656892,0.6357895867749412,1667
38,3,evaluate,1.0569280165213126,0.6334733053389322,0.6328034233048441,0.6281986728736884,0.628734189398938,1667
38,4,evaluate,1.0178146897642701,0.6406718656268746,0.6409940074847424,0.6375799499380668,0.63747491167509,1667
38,5,evaluate,1.067425802901939,0.6400719856028795,0.6388375947466429,0.636651349528267,0.634455605643092,1667
39,0,evaluate,1.1016418426125139,0.6286742651469706,0.6324108257537354,0.6291678246842445,0.6296235894897244,1667
39,1,evaluate,1.1012872038064179,0.6172765446910617,0.6215197318908301,0.6178047152693708,0.6187673762463648,1667
39,2,evaluate,1.07409444782469,0.6286742651469706,0.6277199070669414,0.634656668952811,0.6288078173056423,1667
39,3,evaluate,1.0651654556945518,0.6334733053389322,0.6318937995535626,0.6307385033613698,0.6293214001867639,1667
39,4,evaluate,1.018978045080547,0.6472705458908218,0.6433411061042908,0.643630817350125,0.6415230220823795,1667
39,5,evaluate,1.0638931305320174,0.6364727054589082,0.6336611553270278,0.6312578816950842,0.6308976585287002,1667
40,0,evaluate,1.0824294609052163,0.6232753449310138,0.6281117164307826,0.6243126826839668,0.6245760055796465,1667
40,1,evaluate,1.058089099548481,0.644871025794841,0.643652272633849,0.6411101078705601,0.6406923428863613,1667
40,2,evaluate,1.096471616515407,0.6310737852429514,0.6357679542696925,0.6326045128404699,0.6315854764707206,1667
40,3,evaluate,1.0161426788954824,0.6370725854829035,0.6345602190602425,0.6338753639006356,0.6322408676946079,1667
40,4,evaluate,1.0796586208873324,0.6328734253149371,0.6325772956269095,0.629210211536064,0.62751752053266,1667
40,5,evaluate,1.0622188669663888,0.6226754649070186,0.6243777390422526,0.6252788786722572,0.6239114557917695,1667
41,0,evaluate,1.0054879722495873,0.6490701859628074,0.6440648572793755,0.6439678003753648,0.6429175850724309,1667
41,1,evaluate,1.0588070970994454,0.6364727054589082,0.6332785905529021,0.6311767713244704,0.6304944285577908,1667
41,2,evaluate,1.0756532505706504,0.6202759448110378,0.618672993529751,0.6258264846042525,0.6204993958675635,1667
41,3,evaluate,1.0781249028665048,0.6382723455308938,0.6377168997456566,0.6360220241996613,0.6339668640915537,1667
41,4,evaluate,1.1096545921431646,0.6424715056988602,0.6430745618001342,0.6438253838325949,0.6422376987193448,1667
41,5,evaluate,1.108429147137536,0.6130773845230953,0.6124716902383994,0.6141897152640262,0.6117685387824903,1667
42,0,evaluate,1.0664130471370838,0.638872225554889,0.6389390503862776,0.6349431833030587,0.6324884335788932,1667
42,1,evaluate,1.0124180323823735,0.6382723455308938,0.6342268150123582,0.6336779344414775,0.6307992202533528,1667
42,2,evaluate,1.1192757421069675,0.6364727054589082,0.6392315379735056,0.6377835195770539,0.6365075355766046,1667
42,3,evaluate,1.1048149930106268,0.6154769046190762,0.6210265817240368,0.6160752405512807,0.6154535340470867,1667
42,4,evaluate,1.0829055419674627,0.638872225554889,0.6377859171952327,0.6369337987485104,0.6337382514600725,1667
42,5,evaluate,1.0685955992451421,0.6256748650269947,0.6268995184228381,0.6297978888808351,0.6250928861711276,1667
43,0,evaluate,1.0673761136002011,0.638872225554889,0.6410633185382718,0.6349463080135282,0.6358122844451933,1667
43,1,evaluate,1.1073428723547194,0.6370725854829035,0.6452394875739118,0.6390636232551976,0.6399640980338747,1667
43,2,evaluate,1.0026462155359763,0.6442711457708459,0.642110711211088,0.6401387823013479,0.6401849218166538,1667
43,3,evaluate,1.061335755719079,0.641871625674865,0.6416031385441407,0.6384194349599253,0.6389952271367523,1667
43,4,evaluate,1.1081407290917855,0.6220755848830234,0.6299645018133511,0.6232732443960987,0.625568367825596,1667
43,5,evaluate,1.068639428527267,0.6250749850029994,0.6292690648013688,0.6288628996716712,0.6285345525152815,1667
44,0,evaluate,1.1108240176130224,0.6244751049790042,0.6262514859686629,0.6255819282172017,0.622825507514977,1667
44,1,evaluate,1.0797149318235892,0.6406718656268746,0.6393200593753776,0.6379955218741064,0.6348421233880643,1667
44,2,evaluate,1.0929239016992074,0.620875824835033,0.6203319181996029,0.6245793973549053,0.6199416450487322,1667
44,3,evaluate,1.0269682357708614,0.6376724655068986,0.6346925146766623,0.6341004870403628,0.6315701160542464,1667
44,4,evaluate,1.118417784019753,0.635872825434913,0.6374954394275176,0.6373080296831402,0.6350754087936294,1667
44,5,evaluate,1.086489569257807,0.6226754649070186,0.6230061246165479,0.6179466386851626,0.6163910199355513,1667
45,0,evaluate,1.0679373255482427,0.6340731853629274,0.6328503538417206,0.6319611635187968,0.6293641093511925,1667
45,1,evaluate,1.0799663155167192,0.626874625074985,0.6277906535613349,0.6291611354243223,0.626513591614056,1667
45,2,evaluate,1.103530400329166,0.6442711457708459,0.6505255756937126,0.6460028176800848,0.6457282525791148,1667
45,3,evaluate,1.060662317055243,0.6334733053389322,0.6345167051477881,0.6293921990427782,0.6288042645765552,1667
45,4,evaluate,1.0125705505962725,0.6322735452909418,0.6317480538168502,0.6284367517865136,0.6265913245978749,1667
45,5,evaluate,1.1183641839910436,0.6160767846430714,0.6199734930115772,0.615829968500776,0.6157682545808524,1667
46,0,evaluate,1.0204893512030442,0.6442711457708459,0.6377719391090884,0.639987988184595,0.6357476151004334,1667
46,1,evaluate,1.0722608610435769,0.6412717456508699,0.6367148893077117,0.6385432068788855,0.635185384043345,1667
46,2,evaluate,1.119077585361622,0.6316736652669466,0.6280328282531242,0.6313147980254188,0.6276484401105182,1667
46,3,evaluate,1.09395405098244,0.6220755848830234,0.6199492437667357,0.6261615644857731,0.6197598070248647,1667
46,4,evaluate,1.109319187976696,0.6142771445710857,0.6163203636543335,0.6148340753748551,0.6137153130951173,1667
46,5,evaluate,1.0672966617125053,0.6346730653869226,0.6269211697561136,0.6268799264008043,0.6256600248450963,1667
47,0,evaluate,1.0817756752173107,0.6346730653869226,0.6287478469106033,0.6285148670439189,0.6278843085930383,1667
47,1,evaluate,1.1173718483359725,0.6286742651469706,0.6280096182233164,0.6292673416695391,0.6273597941163365,1667
47,2,evaluate,1.0685969215852242,0.6460707858428314,0.642730283318179,0.6435427784933898,0.6414210864366802,1667
47,3,evaluate,1.1011827566005565,0.6136772645470906,0.6149659152831527,0.6177450209973172,0.6139496756469607,1667
47,4,evaluate,1.1213908879845231,0.6214757048590281,0.6247088148932521,0.6225634177754372,0.6226302290569147,1667
47,5,evaluate,1.017626483200325,0.6466706658668266,0.6415084135487022,0.6426967561855552,0.6407694993407949,1667
48,0,evaluate,1.1287392488232366,0.6340731853629274,0.6353971501235447,0.6345746645214354,0.6336404035365,1667
48,1,evaluate,1.0208945473035176,0.6484703059388123,0.6447509343566122,0.6445512722178378,0.6426961067314598,1667
48,2,evaluate,1.0779638649136931,0.6310737852429514,0.627299549748021,0.6261581627810834,0.6254408544899949,1667
48,3,evaluate,1.1204944319195218,0.6154769046190762,0.6196992985842307,0.6172494697277618,0.6168541809497124,1667
48,4,evaluate,1.0936124170268025,0.6244751049790042,0.6240759748380788,0.6306076777857472,0.6236970160051489,1667
48,5,evaluate,1.076184372107188,0.6400719856028795,0.6384807998004329,0.6379106257668956,0.6352674608110177,1667
49,0,evaluate,1.0245154195775588,0.6400719856028795,0.6362320232546218,0.6358021448381723,0.634613717131163,1667
49,1,evaluate,1.1543884807162814,0.6382723455308938,0.6407438746261905,0.6393835459754084,0.6383369896335134,1667
49,2,evaluate,1.0732268139168069,0.6412717456508699,0.6356830907881215,0.6363343073694424,0.6347750063547667,1667
49,3,evaluate,1.1106161541408963,0.6316736652669466,0.6304926925938205,0.6381557733177636,0.6316498063000555,1667
49,4,evaluate,1.1152602831522624,0.6232753449310138,0.623864130515425,0.6246503001250014,0.6231529759430217,1667
49,5,evaluate,1.0744091327543612,0.6316736652669466,0.6269850363392386,0.627066636137626,0.6253288280496613,1667
50,0,evaluate,1.1239965955416362,0.6190761847630474,0.6168971754608086,0.6191742916898988,0.6162709480696303,1667
50,1,evaluate,1.0256318840094738,0.6370725854829035,0.6320235101385681,0.633245139010876,0.6299906259867243,1667
50,2,evaluate,1.0798023254783065,0.641871625674865,0.6352209308758019,0.6366220940714464,0.6343404712174653,1667
50,3,evaluate,1.1373926621896249,0.6430713857228554,0.6427280835104922,0.6442015793944764,0.6418430817890344,1667
50,4,evaluate,1.1095521339663752,0.6274745050989802,0.6240643276995297,0.6331364248688763,0.6258572047590516,1667
50,5,evaluate,1.0935455019827243,0.6352729454109178,0.6312360355360129,0.6304850357000087,0.628420645671482,1667
51,0,evaluate,1.1384493796913713,0.638872225554889,0.6450352730643504,0.6400357405691937,0.6402475509375296,1667
51,1,evaluate,1.1072340099899858,0.6364727054589082,0.6364076825395331,0.6331439961248483,0.6324842786356129,1667
51,2,evaluate,1.109332043815542,0.6316736652669466,0.6332078072711822,0.6285862453790249,0.6278438873279715,1667
51,3,evaluate,1.144700617701919,0.6220755848830234,0.6302382851085169,0.6227135580063081,0.6242058006073252,1667
51,4,evaluate,1.1145708583019398,0.6244751049790042,0.6256513831125741,0.6280554429151721,0.6259002632016003,1667
51,5,evaluate,1.0506152732090817,0.6370725854829035,0.6361301658017122,0.6343229622245976,0.633903968738316,1667
52,0,evaluate,1.1283637196929366,0.6262747450509898,0.6296919056844594,0.6267716722126374,0.6273800789215301,1667
52,1,evaluate,1.0206189983420901,0.6472705458908218,0.6465293533050122,0.6429690691612758,0.6430285967628798,1667
52,2,evaluate,1.09014125223513,0.6334733053389322,0.6381616429934662,0.6303606216220085,0.6306509216115679,1667
52,3,evaluate,1.1082181842238814,0.6232753449310138,0.6268785120355312,0.6286598564643209,0.6245471544229549,1667
52,4,evaluate,1.1563234947345875,0.6340731853629274,0.6393745157887668,0.6360178776786725,0.6354352801561346,1667
52,5,evaluate,1.0967949606754162,0.6394721055788842,0.6375730714929284,0.6346440507823965,0.63464391299327,1667
53,0,evaluate,1.1489881961433976,0.6142771445710857,0.6116370785691545,0.6155622935940022,0.6117375027384861,1667
53,1,evaluate,1.1074980210374903,0.6484703059388123,0.642348370480562,0.6444601224146467,0.6420420728306062,1667
53,2,evaluate,1.1142400657689129,0.6346730653869226,0.6299223086869322,0.6397004640108511,0.6319166174828285,1667
53,3,evaluate,1.04098556863351,0.6436712657468506,0.6369041259460122,0.6396170352357612,0.6366505551664877,1667
53,4,evaluate,1.0964687218268712,0.6340731853629274,0.6231232361622407,0.6267971055800465,0.624237344025244,1667
53,5,evaluate,1.1421984919795283,0.6328734253149371,0.6283398129469197,0.6336080493905805,0.6298915373558276,1667
54,0,evaluate,1.1146099247314312,0.6232753449310138,0.6194123347795961,0.6191492451593011,0.6178016271272048,1667
54,1,evaluate,1.0391565816200994,0.644871025794841,0.6424933963543382,0.6419344701981977,0.6404331349215909,1667
54,2,evaluate,1.1571098566055298,0.6226754649070186,0.6267628532063559,0.6237273442093312,0.6230685559193025,1667
54,3,evaluate,1.1176038185755413,0.6274745050989802,0.6263271017734621,0.6309044634469376,0.627508347887089,1667
54,4,evaluate,1.1546540039556998,0.635872825434913,0.638478607355613,0.6366429682064091,0.6365767505617811,1667
54,5,evaluate,1.1110787678647924,0.641871625674865,0.6384231075250826,0.6381744106184183,0.6367124694302366,1667
55,0,evaluate,1.1350832095852605,0.635872825434913,0.633277016058004,0.6400086864219994,0.6352125086092693,1667
55,1,evaluate,1.1059811821690313,0.641871625674865,0.6372593749496482,0.6386330513015094,0.636909669270316,1667
55,2,evaluate,1.154496877281754,0.6274745050989802,0.6271779859099479,0.6285459244100465,0.6264448857831689,1667
55,3,evaluate,1.1067239730446428,0.6334733053389322,0.6261024830878605,0.6278014878713727,0.6259977182052976,1667
55,4,evaluate,1.1465108593304951,0.6340731853629274,0.633292323766836,0.6350727589080679,0.6337791248311229,1667
55,5,evaluate,1.0509200536611456,0.6460707858428314,0.6403470145362842,0.6422602700016539,0.6403168433461776,1667
56,0,evaluate,1.1544752915700276,0.6382723455308938,0.6423206509031981,0.6421739079285766,0.6380830829724933,1667
56,1,evaluate,1.157859252558814,0.6280743851229754,0.6265115944201692,0.6249031857844757,0.6228341957253802,1667
56,2,evaluate,1.0636213503743488,0.6454709058188363,0.641377789612956,0.6404566136192594,0.6377911181894733,1667
56,3,evaluate,1.133722232999625,0.6244751049790042,0.6175382021222496,0.6171218273109094,0.6148996950370623,1667
56,4,evaluate,1.1845557027392917,0.617876424715057,0.6153520166280946,0.6186149353323136,0.6146277194612351,1667
56,5,evaluate,1.180616303726479,0.6154769046190762,0.6177663208548738,0.6164767544585854,0.6141233261082604,1667
57,0,evaluate,1.1685816866380196,0.6184763047390522,0.6213384057583881,0.6189174259485636,0.6187198978476679,1667
57,1,evaluate,1.1878961148085418,0.6292741451709658,0.6296753968009784,0.6304291822109753,0.6286685524380566,1667
57,2,evaluate,1.1482728211968034,0.6262747450509898,0.626489326145595,0.6304387221935847,0.6259798085818596,1667
57,3,evaluate,1.1257110820324332,0.6340731853629274,0.6312300627194338,0.6282025895068719,0.6281609276469846,1667
57,4,evaluate,1.1489085974516693,0.6370725854829035,0.634062973221558,0.6339429085422008,0.6320266877735705,1667
57,5,evaluate,1.0594345191148695,0.6484703059388123,0.6460056355215863,0.6440749581138266,0.6427078803536052,1667
58,0,evaluate,1.1367051270272996,0.6352729454109178,0.6354315096948503,0.6315395012968951,0.6316861098238491,1667
58,1,evaluate,1.1323679089546204,0.6250749850029994,0.6251859112143406,0.6293906955399613,0.626221535044212,1667
58,2,evaluate,1.166959493248551,0.635872825434913,0.6386363333066176,0.6367969911059005,0.6371564224698449,1667
58,3,evaluate,1.1747093620123688,0.6262747450509898,0.627870297699437,0.6268003975665996,0.6267873424753923,1667
58,4,evaluate,1.0493086009734758,0.6496700659868027,0.6475422315556177,0.6465579160016481,0.6458566344199277,1667
58,5,evaluate,1.138729766011238,0.623875224955009,0.6235030763020829,0.6200182036061274,0.6204146902262747,1667
59,0,evaluate,1.1860049477329961,0.6400719856028795,0.6393587111814634,0.6417375263814054,0.6394610996213632,1667
59,1,evaluate,1.1795654296875,0.6202759448110378,0.6183945953842688,0.6220715197492481,0.618878033388689,1667
59,2,evaluate,1.1221968951048675,0.6364727054589082,0.6341819460985336,0.6411929901890876,0.6360330119120148,1667
59,3,evaluate,1.1289295090569391,0.6520695860827834,0.6473618212656013,0.646739511592839,0.6460935709665967,1667
59,4,evaluate,1.1371344670101449,0.6280743851229754,0.6216433810435624,0.622732084335715,0.6209137758820125,1667
59,5,evaluate,1.0581120799330097,0.647870425914817,0.6433950658310914,0.6432858475737403,0.6424467858741902,1667
60,0,evaluate,1.0851614661169824,0.641871625674865,0.6420263522331957,0.6376836652049722,0.6370613433768831,1667
60,1,evaluate,1.1917674232412268,0.6376724655068986,0.6408850984583421,0.6396226450241815,0.6375315119626281,1667
60,2,evaluate,1.1631632541064862,0.6226754649070186,0.6246327733075632,0.6184169403535221,0.6173871232740351,1667
60,3,evaluate,1.1858981781535678,0.6160767846430714,0.617447404817111,0.6168169821116231,0.6144390022956513,1667
60,4,evaluate,1.1473854073771723,0.6346730653869226,0.6398759028742872,0.6382098008170822,0.635425994399647,1667
60,5,evaluate,1.170985084992868,0.629874025194961,0.630616090816824,0.6271431757444775,0.62516471245119,1667
61,0,evaluate,1.1785546916502494,0.6424715056988602,0.648657823381555,0.6444826768045349,0.6443320058771642,1667
61,1,evaluate,1.1453732870243214,0.6244751049790042,0.6303896864037174,0.6287304167476017,0.627823645330042,1667
61,2,evaluate,1.0947244429477938,0.638872225554889,0.6402509865409584,0.6339804179675763,0.6347947814824101,1667
61,3,evaluate,1.2116966048876445,0.6082783443311338,0.6156877070232,0.6089498618855644,0.6106476778548398,1667
61,4,evaluate,1.1745864373666268,0.620875824835033,0.6287877834386408,0.6178352944540044,0.6189373019205282,1667
61,5,evaluate,1.1615505367517471,0.6232753449310138,0.6290653432536,0.6179477083279625,0.6198794987602592,1667
62,0,evaluate,1.0938414095521525,0.6454709058188363,0.647329993941818,0.6410226728638784,0.6415044980316466,1667
62,1,evaluate,1.1798714266883001,0.6322735452909418,0.6379164157785054,0.628287518642134,0.6296660584911025,1667
62,2,evaluate,1.17446924801226,0.6232753449310138,0.6265465923453195,0.6281533444885953,0.6254833987015811,1667
62,3,evaluate,1.167983794791831,0.6286742651469706,0.6311098606744778,0.6250799771456401,0.6254695132611852,1667
62,4,evaluate,1.2118630166406985,0.6346730653869226,0.6390493019633583,0.6369597001517346,0.6362225465428051,1667
62,5,evaluate,1.2142350828206097,0.620875824835033,0.6231097534505393,0.6215235310417926,0.6207047779352858,1667
63,0,evaluate,1.1782751502814117,0.6376724655068986,0.6358551441500466,0.6414246024662759,0.6371179581782354,1667
63,1,evaluate,1.153386864397261,0.638872225554889,0.6335595262392609,0.6345871772950094,0.6322444243816848,1667
63,2,evaluate,1.2117987606260512,0.6394721055788842,0.6396148577279536,0.6409696037818946,0.6394513745360395,1667
63,3,evaluate,1.112040383465312,0.6394721055788842,0.6344576792610548,0.6349174678324999,0.6336391036150824,1667
63,4,evaluate,1.222346333441911,0.6172765446910617,0.6176319034383544,0.6186113835197407,0.6160685516090694,1667
63,5,evaluate,1.181954123907619,0.6310737852429514,0.6261658744588138,0.625414997230606,0.6248060684390121,1667
64,0,evaluate,1.2041288216908772,0.6136772645470906,0.6179161872549399,0.6131466984855896,0.6132035746133301,1667
64,1,evaluate,1.2065763296904388,0.626874625074985,0.6346026032046506,0.6288140682306813,0.6283410821566049,1667
64,2,evaluate,1.168828946572763,0.6310737852429514,0.6352991202136454,0.6265707422363237,0.6266205673618128,1667
64,3,evaluate,1.1241555656478912,0.6286742651469706,0.6311780130384761,0.6247412142156845,0.6241159144169921,1667
64,4,evaluate,1.1798018636526886,0.614877024595081,0.619514087024642,0.6192330058697529,0.6161486992933458,1667
64,5,evaluate,1.1734189082075048,0.6262747450509898,0.6302245635220952,0.6210491909911564,0.621951676299779,1667
65,0,evaluate,1.2179987121511389,0.6310737852429514,0.6314661370326797,0.632586688732165,0.6303688238204663,1667
65,1,evaluate,1.2032966359897896,0.6196760647870426,0.6204166840866847,0.6210060301167324,0.6186686396985804,1667
65,2,evaluate,1.182357821199629,0.6394721055788842,0.6356138023260463,0.6361598220971232,0.6340205931622781,1667
65,3,evaluate,1.1886875143757574,0.623875224955009,0.622556026274973,0.6278189884445606,0.6237167237924905,1667
65,4,evaluate,1.18998934549314,0.6196760647870426,0.6140810708882929,0.6149979658572851,0.612811750300945,1667
65,5,evaluate,1.1064638141197738,0.6424715056988602,0.638616901050931,0.639098171789085,0.6375633097903897,1667
66,0,evaluate,1.1925655127399497,0.6262747450509898,0.6209894724586067,0.6196234324363543,0.6179724066008141,1667
66,1,evaluate,1.2035233819926228,0.6364727054589082,0.6328748368645114,0.6328218766778511,0.6302112640240968,1667
66,2,evaluate,1.18098646402359,0.6262747450509898,0.6247725280896514,0.6297328256973592,0.6250211576919026,1667
66,3,evaluate,1.1242285654362705,0.638872225554889,0.633156787235125,0.6341184007666841,0.6317734099921396,1667
66,4,evaluate,1.2181540815918535,0.6340731853629274,0.6339588455268379,0.6355295867502054,0.6328053313796858,1667
66,5,evaluate,1.2448577836707786,0.6124775044991002,0.612430925677209,0.6133910948314405,0.6100556955823073,1667
67,0,evaluate,1.2327789885026437,0.6406718656268746,0.6423848421152162,0.6410776827354017,0.6409016666407225,1667
67,1,evaluate,1.1763271888097127,0.626874625074985,0.6269586269328553,0.6317096374731808,0.6271055764750845,1667
67,2,evaluate,1.2247749070326488,0.6202759448110378,0.6227386984732441,0.6213916107360864,0.620347445619122,1667
67,3,evaluate,1.1520747902147748,0.6292741451709658,0.6284891352968939,0.6254308147515464,0.624546047332367,1667
67,4,evaluate,1.1914412158506889,0.638872225554889,0.6399406824686398,0.636764799364838,0.6352151477010818,1667
67,5,evaluate,1.2151637400190036,0.620875824835033,0.6206468316917523,0.6156356485218601,0.615910917090875,1667
68,0,evaluate,1.2412701905877501,0.6142771445710857,0.6134858145320955,0.6152659021726482,0.6131323944680056,1667
68,1,evaluate,1.22206194974758,0.6220755848830234,0.62329525698668,0.6252766455832471,0.6231204951911758,1667
68,2,evaluate,1.2711265528643574,0.6280743851229754,0.6302382857165562,0.6296287754041596,0.6287213403826879,1667
68,3,evaluate,1.240673703176004,0.6202759448110378,0.6188276375697565,0.6155867463809219,0.615196133420518,1667
68,4,evaluate,1.213835612491325,0.6244751049790042,0.6233346304097569,0.6202949703630021,0.6201801128437818,1667
68,5,evaluate,1.154886436407213,0.6352729454109178,0.6317749230020554,0.6320018433126352,0.6309105178572798,1667
69,0,evaluate,1.2507465150621202,0.614877024595081,0.6138645300563352,0.6168760823885181,0.6141179387140784,1667
69,1,evaluate,1.194125650105653,0.6220755848830234,0.6220600742651445,0.6268387766876934,0.6234369958419077,1667
69,2,evaluate,1.1874540801401492,0.6328734253149371,0.6302360451676151,0.6283910159402488,0.6283619439906035,1667
69,3,evaluate,1.2145695912617225,0.6250749850029994,0.6234996040870782,0.6208707599754745,0.6195661479849268,1667
69,4,evaluate,1.2644125024477642,0.6256748650269947,0.6271180611267468,0.6272144939271738,0.625725435008309,1667
69,5,evaluate,1.1466149513920147,0.6430713857228554,0.6411818814836234,0.6395778617296423,0.6393890879086379,1667
70,0,evaluate,1.1727532883071237,0.6280743851229754,0.6276540676599488,0.6241424102796741,0.6248565487864355,1667
70,1,evaluate,1.2782923347420163,0.617876424715057,0.6242374397069034,0.6185583475441476,0.6197501782633648,1667
70,2,evaluate,1.2224651288103174,0.6184763047390522,0.6217832242927162,0.6228562209575654,0.6206790761965041,1667
70,3,evaluate,1.2290545922738534,0.6370725854829035,0.6419462616993957,0.6340876458166458,0.6348244893758045,1667
70,4,evaluate,1.233779335739436,0.623875224955009,0.6270936717735754,0.6202434135839637,0.620970318289986,1667
70,5,evaluate,1.2421691991664745,0.6328734253149371,0.6398227827996588,0.6342521966220737,0.6359336160377772,1667
71,0,evaluate,1.2716348347840485,0.6328734253149371,0.6318036969662852,0.6343147712179518,0.6319920965080906,1667
71,1,evaluate,1.2849229430710827,0.6040791841631674,0.601032562699684,0.6053201863253168,0.601625419606127,1667
71,2,evaluate,1.256592419412401,0.6304739052189562,0.627594924200959,0.6343697813619729,0.6287404226935729,1667
71,3,evaluate,1.2519989802881524,0.626874625074985,0.6190149978372045,0.6207529508392567,0.6185079907731421,1667
71,4,evaluate,1.1970632489494704,0.626874625074985,0.6198096814021229,0.6221548519506325,0.6195751447685722,1667
71,5,evaluate,1.2299365224661651,0.6304739052189562,0.6255330990381508,0.6263804928561767,0.6238574326942127,1667
72,0,evaluate,1.241728131417875,0.6220755848830234,0.6296609865365956,0.6230729484319492,0.6249153613294436,1667
72,1,evaluate,1.267433700186235,0.614877024595081,0.6201872124795551,0.6110578193500169,0.6130694579002888,1667
72,2,evaluate,1.2240278345567208,0.6310737852429514,0.6328102339034096,0.6269881237434941,0.6282724003973403,1667
72,3,evaluate,1.2572528609523066,0.620875824835033,0.6234044421049482,0.624013690867941,0.6227956123039313,1667
72,4,evaluate,1.2039232460299023,0.6232753449310138,0.6242546644457916,0.6201996108265032,0.6213051256288085,1667
72,5,evaluate,1.286228561842883,0.6124775044991002,0.6166739809510319,0.6137921471570793,0.6138283712069563,1667
73,0,evaluate,1.268246460016127,0.6214757048590281,0.6167363464343454,0.6139583882267845,0.6145266658875319,1667
73,1,evaluate,1.2849134140544467,0.6274745050989802,0.6271663795742894,0.6287365317776522,0.6267310185645355,1667
73,2,evaluate,1.2998870567039207,0.6040791841631674,0.6029581990569286,0.6045245863220476,0.6020493755622489,1667
73,3,evaluate,1.2538280420833163,0.6244751049790042,0.62099957302444,0.6196056839842454,0.618058529144481,1667
73,4,evaluate,1.2213210584940735,0.629874025194961,0.6252445867789341,0.6258190602346891,0.6235702123522866,1667
73,5,evaluate,1.2671629654036627,0.6280743851229754,0.6272493217534996,0.631840454499675,0.6271522604893252,1667
74,0,evaluate,1.2834227901917916,0.620875824835033,0.6195242632926736,0.6242707657969767,0.6205323198109614,1667
74,1,evaluate,1.3210004347342033,0.6100779844031193,0.6110144031568988,0.6114398607859723,0.6090369796346897,1667
74,2,evaluate,1.271366677902363,0.629874025194961,0.6271962007077894,0.6267906678196629,0.6248997206473261,1667
74,3,evaluate,1.299473935255298,0.6100779844031193,0.6062258184109226,0.6050620256429394,0.6027542611370226,1667
74,4,evaluate,1.3107157128828544,0.6256748650269947,0.6263384935205678,0.6271240052731335,0.6248305529128116,1667
74,5,evaluate,1.209289674371205,0.6352729454109178,0.6311218754295539,0.6313409370529619,0.63013700413645,1667
75,0,evaluate,1.2590990717764254,0.6166766646670666,0.6197002984063452,0.6205472774744688,0.6190496549033797,1667
75,1,evaluate,1.2742346790101793,0.6166766646670666,0.6198068118896776,0.6172976510329745,0.618079937087576,1667
75,2,evaluate,1.2705834122995536,0.6166766646670666,0.6185856293888468,0.612028607033856,0.6138551635756215,1667
75,3,evaluate,1.199804630268503,0.6280743851229754,0.6282999580424282,0.6245135467211987,0.6248892417331886,1667
75,4,evaluate,1.3066531463905617,0.5932813437312537,0.5976563286662423,0.5936995760245919,0.5946703565454292,1667
75,5,evaluate,1.2710531773390594,0.6160767846430714,0.6186357966860249,0.6121678359133464,0.6126188807888451,1667
76,0,evaluate,1.2792938395782754,0.6226754649070186,0.6214017416894652,0.6270686491377863,0.6230650674982268,1667
76,1,evaluate,1.231302067120042,0.6382723455308938,0.6351949897775262,0.6347355950006937,0.6343156255771805,1667
76,2,evaluate,1.2918433729145262,0.6346730653869226,0.6290505657906084,0.6288302284037568,0.6277076561136138,1667
76,3,evaluate,1.2852294224279899,0.6322735452909418,0.6314227028538029,0.6274853893898361,0.6282865491936585,1667
76,4,evaluate,1.336314974007783,0.6304739052189562,0.631300442305171,0.6312472570290031,0.6299671348630116,1667
76,5,evaluate,1.339331462427422,0.6028794241151769,0.6004606718322997,0.6053240537275599,0.60179500987635,1667
77,0,evaluate,1.3280863868141617,0.6214757048590281,0.621865292842528,0.6151478463890161,0.6148499024068822,1667
77,1,evaluate,1.3748619114911114,0.6058788242351529,0.60502534451435,0.6067361637660071,0.6042150322414744,1667
77,2,evaluate,1.34966892224771,0.629874025194961,0.6297725036685453,0.6317034417820375,0.6291411086934626,1667
77,3,evaluate,1.3275750213199191,0.6316736652669466,0.6325907215382857,0.6282997025657855,0.6266787555161278,1667
77,4,evaluate,1.314075313232563,0.6184763047390522,0.6219353979014695,0.6221324711074404,0.6186510133097627,1667
77,5,evaluate,1.2694080352731463,0.638872225554889,0.6394100754830793,0.6341433784744075,0.6340313277130378,1667
78,0,evaluate,1.3163570521261405,0.6154769046190762,0.6148640364593743,0.6088272194560551,0.6098129054011105,1667
78,1,evaluate,1.3219339935867875,0.6274745050989802,0.6265034126588747,0.622736309449976,0.6212261429356414,1667
78,2,evaluate,1.3222121916435383,0.6124775044991002,0.6145686898228375,0.6162021565230661,0.6124357848186295,1667
78,3,evaluate,1.2658446195742323,0.6286742651469706,0.6269228351093423,0.6243509983003481,0.6236547091866768,1667
78,4,evaluate,1.3761467690821048,0.6010797840431914,0.604556779531958,0.6006296277618934,0.5999182639994364,1667
78,5,evaluate,1.327006459236145,0.623875224955009,0.6286063701363166,0.6252093056363139,0.6249726526209316,1667
79,0,evaluate,1.3304863038162391,0.6154769046190762,0.6154195553555077,0.6098340076147195,0.6111591749777259,1667
79,1,evaluate,1.3575913221747786,0.6184763047390522,0.6210273313618717,0.6190206615401842,0.6189806083319709,1667
79,2,evaluate,1.358560926384396,0.6214757048590281,0.6271299815395237,0.6189745569900102,0.6201820045394272,1667
79,3,evaluate,1.2541733815300244,0.6382723455308938,0.6370879595220736,0.6344720250911872,0.634883308659751,1667
79,4,evaluate,1.3002976841396756,0.6196760647870426,0.6223945760443914,0.6229398029868178,0.6215055614741646,1667
79,5,evaluate,1.4017355684880857,0.5920815836832634,0.5966168001163485,0.5929449007619997,0.5935379727429253,1667
80,0,evaluate,1.3833126889334784,0.6022795440911818,0.6104084734185784,0.6035796121036449,0.6056355837787157,1667
80,1,evaluate,1.2635357659655038,0.6424715056988602,0.6425793138070357,0.638619305510501,0.6396868582027796,1667
80,2,evaluate,1.3264647391107347,0.6172765446910617,0.6218702690397137,0.621543799888653,0.6197516076265858,1667
80,3,evaluate,1.3734617122897395,0.626874625074985,0.6309889825285524,0.6252987286723262,0.6253062850611739,1667
80,4,evaluate,1.3854094787880227,0.6244751049790042,0.6294850407304202,0.6252737663177398,0.6262213130687091,1667
80,5,evaluate,1.345828256259362,0.6220755848830234,0.6243462401927304,0.618261789431507,0.6188437065026731,1667
81,0,evaluate,1.37027829002451,0.6244751049790042,0.6281325853717976,0.6207572911306187,0.6224693269326939,1667
81,1,evaluate,1.3093140554545377,0.6304739052189562,0.6311532115617697,0.6275229045782698,0.628376364851007,1667
81,2,evaluate,1.3442041586946558,0.6232753449310138,0.6290389559662186,0.6238613857760493,0.6249411117779524,1667
81,3,evaluate,1.393922585580084,0.6130773845230953,0.6176298132230083,0.6096033294919532,0.6105482959537492,1667
81,4,evaluate,1.4241610456396032,0.596880623875225,0.6057135714311181,0.5980723120675526,0.6004079602317932,1667
81,5,evaluate,1.346114608976576,0.6196760647870426,0.6231283921320179,0.622596323719157,0.6217895462654204,1667
82,0,evaluate,1.3219679749260347,0.6250749850029994,0.6216613980188861,0.6207516440960581,0.6206415793945156,1667
82,1,evaluate,1.3573612350004691,0.6280743851229754,0.6264419337795386,0.6238849334139168,0.6245622831987067,1667
82,2,evaluate,1.4543443542939645,0.5974805038992201,0.6012613758329212,0.5989017104301277,0.5993277202955973,1667
82,3,evaluate,1.363146241892267,0.617876424715057,0.6151454203932698,0.612078484358953,0.6131826131967046,1667
82,4,evaluate,1.3728599548339844,0.6280743851229754,0.631060901012529,0.6285632722431458,0.6291428101584006,1667
82,5,evaluate,1.3480414659888655,0.6166766646670666,0.6178935238413464,0.6207491715515477,0.6178304327497507,1667
83,0,evaluate,1.3874233642386065,0.6136772645470906,0.6201345890492431,0.6083087426161592,0.6110047021963221,1667
83,1,evaluate,1.344925748874192,0.6250749850029994,0.6250165764933433,0.6212549089014886,0.6214473712567237,1667
83,2,evaluate,1.4514932831128438,0.6010797840431914,0.6034311171333184,0.6007479357059404,0.6008858724353306,1667
83,3,evaluate,1.3908906866002966,0.620875824835033,0.6283905110151038,0.6220333237872067,0.622965851337767,1667
83,4,evaluate,1.3932487810099567,0.6112777444511098,0.6124845520445268,0.6152457331990984,0.6110806792657524,1667
83,5,evaluate,1.3775713399604514,0.6196760647870426,0.623671316836997,0.6153380419914268,0.6161458007242578,1667
84,0,evaluate,1.3976037281530875,0.6256748650269947,0.6255440040468844,0.6252316450303977,0.6246614490308108,1667
84,1,evaluate,1.3960027124870706,0.6136772645470906,0.6097020980207395,0.606367532852167,0.6073104587802083,1667
84,2,evaluate,1.3572340422758349,0.6286742651469706,0.627080599847929,0.6251865280992648,0.6246798341085765,1667
84,3,evaluate,1.4888647507738184,0.5884823035392921,0.5935539529439071,0.5893254475927104,0.5900615224351508,1667
84,4,evaluate,1.4013003000506647,0.6142771445710857,0.6149452531291271,0.6175586752338977,0.6154161466759926,1667
84,5,evaluate,1.3725476971379034,0.6184763047390522,0.6162705403338443,0.6152821011904,0.614378376623484,1667
85,0,evaluate,1.422003635653743,0.617876424715057,0.6181272928697371,0.6221360354133354,0.6183566291641526,1667
85,1,evaluate,1.5061383368792358,0.596880623875225,0.5979851905599971,0.5973909420230222,0.5965827028784931,1667
85,2,evaluate,1.3768538451857038,0.626874625074985,0.6234918888131789,0.6227764376657916,0.6226006997820137,1667
85,3,evaluate,1.4569139215681288,0.629874025194961,0.6290698262465823,0.6251477083870575,0.6254389930228549,1667
85,4,evaluate,1.4423487098128707,0.620875824835033,0.6223498234094758,0.6220359333220105,0.6214950958337674,1667
85,5,evaluate,1.4348138016131189,0.6100779844031193,0.6071693093417332,0.6042799751636135,0.6048316827936093,1667
86,0,evaluate,1.4075673917929332,0.6022795440911818,0.6066977933616682,0.6061394203671024,0.6038515231479777,1667
86,1,evaluate,1.4360860387484233,0.5956808638272345,0.6002284367507258,0.5952982473851149,0.5960529434384358,1667
86,2,evaluate,1.4225151847909998,0.6172765446910617,0.6193770641623939,0.6177192683556737,0.6174052719569066,1667
86,3,evaluate,1.3740471104780834,0.6262747450509898,0.6267606364052783,0.6226824507228035,0.6225392427061617,1667
86,4,evaluate,1.401791244469307,0.6160767846430714,0.6154562172714451,0.6096316995703511,0.6103050593182769,1667
86,5,evaluate,1.3999317950672574,0.6124775044991002,0.6142854615257847,0.6099249152014512,0.6090565971395889,1667
87,0,evaluate,1.4006091466656438,0.6310737852429514,0.6345880104206991,0.6270319077893974,0.6275735080827447,1667
87,1,evaluate,1.465506946599042,0.6172765446910617,0.6230451514917933,0.6188029615533506,0.6188547948228937,1667
87,2,evaluate,1.3986318801288251,0.6154769046190762,0.6200485947450084,0.619289368926242,0.6180063603436697,1667
87,3,evaluate,1.369670042699134,0.6334733053389322,0.6342645694438154,0.6293093830134129,0.6304244649306091,1667
87,4,evaluate,1.4170325368090912,0.6154769046190762,0.6192411958652941,0.6106775471732353,0.612300827380021,1667
87,5,evaluate,1.5034195140556053,0.5986802639472105,0.6059730389789905,0.5989320146473561,0.6011411493835177,1667
88,0,evaluate,1.3826754271156259,0.6244751049790042,0.6212692114522237,0.619857900177335,0.619387868334684,1667
88,1,evaluate,1.4242086943101,0.6184763047390522,0.6192369656667415,0.6131037846814137,0.6131135645511809,1667
88,2,evaluate,1.4301506700339142,0.6262747450509898,0.6279621181854167,0.6276647568536995,0.6262871239434988,1667
88,3,evaluate,1.416626184074967,0.617876424715057,0.6133120924514212,0.6116716433266648,0.6105432493449088,1667
88,4,evaluate,1.406592290158625,0.6142771445710857,0.6139962930994123,0.6184071310025617,0.6135759178714333,1667
88,5,evaluate,1.4978366946732555,0.5998800239952009,0.5985627392600167,0.6002789732284163,0.5976369780646753,1667
89,0,evaluate,1.4198380752846047,0.620875824835033,0.618352199899298,0.6164871390134838,0.6158789331454757,1667
89,1,evaluate,1.448820327339625,0.6160767846430714,0.6132026226922674,0.6108953890375799,0.6107748660268291,1667
89,2,evaluate,1.4202882056986843,0.6196760647870426,0.6198855899638485,0.6241172628443068,0.6206975916044037,1667
89,3,evaluate,1.516684114933014,0.5920815836832634,0.5929361085011181,0.5918811898445604,0.5912313367483018,1667
89,4,evaluate,1.4449420328493472,0.6286742651469706,0.6278194529409874,0.6289452919933345,0.6277983169014887,1667
89,5,evaluate,1.3873474359236382,0.6250749850029994,0.6222540705705578,0.6211982322149425,0.6209248316603613,1667
90,0,evaluate,1.479327308634917,0.6070785842831433,0.60573128869076,0.6008007164768889,0.6019366087954987,1667
90,1,evaluate,1.4897394754268505,0.6220755848830234,0.6263936509545418,0.6223990416144511,0.6234407741430961,1667
90,2,evaluate,1.4557594943929602,0.617876424715057,0.615441449562875,0.6129433969394363,0.6126741085016282,1667
90,3,evaluate,1.4138093245802101,0.6172765446910617,0.617558049977943,0.6136055121827855,0.6142493027689166,1667
90,4,evaluate,1.5461835971585027,0.5884823035392921,0.5917701909223492,0.5887994607576669,0.5888588204601675,1667
90,5,evaluate,1.4462914527566344,0.6112777444511098,0.613164924948959,0.6141677810943754,0.6123123731443996,1667
91,0,evaluate,1.600967029730479,0.5932813437312537,0.5949902629405908,0.5942404808703081,0.5928622729896774,1667
91,1,evaluate,1.5049408634227734,0.6160767846430714,0.6164742288996873,0.6108199712807778,0.6104093097934985,1667
91,2,evaluate,1.5134375934247617,0.623875224955009,0.62489528733685,0.6253872296692959,0.6237545770653992,1667
91,3,evaluate,1.4742167746579204,0.6190761847630474,0.618203521182284,0.615347989829281,0.614094999210969,1667
91,4,evaluate,1.4449097341685384,0.6328734253149371,0.6291291544167121,0.628041239487997,0.627684683274542,1667
91,5,evaluate,1.482653836409251,0.6142771445710857,0.6165463971775558,0.6181814055059285,0.6145782845200111,1667
92,0,evaluate,1.5185147543196325,0.6142771445710857,0.6125679212894799,0.6100025970567409,0.6089814557489148,1667
92,1,evaluate,1.5741951862970989,0.6250749850029994,0.6235306054131091,0.6257139480140333,0.6240825208584031,1667
92,2,evaluate,1.5912036255553916,0.596880623875225,0.5973477500480652,0.5981216797059761,0.5966407476038853,1667
92,3,evaluate,1.4813187619050343,0.6226754649070186,0.6227006493721068,0.6271625256184282,0.623754614427939,1667
92,4,evaluate,1.4809968648133454,0.6244751049790042,0.6216174433791534,0.6196088081584709,0.6191880136369472,1667
92,5,evaluate,1.4740592568284936,0.6280743851229754,0.6249503243872545,0.6240485642346767,0.6239420326630059,1667
93,0,evaluate,1.6069467983863972,0.5944811037792441,0.5952739875787106,0.5949242614299746,0.5938888985478057,1667
93,1,evaluate,1.50579097977391,0.6262747450509898,0.627691832779331,0.6215353625739795,0.6218549659555961,1667
93,2,evaluate,1.501774692631982,0.6160767846430714,0.6175492618169964,0.6130555526372239,0.6137330563787011,1667
93,3,evaluate,1.5031405488650005,0.6094781043791242,0.610579289325061,0.6127378594559036,0.6100386855340261,1667
93,4,evaluate,1.5425548098153539,0.6112777444511098,0.6151667725265815,0.6064968125504385,0.6077781516276283,1667
93,5,evaluate,1.520053095287747,0.617876424715057,0.6191703226564214,0.6185954065593195,0.6182741782460506,1667
94,0,evaluate,1.5324966377682157,0.6076784643071386,0.6142165224007929,0.6081157844418105,0.6099945563410232,1667
94,1,evaluate,1.5260752284968342,0.6130773845230953,0.6169777792816062,0.6088834145867075,0.6103708828442967,1667
94,2,evaluate,1.5538884296461388,0.6094781043791242,0.6124374954938466,0.6052389322994304,0.6066891500326966,1667
94,3,evaluate,1.6204522373499695,0.5860827834433113,0.5932989720766394,0.5871991377059256,0.5883482176628083,1667
94,4,evaluate,1.4971386966881928,0.6142771445710857,0.617230344220322,0.6109652297303815,0.6127546395867056,1667
94,5,evaluate,1.5404612488216824,0.6070785842831433,0.610300400384187,0.6116850288618935,0.6090677730794731,1667
95,0,evaluate,1.6591397568031594,0.6046790641871626,0.612523668581314,0.6049446269265457,0.6076562564191985,1667
95,1,evaluate,1.4873251760447468,0.6220755848830234,0.6257574869751574,0.6187170915443246,0.6211785726081647,1667
95,2,evaluate,1.5280486875110202,0.608878224355129,0.6175264779862164,0.6125970658830124,0.6139113764894442,1667
95,3,evaluate,1.5150004316259313,0.6184763047390522,0.6235151390183171,0.6142551431787363,0.6176565269115919,1667
95,4,evaluate,1.5495239048506375,0.6064787042591482,0.6091151020106821,0.6018390653052492,0.6042341132497858,1667
95,5,evaluate,1.6435133770660117,0.5998800239952009,0.6089389020920896,0.6010469465133889,0.6032701009135399,1667
96,0,evaluate,1.556121144581724,0.611877624475105,0.6107092270891104,0.6072694667944285,0.6069533743517159,1667
96,1,evaluate,1.6098716082396332,0.611877624475105,0.6170269715800829,0.6126992707077517,0.6134627797783863,1667
96,2,evaluate,1.5248736054809005,0.6154769046190762,0.6157387549582252,0.6105208371000133,0.6110667686509961,1667
96,3,evaluate,1.5425530329898551,0.6058788242351529,0.6073363357214197,0.61089490199997,0.6060073699414844,1667
96,4,evaluate,1.4749523828978892,0.6250749850029994,0.6253521639695523,0.621415269962677,0.6218049551599295,1667
96,5,evaluate,1.6092388265662723,0.5944811037792441,0.596208128859254,0.5947255072909254,0.5937685307831193,1667
97,0,evaluate,1.5883698949107417,0.6196760647870426,0.6207289694386156,0.6215748670617776,0.6186748721944196,1667
97,1,evaluate,1.5474319314515148,0.6070785842831433,0.6114249215942972,0.6127903890015348,0.6088502425348209,1667
97,2,evaluate,1.5107440906404346,0.6142771445710857,0.6149117720333047,0.609523054904825,0.6101986163004357,1667
97,3,evaluate,1.6268529229693942,0.5872825434913017,0.5903090897905369,0.5880221009963236,0.5866512860479819,1667
97,4,evaluate,1.5169032900421708,0.6346730653869226,0.6379120648821053,0.6311987443361116,0.6309054734154713,1667
97,5,evaluate,1.5837221990029018,0.6028794241151769,0.6046349798485195,0.597910404774607,0.5981786840901437,1667
98,0,evaluate,1.6122291419241164,0.5902819436112777,0.5910855851360124,0.5897446686130001,0.5892303954849032,1667
98,1,evaluate,1.5601831376552582,0.6070785842831433,0.6078466523105266,0.6101204016465216,0.6062915074256127,1667
98,2,evaluate,1.5786814601333052,0.6172765446910617,0.6182627196423007,0.6182699693131767,0.6170285344583711,1667
98,3,evaluate,1.5540364670256774,0.6022795440911818,0.6032455657837248,0.5960404060707224,0.5971963765114017,1667
98,4,evaluate,1.5120602905474327,0.6082783443311338,0.6069402422351697,0.6049064319200703,0.6043007882543238,1667
98,5,evaluate,1.538210568604646,0.6190761847630474,0.6189224100422057,0.6154686618190895,0.6144969554423046,1667
99,0,evaluate,1.6039375719372873,0.6202759448110378,0.6202935714077313,0.6141723179992358,0.6154327609801451,1667
99,1,evaluate,1.5354064163510446,0.6250749850029994,0.6226061271110587,0.6202705232993236,0.6202549076737148,1667
99,2,evaluate,1.5750327126847372,0.6034793041391722,0.6043523461193476,0.6079813573940569,0.6044613007179568,1667
99,3,evaluate,1.6250932040037933,0.6112777444511098,0.6122684222019121,0.6119775605742681,0.6115877005498668,1667
99,4,evaluate,1.5733034014701843,0.620875824835033,0.619911487746002,0.6158560178415814,0.6165222008321934,1667
99,5,evaluate,1.6671543607005366,0.5944811037792441,0.5982396063317905,0.5953425525094093,0.5958156366138715,1667
100,0,evaluate,1.5950303077697754,0.617876424715057,0.621409809884334,0.6145017437375234,0.616116962230699,1667
100,1,evaluate,1.5933341256998204,0.6028794241151769,0.6090257503700164,0.6063516685233312,0.6062143250271524,1667
100,2,evaluate,1.6192511113843433,0.6040791841631674,0.6067829537211369,0.5994019369109752,0.6012886469455301,1667
100,3,evaluate,1.676902883582645,0.5956808638272345,0.6033622176900795,0.5972993477241884,0.5987248029085743,1667
100,4,evaluate,1.5663738519781165,0.617876424715057,0.622430793345653,0.6140451644761888,0.6164030331421728,1667
100,5,evaluate,1.638365595429032,0.617876424715057,0.6222074485955705,0.6183538096360015,0.6184942842392449,1667
101,0,evaluate,1.6132980074595522,0.6064787042591482,0.6019457743209061,0.6022851788853547,0.6016865579614862,1667
101,1,evaluate,1.6047978710245203,0.6232753449310138,0.616321193259419,0.6169548878526363,0.6158886150923699,1667
101,2,evaluate,1.61788977627401,0.6028794241151769,0.5999408901046037,0.6068516242325861,0.6016218019723275,1667
101,3,evaluate,1.6607444515900203,0.5992801439712058,0.5941942657283337,0.5937400045100735,0.5926449362813466,1667
101,4,evaluate,1.686747290469982,0.6220755848830234,0.6177054174268678,0.6229937739690343,0.6190697021083584,1667
101,5,evaluate,1.7226324324254636,0.5884823035392921,0.5837539581978373,0.5893231487992784,0.5856008158595495,1667
102,0,evaluate,1.708641337023841,0.5830833833233353,0.5821594075390184,0.5829480584425204,0.5812100558283415,1667
102,1,evaluate,1.6294165684462145,0.6100779844031193,0.6091741565880497,0.6033069191305447,0.6034470163280916,1667
102,2,evaluate,1.6309604788268055,0.5992801439712058,0.5984065364956288,0.6027884047371542,0.5980137117791597,1667
102,3,evaluate,1.6682211955388386,0.6082783443311338,0.6061681858316771,0.6090081853994931,0.6062970517906907,1667
102,4,evaluate,1.6236817969216242,0.626874625074985,0.6249655582913508,0.622101946903594,0.6208790200698813,1667
102,5,evaluate,1.6109116789367464,0.6082783443311338,0.6067903476067311,0.6044517897853158,0.6034837147646113,1667
103,0,evaluate,1.7242932319641113,0.5788842231553689,0.5743593234254669,0.5797572221687158,0.5758176949906854,1667
103,1,evaluate,1.642586182664942,0.608878224355129,0.6052529890658578,0.6027665771530583,0.6018784696084282,1667
103,2,evaluate,1.6628228558434381,0.6130773845230953,0.6080589473858549,0.6080073991087287,0.605742593107426,1667
103,3,evaluate,1.6301117362799469,0.5986802639472105,0.5973148029868416,0.600987588819279,0.5964225666543875,1667
103,4,evaluate,1.5887864105127476,0.6094781043791242,0.6042058602155781,0.6048838508364939,0.6026989517261048,1667
103,5,evaluate,1.6765952507654827,0.6160767846430714,0.6146605203187065,0.6178872215684589,0.6145731807716153,1667
104,0,evaluate,1.747980069231104,0.5872825434913017,0.590476946932827,0.5881247177296985,0.5877495427740337,1667
104,1,evaluate,1.6164239876800113,0.6070785842831433,0.606839094007898,0.6093607807667074,0.6064740006317595,1667
104,2,evaluate,1.6604288446682471,0.6082783443311338,0.6065180762845666,0.6030202503692639,0.6032914178180948,1667
104,3,evaluate,1.600071333348751,0.611877624475105,0.6089012846269115,0.6075994879703537,0.6075114419782321,1667
104,4,evaluate,1.7732532465899433,0.6016796640671865,0.6013723111561988,0.6022087303931603,0.6007058965988296,1667
104,5,evaluate,1.6185980726171423,0.6124775044991002,0.6111028924674915,0.6089407171359368,0.608306456093366,1667
105,0,evaluate,1.6803411100818604,0.5998800239952009,0.5995640127736845,0.5968923968105794,0.5957302860244041,1667
105,1,evaluate,1.7468398919811956,0.5872825434913017,0.5897594358714126,0.5881159416325241,0.5864232802985575,1667
105,2,evaluate,1.6880933344364166,0.6094781043791242,0.6058367414215937,0.6018250050350238,0.6017685515039246,1667
105,3,evaluate,1.651175199283494,0.6058788242351529,0.6049633033998096,0.6093937136824215,0.6053667022533926,1667
105,4,evaluate,1.609454283007869,0.6100779844031193,0.606277606776229,0.6051780728408931,0.604154881912633,1667
105,5,evaluate,1.708143296065154,0.6064787042591482,0.6053310721438002,0.6064025895112095,0.6043455186209725,1667
106,0,evaluate,1.702680582801501,0.6076784643071386,0.6089107994623786,0.6024580739556142,0.6037478795015906,1667
106,1,evaluate,1.66966732011901,0.6082783443311338,0.6106874312376256,0.6116553345912714,0.6096869028547885,1667
106,2,evaluate,1.778603571432608,0.5872825434913017,0.5919349441751952,0.588441614580079,0.5885646274819605,1667
106,3,evaluate,1.7292416758007474,0.6136772645470906,0.6145529053380463,0.6143046268368255,0.6139153425240662,1667
106,4,evaluate,1.646620028824718,0.614877024595081,0.6136570864044423,0.6108110975972085,0.6113722381870188,1667
106,5,evaluate,1.6550025542577107,0.6166766646670666,0.6148532951439272,0.6131579405104955,0.6128395398290614,1667
107,0,evaluate,1.7169488213128514,0.6142771445710857,0.6139827131675858,0.6109477050323602,0.6110204039765539,1667
107,1,evaluate,1.8122732705540128,0.5842831433713257,0.587609249977939,0.5856526795117938,0.5839006937497058,1667
107,2,evaluate,1.6933659800776728,0.6286742651469706,0.6257953880897643,0.6236338693995864,0.6229797198883028,1667
107,3,evaluate,1.7451608136848167,0.6028794241151769,0.6044846117799663,0.6066678424525532,0.6033853663044726,1667
107,4,evaluate,1.766459768982949,0.5998800239952009,0.5983805186157507,0.5951492669284861,0.5942664994956331,1667
107,5,evaluate,1.7936031111964472,0.6166766646670666,0.6168093469021102,0.617523948928889,0.6160266019532054,1667
108,0,evaluate,1.6808748775058322,0.6112777444511098,0.6073867174570422,0.6061415770892441,0.6045777641556817,1667
108,1,evaluate,1.7308146390650008,0.6040791841631674,0.6058461543121176,0.6095089982339555,0.604171488985717,1667
108,2,evaluate,1.731706002658164,0.6016796640671865,0.6005566604565863,0.5957184455201677,0.5967555587616854,1667
108,3,evaluate,1.705330381790797,0.6124775044991002,0.609309498036968,0.6080186514396982,0.6079626135735163,1667
108,4,evaluate,1.8071784023885373,0.5866826634673066,0.5856386866862817,0.5876957755154418,0.5857295228738435,1667
108,5,evaluate,1.7834100855721369,0.6082783443311338,0.6050970589723063,0.6087977732116907,0.6061941322564379,1667
109,0,evaluate,1.812535564104716,0.6064787042591482,0.606179877172748,0.6074575171191384,0.6060458193690688,1667
109,1,evaluate,1.752966509959488,0.6028794241151769,0.6016002023717297,0.5977749590556737,0.5983866787021066,1667
109,2,evaluate,1.8401465901622065,0.5854829034193162,0.5868334889614529,0.5856830737523564,0.584802121546218,1667
109,3,evaluate,1.7124660324167322,0.6070785842831433,0.60608467350201,0.6032145281526854,0.6025196523113312,1667
109,4,evaluate,1.7671519683467016,0.5956808638272345,0.5977509296345739,0.5997861018734729,0.5964126370950273,1667
109,5,evaluate,1.7124753470222156,0.6034793041391722,0.6007921152252117,0.59904059717795,0.5993862055202259,1667
110,0,evaluate,1.8099735886962325,0.6040791841631674,0.6038010160714342,0.6086922261760648,0.6030443662891988,1667
110,1,evaluate,1.7933058162582003,0.6064787042591482,0.6040021958914368,0.5999589562134957,0.5995890214568743,1667
110,2,evaluate,1.928908564426281,0.6232753449310138,0.6216547994682173,0.6235501277681911,0.6215392390262461,1667
110,3,evaluate,1.708258690657439,0.6166766646670666,0.6125721064787726,0.612589315529431,0.6107427469348551,1667
110,4,evaluate,1.935926819289172,0.5818836232753449,0.5864895598455059,0.583133808663465,0.5818916055425938,1667
110,5,evaluate,1.7638017336527507,0.6100779844031193,0.6069209173251184,0.605795140889344,0.6047636349150018,1667
111,0,evaluate,1.6730396350224812,0.6184763047390522,0.6161838296303533,0.6128957532382542,0.6133860191829784,1667
111,1,evaluate,1.848525263645031,0.6010797840431914,0.60210866020369,0.6019814323515973,0.6012941141582746,1667
111,2,evaluate,1.7394366122230336,0.6034793041391722,0.6034823522035518,0.600101145305663,0.6008819163906861,1667
111,3,evaluate,1.8244679548122265,0.5806838632273545,0.5838698464696449,0.5811939579861192,0.5814058726840458,1667
111,4,evaluate,1.7335713080785893,0.5986802639472105,0.6004037411260914,0.6028560347187352,0.6003002633185126,1667
111,5,evaluate,1.7362512197276507,0.5986802639472105,0.601617964135863,0.5943254937073192,0.5951552550252882,1667
112,0,evaluate,1.7951917515860663,0.608878224355129,0.605120043988503,0.603461058673753,0.6033774339707945,1667
112,1,evaluate,1.9144297573301527,0.608878224355129,0.6079808238595683,0.6096587277657749,0.608074658357468,1667
112,2,evaluate,1.8101314295221258,0.6094781043791242,0.6090084486938256,0.6125173606228497,0.6096041688885634,1667
112,3,evaluate,1.7661694462100666,0.6094781043791242,0.6060939487804877,0.6044203202177921,0.604484633265977,1667
112,4,evaluate,1.8110247714169048,0.6010797840431914,0.5987437783157027,0.5962849954211435,0.596556220148066,1667
112,5,evaluate,1.938774033829018,0.5740851829634073,0.5765544363384809,0.5749737009184318,0.5747072467346291,1667
113,0,evaluate,1.7675496087478544,0.6022795440911818,0.6022568863303132,0.5966002307744906,0.5983353906451665,1667
113,1,evaluate,1.884526213010152,0.5746850629874025,0.5796120549816968,0.5751999789912675,0.5756844329946816,1667
113,2,evaluate,1.9127996232774522,0.5998800239952009,0.6015330361227516,0.6004210193824179,0.6002031900355741,1667
113,3,evaluate,1.7858058280415006,0.6070785842831433,0.6067513577392948,0.6030109864888659,0.603273029282812,1667
113,4,evaluate,1.7777814426355891,0.608878224355129,0.6107073969391088,0.6126374176158809,0.6094103206096391,1667
113,5,evaluate,1.7980404209207606,0.5980803839232154,0.5969381645425814,0.594541418709715,0.5936267449437845,1667
114,0,evaluate,1.8367283454647771,0.6022795440911818,0.6053703257630441,0.6057040243949643,0.603946130979142,1667
114,1,evaluate,1.8352931358817,0.6052789442111578,0.6036868842741394,0.5987772511012508,0.6003768804718624,1667
114,2,evaluate,1.7915545192857583,0.6022795440911818,0.5997994478937155,0.5977551883435656,0.5976039345653039,1667
114,3,evaluate,1.9556911631866738,0.5800839832033593,0.5834341115664288,0.5802678709058301,0.5801218874905836,1667
114,4,evaluate,1.961813833978441,0.5974805038992201,0.5983219791063774,0.5982138966299542,0.5976074625872317,1667
114,5,evaluate,1.8096912039650812,0.6094781043791242,0.6069300183260337,0.6048137212674368,0.6046620386069853,1667
115,0,evaluate,1.8306683699289958,0.6172765446910617,0.617953608113009,0.6138366062296069,0.612841670462527,1667
115,1,evaluate,1.9240352378951178,0.5746850629874025,0.5776121914562908,0.5751111644368423,0.5749838322821939,1667
115,2,evaluate,1.8422331834832828,0.5998800239952009,0.5998276692537869,0.5931746641803963,0.5946275147527262,1667
115,3,evaluate,1.8332119788284655,0.6010797840431914,0.6015275990667529,0.5971844479077729,0.5973136066115491,1667
115,4,evaluate,1.9645969867706299,0.596880623875225,0.6000432737939942,0.5977015529842932,0.5977800324836268,1667
115,5,evaluate,1.873743306155558,0.5974805038992201,0.5995176157381887,0.6005158969536594,0.5978880108937753,1667
116,0,evaluate,1.8536141867990847,0.5902819436112777,0.5879288131542965,0.5871271745442354,0.5862679452996055,1667
116,1,evaluate,1.903448098787555,0.590881823635273,0.5922332882640169,0.5936896962392164,0.590925547867894,1667
116,2,evaluate,1.8439884980519612,0.6100779844031193,0.6053421141946449,0.6050338506223871,0.6045286842706887,1667
116,3,evaluate,2.0069576369391546,0.6046790641871626,0.6061730845966343,0.6047778681598077,0.6041057572911199,1667
116,4,evaluate,1.8719564709398482,0.5890821835632873,0.5861360537833109,0.5833727845051336,0.5829798911404035,1667
116,5,evaluate,1.923912063241005,0.5830833833233353,0.5849061645292426,0.5839324745229941,0.5817897241802393,1667
117,0,evaluate,1.8430410932611536,0.6184763047390522,0.6196548522862713,0.6127689843724669,0.6142623686447497,1667
117,1,evaluate,1.8580743368990995,0.6082783443311338,0.6111999790607465,0.6031776023302765,0.6051953060792596,1667
117,2,evaluate,2.0119909842809043,0.5956808638272345,0.5999900651601318,0.5970128579618216,0.5972425876331181,1667
117,3,evaluate,1.8786034345350884,0.6040791841631674,0.6049605591898004,0.5999388343496601,0.600810013598478,1667
117,4,evaluate,1.848327231351976,0.6028794241151769,0.6079050584345865,0.6059192401079069,0.6053007911203461,1667
117,5,evaluate,1.934784639764715,0.5710857828434314,0.573381607981295,0.5714898575293397,0.5717317849364473,1667
118,0,evaluate,1.8897372191702877,0.5950809838032394,0.5962449284650384,0.598945809861766,0.5955497360429881,1667
118,1,evaluate,1.9013884997478239,0.5890821835632873,0.5869775186465012,0.582926810614288,0.5834202031845697,1667
118,2,evaluate,1.9686787106372692,0.5800839832033593,0.5804591697163555,0.5808068133740161,0.5798299563233827,1667
118,3,evaluate,1.8866327631252784,0.6034793041391722,0.6011205987207863,0.5994137148115606,0.5991698972443474,1667
118,4,evaluate,1.84237954793153,0.6166766646670666,0.6111270322098644,0.6125887231782382,0.6109752144588548,1667
118,5,evaluate,1.999621938776087,0.6034793041391722,0.600869059061704,0.6044215920301161,0.6014802638580518,1667
119,0,evaluate,2.0018152484187373,0.5710857828434314,0.5745179591093454,0.5718924798557952,0.5717035018708141,1667
119,1,evaluate,1.8810809938995927,0.6232753449310138,0.6250916693086058,0.6202432566610586,0.6202912296698739,1667
119,2,evaluate,1.903164894492538,0.5920815836832634,0.5934826449801908,0.5876777371726989,0.5878816782171288,1667
119,3,evaluate,1.8553262844129845,0.6082783443311338,0.6077546526817258,0.6036583011348102,0.6042681322677839,1667
119,4,evaluate,1.8723174214914993,0.6124775044991002,0.6158195559294712,0.6154149128910118,0.6129256627629444,1667
119,5,evaluate,2.058506828767282,0.5920815836832634,0.5925324940336647,0.5929785325075565,0.5914976262643223,1667
120,0,evaluate,2.1053969948380082,0.5950809838032394,0.5973796890480899,0.5960693460476325,0.595787674059598,1667
120,1,evaluate,2.010372029962363,0.5902819436112777,0.594232210894605,0.5855981206440827,0.587901094714974,1667
120,2,evaluate,2.1060105164845786,0.5764847030593881,0.5818986196280842,0.5777658255955377,0.5784803006396377,1667
120,3,evaluate,1.9804465453381892,0.6010797840431914,0.6008863923797724,0.5966307296589886,0.5979071846761455,1667
120,4,evaluate,2.005661858452691,0.5920815836832634,0.5962332277101877,0.5963734910974898,0.5948483352607196,1667
120,5,evaluate,1.9755585590998332,0.6100779844031193,0.6071633999128269,0.6053924178187523,0.6056651742803477,1667
121,0,evaluate,1.9632933421267404,0.5914817036592681,0.5907378198792784,0.586397127864506,0.585815001781933,1667
121,1,evaluate,1.9838886890146468,0.593881223755249,0.5941576893538499,0.5901527633677178,0.5905501500790329,1667
121,2,evaluate,2.1394656587530068,0.5962807438512298,0.5973978836935052,0.5969833767425357,0.5958143947098129,1667
121,3,evaluate,1.9217620469905712,0.6112777444511098,0.61074532003574,0.607829178389661,0.607074228532429,1667
121,4,evaluate,1.9647929480782262,0.5944811037792441,0.5984329316632587,0.5974880032240162,0.5956106415538225,1667
121,5,evaluate,2.067049401777762,0.5722855428914218,0.5760723757964433,0.5731544795241452,0.5720650749954068,1667
122,0,evaluate,1.989212394312576,0.5926814637072585,0.5923048364362007,0.5979299774997069,0.5930960961927745,1667
122,1,evaluate,1.9895096217040662,0.5992801439712058,0.5979934254058061,0.596045956134024,0.5959929188012955,1667
122,2,evaluate,2.1271873315175376,0.6028794241151769,0.604091378123982,0.6027068097648072,0.6024034600788958,1667
122,3,evaluate,1.9914711228123418,0.6028794241151769,0.5983763420504198,0.5970021322192802,0.5969244040232123,1667
122,4,evaluate,2.112514124976264,0.5680863827234554,0.5712259345916142,0.5698540437195139,0.5682629875770903,1667
122,5,evaluate,1.9624456197575286,0.5962807438512298,0.595336629381525,0.5913441242262581,0.5917206354336015,1667
123,0,evaluate,2.0258016420735254,0.5956808638272345,0.5980314424479496,0.5994071557760153,0.5948216083035661,1667
123,1,evaluate,1.9707267240241721,0.6064787042591482,0.6029712612157916,0.6028276688309226,0.6001151184509208,1667
123,2,evaluate,1.9733639402246033,0.6004799040191962,0.5983605373812398,0.5952810646296074,0.5950036114064229,1667
123,3,evaluate,2.162663552496168,0.5914817036592681,0.589450739199972,0.5925303393590625,0.5895299084171742,1667
123,4,evaluate,2.1045216454399958,0.5692861427714457,0.5698496039542406,0.5701169367710802,0.5677997486984558,1667
123,5,evaluate,1.9884072655328997,0.5956808638272345,0.5920805632195265,0.59087180824349,0.5902843017665986,1667
124,0,evaluate,2.0268377418871277,0.5788842231553689,0.5813304404145355,0.5795350547089804,0.5793052508237777,1667
124,1,evaluate,1.937185969065737,0.6058788242351529,0.6074767442160682,0.6013195319067574,0.6021169156236624,1667
124,2,evaluate,1.9269262539153849,0.5956808638272345,0.5968916032614311,0.5919272770954275,0.5931866204687507,1667
124,3,evaluate,1.962390367631559,0.608878224355129,0.6118163426476044,0.6122769263773218,0.6103506641107018,1667
124,4,evaluate,2.125398697676482,0.6004799040191962,0.6020658680244092,0.6018384079871612,0.6012761434595056,1667
124,5,evaluate,1.9544896328890766,0.6124775044991002,0.6083532742392506,0.6070354672781539,0.6069677391430258,1667
125,0,evaluate,1.9932017900325634,0.6028794241151769,0.5987349459674637,0.5984201142102082,0.5969042051632403,1667
125,1,evaluate,2.0719877431790032,0.5926814637072585,0.5922707773564103,0.5891016147556175,0.5885126601864124,1667
125,2,evaluate,2.2336767117182412,0.5920815836832634,0.593513742935321,0.593334137128563,0.5917518202495382,1667
125,3,evaluate,2.057956682311164,0.5998800239952009,0.6019549567999907,0.5957702017823989,0.5958542480815524,1667
125,4,evaluate,2.0702189714820296,0.5932813437312537,0.5941403354131475,0.5953659535503307,0.592217004139549,1667
125,5,evaluate,2.166502352114077,0.5764847030593881,0.5805376810179805,0.5770681823089732,0.5761523482301324,1667
126,0,evaluate,2.061763377101333,0.593881223755249,0.5936519182168434,0.5973725154877514,0.5926905228494915,1667
126,1,evaluate,2.0477984827356757,0.6028794241151769,0.6001824949095185,0.5971302669593372,0.5971406459965846,1667
126,2,evaluate,2.047291013929579,0.6076784643071386,0.6046127706909202,0.6042415610103644,0.6023483867478666,1667
126,3,evaluate,2.0457158847539514,0.5914817036592681,0.5917919726502251,0.5878939289484737,0.587444792975641,1667
126,4,evaluate,2.2671783235338,0.5884823035392921,0.5870176804651344,0.5884128614263668,0.5862093151033255,1667
126,5,evaluate,2.1118681254210294,0.5782843431313738,0.5809453796964901,0.5796839505013066,0.5775106716697227,1667
127,0,evaluate,1.9646958557854373,0.5980803839232154,0.5977855923253459,0.5911226390600236,0.5932689671474665,1667
127,1,evaluate,1.9744204415215387,0.611877624475105,0.6100646463938242,0.6077699731289141,0.6077534750247988,1667
127,2,evaluate,2.016750713189443,0.596880623875225,0.596946160730077,0.592274188699324,0.5926332826200755,1667
127,3,evaluate,2.00936769362953,0.6040791841631674,0.6082622327311572,0.6077818461974034,0.6044527055834088,1667
127,4,evaluate,2.1004319500040123,0.5692861427714457,0.5736342114452493,0.5692297432674202,0.569284968736712,1667
127,5,evaluate,2.192062082114043,0.5932813437312537,0.5955549987543616,0.5935980597826529,0.5933906941842746,1667
128,0,evaluate,2.0700478377165616,0.593881223755249,0.5924520293530972,0.5973473892750036,0.5932494399805492,1667
128,1,evaluate,2.1367091128119715,0.5722855428914218,0.5737071879724686,0.5731978230563827,0.571329115189406,1667
128,2,evaluate,2.0411435378094516,0.5890821835632873,0.5874717170075795,0.5851033595933758,0.585461177335916,1667
128,3,evaluate,2.0230479461175426,0.6124775044991002,0.6085785024273787,0.6071674907981061,0.6070440608778869,1667
128,4,evaluate,2.0134661593646914,0.5956808638272345,0.5964070428344401,0.5909681024305649,0.5914450313738777,1667
128,5,evaluate,2.253868261973063,0.5890821835632873,0.5877592928638345,0.5897378086972238,0.5882600568666189,1667
129,0,evaluate,2.16192139464396,0.5932813437312537,0.5947922331123197,0.5882743803640309,0.5887044503614632,1667
129,1,evaluate,2.121146308051215,0.6112777444511098,0.6093682243786583,0.6060714948080992,0.6060793550724536,1667
129,2,evaluate,2.149356885364762,0.5920815836832634,0.590111647759919,0.5878447044157469,0.5879293002415329,1667
129,3,evaluate,2.158155904875861,0.5836832633473306,0.5869953891926692,0.5876285837284384,0.5855248127082782,1667
129,4,evaluate,2.3258359564675226,0.6004799040191962,0.6004961456706596,0.6017405266026921,0.5994893465192674,1667
129,5,evaluate,2.220581085593612,0.5782843431313738,0.581702253712345,0.5800534533135946,0.5784317497414349,1667
130,0,evaluate,2.162278786853508,0.5686862627474505,0.5727952223413086,0.5690961633432569,0.5698961585913498,1667
130,1,evaluate,2.0239837536657297,0.6010797840431914,0.6023042250118895,0.5951425601840397,0.5971289737418675,1667
130,2,evaluate,2.0149763270660683,0.5914817036592681,0.5892306852291311,0.5867187797305992,0.587191996660527,1667
130,3,evaluate,1.9973002672195435,0.5992801439712058,0.5961347715413448,0.5936899700673964,0.593678629067157,1667
130,4,evaluate,2.181928784758956,0.587882423515297,0.5916036159508237,0.5888052055888531,0.5893272105508596,1667
130,5,evaluate,2.009671127354657,0.5926814637072585,0.596204924911401,0.597215050404104,0.5937808745361471,1667
131,0,evaluate,2.2534644956941956,0.5974805038992201,0.601957562416202,0.5978449504800294,0.5993441533585223,1667
131,1,evaluate,2.093737350569831,0.5926814637072585,0.5924417539866232,0.5896530950456843,0.5905584500673824,1667
131,2,evaluate,2.083250629681128,0.5896820635872826,0.5940553760127879,0.5853314698564801,0.587382076933849,1667
131,3,evaluate,2.0686407398294517,0.5920815836832634,0.5938853607971255,0.5947774242391397,0.5940180418853259,1667
131,4,evaluate,2.1493941766244395,0.5782843431313738,0.5800256843946071,0.5786879331166918,0.5787191367931186,1667
131,5,evaluate,2.0467314455244274,0.6076784643071386,0.6071617004333927,0.6038440155007002,0.6047886420804031,1667
132,0,evaluate,2.2524276044633655,0.5770845830833833,0.5782294852013004,0.5785250026841358,0.5756924022756138,1667
132,1,evaluate,2.3208473567609436,0.5980803839232154,0.5965197517545169,0.5989574331744744,0.5968763742784764,1667
132,2,evaluate,2.1565614673826428,0.5914817036592681,0.593027498529664,0.5949645619922898,0.5910822602372869,1667
132,3,evaluate,2.144579547146956,0.5998800239952009,0.5967770608102867,0.5950799276385316,0.5945038841111852,1667
132,4,evaluate,2.1226643368049904,0.6028794241151769,0.6011175289940158,0.5994611540327532,0.5972660701717746,1667
132,5,evaluate,2.169965451514279,0.5974805038992201,0.596867401298485,0.5931561742249198,0.5915358289938281,1667
133,0,evaluate,2.0699270766366413,0.5884823035392921,0.5885937997856767,0.5920923523354998,0.5879701380775552,1667
133,1,evaluate,2.1000000812389232,0.5752849430113978,0.574109194040191,0.5761844721633846,0.573771555037213,1667
133,2,evaluate,2.007992469050266,0.5944811037792441,0.590083369220963,0.5882873009315623,0.588500929693306,1667
133,3,evaluate,1.9805125881124426,0.6040791841631674,0.5982919737789921,0.5981600325466359,0.5973112216281267,1667
133,4,evaluate,2.048013001680374,0.5920815836832634,0.5872939256675684,0.5872386899865819,0.5866310979327034,1667
133,5,evaluate,2.1394465102089777,0.593881223755249,0.5929525742652786,0.5945948160788641,0.5926024314357334,1667
134,0,evaluate,2.2080220028206154,0.5986802639472105,0.598612258624302,0.6020459516354685,0.5987391927707884,1667
134,1,evaluate,2.1166284145804606,0.6028794241151769,0.5981024536703133,0.5973594879614428,0.5969689041540466,1667
134,2,evaluate,2.184985958867603,0.587882423515297,0.5838178394128362,0.5837285301215708,0.5831022025821291,1667
134,3,evaluate,2.284250096038536,0.5764847030593881,0.5783163493929947,0.5775941556930404,0.5755602376656902,1667
134,4,evaluate,2.3060833789684154,0.5854829034193162,0.5847342988404242,0.585468660365202,0.5845929649581016,1667
134,5,evaluate,2.137598192250287,0.6058788242351529,0.5995809015705417,0.6004244358555771,0.5994938004738595,1667
135,0,evaluate,2.2191569170466177,0.596880623875225,0.6006891597622622,0.5933148154130526,0.5945913480941919,1667
135,1,evaluate,2.179795296103866,0.5962807438512298,0.603789756246724,0.5985822655208404,0.599628400227008,1667
135,2,evaluate,2.4654784776546337,0.593881223755249,0.5972472841878271,0.5948601515168008,0.595604756888081,1667
135,3,evaluate,2.1768098810204752,0.5920815836832634,0.5939209844865314,0.5881253667472098,0.5899044457199488,1667
135,4,evaluate,2.169880478470414,0.6022795440911818,0.6054220575485576,0.5987151563921005,0.6000981072176177,1667
135,5,evaluate,2.312648033654248,0.5620875824835033,0.5698540532924938,0.5626016393374795,0.5644924766581069,1667
136,0,evaluate,2.2324184182755373,0.5986802639472105,0.5983391560802429,0.6028765205971942,0.5984284058544445,1667
136,1,evaluate,2.2058894441773496,0.5974805038992201,0.5920059336454317,0.5905001784890419,0.5897750287413313,1667
136,2,evaluate,2.190418839454651,0.6160767846430714,0.6086633393119906,0.6106374983079654,0.6081601631948257,1667
136,3,evaluate,2.197752156191402,0.5962807438512298,0.5915847647626761,0.5914763008061155,0.5902338015119792,1667
136,4,evaluate,2.3374728096856012,0.5704859028194361,0.5682430665745312,0.5710959908140293,0.5672049304888772,1667
136,5,evaluate,2.4393122416955455,0.5842831433713257,0.5828347212459893,0.5849278676973616,0.5829323915271715,1667
137,0,evaluate,2.4279320460778697,0.5980803839232154,0.5976220810272255,0.5976763438581476,0.5970649388189232,1667
137,1,evaluate,2.2326436749211065,0.6016796640671865,0.5965846855222476,0.5957613180912495,0.5952255412177714,1667
137,2,evaluate,2.2933169261172965,0.5920815836832634,0.5887820705226131,0.5879988670048127,0.5875921693938302,1667
137,3,evaluate,2.3913386397891574,0.5644871025794841,0.5654878901618864,0.5645694458249448,0.5632746722464407,1667
137,4,evaluate,2.244805723980621,0.6064787042591482,0.6030116655255353,0.6010685411784937,0.601186036600722,1667
137,5,evaluate,2.2833512113602072,0.596880623875225,0.5975385420608171,0.6006957019198856,0.5972277702450816,1667
138,0,evaluate,2.426363304809288,0.5632873425314937,0.5721473916461101,0.5631584464434047,0.5650569213463557,1667
138,1,evaluate,2.511498040623135,0.5956808638272345,0.5994131136081725,0.5950687187606454,0.5960836309490666,1667
138,2,evaluate,2.3072100314829083,0.5896820635872826,0.5960330141487582,0.5931052873122402,0.5924920491150731,1667
138,3,evaluate,2.3027276595433555,0.6034793041391722,0.6004491394922983,0.5982296821398391,0.5978461036747278,1667
138,4,evaluate,2.28951718961751,0.5884823035392921,0.5904653060494024,0.5849303815380857,0.586283010811723,1667
138,5,evaluate,2.194435980860834,0.5926814637072585,0.5943016908824759,0.5862492581977962,0.5894081449053663,1667
139,0,evaluate,2.247084061304728,0.5644871025794841,0.5620224808396771,0.5641628108022961,0.5622892922293732,1667
139,1,evaluate,2.3437175529974477,0.5902819436112777,0.5889651300786987,0.5908106273568674,0.5890536373979629,1667
139,2,evaluate,2.1244009090242564,0.5914817036592681,0.5877278664196726,0.5853430097079874,0.5849720507509647,1667
139,3,evaluate,2.172379696810687,0.5914817036592681,0.5896485299932636,0.5873006543673033,0.5864009355721704,1667
139,4,evaluate,2.2050893251542694,0.5836832633473306,0.5851262641333618,0.5869744294413025,0.5826839080374457,1667
139,5,evaluate,2.172538540981434,0.590881823635273,0.5856655612777885,0.5859769645473591,0.5837090314940123,1667
140,0,evaluate,2.2923776101734905,0.5890821835632873,0.5952543231994528,0.5929169734289053,0.5916019478105585,1667
140,1,evaluate,2.394061640456871,0.5644871025794841,0.567618582101765,0.5655225296736508,0.5652711716299631,1667
140,2,evaluate,2.509800579812792,0.5974805038992201,0.5976263478876229,0.5985168412284463,0.5970051028780237,1667
140,3,evaluate,2.2924459973971048,0.593881223755249,0.5982794417366823,0.5899661318297514,0.5908789113289338,1667
140,4,evaluate,2.256596075163947,0.6040791841631674,0.6056248470027497,0.6004067056619135,0.600327582470113,1667
140,5,evaluate,2.2759621811133846,0.5956808638272345,0.5998146696215233,0.5912709624852049,0.5933524324253934,1667
141,0,evaluate,2.4075487322277493,0.5752849430113978,0.5779057753111694,0.57432510764988,0.5752591458906189,1667
141,1,evaluate,2.2830133393958763,0.5962807438512298,0.5972913364926913,0.5921778987587972,0.592239477068353,1667
141,2,evaluate,2.2586111378062657,0.6016796640671865,0.6023391993266335,0.5952675928990593,0.5974303314897108,1667
141,3,evaluate,2.295559538459336,0.5926814637072585,0.59784559870875,0.5942781770447568,0.5943765781677492,1667
141,4,evaluate,2.297150629538077,0.5956808638272345,0.5966927971060835,0.5925397827100685,0.5931667710921384,1667
141,5,evaluate,2.4364527154851845,0.5962807438512298,0.5986338148851607,0.5963338317101549,0.5970977902493207,1667
142,0,evaluate,2.5232217841678195,0.590881823635273,0.5925154244510292,0.5916257360997099,0.5914429361492144,1667
142,1,evaluate,2.286436010290075,0.6058788242351529,0.6005764862108391,0.6009896485355839,0.5997648058598113,1667
142,2,evaluate,2.3191044010497905,0.5956808638272345,0.5945195347112562,0.5914114342355605,0.5919941790405489,1667
142,3,evaluate,2.271714975712476,0.5962807438512298,0.5977985575603173,0.600383510884308,0.5973300576214275,1667
142,4,evaluate,2.437388888111821,0.5728854229154169,0.5729877111179467,0.573340619183149,0.5722042982888765,1667
142,5,evaluate,2.275585456923754,0.5902819436112777,0.5933037576114945,0.584714641637291,0.586517877008385,1667
143,0,evaluate,2.2161471534658364,0.6004799040191962,0.6000334382293688,0.5966024548866904,0.5962903073647293,1667
143,1,evaluate,2.1886186821869127,0.590881823635273,0.5943252468350951,0.5855565230192264,0.5870460165037923,1667
143,2,evaluate,2.402612496305395,0.5974805038992201,0.5964780426343135,0.5977648115778234,0.5962449708006552,1667
143,3,evaluate,2.2553057547106787,0.5920815836832634,0.5951857150180802,0.5939753828035643,0.5932453167305567,1667
143,4,evaluate,2.3494445195904485,0.555488902219556,0.5557538186820475,0.556337304921627,0.5545111045321731,1667
143,5,evaluate,2.1929824219809637,0.5890821835632873,0.587792358997191,0.5863381297362917,0.5842691486728391,1667
144,0,evaluate,2.459523253970676,0.5644871025794841,0.5647966950280832,0.5655507655114047,0.5639888681452473,1667
144,1,evaluate,2.358004852577492,0.6004799040191962,0.5963486384178609,0.5959040059526729,0.5956938977571073,1667
144,2,evaluate,2.2839876827266483,0.5890821835632873,0.587504237860435,0.5848834537412564,0.5856784004014359,1667
144,3,evaluate,2.5988838451879994,0.5818836232753449,0.5823721297172239,0.5828375815302773,0.5818271450422248,1667
144,4,evaluate,2.3403392552777573,0.5902819436112777,0.591849557059324,0.5933766528421789,0.5918858463486601,1667
144,5,evaluate,2.351447384942461,0.5956808638272345,0.5948495597888388,0.5901142292822354,0.591326808824153,1667
145,0,evaluate,2.4308581705446595,0.5872825434913017,0.5841895417503391,0.5831185566316552,0.58346372956294,1667
145,1,evaluate,2.4941563738716974,0.5932813437312537,0.5926852530916826,0.5935607454169144,0.592169798790285,1667
145,2,evaluate,2.3719157907697888,0.6010797840431914,0.5963708421071838,0.5960168513003667,0.596023326146508,1667
145,3,evaluate,2.587998897941024,0.5716856628674265,0.5726903898171976,0.5728452019829208,0.5716442049956517,1667
145,4,evaluate,2.391034480529251,0.5920815836832634,0.5892970873393296,0.5865884834198727,0.5872510544181899,1667
145,5,evaluate,2.3790146901651665,0.5914817036592681,0.5935769123607535,0.595311945113777,0.5936250728915814,1667
146,0,evaluate,2.3397275783397533,0.5992801439712058,0.59608939062882,0.5952319027296411,0.5938186332795662,1667
146,1,evaluate,2.4914783989941633,0.5632873425314937,0.5616451995725902,0.5642651116355565,0.5602648821005405,1667
146,2,evaluate,2.6556902770642883,0.5920815836832634,0.5921071274457985,0.5928838756581983,0.591373512790353,1667
146,3,evaluate,2.417302910229881,0.5842831433713257,0.5820217220678432,0.5775885515899548,0.5779612524585694,1667
146,4,evaluate,2.3751521150547044,0.5962807438512298,0.5960990481268881,0.5995985733187152,0.595232352753463,1667
146,5,evaluate,2.3846980785882033,0.5920815836832634,0.5902313222680693,0.586522907048518,0.585816681325702,1667
147,0,evaluate,2.5821557928014687,0.5620875824835033,0.5674471703554788,0.5635694217996027,0.5633614430306066,1667
147,1,evaluate,2.3491957496713707,0.608878224355129,0.6079698806304108,0.6054946551666739,0.6056019437239845,1667
147,2,evaluate,2.4128191945729434,0.5872825434913017,0.5885544998321495,0.5837286127606869,0.585087621603845,1667
147,3,evaluate,2.4415508928122343,0.5944811037792441,0.5992489369333481,0.5957692357890765,0.596644475870254,1667
147,4,evaluate,2.462300218089863,0.5950809838032394,0.5949726734810741,0.5893501348907602,0.5907590403376842,1667
147,5,evaluate,2.59771219447807,0.5854829034193162,0.5881570929752634,0.5850601873287121,0.5856566838119474,1667
148,0,evaluate,2.426908166044288,0.6034793041391722,0.6046363060909308,0.60653009906853,0.6045441459714318,1667
148,1,evaluate,2.524216773333373,0.5998800239952009,0.6019940673693097,0.5958047457793739,0.5975735570945068,1667
148,2,evaluate,2.4525288983627602,0.5794841031793642,0.5775571733511605,0.5739651534305829,0.5746183526567521,1667
148,3,evaluate,2.5847973117121943,0.5674865026994601,0.5686009809068675,0.5690533744117006,0.567340809554301,1667
148,4,evaluate,2.374922421243456,0.6076784643071386,0.6060305624308902,0.6041212909651785,0.6036805546154449,1667
148,5,evaluate,2.6712431289531566,0.5890821835632873,0.5924340147318429,0.5899489486024873,0.5903270927485084,1667
149,0,evaluate,2.450786930543405,0.5926814637072585,0.5900165517243807,0.5878611462171788,0.5872425944770988,1667
149,1,evaluate,2.546324641616256,0.5608878224355129,0.5601693508050596,0.5624205006565055,0.5592384232277928,1667
149,2,evaluate,2.48162203696039,0.590881823635273,0.5901910418419267,0.5866453016169085,0.5868371388949117,1667
149,3,evaluate,2.399539564391253,0.5764847030593881,0.573741950091273,0.5705608405984186,0.5704476739034466,1667
149,4,evaluate,2.439590182569292,0.5950809838032394,0.5932305406953812,0.5988341550550492,0.5946399519487422,1667
149,5,evaluate,2.680707913857919,0.5836832633473306,0.5802266818301304,0.5836199061490241,0.5805917877230014,1667
150,0,evaluate,2.6551583254778826,0.6040791841631674,0.6015397991308383,0.6048572625451312,0.6026418456205825,1667
150,1,evaluate,2.5195430860751205,0.5860827834433113,0.5819911891228704,0.5824249197342463,0.5809517107204569,1667
150,2,evaluate,2.4330224725935192,0.5986802639472105,0.5924936097923561,0.5943101531398024,0.5923667179432749,1667
150,3,evaluate,2.6112247573004828,0.5686862627474505,0.5660155411509238,0.5685999801586259,0.5661900950461123,1667
150,4,evaluate,2.4214072651057332,0.5902819436112777,0.5867085514719227,0.5843286418802084,0.5841326396211763,1667
150,5,evaluate,2.5011353562413543,0.5914817036592681,0.5916036130099912,0.5938384023204103,0.5914400783736274,1667
151,0,evaluate,2.441972424172693,0.5896820635872826,0.5902296868670016,0.5932848322591184,0.5894906043859143,1667
151,1,evaluate,2.5242066427513405,0.5548890221955609,0.5549468284737743,0.5558383658660195,0.5534312643137262,1667
151,2,evaluate,2.336216789704782,0.5932813437312537,0.5884825313564026,0.5877753204677022,0.5875715613064659,1667
151,3,evaluate,2.3884312066215054,0.5788842231553689,0.5765076143146892,0.572352847629755,0.5729669171303132,1667
151,4,evaluate,2.6548692517810397,0.5854829034193162,0.583931472988656,0.5860590185160734,0.5842151444060241,1667
151,5,evaluate,2.3608737407183207,0.5980803839232154,0.5957203069886589,0.5938600840617685,0.5935697855422404,1667
152,0,evaluate,2.4664719831888324,0.5992801439712058,0.6000350608190078,0.6020492000914511,0.599510910918475,1667
152,1,evaluate,2.492249278696599,0.5962807438512298,0.5935471902334873,0.5919756492623828,0.5913292880840674,1667
152,2,evaluate,2.6605632128538907,0.5698860227954409,0.5713654531621375,0.5713946719184051,0.5696688559556138,1667
152,3,evaluate,2.8110775064539024,0.5914817036592681,0.5877409037031713,0.5918188556746764,0.58888628208797,1667
152,4,evaluate,2.4338752964028605,0.5896820635872826,0.5879384583194174,0.5838003770432887,0.5837773953284179,1667
152,5,evaluate,2.4649699219950922,0.611877624475105,0.608858329404306,0.6076439656284106,0.6063675031439673,1667
153,0,evaluate,2.3981306003751577,0.5956808638272345,0.5957031965851373,0.5891146916370696,0.5910984458354763,1667
153,1,evaluate,2.6395701699786716,0.5806838632273545,0.5807150304971872,0.5805461771638963,0.5798407552439068,1667
153,2,evaluate,2.3636306215215614,0.5986802639472105,0.5939833882363492,0.5948159274437957,0.5930739502092264,1667
153,3,evaluate,2.4571162691270865,0.5746850629874025,0.5746983111916824,0.5707514954235918,0.5707145035535771,1667
153,4,evaluate,2.475913303869742,0.5842831433713257,0.5884165432259582,0.5872869638263858,0.5854547243325099,1667
153,5,evaluate,2.5898747400001243,0.5626874625074985,0.5632708485380721,0.5627083627294097,0.5615710299907536,1667
154,0,evaluate,2.426185466625072,0.596880623875225,0.591191435008975,0.5919776479562225,0.5906240985805059,1667
154,1,evaluate,2.4615608848355435,0.5986802639472105,0.5981314271479392,0.6024165662170142,0.5983918149504637,1667
154,2,evaluate,2.4593486002197973,0.5788842231553689,0.5741712029580105,0.5730433175576695,0.5726019533652401,1667
154,3,evaluate,2.7371075329957186,0.5896820635872826,0.5866955838413619,0.5907587751501712,0.5875892644052809,1667
154,4,evaluate,2.6728085765132197,0.5662867426514697,0.5645024724104999,0.5676693497836551,0.5646442468985126,1667
154,5,evaluate,2.466543444328838,0.596880623875225,0.5920643013353082,0.5922268898225025,0.5918660812442702,1667
155,0,evaluate,2.5400880627610065,0.5896820635872826,0.586144386168377,0.5860909366514611,0.5853892739424806,1667
155,1,evaluate,2.518761917396828,0.5860827834433113,0.5831010356436194,0.581171698492239,0.5801052262853933,1667
155,2,evaluate,2.548603179830092,0.5920815836832634,0.5940153721258132,0.5970137279774896,0.5930241675281419,1667
155,3,evaluate,2.858670879293371,0.5914817036592681,0.590235991952773,0.5918216508733726,0.5899042200100022,1667
155,4,evaluate,2.713663935661316,0.5704859028194361,0.5714553259454886,0.5712517416663172,0.569623794841828,1667
155,5,evaluate,2.4936581452687583,0.5956808638272345,0.5897319179190189,0.5896076382227845,0.5887804176272716,1667
156,0,evaluate,2.4624278833054833,0.6052789442111578,0.6028629128433858,0.600546709477406,0.5990724784135135,1667
156,1,evaluate,2.7523435795748674,0.590881823635273,0.5903286158131614,0.592000324798512,0.5890998962253523,1667
156,2,evaluate,2.453699898250677,0.5914817036592681,0.5899298686643831,0.5862944964703468,0.5841845439069662,1667
156,3,evaluate,2.6757617791493735,0.5674865026994601,0.5639862200513108,0.5678078179398829,0.5630851052200416,1667
156,4,evaluate,2.50905995098529,0.596880623875225,0.5990154515047534,0.5990776308959443,0.5955542361252413,1667
156,5,evaluate,2.4900378739392317,0.5914817036592681,0.5877435105823606,0.5879792139239228,0.5842625765286241,1667
157,0,evaluate,2.6239577178601867,0.5866826634673066,0.5856581003269712,0.5872898060269893,0.5853809219875867,1667
157,1,evaluate,2.312599054089299,0.6046790641871626,0.5973504162963409,0.598734697005894,0.5975655673830317,1667
157,2,evaluate,2.3967630995644464,0.5956808638272345,0.5934518403392983,0.5979089452362462,0.5942839329359378,1667
157,3,evaluate,2.3276653013847493,0.6004799040191962,0.5963627340218416,0.5964288155830647,0.5959168068917966,1667
157,4,evaluate,2.3411229374232114,0.5914817036592681,0.5895759866919226,0.5856292484015944,0.5868379967040553,1667
157,5,evaluate,2.565994832250807,0.5692861427714457,0.5664641724115723,0.5689360400520979,0.5669319176842255,1667
158,0,evaluate,2.462385756584505,0.5842831433713257,0.5862910127004788,0.5872504261012568,0.5849907354620466,1667
158,1,evaluate,2.5676877851839417,0.5764847030593881,0.5755339288314975,0.5765486012332176,0.5751802371942878,1667
158,2,evaluate,2.4496799735007464,0.5974805038992201,0.5941749291015862,0.593042685973315,0.5925055555879247,1667
158,3,evaluate,2.4076921498333967,0.5956808638272345,0.5918619082519045,0.5904788416016061,0.5904293888468963,1667
158,4,evaluate,2.4439227680365243,0.5776844631073785,0.5778494687909623,0.5707909077697496,0.572858274150043,1667
158,5,evaluate,2.7083107188895896,0.5932813437312537,0.5943815191266222,0.5944006221794608,0.5936747158073697,1667
159,0,evaluate,2.472087843205642,0.5890821835632873,0.5841813986581901,0.5846229622713915,0.5837548376618169,1667
159,1,evaluate,2.4815645438653453,0.5932813437312537,0.5891800190672176,0.5875201049667883,0.5877602158650004,1667
159,2,evaluate,2.537761728796694,0.5926814637072585,0.5919913704656427,0.5965455741703074,0.5935499091142027,1667
159,3,evaluate,2.4725702614695937,0.5914817036592681,0.5845692323847762,0.5847267969792299,0.5839006366735917,1667
159,4,evaluate,2.6836402681138782,0.5710857828434314,0.570587650341377,0.5723715728095334,0.5698838626365401,1667
159,5,evaluate,2.816007071071201,0.596880623875225,0.5953131231921087,0.5971293578762327,0.5951632325619495,1667
160,0,evaluate,2.5831347414188914,0.590881823635273,0.5910713986771722,0.5937623534337451,0.5910912678493593,1667
160,1,evaluate,2.582184257330718,0.6010797840431914,0.5955249804538664,0.5957118980741752,0.5944145338301114,1667
160,2,evaluate,2.5253131803539066,0.5992801439712058,0.5943388229268025,0.594113383439974,0.5932619700008939,1667
160,3,evaluate,2.91706261811433,0.6010797840431914,0.5989012072110997,0.6020347897544479,0.5998291176371687,1667
160,4,evaluate,2.58700364690136,0.5890821835632873,0.5848122178236368,0.5828781454340597,0.5828032138658271,1667
160,5,evaluate,2.7041026883655124,0.5716856628674265,0.5709666890125012,0.5730093101374172,0.5705712139974218,1667
161,0,evaluate,2.4976873381270304,0.5932813437312537,0.5904962206459171,0.5895874038859477,0.589586934116871,1667
161,1,evaluate,2.4913919877122948,0.5842831433713257,0.5801057906503554,0.5789516717101442,0.5783831658007278,1667
161,2,evaluate,2.6150105750119246,0.5728854229154169,0.5730126091198007,0.5738047431387743,0.5721802318696256,1667
161,3,evaluate,2.8137382489663585,0.587882423515297,0.5842409688338557,0.5885775500133188,0.5857571670374524,1667
161,4,evaluate,2.4585202294919224,0.5944811037792441,0.5960756997416963,0.5984770272360355,0.5959676290768376,1667
161,5,evaluate,2.4221993861375033,0.5944811037792441,0.5893398221055615,0.5893835515463953,0.5886879844542328,1667
162,0,evaluate,2.5367274792106063,0.5704859028194361,0.5735953785345933,0.564619594460784,0.566463162385162,1667
162,1,evaluate,2.5123883027721337,0.593881223755249,0.5978027604929516,0.5964339326224941,0.5947447126815496,1667
162,2,evaluate,2.8538230304364807,0.5842831433713257,0.5852510754774549,0.585498145349163,0.5845221878469171,1667
162,3,evaluate,2.52787302158497,0.5974805038992201,0.5971746735619605,0.5928915052948507,0.5935709384533272,1667
162,4,evaluate,2.5357306149822696,0.6004799040191962,0.5989998271904353,0.5960326539152584,0.5960778172886076,1667
162,5,evaluate,2.6417165288218745,0.5602879424115177,0.5636073772612138,0.560789908515734,0.5608023846102332,1667
163,0,evaluate,2.607084773204945,0.6022795440911818,0.5959807337078322,0.5962479963746364,0.5953830369501076,1667
163,1,evaluate,2.926823721991645,0.5950809838032394,0.5958402588470543,0.5954362513251721,0.594710906633801,1667
163,2,evaluate,2.6473742817287094,0.5914817036592681,0.5874109644311822,0.5849771489259646,0.5855034368098535,1667
163,3,evaluate,2.5679889558642,0.6058788242351529,0.6072203122002184,0.6080451379024276,0.6066057428058141,1667
163,4,evaluate,2.675421501475352,0.5902819436112777,0.5870781138936201,0.5861108620125957,0.585555784901812,1667
163,5,evaluate,2.791529487680506,0.5764847030593881,0.5757311534335482,0.5765888326322589,0.5756954612302939,1667
164,0,evaluate,3.013128708910059,0.5884823035392921,0.5871242209563905,0.5892664719603381,0.5873189549777534,1667
164,1,evaluate,2.691406397424914,0.5932813437312537,0.5906565660169275,0.5892786667295536,0.5893706480932331,1667
164,2,evaluate,2.5972812793872975,0.6034793041391722,0.6008281589036708,0.5985543546684385,0.5979393652434088,1667
164,3,evaluate,2.7366971682619163,0.584883023395321,0.5837959049140931,0.5799014380536361,0.5793046294453295,1667
164,4,evaluate,2.7747823662228055,0.5656868626274745,0.5653335874805338,0.566711779987092,0.5650444108628271,1667
164,5,evaluate,2.7259622149997287,0.5926814637072585,0.5922115838259515,0.5956559110424073,0.5924631965220688,1667
165,0,evaluate,2.590754650257252,0.5998800239952009,0.5940590714200708,0.5957157637054207,0.5943580923307901,1667
165,1,evaluate,2.615142922296568,0.5902819436112777,0.5867449654255726,0.5842306820700844,0.5844239074094288,1667
165,2,evaluate,2.6437295888102166,0.5890821835632873,0.5853042406722853,0.585172890990599,0.5849719429308537,1667
165,3,evaluate,2.938667089850814,0.5836832633473306,0.5820530650103268,0.5847551239948217,0.582670390312851,1667
165,4,evaluate,2.818466623624166,0.563887222555489,0.5626745037056313,0.5644079310907999,0.5628284206738161,1667
165,5,evaluate,2.6213841617659286,0.584883023395321,0.5835341443521201,0.5869219218628776,0.5844786353608133,1667
166,0,evaluate,2.693190383690375,0.5974805038992201,0.6026655105448964,0.6009500629655358,0.6007397594710131,1667
166,1,evaluate,2.7230860922071667,0.5902819436112777,0.5953183339665356,0.5867014301018402,0.5889027804102371,1667
166,2,evaluate,3.124080083988331,0.590881823635273,0.5979765238608689,0.5913212200280527,0.5933497114956523,1667
166,3,evaluate,2.759424074932381,0.5782843431313738,0.5805897982634151,0.5740214503054127,0.5755312047221175,1667
166,4,evaluate,2.913037997704965,0.5578884223155369,0.5662904632303002,0.5597295182669171,0.5610829227596132,1667
166,5,evaluate,2.7480174877025463,0.5890821835632873,0.5920360162111505,0.5851245581850328,0.5875264922231006,1667
167,0,evaluate,2.626508175222962,0.5890821835632873,0.5852946448123417,0.584649770039879,0.5832179506235456,1667
167,1,evaluate,2.68790222980358,0.5884823035392921,0.5878564300117196,0.5934959558314115,0.5879570827642555,1667
167,2,evaluate,2.6286880816850395,0.5914817036592681,0.5871128636645542,0.5856898422612324,0.5855705131836767,1667
167,3,evaluate,2.9406647858796298,0.5902819436112777,0.5886157080860174,0.5901361576387603,0.5875439535908948,1667
167,4,evaluate,2.8107717125504106,0.5584883023395321,0.5585000508111246,0.5582290793814246,0.5565197794147799,1667
167,5,evaluate,2.6266957742196544,0.596880623875225,0.5886520564224562,0.5907140598195244,0.5887119344258858,1667
168,0,evaluate,2.9534609935901783,0.555488902219556,0.555014895767205,0.5556797520370658,0.5536402170358934,1667
168,1,evaluate,2.7059983978116953,0.5914817036592681,0.5897895018551956,0.5867003450850142,0.586715911109598,1667
168,2,evaluate,2.9995549696463124,0.5818836232753449,0.5826562470086235,0.5831949368377294,0.581760187772758,1667
168,3,evaluate,2.6770336859756045,0.587882423515297,0.5926618207810039,0.5820753097725523,0.584182912712974,1667
168,4,evaluate,2.6991067545281515,0.590881823635273,0.5944635831353642,0.5935558115882344,0.5917263701173665,1667
168,5,evaluate,2.65524364400793,0.6016796640671865,0.5970886877670787,0.5961496386682218,0.5948685014363846,1667
169,0,evaluate,2.6374005962301186,0.5980803839232154,0.5954284561437555,0.5923513053323096,0.5932482883958887,1667
169,1,evaluate,2.6491761350038425,0.5926814637072585,0.595497844479376,0.5959138231541716,0.594720775017413,1667
169,2,evaluate,2.682695855283075,0.5896820635872826,0.5908629831803263,0.5849084710652833,0.5864933993282028,1667
169,3,evaluate,2.762499769528707,0.590881823635273,0.5901102001584951,0.5869559615055209,0.5879236420754768,1667
169,4,evaluate,2.88021860299287,0.5962807438512298,0.5974871117292129,0.5967353667840857,0.5963939521815045,1667
169,5,evaluate,2.8159444663259716,0.5626874625074985,0.564323184875753,0.5636028095659597,0.5631521603208078,1667
170,0,evaluate,2.7098771994588553,0.5902819436112777,0.5940541600305095,0.591444987776435,0.5914725593847939,1667
170,1,evaluate,2.751861141787635,0.5902819436112777,0.5881271192909459,0.5838636069416078,0.5851373584607591,1667
170,2,evaluate,2.7617850293991744,0.5806838632273545,0.5775284194412832,0.5770181836258879,0.5759166874609507,1667
170,3,evaluate,2.7034613732938415,0.5926814637072585,0.5893182033800335,0.5879780528922726,0.5876664167219527,1667
170,4,evaluate,2.973018257706254,0.584883023395321,0.5860064139752179,0.584557000656867,0.5845037423588201,1667
170,5,evaluate,2.897417289239389,0.5686862627474505,0.574193363657102,0.5690823496347364,0.5693068165230732,1667
171,0,evaluate,2.9240125815073648,0.5596880623875224,0.5633337127622227,0.5600418016007713,0.5607868143498397,1667
171,1,evaluate,2.6370012066844435,0.5902819436112777,0.5942060106406606,0.5929885931022321,0.5926034762369019,1667
171,2,evaluate,2.964575105243259,0.5836832633473306,0.5861992495479431,0.5834329808674932,0.5841137005204688,1667
171,3,evaluate,2.7260137840553567,0.5992801439712058,0.5982333980760501,0.5944447626406824,0.5949028054191865,1667
171,4,evaluate,2.7174379980122603,0.5806838632273545,0.5824743556327825,0.5751847739736748,0.5774815488563512,1667
171,5,evaluate,2.7361429068777294,0.5818836232753449,0.5808075865101631,0.5777828495055701,0.5784731551897296,1667
172,0,evaluate,2.7177613802530147,0.5962807438512298,0.5966208909010138,0.5984212863392077,0.5965643786361337,1667
172,1,evaluate,2.677209874873774,0.5896820635872826,0.587370235834685,0.5845766486269616,0.5842885417449505,1667
172,2,evaluate,2.7609250015682645,0.5932813437312537,0.5916703545009712,0.5900439815858796,0.5893461794935577,1667
172,3,evaluate,2.8115912449580653,0.5776844631073785,0.5744837585829907,0.5731638449740526,0.5727303774105519,1667
172,4,evaluate,2.900061128316102,0.5674865026994601,0.5687058986622822,0.5683149737858946,0.5667920904435259,1667
172,5,evaluate,3.0936823332751238,0.5872825434913017,0.584211743027748,0.5873983375739908,0.5850969925172168,1667
173,0,evaluate,3.052049998883848,0.5854829034193162,0.5853165771131116,0.586040949187804,0.5855721436661641,1667
173,1,evaluate,2.870817290412055,0.5626874625074985,0.5646037597817213,0.5632556001770055,0.5631285756629574,1667
173,2,evaluate,2.6700143527101585,0.5950809838032394,0.5954955741942081,0.5905703811794255,0.5923297907486342,1667
173,3,evaluate,2.6110821344234325,0.5950809838032394,0.593373192235496,0.5904928646995852,0.590181233584102,1667
173,4,evaluate,2.6108725613535,0.5932813437312537,0.5954563079382629,0.5881923043620252,0.5896111861223192,1667
173,5,evaluate,2.6272777065082833,0.5944811037792441,0.5980856485510949,0.5972358849430708,0.5965060863897029,1667
174,0,evaluate,2.7627952142998025,0.5854829034193162,0.5876973035858063,0.5810640591067331,0.5827624793501639,1667
174,1,evaluate,2.7921014957957797,0.5782843431313738,0.5788466135874141,0.5749117174293714,0.5757908201533101,1667
174,2,evaluate,3.0741989259366638,0.5782843431313738,0.5823522605128002,0.5789979126932694,0.5797135198166478,1667
174,3,evaluate,2.7664914863804975,0.5980803839232154,0.604387232254678,0.6009197453510924,0.6013948964386808,1667
174,4,evaluate,2.764444299042225,0.584883023395321,0.5882958586822469,0.5807160438713341,0.5829837571470542,1667
174,5,evaluate,2.978712148136563,0.5596880623875224,0.5647276493150791,0.5600512659881193,0.5602416642897048,1667
175,0,evaluate,2.791328880521986,0.5974805038992201,0.5895866798585587,0.5924220623724479,0.5890570700508211,1667
175,1,evaluate,2.841532787791005,0.5926814637072585,0.5910150037105624,0.5957782789004167,0.5913108489300097,1667
175,2,evaluate,2.9014264146486917,0.5926814637072585,0.5844984048091517,0.5878795387214536,0.5845842363202376,1667
175,3,evaluate,2.8825959861278534,0.5800839832033593,0.5764491233341638,0.5748414789514367,0.5728489422625213,1667
175,4,evaluate,3.0294475290510388,0.596880623875225,0.5909446123326333,0.5971267572259358,0.5927919185055068,1667
175,5,evaluate,3.079506008713334,0.5584883023395321,0.5526144802063836,0.5587463191554576,0.5540997512180369,1667
176,0,evaluate,2.896186167995135,0.5860827834433113,0.58764514797947,0.5824017104398935,0.5841256715215268,1667
176,1,evaluate,3.1732685565948486,0.5842831433713257,0.5880646862742669,0.5849620556510797,0.5859152995036858,1667
176,2,evaluate,2.8553596999910145,0.6004799040191962,0.606218085970468,0.6026637825357067,0.6033201199041829,1667
176,3,evaluate,3.0502871495706065,0.5674865026994601,0.569572771127436,0.5677653138487707,0.5683060806636403,1667
176,4,evaluate,2.884306653230279,0.5770845830833833,0.5837291254906567,0.5729765796612208,0.5752388728824748,1667
176,5,evaluate,2.814121308150115,0.5980803839232154,0.5972781838985952,0.5936536137988911,0.5937887535615515,1667
177,0,evaluate,3.0980591111712985,0.5836832633473306,0.5828574316724351,0.5844482464335348,0.5828344852205934,1667
177,1,evaluate,2.7330401761940233,0.5932813437312537,0.5973160147584342,0.5945395843960102,0.5943937811643382,1667
177,2,evaluate,2.782169451661132,0.5890821835632873,0.5872815755553292,0.5848753052645523,0.5847895841350212,1667
177,3,evaluate,2.7822379536098905,0.5902819436112777,0.586531313556215,0.5861491668528909,0.5844345406007927,1667
177,4,evaluate,2.8032466947204537,0.5812837432513497,0.5798295767601582,0.5743867459953932,0.5759476467518597,1667
177,5,evaluate,2.942615778357894,0.5686862627474505,0.5685287504328682,0.5691254530786884,0.5669654864182595,1667
178,0,evaluate,2.783752170011953,0.5932813437312537,0.5953364585803953,0.5960173651927756,0.5941449415396746,1667
178,1,evaluate,2.748787005742391,0.5998800239952009,0.594786931706155,0.5949371342924097,0.5939128624347676,1667
178,2,evaluate,2.8278422955147646,0.5806838632273545,0.5810855944084351,0.5741890231063898,0.5753721143175177,1667
178,3,evaluate,3.1430875769367925,0.5788842231553689,0.5801306277200358,0.5791117652937171,0.5788999873406733,1667
178,4,evaluate,2.877956910610751,0.5812837432513497,0.5787966504013783,0.5772333186388326,0.5762144793290014,1667
178,5,evaluate,2.9282908550015203,0.5596880623875224,0.5617299247208375,0.5603684042085866,0.5596537675611674,1667
179,0,evaluate,3.159100139582599,0.5842831433713257,0.5825215679369062,0.5843737944886833,0.5825124320332742,1667
179,1,evaluate,2.8684118064465345,0.5860827834433113,0.5820892296138914,0.5797870577213908,0.5795684962667329,1667
179,2,evaluate,2.8260889936376503,0.5902819436112777,0.5850828902160702,0.5853099046425388,0.583554785364343,1667
179,3,evaluate,2.8913272089428372,0.5884823035392921,0.5888810231151981,0.5912300287140102,0.5876864216068816,1667
179,4,evaluate,3.0431242607257984,0.5656868626274745,0.5651941536848776,0.5663239174757246,0.5640619054261091,1667
179,5,evaluate,2.882196467680236,0.5890821835632873,0.5866151330695148,0.5846934377798899,0.5839506319059434,1667
180,0,evaluate,2.9155723293208413,0.5860827834433113,0.5894153769091661,0.5904980535935095,0.5877272999079084,1667
180,1,evaluate,2.8576319723355548,0.593881223755249,0.5918316778826601,0.5873842897861737,0.5878043484429588,1667
180,2,evaluate,3.1148254253246166,0.563887222555489,0.5674940373181153,0.5651386917155639,0.5643857633009606,1667
180,3,evaluate,2.8675391850648104,0.5932813437312537,0.5929652591098311,0.5884467556706291,0.588698456784863,1667
180,4,evaluate,2.971712509791056,0.5890821835632873,0.5883024089312665,0.584465552566724,0.5849064853687059,1667
180,5,evaluate,3.248089763853285,0.5884823035392921,0.5880167620228887,0.5883389822382891,0.5866555452320666,1667
181,0,evaluate,2.9569015944445574,0.5980803839232154,0.5968243812711245,0.5938760629879025,0.595062656066908,1667
181,1,evaluate,2.9589190438941673,0.6022795440911818,0.5993602385783301,0.5979822946445863,0.597197365838417,1667
181,2,evaluate,2.918548323283041,0.5962807438512298,0.5985310202351741,0.5986399280199549,0.5976946147042329,1667
181,3,evaluate,3.163612643877665,0.5680863827234554,0.5702609231010607,0.569589102061775,0.568295700211394,1667
181,4,evaluate,3.3334078082331904,0.5884823035392921,0.5871010311317397,0.5891891172015622,0.5873091253091173,1667
181,5,evaluate,3.005693696163319,0.5758848230353929,0.5747240333449181,0.5702340337420295,0.5714836079185704,1667
182,0,evaluate,3.1275664854932717,0.5674865026994601,0.5683576507248796,0.5677773980759717,0.566789984547358,1667
182,1,evaluate,2.935682757964565,0.5956808638272345,0.6011595616591285,0.5984190511801577,0.5988458630434834,1667
182,2,evaluate,2.9824778310678624,0.5854829034193162,0.5859675951206987,0.5804390789874584,0.5818031938754396,1667
182,3,evaluate,3.054768172679124,0.5824835032993402,0.5814908192571766,0.5787933538946881,0.5792146351158324,1667
182,4,evaluate,3.324762790291398,0.587882423515297,0.5885187332115063,0.5883334350095496,0.5880809022478927,1667
182,5,evaluate,2.9325192592762135,0.6022795440911818,0.5987625584357069,0.5970837699697878,0.5973671872863039,1667
183,0,evaluate,3.384516380451344,0.5860827834433113,0.5868407421448237,0.5860301760179754,0.5852141643869112,1667
183,1,evaluate,2.9819826196741173,0.5920815836832634,0.5900831709570926,0.5868995357027446,0.5873260511983587,1667
183,2,evaluate,3.059286407850407,0.5806838632273545,0.57913195628556,0.5755644829997923,0.5752222228198617,1667
183,3,evaluate,3.091435578134325,0.584883023395321,0.5872106156816184,0.5817810474430927,0.582939712489373,1667
183,4,evaluate,3.226665805887293,0.5650869826034793,0.569545953072585,0.5667007406699064,0.5659732194909076,1667
183,5,evaluate,2.9738832226505987,0.5962807438512298,0.5980637687846105,0.5987675630091276,0.597609371425548,1667
184,0,evaluate,2.8575064812924853,0.5854829034193162,0.5834429433079645,0.5795833386320979,0.580158183092686,1667
184,1,evaluate,3.0752757213733815,0.5704859028194361,0.5697590448835912,0.5713641402231577,0.5694155633900473,1667
184,2,evaluate,3.1617807458948204,0.5866826634673066,0.5871543611868184,0.5871131330716695,0.586025072764976,1667
184,3,evaluate,2.873812011408585,0.590881823635273,0.5865889557423997,0.5866038512858822,0.5856780625025433,1667
184,4,evaluate,2.887950892801638,0.6010797840431914,0.5941655329204446,0.5954576538170703,0.5940415619706679,1667
184,5,evaluate,2.880827019336047,0.5998800239952009,0.6011735006541242,0.6038447307291638,0.6005399973680159,1667
185,0,evaluate,3.3748573197258844,0.5836832633473306,0.5819883891336296,0.5837918022910421,0.5819330934431773,1667
185,1,evaluate,3.0504169265429177,0.5614877024595081,0.5617810643535324,0.5624426416645909,0.5605525049596769,1667
185,2,evaluate,2.9055274385544987,0.5866826634673066,0.5832130254620235,0.5822966059840796,0.5818955862390014,1667
185,3,evaluate,2.908262434587986,0.5698860227954409,0.5637623768381319,0.5631330751580563,0.5621790821981594,1667
185,4,evaluate,2.8400796872598155,0.590881823635273,0.5848130963060544,0.5844713472229388,0.5838201837094414,1667
185,5,evaluate,2.830989811155531,0.5998800239952009,0.6011492160532023,0.603772416544245,0.5999682606549982,1667
186,0,evaluate,3.178041458129883,0.5602879424115177,0.5612958297058379,0.5601609205412595,0.5590950176959547,1667
186,1,evaluate,2.9020961390601263,0.5884823035392921,0.583869303235692,0.5838807426973355,0.5827163379067871,1667
186,2,evaluate,3.0309873201228954,0.5860827834433113,0.5865602161757353,0.5828849564628462,0.5827741277018971,1667
186,3,evaluate,2.949999546011289,0.5818836232753449,0.5773163330878046,0.5748131478511342,0.575012194049448,1667
186,4,evaluate,2.923175989477723,0.6016796640671865,0.6023221658603065,0.6040967480195232,0.6016383824836888,1667
186,5,evaluate,3.326411936018202,0.5926814637072585,0.5919090160387522,0.5924743422448386,0.5918228880118476,1667
187,0,evaluate,2.817373355229696,0.5962807438512298,0.5874196912880068,0.590316493969621,0.5882204952386842,1667
187,1,evaluate,3.09057108119682,0.5572885422915417,0.5548641562923202,0.5582659189398828,0.5552725600002151,1667
187,2,evaluate,2.851053245641567,0.5902819436112777,0.5896763935900766,0.5930717118385582,0.5901413759729618,1667
187,3,evaluate,3.2962387447003967,0.5902819436112777,0.5865986973808255,0.5912155011743383,0.5881721553223136,1667
187,4,evaluate,2.8541158334248595,0.5812837432513497,0.5767728692750367,0.5764871161685394,0.5761797669345045,1667
187,5,evaluate,2.857804987165663,0.5872825434913017,0.5816419189155029,0.5815819712830336,0.5804670598010626,1667
188,0,evaluate,2.869503074222141,0.593881223755249,0.5915369585722681,0.5883440372394404,0.5889369756048131,1667
188,1,evaluate,2.8816362689766617,0.5950809838032394,0.5972562289165178,0.5905554149447729,0.5922191777529153,1667
188,2,evaluate,3.1418497694863214,0.5668866226754649,0.5714984398123971,0.5684753678355329,0.5676995052932778,1667
188,3,evaluate,3.3743564817640515,0.5902819436112777,0.59226137585151,0.5909915758831461,0.5901684747431153,1667
188,4,evaluate,2.906353594114383,0.5782843431313738,0.577440980660844,0.5725755414244551,0.5729751048128255,1667
188,5,evaluate,2.886067214249461,0.5842831433713257,0.5896161493521127,0.5880890448791976,0.5865758844146438,1667
189,0,evaluate,3.017402435273484,0.5914817036592681,0.5912251374617499,0.5869741102349942,0.5881542631400571,1667
189,1,evaluate,3.4249783710197166,0.5866826634673066,0.5851508265403992,0.587800818586609,0.5859315482773655,1667
189,2,evaluate,3.059118712389911,0.587882423515297,0.5906052192950632,0.5903246227277383,0.5892419890141104,1667
189,3,evaluate,2.9840944300371186,0.5824835032993402,0.582752928478088,0.578227647921682,0.5790046480962799,1667
189,4,evaluate,3.1999095766632646,0.5590881823635273,0.5626348635894439,0.5593170557609574,0.560266128452968,1667
189,5,evaluate,2.959962566693624,0.590881823635273,0.5879805156453404,0.5864112754389932,0.585951937743711,1667
190,0,evaluate,3.648262368308173,0.5932813437312537,0.5922718532459438,0.5931449823540577,0.5913689338106235,1667
190,1,evaluate,3.1614504283363067,0.590881823635273,0.592912284911503,0.5946062036594052,0.5919601723014333,1667
190,2,evaluate,3.061152731930768,0.5980803839232154,0.5954330199742358,0.5941083839927506,0.5935244647413155,1667
190,3,evaluate,3.1961662162233284,0.5830833833233353,0.5797303781996979,0.5783069471952276,0.5781798825577275,1667
190,4,evaluate,3.3906522768515126,0.5650869826034793,0.5694252507098031,0.5662077755431485,0.5660730487503909,1667
190,5,evaluate,3.1285951946068695,0.587882423515297,0.584533390315019,0.5820489541292316,0.5823561022643904,1667
191,0,evaluate,3.2034457949749022,0.593881223755249,0.5886853004863789,0.5899165347871911,0.5880205355044458,1667
191,1,evaluate,3.1458946157384804,0.5884823035392921,0.581682906289006,0.58139289770439,0.5808919640319952,1667
191,2,evaluate,3.1484991665239686,0.5926814637072585,0.5861432207823172,0.5884624097432415,0.5855335748448633,1667
191,3,evaluate,3.6748847696516247,0.5950809838032394,0.5920655318208004,0.5960493816755044,0.593450903632952,1667
191,4,evaluate,3.1395300320453114,0.5992801439712058,0.5987186727177451,0.6013328121328563,0.5974861353358796,1667
191,5,evaluate,3.3517684274249606,0.5680863827234554,0.564764078041758,0.5678369939927327,0.5655520228075649,1667
192,0,evaluate,3.316509834042302,0.584883023395321,0.5856875683166114,0.5854067938448768,0.5847909082857414,1667
192,1,evaluate,3.042669942257581,0.5926814637072585,0.5934158019925647,0.5890633695058305,0.5902979207444423,1667
192,2,evaluate,3.0595771311609834,0.5770845830833833,0.5783019293327218,0.5722423195622657,0.5728817239524648,1667
192,3,evaluate,3.227681694207368,0.5548890221955609,0.5612478548471438,0.5568092827606478,0.5557062281107508,1667
192,4,evaluate,2.9993909067577786,0.5830833833233353,0.5835509908505914,0.5785798277935378,0.5796016768255096,1667
192,5,evaluate,3.010654913054572,0.590881823635273,0.5933750373050213,0.5943130091859121,0.5930665501637199,1667
193,0,evaluate,3.0461740783519216,0.5824835032993402,0.5864332838896889,0.5793189919068479,0.580892928182939,1667
193,1,evaluate,3.0485540286258415,0.5788842231553689,0.5821480110477253,0.5732240044403056,0.5763916746624125,1667
193,2,evaluate,2.9564377422685975,0.5890821835632873,0.5898697630241555,0.5842187737790753,0.5855688142018532,1667
193,3,evaluate,3.452253580093384,0.587882423515297,0.5925281022993228,0.58762949519024,0.5891013982048785,1667
193,4,evaluate,3.1593130937329046,0.5602879424115177,0.5661644335095102,0.5606444714638894,0.5620337957674233,1667
193,5,evaluate,3.0245465705240213,0.5788842231553689,0.5856670024150816,0.5818127002389503,0.5820991297459034,1667
194,0,evaluate,3.0177651202237166,0.5884823035392921,0.5910550663322758,0.5847147404536226,0.5861300163391691,1667
194,1,evaluate,3.231319272959674,0.5548890221955609,0.562534031913613,0.5555175143270397,0.5564180809092135,1667
194,2,evaluate,3.031683685602965,0.5734853029394121,0.5806003495058063,0.5689552192272529,0.5712572563934721,1667
194,3,evaluate,3.0215851918414787,0.5866826634673066,0.5958813220453288,0.588804614926078,0.5902264095558912,1667
194,4,evaluate,2.9998899896939597,0.5794841031793642,0.5828057804440678,0.5757176539480362,0.5767567452789086,1667
194,5,evaluate,3.358166774113973,0.5884823035392921,0.5946115735163108,0.5893269340135951,0.5905254089363734,1667
195,0,evaluate,3.112875501314799,0.5890821835632873,0.5851965744128883,0.5839092761244522,0.5839715166160058,1667
195,1,evaluate,3.0569503704706826,0.5872825434913017,0.5863555822525969,0.5835620170145209,0.5834944629605856,1667
195,2,evaluate,3.0737898904416294,0.6040791841631674,0.6072380895592059,0.6069917084119586,0.6058665174093961,1667
195,3,evaluate,3.1067009166710906,0.5770845830833833,0.5760200198494696,0.5736286920507758,0.5740169540959645,1667
195,4,evaluate,3.4281996885935464,0.5866826634673066,0.5898139911025928,0.5874742838760671,0.587206601833255,1667
195,5,evaluate,3.348646367037738,0.5620875824835033,0.5647580663854834,0.5634792579338663,0.5619628069993612,1667
196,0,evaluate,3.0585232178370156,0.5920815836832634,0.5845341056195543,0.5866747130287454,0.5843711574796921,1667
196,1,evaluate,3.1004125188898155,0.5920815836832634,0.5905629451123898,0.5943393232470779,0.5896870170886734,1667
196,2,evaluate,3.1435428770879903,0.5758848230353929,0.5708496729232214,0.5719691669383012,0.5704451276840359,1667
196,3,evaluate,3.291738752965574,0.5578884223155369,0.55581625795859,0.5585229783469898,0.5557080203112529,1667
196,4,evaluate,3.0546400756747634,0.5806838632273545,0.5721743115102635,0.5744577719872355,0.5721498912360106,1667
196,5,evaluate,3.508606606059604,0.5866826634673066,0.5840076765967628,0.5870766487293442,0.5846619899980736,1667
197,0,evaluate,3.065006973704806,0.5842831433713257,0.5868574383200171,0.5804197429240204,0.5826151054509767,1667
197,1,evaluate,3.0402069105594247,0.5872825434913017,0.5931585104072641,0.5902582196091378,0.5909719198613457,1667
197,2,evaluate,3.4044719713705556,0.5746850629874025,0.5763750290868666,0.575525287958607,0.5754111069996742,1667
197,3,evaluate,3.3736519195415355,0.5548890221955609,0.5602641529813578,0.5564771554959302,0.556680278844394,1667
197,4,evaluate,3.107211015842579,0.5884823035392921,0.5863753974263766,0.5846825146055865,0.5845144083905311,1667
197,5,evaluate,3.043323944391752,0.5794841031793642,0.5809767471839733,0.5748525737638509,0.5761724680721964,1667
198,0,evaluate,3.1613605198605605,0.5824835032993402,0.5766968963386974,0.575212046390516,0.5751598069807314,1667
198,1,evaluate,3.229941753877534,0.5734853029394121,0.570626647688852,0.5696944366866056,0.5686639703940932,1667
198,2,evaluate,3.190463396962042,0.593881223755249,0.5945407318620074,0.5963640412339031,0.593734807503151,1667
198,3,evaluate,3.4811860808619746,0.5566886622675465,0.5568076724219716,0.556586802501438,0.5551349253913501,1667
198,4,evaluate,3.648568272590637,0.5710857828434314,0.5708041860544876,0.5715751257683972,0.5694470390426348,1667
198,5,evaluate,3.285328264589663,0.5914817036592681,0.5856320233143762,0.586182498326066,0.5836512739979647,1667
199,0,evaluate,3.2874399379447654,0.5932813437312537,0.5892449053662961,0.5880549282830593,0.5875705337403824,1667
199,1,evaluate,3.3640530550921404,0.5710857828434314,0.5741711092235906,0.5678379209603291,0.5679501225383182,1667
199,2,evaluate,3.3358556275014526,0.5920815836832634,0.5934239998724301,0.5885607076776285,0.5894782772239278,1667
199,3,evaluate,3.673768162727356,0.593881223755249,0.5956142341446471,0.5941240739388917,0.5933589036334387,1667
199,4,evaluate,3.4764131704966226,0.5512897420515896,0.5558626375856702,0.5536325772462288,0.551438300368589,1667
199,5,evaluate,3.2059094977599605,0.5944811037792441,0.5969300001662707,0.5976711630870374,0.5958909188930133,1667
200,0,evaluate,3.672800320166129,0.5884823035392921,0.5865776742664803,0.5885827122246058,0.586458534841736,1667
200,1,evaluate,3.4731500104621604,0.5560887822435513,0.5600931351499041,0.55774304469588,0.5574998512543219,1667
200,2,evaluate,3.1723792079698154,0.5884823035392921,0.5923114098114811,0.5925749982517182,0.5915291086807966,1667
200,3,evaluate,3.2288091668376215,0.5794841031793642,0.5761125119589272,0.5741985155352176,0.5736792987239986,1667
200,4,evaluate,3.3404178818066916,0.5812837432513497,0.5804366054597414,0.5775273268220149,0.5781250760619174,1667
200,5,evaluate,3.2703546947903104,0.5956808638272345,0.5939809285273651,0.5908906911637544,0.5914046188029518,1667
201,0,evaluate,3.216129812929365,0.5842831433713257,0.5805246964727464,0.578119785463601,0.5777087420296725,1667
201,1,evaluate,3.1894189444956957,0.5920815836832634,0.5942219958075209,0.5943465419605893,0.5920266416910346,1667
201,2,evaluate,3.210874900083851,0.5758848230353929,0.5691120308321342,0.5711921181321032,0.5690250174241414,1667
201,3,evaluate,3.2156499889161854,0.5926814637072585,0.5882195042386473,0.5867624370020793,0.5859507730899138,1667
201,4,evaluate,3.4497524014225713,0.5494901019796041,0.5486287043773358,0.5504925500056468,0.5479775209623747,1667
201,5,evaluate,3.7034308557157165,0.5722855428914218,0.5701710026286091,0.5736114084949674,0.5695913796478329,1667
202,0,evaluate,3.4232971138424344,0.5512897420515896,0.5543322707338005,0.5528559083558535,0.5513027083015517,1667
202,1,evaluate,3.5326419053254305,0.5896820635872826,0.5906575400862243,0.5906065371922651,0.5888804209781519,1667
202,2,evaluate,3.0872172293839633,0.5794841031793642,0.5775801074093849,0.5739433486917159,0.5744338207645264,1667
202,3,evaluate,3.0992650941566184,0.596880623875225,0.5994335970784478,0.5917541537035618,0.5932362301406988,1667
202,4,evaluate,3.0911130529862865,0.587882423515297,0.5888801734434763,0.5825305270032117,0.5841106437590904,1667
202,5,evaluate,3.0450932572216347,0.5866826634673066,0.5918060785635088,0.5908439194207158,0.5881012650241215,1667
203,0,evaluate,2.974291377597385,0.5812837432513497,0.5768262044498256,0.5767189691664144,0.574897659059894,1667
203,1,evaluate,2.9951838431534945,0.5680863827234554,0.5643822599536302,0.5604782869159071,0.5615693219618688,1667
203,2,evaluate,3.023438059621387,0.5740851829634073,0.571626998571208,0.5704998144641361,0.569822493891843,1667
203,3,evaluate,3.2307805529347173,0.5566886622675465,0.557356634451744,0.5565650097873996,0.555169490020018,1667
203,4,evaluate,2.9995863001655647,0.5926814637072585,0.597528998856682,0.5955579039407715,0.5938770861914008,1667
203,5,evaluate,3.4382804852944835,0.5764847030593881,0.5779687093621,0.5770450242290057,0.5764574164244208,1667
204,0,evaluate,3.0179618685333818,0.5740851829634073,0.566912647749301,0.5679430348664785,0.5663347255805907,1667
204,1,evaluate,3.266867571406894,0.5572885422915417,0.5548460393084056,0.5582358723569758,0.5556120888795913,1667
204,2,evaluate,3.0301423602634006,0.5854829034193162,0.5791790642070825,0.5803940617710237,0.5780789823932617,1667
204,3,evaluate,3.002314669114572,0.593881223755249,0.5930131189560437,0.5971655927164187,0.5928366750160862,1667
204,4,evaluate,3.598189080203021,0.584883023395321,0.5816362540088222,0.5858941866251297,0.5823498911276246,1667
204,5,evaluate,3.0384329093827143,0.5890821835632873,0.5822616580079549,0.584013407802521,0.5824994287113412,1667
205,0,evaluate,3.6360461711883545,0.5872825434913017,0.5887934099653668,0.5877490973641706,0.5867906332248586,1667
205,1,evaluate,3.2460571842061148,0.5842831433713257,0.5813797916136938,0.5799725919618247,0.5794096472107524,1667
205,2,evaluate,3.422844542397393,0.5560887822435513,0.5586156784514692,0.5563643525121218,0.5555724403937387,1667
205,3,evaluate,3.23995519567419,0.6040791841631674,0.5996571689922444,0.598733223262158,0.5981985630988771,1667
205,4,evaluate,3.150560531351301,0.5866826634673066,0.5915208551398708,0.5807163821639125,0.5837975820522127,1667
205,5,evaluate,3.197508984279853,0.5956808638272345,0.6003573975196626,0.5985598436834645,0.5969212752162244,1667
206,0,evaluate,3.252598665378712,0.5872825434913017,0.5893526948008689,0.5904108300608837,0.589238100037432,1667
206,1,evaluate,3.2369798112798622,0.5944811037792441,0.5883587819556356,0.5890170592862582,0.5882572102893779,1667
206,2,evaluate,3.6555840969085693,0.5950809838032394,0.5938388340697106,0.5955879639562626,0.5938795485710694,1667
206,3,evaluate,3.5031624502605863,0.5518896220755849,0.5518133742065116,0.552912136963195,0.5510685200385091,1667
206,4,evaluate,3.2489104955284684,0.5800839832033593,0.5783550513838664,0.5746686358526116,0.5745756221043119,1667
206,5,evaluate,3.308895948101525,0.5764847030593881,0.5715883594503707,0.5720475387185251,0.571390589215684,1667
207,0,evaluate,3.4813726566455983,0.5578884223155369,0.5554140794175458,0.5588447249408345,0.5551364494497165,1667
207,1,evaluate,3.776360626573916,0.5806838632273545,0.5778912289190214,0.5808314953307914,0.5789108347353439,1667
207,2,evaluate,3.226647149219557,0.5962807438512298,0.5937511117480231,0.5993485667131312,0.5952420980462065,1667
207,3,evaluate,3.275902915883947,0.5950809838032394,0.5887869035999972,0.5909652764290965,0.5887493274916804,1667
207,4,evaluate,3.2932048506206937,0.5842831433713257,0.5791986898192578,0.578146470911936,0.5771356433867588,1667
207,5,evaluate,3.3065153779806913,0.584883023395321,0.579290630031296,0.5811860776304552,0.5791621154989091,1667
208,0,evaluate,3.275790011441266,0.587882423515297,0.5858460498537807,0.5835305782693987,0.5832162971508681,1667
208,1,evaluate,3.394589282977567,0.5776844631073785,0.5745051553278538,0.5734599434876837,0.5731328211243577,1667
208,2,evaluate,3.8067191441853843,0.5842831433713257,0.5856589630147391,0.5855533672551629,0.5843740749278326,1667
208,3,evaluate,3.299973272615009,0.5866826634673066,0.590522866083766,0.5904853224317929,0.5887869769830005,1667
208,4,evaluate,3.5253185784375227,0.5530893821235753,0.5542194084827153,0.5549502987501611,0.5521565528695185,1667
208,5,evaluate,3.305828430034496,0.5794841031793642,0.5777468269434638,0.5748158731507215,0.5742526293480389,1667
209,0,evaluate,3.3206091633549444,0.590881823635273,0.5866175363847873,0.586124218673438,0.5848644561611878,1667
209,1,evaluate,3.5808612328988536,0.55248950209958,0.5517707914708762,0.5533222062788712,0.5511994699667347,1667
209,2,evaluate,3.3603839074020034,0.5824835032993402,0.580377115872815,0.5782315531829738,0.5778311405402381,1667
209,3,evaluate,3.6811800886083534,0.5830833833233353,0.5827805868555103,0.5831447178850648,0.582086530313113,1667
209,4,evaluate,3.229125985392818,0.5818836232753449,0.5745768301558882,0.5756766173127376,0.5733529655405294,1667
209,5,evaluate,3.254546125177984,0.5914817036592681,0.5902676220296926,0.5950035472332927,0.5911933105009675,1667
210,0,evaluate,3.1422097506346525,0.5782843431313738,0.5657915183781171,0.5707728693196991,0.5668854325379045,1667
210,1,evaluate,3.4952857538505837,0.5410917816436712,0.53784197385818,0.5420775748174231,0.5387950182932586,1667
210,2,evaluate,3.2515336722135544,0.5842831433713257,0.5824716646143322,0.5883662332888537,0.5836736407160441,1667
210,3,evaluate,3.2033646018416793,0.5902819436112777,0.5817496496818325,0.5855349250047497,0.5820551561677656,1667
210,4,evaluate,3.2334234012911716,0.5800839832033593,0.5728111615317308,0.5752262878833083,0.5733675739074595,1667
210,5,evaluate,3.8429658766146058,0.5902819436112777,0.5856535127820827,0.5904903420669669,0.5868692561042221,1667
211,0,evaluate,3.056397952553299,0.587882423515297,0.5835308801220254,0.5816086328061643,0.5810610875866037,1667
211,1,evaluate,3.2005359729131064,0.5890821835632873,0.5842053187956998,0.584595399137817,0.5830237343259713,1667
211,2,evaluate,3.3994675477345786,0.5596880623875224,0.5594031425781122,0.5608068539342126,0.5582903451110707,1667
211,3,evaluate,3.178730643250876,0.587882423515297,0.5875510627831283,0.5916343748707427,0.5877541544942648,1667
211,4,evaluate,3.175500913902565,0.5752849430113978,0.5707943368051637,0.5707808828687941,0.5696946335320539,1667
211,5,evaluate,3.6844863714995206,0.587882423515297,0.5842660987443697,0.5879413927317393,0.5855756826122201,1667
212,0,evaluate,3.471515366324672,0.5812837432513497,0.5812822180762035,0.5774379762582903,0.5781222329885833,1667
212,1,evaluate,3.687533970232363,0.5608878224355129,0.5675802043081137,0.5628627529797867,0.5623962360653458,1667
212,2,evaluate,3.336269215301231,0.5770845830833833,0.5763643972590667,0.5711789413342481,0.5720390648124107,1667
212,3,evaluate,3.410801747054965,0.584883023395321,0.5881206555161718,0.5881681818312486,0.5872290697520575,1667
212,4,evaluate,3.3279528176343,0.5992801439712058,0.5979391063352899,0.5948104201179097,0.5952037592944575,1667
212,5,evaluate,3.847422794059471,0.5830833833233353,0.58275200467409,0.5829620105283949,0.5815555662531133,1667
213,0,evaluate,3.8325251826533564,0.5542891421715657,0.5622180262474862,0.5559750993519226,0.5562738799821153,1667
213,1,evaluate,4.144938848636769,0.587882423515297,0.5892735328168179,0.588704125631405,0.5877541833488519,1667
213,2,evaluate,3.5941427372120045,0.5944811037792441,0.5946587077376864,0.590076530951008,0.5901717624623392,1667
213,3,evaluate,3.451216474934309,0.584883023395321,0.5852258494422816,0.5788794295635182,0.5798293690911971,1667
213,4,evaluate,3.5731002853976355,0.5842831433713257,0.5900415114676599,0.5874857531931319,0.5871910093706681,1667
213,5,evaluate,3.5234591563542685,0.587882423515297,0.5894028903995548,0.5835244828841063,0.5851472043287649,1667
214,0,evaluate,3.7814314983509205,0.5920815836832634,0.5912163264601031,0.5926103462012315,0.590994967712956,1667
214,1,evaluate,3.384160942501492,0.5902819436112777,0.5835166245778115,0.5846920013346975,0.5830341032795082,1667
214,2,evaluate,3.348517703237357,0.5842831433713257,0.5816850186419666,0.5866553512436166,0.5829348739039965,1667
214,3,evaluate,3.378460504390575,0.593881223755249,0.5891589628210347,0.5882420629074654,0.5880506285143449,1667
214,4,evaluate,3.4279839904220015,0.5860827834433113,0.581454345333998,0.5825672999544832,0.5814220469511466,1667
214,5,evaluate,3.682027543032611,0.5560887822435513,0.5553997951165439,0.5572464430473276,0.5546766232399187,1667
215,0,evaluate,3.8817768361833362,0.5872825434913017,0.5841785582109847,0.586887479481286,0.5837640010167193,1667
215,1,evaluate,3.674472588079947,0.5500899820035993,0.5533864824754676,0.5523926213182982,0.5491653978293409,1667
215,2,evaluate,3.3550271458095975,0.5950809838032394,0.591383033743494,0.5908092920209891,0.5892210633482251,1667
215,3,evaluate,3.3739983639507383,0.5854829034193162,0.5872787559159421,0.5890645674888064,0.5860352778640718,1667
215,4,evaluate,3.4012213901237205,0.5854829034193162,0.5813086911671463,0.5801525033795835,0.5780722775557187,1667
215,5,evaluate,3.410392467622404,0.5800839832033593,0.5784944559556064,0.576226888313973,0.5759705357942732,1667
216,0,evaluate,3.3789943986468844,0.5830833833233353,0.5796608237196206,0.5758316937068348,0.5763090569402184,1667
216,1,evaluate,3.4662115044063992,0.5758848230353929,0.5741950178353299,0.5702539297767368,0.5705041542623829,1667
216,2,evaluate,3.9275401345005743,0.5782843431313738,0.5767895583479103,0.5786163255800412,0.5755906942779397,1667
216,3,evaluate,3.7819090684254966,0.5542891421715657,0.5587948756687225,0.5557784476066139,0.5546916126844941,1667
216,4,evaluate,3.505000220404731,0.5920815836832634,0.588736819126022,0.5863158562979991,0.5861231267520206,1667
216,5,evaluate,3.394820166406808,0.5896820635872826,0.5922708976373704,0.5944226138037959,0.5904604934666229,1667
217,0,evaluate,3.241498412909331,0.5824835032993402,0.5803556564126506,0.5775288698376655,0.577771113065628,1667
217,1,evaluate,3.60586686929067,0.5788842231553689,0.577305417528154,0.5790411266531121,0.5767287892601788,1667
217,2,evaluate,3.2830641313835427,0.5746850629874025,0.5743191841024414,0.5704050649763752,0.5714045961732508,1667
217,3,evaluate,3.1359388545776405,0.5956808638272345,0.5976231582027288,0.5998942900970697,0.5968507559137489,1667
217,4,evaluate,3.1494196785820856,0.5902819436112777,0.5866282328168848,0.5843168693215939,0.5849767858735717,1667
217,5,evaluate,3.4426283129939326,0.5662867426514697,0.5690448040827494,0.5674134210596387,0.5666649984534554,1667
218,0,evaluate,3.3767532860791243,0.5536892621475705,0.5587873475692438,0.5540527907225015,0.5550293699370282,1667
218,1,evaluate,3.1679617917096174,0.5734853029394121,0.5745149598268051,0.5690567604117212,0.5712123038108301,1667
218,2,evaluate,3.190521474237795,0.5740851829634073,0.5757826158711268,0.5690222477939813,0.5713728135957601,1667
218,3,evaluate,3.1154684049111827,0.5896820635872826,0.5958241437409916,0.592371733623131,0.5930475683846977,1667
218,4,evaluate,3.0862599169766463,0.5920815836832634,0.5947978569539665,0.5877214390747677,0.5900626523597602,1667
218,5,evaluate,3.7002259625328913,0.5854829034193162,0.588310783674201,0.5859016079872312,0.5862058813323419,1667
219,0,evaluate,3.3553536026566118,0.5920815836832634,0.5881539277540756,0.5877613418654707,0.5870389895986452,1667
219,1,evaluate,3.35385097414945,0.5914817036592681,0.5947415834752399,0.594389251611584,0.5931785670242731,1667
219,2,evaluate,3.469875664622695,0.5722855428914218,0.5722115734678525,0.5684264465275323,0.569328710176565,1667
219,3,evaluate,3.6445762316385903,0.55248950209958,0.5537588698881303,0.5533970142267558,0.5519917593508309,1667
219,4,evaluate,3.400782379839155,0.5866826634673066,0.5858684383340202,0.5815725902714135,0.5817958131612098,1667
219,5,evaluate,3.932260760554561,0.5884823035392921,0.5873502893978357,0.5888491561124729,0.5877917861505103,1667
220,0,evaluate,3.3780087100134955,0.5944811037792441,0.5917546490405596,0.5897717585258764,0.5894282896317813,1667
220,1,evaluate,4.039582508581656,0.5902819436112777,0.5929130205637672,0.5912475168272733,0.590789974854969,1667
220,2,evaluate,3.7613271872202554,0.5572885422915417,0.5623015253244953,0.559304020518114,0.5588983835044712,1667
220,3,evaluate,3.4440093493020094,0.5806838632273545,0.5804194789918096,0.574870689050868,0.5760972405669736,1667
220,4,evaluate,3.362195674261009,0.5920815836832634,0.596136856157208,0.5957957776812474,0.5949283775041931,1667
220,5,evaluate,3.4962619322317616,0.5830833833233353,0.5820167167244394,0.5781349955838085,0.579384710592769,1667
221,0,evaluate,3.523946318499468,0.5842831433713257,0.5839392485624308,0.5796980900874915,0.5807073004348042,1667
221,1,evaluate,4.096754674558286,0.593881223755249,0.5957997283705616,0.5943287211563456,0.5942616148036329,1667
221,2,evaluate,3.775084027537593,0.5542891421715657,0.559590384369892,0.5551597127875898,0.5556372158477927,1667
221,3,evaluate,3.4621631547256753,0.584883023395321,0.590237397248681,0.5892841864456965,0.5886378605452618,1667
221,4,evaluate,3.425794345361215,0.5896820635872826,0.5894288340800302,0.5846008672242068,0.5857172750017258,1667
221,5,evaluate,3.4789495997958713,0.5920815836832634,0.5918375241420846,0.5882328808790394,0.5886001537993129,1667
222,0,evaluate,3.9708267406181053,0.5884823035392921,0.5893801000688839,0.5885280592330039,0.5876388727916396,1667
222,1,evaluate,3.5789295545330755,0.5830833833233353,0.5846100812325237,0.5778605129362746,0.5790115996485495,1667
222,2,evaluate,3.589505637133563,0.5860827834433113,0.5904462735281945,0.5821362942839583,0.5843479859376381,1667
222,3,evaluate,3.6109067598978677,0.5854829034193162,0.5844664775608039,0.5815223496629598,0.581315926406432,1667
222,4,evaluate,3.8084879274721497,0.5512897420515896,0.5571369607414141,0.5531701778514968,0.5531258913526456,1667
222,5,evaluate,3.5533414345096657,0.587882423515297,0.5922656656454706,0.592364075657817,0.5907661452782687,1667
223,0,evaluate,3.6314326270862862,0.5722855428914218,0.580464539373203,0.5747684308077018,0.5754288070263288,1667
223,1,evaluate,3.533842404683431,0.5800839832033593,0.5832186710618158,0.5762887508431829,0.5766037722242825,1667
223,2,evaluate,3.6469509649883816,0.5782843431313738,0.5833437488625728,0.5765275085263928,0.5769786654690219,1667
223,3,evaluate,3.543462770956534,0.5746850629874025,0.5775471592722483,0.5678869552359903,0.5692166790370182,1667
223,4,evaluate,3.868279563056098,0.5536892621475705,0.5642287496978365,0.5541745570277785,0.5551790237303844,1667
223,5,evaluate,4.053239628120705,0.5758848230353929,0.5789184026629021,0.5753196096533086,0.5754061129405106,1667
224,0,evaluate,3.2754762216850564,0.5998800239952009,0.5987849138014667,0.596119040236991,0.5969224962881652,1667
224,1,evaluate,3.231712809315434,0.5854829034193162,0.584799477721406,0.5802904036669132,0.5818132498637871,1667
224,2,evaluate,3.757913024337203,0.5818836232753449,0.5823796972797338,0.5823942940075411,0.581996352839395,1667
224,3,evaluate,3.5544859215065285,0.5560887822435513,0.5611291492093311,0.5571883359657689,0.5576675605007925,1667
224,4,evaluate,3.2796592110836946,0.5836832633473306,0.5876789508785547,0.5879095264068788,0.5860455528957452,1667
224,5,evaluate,3.293395090986181,0.5950809838032394,0.5913315917058157,0.5912374334160144,0.5907896551168461,1667
225,0,evaluate,3.7879541273470276,0.5464907018596281,0.5494400315205334,0.547870222141866,0.543806389127948,1667
225,1,evaluate,3.4635634709287575,0.5818836232753449,0.582213184932921,0.584715438251271,0.5813303213189909,1667
225,2,evaluate,3.811068128656458,0.5926814637072585,0.5929294242593675,0.592397432104219,0.5905629861682046,1667
225,3,evaluate,3.453917693898634,0.5884823035392921,0.5854300075303892,0.5847909605531549,0.5832624986508905,1667
225,4,evaluate,3.347379031004729,0.5860827834433113,0.5837332272944005,0.5799416397255557,0.5788408138080468,1667
225,5,evaluate,3.4080828693177967,0.587882423515297,0.5832607144208486,0.5840454197893508,0.581936839646386,1667
226,0,evaluate,3.136449192409162,0.5824835032993402,0.5712782565672114,0.5748185139497218,0.5727605669604243,1667
226,1,evaluate,3.5604628633569786,0.5512897420515896,0.5480285314614676,0.5514321205562696,0.5475659052189517,1667
226,2,evaluate,3.2169186747805387,0.5902819436112777,0.5837542131609367,0.5856131645028121,0.583298620330279,1667
226,3,evaluate,3.846877371823346,0.5770845830833833,0.5717726241589236,0.5771785523496507,0.573327274379549,1667
226,4,evaluate,3.2838535485444247,0.590881823635273,0.5824970867416062,0.5859430415232185,0.5821713225075557,1667
226,5,evaluate,3.293611947585035,0.5788842231553689,0.5767101994011392,0.5817074808859117,0.5772013547878265,1667
227,0,evaluate,3.58831403432069,0.5536892621475705,0.5521491602680055,0.5541853146140436,0.5526213117906446,1667
227,1,evaluate,3.368593124879731,0.587882423515297,0.5889597687783242,0.5911599049001082,0.5877290825089491,1667
227,2,evaluate,3.9093802946585194,0.5896820635872826,0.5893315404546342,0.5907052982595157,0.5887204417399176,1667
227,3,evaluate,3.308333374697853,0.5746850629874025,0.574934063736827,0.569427293147265,0.5698986004309523,1667
227,4,evaluate,3.3060447639889188,0.596880623875225,0.5905526157537018,0.5924222826655552,0.5901611643954434,1667
227,5,evaluate,3.4484031906834356,0.584883023395321,0.5819506943722063,0.580601725731653,0.5801382780483169,1667
228,0,evaluate,3.437579170421318,0.5890821835632873,0.5871711809805071,0.5929495612541944,0.5887184031555236,1667
228,1,evaluate,3.71199549569024,0.5530893821235753,0.5524887397988193,0.5545214054329815,0.5518705445892391,1667
228,2,evaluate,4.013054626959342,0.5842831433713257,0.5786293168380154,0.5837353700033112,0.580222373047609,1667
228,3,evaluate,3.4384498596191406,0.5866826634673066,0.5802208890503306,0.582636495054378,0.5804576203723621,1667
228,4,evaluate,3.546336301843877,0.5782843431313738,0.5751674670100098,0.5752496916054943,0.574473247012618,1667
228,5,evaluate,3.322681418447583,0.5800839832033593,0.5701604822262262,0.5733292177382192,0.5712350949097597,1667
229,0,evaluate,3.7095236643045038,0.5806838632273545,0.5773192698612096,0.5771893537516771,0.5764049975340925,1667
229,1,evaluate,3.6051935884687634,0.587882423515297,0.5831619752960895,0.5824529574258551,0.5819539475297008,1667
229,2,evaluate,3.6575137180862605,0.5860827834433113,0.5881948514040719,0.5877260167506533,0.5867262856062512,1667
229,3,evaluate,3.536330872870706,0.5872825434913017,0.5843468998968758,0.5803800527295844,0.5812770156919785,1667
229,4,evaluate,4.358604351679484,0.5722855428914218,0.5735967083481209,0.572432956498226,0.5716689702707767,1667
229,5,evaluate,4.003880712721083,0.5512897420515896,0.5548791243393332,0.552569402106496,0.5505605440638707,1667
230,0,evaluate,4.2774111871366145,0.5800839832033593,0.5792571702338749,0.5807377252676378,0.5782519583206069,1667
230,1,evaluate,3.6134656104776592,0.5872825434913017,0.5859450499986589,0.5831831777891991,0.5832520284147377,1667
230,2,evaluate,3.683454919744421,0.5836832633473306,0.5811669449676481,0.5797372247402288,0.5769787665553288,1667
230,3,evaluate,3.953475828523989,0.5566886622675465,0.5592992060158287,0.5580072564454795,0.556861382988443,1667
230,4,evaluate,3.517947260980253,0.5860827834433113,0.5862366657637866,0.582000648793334,0.5813472635786481,1667
230,5,evaluate,3.5461154226903564,0.5884823035392921,0.5906596007789641,0.5918897963555148,0.5882441464467939,1667
231,0,evaluate,4.100119264037521,0.5866826634673066,0.5875571416669394,0.5873660384002563,0.5853617489962523,1667
231,1,evaluate,3.5494745903544955,0.584883023395321,0.5828621451625661,0.5798836225270245,0.5800102094393598,1667
231,2,evaluate,3.476386582409894,0.5896820635872826,0.5875609156377521,0.5836065565309496,0.5842679123317958,1667
231,3,evaluate,3.370818554285776,0.5806838632273545,0.5781212621821551,0.5747708271171522,0.5748353207259819,1667
231,4,evaluate,3.681431205184371,0.5584883023395321,0.5614624233715935,0.5617080957577454,0.5581706441516628,1667
231,5,evaluate,3.429595960304141,0.5902819436112777,0.5945801893722917,0.594822101970647,0.5911149932642286,1667
232,0,evaluate,3.5572914194177696,0.5884823035392921,0.5942250689017035,0.5908354942253341,0.5918537871759812,1667
232,1,evaluate,3.5657087520316795,0.5926814637072585,0.591420167016711,0.5883625549176071,0.5886686427713073,1667
232,2,evaluate,4.065334028667873,0.5740851829634073,0.5777711325671064,0.5744776350428761,0.5748234216785955,1667
232,3,evaluate,3.550064104574698,0.5746850629874025,0.5741255457726384,0.5687297416797762,0.569523481558945,1667
232,4,evaluate,3.6254031463974603,0.5746850629874025,0.5748497411087177,0.571642708343174,0.5724172031156979,1667
232,5,evaluate,3.9054310233504683,0.5470905818836233,0.5515447270072069,0.5479776621270569,0.5480097080300219,1667
233,0,evaluate,4.382041101102476,0.5884823035392921,0.5876841159654818,0.5886115695443003,0.5871516427852639,1667
233,1,evaluate,3.789687642344722,0.5866826634673066,0.5806869940893649,0.5818269945116,0.5803881487849554,1667
233,2,evaluate,4.048374017079671,0.563887222555489,0.5636045551272727,0.5643430611356689,0.5628687894098796,1667
233,3,evaluate,3.777248995171653,0.5794841031793642,0.5767263921284471,0.5757998287564092,0.5756707386860823,1667
233,4,evaluate,3.6081835473025285,0.5890821835632873,0.5839978398635594,0.5828197980004257,0.5828153149456404,1667
233,5,evaluate,3.6662577710769795,0.5902819436112777,0.5938587187770948,0.5941441502538352,0.5918227268124765,1667
234,0,evaluate,3.93459125801369,0.5530893821235753,0.5558447155369886,0.5534433312629681,0.5540895027592121,1667
234,1,evaluate,3.687050466184263,0.5962807438512298,0.5924792436865124,0.5919339134402917,0.5911776693477239,1667
234,2,evaluate,3.6815350166073553,0.5794841031793642,0.5790997677508845,0.575799287363627,0.5766140963332331,1667
234,3,evaluate,4.193496960180777,0.587882423515297,0.588214506236499,0.588647277261259,0.5880419130614002,1667
234,4,evaluate,3.5417845293327614,0.5752849430113978,0.5765455954313219,0.5699977136480782,0.5718006884668771,1667
234,5,evaluate,3.6301339919230453,0.5866826634673066,0.5929013303254679,0.5892115337063949,0.589681156447002,1667
235,0,evaluate,3.5768045363602816,0.5788842231553689,0.5767660468512512,0.5746109215262234,0.5750411523259868,1667
235,1,evaluate,3.469644727530303,0.5824835032993402,0.5789298705383825,0.576236360865369,0.5769741487843405,1667
235,2,evaluate,4.1326314166740135,0.5752849430113978,0.5749001398917502,0.575315852662958,0.5733763332640935,1667
235,3,evaluate,3.53996683050085,0.5794841031793642,0.5787486679293179,0.5742339893702012,0.575078250747266,1667
235,4,evaluate,3.496182522288075,0.590881823635273,0.5937982360100833,0.5945474509318996,0.5916100829641474,1667
235,5,evaluate,3.8169590058150114,0.5530893821235753,0.5580620141517535,0.554698236892709,0.5540787524418775,1667
236,0,evaluate,3.56650659331569,0.5812837432513497,0.5813991230277238,0.5753633770067821,0.5762833857284066,1667
236,1,evaluate,4.1449018672660545,0.5812837432513497,0.5803751740102622,0.5815250568507924,0.5801628497077196,1667
236,2,evaluate,3.693437583744526,0.5788842231553689,0.5803181213282086,0.5754103987219301,0.5764119552834572,1667
236,3,evaluate,3.56629248018618,0.5860827834433113,0.5857282845081897,0.5822664644065917,0.5815613959289839,1667
236,4,evaluate,3.8406651284959583,0.5548890221955609,0.558000642735036,0.5548335224886447,0.5554108792021328,1667
236,5,evaluate,3.5422714696162276,0.5854829034193162,0.5910082055210614,0.5887410123587047,0.5877725264804078,1667
237,0,evaluate,3.5022961458674184,0.5944811037792441,0.5914367601523501,0.5889902062145641,0.5887428532600623,1667
237,1,evaluate,3.4414039966132908,0.5860827834433113,0.5882619134577866,0.5911769402224799,0.5869755311306474,1667
237,2,evaluate,3.4295795168037766,0.5788842231553689,0.5774492912906093,0.5721691131857611,0.5734590238156974,1667
237,3,evaluate,4.132142022803977,0.5800839832033593,0.5795207293896831,0.5809572111984453,0.5788966668749269,1667
237,4,evaluate,3.7419878597612732,0.5464907018596281,0.5496195946039284,0.5484901525325833,0.5467427785728171,1667
237,5,evaluate,3.447951899634467,0.5896820635872826,0.5852748641577398,0.5844558113582169,0.5837169917934769,1667
238,0,evaluate,3.588806716380296,0.5758848230353929,0.5804059882065478,0.5810385616340682,0.5788243846046863,1667
238,1,evaluate,4.1676214006212025,0.5896820635872826,0.5902173739876432,0.5896954505762187,0.5890965808358012,1667
238,2,evaluate,3.852153045159799,0.5464907018596281,0.5496938735315482,0.5479343908803798,0.5470942845431602,1667
238,3,evaluate,3.4444627496931286,0.5956808638272345,0.5936594004322748,0.5914455933332772,0.5918969144463839,1667
238,4,evaluate,3.6495389248485917,0.5794841031793642,0.5792982826831907,0.5756163922990012,0.576517588824221,1667
238,5,evaluate,3.5003379577839815,0.5788842231553689,0.5794401719238713,0.5733664392288611,0.5749485990129916,1667
239,0,evaluate,3.532205175470423,0.5896820635872826,0.5903106907708445,0.5853786058523871,0.5864387708352933,1667
239,1,evaluate,3.656890639276416,0.5758848230353929,0.5770693495698159,0.5721025139293563,0.5732277819022872,1667
239,2,evaluate,3.512788928769253,0.5944811037792441,0.6026766729349069,0.5983297482173892,0.5974633482865686,1667
239,3,evaluate,4.125367561976115,0.5860827834433113,0.5874236761708838,0.586446924001868,0.5866225201882589,1667
239,4,evaluate,3.5607598975852683,0.5872825434913017,0.5920345490908019,0.5830462141853061,0.5848338855321318,1667
239,5,evaluate,3.857922315597534,0.5494901019796041,0.5534596411620499,0.5494982932102834,0.5509612697721419,1667
240,0,evaluate,3.9717905609696,0.55248950209958,0.5552480711231218,0.5532860886923063,0.552303092820875,1667
240,1,evaluate,3.6701878274756448,0.5866826634673066,0.582924465206984,0.5798983426493606,0.5803503012456673,1667
240,2,evaluate,3.661369456185235,0.5920815836832634,0.5858647776730235,0.586757752510485,0.5854635497481004,1667
240,3,evaluate,3.6293658045706927,0.587882423515297,0.5893692588196402,0.5900512846883715,0.5887059534360455,1667
240,4,evaluate,3.721626956705694,0.5824835032993402,0.5780930032207744,0.5785418138318438,0.5775198921482494,1667
240,5,evaluate,4.224394347932604,0.5776844631073785,0.5762932983496607,0.5778414300985955,0.5765483755505227,1667
241,0,evaluate,3.5221538278791638,0.5914817036592681,0.585602536917829,0.5868684872598062,0.5852794932405367,1667
241,1,evaluate,4.105720882062559,0.5824835032993402,0.5805083748281089,0.5833341937081244,0.5815132865327426,1667
241,2,evaluate,3.5925491030017533,0.5824835032993402,0.5816213889078121,0.5788678909816675,0.5793008129610627,1667
241,3,evaluate,3.4904253173757485,0.5890821835632873,0.5841697144727511,0.5834116425751237,0.5829844120743244,1667
241,4,evaluate,3.789331082944517,0.5560887822435513,0.5553563287107351,0.5562769275123173,0.5555018207567193,1667
241,5,evaluate,3.5083064525215715,0.5866826634673066,0.5858324356839721,0.5895388961948287,0.5863784370033562,1667
242,0,evaluate,3.6066318163303315,0.5812837432513497,0.577252261493381,0.5776309391429548,0.5765471642474285,1667
242,1,evaluate,3.8600437906053333,0.5536892621475705,0.5543862666182848,0.5550768009030917,0.5532203385152343,1667
242,2,evaluate,3.4846912436187267,0.5734853029394121,0.5731390208234943,0.5782418574390552,0.573420417199051,1667
242,3,evaluate,3.550844523641798,0.590881823635273,0.5827035728800348,0.5854050148938812,0.5822030416338693,1667
242,4,evaluate,4.19240563887137,0.5842831433713257,0.5805487452945066,0.5840490829255527,0.5804685168640366,1667
242,5,evaluate,3.5111300901130393,0.5866826634673066,0.579243060342605,0.5819640047743292,0.579271322227629,1667
243,0,evaluate,3.6166087521447077,0.5764847030593881,0.5773427261399141,0.5717867221629509,0.5728996185939579,1667
243,1,evaluate,3.687600066954339,0.5842831433713257,0.590183370082349,0.5875648090317023,0.5870529792413237,1667
243,2,evaluate,3.7696751949411853,0.5830833833233353,0.583892841771298,0.5799641355529085,0.5806213415417523,1667
243,3,evaluate,3.9779561581435026,0.55248950209958,0.5566167707191964,0.5532716892063163,0.5526705395055579,1667
243,4,evaluate,4.46056334177653,0.584883023395321,0.5874654667965933,0.5855073280701062,0.5850958661760256,1667
243,5,evaluate,3.563677450021108,0.587882423515297,0.5869773842673635,0.5823213716815159,0.583783890282341,1667
244,0,evaluate,4.479659054014418,0.5836832633473306,0.5847616669569918,0.5835107540322385,0.5837657832244483,1667
244,1,evaluate,4.144297021406668,0.5488902219556089,0.555923264503086,0.5494966671915695,0.5507731782468331,1667
244,2,evaluate,3.7641772429148355,0.5758848230353929,0.5760572588660958,0.5721450601900229,0.572968716657684,1667
244,3,evaluate,3.8109012523804,0.5806838632273545,0.5890165720710874,0.5836993312943723,0.5843967694346447,1667
244,4,evaluate,3.664662409711767,0.5896820635872826,0.5894171225085921,0.5865033477189817,0.5857308332505671,1667
244,5,evaluate,3.6979273381099724,0.5884823035392921,0.5893911880025418,0.5823036832517003,0.5847239770851955,1667
245,0,evaluate,4.159164821660077,0.5590881823635273,0.5618825890422013,0.5605940701534342,0.5594610608449553,1667
245,1,evaluate,3.824299622465063,0.5806838632273545,0.5796841428539038,0.5756277309951713,0.5765374921540144,1667
245,2,evaluate,3.7521667745378284,0.5914817036592681,0.5896653622392336,0.5865674365238477,0.5872198593935256,1667
245,3,evaluate,4.430350321310538,0.584883023395321,0.5863346356054462,0.5856818910871457,0.5848215208001483,1667
245,4,evaluate,3.8066292383052684,0.5872825434913017,0.5894032172223405,0.5894373452255779,0.5890169804569092,1667
245,5,evaluate,3.9171227075297526,0.5806838632273545,0.5791147795659605,0.5771369280211248,0.5778545005931688,1667
246,0,evaluate,4.0368787889127375,0.5404919016196761,0.5431694406512102,0.5409930804840205,0.540989292796664,1667
246,1,evaluate,3.725595908032523,0.5788842231553689,0.5824368844181066,0.5812347651822307,0.5813339934896736,1667
246,2,evaluate,3.6698801865180335,0.5794841031793642,0.5810998994614305,0.5739380410467567,0.5756470205284838,1667
246,3,evaluate,3.6574635593979448,0.5872825434913017,0.584744483229715,0.5831303894753324,0.5834018376487056,1667
246,4,evaluate,4.313759026704012,0.5782843431313738,0.5801490310716608,0.5781914517153315,0.5786722262421135,1667
246,5,evaluate,3.74386674993568,0.5782843431313738,0.5778677239708351,0.575462155316212,0.575892978175032,1667
247,0,evaluate,3.721554756164551,0.5932813437312537,0.5886303761090488,0.5877618205685983,0.5869190472608081,1667
247,1,evaluate,3.665349667822873,0.5866826634673066,0.5875206603027749,0.5815136472539241,0.5826678829829258,1667
247,2,evaluate,3.872745250110273,0.587882423515297,0.5868534340338408,0.5842180656216124,0.5843247308671348,1667
247,3,evaluate,4.318145902068527,0.5866826634673066,0.5867080945516108,0.5870781130560419,0.5864175398751816,1667
247,4,evaluate,3.694896871293033,0.5896820635872826,0.5906897951342802,0.5927227621377018,0.5904158183290412,1667
247,5,evaluate,4.185251156489055,0.5536892621475705,0.5532233837311168,0.5542102771881195,0.552670237870059,1667
248,0,evaluate,4.136584555661237,0.5482903419316136,0.55660143729892,0.5488064770348391,0.5492518181057608,1667
248,1,evaluate,3.8077666577365665,0.5758848230353929,0.5801280546158465,0.5804143447950657,0.5776980385576805,1667
248,2,evaluate,4.412498191550926,0.5800839832033593,0.5827093723993216,0.5795707193139699,0.5798861368718751,1667
248,3,evaluate,3.7835744416979313,0.5788842231553689,0.5797299588533711,0.5721359060548362,0.5739949731127246,1667
248,4,evaluate,3.883204260358104,0.5806838632273545,0.5832173183212769,0.5772018704438591,0.5781787966622403,1667
248,5,evaluate,3.7495408720440335,0.584883023395321,0.5844925921397872,0.5790399717566914,0.5796428428710069,1667
249,0,evaluate,3.6241194725864463,0.5842831433713257,0.5831769353569258,0.5881478449400882,0.5841410503308772,1667
249,1,evaluate,4.456569062338935,0.5572885422915417,0.5555504401732867,0.5578314067300738,0.5537829412176553,1667
249,2,evaluate,3.618748572137621,0.5728854229154169,0.5675057469184714,0.5675435529666543,0.5644918417402721,1667
249,3,evaluate,4.013163328170776,0.5482903419316136,0.550881361475023,0.5507825390374071,0.5473477760085571,1667
249,4,evaluate,3.7385344726068004,0.5824835032993402,0.5805095506923268,0.5781350145958692,0.5783321097783338,1667
249,5,evaluate,3.6182728785055653,0.5866826634673066,0.5832050831229161,0.5815563846073312,0.5797921694158881,1667
250,0,evaluate,3.8012134234110513,0.5590881823635273,0.5594803964914697,0.5592586516754858,0.5571533245496618,1667
250,1,evaluate,3.6113645235697427,0.5818836232753449,0.5805623917062449,0.5784884463797809,0.576787503851636,1667
250,2,evaluate,3.538073880528962,0.5824835032993402,0.5795145940828206,0.5762255114292869,0.5748104963285336,1667
250,3,evaluate,3.575208058511769,0.5794841031793642,0.579935030450329,0.5815915035938909,0.5787690920266382,1667
250,4,evaluate,3.653647743165493,0.5728854229154169,0.5715955768455244,0.5699301275054476,0.5693047990045417,1667
250,5,evaluate,4.275146298938328,0.5710857828434314,0.5712239964234385,0.5714832209787141,0.5709051915893586,1667
251,0,evaluate,3.6741600003507404,0.5830833833233353,0.5866737033023802,0.5766694845826057,0.5805199320099078,1667
251,1,evaluate,3.725502689015465,0.5854829034193162,0.5945856995508378,0.5891765098422554,0.5896002876266255,1667
251,2,evaluate,4.4383355334953025,0.5686862627474505,0.5731175466539129,0.5687646849200815,0.570176300372623,1667
251,3,evaluate,4.114283411591141,0.5488902219556089,0.5575931206091483,0.5497970961064012,0.5517780913818603,1667
251,4,evaluate,3.7858334294071905,0.5884823035392921,0.5903227244538068,0.5843672810989505,0.5853936773758636,1667
251,5,evaluate,3.8566227886411877,0.5758848230353929,0.5767798379415732,0.5717619556068215,0.5731259681624901,1667
252,0,evaluate,3.894813389689834,0.584883023395321,0.5845729856646853,0.5814976698365788,0.582355304706771,1667
252,1,evaluate,4.494796541002062,0.5788842231553689,0.5814985127578424,0.5794427537035866,0.5802513004546912,1667
252,2,evaluate,3.728733009762234,0.5866826634673066,0.5853920354035554,0.5828907888943802,0.5829860156088715,1667
252,3,evaluate,3.8346372930402004,0.5884823035392921,0.5929478530892485,0.5903561905303312,0.5908281019150009,1667
252,4,evaluate,3.7623131297252796,0.5734853029394121,0.5754606765375518,0.5673636978982463,0.5698173905047181,1667
252,5,evaluate,4.119207691263269,0.5650869826034793,0.5702554607967123,0.5655287528894384,0.5666806550030814,1667
253,0,evaluate,3.8199748788028955,0.593881223755249,0.5954887931969346,0.5976916924993637,0.5953912747446639,1667
253,1,evaluate,4.2395397027333575,0.5548890221955609,0.5572893796276659,0.555975254043773,0.5553901715905141,1667
253,2,evaluate,3.9005853136380515,0.5812837432513497,0.5790962824954569,0.5775373136052613,0.5775794561048001,1667
253,3,evaluate,3.7027837192570723,0.5830833833233353,0.5846004460952031,0.5774419959881347,0.5793506296361506,1667
253,4,evaluate,4.638697995079888,0.5836832633473306,0.5851184483943361,0.5838772209570611,0.5838530779764578,1667
253,5,evaluate,3.8394307825300427,0.5974805038992201,0.592836563486937,0.5925253644999208,0.5920771727766606,1667
254,0,evaluate,4.588537887290672,0.5836832633473306,0.5851412850559601,0.5836985646229315,0.5837363928156412,1667
254,1,evaluate,4.236327745296337,0.5518896220755849,0.5542212832079979,0.5522548297888459,0.5514571268522549,1667
254,2,evaluate,3.9021627769947775,0.5830833833233353,0.5851062518109363,0.5867258192888045,0.5842100683580753,1667
254,3,evaluate,3.8105507559246488,0.5854829034193162,0.5805835306948862,0.5790714991517462,0.5793504958394533,1667
254,4,evaluate,3.9988791655611107,0.5728854229154169,0.5710126404600365,0.5700697161628148,0.5695975231783633,1667
254,5,evaluate,3.9025121176684343,0.5890821835632873,0.5847876253969053,0.5846795524083582,0.5838145879084273,1667
255,0,evaluate,4.588818382333826,0.5830833833233353,0.581285400871176,0.5835316387514294,0.5813832560984716,1667
255,1,evaluate,3.97878793861579,0.5920815836832634,0.5929845416694615,0.5961794264726606,0.5921202603309323,1667
255,2,evaluate,4.098837216695149,0.5842831433713257,0.5852315017842266,0.5808833134757683,0.5819906606117524,1667
255,3,evaluate,4.315119213528103,0.5488902219556089,0.5513535406980413,0.5498443901795482,0.5496603192136996,1667
255,4,evaluate,3.9880565758104676,0.5776844631073785,0.5761277701524887,0.5720024863370996,0.5726169520433136,1667
255,5,evaluate,3.9759056391539396,0.6004799040191962,0.5977189416822345,0.595090282842152,0.5947511657421202,1667
256,0,evaluate,3.776884335058707,0.584883023395321,0.5816603237049628,0.5799243979141269,0.5795277581790877,1667
256,1,evaluate,4.0072575630965055,0.5782843431313738,0.5785719442248225,0.575183895920331,0.5754995976027404,1667
256,2,evaluate,3.7264107181518167,0.5824835032993402,0.5792149141165396,0.5767601620003158,0.575779507464895,1667
256,3,evaluate,3.8500766035997205,0.5824835032993402,0.5841478092448431,0.5861046181175559,0.5840754529556283,1667
256,4,evaluate,4.360583994123671,0.5818836232753449,0.5806122815907061,0.5814271925927443,0.5798389950070643,1667
256,5,evaluate,4.1887317763434515,0.5470905818836233,0.5504471453104622,0.548921278764823,0.5479177877041578,1667
257,0,evaluate,3.784814295945344,0.5734853029394121,0.568911025707597,0.5686463107901549,0.566284774468842,1667
257,1,evaluate,3.7651138879634716,0.5860827834433113,0.584869505758494,0.5878850947934444,0.5852700919810625,1667
257,2,evaluate,3.851278439992004,0.5734853029394121,0.5697743357603056,0.570407743645899,0.5688926435125179,1667
257,3,evaluate,4.073783335862337,0.5494901019796041,0.5498668939124354,0.5505903473553156,0.5480578302907781,1667
257,4,evaluate,4.297674655914307,0.5836832633473306,0.5812209094831766,0.5838890061739764,0.5803985450756672,1667
257,5,evaluate,3.742721345689562,0.5788842231553689,0.5731489115924676,0.5740250162282514,0.5724277533617651,1667
258,0,evaluate,4.121677489192398,0.5842831433713257,0.5831372700764306,0.5813827231553317,0.5812905034320692,1667
258,1,evaluate,3.9311387141545615,0.5830833833233353,0.5754160522803122,0.576670551128389,0.5751839788719766,1667
258,2,evaluate,3.954109368500886,0.593881223755249,0.5880798346065876,0.5891119564270909,0.587300872544455,1667
258,3,evaluate,4.313082566967717,0.55248950209958,0.5545042812054303,0.5535600053561168,0.5526032162420781,1667
258,4,evaluate,3.974114348111605,0.587882423515297,0.5872667998313214,0.5913404620376927,0.5878265052327762,1667
258,5,evaluate,4.576888137393528,0.5884823035392921,0.5865043047100291,0.5887199342228091,0.5872497362073189,1667
259,0,evaluate,4.179772756717823,0.5536892621475705,0.5542970428147309,0.5556139392403062,0.5535632990020412,1667
259,1,evaluate,3.875997622807821,0.5956808638272345,0.5923448640118687,0.5896344693421262,0.5900928174205111,1667
259,2,evaluate,3.9095495953052133,0.5872825434913017,0.5839136865832283,0.5826038459571052,0.5827905555798772,1667
259,3,evaluate,4.535110579596625,0.5818836232753449,0.5806509792090753,0.5822513390331403,0.5804368251382419,1667
259,4,evaluate,3.8339124167407,0.5812837432513497,0.5769852345250464,0.5758082439409473,0.5749059000510842,1667
259,5,evaluate,3.8390127310046442,0.5872825434913017,0.588773968083862,0.5908222825551983,0.588409330286978,1667
260,0,evaluate,4.300197265766285,0.5542891421715657,0.5568165555049797,0.5549190267667702,0.5539491618336425,1667
260,1,evaluate,4.025563804984644,0.5818836232753449,0.5839926299797049,0.5865541324490653,0.5823444829373883,1667
260,2,evaluate,4.40272738315441,0.587882423515297,0.5865627514818609,0.5883094364478586,0.5865422535218507,1667
260,3,evaluate,3.9058984606354326,0.5842831433713257,0.5805141015572253,0.5772666213642841,0.5779988439159851,1667
260,4,evaluate,4.046834259121506,0.5824835032993402,0.5789485359508115,0.5778815507226102,0.5772748473470319,1667
260,5,evaluate,3.995494250898008,0.5956808638272345,0.5901472653563449,0.5897760901791395,0.5882409819512211,1667
261,0,evaluate,4.348020253358064,0.5536892621475705,0.5572197118263589,0.5543417966508046,0.5531462422115829,1667
261,1,evaluate,3.994931075308058,0.5812837432513497,0.5781335867698092,0.5744230167669825,0.574240760347339,1667
261,2,evaluate,4.04800906225487,0.5776844631073785,0.5749420194765469,0.5733942784637517,0.572850772283607,1667
261,3,evaluate,3.9234095679389105,0.5944811037792441,0.5893702493874744,0.5901078263500108,0.5876532309411397,1667
261,4,evaluate,4.5900490283966064,0.5770845830833833,0.5767965941801262,0.57779909237232,0.5755581511761252,1667
261,5,evaluate,4.066406403702718,0.5782843431313738,0.5784773875837137,0.5810560569896757,0.5785213070439603,1667
262,0,evaluate,4.131337404251099,0.5758848230353929,0.5763034900392562,0.5726167705353123,0.5737304068516961,1667
262,1,evaluate,4.040807624106054,0.5830833833233353,0.5883475992855322,0.5851461623603796,0.5857477906024533,1667
262,2,evaluate,4.023465231612876,0.5674865026994601,0.5761662960932921,0.5640488982890762,0.5664873007035996,1667
262,3,evaluate,4.345034042994182,0.5434913017396521,0.5496835357002554,0.5446574135868174,0.5451620889365751,1667
262,4,evaluate,4.076408280266656,0.5800839832033593,0.5783989463853045,0.5755822894000391,0.5758107249869087,1667
262,5,evaluate,4.507245717225252,0.5806838632273545,0.5846113337544923,0.5811554322429269,0.5814853856629906,1667
263,0,evaluate,4.231805995658592,0.5464907018596281,0.5497872895213672,0.5477227825367843,0.5467795638952782,1667
263,1,evaluate,3.8935580190133163,0.5860827834433113,0.5906086586618577,0.5890504919098036,0.5886590407151845,1667
263,2,evaluate,4.040808461330555,0.5746850629874025,0.5757579170444963,0.5715895173833938,0.572635595917119,1667
263,3,evaluate,3.8440804481506348,0.5926814637072585,0.591076995201011,0.5874201958385459,0.5889159354094305,1667
263,4,evaluate,4.354376121803567,0.5818836232753449,0.5856690796018105,0.5823154274712733,0.5828703880198136,1667
263,5,evaluate,3.7765231271170907,0.5782843431313738,0.5809670621777255,0.5729094564802043,0.5749358986120321,1667
264,0,evaluate,4.292209740038271,0.5800839832033593,0.5768154384607757,0.5800618669451296,0.5779426688636821,1667
264,1,evaluate,3.6279196559399782,0.5890821835632873,0.5838061273014764,0.5832081757467985,0.5828185536873,1667
264,2,evaluate,3.7134966761977584,0.5872825434913017,0.5795858916484082,0.5820915113258416,0.5803636228107452,1667
264,3,evaluate,3.8646044295143196,0.5758848230353929,0.5723271342907001,0.5722239678844527,0.5718969281118776,1667
264,4,evaluate,3.7990575151311026,0.584883023395321,0.5830625454963789,0.5895793175665112,0.5854564112471995,1667
264,5,evaluate,4.157535394032796,0.5584883023395321,0.5587551096229106,0.5594837713003074,0.5582848429390521,1667
265,0,evaluate,4.394753765176843,0.5404919016196761,0.541638510325623,0.5416686472244029,0.53909512252868,1667
265,1,evaluate,3.9721603481857866,0.5806838632273545,0.575317543636649,0.5749581618918839,0.5746598598514424,1667
265,2,evaluate,3.838849319352044,0.5752849430113978,0.5708164927451171,0.5693717755456161,0.5686956495130518,1667
265,3,evaluate,4.109980190241778,0.5740851829634073,0.5714087627735769,0.5706091457467205,0.570217626630031,1667
265,4,evaluate,4.511794134422585,0.5806838632273545,0.5803180033016796,0.5811054522945992,0.5794594968223216,1667
265,5,evaluate,3.976698660740146,0.5836832633473306,0.5834506822762879,0.5869823200121675,0.584292029067966,1667
266,0,evaluate,4.674526611963908,0.584883023395321,0.5849685463719534,0.5848099228116046,0.5842305043477924,1667
266,1,evaluate,3.849105033609602,0.5788842231553689,0.5774212503742959,0.572811464763616,0.5725449920117549,1667
266,2,evaluate,3.8515938564583108,0.5830833833233353,0.5833583542364089,0.5798112429125207,0.5794972202963271,1667
266,3,evaluate,4.040083661123559,0.5698860227954409,0.5727390307616422,0.5674978356244007,0.5682208408342766,1667
266,4,evaluate,4.35518714233681,0.5374925014997001,0.5433500047302858,0.5381368981351224,0.5394390127840732,1667
266,5,evaluate,3.950902450967718,0.5866826634673066,0.5909175321231095,0.5898861857765519,0.5891211345556101,1667
267,0,evaluate,3.892483764224582,0.5734853029394121,0.5672973541032993,0.5691397752307296,0.567228807711887,1667
267,1,evaluate,3.839393624552974,0.5914817036592681,0.5846794739506672,0.5870283197360211,0.584304838331162,1667
267,2,evaluate,4.412722649397673,0.5800839832033593,0.575676182131778,0.5806220105389404,0.577280055752301,1667
267,3,evaluate,4.117351620285599,0.5452909418116376,0.5419159041425783,0.544939758534031,0.5423035691261178,1667
267,4,evaluate,3.61618706076061,0.5890821835632873,0.5833146110165025,0.5826370893138539,0.5821318162257898,1667
267,5,evaluate,3.806965999029301,0.5884823035392921,0.5889764878925583,0.5906262261437343,0.5875808887917657,1667
268,0,evaluate,3.594642852191572,0.5782843431313738,0.579383624240047,0.5809554269606465,0.5781819747328413,1667
268,1,evaluate,3.924056326901471,0.5416916616676665,0.5439093971841753,0.5426662773975669,0.5407633034282077,1667
268,2,evaluate,3.6996970662364252,0.5806838632273545,0.5770972123586442,0.5766225418155398,0.5758218762598882,1667
268,3,evaluate,4.175024968606454,0.5686862627474505,0.5641068001322724,0.5683813286048152,0.5650884928919327,1667
268,4,evaluate,3.4566116283768444,0.5686862627474505,0.5629165521218257,0.5610546282709216,0.5606022733663811,1667
268,5,evaluate,3.5617238062399403,0.5770845830833833,0.5722391272807444,0.5735016102216222,0.5709863089580689,1667
269,0,evaluate,3.775247194148876,0.5728854229154169,0.5698373225431695,0.5691641593182851,0.5689833073394235,1667
269,1,evaluate,3.6780378730208785,0.5734853029394121,0.5694297410346107,0.5674754539812904,0.5669065507186726,1667
269,2,evaluate,3.6440647266529225,0.5836832633473306,0.577694978850327,0.5787912796275911,0.5771106595107598,1667
269,3,evaluate,3.8016646057367325,0.5836832633473306,0.5839348435532852,0.5861277582135845,0.5828714026656932,1667
269,4,evaluate,4.219470783516213,0.584883023395321,0.5831392413194074,0.585040528565139,0.5831783772099741,1667
269,5,evaluate,4.115229809725726,0.5374925014997001,0.5413159929896352,0.5392862318152188,0.5370284728227497,1667
270,0,evaluate,4.079921607617979,0.5488902219556089,0.5489359278520064,0.5495383459502164,0.547141010200596,1667
270,1,evaluate,3.6257617440488605,0.5854829034193162,0.5799165117928773,0.579482993595917,0.5781963719046829,1667
270,2,evaluate,3.776569693431224,0.596880623875225,0.5980053970657128,0.6001416475302104,0.5974454987367906,1667
270,3,evaluate,3.6429513648704246,0.5872825434913017,0.583231997141148,0.5831049952577179,0.5811108429135399,1667
270,4,evaluate,4.296625499372129,0.5902819436112777,0.5884671163568529,0.5902612695896725,0.5881709884732846,1667
270,5,evaluate,3.846582704120212,0.5758848230353929,0.5745329659149918,0.5732294246519772,0.5720602355182511,1667
271,0,evaluate,3.8370905143243297,0.5788842231553689,0.5798149780337045,0.5752641584630845,0.5764936521308828,1667
271,1,evaluate,4.259827216466268,0.5830833833233353,0.5861316916063565,0.5836515081102881,0.5843865477014509,1667
271,2,evaluate,3.798293314598225,0.5854829034193162,0.5883444571791732,0.579954376851871,0.5825887529948067,1667
271,3,evaluate,3.905181021688299,0.5860827834433113,0.5916425664084868,0.5879220409047894,0.588258832607385,1667
271,4,evaluate,4.205667866600884,0.5440911817636472,0.5507415663638437,0.5444581085087032,0.5463530727856607,1667
271,5,evaluate,3.7848676134038857,0.587882423515297,0.588133032291516,0.5851022725733426,0.5846624375147846,1667
272,0,evaluate,4.458761038603606,0.5512897420515896,0.5542056281557696,0.5513893681422424,0.552032141703996,1667
272,1,evaluate,4.0854560397824065,0.5992801439712058,0.603575599630999,0.6020521232327091,0.6011372714751151,1667
272,2,evaluate,4.167252407029823,0.5776844631073785,0.5751782142642001,0.5733806387578598,0.5737179353222491,1667
272,3,evaluate,3.977285012050911,0.593881223755249,0.5959508662577334,0.5882594891908924,0.5907929371422238,1667
272,4,evaluate,4.082104479825055,0.5944811037792441,0.5891918179120142,0.5904270610266953,0.5883201272718281,1667
272,5,evaluate,4.598094542821248,0.5896820635872826,0.5913168513578113,0.5905387802822928,0.5903454974870963,1667
273,0,evaluate,4.137372370119448,0.5764847030593881,0.5729640503189639,0.5726868966478589,0.572581923890573,1667
273,1,evaluate,4.573877520031399,0.587882423515297,0.5870709380374184,0.5885500943045926,0.5874053899190518,1667
273,2,evaluate,4.395294202698602,0.5512897420515896,0.5511539509454981,0.5519282756015591,0.5507135226212972,1667
273,3,evaluate,3.9770745966169567,0.5884823035392921,0.5868091275689984,0.582410453293004,0.5834850050861937,1667
273,4,evaluate,4.082832972208659,0.5956808638272345,0.5892766479214344,0.5908984437943221,0.5893899238305325,1667
273,5,evaluate,4.068347305208186,0.5914817036592681,0.5937361328356572,0.594939295010911,0.5928215361753317,1667
274,0,evaluate,4.137956321239471,0.5830833833233353,0.5819600149451404,0.5795797502704587,0.5802154426006374,1667
274,1,evaluate,4.010327520193877,0.584883023395321,0.5855693987933377,0.578626942535702,0.5809885212812238,1667
274,2,evaluate,4.040686462212492,0.5914817036592681,0.5937253776911013,0.5943286277315827,0.5929835186343261,1667
274,3,evaluate,4.475849244329664,0.5404919016196761,0.5424141170758754,0.5409620207581077,0.5408553679229529,1667
274,4,evaluate,4.658381223678589,0.5926814637072585,0.5912827335663858,0.5923630198364591,0.5915488361424719,1667
274,5,evaluate,4.129460008056076,0.5842831433713257,0.5796807672506186,0.5793119439370571,0.5786687350339967,1667
275,0,evaluate,4.233752402442473,0.5842831433713257,0.5845665308901448,0.5887432917212839,0.5846121067115899,1667
275,1,evaluate,4.213495837317573,0.590881823635273,0.5832790308698595,0.5853400475089694,0.5837292622048798,1667
275,2,evaluate,4.36332866218355,0.5794841031793642,0.5765665499681554,0.5759770436646007,0.5751033082929051,1667
275,3,evaluate,4.6036741292035135,0.5482903419316136,0.5487312558050806,0.5491493269231945,0.5474216037946293,1667
275,4,evaluate,4.162648563031797,0.5854829034193162,0.5807492265605756,0.5789712874138164,0.5776812441652053,1667
275,5,evaluate,4.831351898334645,0.5914817036592681,0.5882312405192426,0.5917870370805909,0.5891546702460312,1667
276,0,evaluate,4.373516352088363,0.5716856628674265,0.5707692836154392,0.5684224772105679,0.5690384555823501,1667
276,1,evaluate,4.663732745029308,0.5542891421715657,0.5586638801153577,0.5545423533762235,0.5551047888072532,1667
276,2,evaluate,4.990116781658596,0.5818836232753449,0.583093714483313,0.5824511770173888,0.58223865010091,1667
276,3,evaluate,4.298488893442684,0.5890821835632873,0.5934530861526859,0.5913459509652543,0.5917976279323697,1667
276,4,evaluate,4.237555788622962,0.5914817036592681,0.5932790274549691,0.5863452406340397,0.5880157943216736,1667
276,5,evaluate,4.340926894435176,0.5884823035392921,0.5843701922674385,0.5839913390244144,0.5834151847107454,1667
277,0,evaluate,5.051695020110519,0.587882423515297,0.5895090377166803,0.5879765214524412,0.5872315616705113,1667
277,1,evaluate,4.354275235423335,0.5896820635872826,0.5881357033831669,0.5834156942344596,0.5850153257705146,1667
277,2,evaluate,4.40792515159895,0.5842831433713257,0.5865602057079438,0.587436905139827,0.5855375430830542,1667
277,3,evaluate,4.4057670522619174,0.5914817036592681,0.5856192746192103,0.586518336337633,0.5847634974528007,1667
277,4,evaluate,4.48518302264037,0.5764847030593881,0.5759655031640387,0.573657343746221,0.5738324818602581,1667
277,5,evaluate,4.884298474700363,0.5542891421715657,0.5580782761809621,0.5543689416850142,0.5554421648355395,1667
278,0,evaluate,4.440500464704302,0.5698860227954409,0.5652558996996884,0.5658739547139497,0.5650464329851318,1667
278,1,evaluate,4.305425273047553,0.596880623875225,0.5892366040577437,0.5925257552652716,0.589235540795787,1667
278,2,evaluate,4.96623139028196,0.5872825434913017,0.584059654642738,0.5878808731344566,0.5850048386127458,1667
278,3,evaluate,4.689394103156196,0.5506898620275945,0.5512737309638199,0.5514218705947294,0.5497872452333046,1667
278,4,evaluate,4.2783976714644165,0.5890821835632873,0.587979642094712,0.5928230210972352,0.5888625922324852,1667
278,5,evaluate,4.221207088894314,0.5854829034193162,0.5766957826586254,0.5800581935611027,0.5771340836556558,1667
279,0,evaluate,4.61596452748334,0.5836832633473306,0.5835020904046246,0.5838862172251005,0.5826856376739802,1667
279,1,evaluate,4.191183725992839,0.5770845830833833,0.5752612351043405,0.5726847179786825,0.5735189207057101,1667
279,2,evaluate,4.149891959296332,0.5944811037792441,0.5918029646342313,0.5891930346312021,0.5895114573054179,1667
279,3,evaluate,4.044757268706302,0.590881823635273,0.5941890665239289,0.595082125952836,0.592918248394133,1667
279,4,evaluate,4.127998656696743,0.5710857828434314,0.5729694770688297,0.5668568466724275,0.5682278176296076,1667
279,5,evaluate,4.48877575662401,0.5566886622675465,0.5616959316977814,0.5580789155538128,0.5584442034727723,1667
280,0,evaluate,4.147597224624069,0.5776844631073785,0.5774673882240355,0.5746495778340543,0.5744264673242534,1667
280,1,evaluate,4.493656220259489,0.5488902219556089,0.5555950951710107,0.5492441396266325,0.5511059296316565,1667
280,2,evaluate,4.608864978507713,0.5842831433713257,0.591463108733871,0.5844638934774915,0.5869961680904473,1667
280,3,evaluate,4.1464100106860755,0.5716856628674265,0.5790809406820296,0.5734884687834211,0.5750361178932073,1667
280,4,evaluate,4.322720355457729,0.5662867426514697,0.5701349941041527,0.5630431863257851,0.5646186388287224,1667
280,5,evaluate,4.159369106645937,0.5788842231553689,0.5836046502619847,0.5731402358142936,0.5761329019956669,1667
281,0,evaluate,4.31123180742617,0.5962807438512298,0.5923894507318515,0.5917082395840735,0.5900991105418865,1667
281,1,evaluate,4.205405544351648,0.5824835032993402,0.5803068706309313,0.5786815735476502,0.5785187843956192,1667
281,2,evaluate,4.155228120585282,0.590881823635273,0.593843305245929,0.5944634465069617,0.5918117927095885,1667
281,3,evaluate,4.552485037733008,0.5470905818836233,0.5521705653801012,0.5488633468631092,0.5484843073402076,1667
281,4,evaluate,4.902775490725482,0.5824835032993402,0.5805656486118366,0.5824987176973355,0.5795007537037122,1667
281,5,evaluate,4.106958940073296,0.5836832633473306,0.5784873199185631,0.5769909330251747,0.5767764408699728,1667
282,0,evaluate,3.9051515173029014,0.5716856628674265,0.5672462836686546,0.5676746897072921,0.5671076371485968,1667
282,1,evaluate,4.110421776771545,0.5500899820035993,0.5488438261627042,0.5500341308856422,0.5487983280607474,1667
282,2,evaluate,3.8117134394469083,0.5854829034193162,0.5819951795299757,0.5787644496500645,0.5796957149370521,1667
282,3,evaluate,3.7367419130190416,0.5854829034193162,0.5865751508001444,0.5882077032807306,0.5865781911806456,1667
282,4,evaluate,4.484982146157159,0.5656868626274745,0.5647963615786862,0.5661278920736041,0.5645775972820534,1667
282,5,evaluate,3.893478543670089,0.5836832633473306,0.5781010702951616,0.5793359180562364,0.577626095233978,1667
283,0,evaluate,4.039205197934751,0.5686862627474505,0.5657065657033986,0.5648216454644418,0.5638295325780985,1667
283,1,evaluate,3.9233058470266835,0.5782843431313738,0.5732762706015941,0.5742547261271418,0.572602634091498,1667
283,2,evaluate,3.8206992451515465,0.5812837432513497,0.5831366045499871,0.5854446805030461,0.582412484168884,1667
283,3,evaluate,4.1092465277071355,0.5476904619076185,0.5492619290499071,0.5488241840394387,0.5458927507188782,1667
283,4,evaluate,3.7805919779671564,0.5704859028194361,0.564363534923502,0.5645937374757801,0.5631800458340906,1667
283,5,evaluate,4.4946892879627365,0.5788842231553689,0.5756511161198002,0.5788462537205442,0.576211935456757,1667
284,0,evaluate,4.618537699734723,0.5734853029394121,0.5756941655776368,0.5736783854236129,0.5733395851957113,1667
284,1,evaluate,4.432552319985849,0.55248950209958,0.5582090746515715,0.553962684734148,0.5526669531302325,1667
284,2,evaluate,4.040511524235761,0.5800839832033593,0.5839380090857204,0.5836921054453793,0.5824054373744262,1667
284,3,evaluate,4.157457843974784,0.5734853029394121,0.5744487492578386,0.5701126015024431,0.5709749062293584,1667
284,4,evaluate,3.963113718562656,0.5812837432513497,0.5827218611710532,0.5773796737577733,0.5778275278915951,1667
284,5,evaluate,4.091279497853032,0.5782843431313738,0.5784374592006559,0.5724161156790362,0.5742416755341229,1667
285,0,evaluate,4.171492885660242,0.5920815836832634,0.5907121453944345,0.586049709207473,0.5872397919902745,1667
285,1,evaluate,4.2496943120603206,0.5896820635872826,0.5880214039135685,0.5851047889086942,0.5854401826921207,1667
285,2,evaluate,4.225165007015069,0.590881823635273,0.5931732208932645,0.5941621610882551,0.5923811073678886,1667
285,3,evaluate,4.672362230442189,0.5560887822435513,0.5593541920242079,0.5565901412720224,0.555934469337543,1667
285,4,evaluate,4.265928286093253,0.5812837432513497,0.5777522203109019,0.5774044679253685,0.576875845075298,1667
285,5,evaluate,4.758826158664845,0.5812837432513497,0.5826168068944659,0.5819162992369156,0.581564232823021,1667
286,0,evaluate,4.540504168581079,0.5566886622675465,0.5624524071584899,0.558592897051199,0.5582557356878007,1667
286,1,evaluate,4.305105341805352,0.5734853029394121,0.5725150098817113,0.5700002219679506,0.5707177447247546,1667
286,2,evaluate,4.263106575718632,0.590881823635273,0.5870552634728556,0.5851056613603884,0.5855481373986537,1667
286,3,evaluate,4.93472957611084,0.5800839832033593,0.5790760445576809,0.5802560506606305,0.5787157292596434,1667
286,4,evaluate,4.242549834428011,0.5860827834433113,0.5833451508374032,0.5808556151624101,0.5810203522836355,1667
286,5,evaluate,4.22005398236905,0.587882423515297,0.5896994832885417,0.5911575768708334,0.5898007665408563,1667
287,0,evaluate,4.7339475861302125,0.5770845830833833,0.5757485693763735,0.5767216208548009,0.5754472822697619,1667
287,1,evaluate,4.143765175784075,0.5770845830833833,0.5781343673435325,0.5737507581034185,0.5732199922036537,1667
287,2,evaluate,3.9392290424417564,0.5818836232753449,0.5778746842618329,0.5753707172631713,0.5751609107217278,1667
287,3,evaluate,4.1375568663632425,0.5758848230353929,0.575693773178955,0.5729683655473083,0.5728076987117254,1667
287,4,evaluate,4.342494002094975,0.5494901019796041,0.5544218904377414,0.5497265236263619,0.550245700204594,1667
287,5,evaluate,4.07295258174202,0.5884823035392921,0.5925968319627344,0.5918096673221622,0.590296565730027,1667
288,0,evaluate,4.230527382844162,0.5860827834433113,0.5880832335510575,0.5899540566703642,0.5872981889424538,1667
288,1,evaluate,4.200486880761606,0.5722855428914218,0.5699725946860956,0.5653364448026718,0.5670092024777474,1667
288,2,evaluate,4.436521962836936,0.587882423515297,0.5860896327850551,0.5821105069896808,0.5832177463846427,1667
288,3,evaluate,4.533534098554541,0.5494901019796041,0.5527780877996634,0.5502311943089497,0.5504526261420886,1667
288,4,evaluate,4.228579279449251,0.5812837432513497,0.5796929883163238,0.5771311795097391,0.5774150229822543,1667
288,5,evaluate,4.781699984161942,0.584883023395321,0.5864772667658597,0.5850129629701393,0.5849524196461868,1667
289,0,evaluate,4.107939068917875,0.5854829034193162,0.5831577078245014,0.5801443268015909,0.5796288900966284,1667
289,1,evaluate,4.685448593563503,0.5758848230353929,0.5747940442138372,0.5760117588429758,0.5735720915182133,1667
289,2,evaluate,4.148219841497916,0.5890821835632873,0.5881963598996912,0.5842291165328504,0.5831220897395442,1667
289,3,evaluate,4.423550888344094,0.5494901019796041,0.5541655013314779,0.5517943957590918,0.5502808188846207,1667
289,4,evaluate,4.1715702372775585,0.5842831433713257,0.5870968363124303,0.5893594867455006,0.5852209380313176,1667
289,5,evaluate,4.045109470685323,0.5812837432513497,0.5763573454311481,0.5750126724817708,0.5733583765145193,1667
290,0,evaluate,3.710463382579662,0.5806838632273545,0.581191793883207,0.577071031690616,0.5774366604161912,1667
290,1,evaluate,3.694330946162895,0.5704859028194361,0.5713454183677606,0.5675030483041038,0.5685517653811814,1667
290,2,evaluate,3.765952202293125,0.5788842231553689,0.5852977342950767,0.5812885838368664,0.5828461858529553,1667
290,3,evaluate,4.034027964980514,0.5392921415716857,0.5451453431625852,0.5399484055250131,0.5405608104354491,1667
290,4,evaluate,4.120291400838782,0.5650869826034793,0.5685211951867423,0.5650468322087638,0.5652746766269924,1667
290,5,evaluate,3.71609240696521,0.5770845830833833,0.5802649049886509,0.5717652676694129,0.5735351134817149,1667
291,0,evaluate,4.056461952350758,0.5644871025794841,0.5652446270666598,0.5650680913142703,0.5637371063451921,1667
291,1,evaluate,3.5868042839898004,0.5746850629874025,0.5708389557547834,0.5704611166034428,0.5689763952333922,1667
291,2,evaluate,3.62254379041217,0.5806838632273545,0.5827106657316755,0.5833241766821529,0.5806985079089897,1667
291,3,evaluate,3.6715778200714677,0.5716856628674265,0.5687200488858034,0.5666183703902311,0.5663196122046437,1667
291,4,evaluate,3.892400520819205,0.5374925014997001,0.5389323936060444,0.5377715180533849,0.5361786854461545,1667
291,5,evaluate,3.6021272208820814,0.5668866226754649,0.5611511006902706,0.5600152092908419,0.5592775836508824,1667
292,0,evaluate,3.572731567753686,0.5764847030593881,0.5752054033097108,0.5725051235443678,0.573412335937116,1667
292,1,evaluate,3.543116980128818,0.5836832633473306,0.5858628316865178,0.5791582501173143,0.5811912967588222,1667
292,2,evaluate,4.089646772102073,0.5722855428914218,0.574611542409053,0.572261796263785,0.5725451695020548,1667
292,3,evaluate,3.549521468303822,0.5950809838032394,0.5953515037162422,0.5969538428389436,0.5956079299199505,1667
292,4,evaluate,3.812413533528646,0.5512897420515896,0.55405555982727,0.5514282044363407,0.5519386590497916,1667
292,5,evaluate,3.5668070404617875,0.5866826634673066,0.5848531215629593,0.5821743833457089,0.5825969773435636,1667
293,0,evaluate,3.8515350785520344,0.5842831433713257,0.5776878996503632,0.5781118593377546,0.5769491759598339,1667
293,1,evaluate,3.8868599668559103,0.5812837432513497,0.5798215405138565,0.5850681291766584,0.5808614862835366,1667
293,2,evaluate,4.05814481664587,0.5800839832033593,0.5751988965153821,0.5758505513612917,0.5744886286056217,1667
293,3,evaluate,4.512435921916255,0.5854829034193162,0.5813629652935588,0.5853724728976835,0.5820903715871442,1667
293,4,evaluate,4.159254250703035,0.5578884223155369,0.5578822393572931,0.5594467145862195,0.556831200415344,1667
293,5,evaluate,3.9493566707328513,0.5932813437312537,0.5863266685094151,0.5873041990740273,0.5861412588918055,1667
294,0,evaluate,4.147423286422121,0.5914817036592681,0.5932204045638396,0.594716125361768,0.5927268726086465,1667
294,1,evaluate,4.123047184061121,0.5932813437312537,0.5872027739526067,0.5876722723520547,0.5870737194813721,1667
294,2,evaluate,4.649617460038927,0.5896820635872826,0.58845620911286,0.5895844441365624,0.5884431827991394,1667
294,3,evaluate,4.16753046600907,0.5842831433713257,0.5800359241116854,0.5794558434070928,0.5794235755068456,1667
294,4,evaluate,4.503044101927015,0.5518896220755849,0.5520641016536626,0.5527034159876887,0.5508629752226029,1667
294,5,evaluate,4.076608512136671,0.5794841031793642,0.5761167768064159,0.5732937563886684,0.5740256041983701,1667
295,0,evaluate,4.300233284632365,0.5794841031793642,0.5762242239967821,0.5745850431289815,0.5750565703782635,1667
295,1,evaluate,4.550104344332659,0.5542891421715657,0.5546293742453774,0.5550304235127442,0.5529886737000405,1667
295,2,evaluate,4.266135284918602,0.5920815836832634,0.5923945530289851,0.5950828029146649,0.5926087608302629,1667
295,3,evaluate,4.780044502682156,0.6004799040191962,0.5996087358699486,0.6003759575501624,0.5990120966972912,1667
295,4,evaluate,4.104919025743449,0.5812837432513497,0.57812020880806,0.5759450374204048,0.5761195787722369,1667
295,5,evaluate,4.201890080063431,0.5992801439712058,0.5955218709533971,0.5948912663491346,0.5943798247683729,1667
296,0,evaluate,4.115445895327462,0.5854829034193162,0.5848065217452391,0.5795271100594874,0.5815781421738007,1667
296,1,evaluate,4.245982593960232,0.5902819436112777,0.5886830259324187,0.5857451207213351,0.5861890670614203,1667
296,2,evaluate,4.629491488138835,0.5494901019796041,0.553224976372227,0.5500026843905551,0.5505233159182719,1667
296,3,evaluate,4.366156798821908,0.5746850629874025,0.5730806792854137,0.5705530239698675,0.5712725769337246,1667
296,4,evaluate,4.799968428081936,0.5896820635872826,0.5897854797027706,0.5893701315401739,0.589058328024233,1667
296,5,evaluate,4.2766468047155755,0.5854829034193162,0.5881485101896696,0.5892152394267854,0.5871483776093325,1667
297,0,evaluate,5.026154182575367,0.5932813437312537,0.5911457472941415,0.5929076497803127,0.5914627554222316,1667
297,1,evaluate,4.418922996303688,0.5998800239952009,0.6002349493833697,0.6028736272916928,0.6008020694293243,1667
297,2,evaluate,4.315622443402255,0.5806838632273545,0.5775582849159184,0.5756366098189412,0.575640901198182,1667
297,3,evaluate,4.7417508849391234,0.5632873425314937,0.5651452307852451,0.5638887935439836,0.5632788900460142,1667
297,4,evaluate,4.5586018076649415,0.5674865026994601,0.5663981788076241,0.5646182332164542,0.5651184657713626,1667
297,5,evaluate,4.376186158921984,0.596880623875225,0.5924524554706343,0.5916952036369563,0.591552197214102,1667
298,0,evaluate,4.600891411304474,0.5776844631073785,0.574899764571803,0.5741382798733975,0.5742967004711688,1667
298,1,evaluate,4.510997026108844,0.5980803839232154,0.5999884309457455,0.6011652398380296,0.5997994382795497,1667
298,2,evaluate,4.487427605523004,0.6022795440911818,0.5978451257408002,0.5969425298901946,0.5971261009139284,1667
298,3,evaluate,4.855458286073473,0.5572885422915417,0.5584293458001669,0.5577136346470344,0.557105002879853,1667
298,4,evaluate,4.396658663396482,0.5830833833233353,0.5804481052265165,0.5774028285244845,0.5783767397220496,1667
298,5,evaluate,5.155824590612341,0.5980803839232154,0.5970380321422445,0.597911569374059,0.5971035207155008,1667
299,0,evaluate,4.563939244658859,0.6040791841631674,0.6009927766926543,0.599060381171799,0.5995628632825403,1667
299,1,evaluate,5.255016892044632,0.5980803839232154,0.5970995045904236,0.5977810290933357,0.5971170997456785,1667
299,2,evaluate,4.717735568682353,0.5716856628674265,0.569909988910206,0.5680324458792845,0.5687415558822569,1667
299,3,evaluate,4.576327625415245,0.596880623875225,0.5989328645498881,0.6000005292323782,0.5984764049546044,1667
299,4,evaluate,4.468749984546944,0.5860827834433113,0.5830552562732796,0.5809440633240776,0.5813839171817851,1667
299,5,evaluate,4.932585804550736,0.5578884223155369,0.559630375383772,0.5582880159713695,0.5578980064664886,1667
300,0,evaluate,4.531609173174258,0.5836832633473306,0.5809778783200704,0.57823105828629,0.5789426733703238,1667
300,1,evaluate,4.6364068808378995,0.6022795440911818,0.5998645949697544,0.5974472555656297,0.598224324681104,1667
300,2,evaluate,4.766753572004813,0.5716856628674265,0.5700053733920386,0.5680160692619532,0.5687423982999421,1667
300,3,evaluate,5.015849890532317,0.5572885422915417,0.5620682311472727,0.5580742247038306,0.5587479857041313,1667
300,4,evaluate,4.651796556095144,0.6004799040191962,0.6033923651101606,0.6034306704982917,0.6025315540775446,1667
300,5,evaluate,5.322160076212,0.596880623875225,0.5970393291070833,0.5966803198948228,0.596568931691761,1667
301,0,evaluate,5.389637337790595,0.596880623875225,0.5952714541319171,0.5967463414248517,0.5957440982206738,1667
301,1,evaluate,4.5931904382175865,0.5914817036592681,0.5883448116270328,0.5858842342791721,0.5864880507482461,1667
301,2,evaluate,4.712369514857763,0.6010797840431914,0.6024811266454049,0.6041339492045547,0.6022735709789255,1667
301,3,evaluate,5.085058079825507,0.5572885422915417,0.5594324524564438,0.5581121411059504,0.5577501179648412,1667
301,4,evaluate,4.835479383115415,0.5758848230353929,0.5737653983827883,0.572285784116754,0.5727911331340283,1667
301,5,evaluate,4.695739534166124,0.6052789442111578,0.6022692419948674,0.6003456603888787,0.6006305832284438,1667
302,0,evaluate,5.459591671272561,0.596880623875225,0.5964019515303084,0.5967184863607033,0.5963549643230371,1667
302,1,evaluate,4.738543536927965,0.6052789442111578,0.6027421350902331,0.6002615956839527,0.6009855237170775,1667
302,2,evaluate,4.895027209211279,0.5740851829634073,0.5724973226354126,0.570359913098056,0.5711753879980106,1667
302,3,evaluate,5.138637348457619,0.5548890221955609,0.5583350413837221,0.5557820650107113,0.5560046450803967,1667
302,4,evaluate,4.645254459646013,0.5884823035392921,0.5863467412661623,0.5828362207948677,0.5839097116201707,1667
302,5,evaluate,4.765455123127645,0.6022795440911818,0.6051179483927588,0.6053370951188813,0.6043718958087918,1667
303,0,evaluate,4.824988401435096,0.6016796640671865,0.6038895195082324,0.6046149513174878,0.6034398909852154,1667
303,1,evaluate,4.8032556816383645,0.6046790641871626,0.6015228865595825,0.5997390968868512,0.6000853492083971,1667
303,2,evaluate,5.519289396427296,0.5980803839232154,0.5973960466390714,0.5979200727400038,0.5974112392907767,1667
303,3,evaluate,5.199115912119548,0.5578884223155369,0.5601495910170138,0.5587201048636335,0.5584582224923683,1667
303,4,evaluate,4.6923094369747025,0.5872825434913017,0.5842651229479836,0.5814463432644648,0.5824460780205772,1667
303,5,evaluate,4.9472317254101785,0.5758848230353929,0.5740485327830729,0.5722339123653594,0.5729261150334046,1667
304,0,evaluate,4.997870180341932,0.5770845830833833,0.5754876615688229,0.5734742510647145,0.574254392873668,1667
304,1,evaluate,4.728758859413642,0.5860827834433113,0.5831681548534879,0.5803091198119736,0.5812394913347596,1667
304,2,evaluate,5.236618103804411,0.5584883023395321,0.5608782785327918,0.5591660118551223,0.5590744142254566,1667
304,3,evaluate,4.828008969624837,0.6064787042591482,0.6034926112203436,0.6014787075540251,0.601937864775498,1667
304,4,evaluate,5.566453721788195,0.5974805038992201,0.5967598904408472,0.5972425523192867,0.596719224881572,1667
304,5,evaluate,4.863902154991929,0.6028794241151769,0.605252717393024,0.6059043134735689,0.604729154966914,1667
305,0,evaluate,4.767394856170371,0.5860827834433113,0.5824918836790595,0.5803833006183684,0.5809703081476936,1667
305,1,evaluate,5.616812811957465,0.5998800239952009,0.5989420061483327,0.5996440287413777,0.5990294779768686,1667
305,2,evaluate,5.039204416451631,0.5764847030593881,0.5754055148358576,0.5729960513460085,0.5739054100453581,1667
305,3,evaluate,5.282996742813675,0.5566886622675465,0.5599357536344832,0.557459555801515,0.5576736694866377,1667
305,4,evaluate,4.909308236249166,0.6028794241151769,0.605452032229,0.6059906590915287,0.6048470826746213,1667
305,5,evaluate,4.863249487347073,0.6070785842831433,0.6040786696448743,0.6020442284039558,0.6025071199132517,1667
306,0,evaluate,4.80032557911343,0.5872825434913017,0.5840992036723536,0.5816338530398182,0.5823078606686932,1667
306,1,evaluate,4.944675674163995,0.6040791841631674,0.6067252372717569,0.6072814573121516,0.6059996563055507,1667
306,2,evaluate,4.906750219839591,0.6076784643071386,0.6045239683776467,0.6025717622682264,0.6030237006441748,1667
306,3,evaluate,5.670834550151119,0.5998800239952009,0.5987043555079554,0.5996671939181097,0.5988675208401091,1667
306,4,evaluate,5.076258853629783,0.5788842231553689,0.5769021754724196,0.5752060484492937,0.5758352723125773,1667
306,5,evaluate,5.325439629731355,0.5566886622675465,0.5593453004305865,0.5573848420216817,0.5573655858073078,1667
307,0,evaluate,5.715355122530902,0.5992801439712058,0.5983207087014862,0.5989628504727581,0.5982992543664662,1667
307,1,evaluate,4.947968394668014,0.6046790641871626,0.6017865805731404,0.5996895410613005,0.6001304788643619,1667
307,2,evaluate,5.366184172806917,0.5584883023395321,0.5608297097194633,0.559178950959606,0.559092285988691,1667
307,3,evaluate,5.116497309119613,0.5764847030593881,0.5751333325301546,0.5728427327526446,0.5737233678453026,1667
307,4,evaluate,4.986422027428354,0.6016796640671865,0.6043639963371675,0.6048782360335088,0.6037005501151098,1667
307,5,evaluate,4.837045984135734,0.5890821835632873,0.5856876784895497,0.5834329230706199,0.584120052361021,1667
308,0,evaluate,4.868879490428501,0.5890821835632873,0.5863774851218864,0.5836500188808832,0.5845012803024916,1667
308,1,evaluate,5.154088837129098,0.5770845830833833,0.5755827676054541,0.5733873919280119,0.5742331616136906,1667
308,2,evaluate,5.74954757867036,0.5998800239952009,0.5996034374160067,0.5996098484023646,0.5993120534245293,1667
308,3,evaluate,5.017848301208384,0.6028794241151769,0.6060959602942326,0.6061104306043351,0.6050973055230834,1667
308,4,evaluate,4.972138413676509,0.6064787042591482,0.6037086373616988,0.6014381720305899,0.6019736847321628,1667
308,5,evaluate,5.403332198107684,0.5566886622675465,0.5594863309271091,0.557288031525532,0.5575373907091301,1667
309,0,evaluate,5.786712222629124,0.5992801439712058,0.5993229076873596,0.5990304120750003,0.5989476301110253,1667
309,1,evaluate,5.0027102011221425,0.6052789442111578,0.602438241004719,0.6004084444900193,0.6008869204016201,1667
309,2,evaluate,4.897243729344121,0.5884823035392921,0.5859689197329335,0.5830593176104653,0.5839297303937874,1667
309,3,evaluate,5.433389319313897,0.5548890221955609,0.5583624014276671,0.5556346224057813,0.5560647578907378,1667
309,4,evaluate,5.1864812153357045,0.5758848230353929,0.5743846172774161,0.5723217341547041,0.5731375555615361,1667
309,5,evaluate,5.0490407818121,0.6016796640671865,0.6046196988065182,0.6048881630804857,0.6038169740809833,1667
310,0,evaluate,5.817390309439765,0.6010797840431914,0.601410331771348,0.6008908824011361,0.6009685134272688,1667
310,1,evaluate,5.464267156742237,0.555488902219556,0.5590450802607039,0.5562908343017683,0.5566609790731324,1667
310,2,evaluate,5.027342761004412,0.6040791841631674,0.6013833768701509,0.599292182281445,0.5997056701305141,1667
310,3,evaluate,4.922803560892741,0.5872825434913017,0.5846335133907854,0.5817592458532579,0.5826348536363153,1667
310,4,evaluate,5.214351049175969,0.5770845830833833,0.5753034802328065,0.5734174727504426,0.5740698016333948,1667
310,5,evaluate,5.077064594355761,0.6022795440911818,0.6057236171718821,0.6052895626060917,0.604524395067472,1667
311,0,evaluate,5.4986801765583175,0.5572885422915417,0.5606680226831537,0.5580120422449848,0.5583498824400792,1667
311,1,evaluate,5.052471319834392,0.6052789442111578,0.6025061902993087,0.6004351887149382,0.6008789312665755,1667
311,2,evaluate,5.849664997171472,0.5998800239952009,0.600235245186469,0.5997764601002731,0.5998278469133432,1667
311,3,evaluate,4.954585860172908,0.5872825434913017,0.5847283380715084,0.5817592458532579,0.5826581777903073,1667
311,4,evaluate,5.249772314672117,0.5782843431313738,0.5765834705628778,0.5746745838988581,0.5753452354489486,1667
311,5,evaluate,5.108037484215283,0.6022795440911818,0.6053377658292305,0.6054448394733679,0.6043661211189971,1667
312,0,evaluate,5.274849874001962,0.5764847030593881,0.5749582180097782,0.5727695778210414,0.5735759391325458,1667
312,1,evaluate,5.531560544614439,0.5566886622675465,0.5593017010514181,0.5573545927011098,0.5574367505686523,1667
312,2,evaluate,5.141319142101296,0.6016796640671865,0.6048705207878768,0.6050378585130332,0.6037979912199478,1667
312,3,evaluate,5.885777967947501,0.5986802639472105,0.5985028964592052,0.598488133068866,0.5982327245273493,1667
312,4,evaluate,5.082430080131248,0.6046790641871626,0.6022167079501075,0.5998838982577762,0.6003919932972948,1667
312,5,evaluate,4.981843635991767,0.5884823035392921,0.5853307645853031,0.5829458507103811,0.5835960652356726,1667
313,0,evaluate,5.107080980583474,0.6064787042591482,0.6034781557036488,0.6016293143298238,0.6019762756536948,1667
313,1,evaluate,5.165379660594799,0.6010797840431914,0.6041000057737689,0.6044102857128179,0.6031663318745039,1667
313,2,evaluate,5.559779123023704,0.5560887822435513,0.5589901376942121,0.5566576995467292,0.5569185667636456,1667
313,3,evaluate,5.0036632540049375,0.5890821835632873,0.5868448649277692,0.583650068638068,0.5845888011137153,1667
313,4,evaluate,5.918575013125384,0.5980803839232154,0.5978949982816872,0.5978140559673399,0.597612683511951,1667
313,5,evaluate,5.312698227387887,0.5794841031793642,0.5785199948855704,0.5761577022373222,0.5770337527490665,1667
314,0,evaluate,5.332153863377041,0.5770845830833833,0.5754345281907922,0.5735217105023598,0.57421685351516,1667
314,1,evaluate,5.590403812902945,0.5566886622675465,0.5595032219148323,0.5573210934088746,0.5574882321775392,1667
314,2,evaluate,5.953693769596241,0.5974805038992201,0.597329380773374,0.5972332595531905,0.5970174932420579,1667
314,3,evaluate,5.190805227339162,0.6034793041391722,0.60598288733728,0.6069752888534067,0.6053799201853829,1667
314,4,evaluate,5.131634676897967,0.6064787042591482,0.6032900204587645,0.60160993886562,0.6018587383609668,1667
314,5,evaluate,5.02809989783499,0.5884823035392921,0.5854113365703495,0.5829076211631887,0.5836444876329907,1667
315,0,evaluate,5.976426301179109,0.5998800239952009,0.6006490881110194,0.5996670512893846,0.5999648248185465,1667
315,1,evaluate,5.149057300002487,0.6046790641871626,0.6019204068866099,0.5999139673842029,0.6002985171305911,1667
315,2,evaluate,5.213598598217316,0.6028794241151769,0.6056079157129263,0.6061504444386079,0.6047994497980087,1667
315,3,evaluate,5.614817495699282,0.555488902219556,0.5586028378575761,0.5561544267422078,0.5564666122519828,1667
315,4,evaluate,5.052932755814658,0.5884823035392921,0.5864090051748619,0.5830632981852604,0.5841087713869904,1667
315,5,evaluate,5.359762319812068,0.5764847030593881,0.5748708205599331,0.5728649989384751,0.5735888755644809,1667
316,0,evaluate,5.639948889061257,0.555488902219556,0.5587008993239523,0.5560806940233138,0.5564777226486924,1667
316,1,evaluate,6.007494758676599,0.5986802639472105,0.5989203642880079,0.5984642639637159,0.5984838119561802,1667
316,2,evaluate,5.1767750669408725,0.6058788242351529,0.6030267494174562,0.6010439108870278,0.601455462823333,1667
316,3,evaluate,5.0758043229579926,0.5884823035392921,0.5862832346963305,0.5830632981852604,0.5840567051270504,1667
316,4,evaluate,5.386922990834272,0.5776844631073785,0.5766690568128053,0.5741078770366992,0.5750811754423555,1667
316,5,evaluate,5.242995930022584,0.6028794241151769,0.6053990921832496,0.606354141125063,0.6047865425310842,1667
317,0,evaluate,5.096661394393003,0.5890821835632873,0.5865261491537324,0.5835405325555938,0.584456728848131,1667
317,1,evaluate,5.264815218343251,0.6022795440911818,0.6043964736977305,0.6055541280261993,0.6039605683431739,1667
317,2,evaluate,5.661150499626443,0.5548890221955609,0.5576986910580315,0.5554634779060976,0.5557616236846271,1667
317,3,evaluate,5.197710796638772,0.6052789442111578,0.6022468482344365,0.6004789391356153,0.6007918194148529,1667
317,4,evaluate,6.0382069128530995,0.6004799040191962,0.6008660457191757,0.6002685880288418,0.6003611671202482,1667
317,5,evaluate,5.40635382687604,0.5758848230353929,0.5743647829523655,0.5721820060180012,0.573003874970837,1667
318,0,evaluate,5.115371248236409,0.5890821835632873,0.5867560835186973,0.5835787621027861,0.5845298134117914,1667
318,1,evaluate,5.285140955590005,0.6022795440911818,0.6050081149827915,0.6055790158671793,0.60422409797948,1667
318,2,evaluate,6.063380523964211,0.6010797840431914,0.6012840747068615,0.6008638261240798,0.6008605422666796,1667
318,3,evaluate,5.686064649511267,0.555488902219556,0.5584839480320893,0.5560349064775263,0.5564520442735713,1667
318,4,evaluate,5.4293775779229625,0.5764847030593881,0.575308330076411,0.5727992899686184,0.5737493033817547,1667
318,5,evaluate,5.220945137518424,0.6052789442111578,0.6022961412297378,0.6004789391356153,0.6008324088097764,1667
319,0,evaluate,6.092891958024767,0.6016796640671865,0.6017789735279769,0.60128834666068,0.6013109700357449,1667
319,1,evaluate,5.711011303795709,0.5548890221955609,0.5582388769665049,0.5555571338138898,0.5559499968519169,1667
319,2,evaluate,5.305623762003422,0.6016796640671865,0.6042104290606254,0.6049617319165619,0.6035472735977244,1667
319,3,evaluate,5.135374681817161,0.5884823035392921,0.5863433904938813,0.5830672787600553,0.5840691577843282,1667
319,4,evaluate,5.2402475410037574,0.6052789442111578,0.6020000361646368,0.6004789391356153,0.600735014863941,1667
319,5,evaluate,5.450747503174676,0.5758848230353929,0.5743679180309293,0.5722040518733802,0.5730186503203202,1667
320,0,evaluate,5.263945976893107,0.6058788242351529,0.6029492017512358,0.6011039391356153,0.6014796077949408,1667
320,1,evaluate,5.476601287170693,0.5758848230353929,0.5745787124406944,0.5722040518733802,0.5731010662373113,1667
320,2,evaluate,6.116451793246799,0.5992801439712058,0.5994015226145671,0.599117031301612,0.5990656751468821,1667
320,3,evaluate,5.1546802873964666,0.5890821835632873,0.5872083175917806,0.5836962095776654,0.5847954831352913,1667
320,4,evaluate,5.328530352569942,0.6028794241151769,0.6054812896810831,0.606268671039593,0.6047352371441507,1667
320,5,evaluate,5.729545301861233,0.5566886622675465,0.5595783424990364,0.5573210934088746,0.5576531707548311,1667
321,0,evaluate,5.495144733676204,0.5752849430113978,0.5740387081028876,0.571586767922763,0.5725268926978468,1667
321,1,evaluate,5.282759489836516,0.6052789442111578,0.6020846862261637,0.6005389673842029,0.6007397656848615,1667
321,2,evaluate,5.349705402951427,0.6022795440911818,0.604732694516862,0.6055975300999956,0.6040964676541732,1667
321,3,evaluate,5.172744418735857,0.5890821835632873,0.5870902016373554,0.5836081942986345,0.5847019743152331,1667
321,4,evaluate,6.142181802678992,0.5998800239952009,0.6002819285693819,0.5996506571883257,0.5997556389486447,1667
321,5,evaluate,5.751202645125212,0.5548890221955609,0.557989876207288,0.5553918000202837,0.5558846595282484,1667
322,0,evaluate,5.190733855521238,0.5884823035392921,0.5860506530700588,0.5829945073834634,0.5838748043832382,1667
322,1,evaluate,6.161790706493236,0.6010797840431914,0.6011773623459404,0.6008338632410293,0.6007953934513754,1667
322,2,evaluate,5.369003101387837,0.6028794241151769,0.6054812896810831,0.606268671039593,0.6047352371441507,1667
322,3,evaluate,5.3022786334708885,0.6058788242351529,0.6026647504571023,0.601248187242359,0.6013825771704259,1667
322,4,evaluate,5.511848330497742,0.5758848230353929,0.5745025472941317,0.5722040518733802,0.5730750045140984,1667
322,5,evaluate,5.771369254147565,0.5560887822435513,0.5586767910943518,0.5566321994058444,0.5568454640469368,1667
323,0,evaluate,5.2105588504561675,0.5884823035392921,0.5861866297536837,0.582957742677581,0.5839336596439694,1667
323,1,evaluate,5.529985741332725,0.5758848230353929,0.5747949659161666,0.5721423234783186,0.5731908505758974,1667
323,2,evaluate,5.319979861930564,0.6046790641871626,0.6013335732237568,0.5999302452121134,0.6000824059222167,1667
323,3,evaluate,6.187891094772904,0.6016796640671865,0.6021546608873963,0.6014517711866822,0.6015843668800509,1667
323,4,evaluate,5.793175556041576,0.5572885422915417,0.5604273848280661,0.5578655959902845,0.5583137818401978,1667
323,5,evaluate,5.3873426970956775,0.6022795440911818,0.6047523797790533,0.6055975300999956,0.6040977972441629,1667
324,0,evaluate,5.40413864864348,0.6028794241151769,0.6054684209522389,0.6061689586714242,0.6047293033871368,1667
324,1,evaluate,6.207212094907407,0.6010797840431914,0.6016084392996097,0.6007578093514161,0.6009639264637334,1667
324,2,evaluate,5.2285039689805775,0.5890821835632873,0.5872198339357558,0.5836234382010735,0.5847467198732429,1667
324,3,evaluate,5.554337236616346,0.5764847030593881,0.5756808834875928,0.5728179991539942,0.5739440220108702,1667
324,4,evaluate,5.330213935286911,0.6052789442111578,0.6023683076998432,0.6006457776038048,0.6009279318066139,1667
324,5,evaluate,5.811767622276589,0.5560887822435513,0.5593302580479657,0.556625196604724,0.5571628255483552,1667
325,0,evaluate,5.351065785796554,0.6058788242351529,0.6026244482098235,0.6012044368216818,0.6013472580142913,1667
325,1,evaluate,5.8292450728239835,0.5578884223155369,0.5607194076833739,0.5585066216313103,0.5587830106751838,1667
325,2,evaluate,5.421274136395099,0.6010797840431914,0.6037785835505277,0.6043091052097811,0.6029491088503969,1667
325,3,evaluate,5.569863888952467,0.5764847030593881,0.5756638037930937,0.5728179991539942,0.573944873598599,1667
325,4,evaluate,6.228117775034021,0.6022795440911818,0.6024475271350425,0.6019940730876797,0.6019769075515875,1667
325,5,evaluate,5.244054736914458,0.587882423515297,0.5857334172276907,0.5823847512859024,0.583404638697535,1667
326,0,evaluate,5.260881455960097,0.587882423515297,0.5854970082723909,0.5823695073834634,0.5832945665083751,1667
326,1,evaluate,6.254015375066687,0.6022795440911818,0.6027281760797376,0.6019857251844916,0.6021553480084401,1667
326,2,evaluate,5.850299596786499,0.5572885422915417,0.5599693234137668,0.5578655959902845,0.5580853521174314,1667
326,3,evaluate,5.587464743190342,0.5770845830833833,0.5759319072367758,0.5734352831046114,0.5744099224689972,1667
326,4,evaluate,5.370988236533271,0.6052789442111578,0.6016846995975621,0.6006394650702694,0.6006061942045091,1667
326,5,evaluate,5.441892987189662,0.6022795440911818,0.6048524791525158,0.6056131575417835,0.6041273816881191,1667
327,0,evaluate,5.383930700796622,0.6052789442111578,0.6017258060223298,0.6006394650702694,0.6006275876837371,1667
327,1,evaluate,5.8698511653476295,0.5560887822435513,0.5593206862082981,0.5567467976856225,0.5571540066645427,1667
327,2,evaluate,5.456924193953994,0.6016796640671865,0.6042991548007528,0.6049987603821949,0.6035208013135824,1667
327,3,evaluate,5.278447200854619,0.587882423515297,0.5857377338473612,0.5823695073834634,0.5833910730179623,1667
327,4,evaluate,5.603613570884422,0.5770845830833833,0.5762004535813654,0.5734352831046114,0.5745184669795204,1667
327,5,evaluate,6.273820841753924,0.6016796640671865,0.6024795547813411,0.6014175433663098,0.6017428903912041,1667
328,0,evaluate,5.293769977710865,0.5866826634673066,0.5849712100027917,0.5812221168773003,0.5823972271996961,1667
328,1,evaluate,6.292339413254349,0.6010797840431914,0.6015108880376479,0.6008867994352698,0.6009809071509108,1667
328,2,evaluate,5.40075276516102,0.6052789442111578,0.6017758161850987,0.6006394650702694,0.6006561064130564,1667
328,3,evaluate,5.4740193682761555,0.6016796640671865,0.6044045949792813,0.6049802461493784,0.6035783829316832,1667
328,4,evaluate,5.886909008026123,0.5572885422915417,0.5601804594744669,0.5579183863371926,0.5582335372286449,1667
328,5,evaluate,5.620378308826023,0.5764847030593881,0.575370583486897,0.5728400450093736,0.5738288998333798,1667
329,0,evaluate,5.488482828209709,0.6022795440911818,0.6049794269095963,0.6056699013217922,0.6041964769892582,1667
329,1,evaluate,5.416971524556478,0.6052789442111578,0.6019772528637639,0.6006457776038048,0.6007499667328141,1667
329,2,evaluate,6.313820291448523,0.6004799040191962,0.6008510023195407,0.6002585098795312,0.6003258796402011,1667
329,3,evaluate,5.639757474263509,0.5764847030593881,0.575446544585225,0.5727783166143118,0.573855713500049,1667
329,4,evaluate,5.307274050182766,0.5872825434913017,0.5851819735434541,0.5817597512859025,0.5827940248243959,1667
329,5,evaluate,5.906209848545216,0.5578884223155369,0.5606765221075036,0.5584033305441453,0.5587534375681193,1667
330,0,evaluate,5.3225197184968875,0.5866826634673066,0.5851081472338484,0.5812221168773003,0.5824376115010248,1667
330,1,evaluate,5.920238733291626,0.5590881823635273,0.5618817071773005,0.5596753431310568,0.559977804127246,1667
330,2,evaluate,5.504263234450061,0.6028794241151769,0.6055670577135972,0.6062228156604043,0.604809516816381,1667
330,3,evaluate,5.43098458537349,0.6064787042591482,0.6031476311143785,0.6018294368216819,0.6019393746859829,1667
330,4,evaluate,6.33261298250269,0.6016796640671865,0.6019351603174286,0.6014291013362673,0.6014553993348486,1667
330,5,evaluate,5.65457804997762,0.5764847030593881,0.5754978880684405,0.5727783166143118,0.5738664871538813,1667
331,0,evaluate,5.671802820982756,0.5794841031793642,0.5784403336321358,0.5757589162615779,0.5768148375641624,1667
331,1,evaluate,5.336628203038816,0.5866826634673066,0.5848381287349358,0.5812221168773003,0.5823434762898704,1667
331,2,evaluate,6.3534412737245916,0.6010797840431914,0.6014239082606133,0.6007538478748693,0.6008789881763243,1667
331,3,evaluate,5.5220812248024025,0.6022795440911818,0.6049903741604629,0.6056699013217922,0.6041548048322298,1667
331,4,evaluate,5.449602462627269,0.6064787042591482,0.6033117756709053,0.6018294368216819,0.6019802449269822,1667
331,5,evaluate,5.938158653400563,0.5578884223155369,0.5610770619499553,0.5585782995171242,0.5589734309119202,1667
332,0,evaluate,5.352323624822828,0.5866826634673066,0.5851190313630068,0.5812221168773003,0.5824424848229993,1667
332,1,evaluate,5.535525724944751,0.6016796640671865,0.604482475448049,0.6049802461493784,0.6036511549929913,1667
332,2,evaluate,5.461063826525653,0.6058788242351529,0.6025871600549325,0.6012044368216818,0.6013419807790745,1667
332,3,evaluate,6.370252732877378,0.5998800239952009,0.6005169620303885,0.5996632717842931,0.5998983992117191,1667
332,4,evaluate,5.953420683189675,0.5584883023395321,0.5617586813289563,0.5592692483532343,0.5596272270250996,1667
332,5,evaluate,5.685802450886479,0.5776844631073785,0.5768111240817508,0.5739687928047879,0.5751055850311775,1667
333,0,evaluate,5.970591721711336,0.5584883023395321,0.5618417890442517,0.55921932515815,0.5596509252621472,1667
333,1,evaluate,5.366060217221578,0.5866826634673066,0.5850553320139904,0.5812221168773003,0.5824183768692965,1667
333,2,evaluate,5.699991093741523,0.5776844631073785,0.5765881642461023,0.5739291102651054,0.575004188897936,1667
333,3,evaluate,5.473611743361862,0.6064787042591482,0.6033117756709053,0.6018294368216819,0.6019802449269822,1667
333,4,evaluate,5.549718498993941,0.6016796640671865,0.6044689124303583,0.6049802461493784,0.6035838172872585,1667
333,5,evaluate,6.386353563379358,0.6010797840431914,0.6014939789413745,0.6007610194181854,0.600914958596436,1667
334,0,evaluate,5.489619979151973,0.6076784643071386,0.6044789741569712,0.6031303726561693,0.6032286895353653,1667
334,1,evaluate,5.3785229821999865,0.5872825434913017,0.5855902498388794,0.5818318729748613,0.5829998141254575,1667
334,2,evaluate,6.4061661649633335,0.6022795440911818,0.6026749205028596,0.6019402410994791,0.6021383956353474,1667
334,3,evaluate,5.714287722552264,0.5770845830833833,0.5760949966563819,0.5733735547095499,0.5744719625082133,1667
334,4,evaluate,5.9854459144451,0.5584883023395321,0.5617414056507231,0.5591476472723358,0.5595933367295929,1667
334,5,evaluate,5.564287969857644,0.6016796640671865,0.6044507387879535,0.6049802461493784,0.6037105707519312,1667
335,0,evaluate,5.393542796373367,0.5866826634673066,0.5849617759750333,0.5812221168773003,0.5823823155532712,1667
335,1,evaluate,6.4228368865119085,0.6016796640671865,0.6022548292916934,0.6013907905500285,0.6016557204131494,1667
335,2,evaluate,5.503945227022524,0.6070785842831433,0.603974162063555,0.6025386566798379,0.6027003272556286,1667
335,3,evaluate,5.7312576594176114,0.5770845830833833,0.57617297144369,0.5733735547095499,0.574502354532045,1667
335,4,evaluate,5.5795123898634404,0.6010797840431914,0.6040211794390296,0.6044827337115675,0.6031815018971782,1667
335,5,evaluate,6.000964791686447,0.5590881823635273,0.5623578849909027,0.559742885367574,0.560195531383614,1667
336,0,evaluate,5.51741408418726,0.608878224355129,0.6057122187072254,0.604388332573347,0.6044808579774112,1667
336,1,evaluate,5.594216246426556,0.6016796640671865,0.6044584498545099,0.6049802461493784,0.6036681931131704,1667
336,2,evaluate,6.015405319355152,0.5584883023395321,0.5617930775728013,0.55921932515815,0.5596056558235494,1667
336,3,evaluate,5.744216936605948,0.5776844631073785,0.5765881642461023,0.5739291102651054,0.575004188897936,1667
336,4,evaluate,6.440387964248657,0.6016796640671865,0.6022548292916934,0.6013907905500285,0.6016557204131494,1667
336,5,evaluate,5.406787272956636,0.584883023395321,0.5834293450370683,0.579331463742581,0.5806482215942385,1667
337,0,evaluate,5.606958066802893,0.6028794241151769,0.605644641328666,0.6062871852724095,0.6048513903479578,1667
337,1,evaluate,6.031666437784831,0.5584883023395321,0.5618463725867804,0.55921932515815,0.5596431924818495,1667
337,2,evaluate,6.458186361524794,0.6016796640671865,0.6021524755233909,0.6013907905500285,0.6015993748302456,1667
337,3,evaluate,5.419698870844311,0.5854829034193162,0.5836939133356275,0.5799220451200928,0.5810976509851583,1667
337,4,evaluate,5.529962910546197,0.6070785842831433,0.6037566292726126,0.6025053726561691,0.6025710851897635,1667
337,5,evaluate,5.756368866673222,0.5770845830833833,0.5760949966563819,0.5733735547095499,0.5744719625082133,1667
338,0,evaluate,5.431818810877977,0.5842831433713257,0.5825778098388499,0.5787025329249709,0.5799220611192357,1667
338,1,evaluate,6.470959954791599,0.6010797840431914,0.6016323742379244,0.6008258187986161,0.6010591357981284,1667
338,2,evaluate,5.53969340854221,0.608878224355129,0.6057122187072254,0.604388332573347,0.6044808579774112,1667
338,3,evaluate,5.617891143633407,0.6022795440911818,0.604978091563928,0.6056699013217922,0.6042405905817588,1667
338,4,evaluate,6.046595564594975,0.5578884223155369,0.5611906596655054,0.5585982071457276,0.5590354909831639,1667
338,5,evaluate,5.770848406685723,0.5782843431313738,0.5770762161073717,0.5745463942157227,0.5755641736347534,1667
339,0,evaluate,5.444223095973332,0.584883023395321,0.5832228934573467,0.5793736738645683,0.5805629219521966,1667
339,1,evaluate,6.060342894660102,0.5578884223155369,0.5610626994996,0.5585982071457276,0.5589703831227416,1667
339,2,evaluate,5.5529017801638005,0.6094781043791242,0.6063721560113988,0.6049533043247595,0.6051113800335236,1667
339,3,evaluate,5.630401550767635,0.6022795440911818,0.604895551869203,0.6056699013217922,0.6042109078787816,1667
339,4,evaluate,6.4857621899357545,0.6010797840431914,0.6015462128488518,0.6008258187986161,0.60102791436551,1667
339,5,evaluate,5.784604761335585,0.5776844631073785,0.5765959282540879,0.5739291102651054,0.5750161509184738,1667
340,0,evaluate,6.076434126606694,0.5590881823635273,0.5623180927629359,0.5597627929961774,0.5601993586968892,1667
340,1,evaluate,5.646975221288341,0.6016796640671865,0.6042617710432712,0.605052617371175,0.6036072680483637,1667
340,2,evaluate,6.504234843783909,0.6016796640671865,0.6022548292916934,0.6013907905500285,0.6016557204131494,1667
340,3,evaluate,5.798613292199594,0.5770845830833833,0.5762317719513829,0.5733735547095499,0.5745294840997858,1667
340,4,evaluate,5.457278465783155,0.584883023395321,0.5831595269778892,0.5793122890225318,0.5805010877697054,1667
340,5,evaluate,5.569355178762366,0.608878224355129,0.6055914213044247,0.6043613610832137,0.6044124838600367,1667
341,0,evaluate,5.6595922059427215,0.6022795440911818,0.604951641450162,0.6055501298089859,0.6042646075036319,1667
341,1,evaluate,5.809914059109158,0.5770845830833833,0.5763002239439792,0.5733735547095499,0.574557880805837,1667
341,2,evaluate,5.469578558648074,0.5860827834433113,0.5846720720867633,0.5806545709017266,0.5818918338081145,1667
341,3,evaluate,6.519931669588442,0.6016796640671865,0.6022072632225817,0.6014393157311315,0.6016579542157227,1667
341,4,evaluate,6.091149162363123,0.5584883023395321,0.5617993208572616,0.5592392327867531,0.5596871466526109,1667
341,5,evaluate,5.582653584303679,0.608878224355129,0.6055914213044247,0.6043613610832137,0.6044124838600367,1667
342,0,evaluate,5.58961765854447,0.6100779844031193,0.6068788510166432,0.6056355526927821,0.6057043256439318,1667
342,1,evaluate,5.480226756246002,0.5854829034193162,0.5837100379160101,0.579941219840142,0.581121085046462,1667
342,2,evaluate,6.534704437962285,0.6016796640671865,0.6022058614111676,0.6013191230870567,0.6015865120030106,1667
342,3,evaluate,5.8236536891372115,0.5770845830833833,0.5762739904200371,0.5733735547095499,0.5745575640265802,1667
342,4,evaluate,6.104533142513699,0.5584883023395321,0.5617059421147699,0.5591675549009392,0.559598034392891,1667
342,5,evaluate,5.669195612064936,0.6016796640671865,0.6042617710432712,0.605052617371175,0.6036072680483637,1667
343,0,evaluate,6.116030604751022,0.5584883023395321,0.5618118768303793,0.5592392327867531,0.5596591800792996,1667
343,1,evaluate,5.491649430107187,0.5854829034193162,0.5839494345365653,0.5799834299621293,0.5811993300872746,1667
343,2,evaluate,5.602941663176925,0.608878224355129,0.6058285482341927,0.6043946451068823,0.6045557666088535,1667
343,3,evaluate,6.547487647445114,0.6010797840431914,0.6018656069515832,0.6008253463671621,0.6011839302391601,1667
343,4,evaluate,5.835106699555008,0.5770845830833833,0.5760985519037563,0.5733735547095499,0.5744828723702098,1667
343,5,evaluate,5.68056157172207,0.6022795440911818,0.6047311246702859,0.6056855287635801,0.6042316762166119,1667
344,0,evaluate,5.503541661633386,0.5860827834433113,0.584466568528125,0.5806545709017266,0.5817986190742535,1667
344,1,evaluate,6.131147375813237,0.5596880623875224,0.5628182394961194,0.560351028290295,0.5607862615492418,1667
344,2,evaluate,5.69610589360255,0.6022795440911818,0.6050375668351736,0.6055501298089859,0.6042944231410097,1667
344,3,evaluate,6.563620567321777,0.6022795440911818,0.6029216647694958,0.6019402410994791,0.6022693490860499,1667
344,4,evaluate,5.848402544304177,0.5776844631073785,0.57677135796782,0.5739908386601671,0.5751047351551308,1667
344,5,evaluate,5.618797417040224,0.6094781043791242,0.6063436365765462,0.6050705809413698,0.6051396395372406,1667
345,0,evaluate,6.5802797034934715,0.6004799040191962,0.6010020883717331,0.6001859695174624,0.6004284960160081,1667
345,1,evaluate,6.144494577690407,0.5584883023395321,0.5616069711444132,0.5591603833576231,0.5595582888830146,1667
345,2,evaluate,5.857550938924153,0.5770845830833833,0.5762739904200371,0.5733735547095499,0.5745575640265802,1667
345,3,evaluate,5.62952173197711,0.6094781043791242,0.6063436365765462,0.6050705809413698,0.6051396395372406,1667
345,4,evaluate,5.5149219036102295,0.5860827834433113,0.5844825705997208,0.5806545709017266,0.5817936060128542,1667
345,5,evaluate,5.706973249411628,0.6028794241151769,0.6056464340513844,0.6061674137596031,0.6048985438055311,1667
346,0,evaluate,5.716241787810524,0.6016796640671865,0.6043204114809281,0.605052617371175,0.603725735517014,1667
346,1,evaluate,6.157022423214382,0.5584883023395321,0.5618478550797722,0.5592392327867531,0.5596929259733778,1667
346,2,evaluate,5.870401550222327,0.5776844631073785,0.5766775015933818,0.5739291102651054,0.5750475063533905,1667
346,3,evaluate,6.592758955778899,0.6016796640671865,0.6021019615792117,0.6014205844624002,0.6015987725320159,1667
346,4,evaluate,5.526222210239481,0.5854829034193162,0.583928050548668,0.5800448148041656,0.5811898651805676,1667
346,5,evaluate,5.636865827772352,0.6094781043791242,0.6063436365765462,0.6050705809413698,0.6051396395372406,1667
347,0,evaluate,6.169687845088817,0.5590881823635273,0.5622742776029256,0.5598274680808708,0.5602261258950489,1667
347,1,evaluate,5.650673610192758,0.6094781043791242,0.6063436365765462,0.6050705809413698,0.6051396395372406,1667
347,2,evaluate,5.882133121843691,0.5770845830833833,0.5760120934170199,0.573307992252683,0.5744013121872904,1667
347,3,evaluate,5.7303090785927555,0.6016796640671865,0.6042998753759787,0.6049618945148683,0.6036272470577144,1667
347,4,evaluate,6.606003213811804,0.6010797840431914,0.6015327977469692,0.6008070875298848,0.6010117939929234,1667
347,5,evaluate,5.537363134048603,0.5854829034193162,0.5840279217660841,0.5800448148041656,0.5812187011282306,1667
348,0,evaluate,6.182185464435154,0.5584883023395321,0.5617993208572616,0.5592392327867531,0.5596871466526109,1667
348,1,evaluate,5.548040094199004,0.5860827834433113,0.5845071643278371,0.5806545709017266,0.5818195146606171,1667
348,2,evaluate,5.660403163344772,0.6094781043791242,0.6063436365765462,0.6050705809413698,0.6051396395372406,1667
348,3,evaluate,6.620063375543665,0.6010797840431914,0.6017352325704381,0.6008181748238459,0.6011216516454123,1667
348,4,evaluate,5.740669864045533,0.6034793041391722,0.6060495574928761,0.6066805536392019,0.6054089780954098,1667
348,5,evaluate,5.893974736884788,0.5770845830833833,0.5760547426484871,0.573307992252683,0.5744285647962839,1667
349,0,evaluate,5.903740202939069,0.5776844631073785,0.5766182409711119,0.5739252762033005,0.5750073774742054,1667
349,1,evaluate,5.669328212738037,0.608878224355129,0.6058186697230241,0.6045056091899573,0.6045544278510284,1667
349,2,evaluate,6.6328580821001974,0.6016796640671865,0.6025442145883597,0.6013831465752584,0.601820515410596,1667
349,3,evaluate,5.559720132086012,0.584883023395321,0.5835679186546486,0.5794119034117605,0.580653244185114,1667
349,4,evaluate,6.194526398623431,0.5584883023395321,0.5617820040926753,0.5592392327867531,0.559683355888389,1667
349,5,evaluate,5.748890251116622,0.6022795440911818,0.6049132248009974,0.6057896728345986,0.6043521237681974,1667
350,0,evaluate,5.567728668451309,0.5860827834433113,0.5847697204990381,0.5806545709017266,0.581888271888974,1667
350,1,evaluate,5.682673454284668,0.6094781043791242,0.6063436365765462,0.6050705809413698,0.6051396395372406,1667
350,2,evaluate,6.644578350914849,0.6016796640671865,0.6022043319357022,0.6014205844624002,0.6016558875465258,1667
350,3,evaluate,6.203698211246067,0.5590881823635273,0.5623066737194531,0.5598274680808708,0.560258992464471,1667
350,4,evaluate,5.91611486894113,0.5788842231553689,0.5778456699172972,0.5751598441045349,0.5762105596225081,1667
350,5,evaluate,5.7620789826366865,0.6028794241151769,0.6052943756269527,0.606183041201391,0.6047949427080326,1667
351,0,evaluate,5.692065998359963,0.608878224355129,0.605953193660479,0.6045119217234927,0.6046224499476888,1667
351,1,evaluate,6.659387482537164,0.6016796640671865,0.6021500137409184,0.6014205844624002,0.6016237515411115,1667
351,2,evaluate,6.21513953032317,0.5584883023395321,0.5616319513386537,0.5592250584423166,0.5595854461858589,1667
351,3,evaluate,5.577915497400142,0.5860827834433113,0.5849302892273154,0.5806545709017266,0.5819375193862532,1667
351,4,evaluate,5.772247477635877,0.6022795440911818,0.6044295794551564,0.6056855287635801,0.6041616074506254,1667
351,5,evaluate,5.92625112886782,0.5782843431313738,0.5771612585045707,0.5745425601539177,0.5755798603385807,1667
352,0,evaluate,5.782247054581806,0.6028794241151769,0.6052508893109787,0.6063028127141973,0.6048257929920973,1667
352,1,evaluate,5.700420573905662,0.608878224355129,0.6058043730341035,0.6045119217234927,0.6045821354140777,1667
352,2,evaluate,6.226146821622495,0.5590881823635273,0.5623066737194531,0.5598274680808708,0.560258992464471,1667
352,3,evaluate,5.937235858705309,0.5776844631073785,0.5765072996959748,0.573987004598362,0.5749788313779277,1667
352,4,evaluate,5.588279412852393,0.5860827834433113,0.5851565723877789,0.5807374765472062,0.5820464830887778,1667
352,5,evaluate,6.671194588696515,0.6016796640671865,0.6021500137409184,0.6014205844624002,0.6016237515411115,1667
353,0,evaluate,5.710759463133635,0.6082783443311338,0.6051305855542062,0.6039469499720802,0.6039566091942544,1667
353,1,evaluate,6.236207714787236,0.5584883023395321,0.5616945135552543,0.5591823067905483,0.5596557953832899,1667
353,2,evaluate,6.684479218942148,0.6016796640671865,0.6022568780359706,0.6014205844624002,0.6016648006192273,1667
353,3,evaluate,5.792544220561804,0.6028794241151769,0.6046936487934147,0.6062277172996784,0.6045497859998993,1667
353,4,evaluate,5.59798417267976,0.5854829034193162,0.5842958924020135,0.5800448148041656,0.5813135627043211,1667
353,5,evaluate,5.947103809427332,0.5770845830833833,0.576109532553287,0.5733697206477448,0.5744881537306157,1667
354,0,evaluate,5.609401026257762,0.5854829034193162,0.5845931594254445,0.5800381758479055,0.5814242699472691,1667
354,1,evaluate,6.6991321863951505,0.6016796640671865,0.6023018945592824,0.6014205844624002,0.6016889950129564,1667
354,2,evaluate,5.807779045649955,0.6034793041391722,0.6059450403988533,0.606786958132551,0.6053409866704754,1667
354,3,evaluate,5.725349329136036,0.6076784643071386,0.6043959615698441,0.6033819782206679,0.6033217854972482,1667
354,4,evaluate,5.959209353835495,0.5782843431313738,0.5776223078958495,0.5746159354159721,0.575833103560762,1667
354,5,evaluate,6.249000452182911,0.5584883023395321,0.5612951881619208,0.5592010151644163,0.5594911941558405,1667
355,0,evaluate,5.816360327827472,0.6016796640671865,0.6042867555662859,0.6050236229099301,0.6036294366463664,1667
355,1,evaluate,6.7116179642853915,0.6016796640671865,0.6023018945592824,0.6014205844624002,0.6016889950129564,1667
355,2,evaluate,5.969535447933056,0.5776844631073785,0.5767864619711298,0.573987004598362,0.5751196609788749,1667
355,3,evaluate,6.260099048967715,0.5584883023395321,0.5614366973513341,0.5592010151644163,0.5595272192326658,1667
355,4,evaluate,5.733942720625135,0.6082783443311338,0.6051305855542062,0.6039469499720802,0.6039566091942544,1667
355,5,evaluate,5.618868124705774,0.5860827834433113,0.5852052759624586,0.5807374765472062,0.5820610918188787,1667
356,0,evaluate,5.742076608869764,0.6082783443311338,0.6051305855542062,0.6039469499720802,0.6039566091942544,1667
356,1,evaluate,5.823927528929979,0.6034793041391722,0.6052997937500425,0.6068450012502956,0.6050962063763566,1667
356,2,evaluate,5.97793553493641,0.5776844631073785,0.5766513898593413,0.573987004598362,0.5750612211909963,1667
356,3,evaluate,6.270603630277845,0.5578884223155369,0.560990498070389,0.558579897151994,0.5590062308818432,1667
356,4,evaluate,6.723239086292408,0.6016796640671865,0.6021019615792117,0.6014205844624002,0.6015987725320159,1667
356,5,evaluate,5.627162201537026,0.584883023395321,0.5836815709490264,0.5794948090572402,0.5807269605605879,1667
357,0,evaluate,5.9898167451222735,0.5776844631073785,0.5766513898593413,0.573987004598362,0.5750612211909963,1667
357,1,evaluate,6.733981547532259,0.6016796640671865,0.6022568780359706,0.6014205844624002,0.6016648006192273,1667
357,2,evaluate,5.833299555756066,0.6022795440911818,0.6044499472173733,0.6057626934908473,0.6041367351964279,1667
357,3,evaluate,5.749013944908425,0.6082783443311338,0.6050268868941098,0.6039469499720802,0.6038900146441162,1667
357,4,evaluate,5.636729680829578,0.5854829034193162,0.5843962053204798,0.5801198090572401,0.5813450236866029,1667
357,5,evaluate,6.281023714277479,0.5590881823635273,0.562005880326253,0.5598034248029706,0.5600947297487562,1667
358,0,evaluate,6.748719197732431,0.6016796640671865,0.6022568780359706,0.6014205844624002,0.6016648006192273,1667
358,1,evaluate,5.998498916625977,0.5776844631073785,0.5767708131896832,0.573987004598362,0.5750939647684234,1667
358,2,evaluate,5.844618014239569,0.6022795440911818,0.6044251833224417,0.6057046503731027,0.60411573123035,1667
358,3,evaluate,6.2930833498636884,0.5578884223155369,0.5609602091267212,0.558579897151994,0.5589670758213696,1667
358,4,evaluate,5.645908955070707,0.584883023395321,0.5836815709490264,0.5794948090572402,0.5807269605605879,1667
358,5,evaluate,5.762571961791427,0.6076784643071386,0.6043959615698441,0.6033819782206679,0.6033217854972482,1667
359,0,evaluate,5.853504291164292,0.6022795440911818,0.6044423680653891,0.6057626934908473,0.6040893258156852,1667
359,1,evaluate,5.654797185350348,0.584883023395321,0.5836815709490264,0.5794948090572402,0.5807269605605879,1667
359,2,evaluate,6.303901036580403,0.5578884223155369,0.5607308373682656,0.5585986055258622,0.5588685323533193,1667
359,3,evaluate,6.758538060718113,0.6010797840431914,0.6017101785829511,0.6008524026442184,0.6011092848680288,1667
359,4,evaluate,6.007866974230166,0.5776844631073785,0.5767708131896832,0.573987004598362,0.5750939647684234,1667
359,5,evaluate,5.770221851490162,0.6076784643071386,0.6043467394310504,0.6033819782206679,0.6032958750940348,1667
360,0,evaluate,6.017185484921491,0.5776844631073785,0.5767864619711298,0.573987004598362,0.5751196609788749,1667
360,1,evaluate,5.864506836176453,0.6028794241151769,0.604984463171497,0.6062602059286583,0.6046077537914618,1667
360,2,evaluate,5.780883859705042,0.6076784643071386,0.6043467394310504,0.6033819782206679,0.6032958750940348,1667
360,3,evaluate,5.664388980026598,0.584883023395321,0.5837896525200096,0.5794948090572402,0.5807593906490163,1667
360,4,evaluate,6.77193977214672,0.5992801439712058,0.6003821388669148,0.5990606931750599,0.5995279145815805,1667
360,5,evaluate,6.3157607802638305,0.5584883023395321,0.5613519553806878,0.5592010151644163,0.5594801531484264,1667
361,0,evaluate,5.672966651342533,0.584883023395321,0.5836815709490264,0.5794948090572402,0.5807269605605879,1667
361,1,evaluate,6.781220665684453,0.5998800239952009,0.6007646880372348,0.5996288749932417,0.6000238869954144,1667
361,2,evaluate,6.027404917611016,0.5776844631073785,0.5769627082099158,0.573987004598362,0.5751871433671003,1667
361,3,evaluate,5.873305547273048,0.6004799040191962,0.6029332799746114,0.6040027979714581,0.6023854529628008,1667
361,4,evaluate,6.324910428788927,0.5584883023395321,0.5614064084076664,0.5592010151644163,0.5594880641721922,1667
361,5,evaluate,5.790477055090445,0.6076784643071386,0.6043467394310504,0.6033819782206679,0.6032958750940348,1667
362,0,evaluate,6.334451843191077,0.5596880623875224,0.5625995699654678,0.5604414145499771,0.5607194659637004,1667
362,1,evaluate,6.035455889172024,0.5776844631073785,0.5771706758570778,0.5740694873285405,0.5753237568239722,1667
362,2,evaluate,5.682319317702894,0.5842831433713257,0.583493934654326,0.5787955083579395,0.5802494418741693,1667
362,3,evaluate,5.882201575808857,0.6004799040191962,0.6029332799746114,0.6040027979714581,0.6023854529628008,1667
362,4,evaluate,6.792814607973452,0.5998800239952009,0.6007042769634909,0.5996818111874822,0.6000205582896463,1667
362,5,evaluate,5.798739857143826,0.6076784643071386,0.6042431743429362,0.6033819782206679,0.6032284255726663,1667
363,0,evaluate,6.045468939675225,0.5782843431313738,0.577579236055743,0.5746159354159721,0.5758199104372972,1667
363,1,evaluate,5.8909359918718645,0.6004799040191962,0.6027325863240243,0.6038673990168639,0.6022189882341491,1667
363,2,evaluate,5.6897555534486415,0.5842831433713257,0.5833858530833429,0.5787955083579395,0.5802170117857408,1667
363,3,evaluate,5.808109477714256,0.6070785842831433,0.6036395043927912,0.6026727583625118,0.6025817631944956,1667
363,4,evaluate,6.343856661408036,0.5590881823635273,0.5619884554617779,0.5597962532596543,0.5601154556099104,1667
363,5,evaluate,6.8028457606280295,0.6010797840431914,0.6016651620596393,0.6008524026442184,0.6010850904742998,1667
364,0,evaluate,5.698247066250554,0.5842831433713257,0.5830930415099188,0.5788618976648351,0.5800531883834841,1667
364,1,evaluate,6.814004721464934,0.6004799040191962,0.6012476149384656,0.6002499930056641,0.6005822797844338,1667
364,2,evaluate,6.054107939755475,0.5788842231553689,0.5781316913195668,0.5752448662335821,0.5764216260691608,1667
364,3,evaluate,6.353955145235415,0.5590881823635273,0.5619884554617779,0.5597962532596543,0.5601154556099104,1667
364,4,evaluate,5.816760239777742,0.6070785842831433,0.603535939304677,0.6026727583625118,0.6025143136731272,1667
364,5,evaluate,5.898914138363546,0.6010797840431914,0.6033757652276729,0.604500310409269,0.6028711831922858,1667
365,0,evaluate,5.908455171600373,0.6016796640671865,0.6038286941923056,0.6051332218016741,0.6034188524572419,1667
365,1,evaluate,5.825193767194395,0.6070785842831433,0.603535939304677,0.6026727583625118,0.6025143136731272,1667
365,2,evaluate,5.708400965840728,0.5842831433713257,0.5835093996286105,0.5787955083579395,0.5802453584022611,1667
365,3,evaluate,6.06286754431548,0.5782843431313738,0.577579236055743,0.5746159354159721,0.5758199104372972,1667
365,4,evaluate,6.826915723306161,0.5986802639472105,0.5995924805599011,0.5984925113568781,0.5988596119938141,1667
365,5,evaluate,6.3655674634156405,0.5596880623875224,0.5625557751477417,0.560384488553772,0.5607016908985546,1667
366,0,evaluate,6.37493489406727,0.5590881823635273,0.561928063599318,0.5598390049114228,0.5600998046756289,1667
366,1,evaluate,5.916775401613348,0.6010797840431914,0.6032693784701396,0.6044388275882926,0.6028000878734644,1667
366,2,evaluate,5.71623914219715,0.5842831433713257,0.5835093996286105,0.5787955083579395,0.5802453584022611,1667
366,3,evaluate,6.0707845952775745,0.5788842231553689,0.5781316913195668,0.5752448662335821,0.5764216260691608,1667
366,4,evaluate,5.835112350958365,0.6070785842831433,0.603535939304677,0.6026727583625118,0.6025143136731272,1667
366,5,evaluate,6.837875419192844,0.5992801439712058,0.6000072617303813,0.5990949209954324,0.5993617118895134,1667
367,0,evaluate,6.080267261575769,0.5788842231553689,0.5781316913195668,0.5752448662335821,0.5764216260691608,1667
367,1,evaluate,5.926004144784437,0.6010797840431914,0.6030303954238723,0.604500310409269,0.6027210414222128,1667
367,2,evaluate,6.846637778811985,0.6004799040191962,0.601140710075448,0.6002312846317961,0.6005095176663782,1667
367,3,evaluate,5.8434688956649214,0.6076784643071386,0.604350210864302,0.6035032442378875,0.6032940221095097,1667
367,4,evaluate,6.384006562056364,0.5590881823635273,0.561928063599318,0.5598390049114228,0.5600998046756289,1667
367,5,evaluate,5.72343522199878,0.5842831433713257,0.5830808530376637,0.5787955083579395,0.5800746225239997,1667
368,0,evaluate,6.85675048828125,0.6004799040191962,0.6013560978694321,0.6002467829388947,0.600634776368223,1667
368,1,evaluate,5.732026859566018,0.5842831433713257,0.5831274692342278,0.5787875969655345,0.5800744276663539,1667
368,2,evaluate,6.394281369668466,0.5590881823635273,0.5619100203561311,0.5597820789152179,0.5600736863966481,1667
368,3,evaluate,6.090534731193825,0.5794841031793642,0.5790153691725263,0.5759205419092577,0.5771682606492166,1667
368,4,evaluate,5.933859149510546,0.6004799040191962,0.6030066290514833,0.6039871705296703,0.602389966758735,1667
368,5,evaluate,5.84991259045071,0.6076784643071386,0.6042124768644654,0.6033720590618125,0.6031969234372335,1667
369,0,evaluate,5.74007930247872,0.5842831433713257,0.5831269678171969,0.5787875969655345,0.5800415965866774,1667
369,1,evaluate,5.941637923580048,0.6004799040191962,0.6024344417852983,0.6040027979714581,0.6021699849699024,1667
369,2,evaluate,5.858266406589085,0.6076784643071386,0.604350210864302,0.6035032442378875,0.6032940221095097,1667
369,3,evaluate,6.8677137692769366,0.6016796640671865,0.6023232237684373,0.6014173743956308,0.6017062642902641,1667
369,4,evaluate,6.402442349327935,0.5584883023395321,0.5613427006701673,0.5591938436211003,0.5594874511080039,1667
369,5,evaluate,6.097739511066013,0.5794841031793642,0.5788339614485885,0.5759205419092577,0.57710067197497,1667
370,0,evaluate,5.748410217188023,0.584883023395321,0.5838426680169164,0.5793757513246913,0.5806708224369805,1667
370,1,evaluate,6.878124775709929,0.6004799040191962,0.6012395741373248,0.6002280745650266,0.6005604948247629,1667
370,2,evaluate,5.8684427826492875,0.6076784643071386,0.604350210864302,0.6035032442378875,0.6032940221095097,1667
370,3,evaluate,5.950128279971303,0.6010797840431914,0.6033000694685383,0.6046200819220754,0.6028933584746016,1667
370,4,evaluate,6.41246853934394,0.5584883023395321,0.5613427006701673,0.5591938436211003,0.5594874511080039,1667
370,5,evaluate,6.107328353104768,0.5776844631073785,0.5774858355733599,0.574142862590595,0.5754937355503567,1667
371,0,evaluate,6.887928662476717,0.6004799040191962,0.601090236370884,0.6002280745650266,0.6004912786106688,1667
371,1,evaluate,5.95821105686129,0.6004799040191962,0.6027704088660141,0.6040027979714581,0.6023357581111008,1667
371,2,evaluate,5.873600182709871,0.6070785842831433,0.6036736733045136,0.6028039435385868,0.6026114123454034,1667
371,3,evaluate,6.114064013516462,0.5788842231553689,0.5784146896628745,0.5753649863537023,0.5766001480441749,1667
371,4,evaluate,5.756405097466928,0.584883023395321,0.5838447924417054,0.5793757513246913,0.5807030982479902,1667
371,5,evaluate,6.421197997199164,0.5590881823635273,0.5619100203561311,0.5597820789152179,0.5600736863966481,1667
372,0,evaluate,6.896060908282244,0.6016796640671865,0.6021446210185935,0.6014173743956308,0.601616415044224,1667
372,1,evaluate,5.9668847100488,0.6004799040191962,0.6027091853948003,0.6039871705296703,0.6022612406896974,1667
372,2,evaluate,5.880976129461218,0.6076784643071386,0.604350210864302,0.6035032442378875,0.6032940221095097,1667
372,3,evaluate,5.763941338768712,0.5836832633473306,0.5828343624370392,0.5782072730638219,0.5795934290797143,1667
372,4,evaluate,6.429521286929095,0.5590881823635273,0.5619100203561311,0.5597820789152179,0.5600736863966481,1667
372,5,evaluate,6.122766150368585,0.5782843431313738,0.5780061294642092,0.5748185382662706,0.57610399443085,1667
373,0,evaluate,5.8908773881417735,0.608878224355129,0.6055961807301682,0.6046268752071771,0.6044908867375818,1667
373,1,evaluate,6.906259289494267,0.6004799040191962,0.6009629598988664,0.6002312846317961,0.6004184294701427,1667
373,2,evaluate,5.976595169133092,0.6004799040191962,0.6028026210832097,0.6039871705296703,0.6023223347639838,1667
373,3,evaluate,6.437433242797852,0.5590881823635273,0.5619100203561311,0.5597820789152179,0.5600736863966481,1667
373,4,evaluate,6.130598809983995,0.5782843431313738,0.5778333580164778,0.5746893106780266,0.5759676431738019,1667
373,5,evaluate,5.7715334616325515,0.584883023395321,0.5838318572431456,0.5794205083579395,0.5807084285356543,1667
374,0,evaluate,5.98311465010974,0.6004799040191962,0.6025988890936229,0.6040027979714581,0.6022184989344435,1667
374,1,evaluate,5.897188239627415,0.608878224355129,0.6055961807301682,0.6046268752071771,0.6044908867375818,1667
374,2,evaluate,6.914681293346264,0.6016796640671865,0.6022301268950833,0.6014205844624002,0.601676118155714,1667
374,3,evaluate,6.138309805481522,0.5782843431313738,0.5780061294642092,0.5748185382662706,0.57610399443085,1667
374,4,evaluate,6.445776321269848,0.5590881823635273,0.5619100203561311,0.5597820789152179,0.5600736863966481,1667
374,5,evaluate,5.779305598250142,0.584883023395321,0.5840022779148283,0.5793757513246913,0.5807575515945045,1667
375,0,evaluate,5.906459402154993,0.6076784643071386,0.604350210864302,0.6035032442378875,0.6032940221095097,1667
375,1,evaluate,5.786946483232357,0.584883023395321,0.5840022779148283,0.5793757513246913,0.5807575515945045,1667
375,2,evaluate,6.147377190766512,0.5782843431313738,0.5780061294642092,0.5748185382662706,0.57610399443085,1667
375,3,evaluate,6.92555335715965,0.6004799040191962,0.6010414539882929,0.6002842208260366,0.6005047160869144,1667
375,4,evaluate,6.4557929303911,0.5590881823635273,0.5619100203561311,0.5597820789152179,0.5600736863966481,1667
375,5,evaluate,5.992449240828406,0.6010797840431914,0.6031102939221513,0.6046200819220754,0.6028115088692915,1667
376,0,evaluate,6.154781615292585,0.5782843431313738,0.5780061294642092,0.5748185382662706,0.57610399443085,1667
376,1,evaluate,6.935088166484126,0.6016796640671865,0.6022301268950833,0.6014205844624002,0.601676118155714,1667
376,2,evaluate,5.999988697095197,0.6010797840431914,0.6031102939221513,0.6046200819220754,0.6028115088692915,1667
376,3,evaluate,5.793571490932394,0.5854829034193162,0.5844310474317873,0.5799133857332935,0.5812449107552317,1667
376,4,evaluate,6.463984295173928,0.5590881823635273,0.5619108824883492,0.5597820789152179,0.5600654857900847,1667
376,5,evaluate,5.914338994909216,0.6082783443311338,0.6049736753685491,0.6040619034557646,0.6038704020329456,1667
377,0,evaluate,5.80125708381335,0.5854829034193162,0.5844310474317873,0.5799133857332935,0.5812449107552317,1667
377,1,evaluate,6.9426282423513905,0.6016796640671865,0.6021577977469692,0.6014205844624002,0.6016309890393631,1667
377,2,evaluate,6.472041774679114,0.5590881823635273,0.5619100203561311,0.5597820789152179,0.5600736863966481,1667
377,3,evaluate,6.006919126355502,0.6004799040191962,0.6028026210832097,0.6039871705296703,0.6023223347639838,1667
377,4,evaluate,5.9206888763992875,0.6082783443311338,0.6049690380041266,0.6040619034557646,0.6038384926649589,1667
377,5,evaluate,6.162404387085526,0.5782843431313738,0.5780004887315933,0.5748185382662706,0.5760979062581729,1667
378,0,evaluate,6.952444111859357,0.5992801439712058,0.5996889611202066,0.5991510672564423,0.5992413226035757,1667
378,1,evaluate,6.014296744979759,0.6022795440911818,0.6040708114877811,0.6057887352994836,0.6038548438774858,1667
378,2,evaluate,5.808219495746824,0.5854829034193162,0.5843793276218976,0.579963986618809,0.5812581976939896,1667
378,3,evaluate,6.17157757723773,0.5776844631073785,0.5774665915415994,0.5742233001710325,0.5755300915069097,1667
378,4,evaluate,5.928816865991663,0.6082783443311338,0.6051209199389772,0.6040619034557646,0.6039106388373385,1667
378,5,evaluate,6.479828808042738,0.5590881823635273,0.5619100203561311,0.5597820789152179,0.5600736863966481,1667
379,0,evaluate,5.815830555227068,0.5854829034193162,0.5844310474317873,0.5799133857332935,0.5812449107552317,1667
379,1,evaluate,6.487962749269274,0.5590881823635273,0.5619108824883492,0.5597820789152179,0.5600654857900847,1667
379,2,evaluate,6.961428024150707,0.5998800239952009,0.6003116954317598,0.5997160390078548,0.5998371651967889,1667
379,3,evaluate,5.9355016814337835,0.608878224355129,0.6057344168714925,0.6046268752071771,0.6044988741314562,1667
379,4,evaluate,6.177803675333659,0.5782843431313738,0.5779378773679994,0.5748185382662706,0.5760680765441376,1667
379,5,evaluate,6.021075431108194,0.6016796640671865,0.6036203459942728,0.6052912228616727,0.6033659824886584,1667
380,0,evaluate,6.971228899779143,0.5992801439712058,0.5997334494749571,0.5991478571896729,0.5992583498722874,1667
380,1,evaluate,5.823251708790108,0.584883023395321,0.5839898801368916,0.5793757513246913,0.5807612497655462,1667
380,2,evaluate,6.186023173508821,0.5782843431313738,0.5781035342167586,0.5748185382662706,0.5761454761222943,1667
380,3,evaluate,6.030667513885823,0.6028794241151769,0.6046933874148405,0.6064216466918887,0.6044796525578702,1667
380,4,evaluate,6.497303000202885,0.5590881823635273,0.5617750333272449,0.5597820789152179,0.5600392144863714,1667
380,5,evaluate,5.945214571776213,0.608878224355129,0.6056008825210952,0.6046268752071771,0.6044708342872407,1667
381,0,evaluate,5.949417820683232,0.608878224355129,0.6057331977810203,0.6046268752071771,0.6044790432309328,1667
381,1,evaluate,6.0357240363795155,0.6022795440911818,0.6042891455908664,0.6059241342540778,0.6040120593954426,1667
381,2,evaluate,6.979287977571841,0.6010797840431914,0.6014457175935142,0.6008524026442184,0.600985334550417,1667
381,3,evaluate,6.5043641372963235,0.5590881823635273,0.5619100203561311,0.5597820789152179,0.5600736863966481,1667
381,4,evaluate,5.829564585729882,0.5854829034193162,0.5844310474317873,0.5799133857332935,0.5812449107552317,1667
381,5,evaluate,6.19364349047343,0.5788842231553689,0.578543123734891,0.5754358222168878,0.5766646438691785,1667
382,0,evaluate,5.958990361955431,0.608878224355129,0.6055516603823016,0.6046268752071771,0.6044449238840273,1667
382,1,evaluate,6.989853161352652,0.6004799040191962,0.6009011161485991,0.6002842208260366,0.6004241836710454,1667
382,2,evaluate,6.514293679484615,0.5590881823635273,0.5619100203561311,0.5597820789152179,0.5600736863966481,1667
382,3,evaluate,6.045412462343746,0.6022795440911818,0.6042721478103801,0.6059241342540778,0.604043963822641,1667
382,4,evaluate,6.200356430477566,0.5788842231553689,0.578579225581751,0.5754137763615088,0.5766934107676727,1667
382,5,evaluate,5.8369803307233035,0.5854829034193162,0.5844310474317873,0.5799133857332935,0.5812449107552317,1667
383,0,evaluate,5.84368794714963,0.584883023395321,0.5839898801368916,0.5793757513246913,0.5807612497655462,1667
383,1,evaluate,6.521259352012917,0.5590881823635273,0.5619100203561311,0.5597820789152179,0.5600736863966481,1667
383,2,evaluate,5.9660050957291215,0.608878224355129,0.6055516603823016,0.6046268752071771,0.6044449238840273,1667
383,3,evaluate,6.207870139016046,0.5788842231553689,0.5784153181575832,0.5754137763615088,0.5766154396891977,1667
383,4,evaluate,6.998592827055189,0.5998800239952009,0.600369221396176,0.5996631028136142,0.5998416140011905,1667
383,5,evaluate,6.052136023743919,0.6022795440911818,0.6043208894005941,0.6059241342540778,0.6040659546280578,1667
384,0,evaluate,5.974127698827673,0.608878224355129,0.6055516603823016,0.6046268752071771,0.6044449238840273,1667
384,1,evaluate,5.850578191103758,0.5854829034193162,0.5844310474317873,0.5799133857332935,0.5812449107552317,1667
384,2,evaluate,7.007279396057129,0.5986802639472105,0.5990332754675606,0.5984770130497794,0.598572783356662,1667
384,3,evaluate,6.059689090487491,0.6022795440911818,0.6041676757276007,0.6059241342540778,0.6039747609903684,1667
384,4,evaluate,6.528772822132817,0.5590881823635273,0.5619100203561311,0.5597820789152179,0.5600736863966481,1667
384,5,evaluate,6.214744011561076,0.5782843431313738,0.5780629629736558,0.5748185382662706,0.5761253926595817,1667
385,0,evaluate,6.0657016126392085,0.6022795440911818,0.6040648373161064,0.6059241342540778,0.6039292982872074,1667
385,1,evaluate,7.015686653278492,0.5998800239952009,0.6003111875572567,0.5996663128803836,0.5998115466693772,1667
385,2,evaluate,6.221411184028343,0.5788842231553689,0.5786581770440318,0.5754358222168878,0.5767203784551587,1667
385,3,evaluate,5.980019074899179,0.608878224355129,0.6055516603823016,0.6046268752071771,0.6044449238840273,1667
385,4,evaluate,6.536046337198328,0.5590881823635273,0.5619100203561311,0.5597820789152179,0.5600736863966481,1667
385,5,evaluate,5.857508277451551,0.5854829034193162,0.5844310474317873,0.5799133857332935,0.5812449107552317,1667
386,0,evaluate,7.024436014669913,0.5998800239952009,0.6003585166972866,0.5996739339602907,0.5998477677462629,1667
386,1,evaluate,5.8645953282161996,0.5854829034193162,0.5844310474317873,0.5799133857332935,0.5812449107552317,1667
386,2,evaluate,5.9876566639652955,0.608878224355129,0.6056989049527297,0.6046268752071771,0.6044851606884202,1667
386,3,evaluate,6.544633264894839,0.5590881823635273,0.5619100203561311,0.5597820789152179,0.5600736863966481,1667
386,4,evaluate,6.228974518952547,0.5794841031793642,0.5792042893763178,0.5760647530344979,0.5773194371805122,1667
386,5,evaluate,6.073287403053082,0.6022795440911818,0.6040648373161064,0.6059241342540778,0.6039292982872074,1667
387,0,evaluate,5.87223364688732,0.5854829034193162,0.5844875879573701,0.5799133857332935,0.5812442048573192,1667
387,1,evaluate,6.5524978019573075,0.5590881823635273,0.5619100203561311,0.5597820789152179,0.5600736863966481,1667
387,2,evaluate,6.237508199833058,0.5794841031793642,0.5794789227777687,0.576031060312126,0.5773883291417744,1667
387,3,evaluate,7.032910470609312,0.5998800239952009,0.6005971389359803,0.5996364960731488,0.5999633539591231,1667
387,4,evaluate,6.080176234148422,0.6022795440911818,0.6040648373161064,0.6059241342540778,0.6039292982872074,1667
387,5,evaluate,5.993238431436044,0.608878224355129,0.6056989049527297,0.6046268752071771,0.6044851606884202,1667
388,0,evaluate,7.041230007454201,0.6010797840431914,0.6015108550709672,0.6008038774631154,0.6009984926407826,1667
388,1,evaluate,6.086931366884663,0.6022795440911818,0.6040648373161064,0.6059241342540778,0.6039292982872074,1667
388,2,evaluate,6.243412759568956,0.5806838632273545,0.5804330065858363,0.5772772750803533,0.5785162058041973,1667
388,3,evaluate,6.000601415280943,0.608878224355129,0.6055820419256461,0.6046268752071771,0.604437735079711,1667
388,4,evaluate,6.560173175953053,0.5590881823635273,0.5619108824883492,0.5597820789152179,0.5600654857900847,1667
388,5,evaluate,5.879105529299489,0.5854829034193162,0.5844289230069984,0.5799133857332935,0.5812126349442219,1667
389,0,evaluate,6.568259724864253,0.5590881823635273,0.5619100203561311,0.5597820789152179,0.5600736863966481,1667
389,1,evaluate,5.8860896362198725,0.5854829034193162,0.5844289230069984,0.5799133857332935,0.5812126349442219,1667
389,2,evaluate,6.092961140526852,0.6028794241151769,0.6046334170330526,0.6064955628255063,0.6045391727978647,1667
389,3,evaluate,6.25069378040455,0.5794841031793642,0.5793784137517715,0.5760647530344979,0.5773768744680855,1667
389,4,evaluate,7.049556008091679,0.6004799040191962,0.6010092041428277,0.6002389057117029,0.6004647495817029,1667
389,5,evaluate,6.006052282121447,0.608878224355129,0.6057331977810203,0.6046268752071771,0.6044790432309328,1667
390,0,evaluate,6.100472043974555,0.6028794241151769,0.6046334170330526,0.6064955628255063,0.6045391727978647,1667
390,1,evaluate,6.014466374008744,0.608878224355129,0.6057331977810203,0.6046268752071771,0.6044790432309328,1667
390,2,evaluate,6.258203471148455,0.5794841031793642,0.5793187401085065,0.5760647530344979,0.5773486543342716,1667
390,3,evaluate,7.058837484430383,0.6004799040191962,0.6008223004067635,0.600182759450693,0.6003450283982772,1667
390,4,evaluate,5.892514444059795,0.5854829034193162,0.5844289230069984,0.5799133857332935,0.5812126349442219,1667
390,5,evaluate,6.575737335063793,0.5590881823635273,0.5619108824883492,0.5597820789152179,0.5600654857900847,1667
391,0,evaluate,6.265144445278026,0.5794841031793642,0.5795112537437037,0.5760647530344979,0.5774179268890307,1667
391,1,evaluate,5.898925472188879,0.5854829034193162,0.5844289230069984,0.5799133857332935,0.5812126349442219,1667
391,2,evaluate,6.020759070361102,0.608878224355129,0.6057331977810203,0.6046268752071771,0.6044790432309328,1667
391,3,evaluate,6.106960259748761,0.6028794241151769,0.6046334170330526,0.6064955628255063,0.6045391727978647,1667
391,4,evaluate,7.067133956485325,0.5992801439712058,0.5997930257915911,0.5989966696868583,0.5992307350286658,1667
391,5,evaluate,6.582561201519436,0.5590881823635273,0.5619100203561311,0.5597820789152179,0.5600736863966481,1667
392,0,evaluate,6.591065336156775,0.5590881823635273,0.5617613532807786,0.5597820789152179,0.5600674938940725,1667
392,1,evaluate,6.028085284762913,0.6094781043791242,0.6064818570780046,0.605251875207177,0.6051723846804056,1667
392,2,evaluate,7.075775976534243,0.5992801439712058,0.5996294829470517,0.5990341075740001,0.5991496438479798,1667
392,3,evaluate,5.906277801151629,0.5854829034193162,0.5844310474317873,0.5799133857332935,0.5812449107552317,1667
392,4,evaluate,6.114826412767461,0.6028794241151769,0.6046334170330526,0.6064955628255063,0.6045391727978647,1667
392,5,evaluate,6.271956443786621,0.5794841031793642,0.5793187401085065,0.5760647530344979,0.5773486543342716,1667
393,0,evaluate,6.598026999720821,0.5590881823635273,0.5619108824883492,0.5597820789152179,0.5600654857900847,1667
393,1,evaluate,6.120726343935799,0.6028794241151769,0.6046334170330526,0.6064955628255063,0.6045391727978647,1667
393,2,evaluate,7.084013144175212,0.5986802639472105,0.59914233834605,0.5984316979354458,0.5986137531932259,1667
393,3,evaluate,6.033423900604248,0.6100779844031193,0.6070650061270979,0.6059610950653331,0.6058114237220685,1667
393,4,evaluate,6.278407308790419,0.5794841031793642,0.5793187401085065,0.5760647530344979,0.5773486543342716,1667
393,5,evaluate,5.912226969445193,0.5854829034193162,0.5844289230069984,0.5799133857332935,0.5812126349442219,1667
394,0,evaluate,6.128126947890888,0.6028794241151769,0.6046334170330526,0.6064955628255063,0.6045391727978647,1667
394,1,evaluate,7.091706311261213,0.5992801439712058,0.5995790364180247,0.5990451948679613,0.5991497525753456,1667
394,2,evaluate,6.2854724548481125,0.5800839832033593,0.5797615456488756,0.5766820369851151,0.5778592003395859,1667
394,3,evaluate,6.604746032644202,0.5590881823635273,0.5618931416459669,0.5597820789152179,0.560092924999259,1667
394,4,evaluate,6.041025214725071,0.6094781043791242,0.6063566011758936,0.605336095065333,0.6051397457005527,1667
394,5,evaluate,5.918217099375195,0.5854829034193162,0.5843919041643237,0.5799133857332935,0.581208076597849,1667
395,0,evaluate,6.047418082201922,0.6094781043791242,0.6063954494366495,0.605336095065333,0.6051639747377822,1667
395,1,evaluate,6.292662541071574,0.5800839832033593,0.5797615456488756,0.5766820369851151,0.5778592003395859,1667
395,2,evaluate,6.6122824174386485,0.5590881823635273,0.5618978765649044,0.5597820789152179,0.5601153733470758,1667
395,3,evaluate,7.0996051452778,0.5992801439712058,0.5994362779282547,0.5990451948679613,0.5990688133872786,1667
395,4,evaluate,6.134802123568753,0.6028794241151769,0.6046334170330526,0.6064955628255063,0.6045391727978647,1667
395,5,evaluate,5.9241012986059545,0.5854829034193162,0.584333239213952,0.5799133857332935,0.5811765066847518,1667
396,0,evaluate,6.619053699352123,0.5590881823635273,0.5618931416459669,0.5597820789152179,0.560092924999259,1667
396,1,evaluate,7.107434475863421,0.5992801439712058,0.5993339909432069,0.5990981539570648,0.5990176348765073,1667
396,2,evaluate,6.297759762516728,0.5800839832033593,0.5797615456488756,0.5766820369851151,0.5778592003395859,1667
396,3,evaluate,5.930515553112383,0.5854829034193162,0.5844289230069984,0.5799133857332935,0.5812126349442219,1667
396,4,evaluate,6.052371095727991,0.6100779844031193,0.6070650061270979,0.6059610950653331,0.6058114237220685,1667
396,5,evaluate,6.139403007564936,0.6028794241151769,0.6046334170330526,0.6064955628255063,0.6045391727978647,1667
397,0,evaluate,6.305640927067509,0.5800839832033593,0.579826237975831,0.5766820369851151,0.5778727320426806,1667
397,1,evaluate,7.114909516440497,0.5998800239952009,0.5999805114073412,0.5996631257084772,0.5996342736549409,1667
397,2,evaluate,6.625992148010819,0.5590881823635273,0.5618922795137488,0.5597820789152179,0.5601011256058223,1667
397,3,evaluate,5.936481434989859,0.5854829034193162,0.5843919041643237,0.5799133857332935,0.581208076597849,1667
397,4,evaluate,6.059040564077872,0.6094781043791242,0.6063566011758936,0.605336095065333,0.6051397457005527,1667
397,5,evaluate,6.1461780526671514,0.6028794241151769,0.6046334170330526,0.6064955628255063,0.6045391727978647,1667
398,0,evaluate,6.153766845413042,0.6028794241151769,0.6046334170330526,0.6064955628255063,0.6045391727978647,1667
398,1,evaluate,6.632661563378793,0.5590881823635273,0.5617613532807786,0.5597820789152179,0.5600674938940725,1667
398,2,evaluate,6.066046432212547,0.6094781043791242,0.606248708592313,0.605336095065333,0.6051250203030787,1667
398,3,evaluate,5.942917960661429,0.5854829034193162,0.5843919041643237,0.5799133857332935,0.581208076597849,1667
398,4,evaluate,7.122868378957112,0.5980803839232154,0.5982272133862321,0.5979805215894325,0.5979026891051463,1667
398,5,evaluate,6.311321514624137,0.5800839832033593,0.5799540592840727,0.5766820369851151,0.5779284728943451,1667
399,0,evaluate,5.948416430641104,0.5860827834433113,0.5849842465339354,0.5804510201418956,0.5817414373802545,1667
399,1,evaluate,6.0713037384880915,0.6094781043791242,0.6063566011758936,0.605336095065333,0.6051397457005527,1667
399,2,evaluate,7.129254146858498,0.5998800239952009,0.5999805114073412,0.5996631257084772,0.5996342736549409,1667
399,3,evaluate,6.317518455010873,0.5806838632273545,0.5806040427088006,0.5772993209357324,0.5785319201109836,1667
399,4,evaluate,6.1587543604503105,0.6028794241151769,0.6046334170330526,0.6064955628255063,0.6045391727978647,1667
399,5,evaluate,6.639015268396448,0.5590881823635273,0.5618978765649044,0.5597820789152179,0.5601153733470758,1667
400,0,evaluate,6.646890030966865,0.5590881823635273,0.5617669503319342,0.5597820789152179,0.5600817416353261,1667
400,1,evaluate,5.955207565316448,0.584883023395321,0.5839127570609609,0.5793036296357326,0.5806385578849993,1667
400,2,evaluate,7.13837033730966,0.5986802639472105,0.5988025827191309,0.5985487034076142,0.5984763936716232,1667
400,3,evaluate,6.079130525942202,0.608878224355129,0.605735534940985,0.6047805395097776,0.6045528364437073,1667
400,4,evaluate,6.16656003167642,0.6028794241151769,0.6047342524801594,0.6064955628255063,0.6045851554640304,1667
400,5,evaluate,6.324639382185759,0.5800839832033593,0.5799540592840727,0.5766820369851151,0.5779284728943451,1667
401,0,evaluate,6.330366108152601,0.5800839832033593,0.5799540592840727,0.5766820369851151,0.5779284728943451,1667
401,1,evaluate,6.653088728586833,0.5596880623875224,0.562227238808287,0.5603056391246419,0.5606021417112561,1667
401,2,evaluate,6.171931837737146,0.6028794241151769,0.6047342524801594,0.6064955628255063,0.6045851554640304,1667
401,3,evaluate,5.960977071965182,0.5854829034193162,0.5843898194153331,0.5798190935532583,0.5811318274102011,1667
401,4,evaluate,7.145365997597024,0.5986802639472105,0.5988025827191309,0.5985487034076142,0.5984763936716232,1667
401,5,evaluate,6.085480848948161,0.6094781043791242,0.606417505358466,0.6054055395097776,0.6052330246804517,1667
402,0,evaluate,6.65983020817792,0.5590881823635273,0.5617654240479707,0.5597820789152179,0.5600728351015108,1667
402,1,evaluate,6.090183999803331,0.6094781043791242,0.6065917892793026,0.6054055395097776,0.6052618453517302,1667
402,2,evaluate,6.336311419804891,0.5800839832033593,0.5799540592840727,0.5766820369851151,0.5779284728943451,1667
402,3,evaluate,7.152250448862712,0.5992801439712058,0.5994491209151009,0.5991136751590267,0.5990922456560369,1667
402,4,evaluate,6.17758927809269,0.6034793041391722,0.6054060536469309,0.6071284742179114,0.6052300380003796,1667
402,5,evaluate,5.9663160117688,0.584883023395321,0.5841827605378416,0.5793036296357326,0.5807304440233144,1667
403,0,evaluate,6.183134198108881,0.6034793041391722,0.605305218199824,0.6071284742179114,0.6051840553342138,1667
403,1,evaluate,5.971640986976801,0.5854829034193162,0.5847751029074533,0.5798412640443347,0.5812638048057199,1667
403,2,evaluate,6.342981594580191,0.5800839832033593,0.5799156630767759,0.5766820369851151,0.5779052563631797,1667
403,3,evaluate,7.15909939342075,0.5998800239952009,0.6000644468795053,0.5997347931714491,0.5997110063547593,1667
403,4,evaluate,6.666783827322501,0.5584883023395321,0.5612153354598242,0.5591410532741922,0.559453560941563,1667
403,5,evaluate,6.095291049392135,0.6094781043791242,0.6065917892793026,0.6054055395097776,0.6052618453517302,1667
404,0,evaluate,6.188841853533598,0.6034793041391722,0.605305218199824,0.6071284742179114,0.6051840553342138,1667
404,1,evaluate,6.101119465298122,0.6100779844031193,0.6071014060055994,0.6059641987276547,0.6058117570934864,1667
404,2,evaluate,5.9776143580675125,0.5854829034193162,0.5847751029074533,0.5798412640443347,0.5812638048057199,1667
404,3,evaluate,7.166226916842991,0.5998800239952009,0.6000644468795053,0.5997347931714491,0.5997110063547593,1667
404,4,evaluate,6.67251604574698,0.5590881823635273,0.5614632302986708,0.5596646134836163,0.5598961330719138,1667
404,5,evaluate,6.349880889610008,0.5806838632273545,0.5804738776455423,0.5772993209357324,0.5784755097473183,1667
405,0,evaluate,6.195133953836948,0.6034793041391722,0.605305218199824,0.6071284742179114,0.6051840553342138,1667
405,1,evaluate,6.679909785588582,0.5590881823635273,0.5620599110128255,0.5598502346821251,0.5601598218317498,1667
405,2,evaluate,7.173938565784031,0.5992801439712058,0.5995285382211542,0.5991136751590267,0.5991289635933075,1667
405,3,evaluate,6.107075885490135,0.6100779844031193,0.607063085008153,0.6059641987276547,0.6057885765943907,1667
405,4,evaluate,6.355478189609669,0.5800839832033593,0.5799156630767759,0.5766820369851151,0.5779052563631797,1667
405,5,evaluate,5.983580974517046,0.5854829034193162,0.5847751029074533,0.5798412640443347,0.5812638048057199,1667
406,0,evaluate,6.6862137582567005,0.5596880623875224,0.5623199512802834,0.5603737948915493,0.5606161778164908,1667
406,1,evaluate,5.989260723193486,0.5860827834433113,0.5852521652618254,0.5803567279618604,0.5817570743309218,1667
406,2,evaluate,6.200799201660966,0.6034793041391722,0.605305218199824,0.6071284742179114,0.6051840553342138,1667
406,3,evaluate,6.1123843899479615,0.6094781043791242,0.6065534682818562,0.6054055395097776,0.6052386648526344,1667
406,4,evaluate,6.361306755631058,0.5800839832033593,0.5799156630767759,0.5766820369851151,0.5779052563631797,1667
406,5,evaluate,7.180530645229198,0.5992801439712058,0.5995285382211542,0.5991136751590267,0.5991289635933075,1667
407,0,evaluate,6.3656280658863205,0.5800839832033593,0.5800050374720209,0.5766820369851151,0.5779626025391776,1667
407,1,evaluate,7.187381744384766,0.5998800239952009,0.6000644468795053,0.5997347931714491,0.5997110063547593,1667
407,2,evaluate,6.691759798261854,0.5590881823635273,0.5618839499682204,0.5598502346821251,0.5600857199591356,1667
407,3,evaluate,5.994710988468594,0.5860827834433113,0.5852521652618254,0.5803567279618604,0.5817570743309218,1667
407,4,evaluate,6.205937887338358,0.6034793041391722,0.6052516520876584,0.6071284742179114,0.6051959806851209,1667
407,5,evaluate,6.11700803262216,0.6100779844031193,0.607063085008153,0.6059641987276547,0.6057885765943907,1667
408,0,evaluate,6.212152709130653,0.6034793041391722,0.6052516520876584,0.6071284742179114,0.6051959806851209,1667
408,1,evaluate,7.1948216667881715,0.5992801439712058,0.5995285382211542,0.5991136751590267,0.5991289635933075,1667
408,2,evaluate,6.000172331377312,0.5860827834433113,0.5852521652618254,0.5803567279618604,0.5817570743309218,1667
408,3,evaluate,6.371403164333767,0.5800839832033593,0.5796144672249056,0.5766820369851151,0.5777897823147281,1667
408,4,evaluate,6.698030357007627,0.5602879424115177,0.563025508543533,0.5610148205325749,0.5612537652925738,1667
408,5,evaluate,6.123994421075891,0.6100779844031193,0.607063085008153,0.6059641987276547,0.6057885765943907,1667
409,0,evaluate,6.378728981371279,0.5794841031793642,0.5792931835360917,0.5760647530344979,0.5773055222626194,1667
409,1,evaluate,7.202486038208008,0.5986802639472105,0.599055770270161,0.5984925571466044,0.5985580647727494,1667
409,2,evaluate,6.704819582126759,0.5602879424115177,0.5630278931645617,0.5610148205325749,0.5612637858678335,1667
409,3,evaluate,6.005950811836454,0.5860827834433113,0.5852521652618254,0.5803567279618604,0.5817570743309218,1667
409,4,evaluate,6.129965446613453,0.6106778644271146,0.607688106968028,0.6065228579455317,0.6063620592203202,1667
409,5,evaluate,6.217680358519526,0.6034793041391722,0.6052516520876584,0.6071284742179114,0.6051959806851209,1667
410,0,evaluate,7.209845383961995,0.5986802639472105,0.599055770270161,0.5984925571466044,0.5985580647727494,1667
410,1,evaluate,6.136593765682644,0.6112777444511098,0.6085138590920396,0.6071478579455317,0.607055905660131,1667
410,2,evaluate,6.224674981247652,0.6034793041391722,0.6052516520876584,0.6071284742179114,0.6051959806851209,1667
410,3,evaluate,6.711359235975477,0.5596880623875224,0.5624426869973004,0.5604231045562436,0.5606913323062994,1667
410,4,evaluate,6.385564547997934,0.5794841031793642,0.579221666754996,0.5760647530344979,0.5772799014368514,1667
410,5,evaluate,6.011978567750366,0.5860827834433113,0.5852521652618254,0.5803567279618604,0.5817570743309218,1667
411,0,evaluate,6.390356628983109,0.5800839832033593,0.5797589238611655,0.5766820369851151,0.577848181430573,1667
411,1,evaluate,6.229807036827508,0.6040791841631674,0.6058729630335391,0.6077457581685287,0.6057981035640434,1667
411,2,evaluate,6.142165289984809,0.6106778644271146,0.6077264279654744,0.6065228579455317,0.6063852397194159,1667
411,3,evaluate,6.717442591985066,0.5602879424115177,0.5630350479515613,0.5610148205325749,0.5612751456843094,1667
411,4,evaluate,7.216942760679457,0.5986802639472105,0.5989215349494057,0.5984925571466044,0.5985000378676675,1667
411,5,evaluate,6.017308744015517,0.5860827834433113,0.5852521652618254,0.5803567279618604,0.5817570743309218,1667
412,0,evaluate,6.394881398589523,0.5800839832033593,0.5800400956596689,0.5766820369851151,0.5779555863468155,1667
412,1,evaluate,6.147146330939399,0.6100779844031193,0.6070907949446918,0.6059311419692004,0.6058082278354613,1667
412,2,evaluate,6.7228907744089765,0.5596880623875224,0.5625673532055189,0.5604912603231508,0.5607393317580852,1667
412,3,evaluate,6.2354251690174145,0.6040791841631674,0.6058729630335391,0.6077457581685287,0.6057981035640434,1667
412,4,evaluate,6.023010828980693,0.5860827834433113,0.5852521652618254,0.5803567279618604,0.5817570743309218,1667
412,5,evaluate,7.2238522988778575,0.5992801439712058,0.5996777903716908,0.5991136751590267,0.5991982610063519,1667
413,0,evaluate,7.230149498692265,0.5986802639472105,0.5989215349494057,0.5984925571466044,0.5985000378676675,1667
413,1,evaluate,6.028186070698279,0.5860827834433113,0.5852521652618254,0.5803567279618604,0.5817570743309218,1667
413,2,evaluate,6.401603504463479,0.5800839832033593,0.5800276313099428,0.5766820369851151,0.5779417856109641,1667
413,3,evaluate,6.239997707690001,0.6040791841631674,0.6058729630335391,0.6077457581685287,0.6057981035640434,1667
413,4,evaluate,6.729109852402298,0.5596880623875224,0.5625673532055189,0.5604912603231508,0.5607393317580852,1667
413,5,evaluate,6.151925864043059,0.6112777444511098,0.6083160352917515,0.6070815171634089,0.6069322481905602,1667
414,0,evaluate,6.407810431939584,0.5800839832033593,0.5800276313099428,0.5766820369851151,0.5779417856109641,1667
414,1,evaluate,6.033789785923781,0.5860827834433113,0.5852521652618254,0.5803567279618604,0.5817570743309218,1667
414,2,evaluate,7.236758090831615,0.5986802639472105,0.5989215349494057,0.5984925571466044,0.5985000378676675,1667
414,3,evaluate,6.735034359825982,0.5596880623875224,0.562524975609246,0.5604912603231508,0.5607267456001612,1667
414,4,evaluate,6.246652526551231,0.6040791841631674,0.6058729630335391,0.6077457581685287,0.6057981035640434,1667
414,5,evaluate,6.157729307810466,0.611877624475105,0.6091417874157632,0.6077065171634088,0.6076260946303711,1667
415,0,evaluate,6.039415122182281,0.5860827834433113,0.5852521652618254,0.5803567279618604,0.5817570743309218,1667
415,1,evaluate,6.163696359705042,0.611877624475105,0.6091417874157632,0.6077065171634088,0.6076260946303711,1667
415,2,evaluate,6.251995669395708,0.6040791841631674,0.6058729630335391,0.6077457581685287,0.6057981035640434,1667
415,3,evaluate,6.741833430749399,0.5596880623875224,0.5625673532055189,0.5604912603231508,0.5607393317580852,1667
415,4,evaluate,6.413338475757175,0.5794841031793642,0.5794154056788604,0.5761264814295597,0.5773565345320242,1667
415,5,evaluate,7.243965254889594,0.5986802639472105,0.5989215349494057,0.5984925571466044,0.5985000378676675,1667
416,0,evaluate,6.168560292985704,0.611877624475105,0.6091039636586331,0.6077065171634088,0.6076039475209958,1667
416,1,evaluate,6.25724527268809,0.6040791841631674,0.6058729630335391,0.6077457581685287,0.6057981035640434,1667
416,2,evaluate,6.418984316013478,0.5800839832033593,0.5801170057051876,0.5766820369851151,0.5779991317869622,1667
416,3,evaluate,6.74760663067853,0.5596880623875224,0.5623079427640193,0.5603737948915493,0.5605979537354128,1667
416,4,evaluate,7.250724889613964,0.5986802639472105,0.5989215349494057,0.5984925571466044,0.5985000378676675,1667
416,5,evaluate,6.0443535027680575,0.5860827834433113,0.5852521652618254,0.5803567279618604,0.5817570743309218,1667
417,0,evaluate,6.173420358587195,0.611877624475105,0.6091039636586331,0.6077065171634088,0.6076039475209958,1667
417,1,evaluate,6.753433342333193,0.5596880623875224,0.5623079427640193,0.5603737948915493,0.5605979537354128,1667
417,2,evaluate,7.257259775091101,0.5986802639472105,0.5989215349494057,0.5984925571466044,0.5985000378676675,1667
417,3,evaluate,6.049185570743349,0.5860827834433113,0.5852521652618254,0.5803567279618604,0.5817570743309218,1667
417,4,evaluate,6.262359676459945,0.6040791841631674,0.6057898630990561,0.6077457581685287,0.6057245931890812,1667
417,5,evaluate,6.424440710632889,0.5800839832033593,0.5800276313099428,0.5766820369851151,0.5779417856109641,1667
418,0,evaluate,6.428601503372192,0.5800839832033593,0.5800219699258554,0.5767217195247978,0.5779501784221006,1667
418,1,evaluate,6.054463346799214,0.5860827834433113,0.5852521652618254,0.5803567279618604,0.5817570743309218,1667
418,2,evaluate,6.180376882906313,0.611877624475105,0.6091417874157632,0.6077065171634088,0.6076260946303711,1667
418,3,evaluate,6.268256871711653,0.6040791841631674,0.6056804402973309,0.6077457581685287,0.6056988040159662,1667
418,4,evaluate,6.759681074707596,0.5590881823635273,0.5618839499682204,0.5598502346821251,0.5600857199591356,1667
418,5,evaluate,7.264854360509802,0.5986802639472105,0.5989215349494057,0.5984925571466044,0.5985000378676675,1667
419,0,evaluate,7.270693019584373,0.5992801439712058,0.5995870983848076,0.5991136751590267,0.5991400010598144,1667
419,1,evaluate,6.765347454282972,0.5590881823635273,0.5618474028049764,0.5598502346821251,0.5600734996256644,1667
419,2,evaluate,6.059398438091631,0.5860827834433113,0.5852521652618254,0.5803567279618604,0.5817570743309218,1667
419,3,evaluate,6.273351897343673,0.6040791841631674,0.6056804402973309,0.6077457581685287,0.6056988040159662,1667
419,4,evaluate,6.184848414527045,0.6112777444511098,0.6084627080759525,0.6071148011870775,0.6070257754096366,1667
419,5,evaluate,6.435018451125534,0.5806838632273545,0.580650624669321,0.5772993209357324,0.5785602386121423,1667
420,0,evaluate,6.065125091208352,0.5854829034193162,0.5844235025670677,0.5796855870222631,0.5810554320950456,1667
420,1,evaluate,7.277866725568418,0.5986802639472105,0.599055770270161,0.5984925571466044,0.5985580647727494,1667
420,2,evaluate,6.19007682800293,0.611877624475105,0.6091417874157632,0.6077065171634088,0.6076260946303711,1667
420,3,evaluate,6.771742635303074,0.5590881823635273,0.5618839499682204,0.5598502346821251,0.5600857199591356,1667
420,4,evaluate,6.279039400515844,0.6040791841631674,0.6056804402973309,0.6077457581685287,0.6056988040159662,1667
420,5,evaluate,6.440459516313341,0.5806838632273545,0.5807697510186562,0.5773390034754151,0.5786154580240993,1667
421,0,evaluate,6.776923859560931,0.5590881823635273,0.5618521318567917,0.5598502346821251,0.560084142484775,1667
421,1,evaluate,6.446269326739841,0.5800839832033593,0.5800931298575949,0.5767217195247978,0.5779704163786978,1667
421,2,evaluate,6.195006723757143,0.611877624475105,0.6091417874157632,0.6077065171634088,0.6076260946303711,1667
421,3,evaluate,7.284089123761213,0.5992801439712058,0.5995870983848076,0.5991136751590267,0.5991400010598144,1667
421,4,evaluate,6.284218708597716,0.6040791841631674,0.6057898630990561,0.6077457581685287,0.6057245931890812,1667
421,5,evaluate,6.070327413302881,0.5854829034193162,0.5845870765398529,0.5796855870222631,0.5811175084604042,1667
422,0,evaluate,6.782383962913796,0.5590881823635273,0.5618521318567917,0.5598502346821251,0.560084142484775,1667
422,1,evaluate,6.289799966858684,0.6040791841631674,0.6057898630990561,0.6077457581685287,0.6057245931890812,1667
422,2,evaluate,6.200660475978145,0.6124775044991002,0.6096920491276044,0.608265176381286,0.608182610720701,1667
422,3,evaluate,6.075373389102794,0.5854829034193162,0.5845870765398529,0.5796855870222631,0.5811175084604042,1667
422,4,evaluate,7.289896894384314,0.5986802639472105,0.5989215349494057,0.5984925571466044,0.5985000378676675,1667
422,5,evaluate,6.450885092770612,0.5806838632273545,0.5806295680005863,0.5772772750803533,0.5785343208367396,1667
423,0,evaluate,6.457102457682292,0.5806838632273545,0.580847734626128,0.5772772750803533,0.5786341996966307,1667
423,1,evaluate,6.080682459804747,0.5854829034193162,0.5845870765398529,0.5796855870222631,0.5811175084604042,1667
423,2,evaluate,7.296549602791115,0.5986802639472105,0.599055770270161,0.5984925571466044,0.5985580647727494,1667
423,3,evaluate,6.788398539578473,0.5590881823635273,0.5618521318567917,0.5598502346821251,0.560084142484775,1667
423,4,evaluate,6.29499260135964,0.6040791841631674,0.6057898630990561,0.6077457581685287,0.6057245931890812,1667
423,5,evaluate,6.20598190802115,0.6124775044991002,0.6096920491276044,0.608265176381286,0.608182610720701,1667
424,0,evaluate,6.30035258068259,0.6040791841631674,0.6056804402973309,0.6077457581685287,0.6056988040159662,1667
424,1,evaluate,6.086039857731925,0.5854829034193162,0.5845870765398529,0.5796855870222631,0.5811175084604042,1667
424,2,evaluate,6.794608778423733,0.5590881823635273,0.5618521318567917,0.5598502346821251,0.560084142484775,1667
424,3,evaluate,6.210747400919597,0.6124775044991002,0.6096920491276044,0.608265176381286,0.608182610720701,1667
424,4,evaluate,7.303656710518731,0.5986802639472105,0.599055770270161,0.5984925571466044,0.5985580647727494,1667
424,5,evaluate,6.462055736117893,0.5806838632273545,0.5807855532043775,0.5772772750803533,0.5786108056215407,1667
425,0,evaluate,6.09098004301389,0.5854829034193162,0.5845870765398529,0.5796855870222631,0.5811175084604042,1667
425,1,evaluate,6.2169539663526745,0.6124775044991002,0.6096920491276044,0.608265176381286,0.608182610720701,1667
425,2,evaluate,6.467237931710702,0.5812837432513497,0.5810741813955532,0.5778945590309705,0.5790585594517978,1667
425,3,evaluate,6.80031798504017,0.5590881823635273,0.5618474028049764,0.5598502346821251,0.5600734996256644,1667
425,4,evaluate,6.305814244065038,0.6046790641871626,0.606499681815776,0.6083630421191459,0.6063549535013883,1667
425,5,evaluate,7.31038091800831,0.5992801439712058,0.5995870983848076,0.5991136751590267,0.5991400010598144,1667
426,0,evaluate,6.0953121615780725,0.5854829034193162,0.5845870765398529,0.5796855870222631,0.5811175084604042,1667
426,1,evaluate,6.472873184416029,0.5806838632273545,0.5806961788091326,0.5772772750803533,0.5785534594455427,1667
426,2,evaluate,6.221363067626953,0.6124775044991002,0.6096920491276044,0.608265176381286,0.608182610720701,1667
426,3,evaluate,6.310795336523302,0.6046790641871626,0.6063908518484268,0.6083630421191459,0.6063301529420653,1667
426,4,evaluate,7.316661552146629,0.5986802639472105,0.5989393646727872,0.5984925571466044,0.598506905670121,1667
426,5,evaluate,6.8054593227527755,0.5596880623875224,0.5623150975510189,0.5603737948915493,0.5606093135518886,1667
427,0,evaluate,6.226524494312428,0.6124775044991002,0.6096920491276044,0.608265176381286,0.608182610720701,1667
427,1,evaluate,6.476547205889666,0.5800839832033593,0.5800931298575949,0.5767217195247978,0.5779704163786978,1667
427,2,evaluate,6.81084292906302,0.5590881823635273,0.5618521318567917,0.5598502346821251,0.560084142484775,1667
427,3,evaluate,6.315684549536753,0.6046790641871626,0.606499681815776,0.6083630421191459,0.6063549535013883,1667
427,4,evaluate,6.099861801774414,0.5854829034193162,0.5845870765398529,0.5796855870222631,0.5811175084604042,1667
427,5,evaluate,7.3229789468977184,0.5986802639472105,0.5989393646727872,0.5984925571466044,0.598506905670121,1667
428,0,evaluate,6.1047357806453,0.5854829034193162,0.5848621727665098,0.5796855870222631,0.5812118994455419,1667
428,1,evaluate,6.230278986471671,0.6124775044991002,0.6096920491276044,0.608265176381286,0.608182610720701,1667
428,2,evaluate,6.482776509390937,0.5812837432513497,0.5812311959332219,0.5778945590309705,0.5791193779406183,1667
428,3,evaluate,7.3281538133268,0.5986802639472105,0.5989393646727872,0.5984925571466044,0.598506905670121,1667
428,4,evaluate,6.815790397149545,0.5590881823635273,0.5618521318567917,0.5598502346821251,0.560084142484775,1667
428,5,evaluate,6.320390502545774,0.6046790641871626,0.6063908518484268,0.6083630421191459,0.6063301529420653,1667
429,0,evaluate,6.109826614459355,0.5854829034193162,0.5848621727665098,0.5796855870222631,0.5812118994455419,1667
429,1,evaluate,6.82189048661126,0.5596880623875224,0.5623150975510189,0.5603737948915493,0.5606093135518886,1667
429,2,evaluate,6.236240210356535,0.6124775044991002,0.6096920491276044,0.608265176381286,0.608182610720701,1667
429,3,evaluate,6.488447657337895,0.5812837432513497,0.5812311959332219,0.5778945590309705,0.5791193779406183,1667
429,4,evaluate,6.325953944163134,0.6040791841631674,0.6056804402973309,0.6077457581685287,0.6056988040159662,1667
429,5,evaluate,7.335099750094944,0.5986802639472105,0.5989393646727872,0.5984925571466044,0.598506905670121,1667
430,0,evaluate,6.330717849081271,0.6046790641871626,0.6063908518484268,0.6083630421191459,0.6063301529420653,1667
430,1,evaluate,7.341458797454834,0.5986802639472105,0.5989393646727872,0.5984925571466044,0.598506905670121,1667
430,2,evaluate,6.11443183488316,0.5854829034193162,0.5848621727665098,0.5796855870222631,0.5812118994455419,1667
430,3,evaluate,6.493223940884626,0.5812837432513497,0.5812311959332219,0.5778945590309705,0.5791193779406183,1667
430,4,evaluate,6.826941525494611,0.5596880623875224,0.5623150975510189,0.5603737948915493,0.5606093135518886,1667
430,5,evaluate,6.2413847711351185,0.6124775044991002,0.6096920491276044,0.608265176381286,0.608182610720701,1667
431,0,evaluate,6.498036481716015,0.5818836232753449,0.5820372578202131,0.5785234898485806,0.5798183102172256,1667
431,1,evaluate,7.3472666033992065,0.5986802639472105,0.5989393646727872,0.5984925571466044,0.598506905670121,1667
431,2,evaluate,6.245098696814643,0.6124775044991002,0.6096920491276044,0.608265176381286,0.608182610720701,1667
431,3,evaluate,6.119839152804127,0.5860827834433113,0.5855033493951406,0.5802953431198242,0.5818418555486289,1667
431,4,evaluate,6.832472183086254,0.5590881823635273,0.5618474028049764,0.5598502346821251,0.5600734996256644,1667
431,5,evaluate,6.335003293523456,0.6046790641871626,0.6063908518484268,0.6083630421191459,0.6063301529420653,1667
432,0,evaluate,6.249534783539949,0.611877624475105,0.609050793544924,0.6076734604049546,0.6076044386093418,1667
432,1,evaluate,6.5027787332181575,0.5830833833233353,0.5833858255418186,0.5796802733166848,0.5810699998172566,1667
432,2,evaluate,6.8370964173917415,0.5590881823635273,0.5618474028049764,0.5598502346821251,0.5600734996256644,1667
432,3,evaluate,6.124444560872184,0.5854829034193162,0.584828728634397,0.5796242021802268,0.5811974359571629,1667
432,4,evaluate,6.3395498828412435,0.6040791841631674,0.6056804402973309,0.6077457581685287,0.6056988040159662,1667
432,5,evaluate,7.352629220044172,0.5986802639472105,0.5989393646727872,0.5984925571466044,0.598506905670121,1667
433,0,evaluate,6.344696370108,0.6046790641871626,0.6063908518484268,0.6083630421191459,0.6063301529420653,1667
433,1,evaluate,6.25491550233629,0.6124775044991002,0.6096920491276044,0.608265176381286,0.608182610720701,1667
433,2,evaluate,7.359078831142849,0.5986802639472105,0.5989393646727872,0.5984925571466044,0.598506905670121,1667
433,3,evaluate,6.12912909300239,0.5854829034193162,0.5848621727665098,0.5796855870222631,0.5812118994455419,1667
433,4,evaluate,6.84216805740639,0.5596880623875224,0.5621858623943388,0.5603737948915493,0.5605773961353923,1667
433,5,evaluate,6.507464620802137,0.5824835032993402,0.5827156465445349,0.5790850352214468,0.5804167998460925,1667
434,0,evaluate,6.25931402488991,0.611877624475105,0.609050793544924,0.6076734604049546,0.6076044386093418,1667
434,1,evaluate,6.848073994671857,0.5590881823635273,0.5618474028049764,0.5598502346821251,0.5600734996256644,1667
434,2,evaluate,6.5121081581822144,0.5836832633473306,0.5839297255780419,0.5803092041342948,0.5816698618668434,1667
434,3,evaluate,6.349119960458564,0.6040791841631674,0.6056804402973309,0.6077457581685287,0.6056988040159662,1667
434,4,evaluate,6.133660043831225,0.584883023395321,0.5841875520057662,0.5790144460826658,0.580567479854076,1667
434,5,evaluate,7.365087403191461,0.5986802639472105,0.5989078347592807,0.5984925571466044,0.598494727473309,1667
435,0,evaluate,6.35492291414913,0.6040791841631674,0.6056804402973309,0.6077457581685287,0.6056988040159662,1667
435,1,evaluate,6.516891461831552,0.5812837432513497,0.5816352127674652,0.577912195715274,0.5792901330114679,1667
435,2,evaluate,6.138356524485129,0.5860827834433113,0.5855033493951406,0.5802953431198242,0.5818418555486289,1667
435,3,evaluate,6.265499079668963,0.611877624475105,0.609050793544924,0.6076734604049546,0.6076044386093418,1667
435,4,evaluate,7.371842596266005,0.5986802639472105,0.5989078347592807,0.5984925571466044,0.598494727473309,1667
435,5,evaluate,6.853524402335838,0.5596880623875224,0.5621858623943388,0.5603737948915493,0.5605773961353923,1667
436,0,evaluate,6.858084042867024,0.5596880623875224,0.5621858623943388,0.5603737948915493,0.5605773961353923,1667
436,1,evaluate,6.522542662090725,0.5824835032993402,0.5825492621507302,0.5791096204756949,0.5803641258660364,1667
436,2,evaluate,6.14323087754073,0.5860827834433113,0.5855033493951406,0.5802953431198242,0.5818418555486289,1667
436,3,evaluate,7.377031043723777,0.5986802639472105,0.5989078347592807,0.5984925571466044,0.598494727473309,1667
436,4,evaluate,6.270070658789741,0.6124775044991002,0.6098168638436471,0.608265176381286,0.6082004179286276,1667
436,5,evaluate,6.3596792117443535,0.6046790641871626,0.6063908518484268,0.6083630421191459,0.6063301529420653,1667
437,0,evaluate,6.273600684271918,0.611877624475105,0.6091698782615802,0.6076734604049546,0.60762107526143,1667
437,1,evaluate,6.147651699958025,0.584883023395321,0.5841875520057662,0.5790144460826658,0.580567479854076,1667
437,2,evaluate,6.526885138617621,0.5824835032993402,0.5825458884536999,0.5791363646281221,0.5804047151789231,1667
437,3,evaluate,6.363371045434986,0.6040791841631674,0.6056804402973309,0.6077457581685287,0.6056988040159662,1667
437,4,evaluate,6.862557146284315,0.5590881823635273,0.5615098854644918,0.5597327692505236,0.5599224298856458,1667
437,5,evaluate,7.382317984545672,0.5986802639472105,0.5989078347592807,0.5984925571466044,0.598494727473309,1667
438,0,evaluate,6.368988683128043,0.6040791841631674,0.6056804402973309,0.6077457581685287,0.6056988040159662,1667
438,1,evaluate,6.868443038728502,0.5602879424115177,0.5628392361944516,0.5609762045301034,0.5612247154352654,1667
438,2,evaluate,6.152788909497084,0.584883023395321,0.5842126206687885,0.5790807239193573,0.5805860149548111,1667
438,3,evaluate,6.5324771492569536,0.5824835032993402,0.5827925130360523,0.5791363646281221,0.5805203187100967,1667
438,4,evaluate,6.2784452791567205,0.611877624475105,0.6091698782615802,0.6076734604049546,0.60762107526143,1667
438,5,evaluate,7.38809527291192,0.5986802639472105,0.5989078347592807,0.5984925571466044,0.598494727473309,1667
439,0,evaluate,7.393157411504675,0.5992801439712058,0.5994425580404447,0.5991136751590267,0.5990774985418211,1667
439,1,evaluate,6.372385267778925,0.6040791841631674,0.6056804402973309,0.6077457581685287,0.6056988040159662,1667
439,2,evaluate,6.87295514565927,0.5602879424115177,0.5629883096208753,0.561097805611002,0.5613053372057457,1667
439,3,evaluate,6.536663496935809,0.5824835032993402,0.582703293690144,0.5791363646281221,0.5804640183543356,1667
439,4,evaluate,6.281959074514884,0.611877624475105,0.6091698782615802,0.6076734604049546,0.60762107526143,1667
439,5,evaluate,6.1571386732437,0.584883023395321,0.5837391878920987,0.5790086022303985,0.5803209329889668,1667
440,0,evaluate,6.540492216746013,0.5830833833233353,0.5832341081478031,0.5797536485787393,0.5810288666357508,1667
440,1,evaluate,6.288157480734366,0.611877624475105,0.6092145660100384,0.6076734604049546,0.6076451113550425,1667
440,2,evaluate,7.399692464757849,0.5986802639472105,0.5989078347592807,0.5984925571466044,0.598494727473309,1667
440,3,evaluate,6.87884846440068,0.5602879424115177,0.5628797369608616,0.5609620301856669,0.5612009957809179,1667
440,4,evaluate,6.37793185233332,0.6046790641871626,0.6063908518484268,0.6083630421191459,0.6063301529420653,1667
440,5,evaluate,6.162071564683208,0.584883023395321,0.5840908541578858,0.5791421087613936,0.5805225023004228,1667
441,0,evaluate,6.382615598566325,0.6040791841631674,0.6056804402973309,0.6077457581685287,0.6056988040159662,1667
441,1,evaluate,6.293008998588279,0.6124775044991002,0.6098615515921054,0.608265176381286,0.6082244540222401,1667
441,2,evaluate,6.883993819907859,0.5590881823635273,0.5615098854644918,0.5597327692505236,0.5599224298856458,1667
441,3,evaluate,7.405007733239068,0.5986802639472105,0.5989078347592807,0.5984925571466044,0.598494727473309,1667
441,4,evaluate,6.166142528807676,0.584883023395321,0.5837391878920987,0.5790086022303985,0.5803209329889668,1667
441,5,evaluate,6.545783078228986,0.5836832633473306,0.583733575926262,0.580300096666171,0.5815606499190068,1667
442,0,evaluate,6.170969131920073,0.5854829034193162,0.5843803645207296,0.5796183583279595,0.5809508890920538,1667
442,1,evaluate,6.2968761479413065,0.611877624475105,0.6092145660100384,0.6076734604049546,0.6076451113550425,1667
442,2,evaluate,6.889250719988787,0.5596880623875224,0.5621858623943388,0.5603737948915493,0.5605773961353923,1667
442,3,evaluate,6.550164178565696,0.5830833833233353,0.583180678515676,0.5797536485787393,0.5810076421221154,1667
442,4,evaluate,7.4105837610032825,0.5986802639472105,0.5989078347592807,0.5984925571466044,0.598494727473309,1667
442,5,evaluate,6.387018018231578,0.6040791841631674,0.6056804402973309,0.6077457581685287,0.6056988040159662,1667
443,0,evaluate,6.301704583344637,0.611877624475105,0.6092145660100384,0.6076734604049546,0.6076451113550425,1667
443,1,evaluate,6.1758560394799265,0.5854829034193162,0.5843803645207296,0.5796183583279595,0.5809508890920538,1667
443,2,evaluate,6.555402234748557,0.5824835032993402,0.582703293690144,0.5791363646281221,0.5804640183543356,1667
443,3,evaluate,6.893890460332234,0.5602879424115177,0.5628392361944516,0.5609762045301034,0.5612247154352654,1667
443,4,evaluate,7.416706350114611,0.5986802639472105,0.5989078347592807,0.5984925571466044,0.598494727473309,1667
443,5,evaluate,6.392005455283652,0.6046790641871626,0.6063814491253419,0.6083630421191459,0.6063457843131906,1667
444,0,evaluate,6.559884345089948,0.5824835032993402,0.5826456613915867,0.5791363646281221,0.5804417236270398,1667
444,1,evaluate,6.180170047062415,0.584883023395321,0.5839212838305834,0.5791028944104337,0.5804538951133975,1667
444,2,evaluate,6.898662514156765,0.5608878224355129,0.5634966856728115,0.5615644398242211,0.5618370818842332,1667
444,3,evaluate,6.396787724315261,0.6046790641871626,0.6063814491253419,0.6083630421191459,0.6063457843131906,1667
444,4,evaluate,7.422628243764241,0.5986802639472105,0.5989078347592807,0.5984925571466044,0.598494727473309,1667
444,5,evaluate,6.306319236755371,0.611877624475105,0.6089693360259723,0.607529212298211,0.607474958925339,1667
445,0,evaluate,6.402111753944121,0.6052789442111578,0.6070881641797402,0.6089803260697633,0.6069744296832056,1667
445,1,evaluate,6.3113996894271285,0.6112777444511098,0.6084304046591682,0.6069642405467985,0.6069022885508282,1667
445,2,evaluate,6.9038786093393965,0.5596880623875224,0.5623547058044068,0.5603998539737713,0.5606569299869163,1667
445,3,evaluate,7.4280330516673905,0.5986802639472105,0.5989078347592807,0.5984925571466044,0.598494727473309,1667
445,4,evaluate,6.565039837801898,0.5824835032993402,0.5827769451884828,0.5791363646281221,0.5804969436807866,1667
445,5,evaluate,6.185189823309581,0.5860827834433113,0.5853811164221654,0.5804069467424361,0.5817740494619956,1667
446,0,evaluate,6.1893349753485785,0.584883023395321,0.5840633150908181,0.5791260497052778,0.5804989416663575,1667
446,1,evaluate,6.9084079618807195,0.5596880623875224,0.5623051779040287,0.5604567799699763,0.5606390111395234,1667
446,2,evaluate,6.569391815750687,0.5824835032993402,0.5826456613915867,0.5791363646281221,0.5804417236270398,1667
446,3,evaluate,6.405353471013465,0.6046790641871626,0.6063908518484268,0.6083630421191459,0.6063301529420653,1667
446,4,evaluate,6.314699208294904,0.611877624475105,0.6092145660100384,0.6076734604049546,0.6076451113550425,1667
446,5,evaluate,7.43283368923046,0.5986802639472105,0.5989078347592807,0.5984925571466044,0.598494727473309,1667
447,0,evaluate,7.439340026290329,0.5986802639472105,0.5989078347592807,0.5984925571466044,0.598494727473309,1667
447,1,evaluate,6.410914599092966,0.6052789442111578,0.6070881641797402,0.6089803260697633,0.6069744296832056,1667
447,2,evaluate,6.320853780817102,0.611877624475105,0.6092145660100384,0.6076734604049546,0.6076451113550425,1667
447,3,evaluate,6.914153937940244,0.5602879424115177,0.5628296136074956,0.5609762045301034,0.5612126321238192,1667
447,4,evaluate,6.574056280983819,0.5824835032993402,0.5828303748206097,0.5791363646281221,0.5805181681944219,1667
447,5,evaluate,6.193906299493931,0.5854829034193162,0.5847053810865549,0.5797358058028388,0.5811284279933546,1667
448,0,evaluate,7.444712479909261,0.5986802639472105,0.5989078347592807,0.5984925571466044,0.598494727473309,1667
448,1,evaluate,6.414765849456604,0.6052789442111578,0.6070881641797402,0.6089803260697633,0.6069744296832056,1667
448,2,evaluate,6.918818994804665,0.5602879424115177,0.56281191955229,0.5609234141831955,0.5611710621294341,1667
448,3,evaluate,6.198005500766966,0.5854829034193162,0.5847053810865549,0.5797358058028388,0.5811284279933546,1667
448,4,evaluate,6.578540351655748,0.5824835032993402,0.5828303748206097,0.5791363646281221,0.5805181681944219,1667
448,5,evaluate,6.324181609683567,0.6124775044991002,0.6097244121109923,0.6082290159605102,0.6082184452044294,1667
449,0,evaluate,6.2023573164586665,0.5854829034193162,0.5847053810865549,0.5797358058028388,0.5811284279933546,1667
449,1,evaluate,6.330204239598027,0.611877624475105,0.6092145660100384,0.6076734604049546,0.6076451113550425,1667
449,2,evaluate,6.923876206080119,0.5608878224355129,0.5634878964821369,0.5615644398242211,0.5618260283791805,1667
449,3,evaluate,6.420111962243094,0.6052789442111578,0.6070881641797402,0.6089803260697633,0.6069744296832056,1667
449,4,evaluate,6.582869388439037,0.5830833833233353,0.5832246399671457,0.5797692760205273,0.581059620431845,1667
449,5,evaluate,7.450655636964021,0.5986802639472105,0.5989078347592807,0.5984925571466044,0.598494727473309,1667
450,0,evaluate,6.422887791745139,0.6046790641871626,0.6063814491253419,0.6083630421191459,0.6063457843131906,1667
450,1,evaluate,6.332035223642985,0.611877624475105,0.6088960667377553,0.6075197961023542,0.6074528686762918,1667
450,2,evaluate,6.928152720133464,0.5614877024595081,0.5640017085609496,0.5622096011145438,0.5623829301535455,1667
450,3,evaluate,7.455397711859809,0.5986802639472105,0.5987143677631932,0.5984925571466044,0.5984049541342616,1667
450,4,evaluate,6.588306550626402,0.5824835032993402,0.5828167749294089,0.5791363646281221,0.5804910560041361,1667
450,5,evaluate,6.206500151643047,0.5854829034193162,0.5847053810865549,0.5797358058028388,0.5811284279933546,1667
451,0,evaluate,7.461242781745063,0.5986802639472105,0.5987143677631932,0.5984925571466044,0.5984049541342616,1667
451,1,evaluate,6.933547470304701,0.5608878224355129,0.5634357851079461,0.5615685754735181,0.5617879230525376,1667
451,2,evaluate,6.427609180151463,0.6052789442111578,0.607280163119083,0.6089803260697633,0.6070742848213707,1667
451,3,evaluate,6.592439951720061,0.5836832633473306,0.5838567003372378,0.580300096666171,0.5815892850860026,1667
451,4,evaluate,6.210653494905542,0.5854829034193162,0.5847053810865549,0.5797358058028388,0.5811284279933546,1667
451,5,evaluate,6.337153081540708,0.611877624475105,0.6092268122223511,0.6076734604049546,0.607643699046064,1667
452,0,evaluate,6.9387166411788375,0.5614877024595081,0.5640553442651692,0.5622054654652467,0.562420554402358,1667
452,1,evaluate,6.596137682596843,0.5836832633473306,0.5837639380682199,0.5803865599711445,0.5816266191115158,1667
452,2,evaluate,7.4667476901301635,0.5986802639472105,0.5989078347592807,0.5984925571466044,0.598494727473309,1667
452,3,evaluate,6.433040062524351,0.6052789442111578,0.6070881641797402,0.6089803260697633,0.6069744296832056,1667
452,4,evaluate,6.2146271334754095,0.5854829034193162,0.5847053810865549,0.5797358058028388,0.5811284279933546,1667
452,5,evaluate,6.342783698329219,0.6124775044991002,0.6097244121109923,0.6082290159605102,0.6082184452044294,1667
453,0,evaluate,6.601856337653266,0.5836832633473306,0.5837094415405764,0.580300096666171,0.5815569764188513,1667
453,1,evaluate,6.219222768589303,0.5854829034193162,0.5847053810865549,0.5797358058028388,0.5811284279933546,1667
453,2,evaluate,6.942793978585137,0.5608878224355129,0.5633793673353222,0.5615644398242211,0.5617655881526116,1667
453,3,evaluate,7.4721099712230545,0.5986802639472105,0.5987143677631932,0.5984925571466044,0.5984049541342616,1667
453,4,evaluate,6.347186229847096,0.6124775044991002,0.6094914283392387,0.6080847678537666,0.6080468804657472,1667
453,5,evaluate,6.4376192092255495,0.6046790641871626,0.6063814491253419,0.6083630421191459,0.6063457843131906,1667
454,0,evaluate,6.605515533023411,0.5836832633473306,0.5837094415405764,0.580300096666171,0.5815569764188513,1667
454,1,evaluate,6.440083075383747,0.6046790641871626,0.6065740139257709,0.6083630421191459,0.6064466144185482,1667
454,2,evaluate,6.223188595639335,0.584883023395321,0.5840633150908181,0.5791260497052778,0.5804989416663575,1667
454,3,evaluate,6.946911149554783,0.5608878224355129,0.5635300875436399,0.5616860409051196,0.5618458304067311,1667
454,4,evaluate,6.349916528772424,0.611877624475105,0.608940250760122,0.6075197961023542,0.6074756224002149,1667
454,5,evaluate,7.476324169724076,0.5986802639472105,0.5987143677631932,0.5984925571466044,0.5984049541342616,1667
455,0,evaluate,6.952083366888541,0.5614877024595081,0.5640428579695487,0.5621668494627754,0.562382526063978,1667
455,1,evaluate,6.609446560895002,0.5842831433713257,0.5843164445728422,0.5809330080585762,0.5821805843577621,1667
455,2,evaluate,6.227139592170715,0.5854829034193162,0.5847053810865549,0.5797358058028388,0.5811284279933546,1667
455,3,evaluate,6.354846707096806,0.6124775044991002,0.6094914283392387,0.6080847678537666,0.6080468804657472,1667
455,4,evaluate,7.482394200784189,0.5986802639472105,0.5987143677631932,0.5984925571466044,0.5984049541342616,1667
455,5,evaluate,6.445325318615182,0.6046790641871626,0.6063814491253419,0.6083630421191459,0.6063457843131906,1667
456,0,evaluate,6.358406561392325,0.611877624475105,0.6089524969724348,0.6075197961023542,0.6074742100912365,1667
456,1,evaluate,7.486729056746872,0.5986802639472105,0.5987143677631932,0.5984925571466044,0.5984049541342616,1667
456,2,evaluate,6.44872157360738,0.6052789442111578,0.6068570619651591,0.6089185976747016,0.6068546257625443,1667
456,3,evaluate,6.614035809481585,0.5836832633473306,0.5836926382067948,0.580300096666171,0.5815282933224076,1667
456,4,evaluate,6.231386871249588,0.5854829034193162,0.5847053810865549,0.5797358058028388,0.5811284279933546,1667
456,5,evaluate,6.955681138568455,0.5620875824835033,0.5646579343345302,0.562812010753098,0.5629883334820287,1667
457,0,evaluate,6.454203611479493,0.6052789442111578,0.6070881641797402,0.6089803260697633,0.6069744296832056,1667
457,1,evaluate,6.364123574009648,0.611877624475105,0.6089524969724348,0.6075197961023542,0.6074742100912365,1667
457,2,evaluate,7.4925111488059715,0.5986802639472105,0.5987143677631932,0.5984925571466044,0.5984049541342616,1667
457,3,evaluate,6.960912395406653,0.5620875824835033,0.5647260997600415,0.562807875103801,0.5630490268966076,1667
457,4,evaluate,6.617857632813631,0.5842831433713257,0.5843164445728422,0.5809330080585762,0.5821805843577621,1667
457,5,evaluate,6.2354857248288615,0.5854829034193162,0.5847053810865549,0.5797358058028388,0.5811284279933546,1667
458,0,evaluate,6.6223813516122325,0.5842831433713257,0.5842996412390608,0.5809330080585762,0.5821519012613184,1667
458,1,evaluate,6.457151835283487,0.6052789442111578,0.6070881641797402,0.6089803260697633,0.6069744296832056,1667
458,2,evaluate,6.965389657903601,0.5608878224355129,0.5635102492738965,0.5615644398242211,0.561797126052747,1667
458,3,evaluate,6.366126148789017,0.611877624475105,0.6089524969724348,0.6075197961023542,0.6074742100912365,1667
458,4,evaluate,7.496013111538357,0.5986802639472105,0.5987143677631932,0.5984925571466044,0.5984049541342616,1667
458,5,evaluate,6.2396103728700565,0.5854829034193162,0.5847053810865549,0.5797358058028388,0.5811284279933546,1667
459,0,evaluate,6.370688244148537,0.611877624475105,0.6089083129500679,0.6075197961023542,0.6074514563673132,1667
459,1,evaluate,7.501078729276304,0.5986802639472105,0.5987143677631932,0.5984925571466044,0.5984049541342616,1667
459,2,evaluate,6.96982427879616,0.5596880623875224,0.5623808197278536,0.5604384699762428,0.5606524811321607,1667
459,3,evaluate,6.626654227574666,0.5836832633473306,0.5836926382067948,0.580300096666171,0.5815282933224076,1667
459,4,evaluate,6.461333616214553,0.6058788242351529,0.6075637770195573,0.6095358816253188,0.6074832711325593,1667
459,5,evaluate,6.243675505673444,0.5854829034193162,0.5847053810865549,0.5797358058028388,0.5811284279933546,1667
460,0,evaluate,6.375236493569833,0.611877624475105,0.6088145897891171,0.6073854671544658,0.6073855348170671,1667
460,1,evaluate,6.9738434420691595,0.5602879424115177,0.5628631519288976,0.5609727238478898,0.5612267223553641,1667
460,2,evaluate,6.465688074013828,0.6046790641871626,0.6063814491253419,0.6083630421191459,0.6063457843131906,1667
460,3,evaluate,7.506554285685222,0.5986802639472105,0.5987143677631932,0.5984925571466044,0.5984049541342616,1667
460,4,evaluate,6.631600035561456,0.5842831433713257,0.5842996412390608,0.5809330080585762,0.5821519012613184,1667
460,5,evaluate,6.247468067540063,0.5854829034193162,0.5847053810865549,0.5797358058028388,0.5811284279933546,1667
461,0,evaluate,6.37986785394174,0.611877624475105,0.6088145897891171,0.6073854671544658,0.6073855348170671,1667
461,1,evaluate,6.63489626955103,0.5842831433713257,0.5843164445728422,0.5809330080585762,0.5821805843577621,1667
461,2,evaluate,6.470224963233637,0.6052789442111578,0.6070881641797402,0.6089803260697633,0.6069744296832056,1667
461,3,evaluate,7.512229937094229,0.5986802639472105,0.5987143677631932,0.5984925571466044,0.5984049541342616,1667
461,4,evaluate,6.979059281172575,0.5614877024595081,0.5640553442651692,0.5622054654652467,0.562420554402358,1667
461,5,evaluate,6.2517598723923715,0.5854829034193162,0.5847053810865549,0.5797358058028388,0.5811284279933546,1667
462,0,evaluate,6.983769875985605,0.5608878224355129,0.5634782282938791,0.5616178851382123,0.5618325297734149,1667
462,1,evaluate,6.639793431317365,0.5836832633473306,0.5836926382067948,0.580300096666171,0.5815282933224076,1667
462,2,evaluate,6.473712257330152,0.6046790641871626,0.6063814491253419,0.6083630421191459,0.6063457843131906,1667
462,3,evaluate,7.517450173695882,0.5986802639472105,0.5987143677631932,0.5984925571466044,0.5984049541342616,1667
462,4,evaluate,6.255339899548778,0.5854829034193162,0.5847053810865549,0.5797358058028388,0.5811284279933546,1667
462,5,evaluate,6.383106743847883,0.611877624475105,0.6088145897891171,0.6073854671544658,0.6073855348170671,1667
463,0,evaluate,6.644217526471174,0.5836832633473306,0.5836926382067948,0.580300096666171,0.5815282933224076,1667
463,1,evaluate,6.4781964619329235,0.6052789442111578,0.6070881641797402,0.6089803260697633,0.6069744296832056,1667
463,2,evaluate,6.9882178041670056,0.5608878224355129,0.5636091102324533,0.5616178851382123,0.5618640676735505,1667
463,3,evaluate,7.5225523666099265,0.5986802639472105,0.5987143677631932,0.5984925571466044,0.5984049541342616,1667
463,4,evaluate,6.259812128764612,0.5854829034193162,0.5847053810865549,0.5797358058028388,0.5811284279933546,1667
463,5,evaluate,6.387677351633708,0.611877624475105,0.6088145897891171,0.6073854671544658,0.6073855348170671,1667
464,0,evaluate,7.526980117515281,0.5986802639472105,0.5987143677631932,0.5984925571466044,0.5984049541342616,1667
464,1,evaluate,6.263084366365716,0.5854829034193162,0.584527344436644,0.5797358058028388,0.5810730901598371,1667
464,2,evaluate,6.9924139005166515,0.5608878224355129,0.5635265467115789,0.561575133486444,0.5618426878784396,1667
464,3,evaluate,6.647658401065403,0.5836832633473306,0.5836926382067948,0.580300096666171,0.5815282933224076,1667
464,4,evaluate,6.4816447760711995,0.6052789442111578,0.6070881641797402,0.6089803260697633,0.6069744296832056,1667
464,5,evaluate,6.391099205723515,0.611877624475105,0.6088558020009387,0.6073854671544658,0.607407476000485,1667
465,0,evaluate,6.3950794714468495,0.611877624475105,0.6089148958364777,0.6073854671544658,0.607450167076465,1667
465,1,evaluate,7.5311892827351885,0.5986802639472105,0.5987143677631932,0.5984925571466044,0.5984049541342616,1667
465,2,evaluate,6.485249523698493,0.6046790641871626,0.6063814491253419,0.6083630421191459,0.6063457843131906,1667
465,3,evaluate,6.99611775080363,0.5614877024595081,0.5641416230765604,0.5622202947767666,0.5624484952964904,1667
465,4,evaluate,6.652057409286499,0.5836832633473306,0.5836926382067948,0.580300096666171,0.5815282933224076,1667
465,5,evaluate,6.267288977349246,0.5854829034193162,0.5846932504525821,0.5797358058028388,0.5811331351280293,1667
466,0,evaluate,7.0007030963897705,0.5608878224355129,0.5636091102324533,0.5616178851382123,0.5618640676735505,1667
466,1,evaluate,6.655823663428977,0.5842831433713257,0.5842916817651643,0.5809330080585762,0.5821254703953354,1667
466,2,evaluate,6.271539049016105,0.5854829034193162,0.5846932504525821,0.5797358058028388,0.5811331351280293,1667
466,3,evaluate,6.398843270760995,0.611877624475105,0.6088736836246561,0.6073854671544658,0.6074282258930472,1667
466,4,evaluate,6.489495765952058,0.6046790641871626,0.6063814491253419,0.6083630421191459,0.6063457843131906,1667
466,5,evaluate,7.536859529989737,0.5986802639472105,0.5987143677631932,0.5984925571466044,0.5984049541342616,1667
467,0,evaluate,6.403821291746916,0.611877624475105,0.6088145897891171,0.6073854671544658,0.6073855348170671,1667
467,1,evaluate,7.541855423538773,0.5986802639472105,0.5987143677631932,0.5984925571466044,0.5984049541342616,1667
467,2,evaluate,6.493929799630644,0.6058788242351529,0.6075637770195573,0.6095358816253188,0.6074832711325593,1667
467,3,evaluate,6.660075002246433,0.5842831433713257,0.5842996412390608,0.5809330080585762,0.5821519012613184,1667
467,4,evaluate,6.275327782939981,0.5854829034193162,0.5846932504525821,0.5797358058028388,0.5811331351280293,1667
467,5,evaluate,7.004771170792757,0.5602879424115177,0.5629940338674719,0.5609727238478898,0.5612582602554996,1667
468,0,evaluate,6.407801098293728,0.611877624475105,0.6088736836246561,0.6073854671544658,0.6074282258930472,1667
468,1,evaluate,6.664801562273944,0.5842831433713257,0.5842916817651643,0.5809330080585762,0.5821254703953354,1667
468,2,evaluate,6.497682022394454,0.6046790641871626,0.6063814491253419,0.6083630421191459,0.6063457843131906,1667
468,3,evaluate,7.009184351673833,0.5602879424115177,0.5630751179438959,0.56099676712579,0.5613136496087632,1667
468,4,evaluate,7.546920988294813,0.5986802639472105,0.5987143677631932,0.5984925571466044,0.5984049541342616,1667
468,5,evaluate,6.279084099663629,0.5854829034193162,0.5846932504525821,0.5797358058028388,0.5811331351280293,1667
469,0,evaluate,6.412231109760426,0.611877624475105,0.6088145897891171,0.6073854671544658,0.6073855348170671,1667
469,1,evaluate,7.551935867027,0.5986802639472105,0.5987143677631932,0.5984925571466044,0.5984049541342616,1667
469,2,evaluate,7.013686877709848,0.5608878224355129,0.5636700107973188,0.5616137494889154,0.5619132265052461,1667
469,3,evaluate,6.668050236172146,0.5842831433713257,0.5841814380887749,0.5809330080585762,0.5821101165217781,1667
469,4,evaluate,6.282845551217044,0.5854829034193162,0.5847304331030225,0.5797358058028388,0.5811291543077751,1667
469,5,evaluate,6.502214393437532,0.6052789442111578,0.6070881641797402,0.6089803260697633,0.6069744296832056,1667
470,0,evaluate,6.5052617772985455,0.6052789442111578,0.6070881641797402,0.6089803260697633,0.6069744296832056,1667
470,1,evaluate,7.556240788212529,0.5986802639472105,0.5987143677631932,0.5984925571466044,0.5984049541342616,1667
470,2,evaluate,6.672133004223859,0.5836832633473306,0.5835664755826125,0.580300096666171,0.5814600777168841,1667
470,3,evaluate,6.28696405114951,0.5854829034193162,0.5845523964531116,0.5797358058028388,0.5810738164742577,1667
470,4,evaluate,7.017572005589803,0.5596880623875224,0.5624133640382991,0.5604491636384656,0.5606719430258208,1667
470,5,evaluate,6.414943624425818,0.611877624475105,0.6089630704265936,0.6073854671544658,0.6074740032684648,1667
471,0,evaluate,7.561534422415274,0.5986802639472105,0.5987143677631932,0.5984925571466044,0.5984049541342616,1667
471,1,evaluate,6.510072496145666,0.6052789442111578,0.6070881641797402,0.6089803260697633,0.6069744296832056,1667
471,2,evaluate,6.676875467653628,0.5842831433713257,0.5841734786148784,0.5809330080585762,0.5820836856557949,1667
471,3,evaluate,7.022120122556333,0.5602879424115177,0.5628724595541653,0.561070281650888,0.5612162164757255,1667
471,4,evaluate,6.4194568351463035,0.611877624475105,0.6089039765910546,0.6073854671544658,0.6074313121924846,1667
471,5,evaluate,6.2907076312436,0.584883023395321,0.5839873087540031,0.5790646648632415,0.5804585436381035,1667
472,0,evaluate,7.5657810281824185,0.5992801439712058,0.5991295889028986,0.5990949667851585,0.5989010231607588,1667
472,1,evaluate,6.422424934528492,0.611877624475105,0.6089630704265936,0.6073854671544658,0.6074740032684648,1667
472,2,evaluate,6.680222405327691,0.5836832633473306,0.5836846787328984,0.580300096666171,0.5815018624564245,1667
472,3,evaluate,7.025592388930144,0.5590881823635273,0.561891377965592,0.5599496467069418,0.5601171566230085,1667
472,4,evaluate,6.512830919623445,0.6058788242351529,0.6077557759589001,0.6095358816253188,0.6075831262707244,1667
472,5,evaluate,6.2948444739536,0.5854829034193162,0.5847183024690497,0.5797358058028388,0.5811338614424499,1667
473,0,evaluate,6.426362885369195,0.611877624475105,0.6089148958364777,0.6073854671544658,0.607450167076465,1667
473,1,evaluate,6.516904646903843,0.6058788242351529,0.6077557759589001,0.6095358816253188,0.6075831262707244,1667
473,2,evaluate,7.030282621030454,0.5602879424115177,0.5630332422097392,0.5610943249287883,0.561288557039276,1667
473,3,evaluate,6.684876300670482,0.5836832633473306,0.5836846787328984,0.580300096666171,0.5815018624564245,1667
473,4,evaluate,6.298887028738305,0.584883023395321,0.5839873087540031,0.5790646648632415,0.5804585436381035,1667
473,5,evaluate,7.570643407327157,0.5986802639472105,0.5987214362913875,0.5984814698526433,0.5983759236974318,1667
474,0,evaluate,6.302290345783587,0.584883023395321,0.5838214027380649,0.5790646648632415,0.5803984986699112,1667
474,1,evaluate,7.034359181368792,0.5602879424115177,0.5632400458922233,0.5612117903603898,0.5614048886596431,1667
474,2,evaluate,6.687956147723728,0.5836832633473306,0.5835664755826125,0.580300096666171,0.5814600777168841,1667
474,3,evaluate,6.520858427562888,0.6058788242351529,0.6077557759589001,0.6095358816253188,0.6075831262707244,1667
474,4,evaluate,6.43003656246044,0.611877624475105,0.6088705897593789,0.6073854671544658,0.6074385788986161,1667
474,5,evaluate,7.575147717087357,0.5986802639472105,0.5986592464300939,0.5984814698526433,0.598353121292311,1667
475,0,evaluate,6.305993147470333,0.5854829034193162,0.5843199109310214,0.5796022992718436,0.5809282763342706,1667
475,1,evaluate,6.525470520181477,0.6058788242351529,0.6075637770195573,0.6095358816253188,0.6074832711325593,1667
475,2,evaluate,6.692639659952234,0.5842831433713257,0.5841734786148784,0.5809330080585762,0.5820836856557949,1667
475,3,evaluate,7.038703256183201,0.5602879424115177,0.5630332422097392,0.5610943249287883,0.561288557039276,1667
475,4,evaluate,6.434388619882089,0.611877624475105,0.6089148958364777,0.6073854671544658,0.607450167076465,1667
475,5,evaluate,7.579624635201913,0.5986802639472105,0.5986592464300939,0.5984814698526433,0.598353121292311,1667
476,0,evaluate,6.43775169937699,0.611877624475105,0.6089148958364777,0.6073854671544658,0.607450167076465,1667
476,1,evaluate,6.696169376373291,0.5842831433713257,0.5841734786148784,0.5809330080585762,0.5820836856557949,1667
476,2,evaluate,6.30953527490298,0.5854829034193162,0.5844858169469596,0.5796022992718436,0.5809883213024627,1667
476,3,evaluate,7.042825866628577,0.5602879424115177,0.562897487275058,0.5610943249287883,0.5612156828135646,1667
476,4,evaluate,6.528803935694197,0.6058788242351529,0.6075637770195573,0.6095358816253188,0.6074832711325593,1667
476,5,evaluate,7.584164301554362,0.5986802639472105,0.5989113349271136,0.5984814698526433,0.5984626860713164,1667
477,0,evaluate,7.589211040072971,0.5986802639472105,0.59884914506582,0.5984814698526433,0.5984398836661956,1667
477,1,evaluate,6.5333358990717025,0.6052789442111578,0.6072674853453232,0.6089803260697633,0.6070483478721594,1667
477,2,evaluate,7.047158179459749,0.5602879424115177,0.5628724595541653,0.561070281650888,0.5612162164757255,1667
477,3,evaluate,6.3130633091485056,0.5860827834433113,0.5847961121666281,0.5801177631893694,0.5814220154891518,1667
477,4,evaluate,6.7002342277103,0.5842831433713257,0.5841746767785349,0.5809330080585762,0.5820877275828055,1667
477,5,evaluate,6.442282217520255,0.611877624475105,0.6089148958364777,0.6073854671544658,0.607450167076465,1667
478,0,evaluate,6.536495457396086,0.6058788242351529,0.6077557759589001,0.6095358816253188,0.6075831262707244,1667
478,1,evaluate,6.31714207596249,0.5854829034193162,0.5844858169469596,0.5796022992718436,0.5809883213024627,1667
478,2,evaluate,7.050401599318893,0.5596880623875224,0.5625664494613288,0.5605707647193642,0.5607600075762683,1667
478,3,evaluate,6.703853563026145,0.5836832633473306,0.5835672828403055,0.580300096666171,0.5814650770932495,1667
478,4,evaluate,7.593039353688558,0.5986802639472105,0.59884914506582,0.5984814698526433,0.5984398836661956,1667
478,5,evaluate,6.445091636092575,0.611877624475105,0.6089148958364777,0.6073854671544658,0.607450167076465,1667
479,0,evaluate,6.44919851091173,0.6112777444511098,0.6084918932536477,0.6068268079365888,0.6069528396631914,1667
479,1,evaluate,6.707739273707072,0.5842831433713257,0.5841746767785349,0.5809330080585762,0.5820877275828055,1667
479,2,evaluate,6.540665680919995,0.6058788242351529,0.6077400935379528,0.6095358816253188,0.6075564830074085,1667
479,3,evaluate,7.598265630227548,0.5986802639472105,0.5989113349271136,0.5984814698526433,0.5984626860713164,1667
479,4,evaluate,7.05517895133407,0.5602879424115177,0.5630941427746046,0.5610901892794913,0.5613377158709717,1667
479,5,evaluate,6.320752364617807,0.5860827834433113,0.5847961121666281,0.5801177631893694,0.5814220154891518,1667
480,0,evaluate,6.710925270009924,0.5842831433713257,0.5841734786148784,0.5809330080585762,0.5820836856557949,1667
480,1,evaluate,6.323926906894754,0.5860827834433113,0.5849049070559704,0.5801177631893694,0.581465660807243,1667
480,2,evaluate,7.6025166511535645,0.5986802639472105,0.5989113349271136,0.5984814698526433,0.5984626860713164,1667
480,3,evaluate,7.0586254155194315,0.5608878224355129,0.5635734642049048,0.5617353505698139,0.5618706490633112,1667
480,4,evaluate,6.543803131076317,0.6058788242351529,0.6077557759589001,0.6095358816253188,0.6075831262707244,1667
480,5,evaluate,6.452142874399821,0.611877624475105,0.6089989265676673,0.6073854671544658,0.6074972828676147,1667
481,0,evaluate,6.547239098954311,0.6058788242351529,0.6077557759589001,0.6095358816253188,0.6075831262707244,1667
481,1,evaluate,7.062387033745095,0.5602879424115177,0.5630332422097392,0.5610943249287883,0.561288557039276,1667
481,2,evaluate,7.606771698704472,0.5980803839232154,0.5982981324209486,0.597879060214089,0.5978705583820341,1667
481,3,evaluate,6.327653093470468,0.5854829034193162,0.5845946118363019,0.5796022992718436,0.5810319666205539,1667
481,4,evaluate,6.455842477303964,0.611877624475105,0.6089989265676673,0.6073854671544658,0.6074972828676147,1667
481,5,evaluate,6.715087917115953,0.5836832633473306,0.5835672828403055,0.580300096666171,0.5814650770932495,1667
482,0,evaluate,7.612072556107132,0.5986802639472105,0.5989113349271136,0.5984814698526433,0.5984626860713164,1667
482,1,evaluate,6.552021203156511,0.6058788242351529,0.6079320924772955,0.6095358816253188,0.6076563381455736,1667
482,2,evaluate,6.718687596144499,0.5842831433713257,0.5841746767785349,0.5809330080585762,0.5820877275828055,1667
482,3,evaluate,6.331378823077237,0.5860827834433113,0.5847961121666281,0.5801177631893694,0.5814220154891518,1667
482,4,evaluate,7.066998561223348,0.5602879424115177,0.5629583878399234,0.5610901892794913,0.5612648416452604,1667
482,5,evaluate,6.460604914912471,0.611877624475105,0.6089989265676673,0.6073854671544658,0.6074972828676147,1667
483,0,evaluate,7.0706423741799815,0.5596880623875224,0.5623557494064961,0.5604732069163659,0.5606449846569834,1667
483,1,evaluate,7.616124753598814,0.5980803839232154,0.5982981324209486,0.597879060214089,0.5978705583820341,1667
483,2,evaluate,6.334708878287563,0.5860827834433113,0.5849049070559704,0.5801177631893694,0.581465660807243,1667
483,3,evaluate,6.462620982417354,0.6112777444511098,0.6085788439614773,0.6068268079365888,0.6070007606526125,1667
483,4,evaluate,6.554181009089209,0.6052789442111578,0.6069555672100981,0.6089185976747016,0.6069154396657459,1667
483,5,evaluate,6.72273948457506,0.5836832633473306,0.5835672828403055,0.580300096666171,0.5814650770932495,1667
484,0,evaluate,7.621126298551206,0.5980803839232154,0.5982981324209486,0.597879060214089,0.5978705583820341,1667
484,1,evaluate,6.558813097965564,0.6058788242351529,0.6077919134420888,0.6095358816253188,0.6075973215490453,1667
484,2,evaluate,6.33849842901583,0.5860827834433113,0.5850669796714907,0.5801177631893694,0.5815247926520785,1667
484,3,evaluate,7.074681511631718,0.5602879424115177,0.562897487275058,0.5610943249287883,0.5612156828135646,1667
484,4,evaluate,6.7267250926406295,0.584883023395321,0.5849647208416219,0.5815282461538143,0.5827487005932754,1667
484,5,evaluate,6.467404312557644,0.6112777444511098,0.6086285493671026,0.6068268079365888,0.6070129450208139,1667
485,0,evaluate,6.470862070719401,0.6112777444511098,0.6085788439614773,0.6068268079365888,0.6070007606526125,1667
485,1,evaluate,6.730794456270006,0.5842831433713257,0.5843573269033924,0.5808953347614091,0.5821260501037194,1667
485,2,evaluate,7.625111615216291,0.5980803839232154,0.5982981324209486,0.597879060214089,0.5978705583820341,1667
485,3,evaluate,7.078839204929493,0.5590881823635273,0.5616903724251416,0.5598707972778116,0.5600380380888316,1667
485,4,evaluate,6.342195605790174,0.5860827834433113,0.5849049070559704,0.5801177631893694,0.581465660807243,1667
485,5,evaluate,6.562479953642415,0.6052789442111578,0.6071318837284935,0.6089185976747016,0.606988651540595,1667
486,0,evaluate,6.474367918791594,0.6112777444511098,0.6085788439614773,0.6068268079365888,0.6070007606526125,1667
486,1,evaluate,7.629785873271801,0.5980803839232154,0.5982981324209486,0.597879060214089,0.5978705583820341,1667
486,2,evaluate,6.7339914374881324,0.5836832633473306,0.5835672828403055,0.580300096666171,0.5814650770932495,1667
486,3,evaluate,6.345669703351127,0.5860827834433113,0.5849049070559704,0.5801177631893694,0.581465660807243,1667
486,4,evaluate,7.083028237024943,0.5614877024595081,0.5639231133046229,0.5623950845847077,0.5623679803105744,1667
486,5,evaluate,6.566208957089892,0.6052789442111578,0.6071318837284935,0.6089185976747016,0.606988651540595,1667
487,0,evaluate,6.477772041603371,0.6112777444511098,0.6085788439614773,0.6068268079365888,0.6070007606526125,1667
487,1,evaluate,6.738089985317654,0.5842831433713257,0.5843573269033924,0.5808953347614091,0.5821260501037194,1667
487,2,evaluate,6.349070481680058,0.5860827834433113,0.5849049070559704,0.5801177631893694,0.581465660807243,1667
487,3,evaluate,7.086518420113458,0.5596880623875224,0.5622553441765541,0.5605118229188373,0.5606196479944137,1667
487,4,evaluate,6.5695692241236054,0.6052789442111578,0.6069418646286204,0.6089185976747016,0.6068885578516335,1667
487,5,evaluate,7.633626743599221,0.5980803839232154,0.5982981324209486,0.597879060214089,0.5978705583820341,1667
488,0,evaluate,6.352884117099974,0.5860827834433113,0.5849049070559704,0.5801177631893694,0.581465660807243,1667
488,1,evaluate,6.741846199388857,0.584883023395321,0.5849122765109225,0.5815282461538143,0.5827342989817635,1667
488,2,evaluate,6.573779513743189,0.6052789442111578,0.6069418646286204,0.6089185976747016,0.6068885578516335,1667
488,3,evaluate,7.090977509816487,0.5608878224355129,0.5633899020734566,0.5617739665722853,0.5618222541518768,1667
488,4,evaluate,6.4819831671538175,0.6112777444511098,0.6085788439614773,0.6068268079365888,0.6070007606526125,1667
488,5,evaluate,7.638785273940475,0.5980803839232154,0.5982981324209486,0.597879060214089,0.5978705583820341,1667
489,0,evaluate,6.745762825012207,0.5842831433713257,0.5842480951898864,0.5808953347614091,0.5820864767160223,1667
489,1,evaluate,7.642665050647877,0.5980803839232154,0.5982981324209486,0.597879060214089,0.5978705583820341,1667
489,2,evaluate,7.094905138015747,0.5602879424115177,0.5627139251436096,0.5611329409312596,0.5611672879021302,1667
489,3,evaluate,6.484660183941877,0.6112777444511098,0.6086285493671026,0.6068268079365888,0.6070129450208139,1667
489,4,evaluate,6.356350942894265,0.5860827834433113,0.5848493649600218,0.5801177631893694,0.5814450803710599,1667
489,5,evaluate,6.576730376341637,0.6052789442111578,0.6071318837284935,0.6089185976747016,0.606988651540595,1667
490,0,evaluate,6.580572947974428,0.6052789442111578,0.6071318837284935,0.6089185976747016,0.606988651540595,1667
490,1,evaluate,7.647104740142822,0.5980803839232154,0.5982981324209486,0.597879060214089,0.5978705583820341,1667
490,2,evaluate,6.749202631137989,0.5842831433713257,0.584304882572693,0.5808953347614091,0.5821116484922075,1667
490,3,evaluate,6.488490987707068,0.6112777444511098,0.6086285493671026,0.6068268079365888,0.6070129450208139,1667
490,4,evaluate,6.359960031730157,0.5860827834433113,0.5846972429981896,0.5801177631893694,0.5813881281734465,1667
490,5,evaluate,7.0988818451210305,0.5602879424115177,0.5629239312246779,0.5611142325573916,0.5612473942955377,1667
491,0,evaluate,6.363413736776069,0.5860827834433113,0.5847527850941383,0.5801177631893694,0.5814087086096296,1667
491,1,evaluate,7.651408160174334,0.5980803839232154,0.5982981324209486,0.597879060214089,0.5978705583820341,1667
491,2,evaluate,6.752957820892334,0.584883023395321,0.5849122765109225,0.5815282461538143,0.5827342989817635,1667
491,3,evaluate,7.102648999955919,0.5608878224355129,0.5633817234324702,0.5617353505698139,0.5617844092082382,1667
491,4,evaluate,6.584044713966081,0.6046790641871626,0.6065682398000615,0.6083338023530641,0.6064007533007608,1667
491,5,evaluate,6.491964711083306,0.6112777444511098,0.6086285493671026,0.6068268079365888,0.6070129450208139,1667
492,0,evaluate,7.655518001980251,0.5980803839232154,0.5982981324209486,0.597879060214089,0.5978705583820341,1667
492,1,evaluate,6.756632425166942,0.5842831433713257,0.584304882572693,0.5808953347614091,0.5821116484922075,1667
492,2,evaluate,7.1067670627876565,0.5608878224355129,0.5633817234324702,0.5617353505698139,0.5617844092082382,1667
492,3,evaluate,6.366735347995052,0.5860827834433113,0.5846972429981896,0.5801177631893694,0.5813881281734465,1667
492,4,evaluate,6.495306297584817,0.6112777444511098,0.6085788439614773,0.6068268079365888,0.6070007606526125,1667
492,5,evaluate,6.587540393924967,0.6052789442111578,0.6071318837284935,0.6089185976747016,0.606988651540595,1667
493,0,evaluate,7.110809723536174,0.5602879424115177,0.5627666470674887,0.5610901892794913,0.5611786017901874,1667
493,1,evaluate,6.370447565008093,0.5860827834433113,0.5846972429981896,0.5801177631893694,0.5813881281734465,1667
493,2,evaluate,7.6601192333080155,0.5980803839232154,0.5982981324209486,0.597879060214089,0.5978705583820341,1667
493,3,evaluate,6.5000466064170555,0.6112777444511098,0.6085788439614773,0.6068268079365888,0.6070007606526125,1667
493,4,evaluate,6.591704224298155,0.6052789442111578,0.6071318837284935,0.6089185976747016,0.606988651540595,1667
493,5,evaluate,6.760130043382998,0.584883023395321,0.5849122765109225,0.5815282461538143,0.5827342989817635,1667
494,0,evaluate,7.663742736533836,0.5980803839232154,0.5982981324209486,0.597879060214089,0.5978705583820341,1667
494,1,evaluate,6.763639688491821,0.5842831433713257,0.5843128420465894,0.5808953347614091,0.5821380793581906,1667
494,2,evaluate,6.594266424870848,0.6052789442111578,0.6071318837284935,0.6089185976747016,0.606988651540595,1667
494,3,evaluate,6.501737983138473,0.6112777444511098,0.6085788439614773,0.6068268079365888,0.6070007606526125,1667
494,4,evaluate,6.3740346597300634,0.5860827834433113,0.5846972429981896,0.5801177631893694,0.5813881281734465,1667
494,5,evaluate,7.114551676644219,0.5602879424115177,0.5631323266468513,0.5612316979889931,0.5613727234733557,1667
495,0,evaluate,7.118018062026413,0.5602879424115177,0.5629848317895434,0.5611100969080945,0.5612965531272335,1667
495,1,evaluate,6.598102710793615,0.6052789442111578,0.6071318837284935,0.6089185976747016,0.606988651540595,1667
495,2,evaluate,6.505772396370217,0.6112777444511098,0.6085788439614773,0.6068268079365888,0.6070007606526125,1667
495,3,evaluate,7.668549537658691,0.5980803839232154,0.5982981324209486,0.597879060214089,0.5978705583820341,1667
495,4,evaluate,6.377447440668389,0.5860827834433113,0.5846972429981896,0.5801177631893694,0.5813881281734465,1667
495,5,evaluate,6.767214624970047,0.5842831433713257,0.5843128420465894,0.5808953347614091,0.5821380793581906,1667
496,0,evaluate,6.7707032539226395,0.5842831433713257,0.5843128420465894,0.5808953347614091,0.5821380793581906,1667
496,1,evaluate,7.121756845050388,0.5590881823635273,0.561842901159878,0.5599455110576448,0.5601020505922365,1667
496,2,evaluate,6.601598424603219,0.6052789442111578,0.6071318837284935,0.6089185976747016,0.606988651540595,1667
496,3,evaluate,7.672873532330549,0.5980803839232154,0.5982981324209486,0.597879060214089,0.5978705583820341,1667
496,4,evaluate,6.5091051172327115,0.6112777444511098,0.6085788439614773,0.6068268079365888,0.6070007606526125,1667
496,5,evaluate,6.381027662091785,0.5860827834433113,0.5846972429981896,0.5801177631893694,0.5813881281734465,1667
497,0,evaluate,6.604893843262323,0.6052789442111578,0.6071318837284935,0.6089185976747016,0.606988651540595,1667
497,1,evaluate,7.124884172722146,0.5602879424115177,0.5627634003142419,0.5610901892794913,0.5611672444353958,1667
497,2,evaluate,6.51213315681175,0.6112777444511098,0.6085788439614773,0.6068268079365888,0.6070007606526125,1667
497,3,evaluate,6.773802607147782,0.5842831433713257,0.5843128420465894,0.5808953347614091,0.5821380793581906,1667
497,4,evaluate,6.383849787491339,0.5860827834433113,0.5846972429981896,0.5801177631893694,0.5813881281734465,1667
497,5,evaluate,7.67651206475717,0.5980803839232154,0.5982981324209486,0.597879060214089,0.5978705583820341,1667
498,0,evaluate,7.681189907921685,0.5980803839232154,0.5982981324209486,0.597879060214089,0.5978705583820341,1667
498,1,evaluate,6.387420270178053,0.5860827834433113,0.5846972429981896,0.5801177631893694,0.5813881281734465,1667
498,2,evaluate,7.128675946482906,0.5602879424115177,0.5627666470674887,0.5610901892794913,0.5611786017901874,1667
498,3,evaluate,6.51660336388482,0.6112777444511098,0.6085788439614773,0.6068268079365888,0.6070007606526125,1667
498,4,evaluate,6.777406613032023,0.584883023395321,0.5849202359848189,0.5815282461538143,0.5827607298477466,1667
498,5,evaluate,6.609045676176955,0.6052789442111578,0.6071318837284935,0.6089185976747016,0.606988651540595,1667
499,0,evaluate,6.390745263408731,0.5860827834433113,0.5846262303212694,0.5801177631893694,0.5813606634067279,1667
499,1,evaluate,7.132502847247654,0.5608878224355129,0.5634393772440889,0.5617312149205169,0.5618222106851423,1667
499,2,evaluate,7.6854869877850565,0.5980803839232154,0.5982981324209486,0.597879060214089,0.5978705583820341,1667
499,3,evaluate,6.7807543984165894,0.584883023395321,0.5849202359848189,0.5815282461538143,0.5827607298477466,1667
499,4,evaluate,6.612285318131601,0.6046790641871626,0.6065682398000615,0.6083338023530641,0.6064007533007608,1667
499,5,evaluate,6.519566412325259,0.6112777444511098,0.6085788439614773,0.6068268079365888,0.6070007606526125,1667
