round,client_id,phase,loss,accuracy,precision,recall,f1,num_examples
0,0,evaluate,2.3096423745155334,0.18533333333333332,0.1738095238095238,0.07111443883984866,0.07098257235533686,1500
0,1,evaluate,2.2578136126200357,0.096,0.299231843575419,0.03643413017897426,0.04288005749325719,1500
0,2,evaluate,2.297192613283793,0.158,0.13460492932221818,0.05975540190497844,0.08199406956764926,1500
0,3,evaluate,2.332063893477122,0.0026666666666666666,0.08888888888888889,0.0008697542944118286,0.0017226528854435831,1500
0,4,evaluate,2.2946475967764854,0.0785,0.13679603205448523,0.04094282323841059,0.05688258727581337,2000
0,5,evaluate,2.2059991657733917,0.491,0.3381132562389276,0.1778893307226654,0.18736960572099237,2000
1,0,evaluate,2.353548616170883,0.1925,0.1456060765689834,0.09415935107936775,0.11024980975011259,2000
1,1,evaluate,2.3232221206029258,0.005333333333333333,0.05925925925925926,0.001799370220422852,0.003492687186203885,1500
1,2,evaluate,2.0889762739340463,0.256,0.29979368682805446,0.10791995181453276,0.14091457019356105,1500
1,3,evaluate,2.4007405837376914,0.01,0.0574712643678161,0.00332667997338656,0.006289308176100629,1500
1,4,evaluate,1.9819261729717255,0.404,0.2446788411175311,0.17344706805922322,0.15558352759762453,1500
1,5,evaluate,1.9962653256952763,0.432,0.289876303654577,0.2105107410725983,0.21898435103330124,2000
2,0,evaluate,2.2592621644337973,0.05333333333333334,0.15728962818003914,0.02003319181309512,0.0321396023325554,1500
2,1,evaluate,1.814647262295087,0.3893333333333333,0.2916902622571227,0.16448507563667625,0.1760733454701526,1500
2,2,evaluate,2.2994366188844046,0.029333333333333333,0.11268674136321194,0.010930010703150448,0.019760762305774768,1500
2,3,evaluate,2.144881408661604,0.2735,0.16693969178497756,0.13665108178954205,0.1433764912943125,2000
2,4,evaluate,1.8025137136379878,0.412,0.26963075821321847,0.1776662228881341,0.18286913231240215,1500
2,5,evaluate,2.2877880334854126,0.2865,0.11025983319481582,0.13920135198170847,0.1212373716945498,2000
3,0,evaluate,1.966559562832117,0.334,0.16335830548131672,0.14484765101624328,0.12263165593105706,2000
3,1,evaluate,1.9054822772741318,0.32466666666666666,0.22998468251928214,0.10863702951867686,0.14413698185660118,1500
3,2,evaluate,1.670077641805013,0.464,0.26578063225425963,0.17139505474245254,0.18241310885498507,1500
3,3,evaluate,2.019318332274755,0.23733333333333334,0.18396681698510708,0.08969471730722892,0.11943871156417644,1500
3,4,evaluate,2.1447225560744605,0.20333333333333334,0.18705490246187922,0.07484942565271718,0.09947377288554421,1500
3,5,evaluate,2.2589189559221268,0.1745,0.17266393736981972,0.07757835191761459,0.10618628583944655,2000
4,0,evaluate,1.7846697519222896,0.376,0.21023940301269722,0.11241018977024575,0.1447624506710087,1500
4,1,evaluate,1.98860302567482,0.246,0.16474590612028955,0.07357257430216721,0.09805790524771482,1500
4,2,evaluate,1.9992591217160225,0.252,0.25682268110314166,0.09492720679242198,0.12538164204465974,2000
4,3,evaluate,1.7153979688882828,0.44866666666666666,0.22029907369104534,0.13242650333035932,0.1444011893353126,1500
4,4,evaluate,2.1543467243512473,0.23,0.164281859125139,0.06927873085685328,0.09102382276038708,1500
4,5,evaluate,1.8025625720620155,0.343,0.1948022194979424,0.1305661657822197,0.12039810053593922,2000
5,0,evaluate,1.6307204117377598,0.4646666666666667,0.21406766349479325,0.1378579337495771,0.14998407013965037,1500
5,1,evaluate,2.1513648529847464,0.13733333333333334,0.17443438283872723,0.040848696242624306,0.06133343375755945,1500
5,2,evaluate,1.8186808377504349,0.3895,0.2507936733996322,0.13713847176335253,0.16128376685925497,2000
5,3,evaluate,1.739451323946317,0.4126666666666667,0.2224355267336331,0.12206745933381091,0.14573082108447602,1500
5,4,evaluate,2.2647957503795624,0.12466666666666666,0.15335186706261453,0.03798856920454016,0.0575883335376283,1500
5,5,evaluate,1.753190528601408,0.3475,0.20224455593734847,0.12451911471549956,0.12904881771864077,2000
6,0,evaluate,1.7825909070670605,0.363,0.20398792032961754,0.12214749486642354,0.13937887976580382,2000
6,1,evaluate,2.189419041077296,0.14866666666666667,0.1797276933964832,0.045347763933805844,0.06647960590661808,1500
6,2,evaluate,1.5701574236154556,0.4786666666666667,0.21432805891426582,0.14188450260921273,0.1472638065260729,1500
6,3,evaluate,2.16892446577549,0.10533333333333333,0.17088850323959054,0.03131092647722424,0.049487916771353856,1500
6,4,evaluate,1.713097204764684,0.422,0.23114290539419838,0.12556324232865163,0.15992300894709935,1500
6,5,evaluate,1.6791781410574913,0.459,0.2550328902273253,0.15436371327454879,0.1794361563739269,2000
7,0,evaluate,1.9444884757200878,0.24066666666666667,0.18495268840978082,0.07307354188644405,0.09515754063553948,1500
7,1,evaluate,1.8732199035584927,0.362,0.20745164530937785,0.12414366525239215,0.1412375704961717,2000
7,2,evaluate,1.7050397545099258,0.4275,0.26018239058808873,0.14188425905501265,0.17618063439501402,2000
7,3,evaluate,2.0004534870386124,0.182,0.17947301972802884,0.0542342210769504,0.0793558075943113,1500
7,4,evaluate,1.624452258149783,0.4593333333333333,0.22772738759522074,0.13723322807136737,0.17067218489865296,1500
7,5,evaluate,1.5970016320546467,0.4686666666666667,0.2217701690849602,0.13961848593895776,0.1617777125991045,1500
8,0,evaluate,1.5719370692968369,0.49,0.23492911322028515,0.1466121464361586,0.180442717522146,1500
8,1,evaluate,1.8704711894194286,0.248,0.18384443346435936,0.07421086654767843,0.10427524114691297,1500
8,2,evaluate,1.8052127609650295,0.29933333333333334,0.179954029272238,0.09023001966410645,0.11574119145127537,1500
8,3,evaluate,1.6119544605414073,0.46266666666666667,0.2206643826444834,0.13850036908313598,0.1680112443270338,1500
8,4,evaluate,1.9057400077581406,0.3755,0.20820103595311737,0.12866259282490014,0.14601021471645317,2000
8,5,evaluate,1.7256089895963669,0.382,0.26425842166579155,0.12760263696799243,0.1666017258318298,2000
9,0,evaluate,1.8050782134135563,0.27466666666666667,0.17675805526420946,0.08190799649304847,0.11018291701590466,1500
9,1,evaluate,1.5531327376763027,0.4846666666666667,0.2325258156684213,0.14444899325577393,0.17671867637527022,1500
9,2,evaluate,1.5839377045631409,0.4826666666666667,0.22102692879338046,0.14505141533130336,0.1749928363119413,1500
9,3,evaluate,1.79931178689003,0.31466666666666665,0.17726419601419602,0.09457135342737258,0.12051741356604861,1500
9,4,evaluate,1.8513358272612095,0.405,0.20677109800582233,0.1371783839873162,0.15288624624624628,2000
9,5,evaluate,1.7095952965319157,0.364,0.26719807364968656,0.12415473814104643,0.16258509034442414,2000
10,0,evaluate,1.5195303708314896,0.528,0.21809354050150004,0.15884520550754058,0.18318605542361982,1500
10,1,evaluate,1.8004046753048897,0.418,0.2090321472613334,0.14074270071694392,0.1567077907592563,2000
10,2,evaluate,1.6516060084104538,0.377,0.2683013486356619,0.12982853239011705,0.16618346909651888,2000
10,3,evaluate,1.8072495609521866,0.33866666666666667,0.17781954491186178,0.10193829882181675,0.12273130095710741,1500
10,4,evaluate,1.874329075217247,0.248,0.1910507545571273,0.07358771359348822,0.10295539574118096,1500
10,5,evaluate,1.5722833772500355,0.4686666666666667,0.23118953009351798,0.13929370506921018,0.16987783400742157,1500
11,0,evaluate,1.5798379282156627,0.46066666666666667,0.23224662939061463,0.13674926214681976,0.16624932234973383,1500
11,1,evaluate,1.8252856979767482,0.338,0.17764289153311782,0.10172589599921775,0.12360870239246705,1500
11,2,evaluate,1.622283909469843,0.3945,0.26902423570410267,0.13654882797467388,0.17168355201240107,2000
11,3,evaluate,1.7537054866552353,0.4295,0.20869057242297942,0.14380384778357305,0.15914017959890145,2000
11,4,evaluate,1.9194586326678593,0.236,0.1973974928123563,0.06999747580509832,0.0999298890230858,1500
11,5,evaluate,1.4906530032555263,0.5533333333333333,0.21806795485293234,0.16630683623986303,0.18836416845074516,1500
12,0,evaluate,1.7774544457594554,0.3586666666666667,0.17709573400046116,0.10798786037690107,0.13037623124932496,1500
12,1,evaluate,1.748385339975357,0.4215,0.20606414803986048,0.13992171513585355,0.15681720949024713,2000
12,2,evaluate,1.8631878892580669,0.26866666666666666,0.1960989485825673,0.0796668440910315,0.10928307103320863,1500
12,3,evaluate,1.6296752244234085,0.4055,0.27080845884693366,0.13826815124160954,0.1754757314727058,2000
12,4,evaluate,1.5796416401863098,0.4573333333333333,0.22995699317396853,0.1358281154401989,0.1663495255118564,1500
12,5,evaluate,1.4961834053198497,0.5293333333333333,0.22094963356115632,0.15902472344395574,0.18466572921824823,1500
13,0,evaluate,1.5375538766384125,0.46266666666666667,0.22927404721152764,0.13748689991185917,0.16764745128287067,1500
13,1,evaluate,1.5100603103637695,0.512,0.22559046773186378,0.1535912301745968,0.1827215794476123,1500
13,2,evaluate,1.6190748997032642,0.4145,0.27330412082789485,0.1396851731400859,0.1785819939487713,2000
13,3,evaluate,1.8253641029198964,0.304,0.1939048620850865,0.09036816132592407,0.1200856689082026,1500
13,4,evaluate,1.7765983790159225,0.35933333333333334,0.17896778291736273,0.10816359565364475,0.13328338377661236,1500
13,5,evaluate,1.7161120809614658,0.4335,0.2084142914372676,0.14384062400345476,0.16058535182878925,2000
14,0,evaluate,1.7095979303121567,0.4365,0.21061940652643418,0.14438210279954725,0.16262852963736532,2000
14,1,evaluate,1.5001934071381886,0.47933333333333333,0.23161139455782315,0.14272843826993423,0.17395001351878175,1500
14,2,evaluate,1.7827817499637604,0.32133333333333336,0.1884484434231631,0.09570821165854988,0.12490532443514239,1500
14,3,evaluate,1.5886870324611664,0.4255,0.27560067546903877,0.13968427902269998,0.1815224869268515,2000
14,4,evaluate,1.5107362220684688,0.508,0.23099446987032798,0.15236838597894176,0.18353535030221538,1500
14,5,evaluate,1.7724488625923793,0.3486666666666667,0.17938488088733945,0.10495967578493522,0.1317628981246901,1500
15,0,evaluate,1.8232577790816624,0.312,0.18074362570938382,0.09381961991131145,0.12328869522785146,1500
15,1,evaluate,1.719176396727562,0.423,0.21316351140608564,0.1408946007931998,0.15971959426635327,2000
15,2,evaluate,1.4583392043908436,0.48933333333333334,0.23016568475111293,0.14597192039400259,0.1776503526426063,1500
15,3,evaluate,1.7859299530585606,0.326,0.19354477499244943,0.09737495588427778,0.1281070073120108,1500
15,4,evaluate,1.4854755600293477,0.5233333333333333,0.23331473172843215,0.15689044894862567,0.18675092827402212,1500
15,5,evaluate,1.5030367448925972,0.478,0.2743026860701847,0.15307562366369393,0.1939443667932596,2000
16,0,evaluate,1.4559698104858398,0.5226666666666666,0.22940509357381766,0.15684351900265536,0.18491436530581318,1500
16,1,evaluate,1.7771439055601757,0.326,0.1915195185919817,0.09759799266893807,0.1277480108260884,1500
16,2,evaluate,1.7143432572484016,0.416,0.21824039418487357,0.1377885969368645,0.15964429497341298,2000
16,3,evaluate,1.821174109975497,0.316,0.18284594506272578,0.09495482904134947,0.12444814421758991,1500
16,4,evaluate,1.4582310964663823,0.48733333333333334,0.2305738926780961,0.1455668589019266,0.17831381457168494,1500
16,5,evaluate,1.4285311810672283,0.52,0.2734721344474873,0.16175712509251594,0.20187786809484526,2000
17,0,evaluate,1.417820046345393,0.5233333333333333,0.23158398233267347,0.15721331980028502,0.18572711031354422,1500
17,1,evaluate,1.7776565998792648,0.31466666666666665,0.17881429806299232,0.09444071418934293,0.12267063958756778,1500
17,2,evaluate,1.7620293547709782,0.33466666666666667,0.19392408179471907,0.10040008617388589,0.1315484706622277,1500
17,3,evaluate,1.3825137428939342,0.5405,0.27264939497752594,0.1657296774265519,0.20498960354720883,2000
17,4,evaluate,1.7026210986077785,0.4145,0.21965709846099543,0.13480853068668006,0.15906307414022722,2000
17,5,evaluate,1.497195303440094,0.4693333333333333,0.2316884717481987,0.14032074637385317,0.17471889338206703,1500
18,0,evaluate,1.6594302244484425,0.432,0.22331665244022547,0.1382916675886192,0.16325499986037062,2000
18,1,evaluate,1.7015861769517262,0.37066666666666664,0.19578220968244092,0.11106905294745584,0.14130309923788892,1500
18,2,evaluate,1.4453708579142888,0.502,0.2338326133985385,0.15076848747680416,0.18220034154797143,1500
18,3,evaluate,1.7142917613188426,0.35,0.18153002170640686,0.10499700048108844,0.13270163800980705,1500
18,4,evaluate,1.4101298823952675,0.5255,0.2741134008325016,0.15982482810943616,0.20113651445226854,2000
18,5,evaluate,1.491086448232333,0.466,0.23052743314033636,0.1394046206836696,0.17358129158983865,1500
19,0,evaluate,1.6689899812142055,0.3913333333333333,0.1958494990616764,0.11727679367507778,0.14648177737702964,1500
19,1,evaluate,1.6828681826591492,0.35,0.17693603037384945,0.10504236066060431,0.1316932199471899,1500
19,2,evaluate,1.4599032749732335,0.482,0.23490858902397074,0.14417000572267744,0.17853039265313972,1500
19,3,evaluate,1.4503178646167119,0.492,0.23656102763426082,0.14768282430617496,0.18095338033427968,1500
19,4,evaluate,1.614316500723362,0.451,0.22322102779751268,0.14429968396158813,0.1682987117201978,2000
19,5,evaluate,1.4280220456421375,0.514,0.2756934162717967,0.15753915014899247,0.1997788966654793,2000
20,0,evaluate,1.427868664264679,0.5006666666666667,0.23739392026923462,0.14959713910651568,0.18343740602354563,1500
20,1,evaluate,1.7108080983161926,0.3333333333333333,0.17452388215811038,0.10006524437890763,0.12706514082167017,1500
20,2,evaluate,1.707615132133166,0.37133333333333335,0.19647624484466944,0.11131242174386871,0.14174725520193163,1500
20,3,evaluate,1.5907757245004177,0.461,0.21926756172435607,0.14899797685981214,0.17051825531794515,2000
20,4,evaluate,1.4098401181399822,0.52,0.27901951933734,0.16364989592081228,0.20469033551292423,2000
20,5,evaluate,1.3804629196723301,0.5406666666666666,0.24168581369781744,0.16232181486379807,0.19305038862003734,1500
21,0,evaluate,1.780487631758054,0.31133333333333335,0.1752385328223573,0.09345127876485329,0.12107331585027228,1500
21,1,evaluate,1.3085754563411076,0.5653333333333334,0.2406038673274054,0.16969368662791295,0.1974706745479274,1500
21,2,evaluate,1.3788571804761887,0.524,0.27767778483220595,0.16925773009326123,0.20702123837449168,2000
21,3,evaluate,1.4124492059151332,0.5053333333333333,0.24003674824133983,0.15100772200296048,0.1844654440195229,1500
21,4,evaluate,1.7606972455978394,0.352,0.19956994907648853,0.10545935027043755,0.13665637117443746,1500
21,5,evaluate,1.6166411899030209,0.4675,0.2223628160245199,0.1525415423198281,0.1740271983364248,2000
22,0,evaluate,1.8113969564437866,0.30666666666666664,0.17679796015345914,0.09216800430770425,0.11958138001696887,1500
22,1,evaluate,1.2840885470310848,0.5666666666666667,0.23993253858968333,0.1700295266508781,0.19724605842125226,1500
22,2,evaluate,1.7754115959008534,0.344,0.1986155757496288,0.10298499828280391,0.13284993339202542,1500
22,3,evaluate,1.4037159085273743,0.5186666666666667,0.24445321454016047,0.1551532333335848,0.18764845190587237,1500
22,4,evaluate,1.6401456892490387,0.4635,0.22328190226819142,0.15111496561840423,0.17336604965915312,2000
22,5,evaluate,1.3979449421167374,0.518,0.27912608920537973,0.1676617165450564,0.2062238541657428,2000
23,0,evaluate,1.7660848100980122,0.35,0.20022585610820903,0.10484691571970899,0.13270339767264422,1500
23,1,evaluate,1.4071692787110806,0.525,0.2774194325819169,0.16736214517764375,0.20636693898520758,2000
23,2,evaluate,1.655407715588808,0.4615,0.22574117343228836,0.14945377609982374,0.17356472208581553,2000
23,3,evaluate,1.3930600484212239,0.5326666666666666,0.247409609728593,0.1595147116342172,0.19168978653390853,1500
23,4,evaluate,1.3099410459399223,0.558,0.2395234442874033,0.16736297788576876,0.19526084334524513,1500
23,5,evaluate,1.8268117606639862,0.304,0.18109153891810292,0.09139618728600993,0.12023401386875084,1500
24,0,evaluate,1.3641421248515446,0.5446666666666666,0.24270197766860405,0.1632798419093901,0.1942363668347209,1500
24,1,evaluate,1.7111835082372029,0.36933333333333335,0.1984450993509194,0.11053864191135268,0.13750319766455749,1500
24,2,evaluate,1.4111419841647148,0.536,0.27824893814080676,0.16698007116053243,0.20763938606919874,2000
24,3,evaluate,1.7800435572862625,0.32,0.18154441581975206,0.0962468345526393,0.12477894700580724,1500
24,4,evaluate,1.384105791648229,0.524,0.2463476273244134,0.15695814059477056,0.19068135658937718,1500
24,5,evaluate,1.6090714856982231,0.4685,0.2279420186850427,0.1492718051738611,0.17620142575970463,2000
25,0,evaluate,1.4013231446345646,0.504,0.24215447154471548,0.15104908973296313,0.1854505141386815,1500
25,1,evaluate,1.6508173048496246,0.38466666666666666,0.19734627876634372,0.11496568428180373,0.14124202581793027,1500
25,2,evaluate,1.4241883456707,0.53,0.24618137607870993,0.1587752078655717,0.1927717684745308,1500
25,3,evaluate,1.721536894639333,0.35333333333333333,0.18703537289106206,0.10635937630369494,0.13494067969654527,1500
25,4,evaluate,1.4287559166550636,0.531,0.27719607843137256,0.1621002335300074,0.20410490592155434,2000
25,5,evaluate,1.5748462192714214,0.4795,0.2285893264157087,0.14938569001996482,0.1779888102992913,2000
26,0,evaluate,1.6418302555878956,0.392,0.1977044376730897,0.11697523955814668,0.14359264534967342,1500
26,1,evaluate,1.4078306928277016,0.544,0.27929389650369163,0.1638851749227149,0.2064216125883918,2000
26,2,evaluate,1.4178368995587032,0.5,0.24129243944461334,0.1498343897407773,0.18443395843774227,1500
26,3,evaluate,1.5103758685290813,0.492,0.2279920393438592,0.152070451125831,0.18014734333748966,2000
26,4,evaluate,1.7070328891277313,0.37133333333333335,0.18905865173694808,0.11186872669597765,0.13992446422815058,1500
26,5,evaluate,1.4573299586772919,0.5146666666666667,0.24803427605724404,0.15421769753637007,0.1901211592829423,1500
27,0,evaluate,1.6690886616706848,0.3873333333333333,0.20025968841584504,0.11546718694054117,0.14344695069808747,1500
27,1,evaluate,1.412568848580122,0.5275,0.28136195086246185,0.16057644728875298,0.20420259611110136,2000
27,2,evaluate,1.7183444301287334,0.372,0.18789501801381028,0.11211585522932513,0.13959677782278024,1500
27,3,evaluate,1.3847813159227371,0.5093333333333333,0.2411229739573848,0.1524115869876203,0.1863488643425851,1500
27,4,evaluate,1.4420402497053146,0.5213333333333333,0.24945937521398545,0.1562794882047181,0.19204183869664782,1500
27,5,evaluate,1.4214735142886639,0.5225,0.22724550921654293,0.16139624779632472,0.18674818481339325,2000
28,0,evaluate,1.6986728409926097,0.376,0.18384712144110993,0.11333223402734167,0.13956247283795567,1500
28,1,evaluate,1.652557780345281,0.398,0.20046961027473506,0.11863342344286083,0.14604087422472975,1500
28,2,evaluate,1.3489464571078618,0.5346666666666666,0.24268394066074994,0.15989488185772546,0.19160698441042853,1500
28,3,evaluate,1.4659062959253788,0.487,0.28295700227091203,0.15268514942775646,0.1972705916283354,2000
28,4,evaluate,1.3880623169243336,0.544,0.22518881591402073,0.16909757090040597,0.1906696573258045,2000
28,5,evaluate,1.433668702840805,0.518,0.2506604161301048,0.15532366540563264,0.191459060117369,1500
29,0,evaluate,1.6327918370564778,0.4,0.1849024629057769,0.12051450978252665,0.1452751585210635,1500
29,1,evaluate,1.449980805317561,0.5066666666666667,0.24717540037457475,0.15194927157342192,0.1879427192720066,1500
29,2,evaluate,1.5342773124575615,0.45,0.2827972309632686,0.14468069106136555,0.18926012407551487,2000
29,3,evaluate,1.4204701445996761,0.5375,0.22467983308121015,0.16729239555215822,0.18899278384827867,2000
29,4,evaluate,1.3487657556931179,0.5373333333333333,0.24083819147557972,0.16074270730996087,0.1915548045228443,1500
29,5,evaluate,1.583968664209048,0.426,0.20181138659470096,0.12689415252111175,0.15304300642128407,1500
30,0,evaluate,1.5948521842559178,0.416,0.1862554435744662,0.1252608782627232,0.14931662958248076,1500
30,1,evaluate,1.4459043182432652,0.5395,0.2298751049452985,0.16703839805536597,0.19108578250889363,2000
30,2,evaluate,1.3905091782410939,0.5286666666666666,0.24178674582989174,0.15813613991976017,0.1901853946911158,1500
30,3,evaluate,1.5387482531368732,0.4545,0.2841491981173189,0.14727996878269028,0.19146705589411525,2000
30,4,evaluate,1.4056517804662387,0.5173333333333333,0.2468402289145323,0.15515491239401674,0.1903657680972371,1500
30,5,evaluate,1.5731499989827473,0.4226666666666667,0.2020163844491952,0.12593718267286985,0.15312905053036632,1500
31,0,evaluate,1.4098731577396393,0.5213333333333333,0.2425329322092576,0.15600338110602247,0.18903141015696817,1500
31,1,evaluate,1.3606079717477162,0.5386666666666666,0.24800702871560737,0.16142986395185516,0.19534347238242195,1500
31,2,evaluate,1.59291776518027,0.4126666666666667,0.1984032774111389,0.12288650917177564,0.14976055081095238,1500
31,3,evaluate,1.4447554871439934,0.5395,0.23024410195139167,0.1648278456279613,0.19076656894077168,2000
31,4,evaluate,1.6186656206846237,0.4073333333333333,0.1875040639921255,0.12257958098111947,0.14794795722285806,1500
31,5,evaluate,1.5043865591287613,0.467,0.28291673302303394,0.1521847940511315,0.19487123593376915,2000
32,0,evaluate,1.3673464159170787,0.532,0.2442216323953197,0.15929258170687235,0.1923759330962159,1500
32,1,evaluate,1.6957577069600422,0.37866666666666665,0.18854948631893703,0.1138730391067341,0.14189527787826214,1500
32,2,evaluate,1.391999401152134,0.5213333333333333,0.24821223030392084,0.15615863910845917,0.19042837608956242,1500
32,3,evaluate,1.4538810662925243,0.498,0.28404943429345836,0.15816596567676752,0.2015128883636388,2000
32,4,evaluate,1.6009334723154705,0.42133333333333334,0.20190095756133492,0.12570098969208027,0.15315743400078247,1500
32,5,evaluate,1.4188933074474335,0.542,0.23145853190196036,0.16556722833332055,0.1915620580651312,2000
33,0,evaluate,1.607679585615794,0.418,0.20051361913684973,0.12486506966790749,0.15138387096754924,1500
33,1,evaluate,1.423362669845422,0.5046666666666667,0.2473618084195007,0.15109684331395645,0.18598381352229898,1500
33,2,evaluate,1.737088531255722,0.36933333333333335,0.19110631005931147,0.1110321839718593,0.14031824869131712,1500
33,3,evaluate,1.455967489629984,0.522,0.23082994937700496,0.15946832824805585,0.1860403817983336,2000
33,4,evaluate,1.3580339948336284,0.53,0.24460233177821206,0.15877943142458312,0.19248081823690816,1500
33,5,evaluate,1.3633072338998318,0.548,0.2841100430576018,0.16726224788061944,0.21028377898789463,2000
34,0,evaluate,1.4781581560770671,0.4846666666666667,0.2466298279865781,0.1450392407139708,0.18149417152510589,1500
34,1,evaluate,1.3533260077238083,0.558,0.28641732193950686,0.16626913292083598,0.21036080038528993,2000
34,2,evaluate,1.5806064158678055,0.43733333333333335,0.2015901027077498,0.13071468303278236,0.15577085250262684,1500
34,3,evaluate,1.3330961714188259,0.548,0.2481914948859651,0.16423265887869382,0.19759233361440853,1500
34,4,evaluate,1.7262452840805054,0.38066666666666665,0.19443698146942778,0.11438666409761722,0.1438722880861804,1500
34,5,evaluate,1.4863387867808342,0.5185,0.23413589984286287,0.15986804094482024,0.1862617612828139,2000
35,0,evaluate,1.4364194373289745,0.49933333333333335,0.24550153720904272,0.14950483909000503,0.18522616798251498,1500
35,1,evaluate,1.617036576072375,0.42733333333333334,0.2062860441972032,0.12761639403695169,0.1552708301365659,1500
35,2,evaluate,1.330489953358968,0.5466666666666666,0.251501526708271,0.16370518868955747,0.1983163082437276,1500
35,3,evaluate,1.3081236220896244,0.576,0.28468940207662013,0.17125978785257162,0.21384730955939135,2000
35,4,evaluate,1.4965519793331623,0.5225,0.23674526583108318,0.16289742653496797,0.18925020308109136,2000
35,5,evaluate,1.732676128546397,0.378,0.19163458364836378,0.11365715923067085,0.1425713593896913,1500
36,0,evaluate,1.7541106442610424,0.37666666666666665,0.19312419466745961,0.11327791707336346,0.14199241711258118,1500
36,1,evaluate,1.3321994791428249,0.5593333333333333,0.2539484680693983,0.167376090643649,0.20142490920649053,1500
36,2,evaluate,1.3512375156084697,0.5433333333333333,0.24724324981650617,0.1628659561816299,0.19601615778094184,1500
36,3,evaluate,1.3069823198020458,0.569,0.2825171290755148,0.17355744530426084,0.2147815846469862,2000
36,4,evaluate,1.6756826142470043,0.4033333333333333,0.2106375656393753,0.12037229759552807,0.15043223355430452,1500
36,5,evaluate,1.4869355522096157,0.5285,0.2409509066031199,0.16678415087804538,0.193575150090614,2000
37,0,evaluate,1.6784051756064098,0.3933333333333333,0.21082444471489614,0.1173408472039061,0.14818851890372003,1500
37,1,evaluate,1.3415743311246235,0.5533333333333333,0.24656007429461918,0.16581218794533467,0.1982221148711661,1500
37,2,evaluate,1.7343914608160655,0.378,0.19339352738640425,0.11365975581479562,0.1418967062901076,1500
37,3,evaluate,1.3245371828476589,0.5646666666666667,0.2533799533799534,0.16886752631913513,0.20211830751664617,1500
37,4,evaluate,1.419933881610632,0.5565,0.23940795008964347,0.17402679832850548,0.19915853891757507,2000
37,5,evaluate,1.3951151818037033,0.5325,0.28332275498624815,0.16636604515511424,0.2086821191507177,2000
38,0,evaluate,1.480169888585806,0.4965,0.28431035524688775,0.1586606900758744,0.2017215273469244,2000
38,1,evaluate,1.3387219086289406,0.589,0.23820513039406835,0.18227780837820934,0.20480157184692754,2000
38,2,evaluate,1.6715836226940155,0.4046666666666667,0.21303700105254633,0.12078053388068237,0.15153488617036837,1500
38,3,evaluate,1.2839042494694393,0.5693333333333334,0.2512444955278061,0.17028757387160423,0.20232190376118414,1500
38,4,evaluate,1.3818568934996922,0.5366666666666666,0.24794503551879904,0.16082177385456076,0.19487128320422414,1500
38,5,evaluate,1.763571212689082,0.37333333333333335,0.19378932709771032,0.1122575603660985,0.14139684539973607,1500
39,0,evaluate,1.6071555763483047,0.428,0.20948041277607632,0.12780547149050697,0.15618550479753787,1500
39,1,evaluate,1.2500562816858292,0.5746666666666667,0.2507482449848949,0.17203379850367945,0.20359140762042585,1500
39,2,evaluate,1.519770955046018,0.4866666666666667,0.24739387978915106,0.1456987205117953,0.1829067798365706,1500
39,3,evaluate,1.7866865048805873,0.36933333333333335,0.1926862026862027,0.11108502894118728,0.14063750066749042,1500
39,4,evaluate,1.3058146852999926,0.599,0.23636876051163416,0.18331766868484975,0.20534039846880753,2000
39,5,evaluate,1.536818478256464,0.4845,0.2874993936661026,0.1528467015841462,0.19837587706692855,2000
40,0,evaluate,1.7990347146987915,0.368,0.19319004770235612,0.11066055067049822,0.1399484443076753,1500
40,1,evaluate,1.5835475474596024,0.438,0.2063331893490977,0.1307634074297991,0.15759839992551297,1500
40,2,evaluate,1.3268899992108345,0.591,0.23934014283284766,0.18006021793415788,0.20468425158990328,2000
40,3,evaluate,1.5203023813664913,0.4975,0.28737082556430227,0.1539545578712853,0.1999652352999536,2000
40,4,evaluate,1.2635968526204426,0.5773333333333334,0.2529857992983464,0.17287795869399564,0.20499124678716257,1500
40,5,evaluate,1.5720817347367604,0.4706666666666667,0.25123964589459624,0.14086801176965108,0.1799088098223496,1500
41,0,evaluate,1.63019693394502,0.4513333333333333,0.2549703954156547,0.13492872081936455,0.17578598036339618,1500
41,1,evaluate,1.523208886384964,0.4975,0.2878555798190584,0.14997441815241042,0.19710674899675845,2000
41,2,evaluate,1.5379735082387924,0.454,0.20617459797286602,0.13556162439185043,0.16079913970047857,1500
41,3,evaluate,1.7579514235258102,0.38,0.19403174603174603,0.11430295867794102,0.14261209825235452,1500
41,4,evaluate,1.289569690823555,0.5746666666666667,0.25461074638816017,0.17220925620135968,0.2050948967107875,1500
41,5,evaluate,1.4059873335063457,0.5765,0.24081227350753384,0.17632927545598845,0.2025255987743697,2000
42,0,evaluate,1.537634465843439,0.493,0.2875002692716878,0.14877540393504707,0.19594168831854614,2000
42,1,evaluate,1.7323702176411946,0.4,0.19516444761104698,0.1203813756145596,0.1479693977227632,1500
42,2,evaluate,1.3004472330212593,0.5746666666666667,0.25546458238113406,0.17206757705142114,0.20509879200808134,1500
42,3,evaluate,1.603454867998759,0.45866666666666667,0.2542141488577745,0.13716782517762124,0.17771397779363712,1500
42,4,evaluate,1.5548594395319622,0.448,0.20535801501101406,0.13362450350983596,0.15980743158483568,1500
42,5,evaluate,1.4212269969284534,0.574,0.24005075173223522,0.17701842541330753,0.20228717459519058,2000
43,0,evaluate,1.6101996153593063,0.43733333333333335,0.20847063221674392,0.13027954785503043,0.15815469364382656,1500
43,1,evaluate,1.6981006761391957,0.4226666666666667,0.197265831530882,0.12724332781935407,0.15387616525352152,1500
43,2,evaluate,1.3234223673741023,0.5626666666666666,0.254747788212876,0.16824511968013098,0.2017933980463315,1500
43,3,evaluate,1.4957322428623836,0.492,0.2524311562839257,0.14738896748992708,0.18606360880785144,1500
43,4,evaluate,1.412855178117752,0.5785,0.23879722862207692,0.1794770773198841,0.20286817361574813,2000
43,5,evaluate,1.5103203989565372,0.49,0.28449584222153473,0.1506625886318384,0.19663656874778182,2000
44,0,evaluate,1.342900738120079,0.566,0.25619666568235394,0.1689545196331112,0.20121148459383753,1500
44,1,evaluate,1.6862669189771016,0.412,0.21048867256650006,0.12251364558739579,0.15179766145490386,1500
44,2,evaluate,1.7096952299276988,0.4186666666666667,0.19405129853790282,0.12605537537417544,0.15194381014693076,1500
44,3,evaluate,1.4571756049990654,0.5065,0.2841488451946447,0.15744291621066214,0.20182721084650423,2000
44,4,evaluate,1.412133793036143,0.5246666666666666,0.2521604938271605,0.1573090763694522,0.19360537965596908,1500
44,5,evaluate,1.371041178703308,0.5865,0.2368799835511886,0.18165225025124004,0.20360798921863665,2000
45,0,evaluate,1.3786149819691975,0.5446666666666666,0.25616691107315886,0.1624571946336722,0.19625017226060854,1500
45,1,evaluate,1.7759155879418056,0.384,0.21321558898691945,0.11423956481290257,0.14646828616304247,1500
45,2,evaluate,1.3258455842733383,0.5506666666666666,0.25066769453009974,0.16519833092404065,0.1986861077067263,1500
45,3,evaluate,1.7681573232014973,0.39466666666666667,0.19089554299450998,0.11881244248534147,0.14563995900883916,1500
45,4,evaluate,1.3332260623574257,0.5415,0.2830281500050465,0.16772695347971706,0.2097295325027539,2000
45,5,evaluate,1.3459450360387564,0.5915,0.23979491993187044,0.18224966335590026,0.2054837247225117,2000
46,0,evaluate,1.3834542433420818,0.534,0.2541143592363321,0.15944768707078016,0.19477392829311918,1500
46,1,evaluate,1.3302971596519153,0.56,0.2554305201639314,0.1678459129168845,0.20155248568902157,1500
46,2,evaluate,1.7836054613192875,0.39066666666666666,0.2098872756457026,0.11643010832501015,0.14835260551177,1500
46,3,evaluate,1.34631341509521,0.598,0.24083189716410627,0.18349553827548884,0.20682682036519343,2000
46,4,evaluate,1.270643189549446,0.571,0.28427248775674996,0.175426551452027,0.21631502714646067,2000
46,5,evaluate,1.8336256295442581,0.37533333333333335,0.19063774288874583,0.11295597906237506,0.14120636868513478,1500
47,0,evaluate,1.3377554919570684,0.5575,0.28780462250434,0.17076723568222363,0.21409173328650435,2000
47,1,evaluate,1.4417625615994136,0.5366666666666666,0.2590718429860521,0.1605733860302033,0.19645140060514676,1500
47,2,evaluate,1.351711777349313,0.5433333333333333,0.25101721039425956,0.16245088833312296,0.19706964218270193,1500
47,3,evaluate,1.6921196430921555,0.41733333333333333,0.20437190216696247,0.12458084134787648,0.15382720597994687,1500
47,4,evaluate,1.8488063116868336,0.376,0.19167903299593983,0.11308559775639764,0.14177294814335026,1500
47,5,evaluate,1.3620368875563145,0.595,0.23956403545601992,0.1822833807936361,0.20544464493105838,2000
48,0,evaluate,1.4820091389119625,0.5225,0.2876407476895282,0.16111508994904988,0.20585106731961691,2000
48,1,evaluate,1.3498299519220989,0.5606666666666666,0.24895449344937468,0.16791051498059092,0.20052179651772567,1500
48,2,evaluate,1.5770443330208461,0.4553333333333333,0.20632206650928592,0.13613450382135417,0.16334516619026265,1500
48,3,evaluate,1.4726316072046757,0.571,0.24043424495898696,0.17691519503802294,0.20141299727931644,2000
48,4,evaluate,1.8116027315457661,0.396,0.194913260758849,0.11904043121610233,0.14608158967189286,1500
48,5,evaluate,1.5850356817245483,0.4886666666666667,0.2587053556862659,0.1457986036354689,0.18323639072881154,1500
49,0,evaluate,1.3443602646390598,0.58,0.25015600749479305,0.17379103173431334,0.20489084113637346,1500
49,1,evaluate,1.7727076560258865,0.40066666666666667,0.19281571697839645,0.12043720777622835,0.14589079866483418,1500
49,2,evaluate,1.513626645008723,0.4746666666666667,0.20583212063021308,0.1419231499952503,0.16737426811639158,1500
49,3,evaluate,1.5331333093345165,0.5615,0.2427184834756822,0.17511331210714892,0.2008852178657478,2000
49,4,evaluate,1.7298612942298253,0.4553333333333333,0.2555425946366478,0.13558625267841581,0.1738389499351885,1500
49,5,evaluate,1.687454268336296,0.4665,0.28711973142161823,0.14484979696808437,0.19109310753212488,2000
50,0,evaluate,1.7327696134646733,0.4086666666666667,0.19335261730444603,0.12286192748761884,0.1495128333011146,1500
50,1,evaluate,1.3932213683923085,0.57,0.2516741396354424,0.17073188177429813,0.2032109736594764,1500
50,2,evaluate,1.546217103799184,0.466,0.20454702414084566,0.13922803030623523,0.16470069755432182,1500
50,3,evaluate,1.7007910658915837,0.472,0.251104801593662,0.14083910025733296,0.17908378240475603,1500
50,4,evaluate,1.729763351380825,0.4595,0.28597750548313855,0.14333786408866372,0.18959636090023052,2000
50,5,evaluate,1.5692285858094692,0.56,0.24519447950570963,0.1739273436863508,0.20145184199390198,2000
51,0,evaluate,1.4035047888755798,0.5653333333333334,0.2549961989370283,0.16918656106291924,0.20287532844490438,1500
51,1,evaluate,1.5757476712266605,0.5106666666666667,0.25122587924058515,0.15275264253273052,0.1895865327433127,1500
51,2,evaluate,1.7030539313952129,0.4206666666666667,0.20542569011989958,0.12549518255672357,0.15385695587989873,1500
51,3,evaluate,1.7841243892908096,0.4066666666666667,0.1956315117257354,0.1224179572266074,0.15008157736019206,1500
51,4,evaluate,1.6298961788415909,0.492,0.28463215066364145,0.15210131319777243,0.19752128273606553,2000
51,5,evaluate,1.5209446549415588,0.5725,0.24320434057279078,0.17782269922700084,0.20349016556505733,2000
52,0,evaluate,1.4434326589107513,0.5386666666666666,0.24984517641466192,0.16141415228780284,0.196018451466727,1500
52,1,evaluate,1.8705397595961888,0.37866666666666665,0.20844775427082213,0.11251468654537455,0.14232381323935833,1500
52,2,evaluate,1.4341235756874084,0.5533333333333333,0.2546039047480331,0.16538050968265783,0.1992717941932667,1500
52,3,evaluate,1.868035261829694,0.3953333333333333,0.1955803470373175,0.11914550482622063,0.14586518497562978,1500
52,4,evaluate,1.4680999517440796,0.5275,0.2866559591296508,0.16266181212312184,0.2071974034620506,2000
52,5,evaluate,1.477277286350727,0.5725,0.2396066026652736,0.17820283078703675,0.2022323927075424,2000
53,0,evaluate,1.4883658637603123,0.5353333333333333,0.25574406866802407,0.15972248962271218,0.1945169864852573,1500
53,1,evaluate,1.8862991432348888,0.402,0.1954435097291923,0.12128018993292486,0.14622789897373872,1500
53,2,evaluate,1.4699477516114712,0.564,0.23665703922987374,0.17649913335419012,0.1994081511740021,2000
53,3,evaluate,1.9360430637995403,0.36666666666666664,0.20814838320325854,0.10867462845684259,0.13826257095867153,1500
53,4,evaluate,1.3708725323279698,0.5666666666666667,0.2510756490552299,0.16985105957616953,0.20253326926184786,1500
53,5,evaluate,1.3569542970508337,0.561,0.2872695384821983,0.17174841319389886,0.2147319754504192,2000
54,0,evaluate,1.865993971625964,0.3993333333333333,0.1953671333815939,0.12048493641826737,0.1461433775909904,1500
54,1,evaluate,1.5011916955312092,0.534,0.25091800661420915,0.15929828820816933,0.19304642231648897,1500
54,2,evaluate,1.3688850589096546,0.553,0.2858027144525934,0.16925828786554897,0.21234830479694483,2000
54,3,evaluate,1.8862045655647914,0.39,0.21277964946445954,0.1157063220377855,0.14567887981600247,1500
54,4,evaluate,1.4960247799754143,0.555,0.2328974890380561,0.1734703672691776,0.19568319506636533,2000
54,5,evaluate,1.3969674110412598,0.5526666666666666,0.2517207837078049,0.16557610289217645,0.19948913403274116,1500
55,0,evaluate,1.846277708808581,0.4066666666666667,0.19585323550439007,0.12264561618157929,0.14912695097728607,1500
55,1,evaluate,1.7824573367834091,0.42,0.2148920518402666,0.12486340951940689,0.15451770147345775,1500
55,2,evaluate,1.466360439856847,0.552,0.25259472434646196,0.1647663777107743,0.19800348425847963,1500
55,3,evaluate,1.447520025074482,0.537,0.28768384512568773,0.16456592618985302,0.20911286320511607,2000
55,4,evaluate,1.520591787993908,0.5555,0.23513172804984178,0.173214383677274,0.19660366299861284,2000
55,5,evaluate,1.5110761125882466,0.5246666666666666,0.254667826700958,0.1570801935636002,0.19376466982798307,1500
56,0,evaluate,1.870624229311943,0.40066666666666667,0.19676625727029728,0.12062210313580916,0.1477667178958651,1500
56,1,evaluate,1.692061538497607,0.4726666666666667,0.25829513481978933,0.1413583284634864,0.18171940116119292,1500
56,2,evaluate,1.4180366943279903,0.5793333333333334,0.2526299651136628,0.17317281007647367,0.20487859213439547,1500
56,3,evaluate,1.5426002815365791,0.5565,0.23474256060738452,0.173963863181426,0.19703265901426442,2000
56,4,evaluate,1.68616217871507,0.45666666666666667,0.21253813184684311,0.13629710222681682,0.16494642344007318,1500
56,5,evaluate,1.579809159040451,0.513,0.2888398414455181,0.15645965055650257,0.20284233496999454,2000
57,0,evaluate,1.9227668642997742,0.38666666666666666,0.19573842324217416,0.11622616225314601,0.14336981447180838,1500
57,1,evaluate,1.4248512585957844,0.584,0.25486872337985095,0.17471465371394976,0.20695079335481328,1500
57,2,evaluate,1.813276966412862,0.448,0.25825384415882374,0.1339921723618245,0.17536397450491076,1500
57,3,evaluate,1.6195890754461288,0.545,0.23762784837114106,0.17111094341380612,0.19620544233081538,2000
57,4,evaluate,1.6273413300514221,0.508,0.2898179784137639,0.15334923199240577,0.2005484479488458,2000
57,5,evaluate,1.6641504913568497,0.462,0.20684858108063958,0.1382524174390203,0.16531745007283924,1500
58,0,evaluate,1.5732749663293362,0.524,0.28887117251234246,0.1584508303547639,0.2046224080054942,2000
58,1,evaluate,1.6765227280557156,0.533,0.23879833311302262,0.16777553794080735,0.19446454960203766,2000
58,2,evaluate,1.7516684780518215,0.44466666666666665,0.2080681886227545,0.13315623587030948,0.1615738607842003,1500
58,3,evaluate,1.461932157476743,0.5813333333333334,0.25669717775360523,0.1739436490124045,0.2069965974328925,1500
58,4,evaluate,1.9831406126419704,0.38266666666666665,0.1984916284016059,0.11494597664252515,0.1440852186331751,1500
58,5,evaluate,1.7480301906665165,0.4686666666666667,0.2546457532574037,0.14026230533427653,0.17981956878681807,1500
59,0,evaluate,1.4898224137723446,0.545,0.2861950676265818,0.1665495158003996,0.2103722508205242,2000
59,1,evaluate,1.977941319346428,0.3933333333333333,0.1991656692488125,0.118144579276851,0.14797049308451143,1500
59,2,evaluate,1.5563891579707463,0.5633333333333334,0.25885640359348394,0.16848675629637463,0.20387230753694685,1500
59,3,evaluate,1.5951885680357616,0.5133333333333333,0.2529304255848878,0.1538207281190088,0.19072397194759777,1500
59,4,evaluate,1.8439511209726334,0.4246666666666667,0.20940753996638412,0.12717014740195737,0.15735341164455008,1500
59,5,evaluate,1.710260033607483,0.5355,0.2423760516503483,0.16840595153221935,0.19640792189135908,2000
60,0,evaluate,1.6167135337988536,0.54,0.2566975426110748,0.16136393677286254,0.1978378955123401,1500
60,1,evaluate,1.915499786535899,0.4086666666666667,0.21130327961511214,0.12216224535148805,0.1541597912363871,1500
60,2,evaluate,1.9639864166577656,0.392,0.1944498101323962,0.11781709831115734,0.14670319322343114,1500
60,3,evaluate,1.4878556951880455,0.535,0.2830040327668576,0.16573914273818882,0.20844277262118008,2000
60,4,evaluate,1.5190464754899342,0.5306666666666666,0.248924869909259,0.15913455130768206,0.19383514329408436,1500
60,5,evaluate,1.6629026755690575,0.5585,0.24372029981581722,0.17462750385053946,0.201402298846339,2000
61,0,evaluate,1.938003495335579,0.394,0.19085050727294953,0.11852658050489762,0.14613976072712997,1500
61,1,evaluate,1.910399208466212,0.41133333333333333,0.2128686077339305,0.1227706417031611,0.15464610473857002,1500
61,2,evaluate,1.5910022035241127,0.518,0.2854814836882972,0.1628510791155985,0.20624735058915727,2000
61,3,evaluate,1.539552127321561,0.5206666666666667,0.24827528966501777,0.15612716451880787,0.1914129761700094,1500
61,4,evaluate,1.6254643102486928,0.5406666666666666,0.25839758865900225,0.16151562272047254,0.19809762525400382,1500
61,5,evaluate,1.5631850957870483,0.5675,0.24174970900930953,0.1751939025635592,0.2016453797626115,2000
62,0,evaluate,1.6435742378234863,0.509,0.28626785805073973,0.15996855958137593,0.20416666984056547,2000
62,1,evaluate,1.9180547992388408,0.3953333333333333,0.1910222966734805,0.11901801526714624,0.14633164406090965,1500
62,2,evaluate,1.5764401853084564,0.514,0.24915446696024351,0.15397876746737202,0.18991244275501848,1500
62,3,evaluate,1.917036160826683,0.4066666666666667,0.21173641517999298,0.12123669012796219,0.15249238986832153,1500
62,4,evaluate,1.5143210962414742,0.5715,0.2400137647209887,0.17404914277904307,0.20051521758755902,2000
62,5,evaluate,1.6593743016322453,0.5273333333333333,0.25763865326177604,0.1574946061710903,0.19467061048874434,1500
63,0,evaluate,1.8804562737544377,0.4093333333333333,0.1904349978798391,0.12336383183074037,0.14886407043167835,1500
63,1,evaluate,1.8423997064431508,0.41533333333333333,0.2070308086702088,0.12374384126570234,0.1528450990854993,1500
63,2,evaluate,1.710553765296936,0.508,0.2521851158740498,0.15174148389566233,0.1889817924351735,1500
63,3,evaluate,1.6501706279814243,0.5175,0.2839801151229723,0.15899569820225226,0.2031795880060206,2000
63,4,evaluate,1.6064376682043076,0.547,0.23885373872692983,0.16657142228524885,0.19477455445683997,2000
63,5,evaluate,1.6713812897602718,0.49066666666666664,0.2512741775235165,0.1466938609171716,0.1843461123579754,1500
64,0,evaluate,1.6521494040886562,0.5246666666666666,0.2523099123099123,0.15696352837763977,0.19347602648697673,1500
64,1,evaluate,1.7652528782685597,0.438,0.2058756295993442,0.13049613313596156,0.15714941168953636,1500
64,2,evaluate,1.6940593980252743,0.527,0.2403170608288058,0.16311161211931124,0.1921994817719475,2000
64,3,evaluate,1.6741972342133522,0.5155,0.2847975591992117,0.15631212679358125,0.20118263838193276,2000
64,4,evaluate,1.900328055024147,0.402,0.1903682109792908,0.12114728148527942,0.146851907531908,1500
64,5,evaluate,1.7886097927888234,0.4673333333333333,0.2536064751347062,0.1395298290940034,0.17834813660765847,1500
65,0,evaluate,1.7395277917385101,0.452,0.208492708968385,0.13483570042306225,0.1610978523068372,1500
65,1,evaluate,1.5756076872348785,0.5533333333333333,0.25183958102603576,0.16564476329527117,0.19984288894276903,1500
65,2,evaluate,1.9175902207692463,0.404,0.1893106085471284,0.12168966020350944,0.1471397995821182,1500
65,3,evaluate,1.7276144623756409,0.503,0.28508442081118107,0.15228700091782973,0.19821129778444554,2000
65,4,evaluate,1.7632602900266647,0.523,0.2400957428977939,0.16446459920283657,0.19233299282593364,2000
65,5,evaluate,1.8215960015853245,0.4746666666666667,0.25547768460417164,0.14189003885625237,0.181491583946519,1500
66,0,evaluate,1.9404565294583638,0.4053333333333333,0.18930650831761275,0.12204892050937104,0.14793943056412096,1500
66,1,evaluate,1.7139098991950352,0.51,0.25295011761867425,0.1526241042044721,0.1899967316272829,1500
66,2,evaluate,1.6207687854766846,0.548,0.25238035800964864,0.16403114234594413,0.1987821388458853,1500
66,3,evaluate,1.8652749955654144,0.42733333333333334,0.20891826018109208,0.12752864333049121,0.1557493310536489,1500
66,4,evaluate,1.6657290682196617,0.518,0.2857314026341292,0.15635429325738512,0.20205697885633828,2000
66,5,evaluate,1.8015441484749317,0.5265,0.24245495510715523,0.1659970118797917,0.19442670755040994,2000
67,0,evaluate,1.5876414279143016,0.5466666666666666,0.2503586939661858,0.16380845097858293,0.19792501676709937,1500
67,1,evaluate,2.0281449457009635,0.38666666666666666,0.19252807959619064,0.11630209392898141,0.1436378400778573,1500
67,2,evaluate,2.0374227861563363,0.38666666666666666,0.20672896844041216,0.11556211346262493,0.14625938391633125,1500
67,3,evaluate,1.6952683329582214,0.5486666666666666,0.252999614499005,0.1641731754495135,0.19899564465650005,1500
67,4,evaluate,1.612365536391735,0.537,0.2851416284644825,0.164343271340634,0.20824947966857782,2000
67,5,evaluate,1.8147723264992237,0.524,0.24110678181189976,0.16555303176459946,0.19355641768516044,2000
68,0,evaluate,2.15203665693601,0.36866666666666664,0.19458459353042523,0.11080229422775187,0.13951321575462142,1500
68,1,evaluate,2.1545620610316596,0.37,0.2096193984039288,0.11068428629062188,0.14287798404886418,1500
68,2,evaluate,1.5925263427197933,0.5485,0.28357011104837193,0.1685497769163108,0.2110557678444876,2000
68,3,evaluate,1.576357086499532,0.5506666666666666,0.24888132399001966,0.16507579019674182,0.19843735866123927,1500
68,4,evaluate,1.7436032096544902,0.5533333333333333,0.2538603011201946,0.16547046035129145,0.19988063175440052,1500
68,5,evaluate,1.789301048964262,0.539,0.23980768213931167,0.16860912690969307,0.19577035043942717,2000
69,0,evaluate,1.6281519110004108,0.5393333333333333,0.2467756976383285,0.16161289330421677,0.1949510634698623,1500
69,1,evaluate,2.2245799402395883,0.36933333333333335,0.19547322425439972,0.11104009779036775,0.14131005706244168,1500
69,2,evaluate,2.1986105938752494,0.3626666666666667,0.2086179754043521,0.10845426778028659,0.14162479086489072,1500
69,3,evaluate,1.7989463359117508,0.5473333333333333,0.2576500763348818,0.16351116844626065,0.19876887391502404,1500
69,4,evaluate,1.5527746118605137,0.555,0.2817709272660363,0.1700571046707627,0.21177468017946652,2000
69,5,evaluate,1.7639766782522202,0.5485,0.23905365422186292,0.17044974202170332,0.19713681600928978,2000
70,0,evaluate,2.241027534008026,0.37333333333333335,0.1971969740865926,0.11222404249919844,0.14271689099110724,1500
70,1,evaluate,1.806757416576147,0.5485,0.23710629176648595,0.1707620829702171,0.1961934185596566,2000
70,2,evaluate,1.797553817431132,0.544,0.25783250754091874,0.16256280815086985,0.1984335436837868,1500
70,3,evaluate,1.7671977579593658,0.504,0.24968477869015443,0.15097948000287065,0.1867078277869611,1500
70,4,evaluate,1.5569457039237022,0.549,0.27950266994153933,0.16584313783965882,0.20807408874204558,2000
70,5,evaluate,2.1075311998526254,0.3933333333333333,0.20584484530227573,0.11760747730884671,0.14936113433095438,1500
71,0,evaluate,1.7973510324954987,0.526,0.2521923540696081,0.15712579849977154,0.19295825825263538,1500
71,1,evaluate,2.0181007236242294,0.418,0.20658797999007708,0.12484270894186751,0.1550466388239751,1500
71,2,evaluate,1.8990599115689595,0.4713333333333333,0.250965355802947,0.14113313648899414,0.17839833925907295,1500
71,3,evaluate,1.82211097702384,0.5455,0.2336707569243152,0.16904147731288055,0.19378693693693694,2000
71,4,evaluate,1.602919265627861,0.5395,0.2807678803301404,0.16132307454623823,0.20486395909871002,2000
71,5,evaluate,2.2260497907797494,0.38333333333333336,0.1952949479075723,0.11534632284947284,0.1430904514459618,1500
72,0,evaluate,1.946253369251887,0.4573333333333333,0.2512732452310138,0.1369626252063277,0.17532569825653485,1500
72,1,evaluate,1.8112675845623016,0.5213333333333333,0.2505285165205381,0.15576597751894744,0.19175462900176668,1500
72,2,evaluate,1.9499133378267288,0.43466666666666665,0.20492846078185417,0.12963865682064,0.15769644855109424,1500
72,3,evaluate,1.6795613281428814,0.528,0.28246682832936415,0.15742049040124345,0.20210721809847315,2000
72,4,evaluate,1.843834925442934,0.5325,0.23143969916793788,0.16374358875779216,0.1892958670263376,2000
72,5,evaluate,2.170426512757937,0.3893333333333333,0.19410537840047673,0.11719731353116167,0.1436386832053879,1500
73,0,evaluate,1.9652570188045502,0.43266666666666664,0.20428920149925184,0.12898705173907285,0.15686707347441634,1500
73,1,evaluate,2.165878231326739,0.3973333333333333,0.19595317367056497,0.11963440623805163,0.14684173701340852,1500
73,2,evaluate,1.8171819597482681,0.5173333333333333,0.2499701715778111,0.15470936266772897,0.19087027514968694,1500
73,3,evaluate,1.7440598495304585,0.5225,0.28149552251415055,0.15711000183252022,0.20149945926934087,2000
73,4,evaluate,1.8752039223909378,0.5275,0.23169840745492398,0.16203002111710246,0.18746461088885139,2000
73,5,evaluate,1.9058149208625157,0.4713333333333333,0.25100745013242115,0.1411752478495781,0.1789132862845838,1500
74,0,evaluate,2.040737340847651,0.4166666666666667,0.20379390626750943,0.12419711949492514,0.15264405853869661,1500
74,1,evaluate,1.8070819228887558,0.526,0.24794843909681646,0.1573317586721082,0.19227579488722235,1500
74,2,evaluate,2.21797809501489,0.39266666666666666,0.19454831037628156,0.11819758673279343,0.1465508947574165,1500
74,3,evaluate,1.8307926903168361,0.5,0.2511649613470615,0.14980802550774563,0.18648480551706356,1500
74,4,evaluate,1.9070033095777035,0.5255,0.23237490189704194,0.16226948939870173,0.18770059334007017,2000
74,5,evaluate,1.7792573533952236,0.5195,0.281586895485067,0.15873935839145423,0.20275075748673368,2000
75,0,evaluate,1.8442298372586567,0.54,0.2508258680705248,0.16152086716012926,0.19642640063362726,1500
75,1,evaluate,1.8391299471259117,0.5015,0.279731839160587,0.15586012102481436,0.1994744572951479,2000
75,2,evaluate,2.125442306200663,0.4033333333333333,0.20414398947710075,0.12018272017447071,0.14923796356869862,1500
75,3,evaluate,1.9014614149928093,0.5305,0.2383273093367372,0.16474332015946336,0.1922501599222075,2000
75,4,evaluate,2.24027789135774,0.38533333333333336,0.19120934753798455,0.11600848061664357,0.14396118533747654,1500
75,5,evaluate,1.7729656050602596,0.5166666666666667,0.2479425585486152,0.1547656065778817,0.18980374052999163,1500
76,0,evaluate,2.2063434720039368,0.3933333333333333,0.20521650326797386,0.11727907557803614,0.1474548622594968,1500
76,1,evaluate,1.9008435010910034,0.5346666666666666,0.25274562007674634,0.15986227087648544,0.19568114666457173,1500
76,2,evaluate,2.25242151816686,0.38466666666666666,0.1920498490850783,0.11578055511958982,0.14385691199477366,1500
76,3,evaluate,1.745142747958501,0.5206666666666667,0.24959297372744924,0.15597607111001752,0.19168031354309983,1500
76,4,evaluate,1.9152013696730137,0.5365,0.24209534592369525,0.1670344630432783,0.1958339409967408,2000
76,5,evaluate,1.8965316377580166,0.4805,0.2788962555771245,0.15168034927868831,0.1952039290218885,2000
77,0,evaluate,1.9414869137108326,0.532,0.24160051934534446,0.16631664756975886,0.195313271425056,2000
77,1,evaluate,1.9410816232363384,0.5386666666666666,0.25551324815786386,0.16099512910154382,0.19700041306845317,1500
77,2,evaluate,2.225856527686119,0.39266666666666666,0.20377528445006318,0.11724627642792962,0.14771461895943516,1500
77,3,evaluate,2.2352834741274514,0.39,0.19254722417354042,0.11728404456365893,0.14533068000436783,1500
77,4,evaluate,1.9201464727520943,0.4715,0.27863698470841325,0.1493816239313125,0.192967765981246,2000
77,5,evaluate,1.7628592054049175,0.514,0.24889359181055762,0.15398661048401152,0.18996226991404405,1500
78,0,evaluate,1.886012677103281,0.47,0.2776352599775572,0.14868070316978907,0.19215824628121309,2000
78,1,evaluate,2.0296451648076377,0.53,0.25617063098719817,0.1583686786464115,0.19504828753086828,1500
78,2,evaluate,2.1907894760370255,0.39666666666666667,0.2025452307889017,0.11838741699738235,0.1488407035516435,1500
78,3,evaluate,1.7901290953159332,0.5,0.24565408676208275,0.14974376915900306,0.18569007447940417,1500
78,4,evaluate,1.9993292801082134,0.526,0.24376407049589854,0.16479785069991987,0.19500896616737445,2000
78,5,evaluate,2.172849327325821,0.4033333333333333,0.1935356101059465,0.12128800449852598,0.14903117879616307,1500
79,0,evaluate,1.9211607774098713,0.47533333333333333,0.24313327697943085,0.1424247224187248,0.17938676841488105,1500
79,1,evaluate,2.147355616092682,0.41133333333333333,0.2023844130675526,0.12287520221442016,0.15257577907031733,1500
79,2,evaluate,2.1723499248425164,0.4066666666666667,0.19306426221974346,0.12228915816949719,0.14971844660194175,1500
79,3,evaluate,1.9598577097058296,0.54,0.24315267092712448,0.16908017936015993,0.197502120266242,2000
79,4,evaluate,1.9034338407218456,0.468,0.2806750003067644,0.14575042823738182,0.19118738399028684,2000
79,5,evaluate,1.9746671169996262,0.542,0.2572916119202521,0.16195005435590631,0.198170961373103,1500
80,0,evaluate,1.920368989308675,0.5513333333333333,0.2582649066722319,0.16479980230488517,0.20076713879752123,1500
80,1,evaluate,2.2352952311436334,0.3913333333333333,0.18900903667662267,0.11769302257184004,0.1449656183059279,1500
80,2,evaluate,2.0670132835706077,0.446,0.242537020731257,0.1335803627267042,0.1719475335586762,1500
80,3,evaluate,2.1385893722375235,0.42333333333333334,0.20355475880627455,0.12651394005543487,0.15568231036725,1500
80,4,evaluate,1.922954998910427,0.5495,0.2393130968662487,0.17030823264718176,0.1972468430761489,2000
80,5,evaluate,1.8751826398074627,0.4845,0.28107407140618496,0.1471363241999009,0.1930433943891269,2000
81,0,evaluate,2.224224771062533,0.41333333333333333,0.20408569610710411,0.12352005132486901,0.15338048290198908,1500
81,1,evaluate,2.293521543343862,0.38133333333333336,0.18782854072779065,0.1146770869092395,0.1423881362671279,1500
81,2,evaluate,1.9677735418081284,0.5366666666666666,0.25740380291835196,0.16043912480432249,0.19733495842302987,1500
81,3,evaluate,1.7764783129096031,0.524,0.2798196958170617,0.15602947919035678,0.20034133084709332,2000
81,4,evaluate,2.0567773083845773,0.45866666666666667,0.24298426072862603,0.13731581726283845,0.17523112889947492,1500
81,5,evaluate,1.9578716047108173,0.5485,0.2385550710284753,0.16879849002295785,0.196306232132814,2000
82,0,evaluate,1.7104625441133976,0.552,0.2810026662494435,0.16394994097423815,0.2070570935559938,2000
82,1,evaluate,1.9885796904563904,0.4786666666666667,0.2456046853387234,0.14329870615856222,0.1807765470743063,1500
82,2,evaluate,2.315100744366646,0.38666666666666666,0.18859198397403873,0.11628951762510717,0.14376652124404934,1500
82,3,evaluate,2.020671457052231,0.5286666666666666,0.25704900656982427,0.15801339008187013,0.19533535187178935,1500
82,4,evaluate,2.0062242969870567,0.548,0.23943567778406633,0.16754606744675682,0.19587999130963693,2000
82,5,evaluate,2.307927186290423,0.3953333333333333,0.20260868197314771,0.11803934346831557,0.14831824825910966,1500
83,0,evaluate,2.302172268430392,0.3953333333333333,0.19106592015714047,0.11889962495848186,0.14607978927752296,1500
83,1,evaluate,2.4179626405239105,0.378,0.20201668329689845,0.1128613627293713,0.1441015532478947,1500
83,2,evaluate,1.8655188928047817,0.5106666666666667,0.246534518466108,0.15288874193912178,0.1885418198843951,1500
83,3,evaluate,1.67593290284276,0.569,0.2819162580054863,0.17057234051510467,0.21241689294287122,2000
83,4,evaluate,2.0338081642985344,0.55,0.24042673370610426,0.16795548402812838,0.19659437513840702,2000
83,5,evaluate,2.0775073816378913,0.5066666666666667,0.25515727822901735,0.15138638351913736,0.18961940019821852,1500
84,0,evaluate,2.3609706511100135,0.392,0.19188221844387923,0.1179034611473854,0.1451260982256337,1500
84,1,evaluate,2.5298682103554406,0.362,0.20378147784384515,0.10811743711017759,0.1404970328312274,1500
84,2,evaluate,1.7868070205052693,0.5346666666666666,0.2472860189436877,0.16010541937071324,0.19413216922615417,1500
84,3,evaluate,2.0297933146357536,0.5485,0.23983721435887767,0.16819319280556594,0.1962413589925649,2000
84,4,evaluate,2.086877023180326,0.5113333333333333,0.2546917327986558,0.15267498214255887,0.19021363415025475,1500
84,5,evaluate,1.6908027306199074,0.565,0.2819947036497152,0.17138603778803543,0.21292451199463597,2000
85,0,evaluate,1.9625502973794937,0.5453333333333333,0.25464144522441245,0.16281233024540023,0.19766356823352393,1500
85,1,evaluate,1.831114947795868,0.536,0.25051234488548946,0.16050336275746113,0.1952351712610471,1500
85,2,evaluate,2.4594462712605796,0.38133333333333336,0.1916501436240813,0.11474109703021854,0.14286079282625053,1500
85,3,evaluate,2.5438538442055383,0.37466666666666665,0.20890572595477658,0.11200959758128541,0.14507938754835198,1500
85,4,evaluate,1.945501185953617,0.565,0.23731799318791147,0.17507679261207368,0.19939871368382825,2000
85,5,evaluate,1.8323900811374187,0.532,0.2827080315348608,0.16458801285129773,0.20743017904878625,2000
86,0,evaluate,1.923975944519043,0.5173333333333333,0.25102030352748156,0.1548046935072125,0.19031978011215223,1500
86,1,evaluate,1.9938979223370552,0.497,0.2841052169716116,0.157485682489891,0.20122816255622525,2000
86,2,evaluate,2.491751621166865,0.37866666666666665,0.19250005464839223,0.11392240702259784,0.14303560491191275,1500
86,3,evaluate,1.897492175300916,0.5706666666666667,0.2544379769727102,0.17041935433188074,0.20312938613168535,1500
86,4,evaluate,2.4607276966174445,0.39,0.20616025600708174,0.11659702055263843,0.14827277120235388,1500
86,5,evaluate,1.9841862358152866,0.568,0.2352822770864768,0.17870532067718653,0.20001425306664578,2000
87,0,evaluate,2.011849522590637,0.504,0.24947760563478502,0.15084981392058563,0.18620724477663544,1500
87,1,evaluate,2.5223010977109275,0.37933333333333336,0.19282778912557144,0.11415033251965159,0.14326752485312438,1500
87,2,evaluate,2.077670119702816,0.555,0.23603509994675959,0.1763273954163993,0.19782879373624113,2000
87,3,evaluate,2.029799673706293,0.493,0.28425688403393995,0.15687707164055292,0.2005924458684989,2000
87,4,evaluate,1.9415615300337474,0.568,0.253530440910955,0.16962016947588132,0.2022312656914543,1500
87,5,evaluate,2.4291294713815055,0.4046666666666667,0.20680687366338507,0.1209018240737429,0.15205633951203684,1500
88,0,evaluate,2.032419517636299,0.5506666666666666,0.2500056378483597,0.16450528245363605,0.1980074697090894,1500
88,1,evaluate,2.0834752122561135,0.49133333333333334,0.24677933258273782,0.14705369134397522,0.18224785725679113,1500
88,2,evaluate,2.5210009614626565,0.38866666666666666,0.19278309136421304,0.11698186268379478,0.1448809342393395,1500
88,3,evaluate,2.2109481804072857,0.5295,0.23589911095664653,0.16814378306403202,0.19215029967122382,2000
88,4,evaluate,1.9419175051152706,0.515,0.2833485309017224,0.16007101870689772,0.20381185164030144,2000
88,5,evaluate,2.3865202367305756,0.418,0.20490714790671666,0.12481512099149453,0.1543712687062291,1500
89,0,evaluate,2.1387933045625687,0.47,0.24509180027622648,0.14073091276309987,0.17755623218515817,1500
89,1,evaluate,2.174576456348101,0.5266666666666666,0.2518537711179245,0.15746317236595278,0.19366479039491935,1500
89,2,evaluate,2.4232709109783173,0.4053333333333333,0.1914128020315699,0.12204524014753208,0.1482103199463392,1500
89,3,evaluate,2.3118274807929993,0.434,0.20181351449355073,0.1294922080064796,0.1568170295665186,1500
89,4,evaluate,2.3589011169970036,0.5085,0.24008302267454,0.15977969552077909,0.1885599569437238,2000
89,5,evaluate,1.9441591501235962,0.516,0.2827210474627046,0.15796480327931986,0.20232113432541263,2000
90,0,evaluate,2.145176485180855,0.4746666666666667,0.24705992573648466,0.1421798460103138,0.17992128078258257,1500
90,1,evaluate,2.304310753941536,0.43533333333333335,0.2011245011717872,0.12998481701253523,0.15730210229768846,1500
90,2,evaluate,2.2343031962712607,0.518,0.25616315835958864,0.15484849607424583,0.19283074758739807,1500
90,3,evaluate,2.430971171706915,0.499,0.2405168531544243,0.15641855416862502,0.1867062298473262,2000
90,4,evaluate,1.916108001023531,0.526,0.2807979610442328,0.15866785702934066,0.20263157309385177,2000
90,5,evaluate,2.3537262876828513,0.412,0.19089167403401114,0.12393588556741704,0.14997345892272096,1500
91,0,evaluate,2.2746859937906265,0.512,0.25787934899132636,0.1530289501877852,0.19167199633863224,1500
91,1,evaluate,2.3872820089260736,0.416,0.2006263637530484,0.12423123907202442,0.15301085550501745,1500
91,2,evaluate,2.3525597055753074,0.4,0.1864909588594349,0.12029173903324211,0.1462059435173396,1500
91,3,evaluate,2.0563820948203406,0.49,0.2471767871767872,0.1468141973979639,0.18397748660049906,1500
91,4,evaluate,2.3870161660015583,0.4975,0.23746740280597284,0.15446505802015847,0.18522984757414473,2000
91,5,evaluate,1.8991631418466568,0.5285,0.2813402704187763,0.15966587702180543,0.2036009261107167,2000
92,0,evaluate,2.4600204527378082,0.392,0.1995944618209223,0.11711993528112981,0.14729456947875116,1500
92,1,evaluate,2.1895936777194343,0.5306666666666666,0.2602495078696715,0.15855626446114796,0.19600690654384545,1500
92,2,evaluate,1.999275689323743,0.494,0.243302754446187,0.14808343329334933,0.18407328553937607,1500
92,3,evaluate,2.252350874245167,0.521,0.2391448917903345,0.16172354100807393,0.19122498103999735,2000
92,4,evaluate,1.9562670961022377,0.512,0.28142763574698354,0.15535009012086615,0.20003181844118326,2000
92,5,evaluate,2.3873599817355475,0.382,0.18322261799251022,0.11482318798929683,0.14099903405829,1500
93,0,evaluate,1.9541210333506267,0.5006666666666667,0.24346992467080913,0.15015639897886998,0.18573137780931898,1500
93,1,evaluate,2.086170663436254,0.55,0.25982353375033795,0.1642775413202025,0.20013852257517256,1500
93,2,evaluate,2.4328473707040152,0.368,0.18262357678793942,0.1106207110337408,0.1368175505914343,1500
93,3,evaluate,2.539754942059517,0.376,0.20029865728640334,0.11237182724148571,0.14356822115330137,1500
93,4,evaluate,2.1469584740698338,0.5385,0.2396821522228761,0.16775862971631744,0.19533982290970173,2000
93,5,evaluate,1.9979915805161,0.5025,0.2848590331087785,0.15303874342368254,0.19891163304405235,2000
94,0,evaluate,2.012117271622022,0.48933333333333334,0.24665059700152617,0.14681245450537733,0.18396491217065958,1500
94,1,evaluate,2.58225616812706,0.37,0.19858825322187393,0.11069361581240808,0.14167830893538153,1500
94,2,evaluate,1.9915089060862858,0.572,0.2590905812456731,0.17085281940163036,0.2045629237176047,1500
94,3,evaluate,2.4863555630048118,0.368,0.18473017358967364,0.11061539379935711,0.13745916381430395,1500
94,4,evaluate,2.103661388158798,0.48,0.2843422146368041,0.14713295514316782,0.1935967978475587,2000
94,5,evaluate,2.043862968683243,0.553,0.2369821440282313,0.17328611634516203,0.19777932725298028,2000
95,0,evaluate,2.6207052220900855,0.37866666666666665,0.2017577495482039,0.11336701896428014,0.14478318037805335,1500
95,1,evaluate,2.562595675388972,0.356,0.18582731230135358,0.10698394763519063,0.13503525613824358,1500
95,2,evaluate,1.9916017651557922,0.5726666666666667,0.25698587475358337,0.1710683971828046,0.20423695298666691,1500
95,3,evaluate,2.1178806498646736,0.4845,0.2839569605241622,0.14804207632331756,0.19441129741393132,2000
95,4,evaluate,2.1067026356856027,0.4826666666666667,0.24992459794923585,0.14475804549974883,0.18332199961958948,1500
95,5,evaluate,1.9931785576045513,0.554,0.23279203767678594,0.1733843018431894,0.19595420953983195,2000
96,0,evaluate,2.120928709705671,0.5513333333333333,0.256503022630163,0.16466468811391838,0.1997292209992279,1500
96,1,evaluate,2.573398306965828,0.39866666666666667,0.20372693415494414,0.11925707200826818,0.15027272651082968,1500
96,2,evaluate,2.524306148290634,0.37666666666666665,0.18778835691147083,0.11319415082126016,0.14103657366990935,1500
96,3,evaluate,2.1030269414186478,0.478,0.24644341206227213,0.14323345020965972,0.18100360682366895,1500
96,4,evaluate,1.983801480382681,0.5175,0.28332197548874405,0.15646702772565518,0.20147328034234774,2000
96,5,evaluate,2.1557491160929203,0.5295,0.23612231978401046,0.1659501689949741,0.1917183712098897,2000
97,0,evaluate,2.1116125931342444,0.48,0.2493535223887826,0.14363121418099428,0.1816798311714552,1500
97,1,evaluate,2.496738543113073,0.412,0.2032152950599017,0.12301328618767986,0.15250468915602164,1500
97,2,evaluate,2.4755301078160605,0.3973333333333333,0.187379799522074,0.11950190440715565,0.14590823488127266,1500
97,3,evaluate,2.279027352730433,0.516,0.2549665357911623,0.15416915174948306,0.1916710567377808,1500
97,4,evaluate,2.4001242890954018,0.487,0.2401608823267189,0.15427198648575574,0.183505813782663,2000
97,5,evaluate,1.8691192902624607,0.5475,0.2824643325726295,0.16387532561709095,0.20726992925444812,2000
98,0,evaluate,2.4500563393036523,0.41,0.18985134998483164,0.12335205275183167,0.1494248755301669,1500
98,1,evaluate,2.5018354803323746,0.4146666666666667,0.20079568857150498,0.12367348045453967,0.1516700648344575,1500
98,2,evaluate,2.0808323671420417,0.4866666666666667,0.24938791865620727,0.14545745804242408,0.18257734432447076,1500
98,3,evaluate,2.546415664255619,0.4635,0.23900232343868924,0.14645420306918105,0.176863737292907,2000
98,4,evaluate,2.4206540485223136,0.504,0.2539962378335538,0.15060862567060398,0.18853754064411113,1500
98,5,evaluate,1.8062315359711647,0.56,0.28217595549503827,0.16839095476096766,0.21059048018329754,2000
99,0,evaluate,1.9114043600857258,0.5325,0.28173148004775156,0.1628884330416231,0.20591592373976914,2000
99,1,evaluate,2.1235733280579248,0.4766666666666667,0.24790277069287084,0.14254167563743733,0.18009369897822936,1500
99,2,evaluate,2.5176135102907815,0.422,0.20586934354999267,0.12587180871704878,0.15471624082333552,1500
99,3,evaluate,2.484756827354431,0.4066666666666667,0.18971023752115762,0.1224278352921695,0.1484166511757598,1500
99,4,evaluate,2.3890539606412253,0.51,0.2511729465861597,0.15238840542720147,0.18930091768675766,1500
99,5,evaluate,2.4771524257957935,0.4845,0.2387020568604176,0.15200725925394504,0.18182204231622748,2000
100,0,evaluate,2.3407714143395424,0.523,0.23909822012283222,0.16218866530706358,0.19088789112380997,2000
100,1,evaluate,2.1671252846717834,0.4786666666666667,0.24396362575116406,0.14318759675616932,0.1797431973423911,1500
100,2,evaluate,2.304830625653267,0.5266666666666666,0.25091699158613656,0.15732497028991702,0.19307580559156606,1500
100,3,evaluate,2.5960429658492408,0.41333333333333333,0.20377509346068043,0.12327192001750656,0.15239201774007288,1500
100,4,evaluate,2.591934065024058,0.398,0.1873911392144406,0.11979406574551003,0.1458374289656875,1500
100,5,evaluate,2.060483232140541,0.4935,0.28232587335339254,0.15398585478266752,0.19831092852779095,2000
101,0,evaluate,2.767597109079361,0.36133333333333334,0.18300643603226346,0.10873321529281113,0.1362059619705673,1500
101,1,evaluate,2.216752136747042,0.5533333333333333,0.25497371376352845,0.1652687556305254,0.2000190391866707,1500
101,2,evaluate,2.1653590401013694,0.4886666666666667,0.243639308985187,0.14626731358738557,0.1821630547715242,1500
101,3,evaluate,2.7365082800388336,0.39,0.2011483743557366,0.11629282878664168,0.1459762789104178,1500
101,4,evaluate,2.1796259731054306,0.5645,0.23838270799958322,0.17346117683418347,0.19938245042409036,2000
101,5,evaluate,2.2316695004701614,0.4725,0.28298854989273037,0.15138691620931674,0.19520210397466714,2000
102,0,evaluate,2.107234410941601,0.591,0.2380380733892417,0.18150568895518301,0.2047165183295368,2000
102,1,evaluate,2.939185986916224,0.33666666666666667,0.18248534320044252,0.1011973646624175,0.1298804402625561,1500
102,2,evaluate,2.9307106037934623,0.366,0.20297398253919993,0.10927764054310829,0.14120165625222955,1500
102,3,evaluate,2.1187011947234473,0.51,0.24378104627376299,0.15287536267544263,0.187631935191478,1500
102,4,evaluate,2.285685233771801,0.476,0.28165325099291694,0.15448351939850735,0.19662120580926934,2000
102,5,evaluate,2.2066108336051307,0.56,0.2575043695946729,0.16717725038473236,0.2014341867045344,1500
103,0,evaluate,2.9556314945220947,0.342,0.18516034902827355,0.10260221992894643,0.13147568269598334,1500
103,1,evaluate,2.1970725804567337,0.5626666666666666,0.25663286530614016,0.16799631830566336,0.20174695773506093,1500
103,2,evaluate,2.943321863810221,0.368,0.20296964562751318,0.11013225486497225,0.14219453815118807,1500
103,3,evaluate,2.161133751273155,0.5006666666666667,0.24157919271461986,0.1501821066445217,0.18492343736925781,1500
103,4,evaluate,2.137249331921339,0.578,0.2363728012109414,0.17876942595714934,0.20181837012053538,2000
103,5,evaluate,2.2497569881379604,0.473,0.2802141279610758,0.15146477169090938,0.1945123469914649,2000
104,0,evaluate,2.267682279149691,0.47533333333333333,0.23929941366650226,0.14265147787039031,0.1784849498106787,1500
104,1,evaluate,2.778709520896276,0.3933333333333333,0.19933133356863658,0.11775370177861517,0.14786010203828462,1500
104,2,evaluate,2.0688406378030777,0.516,0.28361032531824615,0.15692968722540576,0.20179898678477484,2000
104,3,evaluate,2.8032808701197305,0.37333333333333335,0.1861638668211409,0.11205562952565243,0.1395393330423395,1500
104,4,evaluate,2.3003585785627365,0.5393333333333333,0.2539228585842268,0.16120704162079885,0.19679266976318685,1500
104,5,evaluate,2.354040961712599,0.5325,0.23850456284957317,0.1658185599621525,0.1928906949700326,2000
105,0,evaluate,2.656716470917066,0.412,0.1972764753339819,0.12329318786586566,0.15173229512611078,1500
105,1,evaluate,2.4947986751794815,0.5006666666666667,0.25309835212280396,0.14970485152069613,0.18765989264521193,1500
105,2,evaluate,2.3459063669045768,0.466,0.2404960275073499,0.13985828745424905,0.1765603377409854,1500
105,3,evaluate,1.9732683654874563,0.5465,0.28297711232416345,0.16092420009147465,0.20512341689611935,2000
105,4,evaluate,2.6260435692965984,0.481,0.23875315704004968,0.15032714528190644,0.18055002110245674,2000
105,5,evaluate,2.6534531513849893,0.3953333333333333,0.1852283326899995,0.11877213539940748,0.144534045761264,1500
106,0,evaluate,2.5123071471850076,0.5006666666666667,0.25053677717631206,0.14981584000796186,0.18709762697366317,1500
106,1,evaluate,2.7229080498218536,0.47,0.23927439360257924,0.14754511208608964,0.17778959053812407,2000
106,2,evaluate,2.5781894524892173,0.422,0.19747358832199802,0.1261341762785419,0.153808848513282,1500
106,3,evaluate,2.5810299714406333,0.3993333333333333,0.1834356589896571,0.12002041760372617,0.144802260356598,1500
106,4,evaluate,2.421389033397039,0.4493333333333333,0.24404823686223787,0.13468228093378035,0.17328000496077886,1500
106,5,evaluate,1.9808026887476444,0.543,0.2807163028725997,0.15823082142031697,0.20224972980711725,2000
107,0,evaluate,2.585082362095515,0.4206666666666667,0.19922529502387615,0.12549952522316818,0.15344401897775833,1500
107,1,evaluate,2.617927918831507,0.39866666666666667,0.18348516392814102,0.11992368443953261,0.14484886676469894,1500
107,2,evaluate,2.4574984361728034,0.44133333333333336,0.24816607620985187,0.13220399019879228,0.17223280553625858,1500
107,3,evaluate,2.369969889521599,0.52,0.2532007724654986,0.15550198256475667,0.19234140222598137,1500
107,4,evaluate,2.0361046083271503,0.5305,0.2809523335335139,0.15515353284838723,0.1997550249734529,2000
107,5,evaluate,2.636744923889637,0.4875,0.23771979523581938,0.15347123168038587,0.18236459369427496,2000
108,0,evaluate,2.3706259032090506,0.45666666666666667,0.2462723453584204,0.1367465065255949,0.1756261245560653,1500
108,1,evaluate,2.278263275822004,0.5313333333333333,0.25376532625928216,0.1587973237005413,0.19482840596222767,1500
108,2,evaluate,2.7297555108865104,0.38466666666666666,0.18325319771921714,0.1157357480349045,0.14184078563896207,1500
108,3,evaluate,2.7175981203715005,0.398,0.19866404517039724,0.11857921222300036,0.14736507631927642,1500
108,4,evaluate,2.5039946287870407,0.517,0.23777333633016579,0.16208628102786382,0.18963914655736103,2000
108,5,evaluate,2.033336279913783,0.5195,0.2789687671053432,0.1548665379847693,0.19904899999449766,2000
109,0,evaluate,2.2376283556222916,0.5453333333333333,0.25277453647869247,0.16289532676622823,0.19732588605115287,1500
109,1,evaluate,2.228952705860138,0.486,0.24412388330481588,0.14563036323931966,0.18233986532445107,1500
109,2,evaluate,2.3965741246938705,0.5395,0.23548421196939268,0.1684257893937543,0.19401498786951685,2000
109,3,evaluate,2.0584266893565655,0.5145,0.27973714743275485,0.15696998136816326,0.2007463556011148,2000
109,4,evaluate,2.8896856158971786,0.37533333333333335,0.20161015882604644,0.11177335332177767,0.1421709726653618,1500
109,5,evaluate,2.8759522438049316,0.37,0.18367791659674862,0.1113400712930432,0.13821485350897117,1500
110,0,evaluate,3.037948946158091,0.358,0.1882076223172114,0.10777079506893625,0.135617586127163,1500
110,1,evaluate,2.246744617819786,0.5466666666666666,0.25180259341674965,0.16317727165398224,0.19670352000353314,1500
110,2,evaluate,3.0829019943873086,0.3426666666666667,0.20021363212802118,0.10204382227975695,0.13366557875869,1500
110,3,evaluate,2.1018332044283548,0.516,0.2441840262840062,0.15472580198689753,0.18935420849049067,1500
110,4,evaluate,2.327493369579315,0.5575,0.23523578141232332,0.17362620940179935,0.1975228185924916,2000
110,5,evaluate,2.0261236391961575,0.517,0.2801854241238658,0.16007941892572383,0.20295582891197786,2000
111,0,evaluate,2.0392713149388633,0.526,0.24482534832931435,0.15765324639375017,0.1916713153250805,1500
111,1,evaluate,3.0590759217739105,0.352,0.18609485686701022,0.10596060373558487,0.13298700378731337,1500
111,2,evaluate,2.324350070208311,0.547,0.2338171584175608,0.1706923062635836,0.1947445191673059,2000
111,3,evaluate,2.28740785519282,0.536,0.25080443335082936,0.1599467536822429,0.19392475074745827,1500
111,4,evaluate,3.145016670227051,0.328,0.19953982638715995,0.09774239674421162,0.12991504462508346,1500
111,5,evaluate,2.0023609958589077,0.521,0.2812381310616766,0.1611645046497187,0.20425632326851323,2000
112,0,evaluate,2.30229659875234,0.528,0.25138878570668693,0.15747141179787033,0.1922735655054903,1500
112,1,evaluate,2.0642157420516014,0.509,0.2826955902359638,0.15784511767902148,0.20191087511284556,2000
112,2,evaluate,2.9362708727518716,0.3606666666666667,0.18452637639759795,0.10856171347273694,0.1354519005569121,1500
112,3,evaluate,3.051066825787226,0.3426666666666667,0.1972011514719848,0.10209819374561166,0.13362738556561765,1500
112,4,evaluate,2.1114004949728646,0.5113333333333333,0.24444984795391295,0.15336942146218435,0.18835721395378086,1500
112,5,evaluate,2.3222693502902985,0.5445,0.23415219230775808,0.1699916929174956,0.193656466125088,2000
113,0,evaluate,2.396273620426655,0.5295,0.23540447970415185,0.1649356817871603,0.19071489537470096,2000
113,1,evaluate,2.2530795484781265,0.476,0.24486281241670427,0.14275051517854398,0.18009020812895415,1500
113,2,evaluate,2.8773158490657806,0.36866666666666664,0.19482969247246218,0.10988362359010766,0.13968339219029238,1500
113,3,evaluate,2.35270926853021,0.5233333333333333,0.25128963961653883,0.15616331929835114,0.19184811607835875,1500
113,4,evaluate,2.104662597179413,0.502,0.2816386321535063,0.15382856299752096,0.19858062145738867,2000
113,5,evaluate,2.807236522436142,0.386,0.18702417842321706,0.11619495201634203,0.14302200878635363,1500
114,0,evaluate,2.530796479433775,0.5125,0.2372932453087905,0.15968574598205915,0.18732429144362756,2000
114,1,evaluate,2.4513417730728784,0.508,0.25053695872912196,0.1517021069546331,0.18863306754896159,1500
114,2,evaluate,2.6809794207413993,0.406,0.18625051360133343,0.12216790473462621,0.147401921070047,1500
114,3,evaluate,2.1760345213115215,0.499,0.2820611035111719,0.15002340681595494,0.1957669176818547,2000
114,4,evaluate,2.4282269030809402,0.45266666666666666,0.24794943964235544,0.13568998041808916,0.1749845924827788,1500
114,5,evaluate,2.6903653790553412,0.4066666666666667,0.19470766363848124,0.12121843169937543,0.14832896939862694,1500
115,0,evaluate,2.623278240362803,0.4226666666666667,0.19485746606334842,0.1260200266469859,0.1517579019720101,1500
115,1,evaluate,2.553102985024452,0.43933333333333335,0.2520009321203969,0.13163944678538841,0.17249767940517619,1500
115,2,evaluate,2.1916749253869057,0.514,0.2842697176298191,0.152724504607115,0.1986487008661645,2000
115,3,evaluate,2.6506929621100426,0.489,0.23825657492955674,0.15282433291252642,0.18237260445627093,2000
115,4,evaluate,2.519644712408384,0.502,0.25209237476679336,0.14992850296817345,0.18768758941315053,1500
115,5,evaluate,2.6724067578713098,0.42,0.18859456826208745,0.126353018834808,0.15073017103360148,1500
116,0,evaluate,2.7501318951447806,0.406,0.18732014294978322,0.12217105441358149,0.14748130324159744,1500
116,1,evaluate,2.681739995876948,0.416,0.19514171525163354,0.12418780599773835,0.15116992515155764,1500
116,2,evaluate,2.439847389856974,0.5133333333333333,0.25416637391976393,0.1533940925971847,0.19104935950541652,1500
116,3,evaluate,2.539388209581375,0.4573333333333333,0.2541538808755194,0.13694452988035555,0.1774286208319094,1500
116,4,evaluate,2.5769799314439297,0.5035,0.238613372893909,0.15736639076394315,0.18583039611956118,2000
116,5,evaluate,2.231197539716959,0.5115,0.28403463203463203,0.15344469794276203,0.1992262195924714,2000
117,0,evaluate,2.4728686610857644,0.4726666666666667,0.2518141633375547,0.14151559888864967,0.1804864851018697,1500
117,1,evaluate,2.3374505937099457,0.5346666666666666,0.25239886576222637,0.15970669624373673,0.1952214531997553,1500
117,2,evaluate,2.8213012566169104,0.39,0.19731930989506136,0.11660787882120996,0.14630738333381316,1500
117,3,evaluate,2.30543664470315,0.5005,0.28431274322804223,0.15275247450490143,0.19850130969599006,2000
117,4,evaluate,2.8891225854555764,0.38533333333333336,0.1866828898466061,0.11591191234034448,0.14296236824309405,1500
117,5,evaluate,2.436240404844284,0.5285,0.23625473581179102,0.1652684801023443,0.19120996827691422,2000
118,0,evaluate,2.408233404159546,0.4826666666666667,0.2508502824406714,0.14451037533704467,0.18265593259752017,1500
118,1,evaluate,2.2776757180690765,0.5473333333333333,0.25254993541510395,0.16343164899933543,0.19783323661040528,1500
118,2,evaluate,2.9861712555090585,0.372,0.19011635735526483,0.11183948310750735,0.1407605227915081,1500
118,3,evaluate,2.3273825608193874,0.5505,0.2364438878907646,0.1713022624883254,0.19595452940802216,2000
118,4,evaluate,2.3160002268850803,0.487,0.28369362387551667,0.1503610972944905,0.19607958396932296,2000
118,5,evaluate,2.9633173644542694,0.37333333333333335,0.19734091596803188,0.11179938368108637,0.1424984906470185,1500
119,0,evaluate,2.4170767863591514,0.4826666666666667,0.24983191493713713,0.14452798367832353,0.18222994763570824,1500
119,1,evaluate,3.052588110168775,0.36866666666666664,0.19808478877444394,0.11050849643491123,0.14146858157522207,1500
119,2,evaluate,3.091057240962982,0.352,0.18870141018712056,0.10576996211292407,0.1353807895946261,1500
119,3,evaluate,2.241872082153956,0.55,0.2510786312931085,0.16420940684786883,0.1978225910013908,1500
119,4,evaluate,2.301479794085026,0.4865,0.2826750834511514,0.15146085046764018,0.19653631153539464,2000
119,5,evaluate,2.28799432143569,0.5595,0.23697943941170743,0.17420512110104386,0.19846483844121604,2000
120,0,evaluate,2.2784897312521935,0.4935,0.2823332824380859,0.15314734084724546,0.19797280905162098,2000
120,1,evaluate,2.4544458190600076,0.482,0.2503051400353563,0.1443861173479326,0.1823911124262843,1500
120,2,evaluate,2.30470172688365,0.558,0.23695689404448017,0.1742491317946652,0.19835901927024152,2000
120,3,evaluate,3.1190076569716134,0.352,0.1889568232383654,0.10575542156199616,0.13543111527270327,1500
120,4,evaluate,2.247171327471733,0.5593333333333333,0.2521634745372719,0.1669558860222542,0.1998550136457745,1500
120,5,evaluate,3.0836645364761353,0.37,0.19970139059360478,0.11081144789691233,0.14231167357132152,1500
121,0,evaluate,2.4518870065609613,0.47933333333333333,0.24733769065353636,0.14362021857923496,0.18100331805834557,1500
121,1,evaluate,3.067731022834778,0.36133333333333334,0.18572953111863422,0.10863599226749414,0.13700503022691335,1500
121,2,evaluate,2.323084130883217,0.56,0.256864956516983,0.1670855675855479,0.2009059780152494,1500
121,3,evaluate,2.203488264232874,0.5095,0.2835086183369354,0.15683464731217384,0.20153844999232184,2000
121,4,evaluate,3.0834947427113852,0.37333333333333335,0.2004673732419751,0.111711713097623,0.1433182632597612,1500
121,5,evaluate,2.379375148564577,0.547,0.2378005234788235,0.17227335850765307,0.19668994074761395,2000
122,0,evaluate,2.4066809316476188,0.48133333333333334,0.2460623260099875,0.14421403233578364,0.1813941212910359,1500
122,1,evaluate,3.086185395717621,0.37266666666666665,0.20102993496842933,0.11135139677459427,0.14282277847683905,1500
122,2,evaluate,2.450386416167021,0.53,0.2380351540780567,0.1670621548836881,0.19314696960685185,2000
122,3,evaluate,2.1260473616421223,0.5295,0.2839286258296159,0.16113858085127936,0.20543397589104093,2000
122,4,evaluate,2.4587055842081704,0.5466666666666666,0.2573162766825689,0.16313114156596487,0.1981602954855881,1500
122,5,evaluate,2.9830323358376822,0.37266666666666665,0.18425381456083553,0.11213663430573648,0.1393791362388998,1500
123,0,evaluate,3.002817392349243,0.3993333333333333,0.203854462837069,0.11911115200588884,0.1492070863924699,1500
123,1,evaluate,2.8758795162041983,0.392,0.1836785093364041,0.11806222177569085,0.14352992332329537,1500
123,2,evaluate,2.062864024192095,0.542,0.2824718045112782,0.1627283271691554,0.20643415004763188,2000
123,3,evaluate,2.6013743430376053,0.5133333333333333,0.2560206906318793,0.15317925795847523,0.19051834423951705,1500
123,4,evaluate,2.555001739412546,0.511,0.23745174742840341,0.16023094024356782,0.18784973963727794,2000
123,5,evaluate,2.4207099626461663,0.48133333333333334,0.24916152492214846,0.14419309199397165,0.18233308773448992,1500
124,0,evaluate,2.661115894714991,0.5013333333333333,0.25541715067879345,0.14960386983110183,0.18761579703112585,1500
124,1,evaluate,2.5927743911743164,0.5095,0.2392422545872293,0.15904256267961586,0.18762748130665688,2000
124,2,evaluate,2.4428880363702774,0.472,0.24860631433483493,0.14141750991910929,0.17992379455856117,1500
124,3,evaluate,2.9563792794942856,0.4066666666666667,0.2035389179764043,0.12124433065696882,0.15051867136424382,1500
124,4,evaluate,2.830955356359482,0.396,0.1827726974850325,0.11926796610494003,0.14406886227928953,1500
124,5,evaluate,2.049678649753332,0.5445,0.28103227390834273,0.16241737052017058,0.2057833117884426,2000
125,0,evaluate,2.4407292207082114,0.4693333333333333,0.24822668379171958,0.1406432811490788,0.17928826502389014,1500
125,1,evaluate,2.121436446905136,0.5315,0.27947928904512476,0.15872562990569836,0.202393510801144,2000
125,2,evaluate,2.5028208196163177,0.5285,0.238557384090421,0.16425158375137666,0.19107862371904105,2000
125,3,evaluate,2.576944331328074,0.5086666666666667,0.25355176357289033,0.15178411448737497,0.18875976981755227,1500
125,4,evaluate,2.8392849067846933,0.38666666666666666,0.1810632205051729,0.11648635695149115,0.14147524805180955,1500
125,5,evaluate,2.9338185687859855,0.406,0.2038656504785537,0.12097755633063338,0.1503136088069701,1500
126,0,evaluate,2.8339501519997916,0.39066666666666666,0.18338907176275163,0.11766942119098238,0.14307571231166347,1500
126,1,evaluate,2.4454999677836895,0.537,0.23987371619565448,0.1662603575251406,0.1934172190703693,2000
126,2,evaluate,2.4722940921783447,0.524,0.25340392897109987,0.15640186802952588,0.19245713861804112,1500
126,3,evaluate,2.2299059629440308,0.508,0.27962868371866756,0.15255280323738885,0.19734702610183996,2000
126,4,evaluate,2.460377852121989,0.4553333333333333,0.24840362049555198,0.136333338459488,0.17583447529031285,1500
126,5,evaluate,2.8926133761803308,0.4,0.20066503316503317,0.11913639074998587,0.14790724259367238,1500
127,0,evaluate,2.8749189972877502,0.3893333333333333,0.18596116844918503,0.11720250669941115,0.14351457146332108,1500
127,1,evaluate,2.433695510029793,0.524,0.2509384877845741,0.15640090146384172,0.1918961864535652,1500
127,2,evaluate,2.4404099533955255,0.4653333333333333,0.24853400612716947,0.1391894011626119,0.1780069813176846,1500
127,3,evaluate,2.2464021928608418,0.507,0.27877799837232325,0.15346738161675594,0.197778512678642,2000
127,4,evaluate,2.430159270763397,0.54,0.23918604834492901,0.16794223100134092,0.19454739364423396,2000
127,5,evaluate,2.930353676279386,0.3973333333333333,0.198156179138322,0.11840099303801663,0.14680452061425847,1500
128,0,evaluate,2.4432388643423715,0.5293333333333333,0.2531866915178304,0.15805254359967993,0.19397240752925282,1500
128,1,evaluate,2.408824230233828,0.4766666666666667,0.24649410829091228,0.1424771886117348,0.17982462222884926,1500
128,2,evaluate,2.9054990112781525,0.382,0.18631000275500054,0.11490196438152536,0.14195251619864718,1500
128,3,evaluate,2.9879747231801352,0.394,0.20038634976364764,0.1175768158403037,0.14735082452572587,1500
128,4,evaluate,2.240461766719818,0.5075,0.27846130477709424,0.15398253057194752,0.19801371568290826,2000
128,5,evaluate,2.4671855345368385,0.536,0.23988385076374094,0.16671420784817595,0.19418389960338273,2000
129,0,evaluate,2.913878401120504,0.384,0.18549307311559665,0.11542947517431852,0.14202512077512824,1500
129,1,evaluate,2.359458009401957,0.484,0.24549122812936597,0.14473889931207004,0.18162367031132098,1500
129,2,evaluate,3.07578152914842,0.38,0.19933134307722852,0.11350540740492894,0.14412546214790062,1500
129,3,evaluate,2.2047169357538223,0.5185,0.2780747404386795,0.15849035650954738,0.2014446594082444,2000
129,4,evaluate,2.4880168735980988,0.53,0.2547116621478147,0.15822989919352545,0.194435389404117,1500
129,5,evaluate,2.4916573613882065,0.53,0.2405706558713178,0.16593628941877323,0.19398773488214394,2000
130,0,evaluate,2.9173927307128906,0.378,0.1869776707695138,0.11359335241806656,0.1411084122623182,1500
130,1,evaluate,2.4860242195427418,0.5285,0.23948992304882416,0.1656146977675516,0.1933961557356915,2000
130,2,evaluate,2.1849850453436375,0.5195,0.2803197346087593,0.15937726209596476,0.20280544117154972,2000
130,3,evaluate,2.525117869178454,0.5193333333333333,0.2534482859380296,0.15502157379411882,0.19143292177777932,1500
130,4,evaluate,2.3527462234099707,0.492,0.24840393804293653,0.14724502506689632,0.18461201618070916,1500
130,5,evaluate,3.1163191298643746,0.37266666666666665,0.1971274034171561,0.11131624841821179,0.14189481035375345,1500
131,0,evaluate,2.4336468428373337,0.48533333333333334,0.25096840373713447,0.1453849998462154,0.18397547250485194,1500
131,1,evaluate,2.936663935581843,0.38666666666666666,0.19028467725665302,0.11621149763608389,0.14423821223821226,1500
131,2,evaluate,2.255352593958378,0.5095,0.28144680073835604,0.15654475427496023,0.2008068613188688,2000
131,3,evaluate,2.494303524494171,0.532,0.24022549490996484,0.16692920939474723,0.19463716310237272,2000
131,4,evaluate,2.5389506816864014,0.5246666666666666,0.25359757296432217,0.1566168556210487,0.19251752684975618,1500
131,5,evaluate,3.099614401658376,0.37333333333333335,0.19711806958473627,0.1115997524263487,0.1423244134299546,1500
132,0,evaluate,2.540791546305021,0.5246666666666666,0.2520106654044886,0.15664194789043395,0.19216868865613423,1500
132,1,evaluate,2.494933370500803,0.5355,0.23938304916946293,0.1680718167609161,0.19515249724497913,2000
132,2,evaluate,3.099620466430982,0.382,0.20032862414923036,0.11410521457130929,0.1450065979018505,1500
132,3,evaluate,2.5219379315773645,0.4746666666666667,0.2504837067852822,0.1423356811121705,0.18125286233965396,1500
132,4,evaluate,2.967838595310847,0.384,0.18802254649138314,0.11543327960229166,0.14304204719899194,1500
132,5,evaluate,2.324308406561613,0.5005,0.2827482646500742,0.15311962601115847,0.19828109372866404,2000
133,0,evaluate,2.616263379653295,0.5206666666666667,0.253314639905549,0.15544674177434586,0.1917536327514779,1500
133,1,evaluate,3.1504327903191247,0.37666666666666665,0.2024004804392588,0.11234373932361064,0.14374800283852726,1500
133,2,evaluate,2.999100923538208,0.38466666666666666,0.18580592780813227,0.11570807808527181,0.142561967297299,1500
133,3,evaluate,2.5473249405622482,0.4746666666666667,0.25116006907821553,0.1424146751555788,0.1813432203472131,1500
133,4,evaluate,2.3120202980935574,0.5065,0.2834227207158279,0.15510884379634732,0.19994286951546872,2000
133,5,evaluate,2.4373378939926624,0.542,0.23907277051641668,0.16887944325969687,0.19597027606120435,2000
134,0,evaluate,3.0086843570073447,0.39066666666666666,0.18856630833035257,0.11749732785559738,0.14465730032716534,1500
134,1,evaluate,2.5819470981756845,0.4593333333333333,0.2470649884526246,0.13783171346845877,0.1764619074475086,1500
134,2,evaluate,2.3497110418975353,0.5065,0.28239504840332325,0.15518810632160052,0.19951978823701158,2000
134,3,evaluate,3.136140058437983,0.37466666666666665,0.19989157515554068,0.11177739152083319,0.14272417850211302,1500
134,4,evaluate,2.640437791744868,0.5153333333333333,0.2528019008324405,0.15373526225569653,0.1900499330905045,1500
134,5,evaluate,2.373120803385973,0.545,0.23694762035453895,0.1685662562150982,0.19494092216578152,2000
135,0,evaluate,3.0985443790753684,0.382,0.19820514588216614,0.1140225308431875,0.14431387480862742,1500
135,1,evaluate,3.0178140997886658,0.38,0.18453988874622185,0.11431402217540473,0.1409399078902902,1500
135,2,evaluate,2.5796432395776114,0.4553333333333333,0.2463950619188001,0.13653225889131526,0.1749896494603563,1500
135,3,evaluate,2.6884672741095224,0.5086666666666667,0.25210817405270974,0.15178372529854106,0.18857717868633497,1500
135,4,evaluate,2.3012238070368767,0.5205,0.28202473137013306,0.15859916414879663,0.20253683440958598,2000
135,5,evaluate,2.397491477429867,0.5395,0.2372023027767817,0.16707961373592614,0.19324966146473002,2000
136,0,evaluate,2.579884797334671,0.462,0.24853598424282058,0.1383199540696542,0.17693867813277717,1500
136,1,evaluate,3.013040761152903,0.38066666666666665,0.18438770423053552,0.11440826040966093,0.14090274980392486,1500
136,2,evaluate,2.7504091560840607,0.49666666666666665,0.24997742523093414,0.14830446360993912,0.18540202925744467,1500
136,3,evaluate,3.0548963298400245,0.38466666666666666,0.1963642943287484,0.11496680920868349,0.14471646104560015,1500
136,4,evaluate,2.237938065081835,0.5415,0.28182690322038007,0.1636334822800229,0.20689973305995313,2000
136,5,evaluate,2.530570238828659,0.518,0.2406944714454656,0.16122809617884928,0.18879468102913238,2000
137,0,evaluate,3.0554349571466446,0.3933333333333333,0.1995451860231272,0.11771453124777657,0.14798674936842143,1500
137,1,evaluate,3.0159244438012442,0.38866666666666666,0.1853808203966207,0.11672751590271704,0.14283971332385875,1500
137,2,evaluate,2.824763963619868,0.4846666666666667,0.24787382174295472,0.14473312993331883,0.18171100721982675,1500
137,3,evaluate,2.1405638866126537,0.556,0.27904616831191953,0.1658535000715574,0.20796421199950915,2000
137,4,evaluate,2.551403562227885,0.472,0.24710152412780392,0.1410844123888906,0.1787480286222209,1500
137,5,evaluate,2.7193703576922417,0.4915,0.24171579250237646,0.15404796082742625,0.18210848183977227,2000
138,0,evaluate,2.824938421448072,0.482,0.24886415844042964,0.14395903734670462,0.18144799518033006,1500
138,1,evaluate,2.8011639788746834,0.4815,0.24196157843120777,0.15156748496420336,0.17961561860396769,2000
138,2,evaluate,3.092807744940122,0.39,0.19648373393165947,0.11665557443894352,0.1463666792416584,1500
138,3,evaluate,2.1333279833197594,0.565,0.2792422357308696,0.1679696516939096,0.20962091607514152,2000
138,4,evaluate,2.5535950710376105,0.47933333333333333,0.24736471861471862,0.1433066260675217,0.1806260270344005,1500
138,5,evaluate,3.029112766186396,0.38466666666666666,0.18828483407700167,0.11551113710470048,0.14293092678526598,1500
139,0,evaluate,3.027117003997167,0.38866666666666666,0.18638529306005033,0.11679424667395502,0.14354375470702846,1500
139,1,evaluate,2.7416837910811105,0.49933333333333335,0.2504556871486945,0.14912970730100794,0.18624405809059724,1500
139,2,evaluate,2.572906489173571,0.47933333333333333,0.24842689625160252,0.14339418078922278,0.1813798565678265,1500
139,3,evaluate,2.733600102365017,0.4985,0.240947879897423,0.15584166574262692,0.18465500346223157,2000
139,4,evaluate,3.13081123928229,0.392,0.19660823694688107,0.11726535531600701,0.14688957558831667,1500
139,5,evaluate,2.190652020275593,0.556,0.28100735249531295,0.16546229989078315,0.20823444173010222,2000
140,0,evaluate,2.395925983786583,0.509,0.28188559029243154,0.15345974938590393,0.19862356891681654,2000
140,1,evaluate,3.0440915127595267,0.384,0.1851806409464744,0.11545812724747803,0.14223034840112952,1500
140,2,evaluate,3.1896397223075232,0.39066666666666666,0.1972690407130318,0.11663738010875446,0.14639542718593496,1500
140,3,evaluate,2.6384003261725106,0.4713333333333333,0.24657330587181397,0.14113954418232705,0.17933006431471324,1500
140,4,evaluate,2.6043390929698944,0.5253333333333333,0.24974298522026003,0.1567733743970796,0.19163125449898788,1500
140,5,evaluate,2.547816600650549,0.534,0.2384716462754458,0.16670671664962983,0.19291960761770696,2000
141,0,evaluate,2.481056809425354,0.5473333333333333,0.25326926293487956,0.16327973962850598,0.1968509888339463,1500
141,1,evaluate,2.578052293509245,0.4625,0.2826367551409694,0.14314394432232938,0.1894815533980355,2000
141,2,evaluate,2.3809128254652023,0.5625,0.2363411414318922,0.17548992465886143,0.1987247872796413,2000
141,3,evaluate,3.3015153855085373,0.366,0.19446852993042815,0.10905548831633635,0.13904775258353358,1500
141,4,evaluate,2.6834068397680917,0.4553333333333333,0.24712835526644614,0.13649560688545095,0.17579422687653015,1500
141,5,evaluate,3.124463031689326,0.37133333333333335,0.18343700317586878,0.11168068165744158,0.13878023770553302,1500
142,0,evaluate,2.4319482346375785,0.5553333333333333,0.25747214093044085,0.1656958215069177,0.19927125177600763,1500
142,1,evaluate,2.286997824907303,0.582,0.23684311522273985,0.18068506615442134,0.20299583629454565,2000
142,2,evaluate,2.6960935095945993,0.4573333333333333,0.24597049362204948,0.1372904684280134,0.17609531804689085,1500
142,3,evaluate,2.671892389655113,0.4485,0.2846648070805414,0.13994151295088392,0.18690167352051995,2000
142,4,evaluate,3.197749803463618,0.36666666666666664,0.1845408851047777,0.11030940749151981,0.13785626333130221,1500
142,5,evaluate,3.402431378761927,0.34933333333333333,0.19377146591238195,0.10405065978403712,0.1344223481107503,1500
143,0,evaluate,2.563261702656746,0.5333333333333333,0.25928253027489667,0.1590136093889772,0.1942537558467305,1500
143,1,evaluate,3.4951654573281608,0.3373333333333333,0.192311908920858,0.10045455058241726,0.1310454833736167,1500
143,2,evaluate,2.359184354543686,0.572,0.2398084634997648,0.17770581586646497,0.2022661394549023,2000
143,3,evaluate,3.1977200905481973,0.364,0.18326206643113677,0.10952239516987967,0.1367491597263159,1500
143,4,evaluate,2.45668563619256,0.48,0.2823637314057672,0.14715099164905573,0.19320136650363004,2000
143,5,evaluate,2.5619909316301346,0.472,0.24369105990075504,0.14160617804160386,0.1791079134781556,1500
144,0,evaluate,3.127615769704183,0.384,0.1866725589225589,0.11552702557414445,0.1423087870429402,1500
144,1,evaluate,2.7735789914925895,0.49866666666666665,0.2588273360704644,0.14867902262735871,0.18668352101602648,1500
144,2,evaluate,2.432848980029424,0.4886666666666667,0.24423630950972114,0.14646859205035936,0.1830629340541364,1500
144,3,evaluate,3.508202696839968,0.3413333333333333,0.19713845215505557,0.10158065046284812,0.13257592793029885,1500
144,4,evaluate,2.547470945864916,0.532,0.24028369060291438,0.16451042966833337,0.19338986008934672,2000
144,5,evaluate,2.210654530674219,0.528,0.2831419701678482,0.15917678079734082,0.20366588862453688,2000
145,0,evaluate,2.410449261466662,0.49466666666666664,0.2439378513191135,0.1481622479213443,0.1840370715977191,1500
145,1,evaluate,2.0167307890951633,0.572,0.28350655157310756,0.16886572548712722,0.21155768446343254,2000
145,2,evaluate,3.0644188721974692,0.3953333333333333,0.1844486314708008,0.11892263242274874,0.144497799684248,1500
145,3,evaluate,2.849488075822592,0.4865,0.24376498560612408,0.15112131525252873,0.18395744154321464,2000
145,4,evaluate,3.4406022975842157,0.364,0.20025361216179008,0.10843163143113647,0.13880831603565488,1500
145,5,evaluate,2.978739062945048,0.4673333333333333,0.25894565960355437,0.13934645777380433,0.17981868282423152,1500
146,0,evaluate,3.0466053783893585,0.4053333333333333,0.18587994268728214,0.1218952738070745,0.1472307819030214,1500
146,1,evaluate,2.9762748032808304,0.4735,0.24221712655099498,0.14795892390572635,0.18027656220876384,2000
146,2,evaluate,2.0539599396288395,0.558,0.2821666559276335,0.16536538485362903,0.20843598795299695,2000
146,3,evaluate,2.4907885442177453,0.49,0.24431436143470528,0.14670665067306413,0.1828460457273967,1500
146,4,evaluate,3.3010468035936356,0.386,0.200574771740094,0.11508685909774838,0.14428772664963097,1500
146,5,evaluate,2.9626089185476303,0.466,0.25441078647387616,0.13894522730926195,0.17873549905497657,1500
147,0,evaluate,2.8325674633185067,0.49066666666666664,0.253981405279461,0.1463615776959371,0.18470854379392193,1500
147,1,evaluate,3.137596348921458,0.3973333333333333,0.19435585245694656,0.11854906674655892,0.1458100442155504,1500
147,2,evaluate,2.9453024193644524,0.483,0.2425481882729535,0.15278973924484882,0.18315993109945436,2000
147,3,evaluate,2.6378297408421836,0.4666666666666667,0.24678615724002836,0.13981266467771863,0.17816155480277288,1500
147,4,evaluate,2.213252805173397,0.5205,0.28373176031170017,0.15614865186438048,0.20142245759928468,2000
147,5,evaluate,3.043820768594742,0.406,0.1861778535745995,0.12208738981566558,0.1473792872177831,1500
148,0,evaluate,3.0620145996411643,0.41,0.18529864793259057,0.12328673313281684,0.14790539662389868,1500
148,1,evaluate,2.8082338770230613,0.43866666666666665,0.24694336328924332,0.1316810198997324,0.17141414710425312,1500
148,2,evaluate,3.0601993749539056,0.412,0.19367475335410186,0.1230058860276646,0.14951760077930448,1500
148,3,evaluate,2.803481437265873,0.5195,0.24091474774087382,0.1637529756498791,0.19123453956783015,2000
148,4,evaluate,2.407291065901518,0.486,0.2835299471771192,0.14691946850074902,0.19337647945692055,2000
148,5,evaluate,2.7152876059214273,0.5106666666666667,0.250857939352563,0.15239378039726956,0.1889478812724106,1500
149,0,evaluate,2.650249995291233,0.5375,0.23950470976501276,0.16805755131480787,0.19450558432098836,2000
149,1,evaluate,3.104048619667689,0.406,0.18665031776733904,0.12205190770171184,0.14741084013266553,1500
149,2,evaluate,2.4738878570497036,0.48,0.28416666158701986,0.14548198000305065,0.19171752081397936,2000
149,3,evaluate,2.6708464920520782,0.5186666666666667,0.2518271658896659,0.15474732619663514,0.1909942954902478,1500
149,4,evaluate,3.0895342926184335,0.41133333333333333,0.19165411028528898,0.12278254477561523,0.14875135916759535,1500
149,5,evaluate,2.8843280375003815,0.444,0.2497993136924387,0.13345003024431254,0.1734936186189511,1500
150,0,evaluate,2.8053956429163613,0.464,0.24848953234851806,0.13945885748264797,0.17784776634640148,1500
150,1,evaluate,3.1994753380616507,0.3873333333333333,0.18678188053122025,0.11644332921529818,0.14342228800600404,1500
150,2,evaluate,2.6034455001354218,0.5385,0.23926719527808307,0.16708313274424957,0.1940660730077393,2000
150,3,evaluate,2.7354721625645957,0.516,0.2516181550312648,0.1538923584085777,0.18999265713189764,1500
150,4,evaluate,3.2286021610101066,0.392,0.19418888697456888,0.11698971618126874,0.1452637681571615,1500
150,5,evaluate,2.3385175429284573,0.5005,0.28180952905577356,0.15196917442021532,0.19636819484500762,2000
151,0,evaluate,2.5236987099051476,0.551,0.24120570120282836,0.169806626031252,0.19708711727625525,2000
151,1,evaluate,3.3647901713848114,0.36466666666666664,0.18772249347696918,0.1096329124817959,0.13840353959292484,1500
151,2,evaluate,2.212663009762764,0.523,0.2809814268287462,0.1596804547789341,0.20249911530684242,2000
151,3,evaluate,2.74851726492246,0.5133333333333333,0.2530237080738556,0.1531157553137449,0.1897266873910861,1500
151,4,evaluate,3.4001585642496743,0.36533333333333334,0.19582243559886783,0.10898094508472334,0.1395430350360467,1500
151,5,evaluate,2.731873035430908,0.48533333333333334,0.2463954439014858,0.14578924840320281,0.1823121932154818,1500
152,0,evaluate,2.670975625514984,0.498,0.24588216246116607,0.14947164723854048,0.18494683304050308,1500
152,1,evaluate,2.765145460764567,0.5046666666666667,0.25323837891938467,0.1504846730310092,0.18746311505970834,1500
152,2,evaluate,2.126753117889166,0.539,0.2781123005719082,0.16511603541512074,0.20647899417313012,2000
152,3,evaluate,3.431966950496038,0.34933333333333333,0.18520402656529467,0.10505174646376299,0.13401732271440095,1500
152,4,evaluate,3.5256733198960624,0.3486666666666667,0.19726591702603685,0.10403627930851163,0.13584924525282166,1500
152,5,evaluate,2.5150743685662746,0.5485,0.24302285265094223,0.1690188373940062,0.1971571742699727,2000
153,0,evaluate,2.7749673575162888,0.5113333333333333,0.2562311686989176,0.15242791289864208,0.18927188864179229,1500
153,1,evaluate,3.4319218695163727,0.344,0.184535382918936,0.10352666070765018,0.13242778881077438,1500
153,2,evaluate,3.5960999578237534,0.33866666666666667,0.19653282497319197,0.10100563335178085,0.1330365124563658,1500
153,3,evaluate,2.61313658952713,0.49933333333333335,0.24644912109186565,0.14961999815458432,0.18557894804605904,1500
153,4,evaluate,2.505842238664627,0.554,0.24436268926450713,0.1703311664689977,0.19856089401364466,2000
153,5,evaluate,2.1139767430722713,0.54,0.2775384508913961,0.16585243217587084,0.2071307157155778,2000
154,0,evaluate,2.4995180517435074,0.55,0.24227602157866662,0.17045902990254624,0.1974101473194602,2000
154,1,evaluate,2.2248517498373985,0.5215,0.2785351988961092,0.16108383508080495,0.20348205953126247,2000
154,2,evaluate,3.366293956836065,0.35,0.18567647854893848,0.1053407581231621,0.1342612204378578,1500
154,3,evaluate,3.5477754324674606,0.3486666666666667,0.20027017666257035,0.10405381342520428,0.13655798144444667,1500
154,4,evaluate,2.6392653634150824,0.4786666666666667,0.24481420588854125,0.14324065245696596,0.18045322930212399,1500
154,5,evaluate,2.6773154040177665,0.5266666666666666,0.2577797808042862,0.15704721038332745,0.1933660454972091,1500
155,0,evaluate,3.461054816842079,0.356,0.19941564266612505,0.10631648686425126,0.13839530714958337,1500
155,1,evaluate,3.22433673342069,0.368,0.18333022677850264,0.11074799728444044,0.1378828437538317,1500
155,2,evaluate,2.707449346780777,0.4653333333333333,0.24899947814058243,0.13914752047898787,0.17813578342437092,1500
155,3,evaluate,2.5350001752376556,0.545,0.23964049474547827,0.17021754539197875,0.19531368939780608,2000
155,4,evaluate,2.6053009827931723,0.5366666666666666,0.25453087900512605,0.15995811623443243,0.19438741292756237,1500
155,5,evaluate,2.399768527597189,0.4905,0.2785122472682523,0.15039934533790097,0.19468328785858785,2000
156,0,evaluate,3.054515093564987,0.38666666666666666,0.180185113390557,0.11631544904800775,0.14125811474611694,1500
156,1,evaluate,2.568477859099706,0.5333333333333333,0.2533501749275815,0.15905994047781208,0.1939073833557997,1500
156,2,evaluate,2.808013300100962,0.446,0.251183606211117,0.13331505859194787,0.1734204912992489,1500
156,3,evaluate,2.677008219063282,0.5245,0.24134200998824226,0.16603555464811337,0.1916163349832316,2000
156,4,evaluate,3.2919346491495767,0.37533333333333335,0.19675350612462275,0.1120533351229606,0.14235583648183506,1500
156,5,evaluate,2.5180223658680916,0.4795,0.28114100396088776,0.14469787829588066,0.19059413181378101,2000
157,0,evaluate,2.7940397759278617,0.44666666666666666,0.2526501232813204,0.13366891704856518,0.1742419632673003,1500
157,1,evaluate,2.9335065682729087,0.41,0.18337822038630272,0.12328965709145054,0.1473833497770417,1500
157,2,evaluate,2.6444907436768212,0.5206666666666667,0.25492255319188817,0.15523210813645383,0.19123290152107822,1500
157,3,evaluate,2.7766328677535057,0.5025,0.24159853032602183,0.1594352072258766,0.18629797349557817,2000
157,4,evaluate,2.487834870815277,0.4875,0.28094221666683694,0.14527318817762674,0.19136798202396793,2000
157,5,evaluate,3.2477926264206567,0.38266666666666665,0.19782457283583027,0.11422415555809384,0.14406495247797557,1500
158,0,evaluate,3.2562365233898163,0.3873333333333333,0.19957988236243535,0.1155927396770492,0.1453650999030595,1500
158,1,evaluate,2.8160761818289757,0.5,0.24044602477140167,0.15834960685531,0.18530664462409258,2000
158,2,evaluate,2.7334007372458777,0.46,0.2519454875302781,0.1378167707276064,0.1780930802659436,1500
158,3,evaluate,2.375271797180176,0.509,0.2812178813974655,0.15193813817628418,0.19727304847481592,2000
158,4,evaluate,2.756430208683014,0.512,0.25538828657980206,0.15254369897912565,0.18886585413053242,1500
158,5,evaluate,2.9254107077916465,0.41333333333333333,0.18453513009577083,0.12426563574272649,0.14851387320370385,1500
159,0,evaluate,3.3521809776624045,0.38133333333333336,0.20191806561334213,0.11378262015533092,0.14361389514235476,1500
159,1,evaluate,2.9003948817650476,0.496,0.25642342888932135,0.1477026479431282,0.1849160017096372,1500
159,2,evaluate,3.0221926073233285,0.402,0.18314867533458495,0.1208564704667211,0.1455790108923884,1500
159,3,evaluate,2.6588045756022134,0.476,0.25088081049556576,0.14283712156163175,0.18167449503808192,1500
159,4,evaluate,2.8425688296556473,0.5025,0.2407898936062088,0.15890010976316063,0.1865001341931319,2000
159,5,evaluate,2.2437851801514626,0.527,0.2808215422240662,0.15850962628079512,0.2023105727394011,2000
160,0,evaluate,3.4362357457478843,0.37333333333333335,0.20243274929747992,0.11136344406844326,0.14195315664282915,1500
160,1,evaluate,2.1698470190167427,0.541,0.2809782689093034,0.16388470123670168,0.20621787179072362,2000
160,2,evaluate,3.189952790737152,0.38666666666666666,0.18296314598713978,0.11628311661300925,0.14214098098798583,1500
160,3,evaluate,2.9510392049948373,0.49266666666666664,0.2565222237229801,0.14667302325746023,0.1838709982729166,1500
160,4,evaluate,2.6345613102118173,0.4826666666666667,0.2493170646531882,0.14487774121120783,0.1820662298881312,1500
160,5,evaluate,2.8156359642744064,0.5085,0.2417213629487161,0.16000245203498123,0.18825093396223452,2000
161,0,evaluate,3.468170096476873,0.37066666666666664,0.19835096672920843,0.11054447807046389,0.14066211190403335,1500
161,1,evaluate,2.6648880342642465,0.476,0.2494806363227416,0.14288971590850838,0.1798792289344912,1500
161,2,evaluate,2.7680592611432076,0.5145,0.24373878578506197,0.16044138022863802,0.19040969136025748,2000
161,3,evaluate,2.1915884725749493,0.537,0.282231996014383,0.1637766139365376,0.2061704755506602,2000
161,4,evaluate,2.9710854291915894,0.49533333333333335,0.2554587593982339,0.14759554814100112,0.1852232663448384,1500
161,5,evaluate,3.328843891620636,0.36866666666666664,0.18354514849951054,0.11090246362364937,0.13813452946463722,1500
162,0,evaluate,2.66678054134051,0.49266666666666664,0.2542285876117652,0.14786990332072297,0.18529154650331525,1500
162,1,evaluate,2.9891251027584076,0.492,0.2560540963517444,0.14673674932541,0.1854812759704064,1500
162,2,evaluate,2.7105274200439453,0.525,0.24414429082024372,0.1619491970254643,0.19244814775720637,2000
162,3,evaluate,3.4445267220338187,0.36333333333333334,0.1979023663137935,0.10836111037397952,0.13909930069535656,1500
162,4,evaluate,2.2452082745730877,0.5305,0.28242536999614576,0.16189612250719934,0.20504738003116252,2000
162,5,evaluate,3.403162787357966,0.3606666666666667,0.18384910362424284,0.10848175164860681,0.13636185316644872,1500
163,0,evaluate,3.4031960566838584,0.35733333333333334,0.18336072008081056,0.1075043618451077,0.13547436786698094,1500
163,1,evaluate,2.358990363776684,0.5075,0.2831987849121231,0.15461753049711077,0.19964832816315464,2000
163,2,evaluate,2.7222705086072287,0.484,0.25666260595440116,0.14523213791406514,0.18456903149024756,1500
163,3,evaluate,3.363425155480703,0.366,0.1926218373332241,0.10918747653197414,0.1387467394000673,1500
163,4,evaluate,2.928663199146589,0.49266666666666664,0.2563851836605221,0.1470951610102234,0.1863059169174893,1500
163,5,evaluate,2.650117963552475,0.535,0.24444484465595445,0.16347330254164522,0.19396468528600644,2000
164,0,evaluate,2.7606725990772247,0.474,0.2541782746997104,0.14215598376034203,0.18198522393033725,1500
164,1,evaluate,2.8919927179813385,0.496,0.25606134391272845,0.14827784982042141,0.1875730252367312,1500
164,2,evaluate,3.386130154132843,0.362,0.18705369934532032,0.10888062587090423,0.13759685214603248,1500
164,3,evaluate,3.331525688370069,0.37333333333333335,0.1916187354004412,0.11148771163207724,0.1405182438721581,1500
164,4,evaluate,2.6048145294189453,0.549,0.24384085780931467,0.16700989729700635,0.1963716977422901,2000
164,5,evaluate,2.4354293271899223,0.494,0.2815714617438755,0.1503333824584035,0.19577078916061968,2000
165,0,evaluate,3.3341206163167953,0.37133333333333335,0.19052913688375972,0.11089128245125605,0.13965593295319526,1500
165,1,evaluate,2.8006016612052917,0.5186666666666667,0.25314409813165706,0.15493667937712555,0.19168237370009233,1500
165,2,evaluate,2.5451033003628254,0.4715,0.2816313363397138,0.1445449337711276,0.19069222019004362,2000
165,3,evaluate,2.776716709136963,0.47733333333333333,0.25579895431608646,0.14306897753719025,0.18343729106150464,1500
165,4,evaluate,3.364425927400589,0.36333333333333334,0.18452387559506384,0.10925432507350638,0.13715972987896044,1500
165,5,evaluate,2.570850621908903,0.5625,0.2429195677852817,0.17189201807120352,0.19940057635562763,2000
166,0,evaluate,2.7509534806013107,0.47533333333333333,0.25279433851349975,0.14243161709675103,0.1821395816827169,1500
166,1,evaluate,2.5324342027306557,0.468,0.2803429720524492,0.14376236243415413,0.18962279078162983,2000
166,2,evaluate,2.6279169768095016,0.559,0.24337678320253123,0.17257742242924956,0.19934810992432572,2000
166,3,evaluate,3.339808722337087,0.36866666666666664,0.18459240843887512,0.11084223551869665,0.1384056497083876,1500
166,4,evaluate,2.7762423306703568,0.526,0.25314939593741237,0.15706326242072538,0.19311365234677724,1500
166,5,evaluate,3.352141241232554,0.37466666666666665,0.19184504110174014,0.11198032063813287,0.1408599648950982,1500
167,0,evaluate,2.669254943728447,0.48133333333333334,0.2505262724233721,0.14419521934815818,0.18295421684189858,1500
167,1,evaluate,3.267232437928518,0.38133333333333336,0.1850373720256504,0.11461544765206362,0.14144348381282856,1500
167,2,evaluate,3.4031386325756707,0.366,0.19115688428541536,0.10937632964113744,0.1388425690237752,1500
167,3,evaluate,2.7479962445795536,0.5375,0.24345096017111495,0.16799702531088218,0.19562008986897414,2000
167,4,evaluate,2.8620650122563043,0.5246666666666666,0.254832085672697,0.15652556201069814,0.19285425394973288,1500
167,5,evaluate,2.4023780934512615,0.4965,0.2793754552560982,0.15137749574369294,0.1959801312065694,2000
168,0,evaluate,3.2117279966672263,0.39,0.18599660919512231,0.11724606751976782,0.14356349506245764,1500
168,1,evaluate,2.626118694742521,0.49066666666666664,0.2523866789320325,0.14705074380504207,0.1857998182516388,1500
168,2,evaluate,2.9959942400455475,0.5073333333333333,0.25485978184911734,0.15123367334823815,0.18847008230549106,1500
168,3,evaluate,3.444998105367025,0.37066666666666664,0.19627657959735617,0.11068394656911403,0.14112997143224432,1500
168,4,evaluate,2.854566268622875,0.517,0.2449898547238875,0.16217345631902164,0.19140972644880855,2000
168,5,evaluate,2.2583760134875774,0.5245,0.2806179464795986,0.1579709443802368,0.20199821805152265,2000
169,0,evaluate,2.736163705587387,0.48533333333333334,0.25355568943534124,0.14558199797004273,0.18495008494375206,1500
169,1,evaluate,3.0736820697784424,0.5013333333333333,0.2537849830783574,0.14949539185205468,0.1870294112924622,1500
169,2,evaluate,3.222775548696518,0.39666666666666667,0.1871088734880233,0.11930696609411826,0.1453856009598127,1500
169,3,evaluate,3.434563487768173,0.37866666666666665,0.1976015965347938,0.11288587716157425,0.1427352466950022,1500
169,4,evaluate,2.2258006297051907,0.5365,0.28111504285881506,0.15944275409232483,0.2034768151515692,2000
169,5,evaluate,2.9331058859825134,0.5095,0.24799022038850502,0.15997473006071455,0.19074015942981415,2000
170,0,evaluate,2.9859476163983345,0.5115,0.24721688034188033,0.15929460421515365,0.19014258207158535,2000
170,1,evaluate,3.253651569286982,0.39866666666666667,0.18536029060312298,0.11996566921977161,0.1454586738261222,1500
170,2,evaluate,3.409161537885666,0.38666666666666666,0.20002145436487848,0.11533095220605531,0.145321855559459,1500
170,3,evaluate,2.890741546948751,0.468,0.2542796620542574,0.1405053875885543,0.18092175065239322,1500
170,4,evaluate,2.2953526601195335,0.535,0.2815997184614748,0.15780000819560888,0.201993303666767,2000
170,5,evaluate,3.144317179918289,0.4866666666666667,0.2511439933383165,0.14518740939848113,0.18333665167324895,1500
171,0,evaluate,3.3157536586125693,0.392,0.18334987593052107,0.11791963857085803,0.1434805054859997,1500
171,1,evaluate,3.452476511398951,0.388,0.20078368864979748,0.11572245880940817,0.1457088696443047,1500
171,2,evaluate,2.9717471400896707,0.45666666666666667,0.25284890227444784,0.13736392622438204,0.1774699315245674,1500
171,3,evaluate,2.326298777014017,0.533,0.28106313317361303,0.1558627641367106,0.19973513542153035,2000
171,4,evaluate,3.2122702399889627,0.4766666666666667,0.2500026121183943,0.14218636469072612,0.1805427681203761,1500
171,5,evaluate,2.985226035118103,0.508,0.2449817493681885,0.1577936591117383,0.18811101311314524,2000
172,0,evaluate,2.9679696758588157,0.4493333333333333,0.24947003386583658,0.1353189749741129,0.1741523052464229,1500
172,1,evaluate,3.327153265476227,0.394,0.18525993319098455,0.11842512402291114,0.14448490884463377,1500
172,2,evaluate,3.275163253148397,0.4766666666666667,0.25015344991941046,0.14217150264223183,0.18046611654936223,1500
172,3,evaluate,3.5006497899691262,0.384,0.19975354250858626,0.11453128944054533,0.14452692758984148,1500
172,4,evaluate,2.926081143319607,0.515,0.24711016548463358,0.15930167236565734,0.19021708225894582,2000
172,5,evaluate,2.362919520586729,0.5285,0.2830581316033902,0.15544815433710557,0.19958948157061288,2000
173,0,evaluate,2.8501862784226737,0.472,0.2492351998950316,0.1420120925988579,0.17964600196373984,1500
173,1,evaluate,3.392216225465139,0.3913333333333333,0.1863258051183748,0.11755510185237301,0.14412865673843045,1500
173,2,evaluate,3.3462522327899933,0.474,0.2534616463795083,0.14128584419150161,0.1801357518564188,1500
173,3,evaluate,3.637867957353592,0.37266666666666665,0.20306438104995267,0.11119439415925143,0.14271766295511581,1500
173,4,evaluate,2.2981205135583878,0.547,0.2845692527292777,0.16296206458935822,0.20633384273831884,2000
173,5,evaluate,2.8553077429533005,0.5165,0.2462088906118757,0.158160854637507,0.1890165139752964,2000
174,0,evaluate,3.657709707816442,0.36866666666666664,0.2042943319385347,0.10999735337715869,0.1420915828420038,1500
174,1,evaluate,3.2525359392166138,0.47733333333333333,0.2573829735629396,0.14230581603312892,0.1816739940851869,1500
174,2,evaluate,3.4490102926890054,0.384,0.18723856593168323,0.1153300845935731,0.14265232763789648,1500
174,3,evaluate,2.7988829612731934,0.4886666666666667,0.2501836234412464,0.14683406124729595,0.1841173896937119,1500
174,4,evaluate,2.733140990138054,0.5275,0.24439715927391986,0.16225518677445844,0.19156016574706597,2000
174,5,evaluate,2.3012862391769886,0.545,0.28584855719581703,0.16560167849657778,0.2091331875269506,2000
175,0,evaluate,3.6121350824832916,0.36466666666666664,0.20353776062526427,0.1087818939204849,0.14114959503354413,1500
175,1,evaluate,2.4468648843467236,0.516,0.28606404861751694,0.15983552948930874,0.20443247746103704,2000
175,2,evaluate,2.805749108393987,0.482,0.2476617677109542,0.14458977947282622,0.18213756290679345,1500
175,3,evaluate,3.4619390269120536,0.38266666666666665,0.18853233350761273,0.11500857561128104,0.1428524361995783,1500
175,4,evaluate,3.10611829161644,0.48533333333333334,0.25638646017867683,0.1446215288339997,0.18302214371235473,1500
175,5,evaluate,2.6340924948453903,0.556,0.24608798318952077,0.17273082528486064,0.19989850482190058,2000
176,0,evaluate,2.5718342028558254,0.5615,0.2450877662361841,0.17535059783654403,0.20136879826820064,2000
176,1,evaluate,3.434697916110357,0.37066666666666664,0.1850109445509708,0.1114757636246547,0.13912311050113418,1500
176,2,evaluate,2.8780995508035025,0.4726666666666667,0.2504489178283199,0.1415308235680087,0.18041511978250951,1500
176,3,evaluate,2.921871374050776,0.5086666666666667,0.25652500648002896,0.1516312385508613,0.18884928485344613,1500
176,4,evaluate,3.474692702293396,0.37,0.20206119271644218,0.11036955674804214,0.1421302878384525,1500
176,5,evaluate,2.606352861970663,0.481,0.2874310334694071,0.15136299646708712,0.19728346508518757,2000
177,0,evaluate,3.025627384583155,0.454,0.2513150600709563,0.1357981166507756,0.17590527437180897,1500
177,1,evaluate,3.3166791448990502,0.3913333333333333,0.2007937556055901,0.11671618588381501,0.14696654564979691,1500
177,2,evaluate,3.344208319981893,0.37,0.18034059897959892,0.11137262944836324,0.1375674608946452,1500
177,3,evaluate,2.81248040497303,0.5173333333333333,0.2553433964331699,0.1542787268246258,0.19068815044197424,1500
177,4,evaluate,2.716729197651148,0.475,0.2886173446335087,0.14789224859647393,0.19480701427342265,2000
177,5,evaluate,2.5729841515421867,0.5525,0.24427753909994024,0.17288113218019074,0.19927794219508252,2000
178,0,evaluate,3.0506029228369393,0.45066666666666666,0.2501331434517463,0.13473997580454997,0.17466154521880245,1500
178,1,evaluate,3.245867222547531,0.3973333333333333,0.19882943734529201,0.11847708104101437,0.1475663545596931,1500
178,2,evaluate,3.269722859064738,0.37933333333333336,0.1792621776504298,0.11422195149657696,0.1392454916710633,1500
178,3,evaluate,2.8679505536953607,0.5066666666666667,0.2554103574347397,0.15118795487145661,0.18880755714635916,1500
178,4,evaluate,2.6606424748897552,0.5315,0.2448655638461558,0.1662917949648235,0.1948613097368706,2000
178,5,evaluate,2.6449041850864887,0.4835,0.28510146699554506,0.14699464163018397,0.19361254975666614,2000
179,0,evaluate,3.252361238002777,0.39266666666666666,0.20019097393350518,0.11710769248716782,0.14697114496899352,1500
179,1,evaluate,2.9861028095086417,0.452,0.2492177936512884,0.13521880991193266,0.17498618661814339,1500
179,2,evaluate,2.954103191693624,0.49733333333333335,0.2542349164297225,0.14852177352166424,0.18681812172166495,1500
179,3,evaluate,3.2698904474576316,0.382,0.1811340603551222,0.11497673303740599,0.14055264340759516,1500
179,4,evaluate,2.75826733186841,0.515,0.24473845136746494,0.16036215636220383,0.19081761722388801,2000
179,5,evaluate,2.489811025559902,0.5195,0.2829028314488813,0.1541794325981521,0.19945714256521616,2000
180,0,evaluate,2.768879611045122,0.516,0.24383657467357192,0.1600075642242304,0.19047021783837761,2000
180,1,evaluate,3.3830412228902182,0.37066666666666664,0.18306722327422964,0.11151016196089422,0.13858026403914975,1500
180,2,evaluate,2.9403146058321,0.5026666666666667,0.2541728348127598,0.15009350702174334,0.187935119846786,1500
180,3,evaluate,3.3243921299775443,0.38,0.19885223940938213,0.11338258846508312,0.14387379646311585,1500
180,4,evaluate,2.8978480100631714,0.454,0.24723294711866334,0.1358259516706138,0.17505425020174342,1500
180,5,evaluate,2.407584421336651,0.5375,0.2817085250442931,0.159060764161488,0.2032924026528334,2000
181,0,evaluate,2.8020616124073663,0.4726666666666667,0.24625100856504467,0.14158982560821826,0.1796251371356178,1500
181,1,evaluate,3.522908498843511,0.368,0.18458421763021104,0.1106727995998635,0.1381504741970675,1500
181,2,evaluate,2.962523400783539,0.506,0.25559193004944925,0.1511221651417271,0.18931195595994327,1500
181,3,evaluate,2.371260989457369,0.55,0.2829050971723071,0.16425147435472334,0.20782258716705856,2000
181,4,evaluate,3.457920253276825,0.366,0.19991875504804063,0.10928190308655576,0.14091947022704782,1500
181,5,evaluate,2.791376542299986,0.5145,0.2405038553274344,0.15992566744555772,0.18943566943877851,2000
182,0,evaluate,3.5535165766874948,0.36466666666666664,0.18387658610737684,0.10965319929580382,0.1368829550331044,1500
182,1,evaluate,3.5148843030134835,0.35933333333333334,0.20068055278908078,0.10731857877955882,0.13954081331518076,1500
182,2,evaluate,2.9831156035264335,0.5053333333333333,0.25292744877576095,0.15092241597473138,0.18851520149824316,1500
182,3,evaluate,2.735664119323095,0.478,0.24316636170395745,0.1432872235721096,0.18014646659242428,1500
182,4,evaluate,2.3281883373856544,0.5535,0.2824324256960846,0.1649387507167654,0.20823554864206456,2000
182,5,evaluate,2.814332704991102,0.5145,0.23796592218498153,0.16020894996368557,0.1887245763331596,2000
183,0,evaluate,2.2566779032349586,0.5685,0.2813479587617519,0.17031702375398017,0.2119692298391577,2000
183,1,evaluate,2.8854477033019066,0.502,0.24055941845764856,0.1567397227718042,0.18687369503717527,2000
183,2,evaluate,3.511588821808497,0.36733333333333335,0.18408608828398831,0.11046082580596081,0.13744206982449833,1500
183,3,evaluate,3.1229542195796967,0.4886666666666667,0.2550911638927416,0.14587795050981897,0.18492288238763255,1500
183,4,evaluate,2.6467939764261246,0.49666666666666665,0.24463018782910467,0.14903420683008847,0.18476324321779808,1500
183,5,evaluate,3.5750803550084433,0.3606666666666667,0.2012202168999886,0.10764493577148256,0.13978948177587297,1500
184,0,evaluate,2.1991967633366585,0.5675,0.2790989234986564,0.17090563608435783,0.2116050468965663,2000
184,1,evaluate,3.6096221009890237,0.3446666666666667,0.19610610665929812,0.10277408891498976,0.1341944236955424,1500
184,2,evaluate,3.200551221768061,0.4806666666666667,0.25510944970902516,0.14339488891277408,0.1826064111027495,1500
184,3,evaluate,2.574170564611753,0.5206666666666667,0.2475589361481802,0.15621543690216222,0.19078342959323386,1500
184,4,evaluate,3.458093603452047,0.364,0.18233659426327495,0.10944578633307955,0.13633027279386417,1500
184,5,evaluate,2.9573510736227036,0.492,0.24173813837839533,0.15475075672571836,0.18483557867150396,2000
185,0,evaluate,3.4990663677453995,0.35333333333333333,0.19255514432376133,0.1053380248232583,0.13531377611688936,1500
185,1,evaluate,2.9606515914201736,0.5005,0.24009678334979556,0.1593623345589621,0.1868334563705792,2000
185,2,evaluate,3.3607739309469857,0.38,0.18264948769729156,0.11436772520212535,0.14034217016196346,1500
185,3,evaluate,3.0839950243631997,0.5066666666666667,0.2551906145965862,0.15105535118870841,0.1883559417193066,1500
185,4,evaluate,2.654416710138321,0.5073333333333333,0.2478227371888761,0.1522860086734537,0.1879218771063495,1500
185,5,evaluate,2.343916419893503,0.535,0.28122758032908673,0.16430681433487113,0.20666999399404745,2000
186,0,evaluate,2.9446487923463187,0.5266666666666666,0.25470617106709503,0.1569673017475684,0.19243310925617313,1500
186,1,evaluate,3.3836607933044434,0.37466666666666665,0.1917421275876841,0.11166880883511802,0.1399756965442273,1500
186,2,evaluate,3.2849150399367013,0.39266666666666666,0.18286523271417532,0.11819552083155238,0.14344221500179902,1500
186,3,evaluate,2.791517992814382,0.488,0.24978868597050646,0.14646115912609314,0.184344680845129,1500
186,4,evaluate,2.5577216744422913,0.4875,0.2828531495504442,0.1523116830422818,0.1968643606744116,2000
186,5,evaluate,2.928824134171009,0.519,0.23909318941927635,0.1660451982650068,0.19101618780673363,2000
187,0,evaluate,3.0413076976935067,0.45,0.2507727497178992,0.13496475768666893,0.17540533294982835,1500
187,1,evaluate,3.269999494155248,0.402,0.18252084905477833,0.12097105634741231,0.145409280405311,1500
187,2,evaluate,2.819140337407589,0.438,0.2829093573002412,0.13813751200261498,0.18451261538747404,2000
187,3,evaluate,2.8032829264799752,0.5466666666666666,0.25436248050459775,0.16293349129595186,0.1966463643147875,1500
187,4,evaluate,2.814855456352234,0.534,0.23600233682554342,0.1713602889475267,0.19323652970474284,2000
187,5,evaluate,3.280125026901563,0.3873333333333333,0.18771787165129555,0.11536214248637941,0.14146699062361714,1500
188,0,evaluate,2.7261988036334515,0.5575,0.23704890505737963,0.17809579454476537,0.19822381719460017,2000
188,1,evaluate,2.742290755112966,0.5553333333333333,0.2542125650302429,0.16550164831080755,0.19822081124809135,1500
188,2,evaluate,3.2920492639144263,0.40066666666666667,0.18735942043724255,0.11935731869736159,0.14452836514547465,1500
188,3,evaluate,3.2404956221580505,0.44,0.2549949458346048,0.13175965511231405,0.17351067004345228,1500
188,4,evaluate,3.3937052289644876,0.3933333333333333,0.18532168186423506,0.11832231722112863,0.14406802858619017,1500
188,5,evaluate,2.9350345879793167,0.4165,0.2818525399501584,0.13216167144678453,0.17872498085415686,2000
189,0,evaluate,3.37541256348292,0.428,0.25357093638289957,0.12809112252534885,0.16976546152374752,1500
189,1,evaluate,3.3466624170541763,0.3933333333333333,0.1856130571124785,0.11721408621260129,0.1427012986264416,1500
189,2,evaluate,2.7293684581915536,0.5546666666666666,0.2515234466864212,0.16537196674751384,0.1977550117593028,1500
189,3,evaluate,3.540069023768107,0.38333333333333336,0.18710224338966855,0.11528186128785065,0.14213131135991872,1500
189,4,evaluate,2.6817395016551018,0.567,0.2386899635452267,0.17977903461094183,0.2006034685787324,2000
189,5,evaluate,2.862942758947611,0.429,0.2822797762056074,0.13368417957666595,0.18069542722637832,2000
190,0,evaluate,2.7358169332146645,0.5565,0.24289099917449009,0.17348206429317434,0.19908593557472276,2000
190,1,evaluate,2.8796111742655435,0.5293333333333333,0.25200569656024274,0.15784272997740767,0.19254516796383273,1500
190,2,evaluate,3.3113963504632316,0.438,0.2529172737252974,0.1310337916115605,0.17203338900050022,1500
190,3,evaluate,3.4551530132691064,0.3913333333333333,0.1892674769189035,0.11668779349855078,0.14361104253407034,1500
190,4,evaluate,3.615472912788391,0.36333333333333334,0.18583859688698395,0.10924532747728373,0.13712067179544982,1500
190,5,evaluate,2.5398766696453094,0.4975,0.2819705345682241,0.14968252105898702,0.19528104134475816,2000
191,0,evaluate,3.1080708503723145,0.484,0.2498130919795047,0.14437239592830325,0.1819525936022574,1500
191,1,evaluate,3.652959922949473,0.35933333333333334,0.1833591417910448,0.10804847909006984,0.1358175298802692,1500
191,2,evaluate,3.589271758993467,0.376,0.19353580011220242,0.11207865399005475,0.14096204419402122,1500
191,3,evaluate,2.8590722531080246,0.5315,0.24705064042148175,0.16401586106905047,0.19424482776456958,2000
191,4,evaluate,3.140331526597341,0.45866666666666667,0.2531086410915188,0.13725514922236232,0.1772198018957643,1500
191,5,evaluate,2.235734861344099,0.5615,0.2820727519068874,0.1657707844032966,0.20865316307849327,2000
192,0,evaluate,3.5877351264158883,0.36533333333333334,0.18327851451546737,0.10985020351008228,0.1373573942208321,1500
192,1,evaluate,2.9631559948126474,0.47333333333333333,0.2503132121497427,0.1417466859410082,0.1804756204579187,1500
192,2,evaluate,3.368339498837789,0.45266666666666666,0.2508073389482771,0.1350772748844097,0.17495980970442215,1500
192,3,evaluate,3.705903396010399,0.36933333333333335,0.19503550468714304,0.11014042420575995,0.1397638775111189,1500
192,4,evaluate,2.0843568108975887,0.591,0.2819236499921179,0.1735456367884402,0.21475497129386714,2000
192,5,evaluate,2.991930551826954,0.5055,0.248647902723293,0.15602285084021844,0.18872347964862876,2000
193,0,evaluate,2.8424657682577767,0.49133333333333334,0.24972188493672176,0.14733181086539743,0.18492922719459953,1500
193,1,evaluate,3.4425924718379974,0.45066666666666666,0.2510805036547611,0.13450350884164158,0.17473956473956473,1500
193,2,evaluate,3.743313322464625,0.368,0.1984402420003431,0.10980739136571507,0.14051865454844603,1500
193,3,evaluate,2.0986935198307037,0.591,0.2818316291544638,0.17462594641204146,0.21560176753610033,2000
193,4,evaluate,3.0690973699092865,0.5025,0.2501482700994912,0.1555661010139949,0.1887732091393432,2000
193,5,evaluate,3.562833607196808,0.37066666666666664,0.18562834854914062,0.11142075109989831,0.13925341137097266,1500
194,0,evaluate,3.3927931785583496,0.466,0.24928517512586015,0.13909829143379202,0.17826939281572884,1500
194,1,evaluate,3.5298515061537423,0.36933333333333335,0.1817931184821229,0.1110251282107435,0.13781097342462134,1500
194,2,evaluate,3.0799091532826424,0.5055,0.24774360730069392,0.1571656546634801,0.18931133446458986,2000
194,3,evaluate,2.8294863998889923,0.4886666666666667,0.24728841893252768,0.14666084848112038,0.183534402397725,1500
194,4,evaluate,2.2331447452306747,0.5625,0.2819105613537281,0.16770593471395895,0.21011643441658734,2000
194,5,evaluate,3.66070955991745,0.376,0.20242569411689698,0.11225994669320853,0.14380812304056523,1500
195,0,evaluate,3.4931219120820365,0.38133333333333336,0.18351435501383945,0.1146015618501536,0.14104353604613346,1500
195,1,evaluate,2.838175763686498,0.49,0.24902473457979285,0.14713968258850305,0.18432617753707997,1500
195,2,evaluate,3.3208552499612174,0.484,0.24939898115129902,0.14454186604386204,0.18282137110886457,1500
195,3,evaluate,3.072777733206749,0.5125,0.2478371123730391,0.15938307878429564,0.19130810510730104,2000
195,4,evaluate,2.4394936971366405,0.5285,0.2822305970760439,0.15989765242893575,0.20367986620192507,2000
195,5,evaluate,3.5767802397410073,0.39466666666666667,0.20564752736631586,0.11793721228632958,0.14956019690041025,1500
196,0,evaluate,3.239314099152883,0.49333333333333335,0.25113274774027217,0.1473001193816728,0.18532891675907318,1500
196,1,evaluate,2.881439725557963,0.47533333333333333,0.25053674752920035,0.14274331293123776,0.18137577668831473,1500
196,2,evaluate,3.504711469014486,0.4086666666666667,0.2101498253603325,0.12205712077432915,0.15394382681903424,1500
196,3,evaluate,3.4272930522759757,0.3933333333333333,0.18277054573981055,0.11819112488826844,0.1434987858836636,1500
196,4,evaluate,2.5810800082981586,0.501,0.2831507191994997,0.15239704462531464,0.1976241906648059,2000
196,5,evaluate,3.0249520614743233,0.517,0.2437853806467186,0.16109358764283946,0.19074900497688646,2000
197,0,evaluate,3.0256445296108723,0.5225,0.24310643054072179,0.16427751608762478,0.19203567516820527,2000
197,1,evaluate,3.39941597978274,0.4053333333333333,0.18249034197974467,0.12187682717398604,0.14614551376413282,1500
197,2,evaluate,3.458816255132357,0.416,0.20835101481108662,0.12416858288826611,0.15490464833810608,1500
197,3,evaluate,2.9292550583680472,0.46066666666666667,0.2488127424608403,0.13827461323163043,0.1775535722140797,1500
197,4,evaluate,2.6403705924749374,0.492,0.28336598141044045,0.14983447897145222,0.19579075810893953,2000
197,5,evaluate,3.132632921139399,0.5006666666666667,0.2508266661288727,0.14943230081856024,0.18667132719423837,1500
198,0,evaluate,2.979683130979538,0.4553333333333333,0.24878805666383305,0.13642161084284235,0.17606995071050938,1500
198,1,evaluate,3.0705956717332206,0.506,0.2527272943415883,0.1509978585485015,0.18817742572377136,1500
198,2,evaluate,3.4159664114316306,0.408,0.183185115215464,0.12275216657890789,0.14694768425354487,1500
198,3,evaluate,2.6282834373414516,0.4855,0.2816453767002095,0.14785869256718256,0.19371094826029464,2000
198,4,evaluate,3.0736013166606426,0.522,0.24232294568559376,0.1650903909650338,0.19131850214957824,2000
198,5,evaluate,3.4102657238642373,0.41733333333333333,0.20498002281822786,0.12448826403206867,0.15380891021612725,1500
199,0,evaluate,3.0368075172106423,0.5106666666666667,0.2523808126864268,0.15237795178309108,0.18899029974583867,1500
199,1,evaluate,3.417896270751953,0.416,0.20654008875021343,0.12400820228736413,0.15349723401751375,1500
199,2,evaluate,2.976905177036921,0.46266666666666667,0.2513038922190783,0.1384908344354566,0.17834418383584097,1500
199,3,evaluate,3.454606513182322,0.4013333333333333,0.1836776125108403,0.12077286670123229,0.1456842387398926,1500
199,4,evaluate,2.6014344803988934,0.494,0.28164524386405854,0.14967633791493282,0.19526396489156467,2000
199,5,evaluate,3.083072531968355,0.525,0.24267183622841468,0.16648657277995246,0.19171572612082036,2000
200,0,evaluate,2.9313731491565704,0.5286666666666666,0.25487326753215317,0.15777597368199398,0.193652814318324,1500
200,1,evaluate,3.0396043558915458,0.45,0.25253805936930884,0.13464855083607583,0.17533295867146959,1500
200,2,evaluate,2.971349872648716,0.5395,0.24116911501614363,0.17100683680857973,0.19493893061774595,2000
200,3,evaluate,3.5719719429810843,0.38533333333333336,0.18320608382117937,0.11597365325170775,0.14197619818368343,1500
200,4,evaluate,3.4223583936691284,0.41133333333333333,0.2061304631623357,0.12268305124269485,0.1528071027029864,1500
200,5,evaluate,2.6678319722414017,0.4925,0.2811672178752924,0.148790839372176,0.1943092174880427,2000
201,0,evaluate,2.8539928272366524,0.545,0.24219256796681718,0.1714112014684158,0.19670923350940486,2000
201,1,evaluate,2.685366567224264,0.494,0.28065226411544975,0.14898722847210585,0.19438977189809967,2000
201,2,evaluate,3.679333279530207,0.36866666666666664,0.18133865577094657,0.11094185181976361,0.13764197675686202,1500
201,3,evaluate,2.903332938750585,0.532,0.2582164030815838,0.1588272135631444,0.19524828731565322,1500
201,4,evaluate,3.071257382631302,0.458,0.25391212564055643,0.13700168650488523,0.17766138573050536,1500
201,5,evaluate,3.459186683098475,0.39666666666666667,0.20227965340946302,0.11839578183828307,0.14873994941713858,1500
202,0,evaluate,2.8981424272060394,0.5386666666666666,0.259388466348572,0.1608395544687951,0.19703222333916973,1500
202,1,evaluate,3.463781957825025,0.39466666666666667,0.20477485102070503,0.1179271584526493,0.14925282856278085,1500
202,2,evaluate,3.1102249125639596,0.45266666666666666,0.25462658614335487,0.13547083730610318,0.17668683578963265,1500
202,3,evaluate,3.741528958082199,0.36866666666666664,0.18637372101510175,0.11081380916585873,0.13897926113931078,1500
202,4,evaluate,2.745403155684471,0.488,0.2808394731754307,0.14858285197211182,0.1939713490717795,2000
202,5,evaluate,2.7661435417830944,0.548,0.24199594974866834,0.17131106000913393,0.19748176387100394,2000
203,0,evaluate,2.7308101691305637,0.5455,0.24348455561470744,0.16955478095280702,0.19756139577796672,2000
203,1,evaluate,3.1903516252835593,0.446,0.2573740279570046,0.13360153374547618,0.17584613053397374,1500
203,2,evaluate,2.7871271781623363,0.484,0.27964263994243377,0.14695716157474759,0.19244321239769896,2000
203,3,evaluate,2.906468609968821,0.532,0.25816570520262183,0.1589353023533576,0.195652243555844,1500
203,4,evaluate,3.4110652754704156,0.3973333333333333,0.19934090910044686,0.1188438488677723,0.14863206505858767,1500
203,5,evaluate,3.7682933111985526,0.37533333333333335,0.1900959848811003,0.11275480462513425,0.14147267280288855,1500
204,0,evaluate,3.1183499693870544,0.4493333333333333,0.2536974789915966,0.13467228493218095,0.1758304572907679,1500
204,1,evaluate,3.3681476463874183,0.4053333333333333,0.20338549531148353,0.12114269944248494,0.15154537933443138,1500
204,2,evaluate,3.0669107834498086,0.5086666666666667,0.2574472281673591,0.15197577717526647,0.19042513019679777,1500
204,3,evaluate,2.625614892691374,0.51,0.28038412377718086,0.15394343045428843,0.19865005950556322,2000
204,4,evaluate,3.680890361467997,0.38533333333333336,0.1911601247356307,0.11577182406544903,0.14413406126781922,1500
204,5,evaluate,2.827865883708,0.5275,0.24624268962543897,0.16311711722274602,0.19409257122377532,2000
205,0,evaluate,3.5980589588483176,0.38866666666666666,0.1888457411208999,0.11679782538160662,0.1441542540184994,1500
205,1,evaluate,2.961162216961384,0.505,0.2492676497784158,0.15557183270837932,0.18939936203324573,2000
205,2,evaluate,3.371123656630516,0.4066666666666667,0.2044572071908223,0.12145988715861673,0.15182938270070617,1500
205,3,evaluate,3.0578999618689218,0.4693333333333333,0.25172249142038183,0.14072822153190007,0.1800982107999051,1500
205,4,evaluate,3.2871134181817374,0.482,0.2581440165236114,0.14390208684814493,0.18400387775321245,1500
205,5,evaluate,2.4312724843621254,0.539,0.2799573965900922,0.16202160725756481,0.20512779614148496,2000
206,0,evaluate,3.3962370107571282,0.4073333333333333,0.20458272858928322,0.12159467326931442,0.1516388528874727,1500
206,1,evaluate,3.0334124664465585,0.4766666666666667,0.2503402349914984,0.14297470755287628,0.18118379040510665,1500
206,2,evaluate,3.5530119836330414,0.39666666666666667,0.18881466452853254,0.11927029854826295,0.1459137732377169,1500
206,3,evaluate,2.989806681871414,0.505,0.2501618763447408,0.15580185383017797,0.18922219323913536,2000
206,4,evaluate,3.371871123711268,0.47333333333333333,0.25677255026939816,0.1412995739086973,0.18160739253814007,1500
206,5,evaluate,2.372944850474596,0.546,0.28046718043094854,0.1644132395296752,0.20706217990097198,2000
207,0,evaluate,3.0401281913121543,0.47733333333333333,0.25147562972613613,0.14309968320364164,0.18138495005836214,1500
207,1,evaluate,3.44559612373511,0.4033333333333333,0.2015279185030075,0.12037092909473705,0.14954441545368322,1500
207,2,evaluate,3.5391362011432648,0.4013333333333333,0.18906661881208198,0.12067455989820108,0.14702185308333393,1500
207,3,evaluate,2.918007615953684,0.5195,0.24623200987489083,0.16038749932717358,0.19108487311681518,2000
207,4,evaluate,2.439800638705492,0.543,0.2819121558197747,0.16412176847337615,0.20723940545113204,2000
207,5,evaluate,3.346729020277659,0.48333333333333334,0.2559990263970741,0.14423306152096887,0.18370685957969585,1500
208,0,evaluate,3.2532117068767548,0.49466666666666664,0.25558834614804765,0.14755890513140996,0.1860764692112242,1500
208,1,evaluate,3.5591841538747153,0.398,0.18840401929705836,0.11970921571569253,0.14613949878937296,1500
208,2,evaluate,2.8362940065562725,0.5335,0.24442484226566644,0.16461656659108445,0.19300516219217792,2000
208,3,evaluate,2.5267805345356464,0.526,0.2830195035102272,0.15942821277258176,0.2037699219023918,2000
208,4,evaluate,3.0819194614887238,0.466,0.24952461202461204,0.13971101303068517,0.17834627008698217,1500
208,5,evaluate,3.5158227185408273,0.392,0.19730040690882575,0.11693711383119072,0.14544919294179057,1500
209,0,evaluate,3.144302169481913,0.5046666666666667,0.25201045247422654,0.1505752010764931,0.18779620997091234,1500
209,1,evaluate,3.108596791823705,0.4666666666666667,0.252451562918691,0.13993971642112385,0.1797446008172908,1500
209,2,evaluate,3.600750595331192,0.38466666666666666,0.19298835169158773,0.1147261581843334,0.14312318897470164,1500
209,3,evaluate,3.6137322187423706,0.38666666666666666,0.18557165112185647,0.11630297439832087,0.14293302747824363,1500
209,4,evaluate,2.575676079839468,0.5185,0.2838550066441271,0.15632683348299756,0.20147903014416774,2000
209,5,evaluate,2.7706911116838455,0.546,0.24298086747775366,0.16874194325353312,0.19542018816289755,2000
210,0,evaluate,3.7295724054177604,0.37266666666666665,0.1952694539556677,0.11122359097940686,0.14103596782205985,1500
210,1,evaluate,3.049474279085795,0.48933333333333334,0.25514611338398596,0.14682411650724325,0.1863285573648361,1500
210,2,evaluate,3.17658469080925,0.5093333333333333,0.25360683989360866,0.15198907285882438,0.1891845884220263,1500
210,3,evaluate,2.5723562352359295,0.525,0.28459004459004456,0.15742692860699706,0.20261768934902688,2000
210,4,evaluate,3.603965252637863,0.388,0.18606436243428565,0.11669088677734199,0.14330004638437183,1500
210,5,evaluate,2.7765580229461193,0.543,0.24267873971293943,0.16877670324444663,0.195003293489866,2000
211,0,evaluate,3.5918146868546805,0.38066666666666665,0.18069386679613503,0.11448681108156791,0.1398833395206444,1500
211,1,evaluate,3.0403002500534058,0.494,0.25521274801660043,0.1482637714145111,0.18748721594858703,1500
211,2,evaluate,2.8050112910568714,0.543,0.2436310763159423,0.1692028315932153,0.19550473172942484,2000
211,3,evaluate,2.61494779586792,0.5115,0.2851614906622828,0.15302944908747054,0.1991138285785996,2000
211,4,evaluate,3.171945889790853,0.512,0.2551318760262726,0.152757567052151,0.19001558124896825,1500
211,5,evaluate,3.8027465492486954,0.37133333333333335,0.1984658363403562,0.11078865130176796,0.1414135587012039,1500
212,0,evaluate,3.0330642064412436,0.492,0.2535831940797326,0.14754385425317054,0.18652652473219716,1500
212,1,evaluate,3.2098353107770285,0.506,0.2544974314787063,0.15095018451794967,0.18834537939933363,1500
212,2,evaluate,2.576100464910269,0.5245,0.28444344512597397,0.15593077311555512,0.20139931218534377,2000
212,3,evaluate,3.5874235530694327,0.386,0.18167020187747807,0.11604314549496497,0.14133685017583336,1500
212,4,evaluate,3.798685302337011,0.37333333333333335,0.19939445205129405,0.11143020254965479,0.14228964087050705,1500
212,5,evaluate,2.8994763046503067,0.5265,0.24252733829804338,0.1650261494956919,0.1915899670463812,2000
213,0,evaluate,3.1196552515029907,0.4653333333333333,0.2547351022726345,0.13944445298803557,0.18020126449013613,1500
213,1,evaluate,2.9340750873088837,0.522,0.24000859146552508,0.16298636133028752,0.18954890060961324,2000
213,2,evaluate,2.64140634983778,0.5085,0.28359564998374004,0.15094851840264556,0.19702281500461288,2000
213,3,evaluate,3.7023990601301193,0.39,0.19875634072367027,0.11638403760165845,0.14617889557135047,1500
213,4,evaluate,3.5860716899236045,0.38533333333333336,0.18105414582771928,0.11586871971625708,0.14116755793226382,1500
213,5,evaluate,3.1821044286092124,0.504,0.25554632442556996,0.15047408885648744,0.18863293296279598,1500
214,0,evaluate,3.535710131128629,0.4093333333333333,0.19643533001197233,0.12222279269796181,0.15019737840280234,1500
214,1,evaluate,2.944875232875347,0.5265,0.24245240329977752,0.16465328254325245,0.19155212310533556,2000
214,2,evaluate,3.550356944402059,0.39466666666666667,0.18360861737580964,0.1187010062836055,0.1441519216649132,1500
214,3,evaluate,3.2228103478749595,0.45266666666666666,0.2555585407318398,0.13559883738812167,0.1771244417417563,1500
214,4,evaluate,3.0859267512957254,0.508,0.2523811892130857,0.15177873951730686,0.18909256359648435,1500
214,5,evaluate,2.7739918008446693,0.4925,0.28521205834635127,0.14745981811241898,0.19437963691488086,2000
215,0,evaluate,3.0505097806453705,0.5166666666666667,0.25555781637123126,0.15443954589703118,0.19219022797478852,1500
215,1,evaluate,3.395001068711281,0.426,0.19510229379362953,0.12715491121282244,0.1532516422264124,1500
215,2,evaluate,3.359405885140101,0.43466666666666665,0.25526695767672136,0.13024664493177088,0.17247110226204304,1500
215,3,evaluate,3.529390205939611,0.402,0.18261832469580894,0.12097778473401918,0.14539937107057355,1500
215,4,evaluate,2.974983997642994,0.5235,0.24459226038263643,0.1642037973246254,0.19192769958736924,2000
215,5,evaluate,2.926255214959383,0.4665,0.28469201849414466,0.1398476698656262,0.18753817591795124,2000
216,0,evaluate,3.1462855339050293,0.506,0.25458560743885184,0.1512096053021421,0.18932258147053735,1500
216,1,evaluate,3.3718922436237335,0.434,0.2549378957023757,0.1300617189021827,0.17211737188599543,1500
216,2,evaluate,3.52184596657753,0.398,0.18403175686132545,0.11979862657668847,0.14484158436996167,1500
216,3,evaluate,3.0181794613599777,0.524,0.24493527868285697,0.1637323218261161,0.19218920244133947,2000
216,4,evaluate,3.3523126443227134,0.43733333333333335,0.1951948521580725,0.13042247446223687,0.1554105376840076,1500
216,5,evaluate,2.9653640165925026,0.462,0.28330529410827293,0.13935580159697775,0.18672421451550889,2000
217,0,evaluate,3.5642398794492087,0.38133333333333336,0.18025717989522327,0.11478136569567228,0.1399748661448192,1500
217,1,evaluate,3.2916710674762726,0.446,0.255163921999747,0.1337114641322958,0.17496241229871634,1500
217,2,evaluate,3.396171992023786,0.43066666666666664,0.19752753812837825,0.1285084546427559,0.15491415191922855,1500
217,3,evaluate,2.9951419308781624,0.5255,0.24468413988394838,0.1630031032315415,0.19216453875653006,2000
217,4,evaluate,3.2100411852200827,0.5013333333333333,0.25426975470816127,0.14978859118398882,0.1881232058125323,1500
217,5,evaluate,2.8876749016344547,0.4725,0.28151958788403525,0.14363235944797023,0.18999345787453165,2000
218,0,evaluate,3.286799967288971,0.49733333333333335,0.2585884233313776,0.14856635966714712,0.1881116593726357,1500
218,1,evaluate,3.5738682448863983,0.36933333333333335,0.17967677345537755,0.11119354118428952,0.13701601583632778,1500
218,2,evaluate,3.513429507613182,0.408,0.1979469164106323,0.12168176376227853,0.14973608935378202,1500
218,3,evaluate,3.150582184394201,0.462,0.252252946378977,0.13858738555859706,0.17785500282620886,1500
218,4,evaluate,2.7356071956455708,0.4965,0.28274880732044905,0.15201449972506592,0.1972085329456724,2000
218,5,evaluate,2.9653277322649956,0.5225,0.2444004064906556,0.1619797883690623,0.19145681638694154,2000
219,0,evaluate,3.630441337823868,0.39466666666666667,0.1992758062004843,0.11763398520121833,0.14660272516449663,1500
219,1,evaluate,3.304562250773112,0.48733333333333334,0.2569013062409289,0.1454871384541839,0.18471557594598648,1500
219,2,evaluate,3.5568058093388877,0.372,0.1817974753138404,0.11193378217419063,0.13842371817240137,1500
219,3,evaluate,2.9521088376641273,0.525,0.24477490206572342,0.16293948126733485,0.1925816572808059,2000
219,4,evaluate,2.625149268656969,0.5125,0.28332654543180863,0.1576998922742708,0.20180744181377935,2000
219,5,evaluate,3.0505081117153168,0.4713333333333333,0.24993469299493826,0.1414293513363885,0.17952348415181513,1500
220,0,evaluate,3.341727614402771,0.48733333333333334,0.25877910387455955,0.1454012422363034,0.18445775064890893,1500
220,1,evaluate,3.5411940117677054,0.364,0.1770954089355365,0.10951133167241596,0.13525152218026776,1500
220,2,evaluate,3.761652777592341,0.37733333333333335,0.2005317874561478,0.11241755824332958,0.14261086553186528,1500
220,3,evaluate,2.9524558087189994,0.4806666666666667,0.24895495597835549,0.14435220783481478,0.18175639435596536,1500
220,4,evaluate,2.5415809638798237,0.5215,0.28355809796870596,0.15978999116589598,0.2036268197937381,2000
220,5,evaluate,2.9570677652955055,0.5235,0.24398030621123284,0.16258883118572726,0.1923275363135725,2000
221,0,evaluate,3.8039896289507547,0.366,0.19884845927404476,0.10905138601888313,0.13968861549075706,1500
221,1,evaluate,2.9684883058071136,0.48333333333333334,0.24886261683085092,0.14525015634771732,0.18238074177039237,1500
221,2,evaluate,3.2580804526805878,0.49333333333333335,0.259643915814436,0.14716867045262516,0.1859621397589421,1500
221,3,evaluate,3.5627553860346475,0.364,0.17852251390661886,0.10951241545013017,0.1356879223542607,1500
221,4,evaluate,2.9359672516584396,0.5335,0.24460951955945126,0.1667108852969453,0.1954676864968626,2000
221,5,evaluate,2.5360638089478016,0.518,0.2820356244049561,0.15838554857409018,0.20201999294019712,2000
222,0,evaluate,3.76676282286644,0.36933333333333335,0.19591122139509237,0.10995575351704703,0.13962370211705138,1500
222,1,evaluate,3.0485553642114005,0.4786666666666667,0.2502818861830082,0.1438090661171429,0.18193289184307848,1500
222,2,evaluate,3.1507863203684487,0.5013333333333333,0.2598037974683544,0.14957182341391095,0.18801915130759334,1500
222,3,evaluate,2.581721767783165,0.513,0.28373505391373804,0.15498724102898956,0.2000181033572465,2000
222,4,evaluate,2.892160203307867,0.5415,0.24201227646494047,0.16896837805501635,0.19634226325106816,2000
222,5,evaluate,3.5879268844922385,0.36733333333333335,0.18160043420530333,0.1105540410949299,0.13736309590042758,1500
223,0,evaluate,3.1423251728216806,0.49466666666666664,0.2576541222038867,0.14764595610299103,0.18656142920678875,1500
223,1,evaluate,3.076896866162618,0.476,0.24875875155401425,0.1428868452618952,0.1812129162710435,1500
223,2,evaluate,2.9216389060020447,0.5415,0.24480532372134514,0.16802653692316744,0.19666079639321826,2000
223,3,evaluate,3.573551128307978,0.36733333333333335,0.1818830590705863,0.11058029989233942,0.1373490218383124,1500
223,4,evaluate,2.531063847243786,0.519,0.283861912336104,0.15539762969761287,0.20062357640811318,2000
223,5,evaluate,3.7158587078253427,0.384,0.19603721840719476,0.11433238249770175,0.14342103137461754,1500
224,0,evaluate,3.6801516860723495,0.388,0.19323358740104096,0.11553859255558643,0.14368610098155304,1500
224,1,evaluate,3.147136092185974,0.498,0.2573616809226446,0.14873792867968874,0.18777223600533213,1500
224,2,evaluate,2.976709619164467,0.5295,0.24258870601654553,0.16334495579234054,0.1922110844713719,2000
224,3,evaluate,3.5545037388801575,0.37666666666666665,0.18552714196284423,0.11338567291326045,0.1405011532200549,1500
224,4,evaluate,2.4911354668438435,0.5275,0.2833862452305945,0.1558190196538213,0.20099557535464824,2000
224,5,evaluate,3.1044673919677734,0.47333333333333333,0.2530103505174164,0.14199673976563223,0.18188091743032953,1500
225,0,evaluate,3.4917024075984955,0.38866666666666666,0.1845956991182264,0.11697274102143793,0.14312036623109683,1500
225,1,evaluate,3.1518166760603585,0.4673333333333333,0.25337265123954544,0.14007015142660886,0.1803947918703217,1500
225,2,evaluate,3.174666384855906,0.49466666666666664,0.2574775999194604,0.14773475201792408,0.18688891621465298,1500
225,3,evaluate,3.6206804662942886,0.402,0.19635269275551082,0.1197094945238816,0.14754203801172383,1500
225,4,evaluate,3.035234719514847,0.5225,0.24324299777504316,0.16072319714554575,0.18951959849619632,2000
225,5,evaluate,2.531065996736288,0.5245,0.28176907398178025,0.154643841092413,0.19966047411451077,2000
226,0,evaluate,3.6013298581043878,0.4146666666666667,0.19809480100073318,0.12355991091348292,0.15090523671322403,1500
226,1,evaluate,3.4014258980751038,0.3973333333333333,0.18438502673796792,0.11959587609933,0.1450000513718715,1500
226,2,evaluate,3.1550283432006836,0.472,0.25484515218591036,0.14137181025025886,0.18178137999372107,1500
226,3,evaluate,3.1944842835267386,0.49733333333333335,0.25530597442801906,0.14846271451652088,0.18667815621670797,1500
226,4,evaluate,2.6946800872683525,0.4925,0.2826486020116169,0.14716591696278583,0.1934863913255298,2000
226,5,evaluate,3.046712286770344,0.53,0.24444149653648012,0.16346669461731905,0.19128544962317567,2000
227,0,evaluate,3.419981817404429,0.4013333333333333,0.18569259182586131,0.1207487754592512,0.1462772778673656,1500
227,1,evaluate,3.1767587860425315,0.508,0.2552549074961332,0.15158977552565037,0.18893556167903014,1500
227,2,evaluate,3.609853262702624,0.39666666666666667,0.19438092931935388,0.11819534614865419,0.14581574994953456,1500
227,3,evaluate,3.095495422681173,0.476,0.2549124287016885,0.14251209772501255,0.18267819211475503,1500
227,4,evaluate,2.831659846007824,0.466,0.2812634065958743,0.14338480665286119,0.18941324422468814,2000
227,5,evaluate,3.039145529270172,0.533,0.2433900600922275,0.16636401799274592,0.19249078082034407,2000
228,0,evaluate,3.659491995970408,0.384,0.19373695924328835,0.11453796528866649,0.14315481451238637,1500
228,1,evaluate,2.8024870455265045,0.466,0.28122793419897085,0.14580214970484878,0.19094059409812963,2000
228,2,evaluate,3.0097325816750526,0.5345,0.24425409473218238,0.16635873948026078,0.1936643348947386,2000
228,3,evaluate,3.437292993068695,0.398,0.1854045051590661,0.11964508152857929,0.14541897812778298,1500
228,4,evaluate,3.275312344233195,0.5026666666666667,0.25450832270965507,0.14996129252782903,0.1876977225206171,1500
228,5,evaluate,2.9723890721797943,0.48533333333333334,0.2552953501590428,0.1452850654609951,0.18497526830686778,1500
229,0,evaluate,3.3762201368808746,0.484,0.2548440137361038,0.14443937564693635,0.1837715175891845,1500
229,1,evaluate,3.484802077213923,0.3893333333333333,0.18506212148722714,0.11702335760291036,0.1433458882562865,1500
229,2,evaluate,2.8815044263998666,0.49733333333333335,0.2521598506692497,0.14896097971067984,0.18709854001134496,1500
229,3,evaluate,3.7132112979888916,0.38266666666666665,0.1970296149937584,0.11424836552290767,0.14429973285508885,1500
229,4,evaluate,3.0010425001382828,0.5325,0.24597231229363775,0.16454017491584652,0.19386659340225684,2000
229,5,evaluate,2.6758453883230686,0.4895,0.28015097402597405,0.15229693430972818,0.19634354014642452,2000
230,0,evaluate,3.7510527869065604,0.374,0.19749902532511227,0.11164011198246473,0.14234769489313465,1500
230,1,evaluate,3.5792549749215445,0.382,0.1866021325956034,0.11482459914151999,0.14208185936699014,1500
230,2,evaluate,3.4084741473197937,0.482,0.25568622524964724,0.1439030534138291,0.18375085740292246,1500
230,3,evaluate,2.8343570133050284,0.5193333333333333,0.25289682899401994,0.15563928274843908,0.19238842354977473,1500
230,4,evaluate,2.557281419634819,0.517,0.2801817877708809,0.16027201293179633,0.20317642838360395,2000
230,5,evaluate,2.986592411994934,0.533,0.24783204191754682,0.1642866004670967,0.19521389816459106,2000
231,0,evaluate,3.657176951567332,0.372,0.18771803667932238,0.11177990975157252,0.13993324819332442,1500
231,1,evaluate,3.7055782874425254,0.37266666666666665,0.1972792757166272,0.11125857908979506,0.1419815524530827,1500
231,2,evaluate,2.910490807145834,0.5395,0.24833389570472342,0.16576005018719503,0.19691122397982105,2000
231,3,evaluate,3.3046917816003165,0.4866666666666667,0.25757847286362195,0.1454030096020573,0.1856393970345668,1500
231,4,evaluate,2.8725566416978836,0.5126666666666667,0.251219087425984,0.1536286511036611,0.1903134547811472,1500
231,5,evaluate,2.5600049644708633,0.5105,0.27954188517218415,0.15765832282301617,0.20102495317099275,2000
232,0,evaluate,3.6047765960295997,0.39066666666666666,0.19995408552713628,0.11667574620470182,0.14692849330051955,1500
232,1,evaluate,2.7266554459929466,0.486,0.2798551527916343,0.14936486833967336,0.19435065325848142,2000
232,2,evaluate,3.0522275467713675,0.5153333333333333,0.25834571459396144,0.15404583414434359,0.19281240707768066,1500
232,3,evaluate,2.7597030363976955,0.56,0.24491121824691983,0.17238261448026374,0.20069249451163412,2000
232,4,evaluate,3.07556089758873,0.47933333333333333,0.252698919771633,0.14361711725566184,0.182851203496031,1500
232,5,evaluate,3.749769538640976,0.35933333333333334,0.18705754032759775,0.10802156554364244,0.13690834383973782,1500
233,0,evaluate,3.2329535682996116,0.45466666666666666,0.25178848203041754,0.1362233568111217,0.1765062988538281,1500
233,1,evaluate,2.8876056373119354,0.5286666666666666,0.25639905618392655,0.15802072060570851,0.19527429225983228,1500
233,2,evaluate,2.7004125081002712,0.576,0.244276930000597,0.17790967806106583,0.2039522035039842,2000
233,3,evaluate,3.794468770424525,0.3566666666666667,0.18611319892336597,0.10727459616713446,0.13606681687249061,1500
233,4,evaluate,3.5499621629714966,0.38866666666666666,0.1948407973540717,0.11603668838448578,0.14462324540458021,1500
233,5,evaluate,2.846405353397131,0.472,0.281114975973847,0.14506208678252897,0.19095166213273237,2000
234,0,evaluate,3.4836417933305106,0.40066666666666667,0.1965146350563017,0.11947828839843358,0.1475720436659706,1500
234,1,evaluate,3.750536859035492,0.36,0.184027440293842,0.10834172420613841,0.13627729959691107,1500
234,2,evaluate,3.349238485097885,0.44,0.25308589440504337,0.13186220383641417,0.17313129760284082,1500
234,3,evaluate,2.8142897188663483,0.536,0.25564878311146966,0.16024806191568322,0.1967686489070688,1500
234,4,evaluate,2.731992542743683,0.5665,0.2429783265356209,0.17593348172601128,0.20139063467219,2000
234,5,evaluate,2.9232600703835487,0.4575,0.283799320616671,0.13955304277115624,0.1868982860134591,2000
235,0,evaluate,3.353128880262375,0.436,0.2523553603713151,0.1307159700222475,0.17207695393095265,1500
235,1,evaluate,2.836660012602806,0.484,0.28545419109426096,0.1447304084726227,0.1920394629756037,2000
235,2,evaluate,3.454123134414355,0.41,0.19709647557908516,0.12211773221920064,0.14947186887646602,1500
235,3,evaluate,2.958511004845301,0.514,0.25623697390114164,0.1535237741604784,0.19145908791145147,1500
235,4,evaluate,2.870472565293312,0.5415,0.2443297601979581,0.16899988280669126,0.19564378374843566,2000
235,5,evaluate,3.6290312012036643,0.384,0.18483639832744694,0.11561482197454247,0.14183239809836273,1500
236,0,evaluate,3.25407811999321,0.45066666666666666,0.2545930501121021,0.13520417474036026,0.1764691796807334,1500
236,1,evaluate,3.506432036558787,0.4026666666666667,0.18249001339613674,0.12133375288497786,0.1452158313269952,1500
236,2,evaluate,3.253815084695816,0.4746666666666667,0.25656879969031954,0.14165545266289006,0.18125450980604008,1500
236,3,evaluate,3.078257195651531,0.502,0.24249759544023494,0.1573087341293488,0.18537976340340984,2000
236,4,evaluate,3.518532251318296,0.41333333333333333,0.20057404781090074,0.123053950211185,0.1504087439743937,1500
236,5,evaluate,2.6718537658452988,0.513,0.28556967091058,0.1508165113602519,0.19724872281690753,2000
237,0,evaluate,3.475125084320704,0.406,0.18059113189430095,0.1222867240719869,0.14549890176812547,1500
237,1,evaluate,3.2044566770394645,0.4593333333333333,0.2526530844896098,0.13787310716738946,0.17799466648029882,1500
237,2,evaluate,2.631529711186886,0.5295,0.28451747522170057,0.1557953549732911,0.20100606580258043,2000
237,3,evaluate,3.610287085175514,0.41133333333333333,0.20217452985438822,0.12250771007576815,0.15023759128362607,1500
237,4,evaluate,3.2079920023679733,0.4905,0.24433693201536064,0.1544316113957856,0.1831350519370427,2000
237,5,evaluate,3.412077913681666,0.45866666666666667,0.25633191975271163,0.13680919242243894,0.17650797920028688,1500
238,0,evaluate,3.70188070833683,0.4013333333333333,0.19922655229514433,0.11960575447211316,0.1473381848744417,1500
238,1,evaluate,3.492600987354914,0.4166666666666667,0.18154293314852715,0.1254739358343401,0.14815720146836536,1500
238,2,evaluate,3.2355926111340523,0.492,0.24392297108878794,0.15552313991782943,0.18397632246286338,2000
238,3,evaluate,3.4257753789424896,0.47333333333333333,0.255,0.1411212293267656,0.1794940453590917,1500
238,4,evaluate,3.1759024957815805,0.4646666666666667,0.25087537290378503,0.13956550713048116,0.17886319762702346,1500
238,5,evaluate,2.6818062216043472,0.523,0.2841501366176251,0.15518977122983632,0.20043336832996578,2000
239,0,evaluate,3.802399223049482,0.392,0.20079680049223195,0.11684019384893829,0.1460484074534935,1500
239,1,evaluate,3.1835872754454613,0.5065,0.24443017595084907,0.16016204681115426,0.18759374993323036,2000
239,2,evaluate,3.1696537137031555,0.46266666666666667,0.2489059405286302,0.1390088067337168,0.17793573488599881,1500
239,3,evaluate,3.587680627902349,0.4053333333333333,0.17774691316011668,0.12205597627048684,0.14454311454311455,1500
239,4,evaluate,2.7525559328496456,0.512,0.2837994226183005,0.15409432327394282,0.1993210127704343,2000
239,5,evaluate,3.3341920475165048,0.4886666666666667,0.25373543869179943,0.14567451365850204,0.18292094036617432,1500
240,0,evaluate,3.699562589327494,0.3953333333333333,0.18006609880304694,0.11900455849393254,0.1431488992605607,1500
240,1,evaluate,3.2495449980099997,0.508,0.2541484278313993,0.15147724309585014,0.1879312423341657,1500
240,2,evaluate,3.2081910967826843,0.472,0.2518957704795451,0.1417860548088457,0.18104199394903236,1500
240,3,evaluate,3.1293056160211563,0.517,0.24173316240111245,0.1631177437721595,0.189253373015546,2000
240,4,evaluate,2.7891786247491837,0.5025,0.2852530552553618,0.1517017099952962,0.19773483494491723,2000
240,5,evaluate,3.8849403709173203,0.37933333333333336,0.19935812074636655,0.11312345466775428,0.14328827959010706,1500
241,0,evaluate,3.805454740921656,0.38266666666666665,0.18053442623985258,0.11515755982821178,0.14053581825562994,1500
241,1,evaluate,3.0963438414037228,0.5255,0.2398791739911606,0.16538800624126182,0.1906781954850339,2000
241,2,evaluate,3.938546006878217,0.37,0.19807465585243364,0.11047564600608653,0.14147411077469468,1500
241,3,evaluate,2.7805459313094616,0.5105,0.28629796753626363,0.15431719114172399,0.20031224369081707,2000
241,4,evaluate,3.1892101069291434,0.5193333333333333,0.25547470547470547,0.15493723433157386,0.19140353513934674,1500
241,5,evaluate,3.2506964902083078,0.4726666666666667,0.2511683297280953,0.1418589230974277,0.18102521312715272,1500
242,0,evaluate,3.171703390777111,0.522,0.2409503018245239,0.16288951228837942,0.19017021868503708,2000
242,1,evaluate,3.8228132128715515,0.37733333333333335,0.1818670895604782,0.11346395944436558,0.13967418352046973,1500
242,2,evaluate,3.9992594718933105,0.37066666666666664,0.19672780179464452,0.1107064675411483,0.14141057472849455,1500
242,3,evaluate,3.3023749689261117,0.5093333333333333,0.2546208590867883,0.15207960090430828,0.18960055817307103,1500
242,4,evaluate,3.226520230372747,0.47333333333333333,0.24891250770588283,0.14198223274792648,0.18060910589279752,1500
242,5,evaluate,2.6600949615240097,0.5315,0.28257281897423214,0.15962937797290527,0.20394317232157783,2000
243,0,evaluate,3.29411651690801,0.4633333333333333,0.2500952634560165,0.13891774059606926,0.17855183663035973,1500
243,1,evaluate,3.9948848684628806,0.37066666666666664,0.19501520681265208,0.11066134547408264,0.14082388174670632,1500
243,2,evaluate,3.220313645899296,0.5115,0.24296581186041938,0.15939871786465823,0.18901440711968817,2000
243,3,evaluate,3.3695482114950814,0.496,0.2548597238002445,0.14806591487876442,0.18651838180333713,1500
243,4,evaluate,3.7859230240186057,0.3893333333333333,0.18462872627187302,0.1170442991659362,0.14323440213270722,1500
243,5,evaluate,2.6454739160835743,0.534,0.2826586729552769,0.15934848216706696,0.20379873144963687,2000
244,0,evaluate,3.7240182360013327,0.38466666666666666,0.18152987443052632,0.1156233297096417,0.141248443508917,1500
244,1,evaluate,2.5708200559020042,0.542,0.28342028013095233,0.15974923454862852,0.20426437152960292,2000
244,2,evaluate,3.3267385363578796,0.5,0.2480682844549978,0.15519476697476747,0.1873893436683829,2000
244,3,evaluate,3.305162400007248,0.458,0.25062904144669235,0.1371791796102072,0.17722406028857643,1500
244,4,evaluate,3.4897066752115884,0.482,0.25568504721117846,0.14394243035485838,0.18362098527514997,1500
244,5,evaluate,3.955946365992228,0.38533333333333336,0.1962195727817954,0.11509733277593368,0.14481159570321314,1500
245,0,evaluate,3.3245936185121536,0.5005,0.2488755435597541,0.1556845172877428,0.18751170342017232,2000
245,1,evaluate,3.5409433841705322,0.47533333333333333,0.25896623453884976,0.14197467559469054,0.1827283388383751,1500
245,2,evaluate,3.9072140206893287,0.394,0.19694535406730973,0.11764293013261831,0.1468871795684274,1500
245,3,evaluate,3.31883043050766,0.45,0.25100510300115025,0.1347974912599063,0.17533690243826874,1500
245,4,evaluate,2.563939105719328,0.546,0.2832938423374433,0.16116429443403238,0.20533577806960732,2000
245,5,evaluate,3.686773270368576,0.38666666666666666,0.18143017972739334,0.11626857606208137,0.14171276460849436,1500
246,0,evaluate,3.8558899611234665,0.4,0.1980640366761696,0.1193754329045535,0.148308933569972,1500
246,1,evaluate,3.388357989490032,0.498,0.2519170996262875,0.15416552396081104,0.18720322269153084,2000
246,2,evaluate,3.660109668970108,0.396,0.18173031735875383,0.11903846696904866,0.14383229925132274,1500
246,3,evaluate,3.649570475021998,0.4613333333333333,0.26326196493570486,0.13774522359995603,0.17988937596380075,1500
246,4,evaluate,3.29286461075147,0.45666666666666667,0.25117003959368495,0.13666418048165346,0.17681440079506633,1500
246,5,evaluate,2.5538949258625507,0.543,0.28245531914003597,0.16026898862878886,0.20438595363005163,2000
247,0,evaluate,3.6868218779563904,0.4026666666666667,0.18393090126163886,0.12097946242832418,0.14590357741032406,1500
247,1,evaluate,3.7285822530587516,0.462,0.2631051245191802,0.1379905254781189,0.18023012473274252,1500
247,2,evaluate,3.2436456978321075,0.4673333333333333,0.2539918414918415,0.13985721096176915,0.18018025390365816,1500
247,3,evaluate,2.568210318684578,0.5425,0.2821025641025641,0.16037971904084916,0.20430046717483194,2000
247,4,evaluate,3.8398150354623795,0.402,0.19961715012648798,0.11998859176717616,0.14903336794114197,1500
247,5,evaluate,3.444101072847843,0.495,0.2504990626741653,0.15354413448115728,0.18639141574682053,2000
248,0,evaluate,3.740039418141047,0.3953333333333333,0.18527742011708764,0.11878211511915696,0.14473441951226781,1500
248,1,evaluate,3.5903557737668357,0.48133333333333334,0.2589486242069535,0.1437579324251908,0.18423300589289363,1500
248,2,evaluate,2.7028158828616142,0.521,0.28090575372516075,0.15617930972007624,0.20058481743253026,2000
248,3,evaluate,3.8333267271518707,0.39666666666666667,0.20076151918257185,0.11835492231466493,0.14822763641636688,1500
248,4,evaluate,3.1998673478762307,0.47933333333333333,0.25410355338374757,0.14349124452782988,0.18325931963611491,1500
248,5,evaluate,3.309562027454376,0.5195,0.24831254898164076,0.16093227054063983,0.19181327756966104,2000
249,0,evaluate,3.1766821344693503,0.48333333333333334,0.25515062660944815,0.1448351941274772,0.18475063421007198,1500
249,1,evaluate,3.3809745411078134,0.51,0.25455943969569683,0.1523183378234994,0.19010220354186014,1500
249,2,evaluate,3.8182268142700195,0.38666666666666666,0.1821337982149116,0.11626651016084029,0.14180908006069423,1500
249,3,evaluate,3.8335166424512863,0.38,0.19797981477581075,0.11342859509003711,0.14383566149630342,1500
249,4,evaluate,3.1504145488142967,0.5465,0.24312237441634102,0.16927283489079845,0.19649736137545867,2000
249,5,evaluate,2.9138563349843025,0.482,0.2821220445486531,0.14847237662175097,0.19405433268485325,2000
250,0,evaluate,3.2789309124151864,0.5246666666666666,0.2523214624844377,0.15670661810166595,0.19292605705992133,1500
250,1,evaluate,3.036617562174797,0.458,0.2830551296347923,0.1421515525045069,0.18867122305818002,2000
250,2,evaluate,3.1068294048309326,0.5555,0.24110499539446906,0.17324829757210264,0.19803225929310317,2000
250,3,evaluate,3.1703659494717917,0.4866666666666667,0.2543543280957198,0.14599944637529602,0.18545502856909,1500
250,4,evaluate,3.853768159945806,0.38466666666666666,0.18424648286527712,0.11573053245470817,0.1418623882384321,1500
250,5,evaluate,3.8427854031324387,0.37666666666666665,0.19803610685224327,0.11239215925323828,0.14297676533539758,1500
251,0,evaluate,3.8462308645248413,0.39066666666666666,0.1871473298542855,0.1175627491287996,0.1437858448547749,1500
251,1,evaluate,3.269709457953771,0.5253333333333333,0.2513795028500911,0.15692894902982832,0.19293027500718227,1500
251,2,evaluate,3.848961556951205,0.36933333333333335,0.19592265087853325,0.11010608028426869,0.14017168081756554,1500
251,3,evaluate,3.2143479386965432,0.47333333333333333,0.25063599462301694,0.1421078491680251,0.18124318157105043,1500
251,4,evaluate,3.128412738442421,0.558,0.24296466454583315,0.1739101787370544,0.199574555037489,2000
251,5,evaluate,3.060583256185055,0.458,0.28295413218219795,0.14132907101876296,0.18801074593206696,2000
252,0,evaluate,3.3805056114991507,0.516,0.25097033986768613,0.15410525991591886,0.19066731595163272,1500
252,1,evaluate,2.9889919832348824,0.469,0.2816588283323811,0.14271040389945053,0.18913652048648613,2000
252,2,evaluate,3.218277176221212,0.4686666666666667,0.251591217688372,0.14083997170362622,0.18027188613395512,1500
252,3,evaluate,3.7682439188162484,0.4026666666666667,0.1895885505829801,0.12118497197642186,0.1470515510050155,1500
252,4,evaluate,3.858983268340429,0.37533333333333335,0.1958797624790322,0.11187952270281917,0.14148289359949445,1500
252,5,evaluate,3.186039727181196,0.5485,0.2443171928637045,0.17060715424567222,0.19793930357576897,2000
253,0,evaluate,3.867297127842903,0.38333333333333336,0.1981258535044875,0.11414748746459687,0.14342303906277273,1500
253,1,evaluate,3.4820182820161185,0.5073333333333333,0.25528620685717013,0.15148344128838995,0.1897812082690549,1500
253,2,evaluate,2.8586754500865936,0.4855,0.27961924929095155,0.14589978788396385,0.19152123056425435,2000
253,3,evaluate,3.743790775537491,0.4026666666666667,0.18810991180132192,0.1211842155732166,0.1469640639467627,1500
253,4,evaluate,3.280647337436676,0.5425,0.2473179409259366,0.16845400172805536,0.19757134760675793,2000
253,5,evaluate,3.2532922426859536,0.4646666666666667,0.2479921953957612,0.13962212550877084,0.1784045568704815,1500
254,0,evaluate,3.23119455575943,0.46266666666666667,0.24688513067425832,0.13890031167020372,0.17755065494138692,1500
254,1,evaluate,2.6563798002898693,0.5175,0.2802492182770487,0.15309583520121647,0.197876991943101,2000
254,2,evaluate,3.617894430955251,0.49133333333333334,0.25738777287356174,0.14665204309643315,0.1862763866074861,1500
254,3,evaluate,3.7298918962478638,0.4073333333333333,0.18678064617479184,0.12255548973913839,0.14782266311683445,1500
254,4,evaluate,3.8925620863835015,0.382,0.1983008137628021,0.11375018957101121,0.1427554285996713,1500
254,5,evaluate,3.450754761695862,0.5125,0.24897640026467222,0.1603660984185697,0.19191741027505257,2000
255,0,evaluate,3.6932492852211,0.48333333333333334,0.2579884613982128,0.1441971616538424,0.18409831521595277,1500
255,1,evaluate,3.9615070819854736,0.37866666666666665,0.199076500980849,0.11292440350351587,0.14260850324028113,1500
255,2,evaluate,3.180830419063568,0.47533333333333333,0.24882939281941957,0.14261887552671237,0.1809723053245712,1500
255,3,evaluate,3.5988757237792015,0.487,0.2499503698211092,0.15389911953331625,0.18651658939437846,2000
255,4,evaluate,2.4912184216082096,0.5435,0.2794273987215708,0.16132183847800255,0.20453845242051522,2000
255,5,evaluate,3.794424364964167,0.4066666666666667,0.1888618486867641,0.12231574434141565,0.14840620763617754,1500
256,0,evaluate,3.974129637082418,0.378,0.20125294850919132,0.11290326705687206,0.14354109153972225,1500
256,1,evaluate,3.539986938238144,0.4875,0.24905184917613718,0.15476173679873106,0.18640213397287303,2000
256,2,evaluate,3.8713339070479074,0.39266666666666666,0.18752619238047682,0.11805923698463008,0.14481489551008328,1500
256,3,evaluate,3.170441230138143,0.472,0.2518756911506667,0.14148817396118477,0.18062430233148022,1500
256,4,evaluate,3.5869290630022683,0.48133333333333334,0.25636050793421206,0.14351685076339551,0.18266380104302052,1500
256,5,evaluate,2.48047436401248,0.539,0.2800950265333827,0.16153711615806896,0.20486418549624083,2000
257,0,evaluate,3.3605890423059464,0.5065,0.2427553722665249,0.16140410881947784,0.18899495715520284,2000
257,1,evaluate,2.6121781170368195,0.516,0.28295796381930216,0.15653447893221192,0.20139097472284115,2000
257,2,evaluate,3.209504783153534,0.47,0.2518443720593558,0.14082964250197355,0.17997080949731106,1500
257,3,evaluate,3.976316581169764,0.37533333333333335,0.20378449944952734,0.11216288248956126,0.14372156408275388,1500
257,4,evaluate,3.3681958615779877,0.506,0.25361142957932803,0.15076546316506265,0.18731284464678336,1500
257,5,evaluate,3.9417314926783242,0.38,0.18523466206788272,0.11416471058396505,0.14113885660775766,1500
258,0,evaluate,3.959903120994568,0.372,0.1854998056324067,0.11174649353885986,0.13938148226913788,1500
258,1,evaluate,2.780400585383177,0.4935,0.28526186790505675,0.15094062830721827,0.1971568372093223,2000
258,2,evaluate,3.2199200987815857,0.476,0.254188625077197,0.14265891079465648,0.18230727391562956,1500
258,3,evaluate,3.1708696745336056,0.535,0.24006159431651491,0.1690881006510267,0.1938165469122301,2000
258,4,evaluate,3.9793796936670938,0.36733333333333335,0.2029348307405284,0.10974619983034435,0.14182364091751753,1500
258,5,evaluate,3.222539097070694,0.522,0.2545840144090642,0.15552467243393267,0.1910020583178516,1500
259,0,evaluate,3.9192415873209634,0.37666666666666665,0.184723997777243,0.1131799376448412,0.14022375859452002,1500
259,1,evaluate,3.041679799556732,0.554,0.2396717123517841,0.17336495434168883,0.19712193192151062,2000
259,2,evaluate,2.9069157540798187,0.4805,0.2853078084633447,0.14645446299393888,0.19334527698331652,2000
259,3,evaluate,3.9679485112428665,0.366,0.203143979109588,0.10927948978188214,0.14154620594915598,1500
259,4,evaluate,3.1869435707728067,0.522,0.2539375758737461,0.15547603183769668,0.19053279405372361,1500
259,5,evaluate,3.2159356772899628,0.47733333333333333,0.25199274432294605,0.14301092383559397,0.18236283643113352,1500
260,0,evaluate,3.294844220081965,0.5093333333333333,0.2564865197548243,0.15174799119702903,0.18844314508644838,1500
260,1,evaluate,2.882711920887232,0.4895,0.2865207650837456,0.14814935359237025,0.1952233181317785,2000
260,2,evaluate,3.9345352202653885,0.366,0.20659782175360664,0.10913326531211369,0.14171952770980306,1500
260,3,evaluate,2.97967991232872,0.5625,0.24168323188052349,0.1740299616007784,0.19883863875695684,2000
260,4,evaluate,3.8462059696515403,0.37333333333333335,0.18004660490278804,0.11227242829153536,0.13807608692067913,1500
260,5,evaluate,3.195598989725113,0.4866666666666667,0.2540240549828179,0.14587572663242393,0.18526957637997432,1500
261,0,evaluate,3.774365355571111,0.382,0.181836631479973,0.1150221948711092,0.14049559059374217,1500
261,1,evaluate,3.371724714835485,0.496,0.25372413067157285,0.1477889333498426,0.18486113193931386,1500
261,2,evaluate,3.8639526963233948,0.38,0.20615446463692866,0.11314121312883893,0.14451039321780873,1500
261,3,evaluate,2.9336104840040207,0.561,0.24234624996734655,0.1720667917015616,0.19826645183857555,2000
261,4,evaluate,3.236428827047348,0.4726666666666667,0.25203916656250513,0.14180443207332455,0.18140937906412935,1500
261,5,evaluate,2.8884045258164406,0.497,0.28526739388748173,0.148126243881252,0.19497637811105303,2000
262,0,evaluate,3.7954461872577667,0.392,0.2071062801932367,0.1166696792913589,0.1472704117963056,1500
262,1,evaluate,3.68688170115153,0.3873333333333333,0.18203394335503026,0.11662996310161108,0.1417150415380139,1500
262,2,evaluate,3.3047774533430734,0.4653333333333333,0.25194733775068845,0.13967643711746072,0.17961191507823943,1500
262,3,evaluate,3.495898813009262,0.4826666666666667,0.25803158076752986,0.1439169264742373,0.18312870165604317,1500
262,4,evaluate,2.8954052925109863,0.5075,0.2853435037817275,0.1496122950053706,0.1961994552692227,2000
262,5,evaluate,2.944077931344509,0.559,0.243959632480753,0.17003032608738788,0.19754524008378288,2000
263,0,evaluate,3.725260724623998,0.41,0.20726554087089494,0.1219624185966374,0.15099979149052908,1500
263,1,evaluate,2.9850955307483673,0.547,0.2445968997396525,0.1653656833149077,0.19459337438399948,2000
263,2,evaluate,2.901365127414465,0.506,0.2845685283834002,0.14821224451997134,0.19476758486818196,2000
263,3,evaluate,3.3728715976079306,0.4513333333333333,0.253848952051063,0.13548403715436902,0.1765593522997174,1500
263,4,evaluate,3.5734891096750894,0.4746666666666667,0.2586406512258307,0.14162784988528618,0.1817960081428654,1500
263,5,evaluate,3.6466513574123383,0.38866666666666666,0.18233969383931914,0.1170454437760775,0.14211206343260616,1500
264,0,evaluate,3.372978995243708,0.448,0.2517532257718917,0.13444422231107556,0.1751489413824034,1500
264,1,evaluate,2.863327916711569,0.515,0.2837698000665418,0.1503043474678063,0.19628767681524262,2000
264,2,evaluate,3.563238968451818,0.4686666666666667,0.25600526121240386,0.13993820898533876,0.18011965120424372,1500
264,3,evaluate,3.650467107693354,0.414,0.2047056711632052,0.12325469036820298,0.15185794957506213,1500
264,4,evaluate,3.6259394188721976,0.4013333333333333,0.18604116242258031,0.12080726503747181,0.14611366616950652,1500
264,5,evaluate,3.090204831212759,0.532,0.24688780621072764,0.1621618868747306,0.19310784182534246,2000
265,0,evaluate,3.678885747989019,0.4013333333333333,0.18672385532708446,0.12069300653128953,0.14626480591874594,1500
265,1,evaluate,3.6423666328191757,0.4106666666666667,0.20088571355080562,0.12243968244628203,0.1511235969626258,1500
265,2,evaluate,3.388923555612564,0.49133333333333334,0.25501032417922775,0.14666478382554268,0.18558610252621163,1500
265,3,evaluate,3.371594548225403,0.4513333333333333,0.2508350915092721,0.13541147643506699,0.17555791779409868,1500
265,4,evaluate,2.8964665085077286,0.505,0.28286390799413685,0.14910678233724078,0.19518882340936336,2000
265,5,evaluate,3.171489804983139,0.5285,0.2477907811536444,0.16507963748297078,0.1947410260086358,2000
266,0,evaluate,3.2162763675053916,0.5193333333333333,0.25178012847367687,0.15499378282849857,0.19114380786944635,1500
266,1,evaluate,3.799484352270762,0.39866666666666667,0.18867134484186598,0.11985488776705355,0.14633908127506762,1500
266,2,evaluate,3.702520857254664,0.4026666666666667,0.19904203559375971,0.12013664945111902,0.14913973402385441,1500
266,3,evaluate,3.3426483273506165,0.458,0.24911256225351455,0.13733193901926408,0.17651300420763022,1500
266,4,evaluate,3.227171555161476,0.538,0.24465936291370233,0.1713534775218295,0.19736976966734582,2000
266,5,evaluate,3.0050389617681503,0.4765,0.28361197235467556,0.14572650849515223,0.19223613707760434,2000
267,0,evaluate,3.205069621404012,0.5373333333333333,0.25309438051361827,0.160390260784867,0.1955856033233321,1500
267,1,evaluate,3.356808640062809,0.5285,0.24391762083507396,0.17068472466346685,0.19544766186867832,2000
267,2,evaluate,3.8176312347253165,0.40066666666666667,0.20178811920151346,0.11970397885675892,0.1499406868838052,1500
267,3,evaluate,3.9296726683775582,0.38133333333333336,0.18794904716194044,0.11459190950491305,0.14224353711430546,1500
267,4,evaluate,3.2773282527923584,0.4673333333333333,0.24938346976292552,0.1399669106716288,0.17816695507839742,1500
267,5,evaluate,2.9588808938860893,0.4835,0.2814172162662095,0.14983234598295478,0.1949018938619199,2000
268,0,evaluate,3.9692715207735696,0.38466666666666666,0.19058378539415827,0.11556864455939424,0.14385840968582347,1500
268,1,evaluate,3.452405698597431,0.514,0.24463300303406701,0.16688840071692906,0.19247015111026253,2000
268,2,evaluate,3.237796892722448,0.474,0.2504072873993082,0.14201204133731124,0.1804066967897379,1500
268,3,evaluate,3.2513910432656608,0.5333333333333333,0.2522364245663472,0.15916996239939368,0.1943909310767413,1500
268,4,evaluate,3.905354231595993,0.38866666666666666,0.20050497754273863,0.11608277513243692,0.14677614579083367,1500
268,5,evaluate,2.840343866497278,0.498,0.2805680599063538,0.15303737842315926,0.19764933860214054,2000
269,0,evaluate,3.4381134808063507,0.506,0.2535361671933506,0.1509938040977484,0.18845864007566632,1500
269,1,evaluate,4.022992288072904,0.37866666666666665,0.20044007631625335,0.11306049401660687,0.14423202132604757,1500
269,2,evaluate,3.935590475797653,0.38666666666666666,0.18672705487658758,0.116205096623986,0.14324207073487674,1500
269,3,evaluate,3.1311678290367126,0.49133333333333334,0.2504625022689555,0.14735203354555612,0.18526421122401943,1500
269,4,evaluate,2.6246381290256977,0.535,0.2827128454114122,0.16092048908389184,0.20501070931557788,2000
269,5,evaluate,3.5802338793873787,0.4995,0.2467870465621564,0.16142144009201015,0.1896888420536886,2000
270,0,evaluate,3.5697810550530753,0.49333333333333335,0.2557154620523288,0.14722541995036736,0.1860626128195199,1500
270,1,evaluate,4.078228930632274,0.37666666666666665,0.2002258139352841,0.11234961073684055,0.1432834966544319,1500
270,2,evaluate,2.57461504265666,0.538,0.28351223919534246,0.16070342036617777,0.2049583280743384,2000
270,3,evaluate,3.109862228234609,0.49666666666666665,0.24956991923251004,0.1491067675493905,0.1864528730717056,1500
270,4,evaluate,3.5898822396993637,0.4955,0.24804989018782594,0.1586995399859335,0.18853130244626798,2000
270,5,evaluate,3.883252630631129,0.3893333333333333,0.1851830473235002,0.11708227620982732,0.14331099086239982,1500
271,0,evaluate,3.6460712254047394,0.488,0.25741925866192333,0.14569460733385195,0.18536903803141358,1500
271,1,evaluate,4.0396794974803925,0.38133333333333336,0.20019731095187251,0.11372318171113749,0.1442582810572762,1500
271,2,evaluate,3.869220773379008,0.3973333333333333,0.18602528066248128,0.11954628246314467,0.14525652510517412,1500
271,3,evaluate,3.17126257220904,0.496,0.25170412882715204,0.14897512789755893,0.18683689184653526,1500
271,4,evaluate,3.5486227944493294,0.493,0.2479899001961338,0.15661398162274603,0.18740900941998123,2000
271,5,evaluate,2.5950342305004597,0.546,0.2835147684880404,0.1615886638472352,0.20550638133358504,2000
272,0,evaluate,3.8443074325720468,0.3993333333333333,0.18387691528577652,0.12014291730292584,0.14517960812137093,1500
272,1,evaluate,3.616089642047882,0.4866666666666667,0.2578214919828006,0.1454250139863736,0.18566534554234432,1500
272,2,evaluate,3.339001178741455,0.4653333333333333,0.25272624656925435,0.1397547134992157,0.17973037232344036,1500
272,3,evaluate,3.899321193496386,0.40066666666666667,0.20209977797334827,0.11951182788503363,0.1494096915133644,1500
272,4,evaluate,2.7686215937137604,0.524,0.28527905411262877,0.1543012455811962,0.20003413392912556,2000
272,5,evaluate,3.4279304072260857,0.508,0.24603322474707348,0.15948364329161996,0.19000985364087458,2000
273,0,evaluate,3.522327035665512,0.43466666666666665,0.2562139012569233,0.13058402280113596,0.17275917446926775,1500
273,1,evaluate,3.807975798845291,0.4093333333333333,0.1848037076192103,0.1231429012623753,0.1476910472710293,1500
273,2,evaluate,3.036911301314831,0.4815,0.28636730240852415,0.14281862013190222,0.19053121583413812,2000
273,3,evaluate,3.5207152664661407,0.5006666666666667,0.2581333321142783,0.1496257084498037,0.1891473117934773,1500
273,4,evaluate,3.2630672231316566,0.5325,0.24280236007366388,0.1648936571886503,0.19363701924748708,2000
273,5,evaluate,3.776564911007881,0.41333333333333333,0.20024910147389355,0.12327698699584526,0.15170520841027071,1500
274,0,evaluate,3.564328670501709,0.44066666666666665,0.2583524616830538,0.1323097940311055,0.17488081040601194,1500
274,1,evaluate,3.7551360428333282,0.4026666666666667,0.194714313243725,0.11998045127066741,0.1472152178605588,1500
274,2,evaluate,3.493267407019933,0.5066666666666667,0.2594475951319921,0.1513624460034527,0.19064415722023162,1500
274,3,evaluate,3.201036751270294,0.456,0.28809016677323107,0.13742179766252488,0.18598502160867886,2000
274,4,evaluate,3.143255464732647,0.5465,0.24099202392821537,0.1681324402106906,0.1956889259174262,2000
274,5,evaluate,3.7921478549639382,0.4066666666666667,0.18294703647199395,0.12239169842919788,0.14642966224463771,1500
275,0,evaluate,3.78741122285525,0.4093333333333333,0.18657646373878065,0.12320214724380119,0.1481532984450242,1500
275,1,evaluate,3.593743751446406,0.49533333333333335,0.2619810339108585,0.14785439154834326,0.18787519261292407,1500
275,2,evaluate,3.1406378895044327,0.461,0.28616490984912035,0.14083212954488417,0.1885049711205972,2000
275,3,evaluate,3.4766196409861245,0.45466666666666666,0.259547044516529,0.13643557961430813,0.17879988936582775,1500
275,4,evaluate,3.8301213334004083,0.39466666666666667,0.19801633986928105,0.11759224111971185,0.14590450356321852,1500
275,5,evaluate,3.0865546241402626,0.551,0.2397333626386498,0.1683296874366871,0.19569541717428762,2000
276,0,evaluate,3.3696157038211823,0.4713333333333333,0.25791128003978725,0.1413760393278586,0.182505480016507,1500
276,1,evaluate,3.688188354174296,0.4846666666666667,0.2631254121280414,0.14459318291393114,0.18516190111668018,1500
276,2,evaluate,3.818299800157547,0.4073333333333333,0.18818511805711874,0.12252033499969359,0.14832176866927033,1500
276,3,evaluate,3.9339815378189087,0.384,0.19819799908745925,0.11442938260295132,0.1432830503406614,1500
276,4,evaluate,3.107976883649826,0.5435,0.2403607376805971,0.1648089884864951,0.1933599811967214,2000
276,5,evaluate,2.9468020983040333,0.49,0.28431723185768065,0.1491269490287503,0.19539416353965794,2000
277,0,evaluate,3.171683579683304,0.532,0.2408326255242555,0.1619851271492611,0.19146711524780163,2000
277,1,evaluate,4.029239669442177,0.37933333333333336,0.202256506839616,0.11307921715857701,0.14339375940806376,1500
277,2,evaluate,3.2787413199742637,0.484,0.2513069767787983,0.1450120464634659,0.18351511339704257,1500
277,3,evaluate,2.754033602774143,0.524,0.28186734338058067,0.15913993979759086,0.2032276003386712,2000
277,4,evaluate,3.862916499376297,0.3953333333333333,0.18675224574238705,0.11881119622101277,0.14520128884539113,1500
277,5,evaluate,3.7197780708471933,0.48533333333333334,0.26177260377835343,0.14474081441078804,0.18497020820466054,1500
278,0,evaluate,3.1636214355627694,0.49866666666666665,0.2511733560748962,0.14937819743897313,0.18680073053559376,1500
278,1,evaluate,3.850342094898224,0.45866666666666667,0.25764717878803967,0.13679355199627685,0.1776176741894297,1500
278,2,evaluate,3.9004419247309365,0.39066666666666666,0.18544453838712788,0.11729690982156185,0.14350616569651914,1500
278,3,evaluate,3.3787555396556854,0.503,0.24527339531706782,0.15415278438363664,0.1865840780790389,2000
278,4,evaluate,2.5176319293677807,0.57,0.27986805309385954,0.17105201347106966,0.21227302940135048,2000
278,5,evaluate,4.088873411218326,0.38266666666666665,0.20532106824834379,0.11438799426755211,0.14590166215439096,1500
279,0,evaluate,3.1307682196299234,0.504,0.2515565365896465,0.15093331898010026,0.18768834211328136,1500
279,1,evaluate,3.5691018253564835,0.474,0.24784438140351006,0.146969326480983,0.1804582413314788,2000
279,2,evaluate,4.095312004288037,0.386,0.20765246455939068,0.11553968863818723,0.14771959203486854,1500
279,3,evaluate,2.4021866731345654,0.597,0.2806987179293881,0.17845472523100042,0.218138517887026,2000
279,4,evaluate,3.966653029123942,0.38866666666666666,0.184016409169462,0.11664168374937271,0.1422898648146443,1500
279,5,evaluate,3.8280860682328544,0.4633333333333333,0.2565044761068855,0.1382877216032011,0.17895208383943756,1500
280,0,evaluate,3.9965671996275582,0.388,0.1856999042145594,0.11647365898276271,0.1427797018369576,1500
280,1,evaluate,4.032260750730832,0.39,0.20489633657384526,0.11672498659382011,0.14851209658099446,1500
280,2,evaluate,3.186608006556829,0.5073333333333333,0.2545018339209331,0.15195029680435518,0.18922096996955898,1500
280,3,evaluate,2.513200655579567,0.581,0.2824807065808749,0.17464807511662345,0.21579044676921294,2000
280,4,evaluate,3.58428031206131,0.4805,0.2478220458535076,0.1522828239825771,0.1832955883546447,2000
280,5,evaluate,3.5516046285629272,0.496,0.2559448129701719,0.14810317050040891,0.18705793020155095,1500
281,0,evaluate,4.033924629290898,0.39,0.18682304141067027,0.11710403740976552,0.14374774642813432,1500
281,1,evaluate,3.5725728571414948,0.486,0.24554312874719425,0.15652723642390892,0.18461540568908158,2000
281,2,evaluate,4.0357208003600435,0.394,0.20497638735994128,0.11782172940810129,0.14955202734045597,1500
281,3,evaluate,2.642555844038725,0.553,0.28250870485018736,0.16834051140487366,0.2107668737952666,2000
281,4,evaluate,3.217064638932546,0.5093333333333333,0.25285058545577277,0.15267259762761562,0.1889620371409734,1500
281,5,evaluate,3.3623037238915763,0.5186666666666667,0.2546186468646865,0.15484499657794104,0.19198843455908338,1500
282,0,evaluate,4.040237049261729,0.38866666666666666,0.18547952514339067,0.11677297773642029,0.14325825485353824,1500
282,1,evaluate,4.052847936749458,0.38866666666666666,0.20127366885987574,0.11612202578627262,0.1470999613470867,1500
282,2,evaluate,3.2782377898693085,0.504,0.2504143790849673,0.1512226391494684,0.1878612732709589,1500
282,3,evaluate,2.846816197037697,0.5235,0.28491101523671947,0.16103411766954778,0.20535408944242803,2000
282,4,evaluate,3.484160728752613,0.5025,0.24205376096781533,0.16218812172359368,0.18733404762103004,2000
282,5,evaluate,3.2284325857957206,0.5413333333333333,0.2562965668976598,0.16165283580842216,0.19770245941828826,1500
283,0,evaluate,4.022230019172032,0.392,0.19770656974604342,0.11695786568744826,0.1465217880932538,1500
283,1,evaluate,3.02283825725317,0.491,0.28550686082388405,0.15020845267744995,0.19640134764837502,2000
283,2,evaluate,3.3692559202512107,0.48733333333333334,0.24915795085306797,0.14639162283804427,0.1839912616344125,1500
283,3,evaluate,3.1628285149733224,0.5486666666666666,0.25633087403181853,0.16379273695798185,0.19914836055480115,1500
283,4,evaluate,4.005341589450836,0.39266666666666666,0.18400684325839659,0.11805326500122848,0.14381047601373295,1500
283,5,evaluate,3.383434608578682,0.5155,0.24253360750905756,0.16546189132749714,0.1904273002015044,2000
284,0,evaluate,3.998946964740753,0.388,0.1965051721999421,0.11564886423408119,0.14502026816975686,1500
284,1,evaluate,3.443276504675547,0.4746666666666667,0.251209682270425,0.14257717425850172,0.18157856446735104,1500
284,2,evaluate,3.2092126309871674,0.5353333333333333,0.2567812412046159,0.1597487494585991,0.1960255619612014,1500
284,3,evaluate,3.9575606683890023,0.4046666666666667,0.1837635941061732,0.12180743658491622,0.14637731494904302,1500
284,4,evaluate,3.072421982884407,0.4785,0.28537760011843954,0.14500371409074625,0.19195137187118433,2000
284,5,evaluate,3.2959364652633667,0.522,0.2428049638415492,0.16605402591967222,0.19204589987802892,2000
285,0,evaluate,3.317971726258596,0.502,0.2577200711200919,0.14979069008097162,0.18822547241653353,1500
285,1,evaluate,3.930520643790563,0.3973333333333333,0.18157251394139004,0.11970980723100333,0.14381446328903236,1500
285,2,evaluate,3.982632582386335,0.398,0.1980699520596513,0.1185608736714165,0.1473423703118919,1500
285,3,evaluate,3.246497265994549,0.522,0.24395521756238542,0.16362798158566189,0.19115738435733984,2000
285,4,evaluate,3.5142837464809418,0.45066666666666666,0.25093239767389847,0.13519251273849434,0.17568640394886473,1500
285,5,evaluate,2.9703182578086853,0.496,0.2841362366727343,0.14663149543347062,0.19341661144273067,2000
286,0,evaluate,3.61339924732844,0.43133333333333335,0.24966978010396107,0.12921539076677022,0.1702219864696496,1500
286,1,evaluate,3.254876010119915,0.515,0.24491643893848303,0.15984403443596978,0.1888186167903338,2000
286,2,evaluate,3.9543985476096473,0.408,0.1971527159656931,0.12148543037010287,0.14920429473495983,1500
286,3,evaluate,2.875484298914671,0.5175,0.2833818980468098,0.14974357890580325,0.1956621272146058,2000
286,4,evaluate,3.912201782067617,0.404,0.18218104949736244,0.12174585816016743,0.14540797813597278,1500
286,5,evaluate,3.456185777982076,0.4786666666666667,0.25929185531319965,0.14290740827672038,0.18305837679847867,1500
287,0,evaluate,3.503767023483912,0.47,0.25715214932126695,0.14034793754022118,0.18045339465337681,1500
287,1,evaluate,3.708714465300242,0.416,0.2505474606694119,0.12443566163278279,0.166012158134247,1500
287,2,evaluate,3.9087774207194648,0.41533333333333333,0.1976631925863636,0.12364700140644705,0.1508237422643518,1500
287,3,evaluate,3.227312184870243,0.518,0.2435401336624441,0.15970516079555166,0.18888967873605633,2000
287,4,evaluate,2.8711757324635983,0.513,0.28244078390975624,0.14736294792127796,0.19302859044281653,2000
287,5,evaluate,3.9390152394771576,0.4073333333333333,0.1849555622505084,0.12277077569861079,0.1469891372570578,1500
288,0,evaluate,3.456536869208018,0.482,0.259096297417272,0.14401694159814743,0.1843301088038462,1500
288,1,evaluate,3.1499202474951744,0.5275,0.24326218542366665,0.16264984754968737,0.190969479916349,2000
288,2,evaluate,3.989279647668203,0.3993333333333333,0.18448665493183475,0.12032413230066766,0.1450752257183217,1500
288,3,evaluate,2.91368405893445,0.5045,0.2828790212413468,0.1450688276988709,0.1910672720613494,2000
288,4,evaluate,3.768777976433436,0.4033333333333333,0.24812408793484914,0.12056720901383036,0.16185665743390407,1500
288,5,evaluate,3.8801776468753815,0.418,0.19956845827439887,0.12450015107992338,0.15219448156079585,1500
289,0,evaluate,3.8989920814832053,0.41,0.19990688732608014,0.12227988193587928,0.15105009082588716,1500
289,1,evaluate,3.770875801642736,0.4086666666666667,0.24895516248457422,0.12225271429889584,0.16361334983035863,1500
289,2,evaluate,3.3890145321687064,0.49,0.25734130011017886,0.14622823087072417,0.18531925716203893,1500
289,3,evaluate,3.07542435079813,0.5455,0.24226171984792674,0.16943858440939835,0.19538046222890815,2000
289,4,evaluate,2.953374743461609,0.5015,0.2843666598929757,0.1463662060401862,0.19294233635796076,2000
289,5,evaluate,4.011897991100947,0.3893333333333333,0.1841751772197525,0.11717831380324269,0.14292177888269122,1500
290,0,evaluate,3.0516048073768616,0.5565,0.24188652885956202,0.17339247985886272,0.19824214990949715,2000
290,1,evaluate,2.984604135155678,0.5025,0.2848322586823289,0.14944579577316236,0.1960153119932901,2000
290,2,evaluate,4.023907353480657,0.38,0.18248500163781273,0.1143165171053421,0.14032837120339664,1500
290,3,evaluate,3.718817492326101,0.4246666666666667,0.25120765874919276,0.1271740790863142,0.16831162489937582,1500
290,4,evaluate,3.9268082678318024,0.39266666666666666,0.19532014556869567,0.11727651805196766,0.14613424147550866,1500
290,5,evaluate,3.3647727370262146,0.5046666666666667,0.2598597996765024,0.15050455609594077,0.18903954821217792,1500
291,0,evaluate,4.0218766033649445,0.37533333333333335,0.18136608625301048,0.11282750737977383,0.13908420214848324,1500
291,1,evaluate,3.4402139087518058,0.5026666666666667,0.2611471793255594,0.1498259773360447,0.18828449105088638,1500
291,2,evaluate,3.5862858494122825,0.45266666666666666,0.24580252044161263,0.13582702816309372,0.17410323131492353,1500
291,3,evaluate,2.9376107528805733,0.5065,0.2855929805600411,0.15221502586970292,0.19850125402741944,2000
291,4,evaluate,4.061530510584514,0.37866666666666665,0.1984752953803592,0.11318339307944983,0.1436744232561226,1500
291,5,evaluate,3.073906347155571,0.553,0.24253873782649932,0.17307307075984524,0.1982580222493821,2000
292,0,evaluate,4.055638879537582,0.36933333333333335,0.18119092053141134,0.11101482111648506,0.13763413178017753,1500
292,1,evaluate,3.5180946985880532,0.462,0.24526509283462525,0.1387741570038651,0.1762284317682274,1500
292,2,evaluate,4.14362554748853,0.36666666666666664,0.19932879517405502,0.10961229827753502,0.14092780999618557,1500
292,3,evaluate,3.4327133695284524,0.5106666666666667,0.26050881178149693,0.15218975335630122,0.1898409824842422,1500
292,4,evaluate,2.94758078455925,0.5005,0.28516232409516845,0.1526963609310279,0.1983451066349287,2000
292,5,evaluate,3.094518154859543,0.548,0.24161974230181263,0.1727444109581199,0.19751042819534453,2000
293,0,evaluate,4.246915966272354,0.36666666666666664,0.20132150949388347,0.1096014400089635,0.14148776960321952,1500
293,1,evaluate,4.0955184400081635,0.37666666666666665,0.18105557497834504,0.11317071432829699,0.1391168484027748,1500
293,2,evaluate,3.482672850290934,0.51,0.2616105431046125,0.15200023441019642,0.1897873533420144,1500
293,3,evaluate,3.4411658346652985,0.49,0.25056566989943657,0.1474087800777125,0.1840799339021722,1500
293,4,evaluate,3.1802807673811913,0.538,0.2417307659996304,0.170854703097096,0.19595722960209888,2000
293,5,evaluate,2.8865168802440166,0.518,0.2843092210425862,0.15817892617454932,0.20245999907221535,2000
294,0,evaluate,3.60143635670344,0.49933333333333335,0.2603122590547879,0.14883881747647493,0.18736456646351834,1500
294,1,evaluate,3.3749671479066214,0.5013333333333333,0.251074016563147,0.15088833697290313,0.18687839723257954,1500
294,2,evaluate,4.271200527747472,0.36666666666666664,0.2021861471861472,0.10947025622821696,0.14137632833285008,1500
294,3,evaluate,4.0325890978177386,0.38866666666666666,0.18373272228838383,0.1168493608528988,0.14264820722666158,1500
294,4,evaluate,2.7387502416968346,0.54,0.28245172113303985,0.1622605888584229,0.20532142914885312,2000
294,5,evaluate,3.3225496113300323,0.5205,0.2453753903930848,0.16498910950672546,0.19317429987852525,2000
295,0,evaluate,3.9653042952219644,0.3913333333333333,0.1827198247379432,0.11771688809349956,0.14307020159941047,1500
295,1,evaluate,3.648995210727056,0.49,0.26186183729857804,0.14620274941250505,0.18644590495449948,1500
295,2,evaluate,4.1803200244903564,0.37466666666666665,0.20086292097027952,0.11173902542488585,0.14265592975318475,1500
295,3,evaluate,3.4075922866662345,0.49266666666666664,0.24999458831575622,0.14815540450486472,0.1849337921294127,1500
295,4,evaluate,2.634256761521101,0.5605,0.28332419156275523,0.16507156498739461,0.20803701174783013,2000
295,5,evaluate,3.463601730763912,0.504,0.2458033983350439,0.15863334255533712,0.18864168514892843,2000
296,0,evaluate,3.487670828898748,0.47333333333333333,0.2507137182418081,0.1421992228749526,0.18100470249283318,1500
296,1,evaluate,3.622847060362498,0.49066666666666664,0.26118488302348747,0.14653703539361734,0.1869409307425762,1500
296,2,evaluate,3.95500119527181,0.3993333333333333,0.18471934302471213,0.12019966835441434,0.14547474097240023,1500
296,3,evaluate,2.661702562123537,0.5475,0.28242622465254047,0.15909986147627134,0.20322512007531265,2000
296,4,evaluate,4.066417162617047,0.386,0.19812646866319167,0.11502742065355495,0.14452666785656082,1500
296,5,evaluate,3.522719092667103,0.503,0.24680525156455832,0.15697108034972213,0.18728467529651024,2000
297,0,evaluate,3.9915256599585214,0.4033333333333333,0.19772494459500206,0.12019204969625692,0.14835249208092094,1500
297,1,evaluate,2.824258904904127,0.5275,0.2844037251157559,0.15283391486466508,0.1984945896059162,2000
297,2,evaluate,3.9676045874754586,0.3953333333333333,0.18438930161436556,0.11899001794300461,0.14446269340336748,1500
297,3,evaluate,3.633281101783117,0.44333333333333336,0.2495890603204845,0.1329265216990127,0.17345452806751413,1500
297,4,evaluate,3.445950895547867,0.515,0.24197195163068735,0.15985129904356626,0.18754045551415788,2000
297,5,evaluate,3.5437664786974588,0.494,0.2575782617864727,0.14754716620318759,0.18671158797129406,1500
298,0,evaluate,3.753593236207962,0.426,0.24992509260177015,0.127521094126452,0.1687570417449083,1500
298,1,evaluate,3.08961396291852,0.488,0.2846947248809055,0.1440641116360773,0.19115058281455216,2000
298,2,evaluate,4.070158074299495,0.39066666666666666,0.18536243107742964,0.11755483531029116,0.14373528992443765,1500
298,3,evaluate,3.9615173240502677,0.4026666666666667,0.19659048523278289,0.12008485153593222,0.14832381258879118,1500
298,4,evaluate,3.3608059783776603,0.514,0.2568389548250999,0.153526673857531,0.19141210155666005,1500
298,5,evaluate,3.2686450853943825,0.5445,0.23638249315998902,0.16772546995060794,0.19219941935243873,2000
299,0,evaluate,3.733523199955622,0.43066666666666664,0.25096135363563393,0.12877136324957197,0.16979819407116672,1500
299,1,evaluate,3.246761694550514,0.467,0.28373538011695904,0.14268887501029354,0.1894188164833596,2000
299,2,evaluate,4.15243536233902,0.38066666666666665,0.18431094924529895,0.11454986149096694,0.14113383220962683,1500
299,3,evaluate,3.1563694961369038,0.5595,0.2343098869314651,0.17222944525988054,0.19489668061929336,2000
299,4,evaluate,3.2955970068772635,0.53,0.2536944880926427,0.15823067757119325,0.1942028973936763,1500
299,5,evaluate,4.012095476190249,0.39466666666666667,0.19783341754740552,0.11771168207399851,0.14684797346819115,1500
300,0,evaluate,3.3910091618696847,0.524,0.25209485367447304,0.15636557897356554,0.19214273669589396,1500
300,1,evaluate,4.175094187259674,0.38533333333333336,0.18679853434954516,0.11593285390337031,0.14291133385401014,1500
300,2,evaluate,3.615673075119654,0.444,0.24852845843744986,0.13266034611796307,0.1721704164020333,1500
300,3,evaluate,3.1921805664896965,0.471,0.28355836722669625,0.14581212794276036,0.1916181092182327,2000
300,4,evaluate,4.071367258826892,0.394,0.20012012591400774,0.11763544984960594,0.14750740144621086,1500
300,5,evaluate,3.161670234054327,0.564,0.237036488267639,0.17394236326157814,0.19748855762498513,2000
301,0,evaluate,4.1729511221249895,0.38866666666666666,0.2023803533992213,0.11593831977844518,0.14625862708599408,1500
301,1,evaluate,3.2384935952723026,0.5605,0.2376711519622189,0.17327188103291066,0.19758256932345447,2000
301,2,evaluate,4.131247709194819,0.3873333333333333,0.1848044575273339,0.11648695086808195,0.14276048659256121,1500
301,3,evaluate,3.528263290723165,0.5093333333333333,0.2504987315622745,0.15185453604470783,0.18789751412880878,1500
301,4,evaluate,3.0694678723812103,0.477,0.2831979260493605,0.1493189488251494,0.1941760992670088,2000
301,5,evaluate,3.456392139196396,0.46,0.24826294854646652,0.13746488584053557,0.17595438551460083,1500
302,0,evaluate,3.3888718684514365,0.4633333333333333,0.24806938159879338,0.13853825136612022,0.17690339484831213,1500
302,1,evaluate,4.177968521912892,0.38866666666666666,0.19996897054675206,0.11590912295828977,0.14509841756778372,1500
302,2,evaluate,4.054203540086746,0.39866666666666667,0.18573600608741142,0.11986768979124936,0.14560513311548204,1500
302,3,evaluate,3.3591629900038242,0.544,0.2398443251273233,0.168775593379277,0.19517712738189683,2000
302,4,evaluate,2.9896769002079964,0.488,0.28274693115457444,0.1518919187540477,0.1966982960738115,2000
302,5,evaluate,3.6291131377220154,0.5006666666666667,0.2522204199168915,0.14925723230971383,0.18632925601214573,1500
303,0,evaluate,3.5538990199565887,0.523,0.24299479669071783,0.16294651928398168,0.1916295116318913,2000
303,1,evaluate,3.9954924484093985,0.398,0.18322817503577582,0.1196719950750067,0.14470221946893205,1500
303,2,evaluate,3.7552620669205985,0.48533333333333334,0.25251676103328047,0.14470645848619607,0.18286048735181173,1500
303,3,evaluate,2.8172830156981945,0.513,0.28242765342892356,0.15666627295604346,0.20124934407335396,2000
303,4,evaluate,4.165762643019359,0.39666666666666667,0.20068324619335903,0.1183090759357052,0.1468924854003002,1500
303,5,evaluate,3.3588722546895347,0.468,0.24910799856464022,0.1401780057207886,0.17912220853983002,1500
304,0,evaluate,3.871800482273102,0.4673333333333333,0.2542251977135698,0.13946188990065708,0.17919085364003878,1500
304,1,evaluate,3.9861842691898346,0.394,0.18034730977555485,0.11847796899223913,0.14296915323446108,1500
304,2,evaluate,4.149285227060318,0.39266666666666666,0.19610755687618125,0.11713624511842628,0.14502260350901333,1500
304,3,evaluate,3.4264590541521707,0.4646666666666667,0.24964442794310848,0.13943084304739642,0.17857214550077405,1500
304,4,evaluate,3.7597531750798225,0.492,0.24622805381009277,0.15477255054850783,0.1854814705596469,2000
304,5,evaluate,2.7059981003403664,0.536,0.2838733811898369,0.1606257779031473,0.20511387862805114,2000
305,0,evaluate,2.75587822124362,0.5315,0.28316831215623867,0.15558711251152751,0.20040720721345343,2000
305,1,evaluate,3.550059805313746,0.452,0.250719930314859,0.13586455161525132,0.1757098421051077,1500
305,2,evaluate,3.8221946954727173,0.4825,0.2468223592264513,0.151731014752464,0.18301390485083852,2000
305,3,evaluate,3.83711306254069,0.464,0.2542650262701432,0.1385990366343129,0.17881378137509465,1500
305,4,evaluate,4.0128932893276215,0.3953333333333333,0.18320006766821234,0.11885058441712706,0.14416714970016953,1500
305,5,evaluate,4.093343620498975,0.4013333333333333,0.19731609164377203,0.11981375056775156,0.14837078613597104,1500
306,0,evaluate,4.087545086940129,0.38466666666666666,0.1819648705328375,0.11567866960890705,0.1413978414629932,1500
306,1,evaluate,2.93974057585001,0.511,0.28086609006992475,0.14805478175939993,0.1929368784294174,2000
306,2,evaluate,3.655172497034073,0.482,0.2544080469898645,0.14420938266370673,0.1837176217064112,1500
306,3,evaluate,4.036959533890088,0.4086666666666667,0.1990621029861004,0.12204376907808685,0.1510417819726611,1500
306,4,evaluate,3.7053727507591248,0.43333333333333335,0.25122322887651627,0.13045138354914446,0.1707664221135739,1500
306,5,evaluate,3.7188761085271835,0.4905,0.24332126748392113,0.15355511455416992,0.18342295036748277,2000
307,0,evaluate,4.068207989136378,0.39466666666666667,0.19764689987765843,0.11781938020182534,0.14725015476436135,1500
307,1,evaluate,3.420339733362198,0.5226666666666666,0.2548815496983169,0.15633648991103224,0.19367462868185284,1500
307,2,evaluate,3.1223227493464947,0.4895,0.28503741350853806,0.14354043072689612,0.18969466199875362,2000
307,3,evaluate,3.7022409538427987,0.446,0.25304277812087045,0.13433244650857606,0.17425129273182915,1500
307,4,evaluate,4.183306276798248,0.37866666666666665,0.18522386980416178,0.11390146545957203,0.14081426146075252,1500
307,5,evaluate,3.5368306189775467,0.513,0.2398287921494937,0.16074206133129015,0.187452507911536,2000
308,0,evaluate,3.291577935218811,0.5406666666666666,0.25350571281881706,0.16158723426670904,0.19714239425737146,1500
308,1,evaluate,4.240092267592748,0.376,0.18513571308865426,0.11316024234614405,0.13981287851342486,1500
308,2,evaluate,3.603692630926768,0.4613333333333333,0.2514971025545123,0.1388404638144742,0.1778900726012512,1500
308,3,evaluate,4.136039932568868,0.38133333333333336,0.19694637476169977,0.11385846778933728,0.1437326641179324,1500
308,4,evaluate,3.368493102490902,0.5425,0.2404625938242945,0.17019969362555515,0.19506685588301909,2000
308,5,evaluate,3.278258576989174,0.463,0.28576382759099794,0.13986263161674192,0.1868429483374944,2000
309,0,evaluate,4.184114376703898,0.36333333333333334,0.1954788998723162,0.1084329358335298,0.13891254946589454,1500
309,1,evaluate,4.18790723880132,0.38133333333333336,0.1868763492132749,0.1147648608976907,0.14135160837799704,1500
309,2,evaluate,3.3275016446908317,0.5313333333333333,0.25281572229335936,0.15862997490436725,0.19435017785384892,1500
309,3,evaluate,3.448156068722407,0.47533333333333333,0.249549301863874,0.14288653769261525,0.18115761368629832,1500
309,4,evaluate,3.241677574813366,0.4555,0.2860223347617193,0.14069018630771618,0.18760554861680145,2000
309,5,evaluate,3.2756000757217407,0.5465,0.24070755597763266,0.17162382400569015,0.19634899370599718,2000
310,0,evaluate,3.3725964725017548,0.486,0.24848876481940999,0.14590873906847518,0.18362278168223098,1500
310,1,evaluate,3.199449807405472,0.4655,0.28446012838226553,0.14551476804436794,0.19149668554345017,2000
310,2,evaluate,3.429031729698181,0.526,0.2545325004198868,0.15688934866557963,0.19292956876036205,1500
310,3,evaluate,4.211303681135178,0.36,0.19904735762190212,0.10742416807010109,0.13900117479313207,1500
310,4,evaluate,4.1157880028088885,0.384,0.18483056687978866,0.11551714750858233,0.1415165679387719,1500
310,5,evaluate,3.1948314011096954,0.5535,0.2431592813117887,0.17285581934907784,0.19853319242425876,2000
311,0,evaluate,3.166452206671238,0.5585,0.24194958730181923,0.17391568384048917,0.19893826849636997,2000
311,1,evaluate,4.05431513984998,0.388,0.18663373226160537,0.11665225498443299,0.14333778992909504,1500
311,2,evaluate,3.1283199787139893,0.4765,0.28295389498708423,0.14995535579397315,0.19495898344172397,2000
311,3,evaluate,3.5195438961187997,0.5166666666666667,0.255220288970289,0.1539990690218709,0.19048155699904207,1500
311,4,evaluate,3.3444311817487082,0.4886666666666667,0.2511290521385431,0.14648953239217136,0.18492737508619536,1500
311,5,evaluate,4.201070328553517,0.36,0.1978558307587579,0.10741250536663835,0.13854686366868738,1500
312,0,evaluate,4.008702794710795,0.4033333333333333,0.18741884334091327,0.1211801470044416,0.14714337970665628,1500
312,1,evaluate,3.269473120570183,0.544,0.24513969217916584,0.1700443046748327,0.19731074086333966,2000
312,2,evaluate,3.6566074887911477,0.5046666666666667,0.25654297253287234,0.1504769533183369,0.18825424013723352,1500
312,3,evaluate,4.123156845569611,0.37666666666666665,0.19986879813214334,0.11246165153111201,0.14291428187763025,1500
312,4,evaluate,3.0017934180796146,0.493,0.2826455919173849,0.15336539057149573,0.19821690399236308,2000
312,5,evaluate,3.4072850942611694,0.48,0.2515149870454748,0.14366143286275232,0.1824486193815405,1500
313,0,evaluate,4.042283256848653,0.39666666666666667,0.20219643857563968,0.11849953791465093,0.14810652094521298,1500
313,1,evaluate,3.4744057059288025,0.47533333333333333,0.24965834080905885,0.1421394519115431,0.18037258747227145,1500
313,2,evaluate,4.007973978916804,0.404,0.18561469064656536,0.12139103702063006,0.14663179420102393,1500
313,3,evaluate,3.460430607199669,0.51,0.24493315761278062,0.1600988780288469,0.18930914056002354,2000
313,4,evaluate,2.8502036295831203,0.5255,0.28309820471596997,0.16097728375658904,0.20491327665300102,2000
313,5,evaluate,3.782102882862091,0.49333333333333335,0.2562693361704872,0.1471372142250857,0.18568947794372864,1500
314,0,evaluate,3.5613418519496918,0.462,0.24792796000015954,0.13802325223756653,0.1760348941336525,1500
314,1,evaluate,3.9589546422163644,0.4106666666666667,0.20033921558103557,0.12269545428265112,0.15108235668683428,1500
314,2,evaluate,3.7820657193660736,0.496,0.2587365056718218,0.14798137441540193,0.1871015060659021,1500
314,3,evaluate,2.7945467345416546,0.5345,0.2831341672329145,0.16259691994218675,0.2061918185939074,2000
314,4,evaluate,3.622074954211712,0.4945,0.2473304898073611,0.156678940043072,0.1866815257799285,2000
314,5,evaluate,4.07269619901975,0.4053333333333333,0.18681742289663422,0.12181606838614964,0.146996647146608,1500
315,0,evaluate,3.7047775238752365,0.495,0.24915447960560747,0.1576020833124125,0.18759853427966777,2000
315,1,evaluate,3.6284026900927224,0.5066666666666667,0.25774785488908203,0.15128755838413088,0.18989512328459546,1500
315,2,evaluate,4.152610818545024,0.4033333333333333,0.1879896063728399,0.12122648930748428,0.14685697761962732,1500
315,3,evaluate,3.811849902073542,0.426,0.20180664240713,0.12739644679506087,0.155715362485194,1500
315,4,evaluate,3.653750628232956,0.45,0.2485802091890917,0.13439088467177232,0.1727895630340216,1500
315,5,evaluate,2.845710553228855,0.518,0.283588931975556,0.1563943743815805,0.20128734720913025,2000
316,0,evaluate,3.4443661868572235,0.5306666666666666,0.2569798936523762,0.1586346419671737,0.19577124406597463,1500
316,1,evaluate,3.724905883272489,0.432,0.2033320402879283,0.129119700168207,0.15763844306657207,1500
316,2,evaluate,4.2016474306583405,0.3953333333333333,0.18881942443740196,0.11886111723170707,0.14543960526825844,1500
316,3,evaluate,3.688254783550898,0.45066666666666666,0.25158794290757047,0.1347069121069521,0.17441962965872523,1500
316,4,evaluate,2.921969909220934,0.506,0.2854047806287136,0.15168274013176095,0.19789214437367303,2000
316,5,evaluate,3.734293282032013,0.492,0.2492094076771496,0.15746493904229925,0.18681153784567323,2000
317,0,evaluate,3.748147572080294,0.42733333333333334,0.2019655141606361,0.12770760285196844,0.15599138925394443,1500
317,1,evaluate,3.3264110485712686,0.5446666666666666,0.2567780439209833,0.16291119061560977,0.19918446942579898,1500
317,2,evaluate,3.685495058695475,0.45466666666666666,0.25337032999659936,0.1360551420457458,0.17656123558059383,1500
317,3,evaluate,4.270272572835286,0.38333333333333336,0.18791371548027563,0.11534110726927653,0.14276681331559984,1500
317,4,evaluate,3.7471564263105392,0.4875,0.24758903636506951,0.15620235235531352,0.1857283118561891,2000
317,5,evaluate,2.9671097807586193,0.5,0.28489925539989086,0.1488570124673598,0.19551333171526647,2000
318,0,evaluate,4.282519459724426,0.37733333333333335,0.1872688740276772,0.11354263418240673,0.14127808837257044,1500
318,1,evaluate,3.3798133730888367,0.5366666666666666,0.2567253016120833,0.16050803765432398,0.19735994612548807,1500
318,2,evaluate,3.607126106818517,0.462,0.25176479161461496,0.13839512912783605,0.1783854145317887,1500
318,3,evaluate,2.8758210353553295,0.5145,0.2838893048338563,0.15182536166487687,0.19778954236628654,2000
318,4,evaluate,3.796692192554474,0.482,0.2476117078338469,0.15440577807078149,0.1844550915520773,2000
318,5,evaluate,3.8344456056753793,0.4146666666666667,0.20252833670971712,0.1237945302786088,0.1525901091426262,1500
319,0,evaluate,2.747230313718319,0.5435,0.28271355958415917,0.16000684966792367,0.20419557837340965,2000
319,1,evaluate,3.53399724761645,0.5126666666666667,0.25384015594541914,0.1532499381742306,0.1908028280473244,1500
319,2,evaluate,3.99886184434096,0.3933333333333333,0.20012104298700129,0.11732757563066094,0.14682795805679796,1500
319,3,evaluate,4.296215385198593,0.372,0.187809376956431,0.11193985581177959,0.14018376713209713,1500
319,4,evaluate,3.8248141035437584,0.475,0.2471836540979314,0.15109154691543697,0.18206558658512395,2000
319,5,evaluate,3.491479972998301,0.4706666666666667,0.24946555551936772,0.14118611529747077,0.18008910696392308,1500
320,0,evaluate,4.114942957957585,0.378,0.20228300739976396,0.11271594269449407,0.14360959003272386,1500
320,1,evaluate,3.7139905467629433,0.5025,0.24716361353933675,0.1570333658578095,0.18734649537071474,2000
320,2,evaluate,4.321625769138336,0.36333333333333334,0.18740902245892826,0.10932062681604807,0.13796044499381951,1500
320,3,evaluate,2.714056245982647,0.5555,0.2836246818652503,0.16350079413880547,0.20716814548045273,2000
320,4,evaluate,3.6707505683104196,0.49266666666666664,0.2529191255443429,0.14725865635646188,0.1855793834959579,1500
320,5,evaluate,3.4506748815377555,0.474,0.2463615959333012,0.14230659018443903,0.1800320937340805,1500
321,0,evaluate,3.4621199667453766,0.47933333333333333,0.2463621683967705,0.14390049108561703,0.18119842231677713,1500
321,1,evaluate,3.8280769089857736,0.4746666666666667,0.255266472146246,0.14174347020015535,0.18130526297565125,1500
321,2,evaluate,4.186684012413025,0.37133333333333335,0.19932114074648452,0.11066913022448413,0.14136502628310565,1500
321,3,evaluate,4.305646111567815,0.37133333333333335,0.18803474202748247,0.11168882119627159,0.14011192622302138,1500
321,4,evaluate,2.7582667283713818,0.548,0.2839366074320392,0.16290403665130113,0.2068076576145496,2000
321,5,evaluate,3.5411880016326904,0.5235,0.2503852737253564,0.1615477318688164,0.19212567822015106,2000
322,0,evaluate,4.226741790771484,0.372,0.19957841599851717,0.11095014080495025,0.14178320772085595,1500
322,1,evaluate,4.308430979649226,0.37666666666666665,0.1883533937242377,0.11327564786374766,0.14146272991390843,1500
322,2,evaluate,3.5733178555965424,0.4726666666666667,0.24881621724995218,0.14186558709849395,0.1802694264034034,1500
322,3,evaluate,3.817960202693939,0.486,0.2569070270393036,0.1449926812479226,0.1840399771553078,1500
322,4,evaluate,2.9733367897570133,0.51,0.28395792228776695,0.1552123259715426,0.20025852862707244,2000
322,5,evaluate,3.3478536643087864,0.5525,0.2478266926720535,0.16918637655062468,0.19798854487813697,2000
323,0,evaluate,4.208983550469081,0.38533333333333336,0.1864270925761609,0.11584626534682071,0.14284009315561558,1500
323,1,evaluate,3.8856775164604187,0.48533333333333334,0.259654463183875,0.14477961397496703,0.18455667237721912,1500
323,2,evaluate,3.3362869694828987,0.5625,0.24730550050778682,0.17171284920258026,0.20024542501617945,2000
323,3,evaluate,4.206620415051778,0.38333333333333336,0.19764116793568548,0.11435813723390029,0.14370812352432588,1500
323,4,evaluate,3.119388625025749,0.4885,0.28526320214439027,0.15082533481332652,0.1967229636614885,2000
323,5,evaluate,3.678924798965454,0.4553333333333333,0.24687134683644607,0.13653415556854182,0.1754597038257008,1500
324,0,evaluate,3.7839889427026114,0.44733333333333336,0.24874756275059046,0.13406491249653985,0.17378937592859822,1500
324,1,evaluate,4.1696277757485705,0.398,0.1860310421286031,0.11963434540562454,0.14539909384179409,1500
324,2,evaluate,4.1477638483047485,0.38466666666666666,0.19461465331980538,0.11469953491484593,0.14270817854436918,1500
324,3,evaluate,3.8904806077480316,0.4846666666666667,0.26064328804737713,0.14459318291393114,0.1846915368438788,1500
324,4,evaluate,3.4103547036647797,0.56,0.24829055503966369,0.17182090490845073,0.20071588454741426,2000
324,5,evaluate,3.2020036913454533,0.479,0.28438036360887997,0.14852200434098195,0.1943951391014119,2000
325,0,evaluate,3.817820390065511,0.448,0.24805455240227553,0.1342546058499677,0.1735203826937886,1500
325,1,evaluate,4.163283934195836,0.40066666666666667,0.1833702925952252,0.1204515226068347,0.1450615764678082,1500
325,2,evaluate,4.156582862138748,0.394,0.19591888862484924,0.117493487923285,0.14515569880274956,1500
325,3,evaluate,3.8838625947634378,0.48133333333333334,0.26213286802843055,0.14353132362305593,0.18406715274042132,1500
325,4,evaluate,3.5295584201812744,0.548,0.24848562878538255,0.17063311671577716,0.19952864985392932,2000
325,5,evaluate,3.1785887479782104,0.487,0.2832459943980975,0.15093487120028842,0.19623089221549753,2000
326,0,evaluate,3.7675271928310394,0.49533333333333335,0.26151955090979484,0.14777467110060058,0.18758004336924256,1500
326,1,evaluate,4.201711455980937,0.404,0.1862324518507021,0.121452348903297,0.14664685792033705,1500
326,2,evaluate,3.6101465597748756,0.5365,0.24931471515217468,0.1690779666740989,0.19822084472236462,2000
326,3,evaluate,4.135734433929126,0.3973333333333333,0.19577559450328122,0.11841788296581235,0.14620184610669806,1500
326,4,evaluate,3.822932690382004,0.45266666666666666,0.24871193149757126,0.1356402567178257,0.17490139573953326,1500
326,5,evaluate,3.1589498817920685,0.488,0.2840746785122238,0.15144260094319012,0.196944737778173,2000
327,0,evaluate,3.6852036813894906,0.49733333333333335,0.25935299929518196,0.14842217000898997,0.18778559845808704,1500
327,1,evaluate,4.160224800308545,0.394,0.19482103982477436,0.11744410331277184,0.14567384102756914,1500
327,2,evaluate,3.683161497116089,0.5245,0.24640709943489333,0.1659653177153023,0.1945518152164447,2000
327,3,evaluate,4.2198613584041595,0.40066666666666667,0.1870304503383371,0.1204310100725052,0.1464155661293455,1500
327,4,evaluate,3.0660212263464928,0.498,0.28439879281933444,0.15464827243908102,0.19972361711903647,2000
327,5,evaluate,3.7139068047205606,0.4693333333333333,0.2471640942896133,0.1406473308112652,0.17868737603829682,1500
328,0,evaluate,4.1963672041893005,0.408,0.18869268077601414,0.12265569995679618,0.14865040915197653,1500
328,1,evaluate,3.683513621489207,0.49133333333333334,0.2575190294498393,0.14670589289712282,0.18627152816337184,1500
328,2,evaluate,2.9157264679670334,0.5145,0.28489128225970334,0.15905334214632233,0.20364846326052505,2000
328,3,evaluate,4.152853354811668,0.396,0.1973632290327258,0.11798704558562667,0.14675212051161277,1500
328,4,evaluate,3.5775259733200073,0.48,0.24983090282992876,0.1437630332482392,0.18207284372505458,1500
328,5,evaluate,3.76776385307312,0.514,0.24499028749028748,0.16274813205895872,0.19151095234515267,2000
329,0,evaluate,4.1795792281627655,0.4013333333333333,0.18690310179776126,0.12068779095109324,0.14662117631842309,1500
329,1,evaluate,2.8036356791853905,0.5405,0.28529345441751847,0.16406757767231364,0.2081992099809588,2000
329,2,evaluate,3.6935616036256156,0.48733333333333334,0.25765954486805864,0.14565545381604217,0.18586592672139718,1500
329,3,evaluate,3.5142953793207803,0.49533333333333335,0.24841660096326254,0.1483257722552005,0.18540305761563758,1500
329,4,evaluate,4.131448045372963,0.394,0.1974387677449622,0.11743903633443313,0.14650488499212894,1500
329,5,evaluate,3.847228765487671,0.4975,0.24383477236657822,0.1575569627536215,0.18719798488338477,2000
330,0,evaluate,3.4651169081528983,0.5006666666666667,0.25031792393755586,0.14996534719445556,0.18745756458611812,1500
330,1,evaluate,4.1741555233796435,0.404,0.19076922142203284,0.12149509008674127,0.14817962718891414,1500
330,2,evaluate,3.7031855483849845,0.49133333333333334,0.2582033561278433,0.14683367656425123,0.186913593699343,1500
330,3,evaluate,4.178700238466263,0.38866666666666666,0.19810002257439976,0.11584630652853718,0.14543312474510314,1500
330,4,evaluate,3.8487218394875526,0.492,0.24263124601437566,0.15575797932593569,0.18510096551053418,2000
330,5,evaluate,2.7472030743956566,0.5565,0.28376246191095245,0.16696446755085442,0.21020682173765923,2000
331,0,evaluate,4.179069072008133,0.3953333333333333,0.18884738849959495,0.1189223050482398,0.14570085552579157,1500
331,1,evaluate,3.6224191188812256,0.5013333333333333,0.2587266090925694,0.14983762096905875,0.1892472335895307,1500
331,2,evaluate,3.483815312385559,0.49466666666666664,0.24970841799382434,0.14823124596315324,0.18596343358566186,1500
331,3,evaluate,4.1687882244586945,0.396,0.20277389166844503,0.11811396682292574,0.14849432342192712,1500
331,4,evaluate,2.8341898322105408,0.546,0.2852151827241395,0.16345828572415183,0.20781003467754786,2000
331,5,evaluate,3.759212464094162,0.5035,0.24161662320078162,0.15817750613719045,0.1865204715409993,2000
332,0,evaluate,4.175236751635869,0.39666666666666667,0.18766173328973368,0.11934277558258095,0.1457313586367949,1500
332,1,evaluate,3.645399495959282,0.523,0.24072388829533478,0.16404091717535682,0.19059181958620516,2000
332,2,evaluate,3.060969442129135,0.518,0.2858688504320488,0.15605037182670312,0.20184982748282598,2000
332,3,evaluate,3.5008272926012673,0.5166666666666667,0.2562610582323923,0.15440982180004256,0.1921289637404948,1500
332,4,evaluate,3.5997420251369476,0.488,0.2523743743743744,0.14634766606178043,0.18516766473166668,1500
332,5,evaluate,4.058577413360278,0.408,0.2021379593110602,0.12172600127145583,0.1512188524317309,1500
333,0,evaluate,3.1522199735045433,0.502,0.28646994539806325,0.15123465838913908,0.1978947982868124,2000
333,1,evaluate,3.7219240367412567,0.468,0.25325437949662033,0.1403790535068024,0.18047464385747966,1500
333,2,evaluate,3.4658653239409127,0.5233333333333333,0.2543777461876454,0.15639494911692334,0.19314248083859625,1500
333,3,evaluate,4.143630633751552,0.4053333333333333,0.18859995642330024,0.1219556035662146,0.14810124571150532,1500
333,4,evaluate,3.9555749197800956,0.41333333333333333,0.1997177212694658,0.12340229936336189,0.15204361602190858,1500
333,5,evaluate,3.572257414460182,0.531,0.2411481617773231,0.16596186601897084,0.19215437140887573,2000
334,0,evaluate,3.5946583598852158,0.526,0.24157286592721555,0.16411753544154442,0.19093104908447645,2000
334,1,evaluate,4.082997729380925,0.4126666666666667,0.1876135378585158,0.12417736949187186,0.14937809225771762,1500
334,2,evaluate,3.521777401367823,0.5066666666666667,0.2563018761978003,0.15141340891989094,0.18970071455336995,1500
334,3,evaluate,3.899735684196154,0.4186666666666667,0.19802603475409347,0.12494660923963022,0.15248598441736827,1500
334,4,evaluate,3.110288232564926,0.501,0.28620003549029577,0.15043503155281396,0.19716447284274274,2000
334,5,evaluate,3.7783966660499573,0.45066666666666666,0.2519365471412399,0.13518466972185483,0.17569761894623825,1500
335,0,evaluate,3.6045751770337424,0.49666666666666665,0.25646235944044193,0.148276283455485,0.18672915354504332,1500
335,1,evaluate,3.9305700212717056,0.41133333333333333,0.19531485904630214,0.12270565233772626,0.14981809016480246,1500
335,2,evaluate,3.7613220314184823,0.44733333333333336,0.25161581519483595,0.13426929228308676,0.17455876349511268,1500
335,3,evaluate,4.07053475578626,0.418,0.18838862920073135,0.12578405394465952,0.15059682420761275,1500
335,4,evaluate,3.5947531163692474,0.517,0.24261310538131756,0.16099918492222026,0.18893823826704423,2000
335,5,evaluate,2.998634733259678,0.51,0.2843424724669387,0.15213994243229415,0.19820766486108748,2000
336,0,evaluate,4.111028025547664,0.4146666666666667,0.19049613339430907,0.1247253928189945,0.15035345606774178,1500
336,1,evaluate,4.008471697568893,0.4046666666666667,0.19925471200950767,0.12068723225298048,0.14890927256265735,1500
336,2,evaluate,3.728684355815252,0.47533333333333333,0.25426567440736336,0.1418220006589944,0.18061408311915608,1500
336,3,evaluate,2.81921798363328,0.5375,0.28289905195519044,0.16004177069773837,0.20442188353319657,2000
336,4,evaluate,3.6311963349580765,0.507,0.24297851770088402,0.15739284359408248,0.18632405122421022,2000
336,5,evaluate,3.6638654470443726,0.456,0.25079471429575456,0.13679523062569846,0.17609601564952956,1500
337,0,evaluate,3.4867139756679535,0.47933333333333333,0.24680365158049017,0.1436487712607265,0.1804060250351579,1500
337,1,evaluate,3.7446606382727623,0.4855,0.2444205495818399,0.15072535519931562,0.18221584862791834,2000
337,2,evaluate,2.5927983708679676,0.573,0.28060014027778385,0.17024313434166977,0.21190434914506984,2000
337,3,evaluate,3.961345205704371,0.452,0.255647985212231,0.13476017327199397,0.17446876039333206,1500
337,4,evaluate,4.1614188849925995,0.4106666666666667,0.18974006024697268,0.12350087448214794,0.14941609630776292,1500
337,5,evaluate,4.19050466020902,0.39066666666666666,0.20224746870872892,0.1164395179697935,0.14608777180631205,1500
338,0,evaluate,4.195589830478032,0.3973333333333333,0.18745089396635453,0.1195419473522878,0.14586834340955387,1500
338,1,evaluate,3.33342037598292,0.49466666666666664,0.24543306767442444,0.1482191226073673,0.18375350174539604,1500
338,2,evaluate,4.105793327093124,0.43933333333333335,0.25893757779852405,0.13094778035598031,0.17153696214141645,1500
338,3,evaluate,4.363270153601964,0.374,0.2019699276201195,0.11140798604500964,0.14144918452943864,1500
338,4,evaluate,3.7552707493305206,0.4875,0.2473645957234733,0.15116623935422688,0.18402539048042046,2000
338,5,evaluate,2.4689190424978733,0.591,0.28170040993540524,0.17623684042796323,0.2167934874652866,2000
339,0,evaluate,3.378444184859594,0.49466666666666664,0.24545968844984803,0.1482764586473103,0.1843249798476006,1500
339,1,evaluate,3.588849849998951,0.5135,0.2452903306612631,0.1586677397659219,0.18966035492375094,2000
339,2,evaluate,2.5395266227424145,0.584,0.2823577050287305,0.17353727861275137,0.21494719257841838,2000
339,3,evaluate,4.3835513691107435,0.37,0.20008275079103113,0.11020507384968695,0.1402221744551227,1500
339,4,evaluate,3.964334617058436,0.4593333333333333,0.25950207451401613,0.13695083633717445,0.1771758274464006,1500
339,5,evaluate,4.242969125509262,0.394,0.18766186052672973,0.11854079368131658,0.14522256351428017,1500
340,0,evaluate,4.2441250284512835,0.38866666666666666,0.20297731445056386,0.11588145488491966,0.1464670854690342,1500
340,1,evaluate,2.809163846075535,0.5345,0.28446530937894565,0.15933905889856734,0.2042587595164565,2000
340,2,evaluate,3.630421986182531,0.502,0.2570701777567598,0.14979802060481,0.18781195173551812,1500
340,3,evaluate,3.400305822491646,0.544,0.24140649746309828,0.16777563538665616,0.19500775736950102,2000
340,4,evaluate,4.315950949986775,0.394,0.1891929159220233,0.1184723243833465,0.14567023435424412,1500
340,5,evaluate,3.579047073920568,0.4686666666666667,0.24881204089792655,0.1406125242210808,0.17938422812450755,1500
341,0,evaluate,4.350420276323955,0.3913333333333333,0.188417031584523,0.11764201778343156,0.14482600143390262,1500
341,1,evaluate,3.8578986724217734,0.44133333333333336,0.25194020005559714,0.1323681553019818,0.17353796331546095,1500
341,2,evaluate,3.3519685665766397,0.5466666666666666,0.25736352796493933,0.16327784173234067,0.19890765459245305,1500
341,3,evaluate,4.0919716358184814,0.39666666666666667,0.2005890815131345,0.1183632070325685,0.1481270942055814,1500
341,4,evaluate,3.297821059823036,0.5675,0.23995233228520862,0.1753973115762608,0.1992609847444596,2000
341,5,evaluate,3.120705746114254,0.488,0.28615277236464287,0.1453310030971217,0.1927500685464947,2000
342,0,evaluate,3.996194526553154,0.408,0.19859809903538678,0.1218220366958199,0.15037708696931396,1500
342,1,evaluate,3.30458801984787,0.5785,0.23994440020094965,0.17858853476249947,0.20128286145731583,2000
342,2,evaluate,4.376638799905777,0.3933333333333333,0.18871753911690012,0.11822660700222216,0.1453674411392858,1500
342,3,evaluate,4.051736523707707,0.4166666666666667,0.2538721229663639,0.12494679051456341,0.16740668263775058,1500
342,4,evaluate,3.321922853589058,0.447,0.28642100252068603,0.13223125844471448,0.18091590918559058,2000
342,5,evaluate,3.2479997674624124,0.5586666666666666,0.25664463721662506,0.16697850301862388,0.2018036758247331,1500
343,0,evaluate,4.097283899784088,0.4046666666666667,0.25649621284663704,0.12130704128604967,0.16454223837962673,1500
343,1,evaluate,3.9106647918621698,0.41733333333333333,0.1971434378790759,0.12475296477523831,0.1522746194097886,1500
343,2,evaluate,3.319767395655314,0.5486666666666666,0.25454597435304394,0.164078793954094,0.1992699334490824,1500
343,3,evaluate,4.30602565407753,0.39466666666666667,0.18767547056635006,0.11857329100420952,0.14532067838794738,1500
343,4,evaluate,3.3743538334965706,0.4395,0.2867951262450332,0.12892526081179917,0.17780777157656574,2000
343,5,evaluate,3.4298196882009506,0.5605,0.23977299691528908,0.17362780962700336,0.1972861281603273,2000
344,0,evaluate,3.590991497039795,0.5213333333333333,0.25570897905659085,0.15595533069943784,0.19357490161528562,1500
344,1,evaluate,3.1512779369950294,0.4785,0.28542514305141287,0.14022914967306416,0.18797925693049775,2000
344,2,evaluate,3.607514798641205,0.5375,0.2439902405847288,0.16615207522832054,0.1936236034488789,2000
344,3,evaluate,4.2293034593264265,0.3913333333333333,0.1853360501073032,0.11753773899699878,0.143807752108477,1500
344,4,evaluate,3.9469375958045325,0.416,0.19926844761573265,0.12439491753548841,0.1530027164910886,1500
344,5,evaluate,3.9089654684066772,0.426,0.2542805665382113,0.1277283189288387,0.16994574851245922,1500
345,0,evaluate,3.969328095515569,0.472,0.2546457706300226,0.14116548394101963,0.18133444272133087,1500
345,1,evaluate,3.6299356321493783,0.46266666666666667,0.25244961369986924,0.13865166753811295,0.17898363847991217,1500
345,2,evaluate,4.174645930528641,0.39466666666666667,0.18545329742858652,0.11847085239869623,0.14435817564111292,1500
345,3,evaluate,2.811828300356865,0.5355,0.28484774625459036,0.15694495448998563,0.20228358220839793,2000
345,4,evaluate,4.088038966059685,0.4013333333333333,0.19931591111226524,0.12005761933166652,0.14981525483756722,1500
345,5,evaluate,3.847256526350975,0.5055,0.248307630905836,0.1559768540514857,0.1878836314697479,2000
346,0,evaluate,4.221445858478546,0.452,0.2554619895044981,0.13509293773297376,0.1764762468410855,1500
346,1,evaluate,4.1701867779095965,0.398,0.18637433298654227,0.11943728035891901,0.14522879557358964,1500
346,2,evaluate,4.03333031386137,0.483,0.25057619623265137,0.14976807144419685,0.18383849454963397,2000
346,3,evaluate,4.225661799311638,0.38333333333333336,0.20173861079865016,0.11466216875390281,0.14603409143280408,1500
346,4,evaluate,2.5978346690535545,0.568,0.28325802523539767,0.1685570279560516,0.21130739854057484,2000
346,5,evaluate,3.4054346879323325,0.482,0.247572241529988,0.14442869006243655,0.18238717396020424,1500
347,0,evaluate,4.229307423035304,0.44533333333333336,0.25713661881565436,0.13301573842807463,0.17499779716601122,1500
347,1,evaluate,4.313719868659973,0.37,0.20020041046293247,0.11056259227765582,0.14200079124521436,1500
347,2,evaluate,3.281740963459015,0.488,0.24594946101117082,0.14624345133741376,0.18327745264321837,1500
347,3,evaluate,4.047244317829609,0.479,0.25279341460418003,0.14980149497899112,0.18479859549420855,2000
347,4,evaluate,4.200063049793243,0.38866666666666666,0.18665770938536044,0.11667021175639802,0.14337381082515466,1500
347,5,evaluate,2.5351179875433445,0.5765,0.28178833192457453,0.1736657035798498,0.21477604558581512,2000
348,0,evaluate,3.9286239966750145,0.495,0.2531456750693624,0.1552413832686354,0.18946372793986632,2000
348,1,evaluate,4.215511431296666,0.386,0.18716121341126693,0.11601547554533229,0.1431332202182854,1500
348,2,evaluate,3.249486039082209,0.49333333333333335,0.2455717159110975,0.14794323296322495,0.18433089845020764,1500
348,3,evaluate,2.61198403686285,0.5545,0.2798076209495518,0.16964526691534157,0.21084270157227114,2000
348,4,evaluate,4.343620801965396,0.37,0.20083108454448811,0.1104715437086333,0.1418387817035803,1500
348,5,evaluate,4.101235707600911,0.46066666666666667,0.2589287366465728,0.1375107293195344,0.17894765575770857,1500
349,0,evaluate,2.819418251514435,0.5125,0.2789861903968221,0.159744071651372,0.2022451884625256,2000
349,1,evaluate,3.8635628521442413,0.4846666666666667,0.255925243611876,0.14465475242729306,0.18400399671304296,1500
349,2,evaluate,3.3036272128423056,0.48933333333333334,0.24897792325934143,0.14677083012948663,0.18427168468564092,1500
349,3,evaluate,4.276106894016266,0.38,0.1880191288855549,0.11430457313853895,0.14200986321145537,1500
349,4,evaluate,4.30917601287365,0.37133333333333335,0.20133643004042265,0.11071594128432934,0.1420563106944636,1500
349,5,evaluate,3.7214800864458084,0.5105,0.2496506948036727,0.16029563489480897,0.192219244581521,2000
350,0,evaluate,4.186279023687045,0.3873333333333333,0.20057929743172612,0.11535538651526114,0.1452060348892032,1500
350,1,evaluate,3.520184211432934,0.5365,0.24593271034576247,0.1677438739101748,0.19668815829118347,2000
350,2,evaluate,3.5087303519248962,0.4693333333333333,0.24652850180378585,0.14074344621125906,0.17891359317464617,1500
350,3,evaluate,3.091088432818651,0.467,0.2786881889284491,0.1461324181682186,0.19074616759568577,2000
350,4,evaluate,3.5943277974923453,0.512,0.25571697589986825,0.15286217876846142,0.19045979128198634,1500
350,5,evaluate,4.306598116954167,0.38333333333333336,0.18866452982222082,0.11542953600674562,0.14274209876544744,1500
351,0,evaluate,3.4117178420225778,0.524,0.2559266054136214,0.1565172873435775,0.19357067621004725,1500
351,1,evaluate,3.3963045924901962,0.5535,0.2460990024468285,0.1728800223150211,0.20041766264952607,2000
351,2,evaluate,4.074275448918343,0.406,0.19933908295588507,0.12090146832763563,0.14905919369579296,1500
351,3,evaluate,3.3307052478194237,0.433,0.2816330216809635,0.13613145173663663,0.1824629041906503,2000
351,4,evaluate,4.304051836331685,0.39866666666666667,0.1897603011213381,0.12009403924818547,0.146367228946857,1500
351,5,evaluate,3.7343658606211343,0.44466666666666665,0.24959250337094224,0.13342796214847394,0.17374956246855622,1500
352,0,evaluate,3.8809851805369058,0.43,0.25127302638699484,0.1290256461517957,0.170364009248769,1500
352,1,evaluate,4.000273247559865,0.4093333333333333,0.19913712547619133,0.12185015345797394,0.14952385641980612,1500
352,2,evaluate,4.298878500858943,0.39666666666666667,0.1878150751175533,0.1195349524235991,0.14516061476736525,1500
352,3,evaluate,3.2358986511826515,0.4535,0.2852125413319471,0.13841985969812692,0.18612107459190397,2000
352,4,evaluate,3.4164129495620728,0.555,0.2461168251148242,0.1728118086554565,0.2000338210871459,2000
352,5,evaluate,3.3978376587231955,0.524,0.25605863043889365,0.15651922047494587,0.19375966340774126,1500
353,0,evaluate,4.258935898542404,0.394,0.186482581016275,0.11872200867905842,0.14429855947329656,1500
353,1,evaluate,3.4924594834446907,0.534,0.24291205764121843,0.1666679844684936,0.19349562623247232,2000
353,2,evaluate,3.8576991061369577,0.438,0.24945514455613985,0.13142066250422907,0.17178116531270407,1500
353,3,evaluate,3.483478844165802,0.506,0.25556238704635376,0.15113896032158977,0.18924195590355675,1500
353,4,evaluate,2.975380517542362,0.5025,0.28402929623567924,0.15010684842905256,0.19631590403800123,2000
353,5,evaluate,3.991207867860794,0.4033333333333333,0.19953612031800755,0.12017869800001461,0.14868328157443783,1500
354,0,evaluate,4.203494548797607,0.39066666666666666,0.1847619490860284,0.11759954074078913,0.1435492599488012,1500
354,1,evaluate,3.5792946442961693,0.5195,0.2399617709109944,0.16164653687197902,0.18829762298391511,2000
354,2,evaluate,2.818327836692333,0.542,0.2833098310600331,0.16010636577383675,0.20446641876417876,2000
354,3,evaluate,3.7890327870845795,0.45866666666666667,0.2517457829859703,0.13760846943273972,0.17747866389375824,1500
354,4,evaluate,4.029544785618782,0.4,0.2020393682431448,0.11939216258635496,0.14934074335505695,1500
354,5,evaluate,3.60838520526886,0.49333333333333335,0.2570828700303825,0.1473120945459157,0.18632320820532894,1500
355,0,evaluate,3.6472873588403067,0.4866666666666667,0.25523790884156033,0.14527678269026445,0.18410650044173188,1500
355,1,evaluate,4.226112445195516,0.37533333333333335,0.18215490204721685,0.11286939050582548,0.13934650088960435,1500
355,2,evaluate,3.7502969602743783,0.4713333333333333,0.2519402333908232,0.14136153231015286,0.18059720089843426,1500
355,3,evaluate,4.073202004035314,0.39,0.20200660231840306,0.11659380281307356,0.1475599489469812,1500
355,4,evaluate,2.769802011549473,0.5645,0.2853250188189601,0.16641137045996485,0.21005116881096392,2000
355,5,evaluate,3.595670662820339,0.519,0.2404992543514568,0.16102120533595937,0.1878210442044943,2000
356,0,evaluate,4.269823580980301,0.37266666666666665,0.18190157795008918,0.11197169838565466,0.1385829905832305,1500
356,1,evaluate,3.5688529511292777,0.49466666666666664,0.25463396422698753,0.147689199306757,0.18611926271437323,1500
356,2,evaluate,2.788331650197506,0.557,0.28556037494540354,0.1667103448148283,0.21033838332775515,2000
356,3,evaluate,3.5692310631275177,0.5255,0.24009282328633935,0.16347281922588908,0.19015876782212934,2000
356,4,evaluate,3.7221319675445557,0.47933333333333333,0.25067043844204917,0.1438003260234368,0.18187767182438888,1500
356,5,evaluate,4.082890505592029,0.38266666666666665,0.20010987784673756,0.11456671342003796,0.14560002106199624,1500
357,0,evaluate,3.693799595038096,0.47933333333333333,0.2500781418147475,0.14387099006551227,0.18188071456280208,1500
357,1,evaluate,4.277083287636439,0.37466666666666665,0.1828398684093536,0.11251125479943838,0.139170871700039,1500
357,2,evaluate,3.474042624235153,0.5233333333333333,0.25789965907093004,0.1562138930259555,0.19364036698595521,1500
357,3,evaluate,2.913777779787779,0.5315,0.28352449855826034,0.16120219492084148,0.20510069129581546,2000
357,4,evaluate,4.104988093177478,0.384,0.20132378637284024,0.11507347855722712,0.14639777547794947,1500
357,5,evaluate,3.5122802406549454,0.535,0.23996364727681402,0.16704459702020613,0.192946762974727,2000
358,0,evaluate,4.083788633346558,0.38133333333333336,0.19823450876602064,0.11418437609247707,0.1448729452667638,1500
358,1,evaluate,3.409085839986801,0.5246666666666666,0.25383882954485887,0.1566074037778256,0.1929663668843055,1500
358,2,evaluate,4.242303103208542,0.388,0.18728350756077994,0.11653550154831334,0.14357263208438542,1500
358,3,evaluate,3.0252669602632523,0.5105,0.2834422675809144,0.1569311363122036,0.20157272630965622,2000
358,4,evaluate,3.6797764698664346,0.478,0.2511072195804614,0.14337549595546398,0.1821545420506238,1500
358,5,evaluate,3.4412537962198257,0.5495,0.2385377730280341,0.17226700730813344,0.19616752802667822,2000
359,0,evaluate,4.208920786778132,0.38666666666666666,0.1836278456423645,0.11622072095262811,0.1423267489046709,1500
359,1,evaluate,3.16621857881546,0.48,0.2846077971115452,0.14974289220122788,0.19548701774113936,2000
359,2,evaluate,3.344721327225367,0.5313333333333333,0.25315840847820026,0.15865043534614912,0.19438473042009824,1500
359,3,evaluate,4.021993974844615,0.3993333333333333,0.19946237363197133,0.11942861534513079,0.14926961437872863,1500
359,4,evaluate,3.41376069188118,0.5565,0.2375287144641677,0.1752374299414244,0.19773132469914353,2000
359,5,evaluate,3.676506817340851,0.47,0.25177058703862015,0.1408398691805329,0.18023923139243897,1500
360,0,evaluate,3.9648215820391974,0.4066666666666667,0.1977823137511027,0.12154176645184729,0.1502585541787298,1500
360,1,evaluate,3.112247221171856,0.488,0.28532720661564787,0.15095209767506496,0.19692925869201844,2000
360,2,evaluate,3.4240531027317047,0.5133333333333333,0.2526712862429393,0.15332093710841377,0.19041539723425815,1500
360,3,evaluate,3.6524077355861664,0.4646666666666667,0.25198088030000276,0.13919885891797126,0.17904570885993826,1500
360,4,evaluate,3.4705690518021584,0.5405,0.23948649638038164,0.17016314399662308,0.1950544368007356,2000
360,5,evaluate,4.154535204172134,0.392,0.17947625603666137,0.11794166391159806,0.1422421692107909,1500
361,0,evaluate,3.7000328401724496,0.4533333333333333,0.24988032871083718,0.13578830006458956,0.17571735939155944,1500
361,1,evaluate,3.518044094244639,0.49666666666666665,0.2542449819118213,0.14837974041809482,0.18688351964114974,1500
361,2,evaluate,3.9371750901142755,0.41,0.1997595586162458,0.12244613395001121,0.15129040706578023,1500
361,3,evaluate,4.162972589333852,0.39466666666666667,0.1794171554252199,0.1187946506012709,0.14282167067878576,1500
361,4,evaluate,2.9831614308059216,0.514,0.2860943982006287,0.15554707623334524,0.20142820335352454,2000
361,5,evaluate,3.5224884375929832,0.527,0.23993490188270172,0.16444329574008154,0.19131054982775858,2000
362,0,evaluate,2.9111675694584846,0.5285,0.2853330505641922,0.15602884013467033,0.2017072213930839,2000
362,1,evaluate,3.9429062654574714,0.412,0.19528266518760465,0.12278606698256919,0.1495185930349258,1500
362,2,evaluate,3.6060668925444284,0.4786666666666667,0.2526569378389295,0.14296376858562868,0.18192461087167527,1500
362,3,evaluate,3.7527084151903787,0.45466666666666666,0.25037537317085107,0.13625785583202615,0.17629163874937107,1500
362,4,evaluate,3.578248806297779,0.5115,0.24013840258656455,0.15847140594800227,0.18672029631819714,2000
362,5,evaluate,4.18932185570399,0.3973333333333333,0.1798457971789856,0.1196607666896485,0.14337207066545593,1500
363,0,evaluate,3.548114664852619,0.5175,0.24022694139436213,0.16053497403130745,0.18814644051729495,2000
363,1,evaluate,3.9320456037918725,0.4226666666666667,0.19800352107229213,0.12592383097662757,0.15251694472408778,1500
363,2,evaluate,4.229398588339488,0.39666666666666667,0.18000488884814847,0.11949664800519906,0.14315812280955167,1500
363,3,evaluate,3.558114101489385,0.496,0.2549989644354761,0.14812305356534047,0.1864674347798421,1500
363,4,evaluate,2.9751295633614063,0.519,0.28487220194656543,0.15080563900495442,0.19691442071703666,2000
363,5,evaluate,3.8617872496445975,0.44266666666666665,0.25062606015910116,0.13277704302894228,0.17352826635415974,1500
364,0,evaluate,3.8763428231080375,0.45,0.2514122145706178,0.1350354217287444,0.17555777882429943,1500
364,1,evaluate,3.4309789538383484,0.5166666666666667,0.2560008996851102,0.15422818833222446,0.19148563684818548,1500
364,2,evaluate,4.292873561382294,0.394,0.18047453959406104,0.11869118905047049,0.14277223628092423,1500
364,3,evaluate,3.426058329641819,0.535,0.23829383867605297,0.1668121667552537,0.1920717450715063,2000
364,4,evaluate,4.009785617391269,0.41333333333333333,0.19813914816144967,0.12314073623676,0.15067828648663734,1500
364,5,evaluate,3.029605731368065,0.511,0.2845272099287364,0.1498883306245407,0.195977736379159,2000
365,0,evaluate,3.842346449693044,0.4533333333333333,0.25300601113642446,0.13606167789294538,0.1767339742927992,1500
365,1,evaluate,4.40985922018687,0.384,0.18165960610785525,0.11560819524212299,0.14104418687694445,1500
365,2,evaluate,3.286010965704918,0.5555,0.23712288516636343,0.17429910781789887,0.19649845536062288,2000
365,3,evaluate,3.109740011394024,0.4845,0.2847286592361108,0.14398578246847143,0.19081256642287178,2000
365,4,evaluate,4.119696055849393,0.4,0.20224920504332272,0.11931519002546884,0.14941806028470056,1500
365,5,evaluate,3.2835081219673157,0.5406666666666666,0.25452762687691294,0.16138398560340855,0.19646561866252082,1500
366,0,evaluate,3.7278224428494773,0.47333333333333333,0.252000731329152,0.14209405981197265,0.18126946555228354,1500
366,1,evaluate,4.221597636739413,0.3873333333333333,0.20672548052110096,0.11563858605600892,0.14790720588619927,1500
366,2,evaluate,4.4961709678173065,0.37466666666666665,0.18327102166591674,0.11275529448625768,0.1394612175885146,1500
366,3,evaluate,3.3600120345751443,0.5313333333333333,0.2549855024969901,0.15855875254696464,0.19431429095953065,1500
366,4,evaluate,3.2783410847187042,0.551,0.2372975184685985,0.1724530177363107,0.19555873379099925,2000
366,5,evaluate,2.974331457167864,0.509,0.2851861079276496,0.152585162438706,0.19832616976676987,2000
367,0,evaluate,3.613745858271917,0.492,0.24925591554423007,0.1475955002614339,0.18470062926631697,1500
367,1,evaluate,4.284228538473447,0.382,0.2049280303030303,0.11415114107326614,0.14637650707818478,1500
367,2,evaluate,4.558180014292399,0.36933333333333335,0.1855658391405343,0.11105388193809038,0.13886403902947722,1500
367,3,evaluate,2.7769987396895885,0.5345,0.2847639657722974,0.16069924127833338,0.2051257643131931,2000
367,4,evaluate,3.5278498232364655,0.5166666666666667,0.2572598973607038,0.15428763652620167,0.1921217375573719,1500
367,5,evaluate,3.413357228040695,0.5355,0.23852515073396258,0.16731159081897928,0.19293049852405217,2000
368,0,evaluate,3.539477397998174,0.5033333333333333,0.24811686843402808,0.15090161371348895,0.18667149082276202,1500
368,1,evaluate,2.5520136579871178,0.578,0.28417135352642975,0.17332148800641028,0.21517727518791827,2000
368,2,evaluate,4.300021827220917,0.376,0.20270399225520927,0.11235767111035218,0.1443357614426311,1500
368,3,evaluate,3.6796352714300156,0.5065,0.2436747495608413,0.15827832736932126,0.18796855881749663,2000
368,4,evaluate,4.594558070103328,0.3626666666666667,0.18340480151251276,0.10905472427510318,0.13668491312953815,1500
368,5,evaluate,3.8037264148394265,0.494,0.26032860100561966,0.14765679893593528,0.1880367048646805,1500
369,0,evaluate,3.9949019650618234,0.466,0.2588000471565507,0.13954031225148672,0.18108106445924518,1500
369,1,evaluate,3.6022722721099854,0.49,0.24719239175379526,0.14684013574057556,0.18324440157025124,1500
369,2,evaluate,4.204868381222089,0.388,0.2016727891884885,0.11595715829753117,0.1469560789514949,1500
369,3,evaluate,4.567769080400467,0.37333333333333335,0.18579687006833842,0.11223944110751902,0.13984524187208036,1500
369,4,evaluate,3.9237252473831177,0.4825,0.24838178432516295,0.15012816868560508,0.1833024886421381,2000
369,5,evaluate,2.5345851369202137,0.5805,0.28498866992800936,0.17363440666846758,0.21573205727554096,2000
370,0,evaluate,4.537798434495926,0.38266666666666665,0.18764921171171173,0.11504373035072583,0.14258856065523912,1500
370,1,evaluate,3.7287117143472037,0.4746666666666667,0.24746593896900645,0.1421101303068516,0.17961280223734016,1500
370,2,evaluate,4.117637599507968,0.404,0.20084217684565941,0.12069690149627454,0.1504687338958149,1500
370,3,evaluate,4.08903952439626,0.4673333333333333,0.2597297892111312,0.1400868871278868,0.18186391134818222,1500
370,4,evaluate,4.008104495704174,0.481,0.25068255969895314,0.14918189513735586,0.18394439074523533,2000
370,5,evaluate,2.6676453091204166,0.5585,0.28434679153815706,0.16586049324672297,0.20949872082380666,2000
371,0,evaluate,4.10765419403712,0.4673333333333333,0.25819253691962424,0.13996509104287985,0.18147981383347794,1500
371,1,evaluate,4.391382763783137,0.3933333333333333,0.1859815243708579,0.11825253842512273,0.14457202549624817,1500
371,2,evaluate,4.050752267241478,0.4106666666666667,0.20075101686315988,0.12269368516687443,0.15205120253763194,1500
371,3,evaluate,3.779032349586487,0.45866666666666667,0.24612977567472835,0.13725514922236232,0.17565107780177777,1500
371,4,evaluate,3.967779330909252,0.492,0.2511911385108889,0.15225447545889698,0.1868576143162435,2000
371,5,evaluate,2.8221280202269554,0.5425,0.2855868181913626,0.16196856843846347,0.2066654929363545,2000
372,0,evaluate,3.8436235090096793,0.4493333333333333,0.24707737656595433,0.1345402351879761,0.17397439873368875,1500
372,1,evaluate,4.263132919867833,0.4073333333333333,0.1829028873919804,0.12248984274561461,0.14670791796152402,1500
372,2,evaluate,4.008042489488919,0.424,0.19994016855285962,0.12659363038838373,0.15461496408584904,1500
372,3,evaluate,3.988372882207235,0.4786666666666667,0.25767784388322273,0.1432388169831821,0.18411305951746043,1500
372,4,evaluate,3.069356895983219,0.494,0.28481844131948525,0.1477635265245388,0.19454554356074513,2000
372,5,evaluate,3.798583224415779,0.516,0.24572253143681716,0.15937561771960637,0.1908623158808039,2000
373,0,evaluate,4.1775015989939375,0.41133333333333333,0.1791144200626959,0.12376405637283387,0.14631286960568524,1500
373,1,evaluate,3.896244247754415,0.444,0.2483125171108405,0.1330733860302033,0.17326180579041833,1500
373,2,evaluate,4.029342030485471,0.42333333333333334,0.19657170364330329,0.12630184166234323,0.1530901582641727,1500
373,3,evaluate,3.5761106833815575,0.546,0.2429407118474661,0.16846347902171288,0.19632076721946698,2000
373,4,evaluate,3.8117918173472085,0.496,0.25550171325781534,0.14819543067644364,0.18726109826511433,1500
373,5,evaluate,3.3207139931619167,0.452,0.2879686116403252,0.13694455479989404,0.18554508441558887,2000
374,0,evaluate,3.8486828903357186,0.442,0.24793531814638356,0.13255951465567617,0.17271476080823184,1500
374,1,evaluate,3.7922895749409995,0.5053333333333333,0.2560105990466014,0.15089886764788057,0.1891973085131931,1500
374,2,evaluate,3.4365666210651398,0.558,0.24088423078728702,0.17143569129302244,0.19796673906749013,2000
374,3,evaluate,3.339860498905182,0.4485,0.2883354205755869,0.137428874923965,0.18584336097689627,2000
374,4,evaluate,4.178995947043101,0.4073333333333333,0.1777325838327058,0.12258739314544054,0.14502570851667426,1500
374,5,evaluate,4.117638513445854,0.41333333333333333,0.19738617001963416,0.12322108678320523,0.1507437517029596,1500
375,0,evaluate,4.283106575409572,0.392,0.17797697751595537,0.11793916898166068,0.14183191778931498,1500
375,1,evaluate,3.3887621462345123,0.564,0.24196721166403085,0.17381160032484141,0.19960812337890682,2000
375,2,evaluate,4.234677568078041,0.3973333333333333,0.1980567008609031,0.11849638427348377,0.14756310458801156,1500
375,3,evaluate,3.2103053592145443,0.4655,0.2852860301098234,0.14280953601137653,0.18979122838603385,2000
375,4,evaluate,3.7627369364102683,0.5073333333333333,0.25560543515651873,0.15141839470112517,0.1893149547471672,1500
375,5,evaluate,3.747691422700882,0.45466666666666666,0.24778647459193975,0.13655812034160694,0.17580016709352914,1500
376,0,evaluate,3.414166532456875,0.557,0.24236820981662768,0.1718774587221537,0.19790188458180508,2000
376,1,evaluate,4.443451086680095,0.37133333333333335,0.177231933403846,0.1117700925184375,0.13697662026284715,1500
376,2,evaluate,3.0160124972462654,0.5015,0.283669037197163,0.15209372020718187,0.19737656596812228,2000
376,3,evaluate,4.37141768137614,0.37466666666666665,0.19880745315049791,0.11178913434729307,0.14262084601396624,1500
376,4,evaluate,3.659384955962499,0.474,0.24627048615893127,0.14235536554608927,0.18003488582059513,1500
376,5,evaluate,3.721917748451233,0.518,0.2591597098538764,0.15455259804607666,0.19229202787434904,1500
377,0,evaluate,2.8116571716964245,0.5405,0.2837578590864037,0.1627917702632926,0.2063622093091138,2000
377,1,evaluate,3.6022674640019736,0.486,0.2431323284243056,0.1459118403920483,0.1817999025673306,1500
377,2,evaluate,4.5181728800137835,0.36533333333333334,0.19938775510204082,0.10907118921885461,0.14059238872278387,1500
377,3,evaluate,4.637752403815587,0.35733333333333334,0.18076910021954895,0.10747071991207344,0.13459391432749257,1500
377,4,evaluate,3.4854229539632797,0.5455,0.24343910895702528,0.16903665902657294,0.19546544735263277,2000
377,5,evaluate,3.7255468567212424,0.5173333333333333,0.25937526901275243,0.15440187866415084,0.1923562026549413,1500
378,0,evaluate,3.72128434975942,0.5233333333333333,0.2618429079807842,0.15629361347369822,0.1946961041110365,1500
378,1,evaluate,2.666909907013178,0.5685,0.28304278474231337,0.17039829033544313,0.21230555504881546,2000
378,2,evaluate,3.6155578643083572,0.523,0.24419664317842046,0.16352761353543033,0.19116827415473958,2000
378,3,evaluate,4.836651474237442,0.3406666666666667,0.18066159157298398,0.1024655046520478,0.13057608349681432,1500
378,4,evaluate,3.6237597366174064,0.49866666666666665,0.24190358889992697,0.14965372825228881,0.18361701591746554,1500
378,5,evaluate,4.576292465130488,0.368,0.20266258348324842,0.11001788088902427,0.14245185256684706,1500
379,0,evaluate,3.7577704389890036,0.4886666666666667,0.24441563204711061,0.1466075621033638,0.181795090245982,1500
379,1,evaluate,4.52922918399175,0.37266666666666665,0.2012234266118043,0.11148917628046484,0.14327608851203402,1500
379,2,evaluate,3.6093088189760842,0.5446666666666666,0.26120028641340504,0.16270697538662507,0.1996907526944392,1500
379,3,evaluate,4.928768118222554,0.338,0.1828543070467623,0.10163411427441867,0.13052961590616854,1500
379,4,evaluate,3.6973912194371223,0.516,0.244823558613114,0.1631841979275624,0.19066593231748363,2000
379,5,evaluate,2.707842390984297,0.5685,0.28381717897747283,0.1697131890050357,0.21218142296824594,2000
380,0,evaluate,3.488774557908376,0.562,0.2591286872734443,0.1679492568871649,0.20336465562119238,1500
380,1,evaluate,2.9205579832196236,0.543,0.2844649446494465,0.16282682022539496,0.2069828615718003,2000
380,2,evaluate,3.793299064040184,0.5095,0.24468136162223214,0.1628995488194584,0.18977092324662231,2000
380,3,evaluate,3.8997220396995544,0.4706666666666667,0.24655040031350675,0.14109143522078346,0.1779146141215107,1500
380,4,evaluate,4.441361119349797,0.38266666666666665,0.198157484252022,0.11449722114216421,0.1447621772853891,1500
380,5,evaluate,4.915289620558421,0.35,0.18586892389781212,0.10524744118000566,0.13434740494194333,1500
381,0,evaluate,3.9099772721529007,0.4975,0.24412748102295634,0.16004838855600023,0.18724538299983845,2000
381,1,evaluate,4.766772607962291,0.376,0.18765037079566207,0.11306899130422865,0.14109233975437724,1500
381,2,evaluate,3.531828463077545,0.5526666666666666,0.25792784047826445,0.1652104974254518,0.20109731358546995,1500
381,3,evaluate,3.026341736316681,0.5205,0.28336584748206833,0.15513357637256409,0.20047328200198203,2000
381,4,evaluate,3.9979229867458344,0.45666666666666667,0.24991371994342293,0.13686643291401387,0.17596550561159427,1500
381,5,evaluate,4.347985625267029,0.39866666666666667,0.1942609984811821,0.119133368510534,0.14731766121165668,1500
382,0,evaluate,3.5455831487973533,0.558,0.25808726371937063,0.16680577925238171,0.20234808678179173,1500
382,1,evaluate,4.112923761208852,0.43533333333333335,0.24917575531233313,0.13050677165031424,0.1710417327742474,1500
382,2,evaluate,3.276119627058506,0.487,0.2839421949537791,0.1451512434594192,0.19209583136891417,2000
382,3,evaluate,4.259034375349681,0.42,0.19403084975088963,0.12535806326434934,0.1517307450302226,1500
382,4,evaluate,3.916775643825531,0.5045,0.2451189936692347,0.1622125512804866,0.1896087068713257,2000
382,5,evaluate,4.593595772981644,0.39866666666666667,0.18527163749821532,0.11993159825804103,0.14552145185273427,1500
383,0,evaluate,4.084934055805206,0.432,0.24981484746037913,0.12950002050461867,0.17054582505189092,1500
383,1,evaluate,3.589080144961675,0.5473333333333333,0.25850033125936167,0.1635436040522854,0.1999027971699267,1500
383,2,evaluate,4.253606587648392,0.42,0.19357648092174945,0.12539321162073183,0.15169069955712175,1500
383,3,evaluate,4.462960888942082,0.4166666666666667,0.18690179709167734,0.12530975631746358,0.14997464825940038,1500
383,4,evaluate,3.8652879297733307,0.511,0.24494924843955718,0.16335672169372437,0.19102596272859676,2000
383,5,evaluate,3.4283353611826897,0.4755,0.28134406321416233,0.14277027052404417,0.18935586897311257,2000
384,0,evaluate,4.260853439569473,0.418,0.19439468659215559,0.12474498452472385,0.15147417555549048,1500
384,1,evaluate,3.6448333958784738,0.536,0.25815030146425494,0.16013128684711353,0.19724154517428316,1500
384,2,evaluate,4.029839028914769,0.44266666666666665,0.25187736823223017,0.13279488204718112,0.17390096562016213,1500
384,3,evaluate,3.4725443348288536,0.4695,0.28269692156559073,0.14116824480721007,0.1882305683440485,2000
384,4,evaluate,4.384999463955562,0.41533333333333333,0.18411617880644432,0.12494570946010194,0.1487102603833913,1500
384,5,evaluate,3.762914940714836,0.524,0.2445886097698379,0.16576370538489754,0.19336572408666514,2000
385,0,evaluate,3.7312643925348916,0.5233333333333333,0.25643474568448255,0.15630499844828968,0.19370945081429142,1500
385,1,evaluate,4.333174973726273,0.39866666666666667,0.1940070567400041,0.11892545253789273,0.14687799773785032,1500
385,2,evaluate,3.8829856713612876,0.46066666666666667,0.2526968962410139,0.13830339659008192,0.17872850295097786,1500
385,3,evaluate,3.442691259086132,0.465,0.28444663113781044,0.14153403131294381,0.18882552647539375,2000
385,4,evaluate,4.364073981841405,0.41133333333333333,0.18459806203719573,0.12373714282640647,0.14792611760714575,1500
385,5,evaluate,3.640947602689266,0.541,0.2433697999732484,0.16834790198343944,0.19560162265807426,2000
386,0,evaluate,3.3476196452975273,0.475,0.2835868010962261,0.14561940220152442,0.1919648025540161,2000
386,1,evaluate,3.870453784863154,0.5066666666666667,0.25583672767297444,0.15122617705878533,0.18933045344147886,1500
386,2,evaluate,4.3894811272621155,0.38266666666666665,0.193613810178726,0.1140771266534342,0.1428728224304668,1500
386,3,evaluate,3.7055075764656067,0.478,0.24952434706196674,0.14352871671844084,0.18210879402892366,1500
386,4,evaluate,4.37726757923762,0.41,0.1850569984233721,0.12333338039842165,0.14749036173850016,1500
386,5,evaluate,3.5423493906855583,0.555,0.24189413064932858,0.17022112466801587,0.196981082497089,2000
387,0,evaluate,3.6235431830088296,0.4886666666666667,0.24608365052248798,0.14679051456340542,0.1834227684642662,1500
387,1,evaluate,4.022418409585953,0.48333333333333334,0.2526920362066102,0.14414582236137136,0.1824091111860151,1500
387,2,evaluate,4.407800684372584,0.3993333333333333,0.18365785276192154,0.12016461526915692,0.14479951650676134,1500
387,3,evaluate,4.457853525876999,0.37066666666666664,0.19455591954607615,0.11052943738144201,0.1400963508576841,1500
387,4,evaluate,3.271202139556408,0.489,0.2830412863524935,0.1497988319968007,0.19514647995018158,2000
387,5,evaluate,3.5311853885650635,0.554,0.2400973570401704,0.16912783664181036,0.19537393002340128,2000
388,0,evaluate,4.436851342519124,0.386,0.18105668246636478,0.11616304861003987,0.14116035089305187,1500
388,1,evaluate,4.470780124266942,0.36533333333333334,0.19612156859244978,0.10896349109102779,0.13894383682763464,1500
388,2,evaluate,3.2533600963652134,0.49,0.28230415102725004,0.1511862611323921,0.19579080462256085,2000
388,3,evaluate,4.126132736603419,0.4786666666666667,0.25077800519743343,0.14271400064547687,0.18064282598983325,1500
388,4,evaluate,3.575028379758199,0.496,0.2439113848596607,0.14900083556321062,0.18422704633567905,1500
388,5,evaluate,3.5566265881061554,0.557,0.23993128494518215,0.16965237707955605,0.19568495850180445,2000
389,0,evaluate,4.020539263884227,0.488,0.24910764027059296,0.14545893587732778,0.18247360843229357,1500
389,1,evaluate,3.684865971406301,0.48,0.24440820570996408,0.14414990414090773,0.18044327871431415,1500
389,2,evaluate,3.5372118428349495,0.56,0.2372851697851698,0.17236326697876314,0.19636650816792367,2000
389,3,evaluate,4.478070378303528,0.37733333333333335,0.1802767223316759,0.11352071049585408,0.13919245372813144,1500
389,4,evaluate,3.356348991394043,0.477,0.2831398411939676,0.14878946876590107,0.19367824018396873,2000
389,5,evaluate,4.39106700817744,0.36466666666666664,0.19491586221912072,0.10877192020980173,0.1386369926463744,1500
390,0,evaluate,3.8416273295879364,0.472,0.24523138522118776,0.141630219706989,0.17857500026815046,1500
390,1,evaluate,4.326278835535049,0.37866666666666665,0.19638013856816988,0.11298118827404424,0.14261997400184045,1500
390,2,evaluate,3.4809546694159508,0.4575,0.28824906791849453,0.14418822297729206,0.19058049107217345,2000
390,3,evaluate,3.5030950009822845,0.567,0.23508323788833238,0.17543053865396224,0.19754861105372662,2000
390,4,evaluate,3.828463931878408,0.5093333333333333,0.2500538476943524,0.1518595570611451,0.18802941177167504,1500
390,5,evaluate,4.578784426053365,0.36333333333333334,0.1790871387314616,0.1092975176975938,0.1357327809568507,1500
391,0,evaluate,4.017916440963745,0.45666666666666667,0.24807751803217704,0.13689665159577194,0.17503628973151864,1500
391,1,evaluate,3.721198300520579,0.5193333333333333,0.2502202882424628,0.1548441957778713,0.19029786564890827,1500
391,2,evaluate,4.31095822652181,0.38266666666666665,0.195358819433945,0.11423002697132378,0.1435758803943869,1500
391,3,evaluate,4.666009763876597,0.35933333333333334,0.18040241781401592,0.10813572239563732,0.13509724821428398,1500
391,4,evaluate,3.4736441522836685,0.473,0.29066381293125476,0.14629610331310575,0.19382876498403695,2000
391,5,evaluate,3.472978249192238,0.578,0.23457359977483822,0.17925611748797876,0.1995713101579825,2000
392,0,evaluate,3.3610736057162285,0.487,0.29160546094782075,0.1474051536253433,0.19555095258681346,2000
392,1,evaluate,3.694162795941035,0.518,0.25060799954879437,0.1544676683938803,0.19009113838777444,1500
392,2,evaluate,4.331712871789932,0.3873333333333333,0.1954175449522532,0.11562949690321411,0.14471156031226054,1500
392,3,evaluate,3.4916107207536697,0.581,0.2367914773507589,0.1795724306267153,0.20111033857714858,2000
392,4,evaluate,4.14683935046196,0.444,0.2508644028239687,0.13304936999559153,0.17273219400506057,1500
392,5,evaluate,4.682981322209041,0.364,0.1810135880299331,0.10955593544872655,0.13616382242214636,1500
393,0,evaluate,4.608795513709386,0.37533333333333335,0.18299785041722855,0.11295262607504505,0.13920007665213374,1500
393,1,evaluate,3.8576878011226654,0.49933333333333335,0.2535447453814801,0.14894865121004014,0.18666177079482923,1500
393,2,evaluate,4.360127071539561,0.394,0.19810339276614836,0.1176011860511118,0.1469271696997334,1500
393,3,evaluate,4.168788144985835,0.43933333333333335,0.2501825517532966,0.13151072904171662,0.17160007803508687,1500
393,4,evaluate,3.1046564877033234,0.5335,0.2909648006574609,0.15661660039079936,0.2034073308442737,2000
393,5,evaluate,3.6446923688054085,0.563,0.24013788293363375,0.1735221630642867,0.19819537958888014,2000
394,0,evaluate,4.486709356307983,0.38,0.18150118907929497,0.11436296106257218,0.14000282666572236,1500
394,1,evaluate,4.115492790937424,0.438,0.24971002485501242,0.1311051733152893,0.17141992183211469,1500
394,2,evaluate,4.4007516503334045,0.394,0.19601693548263208,0.11763544984960594,0.14621680839133305,1500
394,3,evaluate,2.953020915389061,0.554,0.2887215139732676,0.16002139098766674,0.20542950001695717,2000
394,4,evaluate,4.010174373785655,0.49066666666666664,0.2557837598316163,0.14638609258847204,0.18513112704419038,1500
394,5,evaluate,3.7897369638085365,0.543,0.24423269726183836,0.1669946883089644,0.19503168736802257,2000
395,0,evaluate,4.50883303085963,0.37333333333333335,0.19400498318449638,0.11140599258484096,0.14073750223300333,1500
395,1,evaluate,4.424257467190425,0.38533333333333336,0.18316624430284595,0.11586047852323969,0.14192012484830574,1500
395,2,evaluate,4.125182936588923,0.47333333333333333,0.25684559010947183,0.14125749827143302,0.18137033867939714,1500
395,3,evaluate,2.8346610851585865,0.5645,0.28537735307477297,0.16372617898907108,0.20772660296273626,2000
395,4,evaluate,3.859224669635296,0.527,0.24842615385540462,0.16220609402544475,0.19320980063995646,2000
395,5,evaluate,3.892023573319117,0.456,0.2484050274702796,0.13660202585632414,0.1759909607436311,1500
396,0,evaluate,4.133626242478688,0.478,0.2553964125824896,0.14264125676794176,0.18237302825362098,1500
396,1,evaluate,3.6251433193683624,0.48533333333333334,0.24629103209168313,0.14547493822983626,0.18275906997807323,1500
396,2,evaluate,3.842465192079544,0.512,0.2505282091589979,0.15873354428233272,0.1911713556980688,2000
396,3,evaluate,4.603039503097534,0.36466666666666664,0.19526753603086358,0.10893479423837449,0.13929626341996199,1500
396,4,evaluate,4.405098845561345,0.39,0.18432042758344952,0.11721731379242092,0.1431259811809949,1500
396,5,evaluate,2.832325242459774,0.566,0.2850135738105303,0.16803607985079283,0.21138835696539254,2000
397,0,evaluate,4.425514370203018,0.384,0.1863106479759235,0.11536990181838369,0.14186335403726708,1500
397,1,evaluate,4.6125244200229645,0.35533333333333333,0.19223620250346327,0.10620430184858495,0.1365340205434545,1500
397,2,evaluate,2.9191959723830223,0.548,0.2851676766089994,0.16593723878949174,0.20963652719113296,2000
397,3,evaluate,4.119939764340718,0.49133333333333334,0.25818041037553235,0.14679835407397507,0.18692327396805902,1500
397,4,evaluate,3.4263229171435037,0.5066666666666667,0.24471266229700167,0.15193999323347582,0.18731696849527685,1500
397,5,evaluate,3.8271006122231483,0.511,0.2510843317417532,0.15923098225094698,0.19210040195128336,2000
398,0,evaluate,4.5403514703114825,0.37066666666666664,0.1947763431046208,0.11074153577453363,0.14084492664921724,1500
398,1,evaluate,3.9949599703152976,0.49666666666666665,0.2568929021451841,0.14841409634268682,0.18793682911158727,1500
398,2,evaluate,3.1383444368839264,0.512,0.2859180363161255,0.158543821365773,0.20335244224393403,2000
398,3,evaluate,4.469716886679332,0.37333333333333335,0.18357193212652756,0.11219690323244949,0.13841817936711515,1500
398,4,evaluate,3.758913293480873,0.519,0.24863706287854895,0.16195819100336561,0.19342943351535444,2000
398,5,evaluate,3.3813160061836243,0.5146666666666667,0.24636393565574358,0.15437806928510647,0.1896694822917998,1500
399,0,evaluate,4.5086091955502825,0.37,0.18197091627996537,0.11129503848803628,0.1372013516505733,1500
399,1,evaluate,3.7732734183470407,0.5153333333333333,0.2550455146831806,0.15402981734214874,0.19192164809186085,1500
399,2,evaluate,3.485911707083384,0.5013333333333333,0.24608956066881774,0.15036370067357674,0.18655018767188325,1500
399,3,evaluate,4.4388434390227,0.37733333333333335,0.19344098930679,0.11262378522319125,0.1416266961860414,1500
399,4,evaluate,3.6113691553473473,0.5375,0.2454275567577044,0.16796796688049626,0.196529689072446,2000
399,5,evaluate,3.4274425581097603,0.4655,0.28679453627756735,0.14634927386737048,0.1927730994963246,2000
400,0,evaluate,3.5779921412467957,0.547,0.24286013139609594,0.17046473146307378,0.1973462763376051,2000
400,1,evaluate,3.650679270426432,0.48733333333333334,0.24726305325053827,0.14605186130675935,0.18347460134579988,1500
400,2,evaluate,4.5260231991608935,0.378,0.1830553869956955,0.1138242627061811,0.1395339805990789,1500
400,3,evaluate,3.712975482145945,0.526,0.25491693978536084,0.1571701964572381,0.19417564253092837,1500
400,4,evaluate,3.5114241540431976,0.454,0.28767153733390083,0.14254799686593636,0.18975367305429533,2000
400,5,evaluate,4.36298742890358,0.3873333333333333,0.1948446937014668,0.11552155840639589,0.14419654211903113,1500
401,0,evaluate,3.815877765417099,0.468,0.2497546078529956,0.14023772542265145,0.17937589300770934,1500
401,1,evaluate,3.7157413760821023,0.5246666666666666,0.2551162872942664,0.1567270785434478,0.1937372956317476,1500
401,2,evaluate,3.450734496116638,0.4645,0.2863464880878511,0.14415339163950353,0.19125076471681393,2000
401,3,evaluate,3.5721131563186646,0.545,0.24246925401124325,0.169539602098622,0.19615760056114845,2000
401,4,evaluate,4.568107336759567,0.372,0.18074052321170742,0.11205053561031031,0.13776370592259146,1500
401,5,evaluate,4.314310113588969,0.4046666666666667,0.19756468110709988,0.12057430690082067,0.14853006413767886,1500
402,0,evaluate,4.647127707799275,0.37,0.17903769045709703,0.11139704806485326,0.1370080392191857,1500
402,1,evaluate,3.79606564839681,0.52,0.2589450633673665,0.15521438162611007,0.19303266847666994,1500
402,2,evaluate,3.9347027043501535,0.45866666666666667,0.25035568757704424,0.1374174176483253,0.17688381626929112,1500
402,3,evaluate,3.6323824003338814,0.539,0.24155865099070156,0.1681685065238665,0.19423598862306873,2000
402,4,evaluate,4.3435365955034895,0.4073333333333333,0.19856796648322114,0.12145761807533792,0.1495344311897218,1500
402,5,evaluate,3.2443728037178516,0.4985,0.2859042372098636,0.15153840884439615,0.1979243100308235,2000
403,0,evaluate,4.363663196563721,0.40066666666666667,0.19593928731418525,0.1194300287148002,0.14702528411835658,1500
403,1,evaluate,3.846342921257019,0.506,0.257352419918547,0.1510094445239105,0.18903723568520203,1500
403,2,evaluate,3.7045834213495255,0.5255,0.23763187924352938,0.16386021539352152,0.18971046236202702,2000
403,3,evaluate,4.688955515623093,0.374,0.17921179914975535,0.11259389645206715,0.13786062026313134,1500
403,4,evaluate,3.063894998282194,0.521,0.2870515766540104,0.15654245311391377,0.20257026106178286,2000
403,5,evaluate,4.070675949255626,0.44733333333333336,0.24971004085145837,0.13390169573196362,0.1736280785429392,1500
404,0,evaluate,4.740809013446172,0.36333333333333334,0.1791464107073548,0.10934179409939544,0.13542795555832796,1500
404,1,evaluate,3.7024364545941353,0.524,0.23841807100815834,0.1639042260871429,0.19002215723856164,2000
404,2,evaluate,2.9410871863365173,0.531,0.2860822732230555,0.15853644699949618,0.20399449419457047,2000
404,3,evaluate,4.4268253048261,0.398,0.20049774815436489,0.1187389486350054,0.14775609174372167,1500
404,4,evaluate,4.054532120625178,0.452,0.251111401645149,0.13529162693896798,0.17509755803237326,1500
404,5,evaluate,3.8593165278434753,0.5033333333333333,0.25766538511443987,0.1501842008328417,0.188261882011882,1500
405,0,evaluate,4.474440594514211,0.388,0.20084298665323597,0.11585203372037227,0.14583429672751044,1500
405,1,evaluate,3.7822858889897666,0.5073333333333333,0.25919915784455877,0.15128019262508943,0.18913189557859453,1500
405,2,evaluate,2.928094707429409,0.533,0.2862704766630899,0.1585348269372735,0.2040144150184378,2000
405,3,evaluate,4.747498174508412,0.36933333333333335,0.1804911626254552,0.11112366073409627,0.13736767127243862,1500
405,4,evaluate,3.6575511544942856,0.5365,0.23933426267672045,0.1686203707517905,0.193910043260023,2000
405,5,evaluate,4.034251709779103,0.454,0.24965192107917913,0.1359577707378587,0.1754225629467534,1500
406,0,evaluate,2.89680328220129,0.5285,0.2844978264620015,0.15683328511452635,0.2021597739302054,2000
406,1,evaluate,4.677884072065353,0.38,0.1846233281246266,0.11431586235632422,0.14119099823040296,1500
406,2,evaluate,3.7899593313535056,0.5113333333333333,0.25905048023560406,0.15245802618446458,0.18983050972628362,1500
406,3,evaluate,3.6964403688907623,0.5305,0.24159678715526653,0.16726621353538182,0.19382509077986232,2000
406,4,evaluate,3.9526436626911163,0.456,0.24648259951292123,0.13669124657829176,0.1755742784000626,1500
406,5,evaluate,4.503951629002889,0.38666666666666666,0.2006567407020829,0.11544548642799757,0.14574293523222054,1500
407,0,evaluate,3.893207391103109,0.4513333333333333,0.24612764507608387,0.13548475481602232,0.17444007532987907,1500
407,1,evaluate,2.9961949102580547,0.5115,0.28411196294190166,0.15252491742587698,0.19843212289616202,2000
407,2,evaluate,4.59479625026385,0.38,0.18486742752167712,0.11435351202570639,0.14119576636435074,1500
407,3,evaluate,3.750999311606089,0.518,0.26018903949360117,0.1545209408177197,0.19220105404579968,1500
407,4,evaluate,3.7050884813070297,0.529,0.2428865357225558,0.16695188649175666,0.19381374538917734,2000
407,5,evaluate,4.466925452152888,0.37933333333333336,0.19849147914408957,0.11330225394323727,0.14388419174050285,1500
408,0,evaluate,4.4775128563245135,0.384,0.1839856821908833,0.1155497056639024,0.14168533614761555,1500
408,1,evaluate,3.8295052871108055,0.5155,0.2473296517244214,0.1619729166756514,0.1918143811045438,2000
408,2,evaluate,4.410715152819951,0.38666666666666666,0.19786796536796536,0.11553315701146091,0.1457204934191944,1500
408,3,evaluate,3.8507023652394614,0.5053333333333333,0.25886084583203883,0.15089269187774274,0.18979104906602107,1500
408,4,evaluate,3.8088011940320334,0.4533333333333333,0.2424643382462365,0.1361306759347543,0.17411342124076587,1500
408,5,evaluate,2.9792970046401024,0.5205,0.28405205889416413,0.15512756420393478,0.20061027269251336,2000
409,0,evaluate,3.949945330619812,0.5015,0.24793706411603803,0.15749448078844133,0.1884326077537859,2000
409,1,evaluate,3.07840870693326,0.507,0.28468563015545245,0.15273017482489454,0.19870614030513276,2000
409,2,evaluate,4.400808880726497,0.39066666666666666,0.18498730240255665,0.11752759438935481,0.14344858981049952,1500
409,3,evaluate,4.356015990177791,0.394,0.19534491584711533,0.11766295767698176,0.14670112862623547,1500
409,4,evaluate,3.865958740313848,0.51,0.25900054559094315,0.15239554776302344,0.19131534953110002,1500
409,5,evaluate,3.7908002038796744,0.454,0.24223267626928296,0.13632892996647494,0.1743100461287828,1500
410,0,evaluate,4.32864585518837,0.3933333333333333,0.1805658450009698,0.118366796931305,0.14265961354222087,1500
410,1,evaluate,4.043745055794716,0.4935,0.24848564807747864,0.15543795072178296,0.18651937555742495,2000
410,2,evaluate,3.84981777270635,0.45466666666666666,0.24272524760348507,0.1364700786352126,0.17464120155405932,1500
410,3,evaluate,3.2942112162709236,0.4815,0.2849963505486761,0.14743065138665834,0.19398633072060498,2000
410,4,evaluate,4.300303667783737,0.4033333333333333,0.19436931603786484,0.12050533061504849,0.14866155881344137,1500
410,5,evaluate,3.8745013972123465,0.5113333333333333,0.2600770569964587,0.1527971674163997,0.19185120604294317,1500
411,0,evaluate,4.290003448724747,0.408,0.18222393894981287,0.122712880036981,0.14656181641958232,1500
411,1,evaluate,3.924379507700602,0.4493333333333333,0.24333728746540134,0.13478695701206697,0.1734617696947005,1500
411,2,evaluate,3.370628520846367,0.474,0.28619953232765405,0.14543363039519258,0.19252846791491132,2000
411,3,evaluate,4.1024361327290535,0.4925,0.24873012530823885,0.15523324243109718,0.18642142389654345,2000
411,4,evaluate,4.287789419293404,0.4126666666666667,0.19577934828777832,0.12322576917115771,0.150995679652217,1500
411,5,evaluate,3.9521590570608773,0.5066666666666667,0.2601151500303576,0.1514000908139311,0.19065572460378913,1500
412,0,evaluate,4.322760174671809,0.402,0.17843383643383642,0.12093491948444071,0.14412913563696442,1500
412,1,evaluate,3.96593243877093,0.5026666666666667,0.2579289219641674,0.1501670516993482,0.18903047735456452,1500
412,2,evaluate,4.0498955349127455,0.43866666666666665,0.2444318347490944,0.13150209147110387,0.17097949080653585,1500
412,3,evaluate,4.287454962730408,0.42,0.19651128551772726,0.12536063681501727,0.15264109106059695,1500
412,4,evaluate,4.105119422078133,0.497,0.24851173946206936,0.15627307260388074,0.18708610903526562,2000
412,5,evaluate,3.4026408419013023,0.4755,0.28799670221935586,0.14603925618178465,0.19346299457982297,2000
413,0,evaluate,4.306366542975108,0.41733333333333333,0.19462900514511888,0.12449574431508106,0.1512509491193772,1500
413,1,evaluate,3.910314291715622,0.5086666666666667,0.2591437242776836,0.1519948946753314,0.19093569707847352,1500
413,2,evaluate,4.1903121173381805,0.43066666666666664,0.24493811915296795,0.1291361147848553,0.16887419386081806,1500
413,3,evaluate,4.462074518203735,0.3913333333333333,0.17944830105955428,0.11777147158955965,0.14212561436949164,1500
413,4,evaluate,3.3821255788207054,0.483,0.2888395216242525,0.14853680072242442,0.1958782275871569,2000
413,5,evaluate,4.040092192590237,0.509,0.2470624389297888,0.15908064522176002,0.1893005549982231,2000
414,0,evaluate,3.9158543422818184,0.525,0.24503609277389474,0.16308718256241833,0.19212095114367095,2000
414,1,evaluate,3.8325751026471457,0.5133333333333333,0.2588933846329847,0.15339756967108756,0.1920893801882993,1500
414,2,evaluate,4.320054858922958,0.42133333333333334,0.200165856364884,0.12574208958468983,0.15365684616504774,1500
414,3,evaluate,4.632132947444916,0.37866666666666665,0.17981806510845724,0.1139670107989084,0.1392924436465307,1500
414,4,evaluate,3.3012198954820633,0.503,0.2897271485568843,0.15382975702261936,0.20070432238154545,2000
414,5,evaluate,4.272780428330104,0.428,0.24688633941208335,0.12828099529419001,0.1682367819446471,1500
415,0,evaluate,4.387797186772029,0.4106666666666667,0.20133942873969377,0.12257585308237015,0.1515629586366003,1500
415,1,evaluate,4.799139887094498,0.3606666666666667,0.1798401385634528,0.1086151115368954,0.1351047833831971,1500
415,2,evaluate,3.718214084704717,0.512,0.2576064783511844,0.15297857746099836,0.1913534004492144,1500
415,3,evaluate,3.2436289191246033,0.511,0.28936340358418267,0.1557240638268639,0.20227206857829244,2000
415,4,evaluate,4.271230886379878,0.43666666666666665,0.2472831657409033,0.13084238099631942,0.1704148314805132,1500
415,5,evaluate,3.76723949611187,0.54,0.24225277797332495,0.16762021630207688,0.1947080677102627,2000
416,0,evaluate,4.427227566639583,0.3933333333333333,0.20325881890428174,0.11745715054162505,0.1482306836435122,1500
416,1,evaluate,4.247457226117452,0.43933333333333335,0.24695340501792112,0.13167727780682598,0.17123365339027913,1500
416,2,evaluate,3.564018170038859,0.5273333333333333,0.258605986898477,0.15755135566883247,0.19509638719312392,1500
416,3,evaluate,4.885627090930939,0.3486666666666667,0.1816946918727937,0.10501209172556687,0.13291526413730378,1500
416,4,evaluate,3.6376429200172424,0.564,0.2418039787854906,0.175293394383849,0.1998953853331023,2000
416,5,evaluate,3.3092863857746124,0.4975,0.2896989180722014,0.15173181288158002,0.19898212449521574,2000
417,0,evaluate,4.131002773841222,0.44666666666666666,0.24725934146573958,0.13383977178359424,0.17316281034614556,1500
417,1,evaluate,3.5212521453698478,0.536,0.2591061750979051,0.1601185461180039,0.19716046269393125,1500
417,2,evaluate,4.815705974896749,0.358,0.18281917211328977,0.10775648023832991,0.13545874792778784,1500
417,3,evaluate,4.439286341269811,0.3873333333333333,0.20307678032365023,0.11576140499585477,0.14711995176518697,1500
417,4,evaluate,3.5847593024373055,0.566,0.24036843419334214,0.17615073313677868,0.19974347954603794,2000
417,5,evaluate,3.367063045501709,0.491,0.2887513353213639,0.1501372063770358,0.19735526660364097,2000
418,0,evaluate,4.693146347999573,0.362,0.18273388447619393,0.10888170964861846,0.136332994229348,1500
418,1,evaluate,3.5860489420592785,0.561,0.2414162020592343,0.1744105162088568,0.19889634370691822,2000
418,2,evaluate,3.5373212496439614,0.5366666666666666,0.2577486029795696,0.16031675134246523,0.1969084972918334,1500
418,3,evaluate,4.020001570383708,0.44733333333333336,0.2482118146648582,0.13401875147376946,0.17375681556248646,1500
418,4,evaluate,4.419729212919871,0.38533333333333336,0.20041419785877737,0.11527693648630788,0.14623221515597815,1500
418,5,evaluate,3.3473082035779953,0.4885,0.28655203390902767,0.1486446750040263,0.1956021085850258,2000
419,0,evaluate,3.673633851110935,0.5475,0.24236760179443406,0.170155486474841,0.19636372901700158,2000
419,1,evaluate,4.386554256081581,0.3873333333333333,0.19949461170166388,0.11587754808757944,0.14650900334016698,1500
419,2,evaluate,3.626082261403402,0.5226666666666666,0.2578949448117805,0.15610930373204704,0.19369657565544585,1500
419,3,evaluate,3.243127219378948,0.501,0.28447087562160117,0.15145211110084014,0.19758622938913648,2000
419,4,evaluate,3.897457997004191,0.46066666666666667,0.24925985760868657,0.13805357344241792,0.17766162068945518,1500
419,5,evaluate,4.552653292814891,0.37666666666666665,0.18498298010995334,0.11324981809503447,0.1402944610714889,1500
420,0,evaluate,3.7580235600471497,0.504,0.25841165413533834,0.15062097721087966,0.18984284319246028,1500
420,1,evaluate,3.8553187400102615,0.5205,0.24542581457292334,0.16324827307366835,0.19190595432233182,2000
420,2,evaluate,3.1734861880540848,0.5035,0.2841308558720138,0.15024141449706793,0.19654968215998458,2000
420,3,evaluate,4.368815710147222,0.396,0.1873053709580274,0.11909174096707295,0.14534411034257189,1500
420,4,evaluate,4.286736339330673,0.398,0.19904818326149415,0.119080541816064,0.1489529424965343,1500
420,5,evaluate,3.8364406327406564,0.4593333333333333,0.24760614731220992,0.13764635171572398,0.17692439114098196,1500
421,0,evaluate,3.0503134168684483,0.5225,0.28353851136086916,0.15363439377523885,0.19923126918774114,2000
421,1,evaluate,4.099930264055729,0.4885,0.24898823447351576,0.1542061819693449,0.18603384370647885,2000
421,2,evaluate,3.9920506477355957,0.48333333333333334,0.261712301821328,0.14452413953351825,0.18592250867500465,1500
421,3,evaluate,4.240854452053706,0.4,0.19789017105177253,0.11953243551989634,0.1487686773654218,1500
421,4,evaluate,4.27594659725825,0.41,0.1876527183952315,0.12334325846398378,0.14854079720890256,1500
421,5,evaluate,3.7936402757962546,0.46266666666666667,0.24734722942413506,0.13870805523944268,0.17769785137895638,1500
422,0,evaluate,2.958312965929508,0.539,0.28378938092090766,0.1575289196522573,0.20247599677165945,2000
422,1,evaluate,4.200466985503833,0.404,0.1962716265039601,0.12055654843973602,0.14879555723157542,1500
422,2,evaluate,4.1683438917001085,0.4653333333333333,0.2618375584543441,0.13915429778906946,0.18147265249200822,1500
422,3,evaluate,4.30411321669817,0.459,0.25209022575089735,0.14528846542410348,0.17974030440094674,2000
422,4,evaluate,4.242469638586044,0.4146666666666667,0.1877772723051497,0.1247581542826893,0.1496545128123246,1500
422,5,evaluate,3.806325227022171,0.4646666666666667,0.24809880694109215,0.1393085329970576,0.17836140139160528,1500
423,0,evaluate,4.280207172036171,0.466,0.25181893916225856,0.14891503752796179,0.1822877198343335,2000
423,1,evaluate,4.107749372720718,0.472,0.2596767888852902,0.14104175472464434,0.18243742937005436,1500
423,2,evaluate,4.170517375071843,0.4146666666666667,0.1973158038677825,0.1236450880692755,0.15115203022251816,1500
423,3,evaluate,3.0434664338827133,0.529,0.2853696067737528,0.15552490548562597,0.20125796042331073,2000
423,4,evaluate,4.304031689961751,0.4126666666666667,0.1875687994496044,0.12415967926198868,0.14924869982472144,1500
423,5,evaluate,3.8784899910291037,0.464,0.2474407564266719,0.139140497647095,0.17809535073690697,1500
424,0,evaluate,4.441124836603801,0.4126666666666667,0.19019468378068527,0.12417313603520239,0.1500392903778011,1500
424,1,evaluate,4.156008233626683,0.414,0.19708625302032354,0.1233198399796321,0.15028322532969532,1500
424,2,evaluate,4.125215746462345,0.49,0.2483860736039772,0.15651316039061525,0.18710862311204776,2000
424,3,evaluate,4.015289882818858,0.458,0.24956248536063508,0.13742638841899138,0.1771431749164834,1500
424,4,evaluate,3.9056091904640198,0.5013333333333333,0.25676530818815724,0.14974361584967202,0.18873078706966012,1500
424,5,evaluate,3.222950279712677,0.504,0.2861686413078144,0.15051186398473307,0.19715702093680795,2000
425,0,evaluate,4.618226756652196,0.3993333333333333,0.19014811742425416,0.12017547545824588,0.14696819649366816,1500
425,1,evaluate,4.168016364177068,0.41533333333333333,0.19630096326164873,0.12382660511682124,0.15089265224303589,1500
425,2,evaluate,4.089396874109904,0.46,0.2497341809392934,0.13810562954305455,0.17732563058618928,1500
425,3,evaluate,3.704172283411026,0.5166666666666667,0.25165560238435936,0.15429690018140843,0.1908833258421413,1500
425,4,evaluate,3.939167320728302,0.5115,0.24179947575360417,0.16310073810182074,0.1901523458358977,2000
425,5,evaluate,3.3790138885378838,0.4825,0.28640023274243787,0.14701058438783593,0.1939122500833872,2000
426,0,evaluate,4.099577049414317,0.4673333333333333,0.25235603750141195,0.14036139390397687,0.17942400298588854,1500
426,1,evaluate,3.6404476861159005,0.522,0.2519262524141812,0.15585434900984355,0.19210194859420363,1500
426,2,evaluate,4.2293614645799,0.414,0.19878975809608426,0.12353539648127998,0.15167112781493247,1500
426,3,evaluate,3.4085608795285225,0.4825,0.28549703462565085,0.1484068397793778,0.19472923456274951,2000
426,4,evaluate,4.77233761548996,0.386,0.18964188634531526,0.11611683037313139,0.14379629857679652,1500
426,5,evaluate,3.7849609702825546,0.529,0.24000026054034632,0.16684777284225208,0.1929711371343083,2000
427,0,evaluate,4.8959949016571045,0.372,0.19299712568591584,0.11187453619276477,0.14151496953180118,1500
427,1,evaluate,4.302596102158229,0.408,0.19995588575322795,0.12188477300257534,0.15100560601560198,1500
427,2,evaluate,4.107883373896281,0.476,0.25264488741232927,0.1429672746286101,0.18104416558018252,1500
427,3,evaluate,3.680947832763195,0.5385,0.2396399946310784,0.1685842743047577,0.19465982224389053,2000
427,4,evaluate,3.387725532054901,0.493,0.287110189730691,0.15251084418639552,0.19853402487433983,2000
427,5,evaluate,3.620945026477178,0.528,0.25169043551519976,0.15774260674548812,0.19361700512982277,1500
428,0,evaluate,3.6344608664512634,0.5186666666666667,0.249174828794394,0.15501504407035016,0.19095330281720288,1500
428,1,evaluate,4.082855274279912,0.48,0.25044435196586057,0.14415228780282757,0.18173088660911832,1500
428,2,evaluate,4.404006014267604,0.4053333333333333,0.20228942075168937,0.12126970080278117,0.15137030054687378,1500
428,3,evaluate,4.992569247881572,0.354,0.18952597531717366,0.10643788855512164,0.1362915283823064,1500
428,4,evaluate,3.2916435934603214,0.5105,0.28606311075703356,0.15671248957540412,0.20194639104067105,2000
428,5,evaluate,3.595009431242943,0.5475,0.24135608968955377,0.16970997344643665,0.19669184303092882,2000
429,0,evaluate,4.4424252311388654,0.398,0.1992326290554637,0.11907885282328443,0.14879208956644877,1500
429,1,evaluate,3.556953079998493,0.548,0.23985767777192288,0.16778094403299815,0.1949066110486156,2000
429,2,evaluate,3.166279412806034,0.5285,0.28652515819091456,0.16022762659034476,0.20534841651715524,2000
429,3,evaluate,4.018138974905014,0.4713333333333333,0.2492319243318834,0.14144124401521443,0.17950280645393285,1500
429,4,evaluate,4.958583841721217,0.35,0.1899364430825105,0.10517148709222343,0.13534982035580834,1500
429,5,evaluate,3.6641012529532113,0.5073333333333333,0.24762698842614722,0.15167530497709897,0.18803317055465962,1500
430,0,evaluate,4.488922029733658,0.388,0.1978463250444027,0.11610836962264119,0.14604825910993546,1500
430,1,evaluate,3.6127949208021164,0.5405,0.24104109193847928,0.16451932463499075,0.19217478095626572,2000
430,2,evaluate,3.7825405498345694,0.49066666666666664,0.2506077958830813,0.14670284024725694,0.18477930984850416,1500
430,3,evaluate,4.856472611427307,0.35333333333333333,0.18690786413500787,0.10616699615430203,0.13541204899782494,1500
430,4,evaluate,3.0712874345481396,0.541,0.2846875449714441,0.16164081135182645,0.2061859665871947,2000
430,5,evaluate,3.9106383423010507,0.476,0.25011926462022993,0.14263702211423124,0.18127449713485488,1500
431,0,evaluate,3.8042737543582916,0.484,0.25095458181030744,0.1449044997385661,0.18345993408189104,1500
431,1,evaluate,3.7242072001099586,0.528,0.2404635468881242,0.16055617848281853,0.188187597530533,2000
431,2,evaluate,3.9444808661937714,0.47333333333333333,0.25292293827920054,0.14149433729445884,0.18090473455124853,1500
431,3,evaluate,4.5367294152577715,0.38666666666666666,0.1988454829418685,0.11570938273627598,0.14603216250259649,1500
431,4,evaluate,4.712526589632034,0.37,0.19021841712016235,0.11117362256655083,0.1403239741140181,1500
431,5,evaluate,3.0248079523444176,0.548,0.28494019455929115,0.16316476856850576,0.20747975207185157,2000
432,0,evaluate,4.547969112793605,0.39066666666666666,0.1880670559865191,0.11740020648446778,0.14450747135179579,1500
432,1,evaluate,4.5315888822078705,0.3873333333333333,0.1968672780523359,0.11587425022501743,0.14560732648007743,1500
432,2,evaluate,3.785748283068339,0.4806666666666667,0.25023459732881337,0.14390607859420335,0.18261447624113863,1500
432,3,evaluate,3.9637933671474457,0.4786666666666667,0.25369096966699584,0.14302457253412398,0.18211538670552235,1500
432,4,evaluate,3.7802566438913345,0.5225,0.23886065488174388,0.15960218714507357,0.18675373098912368,2000
432,5,evaluate,3.144443139433861,0.522,0.28423137368641155,0.15578529545198086,0.20107385633294914,2000
433,0,evaluate,4.392374416192372,0.4053333333333333,0.18578713288858217,0.12184242883774651,0.1471508595711802,1500
433,1,evaluate,3.8677663803100586,0.466,0.24771234298554307,0.13947354391576702,0.17833865166425128,1500
433,2,evaluate,4.496347983678182,0.396,0.19494818167963263,0.11834882655704301,0.14684336782291724,1500
433,3,evaluate,3.7767208963632584,0.5235,0.23834791947860276,0.1608455856095164,0.18789192002624966,2000
433,4,evaluate,3.9614927570025125,0.488,0.25626571890227934,0.14577162908535962,0.1852574899036598,1500
433,5,evaluate,3.310884952545166,0.496,0.28477202464539586,0.14869371131645975,0.19505318303266841,2000
434,0,evaluate,4.501903851826985,0.402,0.19538873407546994,0.11998191591905501,0.14790188328960804,1500
434,1,evaluate,3.945341865221659,0.494,0.2568609070719723,0.14743887641215686,0.1866399773045858,1500
434,2,evaluate,4.303858230511348,0.4246666666666667,0.1885960359872292,0.12765418683021496,0.15220684193786355,1500
434,3,evaluate,3.9568095008532205,0.45666666666666667,0.24649298427495303,0.13676862588298014,0.1758322078273387,1500
434,4,evaluate,3.7957346066832542,0.525,0.236923642534865,0.1637070089950032,0.18989451834694174,2000
434,5,evaluate,3.470844656229019,0.4595,0.28596667654351615,0.13809193724181662,0.18585987344481683,2000
435,0,evaluate,4.494901776313782,0.4126666666666667,0.19521450896343615,0.12308879410017837,0.15006599553408065,1500
435,1,evaluate,3.6578169986605644,0.4325,0.2857214991432426,0.13126700750010328,0.17977514093990168,2000
435,2,evaluate,4.11706096927325,0.44333333333333336,0.24680348558609425,0.13292913603789253,0.17277050565095853,1500
435,3,evaluate,4.3402734498182935,0.424,0.18865448124754614,0.12748225598144444,0.15208901309425138,1500
435,4,evaluate,3.836515709757805,0.5315,0.2385445618365448,0.16700120583172,0.1927492531514805,2000
435,5,evaluate,3.8707857926686606,0.5046666666666667,0.2537313010667554,0.15061824327944157,0.18838578715430793,1500
436,0,evaluate,3.9203437864780426,0.5245,0.2390668199611289,0.16553192475893716,0.19163262584263024,2000
436,1,evaluate,4.522053062915802,0.4053333333333333,0.19297468700453774,0.12089295926534005,0.14772076059533687,1500
436,2,evaluate,3.6374001801013947,0.447,0.28498477352570206,0.1346465974404923,0.18287516936037962,2000
436,3,evaluate,3.8793495098749795,0.502,0.25457923982220804,0.14982272368536137,0.18793864672057242,1500
436,4,evaluate,4.1731294592221575,0.44266666666666665,0.24425539137479432,0.13278132336808865,0.17202279653999966,1500
436,5,evaluate,4.445534586906433,0.42,0.18768773170744715,0.12632403938713957,0.15090518729654423,1500
437,0,evaluate,3.8040835559368134,0.5153333333333333,0.2556814441588363,0.15380224197432965,0.19119056598851164,1500
437,1,evaluate,3.615564025938511,0.457,0.28610271922100794,0.13974103165225998,0.1876251940611812,2000
437,2,evaluate,3.844750002026558,0.533,0.23825392521349373,0.1683614876566987,0.19334533710502244,2000
437,3,evaluate,4.63823989033699,0.4026666666666667,0.18826258162127724,0.1211004493211133,0.1472652138707767,1500
437,4,evaluate,4.646284699440002,0.3993333333333333,0.1966418597465958,0.11916544334874643,0.14771744908655285,1500
437,5,evaluate,4.07976375023524,0.458,0.24376850504329467,0.13742044207957843,0.17563994874480776,1500
438,0,evaluate,4.860643615325292,0.386,0.1864994179419071,0.11608210466238292,0.14304558567715367,1500
438,1,evaluate,4.763224105040233,0.38133333333333336,0.19865694235701153,0.11389442058061099,0.14426869827025438,1500
438,2,evaluate,4.016131768623988,0.4726666666666667,0.24268572293943652,0.14170665067306412,0.17869009999469962,1500
438,3,evaluate,3.7909796088933945,0.5435,0.24032974621209915,0.17109201896034798,0.1958517858524646,2000
438,4,evaluate,3.4813148751854897,0.4855,0.2836004595505953,0.1493422267088167,0.19532955427528922,2000
438,5,evaluate,3.778547008832296,0.5146666666666667,0.2525946275946276,0.15358087761185146,0.19020772271388134,1500
439,0,evaluate,4.88145833214124,0.37133333333333335,0.1999493517163581,0.1109698638819246,0.1424472196311588,1500
439,1,evaluate,3.2912933602929115,0.5165,0.2837009796720498,0.15785006475484,0.20260479964396366,2000
439,2,evaluate,3.806712821125984,0.541,0.24026854236753575,0.1692800693645381,0.19454386654496952,2000
439,3,evaluate,3.8371842205524445,0.5073333333333333,0.2507924323225883,0.1513871266616021,0.18800138316602794,1500
439,4,evaluate,3.968391259511312,0.48533333333333334,0.24130907884730518,0.14547137555234319,0.18091028707562964,1500
439,5,evaluate,5.018097380797069,0.37,0.18630015817515816,0.11121832799704878,0.1392704363362849,1500
440,0,evaluate,5.05787209669749,0.36,0.18532966415002788,0.1082183440375993,0.13659712192170098,1500
440,1,evaluate,3.8153612166643143,0.537,0.23937075507493835,0.1671755865478925,0.192391378548694,2000
440,2,evaluate,3.8431653579076133,0.506,0.25137483460099574,0.15106985928357192,0.1880784315217991,1500
440,3,evaluate,4.893396735191345,0.36466666666666664,0.19992908774081125,0.10900235715447726,0.14087018796448939,1500
440,4,evaluate,3.9767271180947623,0.486,0.2438276954472139,0.14574101128779254,0.18168746407227845,1500
440,5,evaluate,3.1854757741093636,0.5305,0.284688502676921,0.1602380308653806,0.20498093126279415,2000
441,0,evaluate,4.965278665224711,0.3586666666666667,0.18591625987496535,0.10781100290196291,0.13639407380514684,1500
441,1,evaluate,4.760133852561315,0.356,0.19476361024070946,0.10644678608710947,0.1375219544597464,1500
441,2,evaluate,3.768537610769272,0.504,0.2502309925093633,0.15050111425724105,0.1872589226371213,1500
441,3,evaluate,4.051053871711095,0.47533333333333333,0.24539344404082336,0.14265314387065686,0.17964569284619944,1500
441,4,evaluate,3.1747706197202206,0.5205,0.28473063476352517,0.15630116474625763,0.20157494486818947,2000
441,5,evaluate,3.8177431523799896,0.5335,0.24016895403790373,0.16566737683688065,0.19109952811762493,2000
442,0,evaluate,3.850660242140293,0.531,0.2404136784156145,0.16547762080943032,0.19122904792833748,2000
442,1,evaluate,4.600231806437175,0.366,0.19397020974301693,0.10941638472986437,0.13962831249360122,1500
442,2,evaluate,3.215066272765398,0.511,0.28614365426921184,0.15268284546383418,0.19859946336826653,2000
442,3,evaluate,4.822067042191823,0.37933333333333336,0.19079630428530342,0.11405668820198618,0.14276168725702634,1500
442,4,evaluate,3.678531845410665,0.5126666666666667,0.250312357260813,0.15316751903025289,0.1894937473293889,1500
442,5,evaluate,4.125084261099498,0.4533333333333333,0.246510038107065,0.1362506023231733,0.17439334044804627,1500
443,0,evaluate,3.9264103919267654,0.519,0.23903022604618154,0.16308891193272318,0.18878750020775711,2000
443,1,evaluate,4.20376439889272,0.43733333333333335,0.24557993429840783,0.1316142773659767,0.1702001901494363,1500
443,2,evaluate,3.2838291600346565,0.502,0.28703551177980835,0.14875118148222913,0.19495162370781535,2000
443,3,evaluate,4.6053875883420305,0.3953333333333333,0.19154993439311346,0.11892827703164137,0.14672500260736573,1500
443,4,evaluate,3.654003471136093,0.5173333333333333,0.25006597782246104,0.15466844178416525,0.19073763845755082,1500
443,5,evaluate,4.420666038990021,0.37933333333333336,0.19336031669500342,0.11339652025182465,0.1427296284945358,1500
444,0,evaluate,3.677057921886444,0.5093333333333333,0.24976191503747502,0.15234056563103518,0.18899366411450372,1500
444,1,evaluate,4.2338588039080305,0.396,0.19091439173071828,0.11830941565721305,0.14571955813992163,1500
444,2,evaluate,4.026757098734379,0.506,0.2415795289048038,0.16012989242048734,0.18711276895420065,2000
444,3,evaluate,4.393420527378718,0.4093333333333333,0.1874995765737723,0.12315494688336585,0.14863099873658242,1500
444,4,evaluate,3.383242793381214,0.477,0.28510660799793236,0.1393427514071698,0.18593929567061923,2000
444,5,evaluate,4.30230529109637,0.41933333333333334,0.24789959016393442,0.126380088990045,0.16590481066131982,1500
445,0,evaluate,3.6767823000748954,0.5113333333333333,0.25095032413554746,0.15291490905065358,0.1899089702205997,1500
445,1,evaluate,4.2680129905541735,0.418,0.24569118192617503,0.12589292488132953,0.1653967047445308,1500
445,2,evaluate,3.4547252655029297,0.4745,0.2875173292122445,0.13875196404515747,0.1860635054324939,2000
445,3,evaluate,4.2742153108119965,0.4206666666666667,0.18548124694337514,0.1265906983312897,0.15035412030656203,1500
445,4,evaluate,4.07738234102726,0.4945,0.24235793573756656,0.15779995004354422,0.18551198073644787,2000
445,5,evaluate,4.17703761657079,0.4053333333333333,0.19280728382432963,0.12101232009662963,0.1482520815224379,1500
446,0,evaluate,3.6874347428480783,0.506,0.2522485381434091,0.151320204600574,0.18908548224838215,1500
446,1,evaluate,4.184914151827495,0.42533333333333334,0.24761413772666668,0.12791337311229353,0.16821403966645188,1500
446,2,evaluate,4.206015517314275,0.4066666666666667,0.19124601265258842,0.12126596707111474,0.14780611082256773,1500
446,3,evaluate,3.4251255691051483,0.4775,0.28730934610585107,0.14008055521158042,0.18777913656209272,2000
446,4,evaluate,4.245900650819142,0.4126666666666667,0.1842994495185856,0.12419092791927296,0.148160699251824,1500
446,5,evaluate,4.039594396948814,0.498,0.24107875024172992,0.15877065314868632,0.18633314760371836,2000
447,0,evaluate,3.7084779838720956,0.5093333333333333,0.2549892376310666,0.1523048539519251,0.19061224636867607,1500
447,1,evaluate,4.308354049921036,0.39666666666666667,0.18461143666299412,0.11937858507104364,0.14471606144512822,1500
447,2,evaluate,3.2856660783290863,0.497,0.2878739531845612,0.14671195198382225,0.1942054490325667,2000
447,3,evaluate,4.2921072244644165,0.39666666666666667,0.19123345592131497,0.1183422949303167,0.14570561551157463,1500
447,4,evaluate,3.928722456097603,0.5065,0.24057266431688573,0.16031697553569918,0.18766590817063605,2000
447,5,evaluate,4.0616850554943085,0.44333333333333336,0.24751748251748254,0.13308712412470908,0.17299039296569693,1500
448,0,evaluate,3.756203522284826,0.49133333333333334,0.2544116811198805,0.14690837599555664,0.18617681176222844,1500
448,1,evaluate,4.027930239836375,0.45666666666666667,0.24629690468716264,0.13690877495155784,0.17584247746356269,1500
448,2,evaluate,4.472393453121185,0.38666666666666666,0.18729843474279767,0.11633031697344458,0.14333692196036033,1500
448,3,evaluate,4.372296998898189,0.38333333333333336,0.19305753366944406,0.11440728147542205,0.1432503074872901,1500
448,4,evaluate,3.1125322580337524,0.5305,0.28728562243304595,0.15684168533335247,0.20285178369854057,2000
448,5,evaluate,3.850768767297268,0.52,0.24036410552453114,0.16260355685801303,0.19029983633996195,2000
449,0,evaluate,2.988138608634472,0.5505,0.2866183529909462,0.16386287524270804,0.20845507752081865,2000
449,1,evaluate,3.7436984926462173,0.532,0.24067880467049277,0.16579126103592828,0.192924408285816,2000
449,2,evaluate,4.028564125299454,0.4726666666666667,0.2466957787481805,0.1415643742502999,0.17923763093148534,1500
449,3,evaluate,3.7659126818180084,0.482,0.25227413603345805,0.14406113855479644,0.18323171883737682,1500
449,4,evaluate,4.451522976160049,0.37533333333333335,0.1958442607761531,0.1121961816071699,0.14247287049423935,1500
449,5,evaluate,4.683940480152766,0.36133333333333334,0.18897941734685758,0.1086274236999678,0.13793176796557435,1500
450,0,evaluate,4.821091155211131,0.356,0.19164711292195968,0.10698732303446745,0.13716200776405058,1500
450,1,evaluate,4.477575182914734,0.366,0.19704603804741222,0.10948579688474096,0.1406952650172577,1500
450,2,evaluate,4.02407768368721,0.4686666666666667,0.24401020532837753,0.14032035903587284,0.17696660161881003,1500
450,3,evaluate,2.8624572195112705,0.5615,0.28560844968129734,0.16736564596954026,0.21099084773235183,2000
450,4,evaluate,3.852948139111201,0.47333333333333333,0.25395206187285396,0.14138044911014055,0.18128364795799012,1500
450,5,evaluate,3.7046121433377266,0.535,0.24227432633171278,0.16529404965826366,0.19389231506382382,2000
451,0,evaluate,4.8395152886708575,0.35133333333333333,0.19020604298003058,0.10554117855847767,0.13548011575545518,1500
451,1,evaluate,3.697308335453272,0.5325,0.24390071199796154,0.16399295738109138,0.19434715763033136,2000
451,2,evaluate,4.4930679102738695,0.366,0.1994372099985032,0.10948249902217895,0.14127072487838235,1500
451,3,evaluate,3.990896850824356,0.4786666666666667,0.24189037354583326,0.1433410738268795,0.1783043608821861,1500
451,4,evaluate,2.831187777221203,0.5685,0.28355175771786834,0.17046843230278502,0.21286515550934854,2000
451,5,evaluate,3.9738355576992035,0.4666666666666667,0.256394554618682,0.13931193608359788,0.17988467345781495,1500
452,0,evaluate,4.722313533226649,0.37066666666666664,0.18852311379963785,0.11132635037902765,0.1397556890131625,1500
452,1,evaluate,4.482661326726277,0.374,0.1991975457492699,0.11192596519687759,0.14290560238766967,1500
452,2,evaluate,4.065509229898453,0.47,0.2570884491605545,0.14024389038795992,0.18056333119579387,1500
452,3,evaluate,3.7022502832114697,0.531,0.2442416159398973,0.16364957190708032,0.19435391233621604,2000
452,4,evaluate,3.9421004156271615,0.48133333333333334,0.24241990943415032,0.14420452331887756,0.17925297283457198,1500
452,5,evaluate,2.9378651082515717,0.54,0.2819599179672344,0.16454946770305054,0.207628221234713,2000
453,0,evaluate,4.52142936984698,0.388,0.18556039972772412,0.1165708820080797,0.14298485599308647,1500
453,1,evaluate,3.734494484961033,0.5315,0.24460984392760654,0.16449039534970566,0.19483614920574246,2000
453,2,evaluate,3.9327741165955863,0.48,0.24638405878623226,0.14392268733532226,0.18079436509471686,1500
453,3,evaluate,4.122605472803116,0.4746666666666667,0.2584195141428151,0.14158769456658915,0.18180741354365643,1500
453,4,evaluate,4.4154467185338335,0.39066666666666666,0.20028918130958945,0.11689990791624186,0.1466346427237554,1500
453,5,evaluate,3.159223508089781,0.5045,0.2816658444906602,0.15514653687034588,0.19973131079000617,2000
454,0,evaluate,3.965393682320913,0.472,0.24760854923764758,0.14162522170618932,0.17963920643601744,1500
454,1,evaluate,4.329393833875656,0.3973333333333333,0.19492431459386833,0.11875714296519443,0.14624447418473624,1500
454,2,evaluate,3.758650854229927,0.5395,0.24580934277137528,0.16799725190183185,0.19695168167466423,2000
454,3,evaluate,4.092103471358617,0.48333333333333334,0.2564808503924585,0.14412303959938727,0.18319193670451814,1500
454,4,evaluate,3.3704239800572395,0.474,0.2827037993990166,0.14673659486801285,0.19272210587430627,2000
454,5,evaluate,4.394740988810857,0.406,0.18716515926693172,0.12202315397436496,0.1475160696409307,1500
455,0,evaluate,4.069188247124354,0.492,0.25571877165267043,0.14672690829335303,0.1852407774597989,1500
455,1,evaluate,3.5001856833696365,0.4565,0.28486837088909844,0.14121996066892537,0.18828499593841058,2000
455,2,evaluate,4.268603379527728,0.4073333333333333,0.1944793222198519,0.12163569303892682,0.14824138296994877,1500
455,3,evaluate,4.281529267628987,0.412,0.1852262133479896,0.12386351018728639,0.14826599209393104,1500
455,4,evaluate,4.014000326395035,0.46266666666666667,0.24627459581692995,0.1389548026943069,0.17702587155765415,1500
455,5,evaluate,3.8230697363615036,0.5335,0.2416842431039449,0.16655110110795773,0.19347809259505583,2000
456,0,evaluate,4.253649016221364,0.41533333333333333,0.18520896539109263,0.12491685407856772,0.1490505363780643,1500
456,1,evaluate,3.9854087432225547,0.5026666666666667,0.2531705643277156,0.14991071880022466,0.18692942568986798,1500
456,2,evaluate,4.040879974762599,0.45266666666666666,0.24603253849210366,0.13597691692553746,0.17463263325137776,1500
456,3,evaluate,4.289091760913531,0.4033333333333333,0.19455860789172874,0.12034253670947286,0.14705743077225591,1500
456,4,evaluate,3.6168016269803047,0.444,0.2849364109229746,0.1374194936986026,0.1848557602292858,2000
456,5,evaluate,3.8151604160666466,0.539,0.23831210502104608,0.16903288329344301,0.1932157127248435,2000
457,0,evaluate,4.041745066642761,0.46066666666666667,0.24729854978666732,0.13838144229487692,0.1770870563600411,1500
457,1,evaluate,4.338698138793309,0.40066666666666667,0.19270566380114348,0.11936399454548274,0.14591639885636526,1500
457,2,evaluate,3.9102241694927216,0.5106666666666667,0.25162261823815085,0.15234552898986745,0.18842770515676807,1500
457,3,evaluate,3.8152547031641006,0.5385,0.2375437098398559,0.1689063261821569,0.1921687844568564,2000
457,4,evaluate,4.284752657016118,0.412,0.18519734755773185,0.12395508860371074,0.14837454621118268,1500
457,5,evaluate,3.6168664917349815,0.448,0.28730782398065957,0.1378294983732389,0.18594588392920733,2000
458,0,evaluate,3.5053212828934193,0.4585,0.2861242429350787,0.14064055858848518,0.18830285039310746,2000
458,1,evaluate,3.7755082845687866,0.546,0.23839350289783884,0.17082903452993264,0.19392875736290877,2000
458,2,evaluate,4.029360165198644,0.4633333333333333,0.24593003770423127,0.13905978634187352,0.17731451952027721,1500
458,3,evaluate,4.398672958215077,0.396,0.18243573252203926,0.11920839274900522,0.14398226999658983,1500
458,4,evaluate,4.384151736895244,0.3953333333333333,0.19160503396885034,0.1176993591570394,0.14440265351776466,1500
458,5,evaluate,3.831463356812795,0.5133333333333333,0.25163300342645245,0.15316363034511424,0.18912880244260996,1500
459,0,evaluate,4.565108398596446,0.3873333333333333,0.18550114186016825,0.11660088199975527,0.14281872275244492,1500
459,1,evaluate,4.494237204392751,0.384,0.19446667604256096,0.11441755965349432,0.1429016630574223,1500
459,2,evaluate,3.778385318815708,0.5335,0.23731055042019839,0.16713705082384905,0.19110167979252418,2000
459,3,evaluate,3.8313180208206177,0.502,0.2511929426867515,0.14982138074364443,0.1866542098643415,1500
459,4,evaluate,3.2465242370963097,0.5045,0.2841310703982837,0.153446360048122,0.19913104128449416,2000
459,5,evaluate,3.920300712188085,0.48333333333333334,0.24553056413844568,0.1449803411968546,0.18188726334080796,1500
460,0,evaluate,4.557205498218536,0.38666666666666666,0.1980795695715612,0.11528655445088376,0.14489707029202742,1500
460,1,evaluate,4.746077120304108,0.36333333333333334,0.18376561206533343,0.10935046432110915,0.1367927945810962,1500
460,2,evaluate,3.79464328289032,0.49266666666666664,0.2496490398867309,0.147109257493851,0.184438208357473,1500
460,3,evaluate,3.8639868199825287,0.49466666666666664,0.24540638896850958,0.1483269000092271,0.18434450572687017,1500
460,4,evaluate,3.811721071600914,0.532,0.2386891709388353,0.1665321766544996,0.19144612809239364,2000
460,5,evaluate,3.035269431769848,0.5425,0.28508748712256127,0.16404992516041278,0.20817528214346748,2000
461,0,evaluate,4.520063877105713,0.382,0.1989636268831297,0.11402824201042316,0.14418697667551922,1500
461,1,evaluate,3.675127476453781,0.5086666666666667,0.2501170636103,0.15208445615513114,0.1888169273701894,1500
461,2,evaluate,3.917801300684611,0.5,0.24661183810296894,0.14984847086806302,0.18566410686499088,1500
461,3,evaluate,2.9598216861486435,0.5545,0.28662782825260386,0.16725397659408098,0.21118736691219636,2000
461,4,evaluate,3.820048175752163,0.528,0.2378737849205475,0.16532594732412406,0.19040608116995061,2000
461,5,evaluate,4.91876295208931,0.3433333333333333,0.18549469409655184,0.10326000176350006,0.13248751084618188,1500
462,0,evaluate,3.60104109843572,0.5233333333333333,0.2528984501246675,0.15654144828248165,0.1932758630093179,1500
462,1,evaluate,4.031479090452194,0.49733333333333335,0.24826715811468772,0.14900596171787694,0.18515841619506618,1500
462,2,evaluate,4.994054804245631,0.33666666666666667,0.18975158661795427,0.10120333664581907,0.13196850866993343,1500
462,3,evaluate,2.966637782752514,0.5555,0.287308350934932,0.16754907176881254,0.21160120411624436,2000
462,4,evaluate,4.423586348692576,0.386,0.19857312195593976,0.11544751514228498,0.1451121495431738,1500
462,5,evaluate,3.8309087455272675,0.5285,0.24034856407655295,0.16569705477240185,0.19158378700720502,2000
463,0,evaluate,4.145027836163838,0.4806666666666667,0.24986155063291138,0.1440031679635838,0.18172500259536986,1500
463,1,evaluate,3.030564222484827,0.5455,0.28758944249677254,0.16494322690944654,0.2095622684117096,2000
463,2,evaluate,3.5463759104410806,0.5346666666666666,0.2541391727588911,0.15993233848018748,0.19623390693519416,1500
463,3,evaluate,4.942239652077357,0.332,0.1850423812339838,0.09976218202970402,0.1295846815547516,1500
463,4,evaluate,3.818231053650379,0.5315,0.2393876397333082,0.16745398346772083,0.1924094471716758,2000
463,5,evaluate,4.304735243320465,0.392,0.19731163382128805,0.11718918719001215,0.14598731814092883,1500
464,0,evaluate,4.188077022631963,0.4066666666666667,0.1966261914088001,0.12165276244223613,0.1498198570745378,1500
464,1,evaluate,4.694075216849645,0.346,0.1827058823529412,0.10393774543883265,0.13247189521148506,1500
464,2,evaluate,3.61850040157636,0.526,0.2530392002372963,0.1572454732653938,0.1937849910148654,1500
464,3,evaluate,4.159545868635178,0.466,0.24738566011657684,0.1396479613282892,0.1779428850975356,1500
464,4,evaluate,3.751516968011856,0.5325,0.24305786544671512,0.16654735550868466,0.19341593861950185,2000
464,5,evaluate,3.097998730838299,0.536,0.288079274927101,0.16173414431368532,0.20709609130150555,2000
465,0,evaluate,3.1294368654489517,0.52,0.28711541552033887,0.15640387893347882,0.20223849015607528,2000
465,1,evaluate,4.408708959817886,0.37933333333333336,0.18656153370439085,0.11395132563783919,0.1414807738413639,1500
465,2,evaluate,4.171560635169347,0.406,0.19628566588872992,0.12133008790326065,0.14970608423416654,1500
465,3,evaluate,3.8017468750476837,0.5,0.2554652805544449,0.14935628086793978,0.1881052658933599,1500
465,4,evaluate,3.6913541480898857,0.5385,0.24506709329318027,0.16741000290795632,0.19512094872546204,2000
465,5,evaluate,4.086362918217977,0.46266666666666667,0.24624589884706993,0.13884630763079384,0.17716345067294278,1500
466,0,evaluate,3.9631064931551614,0.4726666666666667,0.24584311422226496,0.14194219747998238,0.17968543639252854,1500
466,1,evaluate,4.103206515312195,0.4713333333333333,0.25480196510521125,0.14062447222270402,0.18055985717954706,1500
466,2,evaluate,4.254411766926448,0.4013333333333333,0.19782730921426045,0.11985967706970842,0.14861240464951853,1500
466,3,evaluate,3.1173514015972614,0.5075,0.2858904263192124,0.15259138762589747,0.19852694890141623,2000
466,4,evaluate,4.171880582968394,0.4053333333333333,0.18539004303860046,0.1217711372353301,0.146936262877461,1500
466,5,evaluate,3.6962931603193283,0.5335,0.2472282695929159,0.16520006998568687,0.1944515885929639,2000
467,0,evaluate,3.639890819787979,0.5475,0.24773791301476464,0.16720887389330769,0.19690657972093678,2000
467,1,evaluate,3.864988307158152,0.4693333333333333,0.24552551222362543,0.14106654773987842,0.1788462666022793,1500
467,2,evaluate,4.334192633628845,0.464,0.2573928080106448,0.13833922666128656,0.1789141075949951,1500
467,3,evaluate,4.394450445969899,0.39866666666666667,0.19972314858918933,0.11891885681276873,0.14707181834184122,1500
467,4,evaluate,4.072323719660441,0.4226666666666667,0.1870743399440446,0.12704192766179168,0.15121235280636258,1500
467,5,evaluate,3.183226592838764,0.483,0.2834809084394788,0.14689384180714635,0.1929007198119066,2000
468,0,evaluate,3.2475110292434692,0.471,0.28153196753385795,0.14529266816456088,0.1906542841615853,2000
468,1,evaluate,4.400192995866139,0.4613333333333333,0.25538758528489763,0.1374510577023377,0.17726533969340935,1500
468,2,evaluate,4.109550505876541,0.41133333333333333,0.1839102833923244,0.12369243739590852,0.14765209402861934,1500
468,3,evaluate,3.7604026099046073,0.466,0.2425837233109096,0.14010834127887306,0.17722421161214266,1500
468,4,evaluate,3.557057686150074,0.5585,0.2460926670228996,0.1693565514413466,0.19829762807488746,2000
468,5,evaluate,4.5220160981019335,0.38066666666666665,0.1989760010404827,0.1134231082671934,0.1420569563538924,1500
469,0,evaluate,3.494761109352112,0.5715,0.24647580125069743,0.17410725963981494,0.20199444833247907,2000
469,1,evaluate,4.2100187838077545,0.396,0.17921018220608728,0.11922086739869209,0.1427255098084652,1500
469,2,evaluate,3.3797904178500175,0.454,0.281418223165796,0.1432210738590852,0.1884681188942478,2000
469,3,evaluate,4.306393484274547,0.4746666666666667,0.25599611376081965,0.1414228562786337,0.18043103520244025,1500
469,4,evaluate,3.7087661226590476,0.4673333333333333,0.24112669920695423,0.14037684926029587,0.17727743729281092,1500
469,5,evaluate,4.544222841660182,0.374,0.19916142995059744,0.11129514081584697,0.1405030886231315,1500
470,0,evaluate,4.217414836088817,0.4786666666666667,0.25439308628650237,0.14269121788349276,0.1815265322216279,1500
470,1,evaluate,3.4067967608571053,0.4595,0.28166177077289306,0.14414140934538217,0.18969842473678997,2000
470,2,evaluate,4.516267796357472,0.38666666666666666,0.19988015750727617,0.11512625397297893,0.14443802787477242,1500
470,3,evaluate,4.341013312339783,0.3913333333333333,0.17916216721305367,0.11784959323277029,0.14156168626406937,1500
470,4,evaluate,3.703530470530192,0.474,0.2414043128268406,0.1421940454587396,0.17893571317527301,1500
470,5,evaluate,3.5652498304843903,0.559,0.24500333385242,0.17187768531310335,0.1999848295765831,2000
471,0,evaluate,4.532339612642924,0.38666666666666666,0.18013205775116148,0.1164350247885737,0.1409628313060245,1500
471,1,evaluate,3.7710105379422507,0.4706666666666667,0.2425048833483309,0.14103907155086684,0.17823128808766192,1500
471,2,evaluate,4.512073576450348,0.392,0.19852322442567688,0.11678075540474483,0.145948495860649,1500
471,3,evaluate,4.056349625190099,0.504,0.2535802885869069,0.15037139745874425,0.18802919703263823,1500
471,4,evaluate,3.4407770931720734,0.4715,0.282585157686474,0.14746680848470872,0.19294200479419196,2000
471,5,evaluate,3.62005715072155,0.554,0.2454075401050327,0.172055064543708,0.19971764166053696,2000
472,0,evaluate,3.870160937309265,0.5253333333333333,0.25248669550304365,0.15691215384996565,0.19307161277192897,1500
472,1,evaluate,3.539634570479393,0.4675,0.28358110593243335,0.14547797469350693,0.19162505191698256,2000
472,2,evaluate,4.686269104480743,0.38133333333333336,0.18119479742435468,0.11476551564670859,0.14022754500911452,1500
472,3,evaluate,3.937794337670008,0.46066666666666667,0.2432754462790007,0.1379055813572007,0.17584321181137766,1500
472,4,evaluate,3.6953804790973663,0.54,0.24486205585009696,0.17037553994294777,0.19733069649128332,2000
472,5,evaluate,4.479403595129649,0.4,0.20020997292036896,0.11940205617404101,0.14904679475374075,1500
473,0,evaluate,3.773734211921692,0.536,0.24365797777603598,0.1701523302468463,0.19604587365508344,2000
473,1,evaluate,4.046170353889465,0.458,0.24278095776505784,0.13711112990701155,0.17513723195311343,1500
473,2,evaluate,3.778619726498922,0.5333333333333333,0.2523822623303143,0.1593178173194701,0.19481595007387828,1500
473,3,evaluate,4.764943301677704,0.38266666666666665,0.18310212978845053,0.11508984693344695,0.14118924361423538,1500
473,4,evaluate,3.4691812321543694,0.4895,0.2841907375978864,0.1496769769706193,0.1957719419681085,2000
473,5,evaluate,4.466188008586566,0.402,0.20015420398121692,0.12015806152087294,0.14980938659458634,1500
474,0,evaluate,4.131076862414678,0.456,0.24280093011758686,0.1365996421944043,0.17478297222196582,1500
474,1,evaluate,4.853475679953893,0.37333333333333335,0.18487739356744332,0.11218193365282525,0.1395909044027981,1500
474,2,evaluate,3.7416265507539115,0.5373333333333333,0.2534478065599056,0.1606004635959732,0.19627128353033357,1500
474,3,evaluate,3.832615554332733,0.525,0.24183632564879715,0.16630981305448303,0.19238711525292967,2000
474,4,evaluate,4.473122874895732,0.4073333333333333,0.2043948886752897,0.12189363781097817,0.1523385179422046,1500
474,5,evaluate,3.304488070309162,0.524,0.28430474319202237,0.15716389833162178,0.2023569033227604,2000
475,0,evaluate,3.797750800848007,0.5246666666666666,0.2513851097374067,0.15678382804119,0.1926138934153153,1500
475,1,evaluate,4.5450451870759325,0.3913333333333333,0.20330879859709308,0.117178989134937,0.14845826985993446,1500
475,2,evaluate,4.893994649251302,0.366,0.18602105228675758,0.10991221096352737,0.1381180192030923,1500
475,3,evaluate,3.159030593931675,0.5545,0.2862605398275943,0.1640361966746569,0.20851374408265508,2000
475,4,evaluate,4.182407647371292,0.46266666666666667,0.24699551656073396,0.13877659192733163,0.17748866769033184,1500
475,5,evaluate,3.8986952528357506,0.5215,0.2402817125491735,0.16454737925572926,0.19023493762342727,2000
476,0,evaluate,4.638706902662913,0.37933333333333336,0.20333484010209144,0.1135737106575252,0.14573694702304535,1500
476,1,evaluate,4.197320997714996,0.4806666666666667,0.24817838041465592,0.14434649217236184,0.18195161145151406,1500
476,2,evaluate,4.0217097625136375,0.5105,0.24151597112434872,0.16062980684424732,0.1871557636197178,2000
476,3,evaluate,4.860575258731842,0.37066666666666664,0.18710103291019342,0.11132569563000975,0.13951748020948215,1500
476,4,evaluate,3.98049991329511,0.504,0.2527094991509799,0.1504648252012807,0.18750220112366772,1500
476,5,evaluate,3.0347502380609512,0.576,0.2873270213787455,0.16851447469538486,0.2121642027458103,2000
477,0,evaluate,4.232852935791016,0.47933333333333333,0.25348303237858033,0.14296702223631205,0.18100117905203056,1500
477,1,evaluate,4.779591411352158,0.37733333333333335,0.1857677547752755,0.11334720600824592,0.1407191826931748,1500
477,2,evaluate,4.169634401798248,0.4786666666666667,0.24692407680990552,0.14382667445842173,0.18093057901649495,1500
477,3,evaluate,4.108329497277737,0.499,0.23918732917211621,0.15553001161124036,0.1828391281340555,2000
477,4,evaluate,4.692441672086716,0.378,0.20516721853281616,0.11305777624454412,0.1456215860204813,1500
477,5,evaluate,2.907345946878195,0.5995,0.2874100246972703,0.17480864906935273,0.21701653843459007,2000
478,0,evaluate,4.100198268890381,0.5045,0.2419100177830468,0.15618619121566452,0.18484701529582553,2000
478,1,evaluate,4.16952982544899,0.482,0.24852624357011255,0.1447729882406012,0.18205934702100643,1500
478,2,evaluate,4.670413583517075,0.38133333333333336,0.20330418885548465,0.11410587478480565,0.1458747803060408,1500
478,3,evaluate,4.750559727350871,0.37733333333333335,0.1847475038013613,0.11340254590751128,0.14051888184769892,1500
478,4,evaluate,4.319218834241231,0.4726666666666667,0.2552557252399161,0.14101721740970743,0.1800441380672391,1500
478,5,evaluate,2.866197481751442,0.5965,0.28659153290682443,0.17390933515168966,0.21614077877382334,2000
479,0,evaluate,2.947990920394659,0.5785,0.2871615274681521,0.17052155801103672,0.2138507015257934,2000
479,1,evaluate,4.726938813924789,0.37866666666666665,0.18558413133211543,0.11377972216357764,0.1409914561687414,1500
479,2,evaluate,4.276666502157847,0.4666666666666667,0.2508320359062933,0.13922121985009758,0.17779224995155665,1500
479,3,evaluate,3.9978127256035805,0.513,0.2434874203218688,0.15805452830194144,0.18755584214671073,2000
479,4,evaluate,4.218501716852188,0.4746666666666667,0.24673641276204963,0.14249438686064037,0.17986261140011212,1500
479,5,evaluate,4.576116055250168,0.38866666666666666,0.2004684648169762,0.11622401274686375,0.1467485958499622,1500
480,0,evaluate,3.9790419936180115,0.5135,0.24711158789038418,0.15855395236566702,0.18997492032778962,2000
480,1,evaluate,3.053037825971842,0.5575,0.28700232015587346,0.16552331289158628,0.2098952508407726,2000
480,2,evaluate,4.2900181611378985,0.48,0.2513316905184483,0.14332619948599207,0.18196383271507094,1500
480,3,evaluate,4.474727521340053,0.402,0.20032526986959462,0.12012725583093509,0.14976924830935806,1500
480,4,evaluate,4.70216237505277,0.382,0.18588190907375965,0.11482449748733262,0.14176782699828297,1500
480,5,evaluate,4.251002172629039,0.4713333333333333,0.24755465825369524,0.14143696367606803,0.17918045133188254,1500
481,0,evaluate,4.275367240111033,0.4686666666666667,0.25007071358772853,0.14051307682055383,0.17934571223314466,1500
481,1,evaluate,4.687205195426941,0.3873333333333333,0.18686947109990631,0.11642304240129027,0.14317056283156546,1500
481,2,evaluate,4.396433661381404,0.41533333333333333,0.20107921867138026,0.12415581128252304,0.15323867388890827,1500
481,3,evaluate,4.236130744218826,0.49333333333333335,0.2521143744742298,0.14738504903386915,0.1856998088557112,1500
481,4,evaluate,3.2272622883319855,0.526,0.28631598389420415,0.15834189098035123,0.20388079250557628,2000
481,5,evaluate,3.951681762933731,0.5155,0.24767930475931657,0.15968245356468538,0.191625341975936,2000
482,0,evaluate,3.3127422109246254,0.515,0.28668459077399894,0.1564620386066994,0.20231135918710325,2000
482,1,evaluate,4.195262670516968,0.4713333333333333,0.24832889855704104,0.14127397758845178,0.17966253420567876,1500
482,2,evaluate,4.004944175481796,0.505,0.24887651586617995,0.15648220626668854,0.18982693914484697,2000
482,3,evaluate,4.390522917111714,0.42,0.1993866180511931,0.1255059767268974,0.15378243136817807,1500
482,4,evaluate,4.2453903158505755,0.494,0.25056418187913326,0.14767648100004935,0.18572678941146278,1500
482,5,evaluate,4.6916829744974775,0.38666666666666666,0.1841980130275958,0.11623906593152919,0.14233018084947527,1500
483,0,evaluate,3.414171300828457,0.4975,0.28249853368771377,0.15258435521047048,0.19772875205741008,2000
483,1,evaluate,4.173058529694875,0.5006666666666667,0.2497413070800168,0.1497158473064537,0.18718672664739994,1500
483,2,evaluate,4.142849892377853,0.476,0.24708809734559084,0.14249664236869355,0.18032787253865193,1500
483,3,evaluate,4.368147333463033,0.408,0.1964373219717086,0.12190142256137966,0.15022606796194607,1500
483,4,evaluate,4.718569139639537,0.38066666666666665,0.18130117399997764,0.11438807524984038,0.14012427898482732,1500
483,5,evaluate,4.0360052436590195,0.51,0.25069584985642007,0.1585057057127382,0.1918068069024257,2000
484,0,evaluate,4.037075445055962,0.518,0.2499866836939327,0.1623055185337426,0.19370269117160518,2000
484,1,evaluate,4.733440180619557,0.38133333333333336,0.1820397368613183,0.11462739161886679,0.1404776877356893,1500
484,2,evaluate,3.5770218148827553,0.4635,0.2842283220944867,0.14389236542033804,0.1903335773763886,2000
484,3,evaluate,4.344558387994766,0.412,0.19757628043876826,0.12316948436813144,0.15156249149848675,1500
484,4,evaluate,4.0248731672763824,0.514,0.2495146057544476,0.1537301107088479,0.19023583900330293,1500
484,5,evaluate,4.156703929106395,0.4693333333333333,0.24868214155114524,0.14037179999794955,0.17896146883779313,1500
485,0,evaluate,4.715348094701767,0.382,0.1802642832706124,0.11481885287843996,0.14017451432016298,1500
485,1,evaluate,4.3562609652678175,0.416,0.19720424853608423,0.12446344513247665,0.1525243682294939,1500
485,2,evaluate,3.7232713773846626,0.447,0.2834605193428723,0.13950733627519443,0.1859819665996519,2000
485,3,evaluate,4.217535177866618,0.46,0.24603750091554968,0.13756433324106254,0.1760075194362023,1500
485,4,evaluate,4.017344944179058,0.5295,0.24862109411013492,0.16608334107486464,0.1956076250644029,2000
485,5,evaluate,3.9367675483226776,0.5286666666666666,0.2500789848615935,0.15812244543776754,0.19371771596377751,1500
486,0,evaluate,3.8954191307226815,0.5393333333333333,0.25213708183896,0.16124796250436255,0.1965834478743937,1500
486,1,evaluate,4.685566375652949,0.3973333333333333,0.18267854624389107,0.11936952664239389,0.14426965344242626,1500
486,2,evaluate,3.746820852160454,0.4445,0.2823648647022136,0.13809406742743818,0.18468718243804547,2000
486,3,evaluate,4.359533280134201,0.41533333333333333,0.19678639185195795,0.12422176532884337,0.15225387421674694,1500
486,4,evaluate,4.273031055927277,0.452,0.2466160312727046,0.13522808825187874,0.1743956762124908,1500
486,5,evaluate,3.969082072377205,0.545,0.24871325070459646,0.17058314773682173,0.19853159826580824,2000
487,0,evaluate,4.295571208000183,0.442,0.24729394870952354,0.13241913491013851,0.17242653698132707,1500
487,1,evaluate,3.9586260120073953,0.524,0.2516080238804227,0.15669410079577586,0.19291714381162123,1500
487,2,evaluate,4.029700510203838,0.541,0.24978340316346745,0.16895079005767752,0.19747724450764026,2000
487,3,evaluate,4.369691411654155,0.416,0.19779151413155308,0.1244283768990913,0.15269520335979941,1500
487,4,evaluate,4.6482630868752794,0.4033333333333333,0.18200941784177188,0.1211925199999411,0.14541627248219452,1500
487,5,evaluate,3.589017078280449,0.468,0.2827011304953584,0.1421675008679105,0.18901481420863403,2000
488,0,evaluate,4.611568043629329,0.414,0.18472907243191675,0.12439036623106166,0.14863978031434183,1500
488,1,evaluate,4.421709209680557,0.4086666666666667,0.19516807719529092,0.12211977695808747,0.15010949211488875,1500
488,2,evaluate,4.232956041892369,0.448,0.24726058268958692,0.13437783860814648,0.17409144383049818,1500
488,3,evaluate,3.236152410507202,0.5215,0.2834519610301746,0.15422701421803603,0.19972935528562683,2000
488,4,evaluate,4.1699075400829315,0.49466666666666664,0.2556399737446669,0.14783820898053396,0.1869960598432697,1500
488,5,evaluate,4.189702153205872,0.515,0.2487122103357052,0.15980044679039085,0.19007276414676696,2000
489,0,evaluate,4.500634133815765,0.40066666666666667,0.19641609534181975,0.11961373472262764,0.14842039234311788,1500
489,1,evaluate,4.365687290827434,0.4686666666666667,0.25455449089241466,0.14004359907931696,0.18002001717619492,1500
489,2,evaluate,4.158996671438217,0.466,0.2462267820984997,0.1398896851515804,0.17821431268483265,1500
489,3,evaluate,4.350914143025875,0.4995,0.24939760083785173,0.15472440134142781,0.1857610241531154,2000
489,4,evaluate,4.624457011620204,0.4093333333333333,0.18563339797382353,0.12306661980008413,0.14799042120679876,1500
489,5,evaluate,2.977367091923952,0.5635,0.28467626128643075,0.16460668841287213,0.2083353797742756,2000
490,0,evaluate,4.3069416383902235,0.4686666666666667,0.25904848721297125,0.1400001676875346,0.18113197630404176,1500
490,1,evaluate,2.8732414208352566,0.5825,0.2850215338055805,0.1699877334942707,0.21251289186924155,2000
490,2,evaluate,4.5758030116558075,0.3873333333333333,0.19903970492164672,0.11564445746923888,0.14597803165655082,1500
490,3,evaluate,4.124930481115977,0.4806666666666667,0.2439961178436747,0.1443431601718287,0.18086929468511997,1500
490,4,evaluate,4.299324229359627,0.5015,0.24558395147001413,0.15575364435538425,0.18562991623907013,2000
490,5,evaluate,4.715649733940761,0.4,0.18931074625060476,0.1202332494550215,0.1470400579765904,1500
491,0,evaluate,4.147944420576096,0.48333333333333334,0.24458231608555153,0.14514760762361723,0.1813785759257712,1500
491,1,evaluate,2.926542803645134,0.5715,0.2862787028407205,0.16890631393184558,0.21229401088564806,2000
491,2,evaluate,4.891745865345001,0.38133333333333336,0.19063576653231826,0.11468565547676582,0.14315397210772968,1500
491,3,evaluate,4.134710565209389,0.52,0.24328783854678995,0.16219681318888002,0.18995011797760947,2000
491,4,evaluate,4.083295971155167,0.494,0.25484138059245354,0.14752226212181876,0.18624277281276644,1500
491,5,evaluate,4.647657165924708,0.38,0.20105939574971732,0.11350790083259972,0.14469729252295588,1500
492,0,evaluate,3.922820250193278,0.5146666666666667,0.25275843317643704,0.15372410070432446,0.19061814380456457,1500
492,1,evaluate,3.9868263453245163,0.5375,0.24047776202496038,0.16817378503635166,0.19329088957938464,2000
492,2,evaluate,4.190446625153224,0.484,0.24376217153528076,0.1452785296137955,0.18134947710684035,1500
492,3,evaluate,4.705162922541301,0.38533333333333336,0.20339266256058197,0.11505381957865046,0.1463470641732904,1500
492,4,evaluate,5.019415517648061,0.37666666666666665,0.19449246968039713,0.11329734582997875,0.14303230261446925,1500
492,5,evaluate,3.0411946773529053,0.5445,0.2876042691324021,0.16322582361244614,0.20819555541228355,2000
493,0,evaluate,3.7799754043420157,0.5286666666666666,0.2521580282066112,0.15786553516179375,0.19346508766007062,1500
493,1,evaluate,4.169477979342143,0.488,0.2422881561611539,0.14644165410758775,0.18186935792953532,1500
493,2,evaluate,5.098602493604024,0.36666666666666664,0.19299624087602413,0.11027642030750344,0.1402847334746953,1500
493,3,evaluate,4.7628138562043505,0.38266666666666665,0.20362770830759325,0.114169703969242,0.1454706031008508,1500
493,4,evaluate,3.196565803140402,0.522,0.2866050456447795,0.1584484423045671,0.20396888746916267,2000
493,5,evaluate,3.9124919548630714,0.5455,0.2386879961623288,0.17145302960983302,0.19466976403015016,2000
494,0,evaluate,5.030259350935618,0.3626666666666667,0.18925795053003533,0.10902347561781893,0.1383468291635706,1500
494,1,evaluate,4.698219736417134,0.39066666666666666,0.20444770813119684,0.11660142731748077,0.1478670756351732,1500
494,2,evaluate,4.134139825900395,0.492,0.24216879488183835,0.14749033719845395,0.18273878048263326,1500
494,3,evaluate,3.945341907441616,0.544,0.23628814744730917,0.17271249020268087,0.19391664626563956,2000
494,4,evaluate,3.694376915693283,0.5426666666666666,0.2519057256346418,0.16204074816700467,0.19648622046165265,1500
494,5,evaluate,3.4123586788773537,0.487,0.2867376860727925,0.15125482508064855,0.19749885310552956,2000
495,0,evaluate,4.5329959988594055,0.4073333333333333,0.2048709418072839,0.12168733070811937,0.15235237366103432,1500
495,1,evaluate,3.7649005949497223,0.5313333333333333,0.2517983716422457,0.1587152937453975,0.19422855259374583,1500
495,2,evaluate,4.143059052526951,0.525,0.2399253747870005,0.167547056776499,0.1910497418959497,2000
495,3,evaluate,4.140248099962871,0.486,0.24331823153603302,0.14570412860496826,0.18185934856239702,1500
495,4,evaluate,4.873618354399999,0.37866666666666665,0.18787905817670084,0.11380207487882661,0.14172502489057553,1500
495,5,evaluate,3.4479257687926292,0.486,0.28648438996360853,0.15036591543802139,0.1967726405543107,2000
496,0,evaluate,4.713196148475011,0.404,0.1885304957363781,0.12143216374347643,0.14759190710045003,1500
496,1,evaluate,3.362255208194256,0.495,0.28541303747776486,0.15044991202053093,0.19691754641730594,2000
496,2,evaluate,4.3944194838404655,0.487,0.24396907260535236,0.155448704203846,0.18329936414806042,2000
496,3,evaluate,4.165661185979843,0.47933333333333333,0.24579474445587818,0.14373988865992066,0.1810832847908323,1500
496,4,evaluate,3.964436650276184,0.5053333333333333,0.25218536433426775,0.15109729629556135,0.18867075779965492,1500
496,5,evaluate,4.384332189957301,0.416,0.20175815764572463,0.12427217871863969,0.15344915638038523,1500
497,0,evaluate,4.159723778565724,0.47733333333333333,0.24558208264278553,0.1432067429438481,0.18064313866972928,1500
497,1,evaluate,4.345770746469498,0.42533333333333334,0.19954507076847502,0.12701851623234234,0.15456107279336653,1500
497,2,evaluate,3.297559916973114,0.513,0.28487850830811123,0.15404230750451503,0.199944146175006,2000
497,3,evaluate,4.604119956493378,0.4166666666666667,0.1893300660152096,0.12528306849135773,0.1506494829953543,1500
497,4,evaluate,4.167563269535701,0.47933333333333333,0.25341999626377254,0.14333395443386743,0.1825947934352009,1500
497,5,evaluate,4.556463770568371,0.467,0.24914416538930156,0.14850477485050534,0.17957333525355273,2000
498,0,evaluate,4.5182235315442085,0.4635,0.2470851209301573,0.14584164124419266,0.17755712189218903,2000
498,1,evaluate,4.612470249334971,0.418,0.1905522706742219,0.12575106676064315,0.15119746160214667,1500
498,2,evaluate,3.2734816297888756,0.524,0.28485568582977727,0.15533636163511028,0.20101889338731443,2000
498,3,evaluate,4.253320296605428,0.46266666666666667,0.2557579787234042,0.13835087029430057,0.17889913257300383,1500
498,4,evaluate,4.247686405976613,0.464,0.24653035943929869,0.13926398671300708,0.1778926859883071,1500
498,5,evaluate,4.355359782775243,0.42133333333333334,0.1939219973355646,0.12572455546799716,0.15171553341182173,1500
499,0,evaluate,4.661875396966934,0.408,0.1926357713401729,0.12273828077699786,0.14952152014652015,1500
499,1,evaluate,4.2692970136801405,0.4593333333333333,0.24606258950948803,0.13781172146526005,0.17652439631979272,1500
499,2,evaluate,3.2335498481988907,0.5385,0.28607260408823,0.1583327676195641,0.20374607632172617,2000
499,3,evaluate,4.324214180310567,0.45266666666666666,0.25725882279195134,0.1355094546700474,0.17639836160814706,1500
499,4,evaluate,4.404150769114494,0.47,0.24421612240502344,0.1440077315023574,0.17578426500791222,2000
499,5,evaluate,4.420918256044388,0.4166666666666667,0.193593378504105,0.12432838339866883,0.15045828719460033,1500
