round,client_id,phase,loss,accuracy,precision,recall,f1,num_examples
0,0,evaluate,2.336515771018134,0.040216086434573826,0.10182370820668693,0.028401865197117425,0.04441498176997017,1666
0,1,evaluate,2.428287241193983,0.03597122302158273,0.09852216748768473,0.02506265664160401,0.03996003996003996,1668
0,2,evaluate,2.3810644061477095,0.0,0.0,0.0,0.0,1666
0,3,evaluate,2.1184377670288086,0.22841726618705036,0.11529933481152993,0.18994451573044388,0.10080213190787875,1668
0,4,evaluate,2.1612757047017417,0.26410564225690275,0.29443053817271586,0.2653185334996427,0.18442963511444907,1666
0,5,evaluate,2.1962546154304787,0.22088835534213686,0.09786371846555124,0.180552697171343,0.09369874677945121,1666
1,0,evaluate,2.1501618402975575,0.23741007194244604,0.3045852750779438,0.11882902824171145,0.14767487062337106,1668
1,1,evaluate,2.0002782035756996,0.40516206482593037,0.2764162841475916,0.2033825519889351,0.20657745775467454,1666
1,2,evaluate,2.0881769039012767,0.30312124849939975,0.26297607234343945,0.14981173376155596,0.16317796115399524,1666
1,3,evaluate,2.1116352876027427,0.2382953181272509,0.24055269513499783,0.12146338351690016,0.13093966912897906,1666
1,4,evaluate,2.02150140426777,0.3039568345323741,0.24157571220437193,0.15431655545839945,0.1600544408167672,1668
1,5,evaluate,2.1716809316917702,0.1290516206482593,0.2727585829269984,0.06529935203237089,0.10018749388858894,1666
2,0,evaluate,2.0336686416908547,0.18127250900360145,0.2777302171512698,0.09162326412699429,0.1276061656648273,1666
2,1,evaluate,2.062419198177479,0.24789915966386555,0.27725704937694584,0.12362105670594851,0.16277683355853287,1666
2,2,evaluate,2.0235946575800576,0.21762589928057555,0.2831365507924938,0.11053613148785393,0.1466661403392484,1668
2,3,evaluate,1.8629282889542755,0.4519807923169268,0.3002309398374534,0.2265421287384733,0.2424975300169125,1666
2,4,evaluate,1.865275016537419,0.4171668667466987,0.24955138485083625,0.20914430466737466,0.20888951980299222,1666
2,5,evaluate,1.8866596751742892,0.4556354916067146,0.3271328695881618,0.2277292864650538,0.24971118488209912,1668
3,0,evaluate,1.7808930697264496,0.46218487394957986,0.33590203197488744,0.23086651545392267,0.251049499593497,1666
3,1,evaluate,1.8396621721762199,0.3645083932853717,0.28374147397313965,0.1830790736870001,0.21125786202943417,1668
3,2,evaluate,1.9842168887456257,0.2262905162064826,0.2923678781616092,0.11370552350122247,0.16116051602918693,1666
3,3,evaluate,1.82602032467171,0.4225690276110444,0.26311746686790916,0.21101613293683535,0.2148644379119673,1666
3,4,evaluate,1.9981043029714514,0.2575030012004802,0.28802519752438005,0.1303155767734313,0.1676974753314365,1666
3,5,evaluate,1.9494146947507505,0.3393285371702638,0.3731744170049069,0.16981757893702168,0.21099529468744166,1668
4,0,evaluate,1.6660230115607932,0.5107913669064749,0.3463040570590716,0.2558780850451762,0.2791165010719421,1668
4,1,evaluate,1.663999632552818,0.43937575030012005,0.26529243604970926,0.22107864803596317,0.22256089719043898,1666
4,2,evaluate,1.9718621969223022,0.22002398081534771,0.3149497880965543,0.11090887951367405,0.16144407221946727,1668
4,3,evaluate,1.8086224794387817,0.34933973589435774,0.2869150143341334,0.17385841140008124,0.1925630496361388,1666
4,4,evaluate,1.9883940352333918,0.27190876350540216,0.2866989432381136,0.1356303739376157,0.17361924382024013,1666
4,5,evaluate,1.8166032323130854,0.3565426170468187,0.3391947484139364,0.17895010050361715,0.21919528884089354,1666
5,0,evaluate,1.9159258206685383,0.25090036014405764,0.31365515629204355,0.1272731749427935,0.1713625795811489,1666
5,1,evaluate,1.9319954889791984,0.30612244897959184,0.30354534391782717,0.15437848550078398,0.18337358622210526,1666
5,2,evaluate,1.7313423156738281,0.39268585131894485,0.29293927479712645,0.19735631989879965,0.22102459893639576,1668
5,3,evaluate,1.848560999940943,0.36810551558752996,0.38797425779735806,0.18392699472571264,0.23632033619639742,1668
5,4,evaluate,1.6264057380181771,0.5018007202881153,0.33853836599623693,0.25098113207499073,0.27781792782073783,1666
5,5,evaluate,1.6738965334715667,0.4417767106842737,0.2667813955702563,0.22047680643637363,0.23453002791417385,1666
6,0,evaluate,1.701636755907977,0.3985594237695078,0.28289401057327634,0.19749345878438848,0.20784989656945013,1666
6,1,evaluate,1.9559285861474496,0.23501199040767387,0.32441383509245214,0.11822035881654594,0.1686677035786388,1668
6,2,evaluate,1.5960122700090762,0.4952038369304556,0.36427938303346874,0.24836165388657241,0.271956185163808,1668
6,3,evaluate,1.5709780189726088,0.4375750300120048,0.2743683666790567,0.22006580267958617,0.21869224269386267,1666
6,4,evaluate,1.8265079613085147,0.32112845138055224,0.3658625329722219,0.1609993831197033,0.21359821111400307,1666
6,5,evaluate,1.9758877180240773,0.27130852340936373,0.29127715794308007,0.1357503386823163,0.17941237883475233,1666
7,0,evaluate,1.8014009749447857,0.35851318944844124,0.3998449242345547,0.17925640364872805,0.23403361908363332,1668
7,1,evaluate,1.8449189000659518,0.33313325330132054,0.29166206250567783,0.16789849697065423,0.19655142610949874,1666
7,2,evaluate,1.542360817944562,0.5180072028811524,0.35313629913111805,0.2591579016057648,0.2848379817181711,1666
7,3,evaluate,1.6321667565239801,0.43884892086330934,0.29858579192546586,0.22044305748975632,0.2456754960877225,1668
7,4,evaluate,1.6112392301912661,0.4477791116446579,0.2787566320995327,0.22272697154760518,0.23699624595369545,1666
7,5,evaluate,1.8387015925513372,0.27791116446578634,0.31503109682481345,0.1393973112635983,0.1900742317051956,1666
8,0,evaluate,1.472445876510055,0.4921968787515006,0.28486908556825674,0.24750800370872597,0.2583306912318116,1666
8,1,evaluate,1.658343372521577,0.39615846338535415,0.3087815640242212,0.1972902115637808,0.22777569400323178,1666
8,2,evaluate,1.488068452587834,0.5713429256594724,0.3749400063846431,0.2860485410348727,0.32033850508053113,1668
8,3,evaluate,1.8785420214688335,0.263189448441247,0.3259804136849692,0.13381199578027356,0.18179549860345098,1668
8,4,evaluate,1.8706687777130693,0.31932773109243695,0.29830520162099106,0.16029745873980306,0.19211227652608595,1666
8,5,evaluate,1.6686110982188471,0.4279711884753902,0.35733646639699884,0.21462924538158382,0.2569793793849318,1666
9,0,evaluate,1.6035464383937694,0.46103117505995206,0.31530753457796407,0.23102827964659692,0.26093148539324235,1668
9,1,evaluate,1.6994496561862804,0.36434573829531813,0.3183678426722021,0.1811479030191217,0.23057507819928347,1666
9,2,evaluate,1.7089557471098724,0.39315726290516206,0.29529621032324455,0.19797995269771831,0.2302144007509353,1666
9,3,evaluate,1.5181260153099343,0.5066026410564226,0.3694724174514197,0.2533800825242997,0.2863724718180238,1666
9,4,evaluate,1.5853092670440674,0.4531812725090036,0.29145806818298625,0.2253416500002225,0.24397023801028253,1666
9,5,evaluate,1.6665244058326438,0.3908872901678657,0.3986596021261103,0.195731033074823,0.2534386127731795,1668
10,0,evaluate,1.631313959757487,0.3877551020408163,0.32346539135886476,0.19318926849121204,0.23167472090828603,1666
10,1,evaluate,1.5200919486858226,0.49939975990396157,0.3645773406118259,0.2501908078554875,0.2909552515060832,1666
10,2,evaluate,1.7508478164672852,0.3411270983213429,0.3369181451972323,0.17325572526132366,0.2215387945227334,1668
10,3,evaluate,1.5211681878125225,0.4723889555822329,0.2966889622432075,0.23813209032706464,0.2607097469873271,1666
10,4,evaluate,1.6750003982473303,0.41236494597839135,0.30085319767420937,0.20695348862988344,0.22946475593117,1666
10,5,evaluate,1.4482355117797852,0.552757793764988,0.3845967294761996,0.276780453483914,0.31655104288971686,1668
11,0,evaluate,1.6130223097624603,0.4327731092436975,0.3028811772632328,0.21535773536397648,0.24536136713263934,1666
11,1,evaluate,1.5834732717937894,0.45623501199040767,0.3228516771002354,0.23008408371928546,0.2631717051693847,1668
11,2,evaluate,1.6123550247263025,0.3985594237695078,0.31227740030330386,0.19785104782461443,0.2399663609262102,1666
11,3,evaluate,1.473376821588587,0.5150060024009604,0.376510297596806,0.257802052620714,0.2976466197905087,1666
11,4,evaluate,1.5377455905631736,0.46938775510204084,0.2991159981211452,0.23628853504957278,0.2582638517560132,1666
11,5,evaluate,1.5606680048836603,0.4538369304556355,0.40419044799611437,0.22720870916013017,0.2845873918964385,1668
12,0,evaluate,1.6710922938806039,0.40036014405762305,0.30579884726914536,0.20055295297083045,0.22852293198910942,1666
12,1,evaluate,1.4768677640844274,0.5126050420168067,0.3804959345743774,0.25694929431018776,0.29938803312364903,1666
12,2,evaluate,1.6110744101029855,0.4057623049219688,0.31887899194256963,0.2017771957652677,0.23833549909886226,1666
12,3,evaluate,1.4194375762233027,0.5563549160671463,0.39302205459654027,0.2786435166133855,0.3185875900841743,1668
12,4,evaluate,1.7108009303057636,0.36211031175059955,0.3374203503118845,0.18373867176039557,0.23150377411649878,1668
12,5,evaluate,1.459874603483412,0.4939975990396158,0.29680396056542846,0.24909047636604367,0.266328986378471,1666
13,0,evaluate,1.5753975047005548,0.43937575030012005,0.3076505502089503,0.22117587447193246,0.25493495714806963,1666
13,1,evaluate,1.5746291964142412,0.4460431654676259,0.3353250799918102,0.2237251913397867,0.2661434034896069,1668
13,2,evaluate,1.485966479336774,0.4951980792316927,0.3068166069390696,0.24729078393331916,0.26862027613204653,1666
13,3,evaluate,1.4833432303534613,0.4988009592326139,0.4012981170875908,0.24972464681074583,0.30328110498702116,1668
13,4,evaluate,1.4592013888888888,0.5162064825930373,0.3858697788183272,0.25817702077436266,0.3047537116081279,1666
13,5,evaluate,1.541152865798385,0.4237695078031212,0.3205352680961837,0.21120959795279548,0.2532977315307093,1666
14,0,evaluate,1.5837297792787906,0.44657863145258103,0.32098815163918337,0.2230931408522252,0.25597486298923106,1666
14,1,evaluate,1.4041008728521842,0.5563549160671463,0.4039692975744981,0.27839913036118186,0.3269998800728251,1668
14,2,evaluate,1.5629848153502852,0.4105642256902761,0.3291249181396467,0.20493052004218612,0.2492134321766193,1666
14,3,evaluate,1.3902874213677865,0.5426170468187275,0.38061641261249013,0.2718064932271394,0.31377358895651486,1666
14,4,evaluate,1.6042568330411557,0.4130695443645084,0.34205560969408755,0.2086374306461228,0.25386933544254564,1668
14,5,evaluate,1.4269305732515123,0.5,0.3010073679260036,0.25168403125686223,0.27213651445530934,1666
15,0,evaluate,1.452659492139463,0.5077937649880095,0.4089975329101284,0.2542987616767798,0.30844126442808695,1668
15,1,evaluate,1.5006605011445504,0.4447779111644658,0.3264553227729012,0.22140250186902893,0.2624999030362571,1666
15,2,evaluate,1.529266317685445,0.4706235011990408,0.34448779878935704,0.2361507210266321,0.278788107204757,1668
15,3,evaluate,1.4966001245710585,0.5,0.31771290712238154,0.24950806288039667,0.2758943004923756,1666
15,4,evaluate,1.4282518360349867,0.5120048019207684,0.3908193863223336,0.256092240745815,0.30598980406432,1666
15,5,evaluate,1.4932706532654938,0.4777911164465786,0.3159030541119071,0.24050455530658915,0.27039543614928735,1666
16,0,evaluate,1.5712651455843891,0.4370503597122302,0.3474418998937015,0.2200515194203767,0.26318440826015344,1668
16,1,evaluate,1.5646060131214283,0.4519807923169268,0.3173304864504818,0.22507612786073494,0.2589905519865727,1666
16,2,evaluate,1.5490702699731898,0.41236494597839135,0.3319066343150519,0.20620279964837263,0.25039097805614263,1666
16,3,evaluate,1.3928371800316706,0.5503597122302158,0.4031459870586465,0.27541933459374146,0.32286695496679,1668
16,4,evaluate,1.3670829048863165,0.5510204081632653,0.3865479261974243,0.27608736804471007,0.3162358828690496,1666
16,5,evaluate,1.404773893179717,0.5090036014405762,0.30217996019775484,0.2564530153693657,0.2725050031099598,1666
17,0,evaluate,1.4986225145834464,0.43637454981992796,0.33644394822528034,0.2182076450552591,0.2603950744235692,1666
17,1,evaluate,1.4806101366325661,0.4951980792316927,0.31745930107282294,0.24636121857958382,0.2718463190030297,1666
17,2,evaluate,1.3517000057079174,0.5480192076830732,0.3914057817074431,0.2739425702168028,0.321585661132067,1666
17,3,evaluate,1.4301401553330597,0.5018007202881153,0.31507060198145104,0.25239515264675483,0.27810702204379745,1666
17,4,evaluate,1.3804992746423792,0.5581534772182254,0.403580270906333,0.279366613597225,0.32853992874912263,1668
17,5,evaluate,1.5322151669749506,0.459832134292566,0.3526603194411824,0.2297912136209125,0.2746680077364382,1668
18,0,evaluate,1.4539139447388825,0.4909963985594238,0.31444372494790673,0.24524706185438241,0.2685748543580596,1666
18,1,evaluate,1.4434317217932806,0.4909963985594238,0.3113415716368034,0.24711764510619377,0.27322514719660806,1666
18,2,evaluate,1.5333623036190316,0.4225690276110444,0.3413130873806576,0.21150668561263006,0.25870038933075823,1666
18,3,evaluate,1.313315131046154,0.578031212484994,0.3924548699064726,0.289249483076651,0.330204637988014,1666
18,4,evaluate,1.5233080254660711,0.4550359712230216,0.3525644047309938,0.22853702095822434,0.27319981856908737,1668
18,5,evaluate,1.3828849218509816,0.552158273381295,0.40660997683068995,0.2763793401383651,0.3257893335651997,1668
19,0,evaluate,1.3917009168201022,0.5084033613445378,0.3992069094282618,0.2545022806554694,0.30769754840879304,1666
19,1,evaluate,1.429701606432597,0.4789915966386555,0.3355316039806695,0.2395282939785664,0.27475374062204383,1666
19,2,evaluate,1.4761838957115456,0.49159663865546216,0.32668868882302315,0.2454424804692546,0.2763368531905205,1666
19,3,evaluate,1.3359583881166246,0.5677458033573142,0.40720120972263485,0.2842273044580355,0.3295900027908522,1668
19,4,evaluate,1.5344550079769559,0.44664268585131894,0.35500654104157775,0.22411897020974428,0.27377642224466286,1668
19,5,evaluate,1.382050289048089,0.5168067226890757,0.3180708805558523,0.2599919081172035,0.2827047776157453,1666
20,0,evaluate,1.462859520205745,0.4856115107913669,0.35252610081496094,0.24370939795018529,0.28556215115634925,1668
20,1,evaluate,1.2820120056470234,0.5840336134453782,0.39886000993536214,0.2921138404377075,0.3337334177524687,1666
20,2,evaluate,1.4210570653279622,0.4951980792316927,0.31657859489636775,0.249021475594898,0.27741044364565065,1666
20,3,evaluate,1.3784522745344374,0.5425659472422062,0.41305037395256206,0.2716182923962115,0.3236079568027817,1668
20,4,evaluate,1.4157973307150382,0.5210084033613446,0.32805922439005564,0.25997142210487084,0.28376815318358106,1666
20,5,evaluate,1.4971563749843173,0.43157262905162064,0.3468016652695637,0.21547054145173186,0.2646367761923035,1666
21,0,evaluate,1.4450409765596743,0.5060024009603842,0.3289202652681841,0.2514914466464087,0.27977882842649054,1666
21,1,evaluate,1.3665491695757266,0.5102040816326531,0.31818355943810295,0.2565624389481619,0.28295132419942093,1666
21,2,evaluate,1.4584637482961018,0.4922062350119904,0.3589349343280137,0.24670363815973495,0.28891811552724195,1668
21,3,evaluate,1.3123233671541568,0.556422569027611,0.39700049885988237,0.2783842654851611,0.32490588978358786,1666
21,4,evaluate,1.3659734196133084,0.5449640287769785,0.4119654343904612,0.27271701927962455,0.3265757474766501,1668
21,5,evaluate,1.4625046959629766,0.44717887154861946,0.33948083929025,0.2234614441487141,0.2654080470309942,1666
22,0,evaluate,1.4239753749635484,0.4909963985594238,0.32126821023422136,0.24702498177033902,0.2782735052578805,1666
22,1,evaluate,1.4183041861763708,0.4729891956782713,0.3486485718641797,0.23701024547057759,0.2810927637869429,1666
22,2,evaluate,1.4509633161403515,0.4892086330935252,0.3584312420281155,0.24506545713725147,0.2902182919535644,1668
22,3,evaluate,1.3539418865133215,0.5569544364508393,0.4097299039518031,0.2787301467268547,0.33041892841124076,1668
22,4,evaluate,1.3683451149198744,0.5462184873949579,0.3339398267422867,0.2726749978147819,0.29791987222287347,1666
22,5,evaluate,1.335521146103188,0.5528211284513805,0.4009444616409167,0.2764449351252971,0.32597998354974755,1666
23,0,evaluate,1.4802829247933846,0.4399759903961585,0.3506903556176145,0.2200142590050716,0.26927527724528744,1666
23,1,evaluate,1.4338359612005729,0.4982014388489209,0.35767540630392725,0.24990671244918516,0.2912067104104653,1668
23,2,evaluate,1.3608649218523945,0.5413669064748201,0.4155679383016018,0.2710178332554804,0.3246086480049637,1668
23,3,evaluate,1.423393757254989,0.5228091236494598,0.3377870770070164,0.2605780652748354,0.2896160691030568,1666
23,4,evaluate,1.3554862428594519,0.5168067226890757,0.3205545907310463,0.2601391790415379,0.2852298070524363,1666
23,5,evaluate,1.2556383344862196,0.5930372148859544,0.40167720618825015,0.2966613471756073,0.33786607480584774,1666
24,0,evaluate,1.4419199559423659,0.4549819927971189,0.3491017640006236,0.22737798497763695,0.27387356935275353,1666
24,1,evaluate,1.3793966284504644,0.5330132052821128,0.33557493006000827,0.2663245086021821,0.29256403886497273,1666
24,2,evaluate,1.3671452822508636,0.5090036014405762,0.32270293095675806,0.25574045948784085,0.2846819408877226,1666
24,3,evaluate,1.4522814794822976,0.4832134292565947,0.36014064053963263,0.24265478833548335,0.2879524333902234,1668
24,4,evaluate,1.267573837880735,0.578031212484994,0.4008682953879051,0.2890737490386324,0.33362783106005733,1666
24,5,evaluate,1.317802729430022,0.5587529976019184,0.41021971247422606,0.2796248248934954,0.33037210902065456,1668
25,0,evaluate,1.4535875541192513,0.47601918465227816,0.35666727128389286,0.2392478405771327,0.2841657100427614,1668
25,1,evaluate,1.4150383759427954,0.47478991596638653,0.35062980645808917,0.23767238324586554,0.2809423075197403,1666
25,2,evaluate,1.2827573484844632,0.5624249699879952,0.4021528122040309,0.2814812055124142,0.3281870550355457,1666
25,3,evaluate,1.3027803986160844,0.5731414868105515,0.41361276148182896,0.2868901218570722,0.3356473816374402,1668
25,4,evaluate,1.376084561701174,0.5264105642256903,0.3347418095027519,0.2629743915115241,0.2908967562933594,1666
25,5,evaluate,1.3498080041673448,0.514405762304922,0.32170293078010254,0.2590635140157619,0.2846658513191499,1666
26,0,evaluate,1.3939966846395422,0.5209832134292566,0.36359178673734827,0.2604828729528118,0.3009134626195641,1668
26,1,evaluate,1.3481795125537448,0.5449640287769785,0.41680353982867063,0.2728263691812679,0.32619808898318337,1668
26,2,evaluate,1.432428574120557,0.46278511404561823,0.35971717208743714,0.23123242092510207,0.2802241889222996,1666
26,3,evaluate,1.3906014760335286,0.4957983193277311,0.3264491189285257,0.24901233780583726,0.28127601226301036,1666
26,4,evaluate,1.327644701357241,0.5618247298919568,0.3420825142455985,0.2797833319468061,0.3029155063001194,1666
26,5,evaluate,1.2533551896059956,0.5852340936374549,0.4055250825563325,0.2925508520980319,0.3349510548179465,1666
27,0,evaluate,1.3620330338124875,0.5018007202881153,0.3510764456775744,0.2504000039700058,0.29072779107803565,1666
27,1,evaluate,1.4116409707952429,0.5059952038369304,0.3610570953484106,0.2543622616649497,0.2968588277818194,1668
27,2,evaluate,1.3712596584249426,0.5300120048019208,0.341556590953659,0.2647278830761876,0.29643987718090525,1666
27,3,evaluate,1.3040436506271362,0.5444177671068428,0.40984351736659497,0.2723453476155228,0.324999781633506,1666
27,4,evaluate,1.3179806294264618,0.5533573141486811,0.4131813499593533,0.27702106721677355,0.3294788590076134,1668
27,5,evaluate,1.3194716329927798,0.524609843937575,0.33108720417304066,0.26372183013483186,0.29129576310541444,1666
28,0,evaluate,1.3771742494017989,0.5324129651860744,0.33990929741703535,0.2656338981436801,0.29254721299084474,1666
28,1,evaluate,1.4390726928357724,0.4856115107913669,0.36412635045911784,0.24389464129568844,0.2879952434181253,1668
28,2,evaluate,1.196126209364997,0.6038415366146459,0.40287378638642446,0.30205596899171255,0.3432545720086414,1666
28,3,evaluate,1.297287106513977,0.531812725090036,0.32257091536860755,0.2672064244863205,0.29084239193675665,1666
28,4,evaluate,1.2701081346582483,0.5833333333333334,0.41005475911619216,0.29189650926534794,0.33946973044096407,1668
28,5,evaluate,1.4594027973987438,0.4459783913565426,0.36302650704133715,0.2233688079580943,0.27341211686028954,1666
29,0,evaluate,1.2923745005219072,0.5599520383693045,0.4149938092564015,0.2803084840989733,0.32985014813514163,1668
29,1,evaluate,1.4000734179108232,0.5047961630695443,0.364342284154876,0.2528165944312449,0.2980105897144143,1668
29,2,evaluate,1.3143251538276672,0.5372148859543817,0.40810036159475327,0.268852092001968,0.3188651877908912,1666
29,3,evaluate,1.3633317020204332,0.5108043217286915,0.33238984686145234,0.25701936906917255,0.28584791857571323,1666
29,4,evaluate,1.3418638419221949,0.5186074429771909,0.35920813772520827,0.25966855410987383,0.299415711113559,1666
29,5,evaluate,1.2918667528364394,0.5552220888355343,0.33847306339711647,0.27658391035464824,0.3013560445878371,1666
30,0,evaluate,1.2487553755442302,0.5785371702637889,0.4103810167285108,0.289476977536987,0.33768344304510695,1668
30,1,evaluate,1.215508308675554,0.5978391356542617,0.408197923474495,0.2992271682169185,0.34261899674547125,1666
30,2,evaluate,1.2855497510344893,0.5348139255702281,0.33148045936391357,0.2689252927719734,0.2962879781446025,1666
30,3,evaluate,1.4244683616691165,0.4657863145258103,0.3620043267824623,0.23288884820434985,0.28020908009664014,1666
30,4,evaluate,1.4355906468850594,0.48501199040767384,0.3660382147393722,0.24438314556335933,0.29012660598080586,1668
30,5,evaluate,1.3554332035559196,0.539015606242497,0.34225265233353447,0.2696021609188792,0.2954807868958635,1666
31,0,evaluate,1.3881203863355849,0.5071942446043165,0.3654960290254408,0.25396117871223445,0.29868321021968947,1668
31,1,evaluate,1.2749406099319458,0.5623501199040767,0.40854359870612933,0.2814570723935935,0.33134331745810774,1668
31,2,evaluate,1.360388809884036,0.5036014405762305,0.3667351494900955,0.25195132621382366,0.2965159634098581,1666
31,3,evaluate,1.298843957759716,0.5528211284513805,0.3410014612327297,0.27537514768254,0.3009335407787695,1666
31,4,evaluate,1.3175143003463745,0.5204081632653061,0.3329695902647113,0.26163695272506055,0.29208956161995986,1666
31,5,evaluate,1.2607343483854223,0.5654261704681873,0.40706266053586815,0.2828037283159275,0.3312978501261551,1666
32,0,evaluate,1.4114005521491721,0.4777911164465786,0.36160893330189015,0.23848746693124157,0.28484240203827477,1666
32,1,evaluate,1.2744468141485144,0.5665467625899281,0.4160600697411382,0.28351371723117536,0.335502818085765,1668
32,2,evaluate,1.3778128844720345,0.5294117647058824,0.35514731899306373,0.2638899046397002,0.2973135582231271,1666
32,3,evaluate,1.3915942245059543,0.5083932853717026,0.36437044809588415,0.2549985085088698,0.29734167900930275,1668
32,4,evaluate,1.2417334803828486,0.5486194477791116,0.3306069242125907,0.2754000337504019,0.3001976495101281,1666
32,5,evaluate,1.1998902404749836,0.5900360144057623,0.4091532675688974,0.295094495764306,0.3408104834117517,1666
33,0,evaluate,1.3661706580056086,0.503001200480192,0.33111187602841213,0.25329372278653334,0.2839334322870613,1666
33,1,evaluate,1.3835154506895277,0.5077937649880095,0.3654555344289857,0.25468003125083183,0.29911699357870236,1668
33,2,evaluate,1.313296796547042,0.531812725090036,0.3620351607727535,0.26668480992985566,0.3047455284922277,1666
33,3,evaluate,1.2912591210118047,0.5587529976019184,0.418495455240964,0.27963160859489866,0.33132233155304214,1668
33,4,evaluate,1.2722858587900798,0.5642256902761105,0.34228512222190693,0.28208094393603117,0.307679640671668,1666
33,5,evaluate,1.310879323217604,0.5372148859543817,0.40894504060489023,0.26879696873369674,0.3202209578851951,1666
34,0,evaluate,1.20546308932481,0.6019184652278178,0.413988211466067,0.30114930095967607,0.34715041231567617,1668
34,1,evaluate,1.4177796222545482,0.4880095923261391,0.37426078696243464,0.24439979427478006,0.29233198133803817,1668
34,2,evaluate,1.291933947139316,0.5240096038415366,0.3298845847095929,0.2631062653677103,0.2917826125669351,1666
34,3,evaluate,1.4333364831076727,0.460984393757503,0.3699146320608789,0.2309077789580798,0.2820435398314732,1666
34,4,evaluate,1.290849491401955,0.5600240096038416,0.35037227942368104,0.2792147761627577,0.30202427258442244,1666
34,5,evaluate,1.137592245031286,0.6272509003601441,0.4092376081239036,0.3135974424908106,0.3535170062104451,1666
35,0,evaluate,1.2958233179869476,0.5498199279711885,0.3477498913276965,0.2741527813136456,0.3051321645589734,1666
35,1,evaluate,1.268778434506169,0.565947242206235,0.42114250127577274,0.28324539976688984,0.3358616743079172,1668
35,2,evaluate,1.2508364606786657,0.5660264105642256,0.40756058473777523,0.28330309385159635,0.3310575103209675,1666
35,3,evaluate,1.2758844251985904,0.536014405762305,0.33335894320559456,0.2695308797201011,0.29674862916758593,1666
35,4,evaluate,1.3292699765276026,0.5228091236494598,0.3648307361804717,0.26166663547527486,0.30362811641933984,1666
35,5,evaluate,1.356321202384101,0.5209832134292566,0.3702451997961188,0.26070366810001866,0.3054458076781829,1668
36,0,evaluate,1.3261877960628934,0.5108043217286915,0.3304617636250008,0.25691822843766293,0.28729920163405104,1666
36,1,evaluate,1.2437415299592194,0.5738295318127251,0.3467487340899483,0.2866264539591322,0.3104109505237696,1666
36,2,evaluate,1.374435697440748,0.5006002400960384,0.3736856572690022,0.2512106905769388,0.2972422919809011,1666
36,3,evaluate,1.1974585762730352,0.5876350540216086,0.4074959112992268,0.29380777183656204,0.33810651523897295,1666
36,4,evaluate,1.3819046241265756,0.5035971223021583,0.37309144546484657,0.2517614806017999,0.2984709532354726,1668
36,5,evaluate,1.2322344691665084,0.579736211031175,0.4124412825942814,0.2901559463020805,0.33841462990544524,1668
37,0,evaluate,1.2901218732198079,0.5551558752997602,0.4205839950365938,0.2778396589037483,0.33176061338180796,1668
37,1,evaluate,1.2259965914267081,0.5696278511404562,0.41053266667695476,0.28500325513512087,0.33175483267033345,1666
37,2,evaluate,1.3087200544498585,0.5480192076830732,0.3496499121520042,0.27342295406999595,0.3040879347221338,1666
37,3,evaluate,1.2737367462228846,0.542016806722689,0.33627423804316836,0.2724694070866114,0.299084452214735,1666
37,4,evaluate,1.3513135976261563,0.5150060024009604,0.3597181603695013,0.2572528931170491,0.2983251898047485,1666
37,5,evaluate,1.3514667352040608,0.5251798561151079,0.36755791610621547,0.2634738500537563,0.30516750435227424,1668
38,0,evaluate,1.3364235780857228,0.5239808153477218,0.3733638575359979,0.2621653497417298,0.3056262466787535,1668
38,1,evaluate,1.3331006908858265,0.5102040816326531,0.3717644447798269,0.25540927225984433,0.30133045309457096,1666
38,2,evaluate,1.2687060126551875,0.5605515587529976,0.4244566390617465,0.2805312979094005,0.33455436133234695,1668
38,3,evaluate,1.2151816928828205,0.578031212484994,0.4104124279018454,0.2889776003359584,0.33419854749405553,1666
38,4,evaluate,1.3420809904734294,0.5018007202881153,0.3343958208479862,0.25228712619078564,0.28635051360112973,1666
38,5,evaluate,1.2173015806410048,0.5852340936374549,0.34472497768272414,0.29264504438620154,0.3141941039880397,1666
39,0,evaluate,1.2765550834161263,0.5300120048019208,0.3359981268990264,0.2660645179002417,0.295948821207263,1666
39,1,evaluate,1.3946576295075592,0.5041966426858513,0.37566475220253126,0.252159768829996,0.29967762065537895,1668
39,2,evaluate,1.3523547616269853,0.5090036014405762,0.3672417942509963,0.25461329294500235,0.2984992811881408,1666
39,3,evaluate,1.2150498937677454,0.5863309352517986,0.4164219043857476,0.2933688311603711,0.3428191671507115,1668
39,4,evaluate,1.275450313532794,0.5594237695078031,0.3486970941673463,0.27905636866629097,0.30612846411934613,1666
39,5,evaluate,1.2131079523651689,0.5726290516206483,0.4053464720873999,0.2862432445363038,0.3322924392812355,1666
40,0,evaluate,1.1981024874581232,0.591726618705036,0.414079410395941,0.296125335633654,0.34348489789990894,1668
40,1,evaluate,1.386297623316447,0.49940047961630696,0.3750257675316508,0.25017379049636523,0.2985764249769266,1668
40,2,evaluate,1.263201152836835,0.5672268907563025,0.35389836163208893,0.28310660320916736,0.3099925751761382,1666
40,3,evaluate,1.2608970094610144,0.5330132052821128,0.33489705181689966,0.2677542587053205,0.29662423954122147,1666
40,4,evaluate,1.1635681258307562,0.602641056422569,0.40926559092417286,0.30138076215730164,0.344581545212696,1666
40,5,evaluate,1.3644342207246356,0.49819927971188477,0.36987755205459016,0.24954261793559113,0.29592765397230647,1666
41,0,evaluate,1.3032008508841197,0.5264105642256903,0.3652816540131708,0.2639235984564091,0.3044229195225342,1666
41,1,evaluate,1.2200241022639804,0.5827338129496403,0.4184120821937477,0.291618433313322,0.3401872772762843,1668
41,2,evaluate,1.2967941540258903,0.5204081632653061,0.3350243215330403,0.2615167722831878,0.2925822592593662,1666
41,3,evaluate,1.3570551386585943,0.5137889688249401,0.37317889849733743,0.25690134308745505,0.30373401279715884,1668
41,4,evaluate,1.2188339873596474,0.5816326530612245,0.34731467551299006,0.290414659443048,0.31479873020939725,1666
41,5,evaluate,1.2310713154298287,0.563625450180072,0.4123601201695196,0.281937461401011,0.3316720010254926,1666
42,0,evaluate,1.2576993196098893,0.5264105642256903,0.3313299219100218,0.2644081609963973,0.2938656722960087,1666
42,1,evaluate,1.2067928557042722,0.5851318944844125,0.4162781589115359,0.2927483829178445,0.34203845212482364,1668
42,2,evaluate,1.2537658391175446,0.5660264105642256,0.3513332391710661,0.282200253766955,0.30750642892478797,1666
42,3,evaluate,1.362886901255007,0.511990407673861,0.3716557495120318,0.2562859768758168,0.3011951180573226,1668
42,4,evaluate,1.1400779264944572,0.60984393757503,0.4107748432841508,0.3049297649433097,0.34826887630811937,1666
42,5,evaluate,1.3858056355405737,0.48679471788715484,0.3696927470670198,0.24379450675151912,0.29174519108570013,1666
43,0,evaluate,1.2461919254726834,0.5702280912364946,0.34987565955972816,0.2846590351219027,0.31019570757227555,1666
43,1,evaluate,1.2225907952697188,0.5701438848920863,0.4171824162149595,0.28536896163420855,0.3359581809886193,1668
43,2,evaluate,1.278414253835325,0.5306122448979592,0.33831648391388786,0.26673033493188625,0.29694892004123463,1666
43,3,evaluate,1.347625998435197,0.5066026410564226,0.3617359693671057,0.25322258917365525,0.29637506269172953,1666
43,4,evaluate,1.3536377968611542,0.5155875299760192,0.3735631928246471,0.2582266306794624,0.30376181119374407,1668
43,5,evaluate,1.1889191777617842,0.5822328931572629,0.40728618355744206,0.2911673582949082,0.3357881802432669,1666
44,0,evaluate,1.354930598978643,0.5012004801920769,0.3677078000022795,0.250716346440009,0.29723807593292445,1666
44,1,evaluate,1.2445734606848822,0.5587529976019184,0.4205828613831663,0.2795814471860423,0.3342406509647541,1668
44,2,evaluate,1.3265971916693229,0.5383693045563549,0.3708818046758934,0.2701783873194393,0.3107541994093132,1668
44,3,evaluate,1.2425998515552945,0.5384153661464586,0.33760103180105683,0.2705487452117884,0.29975057079228773,1666
44,4,evaluate,1.2660166422526042,0.5666266506602641,0.35263154091067866,0.2831217356027646,0.31086898144537384,1666
44,5,evaluate,1.1658357955791332,0.6086434573829532,0.41584101273576995,0.30442357257340846,0.34920465839915826,1666
45,0,evaluate,1.2215666020358051,0.581032412965186,0.35280925610394637,0.28976934777063756,0.31625615489794107,1666
45,1,evaluate,1.3375174027902108,0.5371702637889688,0.3769951489512028,0.26802911213454605,0.3124635168585873,1668
45,2,evaluate,1.2248799204826355,0.5665467625899281,0.41943217430619895,0.2836574530404538,0.3330969326966846,1668
45,3,evaluate,1.2891839919266876,0.5270108043217286,0.339886476118683,0.2650110817606913,0.2949312196286876,1666
45,4,evaluate,1.2344176614726032,0.5582232893157263,0.4107310672076997,0.2791826337810745,0.32701396760817253,1666
45,5,evaluate,1.2954838728463207,0.5342136854741897,0.365987910049201,0.2674713990757515,0.30766773205680054,1666
46,0,evaluate,1.3324678959669891,0.5293764988009593,0.37137224767521915,0.26512835686136244,0.30821493564458524,1668
46,1,evaluate,1.2157807813750372,0.5798319327731093,0.3526525767969738,0.28997986025728983,0.3165845839859253,1666
46,2,evaluate,1.2861161320297807,0.517406962785114,0.3390698156351596,0.260152954481733,0.29260142960809904,1666
46,3,evaluate,1.2817855046855078,0.5312124849939976,0.3643893129559423,0.2658531159117227,0.3060643162727396,1666
46,4,evaluate,1.232475631766849,0.5617505995203836,0.4219553009955671,0.28113977871850854,0.33422545467818476,1668
46,5,evaluate,1.2320029470655653,0.5624249699879952,0.4126596527718586,0.28122739670233643,0.3310153265711846,1666
47,0,evaluate,1.2028178947943229,0.575030012004802,0.4150079474026252,0.2876984073494449,0.33584492320191,1666
47,1,evaluate,1.2463969632431313,0.531812725090036,0.3399655490110667,0.26749827486328936,0.29753469146254696,1666
47,2,evaluate,1.3082573855364765,0.5383693045563549,0.37105049897565046,0.2700048403314214,0.3115940653266551,1668
47,3,evaluate,1.235896646976471,0.5533573141486811,0.4185876477810126,0.2769725769216693,0.3295271538025946,1668
47,4,evaluate,1.243722211431574,0.5726290516206483,0.353310642293163,0.28607007683782326,0.31432088490905336,1666
47,5,evaluate,1.2935397669121071,0.5294117647058824,0.369781654535069,0.26478689611008654,0.3078903926600866,1666
48,0,evaluate,1.288603248419585,0.5168067226890757,0.3408490323613795,0.26028069102590984,0.2921374344321528,1666
48,1,evaluate,1.2709271687048453,0.5473621103117506,0.4247825066683032,0.2739842830378163,0.3273289669027226,1668
48,2,evaluate,1.243156029118432,0.5666266506602641,0.4142933547393314,0.2835803238117821,0.33148370115910686,1666
48,3,evaluate,1.2779606889795374,0.5593525179856115,0.3775625913681158,0.28010412226440495,0.32087230529833516,1668
48,4,evaluate,1.2751881331205368,0.5444177671068428,0.36839601418114176,0.27271129784310666,0.31237262189063575,1666
48,5,evaluate,1.2084755809218795,0.5822328931572629,0.35258132133701003,0.29022123066239075,0.31691433008879943,1666
49,0,evaluate,1.242168993861587,0.5696278511404562,0.35153657781159786,0.28453069645611617,0.3091922628840659,1666
49,1,evaluate,1.372862313080717,0.4951980792316927,0.3740562642081688,0.24805054816495842,0.2958684010093816,1666
49,2,evaluate,1.2359088173619024,0.5396158463385354,0.33534614304039634,0.2712455434057405,0.29889291471996343,1666
49,3,evaluate,1.179368844738713,0.5935251798561151,0.4168345397447516,0.29692159103502347,0.3453706023573206,1668
49,4,evaluate,1.1229004418408428,0.6188475390156063,0.41105544090339696,0.30951336980096233,0.3508397888378753,1666
49,5,evaluate,1.3559625590289082,0.5179856115107914,0.37432848722208156,0.25962728992665224,0.30459121137744694,1668
50,0,evaluate,1.3132508606822402,0.521608643457383,0.36839396890306075,0.2611140053488116,0.3045805633610736,1666
50,1,evaluate,1.3216263364862513,0.5305755395683454,0.37802480677371314,0.2651977642301263,0.3104781022753292,1668
50,2,evaluate,1.1959010539231476,0.5774309723889556,0.4118072034765379,0.2886939711154083,0.33324239852720655,1666
50,3,evaluate,1.3190456761254206,0.5066026410564226,0.3414045513369185,0.2548573142624889,0.2895984614903918,1666
50,4,evaluate,1.1736260895375852,0.595438175270108,0.3497470480508536,0.29699427916052185,0.31677858287768057,1666
50,5,evaluate,1.2222869948104575,0.5713429256594724,0.42060287338387925,0.28603332819784927,0.3350578353053534,1668
51,0,evaluate,1.1426298794923004,0.6056422569027611,0.4131133483485918,0.3028731383116564,0.3462230379160408,1666
51,1,evaluate,1.21742178996404,0.5900360144057623,0.3571641712975984,0.2952441050296151,0.31787439176032806,1666
51,2,evaluate,1.347997604696839,0.503001200480192,0.3712631009351535,0.25188920588650154,0.2976837595290128,1666
51,3,evaluate,1.265404807196723,0.5186074429771909,0.3362637527403313,0.26078557005971886,0.29301234451684033,1666
51,4,evaluate,1.3389776636053015,0.5215827338129496,0.373045941441966,0.26178746238532913,0.3044292093490777,1668
51,5,evaluate,1.2017636100451152,0.580335731414868,0.4194783229612951,0.2904109156027781,0.3406720380280778,1668
52,0,evaluate,1.1934603894198383,0.5882352941176471,0.3559357077073988,0.2933845468815107,0.31918813358297005,1666
52,1,evaluate,1.2674563527107239,0.5312124849939976,0.34711994960013753,0.2670161840219106,0.30032103421842316,1666
52,2,evaluate,1.2631400183395103,0.5545563549160671,0.42945748391192706,0.277542644573057,0.33457391591753544,1668
52,3,evaluate,1.2570993856147483,0.5605515587529976,0.3725377283875363,0.2803923533269197,0.3188855402923635,1668
52,4,evaluate,1.300499626883754,0.5210084033613446,0.3723412072901215,0.26064080590398564,0.3061970866860757,1666
52,5,evaluate,1.1752812729941473,0.5900360144057623,0.41503212384957877,0.2950446567723054,0.34068853823667034,1666
53,0,evaluate,1.2051813845281247,0.579736211031175,0.4243805440983156,0.2901292084454445,0.3431124646999784,1668
53,1,evaluate,1.2296048800150554,0.542016806722689,0.34083462928279395,0.2723533822847718,0.30199773553491627,1666
53,2,evaluate,1.2117991535751909,0.5888355342136855,0.36035411933218214,0.29380114024811776,0.3208309405898661,1666
53,3,evaluate,1.1551757587326899,0.5996398559423769,0.41361926379763114,0.299835490684268,0.3449200587616824,1666
53,4,evaluate,1.3119686554979395,0.5204081632653061,0.3703604089431131,0.2603400732140495,0.3045006259932787,1666
53,5,evaluate,1.2997230335518166,0.5359712230215827,0.3732294207679619,0.2678710167003192,0.3106370921189218,1668
54,0,evaluate,1.2606236802207098,0.5557553956834532,0.3730505449294907,0.2779316148685361,0.31797341729833967,1668
54,1,evaluate,1.208945099954252,0.5738295318127251,0.4173474040599814,0.28702854534292627,0.3359649781277095,1666
54,2,evaluate,1.2627505775954988,0.5438175270108043,0.36948808604583433,0.2722326698005034,0.31269215152826035,1666
54,3,evaluate,1.1863894374282271,0.5894357743097239,0.35757954495375877,0.294090889972682,0.3215695553133936,1666
54,4,evaluate,1.254440016216702,0.5324129651860744,0.3442642943915727,0.2677105460939062,0.2988356265852218,1666
54,5,evaluate,1.2413233893888969,0.5443645083932853,0.42148891803835387,0.2724806992388042,0.3277242457712927,1668
55,0,evaluate,1.3386957076964554,0.503001200480192,0.37398938272368343,0.2521712600931144,0.29959602941175417,1666
55,1,evaluate,1.2954384309274178,0.5359712230215827,0.37143999819634654,0.26863771179000484,0.30947561736964796,1668
55,2,evaluate,1.2122395502196417,0.564748201438849,0.4212540315639832,0.2825325082299951,0.33715012264169053,1668
55,3,evaluate,1.2122496454804033,0.5744297719087635,0.35234617610002233,0.28727459369956154,0.31342469718088456,1666
55,4,evaluate,1.2442924115392897,0.536014405762305,0.3388642841870658,0.2694678209155983,0.2990594273949035,1666
55,5,evaluate,1.1315552592277527,0.6104441776710684,0.4143533960880662,0.3052742890321438,0.34940962179325075,1666
56,0,evaluate,1.2240839468108282,0.5498199279711885,0.3442695754079912,0.276097103119445,0.3060619819952156,1666
56,1,evaluate,1.1715444966598794,0.5936374549819928,0.4165566096850073,0.29689426075345066,0.34509509242702696,1666
56,2,evaluate,1.2978656750034403,0.5204081632653061,0.36999678605429104,0.26062091223435624,0.3046689540775135,1666
56,3,evaluate,1.1802061155990318,0.5881294964028777,0.4213857541505253,0.29421852630902257,0.34558760802831856,1668
56,4,evaluate,1.2196556947849415,0.5762304921968787,0.35676976306148084,0.2880632045293364,0.3163510059600925,1666
56,5,evaluate,1.3198335965474446,0.5275779376498801,0.37266355204359375,0.2644582152501756,0.30826238496683234,1668
57,0,evaluate,1.2481053802702162,0.5408163265306123,0.34701514339988176,0.2715430059604847,0.3037417000813639,1666
57,1,evaluate,1.2156874515392162,0.5719424460431655,0.4218764354777573,0.28621056939124867,0.3394313900504988,1668
57,2,evaluate,1.1785737894199513,0.5834333733493398,0.4126375951417794,0.29165928748737,0.3390365201629186,1666
57,3,evaluate,1.191277265548706,0.5900360144057623,0.3562642104663551,0.29407584872546266,0.3200757427768163,1666
57,4,evaluate,1.2844539439236675,0.5467625899280576,0.37412983530630595,0.27283324263222886,0.314467367106875,1668
57,5,evaluate,1.2797467636841315,0.536014405762305,0.3730511879944005,0.26821708704386843,0.3108753499891733,1666
58,0,evaluate,1.2597385159245245,0.5324129651860744,0.34549980226534205,0.2674392859834104,0.3006040632750876,1666
58,1,evaluate,1.2873516077244724,0.531812725090036,0.3739682017017999,0.2662174086245621,0.31030808574717067,1666
58,2,evaluate,1.2214460946895458,0.5695443645083933,0.42687949796058683,0.28502084556113283,0.33919258666751534,1668
58,3,evaluate,1.17325285187474,0.5948379351740696,0.355828735009367,0.29642621831217697,0.32102844358578186,1666
58,4,evaluate,1.166787463205832,0.5852340936374549,0.41028556653465004,0.29256420808625233,0.3376871400588593,1666
58,5,evaluate,1.2768625462496723,0.5473621103117506,0.37318301459313374,0.273379520881723,0.31454217393374245,1668
59,0,evaluate,1.2599285112486944,0.552757793764988,0.3727301179684903,0.2765610194108017,0.3169492633001697,1668
59,1,evaluate,1.1847145402873005,0.581032412965186,0.41611952903122906,0.2905937446342111,0.33921829125137626,1666
59,2,evaluate,1.2162587245305378,0.5504201680672269,0.34457469418839104,0.27651906323287345,0.30586979662202446,1666
59,3,evaluate,1.2222403000902247,0.5683453237410072,0.42818265660002386,0.2844106166986272,0.3402635838970075,1668
59,4,evaluate,1.2030955177766305,0.5882352941176471,0.36040292563927495,0.29342308782882726,0.32235627651491067,1666
59,5,evaluate,1.2643891043133206,0.5438175270108043,0.3703422146082464,0.2721331375315966,0.3131431708824028,1666
60,0,evaluate,1.2211001095948395,0.5798319327731093,0.3624144956324562,0.2893514166290294,0.32090362534773165,1666
60,1,evaluate,1.3061887908864904,0.5209832134292566,0.37126058642647786,0.2602775978513314,0.3057615987760254,1668
60,2,evaluate,1.2477801867105343,0.5468187274909964,0.3718548777137347,0.2737865181416318,0.31424202435294407,1666
60,3,evaluate,1.1962815434844405,0.5774309723889556,0.4172765001521313,0.28872220262480675,0.3395280921693881,1666
60,4,evaluate,1.191760085247181,0.5540216086434574,0.3387552231053284,0.2781792650010899,0.30439646491662053,1666
60,5,evaluate,1.1781643518695124,0.5863309352517986,0.42251519320310615,0.2934350075219817,0.3450519058753206,1668
61,0,evaluate,1.179623539800997,0.6014405762304922,0.3602825511763933,0.29979162466569037,0.3254528793050967,1666
61,1,evaluate,1.248828578878332,0.5641486810551559,0.37368378078285924,0.28169201307489766,0.32034309231733726,1668
61,2,evaluate,1.2440320783191257,0.5372148859543817,0.34285731073500864,0.26989522652774733,0.3010835828418482,1666
61,3,evaluate,1.1710619440785162,0.5900360144057623,0.4172700188227646,0.2950336479068022,0.3424878694892331,1666
61,4,evaluate,1.2383805999049433,0.565347721822542,0.4264464174568047,0.2828666611645684,0.33827705109190853,1668
61,5,evaluate,1.2735423804433257,0.5384153661464586,0.37407112150355437,0.26953906301591335,0.3125116743633029,1666
62,0,evaluate,1.1842324512976188,0.5821342925659473,0.42216677167894384,0.2912982988564261,0.34338016878683036,1668
62,1,evaluate,1.1537291959480003,0.5936374549819928,0.4159640450345917,0.2967950889555006,0.3443135437572892,1666
62,2,evaluate,1.2916124220247622,0.5389688249400479,0.3694912924605176,0.26932698081674233,0.3104847292457512,1668
62,3,evaluate,1.217294419253314,0.553421368547419,0.3457028906356875,0.2779395816941935,0.30743060933765165,1666
62,4,evaluate,1.1907699483412284,0.5918367346938775,0.36050768485427603,0.295235902086029,0.3228550096638626,1666
62,5,evaluate,1.2793204100043685,0.5342136854741897,0.3693396710003899,0.2675514520780965,0.3091780817673401,1666
63,0,evaluate,1.2826951918778595,0.5240096038415366,0.34539118073082414,0.2633716791060249,0.2977170365181596,1666
63,1,evaluate,1.131923951484539,0.6152460984393757,0.3605403497682953,0.30687490157221237,0.3306161864452697,1666
63,2,evaluate,1.2507476674185858,0.5462184873949579,0.3735006650212242,0.2737164823354123,0.31528572038180125,1666
63,3,evaluate,1.2468006169354473,0.5593525179856115,0.371208858157109,0.2793196811410888,0.3180833047686083,1668
63,4,evaluate,1.1918826522650543,0.578031212484994,0.4178445710361934,0.28906173109610356,0.338042586699116,1666
63,5,evaluate,1.2340631816122267,0.5587529976019184,0.4252596871011069,0.27957219942864575,0.33399797082482285,1668
64,0,evaluate,1.1882900772271332,0.5648259303721489,0.4159983080938601,0.28236597010938375,0.33302713980615445,1666
64,1,evaluate,1.2507669026101078,0.5474189675870348,0.3725354259644185,0.2739173277439346,0.3149036982387905,1666
64,2,evaluate,1.171314082763813,0.5984393757503002,0.3599229938382553,0.2988290351955819,0.32456991035873156,1666
64,3,evaluate,1.19124506800263,0.5761390887290168,0.42394180687544936,0.28825301971829836,0.3406800823718809,1668
64,4,evaluate,1.2846397470544886,0.5419664268585132,0.3717606006336792,0.2711929758251335,0.3129123637832191,1668
64,5,evaluate,1.235741847091251,0.5408163265306123,0.3457890530898401,0.2715913266676016,0.30308310464291505,1666
65,0,evaluate,1.2336906459596422,0.5450180072028812,0.3488280843374187,0.2737832120378008,0.3061581005572628,1666
65,1,evaluate,1.169684679419906,0.595438175270108,0.35928713208706714,0.2974879061387906,0.3227385970705615,1666
65,2,evaluate,1.2895759457239397,0.5270108043217286,0.3723605099212108,0.26364782835896916,0.3078758855157851,1666
65,3,evaluate,1.1482642381279557,0.5876350540216086,0.41755626712941785,0.2937984083522646,0.3416878107725555,1666
65,4,evaluate,1.2921097101988617,0.5383693045563549,0.3729141380302819,0.26950409302185147,0.3119521149382728,1668
65,5,evaluate,1.1754444749267012,0.579736211031175,0.4231541430466855,0.2900659579851095,0.34174378649198667,1668
66,0,evaluate,1.2818383640713162,0.5300120048019208,0.37302125525047536,0.2651249972508124,0.3090259771705974,1666
66,1,evaluate,1.1994031689785145,0.5558223289315727,0.34755555248794684,0.2791522751735687,0.30914687042819844,1666
66,2,evaluate,1.1506011331522907,0.595438175270108,0.4172273356279693,0.2976558262972093,0.345135763371328,1666
66,3,evaluate,1.1910682717959087,0.5852340936374549,0.35974999809150554,0.29214772661702837,0.32037201034674717,1666
66,4,evaluate,1.28436608226211,0.5461630695443646,0.37392915207791055,0.27332843280373925,0.31493743255102186,1668
66,5,evaluate,1.1800672389842846,0.5809352517985612,0.4240602857472043,0.29068952884312593,0.34326203195091987,1668
67,0,evaluate,1.1572257390728704,0.5960384153661464,0.3601606376965316,0.29764473135246805,0.3242185084618841,1666
67,1,evaluate,1.2431707161444205,0.542016806722689,0.34820454137260287,0.27222370423881515,0.30519010949290043,1666
67,2,evaluate,1.2066737788694877,0.5719424460431655,0.4244312674588163,0.2861931117889641,0.34012989034426305,1668
67,3,evaluate,1.2847469769142292,0.5228091236494598,0.37477252406578904,0.26179628608689576,0.30783261695002817,1666
67,4,evaluate,1.145865727353979,0.6092436974789915,0.41586539623933305,0.30450798069454554,0.34863827994141117,1666
67,5,evaluate,1.2595317032602098,0.5557553956834532,0.37362985618248673,0.2777219957169227,0.317365941497794,1668
68,0,evaluate,1.1800717027099044,0.5948379351740696,0.364939415324656,0.2971144186231967,0.32586865703985507,1666
68,1,evaluate,1.2615988342850297,0.5473621103117506,0.370034896150243,0.2738279788188066,0.31403242437671824,1668
68,2,evaluate,1.2710567221597389,0.539015606242497,0.3763892293432701,0.2695965022812277,0.31351554305996515,1666
68,3,evaluate,1.2033803816194888,0.5719424460431655,0.4267422608242847,0.28618537458823823,0.33958136813306444,1668
68,4,evaluate,1.2244498994615343,0.539015606242497,0.34589058608691914,0.27082876181730686,0.30269663859323437,1666
68,5,evaluate,1.1705320080121357,0.5948379351740696,0.4192326795684317,0.2973920692159025,0.34452369138044164,1666
69,0,evaluate,1.2067605521943834,0.5809352517985612,0.42896772703539865,0.29062214107523066,0.3442258633826204,1668
69,1,evaluate,1.2565261975482658,0.5456182472989196,0.37373700957200645,0.2732308369832153,0.3146246155775022,1666
69,2,evaluate,1.2649550393775657,0.5479616306954437,0.37014316718614976,0.273821746019313,0.31417751265567917,1668
69,3,evaluate,1.1830107768376668,0.5858343337334934,0.4196842591614967,0.29280802061496225,0.342312452302123,1666
69,4,evaluate,1.156132905571549,0.5972388955582233,0.3601409742573927,0.2981504881611935,0.32481853485445483,1666
69,5,evaluate,1.2461981000723663,0.5348139255702281,0.34543747779782497,0.2686276448776449,0.3015962164950299,1666
70,0,evaluate,1.176702371350041,0.5887290167865707,0.42881033509559396,0.29448355108698615,0.3476950283681388,1668
70,1,evaluate,1.273135862968586,0.5336134453781513,0.3737716831369241,0.2673297347809615,0.31073954416940636,1666
70,2,evaluate,1.1550860338740878,0.5996398559423769,0.41961825632996064,0.29974159459671323,0.34784966697204645,1666
70,3,evaluate,1.2868200452239424,0.5383693045563549,0.3705954732232602,0.2692776432031348,0.31122153353338433,1668
70,4,evaluate,1.220011121696896,0.5462184873949579,0.348631049438335,0.27437911095217293,0.3066159269010317,1666
70,5,evaluate,1.169666502210829,0.5996398559423769,0.3634556969764954,0.2995283561084054,0.3267234746259771,1666
71,0,evaluate,1.166057405648408,0.6032412965186075,0.36412551508332003,0.3012353474486379,0.32839574118631193,1666
71,1,evaluate,1.2885783521665468,0.5276110444177671,0.3743966723310463,0.26452707284306853,0.3091046510405394,1666
71,2,evaluate,1.1274366400859974,0.6104441776710684,0.4178071101819537,0.3051978885770875,0.351105988599918,1666
71,3,evaluate,1.2228925426801045,0.5468187274909964,0.3508778205554401,0.2745904440448406,0.30767103663423756,1666
71,4,evaluate,1.2727947853229664,0.5467625899280576,0.3725965994045167,0.2734754314267901,0.31462328281348967,1668
71,5,evaluate,1.1936778669004087,0.5881294964028777,0.4297379517917109,0.29418124643583965,0.3480764832272568,1668
72,0,evaluate,1.2311683253005699,0.5611510791366906,0.4269669360518441,0.2807885071385021,0.3357806100975297,1668
72,1,evaluate,1.197673499584198,0.5834333733493398,0.3624161717444788,0.2912064100139417,0.32164480193389533,1666
72,2,evaluate,1.176516435764454,0.5816326530612245,0.41940301090077836,0.2908750691841274,0.34015294488695513,1666
72,3,evaluate,1.2423585101410195,0.564748201438849,0.37244172768533745,0.28278114853015046,0.32076445464114406,1668
72,4,evaluate,1.1989708211686876,0.5510204081632653,0.3470074743903836,0.276796334736087,0.3066250514318812,1666
72,5,evaluate,1.2576224903265636,0.5438175270108043,0.37237914981423353,0.27178283962683525,0.3138109622007833,1666
73,0,evaluate,1.1790903652155842,0.5978391356542617,0.3656535817546165,0.2987332856448037,0.3275795686987416,1666
73,1,evaluate,1.1667907238006592,0.5930372148859544,0.42140275689435136,0.2965444264342543,0.3464128475942401,1666
73,2,evaluate,1.1976677422170285,0.5528211284513805,0.34809839736730647,0.2777354948496983,0.3083628588613832,1666
73,3,evaluate,1.2557855433336012,0.5402160864345739,0.3726516821390245,0.2704334392691359,0.31253754382954535,1666
73,4,evaluate,1.2754537352809199,0.5443645083932853,0.36989066288406497,0.2723611776134276,0.3132474795324946,1668
73,5,evaluate,1.1827756652125605,0.5857314148681055,0.42655124584351506,0.2930705568731722,0.34602658712958406,1668
74,0,evaluate,1.1688524506710194,0.5906362545018007,0.4175978387099758,0.2953881229207784,0.3430247620517544,1666
74,1,evaluate,1.1393911043802898,0.6146458583433373,0.3660150000103036,0.3066240055343107,0.33255391849958355,1666
74,2,evaluate,1.2709515227211847,0.5491606714628298,0.3753539626008123,0.2737040252465959,0.3157630373053163,1668
74,3,evaluate,1.2492833446573328,0.5432172869147659,0.34900365469697825,0.27297250522163596,0.30523553075863463,1666
74,4,evaluate,1.257727802351669,0.5510204081632653,0.3790835040145614,0.27648121799545283,0.31810966828881815,1666
74,5,evaluate,1.1777136171305622,0.5857314148681055,0.42547047363165297,0.29305423913832235,0.3441340204970233,1668
75,0,evaluate,1.1840745519708704,0.5869304556354916,0.4292068023625425,0.2936934401383495,0.3454212294649347,1668
75,1,evaluate,1.146540657237724,0.6080432172869148,0.36496980161404446,0.30344005274888497,0.32963821343031424,1666
75,2,evaluate,1.2599969721502728,0.5456182472989196,0.3751676704213694,0.2732586430866372,0.3153222905186487,1666
75,3,evaluate,1.262213702555056,0.5497601918465228,0.3726861356383855,0.27464002157493966,0.31556410624969194,1668
75,4,evaluate,1.158507733433335,0.5870348139255702,0.4160097019381995,0.29353613030845443,0.34113832249814025,1666
75,5,evaluate,1.2406410442458258,0.5426170468187275,0.348692609913026,0.2727102922476089,0.30490602227638086,1666
76,0,evaluate,1.2562301732875683,0.5455635491606715,0.3708020731742446,0.2726586456958679,0.3135078978194018,1668
76,1,evaluate,1.1667153415856537,0.5840336134453782,0.417099620059391,0.292040520372279,0.3414264297045596,1666
76,2,evaluate,1.1478338285728737,0.6062424969987995,0.36595381532597776,0.30312132700794026,0.3306711666591349,1666
76,3,evaluate,1.2335790748949405,0.5456182472989196,0.34918641371798775,0.2742870591251382,0.30633771459449355,1666
76,4,evaluate,1.2482893191002034,0.5426170468187275,0.37350894648783217,0.27209553436976996,0.3136110151758952,1666
76,5,evaluate,1.1907891719429582,0.580335731414868,0.4294131763759347,0.29031422010380653,0.3443150322263732,1668
77,0,evaluate,1.2902890421726085,0.5222088835534213,0.3756506091004391,0.26132954386831464,0.3077553518967605,1666
77,1,evaluate,1.2400607378394515,0.552158273381295,0.36830003798888467,0.27631697195208765,0.31449079324622425,1668
77,2,evaluate,1.2034587418591534,0.5743405275779376,0.4297670077979512,0.28727653151935384,0.3423122790576512,1668
77,3,evaluate,1.1254597438706293,0.6146458583433373,0.41644678432690957,0.3073272421458674,0.351140551593918,1666
77,4,evaluate,1.228655386854101,0.5414165666266506,0.3452530344709114,0.2720376915620418,0.30356417079893566,1666
77,5,evaluate,1.1635189210927044,0.5996398559423769,0.3645898225173483,0.2993936833201306,0.3264918294140035,1666
78,0,evaluate,1.259287573673107,0.5479616306954437,0.37368486362267445,0.27376819948785924,0.3148589639447493,1668
78,1,evaluate,1.2078941331969366,0.5498199279711885,0.3489464236791341,0.276194919383104,0.30776764750630026,1666
78,2,evaluate,1.166063904762268,0.5978391356542617,0.36522499690732524,0.2983224036555999,0.3260180930519939,1666
78,3,evaluate,1.2814122410836044,0.5204081632653061,0.3734616542059972,0.26062294828132143,0.3059959328404777,1666
78,4,evaluate,1.1277712892602991,0.6062424969987995,0.4165398143950004,0.30308477468985234,0.34844487069650554,1666
78,5,evaluate,1.180416418446435,0.5821342925659473,0.4249560752851206,0.2912482843210093,0.34375417148497056,1668
79,0,evaluate,1.1545362671216328,0.6086434573829532,0.36945973654024,0.303658105197333,0.3316213671206555,1666
79,1,evaluate,1.274829672442542,0.5342136854741897,0.37367978851423733,0.26748938946674755,0.3110218455691635,1666
79,2,evaluate,1.2264815789681893,0.5444177671068428,0.34772883455577486,0.27344111784473524,0.3053227632855066,1666
79,3,evaluate,1.2329386715535764,0.5599520383693045,0.3728906829108295,0.2800493114679038,0.31889263053883016,1668
79,4,evaluate,1.209368277479101,0.5731414868105515,0.42910467651387607,0.28665407365900136,0.3412670880781029,1668
79,5,evaluate,1.1381316074618586,0.5978391356542617,0.41677898185638124,0.29897690760309564,0.34580439051688827,1666
80,0,evaluate,1.1900587987016749,0.5851318944844125,0.43110987700896786,0.2927268667912902,0.34636455515751907,1668
80,1,evaluate,1.1727535084441856,0.6008403361344538,0.3693130556200203,0.3000315993228947,0.3298521299669271,1666
80,2,evaluate,1.1990828028431646,0.5594237695078031,0.3491491881481955,0.2809821146349263,0.3102820524387974,1666
80,3,evaluate,1.1631715937897011,0.5846338535414166,0.41661498977921185,0.292350919601058,0.3414278606982907,1666
80,4,evaluate,1.2513007482996694,0.5414165666266506,0.3720987445843488,0.2710209011507036,0.3129540332378981,1666
80,5,evaluate,1.2492057614856296,0.5473621103117506,0.36810058350761177,0.2737325475504787,0.3135584387809899,1668
81,0,evaluate,1.153212324336723,0.6062424969987995,0.36873319992774756,0.30273733493661675,0.33162263571862594,1666
81,1,evaluate,1.2588596123236198,0.5383693045563549,0.3661867186318056,0.26884971101135596,0.30948649684948576,1668
81,2,evaluate,1.2113822897275288,0.5570228091236494,0.35280141737165516,0.2796928855121335,0.3115285403235232,1666
81,3,evaluate,1.2428993155007009,0.5462184873949579,0.3728853764724568,0.27353951459834436,0.3149357989224812,1666
81,4,evaluate,1.1652306384510465,0.5834333733493398,0.41879396971513916,0.29159757482725024,0.34224333513012384,1666
81,5,evaluate,1.1791947417789035,0.5935251798561151,0.42960650925791316,0.29696947833619464,0.35010587056080633,1668
82,0,evaluate,1.2497014889010676,0.5563549160671463,0.3721122748121231,0.27795654906907935,0.31747158230433675,1668
82,1,evaluate,1.2057378270007946,0.5552220888355343,0.34962386867202105,0.27897972660653697,0.30958348407405667,1666
82,2,evaluate,1.1798054001949452,0.5857314148681055,0.42682797709545406,0.2930231861586291,0.3452972728790922,1668
82,3,evaluate,1.1282036459004436,0.5996398559423769,0.41583742940943197,0.29983645870106257,0.3463927310250516,1666
82,4,evaluate,1.2803619807517086,0.5378151260504201,0.3738815432988036,0.26936664117521747,0.3123788608243273,1666
82,5,evaluate,1.1626011265648737,0.6050420168067226,0.3676980008338687,0.3021003532849621,0.3303101989827013,1666
83,0,evaluate,1.2247512473000421,0.5695443645083933,0.3770160912639148,0.2844023119756092,0.3235356979480556,1668
83,1,evaluate,1.2386555897968787,0.5504201680672269,0.37116049064821677,0.27552586445294264,0.31558466533244506,1666
83,2,evaluate,1.2547846591031109,0.5426170468187275,0.35248094366273663,0.2726693328819952,0.3055360533127458,1666
83,3,evaluate,1.2178449696964688,0.564748201438849,0.42593222115554685,0.28257270062989337,0.33567536173235374,1668
83,4,evaluate,1.1253796661341633,0.6188475390156063,0.3692867086082786,0.30857700270964256,0.33506491870761534,1666
83,5,evaluate,1.188996955200478,0.5714285714285714,0.414325579777465,0.28574287125076064,0.33402447067355057,1666
84,0,evaluate,1.2106388652766193,0.5522208883553421,0.34917903587262045,0.27744237096049584,0.3087016263025153,1666
84,1,evaluate,1.2959024533629417,0.5228091236494598,0.3715980257730265,0.2622567599991198,0.30587308828689147,1666
84,2,evaluate,1.2810167317037229,0.5461630695443646,0.379566635743105,0.2732226931154551,0.3166894827751732,1668
84,3,evaluate,1.1209591494666205,0.6050420168067226,0.4155164127286917,0.3025079391086768,0.34830450133840063,1666
84,4,evaluate,1.1505675183402166,0.5989208633093526,0.4257381348122145,0.2995429468133379,0.3500941778088195,1668
84,5,evaluate,1.1613963467103463,0.6050420168067226,0.3651557857321676,0.30215811518750335,0.32875830048115595,1666
85,0,evaluate,1.2473897183382954,0.5569544364508393,0.3729282603746634,0.27797906845348896,0.3177182570308518,1668
85,1,evaluate,1.203881369696723,0.5743405275779376,0.42689363063853614,0.2873943315877271,0.34095808391808957,1668
85,2,evaluate,1.1958481669425964,0.5720288115246098,0.41407500822492616,0.28590965372030236,0.3349667840672273,1666
85,3,evaluate,1.1304336035693134,0.6080432172869148,0.3621484455767763,0.3036980676101259,0.32929325512975777,1666
85,4,evaluate,1.2233165452877681,0.5570228091236494,0.3712076060033821,0.2786223379277434,0.3176534441140798,1666
85,5,evaluate,1.2470901476012335,0.5486194477791116,0.35431372255731597,0.2755898701678453,0.3085163024263436,1666
86,0,evaluate,1.2617195999180828,0.5402160864345739,0.3729617504416969,0.2702011894040076,0.31280327228783894,1666
86,1,evaluate,1.2267633499922577,0.565347721822542,0.3732540947841261,0.282674974153277,0.3207724815530701,1668
86,2,evaluate,1.1618259284231398,0.602641056422569,0.36629714839908073,0.3008455254966934,0.3287270458141515,1666
86,3,evaluate,1.1433067719141643,0.5930372148859544,0.4174660659514178,0.29649079376353327,0.3445601186974566,1666
86,4,evaluate,1.20773665772544,0.556422569027611,0.353108530376275,0.27961577764411116,0.3114167368802579,1666
86,5,evaluate,1.2069887938322845,0.5719424460431655,0.42767881457619233,0.28621320760527247,0.34098960051081934,1668
87,0,evaluate,1.1970712697064434,0.5654261704681873,0.3526436777358605,0.28399498839257953,0.31357280189125786,1666
87,1,evaluate,1.2817543358714492,0.5396158463385354,0.37626956440585,0.26978443107792394,0.31327255684256355,1666
87,2,evaluate,1.1349740558200412,0.5996398559423769,0.4173282490808384,0.2998582949572753,0.3462549224076878,1666
87,3,evaluate,1.2566977121211864,0.5503597122302158,0.37190179963992936,0.2757314576152558,0.31515206710147997,1668
87,4,evaluate,1.187993793575852,0.579136690647482,0.4285577457702834,0.28980709936066534,0.34293081974126716,1668
87,5,evaluate,1.1851184279830367,0.5966386554621849,0.368272603274871,0.29841872406424563,0.3276321350670874,1666
88,0,evaluate,1.2167935371398926,0.5576230492196879,0.35197421406150736,0.28022356450625063,0.31119218340139504,1666
88,1,evaluate,1.1654843467253226,0.595438175270108,0.36313551581419695,0.2972706242515523,0.32576578029475584,1666
88,2,evaluate,1.246807868833895,0.5587529976019184,0.375615953532472,0.27965436458191684,0.31996297266560425,1668
88,3,evaluate,1.1920460330115423,0.5743405275779376,0.42679356847237643,0.2873963094962139,0.340603049570689,1668
88,4,evaluate,1.2725707397416786,0.539015606242497,0.3746497188011732,0.26985801708412904,0.31310321674403996,1666
88,5,evaluate,1.1404475569725037,0.5942376950780313,0.41490211519934184,0.2971980808365352,0.3434702304409586,1666
89,0,evaluate,1.271865052205545,0.5384153661464586,0.37420948704458845,0.26968530010623565,0.3126561217760194,1666
89,1,evaluate,1.1261373537558097,0.6002400960384153,0.4142990840359704,0.30012505273832507,0.3463402735905398,1666
89,2,evaluate,1.2031125978187278,0.5558223289315727,0.3501534553172846,0.2793592865824942,0.31012709151946444,1666
89,3,evaluate,1.2518954939312406,0.5563549160671463,0.37614076156383636,0.27818442665940746,0.31920620523165666,1668
89,4,evaluate,1.18293767063706,0.5869304556354916,0.426713646507887,0.2936150802979457,0.34617843756732514,1668
89,5,evaluate,1.1673690301400643,0.5906362545018007,0.35820412810867064,0.29477115315351965,0.32210997187320867,1666
90,0,evaluate,1.1322821489086858,0.5942376950780313,0.41501539408866994,0.29723835536480225,0.3434532958133007,1666
90,1,evaluate,1.1693815257814195,0.5984393757503002,0.36348663187790925,0.29847068101973045,0.326615236705529,1666
90,2,evaluate,1.218734997290152,0.5725419664268585,0.3774765979402571,0.2861049001886691,0.32487365802582974,1668
90,3,evaluate,1.2048748797840543,0.556422569027611,0.3496757028078162,0.27970173335250614,0.30980330238166576,1666
90,4,evaluate,1.268463851125152,0.5408163265306123,0.3774913618292787,0.27090223000154395,0.3148502931034089,1666
90,5,evaluate,1.2136234707302518,0.5695443645083933,0.42400041411302974,0.28494780413643667,0.3379648032798864,1668
91,0,evaluate,1.1596014278906364,0.6050420168067226,0.3635966903483167,0.30196397797624375,0.3289067236054938,1666
91,1,evaluate,1.2176094430464286,0.5713429256594724,0.42721605283904474,0.28582545749782096,0.3398994972544503,1668
91,2,evaluate,1.2272182283578095,0.5701438848920863,0.3738509522601524,0.28492590454841293,0.322558325842528,1668
91,3,evaluate,1.260194835011606,0.539015606242497,0.3746075298051833,0.2697805728287913,0.313279370899756,1666
91,4,evaluate,1.2215167968361467,0.5552220888355343,0.35173652987123927,0.2788459394568998,0.3099009593544385,1666
91,5,evaluate,1.1459124949243333,0.5912364945978391,0.4175354146814862,0.29560225168376697,0.34313300848074746,1666
92,0,evaluate,1.270526687304179,0.5497601918465228,0.3740878499176919,0.2750787995297626,0.3165395354470469,1668
92,1,evaluate,1.2514283027913835,0.5378151260504201,0.3719377938653455,0.2692745767459895,0.3116699703452269,1666
92,2,evaluate,1.1761760226002447,0.5978391356542617,0.36654359515607476,0.2987040211154764,0.32794468938325805,1666
92,3,evaluate,1.1643660841164765,0.5852340936374549,0.41594898020724447,0.29262007171321647,0.3414305314473052,1666
92,4,evaluate,1.1972485030138935,0.5588235294117647,0.34805811273991305,0.28069543168212674,0.3098978987775196,1666
92,5,evaluate,1.1773953570259943,0.5887290167865707,0.42404361890455694,0.2944800456155588,0.3452466493240189,1668
93,0,evaluate,1.203630010286967,0.5858343337334934,0.36510851565541674,0.2923443913079134,0.3229704194920823,1666
93,1,evaluate,1.1083433407324332,0.6038415366146459,0.4148131729885887,0.30197679575810676,0.3460791951660478,1666
93,2,evaluate,1.2455537098425407,0.5605515587529976,0.37629258302757446,0.2803065727157616,0.3206588784014007,1668
93,3,evaluate,1.3010103942619429,0.5204081632653061,0.3725627084272923,0.2603492367143845,0.30596659004138965,1666
93,4,evaluate,1.1750782308755097,0.56062424969988,0.34467496071233994,0.2816374392601502,0.3091302731071566,1666
93,5,evaluate,1.197241606535735,0.5851318944844125,0.42931646567717996,0.29271799026402245,0.3452335334537337,1668
94,0,evaluate,1.2613786304438557,0.5587529976019184,0.3764124314490472,0.27931054297240765,0.3196170653225539,1668
94,1,evaluate,1.296004507276747,0.5234093637454982,0.3722828164254576,0.2618857474142385,0.30680173981876024,1666
94,2,evaluate,1.2188165894261114,0.5414165666266506,0.34362310132707247,0.27199045841097547,0.30290640931931595,1666
94,3,evaluate,1.1279781703595761,0.5948379351740696,0.4150543398308703,0.2973877183335616,0.3435199802259231,1666
94,4,evaluate,1.1840516284660056,0.5863309352517986,0.42570696796800167,0.2933738450276086,0.34484785720300276,1668
94,5,evaluate,1.1706027808012787,0.6008403361344538,0.3643240081422728,0.29972342451101114,0.3267274422695837,1666
95,0,evaluate,1.160794730539675,0.5840336134453782,0.4172998944529807,0.2920260275808949,0.34113851032234704,1666
95,1,evaluate,1.2665517799280308,0.5348139255702281,0.36965081572950426,0.2677029380741654,0.3098138191027091,1666
95,2,evaluate,1.2586640605220087,0.5575539568345323,0.37471446468857794,0.2788211557826357,0.31901217654844355,1668
95,3,evaluate,1.197237573288105,0.553421368547419,0.3470792680380873,0.2779171197922758,0.3077760674267861,1666
95,4,evaluate,1.1894621495847348,0.5869304556354916,0.42691386651631297,0.2936186987753244,0.3455423234335103,1668
95,5,evaluate,1.1825785504447088,0.5984393757503002,0.3658834740786034,0.2985182729781647,0.3276412329701583,1666
96,0,evaluate,1.196234870840002,0.5839328537170264,0.42809046068380374,0.292141422568221,0.34531631641850724,1668
96,1,evaluate,1.1679649375103138,0.6080432172869148,0.3683696635057128,0.3035022298000358,0.33179378484971944,1666
96,2,evaluate,1.1606428645275257,0.5840336134453782,0.4169842890476384,0.29195373384000306,0.34138256307191284,1666
96,3,evaluate,1.2193504395308319,0.5528211284513805,0.3527310882134772,0.27771332251215647,0.3097061500339932,1666
96,4,evaluate,1.25577559294524,0.5629496402877698,0.37266596940358787,0.28143105791650413,0.3200460530956825,1668
96,5,evaluate,1.2584167633343626,0.5432172869147659,0.37238917652944226,0.27200388218427324,0.3137052983316062,1666
97,0,evaluate,1.1593805264543604,0.6146458583433373,0.37005551009930854,0.3069376513357681,0.33431227096944216,1666
97,1,evaluate,1.1278623364589833,0.5972388955582233,0.4164080611645636,0.2986678733871001,0.34536636456906084,1666
97,2,evaluate,1.2548506215766624,0.5605515587529976,0.37392787826991536,0.28042561189985415,0.3196207041712762,1668
97,3,evaluate,1.1880798957965992,0.5839328537170264,0.42951919480171463,0.29215008857427105,0.34512075828267674,1668
97,4,evaluate,1.2253913371651262,0.5522208883553421,0.3513936864854467,0.2775801328468698,0.30921791843873164,1666
97,5,evaluate,1.2858766866502938,0.5294117647058824,0.37110913250824934,0.2651786085021085,0.30867435533503584,1666
98,0,evaluate,1.281529652023757,0.539015606242497,0.3745781967949563,0.26958391133256276,0.31294726660535954,1666
98,1,evaluate,1.1792241092081424,0.5996398559423769,0.3668830107159024,0.29927325584409414,0.32823286660675377,1666
98,2,evaluate,1.2051650594781946,0.5546218487394958,0.3473382046364201,0.2786879908873254,0.30809621970148987,1666
98,3,evaluate,1.2328517768118117,0.5617505995203836,0.3725038751748097,0.2808413744959083,0.31934504400315705,1668
98,4,evaluate,1.2137542609815244,0.5725419664268585,0.42843224458417417,0.28647093664060297,0.3408466379840008,1668
98,5,evaluate,1.1379958545720135,0.5906362545018007,0.41368689830261846,0.29529612095416474,0.34178816847799187,1666
99,0,evaluate,1.1365390287505255,0.602641056422569,0.41614952664933264,0.3012514920492316,0.3473513087446195,1666
99,1,evaluate,1.2399695626011602,0.5623501199040767,0.37780441455764524,0.28087006070669773,0.3209822371371657,1668
99,2,evaluate,1.2387657783649586,0.5486194477791116,0.3519930939761143,0.2756798621934568,0.30851243247016347,1666
99,3,evaluate,1.2835985789144482,0.5372148859543817,0.3770887669076656,0.2693422332148478,0.3135881716891828,1666
99,4,evaluate,1.2065050027988575,0.579736211031175,0.42895531068196285,0.29004334449933916,0.3443411302816689,1668
99,5,evaluate,1.1458383423310738,0.614045618247299,0.36752741052864013,0.3065026947000405,0.3329648135639219,1666
100,0,evaluate,1.344256787388413,0.5150060024009604,0.37623640530769076,0.2578417318178515,0.3051301582571801,1666
100,1,evaluate,1.2914150467625372,0.5461630695443646,0.3758677765954846,0.2730896136016916,0.31467814776867986,1668
100,2,evaluate,1.2213674143508628,0.5498199279711885,0.3456942973398935,0.2761302354285259,0.3067059324600439,1666
100,3,evaluate,1.170484114576269,0.5965227817745803,0.42679740198392624,0.2984392939015283,0.3491857836833981,1668
100,4,evaluate,1.0833154651853774,0.6158463385354142,0.4134778024276161,0.3078003857088648,0.35045944360972453,1666
100,5,evaluate,1.1745590545513012,0.6032412965186075,0.36423667539678056,0.3011830906412477,0.32686138932970604,1666
101,0,evaluate,1.2592357993125916,0.5551558752997602,0.37472374383104984,0.2774337768481744,0.31780765458431964,1668
101,1,evaluate,1.2201190105190984,0.5504201680672269,0.3509183242820609,0.2764194639189258,0.3087295229858761,1666
101,2,evaluate,1.1629928052425385,0.602641056422569,0.3660760098786625,0.30081228082219835,0.32916227634051076,1666
101,3,evaluate,1.2731533036739737,0.5408163265306123,0.37427519126478803,0.27085168789418473,0.3136860524233932,1666
101,4,evaluate,1.1994968409891482,0.5785371702637889,0.4264889947760652,0.28939777384262666,0.3434669406164586,1668
101,5,evaluate,1.14518313937717,0.5900360144057623,0.4182296741263592,0.2949025806280491,0.34410398576275353,1666
102,0,evaluate,1.16503847528387,0.5875299760191847,0.42575735284278726,0.2939016963309988,0.3448355769101653,1668
102,1,evaluate,1.3009248044755723,0.5383693045563549,0.3770738533157037,0.2695344082264194,0.313222673513874,1668
102,2,evaluate,1.1944452744943124,0.5972388955582233,0.3672074507554021,0.29816127488993965,0.32683385078063665,1666
102,3,evaluate,1.2088952196968927,0.5612244897959183,0.34762470960824887,0.28191955766814925,0.31009793396547547,1666
102,4,evaluate,1.2834759182124227,0.5354141656662665,0.37146747761473903,0.2681859119528405,0.3097596156377985,1666
102,5,evaluate,1.1482116844918993,0.5942376950780313,0.42087695354581955,0.29710571397657415,0.3458311460146766,1666
103,0,evaluate,1.1598478224542406,0.5858343337334934,0.41522794142070046,0.2928887076691232,0.34054224601268296,1666
103,1,evaluate,1.2070652842521667,0.5833333333333334,0.4294295703213965,0.29184647151220433,0.34460302258744446,1668
103,2,evaluate,1.2720100344331176,0.542016806722689,0.3726395556684495,0.2714033005854743,0.3129648838267754,1666
103,3,evaluate,1.2405848679719147,0.5522208883553421,0.34890145286948004,0.27759366947446684,0.3077398333552376,1666
103,4,evaluate,1.2575933535893757,0.5623501199040767,0.37586497969102994,0.28099388702002487,0.3205080171612374,1668
103,5,evaluate,1.1613085601064894,0.6056422569027611,0.3641047177901203,0.3022611655503982,0.3290715113918125,1666
104,0,evaluate,1.2844531801011827,0.5491606714628298,0.3766712738410156,0.27436789872806033,0.316506183848322,1668
104,1,evaluate,1.2496762408150568,0.5462184873949579,0.3489960336640269,0.2744248092214436,0.30631262651951097,1666
104,2,evaluate,1.2791064388498112,0.539015606242497,0.37451094957019093,0.27021611305718424,0.3124173325908716,1666
104,3,evaluate,1.1532364200662684,0.6092436974789915,0.3638621371624454,0.3040677259564402,0.32997470359331094,1666
104,4,evaluate,1.1447390913963318,0.5918367346938775,0.41140941878571946,0.29585213420327644,0.341754377227084,1666
104,5,evaluate,1.1843408015039232,0.5893285371702638,0.42902443937781376,0.29482783934356727,0.34658855270603245,1668
105,0,evaluate,1.1450194561922993,0.5876350540216086,0.41056902915323545,0.2938091971125409,0.3394508752257372,1666
105,1,evaluate,1.2909791639281645,0.5330132052821128,0.3702892145923066,0.26660471746453906,0.3091138297845634,1666
105,2,evaluate,1.2249442471398249,0.5492196878751501,0.3456584121831162,0.2760658398481858,0.30580008066750397,1666
105,3,evaluate,1.2567055137069136,0.5569544364508393,0.3742520032134774,0.27856578316737185,0.3181791036777805,1668
105,4,evaluate,1.2191670448691756,0.5785371702637889,0.43000315455351823,0.28941927165202525,0.3432097941416332,1668
105,5,evaluate,1.1833530774822942,0.5984393757503002,0.3629968827028426,0.2988604752731038,0.3261868379339668,1666
106,0,evaluate,1.231589836102945,0.5462184873949579,0.34343732985836894,0.27470882469511304,0.30407846861998145,1666
106,1,evaluate,1.1755700365260795,0.602641056422569,0.36395002868835147,0.30109718853615347,0.3277612803085507,1666
106,2,evaluate,1.1504964298672147,0.5936374549819928,0.41209922064725246,0.2967882556585673,0.3427021471821292,1666
106,3,evaluate,1.1733717808017023,0.5965227817745803,0.42819897304542104,0.29845806339417447,0.34897288099979457,1668
106,4,evaluate,1.3019774865221094,0.5449640287769785,0.3742134385355252,0.2725815979732971,0.3140514419473221,1668
106,5,evaluate,1.2906696877821728,0.5354141656662665,0.3730845908307884,0.26816922534703913,0.3105034101286887,1666
107,0,evaluate,1.2964855244866125,0.5324129651860744,0.37407984657549953,0.2666630353064856,0.310624839015368,1666
107,1,evaluate,1.275360365708669,0.5497601918465228,0.3739383991862354,0.27459083879380786,0.3155254163790835,1668
107,2,evaluate,1.1672699451446533,0.602641056422569,0.36304437815337404,0.3009218352502351,0.327591229735434,1666
107,3,evaluate,1.1954171988699172,0.5887290167865707,0.43071049315688736,0.2944742228436388,0.3477163768015681,1668
107,4,evaluate,1.1393870137355946,0.5966386554621849,0.41390676521761904,0.2982176329774865,0.3446048119622777,1666
107,5,evaluate,1.2377574686650876,0.5480192076830732,0.3479775508151809,0.2755613665233768,0.30683502091395887,1666
108,0,evaluate,1.2537834997530337,0.5474189675870348,0.3478266608641679,0.2752943612927766,0.3064512674164039,1666
108,1,evaluate,1.2930288292743541,0.5473621103117506,0.37743935120548067,0.2734381378347984,0.3157743771584771,1668
108,2,evaluate,1.1543450134771842,0.6074429771908764,0.3629125667160274,0.3035828048443485,0.32893988899427146,1666
108,3,evaluate,1.1435246467590332,0.5942376950780313,0.41257817231913946,0.29709205065283967,0.343520434927013,1666
108,4,evaluate,1.1829681352332786,0.5911270983213429,0.4286545407781797,0.29570268637219027,0.3475332151948963,1668
108,5,evaluate,1.2970909076846309,0.5324129651860744,0.37432914176041593,0.26703319984069845,0.31039247616418786,1666
109,0,evaluate,1.277972237241489,0.5384153661464586,0.3745078319533161,0.2696757704000997,0.3130682787058232,1666
109,1,evaluate,1.1790634857283697,0.6014405762304922,0.3646026875307069,0.3002973903921763,0.3283455115216743,1666
109,2,evaluate,1.2397053043047588,0.5749400479616307,0.43001224114824466,0.28761750507974476,0.3422578310970508,1668
109,3,evaluate,1.2442269965454384,0.5599520383693045,0.37525496322931085,0.2796734114118512,0.31957813071212393,1668
109,4,evaluate,1.1679398130487513,0.5888355342136855,0.41594897522038166,0.2943640346524915,0.3419975224403659,1666
109,5,evaluate,1.2375465786015545,0.5510204081632653,0.3478034181964601,0.2769543538577243,0.307400859918736,1666
110,0,evaluate,1.1453863967348028,0.6074429771908764,0.36141225762654333,0.3033921243242907,0.32882574484052,1666
110,1,evaluate,1.1716073618994818,0.5906362545018007,0.41498098599083943,0.29522581941284304,0.3429309387473468,1666
110,2,evaluate,1.2771842674938616,0.5378151260504201,0.3730584278081417,0.26972040574449935,0.31223185884334675,1666
110,3,evaluate,1.2829397099989432,0.542016806722689,0.3484971072099876,0.27251565311162756,0.3048483377209207,1666
110,4,evaluate,1.2236577404869928,0.579736211031175,0.4280185528005376,0.28999483509946317,0.34342436727697595,1668
110,5,evaluate,1.2629867836281106,0.5551558752997602,0.37486261959360034,0.2772462013906332,0.31780869662491024,1668
111,0,evaluate,1.1599562101893954,0.5942376950780313,0.4146546791988402,0.297091485883482,0.3431686486133746,1666
111,1,evaluate,1.292590363710015,0.5342136854741897,0.3736299192036,0.2675246138861323,0.31113678934903416,1666
111,2,evaluate,1.2539074376777366,0.5569544364508393,0.37409767750686773,0.278438600615757,0.3181283272110025,1668
111,3,evaluate,1.2599683779257316,0.5486194477791116,0.34721480467737037,0.2758726736256928,0.3058071570528479,1666
111,4,evaluate,1.1680554328141388,0.6044417767106842,0.36382341939729,0.30184804794658704,0.3283816491551231,1666
111,5,evaluate,1.2267378082981817,0.5767386091127098,0.42987259421634033,0.2885282452093769,0.3427102800753675,1668
112,0,evaluate,1.3008124593783308,0.5252100840336135,0.3713873528864942,0.2630763781936744,0.30747670825163087,1666
112,1,evaluate,1.2329905033111572,0.5731414868105515,0.4269570607822507,0.28672256686561587,0.34122836458734174,1668
112,2,evaluate,1.2434228393766615,0.5432172869147659,0.3429595147452188,0.273031611272827,0.3031993985187713,1666
112,3,evaluate,1.2483424301500674,0.5581534772182254,0.3728618213909341,0.2788713758012352,0.31812789265825925,1668
112,4,evaluate,1.1473844227967438,0.5948379351740696,0.4165194426999769,0.2973745222645463,0.34456922547130875,1666
112,5,evaluate,1.1810468722272802,0.6008403361344538,0.36307691649287055,0.2999096537504406,0.32711410915456807,1666
113,0,evaluate,1.1904857533949393,0.5996398559423769,0.36496956922638657,0.29934512015735254,0.32757469862771155,1666
113,1,evaluate,1.234473416098842,0.5749400479616307,0.4298073086732466,0.28758928723434396,0.34289459227534735,1668
113,2,evaluate,1.1438910166422527,0.595438175270108,0.41517918170492196,0.2977111451205511,0.34426262911651684,1666
113,3,evaluate,1.2571261194017198,0.5599520383693045,0.3739578884882815,0.28000196394036114,0.31921277674732595,1668
113,4,evaluate,1.3068805633595697,0.5270108043217286,0.3696142449923419,0.2637224046103384,0.30721599663107246,1666
113,5,evaluate,1.2384936169341758,0.5516206482593037,0.3467063350814935,0.2772329061651456,0.3070503921434554,1666
114,0,evaluate,1.20404804415173,0.5833333333333334,0.4295222807482035,0.29181462225273025,0.345667335700825,1668
114,1,evaluate,1.2511610167997855,0.5498199279711885,0.34892613248325377,0.2762689560252737,0.30740821456557,1666
114,2,evaluate,1.1441706573521648,0.595438175270108,0.41550301086929126,0.2976679984590133,0.3446468154168327,1666
114,3,evaluate,1.171474763640651,0.6014405762304922,0.36126023760264064,0.3002537660191501,0.32671912509335815,1666
114,4,evaluate,1.2787452936172485,0.5503597122302158,0.3757646470855035,0.2749375937464393,0.3166245512607443,1668
114,5,evaluate,1.2987507205042574,0.5264105642256903,0.36933543763676424,0.2638275732448311,0.3066734913701584,1666
115,0,evaluate,1.2834791563175343,0.5491606714628298,0.37345230351615755,0.27449565937429693,0.3154698758731974,1668
115,1,evaluate,1.2596950199868944,0.5474189675870348,0.3464034072574026,0.27515164616252225,0.30550084882330164,1666
115,2,evaluate,1.1349671129827146,0.6062424969987995,0.4162413845448973,0.3031131001428582,0.34841143379558254,1666
115,3,evaluate,1.169009354379442,0.6008403361344538,0.361842476232288,0.30006014229519923,0.3262989060000889,1666
115,4,evaluate,1.3176006252566974,0.5222088835534213,0.37009678403560337,0.26159084084266315,0.30573284852586335,1666
115,5,evaluate,1.2091049838949133,0.5845323741007195,0.42868706365852843,0.2923997077702562,0.3452737734602452,1668
116,0,evaluate,1.1749018077497129,0.5948379351740696,0.35692332034009977,0.2972677315268993,0.32270410101592434,1666
116,1,evaluate,1.1703231511292633,0.5971223021582733,0.42537222594939994,0.29873825094199813,0.34897585232496875,1668
116,2,evaluate,1.1372367165706776,0.6020408163265306,0.41600633180569746,0.3009805095349879,0.34746510873824593,1666
116,3,evaluate,1.2529286764286183,0.5510204081632653,0.34669814894384265,0.2769866224773535,0.3070237174304848,1666
116,4,evaluate,1.3226755522191525,0.5258103241296519,0.37229028953790194,0.26357384404336176,0.30738964897633203,1666
116,5,evaluate,1.3225762932388871,0.540167865707434,0.37906806530666237,0.26992802120443865,0.3141887905731926,1668
117,0,evaluate,1.2929874410231907,0.5396158463385354,0.3747270127982898,0.27026530175868313,0.3131433514906504,1666
117,1,evaluate,1.1751798490683238,0.5984393757503002,0.3619396887871562,0.29907284567440484,0.3264700458331461,1666
117,2,evaluate,1.2823816471629672,0.5557553956834532,0.3772995999325907,0.27799999579239987,0.3192134078601718,1668
117,3,evaluate,1.1657499030784324,0.5864345738295318,0.41402547295108005,0.29323065699000056,0.34123857473953545,1666
117,4,evaluate,1.211928696544082,0.5839328537170264,0.42833367960272517,0.29216023456908585,0.34535197124717437,1668
117,5,evaluate,1.24939509012081,0.5438175270108043,0.3434578511758625,0.2734791665874916,0.30315167437312185,1666
118,0,evaluate,1.2704829728161846,0.5635491606714629,0.3765668588534994,0.2819056859115391,0.32171101777729166,1668
118,1,evaluate,1.2368776665793524,0.5773381294964028,0.4287378117270869,0.28881609281222664,0.34328047114971105,1668
118,2,evaluate,1.1804336375660367,0.5984393757503002,0.36045546315255317,0.29894726573546015,0.3255969082586573,1666
118,3,evaluate,1.1585438825466015,0.5948379351740696,0.41544999125141835,0.2974318357176457,0.34430073070617323,1666
118,4,evaluate,1.3023985119329557,0.5354141656662665,0.3729187993455013,0.26811671128974696,0.3113817988477073,1666
118,5,evaluate,1.2455757966747991,0.5498199279711885,0.34754194839195074,0.2764663060208072,0.3064625107666133,1666
119,0,evaluate,1.295537815877685,0.5348139255702281,0.37091179157242155,0.2679047706827471,0.3103934884182473,1666
119,1,evaluate,1.2813829867928117,0.5563549160671463,0.3768695258284948,0.2779177463525368,0.31889882919283563,1668
119,2,evaluate,1.1587157558511805,0.6038415366146459,0.3586708580517123,0.301718851699525,0.3265630510168006,1666
119,3,evaluate,1.2798624877576474,0.5474189675870348,0.35059540807221456,0.2752442992033771,0.307011774323223,1666
119,4,evaluate,1.1715557023330971,0.5912364945978391,0.41723680456671375,0.2955968458299084,0.3435271322007339,1666
119,5,evaluate,1.2175039649009705,0.5827338129496403,0.42936713405531035,0.29148640582264146,0.3448398598247449,1668
120,0,evaluate,1.2646180479614824,0.5599520383693045,0.3735195436332287,0.27958823913785735,0.3191748578491461,1668
120,1,evaluate,1.1686510730672766,0.6050420168067226,0.3624721609456131,0.3022338518338834,0.3288708336600759,1666
120,2,evaluate,1.2370773531772472,0.5779376498800959,0.42811301261962764,0.2890830837237501,0.34321613717409083,1668
120,3,evaluate,1.1853980896649536,0.5858343337334934,0.41805483067731875,0.29290544410556457,0.3421041243762971,1666
120,4,evaluate,1.2635441886054144,0.553421368547419,0.3526703427392206,0.2781945811703687,0.3095479744450561,1666
120,5,evaluate,1.274915925192612,0.5378151260504201,0.37220298122929696,0.269415099082413,0.3120768523251126,1666
121,0,evaluate,1.3038699955300048,0.5396158463385354,0.3766826988476938,0.2702968184655198,0.31428777208328906,1666
121,1,evaluate,1.1589044177973713,0.5972388955582233,0.4182444372511028,0.2985126718940411,0.34604909430494646,1666
121,2,evaluate,1.2455698362103216,0.5725419664268585,0.4272852830570182,0.28638796491400514,0.3408182583051233,1668
121,3,evaluate,1.2655495758409854,0.5677458033573142,0.3762788079044614,0.28321609440622,0.32207938088821375,1668
121,4,evaluate,1.285726507504781,0.542016806722689,0.3513421666490223,0.2722123900318114,0.3057853596404652,1666
121,5,evaluate,1.1558369000752766,0.6062424969987995,0.36187247974138714,0.30258096754480307,0.3284762994549308,1666
122,0,evaluate,1.2279481291770935,0.5773381294964028,0.42632573077313884,0.288791731605186,0.34166856445755894,1668
122,1,evaluate,1.2731174681749609,0.5492196878751501,0.3732213287739445,0.27505230012876497,0.3162352834340342,1666
122,2,evaluate,1.2054025299019284,0.5738295318127251,0.41566897515442564,0.2869096059084762,0.336668792686586,1666
122,3,evaluate,1.2884280129715249,0.5569544364508393,0.37534916641741184,0.27799125024297994,0.3187459205583018,1668
122,4,evaluate,1.1494265540882393,0.6044417767106842,0.360674938166497,0.30193349030820443,0.32794444717073074,1666
122,5,evaluate,1.3000073609528717,0.5348139255702281,0.3483391847929032,0.2687389375959063,0.30213501748032695,1666
123,0,evaluate,1.2834831917727436,0.5611510791366906,0.3746472321972799,0.28005036433541125,0.31980885642565,1668
123,1,evaluate,1.2272298645090174,0.5785371702637889,0.4259343885753741,0.28942672990654583,0.34225968358627124,1668
123,2,evaluate,1.1923422393975434,0.5822328931572629,0.4146492125739728,0.2911285347082851,0.3391659443943523,1666
123,3,evaluate,1.283683412466888,0.5456182472989196,0.3745590016644794,0.27326978977426736,0.31549296878770827,1666
123,4,evaluate,1.2809062622211598,0.5450180072028812,0.34954345676731646,0.27387654206790535,0.3059653196579058,1666
123,5,evaluate,1.1645861665407817,0.6074429771908764,0.36394281463594164,0.30348551823038733,0.3301884264709711,1666
124,0,evaluate,1.1751860049035814,0.6044417767106842,0.364134269233787,0.3018681789594463,0.32915836985084773,1666
124,1,evaluate,1.2654195185060855,0.5480192076830732,0.3506657479871829,0.27524060262877503,0.3075349992524733,1666
124,2,evaluate,1.1741621207307886,0.5912364945978391,0.4178205237593279,0.2955969125429424,0.3439607721797431,1666
124,3,evaluate,1.297436945968204,0.5551558752997602,0.3773115318437025,0.27716470237617263,0.31884917742173036,1668
124,4,evaluate,1.2186179580511871,0.580335731414868,0.42571915040792324,0.2902807595121263,0.3435276160101375,1668
124,5,evaluate,1.3030691542835147,0.5402160864345739,0.374470775396779,0.27060402281399915,0.31366112326591905,1666
125,0,evaluate,1.223908199204339,0.5839328537170264,0.4305173193560911,0.29210526862939656,0.34668412684699534,1668
125,1,evaluate,1.1951238888281364,0.5978391356542617,0.36303469536019045,0.29840137657128835,0.32642234123747016,1666
125,2,evaluate,1.1694077341644853,0.5930372148859544,0.41816209107302676,0.2965311555349498,0.3451786201743174,1666
125,3,evaluate,1.2545267829188593,0.5504201680672269,0.34996784170523015,0.27660545251466734,0.30791756649345203,1666
125,4,evaluate,1.2926440702544317,0.552158273381295,0.3726264571173853,0.2759857138419965,0.3160551861228472,1668
125,5,evaluate,1.314393813825316,0.5396158463385354,0.37753808532106614,0.27022300702020313,0.3140152634324463,1666
126,0,evaluate,1.2438380828610174,0.5815347721822542,0.429448728379087,0.29088539491690824,0.34544221939728526,1668
126,1,evaluate,1.2852959853631478,0.5599520383693045,0.376458472713588,0.2798631812469171,0.3205939533798607,1668
126,2,evaluate,1.213102137600934,0.5828331332533013,0.4207761927658756,0.29143342899157604,0.34243025866597415,1666
126,3,evaluate,1.2873149779107835,0.5456182472989196,0.37295691747459014,0.27325800191800886,0.31475831064176346,1666
126,4,evaluate,1.1973531268261097,0.5918367346938775,0.3606968760490261,0.2955577472106989,0.3242850478717555,1666
126,5,evaluate,1.2529612249798245,0.5540216086434574,0.3503728407698824,0.2783597150429812,0.3090527785753567,1666
127,0,evaluate,1.2785502583892256,0.5456182472989196,0.3485707758676416,0.2742381756146334,0.3056884473440331,1666
127,1,evaluate,1.3042823694370411,0.5563549160671463,0.377304592434405,0.27805346449059243,0.31952149178748146,1668
127,2,evaluate,1.2960622070564165,0.5468187274909964,0.37653214070272345,0.27382613703503567,0.3164595823443853,1666
127,3,evaluate,1.183576402840791,0.5990396158463386,0.36048147843354233,0.29941631787822104,0.3260384705604346,1666
127,4,evaluate,1.2308013991073325,0.5887290167865707,0.4304412201723961,0.2944638632733914,0.34825136278664226,1668
127,5,evaluate,1.1986123820145924,0.5882352941176471,0.42065008249529556,0.2940436018523146,0.34443664814094654,1666
128,0,evaluate,1.2337249517440796,0.5827338129496403,0.42844445218038396,0.2914370954918478,0.34511060441448527,1668
128,1,evaluate,1.19026838850092,0.5918367346938775,0.4176822734121628,0.29594138503735457,0.3443090237754921,1666
128,2,evaluate,1.2966695957713656,0.5462184873949579,0.34932560133916296,0.2744747373282116,0.3063558007287476,1666
128,3,evaluate,1.3059562960708584,0.5408163265306123,0.37751090859895525,0.27105011126336986,0.3147225897948879,1666
128,4,evaluate,1.1748332182566326,0.6050420168067226,0.3605539088856249,0.3020348992973651,0.327821827309523,1666
128,5,evaluate,1.294725618980549,0.5569544364508393,0.37608534400864374,0.27823715807677724,0.3190901985842896,1668
129,0,evaluate,1.1751765189347443,0.6092436974789915,0.36309682847454616,0.30424149999923183,0.33009824513950625,1666
129,1,evaluate,1.2923792755162273,0.5498199279711885,0.3498503953998517,0.27635320865665947,0.30772459443761,1666
129,2,evaluate,1.2235589468920673,0.5839328537170264,0.4297810076362453,0.2920673820871911,0.3459334979533188,1668
129,3,evaluate,1.2999346212104514,0.5575539568345323,0.3739867588988647,0.2783400679938894,0.31823328123873834,1668
129,4,evaluate,1.185418254799313,0.5942376950780313,0.417077715719372,0.2971096826931118,0.3447845330184588,1666
129,5,evaluate,1.3071317549932886,0.5378151260504201,0.375506376246565,0.269660595638151,0.31297300747944823,1666
130,0,evaluate,1.2495428853564792,0.5779376498800959,0.42740130827765543,0.2891236570302024,0.3435291895931064,1668
130,1,evaluate,1.2879599553567391,0.5611510791366906,0.3745817862430586,0.2800089986759969,0.3194675687771762,1668
130,2,evaluate,1.1927500665187836,0.5918367346938775,0.41803241387522655,0.2958186573232151,0.3446166693256197,1666
130,3,evaluate,1.291941417588128,0.5426170468187275,0.34856290834997045,0.2726392487409079,0.30514212785996764,1666
130,4,evaluate,1.181140524369699,0.6092436974789915,0.3650696963988532,0.3043785231054788,0.3308422886421596,1666
130,5,evaluate,1.3030077860587173,0.5426170468187275,0.37592186651570203,0.2719180918034739,0.31493070635008535,1666
131,0,evaluate,1.3103695471805554,0.539015606242497,0.3721491614468365,0.27020358606453365,0.31215354073914486,1666
131,1,evaluate,1.1984870400693681,0.6020408163265306,0.36360472250572123,0.30085280562165845,0.32820443657693354,1666
131,2,evaluate,1.1869941265494734,0.5912364945978391,0.4155981393959614,0.29555671284496454,0.3438753417506431,1666
131,3,evaluate,1.326629921242043,0.5431654676258992,0.3737598956067856,0.27105230830234966,0.31338285348598316,1668
131,4,evaluate,1.208851275620637,0.5911270983213429,0.4260619499558388,0.2957101297379216,0.3475510720173451,1668
131,5,evaluate,1.2620823272952326,0.5528211284513805,0.3492795941551074,0.27769812074608663,0.3088175655023749,1666
132,0,evaluate,1.2066049995245758,0.5905275779376499,0.4249569762009459,0.2954296217971254,0.34681741647676106,1668
132,1,evaluate,1.2677724515950237,0.5504201680672269,0.34646694210063983,0.27659361034868807,0.3068798178742781,1666
132,2,evaluate,1.3352608150906033,0.5413669064748201,0.3761823308943969,0.2703066918643727,0.3137171231258872,1668
132,3,evaluate,1.1718759338061016,0.595438175270108,0.4145605171315035,0.2977534653214796,0.34478863666250054,1666
132,4,evaluate,1.3310347992788862,0.536014405762305,0.3754219950206763,0.2686856596568742,0.3123415751997841,1666
132,5,evaluate,1.1943037432652932,0.6056422569027611,0.3657093377912025,0.30256712308070327,0.3299841856371433,1666
133,0,evaluate,1.194741595674444,0.5977218225419664,0.42674842077422903,0.2989984168056671,0.3500300382511451,1668
133,1,evaluate,1.2601157051545602,0.553421368547419,0.3475699163124547,0.27811714455539877,0.3082314359098848,1666
133,2,evaluate,1.1728237889431141,0.5912364945978391,0.4121146334005597,0.29562290496637,0.34225043302220515,1666
133,3,evaluate,1.210536593640292,0.602641056422569,0.3651141121918763,0.3009279551035836,0.32875766489555774,1666
133,4,evaluate,1.3354604424287875,0.5312124849939976,0.37658962575736904,0.2663575176375863,0.3106306663696312,1666
133,5,evaluate,1.3455379119625799,0.5413669064748201,0.3755990695457043,0.27046242509414753,0.3136852975532797,1668
134,0,evaluate,1.232750623314469,0.5893285371702638,0.42786788562170575,0.2948289355003471,0.34735768279492457,1668
134,1,evaluate,1.3195142436910559,0.5515587529976019,0.3758431825835319,0.275664037813735,0.3173309996348549,1668
134,2,evaluate,1.2162882012349587,0.5990396158463386,0.36592621951628806,0.29913634895401786,0.3280804617025298,1666
134,3,evaluate,1.1758641137017145,0.5888355342136855,0.4133722553569917,0.29443516836721456,0.34170131449825114,1666
134,4,evaluate,1.3329770333237119,0.5372148859543817,0.37885819182015723,0.2690988927166958,0.3137840244566226,1666
134,5,evaluate,1.2593158748414781,0.553421368547419,0.34701991085231465,0.27819880959686577,0.30799282765963915,1666
135,0,evaluate,1.1902667582035065,0.5852340936374549,0.41284130963291565,0.29258089590958763,0.34008198160217534,1666
135,1,evaluate,1.3075775261278506,0.5509592326139089,0.3745484202317358,0.27491238836387083,0.31604699852640467,1668
135,2,evaluate,1.3029933505588107,0.5408163265306123,0.34517128458795004,0.2718973401234716,0.3030494204265741,1666
135,3,evaluate,1.181977442017308,0.6116446578631453,0.36663620167129507,0.30536629758114847,0.3324481702928508,1666
135,4,evaluate,1.249276132495315,0.5839328537170264,0.42855294273042066,0.2921440158867769,0.3454446964277926,1668
135,5,evaluate,1.3225027506274205,0.5384153661464586,0.3781289888420863,0.2699040594828779,0.313987403984765,1666
136,0,evaluate,1.185397230916553,0.6074429771908764,0.3647352325958605,0.30350291613550906,0.33022956993835234,1666
136,1,evaluate,1.1724350927052674,0.5948379351740696,0.41389069287159935,0.2974310270685381,0.3440407330675122,1666
136,2,evaluate,1.3396404518021479,0.5377697841726619,0.3717049393768526,0.2685957403956527,0.3110023633810212,1668
136,3,evaluate,1.2950947328850075,0.5426170468187275,0.3458799558126504,0.2728630063205591,0.30420793537440804,1666
136,4,evaluate,1.2206109629737005,0.5887290167865707,0.4268962344539465,0.29452036759523514,0.34623332827706843,1668
136,5,evaluate,1.3476989074713654,0.5282112845138055,0.37514920149579706,0.26505333199623704,0.3093350826223117,1666
137,0,evaluate,1.2086966037750244,0.5948379351740696,0.3630487168695843,0.29747742311360625,0.32590028753038747,1666
137,1,evaluate,1.3413686840622514,0.5449640287769785,0.376234616021185,0.2725788740093212,0.31527234699379475,1668
137,2,evaluate,1.2006950875123341,0.5804321728691476,0.41481692111570717,0.29018657662022634,0.3396002719364999,1666
137,3,evaluate,1.2732338530045968,0.5474189675870348,0.34488067175692205,0.27505143132761606,0.3050301420825715,1666
137,4,evaluate,1.3282267067719389,0.5402160864345739,0.37557604864924166,0.2705220808154878,0.31372395361800465,1666
137,5,evaluate,1.2322657858883892,0.592925659472422,0.43031404701624343,0.29660570537469894,0.3495081673979334,1668
138,0,evaluate,1.3212932458630315,0.5449640287769785,0.37327106535671783,0.27239367837130357,0.3143640770447241,1668
138,1,evaluate,1.202458463333271,0.5984393757503002,0.36334943286635124,0.29915874834615985,0.32718378879478327,1666
138,2,evaluate,1.2800924115710788,0.5474189675870348,0.3473517710962488,0.2751677823370716,0.30601895013447705,1666
138,3,evaluate,1.2473347120814853,0.5821342925659473,0.4289188122126067,0.2911738267613809,0.34500459743093587,1668
138,4,evaluate,1.3092563567614113,0.5426170468187275,0.37439023772915925,0.2717093167878256,0.3142510918808382,1666
138,5,evaluate,1.2172913198117856,0.5798319327731093,0.4144874819587304,0.2898884084249839,0.33908805192277863,1666
139,0,evaluate,1.1814006842948772,0.6110444177671068,0.3639479891279103,0.3052859355028267,0.3309879457345148,1666
139,1,evaluate,1.2110922634601593,0.5774309723889556,0.4149420124935335,0.28863996225437794,0.3382127012668088,1666
139,2,evaluate,1.260398010412852,0.5815347721822542,0.43050155701090276,0.29093015873228073,0.3448951988211325,1668
139,3,evaluate,1.3152487535995465,0.5426170468187275,0.37532583681048687,0.27176530874700033,0.3146292264905052,1666
139,4,evaluate,1.3127276014398646,0.5545563549160671,0.37518106503239,0.27691671874964585,0.3179168556581942,1668
139,5,evaluate,1.308125372286196,0.5444177671068428,0.3534511271022217,0.2736432743723446,0.3071615763759106,1666
140,0,evaluate,1.2267467357494213,0.5744297719087635,0.41545898350414034,0.28716401975964717,0.338016482802815,1666
140,1,evaluate,1.3088289564130482,0.542016806722689,0.37095185119070806,0.2715629988590049,0.31244092078151414,1666
140,2,evaluate,1.2772350863174156,0.5528211284513805,0.3502412314523318,0.27790811976569874,0.30844514722800687,1666
140,3,evaluate,1.216865262499562,0.5906362545018007,0.3636580363834626,0.2950795212931392,0.3248416581211514,1666
140,4,evaluate,1.3426739595554493,0.5449640287769785,0.37552060618309147,0.2723500378988765,0.3151230236062387,1668
140,5,evaluate,1.2304781631187156,0.5899280575539568,0.42720023141937835,0.29514583163675967,0.3469980220044442,1668
141,0,evaluate,1.2217619198339957,0.595438175270108,0.3641015182142603,0.2975287372705908,0.3262806700577352,1666
141,1,evaluate,1.3359652830770723,0.5372148859543817,0.3766163924452539,0.2692021004975998,0.31298260751043705,1666
141,2,evaluate,1.3430777655707464,0.5437649880095923,0.37478003148108374,0.27191681447988664,0.31424422413562353,1668
141,3,evaluate,1.1940237647957272,0.5852340936374549,0.41438890235478765,0.2926065701744942,0.3412233886833361,1666
141,4,evaluate,1.2381645595585857,0.5839328537170264,0.42568578616455943,0.29211788471949773,0.34461219810734034,1668
141,5,evaluate,1.2712474884810272,0.5504201680672269,0.3463461071822042,0.27672545989298014,0.30647694659160385,1666
142,0,evaluate,1.2774797280629475,0.5737410071942446,0.42810976034530446,0.2870205033780654,0.341872825002118,1668
142,1,evaluate,1.211063673098882,0.602641056422569,0.36516873619403795,0.3009423246015309,0.3287726767339424,1666
142,2,evaluate,1.341776836387537,0.5384153661464586,0.37779710612351136,0.26976163597427544,0.3142109614706026,1666
142,3,evaluate,1.297133825443409,0.5528211284513805,0.3509235430737959,0.27785858151797765,0.30905801834968327,1666
142,4,evaluate,1.314508808983697,0.5569544364508393,0.3741296013758299,0.27834712114528176,0.318339294296722,1668
142,5,evaluate,1.1949119325037356,0.5858343337334934,0.41505140234020443,0.29287054734816564,0.3412222498719339,1666
143,0,evaluate,1.300073226292928,0.5474189675870348,0.3460401150542488,0.2751640612936103,0.30559738476791526,1666
143,1,evaluate,1.2561827346130654,0.5821342925659473,0.42706706555313134,0.29123052628049856,0.3444947893712343,1668
143,2,evaluate,1.338568773465576,0.531812725090036,0.3732070080118818,0.26658122376713833,0.3100014343244998,1666
143,3,evaluate,1.2110239223197654,0.6020408163265306,0.3653677242435445,0.30059648744051604,0.32887159864196636,1666
143,4,evaluate,1.3350151048766241,0.5509592326139089,0.3753507644628354,0.27497936516969473,0.3164221544198661,1668
143,5,evaluate,1.2117227216561635,0.578031212484994,0.4120430156558748,0.2889521197731773,0.33741830209703194,1666
144,0,evaluate,1.3622163975680317,0.5413669064748201,0.37362720963780827,0.27056383639570036,0.3131156292420586,1668
144,1,evaluate,1.2311957147386339,0.5911270983213429,0.42870938611378645,0.29568122957440435,0.34838272538116655,1668
144,2,evaluate,1.2908440475110654,0.5486194477791116,0.3460394778582728,0.27580814011238913,0.3062315566920748,1666
144,3,evaluate,1.216361853811476,0.6020408163265306,0.365213430059472,0.3009433236763502,0.32897500867376134,1666
144,4,evaluate,1.3573237959709432,0.5264105642256903,0.37359515034527213,0.2641689534566388,0.3082983066278624,1666
144,5,evaluate,1.1917268843562514,0.592436974789916,0.4128587770407656,0.2962575958100892,0.3431834845872115,1666
145,0,evaluate,1.3511307145710345,0.5288115246098439,0.37383189761640584,0.26497895457566845,0.3093619505493166,1666
145,1,evaluate,1.1981491181585524,0.5882352941176471,0.41239814769941807,0.29410867201321456,0.341210878031875,1666
145,2,evaluate,1.2177047508734244,0.6050420168067226,0.3659001711847205,0.30204247303705695,0.3300384398443323,1666
145,3,evaluate,1.3346742634420041,0.5575539568345323,0.3764943094436202,0.2783946675429791,0.3194774904548671,1668
145,4,evaluate,1.293718503581153,0.5432172869147659,0.3446536191326728,0.27304569463299677,0.30378785477827486,1666
145,5,evaluate,1.2573068097785667,0.5845323741007195,0.4278894136505037,0.2924317000016917,0.3456789574003079,1668
146,0,evaluate,1.2188226426089253,0.6020408163265306,0.3650624830085069,0.30078287024893596,0.32882429275069464,1666
146,1,evaluate,1.3581085165065747,0.5312124849939976,0.3763785869831818,0.2661176100830547,0.3111105685017218,1666
146,2,evaluate,1.2552821415442008,0.5845323741007195,0.42737676427862886,0.29242370510005833,0.3456040051629644,1668
146,3,evaluate,1.19729350010554,0.5912364945978391,0.41527864920235374,0.2955940739041657,0.3434111733618491,1666
146,4,evaluate,1.34393306573232,0.5545563549160671,0.37843195675050917,0.2771239467720591,0.31907600826895954,1668
146,5,evaluate,1.294547094239129,0.5504201680672269,0.3488978375505693,0.2766549227461421,0.3074590146507178,1666
147,0,evaluate,1.3316031252896343,0.552757793764988,0.37344386045301314,0.27610710040118625,0.3167996098078395,1668
147,1,evaluate,1.3276873606222648,0.5402160864345739,0.34791559122607685,0.27156551013558317,0.30379787210643155,1666
147,2,evaluate,1.2790023419592116,0.5749400479616307,0.4285389413695346,0.28759148299389314,0.3420221554298276,1668
147,3,evaluate,1.3461686538325415,0.536014405762305,0.376619661736732,0.26868623794915647,0.31291471868124604,1666
147,4,evaluate,1.2049902478853862,0.6074429771908764,0.3649331539784386,0.30358511449518283,0.330614303609373,1666
147,5,evaluate,1.2219053606192272,0.5864345738295318,0.414499231552728,0.29321271462003623,0.3413765587165346,1666
148,0,evaluate,1.364415102534824,0.5425659472422062,0.37504420764130525,0.27109224186978953,0.3141160831222557,1668
148,1,evaluate,1.2451844259544655,0.5863309352517986,0.42659304007264875,0.29328134001722284,0.34591260877683905,1668
148,2,evaluate,1.3025284475750394,0.5474189675870348,0.34676178992867035,0.27523169839525974,0.30594457989259055,1666
148,3,evaluate,1.3582491838821658,0.5324129651860744,0.37616974463990077,0.266883489264116,0.31125622911047657,1666
148,4,evaluate,1.2129621417434127,0.5912364945978391,0.4156517753668231,0.29565519158303855,0.34399794356659225,1666
148,5,evaluate,1.2313398696758129,0.5978391356542617,0.364334207786105,0.2988637567997713,0.3273834742696887,1666
149,0,evaluate,1.2276668162257582,0.6014405762304922,0.3658937219707249,0.3002693875395056,0.32880920364779487,1666
149,1,evaluate,1.3282619780964322,0.5456182472989196,0.3488994436623819,0.27436516179549725,0.30596764277438965,1666
149,2,evaluate,1.366250265803602,0.5312124849939976,0.3762275147532913,0.2663079660662405,0.31109616085530745,1666
149,3,evaluate,1.3407348968364574,0.5581534772182254,0.37536540187863265,0.2786957407933597,0.3189555846551465,1668
149,4,evaluate,1.2151297198401556,0.5948379351740696,0.4154147080801566,0.29738803733202734,0.3443656214810191,1666
149,5,evaluate,1.2836625973383586,0.5779376498800959,0.42890149712975384,0.28909288224705587,0.3434104362510805,1668
150,0,evaluate,1.218820247385237,0.602641056422569,0.36536648609553835,0.30100349943544846,0.3293914697837727,1666
150,1,evaluate,1.2382062982629847,0.5792316926770709,0.41491432570700804,0.2895977074263918,0.33917705554480004,1666
150,2,evaluate,1.351447061256126,0.5491606714628298,0.374593873752693,0.27395775360502206,0.31565084026553586,1668
150,3,evaluate,1.343486355341695,0.5378151260504201,0.3773176269696818,0.2698025958066779,0.31369852885752253,1666
150,4,evaluate,1.3244739594282928,0.5498199279711885,0.3523239424151251,0.27639638362278796,0.30873841317562245,1666
150,5,evaluate,1.2658250994152493,0.580335731414868,0.4269916604352565,0.290311619226306,0.3441021872407205,1668
151,0,evaluate,1.3463174877343353,0.5515587529976019,0.37345317200123695,0.27525423775260077,0.3157553460716739,1668
151,1,evaluate,1.1835493699268058,0.5990396158463386,0.4161131825608583,0.29952951446236736,0.346318754110779,1666
151,2,evaluate,1.2749142028667309,0.580335731414868,0.425460422868297,0.2902434796389433,0.34339271930333004,1668
151,3,evaluate,1.3290453972639862,0.5450180072028812,0.34970807571308826,0.27391090464676343,0.30636164786543774,1666
151,4,evaluate,1.3877634201888684,0.5312124849939976,0.37762922795459053,0.26636874408404665,0.31169244459333595,1666
151,5,evaluate,1.2148483991622925,0.6062424969987995,0.3611970144812141,0.3029466555721023,0.32839798798549835,1666
152,0,evaluate,1.2593430589746546,0.5978391356542617,0.36788531672274855,0.2986660182613522,0.32877299852978054,1666
152,1,evaluate,1.1924039986398485,0.5978391356542617,0.4155394221760022,0.2990154262711402,0.34541682906314586,1666
152,2,evaluate,1.297403426082046,0.5498199279711885,0.34648848695051504,0.2763259730031573,0.30632611356711675,1666
152,3,evaluate,1.3878526864228424,0.5252100840336135,0.3755354182753101,0.26313875768100803,0.30897934070403144,1666
152,4,evaluate,1.3401394729261045,0.5539568345323741,0.3737108893123945,0.27670350033514457,0.3171899172344806,1668
152,5,evaluate,1.2829114927185907,0.5773381294964028,0.42767915781663846,0.2887860723212009,0.3433029079792991,1668
153,0,evaluate,1.351399960341277,0.5515587529976019,0.37435420604674136,0.27515946856742257,0.3163376642714622,1668
153,1,evaluate,1.3345564029834889,0.5450180072028812,0.34974708660932086,0.2740270767992684,0.3060495719926533,1666
153,2,evaluate,1.3624911623558513,0.5312124849939976,0.37300849202529895,0.2665032461777805,0.30981694212732624,1666
153,3,evaluate,1.2241509313936587,0.5882352941176471,0.41433469643676607,0.29414571220814284,0.3420031567465506,1666
153,4,evaluate,1.2262107387736991,0.6068427370948379,0.3666320377368647,0.30290263824142677,0.33116272202654906,1666
153,5,evaluate,1.2738405642686066,0.579136690647482,0.4259351757532638,0.28972784321189243,0.3429475722442927,1668
154,0,evaluate,1.3006241851382785,0.5510204081632653,0.3468057988477688,0.2769488149160467,0.3072744980358614,1666
154,1,evaluate,1.1997812611085397,0.5966386554621849,0.417235308309749,0.2983443988269493,0.34627881170128766,1666
154,2,evaluate,1.3691810766855876,0.5449640287769785,0.3732004212498494,0.2719635645795993,0.31365981633633366,1668
154,3,evaluate,1.246875947272336,0.5990396158463386,0.36584914644121735,0.2992609673428671,0.3282286592703093,1666
154,4,evaluate,1.3823713596082396,0.5210084033613446,0.3717122144801323,0.2613512850616341,0.3058336702997445,1666
154,5,evaluate,1.2553902445016083,0.5893285371702638,0.42708916444949807,0.29481726233707767,0.347608935929935,1668
155,0,evaluate,1.39233436304386,0.521608643457383,0.3725597125884008,0.2615744768549182,0.30611178132841765,1666
155,1,evaluate,1.3789075215657551,0.5449640287769785,0.3733084258163358,0.27199707683625396,0.31365473076542794,1668
155,2,evaluate,1.2561038644225508,0.591726618705036,0.4281230753436489,0.29600213612001813,0.34847197082144304,1668
155,3,evaluate,1.1923146888061806,0.5978391356542617,0.4194809315239992,0.29887381654165857,0.34763439326177786,1666
155,4,evaluate,1.310104003659001,0.5486194477791116,0.34622868833866915,0.2756897212409114,0.3064082251185538,1666
155,5,evaluate,1.2488426080456487,0.5960384153661464,0.3629538698992334,0.29746196653687573,0.3256913133404834,1666
156,0,evaluate,1.2497039790506717,0.592436974789916,0.3626772804359774,0.2961357175305066,0.32517257640518904,1666
156,1,evaluate,1.3975831866264343,0.5389688249400479,0.3761259952289488,0.26896455086914217,0.3126142430380897,1668
156,2,evaluate,1.2150037310741566,0.5918367346938775,0.4161782126983429,0.29593292744084926,0.34442941203527594,1666
156,3,evaluate,1.3174068066808913,0.5444177671068428,0.3456247086247086,0.27365457971292384,0.3047283111950535,1666
156,4,evaluate,1.2443726415987368,0.5971223021582733,0.4256100209224911,0.2987127110140592,0.3498905609145333,1668
156,5,evaluate,1.38006250201552,0.5228091236494598,0.37359914817872814,0.26246571122101303,0.30659453376959866,1666
157,0,evaluate,1.3568456187430356,0.531812725090036,0.37061317916523323,0.26666498933833455,0.3094477484987016,1666
157,1,evaluate,1.2509397411787953,0.5846338535414166,0.41682582503470256,0.2923766964908179,0.3414396447255136,1666
157,2,evaluate,1.3391214079327054,0.5402160864345739,0.34597273256148353,0.2715908393021982,0.3031913752314156,1666
157,3,evaluate,1.2864989814934906,0.579136690647482,0.4259950189758592,0.2897038080046742,0.34267750189204804,1668
157,4,evaluate,1.2404603527651892,0.595438175270108,0.3649059684658006,0.29760033348339826,0.32719091458059724,1666
157,5,evaluate,1.3713272412618,0.5443645083932853,0.374616620751513,0.27178627085251195,0.3144579315120367,1668
158,0,evaluate,1.3790061552491453,0.531812725090036,0.3769096281471149,0.2667030169199049,0.3115825425423764,1666
158,1,evaluate,1.231392142949281,0.592436974789916,0.41479974379833584,0.29626804047061517,0.34317827621335845,1666
158,2,evaluate,1.3624529132136591,0.5479616306954437,0.3730916699313228,0.27362069177923115,0.31480445702635257,1668
158,3,evaluate,1.2961766499060172,0.5737410071942446,0.42562943233346706,0.2869562792372727,0.3401970847156622,1668
158,4,evaluate,1.3639703944877342,0.539015606242497,0.34620741961124,0.27092366607874363,0.3027885809505518,1666
158,5,evaluate,1.2262359416043316,0.5966386554621849,0.3610421444304449,0.29825579496207566,0.3257964659998918,1666
159,0,evaluate,1.2073538292337347,0.5960384153661464,0.4137947091668022,0.29804398428089784,0.34408111454235835,1666
159,1,evaluate,1.3697578995316118,0.5503597122302158,0.3722571397490073,0.2749290791779816,0.3152176312952243,1668
159,2,evaluate,1.2545660546532384,0.5930372148859544,0.3644677284951209,0.2961006501476401,0.3257602695611359,1666
159,3,evaluate,1.3375254913612649,0.5480192076830732,0.34659461142147674,0.2754651257863467,0.30579814963026913,1666
159,4,evaluate,1.4015271332528856,0.5192076830732293,0.3743968207337345,0.26042794234379013,0.3060264535991608,1666
159,5,evaluate,1.287872886216199,0.5833333333333334,0.4250005972548955,0.2917923523546137,0.3441104306134432,1668
160,0,evaluate,1.2183755536874135,0.5960384153661464,0.41568314558652364,0.2981197819134058,0.3452482682211441,1666
160,1,evaluate,1.4048201861204925,0.539568345323741,0.3762431305592079,0.2697562973930102,0.31346665151952335,1668
160,2,evaluate,1.2526763589293868,0.592436974789916,0.3639695439992946,0.2961139675157749,0.32568101839880365,1666
160,3,evaluate,1.2546397491737649,0.5947242206235012,0.4245913788911128,0.2974749648845756,0.3476125697227671,1668
160,4,evaluate,1.4037944948369707,0.521608643457383,0.37375082321000413,0.2617752337174338,0.30657911519520925,1666
160,5,evaluate,1.3418004225801539,0.5408163265306123,0.3424765578037706,0.27178537248339674,0.3021371573902317,1666
161,0,evaluate,1.3487378027704027,0.5462184873949579,0.3485633752540147,0.274506712269683,0.30594729163156636,1666
161,1,evaluate,1.2524287822069946,0.5930372148859544,0.3632681288405828,0.29629047399481456,0.32540545283491074,1666
161,2,evaluate,1.3067757465221264,0.5761390887290168,0.4250986885493532,0.2882063788960474,0.34125432741930195,1668
161,3,evaluate,1.3922711970905464,0.5234093637454982,0.3716558413972671,0.26224762432778165,0.3068664250186359,1666
161,4,evaluate,1.2385946092782196,0.5912364945978391,0.4185698207883517,0.29564659729033316,0.3438618745517457,1666
161,5,evaluate,1.3765159646670024,0.5497601918465228,0.3736334770124424,0.2747379336325148,0.31555664943946443,1668
162,0,evaluate,1.2600583246460668,0.5888355342136855,0.4188328456270082,0.29439570248805513,0.34339661651997666,1666
162,1,evaluate,1.3829485053817432,0.5252100840336135,0.3684068397705444,0.2631724785986289,0.3062460573260194,1666
162,2,evaluate,1.307007741045069,0.5755395683453237,0.42475725442530426,0.28792888469536787,0.3412721929977641,1668
162,3,evaluate,1.2650460291791845,0.5918367346938775,0.3655070204250165,0.29574652689759906,0.32596530508689714,1666
162,4,evaluate,1.340984790413468,0.5498199279711885,0.3475530032014809,0.276341700929375,0.3066730110214936,1666
162,5,evaluate,1.3812499002174095,0.5473621103117506,0.3740957227685415,0.27351810719047226,0.31505393307205665,1668
163,0,evaluate,1.26104791186474,0.5876350540216086,0.3609710200200659,0.29383584777974164,0.3227044568694253,1666
163,1,evaluate,1.3022999542730826,0.579736211031175,0.42398322316685955,0.2899742773090884,0.3426915805324052,1668
163,2,evaluate,1.3479461228405987,0.5486194477791116,0.348365701260608,0.2756616058271422,0.30699545991220245,1666
163,3,evaluate,1.3837981003302116,0.5437649880095923,0.3729819577911022,0.27185938779521335,0.31343918306171775,1668
163,4,evaluate,1.401557386473373,0.5294117647058824,0.3748057225903558,0.26523329549947067,0.3097249003130278,1666
163,5,evaluate,1.2409178967829104,0.5912364945978391,0.41526622748295516,0.29557610074545915,0.3436323620104387,1666
164,0,evaluate,1.3398014218718917,0.5498199279711885,0.344615954127739,0.27628070175933045,0.30580047265256205,1666
164,1,evaluate,1.3170045283105638,0.5761390887290168,0.426929927383718,0.28818854252773496,0.3420747280661619,1668
164,2,evaluate,1.2798349967709295,0.5876350540216086,0.36549050957527013,0.29372408959130364,0.32473682740078325,1666
164,3,evaluate,1.3772393862406414,0.5491606714628298,0.3744969993198408,0.2745749666468211,0.3159694260233573,1668
164,4,evaluate,1.2630706578493118,0.5912364945978391,0.4158710721569414,0.29563220228915166,0.34306342647391974,1666
164,5,evaluate,1.3909415406071477,0.5288115246098439,0.3712149548871517,0.264967283244245,0.3085096185250292,1666
165,0,evaluate,1.240902339970624,0.5948379351740696,0.3599506734294391,0.29737519480438196,0.3249145996280078,1666
165,1,evaluate,1.288755159687113,0.5756302521008403,0.4151071732710836,0.2878052173360969,0.3376140727171383,1666
165,2,evaluate,1.3708593108587794,0.5348139255702281,0.3704367461965698,0.26820622214080553,0.3101114528380183,1666
165,3,evaluate,1.3947205278608534,0.5443645083932853,0.37450038070772773,0.27194940925153477,0.31444887081108136,1668
165,4,evaluate,1.3068174543204132,0.5749400479616307,0.4249672522840685,0.28757550905546286,0.34070349342153033,1668
165,5,evaluate,1.3792715536223517,0.542016806722689,0.3491347402782032,0.2723784581459386,0.3051173776087185,1666
166,0,evaluate,1.3633063325175532,0.5474189675870348,0.3485206200008337,0.2750940319176355,0.30652278064325106,1666
166,1,evaluate,1.2627071992114738,0.592436974789916,0.36419794611679374,0.29600866032013606,0.3258410804768227,1666
166,2,evaluate,1.3907350694967642,0.531812725090036,0.37062365102173656,0.2666390090638836,0.3091390245833126,1666
166,3,evaluate,1.3110790407216106,0.5743405275779376,0.42476205037843834,0.28730493139623403,0.340880673422668,1668
166,4,evaluate,1.39123679973461,0.5503597122302158,0.37764666750091314,0.27494544714919894,0.31739276247791126,1668
166,5,evaluate,1.2772701504053894,0.5828331332533013,0.41847094254001976,0.291399800033611,0.3413770906605322,1666
167,0,evaluate,1.375520454512702,0.552158273381295,0.376218670409065,0.275737148567808,0.31735516992533297,1668
167,1,evaluate,1.2432252841967124,0.602641056422569,0.36699974311865324,0.3010949372020232,0.33001887063750424,1666
167,2,evaluate,1.3996357564572934,0.5384153661464586,0.3486014404120229,0.27061684791627877,0.30308226727491694,1666
167,3,evaluate,1.3007210901489965,0.5756302521008403,0.4180096676202574,0.28781354934783565,0.3380811189784062,1666
167,4,evaluate,1.3412063011416682,0.5701438848920863,0.42385128359953317,0.2852079904957448,0.3386981320098559,1668
167,5,evaluate,1.37540817067579,0.5378151260504201,0.3723804633164809,0.26970139811222926,0.3119782156732972,1666
168,0,evaluate,1.3242424174591347,0.5761390887290168,0.42452138102187276,0.2882272617101972,0.3413360666596777,1668
168,1,evaluate,1.2561229643998322,0.5948379351740696,0.3656140955629711,0.29718647525097025,0.3270687029614039,1666
168,2,evaluate,1.3836973243289523,0.5503597122302158,0.37314234645982475,0.27484505166678813,0.3157613493962178,1668
168,3,evaluate,1.3967019722417549,0.5330132052821128,0.3701588220158719,0.2673478609325124,0.3095545763015758,1666
168,4,evaluate,1.2712158141312775,0.5816326530612245,0.4163657523052267,0.2907882548572875,0.3403351946599008,1666
168,5,evaluate,1.3797331938037165,0.5432172869147659,0.34598027129526254,0.27303671123202733,0.30417108822224453,1666
169,0,evaluate,1.278891024766145,0.5912364945978391,0.3634861900006716,0.29532799797587017,0.32483417931695774,1666
169,1,evaluate,1.3100632318743952,0.5809352517985612,0.4238038718967413,0.29062237319420764,0.34276972769233083,1668
169,2,evaluate,1.429089582076779,0.5270108043217286,0.3707069559273548,0.26429904546743715,0.3074925958403892,1666
169,3,evaluate,1.3985155511785436,0.5473621103117506,0.37530277769460535,0.2735162338209375,0.3156347006215107,1668
169,4,evaluate,1.245070907804701,0.5918367346938775,0.41806636188126794,0.29593815854531713,0.344688679432117,1666
169,5,evaluate,1.3707579904132419,0.5444177671068428,0.34527515601546926,0.27351607693835106,0.3041510974849707,1666
170,0,evaluate,1.3818744818369548,0.539015606242497,0.34460553550501366,0.27086789030449787,0.3022549054595166,1666
170,1,evaluate,1.4212853364922382,0.5276110444177671,0.3721559479599008,0.2647585792972003,0.30804295933459136,1666
170,2,evaluate,1.2484476069609325,0.5966386554621849,0.4180337800302791,0.29836144530465647,0.3460143589557294,1666
170,3,evaluate,1.3123153690938596,0.579736211031175,0.42573835569026813,0.2899892822181979,0.343109117478826,1668
170,4,evaluate,1.271322771354958,0.5948379351740696,0.3620400537715974,0.2971256685675916,0.32555816474992155,1666
170,5,evaluate,1.3965393084066886,0.5497601918465228,0.375552784182396,0.2746586652766213,0.31635301718122755,1668
171,0,evaluate,1.3998198862429019,0.552158273381295,0.37698743646123045,0.27565103303675687,0.31739940057213045,1668
171,1,evaluate,1.2661684221691556,0.5948379351740696,0.36121093535957005,0.29715437172347264,0.3249094056322276,1666
171,2,evaluate,1.3830933526710227,0.5414165666266506,0.3469882231341331,0.2721403458640617,0.3040355983411186,1666
171,3,evaluate,1.4145621723598905,0.5294117647058824,0.3727682380799205,0.2654951854892491,0.30881744971646025,1666
171,4,evaluate,1.253208558868479,0.5876350540216086,0.41439656291220084,0.2938110402159129,0.34134026962209985,1666
171,5,evaluate,1.3112968736224704,0.579136690647482,0.4213338406860553,0.2897205838297352,0.34130867112006175,1668
172,0,evaluate,1.3980206030386466,0.5497601918465228,0.3756951557768392,0.2743299544793622,0.3161899618977474,1668
172,1,evaluate,1.3778868273452476,0.5456182472989196,0.34955635037097854,0.2742658376547187,0.3063913142160911,1666
172,2,evaluate,1.3119109427487408,0.5833333333333334,0.4221414630199325,0.29181382404118894,0.34273602504052664,1668
172,3,evaluate,1.2574835143707417,0.5864345738295318,0.41695478352686416,0.2932419613425379,0.34111632225755106,1666
172,4,evaluate,1.2702835003534954,0.5990396158463386,0.3637031294654748,0.2989662879691638,0.32710354419810006,1666
172,5,evaluate,1.4126741168675598,0.5312124849939976,0.37422131869872427,0.2664998929929904,0.3097568035882596,1666
173,0,evaluate,1.37975455654992,0.5426170468187275,0.3462413388175799,0.27272640218962196,0.3042386565274285,1666
173,1,evaluate,1.413079959374887,0.5491606714628298,0.37797559451737606,0.27449227516207464,0.3171441081168621,1668
173,2,evaluate,1.3025615612665813,0.579736211031175,0.4233383119020405,0.28997124404937996,0.34204055582072573,1668
173,3,evaluate,1.4357226700694472,0.5276110444177671,0.37426556003558137,0.26468365048350967,0.3086556877331702,1666
173,4,evaluate,1.2453822725349002,0.5948379351740696,0.4156486035935802,0.2974665120942536,0.34482524718237595,1666
173,5,evaluate,1.2849132264101948,0.5930372148859544,0.3610345020737781,0.2961791684887074,0.3243572553666404,1666
174,0,evaluate,1.3057338396708171,0.5755395683453237,0.42105307530276337,0.28787442832425497,0.3396606793232398,1668
174,1,evaluate,1.4176557682178639,0.5443645083932853,0.372986821933677,0.2720318896389984,0.31348956005974615,1668
174,2,evaluate,1.3833143534483734,0.542016806722689,0.3465546183167502,0.27242311464094665,0.3036811467040345,1666
174,3,evaluate,1.2864163760785703,0.5966386554621849,0.36152099783931096,0.2979142928655183,0.3253078398984296,1666
174,4,evaluate,1.442613095872932,0.5264105642256903,0.37592067260409784,0.2642739132436547,0.30868611880258207,1666
174,5,evaluate,1.2433071649736829,0.5984393757503002,0.41752164956354554,0.2992768443469849,0.3462312452093629,1666
175,0,evaluate,1.4626486473889262,0.5192076830732293,0.3733979047866724,0.2605306886480963,0.3053675401306328,1666
175,1,evaluate,1.2937898967001173,0.5972388955582233,0.3625103510472365,0.298158848628178,0.32596766447468845,1666
175,2,evaluate,1.3807812443485967,0.5432172869147659,0.34433494039635837,0.27304497392939514,0.30330793673384887,1666
175,3,evaluate,1.4006126787927415,0.5497601918465228,0.37229957012873527,0.27469046071435377,0.3149258617162816,1668
175,4,evaluate,1.2323187087421064,0.6020408163265306,0.41533107102347844,0.30107884971105464,0.34645927676386074,1666
175,5,evaluate,1.334500248785372,0.5785371702637889,0.42509370564161364,0.28938857908053556,0.3426388611350456,1668
176,0,evaluate,1.4401645745944094,0.5264105642256903,0.3739376686270165,0.26391286160639277,0.3083132460702876,1666
176,1,evaluate,1.2533229694322303,0.5894357743097239,0.4144899803426704,0.29471016038227293,0.3425667606930938,1666
176,2,evaluate,1.373527412061338,0.5444177671068428,0.3446068029063875,0.2735332915304031,0.30427917770570934,1666
176,3,evaluate,1.3220741748809814,0.5809352517985612,0.4240570753581168,0.2905547660379755,0.3434923799445359,1668
176,4,evaluate,1.4171371548264116,0.5461630695443646,0.37536505573069034,0.27280302364331704,0.3150309086149393,1668
176,5,evaluate,1.2914711678469624,0.592436974789916,0.3626964667622879,0.29589741785302853,0.3250592605434257,1666
177,0,evaluate,1.4359654386838276,0.5443645083932853,0.3775764661163107,0.27190975081950275,0.31512717936040346,1668
177,1,evaluate,1.4333254311371733,0.5264105642256903,0.37201573905718316,0.26402184490227343,0.30739087565371825,1666
177,2,evaluate,1.3799627047997933,0.5402160864345739,0.34415472416665555,0.27162838262419625,0.3027822709590334,1666
177,3,evaluate,1.3019971273563526,0.5881294964028777,0.4220266633682702,0.2942229008015168,0.34503533759681193,1668
177,4,evaluate,1.2672974279633276,0.5900360144057623,0.41441373714401825,0.295018544464041,0.3424014688237976,1666
177,5,evaluate,1.2890332032133032,0.595438175270108,0.36339961361783574,0.29738759020926275,0.32610500210235066,1666
178,0,evaluate,1.44901289763274,0.539568345323741,0.37601297992207083,0.2697926157672655,0.31285932276627976,1668
178,1,evaluate,1.3085047558501914,0.5882352941176471,0.3636530121244214,0.29392329608863166,0.3237010748074523,1666
178,2,evaluate,1.3704546160168118,0.5402160864345739,0.3420961396775542,0.2715317869917505,0.30210041014999434,1666
178,3,evaluate,1.2668347447006791,0.595438175270108,0.4144432552134464,0.2977121336674612,0.34456671157825564,1666
178,4,evaluate,1.3126273066909224,0.5851318944844125,0.42266586122207117,0.29265907833019167,0.3445149592012566,1668
178,5,evaluate,1.4468857474901058,0.5276110444177671,0.37273540357859625,0.2646496891127802,0.30824421693450166,1666
179,0,evaluate,1.3987372937025848,0.5330132052821128,0.3398647867733965,0.26788454713528065,0.298710707775008,1666
179,1,evaluate,1.4497426390233967,0.5306122448979592,0.37509221383548885,0.2661670609323813,0.30987208314459214,1666
179,2,evaluate,1.2872800871177956,0.5930372148859544,0.36002244855552024,0.2960841089154016,0.32380033297971156,1666
179,3,evaluate,1.445714087397964,0.5419664268585132,0.37341845313582606,0.270695699351902,0.31299697885818895,1668
179,4,evaluate,1.2662506235970392,0.595438175270108,0.41566299090537556,0.2977525796878492,0.3445183608162109,1666
179,5,evaluate,1.3246205780241225,0.5833333333333334,0.4214346891858128,0.2917543079313233,0.3428610184316043,1668
180,0,evaluate,1.2813754037574485,0.5906362545018007,0.41712092721211497,0.2953444322955628,0.34296535338092904,1666
180,1,evaluate,1.3872164134626035,0.536014405762305,0.34137940086326257,0.2694581502514696,0.29981569087333565,1666
180,2,evaluate,1.4304147581397384,0.5324129651860744,0.3723241711762818,0.26696088203030105,0.30969810950052373,1666
180,3,evaluate,1.438359022140503,0.5437649880095923,0.37348145848801717,0.2718169328371206,0.31388097625250916,1668
180,4,evaluate,1.329510611516458,0.5827338129496403,0.42417534081537517,0.2914650415148335,0.34297106952017753,1668
180,5,evaluate,1.2967107770619568,0.5918367346938775,0.36114109622216956,0.2955725411787702,0.3239919446151499,1666
181,0,evaluate,1.326209757063124,0.5869304556354916,0.4233502906976744,0.29358460809084025,0.34459251317194084,1668
181,1,evaluate,1.4458069403966267,0.5431654676258992,0.374329487896999,0.2713849285779191,0.3139771210738132,1668
181,2,evaluate,1.3920084767871432,0.539015606242497,0.3430533045212235,0.27092872566523435,0.30168872151367543,1666
181,3,evaluate,1.2987853542522148,0.5882352941176471,0.3610744711051032,0.29373094608746136,0.32312940788683997,1666
181,4,evaluate,1.2952363049542461,0.5840336134453782,0.4159874004272079,0.29205195301533465,0.3404964758878577,1666
181,5,evaluate,1.4260035982286487,0.5348139255702281,0.3720716965383735,0.2683385602755456,0.31038058623036613,1666
182,0,evaluate,1.2803371659031622,0.595438175270108,0.3625935341682271,0.2971831335908142,0.32615590053593946,1666
182,1,evaluate,1.3322326364340606,0.5833333333333334,0.4258402381329557,0.2918258007362125,0.3444698445548813,1668
182,2,evaluate,1.2939166178305943,0.5846338535414166,0.41579238249004347,0.29232627493043045,0.34059651917881273,1666
182,3,evaluate,1.4027267208805791,0.5366146458583433,0.3426601520369784,0.2696753388548666,0.30083721476231323,1666
182,4,evaluate,1.4285941940766793,0.5491606714628298,0.3751653485343398,0.27415899280335554,0.3160095401634261,1668
182,5,evaluate,1.4252193520466487,0.5294117647058824,0.3712910617016702,0.2655646421174178,0.30848404662395157,1666
183,0,evaluate,1.3998881622597024,0.5378151260504201,0.3446976752872005,0.2703410620557268,0.3022279566655544,1666
183,1,evaluate,1.33447676676291,0.5875299760191847,0.42591261816646775,0.29389552089554,0.3460346215464326,1668
183,2,evaluate,1.4257243067302086,0.5300120048019208,0.3725366242720427,0.26594729310164145,0.30906162054386205,1666
183,3,evaluate,1.281026190077817,0.595438175270108,0.36217274915983483,0.29698684029771066,0.3256822020167423,1666
183,4,evaluate,1.2946291433440313,0.5846338535414166,0.4163371498499354,0.292311846710709,0.34114523309843225,1666
183,5,evaluate,1.4257692540133442,0.5479616306954437,0.3736088830966852,0.2735075097232051,0.31502628650251874,1668
184,0,evaluate,1.2968371907869976,0.5995203836930456,0.4220064551765727,0.29988405750974023,0.34899474624897014,1668
184,1,evaluate,1.3165917484848588,0.5876350540216086,0.35953741424055025,0.2933961160770861,0.3220218797898333,1666
184,2,evaluate,1.2866741104258432,0.5852340936374549,0.4145761595019537,0.29261761039311984,0.3412121044187801,1666
184,3,evaluate,1.4807216723759968,0.5365707434052758,0.37584910014933476,0.26808854603660875,0.31213823152491904,1668
184,4,evaluate,1.3890889022085402,0.5408163265306123,0.3421248175467097,0.27187643701741643,0.3023373136346168,1666
184,5,evaluate,1.466377966105938,0.531812725090036,0.37392128136322345,0.26687268752824866,0.3098468625061792,1666
185,0,evaluate,1.3170662996945557,0.5846338535414166,0.3609451899644638,0.2919919843091501,0.3217871405119336,1666
185,1,evaluate,1.3105972365096763,0.5965227817745803,0.42220899470308293,0.29839059435000115,0.34798086747061346,1668
185,2,evaluate,1.4644972092851445,0.5252100840336135,0.37126057623901565,0.26357224286468356,0.3068751037937821,1666
185,3,evaluate,1.3903031569940072,0.542016806722689,0.3436318669253452,0.27251564115459403,0.30308608522798747,1666
185,4,evaluate,1.4630099270078871,0.5407673860911271,0.3752082428486513,0.2703331553233601,0.3134433065566354,1668
185,5,evaluate,1.2913094069118853,0.5876350540216086,0.41667141352430087,0.29378977385213495,0.34274458796997925,1666
186,0,evaluate,1.392186533521723,0.5468187274909964,0.345605670574223,0.2748861084363321,0.305186457178081,1666
186,1,evaluate,1.457917328234072,0.5425659472422062,0.3751007504896888,0.2711676873714889,0.3140727286318939,1668
186,2,evaluate,1.3233045140902202,0.5888355342136855,0.36154580222346355,0.29409495812181363,0.32342652090032625,1666
186,3,evaluate,1.299601862276042,0.5840336134453782,0.41545849420849423,0.2920184604651432,0.34061799606539533,1666
186,4,evaluate,1.4558921069320705,0.5300120048019208,0.3727603906347313,0.26594930318809673,0.3091542960493262,1666
186,5,evaluate,1.3214218373651858,0.5905275779376499,0.42150083209050904,0.29537665469671665,0.3455361812627859,1668
187,0,evaluate,1.4578883780373468,0.5461630695443646,0.37715994507518047,0.2730178334861222,0.315799766365844,1668
187,1,evaluate,1.2886348460559491,0.595438175270108,0.4189066789046375,0.2977008854809048,0.3462026010845211,1666
187,2,evaluate,1.4675023648198005,0.5288115246098439,0.3730047188470598,0.26512339607213425,0.3087508746578989,1666
187,3,evaluate,1.3989096659201163,0.5450180072028812,0.34623838058053147,0.27383978039464313,0.30505482817870194,1666
187,4,evaluate,1.319464668079659,0.5864345738295318,0.3602774073903781,0.2928004453337199,0.3215555817987586,1666
187,5,evaluate,1.3211121029324002,0.5893285371702638,0.42196329530634313,0.29479484481586293,0.34530995029899686,1668
188,0,evaluate,1.3084375350563615,0.5894357743097239,0.36115928064019587,0.2943096840629676,0.32337406926815043,1666
188,1,evaluate,1.4441376182906054,0.5354141656662665,0.3720481119163176,0.2683516462718768,0.3110274904548325,1666
188,2,evaluate,1.4221359380969294,0.5509592326139089,0.37266968370158465,0.2753187469137573,0.3158871390589725,1668
188,3,evaluate,1.3749767674340143,0.5761390887290168,0.4244128810961844,0.2881878209210006,0.34115592559736585,1668
188,4,evaluate,1.3206257124741871,0.5888355342136855,0.4187206222448233,0.294394806595798,0.3430218362353759,1666
188,5,evaluate,1.4155396399674591,0.5366146458583433,0.3439189441096775,0.26974209619624895,0.30113090202624215,1666
189,0,evaluate,1.393306599722968,0.5396158463385354,0.3430961637961262,0.27119506484044537,0.3020657996276904,1666
189,1,evaluate,1.4544614020873,0.5282112845138055,0.370552675879632,0.26485460102299274,0.3080332925298051,1666
189,2,evaluate,1.438625693321228,0.5449640287769785,0.3712409498824496,0.27239334253395875,0.3134907133427009,1668
189,3,evaluate,1.326091217773932,0.5840336134453782,0.36202634439047016,0.2916421251647551,0.3221865402987481,1666
189,4,evaluate,1.3599647416008844,0.5785371702637889,0.42301006267727653,0.2893907460385535,0.3421009120382726,1668
189,5,evaluate,1.311451107263565,0.5846338535414166,0.416664672735447,0.2923125500292115,0.34135664493155793,1666
190,0,evaluate,1.3179424598261162,0.5798319327731093,0.4150971334172187,0.2899402595698174,0.3389162835970019,1666
190,1,evaluate,1.3555156036659524,0.5785371702637889,0.42306831356026614,0.2894176127253091,0.3416751034917377,1668
190,2,evaluate,1.3376366474010326,0.5816326530612245,0.35889047747780384,0.2903658144489848,0.3202098539895936,1666
190,3,evaluate,1.4519389654613204,0.5300120048019208,0.37008018540555315,0.26557962928592793,0.30853331024520586,1666
190,4,evaluate,1.4444449389422382,0.5419664268585132,0.37016455457842234,0.270875578757981,0.31226842710491826,1668
190,5,evaluate,1.3903634481959872,0.542016806722689,0.34267956490719526,0.27239553323057686,0.30245674667888267,1666
191,0,evaluate,1.3464692919342607,0.5870348139255702,0.3623230964415246,0.2931276549390667,0.3231925419774052,1666
191,1,evaluate,1.449101695307979,0.5443645083932853,0.3727884042757915,0.2721133221298742,0.3139335445137694,1668
191,2,evaluate,1.3915302709296897,0.5414165666266506,0.3421399058303135,0.2720432185466859,0.30226106353560217,1666
191,3,evaluate,1.3088532796612493,0.5870348139255702,0.41443037965746876,0.29354364909952657,0.3414344396866963,1666
191,4,evaluate,1.3594847453965082,0.5839328537170264,0.4257784602398459,0.29209986704631896,0.34467031147751703,1668
191,5,evaluate,1.4749298449605703,0.5276110444177671,0.37016937117385773,0.2642739241901674,0.30772259296134735,1666
192,0,evaluate,1.3448577490117815,0.5882352941176471,0.36213618178766194,0.2936807773909626,0.323497885319307,1666
192,1,evaluate,1.3111911785823327,0.5930372148859544,0.4159883307176929,0.29651850827673554,0.343963573714143,1666
192,2,evaluate,1.3598498944882993,0.579736211031175,0.4246995826945053,0.28998219193082553,0.3430872773732082,1668
192,3,evaluate,1.394438381548281,0.5438175270108043,0.34355818639030344,0.27320037760022997,0.30362729301089414,1666
192,4,evaluate,1.4751190444523539,0.5324129651860744,0.3710110488354332,0.2668639112409717,0.30958089452280113,1666
192,5,evaluate,1.4512069247387074,0.5407673860911271,0.3714692643805325,0.2702843472962037,0.31226641376919895,1668
193,0,evaluate,1.3375608391231961,0.5887290167865707,0.4241707077890326,0.2944852070855602,0.34623271537898287,1668
193,1,evaluate,1.2934917708237965,0.5882352941176471,0.4137193890584457,0.29415557430028205,0.3419737090102395,1666
193,2,evaluate,1.383626381556193,0.5492196878751501,0.34331333197071867,0.2759857917292302,0.3053644356201811,1666
193,3,evaluate,1.3580163662080411,0.5888355342136855,0.3648363794362489,0.294077670934249,0.32474617990141147,1666
193,4,evaluate,1.4769232206874423,0.5359712230215827,0.3732797737313951,0.2680597662457516,0.31118281095691,1668
193,5,evaluate,1.5016644310068201,0.5204081632653061,0.37114923747276685,0.26088914812998565,0.3054244609918942,1666
194,0,evaluate,1.48748080432415,0.5252100840336135,0.37232168431795265,0.2633813916839998,0.3074726909456256,1666
194,1,evaluate,1.4013331289644595,0.5522208883553421,0.34724755899452664,0.2775407661018731,0.3076765909625143,1666
194,2,evaluate,1.3474117263599679,0.5864345738295318,0.36301439746796377,0.29294729159217603,0.32348815902434114,1666
194,3,evaluate,1.354402771702519,0.5845323741007195,0.4246453347959955,0.2924290730217021,0.34460027843497276,1668
194,4,evaluate,1.4712380347428498,0.5443645083932853,0.37522717021296464,0.2721100572697704,0.3145096631160989,1668
194,5,evaluate,1.3164324153352667,0.5852340936374549,0.4134108626400194,0.2927011393561897,0.3407911814748271,1666
195,0,evaluate,1.3687244410868045,0.5833333333333334,0.424160622889514,0.2918320527764783,0.3439372507169117,1668
195,1,evaluate,1.4885899532862283,0.5258103241296519,0.3723298233402942,0.26348564605552366,0.30766758033906394,1666
195,2,evaluate,1.4118960654294048,0.5462184873949579,0.3460932847500129,0.2744977637166411,0.3052308967600411,1666
195,3,evaluate,1.3524375977339569,0.5870348139255702,0.3624123335874326,0.2933138531656067,0.323209615278267,1666
195,4,evaluate,1.4731336699591742,0.5437649880095923,0.37388472193374717,0.2718010952530395,0.3139126474505653,1668
195,5,evaluate,1.3227996897918206,0.5846338535414166,0.4152303096884652,0.2923465789773438,0.34049736833824495,1666
196,0,evaluate,1.4594629318625838,0.5509592326139089,0.3753883133561818,0.27537553820478344,0.3167942301012129,1668
196,1,evaluate,1.3916282830414948,0.5683453237410072,0.42175974854950715,0.28435163432806665,0.33754210589970485,1668
196,2,evaluate,1.4998784084562902,0.5240096038415366,0.3726040321687721,0.26254041189862526,0.30734579118350547,1666
196,3,evaluate,1.4310683806737263,0.5354141656662665,0.34455215775850895,0.2690508919764993,0.3011582105546783,1666
196,4,evaluate,1.3118470206304833,0.5858343337334934,0.41544586154432805,0.2929537476056613,0.34079247293304993,1666
196,5,evaluate,1.3410827859684273,0.5912364945978391,0.36092628711349645,0.2953528317041406,0.32365438825502135,1666
197,0,evaluate,1.3751459077552513,0.5845323741007195,0.4216579704853423,0.292427988078622,0.34353481407768227,1668
197,1,evaluate,1.4926227875467803,0.5258103241296519,0.37262062087312436,0.2637184889360819,0.30786139769012266,1666
197,2,evaluate,1.4515952313387837,0.5372148859543817,0.3470178407741472,0.2699529118794894,0.3028209311359071,1666
197,3,evaluate,1.4863195772524234,0.5455635491606715,0.37404337779337776,0.27260512713834884,0.3145609426766169,1668
197,4,evaluate,1.345832532202756,0.5930372148859544,0.3613680769341346,0.29616671227884867,0.3245561129361332,1666
197,5,evaluate,1.3381922322290916,0.5834333733493398,0.41614732382920067,0.2917615010449043,0.340725525736047,1666
198,0,evaluate,1.3606545406359214,0.5840336134453782,0.3628031954297339,0.29174243535876654,0.32280864615546795,1666
198,1,evaluate,1.487674459470091,0.5354141656662665,0.3741946319840874,0.26849627536178106,0.3114983242859185,1666
198,2,evaluate,1.4219475366451122,0.5438175270108043,0.34595806118877265,0.2732931421206497,0.30461894000712864,1666
198,3,evaluate,1.347995102405548,0.5834333733493398,0.4174411188477173,0.29180818238680045,0.3412155958385317,1666
198,4,evaluate,1.3611934935605083,0.5869304556354916,0.42052951958960083,0.2935852474655835,0.3438393686886899,1668
198,5,evaluate,1.4982740040178653,0.5419664268585132,0.37482545665890354,0.2708489976650118,0.3141174295403051,1668
199,0,evaluate,1.4844093971230365,0.5366146458583433,0.37590110732836496,0.2691198399485163,0.3126867583115914,1666
199,1,evaluate,1.3510873019695282,0.5822328931572629,0.41698716384525236,0.29117799665755956,0.34097426736197217,1666
199,2,evaluate,1.3769617566355952,0.580335731414868,0.4220955513384518,0.2902745177298473,0.34236259330237073,1668
199,3,evaluate,1.416730593751978,0.5444177671068428,0.3460779863635945,0.27357471006660644,0.304782301709775,1666
199,4,evaluate,1.3664838826214825,0.5834333733493398,0.36283515280654277,0.2913003886785672,0.32266856572433256,1666
199,5,evaluate,1.481853566787861,0.5437649880095923,0.3739698917144215,0.27185109838607013,0.31450837865884135,1668
200,0,evaluate,1.3693325762395505,0.5774309723889556,0.36031535595311803,0.2884928944831041,0.31996436137897766,1666
200,1,evaluate,1.4172302771497656,0.542016806722689,0.3451658480495333,0.27239905663997543,0.3037139140274254,1666
200,2,evaluate,1.3746757551475808,0.5851318944844125,0.4228796601928858,0.2926861887847785,0.3445348458651872,1668
200,3,evaluate,1.3677149497800403,0.5804321728691476,0.418575164961904,0.29029120829664434,0.34117657282938657,1666
200,4,evaluate,1.4852328388779252,0.5437649880095923,0.37533706999936994,0.2718000413179519,0.3149418887849176,1668
200,5,evaluate,1.4720289448483124,0.5354141656662665,0.3715361105014061,0.26829255601331903,0.31072949240622305,1666
201,0,evaluate,1.3616665116062872,0.5822328931572629,0.41854595552893115,0.2912114919135028,0.3410838701740813,1666
201,1,evaluate,1.4749867739500824,0.5491606714628298,0.3737898110978065,0.27455901930216137,0.3162412013687037,1668
201,2,evaluate,1.3958089307502464,0.5785371702637889,0.42267028841087395,0.2893806149325281,0.3417602790085076,1668
201,3,evaluate,1.3800603912936316,0.5786314525810324,0.36048731723360705,0.28900368423829914,0.32031067633049837,1666
201,4,evaluate,1.4178372268323545,0.5414165666266506,0.34590980913550673,0.2720827196621414,0.30371734943090445,1666
201,5,evaluate,1.488827062977685,0.5342136854741897,0.37342551391903245,0.2677878659719978,0.3111693555029689,1666
202,0,evaluate,1.4227827964005646,0.5408163265306123,0.34313512338734287,0.2717144981950822,0.3026101673992806,1666
202,1,evaluate,1.4947173242215757,0.5377697841726619,0.37128916872531187,0.2688838801133454,0.31140315646276584,1668
202,2,evaluate,1.3866756591531966,0.5744297719087635,0.35934619597750467,0.28689319199230806,0.318445070152234,1666
202,3,evaluate,1.494995741173625,0.539015606242497,0.3753263627254659,0.27030151033302247,0.313360891035899,1666
202,4,evaluate,1.3627507234061207,0.5792316926770709,0.415013751425651,0.28970491845479807,0.3391978934828247,1666
202,5,evaluate,1.3886237034091242,0.5833333333333334,0.4217438024668273,0.291765197004559,0.3434347740557754,1668
203,0,evaluate,1.4935692438372858,0.539568345323741,0.3711023641290817,0.26968562759410225,0.3117551237144521,1668
203,1,evaluate,1.411812131051664,0.5444177671068428,0.3413799819942026,0.2735529422479267,0.30289534626323633,1666
203,2,evaluate,1.4111609878363434,0.5732292917166867,0.3610778851562501,0.286043834203836,0.31859318428607786,1666
203,3,evaluate,1.398673825793796,0.5815347721822542,0.42411389370219704,0.29086498433481167,0.3433339942494055,1668
203,4,evaluate,1.5241520675244156,0.5294117647058824,0.3744220380549728,0.26545712875223254,0.30950264641875574,1666
203,5,evaluate,1.3393960617206715,0.5864345738295318,0.41448235675250117,0.29331984354084256,0.34125713946655833,1666
204,0,evaluate,1.407239897383584,0.5714285714285714,0.3573314008366384,0.28548455174508913,0.31628530209710753,1666
204,1,evaluate,1.4059570012269196,0.5815347721822542,0.4229105032265066,0.29089189494098766,0.342511576228234,1668
204,2,evaluate,1.3244894875420465,0.5900360144057623,0.4160042241577545,0.2950814768748691,0.3427420745641661,1666
204,3,evaluate,1.4293263974013153,0.5414165666266506,0.34175057467121384,0.2720530023735033,0.3017362452294555,1666
204,4,evaluate,1.5487790956265397,0.5234093637454982,0.3742657793210388,0.2622804154704671,0.3075252326540266,1666
204,5,evaluate,1.4978437202948112,0.5413669064748201,0.36913712065857274,0.2708645860358644,0.31164335586379516,1668
205,0,evaluate,1.4416690755773474,0.5402160864345739,0.34212584952668335,0.27145033836145827,0.3014009542892778,1666
205,1,evaluate,1.5280645151657086,0.5312124849939976,0.3741110019573917,0.26629110325419425,0.3101150974303124,1666
205,2,evaluate,1.5022769813184385,0.5461630695443646,0.37206211199415423,0.2730990998348457,0.3142808450603976,1668
205,3,evaluate,1.388108253479004,0.581032412965186,0.3597376769686644,0.2902484538132389,0.32039902336972087,1666
205,4,evaluate,1.401840090751648,0.5827338129496403,0.4204757811170401,0.29152345779282973,0.3418302616708124,1668
205,5,evaluate,1.3472443763856534,0.5900360144057623,0.41834333341517443,0.29505886760541405,0.34331717714958965,1666
206,0,evaluate,1.3382592863506741,0.5900360144057623,0.4150866771602595,0.2950768126811302,0.3424608887491013,1666
206,1,evaluate,1.4432934831689905,0.536014405762305,0.33997121042579026,0.26938843744454644,0.2996466028160249,1666
206,2,evaluate,1.544209596597486,0.521608643457383,0.3707158270931496,0.26143412738878535,0.30554096167365663,1666
206,3,evaluate,1.5217489710560552,0.540167865707434,0.3732490236822451,0.2702066658981224,0.31251810763416604,1668
206,4,evaluate,1.3973345050105341,0.5899280575539568,0.42208129541544775,0.2950786518171128,0.34544826491723646,1668
206,5,evaluate,1.3971327057591192,0.5792316926770709,0.359539383865777,0.2894471071266156,0.3195954557280451,1666
207,0,evaluate,1.5309182592426185,0.5270108043217286,0.3705845589051448,0.26406818351788797,0.3074834531009255,1666
207,1,evaluate,1.3558020172295746,0.5882352941176471,0.41740194116860013,0.29418603022643885,0.3432355750679818,1666
207,2,evaluate,1.3795185243641888,0.5911270983213429,0.42059169378887235,0.29571185210365014,0.3456067534093865,1668
207,3,evaluate,1.5378022723727756,0.5383693045563549,0.3747398023780395,0.2691023793961947,0.3125025388204801,1668
207,4,evaluate,1.4190866042066503,0.5396158463385354,0.3419471259536891,0.2711737250703823,0.30191896954295167,1666
207,5,evaluate,1.4113358755906422,0.5744297719087635,0.3608727170890639,0.28712801260672255,0.3189125727089471,1666
208,0,evaluate,1.3944382071495056,0.5881294964028777,0.4203214861204806,0.29421847019985486,0.3446451931433211,1668
208,1,evaluate,1.4075222743882074,0.5756302521008403,0.35981160360826053,0.28743794035121406,0.3187740399880915,1666
208,2,evaluate,1.5208659326588665,0.5443645083932853,0.37567559452692845,0.2721802989356982,0.31493637537021035,1668
208,3,evaluate,1.3678069478935666,0.5846338535414166,0.4153976127063781,0.29233199167836166,0.3413800923946745,1666
208,4,evaluate,1.5254992171432133,0.5306122448979592,0.3722171082724916,0.2659508483121686,0.30913402789803157,1666
208,5,evaluate,1.428145337987829,0.542016806722689,0.3418253506084226,0.27238215077372363,0.30226743973227366,1666
209,0,evaluate,1.526838770619145,0.5425659472422062,0.3759895797983976,0.2711367494841492,0.3143466522341707,1668
209,1,evaluate,1.5166518103193354,0.5372148859543817,0.37433323477718095,0.2693320612604153,0.312357036559905,1666
209,2,evaluate,1.4165109716079853,0.5762304921968787,0.3622769865791753,0.2877370363863329,0.3200260240246109,1666
209,3,evaluate,1.3950293593936496,0.5911270983213429,0.4226917722088168,0.29567516346980754,0.34665339027351777,1668
209,4,evaluate,1.4182905311937686,0.5444177671068428,0.3424940113178839,0.2735190925768865,0.3036453565211562,1666
209,5,evaluate,1.3758256280863728,0.5828331332533013,0.41446062820482227,0.2914265265642835,0.3406169133600155,1666
210,0,evaluate,1.5503749173410513,0.5276110444177671,0.3720458634817854,0.26454388613139884,0.30846876960654307,1666
210,1,evaluate,1.5190781134146232,0.5413669064748201,0.3730700590276782,0.27086951041586504,0.31314318505576216,1668
210,2,evaluate,1.413744376765357,0.5875299760191847,0.42315792514900663,0.2938269120042663,0.3459100557121453,1668
210,3,evaluate,1.4342122166245073,0.5378151260504201,0.34069900110987794,0.27016982840032616,0.30073533015307036,1666
210,4,evaluate,1.418898050431852,0.575030012004802,0.3595508919127954,0.28725417180558244,0.318612115427156,1666
210,5,evaluate,1.344398714877941,0.595438175270108,0.41559182454343746,0.2977170161006197,0.34550709663254137,1666
211,0,evaluate,1.4127704081711945,0.5839328537170264,0.42170490104197056,0.29206452815991985,0.34397129695745443,1668
211,1,evaluate,1.5126103030310736,0.5461630695443646,0.3742836024771704,0.27306232363553884,0.3147364965933426,1668
211,2,evaluate,1.4434015927491364,0.5378151260504201,0.3411679431080881,0.27030278709626654,0.30067683035167986,1666
211,3,evaluate,1.5734162508613534,0.5240096038415366,0.37339422884937157,0.26266422878132684,0.30747858758037855,1666
211,4,evaluate,1.40917823932789,0.5786314525810324,0.36060936719479647,0.2888556131564209,0.3196842960750629,1666
211,5,evaluate,1.3184995264918715,0.5948379351740696,0.41220451905893485,0.29743659527178934,0.3440894207202269,1666
212,0,evaluate,1.3496244604940768,0.5894357743097239,0.4182986921545274,0.2947701201763485,0.34364783113444153,1666
212,1,evaluate,1.553419592893786,0.521608643457383,0.37405570660497206,0.26123366021224487,0.30694487741981674,1666
212,2,evaluate,1.4464102254973517,0.5354141656662665,0.340063865338578,0.2691139447330631,0.29909849241308495,1666
212,3,evaluate,1.4415403913568567,0.5755395683453237,0.4200799778824262,0.28790322013295755,0.3401219820325269,1668
212,4,evaluate,1.4979134025397125,0.5479616306954437,0.37148018833696633,0.2739960761607357,0.31465795325606727,1668
212,5,evaluate,1.413008709748586,0.5822328931572629,0.3607015417223721,0.2906451019696675,0.3210977667116609,1666
213,0,evaluate,1.5264544409044363,0.5294117647058824,0.3717004982128952,0.26527234625828633,0.3087669446720881,1666
213,1,evaluate,1.4588098526000977,0.5342136854741897,0.34139064670453834,0.2685822664888975,0.29934085809715805,1666
213,2,evaluate,1.5082926661879927,0.5371702637889688,0.36885265901223385,0.26880220708332925,0.3102169461023284,1668
213,3,evaluate,1.3926749372923817,0.5816326530612245,0.3582262119048375,0.29054537811406667,0.31997077937842683,1666
213,4,evaluate,1.3767304012068995,0.5786314525810324,0.4154627803061663,0.28941234113429387,0.33897693240669785,1666
213,5,evaluate,1.4254173658512257,0.5779376498800959,0.42034472572723447,0.28907684754832097,0.3405728420735243,1668
214,0,evaluate,1.374947323843285,0.5762304921968787,0.4163369375196961,0.28819796795336716,0.3386932085944022,1666
214,1,evaluate,1.421144132260923,0.5821342925659473,0.4212704460450139,0.2911646058764664,0.3424272513849712,1668
214,2,evaluate,1.4719747304916382,0.5324129651860744,0.34355869914793064,0.26760877052898047,0.2996562134783674,1666
214,3,evaluate,1.3829071389304266,0.5864345738295318,0.35934906532810473,0.29301598576781335,0.3218878478902008,1666
214,4,evaluate,1.5228856117637068,0.5383693045563549,0.3728279142298855,0.2692292729004986,0.31177118676695376,1668
214,5,evaluate,1.528302189859527,0.5354141656662665,0.37551530119257504,0.2685093311229979,0.3121027154418888,1666
215,0,evaluate,1.4839318151827212,0.5264105642256903,0.34167350040996325,0.2645193840188037,0.297228276566352,1666
215,1,evaluate,1.3798876073625352,0.5870348139255702,0.35853532540697286,0.29337806504772634,0.3217424839525381,1666
215,2,evaluate,1.4106874377639205,0.5851318944844125,0.42308036586619197,0.29264270176679774,0.3442908187849322,1668
215,3,evaluate,1.5548121195148539,0.5258103241296519,0.37153807430663743,0.26371869886322685,0.307350533053775,1666
215,4,evaluate,1.5378931076438338,0.5377697841726619,0.3736260305063415,0.26898397603945384,0.3117002588688843,1668
215,5,evaluate,1.3604868793929066,0.5864345738295318,0.41701888699671485,0.2932769896605873,0.3426003532807445,1666
216,0,evaluate,1.5317034821405455,0.5348139255702281,0.3722480036111537,0.26821934867977665,0.31053490514718557,1666
216,1,evaluate,1.3989443668612727,0.5762304921968787,0.41759480253411707,0.28816459557643875,0.33872884805021963,1666
216,2,evaluate,1.417560946058344,0.579136690647482,0.42000093006610006,0.2896864726496119,0.34073334463117116,1668
216,3,evaluate,1.5031300120883517,0.531812725090036,0.34558274594862926,0.2672618604163082,0.3005544099379505,1666
216,4,evaluate,1.5472281928415652,0.5371702637889688,0.37299023643303003,0.26845288116429433,0.3111047208677323,1668
216,5,evaluate,1.3791364034016926,0.5876350540216086,0.3596298000124891,0.29380655605142836,0.32230462756796374,1666
217,0,evaluate,1.412385505658609,0.5845323741007195,0.42101023528319903,0.29237243231079424,0.3431771583088428,1668
217,1,evaluate,1.5176730386360928,0.536014405762305,0.37115794553011666,0.26881559779513403,0.31047834363483745,1666
217,2,evaluate,1.4988162053955927,0.5306122448979592,0.3440817784639508,0.26673420782762214,0.2995963604775148,1666
217,3,evaluate,1.4165798022791192,0.5696278511404562,0.417322859833923,0.2848282790045948,0.33637166499630256,1666
217,4,evaluate,1.3781247315583405,0.5894357743097239,0.35754916542743415,0.29473407607655283,0.32198673967308694,1666
217,5,evaluate,1.5582801854168926,0.5317745803357314,0.37102194288434753,0.26575147945941924,0.3086209273307731,1668
218,0,evaluate,1.3923889818014923,0.5732292917166867,0.4168478451420664,0.28662676509534457,0.33761621065978387,1666
218,1,evaluate,1.4681803385416667,0.5366146458583433,0.34246509599805297,0.26966580087807307,0.30092553055317006,1666
218,2,evaluate,1.4116055501831903,0.5875299760191847,0.42004847833336206,0.2938621686586743,0.3441160306534685,1668
218,3,evaluate,1.5379350437886186,0.531812725090036,0.3725151320110771,0.2666708995870798,0.30945463255987216,1666
218,4,evaluate,1.4102930901227173,0.5876350540216086,0.3615032890075339,0.29362126889574364,0.32308315670347987,1666
218,5,evaluate,1.5556446490464386,0.5275779376498801,0.3694581110527405,0.26378238078480953,0.30694332644388134,1668
219,0,evaluate,1.4139087332619562,0.5858343337334934,0.3611707221804419,0.29288985376793947,0.3223259441097238,1666
219,1,evaluate,1.5543239469881411,0.5281774580335732,0.3712439138597203,0.26401924523102105,0.3076349936024231,1668
219,2,evaluate,1.391191084075857,0.5756302521008403,0.4160172744012628,0.28780419585907313,0.3382539799223718,1666
219,3,evaluate,1.4306667513317533,0.5875299760191847,0.4221408142867228,0.29389002779853196,0.34477389044590334,1668
219,4,evaluate,1.4755428632100422,0.5324129651860744,0.3396219309385048,0.26762152962162367,0.29839382868119235,1666
219,5,evaluate,1.5496481499738164,0.5270108043217286,0.3708328372387094,0.2638475790236732,0.30714193854653776,1666
220,0,evaluate,1.401089698628143,0.5744297719087635,0.4174899628980193,0.287235948870673,0.33804531637731156,1666
220,1,evaluate,1.4003016529259857,0.5858343337334934,0.36029892636570077,0.29276268584001175,0.3222976765672696,1666
220,2,evaluate,1.4871051443947687,0.5294117647058824,0.3411714670053274,0.2661247722856529,0.2979997589467457,1666
220,3,evaluate,1.5350424639052815,0.5342136854741897,0.37236849035098063,0.2677049931188828,0.31040738851481275,1666
220,4,evaluate,1.4478718903329637,0.5785371702637889,0.41981034859037736,0.289390685278249,0.3408627374732653,1668
220,5,evaluate,1.5320106524008292,0.5323741007194245,0.3696608509432949,0.2660145633892044,0.3085850148983371,1668
221,0,evaluate,1.545008138925941,0.5306122448979592,0.37151457873341237,0.2660952898086343,0.30877665113413927,1666
221,1,evaluate,1.534366437682399,0.5347721822541966,0.371407333433842,0.2672944468998287,0.3099297339091586,1668
221,2,evaluate,1.4041740828090243,0.5846338535414166,0.3604088539007459,0.2921331623833677,0.3218774446069675,1666
221,3,evaluate,1.4939334480850786,0.5300120048019208,0.3415031893545147,0.2665045647436002,0.2981517000621405,1666
221,4,evaluate,1.3969542913966708,0.5756302521008403,0.41774501688580246,0.2878977484108681,0.33838629276525223,1666
221,5,evaluate,1.4423982567257352,0.5839328537170264,0.4204593538000744,0.29207744024316484,0.3427102107305215,1668
222,0,evaluate,1.5331532160441081,0.540167865707434,0.3726000273382651,0.26995253346063,0.3121691322625876,1668
222,1,evaluate,1.4054311375927042,0.5714285714285714,0.4166619991608325,0.28579514646157306,0.3360363014676549,1666
222,2,evaluate,1.5032002396053739,0.5306122448979592,0.3414752422452771,0.26688383747365096,0.29798270042035024,1666
222,3,evaluate,1.4521598462705259,0.5833333333333334,0.4219895130394301,0.29182402884421355,0.3427251964483385,1668
222,4,evaluate,1.5448904661116776,0.5306122448979592,0.3729202367022516,0.26613000126226866,0.3094775802102722,1666
222,5,evaluate,1.398898657825258,0.5798319327731093,0.3563858839562538,0.2894920887409934,0.31875101612868884,1666
223,0,evaluate,1.408792154656516,0.581032412965186,0.3572604717249218,0.29008392690998364,0.31929383616557183,1666
223,1,evaluate,1.5612630866192005,0.5258103241296519,0.3716650493651617,0.26344755559760713,0.3074322894108822,1666
223,2,evaluate,1.4630575444963243,0.580335731414868,0.4245534535319789,0.29032314011534033,0.34287523357425337,1668
223,3,evaluate,1.3966355859129518,0.5768307322929171,0.413956640606871,0.2884717064472695,0.3369811543068467,1666
223,4,evaluate,1.5301085004100092,0.5437649880095923,0.3721206072293029,0.2715898288086575,0.3130774874590846,1668
223,5,evaluate,1.5035865351005837,0.5330132052821128,0.34186375936350233,0.26796236358290615,0.29894019481458833,1666
224,0,evaluate,1.4420314011750397,0.5827338129496403,0.4228612176007971,0.2915073596347483,0.3432521960209891,1668
224,1,evaluate,1.4933927235779938,0.5366146458583433,0.34272721039095794,0.2699021363749475,0.3006970556941829,1666
224,2,evaluate,1.3797850851659421,0.581032412965186,0.4137434316103751,0.29059020781248135,0.33875257409750464,1666
224,3,evaluate,1.5840835372606914,0.5204081632653061,0.3728937850953814,0.2608805629219329,0.3057111383266887,1666
224,4,evaluate,1.4234253587546173,0.5816326530612245,0.36036358195110874,0.2904581360874288,0.3205200954334491,1666
224,5,evaluate,1.5520362324184842,0.5359712230215827,0.37139994890533146,0.26778946997837316,0.3102634360025716,1668
225,0,evaluate,1.4285478172478852,0.5863309352517986,0.4213774125007447,0.2933103102026497,0.3441769012589771,1668
225,1,evaluate,1.5609417657057445,0.5341726618705036,0.37204256249269524,0.26661653572428146,0.3095033005020276,1668
225,2,evaluate,1.520888986410918,0.5270108043217286,0.3412588477149808,0.26500349141563434,0.2973160605566247,1666
225,3,evaluate,1.580515676488479,0.5168067226890757,0.37041982308923743,0.2592136076489592,0.30359695151413907,1666
225,4,evaluate,1.4001952950601224,0.5906362545018007,0.3603299143079306,0.29498390517351136,0.3234013653178446,1666
225,5,evaluate,1.383384472794003,0.5822328931572629,0.41783276782652584,0.2911118015419758,0.34053395306020434,1666
226,0,evaluate,1.5567702187432184,0.5347721822541966,0.372897408379855,0.2670930769229335,0.31048530263528334,1668
226,1,evaluate,1.398022918789475,0.5786314525810324,0.4174221691929502,0.2893490438176459,0.3390981938657251,1666
226,2,evaluate,1.5758109494215913,0.5228091236494598,0.37323551231246005,0.26216166456247725,0.306824434453332,1666
226,3,evaluate,1.5154934680020367,0.5276110444177671,0.34012249522794163,0.26532925630169724,0.2970258769939746,1666
226,4,evaluate,1.4167091625708121,0.5822328931572629,0.35805753481626096,0.290712318873879,0.32003799296965535,1666
226,5,evaluate,1.4360952774683635,0.5827338129496403,0.4203551073181373,0.2915234755894269,0.34240541810086034,1668
227,0,evaluate,1.3920303538993553,0.5846338535414166,0.41661957964540736,0.29232169825579507,0.34123502300750763,1666
227,1,evaluate,1.523463037278917,0.5306122448979592,0.34289256682416525,0.26671202082675005,0.29909646347083185,1666
227,2,evaluate,1.571053394564876,0.5341726618705036,0.3718644050833585,0.26688430441237865,0.3098374174390491,1668
227,3,evaluate,1.4325273346017908,0.5821342925659473,0.42069775915867746,0.2911870980707277,0.3422707805719067,1668
227,4,evaluate,1.411460847766311,0.5882352941176471,0.36103959830975674,0.29390743086612864,0.323151299908148,1666
227,5,evaluate,1.593689533709376,0.5192076830732293,0.37291801606551817,0.26044171005138966,0.3054812935916536,1666
228,0,evaluate,1.5232526593738132,0.531812725090036,0.34266537728067714,0.2673952352038317,0.2990393212939274,1666
228,1,evaluate,1.5494772900861722,0.531812725090036,0.3722188983059758,0.2665575917091655,0.3095748898604935,1666
228,2,evaluate,1.5723913996307939,0.5365707434052758,0.3735768971215034,0.2680808976926321,0.3115796872521697,1668
228,3,evaluate,1.4341417374434295,0.5905275779376499,0.42168597476285263,0.2954126441715589,0.34522858277204965,1668
228,4,evaluate,1.4181989464494917,0.5828331332533013,0.3587513426631165,0.29112580031474045,0.32080808673626293,1666
228,5,evaluate,1.4407561719417572,0.5756302521008403,0.417704435020913,0.2878701851480975,0.3383436299652091,1666
229,0,evaluate,1.5097766055001154,0.5354141656662665,0.3421185665463894,0.26915293023440395,0.3001538785514323,1666
229,1,evaluate,1.393467277288437,0.5834333733493398,0.41408770629702485,0.29180284836905285,0.3399148714751862,1666
229,2,evaluate,1.4333567994612235,0.5762304921968787,0.3551809326566752,0.28787336121581125,0.3169082293416174,1666
229,3,evaluate,1.5803242303706981,0.5341726618705036,0.37252730083276153,0.26713648828266334,0.31027649441127114,1668
229,4,evaluate,1.5938630810490362,0.5228091236494598,0.3730415058798583,0.26216068982927965,0.3066466152371562,1666
229,5,evaluate,1.4364107935516923,0.5839328537170264,0.4202605262236533,0.29206817739092455,0.3422438592695468,1668
230,0,evaluate,1.576375678733543,0.5335731414868106,0.37161877486814676,0.2667231745151774,0.3097009046947802,1668
230,1,evaluate,1.4390052788787417,0.5798319327731093,0.3580157363948924,0.28951560258073183,0.3189717661435357,1666
230,2,evaluate,1.4540903413737263,0.5839328537170264,0.4198440137693275,0.29206200758265,0.34248158532266604,1668
230,3,evaluate,1.5155601015797369,0.5312124849939976,0.342864274866978,0.2670471961392262,0.29910955271029316,1666
230,4,evaluate,1.408860452749111,0.5792316926770709,0.4157886145021818,0.28966267253264066,0.33917943560266783,1666
230,5,evaluate,1.5873374948623005,0.5228091236494598,0.3706611466668997,0.26205101584105467,0.306080621583249,1666
231,0,evaluate,1.5671264043560735,0.5323741007194245,0.3697323608344614,0.26622094173462807,0.3086144560676278,1668
231,1,evaluate,1.6196842832421814,0.5204081632653061,0.37165080311719445,0.2608470485955028,0.3056187771242763,1666
231,2,evaluate,1.4386979385658547,0.5816326530612245,0.35852029673234076,0.29046033592909826,0.31966851321605305,1666
231,3,evaluate,1.4803729940343786,0.579136690647482,0.4207073179549864,0.2896492218070602,0.34116506089652626,1668
231,4,evaluate,1.3851748020560652,0.5846338535414166,0.4134516970165055,0.29236104339731106,0.34002752692489147,1666
231,5,evaluate,1.5265718301137288,0.5276110444177671,0.34056443089225175,0.2651613220733925,0.297195096824743,1666
232,0,evaluate,1.467890946953385,0.5845323741007195,0.41954664495454763,0.29236758517142664,0.3427202917243313,1668
232,1,evaluate,1.5270991016317297,0.5294117647058824,0.3407702592115977,0.2661149686585504,0.29793298857222195,1666
232,2,evaluate,1.4430256088574727,0.5828331332533013,0.35900149037011236,0.29111103928117166,0.32043135059738725,1666
232,3,evaluate,1.580867714352078,0.5359712230215827,0.37296554236904117,0.2680642891822744,0.3110418515057892,1668
232,4,evaluate,1.6122993617146104,0.5252100840336135,0.3719850618541197,0.26327450505514455,0.3072631590117852,1666
232,5,evaluate,1.4036797064322013,0.5804321728691476,0.4130870348172377,0.2902754652542363,0.3386867509148172,1666
233,0,evaluate,1.3981427533759012,0.581032412965186,0.4132457395521724,0.2906061739414322,0.33902197214270874,1666
233,1,evaluate,1.4545815962332267,0.5828331332533013,0.3598236117234356,0.29121066274495316,0.32104706222789975,1666
233,2,evaluate,1.520548039012485,0.5348139255702281,0.3415352366309065,0.2688247764156579,0.300017550392154,1666
233,3,evaluate,1.5891463425424364,0.5389688249400479,0.3764087783115112,0.2696114428044102,0.3130307387956758,1668
233,4,evaluate,1.4547905524571736,0.5869304556354916,0.41953874236877964,0.29358238890750976,0.3437435703198748,1668
233,5,evaluate,1.6168452200514298,0.5240096038415366,0.3711421152102704,0.2627725899063313,0.3066140528471991,1666
234,0,evaluate,1.4613174509119105,0.580335731414868,0.41684787965679665,0.29026357643129896,0.34036443269802963,1668
234,1,evaluate,1.5833925251607541,0.540167865707434,0.374424780765834,0.27007202087823423,0.3126163556925047,1668
234,2,evaluate,1.5325585780320343,0.5330132052821128,0.342391494469673,0.26795065037830745,0.29973957143790225,1666
234,3,evaluate,1.6124665055561949,0.5234093637454982,0.3699132157086728,0.26247735310614095,0.3059581811014571,1666
234,4,evaluate,1.3977642291122012,0.5798319327731093,0.4147117400999524,0.28998853228117194,0.33873001419284754,1666
234,5,evaluate,1.4469636380672455,0.581032412965186,0.3577427307919671,0.2903418515332389,0.3195622772675946,1666
235,0,evaluate,1.5366523883960865,0.5348139255702281,0.34340132423296105,0.26890959146611937,0.3004692425384649,1666
235,1,evaluate,1.4896431962649028,0.5749400479616307,0.4209012975089702,0.28761324895061746,0.339628813359752,1668
235,2,evaluate,1.5633647662621957,0.5437649880095923,0.3723085079143846,0.2719781112424925,0.31357828494325257,1668
235,3,evaluate,1.4435269313829917,0.5828331332533013,0.35933012917473095,0.29130483361926535,0.3211667557395579,1666
235,4,evaluate,1.572006758854345,0.5336134453781513,0.36909400214788796,0.2675685214813335,0.30930082863939995,1666
235,5,evaluate,1.4479393953526463,0.5654261704681873,0.4163847671292068,0.28278529816073866,0.33434682512380576,1666
236,0,evaluate,1.4495815016605236,0.5828331332533013,0.35988822425925304,0.2912345252688797,0.32125077345870884,1666
236,1,evaluate,1.5918304989183392,0.5300120048019208,0.36811566103127513,0.26595243854433404,0.3074568283140834,1666
236,2,evaluate,1.4901908503638372,0.5773381294964028,0.42053774998371446,0.2887640461909157,0.3406476629875673,1668
236,3,evaluate,1.5731742845641241,0.5425659472422062,0.3732998598097224,0.27137018556369286,0.31329120816695666,1668
236,4,evaluate,1.534914670167146,0.5342136854741897,0.3432444864529994,0.26864600369013514,0.3002166317893742,1666
236,5,evaluate,1.4365870897416715,0.5756302521008403,0.4167818267999667,0.28790707652239184,0.33794614773869613,1666
237,0,evaluate,1.4522404389248953,0.5714285714285714,0.417443432371664,0.28579713081984187,0.33679315414345223,1666
237,1,evaluate,1.5471519099341497,0.5270108043217286,0.3407989986204272,0.26512417821737,0.2969517862005107,1666
237,2,evaluate,1.502156756542347,0.5719424460431655,0.4192366312649035,0.2861016551320826,0.33840944173316023,1668
237,3,evaluate,1.44900925733425,0.5816326530612245,0.35807758609070695,0.29054717687069476,0.32010565817922226,1666
237,4,evaluate,1.5718086880666238,0.539568345323741,0.3717290184639185,0.2697761266090262,0.3117259642922778,1668
237,5,evaluate,1.585685309022665,0.5288115246098439,0.36916720284681775,0.2651996938036517,0.3076440538341561,1666
238,0,evaluate,1.571440577507019,0.5419664268585132,0.3726978014213034,0.2710302856596224,0.3130752410590619,1668
238,1,evaluate,1.6143802569972143,0.524609843937575,0.3710013898104193,0.26291562876407015,0.3068420462191394,1666
238,2,evaluate,1.4626259560938235,0.578031212484994,0.356844858470327,0.28877500727112293,0.3183321968593991,1666
238,3,evaluate,1.509158644411299,0.5773381294964028,0.4217008534096064,0.28878182375101835,0.34130750371052343,1668
238,4,evaluate,1.4271111071661666,0.578031212484994,0.4147076473398724,0.28904893287588396,0.33865388831579357,1666
238,5,evaluate,1.540140222620081,0.5324129651860744,0.3432346150511198,0.2677295041356771,0.29975004087903995,1666
239,0,evaluate,1.526082091861301,0.5348139255702281,0.3417452067694697,0.2688999823824706,0.29996929605543565,1666
239,1,evaluate,1.5780260551858831,0.539568345323741,0.3715681587498158,0.26983496096477955,0.31174133435066115,1668
239,2,evaluate,1.4269826467390414,0.5732292917166867,0.4120618723865503,0.2866210591704203,0.3363113847973774,1666
239,3,evaluate,1.478281511200799,0.575030012004802,0.35789519296325106,0.2874606942678892,0.31780850011283457,1666
239,4,evaluate,1.50592044989268,0.5815347721822542,0.4229656337312675,0.2908833465513573,0.3432482975664553,1668
239,5,evaluate,1.6245180413954787,0.5228091236494598,0.3699421645167608,0.2619747181095372,0.3056534510643535,1666
240,0,evaluate,1.3979981265686177,0.5828331332533013,0.41056691949812996,0.29139513341007434,0.3391542884776132,1666
240,1,evaluate,1.5922876927587721,0.5377697841726619,0.3703104704639365,0.2689255615095732,0.3106116411507479,1668
240,2,evaluate,1.649712398648262,0.5180072028811524,0.3716590972190838,0.2595857496283954,0.3043579620860304,1666
240,3,evaluate,1.4882599556887592,0.5827338129496403,0.42217381578867935,0.29148020428469357,0.34321673721909535,1668
240,4,evaluate,1.5400580388528329,0.5342136854741897,0.3415064522529173,0.2685967067908287,0.29979185985360024,1666
240,5,evaluate,1.4699715309672885,0.575030012004802,0.355353685420239,0.2872747398483253,0.3166842182924925,1666
241,0,evaluate,1.6231620389002341,0.521608643457383,0.37142257622602803,0.2613917044474273,0.3054673247680435,1666
241,1,evaluate,1.4665958484013875,0.5887290167865707,0.4228026471758303,0.29450260027278496,0.34543352325253973,1668
241,2,evaluate,1.429901302412704,0.5732292917166867,0.4119119969115868,0.28664672531807167,0.3362986887074276,1666
241,3,evaluate,1.4926411575741239,0.5726290516206483,0.3579356324338656,0.2860209755818529,0.3169279477407314,1666
241,4,evaluate,1.5083564365351643,0.5432172869147659,0.3443781828054119,0.27311083505186773,0.30357368204389124,1666
241,5,evaluate,1.6052398328427915,0.5317745803357314,0.36910201396776926,0.2659345319804375,0.3082150956805071,1668
242,0,evaluate,1.4841010879587244,0.5738295318127251,0.35829280659570556,0.28673798868601436,0.317679244604495,1666
242,1,evaluate,1.5247821410497029,0.5372148859543817,0.33920224651706615,0.27008436924626517,0.2998984482092292,1666
242,2,evaluate,1.627292065018857,0.5258103241296519,0.3729802400835628,0.26369445479207193,0.30751022935064165,1666
242,3,evaluate,1.4641334679391649,0.5875299760191847,0.4222806982559327,0.2938748118273119,0.3446543721441727,1668
242,4,evaluate,1.4308258085339158,0.5798319327731093,0.4127238820522889,0.28992713264402364,0.3389221644343428,1666
242,5,evaluate,1.6154546252003423,0.5275779376498801,0.3669134851347264,0.2637419478734608,0.3060650087156148,1668
243,0,evaluate,1.4355362052166905,0.5828331332533013,0.4144345785189188,0.29144142446891175,0.3402267251409322,1666
243,1,evaluate,1.476786494255066,0.5887290167865707,0.4210414981022109,0.29447093208907715,0.34477738623712184,1668
243,2,evaluate,1.639941879582626,0.5276110444177671,0.3741940251416714,0.2644672918921664,0.3086882462208789,1666
243,3,evaluate,1.4858776971145913,0.5804321728691476,0.35944135630836493,0.28986788108029754,0.3200861793640553,1666
243,4,evaluate,1.615085654788547,0.5317745803357314,0.36904556466744787,0.2657515271669047,0.3083274595221926,1668
243,5,evaluate,1.5384769042332966,0.5336134453781513,0.34038199945473596,0.2682624378589834,0.29920555633755563,1666
244,0,evaluate,1.5393642407876473,0.5396158463385354,0.3444095399480037,0.2712663084153822,0.30233685998014137,1666
244,1,evaluate,1.6059441511277799,0.5341726618705036,0.37077004548350756,0.26706439071214405,0.30980279549546524,1668
244,2,evaluate,1.6410426825836852,0.5276110444177671,0.3727198941484656,0.26456690284023526,0.308103200842722,1666
244,3,evaluate,1.4398400325466085,0.5816326530612245,0.4172967051334588,0.2908751283442865,0.34045147422768507,1666
244,4,evaluate,1.486333970670347,0.5863309352517986,0.4222132039936909,0.29329308320240194,0.34412768241259234,1668
244,5,evaluate,1.4932274862572,0.5756302521008403,0.35792669366871266,0.28740400995971,0.31768728877151686,1666
245,0,evaluate,1.6163900869864005,0.5311750599520384,0.37107598528337504,0.2654181652901494,0.30856485037157644,1668
245,1,evaluate,1.4748853235333055,0.578031212484994,0.3583603319375389,0.2886743854040116,0.31855553958813043,1666
245,2,evaluate,1.4803778992758856,0.5869304556354916,0.42174139255929005,0.29355993965662164,0.3441837658362507,1668
245,3,evaluate,1.5477838074719463,0.5312124849939976,0.3410801613037032,0.2669882901562709,0.29864335290138,1666
245,4,evaluate,1.6378537935239297,0.5294117647058824,0.3727572112761607,0.26563126309200064,0.3083677301581865,1666
245,5,evaluate,1.439050065146552,0.5798319327731093,0.41543651049460406,0.28994603518948125,0.3397294359268256,1666
246,0,evaluate,1.6789533760812547,0.5198079231692677,0.3728819215006701,0.2607865929049037,0.30514983906933596,1666
246,1,evaluate,1.4070153401957617,0.5852340936374549,0.4149755161234731,0.2926368978101327,0.34133590667675684,1666
246,2,evaluate,1.532867188806887,0.5366146458583433,0.3407823074534572,0.2697041606967346,0.30050347057130816,1666
246,3,evaluate,1.633938275001667,0.5245803357314148,0.37036518212260783,0.2622703062766091,0.30607955700252026,1668
246,4,evaluate,1.46109057797326,0.5881294964028777,0.42018991530577027,0.2941784428021205,0.3441665981629468,1668
246,5,evaluate,1.4987217232033059,0.578031212484994,0.3595430970045345,0.2886166983790138,0.3186375961459258,1666
247,0,evaluate,1.4172410440665704,0.578031212484994,0.4119300024574537,0.2890299995416842,0.33785218812705187,1666
247,1,evaluate,1.6727660944064457,0.5198079231692677,0.3706830333415656,0.26075423300370176,0.3046559254803927,1666
247,2,evaluate,1.6182881704083196,0.5311750599520384,0.3677009794215591,0.2654669370362635,0.3074846122313507,1668
247,3,evaluate,1.486153613637995,0.5774309723889556,0.3569575260423693,0.28841343888541626,0.3178566477062723,1666
247,4,evaluate,1.480548346484149,0.5857314148681055,0.42230689611804256,0.2929663697497048,0.3442519310918274,1668
247,5,evaluate,1.5463000491813377,0.5330132052821128,0.3402255191171538,0.2679657929945555,0.29909200994963914,1666
248,0,evaluate,1.6387892829047308,0.5240096038415366,0.36794823200964494,0.2630189939032983,0.30517541488896066,1666
248,1,evaluate,1.4670765973903515,0.5774309723889556,0.3557595787804728,0.2883305364086289,0.3176430896642091,1666
248,2,evaluate,1.4596882274857275,0.5714285714285714,0.4155694104992251,0.2857508654266695,0.33680898205716964,1666
248,3,evaluate,1.5602794929786965,0.5348139255702281,0.34196909389429286,0.26887742198119435,0.3003216573866062,1666
248,4,evaluate,1.476213843734176,0.5869304556354916,0.42041264901955716,0.29358179150009234,0.34415256542595146,1668
248,5,evaluate,1.6262973193769101,0.5299760191846523,0.37084279700956885,0.2648184288514543,0.30841246212407464,1668
249,0,evaluate,1.4561691488380786,0.5690276110444178,0.41374616852112195,0.2845250644498102,0.33530246991511165,1666
249,1,evaluate,1.625743446526704,0.5317745803357314,0.37343786002926016,0.26563662829195633,0.30971320166939076,1668
249,2,evaluate,1.5597796395972923,0.5342136854741897,0.34061045475129986,0.2686095062561816,0.2995504876236989,1666
249,3,evaluate,1.4690842948578022,0.5858343337334934,0.35989349463648806,0.29250126578002983,0.32166733032979045,1666
249,4,evaluate,1.4787055916256375,0.5833333333333334,0.4207121765037143,0.2917961052689618,0.3430633642263055,1668
249,5,evaluate,1.6522936351873256,0.521608643457383,0.3693079687207615,0.26179290948873113,0.3047497353697891,1666
250,0,evaluate,1.6111681704167966,0.5377697841726619,0.37176565048626,0.26862541928912165,0.31118618063313414,1668
250,1,evaluate,1.5006704242141158,0.5815347721822542,0.42200088114237333,0.2908906488768876,0.34296378163671004,1668
250,2,evaluate,1.4580739968352847,0.5858343337334934,0.3590626188931515,0.29248596574487656,0.3216294442491409,1666
250,3,evaluate,1.4717738360718444,0.5648259303721489,0.41144399976650503,0.2824445353720294,0.3332971285645582,1666
250,4,evaluate,1.6389217950679638,0.524609843937575,0.3681422579975191,0.26328439522500985,0.3057752413771897,1666
250,5,evaluate,1.5696204900741577,0.536014405762305,0.34309814354376966,0.2695751050758834,0.3010391666212748,1666
251,0,evaluate,1.6196090049213834,0.5305755395683454,0.3692862838148631,0.26523007167260026,0.3080546448292887,1668
251,1,evaluate,1.4717416012728657,0.5690276110444178,0.41369032373833636,0.28459738627369247,0.3349577070699838,1666
251,2,evaluate,1.5609526987429019,0.5354141656662665,0.34151170286299676,0.2692629804537311,0.30010525368594004,1666
251,3,evaluate,1.6491791172711938,0.5228091236494598,0.3694741861286482,0.2621716489234712,0.30567691211675535,1666
251,4,evaluate,1.4861518586123432,0.575030012004802,0.3577647484980746,0.2873222531153127,0.317955141008161,1666
251,5,evaluate,1.5014189746644762,0.5809352517985612,0.42281463562740174,0.2905992164784272,0.3428822889364645,1668
252,0,evaluate,1.4590691592958238,0.5762304921968787,0.4137963736428703,0.28823082632788777,0.3371682077738665,1666
252,1,evaluate,1.5677130928745977,0.5378151260504201,0.34267268039612037,0.2704615905729365,0.3009518918948744,1666
252,2,evaluate,1.6697998507707208,0.521608643457383,0.36742728269305164,0.2614336253695477,0.3048685232534494,1666
252,3,evaluate,1.5397571899272777,0.5749400479616307,0.4260554907243786,0.2875868796223569,0.3416299872243541,1668
252,4,evaluate,1.497444306258802,0.575030012004802,0.358164047591257,0.2872727516826931,0.31806052841652,1666
252,5,evaluate,1.6006968242150765,0.5425659472422062,0.369500254174788,0.2714257187783001,0.31215289004957736,1668
253,0,evaluate,1.448145376863303,0.5774309723889556,0.4138768492445789,0.28881541918124426,0.3377427820697322,1666
253,1,evaluate,1.6801761612296104,0.5150060024009604,0.3675392937837927,0.25788108669494086,0.3023247794567946,1666
253,2,evaluate,1.6019387543201447,0.5407673860911271,0.3666598028065631,0.27065967529613444,0.3106192778527231,1668
253,3,evaluate,1.5009356439113617,0.5732292917166867,0.35893514042928837,0.28644783294445597,0.31761267871133714,1666
253,4,evaluate,1.5346299674775865,0.5701438848920863,0.42383281353560254,0.28516801457637564,0.33900926756382194,1668
253,5,evaluate,1.5612958139843411,0.5354141656662665,0.341889254500028,0.26923832827636573,0.2997675086176697,1666
254,0,evaluate,1.4524138889930867,0.5786314525810324,0.4145922596169093,0.28939455486188437,0.3382902151589872,1666
254,1,evaluate,1.5214852492014568,0.579736211031175,0.42365563194164857,0.2899823973860862,0.342517711130378,1668
254,2,evaluate,1.5605287242818762,0.5354141656662665,0.3404261981979928,0.2692846050355274,0.29954707197082103,1666
254,3,evaluate,1.682087303035789,0.5162064825930373,0.36695575406761705,0.25864122741787965,0.3023406024769604,1666
254,4,evaluate,1.6221464739905462,0.5371702637889688,0.369954563585854,0.26867802611655817,0.31032933695510234,1668
254,5,evaluate,1.504649187679644,0.5744297719087635,0.35849563650902133,0.28710992023873544,0.3177068616342983,1666
255,0,evaluate,1.5710705253813002,0.5294117647058824,0.3384623111058535,0.26627635290506046,0.29740566869809354,1666
255,1,evaluate,1.4897249572806888,0.5768307322929171,0.3556639919762346,0.2882084903395269,0.3172042003665477,1666
255,2,evaluate,1.5028148006509852,0.5833333333333334,0.4219475854847591,0.291771557379305,0.3435388155023958,1668
255,3,evaluate,1.6438268952899509,0.5359712230215827,0.3732015324361959,0.26791722011561814,0.3106173368178971,1668
255,4,evaluate,1.437713525361485,0.5822328931572629,0.411756688912833,0.2911190583405078,0.33928191345014697,1666
255,5,evaluate,1.7031059102327735,0.5120048019207684,0.36700132075811853,0.25679454880393154,0.30090101046119766,1666
256,0,evaluate,1.5659184323416815,0.5336134453781513,0.34054903042157003,0.26836482110161597,0.29945813838968305,1666
256,1,evaluate,1.5049040935657643,0.5774309723889556,0.3583651331267278,0.2884547031283681,0.3186403542799845,1666
256,2,evaluate,1.5074307432881109,0.5827338129496403,0.423300018689816,0.2914504621989803,0.34411517043171325,1668
256,3,evaluate,1.7127457250047613,0.5138055222088835,0.37135628175308105,0.25774256683441393,0.30308180676717456,1666
256,4,evaluate,1.6505613878921226,0.5305755395683454,0.3692005990907229,0.2653094992146946,0.3076653348333786,1668
256,5,evaluate,1.4301447037745405,0.5840336134453782,0.4114170150785396,0.2920278172240378,0.3403134730976758,1666
257,0,evaluate,1.7174588218331337,0.5120048019207684,0.36787972739657193,0.25673592002197154,0.3011408462005738,1666
257,1,evaluate,1.6645610641550135,0.5287769784172662,0.37037425792608547,0.2642755934643639,0.30707808540475845,1668
257,2,evaluate,1.5597806109322443,0.536014405762305,0.33894822258313045,0.2695111852882256,0.2997262800751799,1666
257,3,evaluate,1.4242165099691462,0.5852340936374549,0.4139099097119504,0.29262336818842,0.341522060869013,1666
257,4,evaluate,1.4937026059186016,0.5905275779376499,0.42547405964881363,0.2953753896539177,0.34772206197366573,1668
257,5,evaluate,1.5082624565671992,0.5720288115246098,0.35809311877415306,0.285949503213023,0.3165614200228951,1666
258,0,evaluate,1.4966836991133514,0.5881294964028777,0.42181004684495865,0.29420222539472246,0.3451434541516974,1668
258,1,evaluate,1.6703241379172713,0.5335731414868106,0.37287007236784675,0.26673321965987357,0.31011086208337446,1668
258,2,evaluate,1.4700401646119576,0.5762304921968787,0.4150206350478391,0.2881851308271501,0.33855291710043184,1666
258,3,evaluate,1.5765232863249603,0.5348139255702281,0.33969084145520895,0.2690401612293765,0.2995242979718024,1666
258,4,evaluate,1.5054863934163694,0.5744297719087635,0.3556064878223816,0.2871615147141992,0.3167128124131297,1666
258,5,evaluate,1.6860682859464928,0.5234093637454982,0.36811002870434845,0.26251482472913545,0.30514337339607195,1666
259,0,evaluate,1.5118924114439223,0.5839328537170264,0.4221080985496258,0.29210188270614923,0.34374895324117516,1668
259,1,evaluate,1.4751263939672046,0.575030012004802,0.41310361584558875,0.2875503143986643,0.3376514631199878,1666
259,2,evaluate,1.658084679532934,0.540167865707434,0.37390028532344355,0.270019705733697,0.3127071194284383,1668
259,3,evaluate,1.582435925801595,0.5354141656662665,0.34133329301434323,0.2692641378213405,0.30003985291424956,1666
259,4,evaluate,1.677797888164167,0.5210084033613446,0.3687497512445137,0.26116341536464904,0.3045259754365673,1666
259,5,evaluate,1.5101201236248016,0.5702280912364946,0.3552687340907661,0.2849184893881143,0.3153316605849214,1666
260,0,evaluate,1.6517361689496923,0.5407673860911271,0.37404869632218773,0.2706012130587682,0.3131431684770035,1668
260,1,evaluate,1.5692459521470246,0.5366146458583433,0.3388568190036388,0.2697611222542661,0.29948442349792714,1666
260,2,evaluate,1.5305209292305841,0.580335731414868,0.4223788319949161,0.2902781315560892,0.3424791014922786,1668
260,3,evaluate,1.5411189043963398,0.5672268907563025,0.3557495324366088,0.283415751117685,0.3145012216444615,1666
260,4,evaluate,1.6978673250586898,0.5156062424969988,0.3675788346343832,0.2584456655217725,0.302287975968738,1666
260,5,evaluate,1.4673961290606745,0.5786314525810324,0.4136762210879822,0.2893626617984066,0.33898392336238903,1666
261,0,evaluate,1.5432184316493847,0.5779376498800959,0.4225311997118468,0.2890930074224201,0.34124052046593684,1668
261,1,evaluate,1.6428165347487838,0.5383693045563549,0.37027321071973696,0.2691990627024416,0.31079483600004726,1668
261,2,evaluate,1.592791689766778,0.531812725090036,0.33984578589216746,0.26739071823613175,0.2982518208527787,1666
261,3,evaluate,1.7024352829213496,0.5180072028811524,0.3696721543319894,0.2596765507181188,0.3038105777091075,1666
261,4,evaluate,1.5205170390782532,0.570828331332533,0.3548437503665958,0.2851066382555626,0.31518064070099416,1666
261,5,evaluate,1.463948044512007,0.5732292917166867,0.41312452111034464,0.2866983274347433,0.336282496486003,1666
262,0,evaluate,1.6384544206990137,0.539568345323741,0.3705662571860466,0.2697094751315555,0.3112791639002589,1668
262,1,evaluate,1.5187514777536746,0.5762304921968787,0.357163003570287,0.2877652101948779,0.3174414070524497,1666
262,2,evaluate,1.4638281762599945,0.5762304921968787,0.41303160873935896,0.28813452722758887,0.33756637359573605,1666
262,3,evaluate,1.566851187635351,0.5785371702637889,0.42352131854234293,0.28939868676277974,0.3420559065030334,1668
262,4,evaluate,1.7209236367985055,0.5162064825930373,0.37007805332231525,0.25854865988974585,0.3034010795406957,1666
262,5,evaluate,1.60020731555091,0.5324129651860744,0.34240247999765555,0.26765427116418844,0.2994054690979761,1666
263,0,evaluate,1.5804715024100409,0.5707434052757794,0.4213164446964612,0.2854897220325728,0.3383163853396518,1668
263,1,evaluate,1.6259737367983218,0.5443645083932853,0.3701387484909513,0.27209947031149484,0.31256647235331114,1668
263,2,evaluate,1.5021628947169692,0.5834333733493398,0.35660369598101205,0.291360427034758,0.319098563255956,1666
263,3,evaluate,1.6314638102496113,0.5282112845138055,0.34358724951247294,0.2655506255034574,0.2983189040355966,1666
263,4,evaluate,1.732735217721374,0.5162064825930373,0.37233178645342335,0.25861226232377577,0.30437429522839227,1666
263,5,evaluate,1.4577870683537588,0.5804321728691476,0.4132391837683209,0.29020123361394806,0.3386547779938527,1666
264,0,evaluate,1.6181048232096213,0.5443645083932853,0.37086804330467915,0.27199801130245643,0.3129101691427854,1668
264,1,evaluate,1.4867676380607817,0.5744297719087635,0.4157559528790107,0.28722567354803435,0.3371612798496839,1666
264,2,evaluate,1.6368921730253432,0.5228091236494598,0.3395760519473626,0.2629065879616822,0.29511943467868396,1666
264,3,evaluate,1.4939491296256031,0.5804321728691476,0.3567182381594665,0.2899122095704374,0.31881007808555684,1666
264,4,evaluate,1.5899949802292719,0.5713429256594724,0.4223567699653006,0.2857867026814959,0.3390335211005464,1668
264,5,evaluate,1.7049951840330053,0.5228091236494598,0.37340861042386714,0.2619557744332815,0.30718038303122336,1666
265,0,evaluate,1.505182256301244,0.5822328931572629,0.35994428901487713,0.29095403630985756,0.32086610855714043,1666
265,1,evaluate,1.7073041404838916,0.5156062424969988,0.36840606198811804,0.25841312592853993,0.30288467707383415,1666
265,2,evaluate,1.5008850412236319,0.5726290516206483,0.41558812805908635,0.2863609423885033,0.33669161607135545,1666
265,3,evaluate,1.6350694232516818,0.5264105642256903,0.3396748665523585,0.2647172331698092,0.2965316125360585,1666
265,4,evaluate,1.6472669111357794,0.5419664268585132,0.3710960797865589,0.27074829211730694,0.3120828964349996,1668
265,5,evaluate,1.5758247949458934,0.5761390887290168,0.42336119183267257,0.2881911956102138,0.3411459868552394,1668
266,0,evaluate,1.6980321749492928,0.5210084033613446,0.36979795460240356,0.26101892890992123,0.3049065557863515,1666
266,1,evaluate,1.5290934421398021,0.5756302521008403,0.3616779224236504,0.28766006486752566,0.3194615029898544,1666
266,2,evaluate,1.6044067056090743,0.5294117647058824,0.33777974566207114,0.2662877101910706,0.29691786828288436,1666
266,3,evaluate,1.5575199524561565,0.5827338129496403,0.4240804128489999,0.29149568086462896,0.34390508770917994,1668
266,4,evaluate,1.6590132558787312,0.5407673860911271,0.37117698819290984,0.2703991058010505,0.31186699729804146,1668
266,5,evaluate,1.5041288413383342,0.5690276110444178,0.41392916865829354,0.2845855763119566,0.3353090950544355,1666
267,0,evaluate,1.6134942814155862,0.5282112845138055,0.34032815517196036,0.26568944934869126,0.29751037546981324,1666
267,1,evaluate,1.555783227637962,0.5779376498800959,0.4209080959070192,0.28909938268595536,0.3410583556879631,1668
267,2,evaluate,1.489297768584004,0.575030012004802,0.4150303809015933,0.2875844743430666,0.33787388467767954,1666
267,3,evaluate,1.7132130806092862,0.5186074429771909,0.37106401645380904,0.25997293512179753,0.3045461650799523,1666
267,4,evaluate,1.523148626089096,0.5774309723889556,0.36118881858488583,0.2886482031802456,0.3198517091410217,1666
267,5,evaluate,1.664506416629862,0.5371702637889688,0.36927271999460914,0.26858099738142655,0.30988668919567486,1668
268,0,evaluate,1.674073467652003,0.5389688249400479,0.37070372979378546,0.2694359271486532,0.31108807279167033,1668
268,1,evaluate,1.7280700800043565,0.5126050420168067,0.3719364066961321,0.2567844710406277,0.302532362718362,1666
268,2,evaluate,1.5377754370371501,0.5851318944844125,0.42291323154394,0.29268877842824487,0.3444014826566429,1668
268,3,evaluate,1.5353829794459872,0.5792316926770709,0.3628364429401295,0.289541632525461,0.32067841659992774,1666
268,4,evaluate,1.5907158807471946,0.5324129651860744,0.33893057174034,0.2677182931771594,0.2982860404329084,1666
268,5,evaluate,1.4607131942002862,0.5774309723889556,0.41563539409353945,0.2888009472084021,0.3389274994200405,1666
269,0,evaluate,1.605123100457368,0.5282112845138055,0.33812122395945493,0.2656158168410713,0.2968556980732172,1666
269,1,evaluate,1.693967776166068,0.5359712230215827,0.3722681279724983,0.26801489255150457,0.31051723201533254,1668
269,2,evaluate,1.5297107718608998,0.575030012004802,0.3588269325758972,0.28748440042214285,0.31794775473970216,1666
269,3,evaluate,1.5260288891968903,0.5833333333333334,0.4208776937057747,0.2917924980256172,0.3432036710904659,1668
269,4,evaluate,1.4827894333887983,0.5762304921968787,0.4147540665454269,0.2881595465111448,0.3382723459814998,1666
269,5,evaluate,1.7105843391683366,0.5204081632653061,0.37148509274125974,0.26088858534966997,0.30496588042304235,1666
270,0,evaluate,1.4916641546620264,0.5756302521008403,0.41557414458949243,0.28785201941563643,0.3384641739785636,1666
270,1,evaluate,1.6251676656581737,0.5270108043217286,0.33888450376578877,0.26497824942669,0.29685868489123224,1666
270,2,evaluate,1.5221764897858654,0.5768307322929171,0.35964932164269225,0.28841595107167506,0.31880859587775245,1666
270,3,evaluate,1.5325351291232638,0.5851318944844125,0.4211298860830871,0.29269067917069763,0.34371772641971077,1668
270,4,evaluate,1.6934523736989056,0.5341726618705036,0.3716431922967437,0.2670469477878559,0.3095890867555785,1668
270,5,evaluate,1.7188412734755762,0.5198079231692677,0.3721077808429004,0.26063743691637953,0.30507157788898837,1666
271,0,evaluate,1.6684970789485507,0.540167865707434,0.3724653499552621,0.2700316347569195,0.3120103109965801,1668
271,1,evaluate,1.5278360225536205,0.578031212484994,0.35813298977378255,0.2889218545427999,0.31856015529057663,1666
271,2,evaluate,1.5756629904111226,0.5755395683453237,0.4208280455530643,0.28791876480304224,0.3399249344119952,1668
271,3,evaluate,1.7198306518020454,0.5180072028811524,0.3692863077694223,0.25943202207383864,0.30385559621362995,1666
271,4,evaluate,1.6277388135592143,0.5276110444177671,0.33943537631385523,0.2652904212416307,0.29702860666999786,1666
271,5,evaluate,1.5037722866292353,0.5774309723889556,0.41730205716088786,0.28877154084225953,0.3392239694649156,1666
272,0,evaluate,1.5518220707222268,0.579136690647482,0.4208274224609164,0.2896928825506283,0.34173337591943737,1668
272,1,evaluate,1.7189150494005945,0.5156062424969988,0.3686256527489653,0.25833173090752826,0.3025244877174615,1666
272,2,evaluate,1.5410089283077806,0.578031212484994,0.3617588664560565,0.2889745765922805,0.32017708533556294,1666
272,3,evaluate,1.6166740788353815,0.5330132052821128,0.34160886169408017,0.26799900836752505,0.29957020371228615,1666
272,4,evaluate,1.6888055635823145,0.5347721822541966,0.37169837506718706,0.2673728577053293,0.3098761937831234,1668
272,5,evaluate,1.5032760167011507,0.5756302521008403,0.4145391959311603,0.28784876455218206,0.33787454874532963,1666
273,0,evaluate,1.5369950047245733,0.5738295318127251,0.3595228720012801,0.2869165393085399,0.3180397369211058,1666
273,1,evaluate,1.6371825006273057,0.5294117647058824,0.34095005474575296,0.2662149652869693,0.2982939059145041,1666
273,2,evaluate,1.5715681491074738,0.5785371702637889,0.4203122103943798,0.28939448308806504,0.34142949681814966,1668
273,3,evaluate,1.5145215091330033,0.5690276110444178,0.41371368243040496,0.2845654543042172,0.33548898178740927,1666
273,4,evaluate,1.7151935997384566,0.5192076830732293,0.36732189747438115,0.26021712671572284,0.3034221153083105,1666
273,5,evaluate,1.6871424681610532,0.5341726618705036,0.3708585441335096,0.26701947022786326,0.30930483794353925,1668
274,0,evaluate,1.6323966229403462,0.5312124849939976,0.3417063626284125,0.2671052907624728,0.2991132798271725,1666
274,1,evaluate,1.531700702591075,0.5660264105642256,0.4151663656942083,0.2830656214877928,0.3346695966550072,1666
274,2,evaluate,1.5334983865420024,0.578031212484994,0.3621137499411476,0.28899409082050054,0.32054331097012856,1666
274,3,evaluate,1.671334856086307,0.5341726618705036,0.3716395974947913,0.2670482163732665,0.30975693002487326,1668
274,4,evaluate,1.689017986671792,0.5240096038415366,0.3681954380036632,0.2626260854637402,0.3056111065936145,1666
274,5,evaluate,1.5827615084471527,0.580335731414868,0.4226397529582897,0.290301000999438,0.3426137280982459,1668
275,0,evaluate,1.6780647138754528,0.5335731414868106,0.369865408941746,0.26661104547678727,0.3090611562775544,1668
275,1,evaluate,1.5225276660036158,0.5840336134453782,0.3611848769734254,0.2918456892703067,0.32209134482993457,1666
275,2,evaluate,1.5199233398393348,0.5684273709483794,0.4147834441388297,0.2842553397394653,0.3354174084267177,1666
275,3,evaluate,1.648363086912367,0.5300120048019208,0.34228250084311806,0.2664718526398845,0.2989772969726165,1666
275,4,evaluate,1.7063723184444286,0.5192076830732293,0.3659739119632779,0.2603245020111855,0.30350796579722833,1666
275,5,evaluate,1.5822283780133282,0.5821342925659473,0.4224317350723467,0.29120890038792785,0.342950596182808,1668
276,0,evaluate,1.5409004599959761,0.592326139088729,0.42268835644776903,0.29626849326364824,0.34700910319226963,1668
276,1,evaluate,1.7070864659768563,0.5233812949640287,0.3699174392674016,0.26160787371133587,0.3058200235064783,1668
276,2,evaluate,1.622906698120965,0.5288115246098439,0.33745777020233053,0.26578708460389516,0.2968683213166027,1666
276,3,evaluate,1.540879472538277,0.5756302521008403,0.3580658678977858,0.2876739663227,0.3182207054342007,1666
276,4,evaluate,1.4989718077359375,0.5768307322929171,0.4142203569585597,0.2884658287671327,0.3384867370631373,1666
276,5,evaluate,1.7273775245304461,0.5204081632653061,0.36987002345355935,0.26095574328507637,0.30494651210017554,1666
277,0,evaluate,1.6350823729126542,0.5300120048019208,0.3383852102129724,0.2665106165930958,0.29761380011294125,1666
277,1,evaluate,1.7202642910458423,0.5228091236494598,0.3675466899242165,0.2620879249745829,0.3048616411046437,1666
277,2,evaluate,1.546220944987403,0.5786314525810324,0.36090664032674374,0.28906993959241517,0.3202040081773731,1666
277,3,evaluate,1.522725632345235,0.575030012004802,0.4177845114458387,0.28757064382281633,0.33879995490399406,1666
277,4,evaluate,1.7050447905505146,0.5245803357314148,0.36995508908262853,0.26232087791272163,0.30634055710276903,1668
277,5,evaluate,1.5588739315668743,0.5839328537170264,0.41999387129281,0.29208474256869515,0.3429385073000404,1668
278,0,evaluate,1.655987231819718,0.5324129651860744,0.34246441025940194,0.26772136012226505,0.2997622952322572,1666
278,1,evaluate,1.7162998340747975,0.5234093637454982,0.3670977066993003,0.262451170805953,0.30519394409594575,1666
278,2,evaluate,1.684017156009321,0.5311750599520384,0.3690544677774853,0.2654684478789511,0.30820966395186894,1668
278,3,evaluate,1.528095601885407,0.5696278511404562,0.41472714961965373,0.28480918929688614,0.33593095891431224,1666
278,4,evaluate,1.525906421520092,0.5816326530612245,0.36011012449790486,0.29064999375235134,0.3209236876337239,1666
278,5,evaluate,1.588756870340418,0.580335731414868,0.42075917125819345,0.29028817384722627,0.34198378937299195,1668
279,0,evaluate,1.6313370157171179,0.5348139255702281,0.33963640850392934,0.2689738001792924,0.29956374803505004,1666
279,1,evaluate,1.5223380070593622,0.5744297719087635,0.4147132912711178,0.287265609400527,0.337970292374557,1666
279,2,evaluate,1.7264309133644458,0.5180072028811524,0.3665990573245413,0.25986865841656737,0.3029388720403726,1666
279,3,evaluate,1.552797951080181,0.5827338129496403,0.4207855764732947,0.29147051409586805,0.3431105611938408,1668
279,4,evaluate,1.70922115555516,0.5233812949640287,0.37088952687479226,0.2616341285585002,0.30594635502641765,1668
279,5,evaluate,1.54275910059611,0.5762304921968787,0.36047798811246573,0.2881070212168778,0.3193565448917268,1666
280,0,evaluate,1.7111897534794278,0.5329736211031175,0.3743263838525796,0.2664400484371899,0.3104131310192618,1668
280,1,evaluate,1.5691037442949083,0.5809352517985612,0.42029494645014687,0.2905776354813243,0.3422675006308392,1668
280,2,evaluate,1.5477565703568634,0.5744297719087635,0.35842034382220855,0.2872660759545118,0.31780555386900167,1666
280,3,evaluate,1.6502785020404391,0.5336134453781513,0.3424966809933792,0.2683825259827156,0.3001058734253513,1666
280,4,evaluate,1.738572785699809,0.524609843937575,0.36793312193852423,0.26316191702502084,0.3055776564009282,1666
280,5,evaluate,1.5107717031130083,0.5786314525810324,0.41475131653537395,0.2893922809924653,0.3394212218498588,1666
281,0,evaluate,1.7696622634927432,0.5222088835534213,0.370264555193293,0.26193824811890043,0.3057224231545007,1666
281,1,evaluate,1.7103603967913874,0.5275779376498801,0.3698150217259169,0.2636433252245654,0.30670540520351236,1668
281,2,evaluate,1.494457108003122,0.5846338535414166,0.414661468593813,0.29235117674647515,0.3415204673867752,1666
281,3,evaluate,1.5400976395165478,0.5786314525810324,0.3588634302495828,0.2892312302263621,0.31926707756673445,1666
281,4,evaluate,1.5886106535240456,0.5761390887290168,0.4197304515228306,0.28815945933635667,0.34053514561747217,1668
281,5,evaluate,1.6622520729347512,0.5306122448979592,0.3414478162906799,0.2667566181719363,0.29886956909933127,1666
282,0,evaluate,1.5706587102678087,0.5869304556354916,0.4223745718604787,0.29358548658227795,0.345227541620453,1668
282,1,evaluate,1.718999328436675,0.5311750599520384,0.3723455014667822,0.2654306549430505,0.30902130682965623,1668
282,2,evaluate,1.644582258330451,0.5336134453781513,0.340921084107631,0.2683839531144159,0.2996280448722588,1666
282,3,evaluate,1.5528248658886663,0.5744297719087635,0.3591249471206618,0.28712194333744256,0.3182652178742603,1666
282,4,evaluate,1.5315757277939055,0.5792316926770709,0.41452759249636867,0.289675797317063,0.3395930833498017,1666
282,5,evaluate,1.738169229140988,0.5270108043217286,0.3710314861929649,0.26434853416243664,0.3075250272121258,1666
283,0,evaluate,1.5480052944686677,0.578031212484994,0.41471039264514936,0.28905071710752334,0.33937205536791726,1666
283,1,evaluate,1.7407085155999218,0.5258103241296519,0.3705163339232846,0.26375802350520183,0.3070108237338247,1666
283,2,evaluate,1.6593685150146484,0.5336134453781513,0.3434783896398693,0.2683324727597404,0.3005179833101761,1666
283,3,evaluate,1.6037541848641854,0.580335731414868,0.42192746502125067,0.290302566460129,0.3426444124152269,1668
283,4,evaluate,1.7094799942440457,0.539568345323741,0.3719718492034046,0.2695273199950123,0.31182184296259435,1668
283,5,evaluate,1.5564507179790072,0.5756302521008403,0.3568625573597438,0.28761606268971224,0.3178639532015512,1666
284,0,evaluate,1.7329679639251143,0.5305755395683454,0.37361943151187127,0.26512592681553154,0.3093697404173349,1668
284,1,evaluate,1.5778030642756709,0.5857314148681055,0.4197732600104002,0.29301347059392746,0.3435194601319326,1668
284,2,evaluate,1.5368910865099341,0.5822328931572629,0.41322619543342826,0.2911899635571845,0.3401804848794985,1666
284,3,evaluate,1.7554689872044105,0.521608643457383,0.3700338599260128,0.26156912119423137,0.3053331860573636,1666
284,4,evaluate,1.5584706553706416,0.5762304921968787,0.3582486785254187,0.28798713375564666,0.3181637140111029,1666
284,5,evaluate,1.6549355895430953,0.5300120048019208,0.34163241612464124,0.2665275573072751,0.2988214766478077,1666
285,0,evaluate,1.7328000863393147,0.5317745803357314,0.3720714115605756,0.26565918147194834,0.30922028081163944,1668
285,1,evaluate,1.7746680820429768,0.5198079231692677,0.37038424572136636,0.2607903436102773,0.30490575241164464,1666
285,2,evaluate,1.5622652294459167,0.5732292917166867,0.3560598579156273,0.2864049622593914,0.31641579972905803,1666
285,3,evaluate,1.530635255354422,0.5828331332533013,0.4133926264444886,0.29149232084975546,0.3405448331994819,1666
285,4,evaluate,1.6567300580166004,0.531812725090036,0.3413965038756743,0.26737109040950224,0.2993230913138856,1666
285,5,evaluate,1.5861282856376082,0.5869304556354916,0.4205002471622157,0.2935869651801752,0.3443709491005933,1668
286,0,evaluate,1.7212776298876162,0.5335731414868106,0.3725778869495374,0.26657851367568386,0.3099314854785352,1668
286,1,evaluate,1.5518502206714064,0.578031212484994,0.4130172447040567,0.28906003980754363,0.3385422075931738,1666
286,2,evaluate,1.7527049570171922,0.5186074429771909,0.36856622564362274,0.26005628417465804,0.3041270433008701,1666
286,3,evaluate,1.570726913434488,0.5702280912364946,0.35633535870497374,0.28502565939260166,0.31572020877042534,1666
286,4,evaluate,1.6101125854033012,0.5755395683453237,0.41879066249922137,0.28790895602174965,0.33989609978166974,1668
286,5,evaluate,1.650192349045365,0.5306122448979592,0.34075701590477625,0.26680075969169026,0.29869802001899187,1666
287,0,evaluate,1.549532189965248,0.5756302521008403,0.41307168143545603,0.28787565016211514,0.337699065433607,1666
287,1,evaluate,1.5923967758814495,0.579136690647482,0.41669932660158526,0.2896810141900849,0.34048859908176254,1668
287,2,evaluate,1.5784287927327332,0.5738295318127251,0.35878743824585657,0.28680577570952825,0.31786844263884034,1666
287,3,evaluate,1.742472478636989,0.5299760191846523,0.37427063533370164,0.26470784785424567,0.3093290050676579,1668
287,4,evaluate,1.6503796312544081,0.5378151260504201,0.3433989582554028,0.2703847163770422,0.30195300947178605,1666
287,5,evaluate,1.7580372271714386,0.5192076830732293,0.3700673417487908,0.2604855468688366,0.3047203565681477,1666
288,0,evaluate,1.5793927554731015,0.5768307322929171,0.3594881444698864,0.2880840050400967,0.31904852366709013,1666
288,1,evaluate,1.5592633579616193,0.5756302521008403,0.41308270189655383,0.2879154061168053,0.33740116143360044,1666
288,2,evaluate,1.6068791857472173,0.5785371702637889,0.4188059392603011,0.28937271250053814,0.3408487237494121,1668
288,3,evaluate,1.6502119214446456,0.536014405762305,0.3411886683976173,0.2694384875769126,0.30029324116424894,1666
288,4,evaluate,1.749700595383291,0.524609843937575,0.37044994961752453,0.26319494071940697,0.3067950122332899,1666
288,5,evaluate,1.7275377688584503,0.5335731414868106,0.3741172997380753,0.26662900224072017,0.3108860504794269,1668
289,0,evaluate,1.6393545821860984,0.5743405275779376,0.4212966484057733,0.2872866167538641,0.3399885165588311,1668
289,1,evaluate,1.713006571487144,0.5425659472422062,0.37305077210094073,0.27105726556048104,0.3133088231930604,1668
289,2,evaluate,1.5362665529052417,0.5768307322929171,0.41376123073351,0.2885043368881242,0.3377844100512374,1666
289,3,evaluate,1.7770541227526135,0.5186074429771909,0.3705847103845764,0.26017292290365607,0.3048997085360491,1666
289,4,evaluate,1.5768499617223386,0.5744297719087635,0.3571804281156732,0.28686335145030806,0.31735430964659656,1666
289,5,evaluate,1.6652244682665225,0.5336134453781513,0.34002965423771964,0.26833572949565726,0.2990069455249819,1666
290,0,evaluate,1.5463105881655659,0.5726290516206483,0.41170145492423726,0.2863811127333948,0.33564885715028725,1666
290,1,evaluate,1.6226984990967646,0.5827338129496403,0.4227282029412761,0.2915056362929723,0.3432627134994023,1668
290,2,evaluate,1.567536883884006,0.5786314525810324,0.357886696007219,0.2889835027461998,0.3190015119053271,1666
290,3,evaluate,1.7260873759234394,0.5377697841726619,0.37160139251825003,0.2686293650484744,0.3110206565169347,1668
290,4,evaluate,1.7718872778393604,0.5240096038415366,0.3729278645320252,0.26295846394915945,0.30731439881398936,1666
290,5,evaluate,1.6806548613089103,0.5288115246098439,0.340497185520824,0.26586460839653575,0.29779788401881335,1666
291,0,evaluate,1.755286830442923,0.5317745803357314,0.37230716216607784,0.26576401681980577,0.3094745505193431,1668
291,1,evaluate,1.7911057538456387,0.5222088835534213,0.37326916001762356,0.2622250941262164,0.3067160483818385,1666
291,2,evaluate,1.5964515253349587,0.575030012004802,0.3597356519962376,0.28726912606205873,0.3186842321751552,1666
291,3,evaluate,1.5428872635519062,0.5786314525810324,0.41299444605117985,0.2893781066480287,0.3389538915572784,1666
291,4,evaluate,1.6604325727180198,0.5336134453781513,0.3396477713377971,0.2682786185200244,0.29918944122793273,1666
291,5,evaluate,1.6049914448349565,0.5857314148681055,0.4213134514512774,0.2929702441846621,0.34425392218486806,1668
292,0,evaluate,1.7945443540811539,0.5186074429771909,0.37053386766712737,0.26034973112306353,0.30415797654703997,1666
292,1,evaluate,1.5410749931578283,0.5774309723889556,0.41310448821572326,0.28879367287393276,0.3384445394593859,1666
292,2,evaluate,1.6111566187055022,0.5660264105642256,0.3565211501952772,0.2827884508877929,0.31417466011281714,1666
292,3,evaluate,1.6497633059819539,0.5372148859543817,0.338390080925027,0.2701915542683312,0.2997820700598883,1666
292,4,evaluate,1.5829770211820249,0.5821342925659473,0.41858674816878355,0.2911783600906732,0.3420434237337474,1668
292,5,evaluate,1.7741921499923423,0.5269784172661871,0.3720030064465466,0.26352262823871275,0.30766608117130173,1668
293,0,evaluate,1.7582006873907867,0.5305755395683454,0.37269248229411833,0.2652627635773561,0.30915231175422553,1668
293,1,evaluate,1.797471586200926,0.5162064825930373,0.37020057440339943,0.2590826645423875,0.30345476389757453,1666
293,2,evaluate,1.6107861421726368,0.5809352517985612,0.42131368469035174,0.29057302552689074,0.3425959346750818,1668
293,3,evaluate,1.6658087880523116,0.5312124849939976,0.3382118155250532,0.2671229529523933,0.2977327391660731,1666
293,4,evaluate,1.5440477276289906,0.5858343337334934,0.4155370623528518,0.29300340455848806,0.3421962094551199,1666
293,5,evaluate,1.610474705696106,0.5666266506602641,0.3553382153629371,0.2830250007080013,0.31415595494720716,1666
294,0,evaluate,1.6255925761328802,0.579136690647482,0.42200614265778336,0.2896731210400344,0.34239354307866937,1668
294,1,evaluate,1.6010679845456723,0.5696278511404562,0.35548824910510557,0.28454073328148155,0.3152291698954989,1666
294,2,evaluate,1.6886842604036685,0.5300120048019208,0.3401269789526177,0.26654271497116555,0.29809570873939367,1666
294,3,evaluate,1.7602886160214741,0.5341726618705036,0.37014567825358763,0.2669687429585899,0.3094870804595534,1668
294,4,evaluate,1.5629529685333923,0.5834333733493398,0.41459859762714624,0.2917730344598683,0.34097563810751635,1666
294,5,evaluate,1.7947961745990648,0.5228091236494598,0.37041077240447595,0.26242765448399646,0.30595108557956824,1666
295,0,evaluate,1.6935467720031738,0.5264105642256903,0.3386132266444015,0.2647524104500182,0.29616662332955185,1666
295,1,evaluate,1.597310197574121,0.5702280912364946,0.3556734833664469,0.28481360183547516,0.31548240213110257,1666
295,2,evaluate,1.780312346915404,0.5288115246098439,0.3715953544571662,0.2654308296363602,0.3083516063242854,1666
295,3,evaluate,1.7628021549295496,0.5311750599520384,0.36973878647790015,0.26545622980841765,0.3082887483267112,1668
295,4,evaluate,1.6275396921016552,0.5857314148681055,0.4220372621765202,0.29296241081886876,0.3446289319378706,1668
295,5,evaluate,1.5811115137680813,0.5756302521008403,0.4131096187947193,0.2878803170616057,0.3374621667736756,1666
296,0,evaluate,1.698875038712113,0.5294117647058824,0.3398236118267261,0.26618217693944357,0.29733324017060575,1666
296,1,evaluate,1.6030972075683099,0.5720288115246098,0.4134016660862835,0.2860997090575842,0.3360280366208418,1666
296,2,evaluate,1.603465489215321,0.5720288115246098,0.3560187943029739,0.28566974124256156,0.3162957918089214,1666
296,3,evaluate,1.638809287989581,0.580335731414868,0.4199800246239258,0.29029907220240136,0.34162581196260516,1668
296,4,evaluate,1.770280127172117,0.5270108043217286,0.36950857865126085,0.26450084784090444,0.3070152961479863,1666
296,5,evaluate,1.763213954589985,0.5329736211031175,0.36947410459635266,0.2661900305367908,0.3089056180510106,1668
297,0,evaluate,1.7538452722408153,0.5323741007194245,0.36713336840505295,0.2661778618918797,0.307929118939014,1668
297,1,evaluate,1.7786409341626697,0.521608643457383,0.36527826841694794,0.26180141601762175,0.3038681235042843,1666
297,2,evaluate,1.6587326526641846,0.5785371702637889,0.41931786884368744,0.2893981164542331,0.3405537435314692,1668
297,3,evaluate,1.5919295764631696,0.581032412965186,0.36043947572034557,0.29039097516107104,0.3209148099990021,1666
297,4,evaluate,1.7171370806517425,0.5312124849939976,0.34141834881440286,0.26718008372831126,0.29847611883124664,1666
297,5,evaluate,1.6000508966821212,0.570828331332533,0.415554877800788,0.28552066817296845,0.33599723345216503,1666
298,0,evaluate,1.6386092901229858,0.5779376498800959,0.42046259984866036,0.289083066882866,0.34109643522130406,1668
298,1,evaluate,1.8339707685841455,0.5096038415366146,0.3673015296496491,0.25566363501938344,0.30025411235625804,1666
298,2,evaluate,1.693817553696809,0.5300120048019208,0.33786397010086444,0.2666409275261227,0.29690352579830376,1666
298,3,evaluate,1.7620164928612885,0.5305755395683454,0.3688032599443417,0.2652833204826549,0.3076603163342584,1668
298,4,evaluate,1.6086004630283073,0.5732292917166867,0.3567787685323336,0.2863978207224589,0.3167874682299555,1666
298,5,evaluate,1.540439820262017,0.5822328931572629,0.4118928612735571,0.29126225729807637,0.3391873257651401,1666
299,0,evaluate,1.7642747870198003,0.5329736211031175,0.36880380388999956,0.26643240101066484,0.3085454583456951,1668
299,1,evaluate,1.6121040891717981,0.5756302521008403,0.3572209525753481,0.2876324942176144,0.31769308342660285,1666
299,2,evaluate,1.5522728832783523,0.581032412965186,0.41356606420857744,0.29063177608180124,0.3392196518373508,1666
299,3,evaluate,1.6402915009745844,0.5779376498800959,0.41809419577159607,0.2891091970740979,0.34008854767549795,1668
299,4,evaluate,1.70350091987186,0.5312124849939976,0.34006597780579895,0.26716199760355597,0.29807183788303054,1666
299,5,evaluate,1.8340077391929097,0.514405762304922,0.37025173293876773,0.25799332564852884,0.30296830617483866,1666
300,0,evaluate,1.6286462589546487,0.5839328537170264,0.4212575608261897,0.2921200114128503,0.34323227658880134,1668
300,1,evaluate,1.701091214462563,0.5354141656662665,0.3417969612520536,0.2693675375131686,0.3002565556130373,1666
300,2,evaluate,1.6093833772120651,0.5768307322929171,0.3594128128417827,0.28816164342802664,0.3192123652215483,1666
300,3,evaluate,1.7910848591062758,0.5204081632653061,0.3672551497450635,0.26104149204356775,0.30383386439017196,1666
300,4,evaluate,1.769352897449776,0.5293764988009593,0.36778972869986915,0.26454133747012876,0.3071937917593922,1668
300,5,evaluate,1.597631148993969,0.5696278511404562,0.41548511628436613,0.2849372764060118,0.33563453177160696,1666
301,0,evaluate,1.5917891909678776,0.5678271308523409,0.4139611014065364,0.2840469431061117,0.33452216760652964,1666
301,1,evaluate,1.6360371355657224,0.5761390887290168,0.41879609062688433,0.2881966821243246,0.3395354464139403,1668
301,2,evaluate,1.5989944576113313,0.5756302521008403,0.3582935039425639,0.28751630522811944,0.3182810214076398,1666
301,3,evaluate,1.6977668868170843,0.5342136854741897,0.34333235847940874,0.2686798851184937,0.30032316453469365,1666
301,4,evaluate,1.7645462883843317,0.5305755395683454,0.36884239340177744,0.265116731347825,0.3079902602833373,1668
301,5,evaluate,1.7884586723866287,0.5240096038415366,0.36779294617193103,0.2628046982580804,0.3054433362143699,1666
302,0,evaluate,1.7296618664706196,0.5264105642256903,0.3405384458031497,0.26486230238481934,0.2968492163907919,1666
302,1,evaluate,1.7518623449184276,0.5323741007194245,0.3659291952693731,0.26590365706364255,0.3073565531664043,1668
302,2,evaluate,1.5793888143919133,0.5828331332533013,0.35953532966616963,0.29116032802453307,0.32101058206003596,1666
302,3,evaluate,1.6051495869954426,0.5696278511404562,0.4142287243538531,0.2849220832903033,0.3354165734050894,1666
302,4,evaluate,1.786537817230931,0.5276110444177671,0.3686454153593841,0.2646581316856565,0.3071537377674479,1666
302,5,evaluate,1.6653118530909221,0.5701438848920863,0.4178938884001343,0.2851999031041334,0.3372992319333783,1668
303,0,evaluate,1.6146434570352237,0.5690276110444178,0.4142284213537238,0.28456065939016223,0.33533546246409995,1666
303,1,evaluate,1.7430859428864938,0.5240096038415366,0.3403815619194555,0.26363253279763293,0.2959315720882812,1666
303,2,evaluate,1.7846546493194722,0.5300120048019208,0.3692819927433718,0.26587941531844456,0.30827529721234626,1666
303,3,evaluate,1.7495401369200811,0.5377697841726619,0.36908850386705183,0.2686485868447778,0.31000492543638036,1668
303,4,evaluate,1.6754186219639249,0.5701438848920863,0.4184846743835874,0.28523152736842067,0.33750443242183387,1668
303,5,evaluate,1.5823696940033525,0.5774309723889556,0.35609631174882583,0.28851690356460147,0.3178776604792301,1666
304,0,evaluate,1.7613465079554804,0.5222088835534213,0.339672106099802,0.26271010894405966,0.2953325332688013,1666
304,1,evaluate,1.5825552311208513,0.5804321728691476,0.3563229763602262,0.29011389622791406,0.3187712611682415,1666
304,2,evaluate,1.6758570229565655,0.5707434052757794,0.4182435615840725,0.2855064982927883,0.33759949733258193,1668
304,3,evaluate,1.7685460249582927,0.5341726618705036,0.3687069148043613,0.2666881850612891,0.3084144730972521,1668
304,4,evaluate,1.8019480881867584,0.5300120048019208,0.36965825784982387,0.2659645868643218,0.3083665178172768,1666
304,5,evaluate,1.608870646605889,0.5702280912364946,0.41458016796757596,0.2851586949105082,0.3358348990354031,1666
305,0,evaluate,1.655814782336906,0.5749400479616307,0.42065687785794836,0.28760161312387134,0.34007571896126243,1668
305,1,evaluate,1.780052419062014,0.5299760191846523,0.36838300836720095,0.2647428604445964,0.30713154878942944,1668
305,2,evaluate,1.5958942329442058,0.5774309723889556,0.356906430300891,0.28865534471717813,0.3181147374433027,1666
305,3,evaluate,1.5961611091538712,0.5660264105642256,0.4115762654275734,0.2830857278254021,0.3333888032170843,1666
305,4,evaluate,1.7338919286374692,0.5300120048019208,0.3425998177095261,0.2666686600166274,0.2988851789964859,1666
305,5,evaluate,1.8060523401255961,0.5234093637454982,0.3672671456256181,0.2624853194792717,0.305356976250477,1666
306,0,evaluate,1.5938381218799837,0.5720288115246098,0.4131532258705479,0.28606048950083485,0.3360839045934697,1666
306,1,evaluate,1.593696415424347,0.5756302521008403,0.35630002154196433,0.287524845345031,0.3173597133430911,1666
306,2,evaluate,1.807968004986092,0.5252100840336135,0.3697462881458583,0.2635053893384001,0.30677108316741575,1666
306,3,evaluate,1.6683483587370977,0.5695443645083933,0.4176399206244364,0.28491212747528805,0.3372202942687135,1668
306,4,evaluate,1.7726491888364155,0.526378896882494,0.36575507026108756,0.26282187575331434,0.3050544204932253,1668
306,5,evaluate,1.7407231728235881,0.5258103241296519,0.3424059349319494,0.264470534801434,0.2974249213584529,1666
307,0,evaluate,1.7754966417948406,0.5276110444177671,0.3444737748863769,0.26539481692593336,0.29882397636305086,1666
307,1,evaluate,1.813192209435834,0.5276110444177671,0.3693387055774207,0.2647375008173969,0.3074595027980457,1666
307,2,evaluate,1.796170261171129,0.5251798561151079,0.3649045172215037,0.2618790444769411,0.30384700188498703,1668
307,3,evaluate,1.5766331994975056,0.5822328931572629,0.3562601339558712,0.29081545825395855,0.3193860555819892,1666
307,4,evaluate,1.612450193475794,0.570828331332533,0.41246147346342993,0.28542620947028974,0.3354030890287737,1666
307,5,evaluate,1.6615031825171576,0.5767386091127098,0.41830957971636523,0.28852500398108577,0.33958031835047087,1668
308,0,evaluate,1.742471081239206,0.5312124849939976,0.3441615886144608,0.26713573737010365,0.29993059784567194,1666
308,1,evaluate,1.6631322370635138,0.5767386091127098,0.41958194623611167,0.2885204230572834,0.34045653611285404,1668
308,2,evaluate,1.8199835684564378,0.5228091236494598,0.3697104448923956,0.2621785834291298,0.3058486791075388,1666
308,3,evaluate,1.7944163437242862,0.5251798561151079,0.3666185624151711,0.2620032617247546,0.3046585218906356,1668
308,4,evaluate,1.5972951319482591,0.5786314525810324,0.357522360384415,0.289069299527522,0.3188708530710517,1666
308,5,evaluate,1.6003940762193114,0.5732292917166867,0.4119486693245893,0.2866603475944373,0.33598588986056865,1666
309,0,evaluate,1.807959506219184,0.5282112845138055,0.36976988760475,0.2648537643595178,0.30750513583970884,1666
309,1,evaluate,1.6568729237273887,0.5737410071942446,0.41725840029880956,0.28704215904821473,0.337933817521304,1668
309,2,evaluate,1.8052629938832037,0.5269784172661871,0.3663430549338889,0.2629094898999248,0.3052920588748992,1668
309,3,evaluate,1.6064635195113994,0.578031212484994,0.356888113186655,0.28878300838644994,0.3184384095747112,1666
309,4,evaluate,1.6277939517188955,0.5654261704681873,0.41155412184794377,0.28277899100311943,0.33281202210628125,1666
309,5,evaluate,1.7561688555611505,0.5258103241296519,0.34147487944224053,0.26444649184810537,0.29712937887671503,1666
310,0,evaluate,1.6407440415135137,0.5779376498800959,0.418379441781169,0.28911739377623685,0.34005900804371936,1668
310,1,evaluate,1.8312568620399192,0.5240096038415366,0.37127263676260175,0.26265671598338597,0.3064033466058448,1666
310,2,evaluate,1.6109688182671864,0.5828331332533013,0.36106538013399314,0.29123562956264254,0.3213732144743127,1666
310,3,evaluate,1.749430360617461,0.5264105642256903,0.34074256254232094,0.2646826572703853,0.29729277465947723,1666
310,4,evaluate,1.602478036450015,0.5756302521008403,0.41350291504618675,0.2878499040610975,0.3373065278183135,1666
310,5,evaluate,1.8214191397031148,0.5239808153477218,0.36688326180420655,0.2615115397873562,0.30432097195820795,1668
311,0,evaluate,1.628492494424184,0.5660264105642256,0.4132813514475838,0.28304225973521113,0.3333757167881205,1666
311,1,evaluate,1.6480569022673148,0.579736211031175,0.41600693688903573,0.2899959983703449,0.3398862287746004,1668
311,2,evaluate,1.8133871776086312,0.5245803357314148,0.36907925556852456,0.26164938973273444,0.3052679311789911,1668
311,3,evaluate,1.5985327826605902,0.5786314525810324,0.3570755793863644,0.2890507468493973,0.3187173746366242,1666
311,4,evaluate,1.805115048946054,0.5282112845138055,0.3708719077560617,0.26494088993724396,0.30789325697911396,1666
311,5,evaluate,1.769416923876162,0.5282112845138055,0.3438220176520135,0.26555964066174537,0.29905049420768226,1666
312,0,evaluate,1.6211890387866232,0.5696278511404562,0.4137434496642525,0.2848169638290505,0.3346835807891203,1666
312,1,evaluate,1.593716882997089,0.5894357743097239,0.36170267801094075,0.29440281088183406,0.3235849550643595,1666
312,2,evaluate,1.677849758554388,0.5725419664268585,0.41810145068990046,0.28639558568041323,0.3382396106358148,1668
312,3,evaluate,1.7950711162001998,0.5293764988009593,0.37029290574243223,0.2641011845722283,0.30715261429859,1668
312,4,evaluate,1.783136045491254,0.5258103241296519,0.3441853468088207,0.2643733671113485,0.29831981362410487,1666
312,5,evaluate,1.8243865161030381,0.5252100840336135,0.37106574292452826,0.2634955778476969,0.30699698033157014,1666
313,0,evaluate,1.6072656799245764,0.5834333733493398,0.3583676634804259,0.2914036153911214,0.3203206872430303,1666
313,1,evaluate,1.8180077561625727,0.5233812949640287,0.3699104976993602,0.26104407470429214,0.3050919005860657,1668
313,2,evaluate,1.667040056652493,0.5761390887290168,0.4175255202414537,0.2881948196944425,0.33937814448292736,1668
313,3,evaluate,1.7801702596523143,0.5294117647058824,0.3445121598974845,0.2660607259707876,0.29959186758804823,1666
313,4,evaluate,1.8354878880911403,0.5252100840336135,0.37045993096909297,0.2635591084243046,0.306676361683098,1666
313,5,evaluate,1.6219119567562033,0.5660264105642256,0.4128832020400653,0.2830090545547986,0.33316962036771125,1666
314,0,evaluate,1.6084699674888894,0.5786314525810324,0.35649231083947186,0.2889465362148859,0.3179616674509963,1666
314,1,evaluate,1.7863040456065424,0.5306122448979592,0.3460203433844681,0.2667359601437653,0.300513198866894,1666
314,2,evaluate,1.6154755707140322,0.5678271308523409,0.41141917010504986,0.28394683166278395,0.33319401043268837,1666
314,3,evaluate,1.818295611275567,0.5269784172661871,0.37058583920903115,0.2628586760065353,0.3065311408735206,1668
314,4,evaluate,1.6698382320227447,0.5773381294964028,0.415885138446965,0.28879905442635556,0.33921505006137953,1668
314,5,evaluate,1.848121376225242,0.5240096038415366,0.36993275640066603,0.262920976523349,0.30585201773454174,1666
315,0,evaluate,1.6166744673693623,0.575030012004802,0.35679198426840947,0.28717369452431074,0.31697923641472026,1666
315,1,evaluate,1.7653615253942985,0.5300120048019208,0.343959446420834,0.26640812739568037,0.29962458252307184,1666
315,2,evaluate,1.8520738788776927,0.5228091236494598,0.37196240128857905,0.262221583583102,0.3062485729734013,1666
315,3,evaluate,1.604940214642772,0.5684273709483794,0.41244316633437056,0.2842510477288571,0.33427896627399145,1666
315,4,evaluate,1.8136978657157332,0.5245803357314148,0.3697420563389865,0.26176985760588994,0.3055457228080195,1668
315,5,evaluate,1.6633259344983984,0.5755395683453237,0.416229684834336,0.2878890049207318,0.33865302000901254,1668
316,0,evaluate,1.81798060707472,0.5270108043217286,0.3700665179920913,0.2642143274967497,0.30705446724827395,1666
316,1,evaluate,1.6544946520416826,0.5815347721822542,0.4178373406973218,0.29091783595661563,0.3413860810431547,1668
316,2,evaluate,1.631174608513161,0.5684273709483794,0.41367844084988353,0.2843011430134681,0.3347406684468469,1666
316,3,evaluate,1.8021164779309873,0.5251798561151079,0.3712646029445061,0.2620627865712966,0.30645173683329957,1668
316,4,evaluate,1.6261876115092524,0.5738295318127251,0.3573230588707733,0.2866328388732694,0.31717836718264303,1666
316,5,evaluate,1.7452404852266665,0.5330132052821128,0.3428675881264905,0.26790780534926445,0.30004455877962743,1666
317,0,evaluate,1.62787366354907,0.5744297719087635,0.35786342146657474,0.2870113729613385,0.3173388137089027,1666
317,1,evaluate,1.8356721398455125,0.5258103241296519,0.37157447276972155,0.2637353582790187,0.30723630740808466,1666
317,2,evaluate,1.8058578107092116,0.5287769784172662,0.3703440974965845,0.2640169944719225,0.3073158986340747,1668
317,3,evaluate,1.6715142771049782,0.5761390887290168,0.4195598083083091,0.2882166500662265,0.34020225096533524,1668
317,4,evaluate,1.6319675164090262,0.5720288115246098,0.41362880372999455,0.2860752977449883,0.33613691650893296,1666
317,5,evaluate,1.7646726590615731,0.536014405762305,0.3455803420912229,0.2694620077117356,0.302147335790094,1666
318,0,evaluate,1.6143500363385235,0.5726290516206483,0.41387981808613283,0.28639448113447546,0.3363771362880726,1666
318,1,evaluate,1.8115694876070376,0.5269784172661871,0.3691460492169445,0.2630178227736232,0.3062507357944204,1668
318,2,evaluate,1.6402839455339644,0.578031212484994,0.358965532080275,0.2888244028133095,0.3189296305096124,1666
318,3,evaluate,1.7586751072495073,0.536014405762305,0.34458510329787745,0.26949955103373374,0.30178239265147583,1666
318,4,evaluate,1.849756440906613,0.5198079231692677,0.36923757359684134,0.26066168780927435,0.30438931075720327,1666
318,5,evaluate,1.6616759543065671,0.579736211031175,0.42089558714058334,0.2900086527526823,0.34190617296990916,1668
319,0,evaluate,1.6333520478672452,0.5738295318127251,0.3555323550388346,0.28672730886092196,0.31640592531922807,1666
319,1,evaluate,1.8079222683553342,0.526378896882494,0.36713206965031386,0.26273413606595697,0.30535030710705396,1668
319,2,evaluate,1.7641589023448803,0.5348139255702281,0.3449482305360275,0.26886449598863404,0.3015417603721442,1666
319,3,evaluate,1.6315478939149115,0.5720288115246098,0.4149175276565856,0.2860619217910327,0.3365504006991079,1666
319,4,evaluate,1.8375602634968582,0.5234093637454982,0.36986311018822393,0.2624250399949176,0.30586341415832663,1666
319,5,evaluate,1.6629634896914165,0.5785371702637889,0.42205059898376385,0.2894314967456827,0.3420092880360119,1668
320,0,evaluate,1.6517616598694413,0.5845323741007195,0.4208030608157845,0.29242495620978104,0.3438359248127979,1668
320,1,evaluate,1.8340858221054077,0.5257793764988009,0.36981021096174116,0.26244674677366675,0.3059152932767805,1668
320,2,evaluate,1.6290027896563213,0.5726290516206483,0.41400973934021523,0.2863658423700716,0.33670975168994755,1666
320,3,evaluate,1.7470965694498133,0.5348139255702281,0.3431667375545919,0.26886457120927115,0.3009175384602004,1666
320,4,evaluate,1.8549122029432543,0.5192076830732293,0.3705171696217687,0.26038473879356355,0.3043959063264612,1666
320,5,evaluate,1.6694917678833008,0.5702280912364946,0.3557215230680084,0.28485398321977845,0.3151959582651099,1666
321,0,evaluate,1.7723731685567785,0.5306122448979592,0.34257927626865714,0.26674540000902774,0.29928019525704946,1666
321,1,evaluate,1.6395716578872115,0.5684273709483794,0.41297549136111256,0.28427320784352084,0.33492716966345415,1666
321,2,evaluate,1.6768784832071375,0.5815347721822542,0.4198550646773861,0.2909069590731271,0.34230573164334144,1668
321,3,evaluate,1.6683688428666856,0.570828331332533,0.35640082697063363,0.2851619098441216,0.3158390207512043,1666
321,4,evaluate,1.864181526005268,0.5192076830732293,0.3698286690749775,0.26042763793466717,0.3043539391013697,1666
321,5,evaluate,1.838977559849068,0.5233812949640287,0.36726030306727414,0.2614633790139947,0.30449556059789595,1668
322,0,evaluate,1.8461442611835621,0.5233812949640287,0.3678900382544807,0.26156385756748174,0.30460196077017965,1668
322,1,evaluate,1.766890667102955,0.5300120048019208,0.34178886437934897,0.2664056150263988,0.2988942544832839,1666
322,2,evaluate,1.6706989054326657,0.570828331332533,0.3549913301084629,0.28514776559519206,0.3148832927026304,1666
322,3,evaluate,1.8855883225246712,0.5138055222088835,0.3695124142033642,0.25766680925865637,0.30246965228789896,1666
322,4,evaluate,1.6732401582929823,0.5815347721822542,0.4184397505703326,0.2909014286395957,0.34180377887587926,1668
322,5,evaluate,1.620480878761521,0.5732292917166867,0.41374080925168844,0.2866059041332372,0.3370736914578362,1666
323,0,evaluate,1.5919866683306518,0.5828331332533013,0.4148909963507467,0.2914003623731708,0.34082005547571076,1666
323,1,evaluate,1.9236764576699998,0.5090036014405762,0.3721193275847052,0.25528329062933014,0.30166313877147155,1666
323,2,evaluate,1.7626076186144795,0.5306122448979592,0.3414895745579719,0.26681367475039003,0.29890047638667605,1666
323,3,evaluate,1.677395656153008,0.5690276110444178,0.3553682946337906,0.2843189579629937,0.31422554231418937,1666
323,4,evaluate,1.8366040256288316,0.5293764988009593,0.3710152518488815,0.26462658322365895,0.3075827275578956,1668
323,5,evaluate,1.6897374347404197,0.5761390887290168,0.4188789120234599,0.2882209247388982,0.34020638966054356,1668
324,0,evaluate,1.6584287705244842,0.5726290516206483,0.3539648269954071,0.2859829960079827,0.3150950217680014,1666
324,1,evaluate,1.613696034307833,0.5744297719087635,0.4120755337639063,0.2871710580431953,0.33670086931125687,1666
324,2,evaluate,1.7033848188541554,0.5749400479616307,0.41880257149589556,0.2875995340046943,0.3396955622957359,1668
324,3,evaluate,1.7722210663336295,0.5276110444177671,0.3419064313288323,0.2652567384705077,0.2981303014666856,1666
324,4,evaluate,1.8304483912609242,0.5269784172661871,0.3662183736856657,0.26313116401585007,0.30513646587300436,1668
324,5,evaluate,1.899441221246013,0.5150060024009604,0.3729461405298526,0.258375833997576,0.30420809940321236,1666
325,0,evaluate,1.8401806641508032,0.5275779376498801,0.3684815328400476,0.26338684185893574,0.3062864270925357,1668
325,1,evaluate,1.6736453153468944,0.5762304921968787,0.3574746863796371,0.28771522125313476,0.31774491874378846,1666
325,2,evaluate,1.6188343036229964,0.5792316926770709,0.4140443106538781,0.28956873240353886,0.3390302071093817,1666
325,3,evaluate,1.7036618722809687,0.5749400479616307,0.4169561014195512,0.28757067215374776,0.3390535244692224,1668
325,4,evaluate,1.9032418142866205,0.5126050420168067,0.3695951669863856,0.2570657593615199,0.30210012281966414,1666
325,5,evaluate,1.773696740468343,0.5306122448979592,0.34325945521497736,0.2667959927601845,0.29959745637769214,1666
326,0,evaluate,1.9220332489521414,0.5090036014405762,0.36949743838571214,0.2550811917481478,0.30067178821383944,1666
326,1,evaluate,1.8443104602672435,0.5293764988009593,0.3696647649445213,0.26447032919828767,0.3074106459720804,1668
326,2,evaluate,1.6092485760649045,0.5804321728691476,0.4137275046474171,0.2902375243199279,0.33946294974209235,1666
326,3,evaluate,1.6956214816481978,0.5690276110444178,0.355984164986871,0.2841700720464446,0.3147110457264656,1666
326,4,evaluate,1.7092099278061479,0.5737410071942446,0.4182349261424366,0.2869827149123534,0.3390644470810453,1668
326,5,evaluate,1.7597032211444996,0.5330132052821128,0.3417422405493022,0.2679993817679292,0.29969444894589115,1666
327,0,evaluate,1.6937069054003115,0.5696278511404562,0.35707644523816706,0.28444186833278573,0.31564366702782287,1666
327,1,evaluate,1.7586763037575617,0.5378151260504201,0.34407960042654817,0.2703884264866429,0.30208343550561756,1666
327,2,evaluate,1.6423389827487644,0.5726290516206483,0.4139060512624124,0.2863265101929341,0.3368286474574711,1666
327,3,evaluate,1.8359944621721904,0.5299760191846523,0.36790216228117256,0.26473842057914976,0.3069715217219971,1668
327,4,evaluate,1.7099039532520153,0.5767386091127098,0.41792683862204383,0.28852419939541285,0.34031720174305313,1668
327,5,evaluate,1.8934607100155618,0.517406962785114,0.3703435605695087,0.25925082090076096,0.303939095300759,1666
328,0,evaluate,1.891066725883219,0.5228091236494598,0.37181627318484195,0.2619712525246849,0.30649972174144724,1666
328,1,evaluate,1.7101448796413563,0.5767386091127098,0.41859313054767294,0.28852143137522224,0.34035847820967435,1668
328,2,evaluate,1.772033194700877,0.5348139255702281,0.34394779248497936,0.2688610840588003,0.3011152503635525,1666
328,3,evaluate,1.6570873553002323,0.5714285714285714,0.4144857118792933,0.28571400754686904,0.33641202389478353,1666
328,4,evaluate,1.6793819577605635,0.5726290516206483,0.355477279666245,0.28592028376915074,0.3161354953662114,1666
328,5,evaluate,1.8432388791331538,0.5299760191846523,0.3661561689958697,0.26460178979355986,0.30638885371573854,1668
329,0,evaluate,1.9098837853029922,0.5210084033613446,0.37241777411605,0.26112046016893903,0.3060804783170813,1666
329,1,evaluate,1.749643396448206,0.5378151260504201,0.3441817739666718,0.2703480377676687,0.30225832203348163,1666
329,2,evaluate,1.6995439441115767,0.5696278511404562,0.3560042126606728,0.284311479787997,0.3152875555204887,1666
329,3,evaluate,1.639646648808762,0.5690276110444178,0.4125450300481872,0.2845188629112224,0.3351404667480136,1666
329,4,evaluate,1.700761772968151,0.5773381294964028,0.41665555594950365,0.2888163477937578,0.34020331272412746,1668
329,5,evaluate,1.849953207704756,0.5275779376498801,0.3665067126454905,0.2634709152427114,0.30563368598105495,1668
330,0,evaluate,1.851737627276668,0.5251798561151079,0.3654082254250032,0.2622060498817212,0.304431661455978,1668
330,1,evaluate,1.7122111839276772,0.5642256902761105,0.35581726831726834,0.28157355712820603,0.3135310983266579,1666
330,2,evaluate,1.6490596110622089,0.5768307322929171,0.4146373359156619,0.2885029664638371,0.3384085222031925,1666
330,3,evaluate,1.913528337246842,0.5126050420168067,0.3688767846589954,0.2570137125228972,0.3016863875456818,1666
330,4,evaluate,1.699726356400384,0.579736211031175,0.4177986739927201,0.29000410916540326,0.3413389815144902,1668
330,5,evaluate,1.747701574254919,0.5450180072028812,0.34584387503656233,0.27402997452598765,0.3051576880543475,1666
331,0,evaluate,1.6297164719413828,0.5786314525810324,0.41349230867585296,0.28936954343249194,0.3391256141503012,1666
331,1,evaluate,1.6929795322594818,0.5773381294964028,0.4170416738128811,0.28880282148254566,0.3403703988504571,1668
331,2,evaluate,1.9213070783902098,0.5102040816326531,0.36780460794738656,0.2557667372219651,0.30038789315428865,1666
331,3,evaluate,1.7401232322057087,0.5414165666266506,0.34441204768135114,0.2722202288784128,0.30350441301310915,1666
331,4,evaluate,1.8540600140889485,0.5257793764988009,0.3663729472205146,0.26244861318725,0.3047394264732687,1668
331,5,evaluate,1.7037424423076488,0.5678271308523409,0.35890731139796345,0.28344994320263417,0.31588911018133387,1666
332,0,evaluate,1.7209301679222673,0.5737410071942446,0.41703575877736376,0.28698376056681546,0.3389233886330999,1668
332,1,evaluate,1.9037454310390685,0.5168067226890757,0.37047276464772316,0.259119273682415,0.30371948353162753,1666
332,2,evaluate,1.8370554248491924,0.5311750599520384,0.3660769768693051,0.2651534389384298,0.30680307660775635,1668
332,3,evaluate,1.6501863783708326,0.5744297719087635,0.41534528379762026,0.287287420279501,0.33801547952524197,1666
332,4,evaluate,1.6964987229417872,0.5684273709483794,0.35815345789137887,0.2836885588667008,0.3159181532810824,1666
332,5,evaluate,1.7539474964141846,0.5402160864345739,0.3436381000461917,0.2715834618898796,0.30266220366720636,1666
333,0,evaluate,1.6546815534432728,0.5732292917166867,0.4154819498091025,0.2866290011875269,0.33761677078424396,1666
333,1,evaluate,1.8381193236068443,0.5287769784172662,0.36716622286541056,0.2639184186130609,0.30619569855116346,1668
333,2,evaluate,1.9018048679939024,0.5192076830732293,0.3722135319230058,0.2603832688628681,0.30509781410270964,1666
333,3,evaluate,1.7277226271452728,0.5731414868105515,0.4164453841921407,0.28668521445720135,0.3383256828178756,1668
333,4,evaluate,1.7737959932397913,0.5366146458583433,0.3447902797142978,0.26979526560346395,0.30198407962437207,1666
333,5,evaluate,1.6822247571415372,0.5720288115246098,0.35756616039520844,0.28554548119214895,0.3167927581052072,1666
334,0,evaluate,1.7607817870599252,0.5366146458583433,0.3428181285623711,0.2697966325621695,0.30127401238526097,1666
334,1,evaluate,1.6623016328171447,0.5732292917166867,0.41538066873024604,0.28662264812255345,0.33777629143875126,1666
334,2,evaluate,1.9042869607607524,0.5168067226890757,0.3698306348424116,0.25911176878588205,0.30338630093065794,1666
334,3,evaluate,1.7297397410428081,0.5755395683453237,0.4180751601623095,0.2878947315275844,0.33998857075237365,1668
334,4,evaluate,1.6944926601869088,0.5702280912364946,0.3581126890986742,0.28451393410117215,0.31623026510574387,1666
334,5,evaluate,1.8477294732023168,0.526378896882494,0.3660547979552159,0.26269460053908344,0.30506182025113493,1668
335,0,evaluate,1.8988171920732215,0.5222088835534213,0.3720201694729605,0.2618378152305044,0.3062603134383283,1666
335,1,evaluate,1.7832852646156594,0.5330132052821128,0.3416062624572539,0.26802951823875965,0.2995499217793717,1666
335,2,evaluate,1.8416137629085116,0.5293764988009593,0.36646449353383265,0.2643770135567716,0.30648838438366655,1668
335,3,evaluate,1.6863831127131428,0.5756302521008403,0.3607899953982442,0.2874283085002993,0.31932257348333115,1666
335,4,evaluate,1.747453424665663,0.5707434052757794,0.4152712549955993,0.28550199764888234,0.3371319002882932,1668
335,5,evaluate,1.6711539413642,0.5690276110444178,0.41419291667576263,0.2845436796254889,0.33557147545656224,1666
336,0,evaluate,1.8362492234618575,0.5299760191846523,0.365951781484914,0.2646004381370731,0.30627879599640573,1668
336,1,evaluate,1.6531107605055526,0.575030012004802,0.41435742481563453,0.2875535946393573,0.3376117608200904,1666
336,2,evaluate,1.920981559764456,0.5186074429771909,0.3705889714957008,0.26007378025392475,0.3044889458234973,1666
336,3,evaluate,1.7566812656543873,0.5761390887290168,0.4173094822463713,0.28819578969981063,0.33972889657967165,1668
336,4,evaluate,1.6796543719591919,0.5756302521008403,0.3603250210776154,0.2874369545076437,0.31910495813570433,1666
336,5,evaluate,1.7878388961156209,0.5336134453781513,0.3425700927183527,0.2682551869738722,0.3000167615918911,1666
337,0,evaluate,1.8678554561403062,0.5257793764988009,0.36847254480681557,0.2623414553188944,0.3054962290628183,1668
337,1,evaluate,1.6476198459664981,0.5762304921968787,0.4136724727532487,0.28813499178941854,0.33797530051861563,1666
337,2,evaluate,1.935392178595066,0.5150060024009604,0.3692160762614344,0.25842088919626555,0.3025846486799396,1666
337,3,evaluate,1.7264218992657132,0.579136690647482,0.4169717243939929,0.28971366068505294,0.3405523269578977,1668
337,4,evaluate,1.7838218035521332,0.5330132052821128,0.34206277083859693,0.2680034115371907,0.2998979822766383,1666
337,5,evaluate,1.6801126742804493,0.5816326530612245,0.35980428234657436,0.2904367395840096,0.3206379261696842,1666
338,0,evaluate,1.939160289035903,0.5132052821128451,0.3682290879431266,0.25733495193124484,0.3015235633039182,1666
338,1,evaluate,1.7775447258242854,0.5354141656662665,0.34292172311700103,0.26920199324072003,0.3009878320908627,1666
338,2,evaluate,1.6919415438616718,0.5756302521008403,0.35747898934774935,0.2874726059775498,0.3177840994067536,1666
338,3,evaluate,1.8744527344350461,0.5281774580335732,0.36939924224192594,0.26365118386513997,0.30664163969135705,1668
338,4,evaluate,1.649245509394893,0.5774309723889556,0.4146111475449999,0.2887204470405382,0.33855407668053666,1666
338,5,evaluate,1.7263183152234112,0.5785371702637889,0.41486202448239357,0.2894285662136046,0.33950710793494954,1668
339,0,evaluate,1.7081408103307087,0.5732292917166867,0.3600474402015529,0.2863893397258151,0.3181554564746355,1666
339,1,evaluate,1.919859659064699,0.517406962785114,0.3705183012396332,0.2591937486300664,0.30392353711517905,1666
339,2,evaluate,1.777229302459293,0.5366146458583433,0.3439996872059786,0.2698432303919923,0.3017216967282774,1666
339,3,evaluate,1.8687424836335358,0.5305755395683454,0.36933267146889476,0.2649621342067622,0.3075352522759137,1668
339,4,evaluate,1.6739064813764006,0.5726290516206483,0.4146908666092832,0.2863337923687047,0.33701241174763813,1666
339,5,evaluate,1.7488397426075406,0.5821342925659473,0.41829521027554184,0.29122706373211005,0.3420812748272256,1668
340,0,evaluate,1.8806354624253732,0.5215827338129496,0.36531729554841336,0.2603806184464738,0.30296681470212644,1668
340,1,evaluate,1.733614515375208,0.5821342925659473,0.4182786611241996,0.2912108889692216,0.3420574083637359,1668
340,2,evaluate,1.9220383782629613,0.5222088835534213,0.37365226767121634,0.2618369785670295,0.3065131618821672,1666
340,3,evaluate,1.7876460110699688,0.5408163265306123,0.3454122429863661,0.27195728967600197,0.30349966606043993,1666
340,4,evaluate,1.7068870575339705,0.5696278511404562,0.35834901666043334,0.2846857535843236,0.3162580178730311,1666
340,5,evaluate,1.6740182627130438,0.5732292917166867,0.4125507312408547,0.2866577012534612,0.33645514272939475,1666
341,0,evaluate,1.892850591076745,0.5239808153477218,0.36886759976008243,0.261502091553381,0.30506948133383716,1668
341,1,evaluate,1.6851022738825392,0.5744297719087635,0.41361769454493647,0.28725445330424326,0.33695845787659234,1666
341,2,evaluate,1.7155901370225128,0.5714285714285714,0.35794030103032715,0.2854667021708574,0.3166195069746117,1666
341,3,evaluate,1.7859712927429765,0.5414165666266506,0.3451106134607827,0.2722590868293734,0.30366250937129935,1666
341,4,evaluate,1.9238930064494963,0.5198079231692677,0.37012221708578324,0.2605874080656201,0.30458046734710426,1666
341,5,evaluate,1.7326558254383229,0.5833333333333334,0.419773415991694,0.29183586547508356,0.34289284195480374,1668
342,0,evaluate,1.6850402679432321,0.5762304921968787,0.414584126984127,0.2881181964812445,0.33788201206094853,1666
342,1,evaluate,1.7564975023269653,0.5743405275779376,0.41900281256637173,0.2873037119958503,0.33924385835770554,1668
342,2,evaluate,1.8664375168305856,0.5257793764988009,0.36514335901745476,0.2623229777593651,0.30441518465765705,1668
342,3,evaluate,1.8055005581290633,0.5372148859543817,0.34512056056905144,0.27005959465547436,0.3024107773398845,1666
342,4,evaluate,1.9238595796955957,0.5204081632653061,0.369668998666211,0.2608273839917884,0.3049361378928562,1666
342,5,evaluate,1.6998326535578128,0.5768307322929171,0.35762274328813015,0.28797504502483745,0.31795166662345353,1666
343,0,evaluate,1.9498176489163328,0.5186074429771909,0.3706493820212614,0.25986197089490776,0.3044821693920374,1666
343,1,evaluate,1.740075014255665,0.5785371702637889,0.4175981615074244,0.28938351934178275,0.3407071619906656,1668
343,2,evaluate,1.7331882814566295,0.5726290516206483,0.35974504768147253,0.2859955066158134,0.3174502936217908,1666
343,3,evaluate,1.7837585387406525,0.5438175270108043,0.34419014278519094,0.27329734765625274,0.30420017930511545,1666
343,4,evaluate,1.8807450864050124,0.5281774580335732,0.3674639846719678,0.2636854696836596,0.3060728975578036,1668
343,5,evaluate,1.6648918092250824,0.5762304921968787,0.41214341385727665,0.2881600213316012,0.3374446673819286,1666
344,0,evaluate,1.9353752403899476,0.5258103241296519,0.37205351135424103,0.26356479053697135,0.3074912594644387,1666
344,1,evaluate,1.7957855639634308,0.539015606242497,0.3433080430467978,0.2709686993157982,0.30236748102090194,1666
344,2,evaluate,1.7357824742794037,0.5690276110444178,0.35737647444192994,0.2843530486429028,0.31570607083444757,1666
344,3,evaluate,1.689673757939427,0.5696278511404562,0.412461797782702,0.2848962475288109,0.33532403270839073,1666
344,4,evaluate,1.7458622146535803,0.5749400479616307,0.4170607151512454,0.2875878215731412,0.33888530887165524,1668
344,5,evaluate,1.8876689584166915,0.5311750599520384,0.3692559854457658,0.26536116802288856,0.3079942488707188,1668
345,0,evaluate,1.8849750227398343,0.5269784172661871,0.3670618384088161,0.26324565357391744,0.30593830532712857,1668
345,1,evaluate,1.72641623461688,0.5732292917166867,0.3591019003789226,0.28643867996163735,0.31801669934505306,1666
345,2,evaluate,1.8099695002591167,0.5354141656662665,0.3432195954229666,0.2691714485215579,0.3011596285805443,1666
345,3,evaluate,1.706178103884061,0.5660264105642256,0.4125328622088326,0.2831058727930548,0.33412844971477396,1666
345,4,evaluate,1.918576785121803,0.5276110444177671,0.37225142263715066,0.2644042598490107,0.3083734465977842,1666
345,5,evaluate,1.7569089509822704,0.5713429256594724,0.41778478744583153,0.2857877846964339,0.3377583161143569,1668
346,0,evaluate,1.758744650416904,0.5761390887290168,0.4192533012892584,0.2881886330452838,0.3400064940205086,1668
346,1,evaluate,1.7004767794300009,0.5678271308523409,0.4114498519665341,0.28399176796746456,0.33432333814615756,1666
346,2,evaluate,1.7307989553168968,0.575030012004802,0.36179938731792105,0.28734687415432497,0.31958493363973506,1666
346,3,evaluate,1.8110076012434784,0.5372148859543817,0.3436921302873843,0.270084964194799,0.3018998461759065,1666
346,4,evaluate,1.9387409885724385,0.5270108043217286,0.3745446653765834,0.2642004732085802,0.308933667128459,1666
346,5,evaluate,1.900935482095789,0.5323741007194245,0.3714782214768192,0.2659539759334865,0.30933545837287646,1668
347,0,evaluate,1.722996737394068,0.5654261704681873,0.41228192827801075,0.28278774437508536,0.3335344835870388,1666
347,1,evaluate,1.9387383651402261,0.5252100840336135,0.37128155879487473,0.2633501907734798,0.3069926919447453,1666
347,2,evaluate,1.7554930095319394,0.5773381294964028,0.4176445905456716,0.28879557138232786,0.3397483779244493,1668
347,3,evaluate,1.733050732700913,0.5726290516206483,0.3595411044769769,0.28598009204919955,0.3178735002392731,1666
347,4,evaluate,1.9180617950580738,0.5269784172661871,0.3701015627352323,0.2629562653713456,0.3069070288428811,1668
347,5,evaluate,1.8335401658658628,0.5402160864345739,0.34533870100346586,0.2715067101074108,0.3033743975224906,1666
348,0,evaluate,1.9453837344491924,0.5258103241296519,0.36958032801592317,0.2635646176666806,0.3065059707005158,1666
348,1,evaluate,1.8313532184671473,0.5414165666266506,0.3452750612895071,0.27206044098198945,0.303664126079381,1666
348,2,evaluate,1.7374730526849076,0.563625450180072,0.41224043136344274,0.2818974083694335,0.3327425083941641,1666
348,3,evaluate,1.922965731885698,0.5269784172661871,0.3711067539552367,0.26318992489206716,0.30745414771529267,1668
348,4,evaluate,1.7606002578028925,0.580335731414868,0.41750179296560674,0.29032428191453546,0.34055038799672344,1668
348,5,evaluate,1.7453091453622889,0.5672268907563025,0.35565119359927594,0.28314614445210406,0.3145654912497227,1666
349,0,evaluate,1.9455629148417048,0.5228091236494598,0.3681750940544265,0.2619888912391281,0.30504733042071935,1666
349,1,evaluate,1.7382997724193114,0.5654261704681873,0.4130065364136651,0.2828138650890314,0.3337573438291147,1666
349,2,evaluate,1.8159030190220586,0.5408163265306123,0.3429513406480148,0.27186929993033954,0.302585184842854,1666
349,3,evaluate,1.7658841345045302,0.5743405275779376,0.4162909626324508,0.28734004333535157,0.3380791055143855,1668
349,4,evaluate,1.9162356456120808,0.5281774580335732,0.3709168820648808,0.2637902687504748,0.30782856035341644,1668
349,5,evaluate,1.7616618937916226,0.5630252100840336,0.3553480929504575,0.28115165178660384,0.31320399012763056,1666
350,0,evaluate,1.75477150855241,0.5779376498800959,0.4176967552126632,0.2891303226800315,0.3399484159401404,1668
350,1,evaluate,1.7583749492963154,0.563625450180072,0.35622310361942533,0.28148540571542313,0.31357619202847,1666
350,2,evaluate,1.736718405727987,0.5618247298919568,0.41370423686410546,0.28103504102822285,0.3324332177966685,1666
350,3,evaluate,1.9378358351963538,0.5276110444177671,0.37038818782180977,0.2643105368159807,0.3072727671848733,1666
350,4,evaluate,1.8140455175329138,0.5450180072028812,0.3465861024640554,0.2739868074031107,0.30513167420556664,1666
350,5,evaluate,1.9179711253554732,0.5269784172661871,0.3703806985514298,0.2632045406807716,0.3072531718705006,1668
351,0,evaluate,1.9108458249657243,0.5287769784172662,0.36956767604386404,0.26424975056966893,0.3075176156110962,1668
351,1,evaluate,1.9599271217981975,0.5228091236494598,0.37196707690271086,0.2619876649564777,0.30638780572102625,1666
351,2,evaluate,1.75174672515304,0.5666266506602641,0.3569683468735131,0.2830665049440258,0.31485272405923836,1666
351,3,evaluate,1.7097648015176807,0.5672268907563025,0.41320095961938497,0.2837563703980379,0.3343020375967609,1666
351,4,evaluate,1.8154870448289093,0.5414165666266506,0.3439142615156005,0.2722124770425171,0.30304364213588947,1666
351,5,evaluate,1.7602661980523004,0.5749400479616307,0.4188931455708703,0.2876105443694392,0.3392552760424346,1668
352,0,evaluate,1.8279107102641352,0.5378151260504201,0.3442486151419654,0.27040291398136246,0.30196486226851527,1666
352,1,evaluate,1.7508584879062794,0.5654261704681873,0.3574201995377752,0.2823647908617969,0.3147078665663516,1666
352,2,evaluate,1.935175483563432,0.5264105642256903,0.3690681884719767,0.2637898353492359,0.30657428389135705,1666
352,3,evaluate,1.9071905171429668,0.5311750599520384,0.36964129787716005,0.265362064489912,0.3084740901226064,1668
352,4,evaluate,1.7770663676438507,0.5725419664268585,0.41712282355048674,0.2864165477984121,0.33790320510672445,1668
352,5,evaluate,1.7425985339063186,0.5624249699879952,0.4135026235643135,0.28130333615412145,0.3327330281489012,1666
353,0,evaluate,1.7871016926235623,0.5713429256594724,0.4178610521826502,0.2858413364532857,0.33775478471389875,1668
353,1,evaluate,1.8352631308414318,0.536014405762305,0.34342354282798543,0.2695136706528312,0.3009329284678565,1666
353,2,evaluate,1.9370647555700056,0.5276110444177671,0.36788604078296216,0.264421977242616,0.30647552962707625,1666
353,3,evaluate,1.7501285804642572,0.5696278511404562,0.3580069840593992,0.2846236309311448,0.3162870000084897,1666
353,4,evaluate,1.9043364591068692,0.5377697841726619,0.37184585182204194,0.268673500544447,0.3113739567569727,1668
353,5,evaluate,1.7522551403553397,0.5624249699879952,0.41268049571104165,0.2813255270575274,0.3325849707922066,1666
354,0,evaluate,1.8506174264130768,0.536014405762305,0.34402438724674794,0.2695116376387366,0.3012354328593068,1666
354,1,evaluate,1.7481234404775832,0.5642256902761105,0.3554476685244158,0.281863428909286,0.31334858862099557,1666
354,2,evaluate,1.7961509006994743,0.5677458033573142,0.4163276679883447,0.2840338413220578,0.33598187220121856,1668
354,3,evaluate,1.8967796939390678,0.5347721822541966,0.3699729630655909,0.2671004467285908,0.30959961784793916,1668
354,4,evaluate,1.7475497231439308,0.5648259303721489,0.41375083125181716,0.28248153181383706,0.33339415831401764,1666
354,5,evaluate,1.942935613984311,0.5264105642256903,0.37068893482052206,0.2638306378233141,0.3070733929027677,1666
355,0,evaluate,1.9459143647993054,0.5192076830732293,0.3663931931848504,0.26019617187334376,0.30318696975231224,1666
355,1,evaluate,1.7894882096184626,0.5677458033573142,0.4172256402428123,0.28405469240653425,0.33653041358951163,1668
355,2,evaluate,1.8986544697373002,0.5347721822541966,0.369185304946362,0.26693286754666967,0.3090711587730918,1668
355,3,evaluate,1.7646124098036025,0.563625450180072,0.3561481380168295,0.2815114214156825,0.31352134430465495,1666
355,4,evaluate,1.7339833376032334,0.5588235294117647,0.4140797230761307,0.2794374487383111,0.33157832687240035,1666
355,5,evaluate,1.823844066372624,0.5408163265306123,0.3439707397865292,0.27189756719638336,0.3028477948134777,1666
356,0,evaluate,1.7540098715711523,0.5666266506602641,0.3569652760601073,0.2829851155786779,0.3147815035291086,1666
356,1,evaluate,1.7271120388198782,0.5654261704681873,0.41446072802340933,0.28272350553478,0.33399789731970375,1666
356,2,evaluate,1.896397990209085,0.5377697841726619,0.36791893217923793,0.26839208601420506,0.3095712312359763,1668
356,3,evaluate,1.8026110861036513,0.565947242206235,0.4160894755657577,0.2831707357556191,0.3355888623187993,1668
356,4,evaluate,1.8348375338095206,0.5384153661464586,0.343002913577424,0.270653777512631,0.3017626910583819,1666
356,5,evaluate,1.9574128589420408,0.5204081632653061,0.36672140905521383,0.260813060325613,0.3038115547270421,1666
357,0,evaluate,1.7533468471633062,0.5666266506602641,0.3555476439291314,0.28308967681899055,0.3142001667624513,1666
357,1,evaluate,1.8302291322637487,0.5348139255702281,0.34125075409653133,0.2688330787135958,0.3000230916448575,1666
357,2,evaluate,1.7203096729461793,0.570828331332533,0.41503213314214166,0.2854472886718168,0.3363045499385485,1666
357,3,evaluate,1.9013179319876212,0.5359712230215827,0.36808377952784804,0.26760242674287155,0.3091542889659098,1668
357,4,evaluate,1.7919939359029133,0.5689448441247003,0.41668820490233893,0.2846487877265298,0.33702544684947794,1668
357,5,evaluate,1.957765149159564,0.5198079231692677,0.36826850405233863,0.26049336270538304,0.30416045019959737,1666
358,0,evaluate,1.8947800706934046,0.5359712230215827,0.3675037228343919,0.26752979786776426,0.3089022008205453,1668
358,1,evaluate,1.956273885236846,0.517406962785114,0.3677178413015521,0.25917304533714014,0.30306423463886406,1666
358,2,evaluate,1.7203417983320024,0.5642256902761105,0.41313626453461094,0.2821655724990621,0.33343814290006807,1666
358,3,evaluate,1.8305501010682848,0.5372148859543817,0.34341441106636883,0.27002219766096874,0.30151148667155214,1666
358,4,evaluate,1.7949965485820063,0.5701438848920863,0.418682460363374,0.28525127862102784,0.3380388488077911,1668
358,5,evaluate,1.761453620813511,0.563625450180072,0.3544937229821894,0.28149797162961815,0.3129167471681217,1666
359,0,evaluate,1.7736331367934193,0.5612244897959183,0.3566324878607655,0.28042552311951907,0.3132010478162426,1666
359,1,evaluate,1.7818078023416024,0.5725419664268585,0.4184192239453955,0.2864129527448146,0.33889034580049965,1668
359,2,evaluate,1.913354264365302,0.5299760191846523,0.36860751360125044,0.26456147978736977,0.30736036279034024,1668
359,3,evaluate,1.7163851884780106,0.5648259303721489,0.4133069244064342,0.28247498888086087,0.33394246702245167,1666
359,4,evaluate,1.8262434270646837,0.5396158463385354,0.34313049566506837,0.271184433782819,0.3023791381443635,1666
359,5,evaluate,1.956798744974313,0.514405762304922,0.3654260467629314,0.25773660706195284,0.30126835762745285,1666
360,0,evaluate,1.8612933467935633,0.5408163265306123,0.34493322759798367,0.2718843943306263,0.3031555475767752,1666
360,1,evaluate,1.7514549824926589,0.5696278511404562,0.3574779999899706,0.2844494324182291,0.3163042430727636,1666
360,2,evaluate,1.7653047089223508,0.5552220888355343,0.41592407364815365,0.2776665488702452,0.3309372107458379,1666
360,3,evaluate,1.789536096431591,0.5707434052757794,0.41729178944406514,0.2855428847654099,0.33765647593383324,1668
360,4,evaluate,1.9129785652513858,0.5293764988009593,0.36828285315751985,0.264225972958712,0.30713377635516714,1668
360,5,evaluate,1.9240436229716849,0.524609843937575,0.3672515510638336,0.2630000086047346,0.3055221234782213,1666
361,0,evaluate,1.7534491552246942,0.5684273709483794,0.3592230715320377,0.28390310191068524,0.3165507438055114,1666
361,1,evaluate,1.9204414464809276,0.5305755395683454,0.3685244591957807,0.2647762402045527,0.3076385947588164,1668
361,2,evaluate,1.8530261207509924,0.5354141656662665,0.34242246218641303,0.2691845810146053,0.3007359276451927,1666
361,3,evaluate,1.9414749633934762,0.5252100840336135,0.36832315283896044,0.2634233531487601,0.3061731704404483,1666
361,4,evaluate,1.7439700624457113,0.5600240096038416,0.41512940006869564,0.28005030062006586,0.33296409332004245,1666
361,5,evaluate,1.7813847506487812,0.5701438848920863,0.4164237324215779,0.28521434061250395,0.33715254384546134,1668
362,0,evaluate,1.8535335152237504,0.5378151260504201,0.34289538074914655,0.27039430256979696,0.30172312204627777,1666
362,1,evaluate,1.9200561554343611,0.5329736211031175,0.36847682059018305,0.26614589504081815,0.3085305192690642,1668
362,2,evaluate,1.764151480462816,0.5702280912364946,0.35820863213346976,0.2849279677748672,0.31672189834763814,1666
362,3,evaluate,1.7951521476109822,0.5623501199040767,0.41647482235727046,0.28130652524043676,0.3344253225211526,1668
362,4,evaluate,1.9470464239517848,0.5234093637454982,0.3699606312436249,0.2624682916983426,0.30607486316776367,1666
362,5,evaluate,1.7440056152365826,0.56062424969988,0.41430183125863146,0.2803939077350092,0.33280838034036636,1666
363,0,evaluate,1.8453753391901653,0.536014405762305,0.34289154380767056,0.2694808621171931,0.30120639853953496,1666
363,1,evaluate,1.9670207412154586,0.517406962785114,0.36828903273082414,0.25944007394787133,0.3032192807192807,1666
363,2,evaluate,1.712749084940663,0.5672268907563025,0.4108349005711685,0.283641238171067,0.3341784346261629,1666
363,3,evaluate,1.9308687095288877,0.5275779376498801,0.36845110982207757,0.2633442933207753,0.30646205942872,1668
363,4,evaluate,1.7676230680059504,0.5648259303721489,0.35590072768723946,0.2822370805271883,0.313799799801415,1666
363,5,evaluate,1.7869767436274775,0.5629496402877698,0.4140020231337621,0.2816220423927202,0.33397741545308984,1668
364,0,evaluate,1.9935047265004229,0.5162064825930373,0.36874174363495676,0.258957174332736,0.30276426709349835,1666
364,1,evaluate,1.7808236259001273,0.5707434052757794,0.41596663784583504,0.28547131631142675,0.33734395010720536,1668
364,2,evaluate,1.8631909114343148,0.5312124849939976,0.34141861307260546,0.2671589197245897,0.29906894518707355,1666
364,3,evaluate,1.711825227295911,0.5696278511404562,0.4123860782604833,0.28485040077764145,0.3356040244069127,1666
364,4,evaluate,1.9586252437697516,0.5209832134292566,0.36627966204282253,0.2601250635085467,0.30335561116204507,1668
364,5,evaluate,1.7705364602583427,0.5654261704681873,0.355268403470286,0.2825911266656641,0.3136284318050482,1666
365,0,evaluate,1.7944062815772162,0.5737410071942446,0.41857254160746243,0.286990102168917,0.3389556004386258,1668
365,1,evaluate,1.7407950066305973,0.5654261704681873,0.4127617309376193,0.28277152437084957,0.33385760232989314,1666
365,2,evaluate,1.9886342425037313,0.5186074429771909,0.3678477801392953,0.2601450593751103,0.30347732844802655,1666
365,3,evaluate,1.7763981752925448,0.5672268907563025,0.3553579643967712,0.28341062102663866,0.314166343349876,1666
365,4,evaluate,1.9526883010511045,0.5257793764988009,0.36500205209523584,0.2624714182160589,0.3046595286727115,1668
365,5,evaluate,1.8736156975781475,0.5300120048019208,0.34087576707008643,0.26652848528350337,0.2984235263319084,1666
366,0,evaluate,2.0074368782893375,0.5204081632653061,0.370404172041802,0.26097222300883754,0.30510244079255344,1666
366,1,evaluate,1.8005986081229315,0.5737410071942446,0.41829745916664257,0.2870368555416306,0.33878415216959457,1668
366,2,evaluate,1.7777216235796611,0.575030012004802,0.3579778896280478,0.28720472578415585,0.3176669013723834,1666
366,3,evaluate,1.9630267333101343,0.5245803357314148,0.3636631213215591,0.2619682517699922,0.30374356567433325,1668
366,4,evaluate,1.7337661633888881,0.5678271308523409,0.412031223585006,0.28395875265505477,0.3341507301096543,1666
366,5,evaluate,1.876424096248768,0.5348139255702281,0.34199640458347014,0.26897317449661295,0.3002633732234124,1666
367,0,evaluate,1.957914811593515,0.5239808153477218,0.3641075514843804,0.26160936181790356,0.30361919437837265,1668
367,1,evaluate,2.016139389188201,0.5132052821128451,0.36800711334972913,0.2573128010413296,0.3016058481607894,1666
367,2,evaluate,1.7155126196642716,0.5744297719087635,0.4125818033911138,0.28724347522748234,0.33729885336005366,1666
367,3,evaluate,1.7840360358909324,0.5714285714285714,0.357870876278093,0.2854214665285942,0.316620138997026,1666
367,4,evaluate,1.8614753352271185,0.5336134453781513,0.34025447106092266,0.26840836394336653,0.29919030802083585,1666
367,5,evaluate,1.800383018122779,0.5773381294964028,0.42078523604816576,0.2888405333231163,0.34142189773039044,1668
368,0,evaluate,1.8786901942005865,0.5294117647058824,0.34132590042146177,0.266299888087526,0.29826993965238785,1666
368,1,evaluate,2.0341975490252175,0.5156062424969988,0.371147442405943,0.25865797341424146,0.30357229249258033,1666
368,2,evaluate,1.7828311257892184,0.5732292917166867,0.35679593322021885,0.2863020666862878,0.31647069657320664,1666
368,3,evaluate,1.9694648870715388,0.5275779376498801,0.36632370153714333,0.2633327268244,0.30538049561467506,1668
368,4,evaluate,1.7950742884918496,0.5779376498800959,0.4199398951081754,0.2891138192182786,0.3412529428667253,1668
368,5,evaluate,1.6982610529219662,0.5798319327731093,0.41147558325736994,0.28990116616221506,0.33882429589556873,1666
369,0,evaluate,2.0319952888897173,0.514405762304922,0.3693386453824174,0.25807770548919334,0.30249519523084734,1666
369,1,evaluate,1.9838897497565657,0.5281774580335732,0.36651170067444305,0.26372849578042257,0.30579178758252074,1668
369,2,evaluate,1.8969874183336894,0.5294117647058824,0.34103496912071163,0.266243371037254,0.29821311132076367,1666
369,3,evaluate,1.7197433438290048,0.5672268907563025,0.4094746589709919,0.2836359630250521,0.33327981111252103,1666
369,4,evaluate,1.7982177601920233,0.5755395683453237,0.4179446862397054,0.28791973480841043,0.33942120614903126,1668
369,5,evaluate,1.7678218439773277,0.578031212484994,0.35746365521239076,0.28881519543251877,0.31834104528092944,1666
370,0,evaluate,1.82313221472281,0.5725419664268585,0.4177569092059009,0.2864416071884058,0.33836505114824883,1668
370,1,evaluate,1.773201036232489,0.5756302521008403,0.3582756447871355,0.2875777840025016,0.3180909660193389,1666
370,2,evaluate,1.9732261167632208,0.5305755395683454,0.3669117851425276,0.2650396520982795,0.3070349730806631,1668
370,3,evaluate,2.023480814088274,0.5156062424969988,0.36781439904056734,0.2586268027388358,0.30255814932566305,1666
370,4,evaluate,1.7355528610448043,0.5684273709483794,0.4117237137064723,0.2842392993446057,0.3342922517978251,1666
370,5,evaluate,1.898357912346169,0.5294117647058824,0.34200933727249516,0.2663123196772569,0.2984779285936766,1666
371,0,evaluate,1.772235718038347,0.5768307322929171,0.35882701116215615,0.2881066389266977,0.3186314281720077,1666
371,1,evaluate,2.007344188237632,0.5192076830732293,0.3684404022339102,0.26048427896387827,0.30399898759216687,1666
371,2,evaluate,1.7468677617057606,0.5654261704681873,0.410898045640897,0.2827529426896648,0.33296508561476645,1666
371,3,evaluate,1.8306799950423065,0.5725419664268585,0.4183801811227436,0.2864263538806625,0.33856930466979973,1668
371,4,evaluate,1.9023651237841006,0.5342136854741897,0.34453984109936037,0.2686175791627383,0.301075650096049,1666
371,5,evaluate,1.9582446305840104,0.5341726618705036,0.37005550565162065,0.2666429974651322,0.3092122605266935,1668
372,0,evaluate,2.015279564868521,0.5150060024009604,0.3655302304519769,0.2582638455137728,0.301227666548281,1666
372,1,evaluate,1.7989102690308183,0.580335731414868,0.41941402219806817,0.2903568173759812,0.34174827430675025,1668
372,2,evaluate,1.800741226584823,0.5654261704681873,0.3565163705802028,0.2824878543009941,0.3140042411903366,1666
372,3,evaluate,1.747718628357958,0.563625450180072,0.41008791106215225,0.2818768450357317,0.33227496241709137,1666
372,4,evaluate,1.9891786619468972,0.526378896882494,0.36836717014727954,0.26280225251353306,0.3061312129005793,1668
372,5,evaluate,1.872675758820993,0.5366146458583433,0.34186369486756263,0.2697893128886725,0.3007911549130244,1666
373,0,evaluate,1.7270117039205852,0.5666266506602641,0.4104202862085321,0.2833676425219147,0.33348186315269013,1666
373,1,evaluate,1.796950743154243,0.56062424969988,0.35553296369886994,0.28015214468453986,0.3120510034897962,1666
373,2,evaluate,1.7839516268836126,0.5821342925659473,0.4179980389444394,0.29124059004332226,0.3418110712147054,1668
373,3,evaluate,1.8665023203249331,0.5342136854741897,0.3402234472494036,0.26859346510255444,0.29949264768621797,1666
373,4,evaluate,1.9928612996030737,0.5251798561151079,0.3704016468563073,0.26225145396310434,0.3064053133735186,1668
373,5,evaluate,2.0279391029918634,0.5096038415366146,0.3652200447691544,0.25546647498970293,0.29909573226261743,1666
374,0,evaluate,1.7455539656458077,0.5648259303721489,0.41193971260296947,0.2824593973648385,0.33334584325427397,1666
374,1,evaluate,1.8011312219831679,0.56062424969988,0.3566658719857946,0.28017324207461874,0.31256631529039736,1666
374,2,evaluate,2.0125622663784912,0.5168067226890757,0.36460942625180504,0.2591190781875685,0.3015532245903902,1666
374,3,evaluate,1.7727627533453483,0.5839328537170264,0.4156922276763001,0.2921389188115009,0.3418045521026064,1668
374,4,evaluate,2.0055955096527383,0.526378896882494,0.3721737591444846,0.2628432167294696,0.30742323964900875,1668
374,5,evaluate,1.850782447391086,0.5402160864345739,0.34140194673971125,0.2715019028031953,0.3017632580012178,1666
375,0,evaluate,2.0213434359541647,0.5126050420168067,0.36445280690187204,0.2570216709946199,0.30001995154342403,1666
375,1,evaluate,1.725009654407148,0.5666266506602641,0.4119152228468816,0.2833443685640006,0.3340768176946033,1666
375,2,evaluate,1.7913855805441186,0.5582232893157263,0.35437843535078056,0.2788381438539913,0.3110600051242807,1666
375,3,evaluate,1.8568188349405925,0.5372148859543817,0.33915885055746425,0.2700328930053717,0.30012079871274466,1666
375,4,evaluate,1.9961748697139599,0.5317745803357314,0.3738838152208658,0.26546078730784617,0.3097385800283909,1668
375,5,evaluate,1.7770492633183796,0.5815347721822542,0.41904246421322744,0.2909329782308365,0.34217565757182744,1668
376,0,evaluate,1.8637625641292996,0.5354141656662665,0.3405771392866096,0.2691034705489624,0.30014666380041766,1666
376,1,evaluate,2.0180262597622693,0.5114045618247299,0.3639254732840127,0.2565105934251398,0.2995403735620027,1666
376,2,evaluate,1.98449045419693,0.5305755395683454,0.3702403107384433,0.26496278841650867,0.30806737904477727,1668
376,3,evaluate,1.781003106523443,0.563625450180072,0.35539249910241966,0.28156036147485564,0.3132651009261151,1666
376,4,evaluate,1.7876853457203619,0.5773381294964028,0.4204488024525196,0.2888191102070985,0.3411507991672352,1668
376,5,evaluate,1.724778224196699,0.5756302521008403,0.4166508361363218,0.2878159366904497,0.3386080799660668,1666
377,0,evaluate,1.980708846339473,0.5317745803357314,0.3714698862873771,0.2655880166494948,0.3089616701613963,1668
377,1,evaluate,1.7847549887718979,0.5666266506602641,0.35610143834726227,0.283090454800427,0.31432537908119507,1666
377,2,evaluate,2.0135385482399553,0.514405762304922,0.36453435669165585,0.2580413735682792,0.30084983080188776,1666
377,3,evaluate,1.869143176961828,0.5312124849939976,0.3385755503776189,0.2670583116889943,0.29802979600293966,1666
377,4,evaluate,1.7440764680504799,0.5690276110444178,0.41580913070916353,0.2845023268898369,0.3360761515695729,1666
377,5,evaluate,1.8075433395527027,0.5773381294964028,0.42050604760327615,0.2888101125943761,0.3411954076475344,1668
378,0,evaluate,1.7089978880076497,0.5804321728691476,0.4144004570585057,0.29020126198536494,0.3398048217592172,1666
378,1,evaluate,1.81163074793639,0.5767386091127098,0.42025139225181596,0.2885150402468503,0.34110403483567164,1668
378,2,evaluate,1.811065912246704,0.5600240096038416,0.35580750276119144,0.27968612476285687,0.3119210414327903,1666
378,3,evaluate,1.9839689400460985,0.5311750599520384,0.3717120137670132,0.26530681073107587,0.30863057141822303,1668
378,4,evaluate,2.0598781053666717,0.5096038415366146,0.36699860707216553,0.25552001438357674,0.29989177976865916,1666
378,5,evaluate,1.8578031990263197,0.5342136854741897,0.3395359951082758,0.2685601382500199,0.29923530547543464,1666
379,0,evaluate,1.873386612644902,0.5342136854741897,0.3405649635403238,0.26860344758660737,0.2996488138919241,1666
379,1,evaluate,1.7216402733767475,0.5756302521008403,0.41377860042358217,0.2878620149213711,0.33768708458760505,1666
379,2,evaluate,1.9741593113651983,0.5287769784172662,0.370586549339993,0.26415305767188213,0.3077580742484324,1668
379,3,evaluate,1.806491799376629,0.5642256902761105,0.35723600341090883,0.2817665472990981,0.3140809780612387,1666
379,4,evaluate,2.0494559266501002,0.5114045618247299,0.365992344643267,0.2563774828737886,0.300433846769485,1666
379,5,evaluate,1.821976418848391,0.5779376498800959,0.4212331915905871,0.28911474067342374,0.3415949731671747,1668
380,0,evaluate,1.7430185200991455,0.5714285714285714,0.4163504179481713,0.2857760492009895,0.3373329289032973,1666
380,1,evaluate,1.987344797010775,0.5257793764988009,0.36898897390095176,0.2627097130694702,0.30625287915938115,1668
380,2,evaluate,1.8840226553104542,0.5324129651860744,0.3400530342774924,0.26766762931914734,0.29894739656443237,1666
380,3,evaluate,1.8056329091389973,0.5630252100840336,0.35719396433666295,0.2813225227790046,0.31383915201674817,1666
380,4,evaluate,2.0380578987576343,0.514405762304922,0.3669853653909992,0.2580146061540692,0.3017215248453979,1666
380,5,evaluate,1.8249430921342638,0.579136690647482,0.4213077816492451,0.2897165109372347,0.3419921562189395,1668
381,0,evaluate,2.0120459728770785,0.5257793764988009,0.37191592381533717,0.2626910693677886,0.307371638200497,1668
381,1,evaluate,2.039360712799761,0.5198079231692677,0.3659921596365325,0.26064559770468865,0.303136152039437,1666
381,2,evaluate,1.7668919968936179,0.5654261704681873,0.41524832594904354,0.28277925356004,0.3351393557297898,1666
381,3,evaluate,1.8947162672325417,0.5300120048019208,0.3392766993918444,0.2665134028402501,0.29791159577208787,1666
381,4,evaluate,1.8104525848671242,0.5827338129496403,0.42100367888573176,0.29151843171551073,0.3431144959985068,1668
381,5,evaluate,1.812381143923159,0.5648259303721489,0.3600977105861679,0.2822310899493553,0.3155293740582031,1666
382,0,evaluate,1.9089438915252686,0.531812725090036,0.3410132678471588,0.2673884875879745,0.2991177134932651,1666
382,1,evaluate,1.810782410480358,0.5660264105642256,0.35808263779475974,0.2828363730772856,0.3154285247157459,1666
382,2,evaluate,2.0303195030600936,0.5228091236494598,0.3669057469403075,0.2621976583533684,0.30452236607421007,1666
382,3,evaluate,1.8277208805084229,0.5821342925659473,0.42111862295625757,0.2912362070158359,0.3429513580361963,1668
382,4,evaluate,2.018453635551311,0.526378896882494,0.3712621218388903,0.2628448399683241,0.3073413039532501,1668
382,5,evaluate,1.7898246783901144,0.5618247298919568,0.4144996589575204,0.2809921309819866,0.33352181170025974,1666
383,0,evaluate,1.9067566880473383,0.5336134453781513,0.34094054130193535,0.26834145616070987,0.29969109224217394,1666
383,1,evaluate,2.057935211393568,0.5186074429771909,0.3679135958142048,0.26001763775816567,0.3034805850488569,1666
383,2,evaluate,1.8198198709223006,0.5684273709483794,0.3600440237603948,0.28401832452296044,0.3166525858920963,1666
383,3,evaluate,1.8268914487626817,0.5815347721822542,0.41960015868886663,0.2909293251159766,0.34219264418638656,1668
383,4,evaluate,2.023636018788373,0.5311750599520384,0.37372226767468364,0.2653245606013224,0.3096728729828309,1668
383,5,evaluate,1.7650842445868034,0.5678271308523409,0.41312273176047476,0.28398723504594975,0.33500239444496044,1666
384,0,evaluate,1.8209042527057506,0.5821342925659473,0.41971848491163605,0.29125392113692616,0.34267315069320087,1668
384,1,evaluate,2.0762134042603,0.5126050420168067,0.36428227254204437,0.2569097320345326,0.3000947653893311,1666
384,2,evaluate,1.8405922320153978,0.5612244897959183,0.3580423696508688,0.28043626318292847,0.3135167235335723,1666
384,3,evaluate,1.8941090725086354,0.5396158463385354,0.3418029387500097,0.27126687494823976,0.3019445478488073,1666
384,4,evaluate,2.038228189503705,0.526378896882494,0.3726594202102031,0.26293990962725644,0.3077492215981116,1668
384,5,evaluate,1.768561818257526,0.5666266506602641,0.4137172831918797,0.28338651698438194,0.33485204829306153,1666
385,0,evaluate,1.9062909815046523,0.5336134453781513,0.3398268239208411,0.2682782735352963,0.2991912331684288,1666
385,1,evaluate,2.0234147619318077,0.5275779376498801,0.37128759289298435,0.26358838061357165,0.3078167102541557,1668
385,2,evaluate,1.8298248714870877,0.5815347721822542,0.420236129383753,0.2909292438600328,0.3424234269523929,1668
385,3,evaluate,1.8311871466813263,0.563625450180072,0.35816675564191636,0.28157668228520066,0.31441438139101335,1666
385,4,evaluate,1.773600377694324,0.5618247298919568,0.41245556470625055,0.28098284121207995,0.332388264249194,1666
385,5,evaluate,2.0642473976369256,0.5150060024009604,0.3658174154649568,0.2582802658469735,0.30156361389991515,1666
386,0,evaluate,2.06361457567524,0.5156062424969988,0.36688900923916046,0.25865035960343213,0.30188111812291946,1666
386,1,evaluate,1.8238787783516779,0.5684273709483794,0.3601878365644182,0.284064444037093,0.31659452421825246,1666
386,2,evaluate,1.8132187216370195,0.5839328537170264,0.4213881263536122,0.29209725030398176,0.3436582733805971,1668
386,3,evaluate,1.7642962394489183,0.5666266506602641,0.4120653719012399,0.2833416555099905,0.3341155987271008,1666
386,4,evaluate,2.0374604242819325,0.5287769784172662,0.37130259066456145,0.26411988125257213,0.3080057699159872,1668
386,5,evaluate,1.9096953957169145,0.5330132052821128,0.34132058876816007,0.26794731057850196,0.2995250952393855,1666
387,0,evaluate,1.7609809871625017,0.5684273709483794,0.41118883354538455,0.28423764910341454,0.33485344490613134,1666
387,1,evaluate,1.8193047609594133,0.5654261704681873,0.3598411279710453,0.28263150322284314,0.31557805229464597,1666
387,2,evaluate,2.0522934190101094,0.5120048019207684,0.36470239099215035,0.25687269165302157,0.3001185432243532,1666
387,3,evaluate,1.9048523814589888,0.5354141656662665,0.34115630946839665,0.26917368019288807,0.30028313736742296,1666
387,4,evaluate,1.8192690081066556,0.5779376498800959,0.42031233678128466,0.2890895897694995,0.341389762261978,1668
387,5,evaluate,2.019920750900551,0.5269784172661871,0.37128557280125624,0.26326426099455674,0.30739811388920824,1668
388,0,evaluate,2.0082858535978527,0.5317745803357314,0.37122521428295985,0.2657142292545498,0.3091693883985025,1668
388,1,evaluate,1.8351835542254977,0.5749400479616307,0.4187888059074497,0.28759014078506,0.3398783475672426,1668
388,2,evaluate,1.7936079339296729,0.563625450180072,0.4098778993243039,0.28185022682984234,0.33256954626315505,1666
388,3,evaluate,1.911319370622988,0.539015606242497,0.34388662654265223,0.2709352110881288,0.3024043513115939,1666
388,4,evaluate,1.8099108713644523,0.5684273709483794,0.3601173192553427,0.2842253529475207,0.316725049839033,1666
388,5,evaluate,2.023006838504915,0.5168067226890757,0.36345676716477604,0.259252887332672,0.3013134675758005,1666
389,0,evaluate,1.8296564199306347,0.5725419664268585,0.4192809643018924,0.28639040734919347,0.3391828305533912,1668
389,1,evaluate,2.0413441180630967,0.5156062424969988,0.3640754427842281,0.2585173500649494,0.30117402106069546,1666
389,2,evaluate,2.016405847337511,0.5287769784172662,0.3698222937823144,0.2641758989817334,0.3075527215747695,1668
389,3,evaluate,1.91013796682711,0.5372148859543817,0.34300670334939365,0.27008420002787875,0.3015618875807988,1666
389,4,evaluate,1.7789989834030469,0.5720288115246098,0.412488067167159,0.2860390770221747,0.33662557318057684,1666
389,5,evaluate,1.815621053179105,0.5654261704681873,0.3587483707465037,0.28267018691382706,0.315156692223888,1666
390,0,evaluate,2.0491456864056765,0.5156062424969988,0.3634702826855417,0.2586396406714998,0.30082335733809323,1666
390,1,evaluate,2.0308031108644276,0.5311750599520384,0.37281202848427675,0.26521895077414837,0.3092489305455738,1668
390,2,evaluate,1.799687142725344,0.5702280912364946,0.3570438461231774,0.28504882262653874,0.31608548513386925,1666
390,3,evaluate,1.9312650186044198,0.5342136854741897,0.34246905678556167,0.26865457986594576,0.30040266156954315,1666
390,4,evaluate,1.787634145192526,0.5672268907563025,0.41035060983336846,0.28362945899807335,0.33443088638910645,1666
390,5,evaluate,1.8260114943539654,0.5719424460431655,0.4188662858161837,0.28609641799265295,0.3388714610269864,1668
391,0,evaluate,1.7639384458738345,0.5702280912364946,0.41158556868663243,0.2851448112059827,0.3357595486409382,1666
391,1,evaluate,2.021113982907048,0.5323741007194245,0.37369259959717577,0.26606235559721875,0.30997539857333056,1668
391,2,evaluate,1.8053633471330006,0.5672268907563025,0.3568625293999456,0.2835512931386027,0.3150008342564388,1666
391,3,evaluate,1.9213784182513203,0.5336134453781513,0.34276655348363716,0.26829471200339466,0.3002531156648295,1666
391,4,evaluate,2.06177665155243,0.514405762304922,0.36603006586047915,0.25801785042458286,0.3013583282923368,1666
391,5,evaluate,1.8287420316978737,0.5737410071942446,0.421054843901421,0.2870008941213723,0.3401369128450386,1668
392,0,evaluate,1.8385133699134544,0.5737410071942446,0.4215136748999104,0.2869926983952807,0.3403440178402824,1668
392,1,evaluate,2.0372552899298846,0.5120048019207684,0.36180782139394463,0.25678195451931246,0.2991337704863245,1666
392,2,evaluate,2.0140045748816595,0.5311750599520384,0.37181997640644676,0.2652693164340262,0.30896813117578786,1668
392,3,evaluate,1.8061800157582317,0.5672268907563025,0.3574969183430813,0.28357475548588024,0.31535303958789457,1666
392,4,evaluate,1.792879670444462,0.5678271308523409,0.4125491786109546,0.283970447855031,0.3351252532331325,1666
392,5,evaluate,1.9227673477596707,0.5342136854741897,0.34444177841782225,0.26855963189015697,0.30110063756172206,1666
393,0,evaluate,1.9257412045090287,0.5366146458583433,0.34373112363618763,0.2697271895193372,0.3015801484505648,1666
393,1,evaluate,1.8519123571890372,0.5719424460431655,0.4200653692562069,0.28609895810984903,0.33907247282704917,1668
393,2,evaluate,2.042934712988359,0.5120048019207684,0.3611013130703792,0.25679224220976127,0.2989578384389409,1666
393,3,evaluate,1.8186686403221555,0.5678271308523409,0.35803597862317244,0.2837692630817005,0.3157997151293339,1666
393,4,evaluate,2.0154314085289284,0.5293764988009593,0.37028594944717685,0.2644687916660977,0.3081278864189628,1668
393,5,evaluate,1.809969401056016,0.5648259303721489,0.4140246499856036,0.2824918765552615,0.33434736680619037,1666
394,0,evaluate,2.06654632008738,0.5084033613445378,0.36009675369219635,0.2549937843858544,0.2971611824935655,1666
394,1,evaluate,1.8297711401074022,0.5666266506602641,0.3572432253262384,0.2832114427415175,0.31495099272020044,1666
394,2,evaluate,1.8293029467264812,0.5785371702637889,0.4195402933345795,0.2894242066098996,0.34144977617874606,1668
394,3,evaluate,1.9164792188891657,0.5348139255702281,0.34253372849945796,0.2688742206656297,0.3006425457554863,1666
394,4,evaluate,1.7966497656371858,0.5660264105642256,0.409913800415438,0.2830496224287284,0.3338620671689475,1666
394,5,evaluate,2.043265084425608,0.5257793764988009,0.3701382140480288,0.2627417603560196,0.30672238856657275,1668
395,0,evaluate,1.7877048513403646,0.5732292917166867,0.4105292853297393,0.28665109188340493,0.33625913566960985,1666
395,1,evaluate,2.0348730793705694,0.5323741007194245,0.37077209346341883,0.26606166510643003,0.3089733688876709,1668
395,2,evaluate,1.851515942149692,0.5713429256594724,0.4179506844790385,0.2858409208916275,0.33815317375798526,1668
395,3,evaluate,1.8295991244139496,0.5672268907563025,0.35717933143933617,0.28347180943353667,0.31481142464370315,1666
395,4,evaluate,2.090202812795286,0.5132052821128451,0.3633227407101371,0.25720139433559425,0.299917422152726,1666
395,5,evaluate,1.9258995718426175,0.5312124849939976,0.34218146942265176,0.26717423155922415,0.2991593627484911,1666
396,0,evaluate,2.026133687407882,0.5287769784172662,0.3676328401103278,0.26411669946354455,0.3065194475860777,1668
396,1,evaluate,1.8057930775814586,0.5714285714285714,0.4133207520652495,0.28571982150815,0.3359528601300169,1666
396,2,evaluate,2.0697458253966436,0.5156062424969988,0.3642934305837532,0.2582904971919665,0.3010079568366546,1666
396,3,evaluate,1.8182784572795585,0.5678271308523409,0.3548778334876642,0.2838251096166863,0.3140772950073331,1666
396,4,evaluate,1.94161781779042,0.5306122448979592,0.34236744591412455,0.2668755844148472,0.2989561084574273,1666
396,5,evaluate,1.8639815162729334,0.5713429256594724,0.41870209879810194,0.28585087631997086,0.33806118258269036,1668
397,0,evaluate,1.857755563877247,0.5725419664268585,0.4197988298531854,0.2864192635932901,0.3392662653574006,1668
397,1,evaluate,2.0300975486084267,0.5299760191846523,0.3686138675202106,0.2647331699533443,0.30737416636335263,1668
397,2,evaluate,1.825987708789331,0.5618247298919568,0.35471960990874196,0.2807920342137096,0.3122342043397323,1666
397,3,evaluate,1.8120423444995173,0.5630252100840336,0.4109855815862799,0.28151558562635465,0.33241404099489885,1666
397,4,evaluate,2.0674185951550803,0.5138055222088835,0.364759349336454,0.25751506489139475,0.30058119244714626,1666
397,5,evaluate,1.9310176019315366,0.5306122448979592,0.3418656408183936,0.2669129061887157,0.298862646061591,1666
398,0,evaluate,1.9286282239136872,0.5348139255702281,0.34312009634604373,0.26889286136620905,0.3009332978672431,1666
398,1,evaluate,1.820189442899492,0.570828331332533,0.35569319576170255,0.28521815655575655,0.3154149301283364,1666
398,2,evaluate,1.8479947646458943,0.5713429256594724,0.4204282173277294,0.28580499120104247,0.33910209894432103,1668
398,3,evaluate,2.033186086901912,0.5293764988009593,0.36957076281017653,0.26414396841171417,0.30719306414882624,1668
398,4,evaluate,2.0686861414600304,0.5192076830732293,0.3677864893714671,0.26035155013029465,0.30360408462235,1666
398,5,evaluate,1.8002419124046962,0.5666266506602641,0.41052339839318847,0.28327249860066134,0.3338872489149734,1666
399,0,evaluate,1.8223521014054616,0.5672268907563025,0.3537805521128948,0.2834746570727347,0.3136584860146404,1666
399,1,evaluate,1.8128101403514545,0.56062424969988,0.40982660232054313,0.2802989482702551,0.3312790028844989,1666
399,2,evaluate,2.0193167792426214,0.5323741007194245,0.3703739441313688,0.26559130464606096,0.3084458597488758,1668
399,3,evaluate,1.9299768761352256,0.5336134453781513,0.34303620737139007,0.2682549489670999,0.3004770193128664,1666
399,4,evaluate,2.051575859387716,0.5156062424969988,0.3646664416831025,0.25852727046992907,0.3015917206378248,1666
399,5,evaluate,1.870867786584077,0.5689448441247003,0.4193065062583562,0.2846136599225756,0.33798904746445546,1668
400,0,evaluate,2.0529847316167973,0.5204081632653061,0.3665807431313889,0.2609788991433035,0.30382582225193355,1666
400,1,evaluate,1.9519111933531585,0.5294117647058824,0.34237142771893647,0.26616422620832003,0.29886648703206226,1666
400,2,evaluate,1.821174555906543,0.5690276110444178,0.35458211742354334,0.2844291825604208,0.31475119119964584,1666
400,3,evaluate,2.042733042328446,0.5299760191846523,0.3685633481494259,0.2645000885272445,0.30724460502007894,1668
400,4,evaluate,1.8456054658249572,0.5552220888355343,0.41058939683613555,0.2776109577828744,0.32956687064476464,1666
400,5,evaluate,1.875462121433682,0.5683453237410072,0.4179892074696652,0.28433409490861117,0.337120124389506,1668
401,0,evaluate,1.8699500163396199,0.5761390887290168,0.41846175699060717,0.28823018198428857,0.3397817744658223,1668
401,1,evaluate,2.0681494998711125,0.517406962785114,0.3641353264290051,0.25955984803310655,0.3017046881559076,1666
401,2,evaluate,1.847864764156165,0.56062424969988,0.41201242958917883,0.28034837886640696,0.33230110273030694,1666
401,3,evaluate,1.847709462598518,0.570828331332533,0.3577096371065915,0.2851640349130761,0.31649351960458955,1666
401,4,evaluate,1.9389081751858745,0.5330132052821128,0.3418106345415243,0.2680198807394346,0.29971686192937974,1666
401,5,evaluate,2.052781180099205,0.526378896882494,0.36824726607347774,0.26265718931310994,0.3059732036826731,1668
402,0,evaluate,1.8402573653945216,0.5702280912364946,0.35760367389165826,0.28491325732536693,0.31643294347118694,1666
402,1,evaluate,2.070308795129811,0.5186074429771909,0.3637931307897868,0.26014159379025803,0.30201470180934054,1666
402,2,evaluate,1.9341774737393413,0.5348139255702281,0.34313550907710544,0.2689328459506335,0.300865250716717,1666
402,3,evaluate,2.046273825345216,0.5281774580335732,0.37134207084239296,0.2634998542197694,0.30756257207133986,1668
402,4,evaluate,1.8641105978577226,0.5701438848920863,0.4163600087588515,0.2852270118357255,0.3373653828012741,1668
402,5,evaluate,1.8240107366884197,0.5648259303721489,0.411422860703348,0.28247399819257935,0.3339365609484476,1666
403,0,evaluate,1.9385566534819427,0.5336134453781513,0.34101824985116924,0.26831997006315433,0.2996154248889761,1666
403,1,evaluate,2.0528962214787803,0.5227817745803357,0.3695027931064875,0.2609321542777251,0.3050414199756057,1668
403,2,evaluate,1.839146422015296,0.563625450180072,0.35418889015311295,0.2816339458532952,0.31288138009472793,1666
403,3,evaluate,1.8207035939450618,0.5618247298919568,0.41102912019285426,0.28097677822263717,0.3324192743642437,1666
403,4,evaluate,2.0713710903569504,0.5186074429771909,0.36527396275518176,0.26025375406468393,0.3024253619977752,1666
403,5,evaluate,1.8655461691043995,0.5713429256594724,0.4160395709753759,0.2858140261502881,0.33744543934402593,1668
404,0,evaluate,1.862985646283185,0.5701438848920863,0.4146817868122216,0.28522688666036117,0.33663416000504104,1668
404,1,evaluate,2.0693774355782404,0.5251798561151079,0.3714803485591833,0.26216863865574763,0.30670812164036176,1668
404,2,evaluate,1.8706502748860254,0.5582232893157263,0.3527929347209452,0.2789845861218949,0.31042250909732927,1666
404,3,evaluate,2.084195609445925,0.5162064825930373,0.36468600902643455,0.25887033736131687,0.301307675937974,1666
404,4,evaluate,1.9252378476990595,0.5366146458583433,0.3396497003020474,0.26977891431303624,0.30006125152292334,1666
404,5,evaluate,1.8211675667100482,0.5600240096038416,0.40969325187495825,0.2800612173952964,0.3311621120275142,1666
405,0,evaluate,2.0485211544566684,0.5287769784172662,0.3706541349428309,0.26396740237390964,0.30758072364620215,1668
405,1,evaluate,1.8875279382423118,0.565947242206235,0.4157922637844525,0.28316328310794836,0.33558678018091403,1668
405,2,evaluate,2.0774812916362726,0.5120048019207684,0.3620823578672882,0.25671366021777986,0.2990441016957817,1666
405,3,evaluate,1.827915235526032,0.5630252100840336,0.41207004394141755,0.28155282082483524,0.33279135300031676,1666
405,4,evaluate,1.9341796106762357,0.5366146458583433,0.34103755428959825,0.2698559587504899,0.30053761817259766,1666
405,5,evaluate,1.868648835906276,0.5594237695078031,0.35270573688888474,0.2795428114658512,0.3107778235138701,1666
406,0,evaluate,1.9428598086039226,0.5336134453781513,0.3412903363230492,0.26836512571363436,0.29970108206871304,1666
406,1,evaluate,1.8672627685246643,0.5624249699879952,0.354096241268318,0.2809250678622719,0.3122661822995779,1666
406,2,evaluate,1.892275302498429,0.5665467625899281,0.4175208333765232,0.2834276087269115,0.3363890313396754,1668
406,3,evaluate,2.0450948432639793,0.5311750599520384,0.3703899487370552,0.2651835730213621,0.30840278478660266,1668
406,4,evaluate,2.071172478850241,0.5156062424969988,0.3634216348825528,0.2584871541227413,0.30103354785799574,1666
406,5,evaluate,1.8425400745537546,0.5582232893157263,0.41029845030265283,0.27914084112378496,0.33042695707318803,1666
407,0,evaluate,2.0571817460435406,0.5252100840336135,0.365805672366592,0.26347454432615564,0.3051587165019197,1666
407,1,evaluate,1.955971638361613,0.5300120048019208,0.3412292561045719,0.2665512268601996,0.298506635806812,1666
407,2,evaluate,1.9050698192031295,0.5671462829736211,0.41797443339626594,0.283708196947604,0.33693356492711685,1668
407,3,evaluate,2.045237095267684,0.5347721822541966,0.36932877130325437,0.2668121574162371,0.30922705566598835,1668
407,4,evaluate,1.8600528659643951,0.5690276110444178,0.357002787112346,0.28425476845273595,0.3157322902309361,1666
407,5,evaluate,1.8724164435708965,0.5516206482593037,0.40944715115073915,0.27583680846285774,0.3282042362804042,1666
408,0,evaluate,2.0790039753472365,0.5234093637454982,0.3670507932664645,0.2625642271344143,0.30500730131254883,1666
408,1,evaluate,1.8589484531570364,0.5660264105642256,0.35483639749888385,0.28273141166032384,0.31396032775967764,1666
408,2,evaluate,1.867116497070701,0.5600240096038416,0.4119162351678541,0.2800507497748571,0.3318814209925435,1666
408,3,evaluate,2.0523185200161405,0.5347721822541966,0.3691443817394219,0.26691776724341115,0.30923804017819273,1668
408,4,evaluate,1.9048966655024775,0.565347721822542,0.4187042562708555,0.2828143754062286,0.3361905575593147,1668
408,5,evaluate,1.974527566521256,0.5324129651860744,0.34293070985922525,0.26776438876090114,0.29985123162556904,1666
409,0,evaluate,1.890953756040997,0.5510204081632653,0.4103940503940504,0.2755912843914263,0.3278380589025542,1666
409,1,evaluate,1.8613184845006023,0.5660264105642256,0.35559842429423993,0.282764187278825,0.31435971591171785,1666
409,2,evaluate,1.9886898464626737,0.5342136854741897,0.34499330153498264,0.2686823383379535,0.3011068775625847,1666
409,3,evaluate,2.0707041737106113,0.5234093637454982,0.36473707220922047,0.26262007312245844,0.30422709498573564,1666
409,4,evaluate,2.058864489749626,0.5299760191846523,0.3683101307616505,0.2644926365679627,0.307204201773615,1668
409,5,evaluate,1.9093562452881425,0.5665467625899281,0.4167392799209095,0.28342327987683247,0.33583077489351065,1668
410,0,evaluate,2.062428326518447,0.5299760191846523,0.36761335666337763,0.26448123884932817,0.30694043265319493,1668
410,1,evaluate,1.8502381879974295,0.5684273709483794,0.3551108682254368,0.28414900735396537,0.31483324547448993,1666
410,2,evaluate,1.9048664216642026,0.5677458033573142,0.4157188491932315,0.28400838686604507,0.3356752471640989,1668
410,3,evaluate,2.0665201773798025,0.5198079231692677,0.3609205455630423,0.26077229947384273,0.3016631254850965,1666
410,4,evaluate,1.8868330736403112,0.5498199279711885,0.4115605016890903,0.2749933128783625,0.32793492204403873,1666
410,5,evaluate,1.9920949339866638,0.5306122448979592,0.34329477100384576,0.26682376318922574,0.2994186580275127,1666
411,0,evaluate,1.9804122205133792,0.5342136854741897,0.3446981114516675,0.26864017441194205,0.30100437573717526,1666
411,1,evaluate,2.0675819648636713,0.5293764988009593,0.3678484406479964,0.26425406489436876,0.30694631038795006,1668
411,2,evaluate,1.875656188638122,0.5516206482593037,0.4105135405605318,0.27588958087718707,0.328266575932986,1666
411,3,evaluate,1.9128539209012632,0.5671462829736211,0.4160369399529327,0.2837151779244488,0.3357464650700247,1668
411,4,evaluate,2.0850367228741997,0.5210084033613446,0.3636438685168154,0.26123907192753815,0.30312320551370975,1666
411,5,evaluate,1.8708024996298331,0.5624249699879952,0.3545070364265415,0.28110278127826477,0.31270996144489016,1666
412,0,evaluate,1.87452827890714,0.5522208883553421,0.41097298170946717,0.27619723896896553,0.32865733562922195,1666
412,1,evaluate,2.087754884251842,0.5192076830732293,0.3631107490609388,0.260449315960791,0.30204738708632295,1666
412,2,evaluate,2.072190359786705,0.5287769784172662,0.36812906629090547,0.26390536045707796,0.30687212749993076,1668
412,3,evaluate,1.9083969725502863,0.5665467625899281,0.4170686727013959,0.2834536791338861,0.3359536227740422,1668
412,4,evaluate,1.9784371632116813,0.5336134453781513,0.34354032444589117,0.2683987855938633,0.30045902981225503,1666
412,5,evaluate,1.8709427118301392,0.5648259303721489,0.3561925751521942,0.2822700999526656,0.3141408953391051,1666
413,0,evaluate,1.9204626922254209,0.5611510791366906,0.4153415768029965,0.2807193259662527,0.3337404333645247,1668
413,1,evaluate,2.0868923978673086,0.5186074429771909,0.36324114454824497,0.2600831942240445,0.3020727029585238,1666
413,2,evaluate,1.875796123787209,0.56062424969988,0.3541761213932505,0.28003383835872586,0.3119816822628627,1666
413,3,evaluate,1.870463098640795,0.5552220888355343,0.4109082988272923,0.27770636910817154,0.32980656073799736,1666
413,4,evaluate,1.971835986331657,0.5372148859543817,0.3443728785639597,0.2702353081121781,0.3018421313681582,1666
413,5,evaluate,2.0618066522810192,0.5329736211031175,0.37004143926374045,0.2661246476447307,0.3090484209687402,1668
414,0,evaluate,1.8593537186582882,0.553421368547419,0.40932697962630693,0.2767892477001145,0.32860430954441283,1666
414,1,evaluate,1.8675224240179416,0.5624249699879952,0.3550508276598111,0.2809336264323133,0.3127519381895005,1666
414,2,evaluate,2.094353406517594,0.521608643457383,0.3671634848712334,0.26174629777877617,0.3043986647356363,1666
414,3,evaluate,1.9104693818975378,0.5629496402877698,0.41596683004404494,0.28161133730305854,0.3344838470134984,1668
414,4,evaluate,1.9738520472138017,0.5336134453781513,0.3432082683208659,0.26838619571960665,0.3003383924903505,1666
414,5,evaluate,2.0705441059889615,0.5317745803357314,0.3720122541094614,0.2656199808649679,0.3094371224569665,1668
415,0,evaluate,2.1014627836368702,0.5275779376498801,0.3712880241076272,0.2633433605727095,0.3072977933367148,1668
415,1,evaluate,2.1098661251642086,0.5204081632653061,0.3646730272894875,0.2612695632977931,0.3027006936203728,1666
415,2,evaluate,1.9723886604662295,0.531812725090036,0.34325173716484253,0.2675259554083632,0.2998723001741329,1666
415,3,evaluate,1.8656936403777864,0.5648259303721489,0.35535788071158103,0.2821354418036172,0.31364768159405493,1666
415,4,evaluate,1.8552147621909778,0.5552220888355343,0.40769941952100874,0.2776510964677482,0.32903379033229335,1666
415,5,evaluate,1.8740988042619493,0.5725419664268585,0.41529791432117014,0.28641016227689003,0.3376013285274402,1668
416,0,evaluate,1.873404723626596,0.5624249699879952,0.355313110860602,0.28096901081498915,0.31287072148699296,1666
416,1,evaluate,1.8388728899536309,0.5588235294117647,0.4077844994454277,0.27944205135456557,0.3300485841631738,1666
416,2,evaluate,1.9648282086407696,0.531812725090036,0.3421942196968042,0.2674816001837313,0.29931503763445616,1666
416,3,evaluate,2.081297896526478,0.5347721822541966,0.37280733218625406,0.2670444652804719,0.3103276232407981,1668
416,4,evaluate,1.8951665869465582,0.5677458033573142,0.4162774723343201,0.2840129221474321,0.336107757076561,1668
416,5,evaluate,2.1269388960467444,0.5132052821128451,0.36380464114696115,0.2573756454910467,0.3001750002843407,1666
417,0,evaluate,1.8815769486957126,0.565947242206235,0.41538381467625723,0.28309664304927656,0.3353744839425817,1668
417,1,evaluate,1.9509849415885077,0.5354141656662665,0.342689577703381,0.2692128000646879,0.3007657191111572,1666
417,2,evaluate,2.129299951372323,0.5120048019207684,0.3635631598337256,0.25699801660294075,0.2995725228630747,1666
417,3,evaluate,1.8858060075177088,0.5570228091236494,0.35437575017885603,0.2782982817791556,0.31102920168342446,1666
417,4,evaluate,1.8428070517601791,0.5612244897959183,0.4074916167170439,0.2806891832668654,0.3312381634156233,1666
417,5,evaluate,2.0987329681714377,0.5287769784172662,0.3717849671145655,0.26402777781489284,0.307952662441111,1668
418,0,evaluate,1.9019419926184196,0.5635491606714629,0.4142261511879635,0.2819159290216303,0.3340745312881156,1668
418,1,evaluate,2.118323818401054,0.5114045618247299,0.36193860481499973,0.2565139882322379,0.2988979316587159,1666
418,2,evaluate,2.0841222206751504,0.5311750599520384,0.3715047929566917,0.2652961035032301,0.3088507295229392,1668
418,3,evaluate,1.8770622903550114,0.5576230492196879,0.3545057468501535,0.27869251989293053,0.31122309185755126,1666
418,4,evaluate,1.851857469037727,0.5624249699879952,0.40898885600692597,0.2812685088155083,0.3318100183829903,1666
418,5,evaluate,1.9615921046998765,0.5372148859543817,0.3445002024990954,0.2701103337341236,0.30208322452794306,1666
419,0,evaluate,1.9706034748642534,0.531812725090036,0.3437199107354457,0.2674204744864793,0.300112428339177,1666
419,1,evaluate,1.8618325889110565,0.5600240096038416,0.3546263628494465,0.27990354264502526,0.3120613459954512,1666
419,2,evaluate,2.1214371544343456,0.5096038415366146,0.3629815141474032,0.2558093027984996,0.29847122046293795,1666
419,3,evaluate,1.8902279138565063,0.5689448441247003,0.4175611729612247,0.28462340891961097,0.3369585778255113,1668
419,4,evaluate,1.8498056900722009,0.5594237695078031,0.4077726025601125,0.27977190007379604,0.3306491398911482,1666
419,5,evaluate,2.0942913558748035,0.5311750599520384,0.3728075504319555,0.26512498092288583,0.30896221325704876,1668
420,0,evaluate,1.9479212672622115,0.5372148859543817,0.344392809186303,0.27009510496337785,0.30196293451076894,1666
420,1,evaluate,1.89269870740396,0.565347721822542,0.41803362883446216,0.2828286223481278,0.3359403538012365,1668
420,2,evaluate,1.8777980500901188,0.5528211284513805,0.3525140008364378,0.2762557921514478,0.3088629856294275,1666
420,3,evaluate,2.109572637412283,0.5120048019207684,0.3641867249183327,0.2567513610565209,0.29984054417362077,1666
420,4,evaluate,1.8456325657941677,0.5594237695078031,0.4068523412772166,0.27977126346832737,0.33015052547245943,1666
420,5,evaluate,2.0668751663631864,0.5335731414868106,0.37159620217646294,0.2665197623910068,0.3094960507856596,1668
421,0,evaluate,1.9528444939189487,0.5348139255702281,0.34244881363740504,0.2689546168599223,0.3004492529484006,1666
421,1,evaluate,2.080557452307807,0.5335731414868106,0.37155220780751,0.2666962947833573,0.3095834703793803,1668
421,2,evaluate,2.1194347623321743,0.5114045618247299,0.36511209177299814,0.2565016825539258,0.2997428534178098,1666
421,3,evaluate,1.8805566706039287,0.5582232893157263,0.35519241038409144,0.2789984126995258,0.3114763343123823,1666
421,4,evaluate,1.8855924076504178,0.565947242206235,0.41842686917669764,0.2831245190300183,0.3363671964987734,1668
421,5,evaluate,1.8399647598465283,0.5588235294117647,0.40751599043139397,0.27946181900353817,0.33031632349104545,1666
422,0,evaluate,1.8785829102551495,0.5701438848920863,0.4190471934849043,0.2852069411661932,0.3377854870334419,1668
422,1,evaluate,2.1162296958543636,0.507202881152461,0.3615080921164487,0.2545605610591572,0.2970309275914114,1666
422,2,evaluate,1.8518169066972203,0.5618247298919568,0.41047917599641737,0.28094840145077354,0.3322218783872267,1666
422,3,evaluate,2.092888999868322,0.5317745803357314,0.37089491428443555,0.2655875216259491,0.3085728328276866,1668
422,4,evaluate,1.8702687196157597,0.5594237695078031,0.3547572111460543,0.2795446335027334,0.31180144599036175,1666
422,5,evaluate,1.9749933039700542,0.5306122448979592,0.3421060613958683,0.2668061564196574,0.2989812506385466,1666
423,0,evaluate,1.8858364870150883,0.5600240096038416,0.41237505359396104,0.28008603681531463,0.33208249295755543,1666
423,1,evaluate,2.0928415810620344,0.5287769784172662,0.3697537619423312,0.2641233415799191,0.30752990499898564,1668
423,2,evaluate,2.1062575766333826,0.5186074429771909,0.36525819063211074,0.2601422765811944,0.3024025385019933,1666
423,3,evaluate,1.8999369895016704,0.565347721822542,0.41786651972526156,0.2828215693972787,0.3357349367126599,1668
423,4,evaluate,1.988527986738417,0.5336134453781513,0.3439145071227835,0.26837436692166106,0.3005665038767232,1666
423,5,evaluate,1.8837716027542397,0.5624249699879952,0.3543911230961124,0.28095585531514095,0.31268337716269234,1666
424,0,evaluate,1.8901257503915716,0.5594237695078031,0.3528024643934716,0.279502001692692,0.3111423993579906,1666
424,1,evaluate,1.9084184964497883,0.5671462829736211,0.4183226726430891,0.2837136031818185,0.33663259372433124,1668
424,2,evaluate,2.096137356426981,0.5204081632653061,0.36460454631436867,0.2611607899290574,0.3028749148354282,1666
424,3,evaluate,1.9983084113509566,0.5342136854741897,0.34264214054382985,0.2685823734668531,0.3004692376188053,1666
424,4,evaluate,1.9032729559198573,0.5558223289315727,0.41045851565088587,0.27795923693285796,0.3299610201320522,1666
424,5,evaluate,2.0995138971893876,0.5281774580335732,0.36735007185737406,0.26368990954910626,0.3061217063280134,1668
425,0,evaluate,1.9299610632437247,0.565347721822542,0.417453082719217,0.2828099662762532,0.3356046639894839,1668
425,1,evaluate,2.10467251252245,0.5162064825930373,0.36418397750555725,0.25916443445942683,0.3014274393101606,1666
425,2,evaluate,2.0900483617076167,0.5311750599520384,0.3676799452812597,0.2652214783534295,0.3074072465493046,1668
425,3,evaluate,2.019756171438429,0.5282112845138055,0.3420745421907657,0.2656266947718945,0.29813803632639674,1666
425,4,evaluate,1.9069165308718328,0.5588235294117647,0.41134634765138084,0.27947299506555706,0.33113647880446295,1666
425,5,evaluate,1.8802553746435378,0.5630252100840336,0.3532884030918221,0.2812842158795872,0.31253426727778083,1666
426,0,evaluate,1.9036312210890982,0.5594237695078031,0.41078809241045205,0.27980175288897813,0.3312949228510835,1666
426,1,evaluate,2.017232484287686,0.5312124849939976,0.3418607532181869,0.26716416601128246,0.2989595398136088,1666
426,2,evaluate,1.929687636869925,0.5629496402877698,0.4181758019955387,0.28160674418950904,0.33489798284459826,1668
426,3,evaluate,2.100344273779127,0.5329736211031175,0.36935392148628826,0.2659711634559177,0.30866009893902147,1668
426,4,evaluate,1.8871620772061524,0.5612244897959183,0.3542116048612906,0.2802418744320574,0.31225415880259055,1666
426,5,evaluate,2.1220634082953134,0.517406962785114,0.3653564423769565,0.2597510596775196,0.3023850962181475,1666
427,0,evaluate,2.0119884058281228,0.5324129651860744,0.34287955700642303,0.26774304899083806,0.2997658617397992,1666
427,1,evaluate,2.137757401775431,0.5156062424969988,0.3675084417587381,0.25891440339451044,0.302316590274786,1666
427,2,evaluate,2.110250695987984,0.5311750599520384,0.3693080263840955,0.26514933399287627,0.3078725968813063,1668
427,3,evaluate,1.9057383051625005,0.5677458033573142,0.41755104908604307,0.2840012377704629,0.3365495979538619,1668
427,4,evaluate,1.8809262431330152,0.5642256902761105,0.3559588821609566,0.28177124518738517,0.31382457114836193,1666
427,5,evaluate,1.8772781368482996,0.5618247298919568,0.4092387293644955,0.28095354046496873,0.3318863734165136,1666
428,0,evaluate,2.141156569675163,0.5234093637454982,0.3695102382854646,0.26274345194193666,0.3059187525436685,1666
428,1,evaluate,2.101323719377871,0.5335731414868106,0.37041669128573645,0.26621698111255876,0.30898633993327934,1668
428,2,evaluate,1.9356284847965948,0.5635491606714629,0.41628794626695403,0.281909774102145,0.33458101189492145,1668
428,3,evaluate,2.0250066033116094,0.5330132052821128,0.34458789564215403,0.2680127477661397,0.3006307848862263,1666
428,4,evaluate,1.8734702147819378,0.5654261704681873,0.35400645224198285,0.28240262270702166,0.3133847030333636,1666
428,5,evaluate,1.8931053865838934,0.5624249699879952,0.409261995179851,0.28124858208727516,0.33194303035866024,1666
429,0,evaluate,2.114219844341278,0.5299760191846523,0.3690341464941088,0.26455732896923406,0.30733883242086946,1668
429,1,evaluate,2.1602960764257997,0.514405762304922,0.36782016299899245,0.25825397463250904,0.3020860397735151,1666
429,2,evaluate,1.8861037603131048,0.5654261704681873,0.3550885946535573,0.28247805733455017,0.31386079153160823,1666
429,3,evaluate,1.8667686225639448,0.5666266506602641,0.40976999390094965,0.28340200829287643,0.33372074236550187,1666
429,4,evaluate,2.0134819414880543,0.5336134453781513,0.3434297286966527,0.26837715316881544,0.3003302059735101,1666
429,5,evaluate,1.9100345991275929,0.5671462829736211,0.41620781717827277,0.28371175466467824,0.33584297073902597,1668
430,0,evaluate,2.009216116534339,0.536014405762305,0.34342982146271905,0.26953003660307406,0.30126844687578086,1666
430,1,evaluate,2.167956195495747,0.5114045618247299,0.3661129985882461,0.25685360882737507,0.30015349452060264,1666
430,2,evaluate,1.8687794154716864,0.5642256902761105,0.41060983524466843,0.28215727398181734,0.33331993837187984,1666
430,3,evaluate,2.150236143006219,0.5257793764988009,0.3693189089862963,0.26238213048752,0.30586218197450327,1668
430,4,evaluate,1.9004056519932218,0.563625450180072,0.35491212106304226,0.28165096203489765,0.31317891160602074,1666
430,5,evaluate,1.8834690782758925,0.5743405275779376,0.4169165965115222,0.28728956875762884,0.33877586202558374,1668
431,0,evaluate,1.8807572970787685,0.56062424969988,0.40985875372180736,0.28035546874437706,0.331655974995121,1666
431,1,evaluate,2.018283106662609,0.5336134453781513,0.34273491986691973,0.2683706458781998,0.3002176829132765,1666
431,2,evaluate,1.91052892031493,0.5749400479616307,0.4165180682222391,0.2876043811440619,0.3387847165437011,1668
431,3,evaluate,2.164977509666372,0.5120048019207684,0.36584080509176575,0.2570233780424697,0.3004128928791978,1666
431,4,evaluate,2.13941267463896,0.526378896882494,0.36853457465221434,0.2626908970370078,0.305895884438928,1668
431,5,evaluate,1.9022893486199555,0.5642256902761105,0.3560944456096397,0.281877472094907,0.3137182098125327,1666
432,0,evaluate,1.8985244079872414,0.5749400479616307,0.4172125112450521,0.2875970031694377,0.3390331622861743,1668
432,1,evaluate,2.1516413622432284,0.5275779376498801,0.36857025784854536,0.26342376765290354,0.3062963155340112,1668
432,2,evaluate,1.8522758224496134,0.5702280912364946,0.40900774361749964,0.2851648608132307,0.334627785307721,1666
432,3,evaluate,1.9983327830279316,0.539015606242497,0.34324979270904826,0.2710411272630204,0.30201527915386156,1666
432,4,evaluate,2.2011907906443984,0.5078031212484994,0.36693732208129093,0.25493203163485073,0.2991115190688508,1666
432,5,evaluate,1.9270458784368303,0.5588235294117647,0.35468154961789117,0.2791964090126581,0.31117421892394803,1666
433,0,evaluate,1.9013833867179022,0.5737410071942446,0.41692380452032757,0.2870008819316251,0.3383472781626523,1668
433,1,evaluate,2.1552484234174094,0.526378896882494,0.3701333667168193,0.2627142705688986,0.30634066249952624,1668
433,2,evaluate,1.8591229830075193,0.5684273709483794,0.4088699375639065,0.2842886656575214,0.3338148187232744,1666
433,3,evaluate,2.1995919832476862,0.5078031212484994,0.36685686346369073,0.2548390665861335,0.29924044746265827,1666
433,4,evaluate,1.9293183816803827,0.5588235294117647,0.35488704220178346,0.27919447625821875,0.31134207927058705,1666
433,5,evaluate,2.0123561841470226,0.539015606242497,0.3437164403557033,0.27097019382488413,0.3022413383279,1666
434,0,evaluate,2.0158013105392456,0.5366146458583433,0.34417504433939217,0.2698885364837466,0.30137442407659343,1666
434,1,evaluate,1.929351360709579,0.5743405275779376,0.4179875997007649,0.2873092209576951,0.33881266339837723,1668
434,2,evaluate,2.141480099271845,0.5329736211031175,0.3681197053668033,0.2662097377651,0.30821434076939624,1668
434,3,evaluate,2.2026963476781494,0.5132052821128451,0.3676098598306557,0.25738903148087855,0.30145489936102143,1666
434,4,evaluate,1.8734689926107724,0.5714285714285714,0.4124446047079318,0.2858195064681735,0.3356436959999795,1666
434,5,evaluate,1.9307928261933502,0.5570228091236494,0.35307845000341914,0.2782583102257498,0.3100132616235598,1666
435,0,evaluate,2.214263258156953,0.5102040816326531,0.3665973714950579,0.2559674940844807,0.3001498811098135,1666
435,1,evaluate,1.9283020794391632,0.5594237695078031,0.35536563906008783,0.27934646276155484,0.31160794157626615,1666
435,2,evaluate,2.13535984798714,0.5335731414868106,0.3688184742015178,0.2663711567096122,0.30849227801996354,1668
435,3,evaluate,1.9403492035689178,0.5743405275779376,0.42086762997642396,0.28731559719727773,0.3399003883772592,1668
435,4,evaluate,1.8686503641031407,0.5738295318127251,0.4108578950491628,0.28699135176866736,0.3361947016064663,1666
435,5,evaluate,2.0259877973132663,0.5354141656662665,0.3431159147869674,0.26931032367336194,0.3006328505641424,1666
436,0,evaluate,1.8442966130872567,0.578031212484994,0.40984787250160437,0.2890867971269583,0.3372877169540056,1666
436,1,evaluate,2.122608255456995,0.5371702637889688,0.3683795837389086,0.2682477273666023,0.30956062220990443,1668
436,2,evaluate,2.2241546655142748,0.5042016806722689,0.3666619859980321,0.25289418407846564,0.2981668908455818,1666
436,3,evaluate,1.9099633285292872,0.556422569027611,0.35296097179579766,0.27795518738012664,0.3095909909538184,1666
436,4,evaluate,1.9480790076432404,0.5713429256594724,0.4212405580373183,0.2858192679205202,0.33891551722172164,1668
436,5,evaluate,2.0308073626624212,0.5294117647058824,0.3415177053832398,0.26629184359664543,0.2979081267298347,1666
437,0,evaluate,1.931648607607241,0.5761390887290168,0.4211368531530593,0.28819751206553923,0.34074669054048584,1668
437,1,evaluate,2.2332639627986484,0.503001200480192,0.3681504522438898,0.2525049356389383,0.29800487464602804,1666
437,2,evaluate,2.147942887412177,0.5293764988009593,0.3684065154429895,0.2643666325747307,0.3068061081205484,1668
437,3,evaluate,1.90967971417639,0.56062424969988,0.3556076453267932,0.28011040056027126,0.3122510969971144,1666
437,4,evaluate,1.8463105740094627,0.575030012004802,0.4095384016517339,0.2875873443349659,0.3366191760080471,1666
437,5,evaluate,2.0353550381130643,0.5270108043217286,0.3394125720508392,0.26506711481883766,0.29670292070321436,1666
438,0,evaluate,2.218249398249167,0.507202881152461,0.36603950289831216,0.2545258575069308,0.29878055176049606,1666
438,1,evaluate,2.157536599371168,0.5239808153477218,0.36684858168806833,0.2617929084450159,0.3046495957808693,1668
438,2,evaluate,1.9296352907463357,0.56062424969988,0.3552090648275119,0.2801311249726871,0.31208918764822335,1666
438,3,evaluate,1.8642947252977777,0.5702280912364946,0.4082380504646407,0.2851798362538999,0.33452790557279466,1666
438,4,evaluate,2.0136688506161726,0.5288115246098439,0.3397152822391451,0.26596395954199026,0.2974936237736975,1666
438,5,evaluate,1.9225319844705087,0.5707434052757794,0.4198098622822613,0.2855037414862974,0.3385746650603446,1668
439,0,evaluate,2.1990064437742585,0.517406962785114,0.3683412604807888,0.2596190809268408,0.30293970443483226,1666
439,1,evaluate,1.879380053944058,0.5785371702637889,0.41951002153662714,0.2894081494634308,0.3412059875825334,1668
439,2,evaluate,1.8839083651977557,0.5690276110444178,0.41137322837882795,0.28458620265879864,0.33502546906351816,1666
439,3,evaluate,1.9220385606642123,0.5630252100840336,0.35633802658695735,0.281365205068286,0.3133596563481964,1666
439,4,evaluate,2.0209012782132185,0.5264105642256903,0.33872809120186126,0.2648111229126926,0.2964145994281041,1666
439,5,evaluate,2.184808686927513,0.5221822541966427,0.3705169924206703,0.260745861467626,0.30529547191780293,1668
440,0,evaluate,2.1979143431893102,0.517406962785114,0.3668690472335898,0.25967060233285133,0.30259145039357105,1666
440,1,evaluate,1.9219422660492085,0.56062424969988,0.3549028859280658,0.2801460472030531,0.3122763604891208,1666
440,2,evaluate,1.898884037785508,0.5672268907563025,0.41028376033433683,0.2836770951039592,0.3341196978424291,1666
440,3,evaluate,2.040903780195448,0.5282112845138055,0.34219896704504,0.26565865877950523,0.2981871929336321,1666
440,4,evaluate,1.9093173035868891,0.5779376498800959,0.4177814963702137,0.28909610509718836,0.34049758396202107,1668
440,5,evaluate,2.1794735811374806,0.5245803357314148,0.3692403593008673,0.2619878024476889,0.3058629237104561,1668
441,0,evaluate,2.0350195125297263,0.5306122448979592,0.34227335136630815,0.2668866049436932,0.29889653527282517,1666
441,1,evaluate,2.180840094884237,0.5221822541966427,0.3677502541360721,0.26077562434962287,0.3043168625258093,1668
441,2,evaluate,1.8742391897572412,0.5714285714285714,0.41002323002519636,0.2857733334412277,0.3352062869289026,1666
441,3,evaluate,1.928067656578841,0.5576230492196879,0.35249875609395287,0.2785808686081463,0.31022310929104924,1666
441,4,evaluate,2.2306428375067533,0.5084033613445378,0.36568714233618527,0.255133511681111,0.29903348748779246,1666
441,5,evaluate,1.9164148348349113,0.5755395683453237,0.4168057362512402,0.28791456673517735,0.33923106652959106,1668
442,0,evaluate,1.8735978459870373,0.5732292917166867,0.4119671664266387,0.28670945760227023,0.3367220096534985,1666
442,1,evaluate,1.930591000450982,0.5737410071942446,0.41604360601570106,0.28700892635952896,0.3384216764647633,1668
442,2,evaluate,2.029087397787306,0.5294117647058824,0.3410902463593122,0.2662326876498845,0.2980366478272454,1666
442,3,evaluate,1.9407672573018957,0.5552220888355343,0.3519618106168965,0.2772558616401789,0.30920971837076533,1666
442,4,evaluate,2.2268611418980138,0.5126050420168067,0.3680426021973541,0.2572387123768996,0.3013530461308761,1666
442,5,evaluate,2.173040169256705,0.5275779376498801,0.3690217910849868,0.2636149254254986,0.30688536878953776,1668
443,0,evaluate,2.2431659913725324,0.5060024009603842,0.36557619718506346,0.25394747965771725,0.29843113089490836,1666
443,1,evaluate,2.1661425453645213,0.5329736211031175,0.3714391990872315,0.2661568550349325,0.30929127862686634,1668
443,2,evaluate,1.9426197520008794,0.5755395683453237,0.4184986329188992,0.28789985470534957,0.3398329037292258,1668
443,3,evaluate,2.047083854675293,0.5282112845138055,0.3423330392835339,0.26557838911242004,0.2981276595278767,1666
443,4,evaluate,1.9308140366165727,0.5576230492196879,0.35144165854221443,0.27841864362308993,0.3096657377634029,1666
443,5,evaluate,1.8581237014796999,0.5756302521008403,0.4108250309504918,0.28785914278810043,0.33717634475624536,1666
444,0,evaluate,1.9583360530711986,0.5761390887290168,0.4204991453248844,0.28818043634314483,0.3405166225420944,1668
444,1,evaluate,2.1731148693296642,0.5329736211031175,0.37010027589452354,0.26605124520775847,0.308905409297774,1668
444,2,evaluate,2.2236696823879525,0.5132052821128451,0.368831518103081,0.25756032697212444,0.3020332844733537,1666
444,3,evaluate,1.89384834330391,0.5678271308523409,0.4112603611498873,0.28397514256155815,0.33458716271205274,1666
444,4,evaluate,2.059626579284668,0.524609843937575,0.3402553285528618,0.2637708108493988,0.2962416655780793,1666
444,5,evaluate,1.9324843839362815,0.5588235294117647,0.3526888108036931,0.27900250304861496,0.310765248800156,1666
445,0,evaluate,1.9392982754442427,0.5576230492196879,0.3524570439700888,0.2784880642877029,0.31027308830457406,1666
445,1,evaluate,1.8779472079541948,0.5696278511404562,0.4116159994905533,0.2848849202163602,0.3354051861967984,1666
445,2,evaluate,2.241508541283784,0.5120048019207684,0.36765710959186176,0.2569741779537772,0.30108500998143595,1666
445,3,evaluate,2.187567679970353,0.5275779376498801,0.36913337482132696,0.2633455991046798,0.30635649691036604,1668
445,4,evaluate,1.940496731687475,0.5785371702637889,0.4193851268332164,0.28940335454937577,0.3411184981275995,1668
445,5,evaluate,2.0448551575342813,0.5258103241296519,0.3394034575922886,0.2644259487744206,0.29627850097245145,1666
446,0,evaluate,1.9446877726802119,0.5809352517985612,0.42025275607817214,0.2906128716197588,0.34235075338274384,1668
446,1,evaluate,1.959855756273976,0.5576230492196879,0.3547084773604312,0.27851525814604766,0.31106114499217696,1666
446,2,evaluate,2.1868232245798462,0.5257793764988009,0.37063302116458463,0.26250272822178566,0.30621888591682267,1668
446,3,evaluate,2.252755931682057,0.5102040816326531,0.36825265661444234,0.256082005911339,0.30059896351078885,1666
446,4,evaluate,2.027829388777415,0.5276110444177671,0.33820565130061986,0.26529627854767257,0.2964875620287729,1666
446,5,evaluate,1.8736624038881726,0.5744297719087635,0.41205598550763806,0.28727193167675824,0.3372918045576969,1666
447,0,evaluate,2.011714555599071,0.5306122448979592,0.33869409960492297,0.2667593007827772,0.2976992887711104,1666
447,1,evaluate,1.9761241630271629,0.553421368547419,0.35273906987530823,0.2764998798713344,0.30907587830943556,1666
447,2,evaluate,1.9354472292794123,0.579736211031175,0.41812068940133074,0.29002392850815956,0.34132324510683415,1668
447,3,evaluate,2.2031489831429942,0.5233812949640287,0.36944510493568866,0.26138578856039285,0.3052898684737187,1668
447,4,evaluate,1.8796051337763116,0.5726290516206483,0.41166476869407553,0.28641358409498896,0.3363997004086941,1666
447,5,evaluate,2.2534217028706163,0.5156062424969988,0.369438826935088,0.2586450973450552,0.3027982479670198,1666
448,0,evaluate,1.9031542556153402,0.5660264105642256,0.40979644435832246,0.28308135911869736,0.3333922481861388,1666
448,1,evaluate,2.2355476132145635,0.5168067226890757,0.36919017763124934,0.2591445183062596,0.30310367618063117,1666
448,2,evaluate,1.9675901653590027,0.5552220888355343,0.35335787662246937,0.2773242100371392,0.30984849411178195,1666
448,3,evaluate,2.0156456982647932,0.5294117647058824,0.33980262286185536,0.26619000399597637,0.2977273348346091,1666
448,4,evaluate,1.9538188378016155,0.580335731414868,0.42070597646538654,0.2903286976274081,0.34223788659597576,1668
448,5,evaluate,2.1869659313449152,0.5257793764988009,0.37049592628724043,0.26251267147930635,0.3064271981988911,1668
449,0,evaluate,2.028873077145329,0.5258103241296519,0.3398895610959261,0.2643808720740474,0.2964000210328865,1666
449,1,evaluate,2.1901719327326172,0.5269784172661871,0.3698003921779306,0.26311306212774793,0.30666084290392215,1668
449,2,evaluate,2.2165493617455163,0.517406962785114,0.3676546473482344,0.25950729475962386,0.3026046695039005,1666
449,3,evaluate,1.9621201091342502,0.5594237695078031,0.3550487465455026,0.27936385583955237,0.3115712596023411,1666
449,4,evaluate,1.924129183921549,0.563625450180072,0.4100066978030693,0.28188955900697993,0.3324973621818278,1666
449,5,evaluate,1.9571580798537642,0.5785371702637889,0.41881176740806436,0.28943417692703227,0.34076815756849427,1668
450,0,evaluate,1.9144548489539712,0.563625450180072,0.410274570750507,0.2819290556748816,0.33264019017329416,1666
450,1,evaluate,2.1960974357746266,0.5287769784172662,0.371279184950071,0.2640308834887959,0.3077758731973931,1668
450,2,evaluate,2.226625950800048,0.5108043217286915,0.3656014120218968,0.25619884666607395,0.2996018548733156,1666
450,3,evaluate,2.0209526640397533,0.5264105642256903,0.3393857697052373,0.26468225313583554,0.29635220802059437,1666
450,4,evaluate,1.9697517222828336,0.5576230492196879,0.3540605047687091,0.2784872591072804,0.3106702453134293,1666
450,5,evaluate,1.9494903396677088,0.5773381294964028,0.4180146236023525,0.2888379595444866,0.34011455787235956,1668
451,0,evaluate,1.916512908482993,0.5666266506602641,0.41035865966442164,0.28337525097346167,0.3337638069792131,1666
451,1,evaluate,1.9434700122586004,0.56062424969988,0.3531015620286531,0.2800142649054095,0.3113716450178578,1666
451,2,evaluate,1.9727244995258473,0.5761390887290168,0.42011128326082375,0.28822745032457375,0.34032695891446685,1668
451,3,evaluate,2.0564759793104948,0.5210084033613446,0.33836720503801904,0.2620591512295737,0.2943953764665074,1666
451,4,evaluate,2.1902681589126587,0.5347721822541966,0.37251275882608703,0.2669884475513107,0.3101174144979826,1668
451,5,evaluate,2.23154545934112,0.5078031212484994,0.3665997184465447,0.2548142902606266,0.29909630633843076,1666
452,0,evaluate,1.9383678963338886,0.56062424969988,0.40957434772083817,0.28042369897270686,0.33138926912901434,1666
452,1,evaluate,1.9753270943959553,0.5689448441247003,0.41803837927017984,0.2846451299808674,0.3370398181345578,1668
452,2,evaluate,2.225057887810248,0.5108043217286915,0.364779314679635,0.25625397280632756,0.2995797357493387,1666
452,3,evaluate,2.049106094572279,0.5270108043217286,0.3401313670177987,0.2650664566067002,0.2968617274751136,1666
452,4,evaluate,1.9553252028094397,0.5540216086434574,0.34958864337251444,0.2766743351457423,0.30799669964103693,1666
452,5,evaluate,2.1933674017588296,0.5293764988009593,0.36951577397261964,0.26429319293926457,0.30749161173551776,1668
453,0,evaluate,1.955957783593072,0.5731414868105515,0.41823589790229415,0.2867329854297932,0.33859520143552346,1668
453,1,evaluate,2.2084642030574657,0.5239808153477218,0.37018696504144766,0.26142042639676805,0.30564049094277923,1668
453,2,evaluate,2.224663397780171,0.5120048019207684,0.36740554208973786,0.2569253304274062,0.30077212414727894,1666
453,3,evaluate,1.939654337035285,0.5594237695078031,0.40898365526591524,0.2797718279492586,0.3306696555790316,1666
453,4,evaluate,1.9424317131439846,0.5558223289315727,0.3499666213747534,0.27762875474299553,0.3087336305645335,1666
453,5,evaluate,2.0675424249083907,0.5252100840336135,0.3396603678531277,0.26415519549568334,0.29617288755750304,1666
454,0,evaluate,1.9327072037590876,0.563625450180072,0.4087912868934433,0.28189323223648327,0.33215494742801527,1666
454,1,evaluate,2.0769564045800104,0.5228091236494598,0.34072569585999374,0.26299212410005757,0.29579506255542654,1666
454,2,evaluate,2.219596094555325,0.5221822541966427,0.3687970969803864,0.2604675819363778,0.30442061587810554,1668
454,3,evaluate,1.9538968801498413,0.5749400479616307,0.41939471418341406,0.2876087902740373,0.33982127725672473,1668
454,4,evaluate,2.242880745066537,0.5078031212484994,0.3632773093234545,0.2548971552123336,0.2980176376014646,1666
454,5,evaluate,1.9388950577488653,0.5588235294117647,0.3505115018727015,0.2791262842309315,0.3098623346522613,1666
455,0,evaluate,1.9369072296001293,0.579736211031175,0.41889129188965074,0.2900122385243404,0.34125016045130596,1668
455,1,evaluate,2.252536211852674,0.5078031212484994,0.36265429366575586,0.25479473123523444,0.29772741537400654,1666
455,2,evaluate,1.9345656734097887,0.5600240096038416,0.4090744583405573,0.2800996590916803,0.33103145500525893,1666
455,3,evaluate,1.9586053358183966,0.5600240096038416,0.3528342131117917,0.2798399116027026,0.31108461531947745,1666
455,4,evaluate,2.0703804272192494,0.5252100840336135,0.34042504151960423,0.2641158178168262,0.2965343294338258,1666
455,5,evaluate,2.243834204143948,0.5209832134292566,0.3680625799737559,0.2600417741956275,0.30400502662088896,1668
456,0,evaluate,2.241502116123835,0.5084033613445378,0.36280283981451256,0.2550937974199605,0.2983282203311684,1666
456,1,evaluate,1.9694575071334839,0.5737410071942446,0.4173158016967955,0.2870062554601188,0.33849609293397986,1668
456,2,evaluate,1.9389167063766055,0.5630252100840336,0.35274212726484305,0.2812891770412009,0.3121496363945418,1666
456,3,evaluate,2.0939633360615484,0.5252100840336135,0.34174329937323866,0.26413512457279464,0.297060141818109,1666
456,4,evaluate,2.2258490014959267,0.5233812949640287,0.36755861348495034,0.2610761981059662,0.3045238765940342,1668
456,5,evaluate,1.9432765143337074,0.5624249699879952,0.40972036555326674,0.28130592091761325,0.33207241031819645,1666
457,0,evaluate,1.944253506483855,0.5648259303721489,0.35472774167029747,0.282237127192525,0.3134843805912164,1666
457,1,evaluate,1.970077223247952,0.5785371702637889,0.4169114596833469,0.2894189665626622,0.34007379482146083,1668
457,2,evaluate,2.229964768996945,0.5096038415366146,0.3607116689034787,0.25564130792322326,0.2979557472988089,1666
457,3,evaluate,1.965072541601128,0.556422569027611,0.40778118994929996,0.278286965162,0.3292670285087877,1666
457,4,evaluate,2.222396007290593,0.5233812949640287,0.3694710184518753,0.26118209698045114,0.30541550576553805,1668
457,5,evaluate,2.09970513538078,0.5228091236494598,0.33932710442723846,0.26295003128090133,0.29539694560970375,1666
458,0,evaluate,2.097234121075383,0.5240096038415366,0.3416924871195058,0.2634547152199794,0.29673393709619783,1666
458,1,evaluate,1.9737906102780942,0.579736211031175,0.41834746366736175,0.29002484338040746,0.3409058332383212,1668
458,2,evaluate,1.9383896367141493,0.5612244897959183,0.4070037548783107,0.28066116785512546,0.33051069712792497,1666
458,3,evaluate,2.2423954887522592,0.507202881152461,0.3614053546825068,0.25442503499935926,0.2974869854145162,1666
458,4,evaluate,1.937978775412948,0.5648259303721489,0.3532489895746862,0.28213844682570904,0.3126424725709211,1666
458,5,evaluate,2.205274890970301,0.5239808153477218,0.36787587958667584,0.2613429085052508,0.30468695124304257,1668
459,0,evaluate,1.9704473195252594,0.5773381294964028,0.41852772735669497,0.2888063791996198,0.3404084621098985,1668
459,1,evaluate,2.0925813339374684,0.524609843937575,0.34082975158676876,0.26374112531807914,0.2967262334849986,1666
459,2,evaluate,2.2590439639709614,0.5024009603841537,0.3618156762023003,0.2519503177597261,0.295970771006314,1666
459,3,evaluate,1.9449927851005837,0.5666266506602641,0.35542839613440724,0.2831002789658569,0.31406603183975046,1666
459,4,evaluate,2.213088702272486,0.5221822541966427,0.3678650153766073,0.260527721158584,0.30412883795254014,1668
459,5,evaluate,1.9191569690075185,0.5642256902761105,0.40876596474218374,0.2821620248543253,0.33218099303348547,1666
460,0,evaluate,2.1989550987879434,0.5245803357314148,0.36748692635940255,0.2617198277833569,0.3049245618014092,1668
460,1,evaluate,2.247865370026341,0.5054021608643458,0.36341259000520887,0.25339054046118703,0.2975901918681076,1666
460,2,evaluate,2.072109235657586,0.5294117647058824,0.34218200687497635,0.26614924740138013,0.2986972243493594,1666
460,3,evaluate,1.928060987205417,0.563625450180072,0.4105006602156605,0.2818742321892495,0.3327359060664574,1666
460,4,evaluate,1.9801618169855189,0.5743405275779376,0.418712827647739,0.28731564672354815,0.3395897348737516,1668
460,5,evaluate,1.9502772644714073,0.5618247298919568,0.3535495745623895,0.28060746962826844,0.31190014125641335,1666
461,0,evaluate,1.9443706080869392,0.5648259303721489,0.35439111558371944,0.28211420649699515,0.31326316778809005,1666
461,1,evaluate,2.229365386344768,0.5102040816326531,0.3630917188265299,0.2558363296635705,0.29919275303673143,1666
461,2,evaluate,1.9343529608514574,0.5642256902761105,0.410207507282073,0.28215113886783705,0.33289365126274245,1666
461,3,evaluate,2.0628181519331754,0.5288115246098439,0.34301988733628164,0.26584020168136696,0.2988227529290847,1666
461,4,evaluate,2.1910926191895097,0.5185851318944844,0.36523934964648197,0.2585757517899284,0.30199065930238406,1668
461,5,evaluate,1.9757756657070584,0.5737410071942446,0.4177078313525536,0.28700908984746387,0.3389507352015996,1668
462,0,evaluate,1.9818885458840265,0.5701438848920863,0.41663495674004436,0.2851890486683788,0.3372289965858635,1668
462,1,evaluate,2.195439100265503,0.5209832134292566,0.3678656809152578,0.2597715609993253,0.3037342230517823,1668
462,2,evaluate,1.9397684424011796,0.5660264105642256,0.3551921364393621,0.28278083048276437,0.31403809384121983,1666
462,3,evaluate,2.2250777968653925,0.514405762304922,0.3620991615648622,0.2581302061938553,0.30038252399255294,1666
462,4,evaluate,1.9450105354189873,0.5600240096038416,0.40929583231469807,0.2800477158565742,0.33155302502696943,1666
462,5,evaluate,2.0700442062483893,0.5222088835534213,0.34114608613657094,0.26256110125124055,0.29599827183096844,1666
463,0,evaluate,1.8926641534048099,0.5702280912364946,0.40900185431469654,0.2851332162135344,0.33482551700380836,1666
463,1,evaluate,1.9599474977563929,0.5594237695078031,0.35301512098639243,0.2793911604154544,0.31081746578409863,1666
463,2,evaluate,2.0537068137416132,0.5276110444177671,0.3407142318486061,0.265107532120453,0.2975525718301641,1666
463,3,evaluate,2.197195375407184,0.5215827338129496,0.3682318101639882,0.26019957362659196,0.30409077694014724,1668
463,4,evaluate,1.979852181893808,0.5671462829736211,0.41819379920322375,0.2836790754639895,0.3368810390809721,1668
463,5,evaluate,2.284342165346499,0.5024009603841537,0.36361727596603116,0.25201533406984505,0.296897039262946,1666
464,0,evaluate,1.9753389645505834,0.563625450180072,0.35573071140280305,0.2814412509818401,0.313058709032749,1666
464,1,evaluate,1.9061644470526113,0.5744297719087635,0.41133857274563423,0.28722850249256476,0.33722225183412585,1666
464,2,evaluate,2.198062287436591,0.5233812949640287,0.3678570307939755,0.26107774614714774,0.3045577957582682,1668
464,3,evaluate,2.059178959440302,0.5252100840336135,0.33949885694667115,0.26398309712765816,0.2963674604170758,1666
464,4,evaluate,1.9912720565442685,0.5665467625899281,0.4182740089114885,0.2833877074805888,0.3366717698165203,1668
464,5,evaluate,2.286245753367742,0.5048019207683073,0.3642678401502301,0.25309639187392446,0.29797442570989247,1666
465,0,evaluate,2.2828462764068886,0.5084033613445378,0.36398134005338223,0.25492651890668905,0.2990538790864309,1666
465,1,evaluate,1.9750466898635581,0.5618247298919568,0.3556896677414708,0.2805956855094132,0.3127045280004402,1666
465,2,evaluate,2.0578958061006336,0.5276110444177671,0.3411491694390416,0.26518716414782534,0.2977054789338439,1666
465,3,evaluate,1.9124510883595105,0.5702280912364946,0.41074957685080393,0.2851449060020071,0.33562865585347695,1666
465,4,evaluate,2.204556107521057,0.5239808153477218,0.3690571141133525,0.2615134529909732,0.3052883355132797,1668
465,5,evaluate,1.991287597903499,0.5689448441247003,0.4193765979274667,0.28458635694942264,0.33784267957733816,1668
466,0,evaluate,1.903606513446128,0.5714285714285714,0.4107897181357828,0.2857265651446085,0.3362322192902499,1666
466,1,evaluate,2.2935285203986697,0.5036014405762305,0.362992679995228,0.2526302684902655,0.29700939003697624,1666
466,2,evaluate,2.0708517299758062,0.5198079231692677,0.3382533270173136,0.2612242543920835,0.2940747355143937,1666
466,3,evaluate,1.9697850887422208,0.563625450180072,0.35609834289239795,0.28158438519557943,0.3136251995144713,1666
466,4,evaluate,1.9778806765874226,0.5695443645083933,0.418350562897327,0.2848811921120144,0.3378850245841451,1668
466,5,evaluate,2.2191996662705034,0.5179856115107914,0.36676065548862324,0.2585198958825564,0.30248653918531826,1668
467,0,evaluate,2.007207340664334,0.5701438848920863,0.4198891436956724,0.28518800862076665,0.33848008650994876,1668
467,1,evaluate,2.092605440704911,0.5204081632653061,0.3389701807218759,0.26160357533809553,0.29469883177800227,1666
467,2,evaluate,1.9507791347525738,0.5642256902761105,0.4102780296870182,0.2821528358563269,0.3333056500688385,1666
467,3,evaluate,2.274723064016413,0.5102040816326531,0.3614190350141015,0.25585815032487075,0.29870823554387077,1666
467,4,evaluate,1.9801307453049555,0.5666266506602641,0.3571387222244904,0.2830448966597407,0.3149517062417738,1666
467,5,evaluate,2.2216287895485207,0.5221822541966427,0.36595701672862774,0.2606710303415908,0.3038263047249465,1668
468,0,evaluate,1.954647549048618,0.5660264105642256,0.41134309684757564,0.2830130033056009,0.3342466094087405,1666
468,1,evaluate,1.9668406479888492,0.5672268907563025,0.35683541109073025,0.28327852014930416,0.31513020975256156,1666
468,2,evaluate,2.265451589116344,0.507202881152461,0.36127139937158625,0.2543176755067126,0.2978503382483254,1666
468,3,evaluate,2.034074862798055,0.565347721822542,0.4201771919156566,0.28281696504969506,0.3369168588630357,1668
468,4,evaluate,2.101392710650409,0.521608643457383,0.3414467271906251,0.26219224998772,0.2958607930616812,1666
468,5,evaluate,2.197486753816958,0.526378896882494,0.36662236704829765,0.2627063331776111,0.3053549182368996,1668
469,0,evaluate,2.2084906233681574,0.526378896882494,0.3674786916037661,0.26275294946283106,0.30563840345197446,1668
469,1,evaluate,1.963718469220179,0.5654261704681873,0.41094917321039537,0.28275665725496346,0.3338575788129613,1666
469,2,evaluate,2.105187981216996,0.5252100840336135,0.34115489891216055,0.26406117549612285,0.296872229918994,1666
469,3,evaluate,1.97747340798378,0.5648259303721489,0.35562018418893754,0.28217584555978237,0.31398759058393344,1666
469,4,evaluate,2.0312938734337136,0.565947242206235,0.418155408936342,0.2831308942935536,0.33640295355519545,1668
469,5,evaluate,2.267232659790251,0.5096038415366146,0.35936006744877297,0.25560685135499595,0.2978541615210529,1666
470,0,evaluate,2.2296896245744495,0.5239808153477218,0.3687141186600105,0.26137165465065404,0.3051818779988518,1668
470,1,evaluate,2.1062454603336476,0.5264105642256903,0.341227603397965,0.26468773845247356,0.2975019985429258,1666
470,2,evaluate,2.0201502729345253,0.5707434052757794,0.4185272821527398,0.285529997828941,0.33820480865982583,1668
470,3,evaluate,1.9804349144299824,0.5702280912364946,0.35791393728246346,0.2848406665231331,0.31650742444759183,1666
470,4,evaluate,2.2725594027174845,0.5108043217286915,0.36155895045573516,0.2562065244328976,0.2988349014488936,1666
470,5,evaluate,1.9653243203130033,0.5630252100840336,0.4120555572706074,0.2815162608618668,0.33343988582570316,1666
471,0,evaluate,2.2237376901838513,0.5245803357314148,0.36845501166122696,0.26177312246599377,0.3054675554332642,1668
471,1,evaluate,2.2767985854987747,0.5084033613445378,0.3612399935020613,0.25497922163708797,0.29803607597359727,1666
471,2,evaluate,2.1043338466573647,0.5270108043217286,0.3429219813121964,0.26496197476789984,0.2983411459742615,1666
471,3,evaluate,1.9643862222631772,0.5696278511404562,0.41211589291707484,0.2848358156200307,0.33562461520710274,1666
471,4,evaluate,2.0303743724469787,0.5689448441247003,0.4166129380478444,0.28460467719864246,0.336921013014763,1668
471,5,evaluate,1.9888928013819236,0.5678271308523409,0.3574643771253849,0.28363670280262054,0.31553144617161866,1666
472,0,evaluate,2.2323350420704595,0.5221822541966427,0.3685251781606592,0.26044633454029037,0.304424771552399,1668
472,1,evaluate,1.9636376155195412,0.5648259303721489,0.4107177453693847,0.2824282767502226,0.3336182757201225,1666
472,2,evaluate,2.100577151333844,0.5234093637454982,0.34045281812745004,0.2632075888029875,0.2961915994155622,1666
472,3,evaluate,1.9841460044737216,0.5666266506602641,0.3571085473583281,0.2831715808924481,0.314983307734714,1666
472,4,evaluate,2.0131766531202526,0.5737410071942446,0.41743635778341515,0.28700187438472724,0.33893827780082036,1668
472,5,evaluate,2.2751289341184826,0.5108043217286915,0.3603642217341134,0.2562365777399293,0.29843060254596365,1666
473,0,evaluate,2.2393362213064125,0.5233812949640287,0.36699933628173015,0.2612049754887964,0.30429002465239147,1668
473,1,evaluate,2.094013885215477,0.521608643457383,0.3381383401912846,0.2623326155348281,0.2946606117584044,1666
473,2,evaluate,2.006978632123382,0.5570228091236494,0.3539239073960454,0.278402175755589,0.3104049433768466,1666
473,3,evaluate,2.02151240684368,0.5737410071942446,0.4176777887726278,0.2870161642699996,0.3391819036339876,1668
473,4,evaluate,1.9377745085016445,0.575030012004802,0.4107249071809641,0.28755149010782544,0.3372620064152073,1666
473,5,evaluate,2.315466054059841,0.5012004801920769,0.3597463885910159,0.25136008780739033,0.29482524168437924,1666
474,0,evaluate,2.3223167370866844,0.49819927971188477,0.3588171482888279,0.24991633222910875,0.2935547904104191,1666
474,1,evaluate,2.0792031199843795,0.5276110444177671,0.34041064820993394,0.26519519668167246,0.2975118090395218,1666
474,2,evaluate,2.0092729517707117,0.5600240096038416,0.3553596818303697,0.27981310328178044,0.3120215319091809,1666
474,3,evaluate,2.2390405469470553,0.5233812949640287,0.3682828925445705,0.2609953799907544,0.3045427260778391,1668
474,4,evaluate,1.9315797737627118,0.5720288115246098,0.40943728124665507,0.2860299439142032,0.33573875513130863,1666
474,5,evaluate,2.0217707510347718,0.5725419664268585,0.4165858964193182,0.2864118099695721,0.3384382708041257,1668
475,0,evaluate,2.334503276480569,0.4969987995198079,0.3594086107676574,0.24936337187403046,0.2930887556952674,1666
475,1,evaluate,1.9703090853161283,0.5785371702637889,0.4161535915051796,0.2894205386062504,0.34040914792435534,1668
475,2,evaluate,1.9128611261645954,0.5714285714285714,0.4104226153962996,0.28573278964310966,0.3359854090328695,1666
475,3,evaluate,2.2733387373111866,0.5149880095923262,0.36786009131075376,0.25680947400028764,0.30149636242748384,1668
475,4,evaluate,2.01510128820384,0.5594237695078031,0.35598927239900585,0.27948474271733426,0.31194276384994196,1666
475,5,evaluate,2.0688958477090904,0.524609843937575,0.3397819013868598,0.2637353996761994,0.2962940859651595,1666
476,0,evaluate,2.0776851486276695,0.5252100840336135,0.3392585803695773,0.26412573703727543,0.2963036580473286,1666
476,1,evaluate,1.9293927376468976,0.570828331332533,0.4117496364995158,0.2854485365055154,0.3361582258403871,1666
476,2,evaluate,2.308579554160436,0.5006002400960384,0.35890255438775454,0.25115417426482006,0.29421620353673716,1666
476,3,evaluate,2.2563416957855225,0.5185851318944844,0.36836003592961,0.25876144336894324,0.3030998079811714,1668
476,4,evaluate,1.9760719537734985,0.5821342925659473,0.4174318213217509,0.2912333204031783,0.3420721340547054,1668
476,5,evaluate,1.9988027413686116,0.5618247298919568,0.3573596887642312,0.28070696000263096,0.3132778472569345,1666
477,0,evaluate,2.075968936637596,0.5252100840336135,0.34009996763280836,0.2641474850556702,0.2965182956117761,1666
477,1,evaluate,1.9993978628405817,0.5648259303721489,0.35938191803201497,0.28222698546062486,0.31518576759082995,1666
477,2,evaluate,2.249514442903024,0.5191846522781774,0.3677615149781917,0.2590792860340191,0.30324819047647206,1668
477,3,evaluate,2.2926581413657576,0.507202881152461,0.36019560787354576,0.2546316752114599,0.29694057036659227,1666
477,4,evaluate,1.9806142294848408,0.5737410071942446,0.4154485374583922,0.28701536238336883,0.3384219991138474,1668
477,5,evaluate,1.943839029305511,0.5660264105642256,0.41152097141489846,0.28308353092764366,0.33445106201281677,1666
478,0,evaluate,1.9526466153286122,0.5654261704681873,0.41423868321918633,0.28282248746472727,0.33503505356890945,1666
478,1,evaluate,2.2445491640656083,0.5179856115107914,0.3667606808101076,0.25843480667963875,0.3024176317506833,1668
478,2,evaluate,1.9975536973388106,0.5737410071942446,0.4159015317573007,0.28700189585641384,0.33858180873240434,1668
478,3,evaluate,1.9919816255569458,0.5612244897959183,0.3565894095932872,0.28037634418532253,0.31308067792219196,1666
478,4,evaluate,2.287314775917265,0.5084033613445378,0.3598788424637834,0.2551637446801733,0.2974154595903623,1666
478,5,evaluate,2.0883732769224377,0.524609843937575,0.3395511612359358,0.26378314291659816,0.29617401295132156,1666
479,0,evaluate,2.234723696002254,0.5251798561151079,0.3671600907635996,0.26209821203156836,0.3051060979119312,1668
479,1,evaluate,2.09698098677176,0.5228091236494598,0.33960275295035064,0.26283016238682927,0.2955389011406916,1666
479,2,evaluate,2.018753347573457,0.5743405275779376,0.41797065425204305,0.2873175101294777,0.3393707753145814,1668
479,3,evaluate,2.3120200203524695,0.5066026410564226,0.3624383875290106,0.2541702031526637,0.2978695881860484,1666
479,4,evaluate,1.9935995627332617,0.5642256902761105,0.3568860104941531,0.28184933905832843,0.3140896273604851,1666
479,5,evaluate,1.9437899999320507,0.5702280912364946,0.41227302592702875,0.28519959849136906,0.3359413828839085,1666
480,0,evaluate,1.931556470140263,0.5714285714285714,0.41145904406747424,0.28575932331160125,0.33607045362415583,1666
480,1,evaluate,2.0044519283153392,0.5719424460431655,0.4159789620201971,0.2861224081197313,0.3379610973819586,1668
480,2,evaluate,2.2452201578352184,0.5191846522781774,0.3664979904504183,0.2589632952248041,0.3026048772171047,1668
480,3,evaluate,2.3224042378090046,0.5048019207683073,0.3617895442406972,0.2533273469349342,0.2968473243784446,1666
480,4,evaluate,2.0914475432148687,0.521608643457383,0.33796408193231525,0.26231142209225744,0.2945373646467864,1666
480,5,evaluate,1.9938589301374223,0.5612244897959183,0.35513258090122457,0.2802627367610164,0.3122995969796192,1666
481,0,evaluate,1.9486153793555718,0.5660264105642256,0.4101133289073375,0.28305955094547514,0.33374894194874966,1666
481,1,evaluate,2.024667739868164,0.5707434052757794,0.4184474759259896,0.28550464049370866,0.3379135446941314,1668
481,2,evaluate,2.297165575954649,0.5060024009603842,0.3621471628942373,0.2540052796776103,0.29739273473234745,1666
481,3,evaluate,2.2273776796129017,0.5245803357314148,0.37065937348736505,0.2614164684102871,0.30561366107940924,1668
481,4,evaluate,1.9709048966566722,0.5642256902761105,0.3532016587243402,0.2815586582829227,0.3124635273850135,1666
481,5,evaluate,2.1260513023093894,0.5192076830732293,0.33890486109414175,0.2611417562283454,0.294157067145121,1666
482,0,evaluate,2.1413016849093967,0.5186074429771909,0.3375121427062532,0.260828299495415,0.2933186024709971,1666
482,1,evaluate,2.2656148892861827,0.5090036014405762,0.36078428336580975,0.25551596063959764,0.2978814800676429,1666
482,2,evaluate,1.9683384222012978,0.5630252100840336,0.409838818176876,0.28154512000706167,0.332258335115485,1666
482,3,evaluate,2.2184218168258667,0.526378896882494,0.3711013676621269,0.26217987191700465,0.30632780498729417,1668
482,4,evaluate,2.0271813604566784,0.5677458033573142,0.41722428363663616,0.28400771113082596,0.33636412868362314,1668
482,5,evaluate,1.9581272778687653,0.563625450180072,0.35321774494766894,0.2813470470681968,0.3125494865669893,1666
483,0,evaluate,1.995857160952356,0.5546218487394958,0.41015835942713413,0.2773642863736987,0.3292770423142468,1666
483,1,evaluate,2.2328489157888622,0.5162064825930373,0.3627286210316884,0.2591510261358886,0.3010812072697963,1666
483,2,evaluate,1.941058188676834,0.5702280912364946,0.35344973362083626,0.28462442578582936,0.3149354248412908,1666
483,3,evaluate,2.161824032112404,0.517406962785114,0.3396414121982709,0.2602219506988364,0.29374927344996127,1666
483,4,evaluate,2.213130160614296,0.5245803357314148,0.3693001623033848,0.2613155874958706,0.3051901367299957,1668
483,5,evaluate,2.034829510582818,0.5677458033573142,0.4186166530867975,0.28403470299294575,0.33660125075019154,1668
484,0,evaluate,1.9807028995343932,0.5588235294117647,0.4095170566174692,0.2795368436228039,0.33072587104294904,1666
484,1,evaluate,2.026490904666759,0.5695443645083933,0.41678779788762893,0.2849212278156408,0.3368672374208558,1668
484,2,evaluate,2.2271178475132696,0.5239808153477218,0.3687686902470907,0.26122520351270195,0.3050309153173603,1668
484,3,evaluate,1.964672886663013,0.5642256902761105,0.3535283008307803,0.2817045576305098,0.3130908658976277,1666
484,4,evaluate,2.1397625207901,0.5234093637454982,0.3416283971688906,0.26323495098369704,0.29638333616901935,1666
484,5,evaluate,2.25081984422825,0.517406962785114,0.363006060830403,0.2597776171645847,0.3015185289357585,1666
485,0,evaluate,1.9827904866801367,0.563625450180072,0.354478657318535,0.2814060229688372,0.3129187098882295,1666
485,1,evaluate,2.2735599124873125,0.5108043217286915,0.3611004849402043,0.2564417109644804,0.2984511709585974,1666
485,2,evaluate,1.9962515698538885,0.5749400479616307,0.4182930017565797,0.2875953676665029,0.33956940139342207,1668
485,3,evaluate,1.9569851001379666,0.5612244897959183,0.40802032446016856,0.28070750295550995,0.33154366214591385,1666
485,4,evaluate,2.1147095097435846,0.5288115246098439,0.3413883503201685,0.2659780144864838,0.2981660973349128,1666
485,5,evaluate,2.2514513863457575,0.5233812949640287,0.37002955738392085,0.26096012422567505,0.3053036880843205,1668
486,0,evaluate,2.124586436483595,0.5252100840336135,0.34111407968037666,0.2642040249968363,0.2968903332093049,1666
486,1,evaluate,1.9934660946881329,0.5767386091127098,0.4182862721063441,0.28851062258188287,0.3400385239291885,1668
486,2,evaluate,1.9541172557682902,0.5666266506602641,0.40993577988506374,0.2833973440991376,0.33390156497334633,1666
486,3,evaluate,2.290816996936445,0.5096038415366146,0.3623563872567047,0.2557860829842581,0.2984017995710953,1666
486,4,evaluate,1.9820774098237355,0.5648259303721489,0.3554759622876734,0.2820621517113938,0.31359920040024825,1666
486,5,evaluate,2.2583407207771584,0.5251798561151079,0.37022805202482695,0.26195860543318555,0.3060906783839993,1668
487,0,evaluate,2.1060148124341613,0.5276110444177671,0.34118129923102736,0.26545162290172064,0.29762881163414745,1666
487,1,evaluate,2.274640688189754,0.5215827338129496,0.36853523682909434,0.26028633377584964,0.3042420217354662,1668
487,2,evaluate,2.000659918343579,0.5612244897959183,0.3551966715705659,0.2802559138037749,0.31240491656520547,1666
487,3,evaluate,2.307636320590973,0.5018007202881153,0.36087763842009235,0.2517410094100577,0.29508068344322275,1666
487,4,evaluate,1.9334714981140915,0.5684273709483794,0.40778589680308236,0.28432509761839786,0.33390501261941097,1666
487,5,evaluate,1.9796332915623982,0.5773381294964028,0.4187939444911691,0.2888342915408374,0.34041336935702005,1668
488,0,evaluate,2.102211086838334,0.5330132052821128,0.34166377277874077,0.26811686584309996,0.29960725618305595,1666
488,1,evaluate,1.9946621259053547,0.5767386091127098,0.4184301453445018,0.28852581147456646,0.34013427005810415,1668
488,2,evaluate,2.3055586516857147,0.5048019207683073,0.36138735223093754,0.2532047181983608,0.2963282921280657,1666
488,3,evaluate,2.018900919843603,0.5612244897959183,0.3559421176630616,0.2802523978874768,0.312785811612484,1666
488,4,evaluate,1.9510753031958032,0.5672268907563025,0.4105559362248563,0.28370733307912277,0.33469550785651625,1666
488,5,evaluate,2.2803391571398133,0.5185851318944844,0.36753165413583877,0.25878118951388307,0.3030947188916076,1668
489,0,evaluate,2.283924027725502,0.5185851318944844,0.36786596234098773,0.2587095296678839,0.3031481984172081,1668
489,1,evaluate,2.0032841011329934,0.5749400479616307,0.41860786365610564,0.287617772021923,0.33976337346813573,1668
489,2,evaluate,2.104481158433137,0.5336134453781513,0.34119756570802395,0.2684171726011673,0.2995742360676009,1666
489,3,evaluate,1.9610763228049986,0.5654261704681873,0.4090968472562044,0.2827984793995683,0.33332954865135195,1666
489,4,evaluate,2.0206832035824105,0.5576230492196879,0.35439531155511694,0.27852046692854093,0.3110693565622862,1666
489,5,evaluate,2.3053623217123524,0.5054021608643458,0.36196731222793305,0.25349295653687814,0.2969232355155337,1666
490,0,evaluate,2.0092092796608254,0.5755395683453237,0.41840446535418796,0.2879181095634623,0.33972643452302387,1668
490,1,evaluate,1.9508632040686078,0.5678271308523409,0.4079144723158453,0.28401971396041886,0.33376301588998747,1666
490,2,evaluate,2.0193250234480256,0.5588235294117647,0.35612724348537217,0.27912051407499194,0.3119978491655081,1666
490,3,evaluate,2.3161696239754006,0.5036014405762305,0.3622103189071891,0.2526380540916975,0.29646443138325684,1666
490,4,evaluate,2.113804821614866,0.5294117647058824,0.3396643723121417,0.26630025596314805,0.297620195104292,1666
490,5,evaluate,2.276945643954807,0.5185851318944844,0.36775389639820855,0.2587779714438131,0.303043249410312,1668
491,0,evaluate,2.0249425459791115,0.5594237695078031,0.3553487045192843,0.27945389502614815,0.3120194692266477,1666
491,1,evaluate,1.9423508104626779,0.5678271308523409,0.40898230005385666,0.28401339438993933,0.33417784874705686,1666
491,2,evaluate,2.2658651404910617,0.5221822541966427,0.36921501599982054,0.2605305671102669,0.304791544824206,1668
491,3,evaluate,2.0182993676927357,0.5743405275779376,0.4198188185803808,0.28732113323765895,0.3397002048070478,1668
491,4,evaluate,2.3214541088651726,0.5006002400960384,0.36023200471794775,0.2511006057155,0.29477755256296767,1666
491,5,evaluate,2.116079820526971,0.5330132052821128,0.34245273457716374,0.26799302491858795,0.2998949851999833,1666
492,0,evaluate,2.2798711282235606,0.5233812949640287,0.36606430600409173,0.2613266651573286,0.3042001713769001,1668
492,1,evaluate,1.9329840877541788,0.5732292917166867,0.407351663253334,0.2867015412508288,0.33526387713902517,1666
492,2,evaluate,2.1376005322844893,0.5276110444177671,0.340773704355357,0.2652812474109895,0.29743789969561946,1666
492,3,evaluate,2.3496915951923087,0.49819927971188477,0.36071559812367215,0.25002362094400127,0.29407245573525975,1666
492,4,evaluate,2.0234053885495222,0.5731414868105515,0.41723108156381866,0.2867166910983904,0.3383138502460157,1668
492,5,evaluate,2.015854177651582,0.5600240096038416,0.3552866306531096,0.2798394094543526,0.31186820856877573,1666
493,0,evaluate,2.026667497776173,0.5725419664268585,0.41931279760317286,0.2864218185992754,0.3385951393304576,1668
493,1,evaluate,2.329642513283977,0.503001200480192,0.3615259340725791,0.252406419725537,0.2962498730918253,1666
493,2,evaluate,2.0040741673222295,0.56062424969988,0.3521797076337268,0.2799991542792603,0.31082454084602057,1666
493,3,evaluate,1.9480459350678656,0.5738295318127251,0.4104557750853842,0.2869801702951449,0.3364021556060347,1666
493,4,evaluate,2.1428139518808433,0.5258103241296519,0.3395275862150472,0.26433733334607884,0.29650648471356267,1666
493,5,evaluate,2.270952900250753,0.5257793764988009,0.36876397632826247,0.26250668357267826,0.30601587962252125,1668
494,0,evaluate,2.3307718645643303,0.5036014405762305,0.36172930591484687,0.2527281353336303,0.2965094718758009,1666
494,1,evaluate,2.164018993024473,0.521608643457383,0.34014880716134266,0.2622985702971614,0.2952486216879377,1666
494,2,evaluate,2.0427571358504117,0.5749400479616307,0.4206996674850396,0.28764106880185714,0.33991068891076465,1668
494,3,evaluate,1.961083042676802,0.5738295318127251,0.40946874946767153,0.28695711699397575,0.3358503534788455,1666
494,4,evaluate,1.9906348354286618,0.5618247298919568,0.3527536572328504,0.28072935008225597,0.31155217542966857,1666
494,5,evaluate,2.276008544144807,0.5293764988009593,0.3672564205082008,0.2643242969687566,0.3066025413385004,1668
495,0,evaluate,1.934819622448197,0.5768307322929171,0.4093367475282947,0.28843450503170925,0.3370559856981209,1666
495,1,evaluate,2.285802205403646,0.5251798561151079,0.3663782831366232,0.2621699444396522,0.3047289125507783,1668
495,2,evaluate,1.9959515829881032,0.5630252100840336,0.3533922622286708,0.28127863513265167,0.3120168639360596,1666
495,3,evaluate,2.0176374559049255,0.5773381294964028,0.4193782674133537,0.28882066250199484,0.34057626037063393,1668
495,4,evaluate,2.159921314981249,0.5198079231692677,0.3370497917602908,0.2614090691615728,0.2936292345529145,1666
495,5,evaluate,2.3574249744415283,0.5012004801920769,0.3640015803132967,0.25143130405222963,0.2962969742551596,1666
496,0,evaluate,1.9617587897788595,0.5756302521008403,0.4097838009047997,0.28785898100308815,0.336882891583585,1666
496,1,evaluate,2.346814073898174,0.5048019207683073,0.36343778689524525,0.25312802402592793,0.29757071166708854,1666
496,2,evaluate,2.024184091223611,0.5582232893157263,0.3530707061053242,0.2789003995965891,0.31062930204861344,1666
496,3,evaluate,2.035042541998404,0.5737410071942446,0.42059410492387295,0.28701880150797604,0.3396517183024529,1668
496,4,evaluate,2.1399570968416004,0.524609843937575,0.3378616697077425,0.2637934813192397,0.2954835705712392,1666
496,5,evaluate,2.288010628135116,0.5257793764988009,0.36704374949452745,0.26257614116774947,0.3054892384715818,1668
497,0,evaluate,2.0223831214286663,0.5588235294117647,0.35339627044130356,0.2792333755439719,0.3109840026607421,1666
497,1,evaluate,2.332244089356175,0.5060024009603842,0.36316745379616133,0.2537388854137677,0.29790326359361186,1666
497,2,evaluate,1.961957020064195,0.570828331332533,0.4105543853770607,0.28546983636378737,0.33553899896242356,1666
497,3,evaluate,2.042056498704133,0.5707434052757794,0.41835119983064634,0.2855128362198003,0.33798625318202485,1668
497,4,evaluate,2.133239269256592,0.5258103241296519,0.33920334086645915,0.2644054696032002,0.29633933701370874,1666
497,5,evaluate,2.2706086105770535,0.5251798561151079,0.36735811078256664,0.26215154299524757,0.30513438018217265,1668
498,0,evaluate,2.0117325286070504,0.56062424969988,0.3529915967870413,0.280061543111277,0.3114587122103167,1666
498,1,evaluate,1.9802725680724338,0.5678271308523409,0.41179262294845226,0.28398130034702534,0.33465055838519575,1666
498,2,evaluate,2.31614730976246,0.507202881152461,0.3648313583186916,0.254357431390171,0.2989339000864307,1666
498,3,evaluate,2.048099676767985,0.5725419664268585,0.4212980491392685,0.28641374804854813,0.3395926593906696,1668
498,4,evaluate,2.1393597655826144,0.5234093637454982,0.33945493324928566,0.2632513774947619,0.29563141134136844,1666
498,5,evaluate,2.266499718030294,0.5269784172661871,0.3673016603150508,0.2630892403623454,0.305890095988679,1668
499,0,evaluate,2.315571447213491,0.507202881152461,0.36082071589409115,0.2543179641130196,0.29748082985067315,1666
499,1,evaluate,2.0699665899629944,0.565347721822542,0.41990093594195727,0.28283347509434525,0.33650898165076953,1668
499,2,evaluate,2.14890777181696,0.5234093637454982,0.3397863535464668,0.2632228175737332,0.29566025135632384,1666
499,3,evaluate,2.0140205367847726,0.5630252100840336,0.354614133337454,0.28133138438111827,0.31293546225313734,1666
499,4,evaluate,1.9919331639453217,0.563625450180072,0.41027646208310165,0.28190213927620633,0.3326273984801595,1666
499,5,evaluate,2.2622916301091514,0.5305755395683454,0.367990924720489,0.2648509952154633,0.30730364129502236,1668
