round,client_id,phase,loss,accuracy,precision,recall,f1,num_examples
0,0,evaluate,2.3219964390709285,0.0,0.0,0.0,0.0,1335
0,1,evaluate,2.330899545124599,0.0,0.0,0.0,0.0,1333
0,2,evaluate,2.2625978365540504,0.2855,0.1656510849131576,0.23096351303698479,0.1491942270605573,2000
0,3,evaluate,2.3033503779658564,0.06418716256748651,0.06629491945477076,0.035881958417169686,0.04656222802436902,1667
0,4,evaluate,2.250249429985329,0.06958608278344332,0.08089260808926081,0.039455782312925174,0.05304069501600366,1667
0,5,evaluate,2.239854149520397,0.2635,0.1653616158505287,0.2207486603983419,0.14223928132814717,2000
1,0,evaluate,2.02387003103892,0.25617977528089886,0.20155912842480006,0.1131237531638716,0.1288737802702624,1335
1,1,evaluate,2.1116987951099873,0.1695,0.2853018377196436,0.07616541106753631,0.09606880328983072,2000
1,2,evaluate,2.296234448750814,0.22195560887822435,0.2144926906932986,0.08055591563595983,0.07166201108430129,1667
1,3,evaluate,2.0800251607541687,0.28794241151769645,0.25402356798596926,0.1553511266015871,0.14535518052110066,1667
1,4,evaluate,2.008021207082839,0.2565641410352588,0.24314414999453327,0.11689831473470824,0.13036251151854822,1333
1,5,evaluate,2.2012728303670883,0.2155,0.22578557391513598,0.08563432694248803,0.07836016730823644,2000
2,0,evaluate,2.3603901976630803,0.26816479400749066,0.26914681658691525,0.10749768224579573,0.1280866778752349,1335
2,1,evaluate,2.6527055192876747,0.05698860227954409,0.18547342832386637,0.02555188215876055,0.035593981244069935,1667
2,2,evaluate,2.2457759777704873,0.30307576894223553,0.24523285439060843,0.12093190852978071,0.14372409473199615,1333
2,3,evaluate,2.2207447864391185,0.3251349730053989,0.2086283699378762,0.14130166740525416,0.14636226302876054,1667
2,4,evaluate,2.197797402739525,0.2895,0.21171226063050114,0.11407298960563328,0.10088618613363409,2000
2,5,evaluate,1.9881764650344849,0.3875,0.2733826954862793,0.15325243891646687,0.17216475617018315,2000
3,0,evaluate,1.796113065310887,0.42085521380345087,0.2468711929536672,0.16880675681210086,0.1983266802014525,1333
3,1,evaluate,1.8645895151864915,0.40074906367041196,0.24125302615771743,0.15969323083068426,0.18916089092378033,1335
3,2,evaluate,2.3807839266955853,0.1415,0.25444400859837135,0.05671103775427513,0.07781867701987119,2000
3,3,evaluate,2.113563396036625,0.295,0.3249401738233193,0.11863758921281704,0.14150032129523127,2000
3,4,evaluate,2.0344087062058627,0.18056388722255548,0.17274982896600002,0.08781997401111626,0.07297306996018472,1667
3,5,evaluate,1.9923647068164967,0.3659268146370726,0.21865101372010298,0.1441560255868623,0.14891809481354362,1667
4,0,evaluate,1.8953627291179838,0.26666666666666666,0.27409630628701726,0.10761385562570011,0.14805323968094666,1335
4,1,evaluate,1.829649289449056,0.29182295573893474,0.25782263218921025,0.11696287212407626,0.1544797375415871,1333
4,2,evaluate,2.0715427133772106,0.19196160767846432,0.19979993633646784,0.07163959143577846,0.10494091252039292,1667
4,3,evaluate,1.7997310049831867,0.3905,0.22913244968535001,0.15612572199065794,0.1675771733774718,2000
4,4,evaluate,1.571113286194978,0.4433113377324535,0.2181710147830133,0.17542469608147476,0.18457645876612924,1667
4,5,evaluate,1.5324523337185383,0.516,0.3056946497404325,0.20783501608461888,0.22885449534164634,2000
5,0,evaluate,1.5802161781876176,0.4133173365326935,0.2182923145013716,0.17990988555777798,0.178971712165155,1667
5,1,evaluate,1.812821887433529,0.356,0.2256878492673639,0.14248657316066954,0.16691594963636971,2000
5,2,evaluate,1.9187452086695918,0.2633473305338932,0.188914147346751,0.10794493700662158,0.1293034020723524,1667
5,3,evaluate,1.7011528015136719,0.3915,0.3131828412829306,0.15676030754135997,0.2075938854813562,2000
5,4,evaluate,1.559862006278265,0.4389513108614232,0.2726840058723168,0.17695247796747463,0.21166733841073687,1335
5,5,evaluate,1.4978476876304263,0.4576144036009002,0.27218535994892773,0.18274646364593167,0.21460250143416637,1333
6,0,evaluate,1.9227769772211711,0.26394721055788845,0.1817269505099694,0.10836526837761,0.12562348960784908,1667
6,1,evaluate,1.493577310017177,0.4606741573033708,0.2729873853558889,0.1854879369683076,0.218772424928045,1335
6,2,evaluate,1.6735861748456955,0.39,0.3218877472512354,0.15645197464113508,0.20642101218793035,2000
6,3,evaluate,1.8164615891873837,0.3645,0.23820964973356035,0.14603871195816662,0.17095215620560614,2000
6,4,evaluate,1.5557744370566473,0.4091181763647271,0.2219464274887169,0.1795764516653049,0.17492653655004298,1667
6,5,evaluate,1.4439554725374495,0.4711177794448612,0.2816592471998956,0.18733095344175676,0.22122824145598347,1333
7,0,evaluate,1.8590862000430073,0.27894421115776846,0.18460382941936465,0.11026559025183817,0.13324789769793133,1667
7,1,evaluate,1.5776981601008662,0.40731853629274145,0.22762152798530505,0.18034391578292036,0.17732626984387548,1667
7,2,evaluate,1.45633526075454,0.46511627906976744,0.28386107332455235,0.18487100943573867,0.21759063518144134,1333
7,3,evaluate,1.4954088869548978,0.4606741573033708,0.2831763112027235,0.1853011771238918,0.2201472286881367,1335
7,4,evaluate,1.660383179783821,0.3965,0.3178753687024936,0.16004575116258038,0.20714531629517494,2000
7,5,evaluate,1.7279408760368824,0.4005,0.24273425732032758,0.16057935240628093,0.18451961684744017,2000
8,0,evaluate,1.5603354658399309,0.42385596399099773,0.292978981091405,0.16911227134022713,0.2072838627257066,1333
8,1,evaluate,1.6310893557965755,0.4435,0.25599371161158235,0.17756362536748135,0.19724752362431347,2000
8,2,evaluate,1.5837108180636452,0.4232209737827715,0.2916006139297824,0.1694105834942591,0.20897822204105299,1335
8,3,evaluate,1.516242127865553,0.4815,0.3222828975954319,0.19439249872222034,0.23469195285273683,2000
8,4,evaluate,1.8477790708895083,0.27894421115776846,0.19698138385571567,0.1104392933441571,0.13838624022907356,1667
8,5,evaluate,1.5256734468318798,0.4439112177564487,0.2345051233384204,0.18655323593458095,0.19741235675331698,1667
9,0,evaluate,1.4964643660045804,0.48314606741573035,0.2968721691664501,0.19296535692791303,0.23214776799495818,1335
9,1,evaluate,1.5205897130072117,0.478,0.32792308139900445,0.19241882290970574,0.2395102593897674,2000
9,2,evaluate,1.4870233819598244,0.4673668417104276,0.29193437771252995,0.1859746461303101,0.22362409841771905,1333
9,3,evaluate,1.6694477386772633,0.421,0.2675163841850644,0.168295576733495,0.19766750441196063,2000
9,4,evaluate,1.4812990956836276,0.47210557888422316,0.2390583151164328,0.19583270531530225,0.2077918344636013,1667
9,5,evaluate,1.7932153631139685,0.2933413317336533,0.19341401383757223,0.12017587833074797,0.14169251419314857,1667
10,0,evaluate,1.3905520212082636,0.5356339084771192,0.2976032113250159,0.21403926523961822,0.2480270152616018,1333
10,1,evaluate,1.4640045784137867,0.4943011397720456,0.2507132630417782,0.20580593547201262,0.21764261508277652,1667
10,2,evaluate,1.3973326966876076,0.5400749063670413,0.294694340195309,0.216210684847995,0.2491650117052127,1335
10,3,evaluate,1.7378290295600891,0.381,0.2690083215147819,0.15208138623633433,0.18971787205527693,2000
10,4,evaluate,1.5656320452690125,0.463,0.3326115344608628,0.1856930671914911,0.2380851023670627,2000
10,5,evaluate,1.7432959874471028,0.3191361727654469,0.20445846196009584,0.13511489533057977,0.14956572870977075,1667
11,0,evaluate,1.4645534179828785,0.5122975404919016,0.2595934589602436,0.20973578214238783,0.22701142300711777,1667
11,1,evaluate,1.4217746938977922,0.5153788447111778,0.2975249967462904,0.20623175888493467,0.24239824115117764,1333
11,2,evaluate,1.709498237680506,0.33893221355728853,0.2085656672198636,0.14063942443852645,0.15745132674831347,1667
11,3,evaluate,1.4830331802368164,0.498,0.3319484988395705,0.1994330817741155,0.2483848918046903,2000
11,4,evaluate,1.661678772419691,0.407,0.2693440572191207,0.16234399187800289,0.1985119929802764,2000
11,5,evaluate,1.4367814518156505,0.5071161048689139,0.2945322445086596,0.2037844656696505,0.23952801106807392,1335
12,0,evaluate,1.457831445194426,0.49362340585146286,0.3019107141589086,0.19802606483311508,0.23705271765048144,1333
12,1,evaluate,1.4798054922194708,0.4786516853932584,0.30167303005109286,0.19246488812235302,0.23326216471334899,1335
12,2,evaluate,1.3834569454193115,0.534,0.33692100663814695,0.2136948624963133,0.2606824541508931,2000
12,3,evaluate,1.4177523895546242,0.5242951409718056,0.2604798488909397,0.2106762483094705,0.23065037531602722,1667
12,4,evaluate,1.613328080624342,0.4315,0.27081618753015296,0.17193693568674384,0.20553282456288144,2000
12,5,evaluate,1.7074683242373996,0.34193161367726455,0.20626270172724018,0.13999167557878386,0.15869849058598015,1667
13,0,evaluate,1.3800024412296437,0.5440911817636472,0.2634569084624542,0.21803565347438555,0.2360763669947747,1667
13,1,evaluate,1.4046680473145985,0.5206301575393848,0.3024646998765821,0.20833547046845896,0.24536683892025235,1333
13,2,evaluate,1.4239208982104348,0.5101123595505618,0.3027352540439677,0.2048541403513225,0.24326111011461543,1335
13,3,evaluate,1.4081634394824505,0.5255,0.34693655659333367,0.2099446622582346,0.26073942012850126,2000
13,4,evaluate,1.6387654766440392,0.42,0.27956852179220554,0.1672786608100582,0.20464573143965534,2000
13,5,evaluate,1.6672993456875835,0.370125974805039,0.20782973669991875,0.1510694230270384,0.16652149793734392,1667
14,0,evaluate,1.39296255225227,0.5183795948987246,0.29966811888503253,0.20689302600422152,0.24376371151071985,1333
14,1,evaluate,1.3987478017807007,0.5123595505617977,0.30167061017818814,0.20545400083407533,0.24362865266647676,1335
14,2,evaluate,1.6575167439877987,0.406,0.287185628405217,0.161772909951406,0.20200001398729955,2000
14,3,evaluate,1.6242016598030373,0.3833233353329334,0.20428061167326242,0.15596078983899572,0.16844811037945367,1667
14,4,evaluate,1.4458778463304043,0.5265,0.3493788576736016,0.21006413421270756,0.2604863979401369,2000
14,5,evaluate,1.3622183093318232,0.5446910617876425,0.2615012781841769,0.21725012353837223,0.23415469785268989,1667
15,0,evaluate,1.4369183438164848,0.4838709677419355,0.2992752285703168,0.1930709783438438,0.23383209888223724,1333
15,1,evaluate,1.4350734608513969,0.48764044943820223,0.30722936498156767,0.1960380735576074,0.23819271911353926,1335
15,2,evaluate,1.6347121353502627,0.3857228554289142,0.20395441075944526,0.15263011105978735,0.1711661684623561,1667
15,3,evaluate,1.5780991986393929,0.4575,0.2856325179841355,0.18224473787173143,0.21791908008749655,2000
15,4,evaluate,1.3393814519599632,0.5632873425314937,0.26986498029319983,0.22628100961914596,0.24231358473916945,1667
15,5,evaluate,1.395490288734436,0.55,0.3459800574554673,0.2191399330305841,0.26576021034724834,2000
16,0,evaluate,1.5453897090185256,0.45393258426966293,0.3172417873705031,0.18305753717101506,0.228990289358847,1335
16,1,evaluate,1.5395967335928054,0.45836459114778694,0.3062416586562993,0.18302702656106423,0.22663079833680708,1333
16,2,evaluate,1.3237514893213909,0.5542891421715657,0.2702355266512961,0.2227390804687155,0.23989139199216733,1667
16,3,evaluate,1.6789338456259832,0.3767246550689862,0.20413644491255978,0.144329004837832,0.16825067216685866,1667
16,4,evaluate,1.3091668710112572,0.575,0.34296251770052055,0.2289331747621286,0.270897401445135,2000
16,5,evaluate,1.4689441733062267,0.511,0.28324223199776766,0.20363438312169993,0.2324123811540101,2000
17,0,evaluate,1.5360213347843714,0.4449438202247191,0.31387746014053264,0.17923399420333225,0.22585382634474996,1335
17,1,evaluate,1.5225987945284163,0.46661665416354087,0.3139793722259476,0.18622934636515398,0.23221116026563798,1333
17,2,evaluate,1.2959485836327076,0.5835,0.3455827167089921,0.23256132071689734,0.27564057587111745,2000
17,3,evaluate,1.4477010034024715,0.5225,0.2858017898671239,0.20848184012531953,0.2390853617329584,2000
17,4,evaluate,1.648453222380744,0.3905218956208758,0.20874384062513957,0.14944069200974627,0.17402887845950446,1667
17,5,evaluate,1.3115125408879034,0.5590881823635273,0.2720187636875258,0.22389739462639802,0.24130617375937352,1667
18,0,evaluate,1.3883598304930187,0.5296324081020255,0.31539242089303776,0.21090728598247047,0.25206736861994034,1333
18,1,evaluate,1.253819748207375,0.5776844631073785,0.2741724640451486,0.23368026508304302,0.24831293169686797,1667
18,2,evaluate,1.3924734592437744,0.5041198501872659,0.3178339605553463,0.20219772038704126,0.24638650608513898,1335
18,3,evaluate,1.5581587590277195,0.49,0.29179176946863716,0.1957726956041442,0.2340285841057474,2000
18,4,evaluate,1.5950775146484375,0.41451709658068386,0.21186170127346599,0.1629849186521887,0.18323580961441072,1667
18,5,evaluate,1.391197718679905,0.5435,0.3517569808589845,0.2171038897922382,0.26691995102104826,2000
19,0,evaluate,1.3634110064733596,0.5191011235955056,0.3116063848019828,0.20782240385144196,0.24889351983736932,1335
19,1,evaluate,1.5937343659224334,0.4241151769646071,0.21877905780761758,0.16771186033615804,0.18762240733198993,1667
19,2,evaluate,1.5896245539188385,0.477,0.2897310713258958,0.19069613001972247,0.22980237289317965,2000
19,3,evaluate,1.2297124134169684,0.5830833833233353,0.2740494130151694,0.23546598250866055,0.24995045405201574,1667
19,4,evaluate,1.3646557785215832,0.5251312828207052,0.3133971517225923,0.2094327429652853,0.2501673517735405,1333
19,5,evaluate,1.4031758047640324,0.542,0.35515429316517333,0.2168628002044657,0.26788331562946305,2000
20,0,evaluate,1.3963822580519176,0.503370786516854,0.31394916966477854,0.20123153829009208,0.24434139610897027,1335
20,1,evaluate,1.3981110198157174,0.5161290322580645,0.3098930576597451,0.20571384779268484,0.2457507401437752,1333
20,2,evaluate,1.6434869413022641,0.40311937612477505,0.22096317816798558,0.16050287950685233,0.18197861879340932,1667
20,3,evaluate,1.3032755851745605,0.574,0.3554947951141723,0.2298370742940911,0.27786937447416477,2000
20,4,evaluate,1.5607932545244694,0.4785,0.2889311967478091,0.1910753656992739,0.22949482005390037,2000
20,5,evaluate,1.2083324370560822,0.5926814637072585,0.2744761001914303,0.23898064227214527,0.25241988065058796,1667
21,0,evaluate,1.1918200342743486,0.6016796640671865,0.2739343191346613,0.24209046802523249,0.25376625799608676,1667
21,1,evaluate,1.726955356421294,0.36892621475704857,0.21690596353385305,0.14558343710874327,0.17105506612001561,1667
21,2,evaluate,1.4535722051348006,0.48239700374531835,0.3112714078129072,0.1933651858378193,0.23643104088378958,1335
21,3,evaluate,1.4942978248000145,0.4935,0.28160505942325703,0.1966979592430966,0.22850905010445924,2000
21,4,evaluate,1.4469482558114188,0.5033758439609902,0.3079609163279133,0.20056940507583998,0.24033487767975426,1333
21,5,evaluate,1.1979445442557335,0.6155,0.3516690389986341,0.2462295589186329,0.2885933282994855,2000
22,0,evaluate,1.264659944921732,0.601,0.3528150376715351,0.2400786015481448,0.2835538836940321,2000
22,1,evaluate,1.693410904319198,0.3797240551889622,0.2229633614248999,0.15110443597008866,0.17632340005313962,1667
22,2,evaluate,1.4029893761589414,0.5093632958801498,0.3134052607456702,0.20469487782889254,0.24650947762818368,1335
22,3,evaluate,1.378250621614002,0.5138784696174044,0.3045245484499616,0.20503527303966104,0.24315149521474583,1333
22,4,evaluate,1.2609301408131917,0.5806838632273545,0.27248999797650847,0.2367582229412501,0.24775960624907936,1667
22,5,evaluate,1.4906627237796783,0.4905,0.28128610673752086,0.19535691970511695,0.22672521381277297,2000
23,0,evaluate,1.5144650340080261,0.4915,0.28593234283019064,0.19569425915466926,0.22819648217976943,2000
23,1,evaluate,1.3264227708180745,0.5602879424115177,0.2722846247209284,0.23112403993813407,0.24190157128736905,1667
23,2,evaluate,1.3241924047470093,0.5303825956489122,0.302505285799649,0.21137959719620789,0.24836640716250197,1333
23,3,evaluate,1.3635577871685935,0.5205992509363296,0.3105029576344038,0.20941059685371463,0.2496125350500639,1335
23,4,evaluate,1.6297524284433436,0.3869226154769046,0.21962987519389818,0.1544770146753033,0.17697302569767107,1667
23,5,evaluate,1.3535622283816338,0.5605,0.34951800494562224,0.22363417389603643,0.26977679117082687,2000
24,0,evaluate,1.2875281402042933,0.5461365341335334,0.3051501390193867,0.21801581462197256,0.2538953844726354,1333
24,1,evaluate,1.5913134592550773,0.40611877624475107,0.2208804525376468,0.16255641754360578,0.18244329584007712,1667
24,2,evaluate,1.414502140134573,0.54,0.3527276506874311,0.21547608821393602,0.2653898871840764,2000
24,3,evaluate,1.5498543940484524,0.4835,0.28793030406034753,0.19255542713349388,0.2272494834999023,2000
24,4,evaluate,1.3270262536548434,0.5415730337078651,0.31374774915290615,0.21797432179054113,0.2563421355228631,1335
24,5,evaluate,1.3573451395388003,0.5464907018596281,0.27052875694732026,0.2259773237719392,0.23811406659325973,1667
25,0,evaluate,1.2913929280780612,0.5356339084771192,0.30594007652098937,0.21437169518720278,0.25017153157748656,1333
25,1,evaluate,1.3148095323925926,0.5445692883895131,0.31564042873470993,0.21929298421513535,0.25741571768527105,1335
25,2,evaluate,1.5723941855960422,0.41091781643671266,0.21624891742842714,0.16489266635791003,0.181829403942993,1667
25,3,evaluate,1.5881928130984306,0.462,0.2880913488076192,0.1841111455018875,0.2218534076019889,2000
25,4,evaluate,1.320564583495811,0.5560887822435513,0.27150750334811746,0.22826518346383703,0.24214561030408702,1667
25,5,evaluate,1.421596772968769,0.5325,0.3552457562028467,0.21290365641148828,0.26570108933159786,2000
26,0,evaluate,1.384114185969035,0.5123780945236309,0.31195946396989455,0.20542565462059,0.24551391711003615,1333
26,1,evaluate,1.3906481436320715,0.5191011235955056,0.3199767593757844,0.20889281374848284,0.250893829525879,1335
26,2,evaluate,1.58402069658041,0.474,0.2941412682680574,0.1890615918269488,0.22804025257692917,2000
26,3,evaluate,1.6023989562635068,0.41391721655668867,0.21541655546127014,0.16460413662675116,0.18279276715468173,1667
26,4,evaluate,1.3394539579749107,0.568,0.352341212940582,0.2271055293912775,0.27531568564059816,2000
26,5,evaluate,1.2590539963157088,0.5704859028194361,0.2686876010426048,0.22837409634986022,0.24519586005815536,1667
27,0,evaluate,1.4564135812577748,0.49812734082397003,0.3223321754003572,0.2000847002839552,0.24585826605556757,1335
27,1,evaluate,1.6497540297331634,0.40491901619676063,0.2176000215254359,0.1594123370771858,0.18260340671040792,1667
27,2,evaluate,1.2257257611663253,0.5914817036592681,0.2737824171163446,0.2347377795245608,0.2519648284868716,1667
27,3,evaluate,1.455195285025097,0.490622655663916,0.3145138879675436,0.19672709096605354,0.2400236760105617,1333
27,4,evaluate,1.2505612801760435,0.608,0.3508942363201473,0.24292620181061308,0.28624388001677725,2000
27,5,evaluate,1.5280249267816544,0.508,0.29666060227181296,0.2026906803363988,0.23901885095813094,2000
28,0,evaluate,1.29809589125216,0.602,0.3537783540911531,0.24049404183188555,0.28582374413876066,2000
28,1,evaluate,1.4199782553173246,0.5116279069767442,0.3152092797168805,0.20462099619303062,0.24655794588400823,1333
28,2,evaluate,1.5076522380113602,0.527,0.29921005559563907,0.21043389182290784,0.24612356033151522,2000
28,3,evaluate,1.4242910317012243,0.5026217228464419,0.31960862027349635,0.20186811634571686,0.24619019561217162,1335
28,4,evaluate,1.2571934417442039,0.5866826634673066,0.270809123810899,0.2356752004303043,0.2502364998048015,1667
28,5,evaluate,1.6341521739959717,0.4091181763647271,0.21599109967882582,0.1604340091684646,0.18331216857521085,1667
29,0,evaluate,1.3917224634261358,0.5071161048689139,0.3124388086219393,0.20330991242654245,0.24559310345344346,1335
29,1,evaluate,1.376814671925136,0.5318829707426856,0.313560921862471,0.2122012800770186,0.2523891610420466,1333
29,2,evaluate,1.3332764351809467,0.5728854229154169,0.27422224760862407,0.23341344926573848,0.2482884606959249,1667
29,3,evaluate,1.5222125686705112,0.528,0.2987319933257179,0.21077251726379426,0.2464084307502108,2000
29,4,evaluate,1.3811891190707684,0.582,0.35653040071049186,0.23249585403067083,0.2808691383493946,2000
29,5,evaluate,1.61273988087972,0.41151769646070785,0.21641630254519245,0.16217493822068446,0.1837342120620339,1667
30,0,evaluate,1.4070085287094116,0.5602879424115177,0.2744938119312293,0.22824153146972148,0.2447402598163393,1667
30,1,evaluate,1.4287361247198922,0.5063670411985018,0.30793290043290045,0.20301749220308776,0.24381960841952913,1335
30,2,evaluate,1.3966862871533348,0.522880720180045,0.3112654362569448,0.20835859278775953,0.24854767354780374,1333
30,3,evaluate,1.4091073013842106,0.5805,0.35608318011230466,0.2319963805621391,0.2798646869532359,2000
30,4,evaluate,1.5051810182631016,0.5325,0.2956745605815373,0.21245366219373718,0.24631232247846477,2000
30,5,evaluate,1.5933186522236578,0.4247150569886023,0.22238487369609822,0.16654448136159036,0.1885979554290167,1667
31,0,evaluate,1.4698556434540522,0.5018754688672168,0.3098824938932451,0.19983607106169804,0.2418557495868722,1333
31,1,evaluate,1.409931187276487,0.563887222555489,0.27519379310100234,0.22996242777932818,0.24532466694906133,1667
31,2,evaluate,1.6427428943139535,0.41451709658068386,0.22358306529756974,0.16149405602742542,0.1864727394509118,1667
31,3,evaluate,1.4638552032411098,0.5475,0.292583668463762,0.21837991265356288,0.2487468039578451,2000
31,4,evaluate,1.5159504867735363,0.49138576779026216,0.31156273409950486,0.19742528201253964,0.24044457334457786,1335
31,5,evaluate,1.3557093851268291,0.5975,0.3532438758541745,0.23883645295071151,0.2837116390332307,2000
32,0,evaluate,1.4703374476659865,0.5026256564141035,0.3114716287849147,0.20026140891850694,0.242002536940067,1333
32,1,evaluate,1.6937171397385773,0.40431913617276544,0.22231611156734213,0.15778006818087684,0.18306131859192604,1667
32,2,evaluate,1.3502155411988497,0.599,0.35064640205076447,0.23944216577656813,0.2834185246494433,2000
32,3,evaluate,1.369589266953645,0.5704859028194361,0.27222641611312315,0.23167269017857625,0.2453143494610448,1667
32,4,evaluate,1.4931837916374207,0.539,0.29512791142228295,0.21482786075074795,0.24587863335033147,2000
32,5,evaluate,1.5140797013328189,0.4898876404494382,0.31187367835243596,0.1971074552218883,0.24043631199575785,1335
33,0,evaluate,1.4373537074951899,0.5153558052434457,0.31101199834912147,0.20731858004128517,0.24783340987152996,1335
33,1,evaluate,1.3978112708954584,0.5341335333833458,0.31338579019495816,0.21327304543241105,0.25219912478751816,1333
33,2,evaluate,1.7184688206072207,0.40431913617276544,0.2266701929692927,0.16137724038109566,0.18412105077145735,1667
33,3,evaluate,1.3300542345753423,0.5698860227954409,0.27015661412505465,0.23267339100872103,0.24467265926471962,1667
33,4,evaluate,1.5768628753721714,0.517,0.2978650817426236,0.20588672870740293,0.23880879252204337,2000
33,5,evaluate,1.39213927090168,0.5785,0.3503601742968339,0.23146583058956754,0.27805984866635863,2000
34,0,evaluate,1.342611485057407,0.5704859028194361,0.27046046369925314,0.23350028865055877,0.24528553010182827,1667
34,1,evaluate,1.2782932746978033,0.5768942235558889,0.3114132999493249,0.23055345234113647,0.2642077192458347,1333
34,2,evaluate,1.7092563532016896,0.39592081583683264,0.22203900709219856,0.16219566429949844,0.17881690818299328,1667
34,3,evaluate,1.3151511180968511,0.5498127340823971,0.30731839287576385,0.22095144127372612,0.2563891171845872,1335
34,4,evaluate,1.5201220475137234,0.5475,0.35405679448883687,0.21904369730074563,0.2698743956813713,2000
34,5,evaluate,1.7177495956420898,0.4775,0.30516913683954144,0.19013753172866504,0.22924794938273846,2000
35,0,evaluate,1.2375564234597343,0.5873968492123031,0.31236610834163336,0.23500408707235856,0.2676047136900565,1333
35,1,evaluate,1.7126271813004106,0.3929214157168566,0.22016883318294606,0.16445297968993872,0.17599937590732026,1667
35,2,evaluate,1.5678128711879253,0.54,0.3581285876532236,0.21600881369904285,0.26837933132583325,2000
35,3,evaluate,1.7857730686664581,0.4495,0.30389989633448744,0.17901829333609848,0.2211348307577019,2000
35,4,evaluate,1.2634090752828688,0.5662921348314607,0.3112385153986198,0.22694828799690775,0.26200060172604384,1335
35,5,evaluate,1.3448546528816223,0.5800839832033593,0.2763182667897601,0.23702196312612744,0.25050452986563965,1667
36,0,evaluate,1.3238981508073353,0.568642160540135,0.3144298769289366,0.22748703117864494,0.26325068488124037,1333
36,1,evaluate,1.468558982014656,0.567,0.35583407895831276,0.22657630528646439,0.2754458303423764,2000
36,2,evaluate,1.752017855644226,0.466,0.3012250637247463,0.18568036045082484,0.22630688419260608,2000
36,3,evaluate,1.7615135422459356,0.394121175764847,0.22277662335148615,0.1630523902232217,0.17875544671524568,1667
36,4,evaluate,1.2994530620398346,0.587882423515297,0.2732330996089829,0.23694805427035703,0.251180985562094,1667
36,5,evaluate,1.3270674347877502,0.5445692883895131,0.31134789702298277,0.21826501463639678,0.2560263005428859,1335
37,0,evaluate,1.4409276871454149,0.5356339084771192,0.31224877067775203,0.21398873727780648,0.2523119401819739,1333
37,1,evaluate,1.4384101175126576,0.5250936329588015,0.3140580685221772,0.2104683050257604,0.2510472998940577,1335
37,2,evaluate,1.775653225404245,0.394121175764847,0.22106165808966977,0.15919351877660723,0.17984601405969725,1667
37,3,evaluate,1.3122154143121507,0.5950809838032394,0.27607022374511503,0.23949542409563102,0.25422495803112855,1667
37,4,evaluate,1.6421531252563,0.5015,0.2975048593540648,0.19982669673287576,0.23597289106341096,2000
37,5,evaluate,1.4018857926130295,0.593,0.35176529870946827,0.23668875107147475,0.2815816756658317,2000
38,0,evaluate,1.5841531469708396,0.5033758439609902,0.31607496993751244,0.20078518698144615,0.24323579138467485,1333
38,1,evaluate,1.7789052195019193,0.39832033593281346,0.22134857132423874,0.1561346501590748,0.1801569022228294,1667
38,2,evaluate,1.582885464032491,0.48764044943820223,0.31411119121570763,0.19539563203695404,0.23946543059907938,1335
38,3,evaluate,1.3706561591890123,0.5830833833233353,0.274463216869388,0.23501192641789231,0.2506708515834508,1667
38,4,evaluate,1.3619507104158401,0.609,0.3489705306908025,0.24305410966005034,0.28527450446597324,2000
38,5,evaluate,1.5296684801578522,0.539,0.29761733461853945,0.21480665680533936,0.24663061352076127,2000
39,0,evaluate,1.608268482344491,0.4816204051012753,0.3089874578448971,0.19203772074271913,0.2339319188534425,1333
39,1,evaluate,1.6211060001736595,0.47340823970037454,0.30954037763483566,0.1898033096269795,0.2340262120531869,1335
39,2,evaluate,1.4209259351094563,0.5692861427714457,0.27050338357142456,0.22967467558799903,0.24491705567435132,1667
39,3,evaluate,1.5307571329176426,0.539,0.28931839129237746,0.2147511062860087,0.2439604438422076,2000
39,4,evaluate,1.7567199247854728,0.4175164967006599,0.22558940863600913,0.16171503379277424,0.18533827179800064,1667
39,5,evaluate,1.4082349501550198,0.6005,0.3503944954376824,0.2396924913223827,0.2832200295630771,2000
40,0,evaluate,1.7364164149319683,0.4301139772045591,0.2243829037604009,0.16627303602937726,0.18778930361462992,1667
40,1,evaluate,1.571280125528574,0.5255,0.285982861424276,0.20936789889624513,0.23898227433118882,2000
40,2,evaluate,1.5712087324687414,0.490622655663916,0.303213674820463,0.19567423058968175,0.23510853820296845,1333
40,3,evaluate,1.4218176691620439,0.5800839832033593,0.27453126761473384,0.2350984730254238,0.24971327494838053,1667
40,4,evaluate,1.5970221984954107,0.48314606741573035,0.3087908165767742,0.19378516481448949,0.23698180481331638,1335
40,5,evaluate,1.465728998184204,0.588,0.3526442018212981,0.23485956458746876,0.28085946196531475,2000
41,0,evaluate,1.6671541556715965,0.51,0.29202429095144794,0.20322171774291586,0.23687626124123956,2000
41,1,evaluate,1.7608111920180145,0.42291541691661666,0.2227523509115886,0.16628805255253926,0.18752624673045362,1667
41,2,evaluate,1.4825751838229952,0.5176294073518379,0.30630522137077854,0.2064856582798141,0.24491683855124977,1333
41,3,evaluate,1.522876569202968,0.500374531835206,0.30670501170249126,0.20076525499526743,0.24189257573103146,1335
41,4,evaluate,1.4138406073605572,0.5806838632273545,0.2715357012759801,0.23509630926949607,0.24877710317645502,1667
41,5,evaluate,1.5187037736177444,0.582,0.35243090253733167,0.23260230907608598,0.27946824557031624,2000
42,0,evaluate,1.4730024962198167,0.5310861423220974,0.3108647414296787,0.21301215198340043,0.2522802779090516,1335
42,1,evaluate,1.5241605527698994,0.5885,0.35295896366366325,0.23534506567911376,0.2815219620352877,2000
42,2,evaluate,1.4050583751113326,0.584883023395321,0.27484288261121864,0.23772776916908506,0.2514409783695422,1667
42,3,evaluate,1.8210687460722748,0.41391721655668867,0.22677431262304487,0.16622017137520556,0.1867463360690712,1667
42,4,evaluate,1.7628694660961628,0.49,0.29380091525771534,0.195134700877861,0.23100039573823866,2000
42,5,evaluate,1.4321638572783697,0.5528882220555139,0.3138251660010427,0.22062969976035945,0.25825956874245304,1333
43,0,evaluate,1.4731724716368175,0.5491372843210802,0.3124723307728806,0.2194891362651518,0.25723295089368997,1333
43,1,evaluate,1.8194352015852928,0.48,0.2901679662980219,0.190977239562405,0.22522421833809775,2000
43,2,evaluate,1.480859111994505,0.5965,0.34755887720947454,0.23859263840972678,0.28224645462878395,2000
43,3,evaluate,1.9371437010941681,0.3899220155968806,0.22623803119771999,0.15745615864189408,0.17927101564681128,1667
43,4,evaluate,1.4957707893280756,0.5250936329588015,0.3101399532884047,0.2106261701491427,0.25048360243078927,1335
43,5,evaluate,1.3716306178658098,0.5902819436112777,0.2766440921500987,0.24012961999851634,0.2538462715247503,1667
44,0,evaluate,1.836373083293438,0.4815,0.2874564590289289,0.19148770858899988,0.2231149466691325,2000
44,1,evaluate,1.390515841819622,0.5854829034193162,0.2764677814696552,0.23701194665531636,0.252433284162378,1667
44,2,evaluate,2.0387836915475352,0.36892621475704857,0.22494416939516756,0.14912305784282087,0.17277680816363783,1667
44,3,evaluate,1.5468707027889432,0.5153558052434457,0.30885012717455557,0.2066807862752079,0.24739505424748637,1335
44,4,evaluate,1.5417023045676095,0.5348837209302325,0.31034704074039005,0.21347742820919588,0.25230536640921375,1333
44,5,evaluate,1.4638883173465729,0.603,0.34368430202275163,0.2410842233829606,0.2824210752027352,2000
45,0,evaluate,1.5230433903634548,0.5945,0.34443986526649495,0.23756649092556587,0.27990770696637807,2000
45,1,evaluate,1.5860777355375744,0.5078651685393258,0.3094983436375431,0.2034243793586615,0.2451763830507579,1335
45,2,evaluate,1.6085469268617176,0.5326331582895724,0.3089601075555531,0.21236281012803948,0.25080204287433355,1333
45,3,evaluate,2.065728470131203,0.3755248950209958,0.22317236998837622,0.15146821623019938,0.174570426987455,1667
45,4,evaluate,1.8551285862922668,0.486,0.28515946325974706,0.19337150268824962,0.2253227837562619,2000
45,5,evaluate,1.442997395992279,0.5740851829634073,0.2741015219772098,0.23252886963864042,0.24822219215083186,1667
46,0,evaluate,2.0036436716715493,0.394121175764847,0.2225452472844227,0.15810306132116708,0.18009916524335895,1667
46,1,evaluate,1.5785988966623943,0.5176029962546816,0.308273485277762,0.20727720803410934,0.24740067833909282,1335
46,2,evaluate,1.61589815503075,0.5356339084771192,0.3091913176393935,0.21361185656530446,0.25135347965093774,1333
46,3,evaluate,1.5259984687522605,0.5710857828434314,0.2758427839291498,0.23283355520861618,0.24817468951841257,1667
46,4,evaluate,1.8723007403314114,0.4935,0.2903106018003395,0.19649325362716313,0.23072175046082624,2000
46,5,evaluate,1.6420883983373642,0.58,0.3487033686777326,0.2317434413139745,0.27716862527968944,2000
47,0,evaluate,1.5420401664007277,0.5318352059925093,0.30815131214901015,0.21334315431440273,0.25184286833332614,1335
47,1,evaluate,1.8990301117300987,0.492,0.29130299254979564,0.19608238814880133,0.2328413808093149,2000
47,2,evaluate,1.602777088129962,0.563887222555489,0.27486298220752636,0.23055612571837716,0.24580832810033168,1667
47,3,evaluate,1.895348690174244,0.41631673665266944,0.2193581622967251,0.1673547095921858,0.18549705609626502,1667
47,4,evaluate,1.7882656045258045,0.5435,0.3504826721770488,0.21723398506844668,0.2671435953180111,2000
47,5,evaluate,1.5696190482094174,0.5408852213053263,0.30404639543529033,0.21594056112625476,0.2517257141272783,1333
48,0,evaluate,1.8713065959789135,0.41871625674865026,0.21672745556656653,0.16768576816039144,0.18521139595113287,1667
48,1,evaluate,1.640727745162116,0.555488902219556,0.2726080663668441,0.22777551918057376,0.2426537900970065,1667
48,2,evaluate,1.5174234708150227,0.5355805243445693,0.3056806923710549,0.21524616822983428,0.25202379586626317,1335
48,3,evaluate,1.535618475505284,0.5536384096024006,0.3046780625727994,0.22151701285746342,0.2554000604301283,1333
48,4,evaluate,1.878232728689909,0.53,0.3574377649842533,0.2118420639406855,0.2652431469350169,2000
48,5,evaluate,1.924754060804844,0.491,0.2967697322800221,0.19576619240254595,0.23478819608184934,2000
49,0,evaluate,1.7994850501418114,0.5495,0.3576822242514141,0.21957357018286205,0.2710823301175166,2000
49,1,evaluate,1.9243938437214605,0.41931613677264545,0.21913116573840025,0.16654265467013768,0.18645881377850482,1667
49,2,evaluate,1.6051529447237651,0.5686862627474505,0.27450067789500493,0.2317644662688155,0.2467066406897406,1667
49,3,evaluate,1.6101326318014235,0.5378844711177795,0.3084894134211319,0.21553078814729093,0.2514294757341033,1333
49,4,evaluate,1.8996927812695503,0.497,0.29317595941566066,0.19805766941918823,0.23505970073594812,2000
49,5,evaluate,1.596622660046532,0.5213483146067416,0.3071987430692757,0.2094457678469523,0.2481805014440596,1335
50,0,evaluate,1.7171817450296312,0.4958801498127341,0.30781904193434884,0.19914883969788927,0.24050053162765547,1335
50,1,evaluate,2.0522886558815285,0.40011997600479904,0.21980132147870313,0.15818091399499049,0.18181516609313125,1667
50,2,evaluate,1.7323315086818876,0.5048762190547637,0.30927416529812557,0.20192701384202377,0.2418001387649535,1333
50,3,evaluate,1.8870781809091568,0.505,0.29028913873291573,0.20113511524750863,0.23528249056501283,2000
50,4,evaluate,1.5369062489933438,0.5800839832033593,0.27298882718201123,0.23417911461875188,0.24886893631758653,1667
50,5,evaluate,1.6509742140769958,0.589,0.3539788834422462,0.23525704572921188,0.28123108989457274,2000
51,0,evaluate,1.4961982214892353,0.584883023395321,0.27274179071049154,0.23332923628663887,0.2495486109478307,1667
51,1,evaluate,1.897236742079258,0.5185,0.2876554550826897,0.2064506593893359,0.23725062121044904,2000
51,2,evaluate,1.85694838705517,0.4666666666666667,0.3120220147053131,0.18747752193678263,0.23260267262826803,1335
51,3,evaluate,2.201987129670602,0.3755248950209958,0.22025380182089,0.14714321841052605,0.17432460134709565,1667
51,4,evaluate,1.8761674279258365,0.4808702175543886,0.3143482157566805,0.19181539553118013,0.23623467619429314,1333
51,5,evaluate,1.5318350791931152,0.6185,0.34744621551610033,0.24710034890441515,0.28714424256641774,2000
52,0,evaluate,1.5323806405067444,0.619,0.34401857196495833,0.24736012039908606,0.28597027953579446,2000
52,1,evaluate,1.8854271514075143,0.4883720930232558,0.31809449732545836,0.19441026134081316,0.2393700496307729,1333
52,2,evaluate,1.8804329804011755,0.47191011235955055,0.31165113952537327,0.18913479757419008,0.23435290537280054,1335
52,3,evaluate,1.515119777785407,0.5788842231553689,0.2717245986031187,0.22948969326382276,0.24670967724239562,1667
52,4,evaluate,2.255585405561659,0.3779244151169766,0.22010495445497247,0.14874578245437925,0.1739508619867531,1667
52,5,evaluate,1.945613507181406,0.5115,0.28816908132201097,0.20364186904796408,0.23486247552200448,2000
53,0,evaluate,1.7438510202226185,0.503370786516854,0.3085035109934385,0.20132001172960196,0.24301539434062464,1335
53,1,evaluate,2.0646495670080185,0.4895,0.29114977483603466,0.19493461974874285,0.22968876716367195,2000
53,2,evaluate,1.717757713227045,0.5183795948987246,0.3124860500411746,0.20650364895892315,0.2469703588808457,1333
53,3,evaluate,2.245350987822921,0.38392321535692864,0.2242405206857867,0.1542378727786236,0.17605910931374852,1667
53,4,evaluate,1.6656888611614704,0.6,0.3468116948564373,0.23991679307805724,0.282289916676106,2000
53,5,evaluate,1.5417626389750727,0.590881823635273,0.2777829065978417,0.2363021308325469,0.25327892597586976,1667
54,0,evaluate,1.6550807498750233,0.5250936329588015,0.3049382765652161,0.20992409380029975,0.24838953618578868,1335
54,1,evaluate,2.190729675469575,0.39592081583683264,0.22115012324084873,0.1612368278500534,0.17871668806209184,1667
54,2,evaluate,1.6191489810035342,0.5543885971492873,0.3113367431712536,0.22089220634814238,0.25762477742310075,1333
54,3,evaluate,1.8399650789797306,0.5635,0.34713063637370245,0.22547597303272324,0.27238943167411794,2000
54,4,evaluate,2.1561303846538067,0.4765,0.2932813917398378,0.18984744060918218,0.22727787278416628,2000
54,5,evaluate,1.6274866196844313,0.584883023395321,0.2812404456571279,0.23780484619097927,0.25404849096758164,1667
55,0,evaluate,2.1919527016580105,0.4625,0.2917189005653339,0.18440111564393696,0.223653186086473,2000
55,1,evaluate,1.607114701043992,0.5310861423220974,0.3019374566732858,0.21270858997404035,0.24951271453000742,1335
55,2,evaluate,1.5776406015668596,0.5528882220555139,0.3035817435008275,0.22069001521199202,0.25469788518512193,1333
55,3,evaluate,1.7337271107567682,0.5728854229154169,0.2794526479935024,0.23523420304392237,0.25040531877201694,1667
55,4,evaluate,2.1304841527232417,0.40851829634073183,0.2236926948734299,0.16619333580216536,0.18312733881590013,1667
55,5,evaluate,1.9853386096656322,0.533,0.3493265871662327,0.21330187392615296,0.2645875792594051,2000
56,0,evaluate,1.6339934099288214,0.5431357839459865,0.30187947164221196,0.21682849864898257,0.25186950788578527,1333
56,1,evaluate,1.7892193948781048,0.5536892621475705,0.2745075266691067,0.2273010316122245,0.243386710310949,1667
56,2,evaluate,1.6623698700041998,0.5220973782771535,0.29853443941679236,0.20953150081681934,0.24613559675820568,1335
56,3,evaluate,2.0151499696075916,0.5295,0.3516102680655194,0.21179793599747598,0.2638593382797081,2000
56,4,evaluate,2.0846355623669095,0.4091181763647271,0.218087813751889,0.1648560073572415,0.18207846981931258,1667
56,5,evaluate,2.1591701172292233,0.4625,0.2904343329368936,0.18445019215395259,0.22418010768376964,2000
57,0,evaluate,1.7609458367029827,0.5266316579144786,0.3044165864540459,0.21037875270775525,0.24818389620759343,1333
57,1,evaluate,1.791428912253607,0.49737827715355803,0.2991199301793463,0.19989385868056228,0.23928423889461267,1335
57,2,evaluate,2.117846471292001,0.40611877624475107,0.21652943718135548,0.1616804630209976,0.18162830103171695,1667
57,3,evaluate,1.7820214783703838,0.5572885422915417,0.27262405949434526,0.226485442503912,0.24408315509534834,1667
57,4,evaluate,1.906877189874649,0.552,0.35107264492062934,0.2205484834498806,0.27041566923872185,2000
57,5,evaluate,2.0911875143647194,0.4795,0.2857213815370806,0.19116519659025727,0.22745947011016915,2000
58,0,evaluate,2.1833397061736495,0.40491901619676063,0.2175768649108231,0.15920358491504968,0.18206903239452876,1667
58,1,evaluate,1.9146342504592169,0.4868913857677903,0.30525029266610476,0.19592302637980352,0.23797087032339287,1335
58,2,evaluate,1.8844194979894728,0.5003750937734434,0.3039255739210285,0.19981897783371078,0.23983402869502052,1333
58,3,evaluate,2.040714766830206,0.5035,0.28579319947337434,0.2006140929078864,0.23368371566453017,2000
58,4,evaluate,1.7472504995487355,0.5680863827234554,0.2737113370832396,0.22927781358638083,0.2471991450102148,1667
58,5,evaluate,1.7878766730427742,0.5805,0.34746426405613795,0.23185500181158747,0.2774651750022992,2000
59,0,evaluate,1.9834371351060414,0.48389513108614235,0.3112302018062493,0.1947847286282667,0.23848701993955781,1335
59,1,evaluate,1.9497551180067516,0.4898724681170293,0.31142495486477956,0.19549219383889546,0.23777884826123277,1333
59,2,evaluate,1.685960707841096,0.584883023395321,0.27509038682805287,0.23537213353652692,0.2517674363989538,1667
59,3,evaluate,2.318514823913574,0.3833233353329334,0.2143752297595153,0.14985813018641717,0.17505438544568103,1667
59,4,evaluate,2.067627187818289,0.516,0.2870340524010249,0.20546438701391043,0.23627170166152137,2000
59,5,evaluate,1.70435306802392,0.593,0.3431670229811691,0.23696001451074636,0.2791936455342322,2000
60,0,evaluate,2.1220325753092766,0.5125,0.2864308000545718,0.2040669692536868,0.2348895859559219,2000
60,1,evaluate,1.7293032631278038,0.586,0.3425622646383005,0.23421605953575803,0.27696593715815565,2000
60,2,evaluate,2.3942996660868325,0.3743251349730054,0.21545336729547254,0.14706866446669922,0.17309088470927378,1667
60,3,evaluate,1.9340950137092954,0.4973743435858965,0.30776209331665505,0.19866041663090178,0.23897742820798742,1333
60,4,evaluate,1.9727545295442854,0.4943820224719101,0.31426961046475077,0.19882984573614051,0.24189716867304858,1335
60,5,evaluate,1.6932246022754245,0.5884823035392921,0.27680483008850476,0.23853848041526088,0.25350528755186436,1667
61,0,evaluate,1.825302917510271,0.5675,0.3435470146780005,0.22708434570655567,0.272241350827647,2000
61,1,evaluate,2.369524518648783,0.3749250149970006,0.21074904525503327,0.14861789878786047,0.17194620981334582,1667
61,2,evaluate,1.716406853110702,0.5812837432513497,0.27642158936213834,0.23730829341974286,0.25138436407660286,1667
61,3,evaluate,1.8755592618669783,0.5168539325842697,0.316441689628887,0.20787618946468883,0.24921505676972244,1335
61,4,evaluate,1.8365855046680994,0.5161290322580645,0.30852831542182824,0.2058775900147214,0.24475884282683857,1333
61,5,evaluate,2.1947008334100246,0.485,0.28404620818483095,0.19319476024349308,0.22687824614114788,2000
62,0,evaluate,2.3040428117469505,0.38452309538092383,0.2145455413489672,0.15352216082028725,0.17580732953171832,1667
62,1,evaluate,1.7691979975927443,0.5333833458364591,0.31221616116802453,0.21258413783244023,0.2509959604270565,1333
62,2,evaluate,1.7365304717311152,0.5746850629874025,0.2771655540266623,0.23493647153730404,0.24916399400540384,1667
62,3,evaluate,2.256909240037203,0.4675,0.2833837567351246,0.18649782883138344,0.22295003141833053,2000
62,4,evaluate,1.9376781471073627,0.5415,0.3429143621018314,0.21685582023298228,0.2644502770158222,2000
62,5,evaluate,1.7917092925026303,0.5258426966292135,0.3138909967665878,0.2114377650877794,0.25152013757522357,1335
63,0,evaluate,1.7953291847592308,0.5296324081020255,0.30917641546282626,0.211013518664145,0.24969663187742547,1333
63,1,evaluate,2.272752496931288,0.39592081583683264,0.2198392238226483,0.15849154923686531,0.18071825942797343,1667
63,2,evaluate,1.8132194450923376,0.5235955056179775,0.3117053786329424,0.2106131914381031,0.25039372427528167,1335
63,3,evaluate,1.731035534982328,0.5788842231553689,0.2792693089102133,0.2353612810141421,0.2509762504752495,1667
63,4,evaluate,2.2839297726750374,0.473,0.28442762727292975,0.18878462134328527,0.22566022359799492,2000
63,5,evaluate,1.9578319415450096,0.542,0.34433333333333327,0.21699157889023685,0.2648462511737347,2000
64,0,evaluate,1.8791389635631017,0.522880720180045,0.30945514051338296,0.20829809789324902,0.24806066127199072,1333
64,1,evaluate,1.9129667338870822,0.5101123595505618,0.31283623565976504,0.20530099454466635,0.24702460420068392,1335
64,2,evaluate,2.3006943155218056,0.39592081583683264,0.2194070033124847,0.15728287177063593,0.1802026605668038,1667
64,3,evaluate,2.271936569362879,0.48,0.28440265048870284,0.19146533773371352,0.22726736176108836,2000
64,4,evaluate,1.7042544594517461,0.5806838632273545,0.2785518979856934,0.23436099572028946,0.25091816656310373,1667
64,5,evaluate,1.8871649280190468,0.5565,0.34549927971072797,0.2226817032385052,0.2696976110952435,2000
65,0,evaluate,1.6757989525794983,0.5854829034193162,0.2766072003580541,0.23533600355939432,0.2516791106322686,1667
65,1,evaluate,2.3541713511502302,0.3977204559088182,0.21802648499478688,0.1577408701299719,0.18034563322169977,1667
65,2,evaluate,1.836278025060892,0.566,0.34707839220475084,0.22629461542793483,0.27322722323555065,2000
65,3,evaluate,1.9798785958971297,0.4966292134831461,0.31017748265082146,0.1998471691647735,0.2422661505675507,1335
65,4,evaluate,2.252006407827139,0.484,0.2831208300084802,0.1929976712033027,0.2277762141144514,2000
65,5,evaluate,1.933208669934954,0.5198799699924981,0.31020159554208254,0.2071433915613309,0.2474612912610384,1333
66,0,evaluate,2.009757575534639,0.4951310861423221,0.31126080280550833,0.19903897866071904,0.24213845721649713,1335
66,1,evaluate,1.965127740587507,0.5176294073518379,0.3097875212436859,0.20620760758129916,0.24659036549060387,1333
66,2,evaluate,2.3975395538188793,0.39172165566886624,0.21828373229778367,0.1554530444128225,0.17864688315216676,1667
66,3,evaluate,1.825158767402172,0.569,0.3459134980786748,0.22741444549238907,0.27377818814815436,2000
66,4,evaluate,2.241786528378725,0.4905,0.2836810276651098,0.19554705066932812,0.22978021735490253,2000
66,5,evaluate,1.7133222067797627,0.5782843431313738,0.27152023000420955,0.2323241978408784,0.24846166380999085,1667
67,0,evaluate,1.9958674510320027,0.49737827715355803,0.30779393645744696,0.20008509216131717,0.24175722244842052,1335
67,1,evaluate,1.7997034523222182,0.5710857828434314,0.2720416719328668,0.23069502209755507,0.24729093969253707,1667
67,2,evaluate,2.4579526627505266,0.38032393521295743,0.2141015974765975,0.15075712595388657,0.174018703289978,1667
67,3,evaluate,1.9559726885386877,0.5243810952738185,0.3133248496472911,0.2090871675493547,0.24957401967712728,1333
67,4,evaluate,2.2756717689335346,0.5,0.28794391235689387,0.1992607872465017,0.2334329234571963,2000
67,5,evaluate,1.87931277602911,0.559,0.3421449604847383,0.22334397823542643,0.26973332522363147,2000
68,0,evaluate,1.8772512674331665,0.5692861427714457,0.27433745202265625,0.2306822581216831,0.24775218403741808,1667
68,1,evaluate,2.007094837370373,0.49812734082397003,0.3067445525226173,0.20040773503568424,0.2417244873334276,1335
68,2,evaluate,2.536738157272339,0.379124175164967,0.21392299390277145,0.1518521155376747,0.1731296981757145,1667
68,3,evaluate,1.9790741545813424,0.5281320330082521,0.3145419079214385,0.2104994316186432,0.25143514537897443,1333
68,4,evaluate,2.314989496022463,0.49,0.28487543246572566,0.19516912509396872,0.22898418696079403,2000
68,5,evaluate,1.9115600436925888,0.558,0.34235456023461414,0.2229283487097346,0.26921222185674515,2000
69,0,evaluate,1.984768617720831,0.5318829707426856,0.3121883298327434,0.21215132494957464,0.25186469265721084,1333
69,1,evaluate,1.990999352364313,0.5093632958801498,0.30973617847948987,0.20490488490717737,0.2459581901847619,1335
69,2,evaluate,1.893816098018929,0.5662867426514697,0.2720611574382482,0.22985073853103793,0.24589393411676957,1667
69,3,evaluate,1.9439313597977161,0.5595,0.34162859481548785,0.2236085582695269,0.2691686316304559,2000
69,4,evaluate,2.3888798244297504,0.4825,0.2884340668520693,0.19207437203686956,0.22693482372856164,2000
69,5,evaluate,2.649518745916861,0.3797240551889622,0.21855718771911406,0.15240859088410746,0.173608617351153,1667
70,0,evaluate,1.9246259133021038,0.5228464419475656,0.30946490735032817,0.21025329438606732,0.249811669091133,1335
70,1,evaluate,1.916533038729713,0.5371342835708928,0.30939808309895306,0.21450240323417097,0.2524344488926986,1333
70,2,evaluate,2.4749992080032825,0.4725,0.2907086822975524,0.1880757119636291,0.22444329083487463,2000
70,3,evaluate,2.00512907654047,0.548,0.34258063723953747,0.21899471626001907,0.2660748173687989,2000
70,4,evaluate,1.8553542737607602,0.5746850629874025,0.27465807061260056,0.23425169591594952,0.24932854116929581,1667
70,5,evaluate,2.699819070321542,0.3797240551889622,0.21943513207744597,0.15407982936768289,0.17309903850685318,1667
71,0,evaluate,1.8884782109941756,0.5401350337584396,0.3056524967141897,0.21578927057629285,0.2517279570854357,1333
71,1,evaluate,2.06066932156682,0.5495,0.34609202647480386,0.21952272124400843,0.26787735889614916,2000
71,2,evaluate,2.70366691659998,0.38452309538092383,0.22206486535476713,0.15569660089865078,0.17589962446940044,1667
71,3,evaluate,1.8275563672736839,0.5806838632273545,0.27520656720641906,0.23650873093834818,0.2507834446999313,1667
71,4,evaluate,2.5182085558772087,0.469,0.29209196351667555,0.18669175665315801,0.22401810635418212,2000
71,5,evaluate,1.9027629012153262,0.5250936329588015,0.3082240978019857,0.21122487860151437,0.24980588128887313,1335
72,0,evaluate,1.9785306169873191,0.5116104868913858,0.30826248393977956,0.20578974309989687,0.24587356587356587,1335
72,1,evaluate,1.961480242865426,0.5251312828207052,0.30535042747549573,0.20957667572868713,0.24764588722904007,1333
72,2,evaluate,2.515250712633133,0.4665,0.2902146435658052,0.18576611741536891,0.22336915195129786,2000
72,3,evaluate,1.8261752548041168,0.5746850629874025,0.2720182750108285,0.23270118037486004,0.2480516140564888,1667
72,4,evaluate,2.68633966534226,0.3827234553089382,0.2176550520881743,0.1550995653695529,0.17476927332873568,1667
72,5,evaluate,2.0455319061875343,0.5595,0.3450243160110086,0.22350422099398498,0.27060768624389375,2000
73,0,evaluate,2.104409246217637,0.5056264066016504,0.3081213990278445,0.2018293432353933,0.24304471360620367,1333
73,1,evaluate,2.1010766313189553,0.49737827715355803,0.3133690347343763,0.20026252799640898,0.24349148622639477,1335
73,2,evaluate,2.466294512152672,0.4815,0.287582088214071,0.19187291059155448,0.22826743282471984,2000
73,3,evaluate,1.867222476888586,0.5680863827234554,0.2716264801114597,0.22791891128444824,0.24559366042260317,1667
73,4,evaluate,2.0247582346200943,0.5695,0.3472172288803994,0.22749578544393687,0.2738607168326144,2000
73,5,evaluate,2.663493783385665,0.3863227354529094,0.21566760431901386,0.15393318675024875,0.1756989752559809,1667
74,0,evaluate,2.2370684884843373,0.5003750937734434,0.3092887196323291,0.19960118038344693,0.2419081603402698,1333
74,1,evaluate,1.947362447226489,0.5626874625074985,0.27051634756871595,0.225415914243052,0.24307048299836415,1667
74,2,evaluate,2.674858146243625,0.3935212957408518,0.21534292102757185,0.1560492551322143,0.17856014045235227,1667
74,3,evaluate,2.054253648966551,0.5655,0.34491892240923916,0.22601982015873906,0.27162665991472557,2000
74,4,evaluate,2.2081477414994013,0.48239700374531835,0.3115999602911942,0.19449149793117698,0.23817210681294299,1335
74,5,evaluate,2.4317142479121685,0.4975,0.2883949480065279,0.19839020615687114,0.23366086900435684,2000
75,0,evaluate,2.4584560096263885,0.493,0.2856373108545146,0.19673089425563098,0.2320137355795684,2000
75,1,evaluate,2.724935359425015,0.3905218956208758,0.21533894743077356,0.15496120036118627,0.1779214836387652,1667
75,2,evaluate,2.1134754046797752,0.5615,0.345868223194619,0.22452567646340835,0.2708418952614741,2000
75,3,evaluate,2.2235833690280007,0.4786516853932584,0.31101160553498536,0.1931173670472553,0.2367299786783999,1335
75,4,evaluate,2.264096901530311,0.49962490622655664,0.3034517848164907,0.19932974222273855,0.23967598343610982,1333
75,5,evaluate,1.9995604554812114,0.5626874625074985,0.27214695235075614,0.2263886641328694,0.2436334502441689,1667
76,0,evaluate,2.7579623416618064,0.38752249550089984,0.21432154328665592,0.15385982600738474,0.17669502831803743,1667
76,1,evaluate,2.0327698477992304,0.55248950209958,0.2689059081403376,0.22374010430145588,0.24068080728219407,1667
76,2,evaluate,2.503131292760372,0.488,0.28621546263367453,0.19485789281090152,0.23093610663079653,2000
76,3,evaluate,2.184083734239851,0.4794007490636704,0.30777257296736704,0.19330324605823698,0.23600347858062967,1335
76,4,evaluate,2.2210707778022405,0.4966241560390098,0.3000584616893695,0.1979170362971996,0.2371242247913819,1333
76,5,evaluate,2.1981500536203384,0.546,0.34434873928807574,0.21854795281483383,0.2658071226846518,2000
77,0,evaluate,2.764727415861907,0.3827234553089382,0.2139579309391114,0.15299292454726293,0.17477871038932596,1667
77,1,evaluate,2.136694136120024,0.5041260315078769,0.29797443072643015,0.20115406425751337,0.2390129086161577,1333
77,2,evaluate,2.267047844827175,0.53,0.34593992603459867,0.2122778949869128,0.2618829415853317,2000
77,3,evaluate,2.048489729563395,0.5506898620275945,0.26895016669154603,0.22444616791740604,0.24098340603312493,1667
77,4,evaluate,2.1016808918544223,0.503370786516854,0.3089623153212919,0.20260138657788868,0.24346725446991252,1335
77,5,evaluate,2.55458277836442,0.4795,0.286763421565828,0.19135876962730908,0.22826383297261446,2000
78,0,evaluate,2.336497977375984,0.52,0.3446035354289257,0.20828553182121193,0.25863507944875763,2000
78,1,evaluate,2.0674411966687156,0.5213803450862715,0.29997351309115466,0.20806522275965564,0.2446416975748984,1333
78,2,evaluate,2.0228416080828064,0.5662867426514697,0.27240922395168465,0.230826072837846,0.2459726619678742,1667
78,3,evaluate,2.0323722873415266,0.5205992509363296,0.3090153776848192,0.20912870967030867,0.2486084440979956,1335
78,4,evaluate,2.6435899659991264,0.469,0.2893705366927981,0.1870994358522575,0.22548738121320477,2000
78,5,evaluate,2.7850155653776945,0.385122975404919,0.21468670074078297,0.1548307013202756,0.17471361495794963,1667
79,0,evaluate,2.0150571323576427,0.5333833458364591,0.30083100007338204,0.21293671917766738,0.24798262864732434,1333
79,1,evaluate,2.365048997104168,0.52,0.3457034784370133,0.2080905706711756,0.2588660533994613,2000
79,2,evaluate,2.8240978364591247,0.39232153569286143,0.22372505367739914,0.15838535740414017,0.17901173442424775,1667
79,3,evaluate,1.996460545630682,0.5265917602996255,0.3089262431014327,0.21119935224453323,0.24988197679723134,1335
79,4,evaluate,1.9757643474472895,0.5692861427714457,0.27152493650840787,0.23290083632295108,0.2464898948234791,1667
79,5,evaluate,2.7283098623156548,0.464,0.29141108574327756,0.18496257166255553,0.2242284717397296,2000
80,0,evaluate,2.0025613648550853,0.5228464419475656,0.30724501994986575,0.2095481008309359,0.24799031939878624,1335
80,1,evaluate,2.0096298229126703,0.5318829707426856,0.29937867866880546,0.2121614713251514,0.2466330745293271,1333
80,2,evaluate,2.3033723309636116,0.5395,0.348029883009001,0.2155923726194835,0.2652927123285296,2000
80,3,evaluate,2.7697611153125763,0.4635,0.2913202559376734,0.18457670880948152,0.22349705690080185,2000
80,4,evaluate,2.8555027643839517,0.38812237552489504,0.2232422702790454,0.15689289298976877,0.17722352482936335,1667
80,5,evaluate,1.9235374883369163,0.5824835032993402,0.2730207507678672,0.237428669774827,0.2504113805417249,1667
81,0,evaluate,2.0784179880505516,0.5176029962546816,0.3087257932553449,0.2074875927396703,0.2469334879120873,1335
81,1,evaluate,2.7626173347234726,0.465,0.2873755428433687,0.18508232231227612,0.22177830980589572,2000
81,2,evaluate,2.0975756418137324,0.5356339084771192,0.3046826978201222,0.21363540365533354,0.24921122327444217,1333
81,3,evaluate,2.191676553338766,0.561,0.34830516080476925,0.22400120425247327,0.2717705289038671,2000
81,4,evaluate,1.8931927725120827,0.5920815836832634,0.2744181455401421,0.24021670656100652,0.25356277657806797,1667
81,5,evaluate,2.917289168746383,0.3809238152369526,0.22531360840427714,0.15345029399555835,0.17604701805382073,1667
82,0,evaluate,2.204813083012899,0.5266316579144786,0.3072665150549999,0.20986977318843078,0.24767940246876013,1333
82,1,evaluate,2.9798439696983055,0.376124775044991,0.2223619201825545,0.15107767773885925,0.17441519868243618,1667
82,2,evaluate,2.109635479748249,0.579,0.3449192182812565,0.2311395312332746,0.275617400179445,2000
82,3,evaluate,2.1705411729358493,0.503370786516854,0.30798657154803327,0.20205610615067107,0.24287089771191495,1335
82,4,evaluate,2.746201552450657,0.4725,0.28305418327867593,0.18808089998161007,0.22275199325348632,2000
82,5,evaluate,1.9030638889030174,0.5866826634673066,0.2735267291961832,0.23716935641993553,0.2513849932931482,1667
83,0,evaluate,2.071271173655987,0.585,0.34456676688803495,0.23356767382403282,0.2770290045610116,2000
83,1,evaluate,2.267522318022592,0.4861423220973783,0.30561130269156656,0.1952944243644406,0.23764769281261336,1335
83,2,evaluate,2.9842902995921947,0.3755248950209958,0.2174560183818491,0.15001901387359437,0.17331508159866876,1667
83,3,evaluate,1.9547003242704604,0.5806838632273545,0.273864565823603,0.23245825185377827,0.249385817052225,1667
83,4,evaluate,2.6752292662858963,0.4845,0.28253664302600473,0.1929226654540082,0.2267118535737164,2000
83,5,evaluate,2.2888320287068686,0.5131282820705176,0.3074624575775327,0.20454058810227763,0.24444693567017972,1333
84,0,evaluate,2.3422789914267406,0.4749063670411985,0.3014455667146124,0.19110015828728216,0.23331353344469177,1335
84,1,evaluate,2.9879792354725025,0.3785242951409718,0.2176445905032868,0.1503882894728942,0.17443775826289193,1667
84,2,evaluate,2.6296797208487988,0.4955,0.28432414683508334,0.197403343373523,0.23086082086187215,2000
84,3,evaluate,2.3500421728406633,0.4973743435858965,0.30420251685765426,0.1980519788679277,0.23918546270015528,1333
84,4,evaluate,2.0942782647907734,0.585,0.3418169688928203,0.23370448728574256,0.27601970624319566,2000
84,5,evaluate,2.0252924583576344,0.5770845830833833,0.27586914249511435,0.2298788861040688,0.24894256470904116,1667
85,0,evaluate,2.9852800016049987,0.373125374925015,0.21502754004696722,0.14918561413824585,0.17191038565993638,1667
85,1,evaluate,2.080768770641751,0.5602879424115177,0.27291950249267327,0.22509933458497358,0.24354744339886158,1667
85,2,evaluate,2.3114308629717146,0.5011252813203301,0.3012974380765533,0.19967095870814644,0.23956757896845918,1333
85,3,evaluate,2.3124364728019353,0.4771535580524345,0.2980048926357296,0.1920761457792693,0.23291966758057292,1335
85,4,evaluate,2.1843353286385536,0.5685,0.3427491049295318,0.22724359881362943,0.271675924256073,2000
85,5,evaluate,2.648620877414942,0.4895,0.2869029290796206,0.19508920380294892,0.23029729150362072,2000
86,0,evaluate,2.678117021918297,0.4865,0.285198076898724,0.19394562658847017,0.22892699136599215,2000
86,1,evaluate,2.265996671858288,0.5198799699924981,0.3038319035108839,0.20701186200524324,0.2458047401304322,1333
86,2,evaluate,2.13721172897904,0.5536892621475705,0.2733142252685755,0.22453750302692282,0.24166029420430024,1667
86,3,evaluate,2.285876745269412,0.4958801498127341,0.30523620035821536,0.19970117926140468,0.24038512913359264,1335
86,4,evaluate,2.987050974810565,0.385122975404919,0.21568564114433836,0.15454528205286333,0.17540540173536603,1667
86,5,evaluate,2.2953611090779305,0.5525,0.3430234835337677,0.2210598101588495,0.2668264869856135,2000
87,0,evaluate,2.279913243793306,0.5048689138576778,0.30571676797688613,0.20327008699900095,0.24331504321780786,1335
87,1,evaluate,3.0137602664806225,0.39112177564487105,0.2162269117942043,0.15719949322796123,0.17740256201109955,1667
87,2,evaluate,2.1639134883880615,0.5548890221955609,0.2767774130780509,0.2259633044515313,0.2435803920681519,1667
87,3,evaluate,2.2564595880962552,0.5273818454613654,0.30166453675765525,0.20990480192063798,0.247048463993369,1333
87,4,evaluate,2.3563588857650757,0.5475,0.344366871018,0.21917432669657808,0.2659205947023609,2000
87,5,evaluate,2.7179221361875534,0.4835,0.29018365947444225,0.1928239183077613,0.2292312740395052,2000
88,0,evaluate,2.265811034611293,0.5146067415730337,0.30560162668189095,0.2071476515969782,0.24637141849381067,1335
88,1,evaluate,2.2469983441489085,0.5243810952738185,0.3003808213589977,0.2089165228988973,0.24574050358383998,1333
88,2,evaluate,2.1672181862371938,0.555488902219556,0.2737943653661523,0.2263456172479013,0.24269496470747481,1667
88,3,evaluate,3.011537207497491,0.39592081583683264,0.21686608362834175,0.1580913323337922,0.1786889644268869,1667
88,4,evaluate,2.3869045190513134,0.54,0.34544264547770676,0.2161706002269188,0.26414830782645404,2000
88,5,evaluate,2.757114414125681,0.4855,0.293289261594048,0.1936030759560675,0.23025331424966317,2000
89,0,evaluate,2.2765524614424932,0.5191297824456114,0.2984127168919013,0.2068105232023551,0.24319481171759721,1333
89,1,evaluate,2.7737970873713493,0.4885,0.29058081425611704,0.19477155870066679,0.2311760083595881,2000
89,2,evaluate,2.395324017852545,0.5365,0.3457694895078173,0.21472846625192926,0.26320374967758026,2000
89,3,evaluate,3.005718814002143,0.3977204559088182,0.22020994710977843,0.1580794247478937,0.17996402301553494,1667
89,4,evaluate,2.1776222829465515,0.5548890221955609,0.27093040329509294,0.225809150407743,0.24182750600109842,1667
89,5,evaluate,2.294454750560579,0.5093632958801498,0.3069332353672949,0.2051154161214339,0.24512528179665774,1335
90,0,evaluate,2.3182099489938643,0.5048689138576778,0.30547127457827383,0.2033466642886836,0.24328886433158275,1335
90,1,evaluate,2.313590640113467,0.5026256564141035,0.29248843328955687,0.20027610382247207,0.2362799450658048,1333
90,2,evaluate,2.804852355271578,0.481,0.28776679167597424,0.19171922161470617,0.22830337204905327,2000
90,3,evaluate,2.185576800946836,0.5536892621475705,0.2679915861219939,0.22455265464130067,0.24099279353210362,1667
90,4,evaluate,2.411200989037752,0.541,0.34795874480614036,0.21640577450241075,0.2655668419039121,2000
90,5,evaluate,2.9846477243635388,0.3887222555488902,0.21607505335649044,0.15368977985976504,0.17598904147676517,1667
91,0,evaluate,2.3200679563340687,0.49962546816479403,0.30652407778038865,0.2011498955401907,0.2418355975033796,1335
91,1,evaluate,2.161706222428216,0.5614877024595081,0.26935225121863593,0.22697427903391726,0.24365501081119006,1667
91,2,evaluate,3.0030078093210855,0.38752249550089984,0.21811107189386095,0.15320116991700714,0.17661510780494938,1667
91,3,evaluate,2.326698104540507,0.5018754688672168,0.29397706410258234,0.20045351275596662,0.23648103174304663,1333
91,4,evaluate,2.8215017691254616,0.48,0.2887413618976288,0.19131160519743085,0.22835663735625497,2000
91,5,evaluate,2.3790072314441204,0.547,0.3481841725721989,0.21868430300716596,0.2676139006844715,2000
92,0,evaluate,2.3300611688977195,0.5048762190547637,0.29901671490553006,0.20197883599334826,0.23872176349770519,1333
92,1,evaluate,2.313477493467785,0.49887640449438203,0.3065909641749031,0.2009659037749591,0.24124617998226255,1335
92,2,evaluate,2.8218135200440884,0.4835,0.2912857309928829,0.19262814285946414,0.22964504803382177,2000
92,3,evaluate,3.031888317178797,0.376124775044991,0.21315996515584193,0.14885456371128342,0.17183571844370965,1667
92,4,evaluate,2.35074894875288,0.5525,0.348076569167654,0.22075459982780768,0.2691182499214479,2000
92,5,evaluate,2.1551527049806385,0.5650869826034793,0.2701868631580485,0.22878856830451721,0.24487792466989933,1667
93,0,evaluate,2.1889556028224804,0.5536892621475705,0.2684964411510835,0.22580678987333053,0.24130207844751964,1667
93,1,evaluate,2.7965744994580746,0.488,0.28787583546412804,0.19437936780289639,0.22937126680559117,2000
93,2,evaluate,3.0678858315503157,0.36472705458908217,0.2099766434486486,0.1448020919738638,0.16789539050656138,1667
93,3,evaluate,2.2970174096879505,0.49962546816479403,0.30708015821772816,0.2012780554689046,0.24116916199640648,1335
93,4,evaluate,2.322205032621111,0.5108777194298575,0.30274330398334487,0.2043486227285654,0.24111660404805818,1333
93,5,evaluate,2.3664051555097103,0.5455,0.34538986175115205,0.2180212060819456,0.26584520437499665,2000
94,0,evaluate,2.288386520885286,0.49737827715355803,0.30547175992759534,0.20028444730039915,0.2401269570902384,1335
94,1,evaluate,2.2382720134876393,0.5488902219556089,0.2709339271354903,0.22561033426789562,0.2408039745197123,1667
94,2,evaluate,2.316755317506336,0.5086271567891973,0.2990989823871239,0.20347866214632573,0.23929434011251444,1333
94,3,evaluate,2.381422944366932,0.546,0.3473321741455829,0.2181787994146939,0.26611009331577595,2000
94,4,evaluate,2.7596156783401966,0.492,0.2889018430163374,0.1959413846842208,0.23050407135593493,2000
94,5,evaluate,3.1085637322178594,0.36472705458908217,0.21175260298644508,0.14469140515721302,0.1682409630155654,1667
95,0,evaluate,2.311952522822789,0.5183795948987246,0.3001162590286027,0.20719717766605714,0.2428766241029571,1333
95,1,evaluate,2.3046557108561196,0.5398920215956808,0.26993039230919336,0.2231829554867204,0.23780887275328394,1667
95,2,evaluate,2.738034248352051,0.494,0.2889788678162046,0.19669402756938825,0.2307046606433591,2000
95,3,evaluate,2.2928220544542586,0.500374531835206,0.30469281883918214,0.2014446852857398,0.2407635290799972,1335
95,4,evaluate,3.134887006547716,0.3683263347330534,0.21408722409353573,0.1465227956337291,0.1701038007180822,1667
95,5,evaluate,2.4177220836281776,0.535,0.34642899927557913,0.2138673914112939,0.2623153699515968,2000
96,0,evaluate,2.329786079270499,0.5146286571642911,0.3000676084632918,0.2051808726169523,0.2420137663294807,1333
96,1,evaluate,2.340685168902079,0.5422915416916617,0.27335468271752583,0.22465843153773254,0.23921496071082382,1667
96,2,evaluate,3.13144580523173,0.373125374925015,0.2138747612481696,0.14832472600391453,0.17119547915549047,1667
96,3,evaluate,2.746215421706438,0.494,0.2880167785206444,0.19678768655672063,0.23118223884699435,2000
96,4,evaluate,2.309951765196664,0.49962546816479403,0.3033729096435906,0.20107373773741144,0.24063919660552635,1335
96,5,evaluate,2.4633635692298412,0.529,0.3458228078819497,0.21155335617374355,0.2607090274447346,2000
97,0,evaluate,2.3799412704649425,0.5071267816954238,0.29872032551989286,0.20172330708211864,0.23967017438510055,1333
97,1,evaluate,2.7468537874519825,0.493,0.2897946885129047,0.1964465852803447,0.2318333999049072,2000
97,2,evaluate,3.112054498107345,0.38452309538092383,0.21709885312978097,0.1533417590112623,0.17547511932877027,1667
97,3,evaluate,2.4763547964394093,0.5275,0.3461593990458581,0.21093374182124655,0.2603343369705608,2000
97,4,evaluate,2.358209667382417,0.5362927414517097,0.27046956042449366,0.2215362960144692,0.23665026623625632,1667
97,5,evaluate,2.356292690549578,0.4891385767790262,0.30043137512669854,0.19669521359654132,0.23700804705586612,1335
98,0,evaluate,3.1360456590299255,0.38392321535692864,0.21583733492096804,0.1524557851623603,0.17469107094681696,1667
98,1,evaluate,2.4773693027950467,0.5011252813203301,0.2996605294494445,0.19917357149914205,0.23847383411228318,1333
98,2,evaluate,2.3353999014253968,0.5458908218356329,0.2705386882726029,0.22324484207905165,0.23947423054691402,1667
98,3,evaluate,2.807431884109974,0.488,0.28582897281959824,0.19449541591991643,0.22961872122948823,2000
98,4,evaluate,2.455138081596011,0.4883895131086142,0.3015485858203227,0.1963145786616987,0.23713005591879224,1335
98,5,evaluate,2.446476235985756,0.5365,0.34512209084463386,0.21452359961768447,0.26263088418052255,2000
99,0,evaluate,2.5332609698885964,0.4801498127340824,0.30201877388530873,0.19286250737831595,0.23496288858495534,1335
99,1,evaluate,2.2806591634397155,0.5614877024595081,0.2735169186536012,0.22769104711459973,0.2442583470726009,1667
99,2,evaluate,3.1834094524383545,0.3899220155968806,0.21979740349748145,0.15514227891105578,0.17736658080641238,1667
99,3,evaluate,2.5526223523276195,0.5018754688672168,0.3013113477143968,0.19946509527047857,0.23951607545781287,1333
99,4,evaluate,2.897365216165781,0.486,0.28729775562307724,0.19372946120949136,0.23001961754458744,2000
99,5,evaluate,2.4059158600866795,0.5455,0.34315766886966775,0.21816787611982905,0.26497150881467657,2000
100,0,evaluate,2.5942897285733904,0.48089887640449436,0.30523721055726244,0.19326629157768713,0.23632067565167042,1335
100,1,evaluate,3.2104772285178855,0.39892021595680865,0.22001698157109661,0.15868758935650495,0.17997598731722803,1667
100,2,evaluate,2.619517053876604,0.5033758439609902,0.3010475082290866,0.20019032937580236,0.24020465609914435,1333
100,3,evaluate,2.376974418759346,0.5585,0.34617042201955034,0.22328731919142247,0.2700862747414149,2000
100,4,evaluate,2.9537762850522995,0.4825,0.2894036910007624,0.1923682182703921,0.22993970079867082,2000
100,5,evaluate,2.2400426158198603,0.5710857828434314,0.2750226755082294,0.22953277398498648,0.24665025685325573,1667
101,0,evaluate,2.6699246679033553,0.495873968492123,0.3024946239001711,0.19728474102320104,0.23856585667521663,1333
101,1,evaluate,2.9091781228780746,0.4905,0.28772045582116335,0.19549226594541375,0.23140102856468997,2000
101,2,evaluate,2.641721413249061,0.47415730337078654,0.3035003238697289,0.19070206343470264,0.23378691882155786,1335
101,3,evaluate,2.326087385416031,0.57,0.3455371840897077,0.22795660809172497,0.2736998697926606,2000
101,4,evaluate,3.2159994884773537,0.39892021595680865,0.22074092185451838,0.15773582815626588,0.18036247555039497,1667
101,5,evaluate,2.2158420659877636,0.5782843431313738,0.2779416313205317,0.23120625361747696,0.25011791768131597,1667
102,0,evaluate,2.6028134993144443,0.4883895131086142,0.30528007611613656,0.19667000964775347,0.23855487884123602,1335
102,1,evaluate,2.636152187983195,0.49962490622655664,0.29959701093000796,0.19909240107411363,0.23873145083277886,1333
102,2,evaluate,3.2210117799264415,0.3977204559088182,0.2191335645263235,0.15735790503015873,0.179973878850786,1667
102,3,evaluate,2.861202660948038,0.4985,0.28809578564890936,0.19864513042969933,0.2336548540807432,2000
102,4,evaluate,2.323727522045374,0.5695,0.34380542915388224,0.22773964207932224,0.27352747611159967,2000
102,5,evaluate,2.2299026162536055,0.5680863827234554,0.2736917368940687,0.22725214083276501,0.24628891252457175,1667
103,0,evaluate,2.5911702655610585,0.5026256564141035,0.30329159605556133,0.20071112911308533,0.24037835597220933,1333
103,1,evaluate,3.2348295052846274,0.39172165566886624,0.21312669723614067,0.15430554533659918,0.17674877351066481,1667
103,2,evaluate,2.5814841361272904,0.4846441947565543,0.30701819346615233,0.19559630931681746,0.23741196294449227,1335
103,3,evaluate,2.285227890367861,0.5626874625074985,0.2731744126549741,0.22625311254311137,0.24547493830080325,1667
103,4,evaluate,2.8356490544974804,0.5045,0.2874224586380487,0.20105320241184996,0.23505675983712931,2000
103,5,evaluate,2.394452564418316,0.5635,0.34521914679384,0.22536481482823678,0.27263049112042426,2000
104,0,evaluate,2.535348812739054,0.4958801498127341,0.31076984024907894,0.2000788092093852,0.24152584453524373,1335
104,1,evaluate,2.530804293496268,0.5138784696174044,0.3039865459120998,0.20540230405896084,0.24302066432661668,1333
104,2,evaluate,2.856073781847954,0.4995,0.2899621694045463,0.19913330253130576,0.23488283103133906,2000
104,3,evaluate,2.3478552677013256,0.5548890221955609,0.2718773794180998,0.22506551656720242,0.24335678154949889,1667
104,4,evaluate,3.2448343612529613,0.38812237552489504,0.21030732541674385,0.15261986479633816,0.1749127085565378,1667
104,5,evaluate,2.5089567601680756,0.5465,0.346732394849501,0.21857175208816595,0.26805054607431805,2000
105,0,evaluate,2.4612184252057756,0.5131086142322098,0.3106539615329461,0.20697904413541054,0.24661599818004984,1335
105,1,evaluate,2.454619668778919,0.5176294073518379,0.3004369139745039,0.2068709665056097,0.24311537205687256,1333
105,2,evaluate,2.9196600280702114,0.49,0.29602651129089785,0.19543588655099478,0.2341949020813912,2000
105,3,evaluate,2.63200718536973,0.5225,0.34711681504203973,0.20907004676334912,0.2608113012784542,2000
105,4,evaluate,3.253944679542824,0.38752249550089984,0.20921660292973812,0.1534181177669506,0.17422421788802295,1667
105,5,evaluate,2.4091372004261724,0.5494901019796041,0.27226064501322034,0.22448429163218098,0.24237583724046913,1667
106,0,evaluate,2.3750463326772056,0.5205992509363296,0.30862131249770736,0.20982074193517503,0.24836170499199092,1335
106,1,evaluate,2.3829523835863387,0.5273818454613654,0.29949473122183057,0.21098024316118105,0.2456721408779951,1333
106,2,evaluate,2.750945221632719,0.4955,0.3473572629518918,0.1982931608433138,0.2521513295910257,2000
106,3,evaluate,3.0183758102357388,0.479,0.29830411757595293,0.1909912108354151,0.23142054683828722,2000
106,4,evaluate,2.4438225163353815,0.5434913017396521,0.2713202513860409,0.2237553788206184,0.24035640580564901,1667
106,5,evaluate,3.2540315433784768,0.3887222555488902,0.20939448565360536,0.1556683197461072,0.1742420245691422,1667
107,0,evaluate,3.0820918306708336,0.4705,0.2976166751647364,0.18759547967944992,0.22854240046066007,2000
107,1,evaluate,2.3165286779403687,0.5318352059925093,0.30805263302146624,0.21395542929385708,0.2514766034237617,1335
107,2,evaluate,3.273713553393329,0.3935212957408518,0.2139420498273278,0.15847325688095334,0.17670526030382347,1667
107,3,evaluate,2.3583524851571944,0.5303825956489122,0.2976018088627551,0.2119038135317644,0.246319805725762,1333
107,4,evaluate,2.4087443042684487,0.5440911817636472,0.269191344210381,0.22501213547937943,0.23898315004170295,1667
107,5,evaluate,2.7643735706806183,0.5035,0.34908127255833554,0.20152116831978445,0.2547722866290403,2000
108,0,evaluate,2.3643732998106213,0.5512897420515896,0.2696644805184363,0.22699667763472253,0.24049790151663686,1667
108,1,evaluate,2.3948814868927,0.5236309077269318,0.2975665448454393,0.20901482854327705,0.24425967533012244,1333
108,2,evaluate,2.722440827637911,0.513,0.3492570488699952,0.20528239935031717,0.2575363502454632,2000
108,3,evaluate,3.0951737612485886,0.4685,0.2968217158314747,0.1867280016862872,0.22764808783983476,2000
108,4,evaluate,2.322311134565444,0.5415730337078651,0.31114018199222687,0.21764792535448757,0.25515632108501063,1335
108,5,evaluate,3.3055089403081825,0.39532093581283745,0.21586223030777255,0.15834450922499538,0.1775171867474005,1667
109,0,evaluate,2.372383793195089,0.5318352059925093,0.311857173943454,0.21358555094728562,0.2523476976549025,1335
109,1,evaluate,3.0910497680306435,0.478,0.2977000228360106,0.19042696316980362,0.23017568155334572,2000
109,2,evaluate,2.271258415999236,0.5668866226754649,0.2718085375157272,0.23216132661077055,0.24518991521577932,1667
109,3,evaluate,3.397053665584988,0.39532093581283745,0.21915643236536564,0.15749709332174835,0.17818415962877787,1667
109,4,evaluate,2.469667843409947,0.5131282820705176,0.3003006078527724,0.20453432429523916,0.24200538049401848,1333
109,5,evaluate,2.591703686863184,0.532,0.34727484980127665,0.21282390879083665,0.26246539671854524,2000
110,0,evaluate,2.5554155168079196,0.5041260315078769,0.3004017959923778,0.2005948293447374,0.23955318784781515,1333
110,1,evaluate,3.461781307503029,0.38392321535692864,0.21873236774135757,0.1526030276876559,0.17506687957902875,1667
110,2,evaluate,2.477363523095846,0.552,0.3464484556236707,0.22070381509879425,0.2680364913372868,2000
110,3,evaluate,2.1958048520264803,0.5758848230353929,0.27231912116021756,0.2342996946825357,0.2477166146565022,1667
110,4,evaluate,2.4388485181899298,0.5108614232209738,0.3062741165633568,0.20531671372534874,0.2447215440579443,1335
110,5,evaluate,3.0667346194386482,0.472,0.2937118915567192,0.1879782709790947,0.22634599474073322,2000
111,0,evaluate,2.5135811283474876,0.50187265917603,0.3092786496430084,0.20185046805965712,0.2430480992907987,1335
111,1,evaluate,2.1776922499692,0.5788842231553689,0.27481468956458666,0.2347121608445646,0.24897734835337845,1667
111,2,evaluate,2.996187452226877,0.4845,0.29363276741157057,0.19294008092002263,0.22958914915848389,2000
111,3,evaluate,2.6322658516111828,0.4943735933983496,0.30206191064945015,0.19661039734907798,0.2372552625165265,1333
111,4,evaluate,2.3840541280806065,0.5665,0.3455180774285336,0.22648348998170742,0.2721745247523567,2000
111,5,evaluate,3.4651519810711897,0.3749250149970006,0.21787356280120013,0.14806580902739722,0.17260293403439836,1667
112,0,evaluate,2.6370510430563066,0.5018754688672168,0.30509026442719084,0.19959409506728898,0.2406205538155665,1333
112,1,evaluate,3.415538602405124,0.3767246550689862,0.2185030247147659,0.14833864854751572,0.1729673846277729,1667
112,2,evaluate,2.188548370643898,0.5782843431313738,0.27651427388561906,0.23412217463748677,0.24966221696640373,1667
112,3,evaluate,2.3725727573037148,0.573,0.3475584732386282,0.2290705424956513,0.2749620193312768,2000
112,4,evaluate,2.523222628093901,0.49812734082397003,0.3106483813225312,0.20031666852585756,0.24258585124337134,1335
112,5,evaluate,2.9650016762316227,0.493,0.2959561418082036,0.19636113699497112,0.2331791202082046,2000
113,0,evaluate,2.2462736544785677,0.5758848230353929,0.2771525497716146,0.23343847080715693,0.2497025888558289,1667
113,1,evaluate,2.4773772330511186,0.49812734082397003,0.30725785870080674,0.20032936846959198,0.24167622214141987,1335
113,2,evaluate,2.4315954856574535,0.5615,0.34874796526205376,0.22459541356594923,0.27235928915305035,2000
113,3,evaluate,3.3641649263876454,0.3749250149970006,0.21106089942584405,0.14815753285322386,0.17050092670292089,1667
113,4,evaluate,2.570225272859846,0.5086271567891973,0.3029089665814211,0.20242927005744155,0.24204351027005852,1333
113,5,evaluate,2.97619416564703,0.4905,0.2961495141665461,0.19540836316324559,0.23268614525021034,2000
114,0,evaluate,2.4147515410468694,0.50187265917603,0.30137804573426885,0.20191187791417037,0.24087044861658638,1335
114,1,evaluate,2.3351036928318165,0.5620875824835033,0.2754730404049178,0.22819848956374283,0.24571954907796387,1667
114,2,evaluate,2.535050220787525,0.536,0.3498683297112672,0.21445248868248062,0.2652457319804743,2000
114,3,evaluate,3.349043201517176,0.3749250149970006,0.20973861471956567,0.1496501066655513,0.17036704309744324,1667
114,4,evaluate,2.4864909592128934,0.5191297824456114,0.30108468996449583,0.20677192232260505,0.24483723067927712,1333
114,5,evaluate,3.049163520336151,0.478,0.2959852196269158,0.19045995194225745,0.22882493603160287,2000
115,0,evaluate,2.4094267799740745,0.503370786516854,0.29991587671568765,0.20241722648351743,0.24109352774640208,1335
115,1,evaluate,2.627296417951584,0.5275,0.35136798590562035,0.21114342455920973,0.262885108018152,2000
115,2,evaluate,2.428657121128506,0.5548890221955609,0.2767164585122609,0.22618871389360767,0.24484921978992977,1667
115,3,evaluate,3.1029695197939873,0.467,0.2927054202889052,0.18615991754615752,0.22496333375092709,2000
115,4,evaluate,3.3456174974088317,0.38812237552489504,0.211638819895038,0.15513010927889043,0.17443623915567777,1667
115,5,evaluate,2.471978789284116,0.5116279069767442,0.2991404911897248,0.20393520134169263,0.24220519765600063,1333
116,0,evaluate,2.482193019655016,0.5470905818836233,0.2730050350884861,0.22386035457821035,0.24143133394166597,1667
116,1,evaluate,2.4540181387038458,0.5026217228464419,0.298264107610755,0.20204924963278198,0.2404739739806499,1335
116,2,evaluate,3.3663996237295644,0.397120575884823,0.21556113089611229,0.15840981420767028,0.17834631280875124,1667
116,3,evaluate,2.527836413610549,0.5176294073518379,0.3000055679610639,0.20621076879469252,0.24402019145945691,1333
116,4,evaluate,2.667880352586508,0.5295,0.34907210952353823,0.21206717819335777,0.2629503946638306,2000
116,5,evaluate,3.110317423939705,0.4705,0.2914339573925694,0.1875771987831393,0.22584564734386672,2000
117,0,evaluate,2.5592527389526367,0.5221305326331583,0.2964767209362157,0.20785068657880168,0.24378640356242004,1333
117,1,evaluate,2.4776819547017417,0.5101123595505618,0.2983264253164597,0.2048538121540319,0.24246623292750105,1335
117,2,evaluate,3.4191724989149304,0.394121175764847,0.21543492895172114,0.157058017755848,0.17728026749652517,1667
117,3,evaluate,2.5311011517489397,0.5440911817636472,0.271378289271268,0.22370607099098477,0.23977967368530528,1667
117,4,evaluate,3.1572543643414974,0.469,0.28933986210523216,0.18694336070490625,0.22434092103355488,2000
117,5,evaluate,2.714902251958847,0.5245,0.3501869472468323,0.21016269625966705,0.2616925761572302,2000
118,0,evaluate,2.635213914371672,0.5146286571642911,0.29703337534371643,0.20485955168716918,0.24160527935351023,1333
118,1,evaluate,2.546097471600487,0.5063670411985018,0.2987282429285797,0.20346698132637572,0.241299981544777,1335
118,2,evaluate,2.713280349969864,0.532,0.34979448193688895,0.21308754126785293,0.26397864408843374,2000
118,3,evaluate,2.5432822660163596,0.5422915416916617,0.2691681280598587,0.22372659168293602,0.23832552438291588,1667
118,4,evaluate,3.47953298356798,0.40191961607678467,0.22005651914650906,0.1596734939132504,0.18111463997408234,1667
118,5,evaluate,3.159715812653303,0.487,0.2924114161625447,0.19414108971296504,0.23089099582211117,2000
119,0,evaluate,2.5251807592533253,0.5476904619076185,0.269650004313479,0.22642120196348917,0.2398993069550847,1667
119,1,evaluate,2.7071132324635983,0.5375,0.34923532207083546,0.215239382757027,0.2655826473696897,2000
119,2,evaluate,3.2132044583559036,0.489,0.2914387104806072,0.1949858321698866,0.2311675310051188,2000
119,3,evaluate,2.6654958611442927,0.5108777194298575,0.2933147816622649,0.20319507212241258,0.23895782046691885,1333
119,4,evaluate,3.5607044343595153,0.39892021595680865,0.2212009379399301,0.1582788358510637,0.18020241329408973,1667
119,5,evaluate,2.5809106145586287,0.5086142322097378,0.3019158990534601,0.20431777958724182,0.24292602714887135,1335
120,0,evaluate,3.209147062152624,0.4875,0.29200471253662863,0.19427880449950424,0.23051308393131445,2000
120,1,evaluate,2.6275747957683744,0.5108614232209738,0.3070321384000577,0.20541388906887045,0.2450318444984556,1335
120,2,evaluate,2.4642118833683155,0.5626874625074985,0.27048732789835916,0.23185605216689095,0.2440606930145493,1667
120,3,evaluate,3.614979275950679,0.3869226154769046,0.21763145834577102,0.15278918688213688,0.175995712389021,1667
120,4,evaluate,2.683996802284604,0.5131282820705176,0.2972731561424299,0.20424862247469067,0.2406207572914476,1333
120,5,evaluate,2.6760470531880856,0.5415,0.3470008848464975,0.21672179160362534,0.26620142177938133,2000
121,0,evaluate,2.6424486410050165,0.5146067415730337,0.3098730456760482,0.2069088059073731,0.24689651335041493,1335
121,1,evaluate,3.6586630609300403,0.3869226154769046,0.21871829710144927,0.15330725693122554,0.17679011488085145,1667
121,2,evaluate,2.6831252177556357,0.5273818454613654,0.3043623113965319,0.21017354842185085,0.24663170217976288,1333
121,3,evaluate,2.421553205560755,0.5644871025794841,0.2710988033007172,0.2321110664297894,0.244690025044552,1667
121,4,evaluate,2.664289928972721,0.539,0.3454742377272332,0.21567168826728036,0.26496370519414486,2000
121,5,evaluate,3.215468429028988,0.487,0.29283914556665225,0.1940725320378118,0.23108294024473391,2000
122,0,evaluate,3.684187509395458,0.385122975404919,0.22086686791613763,0.1534694788352608,0.17707066847092687,1667
122,1,evaluate,2.6496602408587933,0.543,0.34462033658597085,0.21721027246685023,0.26596574092156516,2000
122,2,evaluate,2.3895581872374922,0.5680863827234554,0.27183267599638433,0.2326822396897034,0.24590799958574058,1667
122,3,evaluate,2.668478108587719,0.5266316579144786,0.3050529251964579,0.21007121907582774,0.24676998215459753,1333
122,4,evaluate,3.2295576818287373,0.4795,0.2921462586953896,0.1910944967459703,0.2286807109818673,2000
122,5,evaluate,2.6387148584638322,0.5138576779026217,0.308358771362235,0.20667472019177052,0.24632169988618013,1335
123,0,evaluate,2.6601157188415527,0.5311327831957989,0.30758572567783093,0.21193634378597484,0.24926605433017693,1333
123,1,evaluate,2.613629999614897,0.5228464419475656,0.3100137269099005,0.21022855846353794,0.24930037740382568,1335
123,2,evaluate,3.65464214042381,0.3833233353329334,0.22106368147431996,0.15371010498234927,0.17719832776608374,1667
123,3,evaluate,2.376470265565095,0.555488902219556,0.26779608648036335,0.2268385104917961,0.2412464915420663,1667
123,4,evaluate,2.6577902287244797,0.544,0.348495372624297,0.21761444798487034,0.2673726441020725,2000
123,5,evaluate,3.206439647823572,0.479,0.291062058533141,0.19086739457016846,0.22842325518230214,2000
124,0,evaluate,2.569235148884001,0.5213483146067416,0.3090917030955745,0.2095410978043512,0.2486844607851558,1335
124,1,evaluate,3.2133745923638344,0.4755,0.29292458819881284,0.1895361814493579,0.22827074472515063,2000
124,2,evaluate,2.692909773439169,0.542,0.3507376750415353,0.21678434877184416,0.2672194652201897,2000
124,3,evaluate,2.6406594060716175,0.5341335333833458,0.3067450640825705,0.21312354251946827,0.25039164996142305,1333
124,4,evaluate,2.3853889482992665,0.5494901019796041,0.26841452202608973,0.22448058502498053,0.23972756679291965,1667
124,5,evaluate,3.588698908134743,0.3887222555488902,0.2219537754153965,0.15645010552577726,0.17863914987003282,1667
125,0,evaluate,2.3910327708279646,0.5518896220755849,0.2691905470144945,0.22448158611585017,0.2405610565720247,1667
125,1,evaluate,2.6922769319443476,0.5221305326331583,0.3055532297722344,0.20805394087033094,0.24668870686788558,1333
125,2,evaluate,2.5993935210364207,0.5138576779026217,0.3073016472772379,0.2065419401180219,0.24610133846375293,1335
125,3,evaluate,3.539753216284293,0.39532093581283745,0.22264968321697606,0.15856109021016515,0.18113897139244356,1667
125,4,evaluate,2.682080425322056,0.5465,0.3527991058308902,0.21853631297202808,0.26908725148980345,2000
125,5,evaluate,3.179630272090435,0.4775,0.28972603060057417,0.19036590204094866,0.2282367767811774,2000
126,0,evaluate,2.666713970048087,0.49887640449438203,0.3081046418861414,0.2006361380842229,0.2417999824317047,1335
126,1,evaluate,3.5126010841793485,0.39232153569286143,0.22052948476077514,0.15598543287346503,0.17999711770802845,1667
126,2,evaluate,2.665094867348671,0.5495,0.35182430565521894,0.2197540956866341,0.26970601476315925,2000
126,3,evaluate,2.786252816518148,0.5116279069767442,0.3049004003993857,0.2036993338254584,0.2433764573131238,1333
126,4,evaluate,3.1343231983482838,0.489,0.29043707813731917,0.1950287034349551,0.23201353309722667,2000
126,5,evaluate,2.407127058064496,0.5512897420515896,0.2693300205530201,0.2231901246969965,0.24055120322832163,1667
127,0,evaluate,2.723116534096854,0.4966292134831461,0.3099274900751722,0.19971613650780715,0.24186402246685063,1335
127,1,evaluate,2.8471914245968772,0.4973743435858965,0.3017924405470234,0.19771719502031074,0.23818825335202876,1333
127,2,evaluate,3.121465165168047,0.4955,0.2910793519775029,0.19769004594949285,0.23426938495709737,2000
127,3,evaluate,2.4427327005951494,0.5536892621475705,0.26938280037606094,0.22343570472433508,0.2407837214172229,1667
127,4,evaluate,3.5018476910061307,0.3905218956208758,0.2170717353101866,0.15387259707389472,0.1779529738188531,1667
127,5,evaluate,2.6706056222319603,0.553,0.3527891368726557,0.2211370024164873,0.2708970133746826,2000
128,0,evaluate,3.141723968088627,0.4925,0.2907126897410553,0.19648428892199718,0.23319289327989817,2000
128,1,evaluate,2.4832932904914573,0.5494901019796041,0.26941928295367423,0.22199526156078178,0.23970332390954585,1667
128,2,evaluate,2.7368616490137008,0.4943820224719101,0.30840170919787185,0.19879014499685052,0.2406982821118134,1335
128,3,evaluate,2.6938593573868275,0.543,0.3518773394951769,0.21714433706418834,0.2675708985602095,2000
128,4,evaluate,3.505395977585404,0.39652069586082783,0.21484904608951635,0.15618603259814853,0.17876486835370706,1667
128,5,evaluate,2.8690877244586037,0.4973743435858965,0.30028801954299744,0.19746187693119763,0.23733037357738923,1333
129,0,evaluate,2.785973798661005,0.5041260315078769,0.2973477676146164,0.20046429371215488,0.23867456418224048,1333
129,1,evaluate,2.5257175940054433,0.5500899820035993,0.2696623920156016,0.2232133946994531,0.2403600325662884,1667
129,2,evaluate,2.6787053573699224,0.5026217228464419,0.3035690869494365,0.20213459161591746,0.24178545927136325,1335
129,3,evaluate,3.239213239401579,0.4805,0.2909850938665224,0.191613569928213,0.22958597975413433,2000
129,4,evaluate,2.763342585414648,0.5365,0.3552957442141611,0.2147081425094258,0.26660722639056067,2000
129,5,evaluate,3.547565460205078,0.3977204559088182,0.21450503700565285,0.15737430607349973,0.17881945995298565,1667
130,0,evaluate,2.584474796340579,0.5243445692883895,0.30242841202724924,0.21060928379736285,0.24787687925181418,1335
130,1,evaluate,2.8715295121073723,0.531,0.3567462262389498,0.21263639122811728,0.2655997373856164,2000
130,2,evaluate,3.4033848084509373,0.462,0.2958516803616234,0.18422887583423506,0.22536632476019322,2000
130,3,evaluate,2.5658836364746094,0.5452909418116376,0.2690046884986156,0.2214042423778643,0.2393274673662374,1667
130,4,evaluate,2.649893561999003,0.5206301575393848,0.2975195843995905,0.20736306619046302,0.24372685380402723,1333
130,5,evaluate,3.622203058666653,0.39532093581283745,0.2150130738548568,0.1587189377224404,0.1778411269453569,1667
131,0,evaluate,2.542853344054449,0.5303370786516854,0.300076450813174,0.2126977496665146,0.24869489091169444,1335
131,1,evaluate,3.5050715878605843,0.452,0.29653518196233997,0.1802095957413166,0.2222280786505951,2000
131,2,evaluate,2.574578739978649,0.5482903419316136,0.26868857805016566,0.22300268432572184,0.23994207691584718,1667
131,3,evaluate,2.9374697729945183,0.5205,0.35485496285732204,0.2084122188367931,0.2617567581962866,2000
131,4,evaluate,2.56657684416998,0.5498874718679669,0.29883209279286616,0.21935969461209087,0.2524731403720149,1333
131,5,evaluate,3.6758130656348333,0.3929214157168566,0.21747840059245266,0.1596577090602573,0.17720372849244811,1667
132,0,evaluate,2.5424285729726157,0.5590881823635273,0.2692688833814005,0.2281203744412384,0.24253118220960806,1667
132,1,evaluate,3.7296251544245966,0.39112177564487105,0.21996579269811295,0.15910746736201026,0.17701867918917227,1667
132,2,evaluate,2.55303126289731,0.5543885971492873,0.2987442944595899,0.2214190696824727,0.2533097807809538,1333
132,3,evaluate,2.538880467414856,0.5265917602996255,0.2984612974744554,0.21117885883976245,0.24688654441935362,1335
132,4,evaluate,3.5594084970653057,0.4455,0.29613699262361115,0.17759734364916732,0.22007539167046092,2000
132,5,evaluate,2.9542410746216774,0.519,0.35482497256601875,0.20776549230271915,0.2613661389154851,2000
133,0,evaluate,3.7698564617722123,0.3857228554289142,0.22023918749668475,0.15665733781956542,0.1760173995450923,1667
133,1,evaluate,2.6032518659319197,0.5506376594148538,0.29844754018333364,0.21995486263873,0.2516609251449494,1333
133,2,evaluate,2.590497153145926,0.5205992509363296,0.2999299976430628,0.20880870840561352,0.24550824898103243,1335
133,3,evaluate,3.522098783403635,0.448,0.2931751627587242,0.1786036393783425,0.220311448995818,2000
133,4,evaluate,2.914681900292635,0.5255,0.3522604873662359,0.21025778949319415,0.2627251738853807,2000
133,5,evaluate,2.4967848459879556,0.5692861427714457,0.2712656941702588,0.23256312019303707,0.24582549880334503,1667
134,0,evaluate,2.6680827140808105,0.5393848462115529,0.29666856216307547,0.21539018542803506,0.24797438001965516,1333
134,1,evaluate,2.6594878435134888,0.5123595505617977,0.3022993487993488,0.20575183163701646,0.24387174821142993,1335
134,2,evaluate,3.789596266216702,0.385122975404919,0.21997879873929843,0.1555728855486725,0.17634923930157784,1667
134,3,evaluate,3.4589763432741165,0.465,0.29542243924596867,0.1853894896235528,0.225765052390084,2000
134,4,evaluate,2.4938679580335266,0.5722855428914218,0.27336779460482347,0.23429836380463662,0.2471980917662167,1667
134,5,evaluate,2.895685724914074,0.5275,0.3511159548187098,0.2110012470929091,0.2628900794676154,2000
135,0,evaluate,2.7216304597400485,0.5101123595505618,0.30272434147459293,0.20503841934484784,0.24327357138976619,1335
135,1,evaluate,2.5378303969347917,0.5656868626274745,0.2731154418173394,0.23188029303491034,0.24551702424681313,1667
135,2,evaluate,2.894517831504345,0.529,0.3506866928205984,0.21152846714239812,0.26299423929728666,2000
135,3,evaluate,2.72563069774991,0.5326331582895724,0.29973282528424733,0.2127341448050148,0.2469824084452643,1333
135,4,evaluate,3.373712319880724,0.475,0.29328837651445117,0.18939739961841257,0.2281055334091786,2000
135,5,evaluate,3.7564307936915644,0.3899220155968806,0.21844827005010262,0.15650230972159085,0.17803599370700693,1667
136,0,evaluate,2.803050364766802,0.50187265917603,0.2998998310817252,0.20187279260046478,0.24020552114927582,1335
136,1,evaluate,2.6253413403475725,0.5512897420515896,0.27158976894061515,0.22575226941554133,0.2413636405376937,1667
136,2,evaluate,3.696526739332411,0.394121175764847,0.21634110712079407,0.15767329272277672,0.17881401640610503,1667
136,3,evaluate,2.9170676060020924,0.5285,0.3488457206555199,0.21141442153534357,0.2619226580926711,2000
136,4,evaluate,2.794689416885376,0.5273818454613654,0.3012199386967869,0.21025165778746047,0.2460658873196783,1333
136,5,evaluate,3.289236892014742,0.4875,0.2903175660989957,0.19443011909805888,0.2311453165471387,2000
137,0,evaluate,2.9006084874272346,0.5325,0.34788374515944503,0.21296131378762392,0.26263620110082675,2000
137,1,evaluate,3.65148483382331,0.40251949610077986,0.21881009370294757,0.16008205457299232,0.18176517999873487,1667
137,2,evaluate,2.87851205326262,0.49887640449438203,0.30245489763259037,0.2008049699846433,0.24038869164664903,1335
137,3,evaluate,2.8590201990944997,0.5146286571642911,0.3017717252994031,0.20473645322800813,0.24276429493600418,1333
137,4,evaluate,3.232578158378601,0.4895,0.2870373035885224,0.1952256112556005,0.23068697429461554,2000
137,5,evaluate,2.6720162585929588,0.5476904619076185,0.27388820366457856,0.22424395958307558,0.2413586182157592,1667
138,0,evaluate,2.859678152948618,0.5385,0.34775835920166626,0.2153194873428154,0.2645908062677679,2000
138,1,evaluate,3.1886259019374847,0.495,0.2859379256533438,0.1974496910183699,0.23186976234373224,2000
138,2,evaluate,2.6477265269668013,0.5422915416916617,0.2725098936973319,0.22104749634842333,0.2391282796688754,1667
138,3,evaluate,2.8968114966437932,0.5101275318829708,0.301601123085954,0.2028498900979719,0.24156052376253112,1333
138,4,evaluate,2.925822825658889,0.49063670411985016,0.3018617947293478,0.19747051133983984,0.2377810533457949,1335
138,5,evaluate,3.626450300216675,0.39892021595680865,0.21939485227216143,0.1581122990881095,0.18096058063799997,1667
139,0,evaluate,2.9855468613760814,0.47340823970037454,0.3015892607119218,0.19039099519259994,0.23225570371833992,1335
139,1,evaluate,3.6506256527370877,0.4013197360527894,0.22264478919805866,0.15815415881672729,0.18239517478269424,1667
139,2,evaluate,2.6191318653247975,0.5458908218356329,0.2712376277285189,0.22208840221933449,0.23957970858998748,1667
139,3,evaluate,3.1576300263404846,0.505,0.28801200216772316,0.20143066686122807,0.23519606039882085,2000
139,4,evaluate,2.938102983293079,0.4973743435858965,0.3003154123545052,0.1975151140951646,0.23704408450079956,1333
139,5,evaluate,2.804616391658783,0.5395,0.3466363506532609,0.21582779201257582,0.26462294665304176,2000
140,0,evaluate,3.2014072239398956,0.503,0.28775062634634924,0.20054245996101092,0.23419105062093046,2000
140,1,evaluate,2.9309015784944807,0.4981245311327832,0.3030900325117403,0.19782708236288507,0.23805015577065358,1333
140,2,evaluate,3.7000034120347767,0.40671865626874626,0.22391862836264131,0.1600571698453642,0.1838442004704649,1667
140,3,evaluate,2.982620818274362,0.4801498127340824,0.30769984584379584,0.19294943601945225,0.2359769065662543,1335
140,4,evaluate,2.754070121794939,0.5455,0.34624615817048865,0.2182755023211634,0.26666278481711714,2000
140,5,evaluate,2.5512365146919533,0.5560887822435513,0.2718566830173276,0.22550345862212687,0.24211588208548246,1667
141,0,evaluate,2.506138885462726,0.5698860227954409,0.2736313612074545,0.23054782211712416,0.24622019152277738,1667
141,1,evaluate,2.940208911895752,0.48089887640449436,0.30705850333058693,0.19319063698106587,0.23615789407130858,1335
141,2,evaluate,2.9125200510025024,0.49962490622655664,0.3014924641015234,0.19836839192642886,0.23801712490078586,1333
141,3,evaluate,3.743453034648189,0.40251949610077986,0.22404777452915595,0.1590549446400548,0.18246419903687758,1667
141,4,evaluate,3.282523285597563,0.5025,0.2924458370023151,0.2003536122178294,0.23563337285765726,2000
141,5,evaluate,2.732683375477791,0.55,0.3464592333482904,0.22003568807555007,0.2682952136361482,2000
142,0,evaluate,2.7419105879962444,0.5505,0.3471724981999528,0.22025854974848075,0.2684814247430666,2000
142,1,evaluate,2.934808645929609,0.5048762190547637,0.3041331496709788,0.20050221467302828,0.24047913049245348,1333
142,2,evaluate,2.936200573330834,0.49213483146067416,0.3099779081700806,0.1975695102490403,0.24052290742546528,1335
142,3,evaluate,3.3654349744319916,0.495,0.29165886383502587,0.1973048040993916,0.23318148665282618,2000
142,4,evaluate,3.8131975597805448,0.39472105578884226,0.22210193814717108,0.15649360724139164,0.17928115557729388,1667
142,5,evaluate,2.5138482694272644,0.5704859028194361,0.2742909828790904,0.23018615955614266,0.24689019394797182,1667
143,0,evaluate,2.9291074843633744,0.49213483146067416,0.30652576072750115,0.1973696309739867,0.23959615361996,1335
143,1,evaluate,2.5288970911944353,0.5758848230353929,0.27488676634109993,0.23204636958666383,0.2486737544842735,1667
143,2,evaluate,2.759351219981909,0.549,0.3463540431406922,0.2196347098842129,0.26771357434470033,2000
143,3,evaluate,2.9363094625018893,0.5048762190547637,0.30516354780408494,0.20069715869076052,0.24098567726412248,1333
143,4,evaluate,3.830629251621388,0.3905218956208758,0.2181005578177683,0.15454592673756265,0.1763746081764609,1667
143,5,evaluate,3.417535647749901,0.4925,0.2937111307300536,0.19629344315198471,0.23340138040344122,2000
144,0,evaluate,2.951620998836699,0.5176294073518379,0.30875685982836504,0.20599926284911457,0.24581181213231393,1333
144,1,evaluate,3.4661296382546425,0.4845,0.29560677733473656,0.19307224459935007,0.23164534297209433,2000
144,2,evaluate,2.800767809152603,0.5405,0.34434284425604667,0.2162708734969156,0.26476713025692156,2000
144,3,evaluate,2.9260002090817405,0.4958801498127341,0.3068987860247445,0.1988396511311785,0.2408412766768202,1335
144,4,evaluate,3.8654284477233887,0.39232153569286143,0.22113378684634388,0.1558619200369124,0.17749823388805855,1667
144,5,evaluate,2.549487109537478,0.5716856628674265,0.2731073117694025,0.2300832281148014,0.24718842385743128,1667
145,0,evaluate,2.9465208621252152,0.500374531835206,0.30452660776777324,0.20061848890753273,0.24133738368086988,1335
145,1,evaluate,2.9846271446772983,0.5183795948987246,0.3058939071146963,0.20668500923569194,0.24560729218121669,1333
145,2,evaluate,2.841117400676012,0.5405,0.34270897425905694,0.21619348162289506,0.2644481431684955,2000
145,3,evaluate,2.5972934696409435,0.5740851829634073,0.27471750827529384,0.23194903110547402,0.24861321917644993,1667
145,4,evaluate,3.8987090940828675,0.3935212957408518,0.22442013658000315,0.15598073181431982,0.1788292629977207,1667
145,5,evaluate,3.4730649515986443,0.4855,0.29707374252871344,0.19346216287387027,0.23238630666999419,2000
146,0,evaluate,3.0151593344552174,0.5168792198049512,0.30341843440758043,0.20636505172729525,0.24406720822990208,1333
146,1,evaluate,2.965345882234119,0.5063670411985018,0.3059401939453753,0.2029378186369303,0.24320152568669381,1335
146,2,evaluate,3.9190852730362504,0.3929214157168566,0.22118539053714184,0.15578314434963628,0.17780433304468418,1667
146,3,evaluate,2.8821782432496548,0.5405,0.34370857272450717,0.2161749796806267,0.26452420654346687,2000
146,4,evaluate,3.4718323461711407,0.489,0.2952531706041497,0.1948413495552232,0.23268792413181777,2000
146,5,evaluate,2.6545456956934044,0.5650869826034793,0.2720243512538339,0.22860500621839147,0.24516651282101604,1667
147,0,evaluate,2.917198521750314,0.5116104868913858,0.30419513973815393,0.205327652002215,0.24395614716846273,1335
147,1,evaluate,3.5059599690139294,0.4895,0.2938933753062446,0.19506661889120264,0.23231299467962527,2000
147,2,evaluate,2.964816451072693,0.5326331582895724,0.30432370055103214,0.21292662126685125,0.24833397654587638,1333
147,3,evaluate,2.718487580617269,0.5602879424115177,0.27264218739454954,0.2281359837264197,0.24406933608458123,1667
147,4,evaluate,3.940485601071958,0.3929214157168566,0.22228281179241138,0.1562966100168432,0.178504968550338,1667
147,5,evaluate,2.946814265102148,0.532,0.3440011423766129,0.21274811434831414,0.26211793798550087,2000
148,0,evaluate,3.9286196761661105,0.39232153569286143,0.220397953140039,0.15587048258949338,0.17862334238730698,1667
148,1,evaluate,2.877908780461266,0.5086142322097378,0.30379360858109794,0.20445560597265633,0.2427267782390375,1335
148,2,evaluate,2.9274020478838967,0.5333833458364591,0.3004057601705007,0.21333380274029407,0.24703959420626598,1333
148,3,evaluate,3.013410124927759,0.528,0.34388718914313543,0.21121817551483885,0.26080365917704224,2000
148,4,evaluate,3.5031615048646927,0.487,0.2910179034194974,0.19409960290193545,0.23071836386468642,2000
148,5,evaluate,2.785922156439887,0.5530893821235753,0.27433053410776165,0.22664128099739597,0.24231202005224758,1667
149,0,evaluate,3.9140536431913024,0.3935212957408518,0.2212357949334017,0.1566522235923256,0.17970767097845214,1667
149,1,evaluate,2.841416694499828,0.5422915416916617,0.27153859387619544,0.2231366712493555,0.23834936220403763,1667
149,2,evaluate,2.7994000230516707,0.5176029962546816,0.30268916574222055,0.20833651889550256,0.24479032724474684,1335
149,3,evaluate,3.1064703091979027,0.5185,0.34622429829784296,0.2076098988678233,0.25864040761076174,2000
149,4,evaluate,2.8447163729440597,0.5378844711177795,0.3012844137338878,0.21545659227232047,0.24815211129860507,1333
149,5,evaluate,3.5096925646066666,0.4855,0.294852488299007,0.1935803033425841,0.23179497974360816,2000
150,0,evaluate,2.7539103485289074,0.5243445692883895,0.3043530664062336,0.2111549209220429,0.24705541253891122,1335
150,1,evaluate,2.774173623039609,0.5386346586646662,0.29841155683528564,0.21552923154440567,0.24747040139221407,1333
150,2,evaluate,3.514987364411354,0.477,0.2929801997120503,0.19018828768370383,0.22869582742181188,2000
150,3,evaluate,3.180779632180929,0.5155,0.3503888764835693,0.20644672920147694,0.25893189752643864,2000
150,4,evaluate,3.894171388060958,0.4013197360527894,0.2210338642193843,0.16053155500086552,0.18232729423738342,1667
150,5,evaluate,2.885901203861943,0.5422915416916617,0.27135578502942953,0.22341466273742167,0.23811724682960608,1667
151,0,evaluate,2.765901724497477,0.5326331582895724,0.30000117628020523,0.21294495709309524,0.246001936615943,1333
151,1,evaluate,2.8557819657855563,0.5434913017396521,0.269694519374418,0.2246579385168516,0.2379738773012602,1667
151,2,evaluate,3.868404997719659,0.40431913617276544,0.22264807780060608,0.16090013248855722,0.1834480819168413,1667
151,3,evaluate,2.7649602606183006,0.5123595505617977,0.30100890269470876,0.2062846708486216,0.24218670207744603,1335
151,4,evaluate,3.460089284926653,0.484,0.29228636228610677,0.19301633558340897,0.2308301920703911,2000
151,5,evaluate,3.1564071774482727,0.511,0.35011547165259177,0.20464338440650237,0.25739774570241325,2000
152,0,evaluate,2.7823794171923684,0.5078651685393258,0.30233206948629515,0.20445891243789802,0.24113777710268938,1335
152,1,evaluate,2.7823729004178728,0.5243810952738185,0.30159949386476104,0.20923082774439625,0.24437473651592057,1333
152,2,evaluate,2.82863332607128,0.5416916616676665,0.26818198896918605,0.22355504824936076,0.23670640399669773,1667
152,3,evaluate,3.8540536121085838,0.40191961607678467,0.2222015051400057,0.15941831478503707,0.18276630901753266,1667
152,4,evaluate,3.4003867879509926,0.498,0.29159368975621963,0.19860582934723783,0.23461077770070665,2000
152,5,evaluate,3.0902017429471016,0.5205,0.34789574484262975,0.20843314448880576,0.2597358408852056,2000
153,0,evaluate,2.800248350415911,0.5183795948987246,0.3002697579272128,0.2067320412123687,0.24274254976053902,1333
153,1,evaluate,3.384418796747923,0.4915,0.2893744022081181,0.1959808215308158,0.23182992449276574,2000
153,2,evaluate,2.817095949536278,0.5086142322097378,0.3064361532642499,0.2045693394706672,0.24347015219799645,1335
153,3,evaluate,2.788919872707791,0.5464907018596281,0.2672611058862567,0.22474264256560658,0.2380088557888314,1667
153,4,evaluate,3.0044321343302727,0.532,0.3464893246200062,0.21296045272904748,0.2629437806540341,2000
153,5,evaluate,3.8612478220904314,0.39652069586082783,0.2216403352296672,0.1568100064834826,0.18033196738394913,1667
154,0,evaluate,2.8777965023404075,0.5063670411985018,0.30931419112896086,0.20345028334291876,0.24386200232613103,1335
154,1,evaluate,2.8500044572921026,0.5131282820705176,0.3007222474121551,0.20441492896173843,0.24137246095777748,1333
154,2,evaluate,2.7450054354137845,0.5548890221955609,0.26945761604551466,0.22695650267348189,0.2409373272668654,1667
154,3,evaluate,3.893242694713451,0.3869226154769046,0.2198573585683718,0.1527357202847929,0.17675013610527307,1667
154,4,evaluate,3.3783080726861954,0.4985,0.28982358777216766,0.19877392035861927,0.23376213487813047,2000
154,5,evaluate,2.9314158149063587,0.544,0.34667444884689924,0.21767992444885426,0.2667541501391694,2000
155,0,evaluate,2.9373707317170643,0.49887640449438203,0.3110235935539902,0.20036952298505453,0.24238468667183125,1335
155,1,evaluate,2.91106272879101,0.5033758439609902,0.2996684998023089,0.2004347729261072,0.23835959185601557,1333
155,2,evaluate,3.9411009859155723,0.38392321535692864,0.2237012128296021,0.15188544019040742,0.17727279161351278,1667
155,3,evaluate,2.7019124384279603,0.5650869826034793,0.271625619063259,0.22931372314604279,0.24426474154932848,1667
155,4,evaluate,3.3826050348579884,0.5045,0.29123692564947834,0.20107903361437832,0.23533618888784277,2000
155,5,evaluate,2.8420120179653168,0.5545,0.3457332249012132,0.2219171996510699,0.2696371416068359,2000
156,0,evaluate,2.771920334547758,0.5635,0.3436896878712251,0.22539790406824758,0.2714368000615225,2000
156,1,evaluate,2.6598153335076793,0.5704859028194361,0.27370477909091157,0.22995480060668613,0.2466629367765269,1667
156,2,evaluate,3.9940332659968623,0.3827234553089382,0.22343640954514746,0.1516960886109197,0.17677929933119785,1667
156,3,evaluate,2.990639050801595,0.4891385767790262,0.3119284924141538,0.1965960882178286,0.24012166047515163,1335
156,4,evaluate,2.9809125718616305,0.49287321830457614,0.2992341494036409,0.1961797758701149,0.2353207043583017,1333
156,5,evaluate,3.3997242003679276,0.501,0.291346696467229,0.19964611068126803,0.2336741628568583,2000
157,0,evaluate,2.653316091608118,0.5740851829634073,0.2749630823795327,0.23031029143737242,0.2477812298416639,1667
157,1,evaluate,3.023603155499413,0.4846441947565543,0.31024397846353224,0.19482549099895552,0.23861979900743507,1335
157,2,evaluate,3.002598978224255,0.49362340585146286,0.3006215644820296,0.19655597308010714,0.23650608166307463,1333
157,3,evaluate,2.74599626660347,0.57,0.34292001188976334,0.22793000622054768,0.2728218875101644,2000
157,4,evaluate,4.0171045197380915,0.3719256148770246,0.2219278033158239,0.14802740220356997,0.17322096839890883,1667
157,5,evaluate,3.4195190481841564,0.497,0.2907553244396805,0.19803287394861918,0.23242748735145669,2000
158,0,evaluate,3.500496953725815,0.487,0.29267514097922287,0.1939644941808157,0.2298525695825166,2000
158,1,evaluate,4.026849835007279,0.3683263347330534,0.21852304361711447,0.1479521486216519,0.17124141753408462,1667
158,2,evaluate,2.9797362713586715,0.5018754688672168,0.30148630239930824,0.19988945997089552,0.23982675343422394,1333
158,3,evaluate,2.672277053197225,0.5668866226754649,0.2731391277988266,0.22759904055546146,0.24506005144720241,1667
158,4,evaluate,3.000732898712158,0.49213483146067416,0.3091278943544401,0.19785666061260673,0.24071038514276463,1335
158,5,evaluate,2.803911492228508,0.567,0.34406228994547483,0.22668907224001061,0.27188589092332827,2000
159,0,evaluate,2.715411067008972,0.5710857828434314,0.2766639414498121,0.2298860675151119,0.24754285415523064,1667
159,1,evaluate,2.9180541379111156,0.5071161048689139,0.3109669947584194,0.20390788655417555,0.24573908912652973,1335
159,2,evaluate,3.6067525148391724,0.476,0.29600380564066214,0.18961534619745796,0.2283750873356863,2000
159,3,evaluate,4.039539769843772,0.376124775044991,0.2178849398895199,0.1518294375957932,0.1731565792192326,1667
159,4,evaluate,2.9245522804558277,0.5535,0.345322739233993,0.22127293407075732,0.26809350129001336,2000
159,5,evaluate,2.918608920914786,0.5078769692423106,0.30138702395682926,0.20248972351568387,0.24173528596470578,1333
160,0,evaluate,2.8669880004156205,0.5168792198049512,0.29729190287226004,0.20601572472094376,0.2427492628601517,1333
160,1,evaluate,4.070577559647737,0.3749250149970006,0.21519741757679176,0.15225091891738968,0.17104467791086236,1667
160,2,evaluate,3.0639606304466724,0.5385,0.3494540178789797,0.21533788390472558,0.26453762364622635,2000
160,3,evaluate,3.736093170940876,0.459,0.2968295277724683,0.18284934551663307,0.2240832328795701,2000
160,4,evaluate,2.791188769870334,0.5596880623875224,0.2738910203486653,0.2262495742945331,0.24348295235136969,1667
160,5,evaluate,2.8450507550012496,0.5213483146067416,0.31054929440471607,0.20947260031336828,0.24960951016769561,1335
161,0,evaluate,2.7794088068462552,0.5310861423220974,0.30729866530902894,0.21336061423213967,0.25118012347845775,1335
161,1,evaluate,4.094504497669361,0.3767246550689862,0.2124399906447029,0.15402623912520713,0.1705023017757195,1667
161,2,evaluate,2.8255058299927485,0.5213803450862715,0.2944165524241322,0.20787997633071545,0.24325639118766254,1333
161,3,evaluate,3.8257759660482407,0.4435,0.29417672993234834,0.1767019015368391,0.21871056138990785,2000
161,4,evaluate,2.835630319736622,0.5596880623875224,0.27624542570161564,0.22710003471611606,0.24425221974070999,1667
161,5,evaluate,3.1723802611231804,0.527,0.352943778666906,0.21084519718302225,0.2620018172062629,2000
162,0,evaluate,3.827461428940296,0.4475,0.2985885808194996,0.17841326929682494,0.221509044653552,2000
162,1,evaluate,2.800972972597395,0.5138784696174044,0.2899382049137251,0.2048781808488866,0.23937413911929756,1333
162,2,evaluate,3.221697796136141,0.5225,0.351346139416904,0.20921060791630125,0.2606129776332639,2000
162,3,evaluate,4.069294187757704,0.3899220155968806,0.21511810599946193,0.15842739267831535,0.175093375475657,1667
162,4,evaluate,2.7477506682986306,0.5333333333333333,0.3054356629781815,0.21449186709746457,0.251041519192558,1335
162,5,evaluate,2.860682867191456,0.5560887822435513,0.27480180589370506,0.22677640846098365,0.24307871906103076,1667
163,0,evaluate,2.8951823269879378,0.5560887822435513,0.27486718742331784,0.22754290503236257,0.24305338583727548,1667
163,1,evaluate,2.7574511652901057,0.5310861423220974,0.30356422591219234,0.2135340662775948,0.249714149811048,1335
163,2,evaluate,2.8112685680389404,0.5176294073518379,0.28931320951036266,0.20649442056484935,0.24007961489282598,1333
163,3,evaluate,3.7811382114887238,0.455,0.2977249527688869,0.1814085694301859,0.22363419459168465,2000
163,4,evaluate,3.2146160900592804,0.5205,0.3520295836525992,0.2085028000202127,0.2604002113105122,2000
163,5,evaluate,4.060605172757749,0.3887222555488902,0.21177821101075295,0.15676186832984124,0.1743591562062437,1667
164,0,evaluate,2.9022744496663413,0.5494901019796041,0.26863120528528167,0.2253455576420711,0.23939284306330405,1667
164,1,evaluate,2.876440479641869,0.5101275318829708,0.2903512424217128,0.20335215379901966,0.23787706226422092,1333
164,2,evaluate,4.066578467686971,0.3935212957408518,0.21436245489435354,0.15614336230700038,0.17696255361604288,1667
164,3,evaluate,3.140986166894436,0.5285,0.3509176348441999,0.2116241205182423,0.2628112307968669,2000
164,4,evaluate,2.835995526540847,0.5168539325842697,0.3037475534678481,0.20785415126154452,0.24562828256194652,1335
164,5,evaluate,3.6497117951512337,0.482,0.29569753160847795,0.1921867656163131,0.231073200263788,2000
165,0,evaluate,2.9658148742857433,0.50187265917603,0.30290499095207846,0.20163147941942478,0.24088136164719826,1335
165,1,evaluate,4.102144285484597,0.39232153569286143,0.21621049875277354,0.15446399886266832,0.17703468133006003,1667
165,2,evaluate,3.529373422265053,0.498,0.2932728623106913,0.19856065486386903,0.2351096283999648,2000
165,3,evaluate,3.009191251936413,0.5011252813203301,0.29100801282696986,0.19965557014668384,0.23524608248474482,1333
165,4,evaluate,3.0436457321047783,0.5425,0.3506176286553141,0.2171466871135435,0.2672729853280976,2000
165,5,evaluate,2.9081057884075023,0.5536892621475705,0.26943211005222556,0.2266248320497521,0.24134315778296517,1667
166,0,evaluate,3.1599504266466414,0.4831207801950488,0.2924089305582462,0.19241910486575012,0.22981489149172507,1333
166,1,evaluate,2.9434613287448883,0.555,0.3492618145220113,0.22209054522051982,0.2707844746273892,2000
166,2,evaluate,2.8873470271075212,0.5572885422915417,0.26937142011174803,0.2275484894026359,0.24244522369206437,1667
166,3,evaluate,4.171105508451109,0.39172165566886624,0.21968239928999908,0.1531890852590681,0.1775881177719146,1667
166,4,evaluate,3.4340381994843483,0.5055,0.29061412504034956,0.2015130049178009,0.23603817467229876,2000
166,5,evaluate,3.112472352527437,0.4786516853932584,0.3014817397839816,0.19224543145586223,0.2333341006689908,1335
167,0,evaluate,3.200477259499686,0.4779026217228464,0.304107567830429,0.19165933254824266,0.2340908076086224,1335
167,1,evaluate,3.441016346216202,0.509,0.29122648218997027,0.2028774802353094,0.23646954530047265,2000
167,2,evaluate,2.8617219439259283,0.563887222555489,0.27057778859477766,0.2286545461765873,0.24496186564115502,1667
167,3,evaluate,3.23504030136835,0.477119279819955,0.29267547364574914,0.19000505397575976,0.2284725102567406,1333
167,4,evaluate,4.267236868540446,0.39172165566886624,0.22472000048370472,0.15359903043898906,0.1787470705749882,1667
167,5,evaluate,2.8660611175000668,0.5665,0.351447171399876,0.2267422036115621,0.2749822052361544,2000
168,0,evaluate,3.198040496735346,0.48687171792948236,0.29426497144025027,0.1940147206424509,0.23210548253628582,1333
168,1,evaluate,3.1828046299162365,0.4771535580524345,0.3032856807472547,0.19107277229409242,0.23389329054642644,1335
168,2,evaluate,4.326902062804611,0.3827234553089382,0.22255183349540855,0.15146856172420947,0.17562797730603327,1667
168,3,evaluate,2.8529118564393787,0.5698860227954409,0.27477586231399254,0.22983738719514407,0.24825242263490446,1667
168,4,evaluate,2.857542544603348,0.5705,0.35125746261374646,0.2284617747172689,0.2762295374532783,2000
168,5,evaluate,3.5139867812395096,0.499,0.2908426969896274,0.19886179283972652,0.23348424798910683,2000
169,0,evaluate,4.320517195595635,0.38032393521295743,0.2179497552236504,0.15209219316849962,0.17361981483279423,1667
169,1,evaluate,3.1185752210162936,0.4801498127340824,0.29788209944280497,0.1921143141890109,0.2333435676412372,1335
169,2,evaluate,3.100135099320185,0.4981245311327832,0.2966659778124875,0.19864919694495847,0.2368365485306369,1333
169,3,evaluate,2.9123901464045048,0.5615,0.34980516049159044,0.22490195936927884,0.27325828159675547,2000
169,4,evaluate,2.855742913705331,0.5722855428914218,0.27595688922216455,0.23084183842666386,0.249341015320182,1667
169,5,evaluate,3.5932666957378387,0.484,0.29316693453216447,0.19297716590305247,0.22970327146542383,2000
170,0,evaluate,2.968626924923488,0.5123780945236309,0.29968938321527966,0.20433319944096304,0.24258870898700194,1333
170,1,evaluate,2.8383586274252997,0.5758848230353929,0.2787561314813414,0.23307117661662016,0.251389568752569,1667
170,2,evaluate,3.712846003472805,0.4695,0.29650047657378265,0.18723269251116495,0.22641050120545914,2000
170,3,evaluate,4.337569298567595,0.38452309538092383,0.22134503550220833,0.15550903276026104,0.17567137806004102,1667
170,4,evaluate,2.999939191909063,0.4966292134831461,0.30166688722033663,0.19877001407863953,0.23957716520408381,1335
170,5,evaluate,2.982803262770176,0.552,0.3505833672500339,0.22112757661981997,0.2708213849374697,2000
171,0,evaluate,2.818297108014425,0.5788842231553689,0.2808128208119619,0.23375659331650808,0.2529284843101614,1667
171,1,evaluate,2.858992258707682,0.5101123595505618,0.30293475252333346,0.2042591854606374,0.24398219001809807,1335
171,2,evaluate,2.8391973064059304,0.522880720180045,0.2994492367041682,0.20843962530413637,0.24561178329084696,1333
171,3,evaluate,3.8625747710466385,0.4465,0.29400904150438645,0.17802752298549457,0.21841502298269927,2000
171,4,evaluate,4.365734797936899,0.3863227354529094,0.22232058248760617,0.15898939694656566,0.17571665585319404,1667
171,5,evaluate,3.051278606057167,0.544,0.35089374776119786,0.21787588622148127,0.26845455141246755,2000
172,0,evaluate,2.762905728249323,0.5228464419475656,0.3026108691662565,0.20941510388869258,0.24746712520631017,1335
172,1,evaluate,2.7690524600801014,0.5333833458364591,0.29951693125423223,0.21254505724380457,0.24857501096188966,1333
172,2,evaluate,3.117607183754444,0.536,0.3513111474890894,0.2145790644471995,0.26594396741680393,2000
172,3,evaluate,4.362616459528605,0.3827234553089382,0.21930569567486408,0.1588340279340303,0.17333853024668208,1667
172,4,evaluate,2.8244933508060597,0.5764847030593881,0.28049545138006965,0.2322649292101709,0.2517724811081205,1667
172,5,evaluate,3.966124266386032,0.438,0.2969651636206718,0.1745988621270121,0.21709610138035806,2000
173,0,evaluate,2.7531663803827193,0.5318829707426856,0.2976928019444114,0.2119115748648021,0.24755783540518062,1333
173,1,evaluate,4.30036539501614,0.3863227354529094,0.21761329939157292,0.1598673842358461,0.17412921639797085,1667
173,2,evaluate,2.726936147326515,0.5205992509363296,0.30067224603828435,0.20867966764346554,0.24629088851985168,1335
173,3,evaluate,3.141326867043972,0.5325,0.3525117406054793,0.213023055052028,0.2650403648853184,2000
173,4,evaluate,3.9754455238580704,0.434,0.29400074044232277,0.17302341870100232,0.2154496214321639,2000
173,5,evaluate,2.826301133191144,0.5818836232753449,0.28179123493377845,0.23500604414555956,0.25349767141854773,1667
174,0,evaluate,2.7955717756634666,0.5251312828207052,0.2970847019556392,0.20905333249350608,0.2453237518689638,1333
174,1,evaluate,2.8164699298364146,0.5800839832033593,0.2809367695351018,0.2350811206453775,0.2521971500672597,1667
174,2,evaluate,3.131560556590557,0.53,0.35303809284274157,0.21196263620083133,0.26412262056714686,2000
174,3,evaluate,4.218080865012275,0.38452309538092383,0.21542373847940716,0.1578824870561865,0.17397774451934872,1667
174,4,evaluate,2.755364525885809,0.5280898876404494,0.30409389800022996,0.21192895931400085,0.24960474990124717,1335
174,5,evaluate,3.928010195493698,0.442,0.29112623328737147,0.1762710312097207,0.21755217602287522,2000
175,0,evaluate,2.92019251982371,0.5086271567891973,0.2941486206543167,0.20253508164997883,0.2394566782232299,1333
175,1,evaluate,3.086812987923622,0.5345,0.35268854731947613,0.21369462265254274,0.26502897710549667,2000
175,2,evaluate,4.139871667932581,0.3905218956208758,0.21685927801656685,0.15750527628886313,0.1776508990498634,1667
175,3,evaluate,2.8136553543585316,0.5764847030593881,0.2785884532496468,0.23393114529324427,0.25009090676904255,1667
175,4,evaluate,2.865435901142302,0.5093632958801498,0.305612462544838,0.2048267209594939,0.24458300309226452,1335
175,5,evaluate,3.78298344835639,0.4685,0.2915797074339576,0.18686034257542422,0.22600634532012628,2000
176,0,evaluate,4.067225244310167,0.3863227354529094,0.21302507121610353,0.15240661917675952,0.17609035705822199,1667
176,1,evaluate,3.0895080112275624,0.4898876404494382,0.3055972727913442,0.19751396564081633,0.23810069203519513,1335
176,2,evaluate,3.1574526514325822,0.49287321830457614,0.2958641117274069,0.19634894330454844,0.23489662959973906,1333
176,3,evaluate,2.8124955141985857,0.5752849430113978,0.2778787638988799,0.23335968091570466,0.24936853334131262,1667
176,4,evaluate,3.0092053301632404,0.543,0.3499699214727958,0.2170648298839815,0.26649992740869083,2000
176,5,evaluate,3.5660985819995403,0.4885,0.2842952504435516,0.19483342684002225,0.2301513175423387,2000
177,0,evaluate,2.830335921711392,0.5764847030593881,0.2768568298023263,0.2333163462324372,0.24878900786363473,1667
177,1,evaluate,4.047833389706081,0.3899220155968806,0.2138446275946276,0.15130191251033304,0.17687005458513244,1667
177,2,evaluate,3.284461736679077,0.46292134831460674,0.3043044665719711,0.18701374799302015,0.2290540609581666,1335
177,3,evaluate,3.3781689008076987,0.46886721680420107,0.29442578210165105,0.1869326034852228,0.22633915583973332,1333
177,4,evaluate,3.3924033381044865,0.5075,0.28287667831792673,0.20240487632548784,0.23481096145771643,2000
177,5,evaluate,2.953236412256956,0.5475,0.3468881801055873,0.21883988887777303,0.26652224102269134,2000
178,0,evaluate,3.5350974173772904,0.4606151537884471,0.29571323526603266,0.1838362160968,0.22253133409235568,1333
178,1,evaluate,2.855858705661915,0.5716856628674265,0.2749982815464987,0.2309147881802947,0.24701699509167008,1667
178,2,evaluate,3.308380138128996,0.518,0.2835282284061848,0.20663665611774024,0.23792306805231594,2000
178,3,evaluate,3.4324083101181757,0.45468164794007493,0.3035513435161211,0.1838757298994189,0.22583316963148894,1335
178,4,evaluate,2.92100665345788,0.5515,0.3448277388276816,0.22048782079915602,0.26708242764172835,2000
178,5,evaluate,4.093469990624322,0.3863227354529094,0.2121736208169202,0.14791186015298008,0.1742903296306399,1667
179,0,evaluate,3.5026060967218307,0.45393258426966293,0.3039904910875439,0.1837183822322804,0.225298300285412,1335
179,1,evaluate,3.5943899608793712,0.4606151537884471,0.2962143350870548,0.18393055620214693,0.22224631930528957,1333
179,2,evaluate,3.3098802976310253,0.5225,0.28516185234114716,0.20847180700820997,0.2395693943568066,2000
179,3,evaluate,4.178655527256153,0.3869226154769046,0.2098337971451373,0.14794581371675333,0.17352313514184656,1667
179,4,evaluate,2.844886033623307,0.5794841031793642,0.27765136157577547,0.23412818479359357,0.25054327477481986,1667
179,5,evaluate,2.912286940962076,0.557,0.34247681222364335,0.2227674041083664,0.2682493648727521,2000
180,0,evaluate,3.436677546728225,0.46217228464419474,0.3056705170297957,0.18683309030257164,0.22840282365717907,1335
180,1,evaluate,3.5201465288798013,0.47336834208552137,0.29485069288935295,0.18892850189057872,0.22626095016548953,1333
180,2,evaluate,4.250281016031901,0.3893221355728854,0.21364936952113783,0.14982169506993787,0.17595075912835148,1667
180,3,evaluate,2.843318307841266,0.5668866226754649,0.27589295773186134,0.2294583757192238,0.24687676226462435,1667
180,4,evaluate,2.9668500125408173,0.5565,0.34274189737679966,0.22262832649913517,0.2685810314677638,2000
180,5,evaluate,3.381652783602476,0.521,0.2903010312237234,0.2078274422695201,0.24083218006132884,2000
181,0,evaluate,3.2956534226735434,0.48089887640449436,0.3075287618083671,0.1938559347488567,0.23504254308702688,1335
181,1,evaluate,4.312517033682929,0.3893221355728854,0.21637848028012902,0.1519911898518589,0.17747156602429393,1667
181,2,evaluate,3.350455409004575,0.4981245311327832,0.30088456609329767,0.19862642624618945,0.23567033706930932,1333
181,3,evaluate,3.4714092910289764,0.504,0.29118199779257026,0.2010268030182798,0.2357930201318715,2000
181,4,evaluate,3.044415794312954,0.554,0.34565010865148815,0.22169011246636833,0.269027659905237,2000
181,5,evaluate,2.8482144761968544,0.5656868626274745,0.274858324667201,0.2302949027154429,0.24618108229811803,1667
182,0,evaluate,2.8684185831635087,0.5620875824835033,0.274634496320708,0.23000843775361962,0.24475562860467814,1667
182,1,evaluate,3.1032628331865584,0.50187265917603,0.30685879550969064,0.2020371232550046,0.24207190816133622,1335
182,2,evaluate,3.1158529009137834,0.5168792198049512,0.2991201861049892,0.20604989789543512,0.2417465484160463,1333
182,3,evaluate,4.361741763574106,0.38812237552489504,0.21622809552206998,0.15412027709942566,0.17710189508967722,1667
182,4,evaluate,3.1577005460858345,0.538,0.3465699746001083,0.21537727050171657,0.2650443926242731,2000
182,5,evaluate,3.6547125950455666,0.4815,0.2954972402679071,0.1920517583523891,0.23039124309021314,2000
183,0,evaluate,2.9064166091737293,0.5393848462115529,0.3007036964278987,0.21494401983833997,0.2496093839230226,1333
183,1,evaluate,2.9435292936506725,0.5220973782771535,0.303930760379495,0.2096246362609912,0.2473034940226241,1335
183,2,evaluate,2.898385489428485,0.5614877024595081,0.2741826770896538,0.23046336539182036,0.24457764450893987,1667
183,3,evaluate,4.407105763753255,0.39112177564487105,0.21895493629266488,0.15777137078895465,0.17786154111668434,1667
183,4,evaluate,3.865584321320057,0.4635,0.2978033395176253,0.1848716405924033,0.2257766711232146,2000
183,5,evaluate,3.291628837585449,0.516,0.3491096996156546,0.20663362273924757,0.2593105499957118,2000
184,0,evaluate,2.754646522658212,0.5506376594148538,0.298887389969202,0.2193348325654359,0.2524822377198851,1333
184,1,evaluate,2.832751137869699,0.5423220973782772,0.3057627917873658,0.2172804298894661,0.25372941870822363,1335
184,2,evaluate,4.434625731574164,0.38812237552489504,0.2177083570008021,0.15851203514900356,0.1751070766939674,1667
184,3,evaluate,3.400739699602127,0.502,0.35075762955482176,0.2010569609703751,0.2554866447773262,2000
184,4,evaluate,4.019727103412151,0.4475,0.30022026779773786,0.1784500372961763,0.22149301631263746,2000
184,5,evaluate,2.904092408992626,0.5626874625074985,0.27443705451932476,0.23132487691971723,0.2451319988155527,1667
185,0,evaluate,2.731416554678054,0.5498874718679669,0.2989191882482108,0.219094772059668,0.25248395582289485,1333
185,1,evaluate,2.82906627087366,0.5393258426966292,0.3027714083250448,0.21580947278912702,0.2517451020003977,1335
185,2,evaluate,2.9277914144374706,0.5560887822435513,0.27285073822387257,0.22775282282349027,0.24321186901667352,1667
185,3,evaluate,3.411221832036972,0.503,0.35006850234098275,0.20131899661256755,0.25551671598619957,2000
185,4,evaluate,4.441018678523876,0.3887222555488902,0.2206512877511197,0.15910420577643597,0.17532779982057137,1667
185,5,evaluate,4.054440587759018,0.443,0.29967099288968135,0.17654363046043467,0.21950151994254571,2000
186,0,evaluate,2.8672495228903636,0.5333333333333333,0.30408012904620774,0.2131535417809179,0.25044301486399423,1335
186,1,evaluate,4.026456668972969,0.4445,0.29792493303197726,0.17711048419146555,0.21930679248585383,2000
186,2,evaluate,4.4344774705392345,0.3929214157168566,0.22245024431192598,0.16019200155416333,0.17707468256177153,1667
186,3,evaluate,2.776897038732256,0.5423855963990998,0.2981465373435418,0.21609490580510116,0.25020968237958435,1333
186,4,evaluate,3.349243998527527,0.5065,0.35042942494417684,0.20258250470188105,0.2565697089969075,2000
186,5,evaluate,2.936780059779132,0.5566886622675465,0.2725712037172711,0.22735787559468554,0.24346481367479553,1667
187,0,evaluate,3.9275396578013897,0.449,0.29329698898450224,0.1788429717724822,0.2193061455005037,2000
187,1,evaluate,2.9465604225794473,0.5656868626274745,0.27606244189007534,0.22944573450235523,0.2470278615523517,1667
187,2,evaluate,2.8793743564969017,0.5251312828207052,0.29761054784016355,0.20917742487617225,0.24522428357911802,1333
187,3,evaluate,2.939285301026844,0.5228464419475656,0.3028338370046165,0.20891670223621697,0.24717339511536696,1335
187,4,evaluate,4.43897576685305,0.3857228554289142,0.21982368289781667,0.15664332012518384,0.17432278199320467,1667
187,5,evaluate,3.236783839762211,0.5245,0.34988153666010613,0.20968617503735784,0.26185579094201694,2000
188,0,evaluate,3.0125914187658402,0.5191297824456114,0.3020754620062567,0.20690543972570302,0.244996466999056,1333
188,1,evaluate,2.960547844568888,0.5674865026994601,0.27497231597291155,0.22884369941742005,0.24687583911533334,1667
188,2,evaluate,3.8239503763616085,0.4625,0.2920649810869156,0.18423335064454407,0.2232872739298581,2000
188,3,evaluate,4.417889409595066,0.385122975404919,0.21986908926235324,0.1558982732321316,0.17484853788013957,1667
188,4,evaluate,3.029678526378813,0.5093632958801498,0.3084123059212381,0.2034542168119396,0.2450239778212994,1335
188,5,evaluate,3.119074732065201,0.543,0.3496457585483837,0.21705707483274544,0.26736039497180225,2000
189,0,evaluate,3.1912032876695906,0.48314606741573035,0.3081168584543505,0.19350561865300617,0.23751987136238703,1335
189,1,evaluate,4.38850982983907,0.38032393521295743,0.2175779230984843,0.1518170120232933,0.1743264767946684,1667
189,2,evaluate,3.2148723942892894,0.4981245311327832,0.3057501823232463,0.19832353785176574,0.23988689777897293,1333
189,3,evaluate,3.636637154966593,0.4835,0.29018037732557256,0.19267149841538328,0.2293589165328827,2000
189,4,evaluate,2.9349182137736567,0.5680863827234554,0.27475060817286034,0.2279309669467393,0.24673844449436677,1667
189,5,evaluate,2.958981290459633,0.563,0.3484813434804142,0.22500558221411077,0.27266067175800335,2000
190,0,evaluate,3.4243115924653553,0.4778694673668417,0.30632640930375327,0.19026044083960883,0.23331297949139712,1333
190,1,evaluate,3.3769833700997487,0.45617977528089887,0.3080237006397727,0.18325844957729567,0.22913144417392955,1335
190,2,evaluate,2.8921751225436174,0.5704859028194361,0.27549679608413397,0.2285094779213329,0.24757427615473332,1667
190,3,evaluate,4.3944767139576095,0.3767246550689862,0.21750547723715408,0.14834940618280612,0.17402100598081077,1667
190,4,evaluate,3.4714253582060337,0.504,0.28931053255466305,0.20098723594175477,0.23511498833416833,2000
190,5,evaluate,2.8348263017833233,0.5785,0.3451289165852033,0.23122641515404335,0.2759775498361608,2000
191,0,evaluate,4.408059782452053,0.3707258548290342,0.2141646335810178,0.14392899858942784,0.17133514394016716,1667
191,1,evaluate,3.5037022772289457,0.44269662921348313,0.30521085309469104,0.17846685329826031,0.22388095062903232,1335
191,2,evaluate,2.877242057411759,0.5782843431313738,0.27531645261880805,0.23192094881626507,0.24949023977292234,1667
191,3,evaluate,3.5468471958523704,0.4748687171792948,0.31031687596641044,0.18903301226511088,0.2326857092344678,1333
191,4,evaluate,2.7898721918463707,0.589,0.3442805350151122,0.235395477967957,0.27863457992301455,2000
191,5,evaluate,3.388124167919159,0.5185,0.2864163981984804,0.20679744010687634,0.2381043866862557,2000
192,0,evaluate,3.567865666889009,0.47261815453863465,0.31149701898353765,0.18825727096508849,0.23162512569892005,1333
192,1,evaluate,4.393261732878508,0.3713257348530294,0.21179095599620198,0.14355044502579706,0.1706787869283208,1667
192,2,evaluate,3.3943639248609543,0.518,0.2854516466800649,0.20665768278608326,0.23816446170518094,2000
192,3,evaluate,2.8236591517925262,0.583,0.34234226102122484,0.23303856453087937,0.2762510563692484,2000
192,4,evaluate,3.5322338058834983,0.44269662921348313,0.3066902747999816,0.178611410622682,0.2239147237455513,1335
192,5,evaluate,2.870393739806281,0.5764847030593881,0.2744569070146041,0.2314516722164083,0.24841133982142613,1667
193,0,evaluate,3.441310519263858,0.4846211552888222,0.3091599833030344,0.19315207282686997,0.23473833064900793,1333
193,1,evaluate,2.93487910553813,0.572,0.3415366778540715,0.22871961206373187,0.2727183301218613,2000
193,2,evaluate,3.4150060358501615,0.4599250936329588,0.3073616191505769,0.18553720619495764,0.22948096219193395,1335
193,3,evaluate,4.352532510404234,0.3767246550689862,0.21228827454727944,0.14554450771886537,0.1722516486508837,1667
193,4,evaluate,3.4980664178729057,0.508,0.28615535510864215,0.2026830987177343,0.23592907933663615,2000
193,5,evaluate,2.8761006284643105,0.5752849430113978,0.2747436867405405,0.2319289983096331,0.24821951668685144,1667
194,0,evaluate,3.6360051296651363,0.49,0.28617771245386026,0.19547504349115352,0.23116000242592527,2000
194,1,evaluate,3.253627129963466,0.47265917602996255,0.3040023606161853,0.19059641062602187,0.23255735578281164,1335
194,2,evaluate,2.926306124086733,0.5674865026994601,0.2735735793975864,0.23128291524886016,0.24531387376815822,1667
194,3,evaluate,3.2922536532084146,0.4951237809452363,0.3047401750399731,0.1972385339025449,0.23682409553304434,1333
194,4,evaluate,4.32205209908662,0.3887222555488902,0.21604262764864252,0.15209849449076981,0.1774591854800704,1667
194,5,evaluate,3.078921802341938,0.5555,0.3413306192642126,0.2221943994017035,0.26756103562979294,2000
195,0,evaluate,3.1517863387153264,0.5071267816954238,0.30136363148381806,0.2022199384302441,0.24014292489375638,1333
195,1,evaluate,4.298281060324775,0.39472105578884226,0.21530977273727797,0.15544654719188675,0.17882712617330904,1667
195,2,evaluate,3.7973455376923084,0.4715,0.2895872182182792,0.18809674117168476,0.22691749959906357,2000
195,3,evaluate,3.259988658130169,0.5345,0.34361463785105906,0.21390216873878215,0.26181246219753795,2000
195,4,evaluate,3.092277560915266,0.49288389513108616,0.304381040953931,0.1986555974671363,0.2388772451748696,1335
195,5,evaluate,2.9922405216428967,0.563887222555489,0.27277762621698576,0.23054152777360679,0.24386541652817448,1667
196,0,evaluate,3.0467474233536493,0.5213803450862715,0.29751080851924705,0.20797527585383344,0.24326906578687604,1333
196,1,evaluate,2.9761039529527937,0.5078651685393258,0.3019063399744552,0.2041613403630788,0.24267129146278568,1335
196,2,evaluate,3.940480299293995,0.462,0.2927581655875468,0.1843905723008029,0.22517147489497388,2000
196,3,evaluate,3.0839828385247126,0.5584883023395321,0.27485355789138205,0.2291431270848257,0.24342262613717258,1667
196,4,evaluate,4.286412318547566,0.40371925614877024,0.21696682753233226,0.16041797651638032,0.18137244826209437,1667
196,5,evaluate,3.4492100328207016,0.5095,0.3459173933674385,0.20399817373279255,0.25499288604371595,2000
197,0,evaluate,3.0145207473209927,0.522880720180045,0.29507715989806205,0.2085800620824032,0.24332046985026468,1333
197,1,evaluate,3.146061314476861,0.5566886622675465,0.27600221568014094,0.22880857926681658,0.24356311493255692,1667
197,2,evaluate,4.301138930850559,0.40851829634073183,0.21745018391879567,0.16374543543388603,0.18259953644681298,1667
197,3,evaluate,2.931379034405663,0.5258426966292135,0.30430396265549103,0.21120827101703976,0.24870592798123276,1335
197,4,evaluate,4.045095205307007,0.4535,0.29372589364834223,0.18101336881282193,0.22277406856555118,2000
197,5,evaluate,3.583446517586708,0.493,0.34558322412113834,0.19747260751244441,0.24964841766565585,2000
198,0,evaluate,2.9365631625765847,0.5176029962546816,0.30217345255735184,0.20762634849787398,0.24588078133937924,1335
198,1,evaluate,3.0090240183330716,0.5311327831957989,0.296456699533989,0.21185043477755464,0.24635675139832527,1333
198,2,evaluate,4.073210284113884,0.4565,0.2948910233610656,0.18219599408008297,0.22363389352990232,2000
198,3,evaluate,3.6219992265105247,0.4925,0.34574614474831067,0.19729498505950194,0.2501395117263766,2000
198,4,evaluate,4.318633891918041,0.4097180563887223,0.2190290344547497,0.16486929641035286,0.18309605750525867,1667
198,5,evaluate,3.157674890977365,0.5656868626274745,0.27968822331582527,0.2325347520567544,0.24754948570103852,1667
199,0,evaluate,2.9906509036109563,0.5176029962546816,0.3055258205254637,0.20752655915422177,0.2468901645913637,1335
199,1,evaluate,4.34696528646681,0.40671865626874626,0.217779869337837,0.1633909316116232,0.18171347291468448,1667
199,2,evaluate,3.0370101247515,0.5273818454613654,0.29683525910009656,0.21043799126538812,0.2452668493140906,1333
199,3,evaluate,3.586944043636322,0.49,0.3449020561508284,0.19639318431932445,0.24933219739055135,2000
199,4,evaluate,3.1388517264966613,0.5590881823635273,0.27748392528541066,0.22968398208556606,0.24525555806753885,1667
199,5,evaluate,4.045480273663998,0.4575,0.29377125808191407,0.18258788190654768,0.22358044837848037,2000
200,0,evaluate,4.377821533768265,0.40311937612477505,0.2176268099846122,0.16103958129993062,0.18062935671228741,1667
200,1,evaluate,3.1132167861575173,0.501123595505618,0.3020966278197626,0.2008054932299846,0.24078888095805814,1335
200,2,evaluate,3.1377960840861,0.5183795948987246,0.2982415677368736,0.20697335805501424,0.24286647710613624,1333
200,3,evaluate,3.4977869242429733,0.497,0.34609263051694666,0.19914704477852133,0.2521163060494259,2000
200,4,evaluate,3.9578215330839157,0.475,0.29463183973226986,0.18952976491184997,0.2290409508132929,2000
200,5,evaluate,3.123957280759458,0.5608878224355129,0.27851079242073773,0.2298804360313378,0.24661911761227612,1667
201,0,evaluate,3.2608037562597367,0.4943820224719101,0.302863717995696,0.19819321914116067,0.23901694044674143,1335
201,1,evaluate,3.2732306321461997,0.5003750937734434,0.2944687970865981,0.19959476483117794,0.23626020398812445,1333
201,2,evaluate,4.431393420254743,0.40251949610077986,0.2202894754528141,0.1600658158456884,0.18156923995386173,1667
201,3,evaluate,3.8720274344086647,0.486,0.29147311430479167,0.19386930265466212,0.23133716705614837,2000
201,4,evaluate,3.36700651794672,0.5185,0.3485193637496898,0.20760452108198374,0.2596040370893269,2000
201,5,evaluate,3.083441804956507,0.5602879424115177,0.2775730407734315,0.2285585301291996,0.24639675284109636,1667
202,0,evaluate,3.366859822046189,0.4891385767790262,0.3054002663286693,0.1961800930307951,0.2380162515387883,1335
202,1,evaluate,3.3783339318774996,0.49287321830457614,0.2961869179409383,0.19661305495997722,0.23432329304631985,1333
202,2,evaluate,4.527787023120457,0.39652069586082783,0.2208408355195602,0.15772522164280317,0.18024742083154485,1667
202,3,evaluate,3.840289507061243,0.498,0.29294633580068447,0.19857483329159792,0.2349778977511116,2000
202,4,evaluate,3.029034477693063,0.5590881823635273,0.27449894817026,0.22713673321385106,0.24502047241134606,1667
202,5,evaluate,3.2199997901916504,0.5345,0.3478833014122392,0.2139067291002502,0.2641900389744925,2000
203,0,evaluate,3.4326298577444896,0.4868913857677903,0.3065227736058543,0.19544644606197764,0.23785631785631783,1335
203,1,evaluate,4.614307359412864,0.3935212957408518,0.22316502904809338,0.1560907464695753,0.1803959146057137,1667
203,2,evaluate,2.9710371273535268,0.5704859028194361,0.2765059767038006,0.23114852964348648,0.2485763369830844,1667
203,3,evaluate,3.454122622807821,0.4913728432108027,0.29811812548459826,0.19587761585932842,0.23485090802709357,1333
203,4,evaluate,3.8545976169407368,0.499,0.29367887298113216,0.1989529620791966,0.23521236644770763,2000
203,5,evaluate,3.122124418616295,0.5535,0.34810135846282,0.22143513572987833,0.26989854752365894,2000
204,0,evaluate,2.8890690626921476,0.5782843431313738,0.27822080496488355,0.23366161536973076,0.2507322563470155,1667
204,1,evaluate,3.9351519644260406,0.4935,0.292848527395452,0.19673730271281736,0.23290692655214995,2000
204,2,evaluate,3.420174519220988,0.48164794007490636,0.3060760507262716,0.19352782518529008,0.2362120884139412,1335
204,3,evaluate,4.725617682492292,0.3869226154769046,0.22340824268776166,0.1540897764404429,0.178405085882833,1667
204,4,evaluate,3.450771967569987,0.5003750937734434,0.29838826499353654,0.1993698304735002,0.23782377488678277,1333
204,5,evaluate,3.0659865960478783,0.566,0.3498829131202356,0.22635595041496873,0.27422186741820537,2000
205,0,evaluate,4.795744339625041,0.38032393521295743,0.22105728986704848,0.15291741197204417,0.17579504602996598,1667
205,1,evaluate,3.34547598021371,0.49063670411985016,0.3057470456253824,0.19693373019822535,0.2390940196290801,1335
205,2,evaluate,4.042459540069103,0.4775,0.2943763853055845,0.19034179013099006,0.22842607819059396,2000
205,3,evaluate,2.841097359304075,0.5770845830833833,0.2754201768079813,0.23285995636745582,0.24905623865240017,1667
205,4,evaluate,3.081933341920376,0.568,0.35230149327673355,0.227098595517686,0.2756448790652186,2000
205,5,evaluate,3.383812802178519,0.5131282820705176,0.299598453338339,0.20428186715351176,0.2421450061809637,1333
206,0,evaluate,3.254589103517078,0.5071161048689139,0.3073312621400468,0.20349753885430646,0.24445546375415228,1335
206,1,evaluate,3.319617646081107,0.5176294073518379,0.3004098411680901,0.2060285318339151,0.243707890484847,1333
206,2,evaluate,4.152629114687443,0.466,0.2948470121919983,0.18577740244106136,0.22477989736562815,2000
206,3,evaluate,2.8028910557428994,0.5770845830833833,0.27358187222358815,0.2333776137255578,0.24811789791942357,1667
206,4,evaluate,4.8765688825536655,0.3737252549490102,0.218089304030496,0.1515670549937928,0.17296179062523934,1667
206,5,evaluate,3.1114617362618446,0.556,0.35279131101371813,0.22238761241189392,0.272211835088185,2000
207,0,evaluate,3.2929116657802036,0.5191297824456114,0.30032427595543304,0.206492484309095,0.24392157284072705,1333
207,1,evaluate,4.865914132859972,0.3707258548290342,0.21646567055418586,0.15048942661122072,0.17163264778349824,1667
207,2,evaluate,3.200158085141863,0.5153558052434457,0.3064958235527099,0.20689485418265624,0.2464439008215539,1335
207,3,evaluate,3.162679083645344,0.546,0.3489832733047496,0.21842408294824867,0.2679514895327484,2000
207,4,evaluate,2.8115716731106795,0.5794841031793642,0.2749412333354175,0.2353216580628458,0.24906128021729695,1667
207,5,evaluate,4.207923963665962,0.4615,0.2941883880403805,0.183994957835185,0.2234269581250853,2000
208,0,evaluate,3.20328494480678,0.5176029962546816,0.3085479885009095,0.20788779838622232,0.24770676524530622,1335
208,1,evaluate,4.206032365560532,0.465,0.29267553094920506,0.18541896334085664,0.22438982917730152,2000
208,2,evaluate,2.833743422119706,0.5770845830833833,0.27377582765620745,0.2345753894061294,0.2479199172491477,1667
208,3,evaluate,4.834653174435651,0.3683263347330534,0.215939509566924,0.1492716915030557,0.1712335355141119,1667
208,4,evaluate,3.217302441596985,0.5405,0.3500126217457339,0.21618932882838324,0.26626233434895036,2000
208,5,evaluate,3.3172875245412192,0.5086271567891973,0.29628434724925146,0.20216557949115005,0.23918172666708887,1333
209,0,evaluate,4.802893417852896,0.3695260947810438,0.21591036501774957,0.14893904081296827,0.1719451219054176,1667
209,1,evaluate,3.2564077150254023,0.5138576779026217,0.3107420680568419,0.20651991616496343,0.24727105622162612,1335
209,2,evaluate,3.369431745438349,0.5071267816954238,0.29647248298634665,0.2018396584417225,0.23851221238443826,1333
209,3,evaluate,3.241928815841675,0.537,0.34865020654928336,0.21477252904216848,0.2645993652554824,2000
209,4,evaluate,2.844070906992312,0.5758848230353929,0.27289591104762423,0.23475190489520115,0.24741844978071872,1667
209,5,evaluate,4.151891835033894,0.467,0.2903563372566369,0.18621108640786693,0.2244284481460852,2000
210,0,evaluate,3.3601817857651484,0.5123595505617977,0.31150091597451807,0.20595237487700951,0.24689794094072087,1335
210,1,evaluate,2.825405544704861,0.5842831433713257,0.2765753394127015,0.2379203818394485,0.25148183706957494,1667
210,2,evaluate,3.244773142039776,0.54,0.3469505528305893,0.2158351906953493,0.26478306627623477,2000
210,3,evaluate,4.728342780360469,0.3749250149970006,0.21458547799380406,0.14936075517765263,0.17338807998577882,1667
210,4,evaluate,3.4523032846904935,0.5026256564141035,0.299727177935095,0.20021175405707065,0.23779844630580368,1333
210,5,evaluate,4.052795827388763,0.4885,0.29381047254405523,0.19479278463876964,0.23243016975111352,2000
211,0,evaluate,3.437348956153506,0.49812734082397003,0.31095177490855525,0.20051602366493954,0.24198842478986,1335
211,1,evaluate,3.510134594781058,0.4988747186796699,0.3005556692915903,0.1990937437283869,0.2368882305853252,1333
211,2,evaluate,3.2500358894467354,0.5375,0.34513282848983656,0.21479380544235802,0.26365790236299413,2000
211,3,evaluate,2.8042561654691345,0.5824835032993402,0.27512624237485966,0.2368151629225152,0.2509132597946271,1667
211,4,evaluate,3.979182939976454,0.485,0.2896709624747654,0.19342227786567825,0.2306650476296185,2000
211,5,evaluate,4.651623690569842,0.3827234553089382,0.21528898175570177,0.1515326333085331,0.17592763528119915,1667
212,0,evaluate,3.5391385782332647,0.4951237809452363,0.29931150282531654,0.197692019426165,0.23500266255759844,1333
212,1,evaluate,3.4908159914470853,0.49063670411985016,0.3091426059349211,0.19751732732514088,0.23913733640339033,1335
212,2,evaluate,4.570603706218578,0.3929214157168566,0.21795344468534542,0.15491370994521042,0.17959283669400686,1667
212,3,evaluate,3.9272509403526783,0.492,0.2920874308217176,0.19629394083317392,0.23378870085327746,2000
212,4,evaluate,2.817923395722001,0.5896820635872826,0.2771943102171704,0.23891057830267193,0.25358206428139207,1667
212,5,evaluate,3.2891426533460617,0.5345,0.3459357205153523,0.2135768941607601,0.26305179232980536,2000
213,0,evaluate,3.533619857969738,0.4943735933983496,0.3012987168111392,0.19752007043120715,0.2348580377758907,1333
213,1,evaluate,3.505873884473528,0.4794007490636704,0.30307424786721443,0.19313005274090383,0.2339501524102623,1335
213,2,evaluate,3.887514103204012,0.494,0.2914124650272675,0.19718357509672352,0.234673265442303,2000
213,3,evaluate,4.47852862322772,0.4055188962207559,0.21952760763681586,0.15892032053295835,0.1829581744787429,1667
213,4,evaluate,2.8578145768907337,0.587882423515297,0.2780234996110797,0.23836680909791155,0.2535253717853073,1667
213,5,evaluate,3.336257755756378,0.5345,0.34758563201435755,0.21356329482071773,0.2635945546241156,2000
214,0,evaluate,4.4260825051201715,0.40191961607678467,0.2160961689902276,0.15713111950541134,0.1806286572418287,1667
214,1,evaluate,2.875411214651885,0.5884823035392921,0.28057146721692555,0.2390110532107967,0.25511982930071986,1667
214,2,evaluate,3.511199326742263,0.4951237809452363,0.2991666666666667,0.1976753366751896,0.23454555718023115,1333
214,3,evaluate,3.4854160717555454,0.4764044943820225,0.3025082079409166,0.19168819298000692,0.23295460084274477,1335
214,4,evaluate,3.354620434343815,0.529,0.3487754752574207,0.21151607901243494,0.26238716267572243,2000
214,5,evaluate,3.8757796846330166,0.4845,0.2909024840898649,0.19341090499731511,0.23195892601724927,2000
215,0,evaluate,3.452206713812692,0.5041260315078769,0.30221950295049244,0.20118435486346647,0.23888621646427585,1333
215,1,evaluate,2.8833968021251537,0.5800839832033593,0.27819973070802806,0.2357775549069462,0.25217259399926933,1667
215,2,evaluate,3.9152843430638313,0.4725,0.2907917846092284,0.18862056907067276,0.22827954262905648,2000
215,3,evaluate,3.4192342190515426,0.48764044943820223,0.301449542679615,0.19605523288759508,0.23626385890180823,1335
215,4,evaluate,4.399046376899436,0.40191961607678467,0.21608803164317592,0.15781642442906224,0.18064321750777362,1667
215,5,evaluate,3.3510852232575417,0.5305,0.3522653325655053,0.21225010290473784,0.26388056626732087,2000
216,0,evaluate,3.3320951007661366,0.4943820224719101,0.3033924196553578,0.1985153730594556,0.23894707632013085,1335
216,1,evaluate,3.3943524814787365,0.5026256564141035,0.29992315195124297,0.20038357207391105,0.23785349172101733,1333
216,2,evaluate,3.95255696028471,0.4665,0.29302205326007935,0.1862301813189044,0.22687817292890616,2000
216,3,evaluate,2.866912462093212,0.5818836232753449,0.278795781983617,0.23629450048635983,0.25264316704979456,1667
216,4,evaluate,3.3107183650135994,0.529,0.35226983878329565,0.21182503967163405,0.26321164344222425,2000
216,5,evaluate,4.389485712404604,0.39232153569286143,0.21354483635105873,0.1546855510944935,0.17696200858428818,1667
217,0,evaluate,3.3167777629125688,0.5101275318829708,0.2994055740980619,0.2031192094335526,0.2405343334022903,1333
217,1,evaluate,3.29109950363636,0.527,0.351705170822466,0.21112348099439315,0.2623842349352954,2000
217,2,evaluate,4.036688208580017,0.4555,0.2915535710017631,0.18176601169798937,0.22217291539038309,2000
217,3,evaluate,2.8844288101902715,0.5800839832033593,0.2790504016487989,0.2361606113669746,0.2522277978701104,1667
217,4,evaluate,4.419416030248006,0.3863227354529094,0.21406293333046036,0.15348035400975057,0.17529499499774587,1667
217,5,evaluate,3.2451543921516057,0.5093632958801498,0.3038180858429612,0.20434951853635588,0.2435057979840102,1335
218,0,evaluate,3.2138250782376243,0.5138784696174044,0.29793408654168146,0.20451876644588635,0.24155786881903812,1333
218,1,evaluate,4.472072221614696,0.38392321535692864,0.2154353534506206,0.1546668068995815,0.17463734713313112,1667
218,2,evaluate,2.908314616591842,0.5770845830833833,0.27933783759322006,0.23510923481955642,0.25138033830446405,1667
218,3,evaluate,3.2760283946990967,0.5275,0.3506474780121839,0.2112552436092158,0.2623275933339977,2000
218,4,evaluate,3.146588053022112,0.5198501872659176,0.3015281690993883,0.208529190744302,0.24611932618269045,1335
218,5,evaluate,4.139567270874977,0.4425,0.2926265148149245,0.17642880183463153,0.217867413359132,2000
219,0,evaluate,3.1372869355337962,0.5183520599250936,0.30062063243881426,0.2079834146812846,0.2456425909257729,1335
219,1,evaluate,3.207438309987386,0.5176294073518379,0.29452270107046175,0.20592049074810825,0.24169888596893468,1333
219,2,evaluate,4.53383403354221,0.373125374925015,0.2142673800005508,0.1507931479022713,0.17062553199321925,1667
219,3,evaluate,2.9471689065297446,0.5596880623875224,0.27588515152490833,0.2278940934517295,0.24531450137625116,1667
219,4,evaluate,4.181722529232502,0.4395,0.29338509271152563,0.17517940191459974,0.2167555968557834,2000
219,5,evaluate,3.2371332347393036,0.5355,0.35101357700577374,0.21439712488337656,0.26510039482279035,2000
220,0,evaluate,3.1730276289440336,0.5205992509363296,0.29957382266407706,0.20886136024640178,0.24595056150389852,1335
220,1,evaluate,4.6090845002068415,0.3749250149970006,0.21674206241353855,0.15207225424614174,0.17180727318658354,1667
220,2,evaluate,3.2424293813251315,0.5213803450862715,0.2976016523809716,0.20754690776174858,0.24364338259585794,1333
220,3,evaluate,2.9941347351780645,0.5584883023395321,0.27573842539686166,0.22676363589523346,0.2449036641486791,1667
220,4,evaluate,4.194402977824211,0.4415,0.2909335106358867,0.17589379036714684,0.2162529822261899,2000
220,5,evaluate,3.216388735920191,0.5445,0.350443885734102,0.21790575397912884,0.26760520431567925,2000
221,0,evaluate,3.261640957423619,0.5176029962546816,0.3034668271372912,0.20780957164909789,0.24639813840594238,1335
221,1,evaluate,4.670138182463469,0.36892621475704857,0.21575785163058486,0.14906616887034857,0.170378197986786,1667
221,2,evaluate,3.173099011182785,0.5525,0.34878656365959776,0.2210272688197113,0.2694808932359726,2000
221,3,evaluate,3.3184659481048584,0.5206301575393848,0.30069564624687917,0.20719898561305175,0.24404344509537118,1333
221,4,evaluate,4.133772224187851,0.455,0.2899707159546461,0.18124517217604144,0.2198743047958544,2000
221,5,evaluate,3.0150339868333607,0.563887222555489,0.2755294981970301,0.22816604109327457,0.2461484520210459,1667
222,0,evaluate,3.4056297143300376,0.5183795948987246,0.3068411746824789,0.2063884051786878,0.24461978415471525,1333
222,1,evaluate,4.691666903319182,0.3719256148770246,0.21681397354319415,0.14905589207723718,0.1723721075329893,1667
222,2,evaluate,3.3578376202356246,0.5026217228464419,0.30351586899233524,0.20201231697267613,0.2420612772267224,1335
222,3,evaluate,3.04783206515842,0.563887222555489,0.2735538496923696,0.22865441829281324,0.2455357894430966,1667
222,4,evaluate,4.0417617335915565,0.472,0.29019383005288507,0.18795799736597021,0.2247339499746901,2000
222,5,evaluate,3.1726561933755875,0.557,0.34915879615075374,0.2227448058439097,0.2709719730929203,2000
223,0,evaluate,3.9702824652194977,0.4875,0.28848193835790614,0.1941194598965016,0.22847702025326252,2000
223,1,evaluate,3.4930563313620433,0.5048762190547637,0.3018428847308124,0.2010089923967305,0.23839657029254627,1333
223,2,evaluate,4.695347918404473,0.3695260947810438,0.21528411644816461,0.14639904975408866,0.17145179906908717,1667
223,3,evaluate,3.199839510023594,0.56,0.3486356158139196,0.2238644415658111,0.27159701518584867,2000
223,4,evaluate,3.0782518475144,0.5692861427714457,0.27495441252809305,0.23167481692476333,0.24724719162339434,1667
223,5,evaluate,3.4488720212663924,0.4943820224719101,0.3029444773515133,0.19872549903689457,0.23916615630371324,1335
224,0,evaluate,3.2939343601465225,0.555,0.3486220781452805,0.22192141478840913,0.27002428070370643,2000
224,1,evaluate,3.542178222111293,0.5003750937734434,0.2999061737529618,0.19924564496535177,0.23594604182997153,1333
224,2,evaluate,3.5057383605412076,0.48314606741573035,0.30255567349291657,0.19436133185755883,0.23518969264401157,1335
224,3,evaluate,3.16236796202483,0.5620875824835033,0.2730767008789043,0.2298059753114042,0.2444260140898366,1667
224,4,evaluate,4.662860084463049,0.37252549490101977,0.21564479991554703,0.14553590191592963,0.1720368152310586,1667
224,5,evaluate,3.904878504574299,0.4935,0.2868538419437004,0.19657404683067128,0.2304258482450945,2000
225,0,evaluate,3.2314334975348578,0.5620875824835033,0.2747692246662047,0.2307175804671044,0.2447931586459589,1667
225,1,evaluate,3.539676825205485,0.48239700374531835,0.2994368993714603,0.1940211662760139,0.23378382043092158,1335
225,2,evaluate,3.5633608046032132,0.5116279069767442,0.30320736733889947,0.20375867946760012,0.24032176960703514,1333
225,3,evaluate,3.858968436717987,0.4985,0.2857554506672688,0.19867455315738816,0.23235398296468804,2000
225,4,evaluate,4.597235608983923,0.3785242951409718,0.21725142003407005,0.14700072986245677,0.1736948271685812,1667
225,5,evaluate,3.3979707062244415,0.5465,0.3486964697366811,0.2185407466076005,0.26748820800249923,2000
226,0,evaluate,3.8676454424858093,0.495,0.28598340081966345,0.1974016444755182,0.232315320806814,2000
226,1,evaluate,4.531385854438499,0.3887222555488902,0.21873867702006602,0.15127857818071505,0.17710129680938183,1667
226,2,evaluate,3.260023346653691,0.5596880623875224,0.27380614168693074,0.23044504893064496,0.24382120805939972,1667
226,3,evaluate,3.5175740264710926,0.48764044943820223,0.30056992156485335,0.1961481657133582,0.23550007881246787,1335
226,4,evaluate,3.4908313304185867,0.528,0.34509405352339884,0.21116984681221296,0.2610800689628266,2000
226,5,evaluate,3.5197739147004627,0.5138784696174044,0.3047222984518679,0.2046648941968237,0.24141611904349708,1333
227,0,evaluate,3.4743456613449824,0.4868913857677903,0.3015498335046308,0.19585092272646004,0.2357062149031485,1335
227,1,evaluate,4.473492887285021,0.39532093581283745,0.2187067227732573,0.15474462242898265,0.17921843620826233,1667
227,2,evaluate,3.9030569791793823,0.487,0.28582854178911776,0.1943256711680939,0.23047856084036072,2000
227,3,evaluate,3.535629466176033,0.5235,0.34443901430193585,0.20945332419185383,0.25997732717117555,2000
227,4,evaluate,3.2433070694958723,0.5674865026994601,0.27535908028265293,0.2330808077764459,0.24672244289727674,1667
227,5,evaluate,3.4532015323638916,0.5168792198049512,0.3037272330030622,0.20585654833322325,0.24232128719655738,1333
228,0,evaluate,3.3554974851154147,0.5258814703675919,0.30329767022053195,0.2095435275222494,0.24547829904731727,1333
228,1,evaluate,3.4000847453162786,0.49288389513108616,0.30125939579404637,0.1980265198551568,0.23783845320215197,1335
228,2,evaluate,4.005307652056217,0.4715,0.2882462120779878,0.18822944703962435,0.22711540733424762,2000
228,3,evaluate,3.5955048575997353,0.515,0.34531939318494426,0.20620789338679435,0.25785256497558057,2000
228,4,evaluate,3.240936279296875,0.5692861427714457,0.27771843444764166,0.23335046211862592,0.24844200962566668,1667
228,5,evaluate,4.438064637007536,0.39592081583683264,0.21551595875406093,0.15633945890651502,0.17862842617941285,1667
229,0,evaluate,4.100640140473843,0.4605,0.2890031506782749,0.18391300515197967,0.2240825972047174,2000
229,1,evaluate,3.2881923403058733,0.5318829707426856,0.30208758154615417,0.2121628827541607,0.2473446952562973,1333
229,2,evaluate,3.5896500572562218,0.5145,0.3470203494904552,0.20605166801620506,0.2584011428130196,2000
229,3,evaluate,3.215755060867027,0.5722855428914218,0.27847082314499383,0.23355008603596583,0.24966627667432775,1667
229,4,evaluate,4.462022613596033,0.4055188962207559,0.22091872580240235,0.16152624701203652,0.18297357509454432,1667
229,5,evaluate,3.350327582586379,0.4966292134831461,0.3010774279595731,0.19934153336713276,0.2389827399031347,1335
230,0,evaluate,3.256968861534482,0.5318829707426856,0.30147531444501097,0.2121998305586421,0.24746543161050036,1333
230,1,evaluate,3.3343478043874106,0.4936329588014981,0.2976837203430427,0.19799893881391636,0.23702870510434398,1335
230,2,evaluate,4.167489111423492,0.449,0.28892680629864176,0.17930016078283298,0.22015557356666124,2000
230,3,evaluate,3.1939569226017706,0.5734853029394121,0.2786657820953645,0.233280561237223,0.25025543334834566,1667
230,4,evaluate,3.558758333325386,0.5125,0.3465869570309532,0.20536381652305166,0.25766677413809996,2000
230,5,evaluate,4.530497374358,0.40011997600479904,0.22185628170891278,0.161382606986876,0.18172464612618747,1667
231,0,evaluate,3.2206857204437256,0.5348837209302325,0.30305648229035437,0.21349278226492455,0.2491017754832326,1333
231,1,evaluate,3.3164111091977073,0.4958801498127341,0.29733602606790754,0.19866322170840273,0.23739048518037106,1335
231,2,evaluate,4.275920778512955,0.4395,0.28837587555268157,0.1754656804418305,0.21679521215309627,2000
231,3,evaluate,3.162763030440719,0.5788842231553689,0.2790485075028808,0.23467896192600407,0.251837530019386,1667
231,4,evaluate,4.607721734929968,0.39472105578884226,0.22362835876122017,0.16039139841015765,0.18039906599351735,1667
231,5,evaluate,3.5227550268173218,0.513,0.3473526246623771,0.205547032449924,0.25789189238051335,2000
232,0,evaluate,3.321347849709647,0.5078651685393258,0.30353145425309985,0.20349167449864747,0.24253327734565958,1335
232,1,evaluate,3.2448414734431674,0.5258814703675919,0.2994699948385252,0.21011673956747864,0.2456758938160987,1333
232,2,evaluate,3.119294179810418,0.5842831433713257,0.2792397823188633,0.23561968566607927,0.25320984102045274,1667
232,3,evaluate,3.4770686998963356,0.5245,0.34957150910318757,0.21012130143063268,0.26174364506188075,2000
232,4,evaluate,4.350504122674465,0.435,0.28755427752223667,0.17359843054624763,0.21499536895490529,2000
232,5,evaluate,4.670470944157353,0.3905218956208758,0.22349631714319074,0.15859763319811745,0.17918162839879673,1667
233,0,evaluate,3.0999317036734686,0.5854829034193162,0.2795494488912825,0.23593025516805088,0.2534527732545257,1667
233,1,evaluate,4.712142829541807,0.3893221355728854,0.22287509757811472,0.15823611111535135,0.179203575220086,1667
233,2,evaluate,3.369502374104091,0.5056179775280899,0.30680765049387004,0.20277938751794897,0.24305017237942333,1335
233,3,evaluate,4.360458843410015,0.438,0.2856576408818169,0.17471782286845844,0.2153225268938467,2000
233,4,evaluate,3.3094833124251593,0.5311327831957989,0.3041671596795853,0.2122293619568152,0.24855845620422884,1333
233,5,evaluate,3.4346349984407425,0.529,0.34837600327867535,0.21178994296948206,0.26251748639104217,2000
234,0,evaluate,3.457235506602696,0.500374531835206,0.30947623612437597,0.20090169734108984,0.24230881512124575,1335
234,1,evaluate,3.391653855641683,0.5273818454613654,0.3041171522895397,0.21067409684424857,0.24711762696499603,1333
234,2,evaluate,3.3714036718010902,0.5375,0.34648035805764515,0.21493639293930183,0.26417001159921305,2000
234,3,evaluate,4.768735585389314,0.3863227354529094,0.22302542654787133,0.15529730242958104,0.17851368289139116,1667
234,4,evaluate,4.302634485065937,0.454,0.28409918630957437,0.18104821984797317,0.21964890265431825,2000
234,5,evaluate,3.0736771248005055,0.5914817036592681,0.27876799079576536,0.23847604513231152,0.25443919785589153,1667
235,0,evaluate,3.04247126755891,0.5896820635872826,0.2783062632658079,0.23793356813604646,0.25382023489248284,1667
235,1,evaluate,3.573725938796997,0.48764044943820223,0.3095732523716751,0.19594079356501748,0.23832157230806167,1335
235,2,evaluate,3.5013488587879,0.5138784696174044,0.30570503567104,0.20532307994671636,0.24295358108882176,1333
235,3,evaluate,4.789142626303214,0.3857228554289142,0.2210966810966811,0.15282892072861276,0.17811875394262783,1667
235,4,evaluate,4.195463329553604,0.47,0.2853545615428518,0.18743066620404142,0.22488439351290657,2000
235,5,evaluate,3.3026743046939373,0.5455,0.3448811406481412,0.2180133456503513,0.2658471686709918,2000
236,0,evaluate,3.6369008904411677,0.4786516853932584,0.3097455822865659,0.19259933189362932,0.23534230418977703,1335
236,1,evaluate,4.097240701317787,0.4845,0.2839138602425134,0.19322164063557518,0.22868929271159674,2000
236,2,evaluate,3.2813234105706215,0.5535,0.3486487834122757,0.22112575372247423,0.26920020354385565,2000
236,3,evaluate,4.776557154125637,0.38392321535692864,0.22284199353213102,0.15100884912434315,0.1780542258512182,1667
236,4,evaluate,3.569233769462222,0.5071267816954238,0.3039388567820727,0.20237061829320308,0.23985895471158666,1333
236,5,evaluate,3.0241958874243275,0.5872825434913017,0.2767915860072091,0.23723638855115614,0.2524831879633351,1667
237,0,evaluate,3.6126437981923423,0.5078769692423106,0.30320276746396924,0.20253332171060703,0.23967151324698763,1333
237,1,evaluate,3.68465450831822,0.48089887640449436,0.30905835641221086,0.1936300334810221,0.23563858082909145,1335
237,2,evaluate,3.037092915287724,0.5794841031793642,0.2751112074774336,0.2349825218406624,0.24936608609759378,1667
237,3,evaluate,4.797077117142854,0.3887222555488902,0.22398283386791426,0.15260784933896665,0.1798782350571847,1667
237,4,evaluate,4.035661697387695,0.496,0.28473532332045004,0.19780727742847615,0.23213947823303727,2000
237,5,evaluate,3.273170195519924,0.5585,0.3501137581352093,0.2231549393652852,0.27114845129618914,2000
238,0,evaluate,3.6915467580159507,0.48764044943820223,0.30976472700817237,0.19629788824859987,0.23770186992485592,1335
238,1,evaluate,3.6257859525226412,0.5056264066016504,0.3007223140391906,0.2017595096378466,0.23860992964923522,1333
238,2,evaluate,4.842043346828884,0.3887222555488902,0.22437417047651165,0.15233385986824008,0.17992707549093043,1667
238,3,evaluate,4.023722663521767,0.493,0.2840700775103411,0.19660124697673637,0.23101634662602258,2000
238,4,evaluate,3.0707061688105264,0.5746850629874025,0.27472910898545944,0.23371888694346965,0.2480503260584633,1667
238,5,evaluate,3.278539501130581,0.562,0.3487866765059984,0.22457841218223948,0.2719707934676901,2000
239,0,evaluate,3.6969395251501176,0.4891385767790262,0.3091423454806591,0.19688258886654147,0.2383313042871899,1335
239,1,evaluate,4.063197664916515,0.4915,0.2845041981528128,0.1960595814525667,0.23067308458093488,2000
239,2,evaluate,3.1214094161987305,0.5758848230353929,0.275142111400907,0.23398682841609159,0.24861800594574096,1667
239,3,evaluate,4.882488639266403,0.3905218956208758,0.2266474964849392,0.15339363501320763,0.18103369878020942,1667
239,4,evaluate,3.294074445962906,0.5635,0.34804903090005784,0.2252809391654278,0.27252130312407086,2000
239,5,evaluate,3.6399221874418712,0.5018754688672168,0.298347113085767,0.2001893701784369,0.23659675638450794,1333
240,0,evaluate,3.186184450432106,0.5686862627474505,0.2734764974482944,0.2320739386811134,0.24609682980000863,1667
240,1,evaluate,3.5951813402630033,0.5011252813203301,0.29711199267405475,0.1998159130927008,0.23595038382736977,1333
240,2,evaluate,3.645628963197981,0.4891385767790262,0.3065447387900506,0.19682829425803922,0.23781121661309151,1335
240,3,evaluate,4.131663933396339,0.4855,0.287137887553853,0.19371381208318222,0.22956918961005504,2000
240,4,evaluate,4.8964798715379505,0.3899220155968806,0.22452571224967638,0.15384598843800987,0.18039394401058054,1667
240,5,evaluate,3.353686146438122,0.5525,0.3485432684222918,0.22108797187105175,0.26972893417272487,2000
241,0,evaluate,4.8899063799116345,0.385122975404919,0.2196079352393651,0.1526161142273416,0.177523000589653,1667
241,1,evaluate,3.553555045809065,0.49737827715355803,0.30324281834281663,0.1999999109369632,0.2395644245046654,1335
241,2,evaluate,3.2621799486654774,0.5590881823635273,0.27315705865495604,0.22935234334680626,0.2431849692615755,1667
241,3,evaluate,4.224000319838524,0.4725,0.28783332650133225,0.18858502333284272,0.22610467581385482,2000
241,4,evaluate,3.5111305600120906,0.5056264066016504,0.29518301424148774,0.20155929573658105,0.2372826076487155,1333
241,5,evaluate,3.451587103307247,0.5395,0.3497485699500113,0.21607686968172088,0.2661128520239335,2000
242,0,evaluate,3.5287095084786415,0.533,0.3507993500430475,0.21357596225193726,0.2643037739577235,2000
242,1,evaluate,3.3247903011463307,0.5530893821235753,0.27225023341819266,0.2277009340419736,0.2408671144679178,1667
242,2,evaluate,3.491107668195452,0.5026217228464419,0.301772695497346,0.20209996568846506,0.2408188313635317,1335
242,3,evaluate,3.4418636617206393,0.5123780945236309,0.29412220725321686,0.20423945628399826,0.23918206787868468,1333
242,4,evaluate,4.846387112582171,0.38812237552489504,0.21918951373931087,0.15464278921435884,0.17826165006564862,1667
242,5,evaluate,4.2738592475652695,0.4645,0.29285191210331674,0.18550372529531536,0.22541542191615047,2000
243,0,evaluate,3.434200190362476,0.5071161048689139,0.30446630178812695,0.20398729471248336,0.2431610173725222,1335
243,1,evaluate,3.341432562580815,0.5428914217156569,0.27061299633758296,0.2222682139040852,0.23808323110925317,1667
243,2,evaluate,3.392297619865054,0.5146286571642911,0.29524767146382586,0.20520463007196027,0.24034400761939442,1333
243,3,evaluate,4.315507456660271,0.4565,0.2938354894112107,0.18231248357866014,0.22346177928532737,2000
243,4,evaluate,3.5620938912034035,0.5275,0.35104394129948374,0.21138477720330298,0.2627062590419138,2000
243,5,evaluate,4.773098292174162,0.3887222555488902,0.216928676299417,0.15610029970969344,0.17791511822797287,1667
244,0,evaluate,3.3702615896860757,0.5131282820705176,0.2945170590818534,0.20459638236398953,0.24005746138944145,1333
244,1,evaluate,3.401359586488633,0.5108614232209738,0.3044133246678544,0.20539502418172778,0.24435353323524828,1335
244,2,evaluate,4.710209749363087,0.394121175764847,0.21565221722445305,0.15836133819243436,0.17878264117630366,1667
244,3,evaluate,4.351809285581112,0.4515,0.293427742150715,0.1803267393776292,0.22194093756472114,2000
244,4,evaluate,3.3678692093601934,0.5470905818836233,0.2720366528462029,0.22337843842114813,0.24001938505184053,1667
244,5,evaluate,3.5844109132885933,0.5255,0.3541765907248181,0.21060197604412784,0.2630000458649034,2000
245,0,evaluate,4.64321862326728,0.3977204559088182,0.2147042758852767,0.16006735199652286,0.17896873741215824,1667
245,1,evaluate,3.336891605740502,0.5168539325842697,0.3045077003576801,0.2076168779798544,0.24621089584414943,1335
245,2,evaluate,3.3335190569912947,0.5494901019796041,0.2740648920371503,0.22355912497265762,0.24161873970902295,1667
245,3,evaluate,3.320647330511184,0.5116279069767442,0.29342615394985316,0.20417892353685257,0.23957362731348097,1333
245,4,evaluate,4.378639377653599,0.445,0.29430387623113147,0.17774256146419692,0.22018408608021595,2000
245,5,evaluate,3.5574374310672283,0.5215,0.3537525221769978,0.2089939920554012,0.2616166928002124,2000
246,0,evaluate,3.317041521980649,0.5078651685393258,0.3022577531483199,0.20410754896073455,0.24301184605412857,1335
246,1,evaluate,3.3171481518518355,0.5116279069767442,0.29592393634150066,0.20411538825207837,0.24064109967984396,1333
246,2,evaluate,4.608664300706652,0.40011997600479904,0.21737783478144374,0.1612803041242826,0.18043554921107222,1667
246,3,evaluate,4.338536903262138,0.445,0.29322564888306546,0.17764060488022365,0.2202233792129215,2000
246,4,evaluate,3.2664327842217906,0.5530893821235753,0.27440070236108427,0.22522804989138812,0.24282049040505624,1667
246,5,evaluate,3.4808967262506485,0.5325,0.3553607686155941,0.21318470617336147,0.2656593379340144,2000
247,0,evaluate,3.346951371147519,0.503370786516854,0.3010995594881575,0.20214952793250623,0.2412567192233998,1335
247,1,evaluate,3.1957420419763634,0.5650869826034793,0.27714462041073346,0.23021456484794722,0.24708102151237926,1667
247,2,evaluate,3.4041248746216297,0.542,0.35314159626426367,0.21676404127427623,0.26788536268652113,2000
247,3,evaluate,3.3473056725093295,0.5123780945236309,0.2979541751853644,0.20436610934804253,0.24144359598481943,1333
247,4,evaluate,4.603870515470152,0.3977204559088182,0.21755578284140853,0.15954739216134642,0.18000394009316975,1667
247,5,evaluate,4.269278340041637,0.4605,0.2937435827801256,0.18373731212736874,0.2249848663834612,2000
248,0,evaluate,3.4216307458423434,0.5086271567891973,0.29973587202432794,0.20256618673655907,0.24035334368634156,1333
248,1,evaluate,4.639425551449811,0.3905218956208758,0.2163135719044019,0.15589519024508094,0.17763426508156138,1667
248,2,evaluate,3.1387772383513273,0.5770845830833833,0.27955110956561924,0.23413894146295555,0.2511052752905476,1667
248,3,evaluate,3.346677966415882,0.5455,0.3517610860696726,0.2180093847347055,0.26842688625499156,2000
248,4,evaluate,3.428264651979719,0.49213483146067416,0.299655695611578,0.19758809547824735,0.23738877708308595,1335
248,5,evaluate,4.205698907375336,0.4705,0.2910716982445152,0.1876289005809643,0.2268081412587625,2000
249,0,evaluate,4.707193339312518,0.3785242951409718,0.21333172178527296,0.14983467679111678,0.17249436696813286,1667
249,1,evaluate,3.498159578868321,0.5101275318829708,0.3046564183847648,0.20324025784232194,0.24152452664227617,1333
249,2,evaluate,3.496639989671253,0.4958801498127341,0.30137531131271733,0.19900136778558786,0.2384427837611342,1335
249,3,evaluate,4.205017812550068,0.4775,0.2931026553719149,0.19033010027894845,0.22893983520062364,2000
249,4,evaluate,3.372189052402973,0.546,0.35081360690475005,0.2181416438786791,0.26806214915806326,2000
249,5,evaluate,3.1489415610278093,0.5752849430113978,0.2795232974370636,0.23386799491228022,0.2506069908909791,1667
250,0,evaluate,3.1742413617946483,0.5770845830833833,0.2787934756623171,0.2345356015613184,0.2509463754139079,1667
250,1,evaluate,3.5472706953684487,0.5153788447111778,0.30725962932367323,0.20538281195185565,0.24319442070591038,1333
250,2,evaluate,3.5371531758989607,0.49288389513108616,0.3002127197105662,0.19761667536144562,0.23678705470820166,1335
250,3,evaluate,4.79797128394798,0.3767246550689862,0.21596436149976048,0.14933568065729141,0.17262346299984546,1667
250,4,evaluate,3.4250946938991547,0.545,0.35154847478317225,0.21757792744491006,0.26735998905707353,2000
250,5,evaluate,4.237292677164078,0.477,0.29259911690188245,0.19011239864926083,0.2285678875551865,2000
251,0,evaluate,4.901141007741292,0.3773245350929814,0.21653248944179215,0.15011301012394127,0.17290747988507937,1667
251,1,evaluate,3.5550891898927235,0.501123595505618,0.30365744888511254,0.2008118607918016,0.23993853395854794,1335
251,2,evaluate,3.5704138619559154,0.5198799699924981,0.3047323585719801,0.20718370771973102,0.24348996849228052,1333
251,3,evaluate,3.1825911822142423,0.5788842231553689,0.27856318816540515,0.23553717559855883,0.25139868448989805,1667
251,4,evaluate,4.2790322825312614,0.4805,0.2942279326021858,0.19140755049619979,0.2296730096282964,2000
251,5,evaluate,3.4825296998023987,0.5395,0.34925669147790983,0.2153394794692108,0.26493032992267623,2000
252,0,evaluate,3.5675657590230307,0.5236309077269318,0.30308753185348924,0.2087858253660965,0.24406542954157828,1333
252,1,evaluate,3.2161049048105874,0.5830833833233353,0.27748082171272737,0.23761640126372732,0.2519777978121259,1667
252,2,evaluate,3.5423446148633957,0.537,0.34715380793826967,0.21437784711070096,0.2636359639341677,2000
252,3,evaluate,4.988010344681917,0.3767246550689862,0.2178281773118939,0.14962811360575765,0.17304253779759052,1667
252,4,evaluate,3.5512673287164596,0.49812734082397003,0.29971178231059836,0.19968005618096363,0.2378102472095076,1335
252,5,evaluate,4.333447270095348,0.482,0.29630695916126715,0.19198907968600792,0.23068715969420656,2000
253,0,evaluate,3.4938398542858304,0.5266316579144786,0.30060508520548734,0.21018612450068827,0.24425122386901216,1333
253,1,evaluate,3.238260353053058,0.5818836232753449,0.27587376238632955,0.23731788742404678,0.2509976435038637,1667
253,2,evaluate,4.373282425105572,0.4765,0.2951781771388961,0.18982086560393185,0.22913829994949558,2000
253,3,evaluate,3.479196207863944,0.5041198501872659,0.3003297237517261,0.2022352751524592,0.2397575135078553,1335
253,4,evaluate,4.993591900225039,0.38452309538092383,0.2209080660503504,0.15371634982474447,0.17653341569395928,1667
253,5,evaluate,3.5746588706970215,0.531,0.3481340892354893,0.21201555588778373,0.26210309244266455,2000
254,0,evaluate,3.2888068711316145,0.5776844631073785,0.2761286201931909,0.23542781846481858,0.24945292966919932,1667
254,1,evaluate,3.4629669984181723,0.5296324081020255,0.2992256566945694,0.21155034893117408,0.24523454601739353,1333
254,2,evaluate,4.940976831648085,0.3899220155968806,0.22190645728696462,0.15607304435379848,0.1789540028515509,1667
254,3,evaluate,4.361325316131115,0.4695,0.29327998806087285,0.18708045914834898,0.2268698063283397,2000
254,4,evaluate,3.4566127345675515,0.5116104868913858,0.3005039541739049,0.20519683621374324,0.2418400110086895,1335
254,5,evaluate,3.5843898355960846,0.527,0.3475955541155815,0.21051924551454504,0.26085424373266236,2000
255,0,evaluate,3.5657394230365753,0.522,0.34967654739179593,0.20863715372150943,0.259788497138432,2000
255,1,evaluate,4.86186507013109,0.39832033593281346,0.22360676774454452,0.15987701278246425,0.18190332495468806,1667
255,2,evaluate,4.352725557982922,0.4585,0.2925397008620298,0.18273117445286916,0.22360083359186084,2000
255,3,evaluate,3.3806921413966586,0.5153558052434457,0.2997436286218707,0.2066919556706547,0.24346521638731083,1335
255,4,evaluate,3.384896312441145,0.5311327831957989,0.29952447039658847,0.21198747227980186,0.2463504184164635,1333
255,5,evaluate,3.3186108536190457,0.5734853029394121,0.276085151802667,0.23398724741749125,0.24802414560018385,1667
256,0,evaluate,4.793789598676893,0.40071985602879423,0.2218804511706094,0.1617392336383145,0.18211551820706964,1667
256,1,evaluate,3.536625102162361,0.5215,0.351576606873678,0.2086885095639456,0.260337523611126,2000
256,2,evaluate,3.337387517646507,0.5656868626274745,0.27626971427252833,0.23053043619244473,0.24603961600940183,1667
256,3,evaluate,3.3341784250168574,0.5311327831957989,0.2970177262093112,0.21195419990333333,0.24642434703537414,1333
256,4,evaluate,4.3299464881420135,0.4545,0.29145762467652386,0.18130337303762267,0.22250066047303307,2000
256,5,evaluate,3.334235804421561,0.5191011235955056,0.30069315940534275,0.20839386703022197,0.24528782234473995,1335
257,0,evaluate,3.342085741184376,0.5650869826034793,0.2767956123332511,0.22884127823428108,0.24648890299278475,1667
257,1,evaluate,4.29122843593359,0.446,0.28936798353935067,0.17799378298013807,0.2192851144776627,2000
257,2,evaluate,4.728280155747025,0.40431913617276544,0.22303571895433882,0.16337043450527547,0.1834437715790036,1667
257,3,evaluate,3.331064224243164,0.5311327831957989,0.29953953377199294,0.21182986945804094,0.24747347112856763,1333
257,4,evaluate,3.336460965020316,0.5086142322097378,0.29929362996790176,0.20419062607084387,0.24202342156535045,1335
257,5,evaluate,3.4816195107996464,0.518,0.3513801461427375,0.2074130371565608,0.2594249340127993,2000
258,0,evaluate,4.2449473813176155,0.447,0.28944718968361144,0.17845989961841255,0.21941267271148424,2000
258,1,evaluate,3.3902544861748103,0.5026217228464419,0.3012338762931983,0.20180044357845484,0.2410627665136083,1335
258,2,evaluate,3.331486640153108,0.563887222555489,0.2771296042604231,0.22722632010373225,0.24658420181330154,1667
258,3,evaluate,3.384339548292614,0.5168792198049512,0.2981723206387913,0.20620440493163752,0.24305024969931735,1333
258,4,evaluate,3.408945359289646,0.528,0.3524487794499825,0.2115225809131717,0.2630172943985704,2000
258,5,evaluate,4.704255616223371,0.40311937612477505,0.22057778439523382,0.16242917042054303,0.1826404920043478,1667
259,0,evaluate,4.691250103491324,0.39832033593281346,0.21803802410056267,0.1596710271165477,0.18090537209464844,1667
259,1,evaluate,4.139916077256203,0.45,0.2880035607686781,0.1796488390179972,0.21939560223764526,2000
259,2,evaluate,3.490978343146188,0.4891385767790262,0.3006271145571654,0.19649029468954965,0.23698273169102269,1335
259,3,evaluate,3.4729423636481878,0.5078769692423106,0.2993672959924261,0.2025837633550231,0.2405745679736846,1333
259,4,evaluate,3.3258123132917614,0.5596880623875224,0.2782068800800382,0.22473708646941454,0.24587718232504185,1667
259,5,evaluate,3.3207456953823566,0.538,0.3515942879045203,0.21560863362678045,0.2659831349652319,2000
260,0,evaluate,3.5875787280854725,0.4749063670411985,0.2989662406955561,0.19102054751056566,0.23210138525187185,1335
260,1,evaluate,4.0709530636668205,0.4635,0.2875479442000499,0.18505249381024952,0.22329213074005202,2000
260,2,evaluate,3.2541910223662853,0.548,0.3486206866495045,0.21961931817344552,0.2683074243883026,2000
260,3,evaluate,3.3267622082321733,0.5584883023395321,0.2778996142882325,0.22324325348237886,0.2454285497407339,1667
260,4,evaluate,4.700989158065231,0.39592081583683264,0.21893346960574078,0.15821551733174008,0.18076986443535942,1667
260,5,evaluate,3.5583823521931968,0.49287321830457614,0.29787115902513095,0.19659908463561052,0.23555831126758067,1333
261,0,evaluate,3.1760308258235455,0.562,0.3497606671309458,0.22510067671797648,0.273058274976079,2000
261,1,evaluate,3.2909488766281694,0.5578884223155369,0.2782200639230291,0.22208135201139173,0.24548262108660707,1667
261,2,evaluate,3.672826029005505,0.46292134831460674,0.2988910518233497,0.18626150065427932,0.22841697019068471,1335
261,3,evaluate,3.6261520499274846,0.48612153038259565,0.2980395761113862,0.19394831389612358,0.23366043061397912,1333
261,4,evaluate,4.727259847852919,0.39592081583683264,0.21843357178595652,0.15768958284167855,0.18066895287060736,1667
261,5,evaluate,3.998092457652092,0.471,0.2862831318487852,0.18800323463116317,0.22510079932148716,2000
262,0,evaluate,3.7027682122730075,0.46142322097378274,0.3001899870435065,0.18551626480311167,0.22850326874464427,1335
262,1,evaluate,4.76843559300458,0.39112177564487105,0.2183271622037842,0.154562313533728,0.17929595916117474,1667
262,2,evaluate,3.123985629528761,0.5625,0.3485467655255641,0.22517949643329657,0.27298904469351765,2000
262,3,evaluate,3.6462549368540444,0.48237059264816207,0.2994297630555111,0.1924830543091274,0.2333345629270549,1333
262,4,evaluate,3.9559968784451485,0.485,0.28667546926418414,0.19352067882955817,0.22921424332966528,2000
262,5,evaluate,3.2262796428468494,0.5584883023395321,0.27457865938544107,0.2219938043129906,0.24429157498942228,1667
263,0,evaluate,3.686399527958461,0.4876219054763691,0.3012646557103518,0.19460335551814484,0.23547650393507272,1333
263,1,evaluate,4.839866364443743,0.3887222555488902,0.21773789919014658,0.1522757888890144,0.17784789724499747,1667
263,2,evaluate,3.7508534703935896,0.46217228464419474,0.29974246667890514,0.1860187691443781,0.22832506050501164,1335
263,3,evaluate,3.150465236769782,0.5686862627474505,0.2757410548396252,0.22697026759444228,0.2477740550772461,1667
263,4,evaluate,3.115054417401552,0.5655,0.3461423425728076,0.22619793327032856,0.27316551086669566,2000
263,5,evaluate,3.948859788477421,0.492,0.2865245998514229,0.1962280466952473,0.23124173254692929,2000
264,0,evaluate,3.6869851861681258,0.49287321830457614,0.3024178822643452,0.19688692282394632,0.23708894399549055,1333
264,1,evaluate,3.106146812438965,0.5728854229154169,0.27532373974515656,0.23038962308922778,0.24894606918469425,1667
264,2,evaluate,3.7537664345332553,0.46367041198501874,0.29983746210508766,0.1865765811861905,0.2283897121108435,1335
264,3,evaluate,4.938412030537923,0.3899220155968806,0.21981568415579184,0.15246974485038378,0.17850439833117746,1667
264,4,evaluate,4.02653444558382,0.4885,0.28840741067185893,0.19478445113706155,0.23093432450758772,2000
264,5,evaluate,3.1732704117894173,0.564,0.3459357155617041,0.2254439529750905,0.27254579377824073,2000
265,0,evaluate,3.7153119019099643,0.48089887640449436,0.3036402208795601,0.1934041322131875,0.2339205201038877,1335
265,1,evaluate,3.6486971832457042,0.5018754688672168,0.3029935045331603,0.20034161679926882,0.23856196241658711,1333
265,2,evaluate,5.05667268788373,0.3815236952609478,0.21911213535839041,0.149410522597598,0.17581109910626497,1667
265,3,evaluate,3.099042225767065,0.5758848230353929,0.27579790380146224,0.23343209551394323,0.24984320636338353,1667
265,4,evaluate,4.115847826004028,0.4915,0.28916176855522363,0.19594607290084892,0.23216060888615586,2000
265,5,evaluate,3.279029220342636,0.549,0.34743172788142046,0.21936817980342488,0.2683023076240573,2000
266,0,evaluate,3.5966222172691706,0.5116279069767442,0.30528432218846985,0.20429777373363284,0.24065326143451143,1333
266,1,evaluate,3.6510278838021413,0.4936329588014981,0.305985190836778,0.19831453680207142,0.23768545633297897,1335
266,2,evaluate,5.157642117253056,0.3749250149970006,0.21880779420968316,0.14723104054552844,0.17368189980275653,1667
266,3,evaluate,3.1206346882714167,0.5806838632273545,0.27636025209291587,0.23779534140104563,0.25048845675066245,1667
266,4,evaluate,4.214251771569252,0.486,0.28920291434134654,0.19372109063054113,0.23052930760923837,2000
266,5,evaluate,3.409819059073925,0.54,0.34485564699114996,0.2156780810536334,0.2647114973713654,2000
267,0,evaluate,3.5492012273697626,0.5251312828207052,0.30440344353803167,0.20974243707901447,0.24394184545286574,1333
267,1,evaluate,3.5869120189121793,0.49737827715355803,0.3024890097000314,0.1997071130862324,0.23744833641049015,1335
267,2,evaluate,3.156856302861814,0.5764847030593881,0.27460540462852745,0.236991224205891,0.2486178846561681,1667
267,3,evaluate,3.552890308201313,0.53,0.3475273955973299,0.211718207855349,0.2625239007375586,2000
267,4,evaluate,5.256386527308711,0.370125974805039,0.21704098195239224,0.14654417402965794,0.17127433735563344,1667
267,5,evaluate,4.346075303852558,0.475,0.29257926688488134,0.1893362277798653,0.2284869102831258,2000
268,0,evaluate,4.43560079485178,0.468,0.2937335632379018,0.18662280529372396,0.22711896256827604,2000
268,1,evaluate,3.5165251663752963,0.5341335333833458,0.30438964780273864,0.21333965238872948,0.24617931368223775,1333
268,2,evaluate,3.5304927031199136,0.4958801498127341,0.3002486245931388,0.1990639172016572,0.2359839935529755,1335
268,3,evaluate,3.166078726450602,0.5758848230353929,0.2743232526223671,0.23673003655303426,0.24812625343621453,1667
268,4,evaluate,5.257744665499087,0.37252549490101977,0.21973954879689933,0.14794365526963849,0.17258789298064903,1667
268,5,evaluate,3.6350996866822243,0.5205,0.3501814368946485,0.20794048480837604,0.2602042368806875,2000
269,0,evaluate,5.204165423357928,0.3755248950209958,0.22033904636781862,0.1497053969013818,0.1737031728521313,1667
269,1,evaluate,3.5026206516084217,0.49812734082397003,0.2988273214544401,0.19995743543876127,0.2365953061679003,1335
269,2,evaluate,3.194596979353163,0.5782843431313738,0.27573619575929437,0.23735375997396807,0.24940300713019767,1667
269,3,evaluate,3.518693004335676,0.5341335333833458,0.3022598346305937,0.2133015312178649,0.24543309766574098,1333
269,4,evaluate,3.69546976685524,0.517,0.3520903029861826,0.20657886731683087,0.2596900605801829,2000
269,5,evaluate,4.471290998160839,0.463,0.2943324012102051,0.18466736433522596,0.22610954474399653,2000
270,0,evaluate,3.4875700246720087,0.49962546816479403,0.29901408947167,0.20064709061117503,0.2379804416394792,1335
270,1,evaluate,3.511185021627517,0.5326331582895724,0.30442229526543313,0.2127208649136921,0.2465202356469527,1333
270,2,evaluate,3.2279964376378945,0.5764847030593881,0.27624209729081994,0.2366409408785896,0.24917312853279433,1667
270,3,evaluate,5.06447273713571,0.3893221355728854,0.22254317146856942,0.15563853297239133,0.17876584063960377,1667
270,4,evaluate,4.461407668888569,0.4615,0.29522043227624223,0.18412732195644735,0.22608803669633742,2000
270,5,evaluate,3.730059877038002,0.515,0.3517088821315345,0.2058290175274371,0.2587176426065181,2000
271,0,evaluate,4.922647140644215,0.39172165566886624,0.21969633885581655,0.15694903093255194,0.17886527324546014,1667
271,1,evaluate,3.2407303562870733,0.5746850629874025,0.27632224277240813,0.23517067067129926,0.2484704188552111,1667
271,2,evaluate,3.4906969411032542,0.50187265917603,0.2995710429920956,0.20140829012106115,0.23953400923628815,1335
271,3,evaluate,3.6996859461069107,0.521,0.3518944794781206,0.20839232477668537,0.2608145365866054,2000
271,4,evaluate,3.4991178399040583,0.5296324081020255,0.3040570075801249,0.21148768674677534,0.24644748230848879,1333
271,5,evaluate,4.422527775168419,0.4625,0.29729059364880017,0.18455990297377967,0.2270508306137386,2000
272,0,evaluate,3.569083157039824,0.49138576779026216,0.3013473503110809,0.19747479571722573,0.2374846047958822,1335
272,1,evaluate,4.76588503519694,0.40371925614877024,0.22306356463641458,0.16103033233877873,0.18352584819183412,1667
272,2,evaluate,3.538145519438244,0.5123780945236309,0.30273789572718185,0.20441109485796077,0.241874933503617,1333
272,3,evaluate,3.256186282193219,0.5668866226754649,0.2759218901752959,0.23045339105552057,0.2464979726445816,1667
272,4,evaluate,3.6198567152023315,0.5305,0.351524194556741,0.2122993168216205,0.263521275002428,2000
272,5,evaluate,4.30377271771431,0.464,0.2939516263784199,0.1851955240743952,0.22654926154926153,2000
273,0,evaluate,3.6742077668507895,0.4853932584269663,0.3016214138300082,0.19515064322438475,0.235998234307087,1335
273,1,evaluate,4.190246514976025,0.471,0.2921627004683963,0.18800925683424946,0.22816120072224103,2000
273,2,evaluate,3.5265086740255356,0.5405,0.3506494466516004,0.2163627499252352,0.26633240908992967,2000
273,3,evaluate,3.604494492212931,0.5011252813203301,0.3031271286340813,0.19961949544257784,0.23856058812406467,1333
273,4,evaluate,3.296309400487829,0.5644871025794841,0.27638966504167073,0.22885149314324002,0.24621644498630085,1667
273,5,evaluate,4.671231243345472,0.41031793641271747,0.2250950375273142,0.16322024077930422,0.18623037989819688,1667
274,0,evaluate,3.7179884797050837,0.4898724681170293,0.30416169892818035,0.19504397819880867,0.23515502254370363,1333
274,1,evaluate,3.317331155141195,0.5608878224355129,0.2743504533222303,0.22621227486790857,0.24451850816909976,1667
274,2,evaluate,4.070683971047401,0.4815,0.2879265881660655,0.19217880699604498,0.2297227957687406,2000
274,3,evaluate,4.638024630369963,0.40611877624475107,0.22491624148621928,0.16062194722459422,0.18503516420187163,1667
274,4,evaluate,3.8160809675852456,0.47116104868913855,0.3008632665455929,0.18970999338484293,0.2314284958897342,1335
274,5,evaluate,3.4093542881309986,0.554,0.35060708090054205,0.2217579386332514,0.27049410917446376,2000
275,0,evaluate,3.811047292891003,0.48612153038259565,0.3049881010298433,0.1934852516068411,0.23449014361197787,1333
275,1,evaluate,3.933058704648699,0.4584269662921348,0.2991117976094502,0.18472664616880874,0.22698737465307448,1335
275,2,evaluate,4.646127939224243,0.39832033593281346,0.2228237993468875,0.15663653338128525,0.18228495311167944,1667
275,3,evaluate,3.3073897273452193,0.5620875824835033,0.27454052076851804,0.22605440396737841,0.24506350477348482,1667
275,4,evaluate,3.3025687783956528,0.566,0.3485983621304254,0.22650308185521703,0.2734830969654607,2000
275,5,evaluate,4.002190820872784,0.492,0.28610611877543246,0.19634534838623546,0.231869242030219,2000
276,0,evaluate,3.893329620361328,0.48537134283570893,0.30756209543880775,0.19302811500595435,0.23507047959589372,1333
276,1,evaluate,4.0215327853248235,0.4434456928838951,0.29748569284173,0.1788079834324939,0.22170466293980864,1335
276,2,evaluate,3.2796572932490595,0.5656868626274745,0.2760820155272873,0.22726940067911472,0.24646000632762233,1667
276,3,evaluate,3.9582407511770725,0.4935,0.2828981816997552,0.19691991578817677,0.23083981280195784,2000
276,4,evaluate,3.2322277203202248,0.574,0.3480364505042557,0.2296204790280738,0.2756499245733809,2000
276,5,evaluate,4.660421318478054,0.39472105578884226,0.22175606041585424,0.15412377020160467,0.18077182250768198,1667
277,0,evaluate,3.9960716111319408,0.44719101123595506,0.3018685446009389,0.18024394365783228,0.22394236401087336,1335
277,1,evaluate,3.2215822714346425,0.5686862627474505,0.2752718699593758,0.228113103815825,0.24691585796392204,1667
277,2,evaluate,3.8778683003925143,0.4966241560390098,0.31036253824045323,0.19744780332636092,0.23915338395895427,1333
277,3,evaluate,3.204167902469635,0.578,0.3482729889702204,0.23114173490498144,0.27691367294106234,2000
277,4,evaluate,4.721799285323532,0.3893221355728854,0.2221512027982871,0.15240113503177985,0.17947510393818245,1667
277,5,evaluate,4.007241651415825,0.4925,0.2826826126072974,0.1964843120868666,0.23057407820791478,2000
278,0,evaluate,3.938239256540934,0.4591760299625468,0.30155393922070556,0.18496539388907332,0.22783436502308643,1335
278,1,evaluate,4.105661898851395,0.481,0.2824409598032125,0.19188408672987048,0.22707159447894795,2000
278,2,evaluate,3.165980162443938,0.5746850629874025,0.2750590508919555,0.23114998328038894,0.24869235237826803,1667
278,3,evaluate,3.208790771663189,0.5715,0.3474945092186471,0.22850234386473106,0.27495077857429007,2000
278,4,evaluate,4.840779534092656,0.38752249550089984,0.22523992053510825,0.15268855500971912,0.18008204213361195,1667
278,5,evaluate,3.8402864251817976,0.5026256564141035,0.30953700889030633,0.1998566465361994,0.2409342293592492,1333
279,0,evaluate,3.7652026131039573,0.5138784696174044,0.3087321726200729,0.20443749228325014,0.24374529271575893,1333
279,1,evaluate,3.8309267361958823,0.47116104868913855,0.29884484566830166,0.18952584754055762,0.23074393266387272,1335
279,2,evaluate,4.242852542549372,0.469,0.28452599285378205,0.18718303738543585,0.22450335865898907,2000
279,3,evaluate,4.92143933861344,0.3905218956208758,0.22809657493698499,0.15456302589251178,0.1818634899413812,1667
279,4,evaluate,3.1452330395027444,0.5788842231553689,0.2757144973508604,0.23380943113004599,0.25009688647509376,1667
279,5,evaluate,3.2835964299738407,0.564,0.3477658805910608,0.22544753898687916,0.27295662807542914,2000
280,0,evaluate,3.1443072424994574,0.5818836232753449,0.27561925801473397,0.23594404714077308,0.25073792726747285,1667
280,1,evaluate,3.7108779067084905,0.49063670411985016,0.30073769345823614,0.197165936238436,0.23664427672831145,1335
280,2,evaluate,5.0000545890242964,0.38752249550089984,0.22465888468192086,0.15399219041065346,0.17985179706417712,1667
280,3,evaluate,3.6821112632751465,0.5236309077269318,0.3085547111565369,0.20862015033316483,0.24640480895915678,1333
280,4,evaluate,4.410964585840702,0.4645,0.28705795819177754,0.18535296562557058,0.223859396622036,2000
280,5,evaluate,3.4030472710728645,0.5515,0.34968657173939544,0.22050684061611273,0.26987072935545375,2000
281,0,evaluate,3.1655199704346835,0.584883023395321,0.27805337437677946,0.23801480611661824,0.2522639388955404,1667
281,1,evaluate,4.595067463815212,0.4535,0.2876507793155635,0.18099805961087417,0.22108407141885444,2000
281,2,evaluate,3.6061823935735795,0.5318829707426856,0.3060561148091411,0.2120355705383529,0.24790279692143719,1333
281,3,evaluate,3.587852364494687,0.500374531835206,0.299566829639601,0.20107772152704811,0.23885239269511277,1335
281,4,evaluate,5.03011534832142,0.3893221355728854,0.22430300370827133,0.15489037408910936,0.1795798990770518,1667
281,5,evaluate,3.543678857386112,0.533,0.35010198997967557,0.2132687444587543,0.2645281274500756,2000
282,0,evaluate,3.523411830266317,0.5483870967741935,0.30269367521398843,0.2188591532181854,0.25189347622171415,1333
282,1,evaluate,3.476411921637399,0.5131086142322098,0.298397793458299,0.20588341603949586,0.2423089763921255,1335
282,2,evaluate,5.05208827831127,0.39832033593281346,0.225002237328443,0.15963786783281836,0.18232384248928518,1667
282,3,evaluate,4.775011032819748,0.4405,0.28857295390460536,0.17587158681903267,0.2174095550332805,2000
282,4,evaluate,3.667908526957035,0.521,0.35314996725253794,0.20847458166245897,0.2615805067200182,2000
282,5,evaluate,3.1942385920771845,0.584883023395321,0.2772382500883317,0.2385433548122901,0.25222401769615177,1667
283,0,evaluate,3.467059305735997,0.5108614232209738,0.29833647131906166,0.2050599677012897,0.24203960357827975,1335
283,1,evaluate,4.813932456076145,0.4415,0.2908014466516706,0.17628753673801598,0.21849110097074362,2000
283,2,evaluate,3.237458074534381,0.5776844631073785,0.2754305927667131,0.23568441092906728,0.2498241336334388,1667
283,3,evaluate,3.512776249930972,0.5506376594148538,0.2999064551445204,0.21977894810473933,0.25180850747540395,1333
283,4,evaluate,5.049651419674909,0.39472105578884226,0.221208924638521,0.15835804760368102,0.18034949513716958,1667
283,5,evaluate,3.7189842611551285,0.52,0.3539591619573206,0.20805261641941178,0.26162365929460196,2000
284,0,evaluate,3.276798407236735,0.5776844631073785,0.2771379826806507,0.2359293735168583,0.25070723721474203,1667
284,1,evaluate,3.50759490331014,0.5063670411985018,0.2981345691088836,0.2034633257340297,0.24069643945966127,1335
284,2,evaluate,3.5405864942641485,0.5438859714928732,0.29940239650412337,0.2172626264884741,0.24982797190203426,1333
284,3,evaluate,3.752474382519722,0.518,0.3532454076026178,0.20726844729807756,0.26078487885691704,2000
284,4,evaluate,5.006753153271145,0.39892021595680865,0.22148435341596637,0.15944654149301649,0.18188989996740415,1667
284,5,evaluate,4.7745237946510315,0.445,0.29098358838553645,0.1776853009047931,0.21995397369018893,2000
285,0,evaluate,3.5551952521006265,0.5431357839459865,0.2986604120538347,0.21696137743069815,0.24935671281918542,1333
285,1,evaluate,3.7555661275982857,0.5155,0.35182828180655157,0.20631230056945243,0.25969770705670003,2000
285,2,evaluate,3.536293461209252,0.5093632958801498,0.2996985711262825,0.2047219062339895,0.24224109410099626,1335
285,3,evaluate,3.2898524160738343,0.5734853029394121,0.27626369239159165,0.233638469931722,0.2495251421106827,1667
285,4,evaluate,4.960389216740926,0.4013197360527894,0.2212947693796102,0.16011051127109333,0.1823319733263151,1667
285,5,evaluate,4.698676154017448,0.448,0.28927180314287515,0.17885809232470432,0.22041234776108407,2000
286,0,evaluate,3.624445290792556,0.5303825956489122,0.2980116794912113,0.2118870685774076,0.2455112860553917,1333
286,1,evaluate,3.681868113577366,0.522,0.35227891953348045,0.20893809226966048,0.261911243316001,2000
286,2,evaluate,3.6247948578425815,0.4951310861423221,0.29942373055026633,0.1992626083757997,0.23791599435256156,1335
286,3,evaluate,4.967195431391398,0.4013197360527894,0.21985294939090658,0.15906598721885873,0.18199451400933547,1667
286,4,evaluate,4.56916356831789,0.4625,0.29054975497191127,0.18459302845835557,0.2248983794012914,2000
286,5,evaluate,3.2680938243865967,0.5740851829634073,0.2755988277900781,0.2337931725203472,0.2495661427580435,1667
287,0,evaluate,3.2266191553186485,0.5800839832033593,0.27700705419078914,0.23565354744438305,0.25158076484920355,1667
287,1,evaluate,4.975004408094618,0.39892021595680865,0.2190034261839812,0.15718139066478237,0.18122736299412684,1667
287,2,evaluate,3.7532152221316384,0.4794007490636704,0.30116724658764016,0.19318101327462295,0.23380739706815445,1335
287,3,evaluate,3.730024837312244,0.5161290322580645,0.29889456993199426,0.20611059299993678,0.24150235829390762,1333
287,4,evaluate,4.397169470787048,0.4765,0.29045299310488204,0.19017837342386396,0.22888205364185063,2000
287,5,evaluate,3.5817563757300377,0.5265,0.3485398682571862,0.21067597438189978,0.2622288827739333,2000
288,0,evaluate,3.1836431644580983,0.5818836232753449,0.2763834871599508,0.23588044587343932,0.2516985030722612,1667
288,1,evaluate,3.7995744205656505,0.5011252813203301,0.2987401272866444,0.19999691448371368,0.23659001578741226,1333
288,2,evaluate,4.278447218239307,0.486,0.28778113853304677,0.19390019790324708,0.23057652493994638,2000
288,3,evaluate,3.851567926860991,0.46367041198501874,0.3003486394557823,0.18694933226101434,0.2286123656554321,1335
288,4,evaluate,4.999668721799497,0.39232153569286143,0.2190696304933583,0.15401597505278833,0.17947302980836521,1667
288,5,evaluate,3.4945967942476273,0.539,0.3477124856731127,0.21559847299699597,0.26563128633098143,2000
289,0,evaluate,3.969775302069528,0.45543071161048687,0.3021435744242762,0.18373453425932174,0.22666616161927217,1335
289,1,evaluate,3.884753942489624,0.4898724681170293,0.2982133298519421,0.19537297794827274,0.23307639007211742,1333
289,2,evaluate,4.178994037210941,0.5,0.2873777689575308,0.19939506644239238,0.2339731759943477,2000
289,3,evaluate,3.174266152911716,0.5836832633473306,0.276927502034248,0.2356176748944617,0.25218961324621747,1667
289,4,evaluate,3.4191326647996902,0.5465,0.34599197670183907,0.218583805368432,0.26745832229574235,2000
289,5,evaluate,5.041202501014427,0.3893221355728854,0.22041333955042647,0.1524532313561205,0.17906983203765997,1667
290,0,evaluate,3.9197621118454706,0.4838709677419355,0.3012404603418428,0.19267181022509142,0.23171641035432994,1333
290,1,evaluate,4.027755260467529,0.448689138576779,0.29988673804632165,0.1809439016423447,0.2234780901785216,1335
290,2,evaluate,4.162160538136959,0.5005,0.2867597967169603,0.1995118148027001,0.2332668333866459,2000
290,3,evaluate,5.117592299426043,0.3827234553089382,0.21989125166868137,0.15015230485210976,0.17688667229600674,1667
290,4,evaluate,3.176955258404767,0.584883023395321,0.27731147685442703,0.23552094872804874,0.2523450631841431,1667
290,5,evaluate,3.3761187568306923,0.555,0.34615214625169827,0.22194833262743313,0.26977385182321595,2000
291,0,evaluate,3.9968985375903903,0.44569288389513106,0.29613645316385356,0.17959634449671705,0.22173272853677334,1335
291,1,evaluate,3.1833187209235296,0.5866826634673066,0.2782194576143836,0.23676451728476744,0.2529380774231823,1667
291,2,evaluate,5.1662534607781305,0.379124175164967,0.22126329856948254,0.14906822249895665,0.1762407808571144,1667
291,3,evaluate,3.380658019334078,0.556,0.3463814548407243,0.22233281880233008,0.2700043812621868,2000
291,4,evaluate,3.8762336458478654,0.490622655663916,0.30155366318328075,0.19522836168236116,0.23391442951824368,1333
291,5,evaluate,4.195034220814705,0.4985,0.2871268344068959,0.19869402041015297,0.23269669379570818,2000
292,0,evaluate,5.187684129785608,0.3749250149970006,0.2207128797226629,0.14831846182606662,0.17469407015597616,1667
292,1,evaluate,3.90856062798273,0.4591760299625468,0.29934164735638297,0.18467454607353356,0.22688310703056436,1335
292,2,evaluate,4.291528701782227,0.4905,0.28741019356609876,0.19544701381985938,0.23036284347873162,2000
292,3,evaluate,3.78267392658052,0.495873968492123,0.3024810662588441,0.19724887345962042,0.23613717276699742,1333
292,4,evaluate,3.188396418536151,0.5854829034193162,0.27890173748891733,0.23642324753196314,0.2526071255000871,1667
292,5,evaluate,3.4153895527124405,0.551,0.3472739620748363,0.22033993860806333,0.2685992931261948,2000
293,0,evaluate,3.8343545709337508,0.4696629213483146,0.300519622142037,0.1886296030838967,0.23061515005156955,1335
293,1,evaluate,3.6992958046141124,0.5048762190547637,0.2992986822456839,0.20105232483138008,0.23875833914905936,1333
293,2,evaluate,5.176694675728127,0.3755248950209958,0.22125355607434907,0.14972591843145924,0.17478396637655316,1667
293,3,evaluate,3.4762812964618206,0.546,0.34721540407518,0.2183568422727112,0.26688592175314957,2000
293,4,evaluate,4.393204927444458,0.4765,0.2874270521545996,0.18984004552007966,0.22607387350411812,2000
293,5,evaluate,3.2105204970748336,0.5854829034193162,0.2799362331931817,0.23743746112640904,0.25305613971999896,1667
294,0,evaluate,3.6265678178696406,0.5101275318829708,0.2971924832102165,0.20331105085763973,0.24008787780890534,1333
294,1,evaluate,5.1669163350705745,0.3707258548290342,0.21955836662437686,0.14860484125135387,0.17253168239956293,1667
294,2,evaluate,4.494583174586296,0.465,0.28746838068733593,0.18530322572532296,0.22327770207402525,2000
294,3,evaluate,3.556215640157461,0.5425,0.34944519012716085,0.21696646379636947,0.2664941637935751,2000
294,4,evaluate,3.7509233951568604,0.4786516853932584,0.2991451617279931,0.19220142540937268,0.2330331436020762,1335
294,5,evaluate,3.2360491399411804,0.5812837432513497,0.2777522660932536,0.2355234087263728,0.25095144776236533,1667
295,0,evaluate,3.2467249940942833,0.5800839832033593,0.27801864674862387,0.23560291039651352,0.25113934240137403,1667
295,1,evaluate,4.579704746603966,0.454,0.28676787595344766,0.1809793157662664,0.22021684551875778,2000
295,2,evaluate,3.5834016572861445,0.5213803450862715,0.2994026019619442,0.20797434413370972,0.24410943589020073,1333
295,3,evaluate,5.143671998271236,0.3773245350929814,0.21933537573452205,0.1517637626953784,0.1745332682418998,1667
295,4,evaluate,3.6057714000344276,0.533,0.3516142072807459,0.213245412631519,0.26424885314330904,2000
295,5,evaluate,3.676328795296805,0.49138576779026216,0.30335563771767854,0.1972797392056156,0.23797484381533268,1335
296,0,evaluate,3.271922994543005,0.5818836232753449,0.2772397380286421,0.23632894947890426,0.25137521392688167,1667
296,1,evaluate,3.6291032396256924,0.533,0.3527406518616048,0.21322895574186482,0.26462029754425137,2000
296,2,evaluate,3.57023979368664,0.5288822205551388,0.30036760115516836,0.21089667385703467,0.24656896312226356,1333
296,3,evaluate,3.6284489177522206,0.500374531835206,0.30299138609513127,0.20076483550836405,0.24072197129106088,1335
296,4,evaluate,5.099578265790586,0.3779244151169766,0.21696220742485925,0.15152509706142842,0.17412720372267318,1667
296,5,evaluate,4.64062437415123,0.449,0.29091398523003653,0.17901915599609022,0.22022763946008062,2000
297,0,evaluate,3.5660583405267623,0.5296324081020255,0.30028506119256054,0.2114151784528074,0.24674189455084677,1333
297,1,evaluate,3.2735839419894748,0.5866826634673066,0.2792463262666847,0.23727442139189775,0.25344332135381814,1667
297,2,evaluate,3.578182890301659,0.49962546816479403,0.30340504319496675,0.20063883580360803,0.24046886544934595,1335
297,3,evaluate,5.042847474416097,0.38452309538092383,0.21749956164676343,0.15443292424603694,0.1763032055551213,1667
297,4,evaluate,3.6512514911592007,0.5325,0.3547930630894794,0.21294400927418602,0.2648245353770725,2000
297,5,evaluate,4.702260889112949,0.4435,0.29185522763447774,0.17685674976279275,0.21920421558413622,2000
298,0,evaluate,3.5554152443295433,0.4966292134831461,0.3018320444054554,0.19954928982247733,0.23931831254660438,1335
298,1,evaluate,3.5579597609383717,0.5281320330082521,0.29770140144133095,0.21083990285529763,0.24556062466687606,1333
298,2,evaluate,5.01491579303035,0.38392321535692864,0.21668835125342353,0.154165647739192,0.17617732266894928,1667
298,3,evaluate,4.730449512600899,0.441,0.29286005653015923,0.1758575247088609,0.21890302439264478,2000
298,4,evaluate,3.6617069616913795,0.533,0.35413193463929243,0.2131650415825928,0.26499228840665545,2000
298,5,evaluate,3.280944859540021,0.5902819436112777,0.28061870142164463,0.23883556903790143,0.25497559154650845,1667
299,0,evaluate,3.5695486522856212,0.522880720180045,0.2992303564846321,0.20870180414867004,0.2443882700231886,1333
299,1,evaluate,4.730785928666592,0.4415,0.2929469713079899,0.17608749894414572,0.21898359621044036,2000
299,2,evaluate,3.5582556156885055,0.4936329588014981,0.3017752642656724,0.19841589855363856,0.2385254501100297,1335
299,3,evaluate,5.0121405212967485,0.379124175164967,0.21313504366026273,0.1518008959234658,0.1735056594582779,1667
299,4,evaluate,3.2779686097745544,0.5860827834433113,0.2793382140048887,0.23712113889554187,0.2535744194774656,1667
299,5,evaluate,3.6575443111360073,0.5325,0.35318098732184555,0.21295958094958345,0.2646233365721353,2000
300,0,evaluate,3.5471356482732865,0.5086142322097378,0.30481153082675927,0.20434209602286782,0.24378612655225645,1335
300,1,evaluate,5.020713647206624,0.382123575284943,0.21441332953041012,0.15307154758622823,0.1750417235036003,1667
300,2,evaluate,3.556323630469186,0.5251312828207052,0.298273547617272,0.20964614004875815,0.2448603068638635,1333
300,3,evaluate,3.6567703038454056,0.5405,0.3574471694506932,0.21614686065949923,0.2684384796708058,2000
300,4,evaluate,4.7478218749165535,0.4415,0.29265031552039883,0.17605994496134647,0.21854424235433223,2000
300,5,evaluate,3.250509986171016,0.5860827834433113,0.2789217658592186,0.23753631569867223,0.2537704173084971,1667
301,0,evaluate,3.2254694037967258,0.5872825434913017,0.27826144896056204,0.23827282545757006,0.2538037494459701,1667
301,1,evaluate,3.5846211229051863,0.5206301575393848,0.29725502509501417,0.20782440639300886,0.24302011821554817,1333
301,2,evaluate,3.5863583314986456,0.5071161048689139,0.30397474980082617,0.2037509441238546,0.2428127327861632,1335
301,3,evaluate,4.689961187541485,0.448,0.2923186412311879,0.17861950468127516,0.2203691759033922,2000
301,4,evaluate,3.626993127167225,0.5445,0.35469092607674263,0.2176953503432776,0.26918037361667796,2000
301,5,evaluate,5.042024453481038,0.385122975404919,0.21594167254563296,0.15378142023784847,0.17653788412166493,1667
302,0,evaluate,4.601803086698055,0.464,0.2909537476634522,0.18504182861535476,0.22465750247777824,2000
302,1,evaluate,3.6457476502373103,0.49962546816479403,0.3082349859342493,0.20083031376239896,0.2417485192000984,1335
302,2,evaluate,5.069311230270951,0.3857228554289142,0.21798125750317854,0.15303048061117125,0.17736805583210558,1667
302,3,evaluate,3.6580725056784495,0.5221305326331583,0.30275881572788266,0.20821428381634793,0.24500458591371416,1333
302,4,evaluate,3.590936280786991,0.5485,0.3542071240186094,0.21931175022875987,0.2703771838461065,2000
302,5,evaluate,3.2219201458825006,0.584883023395321,0.276871190185919,0.23806156653900193,0.25271696962057555,1667
303,0,evaluate,3.238199331142284,0.5770845830833833,0.2736074905153823,0.23542322327621049,0.24940261427599486,1667
303,1,evaluate,3.701109670457386,0.49812734082397003,0.3108862930991738,0.2002351638236632,0.24175932280338372,1335
303,2,evaluate,5.105196105109321,0.38032393521295743,0.21692352671071635,0.1503740082057626,0.17546037707074066,1667
303,3,evaluate,3.729689813795544,0.5161290322580645,0.3028989960682521,0.2058309755435488,0.24322696165860797,1333
303,4,evaluate,4.546101003885269,0.467,0.2891468111098151,0.18617759252404326,0.22440597553814196,2000
303,5,evaluate,3.5452417135238647,0.5475,0.35248858707727565,0.21894744992613707,0.2697895509211082,2000
304,0,evaluate,5.11899471282959,0.3683263347330534,0.21408188230661912,0.14514005787813353,0.17078994431185363,1667
304,1,evaluate,3.812650725955055,0.5086271567891973,0.30319500117540743,0.20283954038590862,0.24146467586285106,1333
304,2,evaluate,3.2471700509389243,0.5764847030593881,0.27387279604617576,0.2347789791633254,0.24958834347990147,1667
304,3,evaluate,3.775970447631109,0.4951310861423221,0.3121458523331814,0.19901371860221798,0.24126854961869998,1335
304,4,evaluate,4.481997944414616,0.4755,0.2881150903691112,0.18949328701942,0.22624255125968099,2000
304,5,evaluate,3.4836530089378357,0.5545,0.35214708827402186,0.22175200010842072,0.2718640181019126,2000
305,0,evaluate,3.2760853502485485,0.5740851829634073,0.27291119611938175,0.2327512688778927,0.24865879318585965,1667
305,1,evaluate,3.8439356145404635,0.4883895131086142,0.3096089776635143,0.19608590263495224,0.23867792092036888,1335
305,2,evaluate,5.132638366134079,0.36532693461307736,0.21145115553370167,0.14365178620403238,0.16879240464493456,1667
305,3,evaluate,3.8868073395320346,0.5033758439609902,0.3042069286584005,0.20089533315375982,0.24004162119910175,1333
305,4,evaluate,3.443102180957794,0.559,0.352103128519113,0.22344143189274032,0.27307607376941956,2000
305,5,evaluate,4.440731532871723,0.4825,0.2882277820250397,0.19224997816679834,0.2282741394849078,2000
306,0,evaluate,5.115261148523401,0.367126574685063,0.21372681912633448,0.14450915070652254,0.17003025041604183,1667
306,1,evaluate,3.919228576478504,0.4801498127340824,0.30915125546075073,0.19261451936798196,0.23581951682949304,1335
306,2,evaluate,3.3263680140177407,0.5728854229154169,0.27380655023304756,0.23085573484228714,0.24834395723543512,1667
306,3,evaluate,3.965409290222895,0.4981245311327832,0.30256401221517504,0.1987657277474403,0.2379191214535122,1333
306,4,evaluate,4.3873811811208725,0.487,0.2877882592459781,0.19410053323421952,0.22980482059517135,2000
306,5,evaluate,3.416855376213789,0.56,0.34919693652654865,0.22386213701767366,0.27247200710094116,2000
307,0,evaluate,3.9756243115379695,0.49362340585146286,0.3003978144479789,0.1970857009454563,0.2362880199477509,1333
307,1,evaluate,3.927057050523304,0.48089887640449436,0.3078609955026081,0.19285039435999413,0.23583264513854751,1335
307,2,evaluate,3.379395122881289,0.5686862627474505,0.27396094719253516,0.22860371054478867,0.24728739630530033,1667
307,3,evaluate,5.100491179360284,0.3779244151169766,0.215160299053227,0.14888039384078314,0.17334217689115566,1667
307,4,evaluate,3.4564344994723797,0.5505,0.3482826460683194,0.2200803828014827,0.26920988024406706,2000
307,5,evaluate,4.401333302259445,0.492,0.29005698046680417,0.19611497144476514,0.23230447812707702,2000
308,0,evaluate,3.4613759890198708,0.5535,0.35143070842704727,0.2214096447890237,0.27094075077926083,2000
308,1,evaluate,3.3917609320746527,0.5644871025794841,0.27386688514618396,0.22682787990076383,0.24616530319731558,1667
308,2,evaluate,3.9744376227969216,0.4973743435858965,0.3010149809115553,0.19847056305382488,0.23789688062095093,1333
308,3,evaluate,3.9279596464974538,0.47340823970037454,0.3076557922348151,0.18993621527961008,0.2334860124168956,1335
308,4,evaluate,5.097457426565665,0.379124175164967,0.21613599043639714,0.14945868517496905,0.17397933939438112,1667
308,5,evaluate,4.4141436368227005,0.49,0.2892813631891986,0.19537973936573577,0.2319309260488283,2000
309,0,evaluate,3.8682797976902554,0.4779026217228464,0.3080513277572101,0.1916451857754752,0.23507160840016478,1335
309,1,evaluate,3.934887545449393,0.5033758439609902,0.2995086402409832,0.20061653017799905,0.23911624592396744,1333
309,2,evaluate,4.458535388112068,0.4755,0.28767606095913834,0.18960292019706151,0.22718089221737325,2000
309,3,evaluate,3.368817417709916,0.5668866226754649,0.27433960651702993,0.22766328124166552,0.2466944729922468,1667
309,4,evaluate,5.090857126094677,0.38452309538092383,0.21659171532392532,0.1521732285596034,0.17562215953289811,1667
309,5,evaluate,3.4585890769958496,0.553,0.350967563460998,0.22121210352361906,0.2706646211495911,2000
310,0,evaluate,4.482850581407547,0.469,0.2878425046321609,0.18703817245915183,0.22527727155952748,2000
310,1,evaluate,3.782112711951846,0.4756554307116105,0.3031858111488455,0.19074075687104627,0.23329483944103827,1335
310,2,evaluate,5.053196174127084,0.38392321535692864,0.21573431288987094,0.1522499618124809,0.17518746518445572,1667
310,3,evaluate,3.321780222433585,0.5680863827234554,0.2750571323659125,0.2287389272227467,0.24752020964071217,1667
310,4,evaluate,3.860780886241368,0.4988747186796699,0.299124065784006,0.1987806744526525,0.23792220647729465,1333
310,5,evaluate,3.46740959584713,0.545,0.3480610271352878,0.21808708916975567,0.2674815142512135,2000
311,0,evaluate,3.692966347648984,0.4771535580524345,0.30177947017324425,0.19147666871288996,0.23359629914659452,1335
311,1,evaluate,5.043042801044606,0.3827234553089382,0.21800771052595871,0.15243571089183353,0.17542870811558192,1667
311,2,evaluate,4.544471122324467,0.463,0.2850383679794142,0.18468515862515975,0.2225106083558604,2000
311,3,evaluate,3.5035113245248795,0.545,0.3479598980801596,0.2181474900344981,0.2676341507405814,2000
311,4,evaluate,3.292279848346004,0.5656868626274745,0.2753515162229191,0.22833450708897826,0.24724271527235525,1667
311,5,evaluate,3.7711722283136275,0.4973743435858965,0.2943929677105652,0.19829031394005775,0.2358488734841841,1333
312,0,evaluate,3.6230768816811696,0.4891385767790262,0.3027924828540368,0.19629242155940027,0.23724553793301234,1335
312,1,evaluate,3.68677020072937,0.5011252813203301,0.29252691617187415,0.199700769605214,0.2361534061657986,1333
312,2,evaluate,5.044804537737811,0.3785242951409718,0.21591015792446028,0.15141248026130136,0.17381633926975443,1667
312,3,evaluate,3.267628298865424,0.5656868626274745,0.2742486938646907,0.2283810117438138,0.2467190506954265,1667
312,4,evaluate,4.595552541315556,0.462,0.2873752163848575,0.18427462033096156,0.22268678833241254,2000
312,5,evaluate,3.5377756282687187,0.5395,0.3492427456035043,0.2159326196003087,0.26625505427385876,2000
313,0,evaluate,3.624161198025658,0.5138784696174044,0.2940697601868695,0.20477525790138248,0.2399301432527822,1333
313,1,evaluate,3.5773349716549827,0.4958801498127341,0.3031521443393591,0.19907481361889617,0.23933245687229868,1335
313,2,evaluate,5.061489458437319,0.379124175164967,0.21705669040571932,0.1519908117928758,0.17427086013143264,1667
313,3,evaluate,3.5513022169470787,0.534,0.34968701427982596,0.21383295742167427,0.2647228131226408,2000
313,4,evaluate,4.634795494377613,0.458,0.2860892858620865,0.18266007095440803,0.22100530865610293,2000
313,5,evaluate,3.225836678787514,0.5704859028194361,0.276070089563919,0.23142393671456213,0.24876880010455088,1667
314,0,evaluate,3.584964133799076,0.532,0.35002396280729126,0.21298526282617386,0.26416755504402095,2000
314,1,evaluate,5.084679479952212,0.3833233353329334,0.21831093094270568,0.15318725195285526,0.17601579255517646,1667
314,2,evaluate,3.54498595283145,0.49887640449438203,0.30351594109760827,0.20033339411885595,0.2402263127682427,1335
314,3,evaluate,4.672425642609596,0.4545,0.2860371941922467,0.18121009753408598,0.2197423373973308,2000
314,4,evaluate,3.2111883340058505,0.5722855428914218,0.2766096302216867,0.23296986385147728,0.24938277435010617,1667
314,5,evaluate,3.581208592369443,0.5251312828207052,0.29735538324102556,0.20923634942917663,0.24396022763281233,1333
315,0,evaluate,3.2021540624124034,0.5698860227954409,0.2748135378986044,0.23178314274232706,0.2479806052980896,1667
315,1,evaluate,3.595443260102045,0.5206301575393848,0.29562370926768644,0.20741232766040946,0.2421472650334467,1333
315,2,evaluate,3.5734023675322533,0.5375,0.35047638057823144,0.21507650910805265,0.26602848880764385,2000
315,3,evaluate,3.5642233916691373,0.500374531835206,0.3047288452721708,0.20116627868581255,0.24066008601145664,1335
315,4,evaluate,5.117018081523754,0.3809238152369526,0.21722820321563613,0.15217585970765407,0.1755233182804302,1667
315,5,evaluate,4.661542005836964,0.4515,0.2847064760924427,0.18000838849785586,0.21857165596486214,2000
316,0,evaluate,3.6721245107196627,0.5176294073518379,0.2975443428718895,0.20624181167789138,0.24165834240549566,1333
316,1,evaluate,3.197658512327406,0.5722855428914218,0.2727636273822749,0.23249754682348955,0.24767190492196756,1667
316,2,evaluate,3.5532602220773697,0.544,0.35169207884510373,0.21754774899324553,0.2681886151268601,2000
316,3,evaluate,5.146035582930954,0.38392321535692864,0.21892123599611252,0.15330098003268505,0.17767664374622766,1667
316,4,evaluate,4.626460917294025,0.462,0.28665377287304283,0.18419266393586858,0.22252549284376877,2000
316,5,evaluate,3.6321181683313277,0.49063670411985016,0.303805185632449,0.19739858937509142,0.23718162152166378,1335
317,0,evaluate,3.7472811312902543,0.5138784696174044,0.29873727591011556,0.2048061213417034,0.2407777923012937,1333
317,1,evaluate,3.689725501196725,0.4868913857677903,0.3070598290598291,0.19599331314719604,0.23701009805699455,1335
317,2,evaluate,3.2245411961166948,0.5752849430113978,0.27497501297318727,0.2331256954147462,0.24936174019985446,1667
317,3,evaluate,4.6171096712350845,0.4635,0.2850838665698906,0.1847728434045299,0.22261515621568445,2000
317,4,evaluate,3.5581577122211456,0.541,0.35041331242479057,0.21636478213973084,0.2666975435571261,2000
317,5,evaluate,5.185045030381945,0.3833233353329334,0.21844161744330765,0.15265330037351008,0.17733511739841545,1667
318,0,evaluate,3.8186733382088796,0.5138784696174044,0.3000761235543844,0.20487592043351607,0.24142790025082653,1333
318,1,evaluate,4.586764246225357,0.4605,0.28250117165008504,0.18357647301077562,0.22107966617354458,2000
318,2,evaluate,3.5524945333600044,0.545,0.3479507721891213,0.21791274016757217,0.2670597715345198,2000
318,3,evaluate,3.2364996097705983,0.5728854229154169,0.27445863190833786,0.23180178899053178,0.2484709261502276,1667
318,4,evaluate,3.748249065308344,0.48239700374531835,0.3052044321316538,0.1942340879421785,0.23528491431939708,1335
318,5,evaluate,5.179341722417761,0.39232153569286143,0.2205245511572572,0.15535445497480335,0.1803641399530696,1667
319,0,evaluate,3.2445805999967785,0.5758848230353929,0.2752375737622056,0.2324590898565777,0.24952881101161797,1667
319,1,evaluate,5.163765951439187,0.394121175764847,0.21958075182849074,0.15542095163195802,0.1803910291535678,1667
319,2,evaluate,3.7919869082314626,0.47191011235955055,0.3018181344065184,0.1900904257012768,0.23150948001389776,1335
319,3,evaluate,3.5363145396113396,0.5475,0.3472119022456101,0.21882767884542714,0.2674142627888659,2000
319,4,evaluate,3.8886291640145436,0.5086271567891973,0.29866775719252325,0.20273993039702845,0.23941953978507496,1333
319,5,evaluate,4.550022624433041,0.468,0.28395320463583834,0.18658031634027608,0.2238897674185007,2000
320,0,evaluate,4.526967786252499,0.473,0.28392544717850426,0.18862829017176383,0.22568644126675644,2000
320,1,evaluate,3.5258528739213943,0.5515,0.3497947969705988,0.22042449723183138,0.26939791696978255,2000
320,2,evaluate,3.256972838331152,0.5776844631073785,0.27655556066444936,0.2321937344606094,0.24996487465719147,1667
320,3,evaluate,3.954628354027158,0.5003750937734434,0.2944855868836839,0.19953514303704287,0.2360039732544683,1333
320,4,evaluate,3.8265300137656078,0.4749063670411985,0.30337528612071707,0.1912089082630682,0.2331253958718606,1335
320,5,evaluate,5.148918452086272,0.3977204559088182,0.21982210294058388,0.15610960006244332,0.18096648174914126,1667
321,0,evaluate,3.845198381514776,0.47415730337078654,0.3043209002038501,0.1908293986396957,0.23328113456708666,1335
321,1,evaluate,3.2479119212539107,0.5782843431313738,0.2774975529115131,0.23205968210737268,0.2507063076821475,1667
321,2,evaluate,3.9981703758239746,0.5018754688672168,0.296001221001221,0.20029979250274402,0.23714521983432832,1333
321,3,evaluate,5.137981379473651,0.39892021595680865,0.22129769457993237,0.15679909772636447,0.18188501290195244,1667
321,4,evaluate,3.506459541618824,0.552,0.34934393110456874,0.22065650080000765,0.2696335230356479,2000
321,5,evaluate,4.510102368891239,0.472,0.2824918739675546,0.18826250697207164,0.2250645165344368,2000
322,0,evaluate,3.865257603781564,0.47415730337078654,0.30369362432738606,0.1906788513807331,0.23298299741246115,1335
322,1,evaluate,5.138827800750732,0.40071985602879423,0.2220530304669197,0.15751946749349136,0.18270398778774855,1667
322,2,evaluate,4.516567803919315,0.474,0.2820618341631893,0.1890869758158687,0.22555714186401632,2000
322,3,evaluate,3.254092472570914,0.5806838632273545,0.2766416514967084,0.2330948335897251,0.25107287054376753,1667
322,4,evaluate,4.03396893682934,0.4988747186796699,0.29997049281883237,0.1992374384291625,0.23755129694154084,1333
322,5,evaluate,3.491001896560192,0.5525,0.3479716810966811,0.2209019093656733,0.2695688104632955,2000
323,0,evaluate,4.0173486187344505,0.5048762190547637,0.2995508270770072,0.2015836194546022,0.2395550205001547,1333
323,1,evaluate,3.847907441002982,0.4749063670411985,0.30399325947710765,0.19073236980486957,0.23301388183830007,1335
323,2,evaluate,3.250167731885557,0.5782843431313738,0.27563691557240616,0.23250168253584985,0.25021272276463835,1667
323,3,evaluate,3.4997310638427734,0.55,0.3475136739378739,0.21992012626167545,0.2689243047665563,2000
323,4,evaluate,4.553249180316925,0.471,0.28479934523300415,0.18790317461682507,0.22537779502402575,2000
323,5,evaluate,5.148015993612784,0.40071985602879423,0.2237104625311261,0.15781360196179536,0.1831863159435828,1667
324,0,evaluate,4.607879929244518,0.4665,0.2866004294567331,0.18618190650937222,0.22482795623764149,2000
324,1,evaluate,3.973317032768613,0.5138784696174044,0.30141916186273293,0.20517128892075576,0.2425558062789635,1333
324,2,evaluate,3.811984243847075,0.4801498127340824,0.3026503491491468,0.19259623472652415,0.23420368354727694,1335
324,3,evaluate,3.5236639454960823,0.548,0.34653357079459657,0.21922572336307633,0.26823427285642154,2000
324,4,evaluate,3.251314887294063,0.5788842231553689,0.27712188971635443,0.23338959702803072,0.25106916129935175,1667
324,5,evaluate,5.160544130537245,0.40071985602879423,0.22440992333246265,0.1580780158039849,0.18336005018962162,1667
325,0,evaluate,3.2702346731115273,0.5746850629874025,0.2765047545157678,0.23251473596968433,0.25008983495327153,1667
325,1,evaluate,5.200495172429968,0.394121175764847,0.22258948946244886,0.15596583944511727,0.1808820637027687,1667
325,2,evaluate,3.749587263379778,0.49138576779026216,0.30505638862808804,0.19729131383787987,0.23821465283280246,1335
325,3,evaluate,3.916534877958752,0.5168792198049512,0.2994575279229671,0.20628775325867962,0.24294377451457097,1333
325,4,evaluate,3.5844338089227676,0.5445,0.3488837167008398,0.2178874163532291,0.2679186803998498,2000
325,5,evaluate,4.683430455625057,0.46,0.2888558759755939,0.18365448287179884,0.22342280697105688,2000
326,0,evaluate,3.31602469197026,0.5704859028194361,0.2753417803336029,0.2313897434895657,0.24838076452474125,1667
326,1,evaluate,5.254600145198681,0.39472105578884226,0.2246969015955999,0.1575835711339602,0.18182845481984583,1667
326,2,evaluate,3.674623648325602,0.503370786516854,0.30355895484890905,0.20202741404804642,0.24131560182208292,1335
326,3,evaluate,3.6742436215281487,0.533,0.34846815629726313,0.21327795907125896,0.26420408802360873,2000
326,4,evaluate,4.771031923592091,0.451,0.28919871431156063,0.1800930357328868,0.22066093116034127,2000
326,5,evaluate,3.847138688677833,0.5183795948987246,0.2976546352036241,0.20672746498633296,0.24269759641293565,1333
327,0,evaluate,3.8325282959710982,0.5183795948987246,0.2956339903421264,0.2067202072557893,0.24170143243608883,1333
327,1,evaluate,3.3679886394076877,0.5674865026994601,0.2751330284533916,0.23161722415387329,0.2473475763387431,1667
327,2,evaluate,3.6469461236681258,0.501123595505618,0.3027437730507038,0.20129422842575959,0.24040220688792732,1335
327,3,evaluate,5.28381672611943,0.39592081583683264,0.22394203835380305,0.15793366342004062,0.18205116867398782,1667
327,4,evaluate,3.740352973341942,0.5295,0.34977794667473483,0.21182337803029583,0.26338527905768655,2000
327,5,evaluate,4.790233992040157,0.4545,0.2889843224162653,0.18149375885382893,0.2216464707997144,2000
328,0,evaluate,5.292034829104388,0.39172165566886624,0.2216515707496602,0.15577162296396413,0.18021844833631162,1667
328,1,evaluate,3.6510505903334844,0.500374531835206,0.29837332177400566,0.20118958870912257,0.23894741564249072,1335
328,2,evaluate,3.428724253619159,0.5662867426514697,0.273570931651839,0.23171253022801688,0.24621677959244526,1667
328,3,evaluate,3.842810335613432,0.5176294073518379,0.2961115370839938,0.20640296910453557,0.24138259526399292,1333
328,4,evaluate,3.7943485155701637,0.528,0.3495369740444773,0.21122536888395366,0.26249240616011815,2000
328,5,evaluate,4.792088508605957,0.456,0.290808460687417,0.1820160810971581,0.22241090497359145,2000
329,0,evaluate,3.4715608667444298,0.5626874625074985,0.27208597406337737,0.23010862666888943,0.24412643131535328,1667
329,1,evaluate,3.689409710112072,0.49887640449438203,0.29662163060165303,0.20072296207629098,0.2376055656482706,1335
329,2,evaluate,3.86638795761835,0.5161290322580645,0.2934638982499801,0.20582043577648218,0.2396452957223158,1333
329,3,evaluate,4.780291333794594,0.4645,0.2919621609932763,0.18531628452090135,0.2250219099529999,2000
329,4,evaluate,5.30243127434342,0.38812237552489504,0.22077322437376862,0.1544950368437051,0.17890676593846924,1667
329,5,evaluate,3.8243259340524673,0.5285,0.35028737673592664,0.2114467898774662,0.26276348148335893,2000
330,0,evaluate,3.941133181254069,0.5086271567891973,0.29610395999643296,0.20277419669700208,0.2377493408473846,1333
330,1,evaluate,3.5133559703826904,0.5644871025794841,0.27199762773796526,0.2305166306508549,0.24440253725957245,1667
330,2,evaluate,4.715248443186283,0.474,0.291092293772487,0.1890641267323748,0.22745407120957734,2000
330,3,evaluate,3.8067368552798317,0.49288389513108616,0.29869149489395974,0.19844952563913304,0.23647559671835583,1335
330,4,evaluate,3.8373683243989944,0.5315,0.348978443075604,0.21263776259709335,0.26322988876775105,2000
330,5,evaluate,5.320540922659415,0.3827234553089382,0.21797687955217415,0.1513428700874339,0.176589114227459,1667
331,0,evaluate,3.505922388147425,0.563887222555489,0.27231576783031597,0.2296033126255966,0.24434962830580403,1667
331,1,evaluate,4.014595542635236,0.5041260315078769,0.2957916092332119,0.2008464098024562,0.23644002524835134,1333
331,2,evaluate,3.808395028114319,0.5385,0.34913958128547795,0.21533532607802486,0.2653798220744628,2000
331,3,evaluate,5.37395707766215,0.3815236952609478,0.21659237608605864,0.15030201773590193,0.1758154020734038,1667
331,4,evaluate,3.9225489979698542,0.4846441947565543,0.30079556246222916,0.19526653694635354,0.23450768487800605,1335
331,5,evaluate,4.684206962585449,0.485,0.2909433150397992,0.19341712692493948,0.2306414947733748,2000
332,0,evaluate,5.412651971534446,0.38452309538092383,0.21881679216034877,0.1510416110136367,0.1774420856089719,1667
332,1,evaluate,4.121863614945185,0.4951237809452363,0.2964713422042441,0.19710104438905948,0.2339586682110327,1333
332,2,evaluate,3.4502167613418013,0.5692861427714457,0.2740120615615701,0.23140082994595712,0.24637337102508622,1667
332,3,evaluate,3.7029093503952026,0.548,0.34572902329647776,0.21904727047441583,0.26714281720000876,2000
332,4,evaluate,4.068320069994245,0.47116104868913855,0.2996814468138442,0.1899250400950659,0.23002626945869603,1335
332,5,evaluate,4.628632262349129,0.4945,0.28992625502994473,0.1971571917356898,0.2327527554424668,2000
333,0,evaluate,4.21137201218378,0.4876219054763691,0.2989779966197571,0.19425161635119226,0.23283572540737976,1333
333,1,evaluate,4.612728253006935,0.4955,0.28827526012465027,0.19753244846380552,0.23248513527738107,2000
333,2,evaluate,3.603837989270687,0.5625,0.3455317810889602,0.2247247534141577,0.27125894415919827,2000
333,3,evaluate,4.17445615359715,0.4666666666666667,0.3026799656511236,0.1880581902257325,0.23006052456371898,1335
333,4,evaluate,3.402971241209242,0.5812837432513497,0.2782996343336494,0.23535577892802406,0.2513529837031591,1667
333,5,evaluate,5.429375171661377,0.38392321535692864,0.21918751538897988,0.1509904056466035,0.17760783181814363,1667
334,0,evaluate,3.532771248370409,0.5705,0.3466503608469262,0.22783723420353974,0.27376499158882533,2000
334,1,evaluate,3.3590460927398116,0.5872825434913017,0.27921874393455637,0.23571356305807528,0.25302038630400203,1667
334,2,evaluate,4.244586479096186,0.46142322097378274,0.3023950633473029,0.18585471146804608,0.22890450936266654,1335
334,3,evaluate,4.286243733905611,0.4883720930232558,0.3011958986348364,0.19456012313951176,0.23444214392233395,1333
334,4,evaluate,5.422016364556772,0.382123575284943,0.2196448360346277,0.15032554491121924,0.17718836025233267,1667
334,5,evaluate,4.6216873824596405,0.4945,0.28757301432988275,0.1970915200323923,0.23170317288141282,2000
335,0,evaluate,4.232589233489263,0.46292134831460674,0.305528485865571,0.18625997010599168,0.23036027457829283,1335
335,1,evaluate,3.3685100652553417,0.5866826634673066,0.27760337341697816,0.2345687581995864,0.2522058365831152,1667
335,2,evaluate,4.295493387040638,0.49212303075768943,0.30236206567529006,0.19590674325388613,0.2366643734762813,1333
335,3,evaluate,5.412363317277697,0.3869226154769046,0.2227434733228296,0.15352591596873316,0.1795277176538225,1667
335,4,evaluate,4.6703730300068855,0.4875,0.28748880616092787,0.19428404233492516,0.22949525055985473,2000
335,5,evaluate,3.508107803761959,0.5685,0.34706752805244234,0.22701851628092623,0.27345809221039075,2000
336,0,evaluate,3.3993841144773693,0.590881823635273,0.28003415220949507,0.23559660897699986,0.25396812491339305,1667
336,1,evaluate,5.371062799736306,0.3905218956208758,0.22393839891884468,0.15506009051637767,0.18065793788290896,1667
336,2,evaluate,4.339975743066697,0.4973743435858965,0.3047392694451518,0.19792069095809933,0.239172063158054,1333
336,3,evaluate,4.248715253103347,0.45543071161048687,0.30480023640034376,0.1829754931921328,0.22797380786906657,1335
336,4,evaluate,3.513442113995552,0.565,0.3462924823831437,0.2257130014250935,0.2723479206804841,2000
336,5,evaluate,4.6941481828689575,0.486,0.288350976069704,0.1937412506964129,0.22975762296271934,2000
337,0,evaluate,4.202476240339733,0.46367041198501874,0.3042019529969421,0.18627030720735946,0.23045688584389015,1335
337,1,evaluate,4.308837618146624,0.4951237809452363,0.303465980388789,0.19705353270349715,0.2383802869919959,1333
337,2,evaluate,4.746673792600632,0.4795,0.2908525475671512,0.1911538543169442,0.22898823740385685,2000
337,3,evaluate,3.4622092335312455,0.5872825434913017,0.2802893622279012,0.23450777835898381,0.2532306908668424,1667
337,4,evaluate,3.5804505981504917,0.562,0.3489178037385281,0.22455059534771005,0.2722979896993715,2000
337,5,evaluate,5.331177490728873,0.3935212957408518,0.22468704089911012,0.15730283664320666,0.18164055003349439,1667
338,0,evaluate,4.295348246892293,0.5018754688672168,0.3010632049270116,0.19979021245140433,0.2395955446701663,1333
338,1,evaluate,4.172827947707403,0.4681647940074906,0.3019074564038468,0.18800929773572816,0.23116103721362896,1335
338,2,evaluate,4.75238299369812,0.474,0.2892835199473226,0.18902035178759286,0.22731497131124265,2000
338,3,evaluate,3.518882164248714,0.5788842231553689,0.2774750291070234,0.23168428802428265,0.25020932587340095,1667
338,4,evaluate,5.297195620006985,0.3929214157168566,0.22205175360510992,0.15712454341618168,0.18048896090573746,1667
338,5,evaluate,3.6352293342351913,0.5625,0.3517585497491817,0.22486870887326052,0.2734077925683775,2000
339,0,evaluate,5.290179173151652,0.38392321535692864,0.21765415178601075,0.15292535986076033,0.17631564148944534,1667
339,1,evaluate,4.1266157286507745,0.47415730337078654,0.3054617929676117,0.19037524751174573,0.23393040695643838,1335
339,2,evaluate,4.2626001834869385,0.5033758439609902,0.29928661499203624,0.2004332992937165,0.2393164458539509,1333
339,3,evaluate,3.5381226230550697,0.5818836232753449,0.27758957282533075,0.23254263124027458,0.25106923396103487,1667
339,4,evaluate,4.765146858990192,0.4685,0.28681432873432994,0.18682693558628266,0.2251696352759986,2000
339,5,evaluate,3.6810244992375374,0.554,0.3512055372711837,0.22150094916079038,0.2709570551916179,2000
340,0,evaluate,4.103581292288644,0.4861423220973783,0.30621182244528394,0.19522726905342244,0.23731348970409555,1335
340,1,evaluate,3.547955212769685,0.5800839832033593,0.2769699032530891,0.2332152823046274,0.25056919713484704,1667
340,2,evaluate,4.7539287358522415,0.4735,0.28842398692558235,0.18885463580464595,0.2272190943847181,2000
340,3,evaluate,5.3213338498716,0.3929214157168566,0.22315896389421627,0.1560839515844335,0.1807512744320014,1667
340,4,evaluate,4.244504610697429,0.5048762190547637,0.2990493415691634,0.20115901310792594,0.2395315272100853,1333
340,5,evaluate,3.716511219739914,0.548,0.350813889050629,0.2190966862981401,0.2692048750244917,2000
341,0,evaluate,4.20430866877238,0.5063765941485371,0.30001955056144397,0.20193140001305618,0.24003102776613988,1333
341,1,evaluate,3.7510023713111877,0.5435,0.35111832883131766,0.21732563712802913,0.2679731440287646,2000
341,2,evaluate,5.353927400377062,0.3863227354529094,0.22223444002058335,0.15310643535766363,0.17874461722163276,1667
341,3,evaluate,3.546239075837312,0.5794841031793642,0.2773923312568031,0.23442882537946125,0.25087848793866246,1667
341,4,evaluate,4.0588965983617875,0.4951310861423221,0.3075234202631815,0.19889498065216854,0.24010391104198586,1335
341,5,evaluate,4.774893827736378,0.4765,0.2898635355475746,0.19008571775112496,0.22850191730629463,2000
342,0,evaluate,4.152712470009213,0.5108777194298575,0.3010665112091815,0.20384747377415238,0.24142212398261614,1333
342,1,evaluate,4.011499325434367,0.4943820224719101,0.3063368923229183,0.19872206031304324,0.23928789477549922,1335
342,2,evaluate,5.3732194458996805,0.382123575284943,0.22088997291201115,0.15119548916100317,0.17695844850231607,1667
342,3,evaluate,3.588266125431767,0.5782843431313738,0.2768047356348495,0.23530281157104885,0.25056090025799754,1667
342,4,evaluate,4.8005529418587685,0.4745,0.2901997384621178,0.1893403054181923,0.22804752853491136,2000
342,5,evaluate,3.811439275741577,0.536,0.35182523393745435,0.21430793641447038,0.26595132956020406,2000
343,0,evaluate,4.003904138292585,0.49138576779026216,0.3033430137463699,0.19749349984558698,0.2369815575413802,1335
343,1,evaluate,4.7859580516815186,0.474,0.28954184970206187,0.1891256994547918,0.22776144738510729,2000
343,2,evaluate,4.147040106001354,0.5071267816954238,0.30054588742142374,0.2023154554856072,0.2396108672707864,1333
343,3,evaluate,3.5922680784154823,0.5716856628674265,0.2742008048695065,0.2331934325402214,0.24772526883093665,1667
343,4,evaluate,3.8199593871831894,0.531,0.3515518605841471,0.21227563994348428,0.26422683010311765,2000
343,5,evaluate,5.390105070891203,0.3827234553089382,0.221367867524748,0.15128888397700546,0.1774953880968593,1667
344,0,evaluate,3.600288735495673,0.5692861427714457,0.27310152134030413,0.23250972870989156,0.24672634854292438,1667
344,1,evaluate,4.116115399769375,0.5048762190547637,0.3002183220826116,0.20143049973339483,0.23874200947677804,1333
344,2,evaluate,4.799614951014519,0.4735,0.28993180722743467,0.18892667145770697,0.22775243105989035,2000
344,3,evaluate,3.849857971072197,0.5285,0.3533005883527792,0.2113380816556353,0.26391525688192397,2000
344,4,evaluate,5.380726752457796,0.38752249550089984,0.22347594618547628,0.15307100059644782,0.1794298564372719,1667
344,5,evaluate,3.97745748928615,0.4846441947565543,0.29878856188637615,0.19484829113637978,0.23347361168929393,1335
345,0,evaluate,4.08828938575018,0.5116279069767442,0.2996118326118326,0.20423697857311468,0.2405642922731006,1333
345,1,evaluate,3.591921011606852,0.5698860227954409,0.2724628103558382,0.23280407314679752,0.24661325672457624,1667
345,2,evaluate,4.824875466525555,0.471,0.2900344368307315,0.1879557800943635,0.22714984070362482,2000
345,3,evaluate,5.392213379895246,0.38452309538092383,0.2220896808424107,0.15172450663811535,0.17814109676382547,1667
345,4,evaluate,3.85443202406168,0.5325,0.35397873016522746,0.21294899591123287,0.2653462249128849,2000
345,5,evaluate,3.978869608470372,0.48314606741573035,0.3001342637029656,0.19426359051843817,0.23340929719224657,1335
346,0,evaluate,3.591210948096381,0.5650869826034793,0.2697221425914922,0.23056626826751794,0.24419801456337814,1667
346,1,evaluate,3.992692822501773,0.48089887640449436,0.2956314396991597,0.19336253754841967,0.23171162701850836,1335
346,2,evaluate,4.058991886320568,0.5093773443360841,0.29731608307359314,0.20323853240868414,0.23946515384569858,1333
346,3,evaluate,4.871180847287178,0.471,0.28959178848016276,0.1879274324914023,0.22664572437471192,2000
346,4,evaluate,3.855984576046467,0.535,0.3536525424457705,0.21390670494456993,0.2658527860423595,2000
346,5,evaluate,5.412235233518812,0.38452309538092383,0.22149632472607061,0.1520152283990174,0.17796905851298878,1667
347,0,evaluate,4.042094571249826,0.5071267816954238,0.2961781573274781,0.20219985640324914,0.23876616511485552,1333
347,1,evaluate,5.440490704995614,0.3893221355728854,0.22477570288272983,0.15501062686657083,0.18048758193464348,1667
347,2,evaluate,4.015930732091268,0.4756554307116105,0.2948586549823235,0.191149937399818,0.23071964281739046,1335
347,3,evaluate,3.580169430485478,0.5686862627474505,0.27059218797929263,0.23156441822530532,0.24547899803236128,1667
347,4,evaluate,4.9210605546832085,0.4695,0.28908417530946806,0.1873118984743492,0.22589726692199177,2000
347,5,evaluate,3.8377448692917824,0.5445,0.35155505433135553,0.21766393993267075,0.26805487384098065,2000
348,0,evaluate,4.049425181888399,0.5048762190547637,0.2958520790895234,0.20113347817088653,0.23854270691722576,1333
348,1,evaluate,5.46711062501978,0.39532093581283745,0.2269674308519344,0.15800031119902297,0.18259276943487834,1667
348,2,evaluate,4.0553001789819625,0.4801498127340824,0.29652394608152755,0.19274437060376498,0.23289778097537855,1335
348,3,evaluate,3.5704994554872864,0.5716856628674265,0.2730094737480802,0.2321113574016338,0.24700630481740493,1667
348,4,evaluate,3.825895845890045,0.5525,0.35265914307994767,0.22090412741530302,0.270628745513509,2000
348,5,evaluate,4.963708721101284,0.4715,0.2921478237429932,0.18808739044301054,0.22738781455736548,2000
349,0,evaluate,4.03060151281811,0.48089887640449436,0.29769620068056296,0.19301912829107404,0.23359315077321768,1335
349,1,evaluate,3.5357617890393294,0.5812837432513497,0.27619053200694527,0.23529192189314213,0.2506939819029586,1667
349,2,evaluate,3.827883332967758,0.5535,0.3532904934280276,0.2213518368777681,0.2708511567830292,2000
349,3,evaluate,5.0053704380989075,0.465,0.28988037762252067,0.18552959058059496,0.22497649731206132,2000
349,4,evaluate,5.51104023721483,0.39532093581283745,0.22637801834432927,0.15876999502061212,0.18228324028196266,1667
349,5,evaluate,4.016778276080177,0.5116279069767442,0.29780650789261937,0.20369400532217682,0.2413390362133097,1333
350,0,evaluate,3.489611616841069,0.584883023395321,0.2775427244632137,0.2361543066281347,0.25200758371100185,1667
350,1,evaluate,5.03871626406908,0.4635,0.291925934811428,0.18493474956552913,0.2251289569540554,2000
350,2,evaluate,3.8013295270502567,0.5525,0.3546870894047144,0.22091155025375678,0.27090785385342475,2000
350,3,evaluate,4.004387844176519,0.5078769692423106,0.295776067434412,0.20192019048210064,0.23955484252094422,1333
350,4,evaluate,3.990624575387864,0.48389513108614235,0.29793844890172494,0.193924108941016,0.23461089618836056,1335
350,5,evaluate,5.538242755112825,0.39472105578884226,0.22717446676865105,0.15895007016225193,0.181887290830197,1667
351,0,evaluate,3.766368243843317,0.555,0.35454343597667115,0.221888452101066,0.2717300615205262,2000
351,1,evaluate,3.4170950474562467,0.5860827834433113,0.27764482087358333,0.23596327894355534,0.25244398921541383,1667
351,2,evaluate,5.073478363454342,0.462,0.2933890024168849,0.18428891230594313,0.22487873525211258,2000
351,3,evaluate,3.9268019767034623,0.49138576779026216,0.29959071187587105,0.19687009733031322,0.23722962765606095,1335
351,4,evaluate,5.548004847985727,0.39532093581283745,0.22674913868930907,0.15971886302653365,0.18164349597973012,1667
351,5,evaluate,4.008893569310506,0.5116279069767442,0.29634218366085047,0.20343850779018577,0.24088026133692905,1333
352,0,evaluate,4.042889413379488,0.5123780945236309,0.2993286334256431,0.2039391562686,0.24192040695066228,1333
352,1,evaluate,3.8986130441938127,0.49737827715355803,0.30339377099915066,0.19933034972160008,0.24019844307795238,1335
352,2,evaluate,5.033277772367001,0.4595,0.2941968089056308,0.18325566851239355,0.22414835662613047,2000
352,3,evaluate,5.532689438925849,0.39112177564487105,0.2264913114567094,0.15845051279147052,0.18044485556443263,1667
352,4,evaluate,3.7036748975515366,0.5585,0.356153273940119,0.22319936608827567,0.27344356940144243,2000
352,5,evaluate,3.3423965021415993,0.5950809838032394,0.2794145774592798,0.2391824299454129,0.2552966498497939,1667
353,0,evaluate,4.06634901818775,0.5063765941485371,0.29638964987469324,0.2016617217917196,0.2394027544115635,1333
353,1,evaluate,3.873694067909604,0.4966292134831461,0.3055630504741177,0.19901912072071587,0.24059679228309272,1335
353,2,evaluate,3.2753489988821523,0.5992801439712058,0.28072722781488324,0.24030613021703617,0.25712354736829457,1667
353,3,evaluate,5.48609976415281,0.3869226154769046,0.22459556462398314,0.15673804501680097,0.17864983594898626,1667
353,4,evaluate,4.973415918648243,0.455,0.29070403450106835,0.18145422703223027,0.2214439100960416,2000
353,5,evaluate,3.6535738594830036,0.5545,0.354262264117428,0.22158239695638335,0.2717508034556698,2000
354,0,evaluate,3.8570108867826915,0.500374531835206,0.30643214651803447,0.20061832814875133,0.24212582011888828,1335
354,1,evaluate,4.918279364705086,0.452,0.28827243078098763,0.18024453090084552,0.21997415720592972,2000
354,2,evaluate,5.411675930023193,0.3899220155968806,0.22349920900966583,0.15729247945531827,0.17939822390487978,1667
354,3,evaluate,3.2534414441497237,0.5950809838032394,0.2804193558942142,0.2384385824718355,0.25609685030672324,1667
354,4,evaluate,4.070761623836699,0.5018754688672168,0.2960166907840023,0.20005577004157643,0.23832966444004633,1333
354,5,evaluate,3.6348508074879646,0.5515,0.35403642509754696,0.22046572662813899,0.27114617681081976,2000
355,0,evaluate,4.058848914645967,0.5041260315078769,0.2951085348300988,0.20092690399019916,0.23875734694036357,1333
355,1,evaluate,3.2665910632522017,0.584883023395321,0.27871472581807955,0.23440584468918596,0.25290722255028253,1667
355,2,evaluate,5.316143468574241,0.3869226154769046,0.22110987004567234,0.15563682025834405,0.1780269951860683,1667
355,3,evaluate,4.831803470849991,0.4495,0.2868585346626734,0.17920945426747353,0.21885774361733557,2000
355,4,evaluate,3.8514224801744734,0.4936329588014981,0.3040721631025698,0.19814615199809585,0.2395215067395519,1335
355,5,evaluate,3.6386403627693653,0.543,0.35279381672896704,0.21707252488284903,0.2683294356575215,2000
356,0,evaluate,3.8626988388243175,0.4868913857677903,0.29980267534534405,0.1956183951686865,0.23626215482759028,1335
356,1,evaluate,4.05275509470985,0.5018754688672168,0.29467498723344904,0.2001023223093676,0.23801865281328097,1333
356,2,evaluate,3.6456735655665398,0.543,0.3538177338858505,0.21710219242743975,0.26875530015256294,2000
356,3,evaluate,4.741870105266571,0.451,0.28759249730471426,0.17982569501000645,0.21970275957760704,2000
356,4,evaluate,5.234044958043982,0.38392321535692864,0.21613559599029752,0.15399106793674133,0.17590773980916166,1667
356,5,evaluate,3.308354452804283,0.5764847030593881,0.2774860059150256,0.23231298184104981,0.25049077239837175,1667
357,0,evaluate,5.181878761008933,0.38752249550089984,0.2176895547735318,0.15538876726210704,0.1775703157291415,1667
357,1,evaluate,4.062006280535743,0.4966241560390098,0.2917004881835804,0.1981868698473998,0.23525275326424758,1333
357,2,evaluate,3.885920535950434,0.4868913857677903,0.3016260180962959,0.1959552970352474,0.23677805846249367,1335
357,3,evaluate,4.650633849203587,0.4595,0.28731811750635594,0.18321819378756238,0.22220612494651495,2000
357,4,evaluate,3.3686304092407227,0.5674865026994601,0.2761400136923259,0.22879990706334916,0.2475947009417736,1667
357,5,evaluate,3.662418872117996,0.5405,0.35229583642431694,0.21617803913708017,0.26760718508457054,2000
358,0,evaluate,3.958140736534482,0.48164794007490636,0.30179900029933127,0.19391727424357091,0.23498196211023661,1335
358,1,evaluate,4.126896608443487,0.4898724681170293,0.2937071828954701,0.1956410376000747,0.23346279265824244,1333
358,2,evaluate,3.6567131131887436,0.538,0.35169759648901705,0.2151884958812444,0.2665969553713886,2000
358,3,evaluate,3.4294638633728027,0.5674865026994601,0.27676325732080664,0.22922830385349185,0.2477524986655602,1667
358,4,evaluate,5.149502118428548,0.3935212957408518,0.2177128535181821,0.15587604560276697,0.17945645803293916,1667
358,5,evaluate,4.53113429993391,0.4675,0.2856808715873195,0.18643053864257114,0.22422412966515953,2000
359,0,evaluate,3.5007400336088956,0.5620875824835033,0.27545252085579186,0.22768896910793474,0.24589632931127556,1667
359,1,evaluate,5.154337079436691,0.39232153569286143,0.21637161343847308,0.15489719645094713,0.1788498272976404,1667
359,2,evaluate,3.675685614347458,0.534,0.3502188686968707,0.21362683066931556,0.26499631297358806,2000
359,3,evaluate,4.191562482288906,0.48537134283570893,0.2914374312599291,0.1937673609698712,0.23125262060850912,1333
359,4,evaluate,4.025490624564035,0.4764044943820225,0.29852492603744185,0.19190189751026507,0.232459002785333,1335
359,5,evaluate,4.453914277255535,0.481,0.2863974360656642,0.19182577303843334,0.22848766470011478,2000
360,0,evaluate,4.42199744284153,0.4845,0.2857572785342182,0.193287672657799,0.2295551954100679,2000
360,1,evaluate,3.7115814462304115,0.532,0.348796609734831,0.21290620080339626,0.2639146320531987,2000
360,2,evaluate,4.067083756128947,0.4794007490636704,0.30234733011377074,0.19312380407824098,0.23388434617005016,1335
360,3,evaluate,5.180983172522651,0.3905218956208758,0.21422697225498483,0.15329441361118173,0.17753111245259784,1667
360,4,evaluate,3.5408757704275624,0.5668866226754649,0.27589293970037854,0.23028872932548455,0.24709401794270405,1667
360,5,evaluate,4.231421436582293,0.48012003000750186,0.28884902578753247,0.19173660969155296,0.22791761213155076,1333
361,0,evaluate,4.402343586087227,0.495,0.2853924870146244,0.19744971884311552,0.23234270791691142,2000
361,1,evaluate,3.546375588134483,0.563887222555489,0.2745770015759564,0.23016243368832706,0.24569130886114338,1667
361,2,evaluate,4.13652693657648,0.47116104868913855,0.3010664613635751,0.19000151941540805,0.2306007024139821,1335
361,3,evaluate,3.720932736992836,0.532,0.3474013677640032,0.21282055224838695,0.2632027316436473,2000
361,4,evaluate,5.242146050488508,0.385122975404919,0.2117501949552632,0.1503584965932459,0.17499470462879935,1667
361,5,evaluate,4.295165368488857,0.47561890472618157,0.2890856155979255,0.18997226833666908,0.22566043539708808,1333
362,0,evaluate,4.451282232999802,0.4965,0.28664678160214596,0.19809451688304103,0.23322614128137417,2000
362,1,evaluate,4.15001486596607,0.47116104868913855,0.3008210443625964,0.18991746350252414,0.23031699474526937,1335
362,2,evaluate,3.5269863914560386,0.5680863827234554,0.2740466892214358,0.23173851419090113,0.24613996091241153,1667
362,3,evaluate,4.302300589425223,0.4891222805701425,0.29286400765490084,0.19528037388868902,0.23051176501729112,1333
362,4,evaluate,3.7411851063370705,0.534,0.3468691419974523,0.21360236034926022,0.2636174470331169,2000
362,5,evaluate,5.301636845977218,0.3827234553089382,0.21320287902155152,0.14925827371653555,0.17474145804788066,1667
363,0,evaluate,5.349986676816587,0.3809238152369526,0.21269792128041085,0.1489169368287354,0.17412537314177845,1667
363,1,evaluate,4.1456215154557,0.4681647940074906,0.2984716596728091,0.18855366971997023,0.22861907518605112,1335
363,2,evaluate,4.295332851864043,0.4981245311327832,0.2955675931101055,0.1984772822190026,0.23377925668724284,1333
363,3,evaluate,3.502468806725961,0.5752849430113978,0.274416030963441,0.23418887019724416,0.24824510431225813,1667
363,4,evaluate,3.7507513761520386,0.5375,0.3476544185370802,0.215015625495408,0.26486659982020605,2000
363,5,evaluate,4.504326120018959,0.494,0.2875362948937735,0.1971434160141465,0.23300141229221244,2000
364,0,evaluate,4.610640570521355,0.4845,0.2881888574245502,0.1933435244261195,0.23048854734868832,2000
364,1,evaluate,4.072260867981684,0.47415730337078654,0.29961466394395364,0.19085600087816154,0.23104832618445287,1335
364,2,evaluate,3.7749336883425713,0.544,0.3502828520431914,0.21762652261067378,0.2676153020188168,2000
364,3,evaluate,5.417936784249765,0.3755248950209958,0.2108479119237821,0.1478363781074235,0.1720255142837012,1667
364,4,evaluate,4.217445418948219,0.5026256564141035,0.29637806595003147,0.200131715464199,0.23603595741926017,1333
364,5,evaluate,3.480941657666807,0.5854829034193162,0.2775126637847035,0.23834273312340687,0.25226600177488134,1667
365,0,evaluate,4.113799413045247,0.5123780945236309,0.2982113230078588,0.20384993071792276,0.23988640600413497,1333
365,1,evaluate,3.768977351486683,0.5485,0.3512856138218456,0.2193659532463763,0.2692901798220794,2000
365,2,evaluate,4.703553028404713,0.4725,0.2889587546583779,0.1885587090116388,0.22713050444737015,2000
365,3,evaluate,3.4469221786216453,0.5860827834433113,0.27900763876947027,0.2381512847777647,0.2531496585710709,1667
365,4,evaluate,3.9724733261835006,0.4779026217228464,0.2977289901115103,0.19208183512606092,0.23182656954697176,1335
365,5,evaluate,5.462387288058245,0.379124175164967,0.21367243774359773,0.1506781202764888,0.17378922494445467,1667
366,0,evaluate,3.898746683484032,0.4891385767790262,0.30075975420178314,0.1960568538348651,0.23604854262733244,1335
366,1,evaluate,3.745714910328388,0.544,0.3485503814976103,0.21756564656231778,0.2673191825146414,2000
366,2,evaluate,3.412032198022913,0.5944811037792441,0.28040948190872417,0.2398209196697393,0.2558610194562267,1667
366,3,evaluate,5.555022963771114,0.3743251349730054,0.21393575636746592,0.14969147588426368,0.17206218550699043,1667
366,4,evaluate,4.0534473941439675,0.5101275318829708,0.29676206477214545,0.20287801341403675,0.23897978723404253,1333
366,5,evaluate,4.792875848710537,0.463,0.29084637973406446,0.18478146606517082,0.22454848538807334,2000
367,0,evaluate,4.855936869978905,0.4595,0.2919490936612884,0.18335723695269496,0.2233392632789551,2000
367,1,evaluate,5.633098646446511,0.370125974805039,0.21489897297460203,0.14855362621659432,0.17066593988747122,1667
367,2,evaluate,4.031604494367327,0.5108777194298575,0.29522561807393266,0.20332325743859583,0.23917202518695965,1333
367,3,evaluate,3.8762421494438533,0.4943820224719101,0.30383586038931,0.1978571419983207,0.23863132027688988,1335
367,4,evaluate,3.3882740956765636,0.5914817036592681,0.279246432123374,0.23765844359271826,0.2546907791305959,1667
367,5,evaluate,3.7167401500046253,0.552,0.3468131794138232,0.22074214935501701,0.2692512000716064,2000
368,0,evaluate,4.02653896240961,0.5123780945236309,0.29624014329608184,0.20387182473268323,0.24001415218113847,1333
368,1,evaluate,4.887563534080982,0.453,0.2912610680962992,0.18073004988989702,0.22112793438639794,2000
368,2,evaluate,3.8875139213743664,0.4868913857677903,0.302606654645362,0.19471193829890937,0.23590232454055987,1335
368,3,evaluate,3.3797202905019126,0.590881823635273,0.2788082939312285,0.23712314107728122,0.2542624902585267,1667
368,4,evaluate,5.676252753646286,0.3683263347330534,0.21458946103376214,0.1484112872638696,0.16983907023028263,1667
368,5,evaluate,3.6996443942189217,0.554,0.34759710906914865,0.22143772587322222,0.26985397593344507,2000
369,0,evaluate,4.042497067224412,0.5078769692423106,0.29542328407926355,0.20211233217219537,0.2386037418320579,1333
369,1,evaluate,5.663960112465753,0.3665266946610678,0.2138208041253727,0.14732913642067597,0.16961861635857717,1667
369,2,evaluate,3.941287494841076,0.4853932584269663,0.30010034492687276,0.19433848896987688,0.23507040708147411,1335
369,3,evaluate,3.3671210915954024,0.5920815836832634,0.2795274731594743,0.23685749290402422,0.2546638396777248,1667
369,4,evaluate,3.682178296148777,0.5625,0.3484540867788068,0.22476255601444342,0.27268782347807746,2000
369,5,evaluate,4.853499069809914,0.4535,0.2921175227949806,0.18094156018701035,0.22148966482185733,2000
370,0,evaluate,3.6567761413753033,0.565,0.3490653758162202,0.2256716341585565,0.27347210798365884,2000
370,1,evaluate,5.652331564161512,0.36532693461307736,0.21310726845929998,0.14589626285387822,0.16926007840523832,1667
370,2,evaluate,4.013242233367193,0.4786516853932584,0.3008032535425709,0.1921000494077197,0.23358150127072355,1335
370,3,evaluate,4.066109770820255,0.4988747186796699,0.295623490143614,0.1986708249627133,0.2360794034601265,1333
370,4,evaluate,3.377489606539408,0.5872825434913017,0.27777076017825325,0.23504433607317549,0.25295822644962807,1667
370,5,evaluate,4.811537615954876,0.4605,0.2921863291142507,0.18375991095148783,0.22381846434084504,2000
371,0,evaluate,3.9980433100745794,0.4846441947565543,0.30188794125480234,0.194648355751613,0.23574851751194412,1335
371,1,evaluate,4.035200130371821,0.49962490622655664,0.2979903248789181,0.19904205255517982,0.2368974713301811,1333
371,2,evaluate,3.6352519653737545,0.5635,0.35144732665907435,0.2251138751314687,0.27376508822179096,2000
371,3,evaluate,5.58938075878002,0.3707258548290342,0.21359173494915895,0.14741051272634056,0.17151783490042982,1667
371,4,evaluate,4.772424064576626,0.4555,0.290830339683911,0.18169587603500878,0.22162275115597704,2000
371,5,evaluate,3.365033123228285,0.5794841031793642,0.27452135328342286,0.23245262534899372,0.24976013251092694,1667
372,0,evaluate,4.01399716876802,0.5018754688672168,0.29846834403370115,0.20003721668308733,0.23731101056445528,1333
372,1,evaluate,3.979108765011742,0.48314606741573035,0.2990788690160646,0.19431316701256524,0.23459623148989586,1335
372,2,evaluate,3.3604242271847196,0.5812837432513497,0.27589051903770134,0.23423951056443998,0.2508894680823266,1667
372,3,evaluate,4.735327214002609,0.4585,0.2921469220050451,0.18284684833859005,0.2230447770585709,2000
372,4,evaluate,3.6364073120057583,0.5565,0.35301203487950783,0.2222489240844426,0.27175370804838367,2000
372,5,evaluate,5.519748157925076,0.3773245350929814,0.21453997287667823,0.14969470694017578,0.174073556460024,1667
373,0,evaluate,3.950432289214361,0.4846441947565543,0.29922752364563765,0.19510491826128468,0.23481202825575553,1335
373,1,evaluate,5.4200647053895175,0.379124175164967,0.21293409130100321,0.149622685940653,0.17397789900062838,1667
373,2,evaluate,4.689651720225811,0.4665,0.2948983497992922,0.1860939186586964,0.22699886839758648,2000
373,3,evaluate,3.9988335995447066,0.5026256564141035,0.3010513703043227,0.20054202029840007,0.23787185026888896,1333
373,4,evaluate,3.3767866646801985,0.5794841031793642,0.27603085796989923,0.23433193944430428,0.25026184604265644,1667
373,5,evaluate,3.6922406032681465,0.543,0.3521811646736617,0.21694948375819717,0.26766015957410494,2000
374,0,evaluate,3.9393845058622814,0.48239700374531835,0.29984945975424065,0.1942507440660082,0.2338535579898625,1335
374,1,evaluate,3.9967180093129477,0.5018754688672168,0.3007186155968709,0.20028645040803994,0.2369325158662016,1333
374,2,evaluate,3.387992426201149,0.5758848230353929,0.27413264539357096,0.23350141928486562,0.2485093960621514,1667
374,3,evaluate,5.347420533498128,0.3857228554289142,0.21594319251619498,0.1514588303943954,0.17680944691700867,1667
374,4,evaluate,3.741383969783783,0.536,0.3514921751325728,0.21420914992178358,0.265375210655992,2000
374,5,evaluate,4.627287000417709,0.4715,0.2917349822511547,0.18808949670707714,0.22769910641629793,2000
375,0,evaluate,4.608449265360832,0.4745,0.2932239706963619,0.18930212862775755,0.2293253695492817,2000
375,1,evaluate,3.91915386063712,0.4861423220973783,0.30062264960874313,0.1957282989561144,0.23489591849911765,1335
375,2,evaluate,3.393758676670216,0.5674865026994601,0.2714393236802573,0.23137785618589687,0.24488214000566236,1667
375,3,evaluate,3.981324831644694,0.5078769692423106,0.302805999214243,0.2027047186383102,0.2391559545037091,1333
375,4,evaluate,3.8030859231948853,0.5295,0.35237290875167193,0.21169423312131444,0.26351903839561547,2000
375,5,evaluate,5.302916544455069,0.394121175764847,0.21988177837900738,0.15525697681648692,0.18048713380746362,1667
376,0,evaluate,3.9110785098302934,0.4883895131086142,0.30095568189202604,0.19656219661511476,0.235482670198874,1335
376,1,evaluate,3.3925689856211343,0.5686862627474505,0.27182778651953177,0.23193196818339024,0.24497514407666077,1667
376,2,evaluate,3.8437062799930573,0.524,0.35550744490442315,0.20958615504592437,0.26271419790687944,2000
376,3,evaluate,3.981449081784203,0.5056264066016504,0.2996793591273102,0.20177221669480144,0.23770386294257645,1333
376,4,evaluate,5.307090874071474,0.39472105578884226,0.2205890554151051,0.15554747978147682,0.18069654714521494,1667
376,5,evaluate,4.617247387766838,0.4805,0.29166468278823693,0.1917566657444873,0.23064114811300832,2000
377,0,evaluate,3.9354057425544378,0.48164794007490636,0.29879023643355646,0.19375778060256044,0.23256534605933177,1335
377,1,evaluate,5.340463991518374,0.3887222555488902,0.2197805981515935,0.15313786869782545,0.17873325177046978,1667
377,2,evaluate,3.826989382505417,0.5235,0.3536749487235854,0.20945313231298787,0.2622717196327443,2000
377,3,evaluate,4.61736810952425,0.4815,0.2900356557434166,0.19216807064115674,0.2303364453878806,2000
377,4,evaluate,4.007057519186111,0.5011252813203301,0.2974797073288479,0.19996219617250185,0.23538015384103977,1333
377,5,evaluate,3.374888508408158,0.5674865026994601,0.270855370411745,0.23172387923639018,0.24432001920570245,1667
378,0,evaluate,3.3594453599717884,0.5674865026994601,0.2701341654493586,0.2310703287717193,0.2441374065957677,1667
378,1,evaluate,3.7790739089250565,0.5385,0.35442241013102993,0.21543894491936552,0.2670865267030179,2000
378,2,evaluate,5.395383163734719,0.38392321535692864,0.21856662529923704,0.15122131929050286,0.17685425174844588,1667
378,3,evaluate,3.976392394020444,0.47415730337078654,0.2961383874237272,0.1906623702657708,0.2294471849997159,1335
378,4,evaluate,4.058606329418364,0.495873968492123,0.29263164318765894,0.19777667209770758,0.2323055091253031,1333
378,5,evaluate,4.630214340984821,0.482,0.28933745548910467,0.1924032468067953,0.23011323422440447,2000
379,0,evaluate,5.472004448926008,0.38452309538092383,0.21883827884814755,0.1510041785948601,0.17687295842364098,1667
379,1,evaluate,4.0326912970769975,0.46741573033707867,0.2973175670871676,0.18778034962140416,0.22800144466263356,1335
379,2,evaluate,4.111045054027012,0.49287321830457614,0.2930805908780679,0.19648423460604475,0.23221679579856408,1333
379,3,evaluate,3.3587798454143383,0.5752849430113978,0.27315486153801166,0.2328689750667235,0.2477394171608145,1667
379,4,evaluate,4.653970405459404,0.485,0.28842754800257453,0.19364366556957574,0.2304120732408054,2000
379,5,evaluate,3.697860412299633,0.5445,0.3540591232324287,0.21804993890757066,0.2689576994979959,2000
380,0,evaluate,3.387317979777301,0.5770845830833833,0.2745424846109025,0.23187828890194542,0.24902556624743885,1667
380,1,evaluate,4.078673158373151,0.4606741573033708,0.29813206408907167,0.18515587879500384,0.2265835584732256,1335
380,2,evaluate,3.6146742552518845,0.553,0.35324182057235254,0.2214033356910355,0.2714340200795597,2000
380,3,evaluate,5.511381361219618,0.38452309538092383,0.2193068230432517,0.15125271090679304,0.17697677172769372,1667
380,4,evaluate,4.1586079597473145,0.4913728432108027,0.2945851714306322,0.19606776970241288,0.2327561117851608,1333
380,5,evaluate,4.651247322559357,0.4885,0.2889955036963478,0.1950556950587638,0.23120054495388026,2000
381,0,evaluate,3.5442392453551292,0.558,0.3515158848237695,0.22331163310585386,0.2725390434198176,2000
381,1,evaluate,3.432619395079436,0.5740851829634073,0.27430333687719566,0.22968511257409174,0.24815835955640445,1667
381,2,evaluate,5.549971421559651,0.385122975404919,0.21980658456442229,0.15180013013777324,0.17752571226212308,1667
381,3,evaluate,4.170739310128348,0.4808702175543886,0.292086257710984,0.19188766217888864,0.22975491195795533,1333
381,4,evaluate,4.086984066736131,0.46292134831460674,0.3002334152078512,0.1861247929006072,0.22832920552451474,1335
381,5,evaluate,4.660075940191746,0.492,0.2911145478215407,0.19643235608718732,0.23265680791496512,2000
382,0,evaluate,5.5682074405528885,0.38452309538092383,0.22167262206964358,0.15162628864431915,0.17825277152574628,1667
382,1,evaluate,4.166566587629772,0.4808702175543886,0.2904229792009482,0.1919340350038019,0.22992129981793968,1333
382,2,evaluate,4.077742236001151,0.4659176029962547,0.3034699489194074,0.1873335800379453,0.23042525497692354,1335
382,3,evaluate,3.487681516894588,0.5698860227954409,0.27452405433253035,0.22690595967319077,0.2470176984004686,1667
382,4,evaluate,4.65923348814249,0.49,0.2905509883299583,0.19556669702147422,0.23186887188925365,2000
382,5,evaluate,3.5159655064344406,0.5625,0.3514494861468792,0.22506086138171977,0.27382526080237335,2000
383,0,evaluate,4.055819545473371,0.4749063670411985,0.3045611842105263,0.1909060663283607,0.23377814872561659,1335
383,1,evaluate,5.536113403461598,0.3797240551889622,0.21814003775656793,0.14961545346368685,0.17554196938794925,1667
383,2,evaluate,4.151269265583584,0.48687171792948236,0.29263120867849945,0.194331044257061,0.23247826364336657,1333
383,3,evaluate,3.5288870202170477,0.5692861427714457,0.2740749707560633,0.22729832248500498,0.24700305521886373,1667
383,4,evaluate,4.67473940551281,0.489,0.29179805813160753,0.1950986108312552,0.23200053346619276,2000
383,5,evaluate,3.5303593575954437,0.5695,0.3526136153666291,0.2277225080992129,0.2762105325054512,2000
384,0,evaluate,4.114348922457014,0.4951237809452363,0.2959639594460217,0.1976458605498637,0.23599845401195205,1333
384,1,evaluate,4.024517570223127,0.48389513108614235,0.3074634498168087,0.194515485278882,0.2373285822555727,1335
384,2,evaluate,3.5434586030465587,0.5734853029394121,0.27581489270775245,0.2288771152883437,0.24868207056581562,1667
384,3,evaluate,4.724928893148899,0.485,0.29238581561903465,0.19348789975153577,0.2311972244428328,2000
384,4,evaluate,5.500370060956037,0.3779244151169766,0.21726181942900408,0.14914361600849296,0.17457179943173082,1667
384,5,evaluate,3.5884207114577293,0.5635,0.3522822715382696,0.22516818599313027,0.27412919901615657,2000
385,0,evaluate,3.999406825928461,0.4951310861423221,0.3080623430600504,0.1990491064639503,0.24103038271735144,1335
385,1,evaluate,4.08411473319644,0.4981245311327832,0.2977131669374817,0.19891574487500258,0.2372387756415458,1333
385,2,evaluate,4.767527095973492,0.4815,0.2948395634621664,0.19206534360189087,0.23116099779810387,2000
385,3,evaluate,3.6647594645619392,0.5575,0.35270389045456774,0.22273475211504018,0.27238293061807467,2000
385,4,evaluate,3.550522459877862,0.5758848230353929,0.27665616158190665,0.22977637366412723,0.2495211147105097,1667
385,5,evaluate,5.469751817208749,0.38392321535692864,0.21788196071934846,0.15191637844121447,0.17659185606872912,1667
386,0,evaluate,3.978295541944958,0.49288389513108616,0.30353799639513923,0.19821295818200968,0.23911996936380192,1335
386,1,evaluate,3.5654658918027526,0.5770845830833833,0.27647926754759666,0.23085072743671314,0.24970404414411895,1667
386,2,evaluate,4.040050710950579,0.5108777194298575,0.302630021701174,0.20393829019671691,0.24193967041585474,1333
386,3,evaluate,5.469927469889323,0.3869226154769046,0.21855573401146575,0.15321418878260834,0.17743724379806092,1667
386,4,evaluate,4.827040925621986,0.473,0.291968558603863,0.1886816614447186,0.22791441788254457,2000
386,5,evaluate,3.7542818412184715,0.5495,0.3530871780077654,0.21949236282771384,0.2698884973118364,2000
387,0,evaluate,4.002306790578933,0.5146286571642911,0.30030560342788687,0.2054272176968718,0.242072459780309,1333
387,1,evaluate,3.8268280997872353,0.54,0.35079088042939865,0.2156831428716263,0.26633704993010493,2000
387,2,evaluate,3.5724728107452393,0.5728854229154169,0.2735492554386616,0.23009440710488932,0.2475565010515007,1667
387,3,evaluate,5.490724704883717,0.3833233353329334,0.2143832261081728,0.15147315185891552,0.174691972589155,1667
387,4,evaluate,4.856896109879017,0.466,0.29219051700688803,0.18586322378555903,0.22584396975813031,2000
387,5,evaluate,3.9723462604341053,0.4943820224719101,0.30307777018303333,0.19876277414437699,0.23932717411314625,1335
388,0,evaluate,3.999659708568028,0.4943820224719101,0.30218322946941,0.19885528748323666,0.23882214852483158,1335
388,1,evaluate,4.846686087548733,0.458,0.2890080281445275,0.18260499772170163,0.22243307756589323,2000
388,2,evaluate,3.5620067649417453,0.5734853029394121,0.2730098296205232,0.23120980392104093,0.24740109182053183,1667
388,3,evaluate,4.005144618806385,0.5123780945236309,0.29898684817843313,0.20435072078657987,0.2407008259925095,1333
388,4,evaluate,3.867369294166565,0.536,0.35043409791760505,0.21401742122521616,0.26493491988951245,2000
388,5,evaluate,5.518807746745922,0.38452309538092383,0.21478632927819558,0.15127697639110696,0.17500406501841603,1667
389,0,evaluate,5.561142736011082,0.3833233353329334,0.21755142715425463,0.1512107804511246,0.17553781406258023,1667
389,1,evaluate,4.011023986907232,0.5116279069767442,0.29869002580219634,0.20402288424851117,0.2403425384351674,1333
389,2,evaluate,3.869653895497322,0.5365,0.34956698518689616,0.21430735679362875,0.26500830291352423,2000
389,3,evaluate,4.017171314784458,0.48764044943820223,0.2979702417616261,0.19606352955478945,0.23523639354491052,1335
389,4,evaluate,4.873540043830872,0.455,0.2884879263327734,0.18140499872554466,0.22123549011304755,2000
389,5,evaluate,3.5412980803736933,0.5764847030593881,0.27248084664836114,0.23224783259767273,0.24799436676238223,1667
390,0,evaluate,4.06584172021775,0.48164794007490636,0.2935829223317036,0.19348387524851368,0.23170072629447697,1335
390,1,evaluate,4.05481615520659,0.5086271567891973,0.2982454292365606,0.2027200278129114,0.23921434160710872,1333
390,2,evaluate,4.896800443530083,0.458,0.2903881640330191,0.18261735722198086,0.2226219700570545,2000
390,3,evaluate,5.64138189068547,0.385122975404919,0.2203483601378231,0.15186725723245154,0.17656364856445375,1667
390,4,evaluate,3.8445461839437485,0.5365,0.35050182308138345,0.21432742104060903,0.2653329438489659,2000
390,5,evaluate,3.5193774788467973,0.5776844631073785,0.2731162697662909,0.2329537699895119,0.24854524734367228,1667
391,0,evaluate,5.709631195774785,0.38752249550089984,0.22232247514421938,0.15319824110475042,0.17809025161112274,1667
391,1,evaluate,4.116150867371332,0.4801498127340824,0.2931206154702684,0.19273705273934522,0.23083394314969707,1335
391,2,evaluate,4.1045094558170865,0.5108777194298575,0.29933726911178965,0.20365692653957795,0.24027208438799796,1333
391,3,evaluate,3.5103284341317638,0.5806838632273545,0.27283798466487114,0.23377495191219472,0.24906936637177993,1667
391,4,evaluate,4.921935126185417,0.46,0.28803479963654527,0.18344751111480728,0.22264385314982174,2000
391,5,evaluate,3.8056952729821205,0.544,0.35202718505778624,0.21752024812656284,0.268408209468477,2000
392,0,evaluate,4.140525965463548,0.4898876404494382,0.2967545278682039,0.19641064205320583,0.23526097443368954,1335
392,1,evaluate,3.520790417989095,0.5836832633473306,0.2737020422146471,0.23441502828196836,0.2500251598100235,1667
392,2,evaluate,4.13703635760716,0.5078769692423106,0.29954135462240083,0.20243985828926872,0.2394969541665521,1333
392,3,evaluate,5.757229451779966,0.38392321535692864,0.22361637529324593,0.152929964242642,0.17739133469248541,1667
392,4,evaluate,3.7903315722942352,0.548,0.35153644713383647,0.2191723353061445,0.2693474237083163,2000
392,5,evaluate,4.971139051020145,0.458,0.287084986318267,0.18271734425400962,0.22184158817524996,2000
393,0,evaluate,4.946987092494965,0.4645,0.28769865620309065,0.18533849986122472,0.22395897058106984,2000
393,1,evaluate,4.193183410735357,0.4846441947565543,0.296161847894406,0.19450180653237298,0.23376112988662925,1335
393,2,evaluate,4.192863668714251,0.5063765941485371,0.3017268065455815,0.20173428870543572,0.24002011311393584,1333
393,3,evaluate,3.5424529623102257,0.5812837432513497,0.2739369938706965,0.23351951864789666,0.2494249636019735,1667
393,4,evaluate,3.7625597342848778,0.555,0.3536999358989298,0.22197372575221824,0.2720483472666723,2000
393,5,evaluate,5.778172157428883,0.3863227354529094,0.2239856193254321,0.15395912780418763,0.17886914218904135,1667
394,0,evaluate,4.243242820103963,0.47415730337078654,0.2940139176933593,0.19062322884235197,0.23014913065152479,1335
394,1,evaluate,5.800955366205286,0.38452309538092383,0.22145868031280358,0.15288295161587903,0.1774614979945488,1667
394,2,evaluate,4.245671953473773,0.5018754688672168,0.29955028264679473,0.19979695596732833,0.2379291840062653,1333
394,3,evaluate,4.914039634168148,0.47,0.28931278457868953,0.18756418885701234,0.2260042349736381,2000
394,4,evaluate,3.5925534389637135,0.5746850629874025,0.2730962550075877,0.2303771535503077,0.2472406077051855,1667
394,5,evaluate,3.7628897801041603,0.561,0.35501027486167624,0.22439375463281888,0.27417717300273864,2000
395,0,evaluate,5.820327529200801,0.3833233353329334,0.21769033979901345,0.15188361655192092,0.17645566331109858,1667
395,1,evaluate,4.300318502244496,0.5003750937734434,0.3004951080629611,0.19928750376761065,0.23779844672185427,1333
395,2,evaluate,3.6232457337556063,0.5734853029394121,0.27325994490558714,0.22944360595072372,0.24680213245889232,1667
395,3,evaluate,4.3022776898883635,0.4696629213483146,0.2988643466903018,0.1889820776224444,0.23002220664743928,1335
395,4,evaluate,3.765052080154419,0.5595,0.35462831721103977,0.22384254701117676,0.27353192638892543,2000
395,5,evaluate,4.878200881183147,0.478,0.28975284316998645,0.1907752708855564,0.22882601594675706,2000
396,0,evaluate,4.339052393322899,0.47265917602996255,0.3027678263866613,0.1903524834448514,0.23203918016832548,1335
396,1,evaluate,4.870692811906338,0.4795,0.2891614675677304,0.19141121522785606,0.22932058071191622,2000
396,2,evaluate,3.6545127939294884,0.5716856628674265,0.27310218055183244,0.2283981116756383,0.24600900159921438,1667
396,3,evaluate,5.808365715874566,0.3893221355728854,0.21731760791726376,0.15402914504021722,0.17827210755555067,1667
396,4,evaluate,3.798629939556122,0.5535,0.35396405539574144,0.22146780872228594,0.2713384970684062,2000
396,5,evaluate,4.331355628513155,0.5048762190547637,0.30221635465771246,0.2009736735535034,0.2396167846818885,1333
397,0,evaluate,3.839423358440399,0.551,0.35553632482246567,0.2203912702948192,0.2709382814755493,2000
397,1,evaluate,4.853943444788456,0.4785,0.2905449666397931,0.19104534513348173,0.22968770225578466,2000
397,2,evaluate,3.650636584670455,0.5728854229154169,0.2738872338213001,0.2297574716483744,0.24687072022394557,1667
397,3,evaluate,5.778197200210006,0.3887222555488902,0.216380960213462,0.15348105364784176,0.1779493972523534,1667
397,4,evaluate,4.338441610336304,0.5071267816954238,0.3038723299706853,0.20197627485483247,0.24030292339826662,1333
397,5,evaluate,4.351765235265096,0.4696629213483146,0.3025275841375618,0.18932850611673804,0.2310393306435709,1335
398,0,evaluate,4.326359987258911,0.4756554307116105,0.30302460943417636,0.1918352177958635,0.23314323577383847,1335
398,1,evaluate,3.883167251944542,0.5445,0.35460656466041496,0.21778779601800718,0.26876273863015354,2000
398,2,evaluate,4.888324476778507,0.47,0.2901830795313147,0.1876862950821858,0.2272146445086231,2000
398,3,evaluate,3.6284228960673013,0.5758848230353929,0.275649102414868,0.23197045688949086,0.24861691491669072,1667
398,4,evaluate,4.302866231827509,0.5108777194298575,0.30477604092813043,0.2035581274476918,0.24147669372891095,1333
398,5,evaluate,5.728804764924226,0.38752249550089984,0.21410760427260594,0.15309066169888003,0.17672840919255114,1667
399,0,evaluate,4.273396912075224,0.48089887640449436,0.30045680553943344,0.1938441432480978,0.23396997058356464,1335
399,1,evaluate,4.250689234052386,0.5146286571642911,0.30366742343320074,0.20509758290965854,0.24251841404674002,1333
399,2,evaluate,3.5891654138211853,0.5788842231553689,0.2761953983682262,0.23323738798236268,0.25000546920976274,1667
399,3,evaluate,5.6984603140089245,0.39652069586082783,0.21723378100580656,0.15727533399704818,0.1804057457906266,1667
399,4,evaluate,3.901488721370697,0.536,0.3525366076621923,0.2143841195420987,0.2657886699619632,2000
399,5,evaluate,4.931419275701046,0.4625,0.290211879429879,0.18464996926377647,0.22497761583435122,2000
400,0,evaluate,5.6832285368884055,0.39532093581283745,0.21759718800930483,0.15726123438140646,0.1800095297023291,1667
400,1,evaluate,3.927694246172905,0.5355,0.3525789717491113,0.21415950122190325,0.26583578879189834,2000
400,2,evaluate,3.582864196212203,0.5788842231553689,0.27635287572054196,0.23287414043559712,0.25036855902184363,1667
400,3,evaluate,4.989603511989117,0.4585,0.2912859622937098,0.18304725919158446,0.22417136969795964,2000
400,4,evaluate,4.210316873732067,0.5153788447111778,0.30279364734561864,0.20568799526738388,0.2425550175884288,1333
400,5,evaluate,4.231990666616531,0.4779026217228464,0.29600990974348623,0.19255666802710453,0.2319391042968592,1335
401,0,evaluate,4.21481526465643,0.48389513108614235,0.29726157395770975,0.19464933455438754,0.23434102943786977,1335
401,1,evaluate,4.192679825283232,0.5123780945236309,0.29818099632110706,0.20445207697621098,0.2405720127712323,1333
401,2,evaluate,3.5742895073360867,0.5824835032993402,0.2772837819981611,0.23528199976147204,0.2519594607380399,1667
401,3,evaluate,5.688550843132867,0.394121175764847,0.2177849128040356,0.15744561318775568,0.17981876099763383,1667
401,4,evaluate,3.932785138487816,0.534,0.3531903387322115,0.21359861758539161,0.2655954056196952,2000
401,5,evaluate,5.0232954621315,0.463,0.29235052977654435,0.18475708421866927,0.22566407485031537,2000
402,0,evaluate,4.185658568427677,0.48089887640449436,0.2947315053367685,0.19324153472534406,0.23281543726071163,1335
402,1,evaluate,4.159976618630545,0.5176294073518379,0.29678014637133776,0.2065224230577845,0.24183603151095437,1333
402,2,evaluate,5.060748115181923,0.459,0.29094006086575463,0.1831207747957223,0.22393525303329934,2000
402,3,evaluate,5.695386162510625,0.3905218956208758,0.21799958742076692,0.15646913619068584,0.17897406508689034,1667
402,4,evaluate,3.938676819205284,0.525,0.3517454563178303,0.20998830685686767,0.26245666314034233,2000
402,5,evaluate,3.574634481359411,0.5788842231553689,0.2765682722982981,0.2347881592910003,0.25080746690459815,1667
403,0,evaluate,5.0516834035515785,0.4585,0.2907365311414497,0.182924409163689,0.22375904950966916,2000
403,1,evaluate,4.159128665924072,0.48314606741573035,0.2951960769661872,0.19415528763909698,0.233628202096603,1335
403,2,evaluate,3.9038423001766205,0.528,0.352011814539667,0.21123362556494246,0.2635757561625555,2000
403,3,evaluate,5.7254335173854125,0.3857228554289142,0.21614281476846067,0.15410898875684131,0.17678977271366242,1667
403,4,evaluate,4.147240650086176,0.5176294073518379,0.2946198378925436,0.20652353780441932,0.24147602178424124,1333
403,5,evaluate,3.5433175475509078,0.5794841031793642,0.2769718123702891,0.23541659899988251,0.25110249175540966,1667
404,0,evaluate,4.189529861722674,0.4764044943820225,0.2945696743587402,0.1914896416348322,0.23134713529680448,1335
404,1,evaluate,4.204429830823626,0.5063765941485371,0.2930162392467837,0.20204031419923854,0.23755806506367189,1333
404,2,evaluate,3.83070457726717,0.529,0.3516252292448611,0.2116485780001791,0.2638592967063598,2000
404,3,evaluate,4.971035838127136,0.4655,0.289525815665444,0.1856576082319064,0.22523130501241856,2000
404,4,evaluate,5.75812562306722,0.3869226154769046,0.21817468739154822,0.1541837212991918,0.17783558138729988,1667
404,5,evaluate,3.5009177525838218,0.5788842231553689,0.2763911252575061,0.23469902660681502,0.25084675790755423,1667
405,0,evaluate,4.25122162273952,0.47415730337078654,0.29669817229402723,0.19059479546784924,0.23076889135213552,1335
405,1,evaluate,3.4525776792455605,0.5728854229154169,0.27136460220815517,0.23148388177388055,0.24752728851625574,1667
405,2,evaluate,4.2879163310641335,0.4951237809452363,0.29165262173940093,0.1975136995396599,0.2339412667641633,1333
405,3,evaluate,4.888984210789204,0.4765,0.28674195952987325,0.19007621639795577,0.2272042456992219,2000
405,4,evaluate,5.83485511497215,0.3809238152369526,0.217450220917004,0.15131667309316055,0.1757969167060327,1667
405,5,evaluate,3.754528723657131,0.5385,0.3524707422945413,0.21540428581035412,0.2669972958606829,2000
406,0,evaluate,4.273999463944208,0.4704119850187266,0.2954790580263726,0.18913727263598312,0.2287820943116281,1335
406,1,evaluate,3.7063271403312683,0.547,0.351587806071319,0.21874473899869443,0.26922582810231244,2000
406,2,evaluate,4.331744977406093,0.4876219054763691,0.29301440584448374,0.19450657555454948,0.23196797462223467,1333
406,3,evaluate,5.876992967393663,0.3797240551889622,0.21857451406463535,0.1506073616784964,0.17563235141600558,1667
406,4,evaluate,4.85631749778986,0.479,0.2851793082095183,0.19106883998294708,0.2269830876434237,2000
406,5,evaluate,3.4444081518385143,0.5764847030593881,0.27306016533753186,0.232614048212751,0.24895748892108793,1667
407,0,evaluate,4.857462100684643,0.4825,0.28537429937396946,0.1924476072754372,0.228188570910224,2000
407,1,evaluate,3.46064144593698,0.5806838632273545,0.274493456967648,0.23319886212074015,0.2503226917947504,1667
407,2,evaluate,4.359844991139004,0.48687171792948236,0.2936057288146132,0.19419243999694077,0.23193930777406363,1333
407,3,evaluate,4.297713132131667,0.4666666666666667,0.292667668542414,0.1876272444720243,0.22694165445435877,1335
407,4,evaluate,5.89591700942428,0.3737252549490102,0.21724381491135697,0.14850402263916923,0.17349360677827902,1667
407,5,evaluate,3.694732144474983,0.5545,0.3505718005180426,0.22167895783515176,0.2710020454772673,2000
408,0,evaluate,4.383487917128063,0.48537134283570893,0.29681570886731407,0.19352312456009169,0.23211924523967253,1333
408,1,evaluate,5.891954669245967,0.373125374925015,0.21526838181137614,0.1478846933331054,0.17251118331890414,1667
408,2,evaluate,3.4684986891569913,0.5818836232753449,0.2756568478190595,0.23297971860231872,0.2509718574877856,1667
408,3,evaluate,4.322785218556722,0.46441947565543074,0.2952716691847127,0.18667348355150437,0.2270133024869867,1335
408,4,evaluate,4.834547474980354,0.4855,0.2864260199815968,0.19362363107375766,0.2289808774384306,2000
408,5,evaluate,3.6728325858712196,0.556,0.34934798083158375,0.22230835604656343,0.271172706850717,2000
409,0,evaluate,4.346639599118914,0.4591760299625468,0.2950647533225527,0.18452558547257183,0.22536039997836496,1335
409,1,evaluate,4.418465092068627,0.4883720930232558,0.2981869772778495,0.1945952039201126,0.2334410775902665,1333
409,2,evaluate,5.870420420611346,0.373125374925015,0.21485603094736422,0.1471201334064824,0.17212712400526398,1667
409,3,evaluate,3.6659564152359962,0.553,0.3484360013703405,0.22116620855871316,0.2701361916544746,2000
409,4,evaluate,4.808256432414055,0.4885,0.28909097036772813,0.19486399076660157,0.23091179906145393,2000
409,5,evaluate,3.4986151412681297,0.5860827834433113,0.27662627889670466,0.23436147356497133,0.2522591224897043,1667
410,0,evaluate,4.402708689371745,0.4876219054763691,0.2958902172214686,0.19436673572466476,0.23302352144030455,1333
410,1,evaluate,4.319614240101406,0.4681647940074906,0.29752495395136946,0.18810385907911936,0.22915394828278762,1335
410,2,evaluate,5.82883737705372,0.3743251349730054,0.21331219590925943,0.14789657191582484,0.17194928125695688,1667
410,3,evaluate,3.6965853720903397,0.5515,0.34935879934882486,0.220661198088575,0.2700335854832857,2000
410,4,evaluate,3.5386903374283403,0.5806838632273545,0.2757496764695034,0.2324121308502649,0.2506405890749471,1667
410,5,evaluate,4.827099151909351,0.487,0.28776024574925774,0.19424985628813526,0.2303038038662349,2000
411,0,evaluate,4.852871373295784,0.479,0.2861808824643674,0.19109595258418918,0.22784340072841128,2000
411,1,evaluate,3.573181810202422,0.5806838632273545,0.2770985137673214,0.2324280631380419,0.25121835779775475,1667
411,2,evaluate,5.764435556199816,0.370125974805039,0.21042274092115024,0.1462333072711784,0.16991867051101645,1667
411,3,evaluate,4.288528158551171,0.47415730337078654,0.29825730864662453,0.19063367816314614,0.23113196440362732,1335
411,4,evaluate,4.384783846991403,0.48687171792948236,0.29941724379676693,0.19392347954711597,0.23345944248584116,1333
411,5,evaluate,3.7520300149917603,0.545,0.3501301950670576,0.21799400399504387,0.2682630968279884,2000
412,0,evaluate,4.359539395286923,0.4966241560390098,0.3011570349676115,0.19788535837625143,0.23748463839233022,1333
412,1,evaluate,3.618924026136045,0.5776844631073785,0.2771474922571996,0.23140725895768233,0.2504181929181929,1667
412,2,evaluate,4.249983026867821,0.4749063670411985,0.29744513361241304,0.19091534847805744,0.23118907615841228,1335
412,3,evaluate,4.890528790652752,0.4735,0.287862278549787,0.18890255029525183,0.2268618825726787,2000
412,4,evaluate,3.8246069997549057,0.5415,0.3498184381775154,0.2166072466572769,0.26710860078612864,2000
412,5,evaluate,5.690930525461833,0.3785242951409718,0.21264439937126306,0.14965568087303435,0.17324083576588764,1667
413,0,evaluate,5.607065359751384,0.38812237552489504,0.2142039215126922,0.152986071655763,0.1765855687557703,1667
413,1,evaluate,4.888612009584904,0.4665,0.28596920976275814,0.18617258360544364,0.22459832580801303,2000
413,2,evaluate,4.321416854858398,0.5003750937734434,0.3015062772213802,0.199362451919827,0.23858388574987766,1333
413,3,evaluate,4.209976003283546,0.47265917602996255,0.2964777835904446,0.19017237749991595,0.23034317017274536,1335
413,4,evaluate,3.8864595144987106,0.5305,0.3509090921622412,0.2122486484440711,0.2638933571959823,2000
413,5,evaluate,3.6499597054940685,0.5794841031793642,0.27778529417438647,0.23300214728264962,0.25101428041209584,1667
414,0,evaluate,4.27437873113723,0.5086271567891973,0.30418524677916875,0.202668837115703,0.24199732643750024,1333
414,1,evaluate,4.177705038161505,0.48389513108614235,0.29958367910291206,0.19469779998713038,0.23478475028091372,1335
414,2,evaluate,3.6903770014091775,0.5752849430113978,0.27698059489871335,0.23096684185532607,0.24933414341354804,1667
414,3,evaluate,5.535183606324373,0.3887222555488902,0.21400547635019165,0.15342484650449106,0.17670575775454078,1667
414,4,evaluate,3.948901303112507,0.5245,0.35340849536464986,0.20986716440718167,0.2624532526514516,2000
414,5,evaluate,4.904373854398727,0.462,0.28385867743258264,0.18439708687506134,0.22283644766825472,2000
415,0,evaluate,4.153962010429019,0.4868913857677903,0.3006901930062729,0.1958174078603919,0.23591210945077265,1335
415,1,evaluate,4.920132301747799,0.458,0.28508735608448443,0.18283711252799079,0.2221186242796684,2000
415,2,evaluate,3.7066874504089355,0.5692861427714457,0.2744983973842286,0.22944977768101893,0.2467095524211572,1667
415,3,evaluate,5.502796270229198,0.3893221355728854,0.21310960197996626,0.15358280646768857,0.17653178937722394,1667
415,4,evaluate,3.965822897851467,0.5185,0.3534681812094868,0.20761860563361526,0.26042249753508584,2000
415,5,evaluate,4.233171122414725,0.5138784696174044,0.3048123828765041,0.2048028393051804,0.24350129890002736,1333
416,0,evaluate,4.921741373836994,0.4545,0.2861718767627221,0.1814529336107155,0.2215317830983262,2000
416,1,evaluate,5.4999592834048805,0.39172165566886624,0.21565281115442375,0.15448488216924242,0.17829958893465941,1667
416,2,evaluate,4.225028810046968,0.5168792198049512,0.3068364764545318,0.20608573095328175,0.24421809188675753,1333
416,3,evaluate,3.9663112238049507,0.517,0.3539627878915077,0.20705928430181553,0.2601072413568475,2000
416,4,evaluate,3.708101987838745,0.5686862627474505,0.2741747753437029,0.22997790571562793,0.2464583224060318,1667
416,5,evaluate,4.165414935066586,0.4868913857677903,0.3023399905179566,0.1959521798289589,0.23613480219491212,1335
417,0,evaluate,4.29792594909668,0.5131282820705176,0.30687809249223263,0.20448162545990606,0.24260849916401445,1333
417,1,evaluate,5.518387176372387,0.3863227354529094,0.21651020332707427,0.15213297062059375,0.1773298736258614,1667
417,2,evaluate,4.243383975256057,0.4861423220973783,0.30278889921735147,0.1957330028204037,0.23547006724674277,1335
417,3,evaluate,3.6862363108882197,0.5680863827234554,0.2736384425636863,0.23018528634904706,0.24602458784317688,1667
417,4,evaluate,4.8725389167666435,0.458,0.2848493600898627,0.18283443625056642,0.22211532450385052,2000
417,5,evaluate,3.904084987938404,0.527,0.3527482463181765,0.2109372379277105,0.26268283197531395,2000
418,0,evaluate,4.357570557367234,0.4749063670411985,0.30320841757507344,0.1914499769660721,0.23133414117747847,1335
418,1,evaluate,4.390505643117995,0.5086271567891973,0.3061669772700129,0.2026843119945613,0.23996121700326206,1333
418,2,evaluate,3.838858552277088,0.5355,0.35068513556132697,0.21419813256412223,0.2646095631402497,2000
418,3,evaluate,3.6479765662440546,0.5758848230353929,0.27451084741678417,0.23348910785502647,0.2483335471625363,1667
418,4,evaluate,4.816478900611401,0.4715,0.2875433224504418,0.18815565152905023,0.2268620095286879,2000
418,5,evaluate,5.561439496499521,0.3815236952609478,0.21673445288361215,0.14961345275315985,0.17597167781317544,1667
419,0,evaluate,4.780776731669903,0.48,0.28769941350557,0.191551865803691,0.2294537496949979,2000
419,1,evaluate,4.471876871018183,0.5086271567891973,0.3075179576416623,0.20277964602341333,0.2403344819730501,1333
419,2,evaluate,5.585687654989737,0.3797240551889622,0.2161327964794269,0.14858476850731017,0.1753059592586324,1667
419,3,evaluate,4.479908159800938,0.46367041198501874,0.30188581230671885,0.18704712970984821,0.2272544463518102,1335
419,4,evaluate,3.7859570533037186,0.541,0.3508522671578278,0.21628252525395725,0.2662650629614669,2000
419,5,evaluate,3.621189179243865,0.5854829034193162,0.27663743228323256,0.23688147815027674,0.2518511877655881,1667
420,0,evaluate,4.538739703950428,0.4599250936329588,0.30165944332273187,0.18557357285946455,0.22595230205230923,1335
420,1,evaluate,4.501242399215698,0.5033758439609902,0.3059601123636656,0.20055886172514023,0.2388680727021934,1333
420,2,evaluate,4.7879235073924065,0.4785,0.28835999626239367,0.19091099295528172,0.2289650967011843,2000
420,3,evaluate,3.772133558988571,0.5475,0.34962152897254206,0.21882520998092106,0.26779559019204957,2000
420,4,evaluate,3.5928900330154985,0.5914817036592681,0.2782265938168122,0.23892554304421232,0.2540624210006063,1667
420,5,evaluate,5.595948731457746,0.3857228554289142,0.21843755252260136,0.15047185780830202,0.17748896989542146,1667
421,0,evaluate,4.582237050646827,0.45692883895131087,0.29979741879920024,0.18440883362824328,0.22462162545546321,1335
421,1,evaluate,4.53039642742702,0.495873968492123,0.3072266142036367,0.19738747771974058,0.23653130170069786,1333
421,2,evaluate,3.590044410140426,0.5872825434913017,0.2769384082728212,0.23663205504208543,0.2522529762847795,1667
421,3,evaluate,3.7815086171031,0.553,0.34984367666346183,0.2208848377283914,0.26935091370096176,2000
421,4,evaluate,4.796823263168335,0.4795,0.28996049984176997,0.1912621875908788,0.22962619693728134,2000
421,5,evaluate,5.598435507880317,0.3899220155968806,0.21765219234384503,0.15196158167666668,0.17828520163117384,1667
422,0,evaluate,3.597717841466268,0.5842831433713257,0.2762468947229296,0.23469835349753038,0.2512125497082925,1667
422,1,evaluate,4.54787236168271,0.4883720930232558,0.3014887260887261,0.19438878483155686,0.23283218724171797,1333
422,2,evaluate,3.795208640396595,0.5485,0.34947342701241,0.2190881521829077,0.26805380917437854,2000
422,3,evaluate,4.592052516483125,0.45393258426966293,0.2974105012638013,0.1832701163898031,0.22347102316225698,1335
422,4,evaluate,4.799648307263851,0.4815,0.28952084955226665,0.19204217476441407,0.23005924800813102,2000
422,5,evaluate,5.60284008803191,0.38812237552489504,0.21648718019614804,0.15105605307032233,0.17717738145424627,1667
423,0,evaluate,4.546834173656645,0.48612153038259565,0.30213053121280964,0.19343472364502934,0.23301385773329625,1333
423,1,evaluate,4.807971425354481,0.485,0.29048757552174936,0.19345714004289785,0.23146011153400603,2000
423,2,evaluate,5.584425979190403,0.3893221355728854,0.21628681824148033,0.15225764612844703,0.17763692946176146,1667
423,3,evaluate,4.57538940792992,0.45393258426966293,0.29745057036066214,0.18312330844244112,0.22439929798767771,1335
423,4,evaluate,3.626482513215807,0.5800839832033593,0.2765060792431074,0.2325764998030122,0.2504005905028327,1667
423,5,evaluate,3.808860696852207,0.5485,0.35298229156585237,0.2190286578779594,0.2691956010265853,2000
424,0,evaluate,4.534330095563616,0.4883720930232558,0.3010904841362454,0.1943238345341402,0.23362341805271852,1333
424,1,evaluate,3.6572382715013294,0.5824835032993402,0.2776866901338824,0.23286509151102258,0.2515359150653268,1667
424,2,evaluate,4.54616151537214,0.45318352059925093,0.29764463616022907,0.18261368885516369,0.22452931308024562,1335
424,3,evaluate,4.840701580047607,0.4835,0.2896064333862439,0.19288923317983367,0.2309101637721897,2000
424,4,evaluate,3.8113043010234833,0.552,0.3540255704235218,0.22041033961648485,0.2708262656328082,2000
424,5,evaluate,5.590098292739303,0.3977204559088182,0.21934184376300608,0.15660599252491397,0.1811327221317534,1667
425,0,evaluate,4.9050614312291145,0.4815,0.29108442263174894,0.19206203824117232,0.23045545486469887,2000
425,1,evaluate,4.462328127452305,0.4606741573033708,0.2957181876255174,0.1854834005425275,0.22685933828438348,1335
425,2,evaluate,5.6309947614316584,0.397120575884823,0.21908662853487174,0.1572211290907076,0.18078808203259575,1667
425,3,evaluate,4.477930943171184,0.4981245311327832,0.29987684847981183,0.1980844469187567,0.23691921241967845,1333
425,4,evaluate,3.678787249105948,0.5794841031793642,0.27690900153666964,0.23185905529371875,0.250646352132258,1667
425,5,evaluate,3.8249281346797943,0.5515,0.3538603928778753,0.2203231391311952,0.271048767524285,2000
426,0,evaluate,4.415515309288388,0.5086271567891973,0.30227272789675574,0.20233188597819787,0.241145211949372,1333
426,1,evaluate,4.975476443767548,0.4735,0.2900776586540052,0.18888042992993206,0.22752571705240937,2000
426,2,evaluate,3.8568564504384995,0.5475,0.3531688460152127,0.21877518110335387,0.26980101069870094,2000
426,3,evaluate,3.733870682892976,0.5734853029394121,0.27751901684485036,0.22999726027741357,0.24946702433230974,1667
426,4,evaluate,5.675427463319567,0.40011997600479904,0.22392007593227103,0.16017838125421754,0.1829239962006738,1667
426,5,evaluate,4.358208758490426,0.47340823970037454,0.29703203502502196,0.19048784901855872,0.23138728743774073,1335
427,0,evaluate,3.881934732198715,0.546,0.3518807318107094,0.21832234994375535,0.2691697678897938,2000
427,1,evaluate,5.740299189532244,0.39832033593281346,0.22307706127632945,0.16025485398731126,0.18217793371580535,1667
427,2,evaluate,4.362827732449486,0.5146286571642911,0.3026509134982817,0.20474786609545026,0.24325579583884088,1333
427,3,evaluate,4.2711145877838135,0.48314606741573035,0.2992903467550356,0.19420769500184915,0.23522601161826348,1335
427,4,evaluate,3.7983362586409957,0.5704859028194361,0.27899472822295246,0.22903643650645006,0.24918783400354405,1667
427,5,evaluate,5.038961760699749,0.467,0.2921344211689722,0.18628406630558483,0.2258035240156945,2000
428,0,evaluate,3.8200780903851546,0.5668866226754649,0.27990101857262206,0.22823894524728655,0.24857668757564713,1667
428,1,evaluate,5.818245543373956,0.394121175764847,0.22394730196961926,0.1593417906603454,0.181109057425734,1667
428,2,evaluate,4.198631581806001,0.49063670411985016,0.2983864205828233,0.19710210075211507,0.23710274503270182,1335
428,3,evaluate,4.310666413534255,0.5198799699924981,0.30223420196808504,0.20689427507587482,0.24475938048397738,1333
428,4,evaluate,3.8961680829524994,0.5415,0.35004758365721356,0.21652711885893838,0.26717737849958,2000
428,5,evaluate,5.094019874930382,0.461,0.29177782674475866,0.18391497747422864,0.22363634103423888,2000
429,0,evaluate,5.863525372964364,0.3893221355728854,0.2219337275043797,0.1574153343776513,0.17920366987842806,1667
429,1,evaluate,5.106257125735283,0.456,0.29044760575490364,0.1818880569636545,0.22154633008697638,2000
429,2,evaluate,4.133033150718326,0.49812734082397003,0.29800713535689116,0.2000647871248693,0.2391370006436005,1335
429,3,evaluate,4.25842083068121,0.522880720180045,0.301184384980861,0.2081822571646316,0.24531470876419142,1333
429,4,evaluate,3.7868752391250045,0.5674865026994601,0.2801629199723026,0.22893942102785586,0.24912884705580862,1667
429,5,evaluate,3.891686573624611,0.535,0.3500018705780761,0.2140656766139088,0.2652169177997371,2000
430,0,evaluate,3.8947193697094917,0.534,0.3506259610469436,0.2136619976250397,0.2650071881831329,2000
430,1,evaluate,3.7582502365112305,0.5722855428914218,0.28132632884380887,0.2315259612583934,0.2508460865856779,1667
430,2,evaluate,5.093567006289959,0.457,0.2898778282031045,0.18231951186664422,0.2219172957035931,2000
430,3,evaluate,4.093008064088368,0.49962546816479403,0.2981664065871933,0.20072642840968374,0.23947222703877308,1335
430,4,evaluate,5.876239017204002,0.38812237552489504,0.22301964718577896,0.15698735736160216,0.17904667044899433,1667
430,5,evaluate,4.239797172092256,0.5251312828207052,0.3031259472592112,0.20909491514377154,0.24661631944346638,1333
431,0,evaluate,5.859673853273745,0.3863227354529094,0.22314974043105612,0.15648579928029374,0.1783926919142996,1667
431,1,evaluate,3.7388550528773554,0.5692861427714457,0.28041110687223253,0.23065569026388447,0.24976710946398645,1667
431,2,evaluate,4.030440092086792,0.5078651685393258,0.30204181948406494,0.2040344037151755,0.2429313994224261,1335
431,3,evaluate,4.183297270820255,0.5243810952738185,0.29846643962745256,0.20892507481895367,0.2448680868187616,1333
431,4,evaluate,3.9393488839268684,0.528,0.35388917629749084,0.2113103754752939,0.26402325337693144,2000
431,5,evaluate,5.108899272978306,0.4545,0.289720465249523,0.18132386559767513,0.2212110361438641,2000
432,0,evaluate,5.058310762047768,0.4585,0.2913977876808369,0.18292999457783843,0.22320355883237902,2000
432,1,evaluate,5.842296459056713,0.385122975404919,0.2216064003197124,0.15525789830345652,0.1779702005558669,1667
432,2,evaluate,3.6801795341350414,0.5698860227954409,0.2781174058929072,0.23163286532402458,0.24894000080701661,1667
432,3,evaluate,3.948341704905033,0.527,0.3567594983036445,0.2108910383125196,0.26454147019678437,2000
432,4,evaluate,4.028834899266561,0.5078651685393258,0.3018894789619674,0.20409398243365193,0.2425500341171963,1335
432,5,evaluate,4.174244437898908,0.5206301575393848,0.29813141292921685,0.2075319024367881,0.24328773081643956,1333
433,0,evaluate,4.1594174816494895,0.5168792198049512,0.29706609122660727,0.20604755116266893,0.2414806236690375,1333
433,1,evaluate,3.9864281937479973,0.525,0.35771455310488476,0.20999009863091853,0.26398305085575247,2000
433,2,evaluate,3.661610868242052,0.5656868626274745,0.27552322272059604,0.23053857309473869,0.24667125826571681,1667
433,3,evaluate,5.83723568033289,0.3905218956208758,0.22357278496269384,0.15682235471417164,0.17993687931329286,1667
433,4,evaluate,5.042937949299812,0.4635,0.29127075809839587,0.18498308344499786,0.22511900711813318,2000
433,5,evaluate,4.030906382061186,0.5101123595505618,0.3046731846584788,0.2049457033875794,0.2438003811065081,1335
434,0,evaluate,4.150641100747245,0.5243810952738185,0.30072897513781494,0.2089998712259394,0.24424797907170537,1333
434,1,evaluate,3.99686299264431,0.5205,0.35644669919502225,0.20814904529845474,0.2621523679717841,2000
434,2,evaluate,5.841573476791382,0.3887222555488902,0.22262126950369793,0.15625229926518158,0.17914822116164245,1667
434,3,evaluate,3.6563188234965005,0.5758848230353929,0.279312161406024,0.23423863569768125,0.2509334285949392,1667
434,4,evaluate,4.058783724194481,0.5093632958801498,0.30354430240534863,0.20467335708199208,0.24337153363475839,1335
434,5,evaluate,5.034266389906406,0.4625,0.29098369581772215,0.18457084902309934,0.22480621888507665,2000
435,0,evaluate,5.0068842098116875,0.4685,0.2913204774976936,0.18693915814666634,0.22683685058645917,2000
435,1,evaluate,4.190992605118525,0.5258814703675919,0.3007745960544147,0.20952964709891142,0.24440823693164554,1333
435,2,evaluate,5.836869080861409,0.3929214157168566,0.22477093685387003,0.15724974149008564,0.1812706585622418,1667
435,3,evaluate,4.1317841325487406,0.5026217228464419,0.3055677617316962,0.2019886017125486,0.24159978033986404,1335
435,4,evaluate,3.6461631810223616,0.5746850629874025,0.277584958047896,0.2335008337302881,0.24974836070569423,1667
435,5,evaluate,3.998759940266609,0.524,0.35437727541897274,0.2095583871194297,0.2626829272938325,2000
436,0,evaluate,4.204689900080363,0.4951310861423221,0.3046515003719546,0.19907729536041696,0.23898278005965193,1335
436,1,evaluate,5.851861300291838,0.3905218956208758,0.22515287517988186,0.15541007493098516,0.18079104399467666,1667
436,2,evaluate,4.239330609639485,0.5138784696174044,0.2987082189011618,0.20463285739011966,0.2402788865905506,1333
436,3,evaluate,3.6283853495562517,0.5746850629874025,0.27653187719999384,0.23351547380956977,0.2492159947174403,1667
436,4,evaluate,4.991550274193287,0.4705,0.28926938442718014,0.18774791231202564,0.22668121733823582,2000
436,5,evaluate,3.967847153544426,0.531,0.353566164389992,0.21237897037947567,0.2647141571883594,2000
437,0,evaluate,4.241990577606928,0.5063765941485371,0.2989968712358325,0.2015271173396342,0.23827151243499783,1333
437,1,evaluate,5.872433750717728,0.385122975404919,0.22189223347368436,0.15276487967395133,0.17830364942721919,1667
437,2,evaluate,4.236915656498501,0.48239700374531835,0.30215079836225256,0.19413620677409005,0.2346194299059298,1335
437,3,evaluate,3.9202210381627083,0.5425,0.3520638839080735,0.21700122828573915,0.26781176436946513,2000
437,4,evaluate,4.989145092666149,0.4675,0.2865677622430788,0.18662086538884093,0.2249250282733967,2000
437,5,evaluate,3.6159665849473743,0.5782843431313738,0.27757337183381703,0.23448175919180328,0.2504929224903446,1667
438,0,evaluate,5.8902421704045045,0.3827234553089382,0.22183104130299292,0.152191110800387,0.17779361164250174,1667
438,1,evaluate,4.237239156450544,0.5048762190547637,0.3005391133913645,0.20094328982206805,0.2386293161643489,1333
438,2,evaluate,5.005245536565781,0.467,0.28436718038004394,0.18637807169947068,0.22370271406522751,2000
438,3,evaluate,3.6141258080800376,0.5758848230353929,0.2765961163369486,0.23235777362632729,0.24917126382256213,1667
438,4,evaluate,4.243049791881016,0.4779026217228464,0.30172557662374416,0.1924766101539432,0.23366019330527496,1335
438,5,evaluate,3.8496438041329384,0.549,0.350193616242912,0.2196462127999194,0.26932822008401575,2000
439,0,evaluate,4.203754197983515,0.49962490622655664,0.29920788436543544,0.19886538574394336,0.23679591219962126,1333
439,1,evaluate,3.6113056341807046,0.5800839832033593,0.27955880189610693,0.23301148551940537,0.2512138118796453,1667
439,2,evaluate,4.21536786215646,0.4764044943820225,0.30035664558046155,0.19190702086145778,0.23312201911344235,1335
439,3,evaluate,5.036045722663403,0.4685,0.2868544972599939,0.18696662174708228,0.22449278068065787,2000
439,4,evaluate,3.796275421977043,0.553,0.3486357340720222,0.2212448956776336,0.27022315445016676,2000
439,5,evaluate,5.878731798242639,0.385122975404919,0.22214317222182559,0.15401967880963627,0.17904881179504,1667
440,0,evaluate,4.168793099267142,0.4966241560390098,0.29820714155134986,0.19770194804909094,0.2365823594976418,1333
440,1,evaluate,5.0647076815366745,0.4615,0.28749188211499355,0.18419442561569757,0.22268414102465933,2000
440,2,evaluate,4.199020726340158,0.4696629213483146,0.3002414757409196,0.18929141269785074,0.23120903104597232,1335
440,3,evaluate,3.751457817852497,0.5515,0.3478028292630791,0.2206885046127048,0.2695786255470963,2000
440,4,evaluate,5.836861098254168,0.385122975404919,0.22071329716433546,0.1550392652161617,0.17832993906715564,1667
440,5,evaluate,3.6165685918596058,0.5812837432513497,0.2798529025720384,0.23251822713840364,0.2517160658627048,1667
441,0,evaluate,5.8088343584979025,0.3773245350929814,0.2168197258758937,0.1519533636004404,0.17467476943023222,1667
441,1,evaluate,5.094273611903191,0.465,0.29010768332996967,0.18564558888017504,0.22480036707974796,2000
441,2,evaluate,3.625885760342633,0.5818836232753449,0.28175635948469796,0.23256773687129256,0.2528915373356019,1667
441,3,evaluate,4.157352947053456,0.4951237809452363,0.2982800350911756,0.19714335520255655,0.23661719569068446,1333
441,4,evaluate,3.7293939739465714,0.5545,0.34835892545471114,0.22187429388904528,0.2705912715060249,2000
441,5,evaluate,4.207392261141822,0.4666666666666667,0.30118761426575397,0.18793232277958613,0.2308851895678397,1335
442,0,evaluate,4.191846313930693,0.46741573033707867,0.29854426231991366,0.18807875977939975,0.23046095977239855,1335
442,1,evaluate,4.13134225209554,0.5003750937734434,0.29632418176947245,0.19913306215924315,0.23758132494906872,1333
442,2,evaluate,5.170840598642826,0.457,0.290350141813176,0.18244159143924712,0.22226869356811987,2000
442,3,evaluate,3.752057120203972,0.5525,0.34805200166299793,0.22101094111963965,0.2699168455075379,2000
442,4,evaluate,3.645421204743562,0.5782843431313738,0.2803091520613035,0.23035316664439204,0.2514236647669405,1667
442,5,evaluate,5.786285011856644,0.3785242951409718,0.21567001442133077,0.15349436203640582,0.1744441135029242,1667
443,0,evaluate,3.67421473397149,0.5764847030593881,0.2800792537770759,0.22982287319419212,0.2511001377571588,1667
443,1,evaluate,5.801485715089021,0.379124175164967,0.21612215824625514,0.15506512129587424,0.17434063609949418,1667
443,2,evaluate,4.160341603415353,0.48089887640449436,0.3033705785526782,0.19335489059607885,0.23595045031131887,1335
443,3,evaluate,5.2901975736021996,0.447,0.29300487185685786,0.17841122858488695,0.21971964795649077,2000
443,4,evaluate,3.8205680698156357,0.5475,0.3488792121159888,0.2190101629033056,0.2686862176478604,2000
443,5,evaluate,4.104941765467326,0.4973743435858965,0.2929348155672582,0.19805770076269918,0.23583378426886048,1333
444,0,evaluate,3.698858587830155,0.5740851829634073,0.27876972803847755,0.22889304245134995,0.25010352791766555,1667
444,1,evaluate,4.116289036614554,0.5033758439609902,0.2935870794210774,0.2005765729053548,0.2379706289732843,1333
444,2,evaluate,3.876788951456547,0.546,0.3506002585459665,0.21840963352073567,0.2687664681701756,2000
444,3,evaluate,4.166340407871065,0.4846441947565543,0.30361411625955415,0.1948133361210064,0.23713789051696602,1335
444,4,evaluate,5.8057493103875055,0.3827234553089382,0.215411584883639,0.1562921730392757,0.1750821302054756,1667
444,5,evaluate,5.342671133577824,0.4475,0.2933623733302127,0.1785775643986315,0.2202557841132165,2000
445,0,evaluate,4.1402285780225485,0.5003750937734434,0.2918143982484677,0.1995491787892445,0.23672439538537265,1333
445,1,evaluate,3.9215763434767723,0.546,0.35434440370042114,0.21834953484259131,0.2697755960435808,2000
445,2,evaluate,5.798757659064399,0.38812237552489504,0.2158530007101965,0.15856174812438478,0.17664596447391304,1667
445,3,evaluate,3.722996552785238,0.5782843431313738,0.28077006871152577,0.23107616876375947,0.2523152153608314,1667
445,4,evaluate,4.18520925158546,0.4891385767790262,0.3036742431606608,0.19656502659310954,0.23851033326825624,1335
445,5,evaluate,5.340851619839668,0.4485,0.29433455876489256,0.17895548349179874,0.2208526575598516,2000
446,0,evaluate,4.198702755428496,0.4951237809452363,0.2916270539723643,0.19757645484954092,0.23501277724614683,1333
446,1,evaluate,4.234234889348348,0.4951310861423221,0.3057253043397454,0.19900709231227903,0.24073039448498196,1335
446,2,evaluate,3.730312983194987,0.5818836232753449,0.28126200142908375,0.23290639032213636,0.2534797058676751,1667
446,3,evaluate,5.782243446067527,0.3869226154769046,0.2159253116816479,0.1575531783464504,0.17677365717867427,1667
446,4,evaluate,3.9718195497989655,0.5395,0.3535682049752156,0.2156914475175197,0.26750338556241404,2000
446,5,evaluate,5.29582267254591,0.4515,0.2938919615729244,0.18010925487255364,0.2218700439420065,2000
447,0,evaluate,4.313941739854359,0.4943735933983496,0.293065706030245,0.19747987509593667,0.23495532981104886,1333
447,1,evaluate,5.197669878602028,0.4595,0.29360801960570787,0.18331442824526414,0.22447701431468364,2000
447,2,evaluate,5.775363480603254,0.3899220155968806,0.21752014849848167,0.15693515011282236,0.17838201935166778,1667
447,3,evaluate,3.987373933196068,0.5335,0.35179333611511243,0.2131511134365852,0.2648180561659088,2000
447,4,evaluate,4.338994866325741,0.48389513108614235,0.30290442573123866,0.19463360112361927,0.23625064560152512,1335
447,5,evaluate,3.7352292272779675,0.5836832633473306,0.2808381020450071,0.23360444145445908,0.25357996615218537,1667
448,0,evaluate,4.388594650086903,0.4861423220973783,0.3029767920563146,0.1954935207754006,0.236718170703013,1335
448,1,evaluate,4.371906836827596,0.4898724681170293,0.29284415158760024,0.1958860575683805,0.23300289377047947,1333
448,2,evaluate,3.7395691341824002,0.5806838632273545,0.2784964795794561,0.23268495350434995,0.25171383678696213,1667
448,3,evaluate,5.126596190035343,0.4565,0.28897336567587467,0.1821216366364726,0.2223881676432645,2000
448,4,evaluate,4.008552007377148,0.5335,0.3504999353634728,0.21319457466377117,0.2643968351507838,2000
448,5,evaluate,5.784665443279125,0.397120575884823,0.22091251806829187,0.1591118514214967,0.18178487571351531,1667
449,0,evaluate,4.413846015930176,0.49212303075768943,0.29633749915892815,0.19658181889527954,0.23385089790648234,1333
449,1,evaluate,3.7329932848612466,0.5782843431313738,0.27775792143702727,0.23248949898978472,0.2507669797318117,1667
449,2,evaluate,4.434988180796306,0.4801498127340824,0.30252665966220194,0.1930735351190027,0.23408697626497013,1335
449,3,evaluate,5.795912442383943,0.3977204559088182,0.22183436802461048,0.15757875915037578,0.18225449935531354,1667
449,4,evaluate,4.00776980817318,0.536,0.35290965790928636,0.2141668760954524,0.26571691490010063,2000
449,5,evaluate,5.034348264336586,0.4665,0.2873056284472483,0.18608816062735772,0.22492556200080677,2000
450,0,evaluate,4.44128121648516,0.4771535580524345,0.30227989852165066,0.1918903086279149,0.2330602029289067,1335
450,1,evaluate,4.414148625873384,0.49212303075768943,0.2966688753574842,0.19638271974064878,0.2334532485462668,1333
450,2,evaluate,3.745545846444589,0.5812837432513497,0.2784165849957872,0.2341063297586357,0.2518006844007178,1667
450,3,evaluate,5.798433003602205,0.3905218956208758,0.2206554766927066,0.15395560569882955,0.1794937292830827,1667
450,4,evaluate,4.00245575606823,0.5405,0.352078257430506,0.21602682005529045,0.2670089908499745,2000
450,5,evaluate,4.958458356559277,0.472,0.2874359138907514,0.1882731564322777,0.22654762619814708,2000
451,0,evaluate,4.446508010228475,0.4794007490636704,0.3042504535436293,0.19283362022764067,0.2339145276397912,1335
451,1,evaluate,4.409876641773042,0.49287321830457614,0.29910121695959946,0.19640669807480288,0.23437210061261166,1333
451,2,evaluate,4.888274408876896,0.475,0.28562399157537505,0.18947682110807956,0.22694640960959145,2000
451,3,evaluate,5.780542408978498,0.394121175764847,0.2228996150734684,0.15569271040203597,0.18149723770428167,1667
451,4,evaluate,3.985460579395294,0.537,0.35119273945319573,0.21473920276852998,0.265855137874866,2000
451,5,evaluate,3.7577162053849964,0.5788842231553689,0.27878306591425395,0.23401477589131145,0.2514846911414493,1667
452,0,evaluate,5.7605350635669845,0.3863227354529094,0.22069603926311593,0.15261671566168616,0.17842569127006805,1667
452,1,evaluate,4.3418177877153665,0.49962490622655664,0.3004394392138856,0.19884882381609761,0.2361985120248975,1333
452,2,evaluate,3.981860466301441,0.538,0.35099394774734627,0.21528342420172875,0.26619321123652834,2000
452,3,evaluate,4.895298033952713,0.473,0.2848949191276565,0.18867102589688534,0.22597407888262694,2000
452,4,evaluate,3.7826795931215638,0.5728854229154169,0.2769278793804038,0.2321064762201707,0.24906297510813555,1667
452,5,evaluate,4.389826910836356,0.48314606741573035,0.3044777449261411,0.19422107316060894,0.23533245173514944,1335
453,0,evaluate,3.7966926097869873,0.5704859028194361,0.27759764191583447,0.23125630691621332,0.24857114650055828,1667
453,1,evaluate,4.25084570475987,0.5063765941485371,0.3038566735623947,0.20148360546210667,0.23958000189700143,1333
453,2,evaluate,4.319038209461031,0.4868913857677903,0.3027480215778088,0.19576598598014205,0.23628010297245675,1335
453,3,evaluate,5.728217672418665,0.3857228554289142,0.22027478985892524,0.1529332660256048,0.17790290496148148,1667
453,4,evaluate,3.992555819451809,0.538,0.3544869646445602,0.21536584030326916,0.2670920503720872,2000
453,5,evaluate,4.926672704517841,0.4725,0.2870197085075642,0.18849030196098046,0.2265571024315059,2000
454,0,evaluate,3.7841565079159207,0.5644871025794841,0.274589807999552,0.22886609108801034,0.24572241864378103,1667
454,1,evaluate,4.2395190852028986,0.4883895131086142,0.2997016395977169,0.19637978393752586,0.2360356469638892,1335
454,2,evaluate,4.163145462671916,0.5131282820705176,0.30165859028065867,0.20400290884888736,0.24125077067016312,1333
454,3,evaluate,4.948754787445068,0.464,0.2880235676488643,0.18512579046745942,0.2242951747255466,2000
454,4,evaluate,5.7194060837780984,0.38032393521295743,0.21965226134793556,0.1513688096148897,0.1762387828082188,1667
454,5,evaluate,3.96440602093935,0.53,0.3541177730651415,0.21209595014926008,0.2643179869602404,2000
455,0,evaluate,4.078734500067575,0.5183795948987246,0.2996458443421299,0.20617888708012014,0.242530897156427,1333
455,1,evaluate,4.998738139867783,0.4565,0.2871609481488931,0.1821629867353801,0.22169628957844814,2000
455,2,evaluate,3.9474600329995155,0.533,0.3539494458708063,0.21334732373362963,0.265333137028788,2000
455,3,evaluate,5.73541279192324,0.3833233353329334,0.2217694616526061,0.15328684021965483,0.17771568585123462,1667
455,4,evaluate,4.1588028612590975,0.4936329588014981,0.29633349416178884,0.198526759323397,0.236836213786321,1335
455,5,evaluate,3.7702898184458413,0.5698860227954409,0.2770906680319309,0.2311360533201326,0.24799214205033984,1667
456,0,evaluate,3.7371706079553673,0.5746850629874025,0.27813193234424316,0.23258195809495583,0.24954602306452545,1667
456,1,evaluate,5.779254586608322,0.385122975404919,0.22193176830789438,0.15388064163987436,0.1786927288304354,1667
456,2,evaluate,4.168277944837298,0.4861423220973783,0.29559978470002496,0.19559055628995453,0.23438865752549912,1335
456,3,evaluate,4.082087369192214,0.5176294073518379,0.30002196540732023,0.20588489575288782,0.2427300506180174,1333
456,4,evaluate,3.892370991408825,0.5345,0.3518311814364126,0.2139638134767028,0.2653289674018859,2000
456,5,evaluate,4.994165003299713,0.4625,0.2884160891909911,0.1846050276397085,0.22386172583042363,2000
457,0,evaluate,4.152150449298677,0.5071267816954238,0.2986537183455297,0.20158650764249764,0.23887454736862587,1333
457,1,evaluate,3.7975157648324966,0.541,0.35016871705677455,0.21647077578278112,0.26685197398926,2000
457,2,evaluate,5.831172713526973,0.379124175164967,0.22019623889095347,0.1503400851716515,0.17648971156422222,1667
457,3,evaluate,3.6838757108758995,0.5740851829634073,0.27747070496509696,0.23214108498145922,0.24916519009315047,1667
457,4,evaluate,4.959857031702995,0.4685,0.28944995920919275,0.1870047522077783,0.22580193884015745,2000
457,5,evaluate,4.2305239382244295,0.48089887640449436,0.2942401189076602,0.1935004895127161,0.2325498706722799,1335
458,0,evaluate,3.6318512934225575,0.5734853029394121,0.2763615040909694,0.23116403780509306,0.24866146476216314,1667
458,1,evaluate,5.837562313786259,0.3767246550689862,0.21753797652812432,0.14848060486180797,0.17488511855666483,1667
458,2,evaluate,4.308090618678501,0.4771535580524345,0.2954633334928095,0.19216282994236955,0.2316405449866581,1335
458,3,evaluate,4.243109271639869,0.4988747186796699,0.2997265426373875,0.19813513355633328,0.23646807186182786,1333
458,4,evaluate,3.6870279759168625,0.551,0.35129973181008783,0.22033211330325506,0.2703061235715452,2000
458,5,evaluate,4.877904012799263,0.4825,0.289712100644911,0.19260328619879497,0.23000663766597446,2000
459,0,evaluate,4.37639510063898,0.47191011235955055,0.29836311116891967,0.1901461671388121,0.23082435841330745,1335
459,1,evaluate,4.331271682466779,0.4883720930232558,0.30083823929766684,0.1941501494934192,0.2337830642419775,1333
459,2,evaluate,3.6096948832273483,0.5555,0.35166399410778837,0.22209836771518518,0.2716558474190103,2000
459,3,evaluate,5.855586652402525,0.3695260947810438,0.21479458887995473,0.144495670334195,0.17168069150859203,1667
459,4,evaluate,4.828180655837059,0.4845,0.28768793902062023,0.1933793342684412,0.22980220038878132,2000
459,5,evaluate,3.599533928765191,0.5698860227954409,0.2737638694198815,0.22915856108116978,0.24690858063664495,1667
460,0,evaluate,4.420482805797032,0.4831207801950488,0.30115554098398933,0.19219739034121402,0.2323731746299825,1333
460,1,evaluate,4.43202349117824,0.4689138576779026,0.2969004003819614,0.18903393323968354,0.2292870844684522,1335
460,2,evaluate,3.594807855784893,0.5585,0.35139139314772594,0.22327623762392093,0.27244850987856717,2000
460,3,evaluate,3.602668603261312,0.5728854229154169,0.2753013790904146,0.2302379255786559,0.24840468061441162,1667
460,4,evaluate,4.8035105392336845,0.4855,0.28532045676160206,0.19373782318608584,0.22926614507194493,2000
460,5,evaluate,5.853955613242255,0.3695260947810438,0.21586023648068897,0.14367901408323142,0.17188692934861557,1667
461,0,evaluate,4.473809015183222,0.4816204051012753,0.3006485519638257,0.19173554653617408,0.23235855743777223,1333
461,1,evaluate,4.449839444387527,0.46741573033707867,0.29672009486637085,0.18827603930440878,0.22875789460273185,1335
461,2,evaluate,3.6277242413273565,0.5782843431313738,0.27692209908004506,0.23188516548071397,0.25059315495875634,1667
461,3,evaluate,5.813062208670157,0.37252549490101977,0.21358867873597093,0.14468814509812183,0.1718291368324539,1667
461,4,evaluate,4.804413266479969,0.485,0.2862871543047535,0.19345958805364172,0.22920149985117116,2000
461,5,evaluate,3.603259153664112,0.558,0.3517333344144039,0.22299041972323405,0.2723103164411622,2000
462,0,evaluate,4.415633133479527,0.46741573033707867,0.29496930792486226,0.1881161680361222,0.22843008824603558,1335
462,1,evaluate,4.835822358727455,0.475,0.28456862195117205,0.18945133165222847,0.226013710135669,2000
462,2,evaluate,4.478784243265788,0.4838709677419355,0.2986729070266863,0.19265329495596945,0.23284121287677378,1333
462,3,evaluate,3.6815520922342935,0.5752849430113978,0.27671421448437533,0.23066111818474,0.25002776371203694,1667
462,4,evaluate,5.762702341432925,0.3815236952609478,0.21763768638768638,0.1493657712011458,0.1758876650668053,1667
462,5,evaluate,3.6591337248682976,0.5525,0.3519173068133509,0.22074053908540048,0.27083109309795655,2000
463,0,evaluate,4.385808740343366,0.4659176029962547,0.2935322721219666,0.1874696380767639,0.22783475114211688,1335
463,1,evaluate,3.737229409041228,0.5686862627474505,0.2765671134995912,0.22806323407059984,0.24839693152617182,1667
463,2,evaluate,4.479539314905803,0.4838709677419355,0.2973758791599871,0.19272619664142718,0.2327561046163626,1333
463,3,evaluate,5.7184048405400025,0.3857228554289142,0.21784765424690247,0.151843990576918,0.17718184616097205,1667
463,4,evaluate,4.901214428246021,0.4765,0.2874136566469209,0.1900099885936734,0.22742353453966527,2000
463,5,evaluate,3.731450315564871,0.5505,0.35265101700383034,0.21997792379849943,0.27063618845126225,2000
464,0,evaluate,3.777504285176595,0.5722855428914218,0.279103663600849,0.22896966692721135,0.2502128026138302,1667
464,1,evaluate,4.975334078073502,0.4725,0.28815290901031637,0.18841080748900413,0.22646042690582768,2000
464,2,evaluate,5.68824651506212,0.39112177564487105,0.2188642811422999,0.1556964930271778,0.17926499321967626,1667
464,3,evaluate,4.358543112164452,0.4756554307116105,0.2969839120482316,0.19115480202288876,0.2320389440082366,1335
464,4,evaluate,4.465868813650949,0.4838709677419355,0.2941624723065753,0.19282550636429976,0.23234479688933146,1333
464,5,evaluate,3.7808886021375656,0.5555,0.3533400193970358,0.2219464277355073,0.2723338652374593,2000
465,0,evaluate,5.045471951365471,0.466,0.28567720612540537,0.18580095825003504,0.22377503065095677,2000
465,1,evaluate,3.790086719724867,0.5746850629874025,0.2804332392209422,0.2299581858709542,0.2513508907765146,1667
465,2,evaluate,3.8188448175787926,0.5515,0.352265141251321,0.22027053354507675,0.2707495980488557,2000
465,3,evaluate,4.458704085577102,0.4898724681170293,0.2949829749305741,0.19531158583937247,0.23431291997922413,1333
465,4,evaluate,5.6795809798770485,0.39112177564487105,0.217291191649782,0.15600413534450536,0.17878005524555904,1667
465,5,evaluate,4.337290786561512,0.48164794007490636,0.2992489969188875,0.19347336981800636,0.23465273665562875,1335
466,0,evaluate,5.6823052212044045,0.3899220155968806,0.2182191070562952,0.15595382093477958,0.1783764753615598,1667
466,1,evaluate,3.7699403056391962,0.5776844631073785,0.2819113329198686,0.23162423359540538,0.25282250343900026,1667
466,2,evaluate,4.309164762496948,0.4883895131086142,0.30089810459647,0.19612677722506744,0.23705327214677724,1335
466,3,evaluate,4.425806227184477,0.4913728432108027,0.2930792496277519,0.1958656024598711,0.23418804135551724,1333
466,4,evaluate,3.8467853143811226,0.5485,0.3542275230272536,0.21906752379011918,0.27042049535757784,2000
466,5,evaluate,5.113099992275238,0.4565,0.2855275542860231,0.1820568315356464,0.22107787221824057,2000
467,0,evaluate,4.403627043678647,0.5003750937734434,0.2944705979705876,0.19945227800251947,0.2370693326683026,1333
467,1,evaluate,3.750076726630882,0.5824835032993402,0.2800414274680091,0.2334309293837776,0.252993291368558,1667
467,2,evaluate,4.293473618371146,0.4868913857677903,0.29856043280142763,0.19547958330076964,0.23589015652633974,1335
467,3,evaluate,3.876573920249939,0.5485,0.35391254130846034,0.21915295665703827,0.2703855384839673,2000
467,4,evaluate,5.690943426556057,0.3899220155968806,0.21933642174031215,0.15587285474424334,0.17869638440194552,1667
467,5,evaluate,5.152631998062134,0.4545,0.28603748142835,0.18128308551212535,0.22057317365079715,2000
468,0,evaluate,4.303857496806553,0.4853932584269663,0.29966599325611776,0.1947859300886333,0.2355776956384678,1335
468,1,evaluate,4.405436470395043,0.4973743435858965,0.29502108737837357,0.19812219904887765,0.23589599279348436,1333
468,2,evaluate,3.728585605268125,0.5854829034193162,0.280143824906938,0.23547228031728543,0.25380566426955337,1667
468,3,evaluate,3.888698861002922,0.545,0.3517469785474523,0.21780105030714872,0.2687498606991433,2000
468,4,evaluate,5.151903420686722,0.4565,0.28411821637027873,0.18209149327093116,0.22059725512666312,2000
468,5,evaluate,5.71001738972134,0.3827234553089382,0.219201538361916,0.15302535976917134,0.17625219685224938,1667
469,0,evaluate,4.310405504135859,0.4861423220973783,0.3013630546166698,0.19526952768312975,0.23616713160049846,1335
469,1,evaluate,3.729666347856875,0.5884823035392921,0.28101984643362626,0.23787700668133288,0.2547833864877745,1667
469,2,evaluate,4.4049919332776755,0.5011252813203301,0.29627583321062045,0.19954021271058506,0.23698790314377866,1333
469,3,evaluate,5.742258319148311,0.385122975404919,0.21974030120581842,0.1539484408959479,0.17697849812269184,1667
469,4,evaluate,3.921434000134468,0.5385,0.3506856410189809,0.21524552982910547,0.26645347429405986,2000
469,5,evaluate,5.161045454442501,0.4565,0.2834933458691441,0.18212516560399536,0.22053546366484,2000
470,0,evaluate,4.416333913803101,0.5033758439609902,0.29832318912530315,0.2003458235274233,0.23792190987529865,1333
470,1,evaluate,4.3163578396751765,0.4853932584269663,0.30127491696205794,0.19508569667667958,0.23592009357980617,1335
470,2,evaluate,3.7374607854419284,0.5860827834433113,0.2783196834940254,0.2370109050895985,0.2530130905745881,1667
470,3,evaluate,5.17259456962347,0.459,0.28438273975819905,0.18312812006738488,0.22169931442684856,2000
470,4,evaluate,5.788137718483254,0.39232153569286143,0.22342211507718718,0.15649341744865852,0.18001637112894212,1667
470,5,evaluate,3.9517697915434837,0.5415,0.35111136584729075,0.21658409292765893,0.2675349644979888,2000
471,0,evaluate,4.41372435433524,0.5101275318829708,0.3004400511831267,0.20305480104840287,0.24045108425170686,1333
471,1,evaluate,3.76530807989615,0.5836832633473306,0.27776868734324606,0.2363870537848906,0.2520420126791738,1667
471,2,evaluate,4.311066320964268,0.49288389513108616,0.3033214088876544,0.1979540804341645,0.23836982393320422,1335
471,3,evaluate,5.211207777261734,0.4615,0.2860314836501613,0.18409325339938967,0.22306878836887192,2000
471,4,evaluate,5.817731398123282,0.3899220155968806,0.22188455546946112,0.1556046613298782,0.17848641004427,1667
471,5,evaluate,3.977755181491375,0.5375,0.3512607996384794,0.21501408453623347,0.2663173045014184,2000
472,0,evaluate,4.335156168256487,0.4966292134831461,0.3043854164975963,0.19941718796375402,0.23963211737324253,1335
472,1,evaluate,5.218829959630966,0.464,0.2842043531267929,0.1850825218062224,0.22325758446720573,2000
472,2,evaluate,3.785336962452641,0.5812837432513497,0.2768062486770012,0.23545980745903905,0.25093680362667287,1667
472,3,evaluate,5.842108267324942,0.3887222555488902,0.22034369180550298,0.15475238052496568,0.17754624155104415,1667
472,4,evaluate,4.437522570292155,0.5161290322580645,0.3025765523308177,0.2055229035829874,0.2427150892498422,1333
472,5,evaluate,3.9930751100182533,0.54,0.351001394763474,0.2160646844017294,0.2670146202775839,2000
473,0,evaluate,3.795602250982214,0.5806838632273545,0.2774043954510422,0.23537972535909152,0.25107812486829656,1667
473,1,evaluate,5.848016421000163,0.3905218956208758,0.21814737363974132,0.15461134264467674,0.17771306888711574,1667
473,2,evaluate,4.459292468570528,0.5138784696174044,0.30293958007383254,0.20459028081634903,0.2419929925110141,1333
473,3,evaluate,4.360344682421003,0.49288389513108616,0.30452650087124866,0.19802748440784548,0.23839391972641044,1335
473,4,evaluate,3.9955058470368385,0.5425,0.35054191446455424,0.21704383942545444,0.26759963073504184,2000
473,5,evaluate,5.205679103732109,0.465,0.2846377899506323,0.18549847172520578,0.22374336926203114,2000
474,0,evaluate,4.45228149777367,0.4846441947565543,0.30336089905085695,0.1949027883632908,0.23550138311581117,1335
474,1,evaluate,4.565164338974726,0.5003750937734434,0.30378549002103633,0.1992887979571234,0.23815807804457165,1333
474,2,evaluate,3.816346221499973,0.5854829034193162,0.2804060853410064,0.23717565769366794,0.25363430472517645,1667
474,3,evaluate,5.13918936252594,0.474,0.2842471278862487,0.18906370734351197,0.22611942535458746,2000
474,4,evaluate,5.865966072788945,0.39232153569286143,0.21815688435132102,0.1543661121157066,0.17865447521309014,1667
474,5,evaluate,3.9661201760172844,0.5465,0.3497769451076272,0.21855637721900836,0.26850101493988593,2000
475,0,evaluate,4.661999214263189,0.4951237809452363,0.3019315655445022,0.1973975862426822,0.23598833327028354,1333
475,1,evaluate,3.94146179407835,0.549,0.34747315096251263,0.21952867865068965,0.2685529363843711,2000
475,2,evaluate,3.8532066168608488,0.5896820635872826,0.2829539647510959,0.23832463361459463,0.2558080749405777,1667
475,3,evaluate,5.103251747786999,0.4845,0.28764456630764573,0.19324369727108218,0.23021415568071907,2000
475,4,evaluate,4.5565737542651945,0.4771535580524345,0.3033419494705245,0.19209735925869273,0.23316721690943926,1335
475,5,evaluate,5.910319681520815,0.39532093581283745,0.2183630563316319,0.15483223543579921,0.17962793093266535,1667
476,0,evaluate,4.73115611076355,0.4966241560390098,0.30172577240587,0.1981411561742501,0.23622242804143295,1333
476,1,evaluate,3.9155791848897934,0.5515,0.34641293706607745,0.22046875717476638,0.2687382076206207,2000
476,2,evaluate,5.122197084128857,0.4875,0.2851243423488537,0.19438329947660477,0.23005863849929936,2000
476,3,evaluate,4.631884756542387,0.47116104868913855,0.3014439956857028,0.18978170605145483,0.23086840529881023,1335
476,4,evaluate,3.8778889620745622,0.5854829034193162,0.28077914801096465,0.2355001403835794,0.2538638147588333,1667
476,5,evaluate,5.963433318667942,0.39652069586082783,0.21918870054342374,0.15492867151498055,0.18039386408030902,1667
477,0,evaluate,6.014096065803811,0.394121175764847,0.21743336448438608,0.153579244164942,0.1792355912278221,1667
477,1,evaluate,3.9089379928730152,0.5866826634673066,0.2810041128955647,0.23553788723146604,0.2541592520514718,1667
477,2,evaluate,4.775106782004947,0.495873968492123,0.304538772176936,0.19789681970845405,0.2370434030832312,1333
477,3,evaluate,4.6743477412632535,0.4696629213483146,0.3019411370369965,0.18918609476618836,0.23069771491398378,1335
477,4,evaluate,3.9085136018693447,0.5515,0.34793865063286655,0.22036675957414795,0.26895914085779116,2000
477,5,evaluate,5.160228408873081,0.4835,0.2849386322798359,0.1927355608856626,0.22870529228155823,2000
478,0,evaluate,4.7601128192175,0.4988747186796699,0.30377585897088993,0.1991063299622121,0.23793579101503667,1333
478,1,evaluate,6.030899824919524,0.3929214157168566,0.21569641950399995,0.1532349738854358,0.17839486058878745,1667
478,2,evaluate,4.657359736306327,0.4666666666666667,0.3008984667922067,0.18807293817399845,0.22953263761946308,1335
478,3,evaluate,3.943458804377803,0.5830833833233353,0.2783317929374932,0.23374912937771758,0.25222780842821696,1667
478,4,evaluate,5.209035374224186,0.4855,0.2899480830873407,0.1935803033425841,0.23084242793578982,2000
478,5,evaluate,3.9356099031865597,0.55,0.34806332431281695,0.21975556111840663,0.26857364173484677,2000
479,0,evaluate,4.560794887088594,0.47415730337078654,0.3028208898944193,0.1910665111626044,0.23271118275584546,1335
479,1,evaluate,4.673036495844523,0.5011252813203301,0.3015305084682938,0.19994349787686877,0.2381024703311299,1333
479,2,evaluate,5.290367856621742,0.473,0.28936305852226213,0.18855443093137694,0.2269635099798172,2000
479,3,evaluate,6.030383675186722,0.39472105578884226,0.21664615770546303,0.15495426554842623,0.17941073833704957,1667
479,4,evaluate,3.9817815091874866,0.5794841031793642,0.2789803473984321,0.23226505875360806,0.25161493385328937,1667
479,5,evaluate,3.989375464618206,0.543,0.34917194360107795,0.21699694102781497,0.2668805108152593,2000
480,0,evaluate,4.557770990190052,0.5078769692423106,0.2973322406352252,0.2027562405236271,0.23913811184456346,1333
480,1,evaluate,4.451926560628982,0.48314606741573035,0.3024333991506135,0.19463837534770767,0.2354806174668202,1335
480,2,evaluate,4.011785489541513,0.5776844631073785,0.2789513387518399,0.2318277746130793,0.251093914511629,1667
480,3,evaluate,6.049014515346951,0.39472105578884226,0.2170876936113521,0.15592687952557718,0.17936004079944246,1667
480,4,evaluate,5.401459380984306,0.462,0.2888889140596915,0.1842052829480192,0.22375227861425265,2000
480,5,evaluate,4.0770053043961525,0.5325,0.3510221960119557,0.21281397668726093,0.26425180974482687,2000
481,0,evaluate,6.104208566524364,0.3893221355728854,0.2149608649178693,0.15522383076227783,0.17699069126993727,1667
481,1,evaluate,4.154990449547768,0.532,0.3532099548407777,0.21269288314560972,0.26473881784229414,2000
481,2,evaluate,4.375536362330119,0.49138576779026216,0.3001035569955407,0.19806350194524805,0.23723728117640586,1335
481,3,evaluate,4.45742442494347,0.5168792198049512,0.2954552518364809,0.20613924068560893,0.2414778154739512,1333
481,4,evaluate,4.0428947431069835,0.5728854229154169,0.27765281319925583,0.23040167875151885,0.2493449698064893,1667
481,5,evaluate,5.498407997190952,0.452,0.29209315261176966,0.1803293222781793,0.22191096699539076,2000
482,0,evaluate,4.386255116689773,0.5206301575393848,0.296132790165809,0.20757821305831992,0.24267791112532272,1333
482,1,evaluate,4.040382482387401,0.5722855428914218,0.2778636658190982,0.23059571151415156,0.24916279094426383,1667
482,2,evaluate,5.491624794900417,0.4475,0.28962167213926443,0.1785836456716543,0.21993116316545686,2000
482,3,evaluate,6.114828639560276,0.3893221355728854,0.21624439498731904,0.15594824367433033,0.17762178218110272,1667
482,4,evaluate,4.3279008865356445,0.49063670411985016,0.29623226862074314,0.19790697900183046,0.23606677660296843,1335
482,5,evaluate,4.190059468150139,0.528,0.35369158189591626,0.2111648815207035,0.26377636173895214,2000
483,0,evaluate,4.318121126719883,0.4883895131086142,0.2964070498559237,0.1971246221222341,0.23525033909588494,1335
483,1,evaluate,6.115138636695014,0.38752249550089984,0.2142357019122083,0.15423288423182638,0.17662676619753576,1667
483,2,evaluate,4.3650164150056385,0.5153788447111778,0.29234159495046763,0.20532704502861146,0.23973753914270501,1333
483,3,evaluate,4.211837813258171,0.5295,0.35351033384086167,0.21184615685605673,0.26421942134840004,2000
483,4,evaluate,4.059087921071936,0.5656868626274745,0.275895762384715,0.22924869666166908,0.24675802392154847,1667
483,5,evaluate,5.429978750646114,0.452,0.2902330760465791,0.18044114861456953,0.22160570566723797,2000
484,0,evaluate,4.35899974050976,0.5161290322580645,0.29248870094364066,0.20558818506851256,0.2401494040586772,1333
484,1,evaluate,5.362974181771278,0.4615,0.2900823162048951,0.18426230321794157,0.22438137981440284,2000
484,2,evaluate,4.321117719014485,0.4891385767790262,0.29751343444130607,0.19728642917562586,0.2358495845539686,1335
484,3,evaluate,4.205882839858532,0.5275,0.3533165105021555,0.21110594549105946,0.26358745102337505,2000
484,4,evaluate,4.074054982927111,0.5650869826034793,0.2752702583793836,0.22967033963204658,0.2464090578798554,1667
484,5,evaluate,6.128869145004837,0.39172165566886624,0.21707469772342067,0.15528105250806773,0.1788257475696183,1667
485,0,evaluate,5.288285747170448,0.468,0.29098162806083494,0.18678124272931199,0.2263567897182833,2000
485,1,evaluate,4.056354531535396,0.5716856628674265,0.27663980883411243,0.2328937862607896,0.2487465985435245,1667
485,2,evaluate,4.176096223294735,0.5305,0.3534199869922347,0.21229459231701178,0.26456050608826953,2000
485,3,evaluate,4.3855585143679665,0.5078769692423106,0.289476188935006,0.20237415213097315,0.23650503267225434,1333
485,4,evaluate,4.360391525995164,0.48764044943820223,0.29801248231563393,0.19651358467367638,0.23560727604748416,1335
485,5,evaluate,6.164705982914677,0.3905218956208758,0.21879929102006743,0.15423831037044794,0.1789943763739114,1667
486,0,evaluate,4.020889882688169,0.5764847030593881,0.27741145893856967,0.23540583388642355,0.2503533842833026,1667
486,1,evaluate,6.1913998038680464,0.38392321535692864,0.21833751370809673,0.1510327477438834,0.1767161432918501,1667
486,2,evaluate,4.389667102268764,0.4891385767790262,0.2991790994782554,0.19681388875714984,0.23605993434414926,1335
486,3,evaluate,5.233182072639465,0.4735,0.289679590004338,0.18886283259423192,0.22714873475663916,2000
486,4,evaluate,4.401982852390835,0.5033758439609902,0.2895011277009934,0.2004390488861354,0.23505304342364805,1333
486,5,evaluate,4.135781280696392,0.5395,0.3551615863874096,0.21587706240178192,0.26787484707363995,2000
487,0,evaluate,4.423716431572323,0.49063670411985016,0.29857804761387174,0.19731407211567686,0.23629809965156578,1335
487,1,evaluate,5.1893177554011345,0.476,0.28729688838460116,0.18982909204057932,0.2270381292846882,2000
487,2,evaluate,4.445469572430565,0.5026256564141035,0.29280633159943503,0.20009651744410156,0.23559309384640664,1333
487,3,evaluate,6.199587133195665,0.3863227354529094,0.22140269445395333,0.15198417922377114,0.17785649694329378,1667
487,4,evaluate,4.086153689771891,0.5475,0.35576793839679505,0.2190477046607393,0.2704472726700434,2000
487,5,evaluate,3.9749965491118253,0.5818836232753449,0.27952751471601756,0.23711421852259879,0.2525411898157908,1667
488,0,evaluate,4.42368543715704,0.4891385767790262,0.29861592670895,0.1965734982691712,0.23530193082968412,1335
488,1,evaluate,5.153003290295601,0.4825,0.2883394090562644,0.19236436606118518,0.22923595103023153,2000
488,2,evaluate,6.186810149086846,0.3797240551889622,0.21973849596122505,0.14947776061671547,0.17506066738426213,1667
488,3,evaluate,4.463380961191087,0.5063765941485371,0.29853543344480415,0.20169219184055062,0.23832217810241926,1333
488,4,evaluate,3.9107735510225647,0.5866826634673066,0.2806420262678236,0.23852825872186814,0.254188270936658,1667
488,5,evaluate,4.0053591802716255,0.5565,0.35515256460711003,0.2225774989058189,0.2731132730441733,2000
489,0,evaluate,4.515779109228225,0.5011252813203301,0.2979607563344323,0.19964211081248318,0.23655748193402584,1333
489,1,evaluate,5.098123125731945,0.4845,0.28598541882667383,0.19308409315620814,0.22883110331897266,2000
489,2,evaluate,6.166118780771892,0.376124775044991,0.2203593745518697,0.1477669638322216,0.17404391332282887,1667
489,3,evaluate,4.447521300542922,0.4786516853932584,0.3006781791090892,0.19232026132876262,0.23276817854187257,1335
489,4,evaluate,3.848362785798532,0.5872825434913017,0.28095874936419757,0.23842219431869943,0.25467319698176205,1667
489,5,evaluate,3.9191353656351566,0.5635,0.3554909500321589,0.22535591618357884,0.27542767933873014,2000
490,0,evaluate,3.7875566791605064,0.5896820635872826,0.2804932368990503,0.238543028344587,0.25522291656339935,1667
490,1,evaluate,4.40595911798023,0.4794007490636704,0.29960084636567486,0.19268644890308848,0.23300138159204947,1335
490,2,evaluate,4.50402231443496,0.4981245311327832,0.3000485347092542,0.19855304843547925,0.23660056126687387,1333
490,3,evaluate,5.084715835750103,0.4815,0.2854170054815751,0.1918387690521875,0.22741824205211686,2000
490,4,evaluate,3.865541659295559,0.564,0.35367345978370013,0.22543580167445992,0.2749453109445901,2000
490,5,evaluate,6.106482002470228,0.3779244151169766,0.22124585602916946,0.14887798454161086,0.17498882348836725,1667
491,0,evaluate,6.07845256946705,0.3785242951409718,0.22222345949940014,0.15024120926363577,0.17597929973189302,1667
491,1,evaluate,4.338914734976632,0.4794007490636704,0.299315170178832,0.1927091368210864,0.23321548548510465,1335
491,2,evaluate,4.452360561915806,0.5011252813203301,0.29881535048005936,0.19992681870952653,0.23743973271638924,1333
491,3,evaluate,3.780558736236007,0.5914817036592681,0.2805043538016768,0.23899236814740696,0.2556810462214664,1667
491,4,evaluate,3.8707504756748676,0.561,0.35525907784341315,0.22420907140716123,0.2744156629950397,2000
491,5,evaluate,5.121144115924835,0.4755,0.2843782797554494,0.1893885174459003,0.22505593155754816,2000
492,0,evaluate,4.271378585270473,0.4846441947565543,0.29915451685239425,0.19464706968136142,0.23499213402316674,1335
492,1,evaluate,3.7916147708892822,0.5914817036592681,0.28150226042170556,0.2387940380982255,0.2559846287253119,1667
492,2,evaluate,4.378437428247361,0.5011252813203301,0.29690987378933265,0.19991609949958195,0.23701588962485332,1333
492,3,evaluate,5.19062776863575,0.471,0.2876391166216353,0.18762956491918487,0.22493972600682915,2000
492,4,evaluate,6.061178366343181,0.3809238152369526,0.22095761536392206,0.15177905551198295,0.17621535458983725,1667
492,5,evaluate,3.9130423590540886,0.557,0.35309364281475775,0.2225664307731101,0.27251484631918843,2000
493,0,evaluate,4.249048153559367,0.4861423220973783,0.29716449073087886,0.19527869093367228,0.23492264421518794,1335
493,1,evaluate,3.9454417303204536,0.5575,0.3535629636529055,0.22275025107317856,0.27286105401287253,2000
493,2,evaluate,5.234268136322498,0.4665,0.2888407083285306,0.18585266865021574,0.22435409114301183,2000
493,3,evaluate,6.045959569789745,0.379124175164967,0.2171762245704128,0.15179352504536453,0.17446567190395257,1667
493,4,evaluate,4.33419056165786,0.5033758439609902,0.2952572071276846,0.20093122841498792,0.23772413957616628,1333
493,5,evaluate,3.8086124614433006,0.5902819436112777,0.2815440924419632,0.2373256086442673,0.2555301689565045,1667
494,0,evaluate,4.246369872774396,0.49063670411985016,0.29911315761282076,0.19714978332076433,0.23704828444273388,1335
494,1,evaluate,4.296213729040963,0.5041260315078769,0.29392167537133856,0.20116900080773786,0.23771561129140414,1333
494,2,evaluate,5.2907766699790955,0.4625,0.2898687709950525,0.18430714615511823,0.22364760693680896,2000
494,3,evaluate,4.000373922288418,0.554,0.3528974467039451,0.2214106488184314,0.2716068612574788,2000
494,4,evaluate,6.038389974170261,0.3815236952609478,0.21598148798540534,0.15300187279124253,0.17468743562444652,1667
494,5,evaluate,3.8546934569323503,0.5842831433713257,0.278693235250464,0.23458278083932046,0.25282732573600974,1667
495,0,evaluate,4.076596908271313,0.544,0.3514278870983436,0.21745310151382183,0.2681254486183803,2000
495,1,evaluate,4.243041186105637,0.5063765941485371,0.29386102771856565,0.20191938661359882,0.2385416501320456,1333
495,2,evaluate,4.238766976765224,0.4868913857677903,0.2980722226884273,0.19576315511151693,0.23579060315902423,1335
495,3,evaluate,6.035243228629783,0.3863227354529094,0.21520796875296372,0.15527166667226378,0.17586311028940071,1667
495,4,evaluate,5.344948098063469,0.456,0.29008439366424354,0.18176969288813644,0.22203392132413527,2000
495,5,evaluate,3.902845647599962,0.5776844631073785,0.27855271796853287,0.23231757190488728,0.2512357935076194,1667
496,0,evaluate,4.287164540517898,0.4883895131086142,0.2992807083239709,0.19632137239014685,0.23660633660452662,1335
496,1,evaluate,3.9502760304345026,0.5752849430113978,0.2793306382905851,0.23164708806156975,0.25090681415829463,1667
496,2,evaluate,4.1242911368608475,0.541,0.3514138099187165,0.21628989672068935,0.2670519812122402,2000
496,3,evaluate,4.247379109972999,0.5191297824456114,0.2988315750757727,0.20685373481387503,0.24342182020377462,1333
496,4,evaluate,5.995330969492595,0.3899220155968806,0.21502632197541263,0.1567610898234561,0.1773326722155537,1667
496,5,evaluate,5.31306990981102,0.4535,0.28861821672058496,0.18089560599585247,0.22151739523672465,2000
497,0,evaluate,4.280160188674927,0.5168792198049512,0.29902503628447025,0.20582577801838461,0.24274187625620797,1333
497,1,evaluate,4.331580888657343,0.49063670411985016,0.2992430837291717,0.19746327719467466,0.23725068665169619,1335
497,2,evaluate,5.991146670447455,0.3905218956208758,0.21492837241356072,0.15633778486337313,0.1777430963508555,1667
497,3,evaluate,5.290515594184399,0.456,0.2877695146816047,0.18198931956234574,0.22217808783263032,2000
497,4,evaluate,4.153836622834206,0.537,0.35113743023761146,0.21475081599196852,0.2657438834595785,2000
497,5,evaluate,3.9740964395028575,0.5710857828434314,0.2780937404767726,0.22986996520904954,0.24924162294477475,1667
498,0,evaluate,5.281756788492203,0.461,0.29057233923535036,0.1840622719062634,0.22474980630102018,2000
498,1,evaluate,5.94908258650038,0.39172165566886624,0.21405834771166168,0.15682316069725272,0.17790741506043783,1667
498,2,evaluate,4.354904345103672,0.4943820224719101,0.29977874396391013,0.19898309071448816,0.23849171947675796,1335
498,3,evaluate,4.209491103887558,0.5295,0.3497963273950866,0.2118396781678701,0.2631704079468603,2000
498,4,evaluate,3.9739389066342956,0.5770845830833833,0.2789058355927217,0.23258726159714485,0.2509974012341902,1667
498,5,evaluate,4.303046884990874,0.5116279069767442,0.2985741329822079,0.20366753508138064,0.24101355034257255,1333
499,0,evaluate,4.341936860765729,0.5123780945236309,0.30068008592971596,0.20372418525998795,0.24162279973560014,1333
499,1,evaluate,5.938169947376958,0.39232153569286143,0.2126998388666342,0.15616924738989196,0.17771434914729486,1667
499,2,evaluate,4.394421373094831,0.49063670411985016,0.29726000060573377,0.19746148791826507,0.23666596414654623,1335
499,3,evaluate,3.949337261694449,0.5788842231553689,0.2779881018752158,0.23329995280874924,0.2509227298914744,1667
499,4,evaluate,5.259263329207897,0.464,0.2894607332714771,0.18532204786225706,0.22548606272112534,2000
499,5,evaluate,4.238388322293758,0.5295,0.34948141314796116,0.2118587631377972,0.2630839960730465,2000
