round,client_id,phase,loss,accuracy,precision,recall,f1,num_examples
0,0,evaluate,2.8638114664289684,0.024676850763807285,0.010084033613445379,0.06451612903225806,0.01744186046511628,1702
0,1,evaluate,2.404933641938602,0.0014191106906338694,0.0023531362037380447,0.12755102040816327,0.002678388198795253,2114
0,2,evaluate,2.102531143597194,0.4161947904869762,0.15837433601876336,0.22522161833935547,0.17365947398327322,1766
0,3,evaluate,2.3719591167238026,0.21010638297872342,0.05245513715860436,0.19527139527139528,0.0824439615663199,1128
0,4,evaluate,2.1566987615643125,0.20453449107573565,0.171274306530543,0.24263345674635997,0.12051096821267976,2073
0,5,evaluate,2.162854766845703,0.022969647251845776,0.08888888888888889,0.008888888888888889,0.01616161616161616,1219
1,0,evaluate,2.352873378329807,0.149822695035461,0.11420372615848463,0.17568558892088304,0.08368855147888893,1128
1,1,evaluate,2.2401294112205505,0.02132895816242822,0.10228026273540786,0.17428571428571427,0.02665030081550292,1219
1,2,evaluate,1.912145365368236,0.2952243125904486,0.27814326955648966,0.22644234541037386,0.14843768105040958,2073
1,3,evaluate,1.9731395202023643,0.29614949037372595,0.2532676105884334,0.17414825609076898,0.13849935271623529,1766
1,4,evaluate,2.0998625137187816,0.24970622796709754,0.11905850386382802,0.17925692171835228,0.10086429723503189,1702
1,5,evaluate,2.62392636607675,0.024124881740775782,0.036328377504848096,0.03891156462585034,0.03695687029020362,2114
2,0,evaluate,2.4842514020425304,0.027614571092831962,0.13120567375886524,0.00848267622461171,0.015855788423153695,1702
2,1,evaluate,1.439338288136891,0.4943374858437146,0.2995946866418586,0.22904318646032645,0.15804227483768968,1766
2,2,evaluate,2.2798854690609556,0.23347805113362277,0.16295229983724854,0.17286669792241133,0.12191045512567629,2073
2,3,evaluate,1.383527582883835,0.5857260049220673,0.25877832639627346,0.357485536270583,0.2559267779664365,1219
2,4,evaluate,2.4392960468928018,0.15336879432624115,0.18430178414769893,0.19949047281843416,0.10670411634298953,1128
2,5,evaluate,2.217879463644589,0.11210974456007569,0.21376859412819757,0.29468764340373743,0.071413722447282,2114
3,0,evaluate,1.7444917559623718,0.39868744872846595,0.17163542870236304,0.2018387479602433,0.12981378463896234,1219
3,1,evaluate,1.8121027085516188,0.3554964539007092,0.27610376804445885,0.273937038807377,0.21335145771012973,1128
3,2,evaluate,2.2493484947416515,0.22620446533490013,0.1052182102608307,0.08028154381590566,0.08779419813902573,1702
3,3,evaluate,1.960294206937154,0.3154848046309696,0.2688008495403009,0.2994519156422326,0.1999953308191267,2073
3,4,evaluate,2.337164219687967,0.0946073793755913,0.200997890429034,0.2062376519917207,0.06005063565204984,2114
3,5,evaluate,1.6957738825253077,0.3742921857304643,0.2888713045389603,0.2368314201484441,0.13771793722915582,1766
4,0,evaluate,1.8980519843823982,0.3526290400385914,0.2719682271603503,0.2784974223647687,0.22882924205570943,2073
4,1,evaluate,1.6150580516883306,0.41562853907134767,0.28765745112134344,0.259644909079799,0.16338885699840236,1766
4,2,evaluate,1.7826534708340962,0.34574468085106386,0.33551871490467977,0.2580986623082856,0.20514056995191382,1128
4,3,evaluate,2.08663432598114,0.13371616078753076,0.19097744360902255,0.18106660732828955,0.07108132821759394,1219
4,4,evaluate,2.245600779851278,0.2244418331374853,0.10149053166606692,0.15275347477311013,0.09100938396574673,1702
4,5,evaluate,2.0190887065494763,0.23888363292336803,0.2527346240331765,0.20843219563291898,0.10575189565925089,2114
5,0,evaluate,1.7926467392179701,0.3262411347517731,0.35946239335753766,0.2882626338904683,0.23556272181904273,1128
5,1,evaluate,1.4398645928927831,0.4971687429218573,0.2826379045205402,0.2786865825125162,0.2126647884839722,1766
5,2,evaluate,2.115358531475067,0.2428219852337982,0.19124879618360507,0.26426494585373095,0.118134936133471,1219
5,3,evaluate,1.8881877800997566,0.3457899716177862,0.2328317229745572,0.28017704986963576,0.16137483520083232,2114
5,4,evaluate,2.205096655421787,0.22972972972972974,0.09827621885784922,0.1765555778178499,0.09599036623880071,1702
5,5,evaluate,1.706355875188654,0.4071394114809455,0.2879992465118163,0.26848004633396577,0.24801344779506973,2073
6,0,evaluate,1.8354333877563476,0.3724364232977851,0.18510868721839185,0.29059115858181284,0.14377055563707503,1219
6,1,evaluate,1.8389945096439786,0.299645390070922,0.35382277624481884,0.2914877206014024,0.24131531959299166,1128
6,2,evaluate,2.193883290997258,0.22032902467685075,0.10382916053019146,0.13251927543652647,0.09576942438686739,1702
6,3,evaluate,2.0537668466567993,0.2861873226111637,0.21850134176621122,0.30376695168376905,0.14404795669082363,2114
6,4,evaluate,1.4094998453344618,0.5130237825594564,0.26922085642794735,0.3182809619518394,0.21339793599797285,1766
6,5,evaluate,1.6010553511706265,0.42547033285094066,0.31643956887593794,0.2766206253266814,0.25315358197100557,2073
7,0,evaluate,1.8266565137439303,0.31560283687943264,0.3069375687936481,0.2553712496344513,0.22032324960552443,1128
7,1,evaluate,2.185212665134006,0.1698002350176263,0.19826270970251816,0.1310610875532242,0.09791380913194062,1702
7,2,evaluate,1.4285786509513856,0.5135356849876949,0.194905353403729,0.3282997329773031,0.18545685968370013,1219
7,3,evaluate,1.6565314422954212,0.4109985528219971,0.2741285182319966,0.29182391470583013,0.22316057763977462,2073
7,4,evaluate,1.263281945671354,0.5979614949037373,0.2420741543223855,0.34344768683462096,0.21005390968332288,1766
7,5,evaluate,2.1542004662401535,0.2682119205298013,0.23704303827436285,0.3267656589537241,0.14555119505558886,2114
8,0,evaluate,1.78871308432685,0.34929078014184395,0.31757113897489925,0.2627768570223002,0.23336819868950615,1128
8,1,evaluate,1.292883026599884,0.6029532403609515,0.1915935301854782,0.2859145527369827,0.18197666912159152,1219
8,2,evaluate,1.7337761828393647,0.3738543174143753,0.2763899744990783,0.31990465353911784,0.22192694324704645,2073
8,3,evaluate,1.9746993559378165,0.21269095182138661,0.20329275466844568,0.14935432609906088,0.1129315072235975,1702
8,4,evaluate,1.2590782003743308,0.5758776896942243,0.23985290325583067,0.2348236041746931,0.1959982655446421,1766
8,5,evaluate,2.069441150216495,0.2800378429517502,0.2517713950107653,0.33500459788976966,0.15955994408757793,2114
9,0,evaluate,1.6970290342966716,0.40070921985815605,0.3252728239370871,0.29965697724119844,0.2684908633341504,1128
9,1,evaluate,1.3121469914913177,0.5345413363533409,0.24248401350067308,0.29306538751010613,0.1920023825413708,1766
9,2,evaluate,1.4668333113193512,0.5242001640689089,0.18414607775591757,0.29964040943480197,0.1591762014977449,1219
9,3,evaluate,1.7129098465948394,0.37433671008200675,0.2780224871286422,0.312212844818561,0.23387240288526776,2073
9,4,evaluate,1.7767028631987396,0.33783783783783783,0.20598567538863471,0.22747921197438936,0.1407534707108839,1702
9,5,evaluate,1.841966481769786,0.3741721854304636,0.2568624205025067,0.28293079778341984,0.18798558849820604,2114
10,0,evaluate,1.6033521095911663,0.4308510638297872,0.3356777336193165,0.3006567261650404,0.28645530590873913,1128
10,1,evaluate,1.606168258190155,0.46513535684987695,0.18335934766122539,0.3956724521584335,0.15062196699665548,1219
10,2,evaluate,1.3612336431230818,0.5113250283125708,0.2479690619666771,0.25799706375391895,0.19108577624108494,1766
10,3,evaluate,1.5710724303216645,0.4380125422093584,0.28904811408552133,0.33436020393148924,0.26309056269877756,2073
10,4,evaluate,1.7727192022182323,0.3301997649823737,0.20475518120582006,0.20920740803391458,0.13230319101301238,1702
10,5,evaluate,1.771274770007414,0.3930936613055818,0.26252922350722974,0.28098871992090796,0.19911977798729646,2114
11,0,evaluate,1.3564640922205788,0.5169875424688561,0.2509485666232044,0.2613017235472574,0.19685946228911808,1766
11,1,evaluate,1.8212884576232344,0.2884841363102233,0.2069004991927348,0.2004612008354565,0.12484539601313523,1702
11,2,evaluate,1.559398008717431,0.44858156028368795,0.3588171702685311,0.33253032360020085,0.29930375952085403,1128
11,3,evaluate,1.458545117667227,0.5103714423540762,0.311737616366396,0.3534761749662301,0.29263209687500336,2073
11,4,evaluate,1.6306963741779328,0.44544708777686626,0.18922667431783874,0.42052091677792613,0.16336142800789918,1219
11,5,evaluate,1.8228089634109945,0.3632923368022706,0.2557987952928589,0.3102144034549098,0.18676460865547065,2114
12,0,evaluate,1.8369438206707989,0.2796709753231492,0.20709905546604407,0.20154988709488858,0.12004001050772388,1702
12,1,evaluate,1.6058700349595811,0.4157801418439716,0.36556032641173486,0.3405185603221435,0.2902569975334336,1128
12,2,evaluate,1.5132278680801392,0.4552912223133716,0.19330577086216186,0.42344281263907435,0.17118331789371094,1219
12,3,evaluate,1.7462261389283573,0.38315988647114474,0.25617720356856033,0.317340679847009,0.1908438840818278,2114
12,4,evaluate,1.4935040184945771,0.4934876989869754,0.31676021719303166,0.34895118688951215,0.28539797899199637,2073
12,5,evaluate,1.3149849431855338,0.5441676104190261,0.25371649209169034,0.30410834008387233,0.20791629845958898,1766
13,0,evaluate,1.6719024976094563,0.3945035460992908,0.3645452044308832,0.317173619505241,0.27974506771792196,1128
13,1,evaluate,1.6422341185457565,0.42336802270577106,0.25891660411693945,0.33801996283370606,0.20666310889436001,2114
13,2,evaluate,1.3011679989950997,0.5441676104190261,0.2549964661975599,0.3045209484341835,0.20966210362061782,1766
13,3,evaluate,1.4099656581878661,0.5004101722723544,0.19904161270442922,0.4467111704494882,0.18185896699570556,1219
13,4,evaluate,1.5874008518276792,0.44669561022672455,0.3220544923898856,0.3283664848531972,0.26254730542311433,2073
13,5,evaluate,1.7991904020309448,0.30669800235017625,0.2098196568149504,0.21079852842584773,0.1249724024742497,1702
14,0,evaluate,1.7927864922417536,0.327262044653349,0.20455262915788258,0.21347035577822715,0.12954808963585476,1702
14,1,evaluate,1.3948767244815827,0.5176374077112387,0.20134646982731969,0.4456177125055629,0.17652219366484942,1219
14,2,evaluate,1.633379167980618,0.40691489361702127,0.36326272726814846,0.30942651077771705,0.28222155655096615,1128
14,3,evaluate,1.6598044984480913,0.40586565752128667,0.2630328925135629,0.3334838737334217,0.20714601137305558,2114
14,4,evaluate,1.1644051947763987,0.6019252548131371,0.2629459066669953,0.31934220476873054,0.22397875364646286,1766
14,5,evaluate,1.6065727400057244,0.44476603955619876,0.31427230433491654,0.3337099284358185,0.25971996015319954,2073
15,0,evaluate,1.5459290676646762,0.449468085106383,0.359342566627969,0.3340851221375907,0.2994751643666028,1128
15,1,evaluate,1.0869255172354835,0.6342015855039638,0.264073472063418,0.3262773551079677,0.228536240385864,1766
15,2,evaluate,1.3574173331260682,0.5529122231337161,0.20022987169446776,0.3618956386292834,0.1720999942767367,1219
15,3,evaluate,1.7525183593525606,0.3547776726584674,0.2587784630985574,0.3207211265836944,0.19593456744287868,2114
15,4,evaluate,1.8996982309553359,0.31551116333725027,0.20514111648537625,0.19361663182556776,0.12681668586127304,1702
15,5,evaluate,1.5877319646604133,0.44187168355041,0.3072232679904165,0.3237061835967068,0.2604999162914541,2073
16,0,evaluate,1.3544714808464051,0.5627563576702215,0.19687206169017313,0.3442587894971073,0.1701561112223276,1219
16,1,evaluate,1.488667196697659,0.4583333333333333,0.35007021370335456,0.3259946619318583,0.29955482692877566,1128
16,2,evaluate,1.859456083353828,0.3386944181646168,0.2593827256986879,0.3258354624213576,0.19359796368680665,2114
16,3,evaluate,1.0358576348849706,0.659682899207248,0.26616473975373117,0.3652843252989112,0.23610892589943813,1766
16,4,evaluate,1.5148208394195095,0.46599131693198265,0.3049886036221647,0.3258360149238471,0.2701276845931556,2073
16,5,evaluate,2.025921940803528,0.26615746180963573,0.20611792814377922,0.1796087316611309,0.11673892876339731,1702
17,0,evaluate,1.1241890106882368,0.6370328425821065,0.26509377251161287,0.35861119047972506,0.2299128468619994,1766
17,1,evaluate,1.343619430065155,0.5578342904019689,0.20242231559246768,0.3644543836226079,0.18418813694027028,1219
17,2,evaluate,1.4595044122801886,0.4725177304964539,0.3484185722260026,0.32726259732286234,0.3064446127530019,1128
17,3,evaluate,2.0412434648584434,0.25440658049353704,0.21201875926342922,0.20108570822136795,0.11585250105009533,1702
17,4,evaluate,1.4332475951223662,0.4944524843222383,0.3153184767801549,0.3450819696302732,0.2852534420823208,2073
17,5,evaluate,1.82603099416284,0.3543046357615894,0.256469112924096,0.33359545659364825,0.1944191181819072,2114
18,0,evaluate,1.3802457392215728,0.534864643150123,0.2282378202486169,0.46309323542501113,0.21925899529610654,1219
18,1,evaluate,1.4946590529547796,0.4654255319148936,0.355915789659214,0.3226709362598264,0.3066626269737756,1128
18,2,evaluate,1.781711757183075,0.3869441816461684,0.25201925405407116,0.33953200330777183,0.2003347356312327,2114
18,3,evaluate,1.4096821546554565,0.5002411963338157,0.3299783824045974,0.32580483735255583,0.29028043483479427,2073
18,4,evaluate,2.011352711253696,0.24970622796709754,0.21558625616836052,0.1990946045018252,0.11700391107343197,1702
18,5,evaluate,1.2054149146590913,0.6104190260475651,0.25684739831780573,0.3520224537579509,0.22142457440251495,1766
19,0,evaluate,1.396109050512314,0.5283018867924528,0.22233397794979393,0.4630031152647975,0.2176441084513705,1219
19,1,evaluate,1.5488391319910686,0.4397163120567376,0.3526137633991896,0.32691032112081075,0.29967089671073044,1128
19,2,evaluate,1.9299702997560855,0.2796709753231492,0.21589417370539937,0.2107884030356037,0.12491148365998464,1702
19,3,evaluate,1.3039082757064275,0.5855039637599094,0.25574393366716797,0.3467819520246612,0.21710656021446678,1766
19,4,evaluate,1.4179917248812588,0.4901109503135552,0.3359564154994673,0.3348763657183346,0.2887564620369184,2073
19,5,evaluate,1.7561295172747444,0.4063386944181646,0.251856089006297,0.33640309546277,0.20368905733806927,2114
20,0,evaluate,1.6622545088038725,0.43330179754020814,0.2640208477445006,0.3558595027229747,0.21839908265962737,2114
20,1,evaluate,1.4768028367649426,0.4741919922817173,0.33734613418733594,0.33505640829725736,0.2867635878778678,2073
20,2,evaluate,1.4147906184196473,0.5217391304347826,0.19838836661356155,0.4639263462394304,0.18828476273792544,1219
20,3,evaluate,1.299164938075202,0.5775764439411099,0.2567196331838436,0.3094025170626316,0.21289899057211265,1766
20,4,evaluate,1.583444164858924,0.42641843971631205,0.3603945432655432,0.3102299872673794,0.2954977129891015,1128
20,5,evaluate,1.7515129733968664,0.3301997649823737,0.21072899812823195,0.19741543795224845,0.13647297774093045,1702
21,0,evaluate,1.6693166008702032,0.36603995299647474,0.20732859805165677,0.18036813745008168,0.14223290848776166,1702
21,1,evaluate,1.5830480588807,0.43351063829787234,0.3589149762266838,0.31114356150229217,0.29741643135046447,1128
21,2,evaluate,1.531884030862288,0.4558610709117221,0.3318896129122059,0.3372274644867826,0.28336579815499097,2073
21,3,evaluate,1.566655257168938,0.4555345316934721,0.27956282635667795,0.3734529031400641,0.23339557446290166,2114
21,4,evaluate,1.414538961648941,0.5365053322395406,0.19470026070449503,0.46721139296840236,0.18175902548159356,1219
21,5,evaluate,1.221063758645739,0.5973952434881087,0.26191382704831134,0.2786953063776206,0.21447178995298238,1766
22,0,evaluate,1.4144267082214355,0.5365053322395406,0.1989720234899052,0.4838856252781486,0.1785485478132537,1219
22,1,evaluate,1.0979057720729284,0.6359003397508494,0.26496262525954684,0.2875906259004536,0.22205324250957612,1766
22,2,evaluate,1.5841166641977098,0.4512411347517731,0.3623384669856088,0.33615002734153493,0.3076434258630479,1128
22,3,evaluate,1.5378529219066395,0.4716177861873226,0.2843350182560193,0.38660417706529826,0.24590202834026856,2114
22,4,evaluate,1.5738951581897158,0.43463579353593823,0.32212831932981356,0.3346272272864284,0.2736073359776179,2073
22,5,evaluate,1.6626320017708673,0.3795534665099882,0.20818738610186993,0.19398952069401915,0.14746435514415085,1702
23,0,evaluate,0.9615642492260251,0.6834654586636466,0.26425012134167636,0.2994245030723911,0.22950422532241915,1766
23,1,evaluate,1.339233660697937,0.5693191140278917,0.200947215823023,0.3878308856252781,0.17676372154317516,1219
23,2,evaluate,1.5615011519855924,0.4671985815602837,0.3625431289375668,0.3467556618055248,0.31527714992937456,1128
23,3,evaluate,1.5886223099448464,0.43077665219488664,0.3160725432586252,0.33444372608838596,0.26798348087174995,2073
23,4,evaluate,1.6075470202109392,0.4413434247871334,0.28766547128153275,0.38975811027348095,0.24383233220451253,2114
23,5,evaluate,1.7659052301336218,0.35605170387779084,0.21316184218834294,0.20494283943034314,0.14786471002356794,1702
24,0,evaluate,1.5335226390096877,0.4716312056737589,0.36379825985397674,0.3486202215447133,0.3150803330800941,1128
24,1,evaluate,0.8998196742364338,0.7146092865232163,0.2631541329662135,0.31057252323774037,0.23657368264122042,1766
24,2,evaluate,1.549779100851579,0.4462132175590931,0.31872687630497315,0.3384697158840565,0.2709579213944348,2073
24,3,evaluate,1.2824390649795532,0.5849056603773585,0.19825209798210303,0.3509597240765465,0.17258363205313043,1219
24,4,evaluate,1.8671735348524872,0.3290246768507638,0.21208984163044922,0.18909479944896562,0.1401695554862013,1702
24,5,evaluate,1.7276603719767403,0.40255439924314096,0.28244704326852343,0.3680925560193191,0.22916402423596532,2114
25,0,evaluate,1.2548194527626038,0.5808039376538146,0.20183270967982486,0.3702587894971072,0.17985704337867456,1219
25,1,evaluate,1.5237647493680317,0.4671985815602837,0.37147861964547024,0.33593044519379567,0.3135600112682296,1128
25,2,evaluate,1.5081487279949766,0.46261456825856245,0.3216776086026564,0.3411527951499538,0.27552877931428077,2073
25,3,evaluate,1.7327737913412207,0.4001892147587512,0.2789620980613329,0.36403325937051073,0.22296941746594273,2114
25,4,evaluate,1.9493204487694635,0.3072855464159812,0.2147482745221995,0.20214830714715754,0.1370153003395933,1702
25,5,evaluate,0.9169011009590966,0.7134767836919592,0.261751208367062,0.31214585659002,0.2371710354015323,1766
26,0,evaluate,1.2328865945339202,0.5931091058244463,0.20057569277499362,0.3730244770805518,0.18089339403086918,1219
26,1,evaluate,1.456664381605206,0.4761215629522431,0.32892210880571643,0.32808255564147254,0.2824352630340907,2073
26,2,evaluate,1.7170682058614843,0.4063386944181646,0.2735787554093716,0.34131231546421426,0.21478530691490536,2114
26,3,evaluate,1.9840741863957159,0.31492361927144535,0.2171361059544195,0.2058588020671574,0.13852322295628094,1702
26,4,evaluate,1.490804135799408,0.47074468085106386,0.37324263704630245,0.33629545526779225,0.31678214770293855,1128
26,5,evaluate,1.0603667476347514,0.6642129105322764,0.2608905976339385,0.3334884371178769,0.23115051150192664,1766
27,0,evaluate,1.8884687644463998,0.3589894242068155,0.21571071681108064,0.19592454897868988,0.14707899657980855,1702
27,1,evaluate,1.4723745319578383,0.4769503546099291,0.3640462531911184,0.33178607310223013,0.3170152082611007,1128
27,2,evaluate,1.262248539498874,0.5764439411098528,0.2580573116935428,0.30920056429432974,0.21301943857426534,1766
27,3,evaluate,1.4363181591033936,0.48818137964302943,0.3374451619616263,0.33179848296261466,0.29302275417371704,2073
27,4,evaluate,1.2756689190864563,0.5742411812961444,0.20603416031828395,0.4705585224744103,0.1932938746419717,1219
27,5,evaluate,1.6715004899922539,0.4389782403027436,0.27018048674714795,0.34668187401279627,0.21946952887562837,2114
28,0,evaluate,1.4611549774805705,0.4920212765957447,0.36739545618323166,0.33446674721760355,0.32477879546203914,1128
28,1,evaluate,1.3452828764915465,0.5537325676784249,0.19885495364404737,0.33453827325322655,0.17634634776900332,1219
28,2,evaluate,1.6805540007703446,0.4389782403027436,0.2723569728774521,0.35105250872972393,0.22173463706563176,2114
28,3,evaluate,1.4415548967592644,0.4954172696575012,0.34096814586151075,0.3373511370331527,0.2999911741211131,2073
28,4,evaluate,1.779401214034469,0.4012925969447709,0.21600068752566298,0.20531593890861471,0.15905134398872178,1702
28,5,evaluate,1.3942312470504217,0.5328425821064553,0.25999282161718706,0.2645311903820023,0.20279706176079482,1766
29,0,evaluate,1.4467744946479797,0.5077932731747334,0.19531602144728402,0.4255149087672453,0.16455524106982122,1219
29,1,evaluate,1.709883220055524,0.4314096499526963,0.27859532051404906,0.33592439553018216,0.2258516610083856,2114
29,2,evaluate,1.7765089052694816,0.40481786133960046,0.21320896082393634,0.20984483925954392,0.15748217133352022,1702
29,3,evaluate,1.3031149889741624,0.5645526613816535,0.2636079332682084,0.30609502343271855,0.21393461858794688,1766
29,4,evaluate,1.4571138156784906,0.4946808510638298,0.35966389407801663,0.33532484509969895,0.32286692842121006,1128
29,5,evaluate,1.4712577082894065,0.48721659430776654,0.33227834785849475,0.3395976593837199,0.29587401188816853,2073
30,0,evaluate,1.4990984309803357,0.48383984563434634,0.32678742114676085,0.33837087611072236,0.2911497293667512,2073
30,1,evaluate,1.4743071926964655,0.500886524822695,0.36762853823251557,0.34622614593746054,0.32865232174400394,1128
30,2,evaluate,1.860142844694632,0.3901292596944771,0.2107938803051585,0.19955834770954445,0.1497605802608115,1702
30,3,evaluate,1.1016398689576559,0.6279728199320498,0.26449998429727495,0.32387766329377166,0.22765222142280192,1766
30,4,evaluate,1.4827362895011902,0.49876948318293685,0.19558094282092306,0.42304761904761906,0.1578295082027822,1219
30,5,evaluate,1.8075680802850163,0.3968779564806055,0.28089663226150435,0.3274229591336283,0.21933457759474986,2114
31,0,evaluate,1.5314598149723477,0.48847517730496454,0.36677941468715664,0.33297247826223203,0.3228288730836836,1128
31,1,evaluate,1.9280383631035134,0.3537015276145711,0.20750249216959687,0.19016016656332338,0.1411511933299674,1702
31,2,evaluate,1.4221553385257721,0.527481542247744,0.189674929969457,0.3873700489541611,0.15174633528549125,1219
31,3,evaluate,0.9693114310503006,0.6913929784824462,0.26560841308884664,0.33747400358485624,0.23800644401708052,1766
31,4,evaluate,1.5708717469013098,0.46695610226724554,0.32363799633730106,0.32646883406117905,0.28130388838915976,2073
31,5,evaluate,1.8244976997375488,0.3954588457899716,0.2867899731686215,0.3434619346735079,0.22686750428396846,2114
32,0,evaluate,1.5813059674368963,0.46897163120567376,0.3622064389924258,0.3211650968174614,0.3136087448970571,1128
32,1,evaluate,1.3223942995071412,0.5602953240360952,0.19738428692746515,0.4626537605696484,0.1699663831849823,1219
32,2,evaluate,1.6009420915083452,0.46502653159671975,0.32511755170575835,0.3202365335279425,0.2791149130940397,2073
32,3,evaluate,1.7976145604077507,0.4087038789025544,0.2809002836333374,0.3582496400037087,0.22644274703411407,2114
32,4,evaluate,1.9567015965779622,0.3390129259694477,0.20776392686833453,0.1766991615569835,0.13665567028808612,1702
32,5,evaluate,0.9815994309527534,0.6868629671574179,0.2671130694307548,0.3333333881777623,0.2350587546262335,1766
33,0,evaluate,1.9402758015526667,0.3501762632197415,0.2084452661841009,0.18236140733344305,0.14066835061738525,1702
33,1,evaluate,1.6236844393942091,0.4592198581560284,0.36454364488097085,0.31622443137043776,0.31021986005130026,1128
33,2,evaluate,1.0665797867945261,0.6647791619479049,0.26782716432321874,0.327126042731264,0.23052699963630668,1766
33,3,evaluate,1.2688175797462464,0.5849056603773585,0.19324751872076268,0.26723653760569654,0.16570422354032782,1219
33,4,evaluate,1.5990035714525166,0.46985045827303423,0.329984970168579,0.31893851821104036,0.2810941988112815,2073
33,5,evaluate,1.7904628550305086,0.41106906338694416,0.27803029683301855,0.3644466970398254,0.22475368683705094,2114
34,0,evaluate,1.6284431484010484,0.46365248226950356,0.36652449483089333,0.32808576919853044,0.31246628867140247,1128
34,1,evaluate,1.2890513062477111,0.5676784249384742,0.18902783630447273,0.3137699154428127,0.15759574631000048,1219
34,2,evaluate,1.8925810169290613,0.3701527614571093,0.21039437138619177,0.18536368377469245,0.14537636781546753,1702
34,3,evaluate,1.7890578911584967,0.412961210974456,0.2799578388244869,0.3527074818539556,0.22344659816724874,2114
34,4,evaluate,1.1689150993313109,0.6245753114382786,0.2691875599120541,0.35190156853446475,0.22761348959855532,1766
34,5,evaluate,1.5695448860977634,0.4833574529667149,0.33745573612149804,0.3263429737940853,0.2891468142508309,2073
35,0,evaluate,1.8025772887117721,0.40917691579943233,0.282166608634671,0.3508634595940202,0.22414593361344562,2114
35,1,evaluate,1.2620336072785514,0.5843714609286523,0.26805252847745964,0.3434948804657568,0.22150556058113963,1766
35,2,evaluate,1.6144080095820956,0.46099290780141844,0.36119539013941926,0.3231081101246662,0.3095039197113235,1128
35,3,evaluate,1.863398415070993,0.3936545240893067,0.21139858135964165,0.19413762121545558,0.15032072218441853,1702
35,4,evaluate,1.3586668014526366,0.549630844954881,0.1968794139705517,0.43248620382732533,0.17255020887157152,1219
35,5,evaluate,1.5338040409666118,0.49686444766039556,0.33408892327734396,0.33390842123501324,0.294103284611784,2073
36,0,evaluate,1.2322184017726354,0.5996602491506229,0.26797488761868393,0.34933761703224653,0.22641500856615923,1766
36,1,evaluate,1.4134031057357788,0.5176374077112387,0.1980554953236939,0.44764441477525585,0.1695727357109042,1219
36,2,evaluate,1.9059358393704449,0.3789659224441833,0.20971279814805147,0.1890091458797055,0.14562877948159247,1702
36,3,evaluate,1.588942481411828,0.4734042553191489,0.36250991315434444,0.3301987433990415,0.3161512156048012,1128
36,4,evaluate,1.533992471116962,0.5084418716835504,0.3337568697481563,0.34182276166272485,0.29899779783755714,2073
36,5,evaluate,1.7968454483677359,0.41154210028382215,0.28959867086586943,0.35482263399080755,0.23199704693162726,2114
37,0,evaluate,1.4593603670597077,0.5143560295324036,0.18931320187957323,0.40825522919448154,0.1553827897532739,1219
37,1,evaluate,1.5561143737850767,0.5016883743367101,0.32403810253190946,0.3409467948156733,0.29533228604092576,2073
37,2,evaluate,1.571674022409651,0.48138297872340424,0.3619458802744647,0.32915049526024803,0.31769291078663314,1128
37,3,evaluate,1.1711341270378657,0.6262740656851642,0.2683074622855933,0.35633896210433186,0.23211405189656534,1766
37,4,evaluate,1.9456957004688404,0.36133960047003527,0.20709408598677853,0.17237350044287364,0.1381899594871633,1702
37,5,evaluate,1.8019365492989035,0.41012298959318827,0.2914334539296147,0.3546663252196706,0.23430006894770483,2114
38,0,evaluate,1.4368216931819915,0.5291222313371616,0.1839827581613205,0.39165709835336004,0.1497384338028394,1219
38,1,evaluate,1.8284299671649933,0.4105960264900662,0.28901815313448637,0.3536677983079429,0.2313063332395791,2114
38,2,evaluate,1.5754347178671095,0.49024822695035464,0.3620878699420299,0.3343435610354365,0.3216444618964315,1128
38,3,evaluate,1.9430302646425035,0.3501762632197415,0.20824503843734612,0.1679311082656736,0.13762848231847002,1702
38,4,evaluate,1.1267980081694466,0.6489241223103058,0.2671721549125853,0.3596102883262623,0.2341444690554646,1766
38,5,evaluate,1.6038505308555835,0.4963820549927641,0.32004292635642084,0.34309547686699615,0.2945362226322643,2073
39,0,evaluate,1.6322820252842374,0.4929078014184397,0.3663404504220017,0.34052353586596973,0.32621641777899263,1128
39,1,evaluate,1.3639404296875,0.5586546349466776,0.18396981568530715,0.3956938139741878,0.15567202832494584,1219
39,2,evaluate,1.1252648681402206,0.6619479048697622,0.2651921967664092,0.3602476192313835,0.2327485184113193,1766
39,3,evaluate,1.6630419420473503,0.4843222383019778,0.3214017631794164,0.3358307410271308,0.28991562149794853,2073
39,4,evaluate,1.807502774631276,0.40917691579943233,0.28737189855174317,0.3602016258508121,0.22959929284532904,2114
39,5,evaluate,1.9428398653312966,0.3437132784958872,0.20774778705027322,0.1609442932311555,0.13569574620286276,1702
40,0,evaluate,1.9461220900217693,0.3384253819036428,0.20996129907982866,0.1709126514246591,0.13876879838174436,1702
40,1,evaluate,1.6969284680154588,0.47429078014184395,0.36361564208652997,0.3546698135909322,0.3208784121368966,1128
40,2,evaluate,1.1400733143091202,0.6557191392978482,0.265769743032975,0.35593566920492914,0.22923855460555398,1766
40,3,evaluate,1.7712085808024687,0.4295175023651845,0.28412355431885916,0.38068494920845736,0.23477822938967968,2114
40,4,evaluate,1.3167905986309052,0.5627563576702215,0.1867879108710772,0.3462779261237205,0.16178293918407163,1219
40,5,evaluate,1.7189785892313176,0.4664737095996141,0.3299280585036169,0.34063598388351857,0.2881359883470278,2073
41,0,evaluate,1.7230900989638434,0.4698581560283688,0.3653221668328809,0.33817764662586697,0.31918005477284,1128
41,1,evaluate,1.3442085266113282,0.5537325676784249,0.1942710898610339,0.4625636404094348,0.17112175575455563,1219
41,2,evaluate,1.7383280522895581,0.467438494934877,0.3329871126048217,0.3437984632690466,0.2907091069447353,2073
41,3,evaluate,1.2028870774166924,0.6426953567383918,0.267663098211511,0.3542338434575713,0.22886000971556583,1766
41,4,evaluate,1.901255929911578,0.3595769682726204,0.2113917623058342,0.17592541529215247,0.14410134886764164,1702
41,5,evaluate,1.7517470314222223,0.4328287606433302,0.2814593985074658,0.373665135045786,0.23293676921279563,2114
42,0,evaluate,1.4172296583652497,0.5250205086136177,0.192022471923588,0.45611036938139743,0.16517622047927039,1219
42,1,evaluate,1.7172388566864862,0.4867021276595745,0.3657739150895124,0.346867834283055,0.32565084208888173,1128
42,2,evaluate,1.8837394935113412,0.3689776733254994,0.21007406113600022,0.18321314614028386,0.14521097113488798,1702
42,3,evaluate,1.290061661175319,0.6149490373725934,0.2679024695911106,0.3500173981486291,0.2271407096498923,1766
42,4,evaluate,1.8056449855075163,0.4356669820245979,0.28162749458921316,0.3710389399711281,0.23434375221981943,2114
42,5,evaluate,1.7008564508322515,0.4910757356488181,0.3350461504021709,0.3524528726793477,0.2985702955658056,2073
43,0,evaluate,1.484478133916855,0.5184577522559475,0.191078964540707,0.4066437472185136,0.1586344689282096,1219
43,1,evaluate,1.9502714916511819,0.3595769682726204,0.20749002680135176,0.18466794601868064,0.14101046999734018,1702
43,2,evaluate,1.7213612662421331,0.4867021276595745,0.3599725448865949,0.3430503384106264,0.3205092853896421,1128
43,3,evaluate,1.662797996492097,0.49879401833092135,0.3277755335590631,0.3559205008411092,0.2984733830604215,2073
43,4,evaluate,1.3236282084669386,0.5956964892412231,0.2667624394435026,0.3472603792988357,0.22581577523804003,1766
43,5,evaluate,1.9131558221929215,0.412961210974456,0.2863793719450868,0.3607400343413002,0.23266967829865343,2114
44,0,evaluate,1.5153761506080627,0.5200984413453651,0.19157103759005975,0.4089040943480196,0.16047646328743106,1219
44,1,evaluate,1.713761654165056,0.4867021276595745,0.3530889619961301,0.3288606229268815,0.3142065485335796,1128
44,2,evaluate,1.2865601969616753,0.6109852774631936,0.26850561794448335,0.35090277420198335,0.22891473850074262,1766
44,3,evaluate,2.053003704106366,0.36133960047003527,0.20985130184290654,0.1883623251056516,0.1436870792774311,1702
44,4,evaluate,1.6521293755733606,0.5069946936806561,0.32320813455218866,0.3610109989087927,0.2989070697235342,2073
44,5,evaluate,2.0630046549965355,0.3888363292336802,0.28328674287336947,0.3547154367796321,0.2253318910581358,2114
45,0,evaluate,1.4982622921466828,0.5299425758818704,0.18711918525619237,0.31126724521584337,0.15652395349185602,1219
45,1,evaluate,2.111417876349555,0.34665099882491185,0.21109371453251743,0.1843594672596466,0.14025131521394668,1702
45,2,evaluate,1.7451997730467055,0.4787234042553192,0.34584643788842834,0.33289485411878517,0.30854584582254396,1128
45,3,evaluate,1.6835968530539311,0.5016883743367101,0.31927014003794646,0.3600668892550056,0.2961442836388391,2073
45,4,evaluate,2.1084786513272453,0.38079470198675497,0.2828772443782311,0.3576788973452626,0.22383947530077491,2114
45,5,evaluate,1.2747321597167425,0.6245753114382786,0.26768451945914995,0.3540897908254669,0.2303371732297621,1766
46,0,evaluate,1.4208148211240768,0.561115668580804,0.18217850326578455,0.3168887405429462,0.1581020315359569,1219
46,1,evaluate,1.7913979490598042,0.46897163120567376,0.34807223503176143,0.3323276516629024,0.30912983008686024,1128
46,2,evaluate,1.7559940778847896,0.48383984563434634,0.3157378281414024,0.3498958781668125,0.28793204958606167,2073
46,3,evaluate,2.050056005225462,0.39829706717123936,0.27972814786291833,0.3584010690448303,0.22552737198698242,2114
46,4,evaluate,2.1389996299037226,0.3319623971797885,0.21188251068713485,0.171548179558664,0.13837337605002611,1702
46,5,evaluate,1.261003966842379,0.6285390713476784,0.26265858486703764,0.3182570142565725,0.22332480732883955,1766
47,0,evaluate,1.326883789896965,0.5963904840032814,0.1854430449636313,0.4217952825990209,0.17012626686658697,1219
47,1,evaluate,1.8462155792448256,0.46631205673758863,0.3575699833718928,0.33486002724732133,0.31354439484095503,1128
47,2,evaluate,2.1475663273422807,0.318448883666275,0.2087571103262385,0.16200761705009514,0.13513113112445632,1702
47,3,evaluate,1.9561389632084791,0.4210028382213813,0.26987784936872894,0.3684216531232806,0.22163245617885147,2114
47,4,evaluate,1.2683727613517217,0.6262740656851642,0.2623656403256815,0.3485445497619521,0.22281144367643227,1766
47,5,evaluate,1.8432539123477358,0.4602026049204052,0.31797464540684717,0.33739236699749825,0.2790903996315478,2073
48,0,evaluate,2.156967794453656,0.3137485311398355,0.2058364326455516,0.1420591620168276,0.12873140956961238,1702
48,1,evaluate,1.9017141804550632,0.4558610709117221,0.3229508215533789,0.33203532873054853,0.2769988474593662,2073
48,2,evaluate,1.9068698088328044,0.44592198581560283,0.354238074133095,0.3396557704540351,0.3055163524155127,1128
48,3,evaluate,1.2574189186096192,0.6144380639868745,0.17810263842042098,0.32414441477525596,0.1604095558971987,1219
48,4,evaluate,1.2904168707983834,0.622876557191393,0.2600776588546834,0.3468758886900903,0.21994139129448476,1766
48,5,evaluate,1.921187747927273,0.42999053926206243,0.269516718318791,0.370830809481804,0.22229234102290735,2114
49,0,evaluate,1.960587786303626,0.44858156028368795,0.3595448065453398,0.3421792201747298,0.30847286113827954,1128
49,1,evaluate,1.3067108328853334,0.6109852774631936,0.2599870345015636,0.34443435369274455,0.21848753880433894,1766
49,2,evaluate,2.1001230036770857,0.32314923619271446,0.2055941087525827,0.14198717299518004,0.12969124252933972,1702
49,3,evaluate,1.2721485525369645,0.6045939294503692,0.17822496998962978,0.32223587004895415,0.15890259331028167,1219
49,4,evaluate,1.9396348360813025,0.4573082489146165,0.3243296009600062,0.3326207139193935,0.2778958603664832,2073
49,5,evaluate,1.946455652222914,0.42857142857142855,0.2674347221137455,0.36034530856954006,0.2202278497038001,2114
50,0,evaluate,1.388602966070175,0.5709598031173093,0.18698311390831415,0.33682265242545617,0.16239313936194977,1219
50,1,evaluate,1.2999034758125032,0.6098527746319365,0.26135511144258655,0.346841311147316,0.22179702629384207,1766
50,2,evaluate,2.0355039128550776,0.3501762632197415,0.20841643406464402,0.15565419774416048,0.1385244931501955,1702
50,3,evaluate,2.0341875693377327,0.4120151371807001,0.2681758321277597,0.34642195319953006,0.21615216341024296,2114
50,4,evaluate,1.9561448097229004,0.4601063829787234,0.36460560871795256,0.3344210730616653,0.3143178350001876,1128
50,5,evaluate,1.9451973510510994,0.46888567293777134,0.3273299871405553,0.3430451842899612,0.285580639146856,2073
51,0,evaluate,1.9990122318267822,0.37309048178613397,0.20897207367795603,0.16441991227804462,0.14436071002562673,1702
51,1,evaluate,1.5865312278270722,0.5045118949958983,0.19348989439943523,0.47577525589675124,0.1692711642096552,1219
51,2,evaluate,1.982712169488271,0.4787234042553192,0.37773302918298657,0.35190942451759655,0.3250421637742228,1128
51,3,evaluate,1.9449720454938484,0.4785335262904004,0.3286022812760391,0.33036970541483324,0.288497806664447,2073
51,4,evaluate,2.1326190934461704,0.4087038789025544,0.27837622107640725,0.33838094196502877,0.2220179584873742,2114
51,5,evaluate,1.2940639150994164,0.6206115515288788,0.26363025213130037,0.35302185511854395,0.22933424546130993,1766
52,0,evaluate,1.7214945733547211,0.47990155865463496,0.1954555882637254,0.37221851357365376,0.16608484529127138,1219
52,1,evaluate,2.002753257751465,0.4698581560283688,0.3739213335328391,0.34014241064859874,0.31559677197369834,1128
52,2,evaluate,1.3014193347522192,0.6257078142695357,0.26568214505400234,0.3553848447915747,0.2333171462609978,1766
52,3,evaluate,2.0262661245134144,0.3795534665099882,0.2098358988695075,0.17064529678010582,0.14637926244305957,1702
52,4,evaluate,1.923555193525372,0.47998070429329476,0.32433570874265305,0.3292588004229321,0.2876905264959325,2073
52,5,evaluate,2.1818189515787014,0.40397350993377484,0.2847803402557324,0.3543304523539605,0.2251122170007498,2114
53,0,evaluate,1.9875522520807054,0.4671985815602837,0.36825134072604193,0.32838044829898044,0.31317939066211375,1128
53,1,evaluate,2.072675188382467,0.37309048178613397,0.20865572264303536,0.18826726404431438,0.14514600056748053,1702
53,2,evaluate,1.708379089832306,0.4725184577522559,0.19903527630731657,0.3699848687138406,0.16969401595469835,1219
53,3,evaluate,2.120615361367955,0.4195837275307474,0.2906542249212424,0.362480460500352,0.2346541089410628,2114
53,4,evaluate,1.905653957164649,0.48383984563434634,0.32511652501399524,0.32921015118742014,0.28994489409403706,2073
53,5,evaluate,1.3652125873735972,0.6143827859569649,0.2640831350704239,0.3540239719016035,0.2298005671245619,1766
54,0,evaluate,1.6186003357172012,0.5036915504511895,0.19625273672687465,0.2755542946150423,0.166007569067034,1219
54,1,evaluate,1.962479485405816,0.48404255319148937,0.37272066908180623,0.3531812829580822,0.3255786599167319,1128
54,2,evaluate,1.4279031881264277,0.5922989807474519,0.261963939164495,0.34732021893347603,0.22344328629503646,1766
54,3,evaluate,1.9208287072904182,0.47756874095513746,0.3255281794410451,0.3262561190364968,0.2877051122402599,2073
54,4,evaluate,2.109256894500167,0.3601645123384254,0.20523520671488069,0.16702443298970326,0.1383046008162249,1702
54,5,evaluate,1.9944757468560164,0.445600756859035,0.2938754937693999,0.3576159196113988,0.24153672073070878,2114
55,0,evaluate,1.4872345626354218,0.5283018867924528,0.19649433686518086,0.2778767245215843,0.16913994966626547,1219
55,1,evaluate,1.9295410447650485,0.4849290780141844,0.3690486123665442,0.3329749339006492,0.32466319249057,1128
55,2,evaluate,1.432716314281736,0.5922989807474519,0.2620420180845162,0.3453261814452896,0.22074945026619455,1766
55,3,evaluate,2.155644509527418,0.33783783783783783,0.20656086851412722,0.17030595524281292,0.1344698455200639,1702
55,4,evaluate,1.9003816667725058,0.46121097445600756,0.29419331235891627,0.35910239948214634,0.2465909385194089,2114
55,5,evaluate,1.945282473708644,0.4717800289435601,0.3265399411287671,0.3389339703233235,0.2871963182688589,2073
56,0,evaluate,1.404015478491783,0.5594749794913864,0.19423358030032986,0.2637839341344014,0.16716490238026516,1219
56,1,evaluate,1.9213589628537495,0.48847517730496454,0.3642141610547528,0.3333254430020274,0.3248750653213558,1128
56,2,evaluate,1.4186407497950964,0.5985277463193658,0.26301514927138336,0.343081872000407,0.21831376267627775,1766
56,3,evaluate,1.9628402681061716,0.4655089242643512,0.32323421744681696,0.33378906239636646,0.28304065758271546,2073
56,4,evaluate,2.207616991466946,0.3096357226792009,0.20292094777367878,0.1493889482245942,0.12626685331516302,1702
56,5,evaluate,1.8894559951389538,0.4616840113528855,0.29199764755142615,0.36688665793909914,0.24655836463073286,2114
57,0,evaluate,1.3739524006843566,0.5758818703855619,0.18150626819642812,0.19719848687138405,0.15064457350470728,1219
57,1,evaluate,1.928026364909278,0.48936170212765956,0.35887201358041243,0.34384202104616,0.32440339816211977,1128
57,2,evaluate,1.4021067981209074,0.6053227633069083,0.26668709559025533,0.34324421649604,0.2193615997833734,1766
57,3,evaluate,1.979568387522842,0.4630969609261939,0.3196626845947671,0.3338686244114123,0.2808601947094418,2073
57,4,evaluate,1.9850914636079002,0.4441816461684011,0.2810880950608596,0.36676961550740933,0.2353644142926091,2114
57,5,evaluate,2.2147655928576433,0.31786133960047,0.20426340091609668,0.14030361131518215,0.1285547410441154,1702
58,0,evaluate,1.3612010061740876,0.5914684167350287,0.18018057448996677,0.20026257231864708,0.15128561271167285,1219
58,1,evaluate,1.958800388707055,0.499113475177305,0.364652385280949,0.34905875754268617,0.3299044862731349,1128
58,2,evaluate,1.3941021135875158,0.6206115515288788,0.2683259001862452,0.34784678029609684,0.22355642260922073,1766
58,3,evaluate,2.003229448289582,0.47563917028461167,0.32255910707739616,0.34193184209146105,0.2869538650204953,2073
58,4,evaluate,2.2428247178042375,0.3172737955346651,0.20624955413468044,0.14553377393820108,0.13185667430706255,1702
58,5,evaluate,2.1431529311572803,0.4096499526963103,0.27570729899413604,0.36922882788976824,0.22353452422604464,2114
59,0,evaluate,2.245005386847037,0.3219741480611046,0.20837613719776676,0.1476191137672583,0.13422863911513647,1702
59,1,evaluate,1.4047618076205253,0.5922887612797375,0.1792105815475839,0.2002105028927459,0.15048784314840885,1219
59,2,evaluate,2.0243845052189298,0.4929078014184397,0.3619264620096231,0.34579132702980075,0.32642943738557895,1128
59,3,evaluate,2.253885856446098,0.3869441816461684,0.27259710735528975,0.3710628926569252,0.2183733311743871,2114
59,4,evaluate,2.045420043396227,0.47129763627592863,0.32104178711179504,0.3406296018409507,0.2853421092987182,2073
59,5,evaluate,1.3668493096317564,0.6262740656851642,0.26767264760981935,0.34999102670354054,0.225905063136421,1766
60,0,evaluate,2.3225092782693753,0.3784295175023652,0.2742216550825213,0.35129707914879704,0.21567484818323593,2114
60,1,evaluate,2.1032888094584146,0.48226950354609927,0.36357127678836515,0.35256864263617904,0.32327698335249355,1128
60,2,evaluate,2.2208175085209034,0.3337250293772033,0.20832484284067862,0.17312855185478365,0.13713973279395433,1702
60,3,evaluate,1.518834187090397,0.5676784249384742,0.1830653419038601,0.24743346684468176,0.15396069086409345,1219
60,4,evaluate,1.3454194984265737,0.6336353340883352,0.26817833329680896,0.3540085219766675,0.23015752917393878,1766
60,5,evaluate,2.0653293024409902,0.47660395561987456,0.31890662287285637,0.3432776882893881,0.28618785196885943,2073
61,0,evaluate,2.1667453580432467,0.4574468085106383,0.3601409824603342,0.3420988586563842,0.3101823574189422,1128
61,1,evaluate,2.32026527559056,0.38174077578051085,0.2778838357910614,0.3500880678385199,0.21933291643247005,2114
61,2,evaluate,1.6625556886196136,0.5250205086136177,0.17952004748644443,0.24051424121050288,0.14657213244918443,1219
61,3,evaluate,1.3659977572304862,0.6245753114382786,0.2685568476045247,0.35404065769588805,0.23131780754045828,1766
61,4,evaluate,2.1080798344178633,0.48094548962855765,0.3220161062287146,0.3469653890132747,0.2888963955219892,2073
61,5,evaluate,2.1723715905789978,0.3519388954171563,0.20687005516467788,0.1575201003883493,0.13771796657856916,1702
62,0,evaluate,1.749448338150978,0.5094339622641509,0.1751399643687793,0.18858032932799287,0.1390350368051783,1219
62,1,evaluate,2.2059731814596386,0.44769503546099293,0.35610343807058015,0.3371845830922795,0.30382577174065345,1128
62,2,evaluate,2.2739455068812653,0.38930936613055817,0.28309906106599725,0.3551199949310257,0.2252872487563046,2114
62,3,evaluate,1.4510398038796015,0.6058890147225368,0.2687837996497945,0.3511120088146963,0.2294910121417047,1766
62,4,evaluate,2.15105732643243,0.47129763627592863,0.3209933003107925,0.3258247344888662,0.2835009265181119,2073
62,5,evaluate,2.117634817405983,0.363689776733255,0.2060986200440861,0.16106923473180687,0.13910929398655403,1702
63,0,evaluate,2.2373637093438044,0.44680851063829785,0.3598832659509085,0.3367188219759026,0.3050788047220955,1128
63,1,evaluate,2.16667758696007,0.46888567293777134,0.3188082626061613,0.3266830725313092,0.2815078134018838,2073
63,2,evaluate,1.7561892509460448,0.505332239540607,0.1795826855953976,0.20787939474855363,0.146955940861168,1219
63,3,evaluate,1.5708040680204118,0.5815402038505096,0.2644006950637732,0.3116779793896381,0.21848769208218832,1766
63,4,evaluate,2.09445560420001,0.36603995299647474,0.2070024268246732,0.1619833079628334,0.13974991230136075,1702
63,5,evaluate,2.185975688345292,0.40255439924314096,0.28817399645313574,0.3495372958257226,0.22727923478091006,2114
64,0,evaluate,2.092882006256669,0.3595769682726204,0.20430425714008615,0.16456635331574976,0.13642718072412174,1702
64,1,evaluate,1.6230562840189253,0.5702151755379389,0.2635016048707397,0.30872557788484156,0.21565611307883742,1766
64,2,evaluate,2.159932887915409,0.47756874095513746,0.3215452321279389,0.3299759325210604,0.28515583007867884,2073
64,3,evaluate,2.243561930126614,0.4441489361702128,0.3600534954049272,0.33699980982818467,0.3042853728136354,1128
64,4,evaluate,1.7583345413208007,0.5012305168170632,0.18113916386530643,0.2064508233199822,0.14750193876915343,1219
64,5,evaluate,2.1488136473823998,0.40728476821192056,0.2976939781432783,0.36228283729368715,0.23291698592901722,2114
65,0,evaluate,2.212265067630344,0.4530141843971631,0.3569883921274539,0.34249637930397975,0.30732320462706214,1128
65,1,evaluate,1.7559264451265335,0.5028712059064807,0.18802067452286803,0.30589207832665777,0.15711593203241309,1219
65,2,evaluate,2.1817918805515064,0.4077578051087985,0.29986947387595003,0.3738588008687466,0.23659589569956158,2114
65,3,evaluate,1.5697216987609863,0.5917327293318233,0.2672023863324321,0.3464317217335272,0.22411505101085805,1766
65,4,evaluate,2.141645219590929,0.34312573443008226,0.20082939549706622,0.15899045072265477,0.13155032334401748,1702
65,5,evaluate,2.1400099848255967,0.482392667631452,0.3228650524004497,0.3327691697497815,0.28793616156815294,2073
66,0,evaluate,1.5135634796960014,0.6041902604756512,0.2674355055023124,0.3485912410679771,0.2256162572610803,1766
66,1,evaluate,2.1592701408598156,0.475177304964539,0.3587850017337299,0.34968161710927037,0.31752926782730123,1128
66,2,evaluate,2.213066255604779,0.33783783783783783,0.20188429529387014,0.15759974693975567,0.13027740283465478,1702
66,3,evaluate,1.7445588797330855,0.5151763740771124,0.18776055946256862,0.3073066310636404,0.15541914563965167,1219
66,4,evaluate,2.2352810852667866,0.40728476821192056,0.29683463721094033,0.37857466483958346,0.23687910286434782,2114
66,5,evaluate,2.127661690567479,0.4867342016401351,0.3196761960839262,0.3347466932662487,0.28899035745851254,2073
67,0,evaluate,1.4519815338509423,0.6206115515288788,0.266553310993436,0.3508767062709507,0.22773881036697477,1766
67,1,evaluate,2.2732354314238936,0.327262044653349,0.20303582598987294,0.16649316629678412,0.1307676016607158,1702
67,2,evaluate,2.1406407091352673,0.4734042553191489,0.3524643213826996,0.33185953941785906,0.313839632544945,1128
67,3,evaluate,1.7034028962254524,0.5258408531583265,0.18499004063279975,0.30882532265242546,0.15392089474190626,1219
67,4,evaluate,2.1325306603402803,0.48625180897250364,0.3210685390906495,0.3321336491242892,0.28869294764650466,2073
67,5,evaluate,2.2508000854183647,0.40491958372753073,0.28071734967566453,0.36307632043436744,0.22553242474868407,2114
68,0,evaluate,2.163401742776235,0.4716312056737589,0.3571049979548368,0.3319639652386618,0.31674683475629645,1128
68,1,evaluate,2.319605231285095,0.31492361927144535,0.20300913292817363,0.16192733471554202,0.12686960348572907,1702
68,2,evaluate,2.1664437597448174,0.4732272069464544,0.31791843557985977,0.3265216776185354,0.28430068470459835,2073
68,3,evaluate,1.4234191413436617,0.6240090600226501,0.2669620068652955,0.35076571361134146,0.22775781688490165,1766
68,4,evaluate,2.20997517599779,0.4210028382213813,0.28122767945757815,0.3762055491549162,0.2322611255656745,2114
68,5,evaluate,1.6462619423866272,0.5266611977030353,0.18771921558773336,0.32781197151757896,0.15862691158763315,1219
69,0,evaluate,2.343893885612488,0.318448883666275,0.20664699924581345,0.17861239210542548,0.13185459777095504,1702
69,1,evaluate,1.4276613465377264,0.622876557191393,0.26733652150022114,0.3507821843905351,0.22678663456686526,1766
69,2,evaluate,2.2065340214305453,0.46808510638297873,0.3610693471006794,0.33746619521531346,0.3194058075323468,1128
69,3,evaluate,1.6001336812973022,0.5414273995077933,0.18594191379417563,0.32923920783266575,0.1601706474313426,1219
69,4,evaluate,2.2305456508289683,0.4630969609261939,0.32081477055743984,0.3198779539586827,0.2809743842552419,2073
69,5,evaluate,2.158193388405968,0.43755912961210974,0.2808152140860019,0.38608830165973024,0.23717609442100046,2114
70,0,evaluate,1.58476170450449,0.5504511894995898,0.18804861573077092,0.33086203827325317,0.1632187208842261,1219
70,1,evaluate,2.2616224818759494,0.4671985815602837,0.36174840413536624,0.34952177363952697,0.3186817929730573,1128
70,2,evaluate,2.2880252852584375,0.45393150024119633,0.32065192468636317,0.31512274807110174,0.2772366757488377,2073
70,3,evaluate,1.4661166838237218,0.6149490373725934,0.2662082167179173,0.349016175703701,0.2246342305415115,1766
70,4,evaluate,2.1722947359085083,0.43945127719962157,0.28196702119465467,0.3884407641134585,0.23972015668181584,2114
70,5,evaluate,2.333063346368295,0.3125734430082256,0.20526916096622955,0.16328740351333065,0.12775342300487344,1702
71,0,evaluate,1.6430550709366798,0.5373256767842494,0.1893410811656387,0.32764174454828654,0.16205777539405858,1219
71,1,evaluate,2.3200756311416626,0.46631205673758863,0.36035677258027876,0.33841985614442815,0.31758692518980425,1128
71,2,evaluate,2.3638195232911543,0.44235407621804146,0.31481440818345713,0.3099992724604123,0.26955330685683243,2073
71,3,evaluate,2.282968039865847,0.33607520564042304,0.20647272954486465,0.1630186247814372,0.13538803610719322,1702
71,4,evaluate,2.2048627190730152,0.4389782403027436,0.28307567541592815,0.3826376664731095,0.23887487930201262,2114
71,5,evaluate,1.4973525873252325,0.6024915062287656,0.26461305575132565,0.34725916524261236,0.22317292450685397,1766
72,0,evaluate,1.567551233938762,0.5843714609286523,0.2629269870661985,0.309135766224724,0.21718795245082373,1766
72,1,evaluate,2.4040241530447295,0.44862518089725034,0.319586112924783,0.31417301656688246,0.2738696051661292,2073
72,2,evaluate,2.364660918712616,0.47074468085106386,0.36471762864609125,0.3428950929982154,0.3206779589940106,1128
72,3,evaluate,1.716634601354599,0.5258408531583265,0.18421876435223458,0.3061230529595016,0.1548774688133819,1219
72,4,evaluate,2.2018400651437267,0.35781433607520563,0.2055948644323331,0.17019661042578524,0.1412810933997982,1702
72,5,evaluate,2.268074978800381,0.42336802270577106,0.28322439593387677,0.3743654537632838,0.2334410873503955,2114
73,0,evaluate,2.372865769598219,0.4645390070921986,0.3650271155836512,0.32609023878135096,0.3165479404672122,1128
73,1,evaluate,1.7836457550525666,0.5127153404429861,0.1807302394789604,0.3044227859368046,0.15128835639602622,1219
73,2,evaluate,2.4184692122719507,0.4544138929088278,0.32102322322098287,0.31595105954457453,0.27622081026980366,2073
73,3,evaluate,1.5892851480415888,0.5877689694224235,0.26186162377728356,0.310334606235136,0.2177924026642911,1766
73,4,evaluate,2.3931249047026917,0.39829706717123936,0.2824250667911855,0.37103794905060733,0.22759246093500426,2114
73,5,evaluate,2.153550421750104,0.37485311398354876,0.2064897749662224,0.17139801703783264,0.1461807764330732,1702
74,0,evaluate,2.3742328021261425,0.46365248226950356,0.3628135418037943,0.33514813893521056,0.3157274556958706,1128
74,1,evaluate,1.8145557656884193,0.5159967186218212,0.1755952208367745,0.28787805963506896,0.14550883920746935,1219
74,2,evaluate,1.567732857806342,0.6024915062287656,0.2633573398389842,0.3139423269945264,0.22117144948744313,1766
74,3,evaluate,2.165814748516789,0.36603995299647474,0.20820478267642936,0.18958295803727826,0.14709204323618302,1702
74,4,evaluate,2.4076065944902822,0.46357935359382535,0.32248463822259643,0.3245714205103307,0.28278554680649676,2073
74,5,evaluate,2.4678809826864914,0.3855250709555345,0.28629562447671986,0.3825753370572539,0.22752127720277732,2114
75,0,evaluate,2.380245281590356,0.46897163120567376,0.35819644102151027,0.34890582481273447,0.3163242400622088,1128
75,1,evaluate,2.249094186005769,0.3507638072855464,0.2063122966271628,0.1853248334859456,0.14173233175930489,1702
75,2,evaluate,1.8318391799926759,0.5077932731747334,0.1757992195070847,0.28704761904761905,0.1441843895806663,1219
75,3,evaluate,1.525002890399524,0.6206115515288788,0.26411590789118,0.3190817367341018,0.2252823330911447,1766
75,4,evaluate,2.392469709569758,0.47563917028461167,0.321499457700184,0.32791440981437636,0.2844227805016183,2073
75,5,evaluate,2.4897077442968594,0.379848628192999,0.2882099937603523,0.3565133824437622,0.22509063287080747,2114
76,0,evaluate,2.3740469217300415,0.4734042553191489,0.3579113681216134,0.3477216874337887,0.3172309830247649,1128
76,1,evaluate,1.49102840253285,0.6342015855039638,0.2646668641379934,0.32238721857064273,0.22775884363551152,1766
76,2,evaluate,2.382724227327289,0.48383984563434634,0.3215953402370747,0.33103812348254935,0.2875936274420372,2073
76,3,evaluate,2.3514361337379173,0.33137485311398357,0.2039023551661538,0.15579274585571573,0.13097857139950198,1702
76,4,evaluate,2.4579953770427143,0.39072847682119205,0.2853892902607226,0.358058071272357,0.22558596140266554,2114
76,5,evaluate,1.836291927099228,0.5159967186218212,0.18281489164317405,0.30860569648420116,0.15406218311245506,1219
77,0,evaluate,2.3635151584943137,0.4858156028368794,0.364909082262815,0.3585315129372713,0.3266100885608131,1128
77,1,evaluate,1.5018620661326818,0.6274065685164213,0.26634003443070065,0.3531249670076482,0.2300073404573677,1766
77,2,evaluate,1.846745455265045,0.5159967186218212,0.18264732575272752,0.30793012906097017,0.1530471264075113,1219
77,3,evaluate,2.42795869094484,0.3978240302743614,0.28290150368087386,0.35735780335689926,0.22493512620922756,2114
77,4,evaluate,2.4472188154856362,0.3207990599294947,0.20380736052077836,0.15297567375982293,0.1270326078360277,1702
77,5,evaluate,2.36591734308185,0.48818137964302943,0.32356547707549177,0.3336066540382937,0.2906802903282883,2073
78,0,evaluate,2.381140695677863,0.4769503546099291,0.3641210914713423,0.35196344340852875,0.32274765035752095,1128
78,1,evaluate,2.5262608528137207,0.3125734430082256,0.20434111065960017,0.16496307226717866,0.127385787305072,1702
78,2,evaluate,2.395918889957316,0.413434247871334,0.2846169639708581,0.36364865106546845,0.23151779741639053,2114
78,3,evaluate,2.3835604985555015,0.48625180897250364,0.3221573705871728,0.3298650699774718,0.2886863833086521,2073
78,4,evaluate,1.5251026792185647,0.6296715741789355,0.2659964667175513,0.35345348077460326,0.22965011901933266,1766
78,5,evaluate,1.867916825413704,0.5151763740771124,0.18474785895195117,0.3074755229194482,0.15309170551248352,1219
79,0,evaluate,2.4003431730800204,0.4787234042553192,0.3599039002584707,0.34952619211602626,0.3213543065683897,1128
79,1,evaluate,2.5357159508599176,0.3119858989424207,0.2047769174056567,0.1659505662104356,0.12693813958466396,1702
79,2,evaluate,1.8678556948900222,0.5283018867924528,0.18714100805879688,0.2296824655095683,0.1568570746712564,1219
79,3,evaluate,2.3366823932703804,0.42857142857142855,0.2831901971809041,0.36412548062367234,0.23408654685280927,2114
79,4,evaluate,1.5992602982691355,0.6200453001132503,0.2659813907108061,0.35078885920683467,0.22738928025097588,1766
79,5,evaluate,2.398200410785097,0.4737095996140859,0.31903578238877783,0.3232746143581009,0.2831971462791695,2073
80,0,evaluate,2.4687071243921914,0.4671985815602837,0.35729221627073365,0.3416803838223495,0.31602045720164984,1128
80,1,evaluate,1.872195503115654,0.5258408531583265,0.18689037474083783,0.22882532265242544,0.1562486370663942,1219
80,2,evaluate,1.6696171462535858,0.6002265005662514,0.2639635720440077,0.34562518641652573,0.22281157601187296,1766
80,3,evaluate,2.4568924976117685,0.4703328509406657,0.3254797535480375,0.32173624822630337,0.28438462397431613,2073
80,4,evaluate,2.2727552932851456,0.4474929044465468,0.285574332537078,0.36503318071401253,0.23896268489993303,2114
80,5,evaluate,2.464981759036029,0.3190364277320799,0.20371664509112292,0.15270396124073726,0.12678455292892002,1702
81,0,evaluate,2.5478252900971308,0.46099290780141844,0.35632352511933896,0.33967299031565445,0.3131514335990567,1128
81,1,evaluate,1.8598603457212448,0.51681706316653,0.18365711271528987,0.22669581664441477,0.15170749956682572,1219
81,2,evaluate,1.7390539986746651,0.5815402038505096,0.2617892102342133,0.34140117195315234,0.21842887255727525,1766
81,3,evaluate,2.3691409958733454,0.3354876615746181,0.2045151736844258,0.15683848139766332,0.13140032891022466,1702
81,4,evaluate,2.2611292162362266,0.45364238410596025,0.2836573648128423,0.36361303534450007,0.23787076122077516,2114
81,5,evaluate,2.527993285294735,0.4582730342498794,0.3257526486314375,0.33183343904595786,0.2809806491520003,2073
82,0,evaluate,2.6092184715800815,0.4583333333333333,0.3555707179526911,0.33968485927803566,0.3112828057761491,1128
82,1,evaluate,2.307192581541398,0.43661305581835386,0.2800318406890972,0.35588605639509796,0.2301965772444988,2114
82,2,evaluate,2.568371902812611,0.4548962855764592,0.32251335009294907,0.3291424206191046,0.27760189553487413,2073
82,3,evaluate,2.32437770013456,0.34430082256169214,0.2059405046850486,0.16020384308634716,0.1338579130726161,1702
82,4,evaluate,1.829478171467781,0.5061525840853158,0.17748121912428477,0.20478727191811305,0.14347841760507074,1219
82,5,evaluate,1.753469773701259,0.5747451868629672,0.25786957154326745,0.3051656795978238,0.2119391296212611,1766
83,0,evaluate,2.6385181413756476,0.4583333333333333,0.3600810096775369,0.34106842086239925,0.31311149482500983,1128
83,1,evaluate,1.7468336990901403,0.5838052095130238,0.259363958488141,0.3077363944153065,0.21469052001344693,1766
83,2,evaluate,2.2861923509173923,0.3501762632197415,0.20585283501912768,0.1616384343062199,0.1351070707171205,1702
83,3,evaluate,1.8137045502662659,0.5192780968006563,0.18436409769305695,0.3070462839341344,0.15900889127374276,1219
83,4,evaluate,2.584179679552714,0.456825856246985,0.32235579792654007,0.31459556655946425,0.27774054203556825,2073
83,5,evaluate,2.346157859353458,0.4224219489120151,0.27882000659961015,0.3544594720318047,0.22737591669651716,2114
84,0,evaluate,1.8038310378789901,0.5283018867924528,0.1834193657219973,0.3085002225189141,0.15949702543047167,1219
84,1,evaluate,1.703841405255454,0.5973952434881087,0.2609278852135995,0.31049229580985943,0.21712957565440189,1766
84,2,evaluate,2.2939878790466874,0.3601645123384254,0.20437636932289718,0.16488019160049716,0.13769987041494683,1702
84,3,evaluate,2.6337632735570273,0.4592198581560284,0.3604763549587194,0.3288215176331354,0.3112934541732442,1128
84,4,evaluate,2.569493543017994,0.46164978292329956,0.3248749935916292,0.3158926681152153,0.2787912614217897,2073
84,5,evaluate,2.392324338941013,0.40728476821192056,0.2750346465823725,0.34806079685916935,0.2212082109647871,2114
85,0,evaluate,1.7802465796470641,0.5406070549630845,0.18355187111419205,0.3092392078326658,0.15890400237440555,1219
85,1,evaluate,2.5898481011390686,0.4698581560283688,0.364136163702299,0.3355556314608988,0.3173682271407921,1128
85,2,evaluate,2.3140417867236667,0.35663924794359575,0.2039745745753792,0.16299976980422684,0.13679739535476032,1702
85,3,evaluate,1.6518295833042689,0.6155152887882219,0.2624591446032133,0.3148492344721118,0.22085601273640676,1766
85,4,evaluate,2.5393583991310815,0.46502653159671975,0.32298342772530425,0.32041834240563977,0.28036246647473506,2073
85,5,evaluate,2.4646039535017574,0.41012298959318827,0.2796267693196758,0.35623110531519214,0.22620873270452552,2114
86,0,evaluate,2.539938257800208,0.4796099290780142,0.36683074138280225,0.3406818966353738,0.322123203636345,1128
86,1,evaluate,1.8352178543806077,0.5242001640689089,0.1829259664053018,0.305551624388073,0.1527211913072886,1219
86,2,evaluate,2.32054391613713,0.35311398354876616,0.20265150275165905,0.16256073044412547,0.1349982889301578,1702
86,3,evaluate,1.5906807056495122,0.6268403171007928,0.26495565970874013,0.3177097572240303,0.22416084822922455,1766
86,4,evaluate,2.517789461395957,0.46406174626145685,0.3227406920842394,0.32490265714191835,0.28239003231177734,2073
86,5,evaluate,2.5345223160351025,0.39214758751182593,0.28029015713798827,0.35178014881360264,0.22155040607756898,2114
87,0,evaluate,2.493437773651547,0.4946808510638298,0.3707639282244437,0.34832793236605697,0.328868698585977,1128
87,1,evaluate,2.3363948221559876,0.35311398354876616,0.20110251738641569,0.16137654137496066,0.13356910315921225,1702
87,2,evaluate,1.9058773308992385,0.51681706316653,0.18275973559035352,0.30416243880729865,0.14950764203669073,1219
87,3,evaluate,2.5849712245604572,0.38079470198675497,0.2775349403531332,0.34355302888304695,0.21566487471295961,2114
87,4,evaluate,1.5696423990385873,0.622876557191393,0.26725605971674427,0.35137483827593197,0.22805034891403914,1766
87,5,evaluate,2.51601991147706,0.46695610226724554,0.31603584926434547,0.32878778894699,0.28169100773256844,2073
88,0,evaluate,1.9452297538518906,0.5020508613617719,0.17617286913437957,0.2826831330663106,0.14069604237901692,1219
88,1,evaluate,2.3644081309989646,0.34782608695652173,0.20067078412510955,0.15697317208011458,0.13131860114451258,1702
88,2,evaluate,2.497965031199985,0.4920212765957447,0.36245400538129946,0.3357622393828513,0.3251808587760485,1128
88,3,evaluate,2.5736244355931,0.3760643330179754,0.2747501959076611,0.34162306968726497,0.21354966818619775,2114
88,4,evaluate,1.5901610489402498,0.6211778029445073,0.2690562894734889,0.35244367642300445,0.22927192106117228,1766
88,5,evaluate,2.527877952113296,0.46406174626145685,0.31375187255068193,0.3289277056258504,0.28090489846345107,2073
89,0,evaluate,2.386722034878201,0.33666274970622795,0.1997169858411661,0.15599926056945002,0.12850001560910446,1702
89,1,evaluate,1.6304769047669,0.6132502831257078,0.2683385877944399,0.34980533780135936,0.22656842633589208,1766
89,2,evaluate,2.551142591418642,0.46357935359382535,0.31324497531630263,0.3251166246979384,0.27989917581760004,2073
89,3,evaluate,1.9667386621236802,0.5004101722723544,0.17556256166342488,0.20396951490876725,0.14005811613065006,1219
89,4,evaluate,2.469899931374718,0.391674550614948,0.2744958675231639,0.3451980441483154,0.21663384414435924,2114
89,5,evaluate,2.5403181115786233,0.4849290780141844,0.3655036463098138,0.3289668941904032,0.3234029044173699,1128
90,0,evaluate,2.6064461867014566,0.48404255319148937,0.36505860017750524,0.34069319094900113,0.3247528852806909,1128
90,1,evaluate,1.9710619121789932,0.5020508613617719,0.17611157533039623,0.20454094348019583,0.14236248385097733,1219
90,2,evaluate,2.4185116070288197,0.33137485311398357,0.1998896294424252,0.15472569994539048,0.12757472092161273,1702
90,3,evaluate,1.6757802196911402,0.5968289920724802,0.26893041842478016,0.34507419310725934,0.22376079107776353,1766
90,4,evaluate,2.5571706475633564,0.46792088760250844,0.3199661696800657,0.322825785696837,0.28170512832676825,2073
90,5,evaluate,2.422746847657596,0.4105960264900662,0.27381041806424833,0.35298479617738204,0.22080006964026677,2114
91,0,evaluate,1.7094793979610716,0.5883352208380521,0.2670884843553205,0.3423766137770677,0.22119967884759434,1766
91,1,evaluate,2.6455538670221963,0.4769503546099291,0.36461407538161383,0.336607638902776,0.32187551660546126,1128
91,2,evaluate,1.9827599942684173,0.49548810500410173,0.17687843284685703,0.20360636404094348,0.14193656127348553,1219
91,3,evaluate,2.46054830816057,0.33490011750881316,0.20013533674339298,0.15619612068572247,0.12918733813154254,1702
91,4,evaluate,2.4308409690856934,0.41863765373699147,0.27534965710749065,0.3581468730428948,0.22453505199370188,2114
91,5,evaluate,2.5640767632108745,0.46164978292329956,0.31735966897067885,0.31466252469093847,0.2770440862353637,2073
92,0,evaluate,1.7885724263531821,0.571347678369196,0.2661694687380097,0.33872846270180584,0.2181601088438417,1766
92,1,evaluate,1.9983530730009078,0.5020508613617719,0.17809618345714956,0.20504761904761906,0.14437817085801535,1219
92,2,evaluate,2.6690416667196484,0.4671985815602837,0.36051836367198015,0.3303950029104386,0.3154102087892533,1128
92,3,evaluate,2.4688670811829745,0.3419506462984724,0.19938780130892222,0.15789420151780184,0.1307455469697533,1702
92,4,evaluate,2.496971614220563,0.4120151371807001,0.2769869863579765,0.35624654669410544,0.2240043216554537,2114
92,5,evaluate,2.5791543794400766,0.46599131693198265,0.31782407829378617,0.31448576573388537,0.2768826750074388,2073
93,0,evaluate,2.0151192039251327,0.505332239540607,0.18165904396503568,0.3059047619047619,0.15284766628340313,1219
93,1,evaluate,2.6784181661076016,0.4654255319148936,0.35994101303228776,0.3278589663500706,0.3136519128248524,1128
93,2,evaluate,1.846756249666214,0.5673839184597962,0.26365004608950693,0.3045886987544718,0.2137749093570902,1766
93,3,evaluate,2.529221864307628,0.41012298959318827,0.27882141576440245,0.34295609322010767,0.22203771141841547,2114
93,4,evaluate,2.608754786578092,0.46888567293777134,0.31827801399801847,0.3169444061797396,0.2784395394280131,2073
93,5,evaluate,2.446229131133468,0.3507638072855464,0.20003001159136344,0.15869256328057169,0.13315601910960073,1702
94,0,evaluate,2.0221433699131013,0.5020508613617719,0.17776180376519704,0.20470983533600356,0.14442944157826842,1219
94,1,evaluate,2.6974929438696966,0.4654255319148936,0.36053740933441497,0.33232340458982834,0.3143068864627223,1128
94,2,evaluate,2.3886605810236046,0.3683901292596945,0.20336517218112796,0.1762424469387946,0.14004123029005178,1702
94,3,evaluate,2.529828155741972,0.4162724692526017,0.28726980278092473,0.35978689100841,0.229998498418375,2114
94,4,evaluate,1.890885821410588,0.5611551528878822,0.2635920341230663,0.30370918357623244,0.21282583969058022,1766
94,5,evaluate,2.6566597692894214,0.46599131693198265,0.3174239609389021,0.3172076015336086,0.2779265790771969,2073
95,0,evaluate,2.720432380835215,0.4725177304964539,0.366086848342469,0.3383071360531501,0.3185355671154698,1128
95,1,evaluate,2.37741435457159,0.36603995299647474,0.206865411529176,0.19069581804625374,0.1414019734019734,1702
95,2,evaluate,2.0043003797531127,0.505332239540607,0.17781960531960533,0.20500823319982198,0.14433669625142942,1219
95,3,evaluate,2.500727050444659,0.41674550614947964,0.2900497582753956,0.3598908411123601,0.23074284205156753,2114
95,4,evaluate,2.692551602016796,0.462132175590931,0.3178968086985966,0.3183839998840835,0.27799242389818846,2073
95,5,evaluate,1.8492205228124345,0.5736126840317101,0.26356393164600533,0.3075134044458664,0.2152802944858892,1766
96,0,evaluate,1.9818422764539718,0.5143560295324036,0.18035516021290549,0.205617712505563,0.1456896332630188,1219
96,1,evaluate,2.730789224306742,0.46187943262411346,0.36116286547368814,0.32169724030969854,0.31213345748159005,1128
96,2,evaluate,1.8074725142547063,0.5843714609286523,0.26073909691956165,0.3105987301495419,0.2161519495128978,1766
96,3,evaluate,2.3563884320082487,0.36133960047003527,0.20562818116133172,0.18934900170032837,0.14038616081726274,1702
96,4,evaluate,2.4612382930867813,0.41674550614947964,0.28821122089646767,0.35405799305528063,0.22999298294413545,2114
96,5,evaluate,2.719274965199557,0.4602026049204052,0.32040472448058643,0.3212376933056358,0.2782629976169878,2073
97,0,evaluate,1.9667705297470093,0.5135356849876949,0.17954997205292786,0.2049942145082332,0.14447431827949814,1219
97,1,evaluate,1.7651451357773371,0.594563986409966,0.26301658321736554,0.3118555887102593,0.21792655562971244,1766
97,2,evaluate,2.415007044287289,0.4210028382213813,0.28883491536953904,0.3564738522559499,0.23161307548223845,2114
97,3,evaluate,2.742718822426266,0.450354609929078,0.35724006888988813,0.32903879383858187,0.3082181742806986,1128
97,4,evaluate,2.352920404186955,0.3619271445358402,0.2092103880021813,0.18869003018426492,0.14177357182181635,1702
97,5,evaluate,2.7395601706071333,0.4491075735648818,0.3165245596694361,0.31746619032721324,0.2742632275464506,2073
98,0,evaluate,1.9522611394524574,0.5127153404429861,0.17778230160205352,0.20420182465509568,0.1423558481032548,1219
98,1,evaluate,2.7391732268863254,0.4574468085106383,0.35910219984182945,0.3306888396759266,0.3109005346703658,1128
98,2,evaluate,1.7287343655313765,0.6036240090600227,0.2647344902120291,0.31274895584620854,0.21964404499953685,1766
98,3,evaluate,2.3554137680265637,0.36310223266745006,0.21001113807592003,0.19004347275612193,0.14327426480898994,1702
98,4,evaluate,2.735529914046779,0.44862518089725034,0.32043856747319904,0.31887397891910674,0.2766675732903668,2073
98,5,evaluate,2.3900448154000675,0.41579943235572375,0.2862867419451339,0.3551855758971491,0.2302824110219682,2114
99,0,evaluate,1.92060394436121,0.5200984413453651,0.17579209433040077,0.20542211838006227,0.14313449330363642,1219
99,1,evaluate,2.7348064039692734,0.4442836468885673,0.3195094715024699,0.3156980002559143,0.27478223278064234,2073
99,2,evaluate,2.7686422202322216,0.4583333333333333,0.3552057908394558,0.3193298195953302,0.3095807781737838,1128
99,3,evaluate,2.3898143812462136,0.3537015276145711,0.21050269852011055,0.1869627460576579,0.14165829747383474,1702
99,4,evaluate,2.3619060972157646,0.41911069063386946,0.28242807014037946,0.3569149317277708,0.2286914718462203,2114
99,5,evaluate,1.7194488133702959,0.6143827859569649,0.2665527912044942,0.34855677383729283,0.22481252792874967,1766
100,0,evaluate,2.7803228894869485,0.4627659574468085,0.3568716310916705,0.31985504117198493,0.31163133366506673,1128
100,1,evaluate,2.4420100494667336,0.3372502937720329,0.20853177514989704,0.18494956024061285,0.137601520547955,1702
100,2,evaluate,2.7105296344468086,0.4505547515677762,0.3177598251395013,0.3166444670155183,0.2752264326687631,2073
100,3,evaluate,1.9012623235583306,0.5283018867924528,0.17979159435871242,0.3071490876724522,0.15236364054838014,1219
100,4,evaluate,1.7388133236340113,0.6160815402038505,0.2674474888782821,0.3481785280146652,0.22504622469108404,1766
100,5,evaluate,2.406394015340244,0.4162724692526017,0.2775057582270723,0.3508924874304621,0.22297531730691422,2114
101,0,evaluate,1.872872845828533,0.5324036095159967,0.1804401047749163,0.3077331998219849,0.15252730791815514,1219
101,1,evaluate,2.7712943421469793,0.46187943262411346,0.35456163900048265,0.317107975004152,0.31070470495043434,1128
101,2,evaluate,1.7669747727257865,0.6109852774631936,0.2664845930448001,0.34694532547656975,0.22343235474769335,1766
101,3,evaluate,2.5089378180327238,0.327262044653349,0.20663750606692904,0.1690830732720232,0.13238953163968378,1702
101,4,evaluate,2.6728235121929282,0.45007235890014474,0.3155885307122457,0.3150874935230609,0.274179905453646,2073
101,5,evaluate,2.4825440259540783,0.4162724692526017,0.2793953918963451,0.35364193894664064,0.22513253869206432,2114
102,0,evaluate,1.818931485925402,0.5934314835787089,0.26436640957749813,0.343521977353065,0.22022554331428199,1766
102,1,evaluate,2.549844185511271,0.33137485311398357,0.2090571103123815,0.18645630547249772,0.13685282041921715,1702
102,2,evaluate,2.758142842186822,0.47074468085106386,0.35816402116402113,0.3430423241172509,0.315143714602993,1128
102,3,evaluate,1.8787714302539826,0.5373256767842494,0.18336329457941247,0.3087719181130396,0.15545857217273173,1219
102,4,evaluate,2.5881728109191444,0.40397350993377484,0.279704997772117,0.3511733003080201,0.2216943698327439,2114
102,5,evaluate,2.6345457272096113,0.462132175590931,0.31818946808559,0.3378433900120345,0.28014657262193704,2073
103,0,evaluate,2.775232050153944,0.46808510638297873,0.3592897192002451,0.3302638191738022,0.31339850302828065,1128
103,1,evaluate,2.587528012416981,0.3319623971797885,0.20640969718985688,0.17140269941875946,0.13263463528770408,1702
103,2,evaluate,1.8929427444934845,0.5340442986054142,0.1900437523153371,0.3276811303960837,0.16325653880500424,1219
103,3,evaluate,1.8299058441604887,0.5968289920724802,0.2633299806877356,0.34467572402467817,0.22110941328884165,1766
103,4,evaluate,2.6421460816354463,0.462132175590931,0.3191347582048246,0.3358740362651444,0.2798345819388141,2073
103,5,evaluate,2.6348665637128494,0.40539262062440873,0.2807350476069551,0.35119570437382375,0.22291394056763186,2114
104,0,evaluate,2.784905321068234,0.4654255319148936,0.3599227334305596,0.32772101300826856,0.3118824540250035,1128
104,1,evaluate,2.5771972205903797,0.3419506462984724,0.20708828298907425,0.18629637658653825,0.13683415717475858,1702
104,2,evaluate,2.6292192918412827,0.41579943235572375,0.28167805585770767,0.351256257085371,0.22562026030294233,2114
104,3,evaluate,1.8381359151431493,0.6019252548131371,0.26493383395973613,0.34649115315111095,0.22375967587689854,1766
104,4,evaluate,2.672434698451649,0.46599131693198265,0.320242536242672,0.334932988297939,0.2803500608595627,2073
104,5,evaluate,1.9580619990825654,0.5209187858900738,0.18827051848407345,0.32564307966177125,0.1595547114944705,1219
105,0,evaluate,2.001154589653015,0.5127153404429861,0.18793133704665227,0.3248126390743213,0.15941559465927263,1219
105,1,evaluate,1.8476899393967219,0.6053227633069083,0.2662050209601052,0.347557060860626,0.22519412635517017,1766
105,2,evaluate,2.537431006078367,0.35135135135135137,0.20833824611250193,0.1869043394686027,0.139776450661439,1702
105,3,evaluate,2.796657635105981,0.4698581560283688,0.36469411019426934,0.3322596961891758,0.3168105338130399,1128
105,4,evaluate,2.607990738223581,0.42857142857142855,0.2845949872935045,0.3605968550046308,0.2323142532180437,2114
105,5,evaluate,2.7164216366681186,0.46599131693198265,0.3173186965050625,0.334074554848832,0.27902490012474646,2073
106,0,evaluate,2.8102022144529553,0.46365248226950356,0.36466690197120616,0.3414885201756798,0.31572682770803306,1128
106,1,evaluate,2.054658916592598,0.5069729286300246,0.19148698993946364,0.324332665776591,0.16316404797626372,1219
106,2,evaluate,2.5246847338146634,0.3490011750881316,0.20754045796777834,0.1849945493874402,0.13959136981305584,1702
106,3,evaluate,2.762308546991059,0.45779064158224797,0.3151032937099597,0.3121459820937508,0.27415862064829233,2073
106,4,evaluate,1.821716547012329,0.6132502831257078,0.2643079197223337,0.34935773558919936,0.2257355030195757,1766
106,5,evaluate,2.6057363503119526,0.42762535477767266,0.2853589598514671,0.36300487287015315,0.2328752843516277,2114
107,0,evaluate,2.1109332382678985,0.4938474159146842,0.18911072181423363,0.32246350689808634,0.1604044270723218,1219
107,1,evaluate,2.8378972344928317,0.4574468085106383,0.36126212734095636,0.3388251307712483,0.3114744099291721,1128
107,2,evaluate,2.6117424228612114,0.4356669820245979,0.28854919192835393,0.3683562737296915,0.2373906322989486,2114
107,3,evaluate,2.506325130109434,0.35663924794359575,0.2095372030351647,0.188682137258115,0.14233450023367938,1702
107,4,evaluate,2.8092780257716323,0.4573082489146165,0.31408747674931903,0.3123661500625398,0.2731664365548651,2073
107,5,evaluate,1.8123675563505717,0.6109852774631936,0.2639527050295404,0.3486573391998425,0.22541027085133863,1766
108,0,evaluate,2.8442801568243237,0.46187943262411346,0.36279935702407395,0.3426201339894549,0.31569347402046044,1128
108,1,evaluate,2.0950048863887787,0.49876948318293685,0.17967929255801415,0.20322919448153093,0.14442565121539083,1219
108,2,evaluate,2.8276855331478696,0.4515195369030391,0.3143518264044223,0.31141819710180063,0.2721256881875875,2073
108,3,evaluate,1.8237429218632835,0.6126840317100792,0.2655483680413494,0.3485691967236885,0.2259507833007639,1766
108,4,evaluate,2.6040844952358917,0.43661305581835386,0.2847968705967684,0.36490181069114164,0.23413650292023838,2114
108,5,evaluate,2.49798995035666,0.3490011750881316,0.20600434207183577,0.17024848537324683,0.13601530319086208,1702
109,0,evaluate,2.8320040702819824,0.4654255319148936,0.3645970032602713,0.3446165971019534,0.3180063558848335,1128
109,1,evaluate,2.0267155349254606,0.5242001640689089,0.18498626784204333,0.2584227859368046,0.157010844595187,1219
109,2,evaluate,2.626684465829064,0.42857142857142855,0.2784237712683904,0.3611866680067404,0.22684999051859506,2114
109,3,evaluate,1.8604761298213686,0.6002265005662514,0.2655567107399087,0.344239961976856,0.22149978935414688,1766
109,4,evaluate,2.817760377219229,0.456825856246985,0.31826378215873075,0.3126576087477809,0.2742129085029321,2073
109,5,evaluate,2.480542023976644,0.3396004700352526,0.20450719545959967,0.16695637940642882,0.13362082656204616,1702
110,0,evaluate,2.0045570135116577,0.5307629204265791,0.18419504025386377,0.26003293279928796,0.1580889610096357,1219
110,1,evaluate,2.813155806425846,0.46164978292329956,0.31795867235067155,0.31649055565861517,0.27612633534551245,2073
110,2,evaluate,1.8985170764582497,0.5849377123442808,0.26563139455122775,0.34081833833670333,0.21936384375359314,1766
110,3,evaluate,2.4815327149850352,0.3490011750881316,0.20275897322181452,0.15517389893185998,0.13322214857289344,1702
110,4,evaluate,2.82093126906289,0.47074468085106386,0.3628630832037862,0.3482297502068029,0.318980735168418,1128
110,5,evaluate,2.6559769441099728,0.4224219489120151,0.2778484629855144,0.3594681646245842,0.2243116007108358,2114
111,0,evaluate,1.996273285150528,0.5291222313371616,0.18182529832581523,0.2594615042278594,0.15488968642244796,1219
111,1,evaluate,2.814574897289276,0.4778368794326241,0.3660320928740949,0.34832368000244784,0.32054778618281343,1128
111,2,evaluate,2.504401926641111,0.3419506462984724,0.20305046010978817,0.15429582021165725,0.1313345028305057,1702
111,3,evaluate,1.8968002242701394,0.5838052095130238,0.26425002534587366,0.3404201808701958,0.2179845398678947,1766
111,4,evaluate,2.676188686314751,0.41721854304635764,0.2799803131155826,0.3597051036788831,0.2248392967005076,2114
111,5,evaluate,2.8065121390602807,0.46695610226724554,0.320607816739415,0.31993131128347574,0.27975627693440125,2073
112,0,evaluate,2.821185131867727,0.4804964539007092,0.3643521067756883,0.3492840905888091,0.3213433891887026,1128
112,1,evaluate,2.509388384995637,0.34665099882491185,0.20401926477717797,0.15900673154604822,0.1333094379375084,1702
112,2,evaluate,2.020785170793533,0.5200984413453651,0.181114823173455,0.25699421450823323,0.15255709060346587,1219
112,3,evaluate,2.681077266440672,0.41579943235572375,0.28281247692667943,0.3525364508176444,0.2257484306644583,2114
112,4,evaluate,2.817254218188199,0.47081524360829713,0.32229725966012684,0.32325833349149413,0.28194687819436426,2073
112,5,evaluate,1.8877578207424708,0.5832389580973952,0.26237039896984493,0.3396582284648644,0.21726685133186727,1766
113,0,evaluate,2.0772718131542205,0.5184577522559475,0.18072389529484675,0.2572672452158433,0.15162228510553497,1219
113,1,evaluate,2.873837497499254,0.48226950354609927,0.36775099863898875,0.3537309347885868,0.3249072780163321,1128
113,2,evaluate,2.5330492522981434,0.34430082256169214,0.20477033652273802,0.17207729179675813,0.13447524751999412,1702
113,3,evaluate,2.841466910911329,0.4684032802701399,0.31514740753636666,0.32328640600953823,0.27921067533583077,2073
113,4,evaluate,1.8894786196095603,0.5849377123442808,0.260937090029993,0.3416479226482151,0.21854970982264751,1766
113,5,evaluate,2.70315115592059,0.41438032166508987,0.2846384714012492,0.35005411569516454,0.22625629977888861,2114
114,0,evaluate,2.9459874166382685,0.4671985815602837,0.3639099554012987,0.3338818063161515,0.31729566062807474,1128
114,1,evaluate,2.572568381274188,0.34606345475910694,0.20447999342920714,0.17168180989290133,0.13443129266759019,1702
114,2,evaluate,2.6898158578311695,0.42431409649952695,0.2878108653826986,0.35112391164380313,0.23067109445553538,2114
114,3,evaluate,2.8747785741632637,0.46695610226724554,0.3126866147064292,0.319787763539226,0.2769921895896316,2073
114,4,evaluate,1.8696576058864594,0.6064552661381654,0.26321064893449203,0.34819853625952796,0.22531943417538286,1766
114,5,evaluate,2.146176779270172,0.5127153404429861,0.18705984126957145,0.356332665776591,0.1634424494809746,1219
115,0,evaluate,2.9885973003175526,0.45656028368794327,0.3636996791572936,0.32953002946379534,0.31445746083242704,1128
115,1,evaluate,2.193343257904053,0.4995898277276456,0.1879812724672954,0.3536190476190476,0.15931752723987422,1219
115,2,evaluate,2.6013733678393893,0.3425381903642773,0.2043863742610897,0.16989562420614543,0.13307820546236565,1702
115,3,evaluate,2.598563527359682,0.43424787133396403,0.2849175787450606,0.35565538085881665,0.2331853982591527,2114
115,4,evaluate,2.906276666756832,0.46261456825856245,0.3146824367033596,0.31668614340142,0.27717336026967115,2073
115,5,evaluate,1.8134602691446031,0.6194790486976217,0.26286868098688754,0.3501679186839601,0.22658888542619543,1766
116,0,evaluate,3.002923369407654,0.4512411347517731,0.3630670455343967,0.3250019268327074,0.3125662771377826,1128
116,1,evaluate,1.7486963655267442,0.630237825594564,0.26370942576169454,0.3517822008812577,0.22783679596596862,1766
116,2,evaluate,2.5564137942650738,0.44370860927152317,0.2911588920746909,0.36557064120084015,0.24164572601364412,2114
116,3,evaluate,2.225779640674591,0.4946677604593929,0.18668938262407503,0.3025282599020917,0.15478687321140525,1219
116,4,evaluate,2.934766148075913,0.4534491075735649,0.31607851224800904,0.31237258414510627,0.27509750560991925,2073
116,5,evaluate,2.6235283569053367,0.32608695652173914,0.20258641353570428,0.16447252930198458,0.12843948310117825,1702
117,0,evaluate,2.5119305849075317,0.445600756859035,0.28900325239113334,0.36617556142601354,0.24050232533257213,2114
117,1,evaluate,1.7172741442918777,0.6342015855039638,0.2679150485744779,0.35294201534105873,0.23064204152297735,1766
117,2,evaluate,2.6115970699875444,0.32784958871915393,0.2016480313115633,0.16368995339151454,0.12790059641268364,1702
117,3,evaluate,2.220147317647934,0.4864643150123052,0.1841132519303978,0.30017779261237204,0.14952795292881588,1219
117,4,evaluate,2.993888881471422,0.45478723404255317,0.3589021763536634,0.3283646409978428,0.31148826697008697,1128
117,5,evaluate,2.9469471844759854,0.4409068982151471,0.31202901684890855,0.3086079616708064,0.27079561913875894,2073
118,0,evaluate,2.963183926211463,0.4574468085106383,0.35501311184106077,0.32773020094552546,0.31058749587709705,1128
118,1,evaluate,2.519050114295062,0.43945127719962157,0.2842366161106093,0.3613957067076416,0.2356206758127449,2114
118,2,evaluate,2.186218637228012,0.48482362592288764,0.17782816166091425,0.19938540275923453,0.13729718922895248,1219
118,3,evaluate,1.6982193397624152,0.6359003397508494,0.27011479937220384,0.35363230415144786,0.23118952730085277,1766
118,4,evaluate,2.931375239834641,0.44380125422093586,0.31070767580832337,0.30956644762929236,0.2703274678503518,2073
118,5,evaluate,2.599680282451488,0.3301997649823737,0.20590436097563564,0.17960728400373863,0.1324494898179946,1702
119,0,evaluate,2.9081765943103366,0.45567375886524825,0.3520758970098873,0.32764944408667873,0.3085101422206359,1128
119,1,evaluate,2.1054830849170685,0.49876948318293685,0.17748271040566238,0.20170916777926123,0.13974052856463104,1219
119,2,evaluate,1.7373911142349243,0.6194790486976217,0.26813377074437583,0.34820248755134287,0.22570402007267942,1766
119,3,evaluate,2.5346188930904163,0.4309366130558184,0.28213053922320774,0.3623076346213778,0.231571516955318,2114
119,4,evaluate,2.899235548395099,0.44573082489146165,0.3148764061603749,0.31127504322891253,0.27258363552006293,2073
119,5,evaluate,2.555664892549868,0.3372502937720329,0.20750077963780078,0.18366098549337806,0.13459787580817328,1702
120,0,evaluate,2.524212938767892,0.34430082256169214,0.20541564910024945,0.17108157494662218,0.13422465034242986,1702
120,1,evaluate,2.8811417553159924,0.4654255319148936,0.3581164234714773,0.3446002483325138,0.3147460933294119,1128
120,2,evaluate,2.0249635577201843,0.5192780968006563,0.17423229199442833,0.15474655095683132,0.13499350850081762,1219
120,3,evaluate,1.8085469007492065,0.5917327293318233,0.26800504106105844,0.3419573387124749,0.22021575813457464,1766
120,4,evaluate,2.572847354061463,0.4205298013245033,0.28287194629965584,0.3628039663039663,0.2296318910482807,2114
120,5,evaluate,2.8712352839383213,0.4452484322238302,0.315420978417059,0.311186600741172,0.2718565245170984,2073
121,0,evaluate,1.9112960313047682,0.5702151755379389,0.26853403050984465,0.3371392655984442,0.2169147032937798,1766
121,1,evaluate,2.8381968339284263,0.456825856246985,0.3179904164508664,0.31725790329417275,0.2766917127471841,2073
121,2,evaluate,2.869623488850064,0.4734042553191489,0.35630690989756114,0.3493646801577145,0.31674467578554594,1128
121,3,evaluate,2.6324915360001957,0.40539262062440873,0.2823521693606638,0.3632849556240153,0.22528801443024418,2114
121,4,evaluate,1.96642045378685,0.5397867104183757,0.17543361172331132,0.15918713840676457,0.13964167999961563,1219
121,5,evaluate,2.530175628485503,0.3495887191539365,0.2057536464121187,0.17311656610313864,0.13545415540187938,1702
122,0,evaluate,1.9463259816169738,0.5365053322395406,0.17385232002466472,0.15922652425456163,0.13884006823787334,1219
122,1,evaluate,2.8780412077903748,0.4734042553191489,0.35127997078812917,0.3468715389833562,0.3126507463961201,1128
122,2,evaluate,2.528811392960725,0.35428907168037604,0.20550622066284813,0.1766432883683648,0.13790555246052177,1702
122,3,evaluate,2.002786542688097,0.5486976217440543,0.2664700308343407,0.3320903217444687,0.21209509558578116,1766
122,4,evaluate,2.833739172328602,0.4630969609261939,0.31788248054165985,0.33641649559792636,0.27948033727491095,2073
122,5,evaluate,2.68700516574523,0.3930936613055818,0.28150345238226854,0.3561856227199808,0.21977134445810337,2114
123,0,evaluate,2.8891895943217807,0.4769503546099291,0.35501387494206704,0.348864104867158,0.31556559096867653,1128
123,1,evaluate,1.9732665598392487,0.5397867104183757,0.17309167590905733,0.15969381397418778,0.13967638367586427,1219
123,2,evaluate,2.0109983810356686,0.551528878822197,0.2662299878273358,0.332772219357224,0.21282995885173195,1766
123,3,evaluate,2.566984741776078,0.345475910693302,0.20444342420358108,0.17602064134385426,0.13606334925869634,1702
123,4,evaluate,2.8328012842120547,0.46695610226724554,0.3157751963909967,0.33667763537185236,0.27909970380278026,2073
123,5,evaluate,2.7128740952295414,0.3845789971617786,0.2783260035692061,0.35380254360272445,0.2152612182130565,2114
124,0,evaluate,2.641156801471004,0.33666274970622795,0.2024084188975907,0.15936335555791561,0.1314286210510624,1702
124,1,evaluate,1.965929593358721,0.5736126840317101,0.26399049571438016,0.3380641614255024,0.21670697247645537,1766
124,2,evaluate,2.682928674361285,0.391674550614948,0.28059371818274353,0.3564189195536393,0.21867032850973306,2114
124,3,evaluate,2.0394217729568482,0.5381460213289582,0.17257147943602896,0.15844681797952825,0.13895263480572623,1219
124,4,evaluate,2.915941450330946,0.4725177304964539,0.3537144049265376,0.3474378900223982,0.3152243066770919,1128
124,5,evaluate,2.8600869937376543,0.46164978292329956,0.3122732700369921,0.3152622861844824,0.275073500734689,2073
125,0,evaluate,2.1078223645687104,0.534864643150123,0.1795682695184738,0.20836938139741878,0.14960469875146604,1219
125,1,evaluate,2.974465078777737,0.4716312056737589,0.355853204015689,0.34347278767552225,0.31499272842627785,1128
125,2,evaluate,2.612946073798572,0.413434247871334,0.2830265959333197,0.37575583016270186,0.22889479487162517,2114
125,3,evaluate,1.9093646449702126,0.6030577576443941,0.26430682102252506,0.3437288000573673,0.22070201010251891,1766
125,4,evaluate,2.939426003080426,0.4534491075735649,0.31252563221221596,0.31015675314898117,0.27290862093545726,2073
125,5,evaluate,2.7119820471163147,0.327262044653349,0.2035529717394756,0.1557325775953486,0.13028915451800158,1702
126,0,evaluate,2.7739035067734896,0.30552291421856637,0.20232884271176924,0.1509229700893302,0.1252626837179054,1702
126,1,evaluate,2.1686755776405335,0.5291222313371616,0.1811803040885473,0.20788940809968848,0.14957478149261386,1219
126,2,evaluate,3.0516123639212713,0.45656028368794327,0.35074659377122924,0.3269352899436998,0.30817260062818524,1128
126,3,evaluate,3.0508725281917686,0.4399421128798842,0.30877516611117767,0.28621344827846584,0.2649913038586331,2073
126,4,evaluate,2.5253144537701324,0.43188268684957426,0.28774087991094727,0.38919319891290965,0.23919826613711187,2114
126,5,evaluate,1.860974675842694,0.6155152887882219,0.2614351555069446,0.3474206154001137,0.22171602147830924,1766
127,0,evaluate,3.112697574827406,0.44680851063829785,0.35139651367108565,0.32171315501984976,0.30528831261455996,1128
127,1,evaluate,2.460760845857508,0.44607379375591294,0.28855281025500473,0.38680147011973415,0.2421525330372452,2114
127,2,evaluate,2.78940541655929,0.30317273795534666,0.202933010491335,0.14883746526990843,0.12368476762834676,1702
127,3,evaluate,2.2487522661685944,0.5045118949958983,0.18076295130155823,0.20269581664441477,0.1440199093653993,1219
127,4,evaluate,1.8307626396417618,0.6240090600226501,0.263628405804889,0.34977895825425287,0.22424979539692655,1766
127,5,evaluate,3.147708863923044,0.43270622286541244,0.30949732853618733,0.28469241554775565,0.2638320371673627,2073
128,0,evaluate,1.8054087566477912,0.6285390713476784,0.26361627205653165,0.34990693212018453,0.22423235872688396,1766
128,1,evaluate,2.7675891893881337,0.309048178613396,0.20344631400291452,0.14939348279848474,0.12490763323700498,1702
128,2,evaluate,3.1682331694497003,0.4432624113475177,0.3533746983016625,0.3196425728735031,0.3040001776448532,1128
128,3,evaluate,2.308605909347534,0.48482362592288764,0.17938948165368548,0.1985409434801958,0.1400433079029606,1219
128,4,evaluate,3.2094928315191558,0.42547033285094066,0.3100034211404635,0.2824644760684373,0.26219215293150844,2073
128,5,evaluate,2.451816408073201,0.4489120151371807,0.28619711430330247,0.3854769756415326,0.24170925790705483,2114
129,0,evaluate,3.1657240523232355,0.4441489361702128,0.3516458642014308,0.3209560444328824,0.30391937144119685,1128
129,1,evaluate,2.3206201434135436,0.4856439704675964,0.18016428293171577,0.19831998219848684,0.14047200735281232,1219
129,2,evaluate,3.2171187834306196,0.4302942595272552,0.31394961074156547,0.28678926371973334,0.2660149939848371,2073
129,3,evaluate,1.8122204882758004,0.6291053227633069,0.26513480938884126,0.3504932066013198,0.2260141060809718,1766
129,4,evaluate,2.6804325183232627,0.3290246768507638,0.2038985666062179,0.15325142588170546,0.12962360280050644,1702
129,5,evaluate,2.479294710299548,0.4498580889309366,0.2874486370764095,0.3775255559649773,0.23964237382954465,2114
130,0,evaluate,2.3183869063854217,0.47990155865463496,0.17842616722581678,0.19750222518914107,0.13937608525879944,1219
130,1,evaluate,3.134542922178904,0.44769503546099293,0.35736584696744866,0.3362661888949205,0.3079684797864527,1128
130,2,evaluate,3.1695515350861982,0.4389773275446213,0.3139248776410562,0.2917300569970635,0.2681834211406865,2073
130,3,evaluate,1.8366958158356803,0.6217440543601359,0.2630990368265067,0.3168218508481573,0.2221890255823185,1766
130,4,evaluate,2.604133447011312,0.34488836662749706,0.20415522542214298,0.15703644322378946,0.13306333072324023,1702
130,5,evaluate,2.5392867554636562,0.4385052034058657,0.28459399366535976,0.35622333428752956,0.23253445858612043,2114
131,0,evaluate,2.5140218160770558,0.3672150411280846,0.20357275826057375,0.1642455588243416,0.13806339200052872,1702
131,1,evaluate,2.6635554678299846,0.41154210028382215,0.2838026527816468,0.34655859191392646,0.22511496851994717,2114
131,2,evaluate,2.3019213378429413,0.48482362592288764,0.18054881768143152,0.1992165109034268,0.14222741164337166,1219
131,3,evaluate,3.091563390360938,0.45656028368794327,0.361570550683571,0.3432349599094649,0.3128163971973003,1128
131,4,evaluate,1.9476804350103651,0.5792751981879954,0.2622006827417448,0.3083807921497479,0.21582110084545456,1766
131,5,evaluate,3.0923676057295366,0.45103714423540764,0.31731614274166375,0.3151906786362745,0.274480300664711,2073
132,0,evaluate,2.2905772507190703,0.49302707136997537,0.18052642542049158,0.20122919448153093,0.1449770395117372,1219
132,1,evaluate,3.074897567431132,0.46099290780141844,0.36168735143419734,0.3453105742096024,0.3130701093283833,1128
132,2,evaluate,2.0745419519288197,0.5469988674971688,0.26155918107326276,0.267209360393425,0.2065182985788508,1766
132,3,evaluate,2.4604927742922746,0.38425381903642775,0.20522570189386352,0.17286525688558774,0.14233547852287368,1702
132,4,evaluate,2.8128721223157993,0.39120151371807,0.2827721669779677,0.34088719620636443,0.21853592396299923,2114
132,5,evaluate,3.0170708930853642,0.4558610709117221,0.31550695665038286,0.3185105927927255,0.2745555330994436,2073
133,0,evaluate,3.0586882564756603,0.4601063829787234,0.36288305712310687,0.3430758850912825,0.3120012584891348,1128
133,1,evaluate,2.469062880233482,0.38425381903642775,0.2048613190606566,0.17168106781642295,0.1417233013959111,1702
133,2,evaluate,2.2710597574710847,0.49302707136997537,0.17893707482993199,0.20258032932799291,0.14412495875646653,1219
133,3,evaluate,2.9170161696041332,0.379848628192999,0.2811921804926054,0.3314579224841431,0.21260466243435241,2114
133,4,evaluate,2.9644021771170874,0.4655089242643512,0.31478671804391134,0.32369235830375725,0.27822530034165327,2073
133,5,evaluate,2.1487626220498766,0.5362400906002265,0.2641925252862258,0.2979662146351436,0.21022470141737104,1766
134,0,evaluate,2.1104885510035922,0.5475651189127972,0.2651670554791945,0.30016677131357655,0.21277987444899465,1766
134,1,evaluate,2.2671696186065673,0.4922067268252666,0.17867905058792402,0.20246350689808632,0.14405109556930398,1219
134,2,evaluate,3.028386950492859,0.46365248226950356,0.3645239610210581,0.3469342087293076,0.31548329518485324,1128
134,3,evaluate,2.91951987322639,0.3826868495742668,0.28168490364352566,0.33149156881435365,0.21377536494377422,2114
134,4,evaluate,2.5234748875653303,0.372502937720329,0.20894360308411683,0.19593563526673455,0.14463956095799851,1702
134,5,evaluate,2.9434872287692446,0.4703328509406657,0.3123303685352204,0.32619147209319366,0.2794092747097806,2073
135,0,evaluate,3.0077335834503174,0.4645390070921986,0.36463622953971675,0.3466900809643172,0.3170632870814261,1128
135,1,evaluate,2.602131229859811,0.3601645123384254,0.20868403559184107,0.19066694473245527,0.14102307784032592,1702
135,2,evaluate,2.861883941818686,0.39072847682119205,0.28376857072132877,0.3380113781189731,0.21858430401168957,2114
135,3,evaluate,2.2470085322856903,0.49548810500410173,0.17665676137898362,0.20259301290609702,0.14060185963558644,1219
135,4,evaluate,1.9871666090829032,0.5719139297848245,0.2692990228855668,0.33971118637013237,0.22207404326281485,1766
135,5,evaluate,2.955586487596685,0.46792088760250844,0.31055754411830483,0.3233425143115098,0.2783090396420744,2073
136,0,evaluate,2.206717163324356,0.5036915504511895,0.17752252947775618,0.20342345349354693,0.14145504226235187,1219
136,1,evaluate,3.0054340627458362,0.46631205673758863,0.3602683874349206,0.3472329379635918,0.3177364073541222,1128
136,2,evaluate,3.0071096673156275,0.45393150024119633,0.3070332142308,0.330161055122195,0.2732848433789045,2073
136,3,evaluate,2.709120679784704,0.3337250293772033,0.20740514545352068,0.18468623561877073,0.1349882850170851,1702
136,4,evaluate,2.7488669560236088,0.413434247871334,0.2844034071962465,0.3456941614907257,0.22563610792196984,2114
136,5,evaluate,1.8720796874591283,0.6002265005662514,0.2657139233202975,0.3448979081549516,0.22332602927945006,1766
137,0,evaluate,2.156056648492813,0.5176374077112387,0.1787258025788374,0.20574721851357364,0.1444244367918628,1219
137,1,evaluate,2.7727467307338007,0.31433607520564044,0.20830061586051968,0.17839941615612415,0.13093052802009258,1702
137,2,evaluate,3.019034319453769,0.4574468085106383,0.35373087624775074,0.3293290788336861,0.3112611091058656,1128
137,3,evaluate,1.8139581978321075,0.6206115515288788,0.26363695339548315,0.34836977427790544,0.2235473397189393,1766
137,4,evaluate,3.072333653767904,0.4491075735648818,0.3080083860500092,0.3278831123470101,0.2729503725579181,2073
137,5,evaluate,2.663043174673529,0.43330179754020814,0.2833561596885895,0.35503521728747767,0.23119922070382146,2114
138,0,evaluate,1.7893591012273515,0.6347678369195923,0.2632715694085506,0.35032874560931393,0.22416160131958768,1766
138,1,evaluate,2.8343831344887063,0.3019976498237368,0.20993996967830278,0.18970526607882043,0.13103792704099274,1702
138,2,evaluate,2.130805420875549,0.5225594749794914,0.17889526361751776,0.2056036938139742,0.14310759240260437,1219
138,3,evaluate,3.0470466348859997,0.4592198581560284,0.35399136805042547,0.32944243227759473,0.3122376732453403,1128
138,4,evaluate,3.146902308319554,0.43608297153883263,0.3063258549093854,0.30183832519366527,0.265963082680727,2073
138,5,evaluate,2.6080530119292877,0.4489120151371807,0.279458454066576,0.362038490930896,0.23270306967052753,2114
139,0,evaluate,2.1434587121009825,0.5159967186218212,0.17905682803556638,0.2033179795282599,0.1411297612172223,1219
139,1,evaluate,3.082800348599752,0.45656028368794327,0.3565532384550494,0.3407779151764022,0.3131865308625647,1128
139,2,evaluate,2.56598204637275,0.45269631031220436,0.27615700650989233,0.36740042248450927,0.23246073800740835,2114
139,3,evaluate,2.862338763696176,0.3037602820211516,0.21116192565347863,0.18948549891322292,0.1323856714027114,1702
139,4,evaluate,3.216650543790875,0.4230583695127834,0.3023813833838351,0.294738812267644,0.25966117466013666,2073
139,5,evaluate,1.7620550500495094,0.6381653454133636,0.26280752600070045,0.3507286275591735,0.2238770090738099,1766
140,0,evaluate,3.123274842898051,0.4521276595744681,0.354440074267714,0.3389270953905186,0.31045315732688383,1128
140,1,evaluate,1.7817748274121965,0.6426953567383918,0.2645748319885478,0.35143478822266244,0.22521002373899401,1766
140,2,evaluate,2.8326867156558566,0.3102232667450059,0.20914795823569116,0.17689786545958805,0.13030277151531897,1702
140,3,evaluate,2.169452440738678,0.5176374077112387,0.1789825714083116,0.20355162438807298,0.14126328092650325,1219
140,4,evaluate,3.250441890774351,0.4259527255185721,0.3055941032169061,0.2987254674773478,0.26257391192585355,2073
140,5,evaluate,2.555383610374787,0.4503311258278146,0.2785862771683948,0.3658678421671188,0.23382783670125556,2114
141,0,evaluate,2.200536859035492,0.5217391304347826,0.17949669902747675,0.20430462839341343,0.14242068070055947,1219
141,1,evaluate,2.5833712377968956,0.4470198675496689,0.28074902674148305,0.3660419784750707,0.2337589494244789,2114
141,2,evaluate,1.852502967630114,0.6268403171007928,0.26403998239677745,0.34890197339853235,0.223543061678725,1766
141,3,evaluate,3.2596941716743237,0.43174143753014954,0.30841845331258,0.28848704010161474,0.2654845957898866,2073
141,4,evaluate,3.159958925512102,0.45478723404255317,0.35342045494115387,0.3403780005306989,0.3103639533833279,1128
141,5,evaluate,2.7428792670921043,0.3219741480611046,0.2059602981111885,0.18000133421701262,0.1317699337810455,1702
142,0,evaluate,2.2585117280483247,0.5102543068088597,0.17947180814827873,0.20283800623052958,0.14136269133618956,1219
142,1,evaluate,2.6667791340086193,0.34606345475910694,0.20642877776607588,0.1871663973902265,0.1378265685837443,1702
142,2,evaluate,1.9563361704349518,0.6087202718006794,0.26554990069812023,0.34584040031846164,0.2222399800930151,1766
142,3,evaluate,3.2345780676061455,0.44283646888567296,0.31047640458470716,0.2948544354507082,0.269439884946593,2073
142,4,evaluate,2.650951366214191,0.4280983916745506,0.2802332372738198,0.3564858431974164,0.22755579685508187,2114
142,5,evaluate,3.1673488948080273,0.4627659574468085,0.3580613140322972,0.3428456663289199,0.3144718509716892,1128
143,0,evaluate,2.287425661087036,0.5077932731747334,0.18088992977644458,0.20468313306631064,0.14483491269549228,1219
143,1,evaluate,2.6197520715219005,0.35428907168037604,0.20715307703700075,0.1907450650089408,0.13940894156172184,1702
143,2,evaluate,3.157750917805566,0.4716312056737589,0.3620557852135825,0.3457594515310439,0.31765363129853047,1128
143,3,evaluate,2.109181442431041,0.5730464326160816,0.2636168536314734,0.3053356013499059,0.21395215313532967,1766
143,4,evaluate,3.1970185149799693,0.4548962855764592,0.3128441666855203,0.3182204294952916,0.2749088295168794,2073
143,5,evaluate,2.70621052033761,0.42336802270577106,0.28766384030380576,0.3697127142931845,0.23237039079492305,2114
144,0,evaluate,2.2969791114330294,0.5077932731747334,0.179891788715633,0.20535870048954158,0.14484164493338805,1219
144,1,evaluate,2.7398737809237312,0.41911069063386946,0.2875969704381148,0.3682097668227867,0.2300235766547249,2114
144,2,evaluate,2.642300989892748,0.345475910693302,0.2060279519308102,0.19064956219920812,0.13695594700508643,1702
144,3,evaluate,3.151248322592841,0.46187943262411346,0.3628115876617574,0.34134577269221644,0.31337398568818686,1128
144,4,evaluate,3.1536016536481455,0.4655089242643512,0.3117761836772431,0.322302013825497,0.27706896189830366,2073
144,5,evaluate,2.2025964515549794,0.5560588901472253,0.26369570196077236,0.3018631281988403,0.21147340686806237,1766
145,0,evaluate,3.142988840738932,0.45656028368794327,0.364686705029268,0.3365090746355536,0.3107282548334691,1128
145,1,evaluate,2.2973656952381134,0.5094339622641509,0.17840321497062772,0.2060990209167779,0.14537512637429179,1219
145,2,evaluate,2.6974600156148276,0.3419506462984724,0.20709735295013315,0.1910661894810781,0.13608447581107994,1702
145,3,evaluate,2.7410959250786724,0.41438032166508987,0.2880267024941296,0.3678827288248626,0.22898308909058557,2114
145,4,evaluate,3.1204383012020225,0.47226242161119153,0.3128625469385455,0.32295122454198166,0.2793678783772654,2073
145,5,evaluate,2.233181174312319,0.5526613816534541,0.2627407703754635,0.267966362465809,0.20806434806568533,1766
146,0,evaluate,3.1372505029042563,0.45567375886524825,0.36284731714016155,0.33829860435287584,0.3105743646437971,1128
146,1,evaluate,2.280416339635849,0.5118949958982772,0.17730561381315402,0.20644948820649756,0.14450425335759515,1219
146,2,evaluate,2.7647220691045127,0.3319623971797885,0.20454787149476011,0.18891438514645123,0.13347601112661397,1702
146,3,evaluate,2.1809000202587674,0.5685164212910532,0.2657846807714123,0.30564682229446477,0.21550405961777028,1766
146,4,evaluate,2.7461912877419414,0.413434247871334,0.2883590660020503,0.3723833957450594,0.2303584618207249,2114
146,5,evaluate,3.1217908642508765,0.4717800289435601,0.3140136982900434,0.3214343213382157,0.27910425113106224,2073
147,0,evaluate,2.27229186296463,0.5200984413453651,0.1830132938641949,0.30750089007565645,0.15496709160913966,1219
147,1,evaluate,3.1693903424523096,0.46888567293777134,0.3142032065393542,0.3180771771545631,0.2775933516353427,2073
147,2,evaluate,2.0883237506662096,0.5973952434881087,0.266056327188139,0.3118815600403092,0.2207891135500244,1766
147,3,evaluate,3.1715764138433666,0.45390070921985815,0.3655821408967675,0.33839342781530224,0.31133791813232137,1128
147,4,evaluate,2.7277729090522316,0.41438032166508987,0.2855729604940103,0.3538947153476991,0.2265077485545845,2114
147,5,evaluate,2.7924959836182772,0.31492361927144535,0.20508185379057017,0.17017838575738695,0.12748815290621854,1702
148,0,evaluate,2.259018898010254,0.5200984413453651,0.1835166006024325,0.3069942145082332,0.1547569669617172,1219
148,1,evaluate,1.9725389395441328,0.6194790486976217,0.2663835540491004,0.3159252497605947,0.22352244569156335,1766
148,2,evaluate,2.812346034579807,0.3119858989424207,0.20522972256650368,0.16872894540470357,0.12728526711339855,1702
148,3,evaluate,3.2131143302628487,0.4582730342498794,0.31170019846090113,0.29720792448771727,0.2730069107150242,2073
148,4,evaluate,3.1848009294933743,0.4441489361702128,0.36005567637369035,0.33384057031205155,0.3069331962555192,1128
148,5,evaluate,2.7173108055311093,0.41911069063386946,0.28433003898916354,0.3559023432215113,0.2274700989333162,2114
149,0,evaluate,3.1975887748930187,0.44060283687943264,0.35603010717480876,0.3319938209176716,0.30478547019129365,1128
149,1,evaluate,2.2557465851306917,0.5184577522559475,0.18310668474509778,0.30642278593680466,0.15323691129307718,1219
149,2,evaluate,1.8896118381193705,0.637599093997735,0.26474523378553966,0.31955894995205286,0.22540669626983734,1766
149,3,evaluate,2.701774356996312,0.4252601702932829,0.28496331841196565,0.36276348100850814,0.23159071167320996,2114
149,4,evaluate,3.269657131397363,0.4491075735648818,0.30744829443252797,0.29201525965816455,0.2688335092335991,2073
149,5,evaluate,2.8274887093791254,0.30317273795534666,0.20228281502193726,0.1658449138321474,0.12531424387914386,1702
150,0,evaluate,2.256619173288345,0.5102543068088597,0.181916997533696,0.30305896751223854,0.15003077647813018,1219
150,1,evaluate,3.3457173361922754,0.4380125422093584,0.3072241070554817,0.2883521605884969,0.26610481215690795,2073
150,2,evaluate,2.6900569866685307,0.42857142857142855,0.2858966273510071,0.3621441156224158,0.23313644978190826,2114
150,3,evaluate,1.8452899903059006,0.6415628539071347,0.26458135591608195,0.319476571750031,0.2252382686669825,1766
150,4,evaluate,3.223609619670444,0.4450354609929078,0.3543683435791163,0.3326931216169723,0.3062092075078479,1128
150,5,evaluate,2.80783650610182,0.31433607520564044,0.20244834103725456,0.16516606363828906,0.1279675433060521,1702
151,0,evaluate,2.2700729429721833,0.5061525840853158,0.1832167542096636,0.35134468179795286,0.15409417462779482,1219
151,1,evaluate,3.216806901825799,0.44858156028368795,0.35612941249793084,0.33471142408314314,0.30879772147632106,1128
151,2,evaluate,3.3873458486614805,0.4312590448625181,0.30630978627795347,0.3031696904967004,0.2657744677102013,2073
151,3,evaluate,1.8419068051236016,0.6330690826727067,0.2635700834544862,0.31656662855851375,0.22237933303839857,1766
151,4,evaluate,2.76017865869734,0.32667450058754405,0.2035294416263115,0.1669306089759381,0.13141034554569325,1702
151,5,evaluate,2.730333489530227,0.42857142857142855,0.2829541187983612,0.3578919022671283,0.22994922242411892,2114
152,0,evaluate,3.1991515821880765,0.4521276595744681,0.355626362956543,0.32416599495455917,0.3085645270139314,1128
152,1,evaluate,2.7025643631264016,0.34606345475910694,0.20689454528943524,0.18710782581080673,0.13946035117777306,1702
152,2,evaluate,2.3054848074913026,0.5094339622641509,0.18409818757379734,0.351136404094348,0.15476699078290546,1219
152,3,evaluate,2.733869820833206,0.42857142857142855,0.2840266529512271,0.3574132991049809,0.23007180391726156,2114
152,4,evaluate,3.3949987743840073,0.42884708152436085,0.3083422451961836,0.3022219283492892,0.26601649210717027,2073
152,5,evaluate,1.8917827904224396,0.616647791619479,0.263355923629162,0.3450362046149418,0.22092035356606116,1766
153,0,evaluate,2.334580236673355,0.5094339622641509,0.18013906628431142,0.22108433466844685,0.14603229392425837,1219
153,1,evaluate,1.9809161296912603,0.5894677236693092,0.26226503335359985,0.33837004812611104,0.21617677706241362,1766
153,2,evaluate,2.6724048852920532,0.3595769682726204,0.20641298315443798,0.18765881379439883,0.14179777754145287,1702
153,3,evaluate,3.1826144059499106,0.45567375886524825,0.3607968286068462,0.3405073347111324,0.3145816978446045,1128
153,4,evaluate,3.3670138626387627,0.4331886155330439,0.3110372647474189,0.3044673767371411,0.2685622405460718,2073
153,5,evaluate,2.7246040000635037,0.4309366130558184,0.2822522672828058,0.3531466096339514,0.2275909458533029,2114
154,0,evaluate,3.1830674939685397,0.4592198581560284,0.3618336278311749,0.3414179717202537,0.3154590275237087,1128
154,1,evaluate,2.687209690058673,0.36427732079905994,0.20842446967446965,0.19106839290078548,0.14407941516145464,1702
154,2,evaluate,3.3266592206376973,0.4433188615533044,0.3188616666610137,0.3241020426821864,0.27433031096775,2073
154,3,evaluate,2.3554116666316984,0.5225594749794914,0.1846137809767156,0.2445255896751224,0.1541117069188763,1219
154,4,evaluate,2.0713717128549303,0.5617214043035108,0.2617831377279052,0.33186946198250866,0.21095220097062453,1766
154,5,evaluate,2.7389247224611393,0.43188268684957426,0.2806764426081619,0.3524642558702233,0.22602707250157641,2114
155,0,evaluate,2.715742557137101,0.35605170387779084,0.20871702252607563,0.19375949219219973,0.14216078604515622,1702
155,1,evaluate,3.202097256978353,0.4645390070921986,0.36311969820427076,0.3444622459758245,0.3172713153799584,1128
155,2,evaluate,2.3662561535835267,0.5200984413453651,0.18576604554865425,0.2443440142412105,0.1552962796885827,1219
155,3,evaluate,2.1710717380046844,0.5436013590033975,0.26261630792032553,0.3298232506150958,0.20959540972975788,1766
155,4,evaluate,3.281576951344808,0.4505547515677762,0.3189645719170616,0.3258074041489552,0.2752476254470907,2073
155,5,evaluate,2.815156333586749,0.4314096499526963,0.2817304542703956,0.34948868679338846,0.22509979559229953,2114
156,0,evaluate,2.3752889215946196,0.5127153404429861,0.18338983294207173,0.22425389408099689,0.15085922142617947,1219
156,1,evaluate,3.220546351538764,0.46365248226950356,0.3638126401574393,0.3449762777114326,0.31640412930590156,1128
156,2,evaluate,2.913385939948699,0.4224219489120151,0.28111686311137285,0.355639580618785,0.22460037769407465,2114
156,3,evaluate,2.7635840398293956,0.3501762632197415,0.20994484012307546,0.19267633044884558,0.1409034366419189,1702
156,4,evaluate,3.262585477395491,0.4582730342498794,0.31852567351487826,0.3300857241631101,0.27781863749918506,2073
156,5,evaluate,2.1912744343280792,0.5481313703284258,0.2636391431149495,0.3316857848736995,0.21138281400564765,1766
157,0,evaluate,2.40323224067688,0.5159967186218212,0.18254011872066206,0.22674788607031596,0.15293502118978902,1219
157,1,evaluate,3.238262931505839,0.46897163120567376,0.3649782594067098,0.3489860601511985,0.31863277656169664,1128
157,2,evaluate,2.8224421916184603,0.34136310223266747,0.21026670567633401,0.1928507784868866,0.14015327912273876,1702
157,3,evaluate,2.139299524681909,0.5719139297848245,0.26432672353441655,0.3400339358629553,0.21880583820303579,1766
157,4,evaluate,3.0146237173501182,0.4105960264900662,0.2806349302161314,0.3542984382071181,0.22180892323555385,2114
157,5,evaluate,3.246023427356373,0.4655089242643512,0.31626126727328907,0.3336662148370322,0.27881663704336973,2073
158,0,evaluate,3.258980141745673,0.4734042553191489,0.3742165042165042,0.3535443850445795,0.3227761565623345,1128
158,1,evaluate,2.424872708320618,0.5102543068088597,0.17840477236279326,0.20655362705829994,0.1467734765362277,1219
158,2,evaluate,3.2486617601279058,0.46695610226724554,0.3125899562099709,0.33260633149234187,0.27750209624963806,2073
158,3,evaluate,2.893160921555978,0.32491186839012925,0.2102001901052534,0.18922049549541328,0.13724017576071595,1702
158,4,evaluate,2.051594913005829,0.6064552661381654,0.26517300247527065,0.3493589496454227,0.22631333379521826,1766
158,5,evaluate,3.106572876958286,0.3968779564806055,0.27982095245928446,0.35165103722336993,0.2173385879942419,2114
159,0,evaluate,3.258510775036282,0.4645390070921986,0.36850075952911404,0.3468148017981436,0.3157709020777332,1128
159,1,evaluate,2.413745719194412,0.5086136177194421,0.1781067049369062,0.20631998219848685,0.14588799661084073,1219
159,2,evaluate,1.9992523746831077,0.6313703284258211,0.2664601956091592,0.3547485428427291,0.23066783065685917,1766
159,3,evaluate,3.2505587592269434,0.46985045827303423,0.311739355458246,0.3338688892031697,0.2778244525104423,2073
159,4,evaluate,2.948141830938834,0.30611045828437133,0.20835888352841564,0.1697314534711357,0.12871849740973126,1702
159,5,evaluate,3.16237709627432,0.3926206244087039,0.2784346749139401,0.3560917763874364,0.21623060064881278,2114
160,0,evaluate,2.3959470629692077,0.5110746513535686,0.17903612405900735,0.20599488206497552,0.14619860744933683,1219
160,1,evaluate,3.227392488055759,0.46808510638297873,0.37182566806101713,0.3504240576742963,0.3192545011963581,1128
160,2,evaluate,3.2514547795960396,0.4655089242643512,0.3120650424183173,0.33037703183031614,0.2765862778153142,2073
160,3,evaluate,1.968514323234558,0.630237825594564,0.2661972601114978,0.35279554269852564,0.22888596729690497,1766
160,4,evaluate,3.1203294974916123,0.3987701040681173,0.2769361719738811,0.3584559575364277,0.21727945574113852,2114
160,5,evaluate,2.961029158698188,0.2978848413631022,0.20733371761531946,0.16650421532894,0.12737213826738752,1702
161,0,evaluate,1.9684094871793474,0.6279728199320498,0.2689526285366688,0.35149037305143194,0.22807148908550326,1766
161,1,evaluate,2.3917039394378663,0.5135356849876949,0.1808881192193774,0.2049942145082332,0.1484811905913879,1219
161,2,evaluate,2.929709725909763,0.3019976498237368,0.20283661253666568,0.16457294988903523,0.12605217791051454,1702
161,3,evaluate,3.199607902103,0.4601063829787234,0.37198677279650044,0.3476249539519011,0.3175185030339723,1128
161,4,evaluate,3.0621416954433216,0.4087038789025544,0.27504328653624144,0.35532916360312383,0.21866080330425103,2114
161,5,evaluate,3.2692908554366142,0.4582730342498794,0.30965916098264773,0.3252982759250518,0.272688035833781,2073
162,0,evaluate,2.3527527451515198,0.5225594749794914,0.1809314330040262,0.20543480195816644,0.14860618829471675,1219
162,1,evaluate,1.9863816116537367,0.6189127972819932,0.26586466806534925,0.31600500103911494,0.2229589274773584,1766
162,2,evaluate,2.8639780238822654,0.30611045828437133,0.19974827155537714,0.16305168550506882,0.12598317736935316,1702
162,3,evaluate,3.2119620773527355,0.46099290780141844,0.37209221787229063,0.349169897473791,0.31942567893270396,1128
162,4,evaluate,2.9321372605421963,0.42005676442762535,0.2776378626271583,0.35932672793703535,0.224714163217914,2114
162,5,evaluate,3.3158117207613858,0.447178002894356,0.3071907840531386,0.3198279935192855,0.2673342179979179,2073
163,0,evaluate,3.2386918200386896,0.4627659574468085,0.3685223567457725,0.3499907596034325,0.3201661901128592,1128
163,1,evaluate,2.8444753560949776,0.42857142857142855,0.27666541152972435,0.3641811040970173,0.2266411015232232,2114
163,2,evaluate,2.033638264451708,0.6024915062287656,0.26715067727954234,0.34427635250194744,0.2220322987316418,1766
163,3,evaluate,2.8031725353664823,0.32667450058754405,0.20122167098451701,0.1527116891765226,0.12734544415155485,1702
163,4,evaluate,2.319154757261276,0.5283018867924528,0.18144526920256637,0.20557699154428125,0.15031894808319676,1219
163,5,evaluate,3.362524718949289,0.4399421128798842,0.3100705322900642,0.3182307283130449,0.2662240508291015,2073
164,0,evaluate,3.2593916522132025,0.4574468085106383,0.36544849861387585,0.3471350223011046,0.3170010967803842,1128
164,1,evaluate,2.3037922859191893,0.534864643150123,0.1831926539359584,0.20549821984868713,0.1523617560077787,1219
164,2,evaluate,2.076577369655882,0.5883352208380521,0.26619952720936413,0.34058686056864673,0.21871380790722114,1766
164,3,evaluate,2.8023321383139668,0.43945127719962157,0.2805842549279668,0.36666115822987433,0.23227080560479624,2114
164,4,evaluate,2.7420136310436107,0.34782608695652173,0.20256430941479692,0.1573959306168225,0.13294729305379493,1702
164,5,evaluate,3.399747783487493,0.43270622286541244,0.30971535767545016,0.31688751625739753,0.2642978055165203,2073
165,0,evaluate,3.2567477226257324,0.4512411347517731,0.3576182590251174,0.3434944996350918,0.3118957203819684,1128
165,1,evaluate,2.289990597963333,0.5258408531583265,0.17951919687811482,0.20471984868713838,0.14827989092738264,1219
165,2,evaluate,2.078616201877594,0.5792751981879954,0.2666724995874653,0.33740733270264733,0.2167973423859954,1766
165,3,evaluate,2.694603120839154,0.3537015276145711,0.20172267004092853,0.14453012340853488,0.13212703622324085,1702
165,4,evaluate,3.4175621379505503,0.4283646888567294,0.3078422185685499,0.31816698900854,0.26416179945977875,2073
165,5,evaluate,2.775280643911923,0.43945127719962157,0.280769010207283,0.36371125802500126,0.2312538509169305,2114
166,0,evaluate,2.291887241601944,0.5143560295324036,0.1785106970324362,0.20325322652425454,0.1446126373977788,1219
166,1,evaluate,3.259882648785909,0.45478723404255317,0.3638638573161127,0.3454013214076594,0.314842202554838,1128
166,2,evaluate,2.6492952549899065,0.36662749706227965,0.20480845465529476,0.1610260486179312,0.13834217329427637,1702
166,3,evaluate,2.074410936662129,0.5826727066817667,0.26920295210252926,0.3383833815546743,0.21858926168957438,1766
166,4,evaluate,3.401819864908854,0.4278822961890979,0.307943227489654,0.32024474666418506,0.2654652190575816,2073
166,5,evaluate,2.773621273391387,0.43472090823084203,0.28211306978412526,0.3578966458740419,0.23062947286487936,2114
167,0,evaluate,2.75140301620259,0.4380321665089877,0.2848453203027876,0.36003806088344964,0.23374792475726172,2114
167,1,evaluate,2.33549080491066,0.5045118949958983,0.17753994157240846,0.20337138406764574,0.1432171204513436,1219
167,2,evaluate,3.284182561768426,0.44858156028368795,0.3619820005089148,0.33849724199077535,0.3110995774915998,1128
167,3,evaluate,2.663057468555592,0.3601645123384254,0.20675412701592905,0.1758521595702866,0.14066465404982112,1702
167,4,evaluate,2.0545759924820493,0.5855039637599094,0.26702874020412093,0.33857089154119036,0.21808035924661184,1766
167,5,evaluate,3.4030108668587427,0.42161119150988907,0.30252188813393566,0.3019063914709912,0.260781595719265,2073
168,0,evaluate,3.3140415218141346,0.4441489361702128,0.36135463579090327,0.334041102134977,0.3091223361977946,1128
168,1,evaluate,2.0552000275679996,0.5832389580973952,0.26311964910266405,0.30353796737098004,0.21262777263556928,1766
168,2,evaluate,2.380215561389923,0.4938474159146842,0.17622472866748906,0.2021904761904762,0.1408672820478994,1219
168,3,evaluate,2.745989152613808,0.4399243140964995,0.28431231917751176,0.36329231037278054,0.23415236477532325,2114
168,4,evaluate,3.412762519085046,0.42161119150988907,0.3030196074553747,0.28481277743186484,0.2601557295631566,2073
168,5,evaluate,2.6778015119058116,0.3572267920094007,0.20729889404075216,0.18860888153624916,0.14247841562281854,1702
169,0,evaluate,3.338934209611681,0.4423758865248227,0.35688908982843176,0.3268520489989686,0.30468298062385557,1128
169,1,evaluate,2.773183333523133,0.43614001892147586,0.28335239634736126,0.3663121925970027,0.2335225893852712,2114
169,2,evaluate,2.419367402791977,0.5028712059064807,0.17564969270370304,0.20499554962171782,0.14119524846284376,1219
169,3,evaluate,3.4182381774439956,0.4293294741919923,0.3028411750983112,0.2866500919271268,0.2625919310777673,2073
169,4,evaluate,2.056517788342067,0.5849377123442808,0.26220943630083354,0.3042588824323285,0.2132813218964027,1766
169,5,evaluate,2.7343394491407604,0.3396004700352526,0.2085027133588035,0.1863907776864172,0.1385378226391596,1702
170,0,evaluate,3.3532869948281183,0.44858156028368795,0.36103768661489616,0.3296052314714174,0.30737928556120825,1128
170,1,evaluate,2.06995689868927,0.5815402038505096,0.2604810444808204,0.30440858092445694,0.21319959323578236,1766
170,2,evaluate,2.46565728187561,0.5020508613617719,0.17373304857587515,0.20487872719181127,0.14036917108631825,1219
170,3,evaluate,2.800307000124896,0.33431257344300824,0.21031007081374525,0.20315604700482726,0.14013385068238343,1702
170,4,evaluate,2.811194402330062,0.4328287606433302,0.28063508417332206,0.365629040648028,0.2314289324062316,2114
170,5,evaluate,3.4317542386777475,0.4384949348769899,0.30402957688725135,0.289906417286912,0.26541780601795073,2073
171,0,evaluate,3.3530726035435996,0.4574468085106383,0.36459887957828796,0.33582272293597526,0.31235034116148375,1128
171,1,evaluate,2.088148057460785,0.5866364665911665,0.2610030382986421,0.30674094434652843,0.2150570248046027,1766
171,2,evaluate,2.879248433642917,0.32784958871915393,0.2093817987736825,0.18757579170740485,0.13587260820896518,1702
171,3,evaluate,2.498819077014923,0.49794913863822804,0.17303431772099082,0.20412572318647088,0.13915866498112284,1219
171,4,evaluate,2.836677673984976,0.43188268684957426,0.27823170201646075,0.36021172076054536,0.22809719211648477,2114
171,5,evaluate,3.425196380326242,0.45007235890014474,0.3078981662783965,0.2969711741264474,0.27105742398026783,2073
172,0,evaluate,3.3535684876971774,0.4627659574468085,0.36186047983952174,0.33994655526222123,0.31402785935170635,1128
172,1,evaluate,2.5126205503940584,0.4922067268252666,0.17547904694693686,0.22251557632398752,0.1432464159639954,1219
172,2,evaluate,2.9274411069022284,0.31786133960047,0.2084680174958699,0.18554113053161753,0.13333496439582998,1702
172,3,evaluate,2.864755881183288,0.4295175023651845,0.28052709348179883,0.37462586116293173,0.23112621658137145,2114
172,4,evaluate,2.0897343456745148,0.5900339750849377,0.26289011044174593,0.3077742059096941,0.21597602716460068,1766
172,5,evaluate,3.430269454464768,0.45779064158224797,0.31154388458599813,0.31760441774690473,0.2757749006104514,2073
173,0,evaluate,3.354962468147278,0.46099290780141844,0.36086263937523455,0.3398960638076892,0.31234576039644096,1128
173,1,evaluate,2.5297303438186645,0.4946677604593929,0.1779786650986222,0.22252825990209169,0.14502074101876894,1219
173,2,evaluate,2.023658594914845,0.608154020385051,0.2606013507545682,0.31259288605183644,0.21844769713966397,1766
173,3,evaluate,2.8534539078964904,0.4280983916745506,0.2809298194212094,0.3753379653433903,0.23065546833339515,2114
173,4,evaluate,2.9671304402527987,0.31139835487661577,0.20792623129043938,0.18480117535790289,0.13029525780416018,1702
173,5,evaluate,3.4394806984699136,0.45972021225277376,0.3143897949930919,0.33437370627033003,0.2778719601441223,2073
174,0,evaluate,2.5331795632839205,0.4913863822805578,0.179670665704153,0.22239875389408098,0.1458200965659741,1219
174,1,evaluate,3.3617393573125205,0.45656028368794327,0.36182211635956546,0.3383612010225368,0.3119140255637749,1128
174,2,evaluate,1.979849683386939,0.616647791619479,0.2613804610794267,0.3142872230417102,0.21969784404313972,1766
174,3,evaluate,3.4525284333662554,0.4534491075735649,0.31092010606671006,0.33051388682259486,0.2747536865568629,2073
174,4,evaluate,2.9958076741960316,0.3072855464159812,0.20751922911121837,0.1834396748695314,0.12955137833897076,1702
174,5,evaluate,2.865282423356,0.4304635761589404,0.2798064164452391,0.3725180058688196,0.22909737435064198,2114
175,0,evaluate,3.377663837538825,0.45478723404255317,0.3589963647019024,0.33914498500067636,0.311077663218507,1128
175,1,evaluate,2.489483189582825,0.49056603773584906,0.1787104330757452,0.221268580329328,0.14483800349648795,1219
175,2,evaluate,2.9793281422721014,0.3078730904817861,0.20308805601158286,0.15361709775227467,0.1239084265664594,1702
175,3,evaluate,3.4760917244535503,0.4481427882296189,0.31042176745154765,0.3095956925778921,0.2709668930607386,2073
175,4,evaluate,1.9762480216366904,0.6240090600226501,0.26008707411628695,0.31582033299119133,0.22034698376876585,1766
175,5,evaluate,2.88693010281114,0.42762535477767266,0.2793425503246071,0.367987198715951,0.22746296436856128,2114
176,0,evaluate,2.472509640455246,0.49548810500410173,0.1851948051948052,0.3206704494882065,0.1565544983125946,1219
176,1,evaluate,2.0036524661949704,0.6194790486976217,0.2607881576147285,0.31442156010786754,0.2200083759910592,1766
176,2,evaluate,3.378639340400696,0.45478723404255317,0.3580643596764522,0.3393229396447182,0.3111945573860462,1128
176,3,evaluate,2.9272530432100647,0.3119858989424207,0.2023625272134844,0.15209583336830823,0.12395085484365202,1702
176,4,evaluate,3.4872506604050146,0.44476603955619876,0.31306080115883816,0.3068112251093197,0.26966986231374745,2073
176,5,evaluate,2.947888602228726,0.43188268684957426,0.2810237169827657,0.3602778563746014,0.22860131369393452,2114
177,0,evaluate,3.39682756529914,0.449468085106383,0.35909518417818476,0.3372890244749372,0.309747853073715,1128
177,1,evaluate,2.457563853263855,0.4971287940935193,0.1840305006665512,0.31972185135736536,0.15440947660391605,1219
177,2,evaluate,2.032415530511311,0.6115515288788222,0.26131823339703775,0.311989525661378,0.21872200004567394,1766
177,3,evaluate,3.4885532494747276,0.4399421128798842,0.312546331877984,0.30527925632597197,0.26825547523317383,2073
177,4,evaluate,2.901724753556428,0.3172737955346651,0.2049637966749641,0.1671426482057503,0.12882856743843957,1702
177,5,evaluate,3.0107096871908974,0.42762535477767266,0.2815374634186343,0.3620252129718676,0.22903861147131374,2114
178,0,evaluate,3.3912060393227472,0.44592198581560283,0.3592611758377134,0.33651673966688245,0.3078730060753524,1128
178,1,evaluate,2.0923840360982076,0.5979614949037373,0.26255391906927406,0.3092908369779638,0.21733038375628339,1766
178,2,evaluate,3.0685878115541794,0.4205298013245033,0.28088625309301496,0.35729377149901564,0.22720026745450533,2114
178,3,evaluate,2.871123022503323,0.3325499412455934,0.20439384973867902,0.17200939560060569,0.13219123530247384,1702
178,4,evaluate,2.4446046352386475,0.5036915504511895,0.18190770039245918,0.30144882064975526,0.15136454265370275,1219
178,5,evaluate,3.453645388285319,0.44380125422093586,0.3134263489763752,0.30767427736339653,0.2698469401415776,2073
179,0,evaluate,2.8504844153368913,0.345475910693302,0.2046069076174764,0.17343073436861517,0.13392650338658682,1702
179,1,evaluate,2.43938005566597,0.5135356849876949,0.18302229890032082,0.3038640409434802,0.1543912914631676,1219
179,2,evaluate,3.1245411739629856,0.413434247871334,0.28342043601171535,0.35186119586390835,0.2244848996183176,2114
179,3,evaluate,3.3763917552100287,0.45656028368794327,0.36066583084208165,0.34139567804962334,0.31197511460172656,1128
179,4,evaluate,2.1561642587184906,0.5753114382785957,0.26211169468269435,0.3049469363322367,0.21423357039347563,1766
179,5,evaluate,3.4140022451227363,0.4481427882296189,0.3143148578075771,0.31027725635740006,0.2712476279349393,2073
180,0,evaluate,3.346487800280253,0.4592198581560284,0.3630970195960327,0.3406048391986832,0.3129840401669875,1128
180,1,evaluate,2.458647495508194,0.51681706316653,0.17803221723011362,0.2047859368046284,0.1452416735545907,1219
180,2,evaluate,2.1971748556409563,0.5685164212910532,0.26215154505361654,0.30376923012394574,0.21305741081078158,1766
180,3,evaluate,3.1567097744520973,0.40491958372753073,0.28413855399604443,0.3517714186746736,0.2229413059214458,2114
180,4,evaluate,2.8640459643469915,0.34488836662749706,0.20639175156993242,0.17556675285094223,0.13425971168283116,1702
180,5,evaluate,3.3799855492331763,0.44958996623251324,0.31150840581155387,0.3114619198841161,0.27178522783072595,2073
181,0,evaluate,2.8920511492976435,0.33783783783783783,0.20621950022505162,0.1739272435982826,0.1325806014036152,1702
181,1,evaluate,3.3045232560899525,0.4574468085106383,0.3609310630978853,0.3367159235060685,0.31064013238021204,1128
181,2,evaluate,2.476372742652893,0.5159967186218212,0.17945055502045978,0.20551357365376055,0.14605998904997705,1219
181,3,evaluate,3.1581782400608063,0.3959318826868496,0.28380076475523064,0.3474256002782224,0.22013707617238798,2114
181,4,evaluate,2.205441061939512,0.571347678369196,0.26377387847592715,0.3048782031748517,0.21401569625125844,1766
181,5,evaluate,3.341071533434319,0.45200192957067054,0.3119735830329273,0.313941444695665,0.273842997306928,2073
182,0,evaluate,3.2909346686469183,0.4601063829787234,0.35814739485694214,0.33419965456547585,0.3100008120885806,1128
182,1,evaluate,2.1582398116588593,0.5889014722536806,0.2618114873452994,0.30971740198898556,0.2171060943783915,1766
182,2,evaluate,2.509096109867096,0.5102543068088597,0.17856724339400737,0.205202492211838,0.14522994336100964,1219
182,3,evaluate,2.9515862553207963,0.32667450058754405,0.20316533426130373,0.15479735898630892,0.1273013157719543,1702
182,4,evaluate,3.1223766733618343,0.3973509933774834,0.28401719261253994,0.3496518632386625,0.22174139028108697,2114
182,5,evaluate,3.3194768356554434,0.4505547515677762,0.30884303272699143,0.31266097502141293,0.27185957227592966,2073
183,0,evaluate,3.027457210752699,0.31316098707403056,0.20366480319387453,0.15126937002086452,0.12432012169237106,1702
183,1,evaluate,3.311245878537496,0.46365248226950356,0.3662608386764547,0.3375426856354974,0.31406756008140685,1128
183,2,evaluate,2.572487199306488,0.4971287940935193,0.17699756079422918,0.2031644414775256,0.14241275469636844,1219
183,3,evaluate,3.318958535338893,0.45007235890014474,0.30834610783119143,0.309640704625662,0.27159856214967204,2073
183,4,evaluate,3.0776965881095215,0.4011352885525071,0.28552031743078876,0.35298772682769064,0.22490011835809684,2114
183,5,evaluate,2.0910215952566693,0.6064552661381654,0.26097473747091743,0.31302632469021285,0.2194541663979103,1766
184,0,evaluate,3.376112778981527,0.45390070921985815,0.36508308805470097,0.33315615593952075,0.3115723483253817,1128
184,1,evaluate,2.640587055683136,0.48482362592288764,0.1744706072454019,0.20056764574988875,0.13868702329630553,1219
184,2,evaluate,3.0874681031262434,0.30317273795534666,0.2041145027203608,0.14806327725668195,0.12242313700046455,1702
184,3,evaluate,3.023502277977326,0.4096499526963103,0.28620058738139054,0.35878777624799324,0.22991503122910123,2114
184,4,evaluate,2.0592110455036163,0.6262740656851642,0.2606901684094103,0.31723790816517256,0.22234859125836567,1766
184,5,evaluate,3.3688138687249385,0.44573082489146165,0.3094095897558213,0.30700266189694564,0.2704016420644487,2073
185,0,evaluate,2.074058013302939,0.622876557191393,0.26027788078009184,0.3153649628135451,0.22057257289769341,1766
185,1,evaluate,2.678527706861496,0.4889253486464315,0.17375338272367136,0.20081397418780597,0.13877342636101606,1219
185,2,evaluate,3.4306308693355985,0.449468085106383,0.3645330305326999,0.33178931878975887,0.31085049420304484,1128
185,3,evaluate,3.4631339130979595,0.44235407621804146,0.30810213082446847,0.304671435775397,0.2685960007413611,2073
185,4,evaluate,2.94601365573266,0.43188268684957426,0.286151258801162,0.36676754399991285,0.2360521226917466,2114
185,5,evaluate,3.1190423523938215,0.3037602820211516,0.20663821247705308,0.14878711659736768,0.1241016492153639,1702
186,0,evaluate,3.4805781973732843,0.4423758865248227,0.3625473707808885,0.32752236918775307,0.307890559239547,1128
186,1,evaluate,3.1165284404048212,0.3096357226792009,0.20813300020676523,0.1499874214995614,0.12637836444738193,1702
186,2,evaluate,2.7032454907894135,0.4913863822805578,0.17763633352212643,0.22087872719181129,0.14389092527856312,1219
186,3,evaluate,2.076320622648512,0.6200453001132503,0.2592235313920529,0.313851460993888,0.21921540928050712,1766
186,4,evaluate,3.556382482702082,0.4341534008683068,0.3079538300197123,0.3006655640309326,0.2667036768735109,2073
186,5,evaluate,2.8781392548014137,0.4498580889309366,0.28680659746546316,0.36844659541133323,0.24076678281108926,2114
187,0,evaluate,3.5055969291263156,0.4512411347517731,0.36708737085346577,0.3360606222915217,0.31462468660322224,1128
187,1,evaluate,2.1126774890082225,0.6143827859569649,0.26059712299166127,0.31261017077221465,0.21869620360694159,1766
187,2,evaluate,3.0577017731136746,0.31668625146886015,0.20952240944579786,0.1654230920149286,0.12996354858709763,1702
187,3,evaluate,2.685871285200119,0.4922067268252666,0.17693664650478885,0.2204888740542946,0.14330879808532482,1219
187,4,evaluate,2.85433948478278,0.4555345316934721,0.2848995400355102,0.369226518191256,0.24053907698176644,2114
187,5,evaluate,3.629818172165842,0.4356005788712012,0.31248781193634817,0.3010991949718341,0.2676016859187391,2073
188,0,evaluate,2.644856309890747,0.49056603773584906,0.17798868419878328,0.2200863373386738,0.14366443293512243,1219
188,1,evaluate,2.861837782404002,0.45269631031220436,0.28302439468076585,0.364762663391054,0.23715200763013736,2114
188,2,evaluate,3.520673010084364,0.45656028368794327,0.3700256045108917,0.3428326665549286,0.3186235385716065,1128
188,3,evaluate,3.6841288841131963,0.4351181862035697,0.3095950668024242,0.3001443400787375,0.26485173481118907,2073
188,4,evaluate,2.1399534600121632,0.60079275198188,0.2622843829454508,0.3422540121722474,0.21906840492347923,1766
188,5,evaluate,2.98965683248308,0.327262044653349,0.2082921654548119,0.1682044995807268,0.1326042641724288,1702
189,0,evaluate,3.5318121115366616,0.449468085106383,0.36704230166994284,0.3407245064439981,0.31407746192963953,1128
189,1,evaluate,2.890259556910571,0.4427625354777673,0.28289243125164376,0.36453903100467294,0.23474892923705318,2114
189,2,evaluate,2.5844795942306518,0.48974569319114025,0.17453968733115,0.20025522919448152,0.1387383355362788,1219
189,3,evaluate,2.941460123768559,0.33490011750881316,0.20794961599060927,0.1702393257468787,0.1338865874131122,1702
189,4,evaluate,2.1668297180107663,0.5939977349943375,0.26224265333866614,0.3404409064552604,0.21798221210013677,1766
189,5,evaluate,3.7233431483760024,0.4370477568740955,0.3112072319227579,0.30374637990382597,0.266885849184247,2073
190,0,evaluate,3.498965263366699,0.4521276595744681,0.36291729451397525,0.3419450255318746,0.31341962116818234,1128
190,1,evaluate,2.165563017129898,0.5917327293318233,0.2635329973214713,0.3408928438702382,0.2182135562018456,1766
190,2,evaluate,2.526281785964966,0.49876948318293685,0.1760109179859831,0.201202492211838,0.13920918873965496,1219
190,3,evaluate,3.713188229185162,0.43608297153883263,0.307896060666653,0.30386040566301303,0.26531289692509985,2073
190,4,evaluate,2.9455432734068703,0.4323557237464522,0.2802981230870463,0.3636547683048587,0.2303220364360365,2114
190,5,evaluate,2.913594872863204,0.3307873090481786,0.2060980201884764,0.15607738084593553,0.13015455346241542,1702
191,0,evaluate,3.459830734464857,0.4583333333333333,0.36435959275865065,0.34777335958211875,0.31700385035214274,1128
191,1,evaluate,2.486454373598099,0.5102543068088597,0.17568547438116996,0.20351357365376055,0.1403471557786526,1219
191,2,evaluate,2.9226058059268527,0.3301997649823737,0.20604981611975778,0.1552363983464103,0.1294596641982403,1702
191,3,evaluate,2.148450072322573,0.5951302378255946,0.2664338722769798,0.34281896214222435,0.22038173270371414,1766
191,4,evaluate,3.6899419192111855,0.4365653642064641,0.3080975406302674,0.3070907355129317,0.2668375597864493,2073
191,5,evaluate,3.0022038046051476,0.412961210974456,0.2802366401944496,0.3593483152642285,0.2252312027370924,2114
192,0,evaluate,3.409120957056681,0.4627659574468085,0.36593724653317256,0.34957120500463706,0.31854992034441887,1128
192,1,evaluate,3.6415273203994287,0.43945972021225277,0.30704949625229183,0.3090361676969566,0.26765830822066183,2073
192,2,evaluate,2.4593975067138674,0.5110746513535686,0.17496550809962702,0.2039681797952826,0.1409303779521473,1219
192,3,evaluate,2.0969892953123366,0.6104190260475651,0.26720028656507244,0.3471906552023362,0.22366965173274805,1766
192,4,evaluate,2.965008099873861,0.3190364277320799,0.2064058064675554,0.16694578808947788,0.12948163544463404,1702
192,5,evaluate,3.0404915914816013,0.3978240302743614,0.2803418387270156,0.3582929644765088,0.22286245079999248,2114
193,0,evaluate,2.4511653065681456,0.5176374077112387,0.17996392799220173,0.30579928793947486,0.15142029726496792,1219
193,1,evaluate,3.0727933680309967,0.39924314096499525,0.2821813564057448,0.36011870132213714,0.22438584536896045,2114
193,2,evaluate,3.372538540098402,0.4645390070921986,0.364633153996268,0.34847599284771197,0.31834684913993644,1128
193,3,evaluate,3.0108261903127036,0.3102232667450059,0.2046303392168712,0.16317042534485574,0.12683305342748066,1702
193,4,evaluate,3.597381259455825,0.4452484322238302,0.3071298973796505,0.31216941131741394,0.2702208593512303,2073
193,5,evaluate,2.055655837059021,0.6217440543601359,0.27021047312032087,0.34956486990957536,0.2263919901589969,1766
194,0,evaluate,3.3749244345559015,0.4645390070921986,0.3645121562140513,0.33286219295698094,0.31667644272551965,1128
194,1,evaluate,2.0465377228600636,0.622876557191393,0.2705585225683816,0.34955445881655167,0.2271229772286333,1766
194,2,evaluate,2.4574046969413756,0.5159967186218212,0.17552526915367384,0.206526924788607,0.14285901773373288,1219
194,3,evaluate,3.561137979680842,0.44958996623251324,0.30604540910958705,0.3281784296450852,0.2708872630640272,2073
194,4,evaluate,3.04469977484809,0.30141010575793187,0.2030565436733474,0.1591607762825545,0.12366399566050235,1702
194,5,evaluate,3.101984507897321,0.39072847682119205,0.2783717311188334,0.3551755317894558,0.21875956442700698,2114
195,0,evaluate,3.4100305636723838,0.45656028368794327,0.3632168925509447,0.327999911805417,0.31233019302718523,1128
195,1,evaluate,2.0623054334095547,0.6211778029445073,0.2662252432176946,0.2829103307172665,0.22048942152226542,1766
195,2,evaluate,3.130083813386805,0.39498580889309365,0.28034203831167,0.35739114648608317,0.2213739987517973,2114
195,3,evaluate,2.4929613292217256,0.5094339622641509,0.1742951851632091,0.2050856697819315,0.14147566046350032,1219
195,4,evaluate,3.5369806723161177,0.4505547515677762,0.30544955305072524,0.32760880543305754,0.27059586848650313,2073
195,5,evaluate,3.063716031886913,0.300235017626322,0.20609935385892766,0.160491476795451,0.12418958050908857,1702
196,0,evaluate,3.446850551499261,0.45656028368794327,0.3679037388201763,0.3289334998992023,0.3134200954502975,1128
196,1,evaluate,2.5550508379936216,0.5086136177194421,0.17512959730177907,0.20581330663106362,0.14173930402360338,1219
196,2,evaluate,3.054077713577836,0.30611045828437133,0.2088045435319386,0.1923553413144267,0.13106531299047203,1702
196,3,evaluate,3.5317610971855395,0.44766039556198745,0.30770676800647595,0.3269101699830431,0.2710498760207527,2073
196,4,evaluate,2.1252802440098355,0.6047565118912798,0.2638205200786693,0.2782057724833459,0.21626619257105414,1766
196,5,evaluate,3.150514246786342,0.40586565752128667,0.28547914051435913,0.3598042482662736,0.22757268879393053,2114
197,0,evaluate,3.173679332522785,0.41248817407757804,0.2865995764523007,0.36333011646483626,0.23004934181351988,2114
197,1,evaluate,2.608303743600845,0.5086136177194421,0.17807265816014614,0.2056444147752559,0.14535567285136622,1219
197,2,evaluate,2.1896993134702956,0.5985277463193658,0.2629999831086788,0.27796569660458265,0.21581326301289822,1766
197,3,evaluate,3.4987071885002985,0.45478723404255317,0.36546682691208315,0.3263828106381297,0.3116046732117478,1128
197,4,evaluate,3.040455906479447,0.3172737955346651,0.2080737814581383,0.1959191598003303,0.13406419769756878,1702
197,5,evaluate,3.5574672583377724,0.4481427882296189,0.3085759471113361,0.30996699949817114,0.26981064705469643,2073
198,0,evaluate,2.6345968663692476,0.5077932731747334,0.1843650747998574,0.2254107699154428,0.15537653833080928,1219
198,1,evaluate,3.5356365442276,0.4512411347517731,0.36457484416003977,0.32548700125190166,0.3108157013207718,1128
198,2,evaluate,2.244603229420526,0.5849377123442808,0.26238694204211443,0.27509334989236217,0.2133946396242341,1766
198,3,evaluate,2.997163728431419,0.3290246768507638,0.2031130700375728,0.18254232421029376,0.13280620915398325,1702
198,4,evaluate,3.183579879648545,0.42005676442762535,0.2851423453135537,0.3598172725324624,0.22986358823135267,2114
198,5,evaluate,3.577162020134203,0.447178002894356,0.31177903614220337,0.3119437169048568,0.27203163176235606,2073
199,0,evaluate,2.6434227585792542,0.505332239540607,0.18194997179088357,0.22421584334668446,0.15169192105883494,1219
199,1,evaluate,3.5789738628599377,0.45478723404255317,0.36324406478754306,0.32822050062923663,0.31160575520802325,1128
199,2,evaluate,3.2364332886303173,0.412961210974456,0.2822939975645728,0.3574120615956059,0.2253198924419276,2114
199,3,evaluate,2.26753277863775,0.5826727066817667,0.26247335058980237,0.27470964330965836,0.21288163973486948,1766
199,4,evaluate,2.968763130682486,0.3419506462984724,0.20450215671353628,0.17279307322092943,0.13524910278789326,1702
199,5,evaluate,3.5990993398608584,0.4452484322238302,0.3110154644753265,0.3123476350473676,0.2724472105074995,2073
200,0,evaluate,2.6112782955169678,0.5045118949958983,0.18309770476437143,0.22494348019581664,0.1531393694442346,1219
200,1,evaluate,3.611341873804728,0.4601063829787234,0.36610868040415606,0.33228279900192603,0.3149773274347292,1128
200,2,evaluate,2.2503804309027537,0.5900339750849377,0.26078960070153806,0.2755195147883453,0.21268135356045637,1766
200,3,evaluate,2.9597362412346735,0.3390129259694477,0.20390724838731838,0.1575703786548635,0.13246984405668757,1702
200,4,evaluate,3.6156686291550146,0.4442836468885673,0.3109053457981451,0.3116463501491915,0.2720509332328741,2073
200,5,evaluate,3.239976497257457,0.41248817407757804,0.28129347628649565,0.35886629261945713,0.22390718220177677,2114
201,0,evaluate,2.5979574799537657,0.49548810500410173,0.17495435428299871,0.16920761014686247,0.1395492136808534,1219
201,1,evaluate,3.597822070121765,0.45390070921985815,0.36129003528219766,0.32856522007627376,0.310860383385705,1128
201,2,evaluate,2.200375271695001,0.5973952434881087,0.25873956190476743,0.2767605014959628,0.2126446908704238,1766
201,3,evaluate,3.6232633951938515,0.44187168355041,0.31283160342639915,0.3257826024978791,0.27305803341825285,2073
201,4,evaluate,3.1927021811990177,0.41438032166508987,0.28065547806337265,0.35930413823994295,0.2237619856115632,2114
201,5,evaluate,2.972896138827006,0.3307873090481786,0.20255201123279343,0.15664018959080808,0.1315528663290711,1702
202,0,evaluate,2.5854286789894103,0.4995898277276456,0.18009910299905485,0.2227225189141077,0.1484491917033693,1219
202,1,evaluate,3.5793621804979114,0.45478723404255317,0.3620056904446167,0.3269414752111222,0.3113812744713057,1128
202,2,evaluate,3.618596568252101,0.4351181862035697,0.31082653644217223,0.3231349037984505,0.2712484904437674,2073
202,3,evaluate,3.126746078624445,0.4252601702932829,0.28067731614868857,0.36181736227215433,0.22620050647615023,2114
202,4,evaluate,2.147162675857544,0.6041902604756512,0.2618404393902584,0.34464187192412343,0.21914578232504364,1766
202,5,evaluate,2.997185813056098,0.32491186839012925,0.20167447494409546,0.15222859738908298,0.12984974938701277,1702
203,0,evaluate,2.5618024289608003,0.5045118949958983,0.1774018048832844,0.22342345349354695,0.1472149555994156,1219
203,1,evaluate,3.565872311592102,0.4627659574468085,0.3662730662831855,0.3316300470323367,0.3163228896598095,1128
203,2,evaluate,3.031339892634639,0.3108108108108108,0.20304371230134502,0.14974667394631527,0.12653060956098114,1702
203,3,evaluate,2.1054471816335405,0.6087202718006794,0.26171445687069783,0.3432375497817584,0.21725573472545828,1766
203,4,evaluate,3.0631063457797554,0.4356669820245979,0.2800321498897535,0.365573448129506,0.22866678598339094,2114
203,5,evaluate,3.615620974338416,0.43463579353593823,0.3110893382292129,0.32192150909057143,0.2709361511636447,2073
204,0,evaluate,3.574765298101637,0.4592198581560284,0.3669497048156537,0.32912207823508505,0.31550064016174445,1128
204,1,evaluate,3.0616269994665077,0.30434782608695654,0.20376261204452453,0.16124435444029978,0.1268726878875549,1702
204,2,evaluate,2.9739127939238266,0.44654683065279094,0.27864401635583047,0.3680087992990344,0.23151309490777766,2114
204,3,evaluate,2.559714823961258,0.5004101722723544,0.17722889939615832,0.22250155763239876,0.1448915068282521,1219
204,4,evaluate,3.6303587754567466,0.4312590448625181,0.31168627873940896,0.31847653771563184,0.2684535115503553,2073
204,5,evaluate,2.070618744407381,0.6138165345413363,0.26278800373172406,0.3111495464608784,0.21644858244192422,1766
205,0,evaluate,2.0693201209817613,0.6087202718006794,0.26403582381234847,0.30983052485607476,0.21633350314679597,1766
205,1,evaluate,3.577311290635003,0.45567375886524825,0.3662821007265601,0.3280222941141927,0.3150947981118857,1128
205,2,evaluate,2.5812809824943543,0.49548810500410173,0.17746569214719332,0.22129394748553627,0.14277571813793086,1219
205,3,evaluate,3.6476888728864267,0.4283646888567294,0.3073099057695053,0.2985077520210397,0.2639035932022569,2073
205,4,evaluate,3.07379173790967,0.3025851938895417,0.20142198479639672,0.16161692929483146,0.1256170740867123,1702
205,5,evaluate,2.912228986620903,0.456480605487228,0.282786905475409,0.37435476309526944,0.23800914356499678,2114
206,0,evaluate,3.6102857854631214,0.4601063829787234,0.37123080675643644,0.3185625393608997,0.318620301294607,1128
206,1,evaluate,3.0639173322253757,0.3096357226792009,0.20156218490807384,0.17732255065797248,0.12952827851843568,1702
206,2,evaluate,2.115099843059267,0.5951302378255946,0.26420187095930114,0.306931591683675,0.2147351546125286,1766
206,3,evaluate,2.6083940386772158,0.5020508613617719,0.17825132957244558,0.22239741878059632,0.14319764286629677,1219
206,4,evaluate,3.6673300338513926,0.426917510853835,0.305993222156224,0.2964494726307362,0.26238179826177915,2073
206,5,evaluate,2.8706481597002815,0.46357615894039733,0.283820380922476,0.3740441007846071,0.24006016944211495,2114
207,0,evaluate,3.6317274702919855,0.46187943262411346,0.3692605227743617,0.317237810757049,0.31800640017089155,1128
207,1,evaluate,3.678568876150883,0.4331886155330439,0.3069819385429161,0.30151030126669437,0.2661235034312172,2073
207,2,evaluate,3.047305937166567,0.318448883666275,0.20356314420242544,0.1826564389976031,0.1323220799976407,1702
207,3,evaluate,2.6359212934970855,0.4971287940935193,0.1801681965159309,0.24022852692478863,0.14559072517934132,1219
207,4,evaluate,2.8538872915155746,0.46546830652790916,0.28385421241608444,0.36863838202264965,0.2395409994021708,2114
207,5,evaluate,2.1796387135982513,0.5781426953567383,0.26509206253390005,0.3033446931103319,0.2127427885115908,1766
208,0,evaluate,2.664026713371277,0.4938474159146842,0.18066499816062467,0.2395923453493547,0.14476016546090456,1219
208,1,evaluate,2.863420762559947,0.4649952696310312,0.2836174984026662,0.3675438515103976,0.2387562610986583,2114
208,2,evaluate,3.043573909335666,0.3290246768507638,0.20490479455065386,0.18652779952305162,0.13543644206489358,1702
208,3,evaluate,3.6509809361563788,0.45567375886524825,0.36233642724557974,0.30180419073172493,0.31153490468082384,1128
208,4,evaluate,3.6812053376978096,0.4399421128798842,0.3083129565814361,0.3057230325156115,0.2691330406598763,2073
208,5,evaluate,2.238668769598007,0.5605889014722537,0.2654178236750351,0.2996598479959229,0.21043207277690934,1766
209,0,evaluate,2.666628694534302,0.49056603773584906,0.18132370540946446,0.23895616377392076,0.14597366532894204,1219
209,1,evaluate,2.28451435480799,0.5571913929784824,0.2647566832114246,0.3000097909770369,0.21057599097255278,1766
209,2,evaluate,3.6496496862835355,0.46099290780141844,0.36432285523458036,0.3064341716980399,0.3140785040285993,1128
209,3,evaluate,3.675544074087432,0.4452484322238302,0.30924387677098536,0.3087975831808357,0.2708368186411021,2073
209,4,evaluate,2.926632458672804,0.4517502365184484,0.28219328012861006,0.36316406502934534,0.23523005961402968,2114
209,5,evaluate,3.026000283382557,0.33783783783783783,0.20236400541469374,0.1847005897804877,0.13602374885403068,1702
210,0,evaluate,3.623392701148987,0.4601063829787234,0.36292392433571646,0.34195501911726806,0.31521134449038063,1128
210,1,evaluate,2.6446587204933167,0.48236259228876127,0.177144164218685,0.1978526924788607,0.1388956443129264,1219
210,2,evaluate,2.2998478838375638,0.5594563986409966,0.2648122940151357,0.3013701534398794,0.21072150835896744,1766
210,3,evaluate,3.634701938340158,0.4505547515677762,0.31068665130312967,0.2940352906699221,0.2708478235843579,2073
210,4,evaluate,3.012065441292875,0.4380321665089877,0.2798044984001876,0.3621088318113635,0.23071400980179413,2114
210,5,evaluate,3.060615000901399,0.34136310223266747,0.20310721436533613,0.18578391651420645,0.13660669983042723,1702
211,0,evaluate,3.5979256365034313,0.46099290780141844,0.363229536980639,0.3459649964271418,0.315689034661587,1128
211,1,evaluate,2.6264863848686217,0.4856439704675964,0.18013200638764973,0.19865776591010234,0.14205398506661343,1219
211,2,evaluate,3.0999793211619058,0.33137485311398357,0.20158692768792658,0.17077309618758818,0.13145412801570816,1702
211,3,evaluate,3.6088146007422246,0.4544138929088278,0.311961518481835,0.298627424630266,0.27417297742070534,2073
211,4,evaluate,2.3039165309497287,0.5634201585503964,0.26273683569872947,0.3033942182529315,0.2111986697603913,1766
211,5,evaluate,3.109878710964147,0.4148533585619678,0.277846423716812,0.3541323288656019,0.22316228487814999,2114
212,0,evaluate,3.5696141852272882,0.4627659574468085,0.35904406802676314,0.3452136754945155,0.3148539857756254,1128
212,1,evaluate,2.6157909870147704,0.48810500410172275,0.18001167691957165,0.1995149087672452,0.14322938010545583,1219
212,2,evaluate,3.1855969095931336,0.39924314096499525,0.2755735714464841,0.3545757078804095,0.21841798797249065,2114
212,3,evaluate,3.5916762424237803,0.4592378195851423,0.3106629910432583,0.3180060894961446,0.2762602685531256,2073
212,4,evaluate,3.1399525801340737,0.3301997649823737,0.2027404623647106,0.17012251256876829,0.1311651452117137,1702
212,5,evaluate,2.2934282507215227,0.5696489241223103,0.2603707728052461,0.3043820991672783,0.21060940446245963,1766
213,0,evaluate,3.1727689107259116,0.32432432432432434,0.20475599730020674,0.1697778743085459,0.13123610428234905,1702
213,1,evaluate,2.6145528674125673,0.49548810500410173,0.179251164774305,0.20124187805963506,0.1447820386072435,1219
213,2,evaluate,2.249660368476595,0.5939977349943375,0.26211838855577635,0.31013750719879873,0.21569673906165807,1766
213,3,evaluate,3.5408835808436074,0.4698581560283688,0.35891277687158996,0.3484865061941065,0.3171338443757604,1128
213,4,evaluate,3.5675894130359995,0.4645441389290883,0.3107664707980729,0.30353722502728014,0.27647140195717324,2073
213,5,evaluate,3.2410124391317368,0.38789025543992434,0.27499546881257364,0.3487080254919315,0.21335708305406023,2114
214,0,evaluate,3.5329381889767117,0.46631205673758863,0.35810775592874455,0.34917873469936983,0.31638918625984463,1128
214,1,evaluate,3.192235443327162,0.32138660399529967,0.20426854572646325,0.16805848310808877,0.13022557034505447,1702
214,2,evaluate,2.6294532895088194,0.4963084495488105,0.1800529745652934,0.20220315976858033,0.1462266747871947,1219
214,3,evaluate,3.2612298455308464,0.38647114474929045,0.2777821819677222,0.35555338159226046,0.21746191676691645,2114
214,4,evaluate,2.20077691759382,0.6036240090600227,0.2632349467582005,0.31254265167105305,0.21794648109547263,1766
214,5,evaluate,3.5608565879590586,0.4602026049204052,0.30730925453601754,0.29948716265070935,0.2730898981856179,2073
215,0,evaluate,2.639228141307831,0.4995898277276456,0.17765223964904028,0.20317712505562974,0.1456793381441832,1219
215,1,evaluate,3.2054825535526983,0.3084606345475911,0.2033810854193868,0.16309733461335446,0.12605264418856882,1702
215,2,evaluate,3.5166492727067737,0.4671985815602837,0.3593265941641973,0.34686437463241004,0.31628390612802304,1128
215,3,evaluate,2.146567646946226,0.6177802944507361,0.2642091634712737,0.31530866064457386,0.22077571295280607,1766
215,4,evaluate,3.26858287173159,0.3888363292336802,0.27752562960209526,0.3489532500635575,0.21734364268258038,2114
215,5,evaluate,3.57160057443561,0.45296671490593343,0.3052606435670139,0.312308173932777,0.2712097511546472,2073
216,0,evaluate,3.532206906212701,0.4627659574468085,0.359414422831753,0.34255163732000654,0.314203332740446,1128
216,1,evaluate,2.1183308320386067,0.6200453001132503,0.2641410649511592,0.3147954707276773,0.22075748092958092,1766
216,2,evaluate,3.192565229203966,0.3072855464159812,0.20251788646201857,0.16242384394520942,0.12599731803456324,1702
216,3,evaluate,2.6420682191848757,0.5069729286300246,0.17674917026219714,0.2045663106364041,0.14511718322593586,1219
216,4,evaluate,3.591702584064368,0.452484322238302,0.3070754734479672,0.3121089704304646,0.2721154561226039,2073
216,5,evaluate,3.268099563963273,0.40066225165562913,0.27954156730675145,0.35247563071794535,0.22297270691535093,2114
217,0,evaluate,3.579290575451321,0.46099290780141844,0.3556885054528854,0.3411007321798262,0.31268680885265143,1128
217,1,evaluate,3.170533162576181,0.3119858989424207,0.20550875018494746,0.17725105660741855,0.130058770500115,1702
217,2,evaluate,2.6517259061336516,0.5020508613617719,0.17840406866952865,0.3032418780596351,0.150009101337868,1219
217,3,evaluate,2.1112508518355235,0.6155152887882219,0.26510105799525735,0.3133701113841741,0.22029839993010825,1766
217,4,evaluate,3.612646738688151,0.4505547515677762,0.30678865075076117,0.29339841598407534,0.26980360463172687,2073
217,5,evaluate,3.212383887347053,0.4120151371807001,0.2804930212117898,0.3548589820814052,0.2262722456730192,2114
218,0,evaluate,2.122740783861705,0.6002265005662514,0.2649066591099732,0.30805238869488294,0.21669186355529746,1766
218,1,evaluate,3.133450800881666,0.4280983916745506,0.2803491740946351,0.3573023787707332,0.22991583493214565,2114
218,2,evaluate,3.631545808580187,0.4512411347517731,0.356886037625826,0.3363377146744888,0.3108983050230932,1128
218,3,evaluate,2.6608907997608187,0.5020508613617719,0.17114662079053225,0.17132443257676902,0.13814740493001362,1219
218,4,evaluate,3.643954103643244,0.44862518089725034,0.30996973024777663,0.2894873779534485,0.26907320332903334,2073
218,5,evaluate,3.1669238055193865,0.3072855464159812,0.20623277689454156,0.1765841921652052,0.12955587584489375,1702
219,0,evaluate,3.6486041810777454,0.4450354609929078,0.3589249207406119,0.3346807457445104,0.3100433424691907,1128
219,1,evaluate,2.6578636944293974,0.5094339622641509,0.17661611900567262,0.19259679572763683,0.14575261149733504,1219
219,2,evaluate,3.136822947749385,0.3096357226792009,0.20546583874874078,0.17687688507193947,0.12954809579681323,1702
219,3,evaluate,2.1601056115967885,0.5906002265005662,0.2666577287911538,0.3379366013857168,0.217292308504364,1766
219,4,evaluate,3.6719026204311485,0.4356005788712012,0.30761803540286276,0.28225935225099524,0.26329043529463997,2073
219,5,evaluate,3.0449213911505306,0.44607379375591294,0.28042258967310907,0.3578796028271616,0.23361892276343194,2114
220,0,evaluate,3.6685979498757257,0.44148936170212766,0.3661380222749787,0.3324437254454433,0.3111212601852899,1128
220,1,evaluate,3.721444101044626,0.4312590448625181,0.30656563953793825,0.29449103350824896,0.26163593817414865,2073
220,2,evaluate,2.6170854449272154,0.5077932731747334,0.18090781151170146,0.24478727191811306,0.15142458312943355,1219
220,3,evaluate,2.2251844022955214,0.5758776896942243,0.2671197980480263,0.3331459205710322,0.21320049074655908,1766
220,4,evaluate,3.1246717505984836,0.3084606345475911,0.20432505873164764,0.17552344250008242,0.12888901847339213,1702
220,5,evaluate,2.949090266928953,0.46404919583727533,0.27941648267030833,0.3566759105710281,0.2354062433660237,2114
221,0,evaluate,3.685235963927375,0.4352836879432624,0.36481534354113043,0.3307260939266684,0.3088255079733712,1128
221,1,evaluate,2.6148484468460085,0.5036915504511895,0.17969900987926196,0.24352759234534935,0.15067451111630276,1219
221,2,evaluate,3.104456574828536,0.31551116333725027,0.20346993992245502,0.17769009596751992,0.13010673963373484,1702
221,3,evaluate,2.2898063404219493,0.5617214043035108,0.2654822395677631,0.3296893192730665,0.21022182976963552,1766
221,4,evaluate,3.7630941362091987,0.432223830197781,0.30894643053411064,0.29693134362990625,0.2632398365573456,2073
221,5,evaluate,2.8913298126529243,0.47303689687795647,0.28155651344851107,0.3582949352099442,0.23852796436631568,2114
222,0,evaluate,2.607102394104004,0.5036915504511895,0.1814669738863287,0.24386537605696484,0.15226383827540385,1219
222,1,evaluate,3.0994700149253562,0.31786133960047,0.20277794757703785,0.17971702920752192,0.12967154132164319,1702
222,2,evaluate,3.675458550453186,0.4521276595744681,0.37068164484563143,0.34121456400209593,0.31664148008590487,1128
222,3,evaluate,2.9248868717866787,0.46404919583727533,0.28419871646242995,0.3692948627297633,0.2388359860998451,2114
222,4,evaluate,2.309635170868465,0.5611551528878822,0.264095553422623,0.3310644361337684,0.21080461012416482,1766
222,5,evaluate,3.789432735154123,0.4351181862035697,0.30874837881220485,0.2991530673905737,0.26443681328359725,2073
223,0,evaluate,3.685229500134786,0.45567375886524825,0.36939344279638264,0.3416179647015597,0.3153495027917015,1128
223,1,evaluate,3.121455501627039,0.3196239717978848,0.2040317220640231,0.1811729307957724,0.130268569984733,1702
223,2,evaluate,2.5994748055934904,0.5077932731747334,0.1806391479307608,0.22439741878059632,0.1490118277639352,1219
223,3,evaluate,3.019022254382863,0.44370860927152317,0.28032861042091,0.35036972049991943,0.2304589172046152,2114
223,4,evaluate,3.8288989717310127,0.4380125422093584,0.3071522703976165,0.30126076539205404,0.2640333562103768,2073
223,5,evaluate,2.2958568121705736,0.579841449603624,0.2638055467236353,0.3373888339260458,0.21495296779863327,1766
224,0,evaluate,3.666311184565226,0.46631205673758863,0.37110104314681625,0.35020416353366624,0.3198233916381351,1128
224,1,evaluate,2.5960965156555176,0.5061525840853158,0.18030128367812978,0.22416377392078327,0.1489789545590389,1219
224,2,evaluate,2.25399763243539,0.594563986409966,0.26329672249567426,0.3420058567119241,0.2180365177751799,1766
224,3,evaluate,3.120880603790283,0.31433607520564044,0.2020712752683511,0.16721606891798074,0.12688220666227107,1702
224,4,evaluate,3.119949484572691,0.42573320719016083,0.27827036846941083,0.3534838751249239,0.22480466937657786,2114
224,5,evaluate,3.83840587644866,0.44476603955619876,0.30781806236686154,0.3064894015951177,0.2664585210667964,2073
225,0,evaluate,3.65413236618042,0.4725177304964539,0.37143921739444596,0.35144403906638166,0.3205690808132021,1128
225,1,evaluate,3.1312898176687733,0.31668625146886015,0.20128459229924234,0.15373550761133242,0.1253127944898375,1702
225,2,evaluate,2.1852531135082245,0.6058890147225368,0.26341397275021217,0.34605337930991675,0.22088796304631875,1766
225,3,evaluate,2.627510613203049,0.49794913863822804,0.17931218865063894,0.22231998219848687,0.14628668409920126,1219
225,4,evaluate,3.8446698477773955,0.43945972021225277,0.30528837001076675,0.30426945637793035,0.2639035245294944,2073
225,5,evaluate,3.176270435838138,0.4063386944181646,0.27930961343556404,0.3509360890075176,0.22125981973642944,2114
226,0,evaluate,2.6485690653324125,0.48400328137817883,0.1775048831175163,0.2193206497552292,0.14443618941662748,1219
226,1,evaluate,3.6311150126987033,0.46808510638297873,0.36689716765703767,0.3353798330754154,0.3155377169521899,1128
226,2,evaluate,3.812777851567124,0.43608297153883263,0.30604707991424024,0.30604679477485763,0.2644029208835178,2073
226,3,evaluate,3.108125986876311,0.31139835487661577,0.2010399995100492,0.15246194698727292,0.12392825097218707,1702
226,4,evaluate,2.1138427002089366,0.6160815402038505,0.2625206529713765,0.3488997465900695,0.2231617442320418,1766
226,5,evaluate,3.170781694790896,0.40397350993377484,0.2777395953501711,0.349024823595348,0.2200310795593543,2114
227,0,evaluate,2.689473843574524,0.47333880229696473,0.17640446368959237,0.21729528259902092,0.14261781921492817,1219
227,1,evaluate,3.6379334529240928,0.4627659574468085,0.36783203870409764,0.333321837768742,0.3134115024015715,1128
227,2,evaluate,3.158739952480092,0.4044465468306528,0.27836934580244377,0.35251257410299003,0.22079014616768272,2114
227,3,evaluate,2.0688780077866147,0.6211778029445073,0.2642108715958295,0.3495567822259975,0.22402829955059084,1766
227,4,evaluate,3.7980544422612046,0.432223830197781,0.30440371679941264,0.2895806116924285,0.26269315192847353,2073
227,5,evaluate,3.0953350685260914,0.3119858989424207,0.20155513345324394,0.15233011968598728,0.12463453182924478,1702
228,0,evaluate,3.1186021040467655,0.4120151371807001,0.279597337902747,0.3594853176977951,0.22512797480016883,2114
228,1,evaluate,3.0825536604280823,0.30317273795534666,0.19937176739272475,0.13682135843911877,0.12054765640867168,1702
228,2,evaluate,2.740654766559601,0.4741591468416735,0.17595563549160673,0.21893213173119713,0.143088572079765,1219
228,3,evaluate,3.64726189772288,0.45478723404255317,0.36790976944532505,0.32854902303492045,0.31145948561117603,1128
228,4,evaluate,2.048289341585977,0.6217440543601359,0.26503339756318145,0.3495689097003553,0.22503844447178895,1766
228,5,evaluate,3.773915659297596,0.4331886155330439,0.30452867470532075,0.28825829318600504,0.26298576518790806,2073
229,0,evaluate,2.0404941673789705,0.6279728199320498,0.26416214471113963,0.31807930833496834,0.22371609408069243,1766
229,1,evaluate,3.6620244052675037,0.44769503546099293,0.3645894716977046,0.32242611290717543,0.3081224756572887,1128
229,2,evaluate,2.7741313874721527,0.4634946677604594,0.17529569089913916,0.21690676457498886,0.13936942991037632,1219
229,3,evaluate,3.767842654025916,0.4302942595272552,0.30604397744082884,0.28650281158847096,0.2622507952814387,2073
229,4,evaluate,3.0801125455785683,0.3037602820211516,0.19969269601831957,0.1517870246285451,0.12322870959115424,1702
229,5,evaluate,3.1073726415634155,0.4262062440870388,0.2811731748969802,0.36264831959497423,0.2298662229868095,2114
230,0,evaluate,3.09653580364059,0.4370860927152318,0.2810019797722874,0.3616104644341534,0.23158192672663763,2114
230,1,evaluate,3.678273558616638,0.44060283687943264,0.3593677612397759,0.3177069490313714,0.30473632521379174,1128
230,2,evaluate,3.1153408421410456,0.3072855464159812,0.1999938752212404,0.1511361110289961,0.12372660894309125,1702
230,3,evaluate,2.8149674415588377,0.4585726004922067,0.17398429034428675,0.21586804628393413,0.13614313700185293,1219
230,4,evaluate,3.77155648578297,0.4302942595272552,0.3041389616035398,0.28250295862697666,0.26084678125720073,2073
230,5,evaluate,2.060072443314961,0.6223103057757644,0.2626640989005962,0.2832859415143746,0.2196646257444285,1766
231,0,evaluate,2.1141957683222636,0.6155152887882219,0.26369105401082144,0.28138903662606946,0.21868712269648993,1766
231,1,evaluate,3.6846380631128945,0.4317375886524823,0.3573326778104114,0.3109787783454171,0.300142932368241,1128
231,2,evaluate,2.8383050858974457,0.45693191140278916,0.17170155097969647,0.19608900756564307,0.1321839915968926,1219
231,3,evaluate,3.1611246267954507,0.3008225616921269,0.200300023956364,0.1480634422470465,0.12182446861462015,1702
231,4,evaluate,3.761619553421483,0.4365653642064641,0.30583829095570525,0.28310105228958643,0.26297859594204026,2073
231,5,evaluate,3.1257095564814175,0.4427625354777673,0.2837874088169707,0.36290236446023066,0.23483664006917188,2114
232,0,evaluate,2.8604145526885985,0.4643150123051682,0.1721644937212889,0.19798486871384066,0.13405380433330294,1219
232,1,evaluate,2.1749882442610606,0.6013590033975085,0.26261781468530987,0.27801825439481187,0.21577335332265485,1766
232,2,evaluate,3.2038170055106834,0.30317273795534666,0.19929291367103774,0.1490589941068179,0.12207864591131572,1702
232,3,evaluate,3.703760690159268,0.4432624113475177,0.36292268095377195,0.31785550787647676,0.3065425128299902,1128
232,4,evaluate,3.777401960257328,0.4433188615533044,0.30858432829311866,0.3043836729504455,0.2680791951283941,2073
232,5,evaluate,3.1628979637342343,0.44181646168401134,0.2832013164748914,0.36376312170796804,0.23448845684956465,2114
233,0,evaluate,3.2480327200006553,0.30493537015276145,0.19915832492630775,0.14800646734857412,0.12154775864106271,1702
233,1,evaluate,2.8617191910743713,0.46595570139458575,0.1715273202247468,0.16483311081441923,0.13299455303017144,1219
233,2,evaluate,2.2418083378246854,0.5849377123442808,0.2601150994155013,0.27397366223437675,0.21144234553325464,1766
233,3,evaluate,3.209092683651868,0.4380321665089877,0.28283257475890405,0.35918036425721783,0.2324314379931168,2114
233,4,evaluate,3.704049971368578,0.4512411347517731,0.35741781246812504,0.32188588615875635,0.3070496772768336,1128
233,5,evaluate,3.7929734605731387,0.4491075735648818,0.3100867798365719,0.30872333536799523,0.2713255470763314,2073
234,0,evaluate,3.7123436397976346,0.4574468085106383,0.3572161572028657,0.3290024981411141,0.31045590991820843,1128
234,1,evaluate,2.847574770450592,0.47333880229696473,0.17189280700740367,0.16605340453938583,0.13410541461061803,1219
234,2,evaluate,3.2832901919329607,0.30317273795534666,0.19827527725374744,0.14840194925243094,0.12071339235735148,1702
234,3,evaluate,2.299201714141028,0.5736126840317101,0.2599918766338242,0.27018157694111855,0.20845366492404444,1766
234,4,evaluate,3.245156275875428,0.43472090823084203,0.27933390368612343,0.3443093255896149,0.22802108335634869,2114
234,5,evaluate,3.8509687076915395,0.4481427882296189,0.309897141170453,0.30983620971670445,0.27142295455367976,2073
235,0,evaluate,3.7054109705819025,0.46099290780141844,0.359750705854996,0.33121149381908643,0.3121559818898314,1128
235,1,evaluate,2.817819708585739,0.4913863822805578,0.17255721138433758,0.16879238985313752,0.13845801012093553,1219
235,2,evaluate,3.8939231598015986,0.447178002894356,0.3099977356919987,0.310509926680744,0.27089017711714736,2073
235,3,evaluate,2.3315968811511993,0.5747451868629672,0.26081103848460324,0.27120907423015217,0.2094943893061997,1766
235,4,evaluate,3.3103546566433377,0.30317273795534666,0.19755664190295386,0.1498433316885999,0.12083602302664376,1702
235,5,evaluate,3.2551985207725975,0.42904446546830655,0.27846538640612273,0.3535546862843427,0.22592650297717337,2114
236,0,evaluate,2.7615612864494326,0.5061525840853158,0.1755262515262515,0.17123297730307077,0.1417508635086199,1219
236,1,evaluate,3.6933742496702404,0.45656028368794327,0.3581499025076211,0.32957374955377994,0.31014657598958306,1128
236,2,evaluate,3.2575891526306378,0.4247871333964049,0.2776489373957779,0.3550346047335197,0.22455230971780488,2114
236,3,evaluate,3.306374708811442,0.30669800235017625,0.1978866106063914,0.15075094368405936,0.12165481206769284,1702
236,4,evaluate,3.9004608428839482,0.44669561022672455,0.30804532430613035,0.3090757487076224,0.2696737837137241,2073
236,5,evaluate,2.3385696581431796,0.579841449603624,0.26277038099194366,0.30492985852493143,0.2129862384800997,1766
237,0,evaluate,3.6793976889716253,0.45478723404255317,0.35602551420533546,0.3247825556992615,0.3083708057188731,1128
237,1,evaluate,3.278333204763907,0.3119858989424207,0.1979094661445724,0.15087597976904876,0.12278704004689259,1702
237,2,evaluate,2.337449529341289,0.578708946772367,0.2630082529176555,0.30395957394703654,0.21243065183995608,1766
237,3,evaluate,3.8685389504288183,0.44573082489146165,0.3076210182360934,0.3073619190065789,0.2687947004579376,2073
237,4,evaluate,2.6979602932929994,0.5110746513535686,0.17705073672203542,0.1722716955941255,0.14426422962665367,1219
237,5,evaluate,3.2572445536361023,0.42431409649952695,0.2796745832264695,0.35524238737168207,0.22550503214728773,2114
238,0,evaluate,3.685209141837226,0.4601063829787234,0.3604816233941629,0.32884182820801405,0.3120168517104287,1128
238,1,evaluate,3.2216663183989347,0.31551116333725027,0.19879811440833273,0.14975649353414164,0.1244301873101746,1702
238,2,evaluate,2.624979871511459,0.51681706316653,0.17607426879035765,0.17359612817089454,0.14288624179352655,1219
238,3,evaluate,3.84604279200236,0.447178002894356,0.30915120522209566,0.3099845084067046,0.27099010561483317,2073
238,4,evaluate,3.2388061267488144,0.41863765373699147,0.27730994786862334,0.3533493083574458,0.22209252895397275,2114
238,5,evaluate,2.3233888064111983,0.5758776896942243,0.2604149079939467,0.3024420323365994,0.21053167800836387,1766
239,0,evaluate,3.666192637549506,0.45478723404255317,0.36400339065515463,0.3255338766318879,0.3110004558804244,1128
239,1,evaluate,2.580610305070877,0.5225594749794914,0.1744450454198738,0.17424499332443258,0.14175593447025542,1219
239,2,evaluate,3.221186939407797,0.4153263954588458,0.27535402439924517,0.3524214131257531,0.2187593522334213,2114
239,3,evaluate,2.2939624658652713,0.580973952434881,0.2599280968741646,0.27093221581327676,0.20931962662905895,1766
239,4,evaluate,3.1869391335381403,0.309048178613396,0.19837108094961234,0.1461566805374142,0.12295221223255,1702
239,5,evaluate,3.798073407375451,0.45007235890014474,0.31216457614961596,0.31234123769891775,0.2734636757640027,2073
240,0,evaluate,3.655549473232693,0.45478723404255317,0.36641328125670025,0.3257726887348341,0.31235574936771915,1128
240,1,evaluate,3.7807705546870376,0.44380125422093586,0.310676439099338,0.3093112960265726,0.27145447799823774,2073
240,2,evaluate,2.253463008574077,0.587202718006795,0.26147495058983466,0.27235929153811417,0.2107911766464606,1766
240,3,evaluate,2.582397097349167,0.5209187858900738,0.1747257803613376,0.1740113484646195,0.1412818053596679,1219
240,4,evaluate,3.1894227003349975,0.4181646168401135,0.2777211543381407,0.3582211593450291,0.22156491878853682,2114
240,5,evaluate,3.1323183554190175,0.3096357226792009,0.19641646738882873,0.14470061395879918,0.12275489653092755,1702
241,0,evaluate,2.6082618474960326,0.5159967186218212,0.17485410802113246,0.20618914107699154,0.14211431342562866,1219
241,1,evaluate,3.6505293051401773,0.4441489361702128,0.36193179046418233,0.31923297047746113,0.3065555012642228,1128
241,2,evaluate,3.1244347638943615,0.41579943235572375,0.2742725045490267,0.3546960893317132,0.21810284515469963,2114
241,3,evaluate,3.7803430701747085,0.44042450554751567,0.3066592342098489,0.3063894659206376,0.26844292351359733,2073
241,4,evaluate,2.2325985772269115,0.5900339750849377,0.2592455311367256,0.2726632468422977,0.21044811075164213,1766
241,5,evaluate,3.095083890137849,0.31668625146886015,0.19867626052163295,0.14878997997853333,0.12576587267565492,1702
242,0,evaluate,3.79744223392371,0.44380125422093586,0.3092061600318722,0.3090254591917637,0.2709066885836853,2073
242,1,evaluate,2.6791684210300444,0.5028712059064807,0.17530016975288218,0.20431998219848685,0.14010793249712164,1219
242,2,evaluate,3.6504819128248425,0.4423758865248227,0.36384210271527684,0.32021853154906654,0.30816825503044515,1128
242,3,evaluate,2.208466891731535,0.5951302378255946,0.2610217461319847,0.30756699119237113,0.21450250789545908,1766
242,4,evaluate,3.0570937640526714,0.4181646168401135,0.27546354696507425,0.3571304566847062,0.2205668238050718,2114
242,5,evaluate,3.0935376661795155,0.31492361927144535,0.2013091699547937,0.1632872385229661,0.12777602197430865,1702
243,0,evaluate,3.6705564392937555,0.4432624113475177,0.36194234427818334,0.32174187784289754,0.30810601638219015,1128
243,1,evaluate,2.791663181781769,0.49056603773584906,0.17484110406096168,0.20239875389408102,0.13873199138131728,1219
243,2,evaluate,2.1812727451324463,0.594563986409966,0.25941001512266476,0.3085089729287525,0.21493773312077122,1766
243,3,evaluate,3.8201684446045845,0.4433188615533044,0.3075133690916621,0.30900745182167544,0.27018809816675315,2073
243,4,evaluate,3.1083998768417924,0.3196239717978848,0.20157249356269866,0.1665796744705132,0.12927447219210636,1702
243,5,evaluate,3.0228527854470646,0.4181646168401135,0.281591739119245,0.3700162344375726,0.22629456595927203,2114
244,0,evaluate,2.9142862260341644,0.46841673502871206,0.17178512418338,0.16585914552736983,0.13288404055531194,1219
244,1,evaluate,3.728985720210605,0.44769503546099293,0.3654785013076536,0.33509666459342113,0.3113659495716247,1128
244,2,evaluate,3.144216466833044,0.32138660399529967,0.19973911956042611,0.1671213378373726,0.12885679804273742,1702
244,3,evaluate,3.8514810836676396,0.4491075735648818,0.308728491618267,0.3108733219906544,0.27224284594866693,2073
244,4,evaluate,2.1741005948611667,0.5973952434881087,0.25965580601700566,0.3091602442905485,0.21610711676986524,1766
244,5,evaluate,3.008179583970238,0.4224219489120151,0.2853145986453939,0.35953519119070654,0.23002407257110677,2114
245,0,evaluate,2.184263982943126,0.5968289920724802,0.2613615007048403,0.31025131749094664,0.21785556217692253,1766
245,1,evaluate,3.7746633423699274,0.4521276595744681,0.3675951641091215,0.3360402230784976,0.31258336845594714,1128
245,2,evaluate,3.0343433022499084,0.45036915504511893,0.17121419727241435,0.16278237650200267,0.13007432448677697,1219
245,3,evaluate,3.1529395050472684,0.3225616921269095,0.2018425569981433,0.1824237493608714,0.13111985401883533,1702
245,4,evaluate,3.8735617724331943,0.45200192957067054,0.3112940035164109,0.31301193277166867,0.2743378844630235,2073
245,5,evaluate,3.00396390171612,0.42762535477767266,0.2844947957362013,0.3525526965337092,0.22939395836836973,2114
246,0,evaluate,3.807694011264377,0.44592198581560283,0.3643822120311932,0.3336594994065457,0.3094850300252645,1128
246,1,evaluate,2.206567632300513,0.5951302378255946,0.2588898937047103,0.27638285459942896,0.213043074574431,1766
246,2,evaluate,3.0911323189735413,0.4495488105004102,0.16970225510923184,0.1626655540720961,0.13039228491484423,1219
246,3,evaluate,3.18820822680438,0.31668625146886015,0.20078080110042634,0.18145773077635677,0.1290766863442313,1702
246,4,evaluate,3.902228666074348,0.452484322238302,0.3152997462004007,0.3126689692835439,0.275821063531951,2073
246,5,evaluate,2.9961687256308163,0.4389782403027436,0.28521395484211765,0.3523870450696852,0.23163037201187783,2114
247,0,evaluate,3.8061152034335666,0.44680851063829785,0.36735919606281103,0.33530347032191443,0.31098919994525415,1128
247,1,evaluate,3.203721249545062,0.32491186839012925,0.20255147385735622,0.18341930122064282,0.1313381490524369,1702
247,2,evaluate,3.1088626742362977,0.44872846595570137,0.17087387656529407,0.16237983978638185,0.12999614422968578,1219
247,3,evaluate,3.913887717507102,0.452484322238302,0.3161575283784135,0.3112242430067935,0.2748527722083908,2073
247,4,evaluate,2.2377618423530032,0.587202718006795,0.2631218139159316,0.3071576005896375,0.21606762557421674,1766
247,5,evaluate,3.0115340018973633,0.44843897824030277,0.2863947250690518,0.3574379925582457,0.2356571332970252,2114
248,0,evaluate,3.7759757041931152,0.4574468085106383,0.37232726593941934,0.34305262378549944,0.31790971101155696,1128
248,1,evaluate,3.0821942567825316,0.45693191140278916,0.17102111824837685,0.16321028037383176,0.1314035034250745,1219
248,2,evaluate,3.0359617647002723,0.45600756859035,0.2879272163292031,0.36031447270778194,0.23873770490098659,2114
248,3,evaluate,2.2582029700279236,0.5815402038505096,0.26241721729061884,0.30620439381904785,0.21468905568936134,1766
248,4,evaluate,3.9276458928079316,0.4505547515677762,0.3173065957682003,0.31292051788165776,0.27558253706932234,2073
248,5,evaluate,3.238555899372807,0.3190364277320799,0.20164875200439053,0.18101190019995922,0.12914333081239723,1702
249,0,evaluate,3.7388812568452625,0.4601063829787234,0.3716982828461989,0.34386020439227805,0.3185373953966951,1128
249,1,evaluate,2.245438869510378,0.5928652321630804,0.26166341069189536,0.30851735602436825,0.21566837251975807,1766
249,2,evaluate,3.0992865790339077,0.44654683065279094,0.28381233810317164,0.35873632318026527,0.23476468935758707,2114
249,3,evaluate,3.2835159125151456,0.3084606345475911,0.20123551010244384,0.16319157072286888,0.1246396448066825,1702
249,4,evaluate,2.9971070408821108,0.46759639048400325,0.17407530558186504,0.16388451268357812,0.13401705135416644,1219
249,5,evaluate,3.931101336623683,0.4452484322238302,0.31640386803116594,0.30906728659570043,0.2728355122046052,2073
250,0,evaluate,3.6978851424323187,0.4671985815602837,0.37270006281614954,0.34885232129673904,0.3221671024538031,1128
250,1,evaluate,2.2473742621285573,0.5996602491506229,0.2617614792578607,0.31047147362381206,0.21672312635984686,1766
250,2,evaluate,2.9042925000190736,0.4807219031993437,0.17350267100220648,0.16575367156208276,0.13501086468584095,1219
250,3,evaluate,3.140479168471168,0.4399243140964995,0.2825680655863677,0.3583496791806014,0.2317885600962105,2114
250,4,evaluate,3.3263689323707863,0.300235017626322,0.20051887837175655,0.14860527060427045,0.12121348243737504,1702
250,5,evaluate,3.9319614641594165,0.44573082489146165,0.3179714103215209,0.3112942291519093,0.2744683896816563,2073
251,0,evaluate,2.2705987010683333,0.5968289920724802,0.26114036379299355,0.27669924089202624,0.2135337997968872,1766
251,1,evaluate,2.815799194574356,0.4922067268252666,0.17555665772982207,0.20094348019581662,0.13997384621143166,1219
251,2,evaluate,3.6807894574271307,0.47074468085106386,0.36916876662696335,0.3480544275729982,0.32136082610091005,1128
251,3,evaluate,3.3185936080084906,0.3019976498237368,0.19902821270137233,0.14725988594892786,0.12138269186072956,1702
251,4,evaluate,3.9150915651610405,0.4442836468885673,0.31746007532374515,0.3119152627601566,0.275367729801486,2073
251,5,evaluate,3.201192847069572,0.4323557237464522,0.28112565258218225,0.3533360511977148,0.22762571751565464,2114
252,0,evaluate,3.6758433050579495,0.46808510638297873,0.3647303455472725,0.3456476838104239,0.3189502828889811,1128
252,1,evaluate,3.325647477750425,0.2978848413631022,0.19879685213337514,0.14356567185232144,0.11949851085510035,1702
252,2,evaluate,2.7507544577121736,0.5020508613617719,0.17518322279973014,0.20318980863373387,0.1424319480125768,1219
252,3,evaluate,2.2904488827501024,0.5951302378255946,0.2589124778264146,0.27617857031966336,0.21223160919739784,1766
252,4,evaluate,3.2624106372103974,0.42857142857142855,0.2798622157422992,0.35063453649620013,0.22446787196457021,2114
252,5,evaluate,3.896999814293601,0.44573082489146165,0.3165868338047302,0.31367252290117076,0.27668724682539814,2073
253,0,evaluate,3.698654227786594,0.45656028368794327,0.3600640333336711,0.3377643820768248,0.311854154266589,1128
253,1,evaluate,2.7107565701007843,0.5143560295324036,0.17604829586350929,0.17223230974632844,0.14228010636950744,1219
253,2,evaluate,2.319692279611315,0.5900339750849377,0.25874313885563305,0.27384418700220187,0.2107549220676775,1766
253,3,evaluate,3.3342279681452998,0.2978848413631022,0.19787308487494487,0.1426514336309303,0.1190747713301344,1702
253,4,evaluate,3.2973289244315205,0.42431409649952695,0.27834120587990263,0.3499995936080927,0.2228270920274779,2114
253,5,evaluate,3.8855620153022534,0.44669561022672455,0.31404403581684537,0.3140617570907559,0.27561945109848895,2073
254,0,evaluate,3.7187190850575766,0.45567375886524825,0.36378528336355753,0.3381132623128928,0.3128081441619252,1128
254,1,evaluate,3.323311682100649,0.2990599294947121,0.19758488151432305,0.14200068502174587,0.11887396060142666,1702
254,2,evaluate,3.8737696878837817,0.44766039556198745,0.3140990812334029,0.3135837079703033,0.2754686339702884,2073
254,3,evaluate,3.321534491637174,0.4224219489120151,0.27786015069455655,0.35094193400070434,0.22161837157680414,2114
254,4,evaluate,2.719537341594696,0.51681706316653,0.17714684729544153,0.20579928793947486,0.14468026134025663,1219
254,5,evaluate,2.335770615509578,0.5849377123442808,0.25777868293770523,0.27252112560661834,0.2094950189127375,1766
255,0,evaluate,2.330917911870139,0.579841449603624,0.2582130328681461,0.2716618255863147,0.20943622779263235,1766
255,1,evaluate,2.7548424243927,0.5151763740771124,0.17770432768959288,0.2055656430796618,0.1436874859966735,1219
255,2,evaluate,3.738801028993395,0.45478723404255317,0.3666992984353209,0.3377942363062032,0.3136158348315461,1128
255,3,evaluate,3.332295506088822,0.30141010575793187,0.19790574143291853,0.15562096655582963,0.12083465693077307,1702
255,4,evaluate,3.8648029890927402,0.4481427882296189,0.31308371850173145,0.31209921905308835,0.27420129470314264,2073
255,5,evaluate,3.3168038234991184,0.42336802270577106,0.2784900740553341,0.35476749449172595,0.2228776771637091,2114
256,0,evaluate,2.7981423914432524,0.5094339622641509,0.1760505374369032,0.20441010235870047,0.14110726227285816,1219
256,1,evaluate,2.2925690540245602,0.5877689694224235,0.2586140259870902,0.2745310349479047,0.21168908164630248,1766
256,2,evaluate,3.2965525458840763,0.4262062440870388,0.280971585780999,0.356649009487165,0.2258938721714659,2114
256,3,evaluate,3.345371608380918,0.30434782608695654,0.20099509434434312,0.16093873906243136,0.12353091290592844,1702
256,4,evaluate,3.861833247271451,0.44958996623251324,0.31112389417937203,0.3105499321745352,0.27222302260110876,2073
256,5,evaluate,3.7537687619527182,0.44858156028368795,0.36256364451776685,0.3354513344838302,0.3098395233808915,1128
257,0,evaluate,2.243693377290453,0.6041902604756512,0.2594168897387241,0.2788044779528948,0.21505296329598425,1766
257,1,evaluate,3.345469933969003,0.30493537015276145,0.20229841009995803,0.16372534116357834,0.12417583839959248,1702
257,2,evaluate,3.7402004533343844,0.450354609929078,0.3625527389629526,0.33490553438589854,0.3100965814648028,1128
257,3,evaluate,3.878419847199411,0.44766039556198745,0.30962383073680455,0.30934303022176995,0.2707552966622225,2073
257,4,evaluate,3.267353702993954,0.4247871333964049,0.2804974728849313,0.3548566467255437,0.2252474688175788,2114
257,5,evaluate,2.821569263935089,0.5036915504511895,0.17639230682442864,0.2032545616377392,0.1402621166715165,1219
258,0,evaluate,3.722240620189243,0.45567375886524825,0.36266157192693665,0.3371641519130245,0.31226219491527446,1128
258,1,evaluate,3.3577489764602095,0.2978848413631022,0.20000768614203315,0.1485825285453099,0.12067972673863525,1702
258,2,evaluate,2.8468519330024717,0.5028712059064807,0.17941206686890426,0.22268313306631066,0.14531577110173616,1219
258,3,evaluate,2.197837178196226,0.6126840317100792,0.2598055312112598,0.2812772462293115,0.2170068902852546,1766
258,4,evaluate,3.8939535328836152,0.44380125422093586,0.3061335340709194,0.30740391528541283,0.26848884125812533,2073
258,5,evaluate,3.225366504753337,0.4210028382213813,0.2797254732075798,0.3539582977259289,0.22432287667589174,2114
259,0,evaluate,2.845561158657074,0.4971287940935193,0.18035524966200253,0.22152759234534933,0.1453693551479821,1219
259,1,evaluate,3.7256501250796847,0.4521276595744681,0.36007614625865747,0.33552586469261464,0.30957444744159784,1128
259,2,evaluate,3.375531691092032,0.2972972972972973,0.2018958223281237,0.16363613459904816,0.12291784275124093,1702
259,3,evaluate,3.192613791016971,0.4252601702932829,0.28072859764366687,0.35486027039282014,0.22648786322790046,2114
259,4,evaluate,2.194790869951248,0.6121177802944507,0.25932211003223,0.28103828780578877,0.21665834278502222,1766
259,5,evaluate,3.9039933031255547,0.44283646888567296,0.30563006926088965,0.3075080881382068,0.26759250628073483,2073
260,0,evaluate,2.8587698221206663,0.49302707136997537,0.1776916311228935,0.1873891855807744,0.14192406178284922,1219
260,1,evaluate,3.748888280656603,0.4432624113475177,0.35600621943535476,0.3324173158871855,0.3052817058417362,1128
260,2,evaluate,3.162660837173462,0.4280983916745506,0.2804797801302884,0.35606290061534185,0.22790224728557176,2114
260,3,evaluate,2.214603283575603,0.6109852774631936,0.26048393706551964,0.2816289055917597,0.2173823286066408,1766
260,4,evaluate,3.931531660484545,0.44283646888567296,0.3050194982347821,0.30591566316202784,0.26637485458863075,2073
260,5,evaluate,3.37916393633242,0.2972972972972973,0.20107885774552442,0.16564032578008964,0.12291913730728118,1702
261,0,evaluate,3.3805586761898465,0.29318448883666276,0.20117053869539664,0.1648645410859158,0.12197382783445546,1702
261,1,evaluate,3.771011816130744,0.44680851063829785,0.3595723491454616,0.3350233520750106,0.30851618034011263,1128
261,2,evaluate,2.849409484863281,0.4938474159146842,0.1825993432554589,0.28738918558077436,0.15192747028380255,1219
261,3,evaluate,2.2481697031429837,0.60079275198188,0.2607479620299854,0.27855166757166205,0.21500411530192237,1766
261,4,evaluate,3.969292264996153,0.44187168355041,0.30621164742397766,0.3071384276206272,0.2672241532471923,2073
261,5,evaluate,3.143689274787903,0.4328287606433302,0.2822974235604527,0.35920634248211103,0.2301222798184126,2114
262,0,evaluate,3.7886050939559937,0.44680851063829785,0.35710974648863775,0.3340300613953341,0.3075203129151724,1128
262,1,evaluate,2.833756172657013,0.48974569319114025,0.18149156086240809,0.2876495327102804,0.15195630517179243,1219
262,2,evaluate,3.9944627140507554,0.4370477568740955,0.30665792560459504,0.30482472571349384,0.265499217996558,2073
262,3,evaluate,3.37147820437396,0.2984723854289072,0.20208324728924287,0.1521305611789138,0.12207770602129504,1702
262,4,evaluate,2.2922463544777463,0.5911664779161948,0.2607713737226961,0.30877915652932836,0.21555535364703077,1766
262,5,evaluate,3.1259508080342235,0.4380321665089877,0.28475049509078765,0.36246485914749926,0.23280188904449023,2114
263,0,evaluate,2.333964799131666,0.5736126840317101,0.26169096910633216,0.3031002739267329,0.2114324886267319,1766
263,1,evaluate,3.3506268836833812,0.2972972972972973,0.20014992083790037,0.16188913678501082,0.12278174693858049,1702
263,2,evaluate,3.788973000314501,0.4450354609929078,0.3571286442364796,0.33465511539410364,0.3079197752902302,1128
263,3,evaluate,2.8020549714565277,0.4938474159146842,0.17548415539004436,0.1883504672897196,0.14353335447360666,1219
263,4,evaluate,3.141610610134461,0.44039735099337746,0.2855835363326008,0.36222764784699685,0.23328441530102628,2114
263,5,evaluate,4.008273037997159,0.4331886155330439,0.3060795568673097,0.30317716486904184,0.26410140901600754,2073
264,0,evaluate,3.78016906314426,0.4423758865248227,0.35541875695664327,0.33295903972074775,0.3066719667845127,1128
264,1,evaluate,2.3619317284652164,0.5605889014722537,0.25940006243686414,0.2978394685365426,0.2064180378409534,1766
264,2,evaluate,3.329951807304665,0.300235017626322,0.20102472742770425,0.16086581332129465,0.12329324123195959,1702
264,3,evaluate,2.7868366479873656,0.4995898277276456,0.17441996116628472,0.18967489986648864,0.14437300436198708,1219
264,4,evaluate,4.005441506703694,0.432223830197781,0.3071493340857562,0.3034525702351208,0.26500878172482395,2073
264,5,evaluate,3.1553751826286316,0.43755912961210974,0.28319388720613076,0.3665685865134328,0.23205780179255378,2114
265,0,evaluate,2.8077938079833986,0.49876948318293685,0.1733071536408435,0.1892202937249666,0.14319593729384864,1219
265,1,evaluate,2.4022830298968723,0.5486976217440543,0.2595513834410638,0.2935755341844266,0.20282790379818313,1766
265,2,evaluate,3.3156445026397705,0.3019976498237368,0.1997983019923156,0.1464271263562816,0.12151531088476264,1702
265,3,evaluate,3.988643451170488,0.432223830197781,0.3081537110655487,0.3041568122296854,0.26622358638849464,2073
265,4,evaluate,3.7610692050721912,0.4450354609929078,0.35395549125476244,0.33150029462705,0.30630125330377034,1128
265,5,evaluate,3.185916190638262,0.4328287606433302,0.2795211825772655,0.3641711488501723,0.2278052193392762,2114
266,0,evaluate,3.302468458811442,0.30611045828437133,0.1986299863246624,0.14514014828999425,0.12167042118639237,1702
266,1,evaluate,2.854377806186676,0.5004101722723544,0.1755820555375121,0.18979172229639518,0.14457643681999244,1219
266,2,evaluate,3.742277834150526,0.4512411347517731,0.35959162786233956,0.33507305844882573,0.31118367934283553,1128
266,3,evaluate,3.9716290632883706,0.43270622286541244,0.30797093151888033,0.304973301439957,0.26709655466590865,2073
266,4,evaluate,2.4090601929596493,0.5617214043035108,0.26238984676775223,0.29768198587489214,0.20705496415378377,1766
266,5,evaluate,3.221629735301523,0.42999053926206243,0.27922455733351137,0.3625346184288318,0.2264973046337629,2114
267,0,evaluate,2.918367075920105,0.49794913863822804,0.18166768314128098,0.2905066755674232,0.1544416355776408,1219
267,1,evaluate,3.7415969371795654,0.44769503546099293,0.3534750654144512,0.32990612048302353,0.3063981531331441,1128
267,2,evaluate,3.2421086903880623,0.423841059602649,0.2771183593504743,0.35422613809141834,0.22298258320110684,2114
267,3,evaluate,3.29166226916843,0.30611045828437133,0.1973521510106876,0.13146113018612618,0.11881836346515744,1702
267,4,evaluate,3.946835272239916,0.43608297153883263,0.3075611693380353,0.3077962728953035,0.26903411754476625,2073
267,5,evaluate,2.395768791437149,0.5662514156285391,0.26319151225003223,0.266971119310104,0.20690206945530196,1766
268,0,evaluate,3.7464142905341253,0.4512411347517731,0.3607047194877434,0.33141553195344187,0.3102085011547717,1128
268,1,evaluate,2.9690404176712035,0.48810500410172275,0.18110017056637798,0.2885981308411215,0.1527141782028,1219
268,2,evaluate,2.367317633969443,0.5702151755379389,0.26215445504232954,0.2684762299321274,0.2077295066358044,1766
268,3,evaluate,3.305199905678078,0.3037602820211516,0.1963386745893574,0.131848389183104,0.11817788605995878,1702
268,4,evaluate,3.258361162508235,0.41248817407757804,0.2729487565221123,0.34678914988046994,0.21690573167188293,2114
268,5,evaluate,3.9348854729623506,0.44380125422093586,0.3079151960746616,0.3116739395115628,0.2722105178257172,2073
269,0,evaluate,3.003018248081207,0.48400328137817883,0.1819408633494207,0.28852069425901206,0.15291380982589806,1219
269,1,evaluate,2.3607082154069627,0.5730464326160816,0.2617711094926988,0.26979150715818895,0.20864775157084478,1766
269,2,evaluate,3.7891523705588446,0.44769503546099293,0.35624732657641783,0.3299211902315302,0.3067649344591915,1128
269,3,evaluate,3.3383700759322554,0.30493537015276145,0.19838848759041994,0.1481821820868334,0.1215173910658123,1702
269,4,evaluate,3.2875511365778305,0.41248817407757804,0.2770524885694406,0.34533088682003693,0.2187094918143103,2114
269,5,evaluate,3.9428556832400234,0.44862518089725034,0.309243478696373,0.3148053091818761,0.27447857543310106,2073
270,0,evaluate,2.994778001308441,0.48236259228876127,0.18015383193472848,0.2877803738317757,0.15031031770254674,1219
270,1,evaluate,3.8203159173329673,0.44769503546099293,0.35671633479204423,0.32061753344737004,0.30620725698796025,1128
270,2,evaluate,2.348099614892687,0.571347678369196,0.2585500499621338,0.269505747116551,0.20763570030836154,1766
270,3,evaluate,3.3646969618620695,0.3037602820211516,0.19902923892346436,0.14865721595775855,0.12107846918172718,1702
270,4,evaluate,3.9591939160318086,0.4481427882296189,0.30887654557391403,0.312846196090388,0.2731705628304713,2073
270,5,evaluate,3.293220117688179,0.41106906338694416,0.2776808787655793,0.3459428687484746,0.21916199027682065,2114
271,0,evaluate,3.815777646170722,0.450354609929078,0.35892700154552837,0.32311359189960054,0.3080175375009056,1128
271,1,evaluate,3.969344471440171,0.44862518089725034,0.3087894858306474,0.31146626777497577,0.2724974790586187,2073
271,2,evaluate,2.3323589031185423,0.5736126840317101,0.2551164813215969,0.2702061435059079,0.20714166599495737,1766
271,3,evaluate,2.940193498134613,0.4856439704675964,0.183872448673762,0.2884165554072096,0.15431853213913999,1219
271,4,evaluate,3.4054966149506747,0.2978848413631022,0.1988189572820996,0.14807829137985715,0.12048109664012066,1702
271,5,evaluate,3.2955806597190747,0.4077578051087985,0.2773081603622593,0.3460609732137761,0.21838530261625472,2114
272,0,evaluate,3.9936053680651113,0.4389773275446213,0.3074772979550155,0.30821417347115154,0.2694853787102568,2073
272,1,evaluate,2.312787115573883,0.5838052095130238,0.2568345764379419,0.27250495023946264,0.20925753214445905,1766
272,2,evaluate,2.8676676511764527,0.49876948318293685,0.17974357271032465,0.19006475300400533,0.14710267057081255,1219
272,3,evaluate,3.452751150837651,0.29318448883666276,0.200082883257254,0.1469657613516108,0.11944262547780919,1702
272,4,evaluate,3.8196944528155856,0.45478723404255317,0.3565829381740323,0.3283380348100954,0.3103203015263088,1128
272,5,evaluate,3.292243630570524,0.4139072847682119,0.27695261654760805,0.35140822446699477,0.2203661293046566,2114
273,0,evaluate,2.816039538383484,0.4995898277276456,0.17585390718305785,0.16928504672897196,0.14066636483063424,1219
273,1,evaluate,3.8237604830000134,0.4574468085106383,0.3591618292241502,0.33163033229997163,0.3121905643048796,1128
273,2,evaluate,3.3137250665356133,0.4210028382213813,0.27469497434349843,0.35729715387491157,0.22159099768781787,2114
273,3,evaluate,2.2821115446942195,0.5939977349943375,0.2578833723607395,0.2745136536265436,0.21096736260365456,1766
273,4,evaluate,3.4970211894423873,0.29318448883666276,0.20159885176851455,0.13552522074646325,0.11792604464699585,1702
273,5,evaluate,4.033138022278294,0.4399421128798842,0.3096568934880047,0.3088849333388026,0.27039898594429096,2073
274,0,evaluate,2.805437612533569,0.505332239540607,0.17690052700922265,0.17044058744993323,0.1416026387898007,1219
274,1,evaluate,3.5063324945944325,0.2990599294947121,0.20088304768401305,0.13666695406923718,0.11933037500612405,1702
274,2,evaluate,3.8492261171340942,0.4601063829787234,0.35540230225277025,0.3327627543885658,0.3110135276064284,1128
274,3,evaluate,2.2860044283526286,0.5962627406568517,0.2587745269840239,0.2754735271114149,0.21206978937089221,1766
274,4,evaluate,3.3272538325365852,0.4228949858088931,0.274456565170981,0.35454052308573103,0.22100883506515512,2114
274,5,evaluate,4.087319229588364,0.4365653642064641,0.3069573432011176,0.30804126394340337,0.26861286611410673,2073
275,0,evaluate,2.7914580404758453,0.49876948318293685,0.17633808095952025,0.16866154873164219,0.13995607375734595,1219
275,1,evaluate,3.8657058742311268,0.46187943262411346,0.3563793116678032,0.3343847110280736,0.31312616620009637,1128
275,2,evaluate,4.12677973689455,0.43463579353593823,0.30875068862765565,0.30778554908422867,0.26867126912042666,2073
275,3,evaluate,3.3017842094687855,0.4252601702932829,0.27205554491834366,0.35513814646816455,0.2201994346161465,2114
275,4,evaluate,2.2848622798919678,0.5973952434881087,0.25964204222948367,0.3088721608394648,0.21441334365914316,1766
275,5,evaluate,3.496439748340183,0.3037602820211516,0.2012317186829316,0.13766234093864402,0.12021211302358843,1702
276,0,evaluate,3.4826728679515697,0.3096357226792009,0.19978687127024725,0.138358408675385,0.12113868215046257,1702
276,1,evaluate,2.7834237039089205,0.5012305168170632,0.17600684378554918,0.16968758344459278,0.13983868925160509,1219
276,2,evaluate,3.8703547716140747,0.46365248226950356,0.3577886963171889,0.3368886525758431,0.31538583681966925,1128
276,3,evaluate,2.299365299088614,0.5973952434881087,0.26158999443956327,0.30889874729964417,0.21484353459728883,1766
276,4,evaluate,3.3219113235964493,0.41438032166508987,0.27325307072318095,0.3545842422325243,0.21885369855263628,2114
276,5,evaluate,4.135560606465195,0.4370477568740955,0.31023070157869814,0.31014384467835915,0.2701315127404404,2073
277,0,evaluate,2.7793063461780547,0.4971287940935193,0.17627785526111886,0.16927236315086783,0.1390839901368966,1219
277,1,evaluate,3.8960629966523914,0.46631205673758863,0.36116674592705567,0.33927368876491215,0.31770835099146555,1128
277,2,evaluate,3.4808828124293574,0.31609870740305523,0.2017787253125599,0.1389812206902601,0.1230457013691451,1702
277,3,evaluate,2.305612789733069,0.5939977349943375,0.2599191497871611,0.27523083241116786,0.21180471617105873,1766
277,4,evaluate,3.3290670058306526,0.4162724692526017,0.2760692044099463,0.35700386122357186,0.22093006888139605,2114
277,5,evaluate,4.145954204328133,0.44138929088277856,0.31353361986476935,0.31469865320483736,0.2739697313475051,2073
278,0,evaluate,3.313658956219168,0.41579943235572375,0.2758128457269785,0.3559206595906415,0.2210731715199949,2114
278,1,evaluate,3.9318286842770047,0.46808510638297873,0.3632173393265119,0.3530004345028509,0.3208484198206933,1128
278,2,evaluate,2.3181077795369283,0.5889014722536806,0.2607186854533366,0.27367690027563935,0.2109562974969789,1766
278,3,evaluate,3.4865625169542103,0.3196239717978848,0.200219439378787,0.13879887972606916,0.123876590575385,1702
278,4,evaluate,4.167572837887389,0.4389773275446213,0.3133915844150831,0.31311873058321327,0.2723401482533569,2073
278,5,evaluate,2.8060394406318663,0.5045118949958983,0.17385394157663067,0.1706615487316422,0.1382207027297611,1219
279,0,evaluate,3.4630407404016563,0.3196239717978848,0.20167435787562465,0.1390331660437482,0.1242830547307678,1702
279,1,evaluate,2.3484185550894057,0.5775764439411099,0.2612118335743777,0.27084296398390034,0.2090753139200344,1766
279,2,evaluate,2.837286651134491,0.5028712059064807,0.1783828861326456,0.19064886515353807,0.1441571028215619,1219
279,3,evaluate,3.941549062728882,0.4512411347517731,0.3567713567368447,0.341296302571149,0.31096351100529757,1128
279,4,evaluate,3.2713287376305638,0.4247871333964049,0.2759587845732968,0.35640407442125344,0.2234361443293374,2114
279,5,evaluate,4.172340494213683,0.43463579353593823,0.3134626393202352,0.3110419453612668,0.270743374896525,2073
280,0,evaluate,2.8829288244247437,0.5004101722723544,0.17973479983950763,0.19114285714285714,0.14365571432100874,1219
280,1,evaluate,3.9190360042783947,0.4370567375886525,0.3530319286044034,0.32899962282821243,0.30317646247953073,1128
280,2,evaluate,3.2416436093695022,0.43755912961210974,0.2769411828010177,0.3562610312076858,0.22616401395904345,2114
280,3,evaluate,4.142290982333097,0.43608297153883263,0.3097661411000668,0.3122418714032453,0.2708177120409855,2073
280,4,evaluate,3.423245112101237,0.3190364277320799,0.20258508627041003,0.15323110545551513,0.12682983995851632,1702
280,5,evaluate,2.390427998134068,0.5560588901472253,0.25985885899727373,0.2644986545477431,0.20399074334358888,1766
281,0,evaluate,2.909311133623123,0.4963084495488105,0.18205594064168537,0.28993524699599466,0.15286225757245228,1219
281,1,evaluate,3.900017950269911,0.4352836879432624,0.3539536635450516,0.32613114695812495,0.30300501156011583,1128
281,2,evaluate,2.4114583347524916,0.5560588901472253,0.25829795425130625,0.26458851340523115,0.20383152881814257,1766
281,3,evaluate,3.3813257217407227,0.3096357226792009,0.20161157023878182,0.14985752085995227,0.12461333595429107,1702
281,4,evaluate,4.100432879997022,0.4331886155330439,0.30755080847292915,0.32395207310007573,0.26914075188572095,2073
281,5,evaluate,3.2444335835821487,0.44796594134342477,0.2798187162183955,0.3608074529692975,0.23150265994859853,2114
282,0,evaluate,3.8695363203684487,0.43617021276595747,0.3583199058273808,0.33923599634139795,0.3062284256897646,1128
282,1,evaluate,4.059128017136545,0.4341534008683068,0.30852564869332877,0.32172897385081906,0.2690400222848056,2073
282,2,evaluate,2.418672093323299,0.5611551528878822,0.25821871525981177,0.26536603414960663,0.2044679742477097,1766
282,3,evaluate,3.381598781656336,0.31139835487661577,0.20270510694265123,0.16314105705996354,0.1269794903301156,1702
282,4,evaluate,2.936723732948303,0.49794913863822804,0.18502541000202175,0.3103898531375167,0.1584062032495764,1219
282,5,evaluate,3.2408765589489654,0.44512771996215705,0.28003293519707567,0.3618867957954757,0.23201693255576156,2114
283,0,evaluate,3.8464797602759466,0.4317375886524823,0.35910311031769737,0.33446527066271015,0.30460799792893745,1128
283,1,evaluate,2.4082647264003754,0.5662514156285391,0.2581442023204375,0.2660271095763147,0.20519686865393458,1766
283,2,evaluate,2.995748960971832,0.49548810500410173,0.1807362076651694,0.28998731642189585,0.1520651451085019,1219
283,3,evaluate,3.3935017674057573,0.30552291421856637,0.20292447107427997,0.16238641774380286,0.1258756990437327,1702
283,4,evaluate,4.020679213783958,0.4341534008683068,0.30875743116715937,0.31902506532040215,0.2682372179795136,2073
283,5,evaluate,3.2721961701617523,0.4522232734153264,0.2812939457418553,0.36580568908145766,0.23497940313311538,2114
284,0,evaluate,3.8003037638134427,0.4299645390070922,0.35789692646436366,0.33588985312339636,0.30443963185491496,1128
284,1,evaluate,3.024101507663727,0.4807219031993437,0.18023513029827004,0.28653337783711613,0.1486315941235456,1219
284,2,evaluate,2.3641831278800964,0.5792751981879954,0.2596881360820294,0.2687749232872898,0.20738819946371329,1766
284,3,evaluate,3.982586954579209,0.4351181862035697,0.3062524701575806,0.31652192659421474,0.2665537557203117,2073
284,4,evaluate,3.288712720660602,0.4399243140964995,0.27895369913883816,0.35759279157380425,0.22956566485717186,2114
284,5,evaluate,3.4128671487172446,0.28437132784958874,0.199815417700853,0.1577607478829227,0.12013588431392519,1702
285,0,evaluate,3.784092797173394,0.4326241134751773,0.35781933939302546,0.31260391406374943,0.30251575856018337,1128
285,1,evaluate,2.352837549788611,0.5741789354473387,0.2607277874778088,0.2674538817870962,0.2065911121806568,1766
285,2,evaluate,3.0633363485336305,0.4725184577522559,0.1810509509414619,0.2860407209612817,0.14840769177392832,1219
285,3,evaluate,3.430067115359836,0.2796709753231492,0.2010527463714428,0.15538255015676672,0.11840064097378547,1702
285,4,evaluate,3.9649138522870615,0.437530149541727,0.30697963225755087,0.3169344976619755,0.26718849165987074,2073
285,5,evaluate,3.30333806311383,0.4370860927152318,0.27797239539171376,0.35557778024233716,0.22807024476542664,2114
286,0,evaluate,3.761924081378513,0.4370567375886525,0.3577908247808886,0.31519886812929176,0.30417966524310647,1128
286,1,evaluate,2.3533387865339006,0.5736126840317101,0.260413907828391,0.267646038592504,0.20662001287748896,1766
286,2,evaluate,3.095909535884857,0.46595570139458575,0.1791792381743167,0.28459946595460617,0.14571823834730865,1219
286,3,evaluate,3.447848293516371,0.28378378378378377,0.2023059532374356,0.17811863859500834,0.12158322796574328,1702
286,4,evaluate,3.34197341168628,0.43472090823084203,0.28017518237876227,0.35462392533911524,0.22900155840647507,2114
286,5,evaluate,3.966554135987253,0.437530149541727,0.3051854628486466,0.31848575389733674,0.26718820598888227,2073
287,0,evaluate,3.1130298137664796,0.46185397867104183,0.17580288114201156,0.26345660881174904,0.14067011773210783,1219
287,1,evaluate,3.959294658718687,0.4384949348769899,0.3040634034726525,0.32067685722081507,0.26782260290643134,2073
287,2,evaluate,2.344794358525957,0.579841449603624,0.2615504363074618,0.27100387940821913,0.20948314139203492,1766
287,3,evaluate,3.735500944985284,0.44592198581560283,0.35670706688349885,0.32333537697907333,0.30824085171038895,1128
287,4,evaluate,3.442238039440579,0.282021151586369,0.1998799734699272,0.1575266265556082,0.11953022872327113,1702
287,5,evaluate,3.3948091408785652,0.42573320719016083,0.2812199246914554,0.35134656021364885,0.22700010581654295,2114
288,0,evaluate,3.0991535782814026,0.4643150123051682,0.17480887314337523,0.2633004005340454,0.14026343438599514,1219
288,1,evaluate,2.3428478751863753,0.5928652321630804,0.26134287050047755,0.2740909295952467,0.2115170051532321,1766
288,2,evaluate,3.46159571759841,0.4139072847682119,0.28098608446044987,0.34831370323142474,0.22341864412146598,2114
288,3,evaluate,3.7463930580351086,0.45390070921985815,0.3542130292213592,0.32498542281641807,0.30878044524396153,1128
288,4,evaluate,3.4301670568960683,0.2920094007050529,0.20060349198322885,0.16197547996837539,0.12256978983135862,1702
288,5,evaluate,3.9740738362976997,0.4389773275446213,0.3042518458534237,0.32294160836656244,0.2689563262727307,2073
289,0,evaluate,3.5037035801831413,0.40917691579943233,0.28413322642770117,0.34724082810791673,0.2238499357072755,2114
289,1,evaluate,2.3681182265281677,0.5906002265005662,0.2607914596173042,0.27439983523237776,0.21171124316110745,1766
289,2,evaluate,3.0833062171936034,0.46513535684987695,0.17481333493112644,0.26240387182910546,0.1393537995433523,1219
289,3,evaluate,3.8044278621673584,0.45390070921985815,0.3538358798598045,0.32400637366250995,0.3074445340047081,1128
289,4,evaluate,3.9953966574235396,0.4389773275446213,0.30547122222416256,0.30817872198743,0.26865105865952754,2073
289,5,evaluate,3.411100731955634,0.3037602820211516,0.20181979520719667,0.16278189964765963,0.12484230134984262,1702
290,0,evaluate,3.4192391943048546,0.30669800235017625,0.20326187471474771,0.16226281334939624,0.1251081125212779,1702
290,1,evaluate,3.8682351112365723,0.45390070921985815,0.35510600456143615,0.3251902257738208,0.3076444841500008,1128
290,2,evaluate,3.0213285744190217,0.47908121410992616,0.17543632063338305,0.2659098798397864,0.1438237431453348,1219
290,3,evaluate,2.372268651212965,0.5889014722536806,0.2589738790346262,0.27396700362211307,0.21066750637077317,1766
290,4,evaluate,3.5316036694190083,0.4044465468306528,0.28160493729690905,0.3458008009536038,0.2204687402928193,2114
290,5,evaluate,4.024709831584584,0.4433188615533044,0.30679401147966645,0.3100441891015182,0.2702945984862216,2073
291,0,evaluate,3.456353275864213,0.3037602820211516,0.20123534287132538,0.16066056530777867,0.12352871689198401,1702
291,1,evaluate,2.3474194620336806,0.5979614949037373,0.2584730603253451,0.2767359430331913,0.21238394971881075,1766
291,2,evaluate,3.940744916598002,0.45656028368794327,0.3566862564816832,0.32949615033903706,0.30990638878026927,1128
291,3,evaluate,2.9574998736381533,0.4938474159146842,0.17840560780215953,0.26953271028037384,0.1487918320148808,1219
291,4,evaluate,3.557454393190496,0.3926206244087039,0.28134883273409084,0.34370310509098934,0.216706943704389,2114
291,5,evaluate,4.058398030020974,0.44862518089725034,0.30876576532636324,0.3132903753349182,0.2727871859045022,2073
292,0,evaluate,3.996276338895162,0.45567375886524825,0.35587386603167437,0.32917836373002224,0.30985770349729397,1128
292,1,evaluate,2.935994863510132,0.49794913863822804,0.17946526495439538,0.2697790387182911,0.1508999200033683,1219
292,2,evaluate,3.4874659291020147,0.3096357226792009,0.2011019260890837,0.16174372705113282,0.1248692820269713,1702
292,3,evaluate,3.542493395945605,0.39403973509933776,0.27862532629920134,0.34359197571403716,0.21470933220490993,2114
292,4,evaluate,2.3551132721560344,0.5951302378255946,0.25790613644088883,0.2766322322179933,0.2119724963706376,1766
292,5,evaluate,4.09150269537261,0.447178002894356,0.3103410765630697,0.31437459860324646,0.2732590287238682,2073
293,0,evaluate,2.931554925441742,0.5077932731747334,0.18057070707070708,0.272194259012016,0.153161811049987,1219
293,1,evaluate,4.129564971634836,0.44138929088277856,0.30806547082061286,0.31075100044346243,0.27008286848953045,2073
293,2,evaluate,2.3470219373703003,0.5906002265005662,0.25910266675460103,0.3080969635045351,0.2134685781463494,1766
293,3,evaluate,3.512049948727643,0.3019976498237368,0.20156243659888698,0.16097456858289064,0.123108579165193,1702
293,4,evaluate,3.483804289032431,0.40681173131504256,0.28015793432636044,0.3478121886177944,0.21889464388871344,2114
293,5,evaluate,4.019600219196743,0.449468085106383,0.35703199275123915,0.3251930784749507,0.30728498878146515,1128
294,0,evaluate,2.9652785658836365,0.5004101722723544,0.18006288591962752,0.2704672897196262,0.1516338845625258,1219
294,1,evaluate,4.04262289736006,0.44680851063829785,0.3571648154380777,0.3359519097743867,0.30801661007422776,1128
294,2,evaluate,2.338175871542522,0.5843714609286523,0.25663492761286466,0.272942133256581,0.20926249683215997,1766
294,3,evaluate,3.4207998321336857,0.42005676442762535,0.27995590968363343,0.35227005214618234,0.2227783090005146,2114
294,4,evaluate,3.525109741422865,0.29553466509988247,0.20076209486292482,0.15864042328407285,0.1212592383276659,1702
294,5,evaluate,4.165219610387629,0.44476603955619876,0.31024662335626874,0.31195791770210957,0.2716837996969173,2073
295,0,evaluate,4.069677313168843,0.4450354609929078,0.36031748189816026,0.33566484700012855,0.3084615394961852,1128
295,1,evaluate,3.008309465646744,0.4938474159146842,0.1797283866774027,0.2697016021361816,0.1511144956001642,1219
295,2,evaluate,3.5206279224819608,0.300235017626322,0.20188513412936532,0.15883871509092812,0.12219370163365766,1702
295,3,evaluate,2.36595875450543,0.5821064552661381,0.25777313545522607,0.27299560158897773,0.2098227571620832,1766
295,4,evaluate,4.200404022679185,0.4389773275446213,0.30948320474652163,0.3072848370546014,0.26880879763242277,2073
295,5,evaluate,3.376184063799241,0.43661305581835386,0.27924573769972644,0.35836827394783993,0.22725060088976554,2114
296,0,evaluate,3.027997463941574,0.49302707136997537,0.18028112031781757,0.26958477970627504,0.15126948358850334,1219
296,1,evaluate,2.3963545901434764,0.5736126840317101,0.2578955084825808,0.27075572394789593,0.2082871188381418,1766
296,2,evaluate,4.097828374968635,0.44769503546099293,0.36693470505242953,0.3389170818572059,0.31154155795032185,1128
296,3,evaluate,3.513103299670749,0.30317273795534666,0.2032717389971586,0.16067524945022474,0.12322154913710848,1702
296,4,evaluate,3.3720933759913727,0.445600756859035,0.28062019839692937,0.36321514908042934,0.23085203161236284,2114
296,5,evaluate,4.238422877860792,0.447178002894356,0.3137889364867686,0.3108589150741917,0.2724149854260217,2073
297,0,evaluate,3.052697366476059,0.48974569319114025,0.1814808754477341,0.26861081441922563,0.15284928942763684,1219
297,1,evaluate,4.263712463956891,0.44476603955619876,0.3119974639665309,0.3104861066468955,0.27155311350763023,2073
297,2,evaluate,3.528482675552368,0.3072855464159812,0.20171982466646088,0.16077108224068654,0.1238290840057557,1702
297,3,evaluate,2.4447654826300487,0.5662514156285391,0.2580578348008286,0.26873630595373543,0.20673458308836232,1766
297,4,evaluate,4.106599476602343,0.44769503546099293,0.36447635155651964,0.33902856255080926,0.3101112796700507,1128
297,5,evaluate,3.378179395900053,0.4498580889309366,0.2807744065597548,0.35988736196602383,0.23129037801428426,2114
298,0,evaluate,4.100633528497484,0.4521276595744681,0.36679209269269675,0.341122223448503,0.313173809370039,1128
298,1,evaluate,3.4051060098059036,0.45411542100283825,0.2792980358340186,0.35904179240436024,0.2311804341171923,2114
298,2,evaluate,3.518556586018315,0.3102232667450059,0.20107369425859098,0.16048628226010217,0.12430262756543482,1702
298,3,evaluate,3.1287333369255066,0.4807219031993437,0.18094331447056491,0.2669879839786382,0.15100582018731748,1219
298,4,evaluate,2.4648748636245728,0.5662514156285391,0.25935201901115434,0.26905299576038855,0.2075074966237596,1766
298,5,evaluate,4.270651615027226,0.44042450554751567,0.3138232936234512,0.3091483195059996,0.27177070457565433,2073
299,0,evaluate,4.061613890859816,0.44680851063829785,0.36269860482864946,0.33635480890138697,0.30961892922247036,1128
299,1,evaluate,3.525738274609601,0.3125734430082256,0.20087929815903335,0.16107183306393527,0.12549850349237104,1702
299,2,evaluate,3.1699358224868774,0.4782608695652174,0.18085624211853718,0.2659619492656876,0.14896910312342893,1219
299,3,evaluate,4.255418539047241,0.44669561022672455,0.31795352734186955,0.31491792884071,0.2766419523637266,2073
299,4,evaluate,3.460842940737219,0.44796594134342477,0.28074745366431547,0.3614191440981676,0.2314824645192183,2114
299,5,evaluate,2.4614112632615224,0.5758776896942243,0.26212862654690705,0.30382725677626915,0.21219463467628183,1766
300,0,evaluate,2.428963269506182,0.5894677236693092,0.2651831670009327,0.3074780347750326,0.21589156975926108,1766
300,1,evaluate,3.198336637020111,0.4749794913863823,0.18097874492586632,0.26549465954606144,0.1463167462126529,1219
300,2,evaluate,4.022915138138665,0.45656028368794327,0.3645398991623378,0.3395922334568077,0.31476640046150994,1128
300,3,evaluate,4.253165064436017,0.4481427882296189,0.31738261011947666,0.31480656783556665,0.2767255864629319,2073
300,4,evaluate,3.4964093881494858,0.4441816461684011,0.28103122934082636,0.3624129583578047,0.23214172724835155,2114
300,5,evaluate,3.548780573738946,0.309048178613396,0.2016089715983566,0.16257841330545558,0.12546193590406632,1702
301,0,evaluate,3.9910380707846747,0.4601063829787234,0.3633082575874338,0.3389623653684576,0.315546191881944,1128
301,1,evaluate,3.209513771533966,0.47333880229696473,0.18265659916603313,0.31446862483311083,0.14971265408806836,1219
301,2,evaluate,3.54210986810572,0.4314096499526963,0.28003208362283033,0.3585821468741902,0.2288094626800107,2114
301,3,evaluate,2.4082683324813843,0.6002265005662514,0.26507223372788324,0.31033248973876315,0.21792706642784285,1766
301,4,evaluate,4.248460097746416,0.44862518089725034,0.3179208795008378,0.31611895333481493,0.27803875870414585,2073
301,5,evaluate,3.5740778181287975,0.3078730904817861,0.20208368808169497,0.16042787567104697,0.12481706571788813,1702
302,0,evaluate,3.166778099536896,0.4889253486464315,0.18390211352901067,0.31736381842456607,0.15258727872581881,1219
302,1,evaluate,3.9757635328504772,0.4627659574468085,0.36334180077705797,0.33930780269278676,0.3160044038868944,1128
302,2,evaluate,3.5536017260130714,0.42431409649952695,0.2803305318678924,0.36087437837076175,0.22814440559285404,2114
302,3,evaluate,2.39386339698519,0.609286523216308,0.2644095696541231,0.3125538686032434,0.21920310853527364,1766
302,4,evaluate,3.6042330971470586,0.299647473560517,0.20068430159088285,0.15875916312385976,0.12266304402240187,1702
302,5,evaluate,4.251126968499386,0.44862518089725034,0.31565585100601307,0.31505294967813774,0.27690678433285293,2073
303,0,evaluate,3.1049166321754456,0.4922067268252666,0.1819128007947884,0.26828571428571435,0.1493370137412413,1219
303,1,evaluate,3.954265581236945,0.4627659574468085,0.3612768963785123,0.3375174033700862,0.31429472885955434,1128
303,2,evaluate,2.3871820824486867,0.6104190260475651,0.263553749473712,0.3111255869242006,0.21756545942579691,1766
303,3,evaluate,4.22423047730417,0.44862518089725034,0.31454838681713343,0.3139869460214605,0.27586343484490755,2073
303,4,evaluate,3.615099898091069,0.30141010575793187,0.2009548387749413,0.15912511175245983,0.12386111917370835,1702
303,5,evaluate,3.558041415670339,0.41911069063386946,0.2837794000294434,0.36297010660030554,0.22937255561197262,2114
304,0,evaluate,3.6153259100737394,0.2978848413631022,0.19965523277712605,0.14488991112965086,0.12099340597124555,1702
304,1,evaluate,3.9811316993501453,0.4583333333333333,0.3578417290726271,0.33201125473001714,0.3101373837518491,1128
304,2,evaluate,3.0279595375061037,0.5036915504511895,0.18293656934379404,0.27059679572763684,0.15231049472982403,1219
304,3,evaluate,2.4001732553754533,0.6109852774631936,0.26403096568017925,0.31229206809828325,0.21869446761622707,1766
304,4,evaluate,4.199415170785152,0.4548962855764592,0.31576150699034816,0.31691576734406424,0.27807516685751504,2073
304,5,evaluate,3.5490956832380856,0.4176915799432356,0.2840439904084192,0.3625470093417652,0.22929967766628243,2114
305,0,evaluate,2.9758395671844484,0.49794913863822804,0.18112459744236217,0.2697790387182911,0.14987455016829407,1219
305,1,evaluate,4.207937507918387,0.452484322238302,0.31561886556862706,0.3151858843238585,0.2767220628134582,2073
305,2,evaluate,2.4302709145205363,0.6030577576443941,0.26607016270532785,0.31046278701414054,0.21825287430619394,1766
305,3,evaluate,3.600886901219686,0.300235017626322,0.20030001895085858,0.14524117561580485,0.12132562131574882,1702
305,4,evaluate,4.052835557195875,0.44769503546099293,0.3561575177484468,0.32852783141868247,0.30599824119104396,1128
305,5,evaluate,3.5473025818081463,0.41012298959318827,0.282232814537294,0.35495083736946303,0.22499679371681452,2114
306,0,evaluate,3.5592508757555925,0.31316098707403056,0.2016383653432677,0.14790527503239895,0.12423752740143815,1702
306,1,evaluate,4.10671595732371,0.44680851063829785,0.36025524015548693,0.32808088379204103,0.30661030642786136,1128
306,2,evaluate,2.941427433490753,0.49794913863822804,0.1748855932772207,0.17006475300400534,0.1383930132211137,1219
306,3,evaluate,2.471497173820223,0.5889014722536806,0.2655264986611338,0.30706339842731356,0.21564285328084926,1766
306,4,evaluate,3.543525312753285,0.40917691579943233,0.2810883460613852,0.3514372138052066,0.22247645340682895,2114
306,5,evaluate,4.198228337547996,0.45393150024119633,0.3161453839890115,0.3147667036660852,0.27613446089313437,2073
307,0,evaluate,2.937398946285248,0.4971287940935193,0.17450225475007458,0.1699479305740988,0.13872706050438402,1219
307,1,evaluate,4.145051625039843,0.44680851063829785,0.36359624036503163,0.3298535614080785,0.3083320431053641,1128
307,2,evaluate,3.529796255959405,0.31492361927144535,0.20355016414411442,0.1638729543171637,0.12769585549072243,1702
307,3,evaluate,3.526427036699127,0.4139072847682119,0.278582908094275,0.35245466964002226,0.2213855588924007,2114
307,4,evaluate,2.502890659230096,0.579841449603624,0.26443554291188465,0.33727238860837827,0.21551346052214782,1766
307,5,evaluate,4.202872102910822,0.4462132175590931,0.31321255490840366,0.3087405886683005,0.27203011855609904,2073
308,0,evaluate,2.976750373840332,0.49548810500410173,0.17455469367234072,0.1700520694259012,0.13886746433232355,1219
308,1,evaluate,4.194444219271342,0.4441489361702128,0.3659457995922878,0.32885748699007855,0.30698562428675713,1128
308,2,evaluate,4.227007591363155,0.4462132175590931,0.3148389232790497,0.30750412799635596,0.2719866787416237,2073
308,3,evaluate,3.488473962854456,0.3172737955346651,0.20382940969208466,0.17908742597635066,0.13052732739891434,1702
308,4,evaluate,2.530554622411728,0.5628539071347678,0.260524275133215,0.29900160640578943,0.20796984654052214,1766
308,5,evaluate,3.5282318171332863,0.41863765373699147,0.2783205293447607,0.35200253353508326,0.22223839966464504,2114
309,0,evaluate,4.206671131981744,0.44592198581560283,0.36816098241514916,0.3315966700623725,0.3094399180180609,1128
309,1,evaluate,2.5459884021963393,0.5656851642129105,0.2602137876243167,0.30066419968946334,0.2089697608140658,1766
309,2,evaluate,3.0373120427131655,0.4913863822805578,0.174794427612249,0.169130173564753,0.13783532888912728,1219
309,3,evaluate,3.4877311123742,0.3202115158636898,0.2019696195404835,0.16426794124992689,0.12844462477396304,1702
309,4,evaluate,3.528663754463196,0.4219489120151372,0.2772988528121981,0.3499807327465555,0.22212414274964395,2114
309,5,evaluate,4.236629384936708,0.44573082489146165,0.3140018922624834,0.30575407131357324,0.2706839978513305,2073
310,0,evaluate,4.169314053323534,0.44858156028368795,0.3706296751651542,0.3341697416322208,0.3116850992112755,1128
310,1,evaluate,2.5385558903217316,0.5696489241223103,0.2587200046293726,0.267806156279674,0.2062714478113504,1766
310,2,evaluate,4.227704315474539,0.4399421128798842,0.31095277297517593,0.3018321987593256,0.26681251402332495,2073
310,3,evaluate,3.502288455472273,0.4266792809839167,0.28041638307694317,0.3573539343946216,0.2255769881013671,2114
310,4,evaluate,3.0775081634521486,0.48974569319114025,0.17608395662308704,0.16957209612817087,0.13795034278302762,1219
310,5,evaluate,3.4990457782038935,0.3137485311398355,0.20140137921054171,0.16096098615029822,0.12616708135294055,1702
311,0,evaluate,3.049683129787445,0.4938474159146842,0.17554499168375115,0.17049399198931908,0.13848373068677325,1219
311,1,evaluate,2.5353744498320987,0.571347678369196,0.2590997289825552,0.26884174125228555,0.20684736445992424,1766
311,2,evaluate,4.218334212447658,0.43945972021225277,0.30964906296391614,0.31855676757732587,0.2678730826032466,2073
311,3,evaluate,4.1034637159771385,0.4530141843971631,0.3717479130410627,0.33656914525435955,0.3151357064544561,1128
311,4,evaluate,3.501879268222385,0.3172737955346651,0.2028264688869675,0.1638727893267992,0.12810664718955406,1702
311,5,evaluate,3.4709687145317303,0.4271523178807947,0.2780083670142278,0.3576027097139213,0.22461959302672468,2114
312,0,evaluate,3.511091770949187,0.31786133960047,0.2033206740730813,0.16456096413739024,0.12856489585728278,1702
312,1,evaluate,4.041884925630358,0.4592198581560284,0.37069803834519144,0.3394600465752443,0.3167597189295763,1128
312,2,evaluate,3.0154813289642335,0.4946677604593929,0.17502078344194155,0.16993524699599466,0.1381130139345419,1219
312,3,evaluate,2.5452946041311537,0.5673839184597962,0.25835686458718693,0.2679986165991376,0.2058843016907495,1766
312,4,evaluate,3.4444899243466995,0.4314096499526963,0.2758738383877591,0.3553102059711463,0.22370750310144105,2114
312,5,evaluate,4.2124426075906465,0.44138929088277856,0.3093935475146471,0.32257808346685163,0.2699762528367611,2073
313,0,evaluate,3.974270330535041,0.4671985815602837,0.3711783459579815,0.3425267031395909,0.3196350387344613,1128
313,1,evaluate,3.4330743586315826,0.43519394512771997,0.27356864054313573,0.35383758436470913,0.22233767443569397,2114
313,2,evaluate,3.5260113963374384,0.31492361927144535,0.20428151306314374,0.16148166912950904,0.1269280465044325,1702
313,3,evaluate,4.196308988513368,0.4433188615533044,0.31108495665440056,0.3262755263845854,0.272940613635238,2073
313,4,evaluate,2.5414498363222395,0.5594563986409966,0.2579475951989309,0.26524383265982504,0.20352876057824326,1766
313,5,evaluate,3.0023507356643675,0.4995898277276456,0.17468717094912828,0.16996061415220293,0.1385206859073539,1219
314,0,evaluate,2.5096975352082933,0.5719139297848245,0.25849985774414475,0.2676362426296099,0.20564356570402387,1766
314,1,evaluate,3.566419760386149,0.30611045828437133,0.2045627385796803,0.17350665882863595,0.1258722230086665,1702
314,2,evaluate,3.9406489266289606,0.47429078014184395,0.3724245937800074,0.3460852254355983,0.32294183197261656,1128
314,3,evaluate,2.997894310951233,0.505332239540607,0.17461521704102348,0.17162283044058743,0.13955555555555554,1219
314,4,evaluate,3.4219596456078922,0.43188268684957426,0.2743461081399044,0.3555031536324484,0.22295331681452685,2114
314,5,evaluate,4.205256686066136,0.44283646888567296,0.3083174311276298,0.32614003769736677,0.27157222433132866,2073
315,0,evaluate,3.9306034247080484,0.4716312056737589,0.3730941987192403,0.3437118160832971,0.32198131926052664,1128
315,1,evaluate,3.603050143630416,0.30493537015276145,0.20282591121538046,0.16003272374791927,0.12411371148422952,1702
315,2,evaluate,3.009499168395996,0.5069729286300246,0.1791193346102013,0.271739652870494,0.14757633460066574,1219
315,3,evaluate,2.4638499447277615,0.5939977349943375,0.2632916803156039,0.3069133964211293,0.21439157818440724,1766
315,4,evaluate,3.432509226834073,0.4356669820245979,0.2756504687419603,0.359172999352927,0.22572429603492275,2114
315,5,evaluate,4.225033767295606,0.44283646888567296,0.30679317941988,0.3253308320461087,0.27078348461995416,2073
316,0,evaluate,3.6461504300435386,0.299647473560517,0.2005148537953226,0.14401309910966636,0.11986704787497744,1702
316,1,evaluate,3.9191566838158503,0.4769503546099291,0.37432600238677155,0.34625296756273566,0.32476979855307603,1128
316,2,evaluate,2.9960615277290343,0.5077932731747334,0.17815561906523006,0.27151869158878505,0.14774969480926134,1219
316,3,evaluate,3.478705809396856,0.4314096499526963,0.277577865112648,0.36152112656904706,0.22659394292599533,2114
316,4,evaluate,4.241845239292491,0.4452484322238302,0.31007435811062256,0.3273724581266784,0.2729367289118561,2073
316,5,evaluate,2.4327941834926605,0.6024915062287656,0.264828532416873,0.3084912880933356,0.21609621820202754,1766
317,0,evaluate,3.004327619075775,0.5036915504511895,0.1781417031930917,0.3033066310636404,0.14913173594687404,1219
317,1,evaluate,3.939879722065396,0.47429078014184395,0.37111417721337525,0.34432247682821204,0.3229749238056129,1128
317,2,evaluate,2.4289118562425887,0.6030577576443941,0.26604718666148064,0.3091081888254301,0.21715973801642177,1766
317,3,evaluate,3.6754069240004927,0.3096357226792009,0.20361017531342376,0.14719628482452385,0.12316700203201256,1702
317,4,evaluate,4.261028961701826,0.44187168355041,0.3092889292304977,0.3250839670478648,0.27113095875793414,2073
317,5,evaluate,3.5310108714243946,0.4280983916745506,0.277600882317813,0.36119420614086073,0.22662700174392084,2114
318,0,evaluate,3.692777571854768,0.3096357226792009,0.2030621966333388,0.14982185632985762,0.12330241402133409,1702
318,1,evaluate,2.3856365382671356,0.6104190260475651,0.2643162034320608,0.3125474973009997,0.21989106339629716,1766
318,2,evaluate,3.040653705596924,0.5020508613617719,0.18181583282419375,0.32177392078326655,0.15437564278488117,1219
318,3,evaluate,3.9743503597047596,0.4671985815602837,0.3702056376366757,0.3404681390570292,0.3188770863390077,1128
318,4,evaluate,3.5566803129280316,0.4266792809839167,0.28040610472139316,0.36168381642793934,0.22859842036125877,2114
318,5,evaluate,4.27436410297047,0.44187168355041,0.30910556090152563,0.3083951573618129,0.26991460120571337,2073
319,0,evaluate,4.009606334898207,0.46631205673758863,0.3709358727021771,0.33896055719489454,0.31773874173641803,1128
319,1,evaluate,3.662391185760498,0.3096357226792009,0.20242644129155205,0.16365368212265988,0.12497762088124002,1702
319,2,evaluate,3.083249270915985,0.4963084495488105,0.1820474360029933,0.320111704494882,0.15151589335109206,1219
319,3,evaluate,2.3637256835188185,0.616647791619479,0.26518554854303417,0.3149286822365762,0.22225607410642662,1766
319,4,evaluate,3.5803215836777404,0.42431409649952695,0.2813949849769842,0.3623551321119133,0.2285986099052284,2114
319,5,evaluate,4.293356194640651,0.44283646888567296,0.31024272432947886,0.30995833126703926,0.2704358483511583,2073
320,0,evaluate,4.033402005831401,0.4671985815602837,0.37011065139017296,0.34165464899936204,0.3184130249434328,1128
320,1,evaluate,4.30122361761151,0.4384949348769899,0.3086500676853654,0.309192057594197,0.2682515379699148,2073
320,2,evaluate,3.1211944937705995,0.4946677604593929,0.17758407379271993,0.21965709835336003,0.14113287536574418,1219
320,3,evaluate,2.3566178551742007,0.6138165345413363,0.26461715084356596,0.3145941006814333,0.2219189006375296,1766
320,4,evaluate,3.623344589162756,0.3125734430082256,0.19961033200499792,0.15107267489495663,0.12317711978928643,1702
320,5,evaluate,3.602300895487561,0.4176915799432356,0.2800158106846418,0.35943064708616246,0.22553934436235581,2114
321,0,evaluate,3.1438934326171877,0.48810500410172275,0.17628348868364288,0.21889141076991545,0.14028430321813462,1219
321,1,evaluate,4.054372244411045,0.4645390070921986,0.3699348071661011,0.34162366571775526,0.3169976932802049,1128
321,2,evaluate,3.5806157324049206,0.3219741480611046,0.19969327177511323,0.1538019721169021,0.1254314224998176,1702
321,3,evaluate,2.388703167438507,0.6087202718006794,0.2635118409499316,0.3131852202191416,0.2205187034019275,1766
321,4,evaluate,3.597228726043421,0.4219489120151372,0.28130227197238017,0.3594646151707634,0.22793152697181282,2114
321,5,evaluate,4.289041851506089,0.44138929088277856,0.31043790671059335,0.31072706357471525,0.27018519393023266,2073
322,0,evaluate,4.086693035231696,0.45567375886524825,0.36637400366866657,0.33851648809016793,0.31284793771675634,1128
322,1,evaluate,3.142952525615692,0.48482362592288764,0.1759925174535149,0.21876190476190477,0.1395897888636775,1219
322,2,evaluate,2.433528257267816,0.5996602491506229,0.2634206080704679,0.31159924086335755,0.2190505436087004,1766
322,3,evaluate,3.5785570188480267,0.4262062440870388,0.283562087012999,0.35704973978662946,0.2285681048377513,2114
322,4,evaluate,3.5279688393628157,0.3225616921269095,0.19980427448710691,0.15269733501480562,0.12602500758955865,1702
322,5,evaluate,4.295405633521803,0.44042450554751567,0.31161482540976176,0.3100395549906665,0.2704943743721222,2073
323,0,evaluate,2.4789723243032182,0.5917327293318233,0.2620878240368292,0.3103195402212028,0.2176518875969305,1766
323,1,evaluate,3.5695450165692497,0.423841059602649,0.2838717538668641,0.35385861479803615,0.22700442596590387,2114
323,2,evaluate,3.1543375849723816,0.4913863822805578,0.17723826958521116,0.22104761904761902,0.1423374318714165,1219
323,3,evaluate,3.486158106062147,0.32138660399529967,0.19935849405776618,0.15157817876062765,0.12549002169178794,1702
323,4,evaluate,4.302243225502245,0.4384949348769899,0.3094369449454274,0.3085454101027392,0.26930641014979284,2073
323,5,evaluate,4.086474895477295,0.45567375886524825,0.361718547878273,0.3382036887335406,0.311396125744119,1128
324,0,evaluate,4.075038433074951,0.4530141843971631,0.3631877204232839,0.33856365109189135,0.31166890253715857,1128
324,1,evaluate,3.477347638871935,0.31668625146886015,0.2003620447527848,0.16385180893915058,0.12731505458199144,1702
324,2,evaluate,4.2986914967045635,0.44573082489146165,0.31259159235557815,0.309500258873483,0.2720505889539718,2073
324,3,evaluate,3.564945317366544,0.4210028382213813,0.2780593248011455,0.3509753946996262,0.22238873767218625,2114
324,4,evaluate,3.159714376926422,0.48236259228876127,0.17473561365786036,0.18739052069425904,0.13958796917275856,1219
324,5,evaluate,2.5386370420455933,0.5668176670441676,0.25788401715500414,0.269584077425775,0.20774179102362428,1766
325,0,evaluate,2.6046597191265652,0.557757644394111,0.2576812058862605,0.2670725952148211,0.20556530231124168,1766
325,1,evaluate,3.550885209265877,0.4271523178807947,0.2798183581612674,0.35595549392204007,0.22479081354403058,2114
325,2,evaluate,3.479468274999548,0.3190364277320799,0.2008050689561373,0.16426164500472437,0.1283973596359975,1702
325,3,evaluate,4.075834976302253,0.45478723404255317,0.3622840768461878,0.3270855938724274,0.3113799814565553,1128
325,4,evaluate,4.305596402197173,0.44187168355041,0.3136758314355645,0.3060557553483343,0.2710284101075705,2073
325,5,evaluate,3.1599040031433105,0.4831829368334701,0.17486264310989635,0.18818291054739653,0.14124971811726322,1219
326,0,evaluate,3.5513799330767464,0.4309366130558184,0.28122847807319623,0.35832302649210424,0.2264231150293651,2114
326,1,evaluate,4.308976527416345,0.4433188615533044,0.3143946425152373,0.3047777381865632,0.27134428541460986,2073
326,2,evaluate,3.148053240776062,0.48236259228876127,0.1711553359693743,0.16818291054739654,0.13618018221763473,1219
326,3,evaluate,3.4873159991370306,0.31492361927144535,0.19985527076892914,0.16222019261264084,0.12769889921998898,1702
326,4,evaluate,4.094130092196995,0.4432624113475177,0.35889147857071824,0.3214353248116715,0.30689767041637306,1128
326,5,evaluate,2.6764333801610127,0.5441676104190261,0.2546090508707334,0.2625555469674165,0.2010635747267278,1766
327,0,evaluate,4.103819065623814,0.44858156028368795,0.3610601864006031,0.3223075066185833,0.30947845937646584,1128
327,1,evaluate,2.6990804501942227,0.5469988674971688,0.2562183095462668,0.2632660509357413,0.20198724978985433,1766
327,2,evaluate,3.1394073367118835,0.4782608695652174,0.170651881130142,0.16776769025367155,0.13560295633500358,1219
327,3,evaluate,3.513923106370149,0.3072855464159812,0.19747612080580182,0.15870831948022532,0.1250978848119953,1702
327,4,evaluate,4.3222008835185655,0.44235407621804146,0.3150105762535283,0.3036468411618838,0.27159522895501553,2073
327,5,evaluate,3.5260316764607147,0.43188268684957426,0.28120035052922326,0.3619036024090274,0.2267240425169616,2114
328,0,evaluate,4.094485786226061,0.45567375886524825,0.36574655289455815,0.32496000701145816,0.3137372954569656,1128
328,1,evaluate,3.1199905633926392,0.47990155865463496,0.17260630719151318,0.1686769025367156,0.13782133795150986,1219
328,2,evaluate,3.505688276361017,0.4280983916745506,0.28174568589876164,0.3640216975976469,0.22676722347933892,2114
328,3,evaluate,3.5077365327764443,0.30552291421856637,0.19893774803223788,0.15736956105081434,0.12521573616662665,1702
328,4,evaluate,2.7109536954334805,0.5509626274065685,0.25761234969017843,0.2631264600225807,0.20226600893713043,1766
328,5,evaluate,4.32961073066249,0.44283646888567296,0.31734802867675527,0.3043839652927903,0.27350896135168173,2073
329,0,evaluate,4.052259577645196,0.4601063829787234,0.3626889354880297,0.3255358303880912,0.3139339542169417,1128
329,1,evaluate,3.0643461465835573,0.48236259228876127,0.17169607060886355,0.16987182910547396,0.13769937820328154,1219
329,2,evaluate,4.289092193950307,0.4433188615533044,0.3155230417596611,0.2889175323163289,0.2720613981184849,2073
329,3,evaluate,3.5101335225281893,0.30434782608695654,0.20164696948199162,0.1580203096599988,0.12601621324275233,1702
329,4,evaluate,3.5004260610131657,0.4271523178807947,0.2807543122398001,0.3629231350488132,0.22566311083057283,2114
329,5,evaluate,2.6792382768222263,0.5611551528878822,0.25972452910696847,0.2652189625809799,0.20434053323746001,1766
330,0,evaluate,4.01656515068478,0.46365248226950356,0.36585075449813764,0.3269726257826703,0.31633144033798927,1128
330,1,evaluate,3.484419096042128,0.43188268684957426,0.28195771443243645,0.3653984455747566,0.22791324915683192,2114
330,2,evaluate,3.5033267427373818,0.30611045828437133,0.19995261569375883,0.14420300301927805,0.12319855289804331,1702
330,3,evaluate,2.6377440180097307,0.5758776896942243,0.2603603858262848,0.2689165421978584,0.20730838867803106,1766
330,4,evaluate,2.98786301612854,0.49056603773584906,0.17297936344703027,0.17019559412550064,0.13874277926736497,1219
330,5,evaluate,4.265945709112919,0.4399421128798842,0.3141875683078079,0.2871333996384139,0.2702141708850475,2073
331,0,evaluate,2.8999912440776825,0.4946677604593929,0.17559900883430296,0.18931174899866487,0.1441137179611674,1219
331,1,evaluate,4.005193869272868,0.46808510638297873,0.36974787428421063,0.33147078965971827,0.31982259361341486,1128
331,2,evaluate,3.5052315217477306,0.30434782608695654,0.2007670606918026,0.14657976905485126,0.12331774983545621,1702
331,3,evaluate,2.58867786186082,0.587202718006795,0.2601363374479936,0.2722408263250567,0.2097656671569715,1766
331,4,evaluate,3.5135105743127713,0.423841059602649,0.27984211904557277,0.36586876807762886,0.22501060207660398,2114
331,5,evaluate,4.2427106409361866,0.44187168355041,0.31149382647862045,0.28862323336959805,0.26959408880592584,2073
332,0,evaluate,2.856776362657547,0.5004101722723544,0.18462306445723703,0.2886615487316422,0.15878038547228995,1219
332,1,evaluate,4.007505085733202,0.4627659574468085,0.3616355988369854,0.32953751518687124,0.3145264800361339,1128
332,2,evaluate,4.241949030847261,0.44476603955619876,0.3111515747889273,0.2904832908748169,0.269911241823655,2073
332,3,evaluate,2.5195482202938626,0.5979614949037373,0.25873069632002527,0.2754425973463997,0.21197927502341196,1766
332,4,evaluate,3.5249702488934553,0.2984723854289072,0.20223267488881186,0.1601255281668509,0.12376384555216557,1702
332,5,evaluate,3.5317997748360916,0.4120151371807001,0.2761972330843102,0.3582052539367187,0.22010684517923013,2114
333,0,evaluate,4.029611627260844,0.4671985815602837,0.36611285898494583,0.33430924225110437,0.3175368401425609,1128
333,1,evaluate,2.4635462505476817,0.6024915062287656,0.25802714174361385,0.2773623443161421,0.21369791096440988,1766
333,2,evaluate,2.8510615706443785,0.5135356849876949,0.18355899501794962,0.2898551401869159,0.15820719733005947,1219
333,3,evaluate,3.534136936068535,0.40539262062440873,0.2761867132570202,0.3584865741999557,0.21873919072238035,2114
333,4,evaluate,3.566059854295519,0.2978848413631022,0.2032917509622767,0.16019878388871675,0.12350215423069269,1702
333,5,evaluate,4.261736797563957,0.44669561022672455,0.3123542306328437,0.3094154994911304,0.2720958272700176,2073
334,0,evaluate,2.8621061563491823,0.5184577522559475,0.18428945726762322,0.2902182910547396,0.15868431820560175,1219
334,1,evaluate,3.6162531817400896,0.29435957696827264,0.20512263601483222,0.17571290466129866,0.12501823650829857,1702
334,2,evaluate,4.0533195866478815,0.46187943262411346,0.36673438413522635,0.33328812769330673,0.3154922430696486,1128
334,3,evaluate,3.530666395145304,0.40681173131504256,0.27520101066733504,0.3582864472656516,0.21955648124170887,2114
334,4,evaluate,2.3963591115815297,0.60079275198188,0.25886171353016785,0.2767006618613224,0.2136998900140327,1766
334,5,evaluate,4.273207671714552,0.4491075735648818,0.3135299864859708,0.3282538713167161,0.2744395914748198,2073
335,0,evaluate,2.89167959690094,0.5159967186218212,0.18395683615542538,0.28953004005340455,0.15809598062845226,1219
335,1,evaluate,4.09251430299547,0.45567375886524825,0.36359460261767945,0.3283335905128112,0.3112248123235889,1128
335,2,evaluate,3.530362027532914,0.413434247871334,0.27475180675187805,0.35820581698248966,0.22104202564002948,2114
335,3,evaluate,4.305827581521236,0.44235407621804146,0.3096774812787627,0.3245052006325615,0.2697796536069821,2073
335,4,evaluate,2.37288755604199,0.6030577576443941,0.2595667095667096,0.2785268055948348,0.21553347275470883,1766
335,5,evaluate,3.6529612187986022,0.2984723854289072,0.2037091574835664,0.17660583251431203,0.1255307445977874,1702
336,0,evaluate,2.3777593672275543,0.5934314835787089,0.2587549897597422,0.27569054589364994,0.21320803631536628,1766
336,1,evaluate,2.934709942340851,0.5135356849876949,0.17639595618705767,0.18963417890520695,0.14348345829616585,1219
336,2,evaluate,4.126918541060554,0.44769503546099293,0.359392986757209,0.3234462692214495,0.30685168425030496,1128
336,3,evaluate,3.6881224049462213,0.300235017626322,0.20401606658326088,0.16325709850894937,0.123037895267548,1702
336,4,evaluate,4.317329825776996,0.4384949348769899,0.30585665698013026,0.3207776051274297,0.266560234781643,2073
336,5,evaluate,3.5076551332193264,0.4153263954588458,0.2730137171756262,0.35607265167753416,0.2204220583144137,2114
337,0,evaluate,2.9649508953094483,0.5143560295324036,0.18566253489000273,0.30968624833110814,0.162415160170722,1219
337,1,evaluate,4.184600485695733,0.44148936170212766,0.3600976442492844,0.31945658692459933,0.3040961258058027,1128
337,2,evaluate,3.502228551051196,0.43188268684957426,0.2742011703292717,0.3630168328567967,0.2250771132811825,2114
337,3,evaluate,3.7230728025789612,0.2984723854289072,0.20522942408544687,0.1911990888395712,0.12669388634357023,1702
337,4,evaluate,4.333919669642593,0.4409068982151471,0.3084547528834329,0.3208246666327897,0.2676895595091545,2073
337,5,evaluate,2.4243895496640886,0.580973952434881,0.25836551490394954,0.27289764694589386,0.2108077838336063,1766
338,0,evaluate,4.233788927396138,0.43882978723404253,0.3599089265620169,0.31736987055425986,0.30310367236220637,1128
338,1,evaluate,3.0064102530479433,0.5061525840853158,0.18573492835951388,0.3091935914552737,0.16082305381640433,1219
338,2,evaluate,3.4956787263645843,0.4370860927152318,0.27333952484551166,0.3618451410521935,0.22472183025711087,2114
338,3,evaluate,2.4773080434117998,0.5639864099660249,0.25771767284017255,0.26829942645067284,0.20711834094745543,1766
338,4,evaluate,3.71972926457723,0.2984723854289072,0.2051780800039314,0.17678154725257134,0.12525493512816663,1702
338,5,evaluate,4.340070067030011,0.4442836468885673,0.31125529600318064,0.32237423973133483,0.2699529513161322,2073
339,0,evaluate,3.04971958398819,0.5020508613617719,0.18596644260800504,0.309960614152203,0.16111139135420846,1219
339,1,evaluate,4.234167138735454,0.43439716312056736,0.3620591863454879,0.31360878608406983,0.30290280199742736,1128
339,2,evaluate,3.482143652789733,0.4446546830652791,0.2742415914773467,0.36212795251764507,0.22669431209203825,2114
339,3,evaluate,3.688516237117626,0.30493537015276145,0.20569963724862594,0.1771700729497674,0.1265537479050483,1702
339,4,evaluate,2.529093095234462,0.5543601359003397,0.2587813517531705,0.26575125020057166,0.20550332386283734,1766
339,5,evaluate,4.321722514701612,0.4452484322238302,0.31034758598420414,0.32184319960686336,0.26965460677668024,2073
340,0,evaluate,3.508190821198856,0.4432355723746452,0.2750584131752503,0.3571854079403808,0.22562717100849944,2114
340,1,evaluate,3.0985466122627257,0.49056603773584906,0.186181040360717,0.3090006675567424,0.15874287260069392,1219
340,2,evaluate,2.557846167257854,0.5436013590033975,0.25803994366998606,0.2624596203217406,0.20218069438330125,1766
340,3,evaluate,4.290653828418616,0.4452484322238302,0.30925121617559975,0.3243303804205526,0.27044514586565954,2073
340,4,evaluate,4.181028948889838,0.44148936170212766,0.3637054726081678,0.3156464449950797,0.3056283970462595,1128
340,5,evaluate,3.619921648943866,0.3172737955346651,0.20572531532867738,0.16554845808064717,0.12817378960071416,1702
341,0,evaluate,3.1878550171852114,0.4774405250205086,0.18406383297163809,0.28674165554072095,0.15400446681674015,1219
341,1,evaluate,4.142238100369771,0.4397163120567376,0.3605007410466752,0.3135078659923665,0.3042044286593274,1128
341,2,evaluate,2.585195247616087,0.5373725934314836,0.25876626425536053,0.2607976340661783,0.20097213845441603,1766
341,3,evaluate,4.268967664603031,0.44476603955619876,0.31047740881252595,0.32682436163758244,0.2726332904361604,2073
341,4,evaluate,3.549337060363204,0.3307873090481786,0.20308050221107193,0.16751792145108307,0.13143281567459722,1702
341,5,evaluate,3.549765639445361,0.4385052034058657,0.27724465069071036,0.35483246905579635,0.22626729565691392,2114
342,0,evaluate,4.109311130311754,0.4441489361702128,0.3583455792843906,0.31561920545470173,0.30605316588168585,1128
342,1,evaluate,2.580129257270268,0.543035107587769,0.25893318623020173,0.26264773733636837,0.20228259315574615,1766
342,2,evaluate,4.262954401247429,0.447178002894356,0.31218015277502587,0.31087315923810993,0.27351609406464694,2073
342,3,evaluate,3.5725821239106796,0.4309366130558184,0.27596475635237705,0.3480152670017046,0.22227128219915065,2114
342,4,evaluate,3.2771742939949036,0.4692370795734208,0.1835770358104675,0.28608010680907875,0.15221877305794604,1219
342,5,evaluate,3.5020537729616517,0.3325499412455934,0.20414568626438706,0.1659382504780615,0.1319336040086236,1702
343,0,evaluate,3.3327545046806337,0.4561115668580804,0.1832540074571424,0.2830287049399199,0.1511718033622007,1219
343,1,evaluate,3.507420469213415,0.3307873090481786,0.20290472838611295,0.16533801553178235,0.1315968187452468,1702
343,2,evaluate,4.095185425546434,0.44148936170212766,0.355193625837576,0.3125540932310039,0.30345749528410043,1128
343,3,evaluate,3.559592420563978,0.4304635761589404,0.276498832208715,0.34946949802555594,0.22303155640743247,2114
343,4,evaluate,4.272165291237108,0.4409068982151471,0.3101020463229104,0.3091257734317236,0.2716591069090561,2073
343,5,evaluate,2.544790267944336,0.5656851642129105,0.2588192251627129,0.2680867590752915,0.20623359230365831,1766
344,0,evaluate,3.34991694688797,0.45118949958982774,0.18248064190613028,0.28215887850467286,0.15112590516853217,1219
344,1,evaluate,4.129331098662482,0.4432624113475177,0.3573438628377402,0.31493758332004257,0.3047842314662789,1128
344,2,evaluate,3.5329368026168257,0.3290246768507638,0.20297645634484202,0.1658277335451536,0.1313602606912691,1702
344,3,evaluate,4.317567269007365,0.44138929088277856,0.3106866476829086,0.3083143060813126,0.27125425178504814,2073
344,4,evaluate,3.5406598553938022,0.4309366130558184,0.27838573473308886,0.3500518471070008,0.22523534373961263,2114
344,5,evaluate,2.514014346258981,0.5832389580973952,0.25952507181476603,0.2718308367962293,0.2093339289229891,1766
345,0,evaluate,2.4928130422319685,0.5934314835787089,0.2597057931591507,0.2739273791454084,0.21084829545986836,1766
345,1,evaluate,3.5567655210141784,0.32491186839012925,0.20424546833100599,0.16487623411272043,0.13055515890334943,1702
345,2,evaluate,4.176752024226719,0.44060283687943264,0.3541981373074413,0.31002648272127836,0.30094712745747226,1128
345,3,evaluate,3.503296771470238,0.43424787133396403,0.28194744734084204,0.3556660600774525,0.22987207101574264,2114
345,4,evaluate,3.340516674518585,0.4479081214109926,0.18866397347464114,0.3007303070761015,0.16080217842018912,1219
345,5,evaluate,4.35477412108219,0.437530149541727,0.3103667679322655,0.3061345265594806,0.26966002557284086,2073
346,0,evaluate,4.236595352490743,0.4423758865248227,0.3583591819853746,0.3142700468695815,0.30428133917145794,1128
346,1,evaluate,3.2761148810386658,0.45775225594749797,0.18413128591954023,0.3024699599465955,0.1566779666505525,1219
346,2,evaluate,4.395767797123302,0.4356005788712012,0.3099181632815694,0.30421461285200213,0.2681919103196062,2073
346,3,evaluate,3.595182118592439,0.3190364277320799,0.2023892376690582,0.14999691110665864,0.12679237652535189,1702
346,4,evaluate,2.4790231713226865,0.6013590033975085,0.26010370010642236,0.2759037317981779,0.21252424019766397,1766
346,5,evaluate,3.4630925374872543,0.4337748344370861,0.27980657362629796,0.35681992434524085,0.22856512807352472,2114
347,0,evaluate,4.300937453905742,0.44148936170212766,0.3612754820739296,0.3161179511369746,0.30536996397285293,1128
347,1,evaluate,3.64925037489997,0.3108108108108108,0.20338908539449996,0.14856248487715046,0.12480360194573163,1702
347,2,evaluate,2.490561945097787,0.6002265005662514,0.2603454222656639,0.2760878009200078,0.21286988188863173,1766
347,3,evaluate,3.2222514510154725,0.4692370795734208,0.18454004958129128,0.3042743658210948,0.16007731433263347,1219
347,4,evaluate,4.449184273228501,0.43463579353593823,0.30889762611262206,0.3023520013052856,0.2665389441305547,2073
347,5,evaluate,3.4259912134969936,0.44087038789025546,0.2826127630127777,0.3592696340607733,0.2321700311319767,2114
348,0,evaluate,4.349893755382961,0.4326241134751773,0.3572695505548712,0.3128972683373924,0.30051903960712617,1128
348,1,evaluate,2.50358117052487,0.5956964892412231,0.2606356412695561,0.2753816402565189,0.21272068480418235,1766
348,2,evaluate,3.17002592086792,0.4831829368334701,0.1865223481018476,0.30659813084112153,0.16222356889936568,1219
348,3,evaluate,4.481651717966253,0.43945972021225277,0.3090894046986148,0.3053276933199213,0.2680595497282461,2073
348,4,evaluate,3.7075825885490135,0.30669800235017625,0.20349632708452084,0.14905236788088624,0.12357388880400699,1702
348,5,evaluate,3.432735917322776,0.4413434247871334,0.2833156434336816,0.3640821512928204,0.2335584425007871,2114
349,0,evaluate,3.1292135953903197,0.4938474159146842,0.18623294723749279,0.3087923898531375,0.16323365114657656,1219
349,1,evaluate,4.377389656172858,0.43351063829787234,0.35748122545927286,0.3134084905138922,0.3006402228655148,1128
349,2,evaluate,3.769444394994665,0.2990599294947121,0.20339655785590663,0.14943173395171416,0.12120119413427595,1702
349,3,evaluate,4.490913730679137,0.44138929088277856,0.31041084838404637,0.3074108758903176,0.2694477369541052,2073
349,4,evaluate,3.446005826487261,0.4399243140964995,0.28158231127435074,0.3630803286201116,0.231881819388011,2114
349,5,evaluate,2.5091682161603654,0.5968289920724802,0.25996147669534764,0.2770465569496386,0.21394054667484577,1766
350,0,evaluate,4.373420225249396,0.4370567375886525,0.3550936926235073,0.3167720329017659,0.30149817454826444,1128
350,1,evaluate,3.8039875472033464,0.29612220916568743,0.20032877693579326,0.14847377328371397,0.11944339480597957,1702
350,2,evaluate,3.0811591267585756,0.505332239540607,0.1860880969534779,0.3112723631508678,0.16328648067092671,1219
350,3,evaluate,2.5209851818425313,0.5849377123442808,0.25849330119357783,0.2742311194345011,0.21151006111113452,1766
350,4,evaluate,4.488492575558749,0.4365653642064641,0.3079776774224749,0.3046351628760119,0.26679005448587567,2073
350,5,evaluate,3.480221695759717,0.43519394512771997,0.27873160849104334,0.35823425167276884,0.22814267562115811,2114
351,0,evaluate,3.054928743839264,0.5061525840853158,0.18145376673474017,0.29150600801068094,0.15530013827024436,1219
351,1,evaluate,3.544931025189512,0.4266792809839167,0.2756714876627743,0.35732076449526723,0.2230859340056826,2114
351,2,evaluate,3.8050786830760814,0.2978848413631022,0.19947039752347206,0.1491911513888326,0.11905954695088972,1702
351,3,evaluate,4.322240564558241,0.4450354609929078,0.3596854185661559,0.3338495824598189,0.30680723878018795,1128
351,4,evaluate,2.537554604666574,0.5747451868629672,0.25813722249487114,0.27198952541208515,0.20985493657296997,1766
351,5,evaluate,4.442761609048555,0.4399421128798842,0.3084594043775737,0.30641742160378294,0.26776573525268127,2073
352,0,evaluate,4.279633733961317,0.4423758865248227,0.3559667965621729,0.31948868193719776,0.30244256467147673,1128
352,1,evaluate,3.7720109709986933,0.30493537015276145,0.20021223372665556,0.14991642242010117,0.120286841581103,1702
352,2,evaluate,3.063871133327484,0.4963084495488105,0.18276858329159926,0.2889218958611482,0.1555334949486343,1219
352,3,evaluate,2.554098985024861,0.5611551528878822,0.25888568424400293,0.2686268308644054,0.2076709723871276,1766
352,4,evaluate,4.399245363293272,0.452484322238302,0.31235372042396403,0.31155586738739,0.2727157725688293,2073
352,5,evaluate,3.6178345364682816,0.41863765373699147,0.27314864960938856,0.3578691640454751,0.21958856187273518,2114
353,0,evaluate,4.21594054169125,0.449468085106383,0.358394673819283,0.323364859062053,0.3064251322995399,1128
353,1,evaluate,3.079612338542938,0.4995898277276456,0.18418123024040817,0.28972696929238984,0.15792858396533138,1219
353,2,evaluate,2.557586376156126,0.5634201585503964,0.2609030879619115,0.2710577478556545,0.20995564445467996,1766
353,3,evaluate,3.6787649130119995,0.41154210028382215,0.27320419082301484,0.35583130932407603,0.2178932602541873,2114
353,4,evaluate,3.7182922981403492,0.31316098707403056,0.19949189677875406,0.151936564443807,0.12250203690374686,1702
353,5,evaluate,4.363577481472131,0.4491075735648818,0.3091291479217039,0.3115786103973468,0.2712036841824452,2073
354,0,evaluate,4.171187162399292,0.45390070921985815,0.36075764760395096,0.3257504382062254,0.30955601922052456,1128
354,1,evaluate,3.6626344610143593,0.3172737955346651,0.20209121477097142,0.1668956044073017,0.12611273245896057,1702
354,2,evaluate,2.5371867758887157,0.5668176670441676,0.2594427601582564,0.27160066158336094,0.21017040134610232,1766
354,3,evaluate,3.071826219558716,0.4938474159146842,0.17264511534338703,0.16796061415220293,0.138330392830985,1219
354,4,evaluate,4.341646071636315,0.44669561022672455,0.30764668521252886,0.31151056911962816,0.2706398271924428,2073
354,5,evaluate,3.720348565017476,0.40397350993377484,0.2725530353930448,0.3508399307305275,0.21483532493525978,2114
355,0,evaluate,4.135032481617397,0.4574468085106383,0.36266895623519385,0.32705739784790744,0.31188175123079287,1128
355,1,evaluate,2.521815393652235,0.5741789354473387,0.26184718069008306,0.30535581650784155,0.2134571807045283,1766
355,2,evaluate,3.0535556793212892,0.4963084495488105,0.1729175115731869,0.16864886515353805,0.13948982791370754,1219
355,3,evaluate,3.6135204014954745,0.3196239717978848,0.19936709909861067,0.15179794592622517,0.12459397280866318,1702
355,4,evaluate,3.7598736829617443,0.3926206244087039,0.272029595233542,0.34876810792452745,0.2117832959405114,2114
355,5,evaluate,4.335706082257357,0.44476603955619876,0.30744186554739733,0.3116458669935187,0.2708573228334047,2073
356,0,evaluate,3.0359494805336,0.49794913863822804,0.17200403914377713,0.16888251001335114,0.1395558016488249,1219
356,1,evaluate,4.1010100444157915,0.4654255319148936,0.3648062922957881,0.3307864286881389,0.3156554701374491,1128
356,2,evaluate,2.510045268705913,0.5860702151755379,0.2632281304693971,0.3080568286007016,0.21580269536097071,1766
356,3,evaluate,3.565409951739841,0.31786133960047,0.20148825713797497,0.15119771097994605,0.12545617707763715,1702
356,4,evaluate,4.341999660838734,0.43270622286541244,0.302535311279806,0.30593818474689277,0.26575907047646635,2073
356,5,evaluate,3.759781763834112,0.3930936613055818,0.2743751046848522,0.35132069731255994,0.2147735445596748,2114
357,0,evaluate,3.0527329206466676,0.4938474159146842,0.17268250718777822,0.16796061415220293,0.13923382480685265,1219
357,1,evaluate,4.087601939837138,0.4627659574468085,0.3628839897635337,0.32799413771293096,0.314423848712319,1128
357,2,evaluate,3.526633712980482,0.3137485311398355,0.19912188939418474,0.14726921056566056,0.12387597376018786,1702
357,3,evaluate,4.353190725499934,0.4293294741919923,0.303324279148179,0.30323839655989077,0.2649272390504184,2073
357,4,evaluate,2.490586527756282,0.5996602491506229,0.26361067065632204,0.31026516944865656,0.21747749208765194,1766
357,5,evaluate,3.7140954662771786,0.4016083254493851,0.27597598389088224,0.3542266741859871,0.21908938019732394,2114
358,0,evaluate,3.086008584499359,0.48482362592288764,0.17050071140439899,0.1671822429906542,0.13567599477775388,1219
358,1,evaluate,4.065162340799968,0.45567375886524825,0.365376392085648,0.32525523814889035,0.31394429149366154,1128
358,2,evaluate,4.3396063790176855,0.4283646888567294,0.3055505788183842,0.3014818318161123,0.26566689078457545,2073
358,3,evaluate,3.6199305127648747,0.4120151371807001,0.2790383470531617,0.35505510922780364,0.22385295466477095,2114
358,4,evaluate,2.463039828198297,0.5979614949037373,0.2638980357021684,0.30775652107427726,0.21574639301419665,1766
358,5,evaluate,3.5078752747288457,0.3084606345475911,0.20052933473649587,0.14620702920995496,0.12384471495766784,1702
359,0,evaluate,3.1303462624549865,0.4774405250205086,0.171109665247678,0.16629973297730308,0.13487341075394962,1219
359,1,evaluate,4.071155097749498,0.44858156028368795,0.36668794248122294,0.32103736744093486,0.3120150418329014,1128
359,2,evaluate,2.4346597641706467,0.6036240090600227,0.26303841947934603,0.30828063251132626,0.21601750385350527,1766
359,3,evaluate,4.341598243424387,0.42450554751567776,0.3032893121618893,0.2966901066044472,0.26250875057105033,2073
359,4,evaluate,3.5385151704152427,0.2972972972972973,0.20105300642086874,0.14349887736602265,0.12137562200020699,1702
359,5,evaluate,3.5390548916424023,0.4247871333964049,0.27867412933576896,0.35986517224039827,0.22744572610953218,2114
360,0,evaluate,3.157753562927246,0.47333880229696473,0.17294066726148677,0.18492323097463284,0.1382592462506944,1219
360,1,evaluate,4.077308429612054,0.44680851063829785,0.3656809093871014,0.3192967416954743,0.31116942066873604,1128
360,2,evaluate,2.4242481972490038,0.6019252548131371,0.261792067868902,0.30675267980786547,0.214274542312006,1766
360,3,evaluate,4.344094110257698,0.42450554751567776,0.3045437556829645,0.2942563846445679,0.26195284527820617,2073
360,4,evaluate,3.4654530269258164,0.43519394512771997,0.2770483101177505,0.36170664126450747,0.22835668610365448,2114
360,5,evaluate,3.585879122769391,0.28613396004700353,0.2025165275935946,0.14073215394267058,0.11943183166712108,1702
361,0,evaluate,3.190132701396942,0.4700574241181296,0.17063343358307387,0.18428704939919896,0.13550225925080328,1219
361,1,evaluate,4.09943962097168,0.44680851063829785,0.36604947316886066,0.3189643023857548,0.3108367827556863,1128
361,2,evaluate,3.6303232510884604,0.28495887191539365,0.201218502892695,0.1396129976884926,0.1183796927571461,1702
361,3,evaluate,2.4193696081638336,0.6030577576443941,0.26267282607085185,0.30679948142598057,0.21433153526311938,1766
361,4,evaluate,4.370640335660992,0.42739990352146645,0.30420313333964294,0.294714663157334,0.2622800524031651,2073
361,5,evaluate,3.4022756166317882,0.4489120151371807,0.27865208864988633,0.36092533469658244,0.23124590769406234,2114
362,0,evaluate,4.125281731287639,0.4441489361702128,0.3648366183113471,0.3166448273997243,0.30917590372063486,1128
362,1,evaluate,3.2172881603240966,0.4716981132075472,0.1785306260005055,0.28457276368491324,0.14949300054683706,1219
362,2,evaluate,4.3919674555460615,0.4312590448625181,0.30433753549375,0.2974968689267536,0.2638236159535064,2073
362,3,evaluate,3.6614533265431723,0.290834312573443,0.20221133132179614,0.14305178008940683,0.12044641188639686,1702
362,4,evaluate,2.434582850762776,0.5985277463193658,0.2628259977829937,0.3059176428382955,0.21391296762011205,1766
362,5,evaluate,3.3681251774815952,0.4474929044465468,0.27943418163671874,0.3630402826487817,0.23167376095648837,2114
363,0,evaluate,4.158712201648289,0.44769503546099293,0.36623631593738615,0.3186974242790739,0.31020002248048584,1128
363,1,evaluate,2.45490054999079,0.5900339750849377,0.261883575455791,0.3053490531925771,0.21382608604991246,1766
363,2,evaluate,3.228963303565979,0.47333880229696473,0.17803310913224707,0.2853130841121495,0.14858559189149312,1219
363,3,evaluate,3.6740695988690413,0.2978848413631022,0.20344888872914085,0.14498414723916528,0.12182984602632874,1702
363,4,evaluate,3.3842360622742595,0.4385052034058657,0.28058293322304023,0.3638037616798918,0.23063070538409763,2114
363,5,evaluate,4.416732968706073,0.4370477568740955,0.3046745357368304,0.3017194530820638,0.26596773227245984,2073
364,0,evaluate,3.2282405257225038,0.4782608695652174,0.18166999812917334,0.2860140186915888,0.15077258938249583,1219
364,1,evaluate,3.687172324569137,0.3102232667450059,0.20450012351653282,0.14715869363275266,0.12378481091011144,1702
364,2,evaluate,4.189388910929362,0.44680851063829785,0.3606538529545755,0.31751522861323983,0.3070633606341958,1128
364,3,evaluate,2.4792201731886183,0.5804077010192525,0.2626938451517006,0.30372234000686577,0.21311545624894226,1766
364,4,evaluate,3.44736388500999,0.42431409649952695,0.27883662999821746,0.35859285079809494,0.2259696975435769,2114
364,5,evaluate,4.447283614765514,0.44669561022672455,0.31024833064274343,0.3077807272212253,0.27155161217109475,2073
365,0,evaluate,4.243762373924255,0.4423758865248227,0.3592734079029193,0.3144336772225752,0.3040903460833758,1128
365,1,evaluate,3.2399107575416566,0.4831829368334701,0.182665503401727,0.28688384512683573,0.15282734825082792,1219
365,2,evaluate,2.538342079945973,0.5719139297848245,0.26182900989113495,0.30226089365232695,0.21184014034993176,1766
365,3,evaluate,4.480931585485285,0.4505547515677762,0.31258919589386525,0.3095317655212357,0.273255910512715,2073
365,4,evaluate,3.707195688177038,0.3119858989424207,0.20503478374628675,0.16371208871171508,0.12656214116858258,1702
365,5,evaluate,3.530425834305146,0.42431409649952695,0.278564064177895,0.3579918759945885,0.22561749626450175,2114
366,0,evaluate,4.274976280000475,0.44680851063829785,0.3659916628575293,0.31938418715358863,0.30800920980523055,1128
366,1,evaluate,3.7326439221700034,0.32138660399529967,0.20628359410459013,0.18144464331485805,0.1306746963122012,1702
366,2,evaluate,2.5878476074763705,0.5611551528878822,0.25983752466049265,0.3001828500797494,0.20955243186352135,1766
366,3,evaluate,3.2663387656211853,0.48482362592288764,0.17477344842664075,0.18740320427236315,0.13946336752186653,1219
366,4,evaluate,3.601462067926631,0.4176915799432356,0.28050089950710133,0.35503401688483066,0.22410189521917875,2114
366,5,evaluate,4.494458270795418,0.452484322238302,0.31131614623407583,0.31180764353294854,0.27361727313534967,2073
367,0,evaluate,3.287635385990143,0.48810500410172275,0.17695325220034122,0.18803938584779706,0.14245895330496217,1219
367,1,evaluate,3.75589911142985,0.31492361927144535,0.20522254050570324,0.17790340189755038,0.12823175708561113,1702
367,2,evaluate,4.292406519254048,0.4530141843971631,0.36416987500581566,0.3254156677157587,0.3109394965956354,1128
367,3,evaluate,2.5999881540025984,0.557757644394111,0.2597240162100608,0.3002447096097797,0.20925335511291845,1766
367,4,evaluate,3.6865933274521545,0.4044465468306528,0.27910974343230166,0.35205686999086633,0.21869481644991434,2114
367,5,evaluate,4.487402966528228,0.4548962855764592,0.3119729094094986,0.313652035468014,0.27521688825879204,2073
368,0,evaluate,4.282138413853115,0.45390070921985815,0.36441122299048534,0.32627261072484093,0.3122689414509402,1128
368,1,evaluate,3.303929924964905,0.48728465955701394,0.1744039868177799,0.16803938584779704,0.1372921374988349,1219
368,2,evaluate,3.749434788437451,0.3978240302743614,0.2778347021462477,0.34925455242182185,0.2163870045351856,2114
368,3,evaluate,4.470475312435266,0.44958996623251324,0.308851140193886,0.3098781692614218,0.27169743314618194,2073
368,4,evaluate,2.5826928445271085,0.5639864099660249,0.2602436881627275,0.3023357911988826,0.21037808375917538,1766
368,5,evaluate,3.7541358735826282,0.3125734430082256,0.20445645999717268,0.16496307226717866,0.12636246694251171,1702
369,0,evaluate,2.575630409376962,0.5690826727066818,0.2625347568728551,0.33666538854217853,0.2143795655591049,1766
369,1,evaluate,3.302687907218933,0.49056603773584906,0.17483803180741525,0.16799999999999998,0.13758480043928045,1219
369,2,evaluate,4.265331519974603,0.4450354609929078,0.3594105179111583,0.322067020154203,0.3085391470262014,1128
369,3,evaluate,3.7287483391938387,0.31609870740305523,0.20464129378233714,0.16448787340588894,0.12759526709157862,1702
369,4,evaluate,4.475268082185225,0.44958996623251324,0.3093532302870996,0.3091513811925813,0.27123970233440603,2073
369,5,evaluate,3.7629566701019512,0.4011352885525071,0.2767217064687727,0.349136039587215,0.21686145188426492,2114
370,0,evaluate,3.287257993221283,0.4963084495488105,0.17424449133121223,0.16864886515353805,0.13818430860863165,1219
370,1,evaluate,4.254198948542277,0.44858156028368795,0.3595646233843553,0.32300169415819513,0.30965702353301416,1128
370,2,evaluate,3.7608407420270584,0.41438032166508987,0.27645048126325233,0.35508513189073765,0.2199807450161353,2114
370,3,evaluate,4.484082012465506,0.44235407621804146,0.3079644413064464,0.3212059218661258,0.26914624745734017,2073
370,4,evaluate,2.566004991531372,0.572480181200453,0.262726817500022,0.3373573937339018,0.21502521869433772,1766
370,5,evaluate,3.705807191354257,0.3137485311398355,0.2059904216518127,0.17687848175288684,0.12974881433662974,1702
371,0,evaluate,3.2881858229637144,0.4913863822805578,0.17290409872877086,0.16727236315086783,0.13718042254438137,1219
371,1,evaluate,4.250169807010227,0.44769503546099293,0.35733665455296626,0.32339553388192244,0.30961418975368515,1128
371,2,evaluate,3.6948558930997497,0.3137485311398355,0.20665242645881832,0.1767613385940473,0.13011082023571297,1702
371,3,evaluate,4.49961975849036,0.4356005788712012,0.30814601027304483,0.3171061332301513,0.2667939899025602,2073
371,4,evaluate,3.725846545661197,0.41911069063386946,0.27470970677683365,0.35089275967666567,0.21923779708158508,2114
371,5,evaluate,2.5444857435567036,0.5815402038505096,0.26309367423361707,0.3391210709092721,0.21638682579238316,1766
372,0,evaluate,2.507196124110903,0.587202718006795,0.2640220709723494,0.34042563352825417,0.2178294800094392,1766
372,1,evaluate,4.23502955171797,0.44148936170212766,0.3579196241997535,0.3212995004208416,0.3075223532824284,1128
372,2,evaluate,3.28747296333313,0.48236259228876127,0.17947031963470322,0.23524699599465954,0.14791866657740443,1219
372,3,evaluate,3.6730928509323686,0.3108108108108108,0.207335719060968,0.17710471015405144,0.1300129285007398,1702
372,4,evaluate,4.523859334714485,0.4302942595272552,0.3075967634050518,0.3156835714010208,0.26529982545088765,2073
372,5,evaluate,3.663720397388234,0.4323557237464522,0.2762815966342065,0.35717583411163883,0.2247272065262173,2114
373,0,evaluate,3.659285792598018,0.31492361927144535,0.20881534335364726,0.1921223216969659,0.13335659286030072,1702
373,1,evaluate,3.2758510947227477,0.4807219031993437,0.17839005098215624,0.23552002670226968,0.14679491374198042,1219
373,2,evaluate,2.4889441302844455,0.5917327293318233,0.26534058193643506,0.3406700527118532,0.21846680219006337,1766
373,3,evaluate,4.219299395879109,0.44680851063829785,0.359689511499189,0.32264504117203446,0.30942109639313875,1128
373,4,evaluate,4.548375527064006,0.4356005788712012,0.3095722733432139,0.31859359454963665,0.26871312452190693,2073
373,5,evaluate,3.610241430647233,0.43755912961210974,0.276302528198186,0.3603340243403535,0.2270743407793665,2114
374,0,evaluate,3.243333661556244,0.48236259228876127,0.17793402325096058,0.23626034712950603,0.14620491386008627,1219
374,1,evaluate,3.6064971817864313,0.3172737955346651,0.2068324217635952,0.1805288084125196,0.13246143955910922,1702
374,2,evaluate,2.511867484876088,0.5855039637599094,0.2643687069639778,0.30637745292176033,0.2151455384602488,1766
374,3,evaluate,4.191129883130391,0.4512411347517731,0.36056471462069883,0.32533747653102524,0.31189705016276575,1128
374,4,evaluate,4.545217810255108,0.4389773275446213,0.3126919556899591,0.32379770001573444,0.2721571291493417,2073
374,5,evaluate,3.5920839265865436,0.4323557237464522,0.2748348587154612,0.3564079517813695,0.22400694342921917,2114
375,0,evaluate,4.158849875132243,0.4592198581560284,0.36247050359711624,0.32920385642739625,0.3155107455334413,1128
375,1,evaluate,3.5516960002757885,0.32784958871915393,0.20649553644289695,0.16791986459050698,0.13188335080461186,1702
375,2,evaluate,3.2581645250320435,0.4749794913863823,0.17151533846398756,0.18481909212283046,0.1376659512821862,1219
375,3,evaluate,2.5466078902993883,0.5860702151755379,0.2660844265734756,0.30670021051660123,0.21622896387401633,1766
375,4,evaluate,3.615796853514279,0.42573320719016083,0.2753065740656376,0.3497323101364692,0.22174540162898296,2114
375,5,evaluate,4.5312017094005235,0.4384949348769899,0.30903903491089485,0.3232891105588749,0.27058723574602955,2073
376,0,evaluate,4.124858220418294,0.47074468085106386,0.3658567323393708,0.3331221007155227,0.3197833263515551,1128
376,1,evaluate,3.2825056076049806,0.4741591468416735,0.16985698137403404,0.18419559412550068,0.13609503265372555,1219
376,2,evaluate,3.524408119696158,0.33607520564042304,0.20483660816058663,0.1546082268058218,0.13075855013067694,1702
376,3,evaluate,3.6398920381770417,0.4162724692526017,0.27564380377092573,0.34569439663020135,0.21933526517772176,2114
376,4,evaluate,4.495142712737575,0.44042450554751567,0.3082778092588929,0.32644322323914504,0.27167512839716423,2073
376,5,evaluate,2.5598621325833455,0.5826727066817667,0.2681410507835702,0.3063269150269211,0.216479038559488,1766
377,0,evaluate,4.094005187352498,0.47606382978723405,0.370391852979625,0.3370209454167886,0.3232892769791862,1128
377,1,evaluate,3.2886199593544005,0.4749794913863823,0.1697618293391165,0.183805740987984,0.13650348907828966,1219
377,2,evaluate,2.5758688109261647,0.5758776896942243,0.26714023601061515,0.30494694443425463,0.2149763489150585,1766
377,3,evaluate,3.634294758824741,0.42147587511825924,0.2772122707832275,0.3449121062457409,0.2210491869039149,2114
377,4,evaluate,4.4530911228873515,0.4442836468885673,0.3070813947337512,0.32756772291537456,0.27270360234599006,2073
377,5,evaluate,3.5374302952377885,0.33313748531139836,0.20576774642814058,0.16827918699317546,0.13198636436192307,1702
378,0,evaluate,4.107593920495775,0.47074468085106386,0.3692402152347973,0.3340133381377835,0.3206665269880159,1128
378,1,evaluate,3.2818408846855163,0.47662018047579985,0.17074872162748778,0.18387049399198935,0.13796763926808953,1219
378,2,evaluate,3.6565195304505966,0.41674550614947964,0.27983224558697245,0.347579467231366,0.22189518926127033,2114
378,3,evaluate,2.573048766170229,0.5832389580973952,0.26576701045263207,0.3073463246323768,0.21627455400126427,1766
378,4,evaluate,4.429173079403964,0.44669561022672455,0.3089502773022084,0.3271454096537666,0.27389202763853515,2073
378,5,evaluate,3.571550484056826,0.3296122209165687,0.20714074098799387,0.16816867006026753,0.1313783037534514,1702
379,0,evaluate,3.2710118293762207,0.4782608695652174,0.16702466534467103,0.1652343124165554,0.13308768994930445,1219
379,1,evaluate,4.1385963625378075,0.45656028368794327,0.3629503700038178,0.32770026219148557,0.31252790984936685,1128
379,2,evaluate,4.4141326673103105,0.44766039556198745,0.3098016239553741,0.3251561745866442,0.2738692652263245,2073
379,3,evaluate,2.607255552496229,0.5764439411098528,0.26334081890489525,0.30481402023537557,0.2135881311745178,1766
379,4,evaluate,3.6609670642544243,0.42005676442762535,0.2777970643035465,0.3492645284679643,0.2216438664570921,2114
379,5,evaluate,3.6190094594602233,0.318448883666275,0.20503265800600046,0.16643332801714608,0.12816831070186505,1702
380,0,evaluate,4.177050908406575,0.449468085106383,0.3636940734046233,0.32443200345586176,0.31038799832579383,1128
380,1,evaluate,3.236765515804291,0.4864643150123052,0.16714810469172886,0.1667403204272363,0.1343115508976762,1219
380,2,evaluate,3.655295407330548,0.31609870740305523,0.20474323940172287,0.1657892056338933,0.1276311135559478,1702
380,3,evaluate,3.650307494051316,0.42005676442762535,0.27631388855295597,0.34782871898152184,0.21989233934504976,2114
380,4,evaluate,4.405826272386493,0.44573082489146165,0.3086366886995033,0.3236139804537766,0.27227879849252223,2073
380,5,evaluate,2.649556270667485,0.572480181200453,0.26253621293926294,0.3041465735064238,0.2126874210478716,1766
381,0,evaluate,4.254502362675137,0.44769503546099293,0.36374849032402035,0.32336871138934653,0.31017039624519516,1128
381,1,evaluate,3.216247582435608,0.4889253486464315,0.16848742175783443,0.1681041388518024,0.13640806618098045,1219
381,2,evaluate,3.6927700307634144,0.3102232667450059,0.20670535957651642,0.1804249177055433,0.12878520219398565,1702
381,3,evaluate,4.425573283975774,0.44235407621804146,0.307319980148022,0.30440979141756347,0.26840722161135677,2073
381,4,evaluate,3.6326329287360695,0.43330179754020814,0.2759580038996637,0.3517632763844337,0.2230097600804696,2114
381,5,evaluate,2.690425544977188,0.5707814269535674,0.26244098622404677,0.3036891753313697,0.21210021106572832,1766
382,0,evaluate,2.7006093689373563,0.5668176670441676,0.2617409650013527,0.30247416805581995,0.21123234129560703,1766
382,1,evaluate,4.345876932144165,0.4450354609929078,0.3613571585803301,0.3221160972888716,0.3080994247539779,1128
382,2,evaluate,4.4721371332804365,0.44138929088277856,0.30987486769532097,0.3000371453346549,0.2668875182284848,2073
382,3,evaluate,3.7326251754054316,0.30669800235017625,0.20682769953681274,0.18031440077263544,0.12856300788562952,1702
382,4,evaluate,3.191169095039368,0.49302707136997537,0.17176976053579326,0.1894158878504673,0.14183216475446628,1219
382,5,evaluate,3.6146231057012783,0.4413434247871334,0.27754875049231964,0.3545098838652184,0.2259135515876814,2114
383,0,evaluate,3.1624748945236205,0.4913863822805578,0.17275600293072005,0.18935113484646196,0.14279514754956985,1219
383,1,evaluate,4.402238832579719,0.4379432624113475,0.3582736056909936,0.3185402644611375,0.30480271907778755,1128
383,2,evaluate,4.509529330513694,0.4380125422093584,0.30798865713285695,0.2966453251652984,0.26344392053756804,2073
383,3,evaluate,3.7397200884642423,0.3025851938895417,0.20576941327471826,0.1784486631188112,0.1272877968254571,1702
383,4,evaluate,2.686293342283794,0.5673839184597962,0.2610762811999952,0.303207514105582,0.21151240317724973,1766
383,5,evaluate,3.6081348648842644,0.4389782403027436,0.2786153336160353,0.35532582057988926,0.22653084386779715,2114
384,0,evaluate,2.6765861298356737,0.5719139297848245,0.26139920365048036,0.30394228112464033,0.2121545702743494,1766
384,1,evaluate,4.424825840526157,0.4370567375886525,0.3580457660129863,0.31862130658761917,0.3043085876269552,1128
384,2,evaluate,3.75775236553616,0.3078730904817861,0.20511356416245824,0.17777660414124902,0.12790361323433222,1702
384,3,evaluate,3.1356774091720583,0.4938474159146842,0.1716606317066593,0.16964953271028038,0.1383554195801894,1219
384,4,evaluate,3.6153976768255234,0.4337748344370861,0.27967952701925614,0.35369264157962166,0.2252850605664142,2114
384,5,evaluate,4.540642882838394,0.4389773275446213,0.3085485104886596,0.29768159459535026,0.26423848032549235,2073
385,0,evaluate,4.404600222905477,0.4379432624113475,0.358374085450322,0.31665752458484403,0.3034267365274288,1128
385,1,evaluate,3.113727021217346,0.49548810500410173,0.1726947803224429,0.1697142857142857,0.13853306909532867,1219
385,2,evaluate,3.6488197761423447,0.4224219489120151,0.280589141381096,0.35355768499620216,0.22364290273775578,2114
385,3,evaluate,4.5595526478507304,0.4389773275446213,0.307042064151954,0.29959836039311216,0.26454792961680046,2073
385,4,evaluate,2.6519432195595334,0.579841449603624,0.2596349368102633,0.2722992449904008,0.21005082284079402,1766
385,5,evaluate,3.766608308862757,0.30552291421856637,0.20558236903785937,0.17833957787648613,0.1282263146312808,1702
386,0,evaluate,3.104801893234253,0.4913863822805578,0.17340868206285814,0.16862349799732976,0.13813143654378846,1219
386,1,evaluate,4.356733110215929,0.4423758865248227,0.3561566368022243,0.3181923873699965,0.3043981857363481,1128
386,2,evaluate,3.766896954289189,0.309048178613396,0.20273461295563006,0.16450112585775223,0.12662963247330777,1702
386,3,evaluate,2.635944630418505,0.5889014722536806,0.26174018375956265,0.3070613785319236,0.21413796175497088,1766
386,4,evaluate,4.560121875820738,0.43270622286541244,0.3015684368358628,0.29814871378551805,0.2615299206262979,2073
386,5,evaluate,3.7001551863025215,0.41248817407757804,0.28151490234785925,0.3518310865860595,0.22250354094689911,2114
387,0,evaluate,4.301623000038995,0.4521276595744681,0.3573241424839196,0.3221689630661723,0.30822210626208396,1128
387,1,evaluate,4.552844466585102,0.43463579353593823,0.3030465615088317,0.3028876602347269,0.26427163921582764,2073
387,2,evaluate,2.622032323053905,0.6036240090600227,0.26492519686850746,0.3109592026377877,0.21783154094640209,1766
387,3,evaluate,3.794109309161151,0.3102232667450059,0.20204996765767497,0.14972569355866666,0.12424838010971859,1702
387,4,evaluate,3.7378173768520355,0.40681173131504256,0.28142918834897784,0.3506170594226652,0.2209311035447509,2114
387,5,evaluate,3.1142711877822875,0.48810500410172275,0.17296504918149214,0.16714285714285715,0.13657240659981412,1219
388,0,evaluate,3.128668749332428,0.48400328137817883,0.17144377697462107,0.16622096128170893,0.13565801393457283,1219
388,1,evaluate,4.264400535159641,0.4441489361702128,0.35007512842959093,0.31564004342282886,0.3019774100839637,1128
388,2,evaluate,2.624851869685309,0.608154020385051,0.2664982374594701,0.31206989207002783,0.21919804435032458,1766
388,3,evaluate,3.7785479890949585,0.402081362346263,0.28054932637881136,0.3489763793950051,0.2198880682876661,2114
388,4,evaluate,4.53223070231351,0.43174143753014954,0.2994779055176682,0.3014709110693567,0.2622874372204599,2073
388,5,evaluate,3.816863678119801,0.30552291421856637,0.19962987323978704,0.14672611550821837,0.1223488777352181,1702
389,0,evaluate,3.1804715394973755,0.4831829368334701,0.17762535628172468,0.18598731642189587,0.14155971196929468,1219
389,1,evaluate,3.822652890401728,0.3973509933774834,0.2795636927735156,0.3459888874382545,0.21865585492884992,2114
389,2,evaluate,2.638654108558382,0.608154020385051,0.2663931169333106,0.3123865818766809,0.21929389913157124,1766
389,3,evaluate,4.239581041865879,0.4450354609929078,0.3465842462649274,0.3141308068745991,0.30050171347008253,1128
389,4,evaluate,3.8151149131633617,0.30669800235017625,0.1979603935612682,0.14636822479613273,0.1220103211959495,1702
389,5,evaluate,4.527760686296405,0.43270622286541244,0.3008610246706317,0.3035994781306498,0.2646401411905911,2073
390,0,evaluate,4.202245672543843,0.450354609929078,0.3456209716209716,0.31531454864046354,0.3021330225994687,1128
390,1,evaluate,3.825483631204676,0.3078730904817861,0.20081204713021755,0.16081496967766024,0.12528200288602762,1702
390,2,evaluate,3.8271594380631164,0.3987701040681173,0.28066378412623083,0.3481929010093567,0.22050830622081077,2114
390,3,evaluate,3.245104742050171,0.4749794913863823,0.1754542728635682,0.18397463284379173,0.13807474055504185,1219
390,4,evaluate,2.6376861206122806,0.6041902604756512,0.26493251438750764,0.3109080577148368,0.2180972021547373,1766
390,5,evaluate,4.525361769127123,0.43077665219488664,0.2993860757620429,0.30285920609002676,0.2638682197214141,2073
391,0,evaluate,3.3518727660179137,0.4725184577522559,0.17533751132588343,0.18379305740987983,0.1373375341388509,1219
391,1,evaluate,4.192434483104282,0.449468085106383,0.3500334511125344,0.3150757365375173,0.3029078477460851,1128
391,2,evaluate,2.657127465520586,0.5939977349943375,0.2646269107832252,0.3084090064922965,0.2163171443228759,1766
391,3,evaluate,4.548033251906887,0.42643511818620355,0.298650018111311,0.30026428615305434,0.26264986983673233,2073
391,4,evaluate,3.7838955784545227,0.40681173131504256,0.28092110876456844,0.34652062889947155,0.22208813631415159,2114
391,5,evaluate,3.8248782599413835,0.3108108108108108,0.2009222930010633,0.16012016864113754,0.12507783289071167,1702
392,0,evaluate,4.20087636841668,0.4450354609929078,0.3518873421719896,0.3135921934296352,0.30229655597260446,1128
392,1,evaluate,3.4507098317146303,0.45447087776866285,0.17266706376219654,0.18020961281708944,0.13248683313541804,1219
392,2,evaluate,3.7950540825172707,0.318448883666275,0.20275314210984394,0.16351489861471352,0.12761509211865413,1702
392,3,evaluate,4.568777575637355,0.4356005788712012,0.3047614215021041,0.3065770287895476,0.26817727904729355,2073
392,4,evaluate,3.7218192605411304,0.4139072847682119,0.2796285995065927,0.34434005271889545,0.22185499686733232,2114
392,5,evaluate,2.6962135561874936,0.580973952434881,0.265050310133535,0.30624139947426876,0.21501799012731532,1766
393,0,evaluate,2.7596838218825206,0.5532276330690826,0.2663097914855885,0.2998532188575539,0.21039213252742628,1766
393,1,evaluate,4.216230432192485,0.4512411347517731,0.35994928665314785,0.3204289706733423,0.3086512718948994,1128
393,2,evaluate,3.764025608698527,0.3372502937720329,0.20281902799532614,0.16911354326676906,0.13171464750086703,1702
393,3,evaluate,3.4898471355438234,0.4610336341263331,0.17213849448681745,0.18097530040053403,0.13337001147359384,1219
393,4,evaluate,4.605130238966509,0.4433188615533044,0.3096192899945646,0.3100027127124737,0.2722840301325326,2073
393,5,evaluate,3.6387298966155335,0.4271523178807947,0.28276838528733383,0.3455364874849504,0.2261069767683405,2114
394,0,evaluate,2.822442923273359,0.5215175537938845,0.26475821748987693,0.2912959217545501,0.20307118672845212,1766
394,1,evaluate,3.765882756974962,0.33666274970622795,0.20344566728532962,0.15403073391850322,0.12910858722858587,1702
394,2,evaluate,4.6178060661662705,0.44380125422093586,0.31282337712425645,0.3091622866334549,0.27286477606604437,2073
394,3,evaluate,4.244262324439155,0.4423758865248227,0.36010059145070833,0.31833862090722037,0.3063839013719309,1128
394,4,evaluate,3.4895259499549867,0.46759639048400325,0.17326619126177426,0.18224766355140187,0.13572685402126133,1219
394,5,evaluate,3.607367671587888,0.4422894985808893,0.2856466299800116,0.3590439200113703,0.23055673370878949,2114
395,0,evaluate,3.800740674689964,0.32667450058754405,0.2075570574192677,0.16995342405644065,0.13022857111221747,1702
395,1,evaluate,3.4748395442962647,0.46841673502871206,0.17610061903063084,0.2034299065420561,0.14073008990299132,1219
395,2,evaluate,4.613520369385228,0.4384949348769899,0.3061724377904152,0.3042411777406763,0.26678499248868953,2073
395,3,evaluate,2.8440791027886525,0.5130237825594564,0.26244375711992873,0.2896056245554563,0.20131603046353969,1766
395,4,evaluate,3.6257892934715046,0.4441816461684011,0.28195924571722253,0.3570889540057714,0.22729572642336188,2114
395,5,evaluate,4.298507610956828,0.44858156028368795,0.3684812053751266,0.323390224092744,0.3126346839577338,1128
396,0,evaluate,4.355097426308526,0.4397163120567376,0.36396952102471836,0.3176389049194993,0.3067155115988732,1128
396,1,evaluate,3.4370033383369445,0.47333880229696473,0.1812044817927171,0.255196261682243,0.15191275723335274,1219
396,2,evaluate,4.611003406120069,0.4409068982151471,0.30679914625395427,0.30397759463779855,0.2670523586416764,2073
396,3,evaluate,2.802502363920212,0.5243488108720272,0.26092785491160475,0.29073966649626254,0.2018677523584827,1766
396,4,evaluate,3.8469638294643826,0.31316098707403056,0.20559735187444533,0.1663082919321567,0.1273295691727448,1702
396,5,evaluate,3.6740841339616215,0.44370860927152317,0.2761841038820069,0.34646999257035427,0.22363851538094243,2114
397,0,evaluate,4.388016727235582,0.42819148936170215,0.36220391477411695,0.3120780608938459,0.30228507915350106,1128
397,1,evaluate,4.601183566180143,0.4442836468885673,0.3114391641124227,0.3044232753893459,0.2693890061009073,2073
397,2,evaluate,3.734321827397627,0.4356669820245979,0.2747582030346357,0.3479753942602044,0.22209866261556482,2114
397,3,evaluate,3.3760564804077147,0.48482362592288764,0.18198634607208358,0.25767623497997333,0.15428752512929117,1219
397,4,evaluate,2.7360148216996873,0.5520951302378256,0.2566696981603656,0.26368817604094447,0.20272049805613293,1766
397,5,evaluate,3.8771615469897234,0.300235017626322,0.20508469765684514,0.14869950671378487,0.1234980360939683,1702
398,0,evaluate,4.41673305299547,0.43351063829787234,0.36660514564649904,0.3157206511802718,0.30595918297192953,1128
398,1,evaluate,3.31548125743866,0.4815422477440525,0.17504870997919658,0.21761148197596797,0.143674286063399,1219
398,2,evaluate,3.91294797261556,0.2902467685076381,0.20708485007757896,0.14675908164751197,0.12194111789331626,1702
398,3,evaluate,4.590818571321892,0.4442836468885673,0.3095593126302181,0.30388369305217033,0.26843136842043325,2073
398,4,evaluate,2.6882584052426473,0.5770101925254814,0.2553889353438861,0.2692800336226265,0.20658877400960868,1766
398,5,evaluate,3.804939348908032,0.42573320719016083,0.27313375630632303,0.34667157135421156,0.21907598569205117,2114
399,0,evaluate,4.44310298230913,0.42907801418439717,0.3620284824404427,0.31120737617207717,0.3026405147212036,1128
399,1,evaluate,3.268049955368042,0.4831829368334701,0.17520375625957574,0.2183518024032043,0.14498423821761788,1219
399,2,evaluate,3.92944570823952,0.2779083431257344,0.20709075455713633,0.14275605881114237,0.11842709147735664,1702
399,3,evaluate,2.65434735587665,0.587202718006795,0.25615673725734756,0.3045567699483242,0.21084971816442405,1766
399,4,evaluate,3.8626842840629467,0.4195837275307474,0.2720993694048646,0.350496061413783,0.21840481481679624,2114
399,5,evaluate,4.573027480732311,0.44862518089725034,0.31256234301558794,0.306733053888745,0.27159477288793227,2073
400,0,evaluate,3.8941549548396357,0.282021151586369,0.20427992957845187,0.14182051022137357,0.11917970699343491,1702
400,1,evaluate,3.22121741771698,0.4889253486464315,0.1754026312728854,0.21916955941255006,0.14387325529819278,1219
400,2,evaluate,4.443402277098762,0.4370567375886525,0.36338944124883066,0.3148077907091672,0.30609576247649556,1128
400,3,evaluate,2.648882018668311,0.594563986409966,0.2568122593673043,0.3067804722222503,0.21262284257206537,1766
400,4,evaluate,3.8758113787454715,0.4181646168401135,0.2751664601577617,0.3568963926206241,0.221288952021168,2114
400,5,evaluate,4.553150711637555,0.44862518089725034,0.3135142977451089,0.30747087341688706,0.2727329034586332,2073
401,0,evaluate,4.407213422987196,0.4423758865248227,0.36488174950475577,0.31927166017303665,0.3087293625821566,1128
401,1,evaluate,3.829138667495162,0.2902467685076381,0.20388283017115275,0.14177788948461814,0.12067481495775564,1702
401,2,evaluate,3.1685681343078613,0.47908121410992616,0.16976081576081575,0.16619559412550067,0.13443544625686044,1219
401,3,evaluate,4.533688761971214,0.4409068982151471,0.30999545909823417,0.3048113524542574,0.2699377843757618,2073
401,4,evaluate,2.6591150547776903,0.5922989807474519,0.257840548854804,0.30654181731278324,0.21273697324872737,1766
401,5,evaluate,3.85654972143033,0.4162724692526017,0.2754023331821668,0.3541429956827787,0.219821027585055,2114
402,0,evaluate,3.7617491351233587,0.2984723854289072,0.2032220884777582,0.14305950802519216,0.1222055584293017,1702
402,1,evaluate,3.1143043637275696,0.4856439704675964,0.17162192780337943,0.16729906542056075,0.13623421998418245,1219
402,2,evaluate,4.351132829984029,0.4450354609929078,0.3612716789210152,0.3158424462366779,0.307261211554387,1128
402,3,evaluate,4.526318513985836,0.4380125422093584,0.3129973225560316,0.3043866514750687,0.2701188833670082,2073
402,4,evaluate,2.6758086127894267,0.5843714609286523,0.258813626612061,0.304508251948875,0.2114314360672307,1766
402,5,evaluate,3.8062759848201977,0.4153263954588458,0.27561733408586453,0.3540687959955591,0.22009498621158308,2114
403,0,evaluate,4.529006293325713,0.4389773275446213,0.3153743649561394,0.307408100423728,0.27241127754225086,2073
403,1,evaluate,2.6843338012695312,0.5826727066817667,0.26182492093735416,0.3048272651649738,0.2127744477471115,1766
403,2,evaluate,3.698089679082235,0.30317273795534666,0.20124774972601062,0.14263641950775513,0.12222803187107198,1702
403,3,evaluate,3.102210807800293,0.48482362592288764,0.1734854411963852,0.1663377837116155,0.13759597579230642,1219
403,4,evaluate,4.298485371801588,0.4432624113475177,0.35783353120438793,0.31554915681235735,0.3060746603795084,1128
403,5,evaluate,3.7490160833386814,0.4176915799432356,0.2753323674964675,0.34983548060853664,0.21940372286674953,2114
404,0,evaluate,3.113175129890442,0.48236259228876127,0.1731553973458781,0.16514285714285715,0.13593957876867807,1219
404,1,evaluate,4.277226527531941,0.44858156028368795,0.35969362004759386,0.3178415671801985,0.308451872368323,1128
404,2,evaluate,3.6879060091795743,0.31551116333725027,0.20267065941012147,0.14658087076470494,0.12570130323528286,1702
404,3,evaluate,3.70051629578366,0.423841059602649,0.27614183743534176,0.3482814305336909,0.2221932669686301,2114
404,4,evaluate,4.54536324558836,0.44187168355041,0.31539229486187115,0.3100518451036586,0.2736991311031785,2073
404,5,evaluate,2.7130072840622494,0.5753114382785957,0.26063656307558747,0.2706349353253926,0.20907420309349173,1766
405,0,evaluate,2.7358152185167586,0.5702151755379389,0.26292234926833313,0.2694855319586153,0.20882133022803373,1766
405,1,evaluate,3.6768359961333097,0.3225616921269095,0.20301502166472032,0.1629307795014633,0.1290545604750094,1702
405,2,evaluate,4.271731045511034,0.44680851063829785,0.35741953208376936,0.3168285088807467,0.3063413391494195,1128
405,3,evaluate,3.1643118858337402,0.47333880229696473,0.17441136844806568,0.16301335113484644,0.1337002162804233,1219
405,4,evaluate,4.5570385672829365,0.4399421128798842,0.31540718802146167,0.3102169726108386,0.2734805930486744,2073
405,5,evaluate,3.6728565920801723,0.42857142857142855,0.2776030666004224,0.34646023311032353,0.2230785339252505,2114
406,0,evaluate,3.2213652968406676,0.47579983593109104,0.17952789319091156,0.21375367156208278,0.14158169526361922,1219
406,1,evaluate,4.291229433483547,0.4423758865248227,0.3517261914652369,0.31274299997654326,0.30191134524958413,1128
406,2,evaluate,2.7543049454689026,0.5605889014722537,0.26210278895866596,0.2673439043726553,0.2072841769150434,1766
406,3,evaluate,3.671851485967636,0.43188268684957426,0.2751092995591983,0.3485680698510717,0.22356387564529662,2114
406,4,evaluate,4.590992277318781,0.437530149541727,0.312340388474337,0.30880493765710215,0.2707596879195382,2073
406,5,evaluate,3.7041436477943703,0.32491186839012925,0.20336473466323896,0.164781998003206,0.12958192705204935,1702
407,0,evaluate,4.3174552122751875,0.44680851063829785,0.3565463103277838,0.31923388146547926,0.30715828097158326,1128
407,1,evaluate,3.7760733321860984,0.31609870740305523,0.2025484301586408,0.1630693980190451,0.12649686909140773,1702
407,2,evaluate,3.2530819892883303,0.4856439704675964,0.17901361907567007,0.21616889185580773,0.1422239813215634,1219
407,3,evaluate,4.625599803346576,0.4409068982151471,0.3130877092307417,0.30835376107355045,0.2705448844121471,2073
407,4,evaluate,2.747237639767783,0.5673839184597962,0.26456473369059264,0.3027131264793428,0.21289417024645543,1766
407,5,evaluate,3.6666706134291256,0.4413434247871334,0.27559474563006303,0.35350777039294223,0.22672058495679331,2114
408,0,evaluate,4.350472264819675,0.44592198581560283,0.3594400784298556,0.3175968550774648,0.3070019192936633,1128
408,1,evaluate,3.85292089426959,0.3072855464159812,0.20200297554654462,0.16014970191639427,0.123958898329864,1702
408,2,evaluate,4.658716209007032,0.44138929088277856,0.31235779780488937,0.3059428928361738,0.2692756343898327,2073
408,3,evaluate,2.735482620341437,0.5679501698754247,0.2632765951996721,0.3023799577914782,0.21246146150435527,1766
408,4,evaluate,3.2559892892837525,0.4946677604593929,0.1752145135078164,0.1685841121495327,0.13630531558774076,1219
408,5,evaluate,3.6725961390663597,0.4498580889309366,0.27641824671839565,0.3581837430689149,0.229439169129423,2114
409,0,evaluate,4.365967909495036,0.4450354609929078,0.36378762910909346,0.3197709720045152,0.30811660269648744,1128
409,1,evaluate,3.9110647484108254,0.2990599294947121,0.20250317188581796,0.15830527463094773,0.1217684203230585,1702
409,2,evaluate,4.665801611813632,0.4452484322238302,0.3103006179729443,0.3051856904493541,0.2685643620844324,2073
409,3,evaluate,3.2326996684074403,0.5061525840853158,0.17710187495667845,0.190609479305741,0.14181656759683456,1219
409,4,evaluate,2.7148730797427043,0.5673839184597962,0.2625641315349834,0.30185291591687163,0.21160795315308084,1766
409,5,evaluate,3.6664292093585518,0.4517502365184484,0.2777731348221481,0.3642988952057668,0.23213431542247537,2114
410,0,evaluate,3.2050063490867613,0.5086136177194421,0.1759281863051186,0.19180440587449935,0.14137819509375688,1219
410,1,evaluate,4.38376169734531,0.4423758865248227,0.3669493896813961,0.3202833059120067,0.309034483271415,1128
410,2,evaluate,3.9216714876669423,0.2990599294947121,0.20427879692037668,0.16116513245396055,0.12280666900531594,1702
410,3,evaluate,2.7189693365778242,0.5605889014722537,0.26046129550267944,0.3000458698860546,0.20967448619799214,1766
410,4,evaluate,4.671992713754827,0.4452484322238302,0.30817391251608617,0.30366683319466203,0.2672816758880829,2073
410,5,evaluate,3.6991226497818444,0.4517502365184484,0.27667790994421154,0.36668119469114047,0.23189551532588407,2114
411,0,evaluate,3.1848849058151245,0.5127153404429861,0.1773275702283783,0.1934018691588785,0.14406330327579236,1219
411,1,evaluate,4.408720718489753,0.44769503546099293,0.36896801994805595,0.32468967043118346,0.3121932341073913,1128
411,2,evaluate,2.7189398876258304,0.5611551528878822,0.2606451148973516,0.2998516931852569,0.20968865854546292,1766
411,3,evaluate,3.7499475128510418,0.4545884578997162,0.27659157064113227,0.36641443715856015,0.23157146586242328,2114
411,4,evaluate,4.676381761377508,0.44669561022672455,0.30726857466529645,0.30336770320139866,0.26728677115224314,2073
411,5,evaluate,3.895078667887935,0.3037602820211516,0.20413840876212644,0.16198480458510808,0.1243291736792054,1702
412,0,evaluate,4.431092924541897,0.45390070921985815,0.3697552078302585,0.32875654076784,0.31559125403976923,1128
412,1,evaluate,3.1875021696090697,0.51681706316653,0.17779986309398074,0.19466154873164218,0.14582516012070296,1219
412,2,evaluate,2.726705244609288,0.5634201585503964,0.2617788344099591,0.30002909559280516,0.21010974676885869,1766
412,3,evaluate,3.845360446859289,0.30552291421856637,0.2052085742332907,0.16293646900790576,0.12548656549458956,1702
412,4,evaluate,3.798876651946236,0.44843897824030277,0.27672306574145755,0.36605387040016335,0.22989618423248964,2114
412,5,evaluate,4.691726475050955,0.4452484322238302,0.30674463902601756,0.3034088566363345,0.266986377064348,2073
413,0,evaluate,3.794285668267144,0.31433607520564044,0.20569805355394383,0.16500049846858528,0.12788854333075564,1702
413,1,evaluate,3.8565137964837692,0.4385052034058657,0.2759458023999479,0.3614667777118049,0.22717616866785217,2114
413,2,evaluate,3.2064655423164368,0.5200984413453651,0.17880560665049114,0.19546662216288385,0.147576196008742,1219
413,3,evaluate,2.7747598247868672,0.5537938844847112,0.26132806944115244,0.29779356935857704,0.2081515432774816,1766
413,4,evaluate,4.448315448231167,0.450354609929078,0.3603064740031555,0.3248126461813877,0.31065674470815063,1128
413,5,evaluate,4.7027311686313515,0.44958996623251324,0.3096680446376757,0.31004103506944886,0.27163616160265225,2073
414,0,evaluate,4.441412117746141,0.4645390070921986,0.364228276092077,0.33258144135744655,0.31666960595851873,1128
414,1,evaluate,3.221964979171753,0.51681706316653,0.17604662766427473,0.1742716955941255,0.14291049342249024,1219
414,2,evaluate,3.746894218303539,0.3237367802585194,0.20473047529302058,0.15292516009691762,0.12838414345764143,1702
414,3,evaluate,4.705083175138994,0.45296671490593343,0.3118653516560549,0.3137309020858243,0.2745396520322329,2073
414,4,evaluate,3.927327012314516,0.4266792809839167,0.2758477153048354,0.354794215241774,0.22289290975649728,2114
414,5,evaluate,2.814916270119803,0.551528878822197,0.26211666856606447,0.29838651865601185,0.20836147228263582,1766
415,0,evaluate,4.403992772102356,0.46808510638297873,0.3652998654584215,0.3345748354639867,0.318319128397103,1128
415,1,evaluate,3.2263938069343565,0.5192780968006563,0.1809441384482112,0.22399866488651538,0.15086139026536377,1219
415,2,evaluate,4.682333787282308,0.456825856246985,0.3148562305248233,0.33339453288183024,0.2797522187440832,2073
415,3,evaluate,2.8268986429486955,0.5566251415628539,0.26289525745735076,0.2995604885875786,0.2091446173845247,1766
415,4,evaluate,3.717815231393885,0.3301997649823737,0.20509795414883697,0.15348940053237298,0.13009194705550545,1702
415,5,evaluate,3.9545822108493134,0.41721854304635764,0.276132151002244,0.35028861908337494,0.22011816464395212,2114
416,0,evaluate,4.380121946334839,0.4734042553191489,0.3684670347639387,0.3365407065218956,0.32111891147430394,1128
416,1,evaluate,3.2283035278320313,0.5176374077112387,0.18242606699545122,0.22292056074766356,0.15228916987848165,1219
416,2,evaluate,3.9488173460259155,0.41154210028382215,0.27595981540007314,0.3465923743672387,0.2174014384236176,2114
416,3,evaluate,3.718093889730948,0.3307873090481786,0.2037125701265769,0.15415466829363894,0.13037361008852094,1702
416,4,evaluate,4.676870172674006,0.4491075735648818,0.31189424639088414,0.32921458836259104,0.2757709214179802,2073
416,5,evaluate,2.8125207935060774,0.5605889014722537,0.26230440557162316,0.3006610704408509,0.2095397636498184,1766
417,0,evaluate,2.795975889478411,0.5605889014722537,0.26231292555729346,0.3001421162498222,0.2091241170048937,1766
417,1,evaluate,4.37809505727556,0.47074468085106386,0.36715622063744513,0.33460398913730977,0.31932298608270776,1128
417,2,evaluate,3.211016798019409,0.51681706316653,0.1820195629304106,0.22263484646194928,0.15195359940868297,1219
417,3,evaluate,3.7279810552243835,0.3290246768507638,0.2026610013507379,0.1535544333473598,0.12941660564905216,1702
417,4,evaluate,4.683741367224491,0.44235407621804146,0.31046533744478816,0.32579815735548645,0.27297567629465747,2073
417,5,evaluate,3.9375099101487328,0.4148533585619678,0.2780082753786258,0.3526184423318239,0.22050162084555286,2114
418,0,evaluate,4.6631952632557265,0.4356005788712012,0.30903938773796724,0.321207011134723,0.2701889917131496,2073
418,1,evaluate,3.2111797094345094,0.5135356849876949,0.18794883068794038,0.3217129506008011,0.16311442775329826,1219
418,2,evaluate,4.368036336368984,0.46365248226950356,0.3615381012965449,0.33174418144347817,0.31603548218875116,1128
418,3,evaluate,3.7602926978358515,0.31433607520564044,0.20012611856130008,0.14805162148576606,0.1249299881661399,1702
418,4,evaluate,2.749315253325871,0.580973952434881,0.2613705675858454,0.30424938188147227,0.21182612965359437,1766
418,5,evaluate,3.8955022657618805,0.4162724692526017,0.28109440702314226,0.3577054037551325,0.22428484893050654,2114
419,0,evaluate,2.744163010801588,0.5900339750849377,0.2613147985527018,0.30765776059202665,0.21435271440216241,1766
419,1,evaluate,3.22172269821167,0.5110746513535686,0.1865646494268195,0.321024699599466,0.1612445697021776,1219
419,2,evaluate,4.382015797826979,0.4601063829787234,0.36019910577968844,0.3278174025186446,0.3129115845655323,1128
419,3,evaluate,3.809926668802897,0.3125734430082256,0.20004609124939873,0.14618571884157724,0.12371144659538395,1702
419,4,evaluate,4.645593498692368,0.4365653642064641,0.3117744271346393,0.3209754239576236,0.2720064133182064,2073
419,5,evaluate,3.8267152554848614,0.42005676442762535,0.28168445411438914,0.3585703786707403,0.22532692228307566,2114
420,0,evaluate,3.267403256893158,0.5012305168170632,0.1892833675649716,0.33933711615487316,0.16522111133125422,1219
420,1,evaluate,4.4207246038648815,0.46099290780141844,0.36108665095787745,0.3290771542571999,0.31500474291146874,1128
420,2,evaluate,4.648038033283118,0.4384949348769899,0.3125082761743271,0.32220056082792164,0.2731002640258987,2073
420,3,evaluate,3.8655719227261014,0.2937720329024677,0.19809156766154737,0.14368121833021358,0.11967318565214928,1702
420,4,evaluate,2.723335483244487,0.5968289920724802,0.26100701183978997,0.3092399955690687,0.2155143235946202,1766
420,5,evaluate,3.757323377272662,0.423841059602649,0.2821730193826001,0.36366511336764507,0.22847691708907164,2114
421,0,evaluate,4.470708992746141,0.4592198581560284,0.36223649716296774,0.32939879495288993,0.3153749265173493,1128
421,1,evaluate,2.694816610642842,0.5979614949037373,0.26022772537595235,0.30931742343814317,0.21556256965528692,1766
421,2,evaluate,4.65682695128701,0.4380125422093584,0.31186608722049997,0.31876986422866416,0.2707544322906269,2073
421,3,evaluate,3.9140139155917697,0.2802585193889542,0.19770181171278556,0.1402703725236087,0.11649950154894731,1702
421,4,evaluate,3.6746244588318993,0.4328287606433302,0.2780407911497166,0.3584046776985294,0.22656479633542953,2114
421,5,evaluate,3.3402395725250242,0.4946677604593929,0.1867359876230402,0.3384025367156208,0.16086562312890257,1219
422,0,evaluate,3.408372902870178,0.48482362592288764,0.1836400037222208,0.3366628838451268,0.157464017880232,1219
422,1,evaluate,4.494389467769199,0.4530141843971631,0.3621107020088644,0.3265021254123848,0.3131621285883558,1128
422,2,evaluate,3.6155876604949726,0.44370860927152317,0.2778353994095741,0.3608956523414028,0.22903049552151233,2114
422,3,evaluate,2.690714120864868,0.594563986409966,0.2606564276501323,0.3082555555194081,0.21506447779112445,1766
422,4,evaluate,3.9375912613338895,0.2808460634547591,0.19865415965415964,0.13940002173919125,0.11640459189237892,1702
422,5,evaluate,4.660037177981752,0.4380125422093584,0.3102462833579732,0.31814114400651256,0.2697621407600189,2073
423,0,evaluate,3.4884001135826113,0.4774405250205086,0.1855472470214301,0.368659101023587,0.15871039650847937,1219
423,1,evaluate,4.500412397914463,0.44858156028368795,0.3646337752201716,0.32319471679136197,0.31240709975880626,1128
423,2,evaluate,2.6921685934066772,0.5911664779161948,0.26081738183414094,0.30727950666738113,0.21453291652079604,1766
423,3,evaluate,3.6086294738685383,0.4489120151371807,0.27699290317998965,0.36102606950256144,0.2294727564543882,2114
423,4,evaluate,3.9562779709144875,0.28437132784958874,0.20164704090236002,0.15740931840640413,0.12103555634603622,1702
423,5,evaluate,4.665483525305083,0.4399421128798842,0.30997154675272365,0.3176227169491418,0.2695817874071405,2073
424,0,evaluate,3.978316642619945,0.2878965922444183,0.20021456319538258,0.15769555007757133,0.12115328575823817,1702
424,1,evaluate,3.5228782653808595,0.47579983593109104,0.18704535476282427,0.36893213173119715,0.1607857033968758,1219
424,2,evaluate,3.63972085889648,0.4503311258278146,0.27691897909711133,0.3607923642995976,0.23006858163019003,2114
424,3,evaluate,4.662435307647243,0.4442836468885673,0.30987441300233604,0.3194390363661632,0.27052585596036927,2073
424,4,evaluate,2.6832921547549113,0.5917327293318233,0.26188663314998195,0.3083295425237963,0.2160493314758764,1766
424,5,evaluate,4.484144475724962,0.44769503546099293,0.36575231623592797,0.32275528246796314,0.312411076006269,1128
425,0,evaluate,4.473684297667609,0.4450354609929078,0.3614113684937156,0.3206835040659633,0.3093734792054752,1128
425,1,evaluate,3.5422243595123293,0.47579983593109104,0.18502147282576875,0.3357156208277704,0.15824338508588634,1219
425,2,evaluate,3.9778547286987305,0.2902467685076381,0.19979523858033038,0.15656976759746172,0.12064567589806781,1702
425,3,evaluate,2.6668111639363423,0.5877689694224235,0.26108193491909415,0.3071677081686053,0.21489920086433703,1766
425,4,evaluate,4.65108517444495,0.45103714423540764,0.310598243000767,0.32399926980739285,0.2733892154304617,2073
425,5,evaluate,3.7086912358508393,0.4432355723746452,0.27926165420124927,0.36115885426825756,0.23055338484650517,2114
426,0,evaluate,3.5138577938079836,0.4725184577522559,0.18506309615681432,0.3350794392523364,0.15826103261817548,1219
426,1,evaluate,4.46301617887285,0.45478723404255317,0.3679073926940009,0.3288644095003816,0.31647614415229186,1128
426,2,evaluate,3.9700144043675176,0.2937720329024677,0.20185790285220925,0.15753595117234093,0.12152541060624951,1702
426,3,evaluate,4.652291456858317,0.452484322238302,0.31059036913563653,0.3113032050312679,0.2737297882959776,2073
426,4,evaluate,2.671598915542875,0.5838052095130238,0.26043025282700755,0.3063225636200674,0.21390894059199228,1766
426,5,evaluate,3.7425310252343906,0.4356669820245979,0.27785779246593656,0.3595292308737155,0.2278173392147746,2114
427,0,evaluate,4.446503414048089,0.4512411347517731,0.36307851414669867,0.32653857608412196,0.3124461224870001,1128
427,1,evaluate,2.690367213317326,0.571347678369196,0.2599302778132161,0.30401395282160065,0.2120174030933045,1766
427,2,evaluate,4.65390851280906,0.452484322238302,0.31078283845779187,0.31494521973838363,0.2755218795905095,2073
427,3,evaluate,3.4374006032943725,0.4815422477440525,0.1844852682195426,0.33720894526034717,0.1607238601111665,1219
427,4,evaluate,3.927957199237965,0.30141010575793187,0.20222944321823758,0.15889082543478078,0.12307394177401913,1702
427,5,evaluate,3.749644570490893,0.42999053926206243,0.2800329746323174,0.35921699074592384,0.22804539833609178,2114
428,0,evaluate,4.446647604306539,0.4530141843971631,0.3623632566893647,0.3280050939279124,0.31237399309882585,1128
428,1,evaluate,3.873493132767854,0.31316098707403056,0.20605676594982972,0.16279138925475692,0.12690929129114828,1702
428,2,evaluate,2.725636367286955,0.5571913929784824,0.259158263846255,0.2999465185797282,0.20859729538130578,1766
428,3,evaluate,3.3539992213249206,0.47662018047579985,0.18456845690570306,0.3358324432576769,0.16222600122860015,1219
428,4,evaluate,3.7530099942403683,0.4304635761589404,0.2812121683363388,0.35895378881906914,0.2286462606981115,2114
428,5,evaluate,4.662194526556767,0.4548962855764592,0.3123078604924135,0.33395343328278315,0.27818545002264183,2073
429,0,evaluate,3.273730731010437,0.48400328137817883,0.18832856157788871,0.35727369826435246,0.1697363891585187,1219
429,1,evaluate,4.4589082267549305,0.4521276595744681,0.3604857362581889,0.32592900300879546,0.310166126042467,1128
429,2,evaluate,4.681703632528132,0.4534491075735649,0.31066007626194997,0.33355542933304927,0.2771276864250051,2073
429,3,evaluate,3.8359520965152316,0.32667450058754405,0.20769468211946296,0.18071401275787616,0.13265254502274787,1702
429,4,evaluate,2.7581544518470764,0.5594563986409966,0.2610943634336361,0.3011658691601138,0.20995820239321822,1766
429,5,evaluate,3.7356424927711487,0.4266792809839167,0.2822860620193839,0.35424865972695996,0.22630713633468008,2114
430,0,evaluate,3.2008024573326113,0.4864643150123052,0.19020470296526634,0.3582997329773031,0.17361934277462635,1219
430,1,evaluate,4.463105413648817,0.4530141843971631,0.35918138329441535,0.32705768135616076,0.31055997005798364,1128
430,2,evaluate,3.7340786579777214,0.4228949858088931,0.27905837697427516,0.3524264784870571,0.22264631787291678,2114
430,3,evaluate,2.7283307143620084,0.565118912797282,0.2622353111169118,0.30194743779728717,0.21058870837278207,1766
430,4,evaluate,4.699075604930068,0.44766039556198745,0.30946803696479386,0.3286209318751522,0.2733938623452861,2073
430,5,evaluate,3.835936837726169,0.32138660399529967,0.20721911648406297,0.17770621180054882,0.1315528448353293,1702
431,0,evaluate,3.181856644153595,0.4889253486464315,0.1805882404646269,0.2684939919893191,0.1564965028919174,1219
431,1,evaluate,4.474262913068135,0.45390070921985815,0.3574685730554203,0.32517241542901226,0.309112023237499,1128
431,2,evaluate,3.849693942953039,0.3096357226792009,0.20373451009380342,0.14703332756703413,0.12453717929999439,1702
431,3,evaluate,2.6934274988515035,0.5855039637599094,0.2614986632797268,0.30686376096643964,0.2141311219358215,1766
431,4,evaluate,4.711342898282138,0.4462132175590931,0.30853941989162387,0.3261709810886645,0.27223787005645317,2073
431,5,evaluate,3.7646389884107254,0.4228949858088931,0.2810808697055101,0.3560995580588709,0.224318992657789,2114
432,0,evaluate,3.193499004840851,0.4856439704675964,0.18105680868838764,0.301074321317312,0.1578150974784916,1219
432,1,evaluate,4.485969755384657,0.45567375886524825,0.35977675454972413,0.32458522466246154,0.3101180012765853,1128
432,2,evaluate,2.6928940074784413,0.5956964892412231,0.261544183035614,0.3090767486332862,0.21578085128978003,1766
432,3,evaluate,3.802357868236654,0.42147587511825924,0.28246638714599315,0.358692904988565,0.2252207431292931,2114
432,4,evaluate,4.712763800765529,0.4442836468885673,0.3064587147740568,0.3203217296381261,0.26811720578786213,2073
432,5,evaluate,3.8679789260581687,0.30141010575793187,0.2039270463104023,0.1435132315277396,0.12224838139077743,1702
433,0,evaluate,2.7043536135128567,0.594563986409966,0.2611831992275146,0.3087418635640874,0.21554270971906692,1766
433,1,evaluate,3.8870676358540854,0.29670975323149235,0.20169868142418804,0.14360779761798317,0.12099174425351286,1702
433,2,evaluate,4.477158692147997,0.4601063829787234,0.3631491668815171,0.3254785493804744,0.3134692459397769,1128
433,3,evaluate,3.2054091930389403,0.48728465955701394,0.18256497776177025,0.3009701824655096,0.1587821791267312,1219
433,4,evaluate,3.815111451289233,0.4224219489120151,0.28272607365392527,0.3579433946875176,0.2261077858803641,2114
433,5,evaluate,4.7058197007034765,0.44042450554751567,0.30867574698516076,0.31658035781886695,0.2673024309808413,2073
434,0,evaluate,2.700636774301529,0.6013590033975085,0.2616744642085109,0.3105243430301151,0.21673914091527052,1766
434,1,evaluate,4.469774590598212,0.4592198581560284,0.36095115346364715,0.32569245312378986,0.312353234019577,1128
434,2,evaluate,3.2269984602928163,0.4864643150123052,0.17215166910227314,0.2006323987538941,0.1393222724033478,1219
434,3,evaluate,3.901253762068572,0.2978848413631022,0.20229132755836265,0.1454069057758732,0.12219782507054504,1702
434,4,evaluate,3.8540006577968597,0.41721854304635764,0.28160351659462785,0.35676636527540684,0.22393920649163204,2114
434,5,evaluate,4.710579929929791,0.43608297153883263,0.3103503815231214,0.31500221374072285,0.2672570232284035,2073
435,0,evaluate,3.2445200800895693,0.4864643150123052,0.17235131860344083,0.19978793947485535,0.1386997870892882,1219
435,1,evaluate,4.447827219963074,0.46365248226950356,0.3608991149456701,0.3295859407803718,0.3149306792629335,1128
435,2,evaluate,2.726190345627921,0.5934314835787089,0.2620183026147661,0.308985165292446,0.21584560162884392,1766
435,3,evaluate,3.8979970437509044,0.2972972972972973,0.2007798346964243,0.1435345418961173,0.12132568490377757,1702
435,4,evaluate,4.703244057568637,0.4365653642064641,0.31237600502436697,0.31436856706537475,0.2682829022747925,2073
435,5,evaluate,3.9008196241715374,0.41911069063386946,0.2830318843617865,0.3552897982473028,0.22515792965636403,2114
436,0,evaluate,4.437577618492974,0.4592198581560284,0.36349163888141006,0.32890586474574296,0.314964332643794,1128
436,1,evaluate,3.249996376037598,0.49302707136997537,0.1743312945854728,0.20089141076991543,0.14033201694433647,1219
436,2,evaluate,3.9049201629779957,0.2937720329024677,0.1993449420899775,0.14309550253601594,0.12074019497268751,1702
436,3,evaluate,3.906460001188166,0.423841059602649,0.28070253417174384,0.35415877736944645,0.22410163608736938,2114
436,4,evaluate,2.758564646754946,0.5866364665911665,0.2607504426637286,0.3068573896641959,0.21382726380735928,1766
436,5,evaluate,4.713493404966412,0.43945972021225277,0.31358718295076154,0.31764259826937413,0.2711015624902117,2073
437,0,evaluate,4.429044471846686,0.4592198581560284,0.3607816704126649,0.32599013958988887,0.3132354245965982,1128
437,1,evaluate,3.260438692569733,0.5028712059064807,0.17559354729183954,0.20229327992879392,0.14205091659592003,1219
437,2,evaluate,3.9015778082388417,0.3019976498237368,0.19950539838469525,0.14363859759345815,0.12259410169694598,1702
437,3,evaluate,4.752102028239857,0.437530149541727,0.3124796796134143,0.3192060492110634,0.27066396543185817,2073
437,4,evaluate,3.9212878697058735,0.4314096499526963,0.28041894961729896,0.3587494256635306,0.2273196011247626,2114
437,5,evaluate,2.7930928000382016,0.5758776896942243,0.26205341041155694,0.3029630064230181,0.2114019088852242,1766
438,0,evaluate,3.2817667007446287,0.505332239540607,0.17511176907729026,0.2039948820649755,0.14199496294685948,1219
438,1,evaluate,2.81725851552827,0.5736126840317101,0.26424933312343624,0.33544482390556973,0.2139575621295131,1766
438,2,evaluate,4.434705893198649,0.46897163120567376,0.3599206791712212,0.32984062327439656,0.31598211679501204,1128
438,3,evaluate,3.953446635428597,0.43755912961210974,0.2823170691529736,0.3640190082387189,0.23116343451132054,2114
438,4,evaluate,4.792888193419485,0.4380125422093584,0.3103260968299984,0.3048817049201472,0.26906417242640607,2073
438,5,evaluate,3.914213198202628,0.3037602820211516,0.20033428507102516,0.14385173853312402,0.122678544175754,1702
439,0,evaluate,3.93804551936962,0.30493537015276145,0.20059955060966383,0.14670513512056976,0.12290933380293145,1702
439,1,evaluate,3.3447880387306212,0.505332239540607,0.17543132867021288,0.20483934134401424,0.1423028630273757,1219
439,2,evaluate,4.455346398883396,0.4698581560283688,0.36157476213283957,0.34347955728068796,0.3180846763196724,1128
439,3,evaluate,4.83043732065143,0.44235407621804146,0.30792255551035,0.3076040391814251,0.26940974266102813,2073
439,4,evaluate,3.9577940509599796,0.4413434247871334,0.2829961466226657,0.36341479958387735,0.23268507815264985,2114
439,5,evaluate,2.8257176833493367,0.5679501698754247,0.2643467248643046,0.300643377503416,0.21091018599523884,1766
440,0,evaluate,4.478985786437988,0.4725177304964539,0.3637780112511025,0.3448618753538928,0.31925110496681997,1128
440,1,evaluate,4.861565026369962,0.44235407621804146,0.3069224058678963,0.3085414499608884,0.2692968839778264,2073
440,2,evaluate,3.967108037736681,0.30141010575793187,0.20028949107846458,0.14511757122139826,0.12120070414103964,1702
440,3,evaluate,3.9592208914897022,0.4370860927152318,0.2823606889845907,0.3623010493489698,0.23101134526187056,2114
440,4,evaluate,3.4104933381080627,0.49876948318293685,0.17501745976500532,0.2039047619047619,0.1402134402212957,1219
440,5,evaluate,2.8001310399600436,0.5656851642129105,0.26432240471184987,0.3001452454984347,0.2106895122153655,1766
441,0,evaluate,3.481354773044586,0.49876948318293685,0.17491043737016995,0.2042425456163774,0.14101942298853523,1219
441,1,evaluate,4.533888141314189,0.47074468085106386,0.3645085598605665,0.3446291167382019,0.31901402173458904,1128
441,2,evaluate,3.999670947039569,0.2978848413631022,0.19869023156319404,0.14335429258396748,0.11935891955611669,1702
441,3,evaluate,3.95978603292914,0.4271523178807947,0.278955771004566,0.35751350797191667,0.22662709664137762,2114
441,4,evaluate,4.877713774189805,0.44042450554751567,0.3076439340317695,0.30867753863867853,0.2691280271076863,2073
441,5,evaluate,2.7454104210649217,0.5758776896942243,0.26406805644768305,0.30365561864285295,0.21365510736131826,1766
442,0,evaluate,3.5322454929351808,0.4963084495488105,0.17731824834757298,0.2234374721851357,0.1447601030769392,1219
442,1,evaluate,4.582484814855787,0.4671985815602837,0.36461498282091914,0.3449132639939696,0.3187085651045167,1128
442,2,evaluate,4.025695032543606,0.2972972972972973,0.1999130972354483,0.1426661177733764,0.11914974468967207,1702
442,3,evaluate,4.904354637319392,0.4433188615533044,0.3071960894442964,0.30833507361210855,0.26877394419544165,2073
442,4,evaluate,2.700254593576704,0.5843714609286523,0.2660561959623576,0.30618761952579837,0.21655568268298211,1766
442,5,evaluate,3.9359272210037006,0.42999053926206243,0.2806517029743469,0.35995149899218615,0.22923855417859956,2114
443,0,evaluate,3.5340688824653625,0.4946677604593929,0.17813401733618098,0.22320382732532265,0.14496467901825147,1219
443,1,evaluate,4.583736220995585,0.46365248226950356,0.3649177377405465,0.33966295272093855,0.31617481526724867,1128
443,2,evaluate,2.6700485604149953,0.5911664779161948,0.26607718655780704,0.3081151506650629,0.21805185292459012,1766
443,3,evaluate,4.911506963498665,0.44283646888567296,0.307836920449334,0.30675211379331385,0.26797218874875245,2073
443,4,evaluate,4.02137565612793,0.2920094007050529,0.19792484149032763,0.14092398451395877,0.1173402824498686,1702
443,5,evaluate,3.8623145520687103,0.4370860927152318,0.28064646173355917,0.36442727667230385,0.23055971711737114,2114
444,0,evaluate,3.525441598892212,0.49302707136997537,0.1763579573007641,0.22280129060970183,0.14326582255841205,1219
444,1,evaluate,4.554153045018514,0.45656028368794327,0.3648198439364324,0.33604742705270196,0.31391100900115604,1128
444,2,evaluate,2.651985662324088,0.5973952434881087,0.26716365023230015,0.30922553658324714,0.21898127736637613,1766
444,3,evaluate,4.0304812413674815,0.2884841363102233,0.19885955358734847,0.15476243653269267,0.11932258131865965,1702
444,4,evaluate,4.909838452483669,0.4365653642064641,0.30624973095007724,0.3005208009996577,0.2643774500253734,2073
444,5,evaluate,3.7943560857983196,0.4422894985808893,0.2801999959801632,0.36549265076841936,0.23091308973185726,2114
445,0,evaluate,3.5155049562454224,0.4922067268252666,0.17646703941310998,0.22285336003560302,0.14295642348727405,1219
445,1,evaluate,4.529218077659607,0.4521276595744681,0.3627834314981243,0.33551569355835004,0.31296124482140353,1128
445,2,evaluate,4.034332081123635,0.2873090481786134,0.19929354475711386,0.15329185080199612,0.11961479095308425,1702
445,3,evaluate,3.71669407451854,0.4545884578997162,0.2813204795626196,0.36925268204743794,0.23440078729668673,2114
445,4,evaluate,2.647458847079958,0.5973952434881087,0.26798435544383603,0.3421176471086821,0.22162731981701192,1766
445,5,evaluate,4.901522000630696,0.4302942595272552,0.30532698174457096,0.29560234155504084,0.26160731337725646,2073
446,0,evaluate,3.4969454765319825,0.4864643150123052,0.1741532349923775,0.22136003560302625,0.140771214879232,1219
446,1,evaluate,4.517695678604974,0.449468085106383,0.3648224771457356,0.33303176175596916,0.312913979730995,1128
446,2,evaluate,4.006262982333148,0.2920094007050529,0.19997981480970195,0.15588142779650607,0.12223082440973543,1702
446,3,evaluate,3.670767280985327,0.4602649006622517,0.28200368192772407,0.36718282687450865,0.23498408984966918,2114
446,4,evaluate,2.6681395087923323,0.5917327293318233,0.26624649457358396,0.30624766607351167,0.21608738438355474,1766
446,5,evaluate,4.894260717160774,0.42354076218041486,0.3038446942461225,0.2927509159549942,0.25926863699970265,2073
447,0,evaluate,4.501319924990336,0.44858156028368795,0.3617299503546166,0.3324167884939371,0.31158426753403995,1128
447,1,evaluate,3.4924858689308165,0.48400328137817883,0.17334733487381465,0.22067178460169115,0.13960309662486156,1219
447,2,evaluate,4.8676934892481025,0.42884708152436085,0.3072525524340232,0.2954343584804892,0.26331894277148055,2073
447,3,evaluate,3.976771769700227,0.2972972972972973,0.19928926862840593,0.158244941380216,0.12401355696408914,1702
447,4,evaluate,2.68381330370903,0.5939977349943375,0.2649986014982332,0.30639646212549054,0.21569347117697033,1766
447,5,evaluate,3.630954236668699,0.4574266792809839,0.2799251180667837,0.361850559122711,0.2320270982102434,2114
448,0,evaluate,2.7271677468504225,0.587202718006795,0.26543073082133706,0.304842833504018,0.21432537394186654,1766
448,1,evaluate,3.4540693759918213,0.4774405250205086,0.17234091693031836,0.21906163773920784,0.1394365229671563,1219
448,2,evaluate,4.489153464635213,0.450354609929078,0.362238510627279,0.3204070409221428,0.31196305471802405,1128
448,3,evaluate,4.859645388343117,0.4283646888567294,0.30780911631575114,0.2960676975076106,0.2638733061620256,2073
448,4,evaluate,3.613978303530637,0.45600756859035,0.2806387692103085,0.3617057834155483,0.23199175892607338,2114
448,5,evaluate,3.948764094599971,0.30317273795534666,0.19981628200960294,0.15938667470299,0.1252632232515879,1702
449,0,evaluate,3.6259976888404175,0.4517502365184484,0.27809735542785885,0.35893369269409053,0.22882655043126165,2114
449,1,evaluate,4.450819426112705,0.46099290780141844,0.3679623777224205,0.32725694796062654,0.31837494097945607,1128
449,2,evaluate,4.846613053119544,0.42643511818620355,0.30838876437664187,0.29485782315257497,0.26286724808958983,2073
449,3,evaluate,3.4165895581245422,0.47579983593109104,0.17394622536337057,0.21849020916777925,0.13998568253310167,1219
449,4,evaluate,3.923993084165785,0.3119858989424207,0.20019632349388408,0.1603607512040191,0.12776965464381226,1702
449,5,evaluate,2.7569554703576222,0.5730464326160816,0.2637440136572574,0.30135358605970286,0.21049633520495759,1766
450,0,evaluate,4.421642846531338,0.45478723404255317,0.3647993733649663,0.324240782850812,0.3148758776914493,1128
450,1,evaluate,3.3776984572410584,0.4749794913863823,0.17400597797696274,0.21769781931464177,0.13993546269691332,1219
450,2,evaluate,3.8918562995062933,0.32784958871915393,0.20248560962846676,0.17801325886900005,0.13433396091657251,1702
450,3,evaluate,3.633635541971992,0.45600756859035,0.27664856169438445,0.3527452071168165,0.22763693869826013,2114
450,4,evaluate,2.8153774312564304,0.5549263873159683,0.2625123818233645,0.2972561244929648,0.20696140902685353,1766
450,5,evaluate,4.837006814552076,0.4283646888567294,0.3108894308090117,0.2955015936484264,0.26436219968317676,2073
451,0,evaluate,3.340362775325775,0.47333880229696473,0.17678484938216418,0.2368406764574989,0.143416558818633,1219
451,1,evaluate,4.388452768325806,0.449468085106383,0.3620840174408423,0.32270761789377617,0.3121509967418509,1128
451,2,evaluate,3.8919711731098316,0.33607520564042304,0.2040089658335938,0.18135764017003528,0.13751187645966662,1702
451,3,evaluate,2.8611646635191783,0.535673839184598,0.26182796867875097,0.29227419741503996,0.2026352596390617,1766
451,4,evaluate,4.837764111432162,0.4293294741919923,0.3123722425762881,0.2968404486296848,0.265424409334979,2073
451,5,evaluate,3.6823850449393776,0.45269631031220436,0.2761976240288898,0.3516504043583609,0.22651840957375885,2114
452,0,evaluate,3.7415110994787777,0.44607379375591294,0.2751612524055455,0.3478018829076695,0.22370214883557327,2114
452,1,evaluate,3.3316383361816406,0.4749794913863823,0.17701115692877292,0.2372432131731197,0.14419416550859424,1219
452,2,evaluate,4.36640218893687,0.449468085106383,0.356802159033834,0.3206814754740878,0.3091646468812087,1128
452,3,evaluate,2.9029649027756284,0.5169875424688561,0.26021672031714255,0.2877907058561523,0.1985135425236701,1766
452,4,evaluate,3.904679872371532,0.33666274970622795,0.20222963753575884,0.16809684602898453,0.13438668545895097,1702
452,5,evaluate,4.843192635160504,0.4356005788712012,0.3149243634801273,0.30117636314694646,0.268383928139799,2073
453,0,evaluate,3.320255470275879,0.47990155865463496,0.1795268818555879,0.23760636404094346,0.1468600924497151,1219
453,1,evaluate,4.342277871237861,0.45656028368794327,0.3583732523911236,0.3252317854917629,0.31256794662316795,1128
453,2,evaluate,2.908235320023128,0.5203850509626274,0.26204434608212235,0.2886217030349424,0.1994580325151507,1766
453,3,evaluate,3.9270668912816933,0.33490011750881316,0.2013093410303534,0.16716808865551194,0.1338942995656089,1702
453,4,evaluate,4.839083389802412,0.4351181862035697,0.31486484695584943,0.30252310167778995,0.2690103128548146,2073
453,5,evaluate,3.8309315232669605,0.43661305581835386,0.27565760539107564,0.346702540726953,0.22156442412498678,2114
454,0,evaluate,4.328214075830248,0.4671985815602837,0.36289166652477245,0.33464479370880384,0.31891918970297783,1128
454,1,evaluate,3.323019194602966,0.48974569319114025,0.18477983194350908,0.31968380062305296,0.15616279074172473,1219
454,2,evaluate,3.9562832602748164,0.33431257344300824,0.20176457743485474,0.16535429635517582,0.133581078190508,1702
454,3,evaluate,3.9182558445369495,0.4280983916745506,0.27389550373394367,0.34588897161681975,0.21849570401071575,2114
454,4,evaluate,4.8456635836398965,0.43367100820067533,0.3108474856386508,0.30424489502920055,0.26745099921787335,2073
454,5,evaluate,2.9040578177997043,0.5215175537938845,0.2609347551602986,0.28855205933538997,0.1991756975647376,1766
455,0,evaluate,2.893160892384393,0.5243488108720272,0.26251845527672685,0.3227594470868864,0.20289639850740585,1766
455,1,evaluate,3.313671749830246,0.4963084495488105,0.18525079071548894,0.3209561637739208,0.15794629517254183,1219
455,2,evaluate,4.3099313444561425,0.46897163120567376,0.36005057271605834,0.3341627252056273,0.31791620964857514,1128
455,3,evaluate,3.983377253308016,0.41911069063386946,0.27213852327104604,0.3414762008677018,0.2148355358899406,2114
455,4,evaluate,3.993549761948762,0.3296122209165687,0.20222695216575004,0.16430033790634924,0.13292852668139948,1702
455,5,evaluate,4.839272759177468,0.4380125422093584,0.3132624876008063,0.3067260815493308,0.27067296868487667,2073
456,0,evaluate,4.016306550414474,0.3254994124559342,0.2027987788598678,0.16385307563936885,0.13236553073218893,1702
456,1,evaluate,4.302570621172587,0.4698581560283688,0.36089339333320947,0.3316282347452897,0.3177267950801939,1128
456,2,evaluate,3.3263817608356474,0.49548810500410173,0.18154339935781563,0.30078727191811305,0.1516792006414758,1219
456,3,evaluate,4.828071948253747,0.43174143753014954,0.3103126585032462,0.31866916581106786,0.26848795519058855,2073
456,4,evaluate,2.8419880143233707,0.5419026047565119,0.26264494674123706,0.3265893438745323,0.20628477796801398,1766
456,5,evaluate,4.033831973286236,0.4153263954588458,0.2727458191162586,0.3458651444103524,0.21596610089899668,2114
457,0,evaluate,4.31364647547404,0.46897163120567376,0.363618075216892,0.33191475456444447,0.31845563842382085,1128
457,1,evaluate,3.3653029441833495,0.4922067268252666,0.18399573329652286,0.30015109034267917,0.15329865707484824,1219
457,2,evaluate,2.790405056306294,0.5588901472253681,0.26183094184691125,0.29656695313781617,0.206558770385945,1766
457,3,evaluate,4.0308601347839135,0.4148533585619678,0.27423786941821304,0.3533304598973677,0.21895464607032258,2114
457,4,evaluate,4.837053515694358,0.43077665219488664,0.3069764070328331,0.3177801119247718,0.26741281916576404,2073
457,5,evaluate,4.020505269368489,0.3254994124559342,0.2031458966595868,0.16247026478261964,0.1322238217130053,1702
458,0,evaluate,4.039882695233381,0.31551116333725027,0.20078455942472537,0.15899422117066336,0.12842345457732957,1702
458,1,evaluate,4.340063042110867,0.46365248226950356,0.36128853119155774,0.3273225523056868,0.31510280677143826,1128
458,2,evaluate,3.421794033050537,0.4856439704675964,0.18261321720092336,0.2661688918558077,0.14961766338926777,1219
458,3,evaluate,2.747237886701311,0.5838052095130238,0.2643025494149042,0.3035787012009073,0.21294565565301005,1766
458,4,evaluate,4.852307998772823,0.4356005788712012,0.3122962509681183,0.31842922723459244,0.2703645512376295,2073
458,5,evaluate,4.006727241417941,0.4195837275307474,0.27476445799985205,0.35895595223895405,0.2217686574615502,2114
459,0,evaluate,4.385207692782084,0.45478723404255317,0.36061164339651813,0.32239301212296756,0.3121048795926717,1128
459,1,evaluate,3.4876261830329893,0.4856439704675964,0.1842024803778834,0.2661688918558077,0.1518115123268971,1219
459,2,evaluate,3.9817217746201683,0.41911069063386946,0.2757117870776783,0.35914148548777847,0.22257053475315663,2114
459,3,evaluate,4.868649699471214,0.4370477568740955,0.3138429175366184,0.31715230852494763,0.270391003076877,2073
459,4,evaluate,2.7288999685219357,0.5877689694224235,0.26397916878008665,0.30601335446888045,0.21509406988125845,1766
459,5,evaluate,4.036887822327791,0.3172737955346651,0.20164367424041335,0.15871588242564605,0.1279934435585342,1702
460,0,evaluate,3.554068851470947,0.4774405250205086,0.18333498404313855,0.2653384512683578,0.15028439453261416,1219
460,1,evaluate,4.423379937807719,0.44769503546099293,0.3593607268597051,0.31849042368047276,0.3085470379395268,1128
460,2,evaluate,4.002001338534885,0.3202115158636898,0.20071033948732087,0.17397424152180666,0.12989393272861577,1702
460,3,evaluate,3.967854741741629,0.4210028382213813,0.2769086333442054,0.35794327711777985,0.22492124448814482,2114
460,4,evaluate,4.88136761116259,0.4380125422093584,0.31374347282853676,0.30231359272517555,0.2699534997980109,2073
460,5,evaluate,2.7195252989019667,0.5821064552661381,0.26476588202163437,0.30439412193863535,0.21423178283616728,1766
461,0,evaluate,4.463235139846802,0.44769503546099293,0.3655658064117439,0.3188144369395499,0.3107513580889204,1128
461,1,evaluate,3.6126265048980715,0.46759639048400325,0.17400102927313638,0.16371562082777036,0.13285737980305418,1219
461,2,evaluate,2.7159227771418437,0.5815402038505096,0.2641883649938759,0.3044432469661963,0.21414358469615324,1766
461,3,evaluate,3.957065035315121,0.423841059602649,0.27778787232968477,0.35786567650130036,0.22654454981296732,2114
461,4,evaluate,4.011616839302911,0.3202115158636898,0.20132513542354316,0.17574414638516908,0.1297488631251933,1702
461,5,evaluate,4.897216912471887,0.44283646888567296,0.316010868214261,0.3201540021718026,0.2732128277999156,2073
462,0,evaluate,4.495456231964959,0.4441489361702128,0.36222784167293126,0.3172493087500826,0.30780964191074356,1128
462,1,evaluate,3.6442675948143006,0.46185397867104183,0.17367327802110408,0.16256008010680906,0.13141725818755415,1219
462,2,evaluate,3.9252128776381996,0.42336802270577106,0.2786219311185131,0.35573586261741774,0.22689458538406004,2114
462,3,evaluate,4.024180694862649,0.32314923619271446,0.20057505200424397,0.17722925126794714,0.12986514064647875,1702
462,4,evaluate,4.915038332794651,0.44476603955619876,0.3137770777292828,0.32049056831147754,0.27263280837941195,2073
462,5,evaluate,2.7055019523416246,0.5883352208380521,0.2644522511934478,0.3070041577187669,0.21640606052735686,1766
463,0,evaluate,4.502758251296149,0.44592198581560283,0.3586367239337519,0.31710673442942616,0.30714519058804746,1128
463,1,evaluate,3.6436489701271055,0.46759639048400325,0.17222182180029072,0.16456008010680906,0.13192369872482929,1219
463,2,evaluate,2.7059126240866527,0.5922989807474519,0.26398009456221094,0.30798829425437174,0.216989252033276,1766
463,3,evaluate,3.898960334413192,0.4247871333964049,0.28133732253483024,0.35560248385112764,0.22779646364430467,2114
463,4,evaluate,4.061100085576375,0.31492361927144535,0.1997601983700924,0.17567768187959945,0.12719288861597672,1702
463,5,evaluate,4.920672647880785,0.4452484322238302,0.3130226896041596,0.32005751593291293,0.27186436306763256,2073
464,0,evaluate,4.498827497164409,0.4512411347517731,0.35678915071931494,0.31940894202575143,0.3083136492192394,1128
464,1,evaluate,3.6138526082038878,0.4716981132075472,0.1724303461151802,0.16497530040053404,0.1323794231625968,1219
464,2,evaluate,4.120515761552034,0.30493537015276145,0.19889691381233074,0.15986976649042955,0.12249546819133417,1702
464,3,evaluate,3.8687886630787567,0.4247871333964049,0.2806874024169371,0.35473427508418465,0.2263069414441386,2114
464,4,evaluate,2.724537266152246,0.5843714609286523,0.26424980934961406,0.3060691543127409,0.21540093808337035,1766
464,5,evaluate,4.919772220380379,0.4505547515677762,0.3134427797670766,0.3232243370869478,0.2743031510902556,2073
465,0,evaluate,3.5370487928390504,0.47908121410992616,0.17478644067082377,0.18658544726301735,0.13854382255336364,1219
465,1,evaluate,4.504965318573846,0.46187943262411346,0.35900252572145774,0.3272134010334489,0.31419285010856657,1128
465,2,evaluate,2.7452029969011034,0.5826727066817667,0.2649530131673437,0.30508876215587816,0.21460266348967338,1766
465,3,evaluate,4.18642622453195,0.2972972972972973,0.19920845557522657,0.15836208453905556,0.12123044995987009,1702
465,4,evaluate,4.926367716355757,0.45103714423540764,0.31342194518200683,0.323886634842677,0.27471231751731306,2073
465,5,evaluate,3.8322867295321297,0.43472090823084203,0.28308636594542835,0.3580301793167978,0.22902510578348917,2114
466,0,evaluate,4.5061973333358765,0.45478723404255317,0.35761898628195665,0.321610597563288,0.3103295548896365,1128
466,1,evaluate,3.443625497817993,0.4963084495488105,0.17955996689204837,0.23993524699599464,0.14834094609675108,1219
466,2,evaluate,4.240975909762913,0.28437132784958874,0.20034163431257923,0.1699398119712021,0.12045301369504355,1702
466,3,evaluate,4.904851732832013,0.4505547515677762,0.3125831189103695,0.3230072216212113,0.2736311395977212,2073
466,4,evaluate,3.802424620179569,0.4432355723746452,0.2819132551927256,0.3595450496671112,0.2296785100895728,2114
466,5,evaluate,2.793740519455501,0.5747451868629672,0.2634872960040517,0.30265470781399867,0.21187247320269034,1766
467,0,evaluate,4.910884423689409,0.4553786782440907,0.31516803175704505,0.3252443033038052,0.2756211121115152,2073
467,1,evaluate,4.281465812965676,0.2802585193889542,0.20028233320916247,0.16836693221447666,0.1194847163268119,1702
467,2,evaluate,2.846892067364284,0.5628539071347678,0.26444885696455706,0.29972484487658363,0.20972042888174752,1766
467,3,evaluate,3.3488423228263855,0.5094339622641509,0.17940227937779146,0.24264886515353803,0.14985891459188672,1219
467,4,evaluate,4.551304075453016,0.4574468085106383,0.35979151697054945,0.3242670838230052,0.3122477640697422,1128
467,5,evaluate,3.8135296737446502,0.4446546830652791,0.28015782866310357,0.3613040383447255,0.22793751872509166,2114
468,0,evaluate,2.889900799308504,0.5543601359003397,0.26248017983684246,0.29676172876470763,0.20672934377838917,1766
468,1,evaluate,4.327995635845043,0.2702702702702703,0.19959669317395534,0.16656655735636836,0.11719658577487295,1702
468,2,evaluate,4.587218734953138,0.4583333333333333,0.36373647931269526,0.3287944254347795,0.3154276593081687,1128
468,3,evaluate,3.2928080797195434,0.51681706316653,0.1781532777112579,0.24370026702269693,0.1498970991387877,1219
468,4,evaluate,3.8473663768347572,0.44512771996215705,0.2794478848781363,0.3633226052819182,0.2276762331214101,2114
468,5,evaluate,4.907718716245709,0.45875542691751087,0.31435800053954766,0.32590679187286237,0.27580328906431406,2073
469,0,evaluate,4.621310591697693,0.45478723404255317,0.36532053260966457,0.3294507048407692,0.31491815666504497,1128
469,1,evaluate,3.2811103105545043,0.5225594749794914,0.17805849840225446,0.2453624833110814,0.15082885619570377,1219
469,2,evaluate,4.337322650132356,0.26615746180963573,0.20115803054471826,0.16602505897987357,0.11661011984272547,1702
469,3,evaluate,2.92144318989345,0.551528878822197,0.2620924823505462,0.29567732227859106,0.20565261290446987,1766
469,4,evaluate,3.879881129545324,0.44843897824030277,0.2780195752771852,0.36363840101543543,0.22780313122276158,2114
469,5,evaluate,4.910593755317457,0.46164978292329956,0.3165037632862432,0.32709765581234745,0.2772129251103951,2073
470,0,evaluate,4.654034084743923,0.4583333333333333,0.3682700037147786,0.3444198090202568,0.3178683372603839,1128
470,1,evaluate,2.94182265656335,0.5526613816534541,0.26326104859413924,0.2961552391256367,0.20650694707050493,1766
470,2,evaluate,3.9110988255809334,0.44039735099337746,0.2782671566591826,0.3624390541524357,0.22544534864563226,2114
470,3,evaluate,4.3110706629576505,0.27320799059929496,0.20129638721056634,0.15244993158298176,0.11652092190974532,1702
470,4,evaluate,3.290027940273285,0.5192780968006563,0.17867692756588807,0.24472630173564752,0.15148064836443428,1219
470,5,evaluate,4.927497712048617,0.4602026049204052,0.3147365914100838,0.3260171651384254,0.2755576455149198,2073
471,0,evaluate,3.9261973289882435,0.43519394512771997,0.27698891707756357,0.3565759111862186,0.22283850107525716,2114
471,1,evaluate,2.95016662137849,0.557757644394111,0.2621007155956003,0.29764993865463646,0.20718862246150502,1766
471,2,evaluate,4.683729039298163,0.46187943262411346,0.36772279388024465,0.33401649578188736,0.317914930660229,1128
471,3,evaluate,4.269441357365361,0.28319623971797886,0.20187628066061034,0.15545740255957993,0.1194853913949501,1702
471,4,evaluate,3.321978735923767,0.5184577522559475,0.18020174952681414,0.244609479305741,0.15292919395143093,1219
471,5,evaluate,4.949561162428423,0.4544138929088278,0.31220136821423794,0.32364005606442514,0.2729867014542213,2073
472,0,evaluate,4.971254045313055,0.4548962855764592,0.3152104200222744,0.32676472686041463,0.2759426651787538,2073
472,1,evaluate,3.955393875346464,0.4280983916745506,0.27779113745461465,0.3575547048377067,0.22197325833871942,2114
472,2,evaluate,2.961491197347641,0.5543601359003397,0.2606819213408487,0.29701716606944195,0.20625665928991072,1766
472,3,evaluate,3.3556548833847044,0.5135356849876949,0.1785223412881029,0.22368758344459277,0.1482871793827809,1219
472,4,evaluate,4.709338903427124,0.46187943262411346,0.36617283965058095,0.333928552270073,0.3170003103945899,1128
472,5,evaluate,4.219999551773071,0.2925969447708578,0.2016632716504751,0.14303063471139368,0.11972670697815299,1702
473,0,evaluate,3.4477328658103943,0.5036915504511895,0.17997459313789338,0.22127236315086782,0.14783011519563535,1219
473,1,evaluate,3.980822910280789,0.4314096499526963,0.2814129272827366,0.36323566597617235,0.22705977843929026,2114
473,2,evaluate,4.996513857985988,0.4558610709117221,0.3163338636561678,0.32803791297565327,0.27737586684552673,2073
473,3,evaluate,2.928603721516473,0.5696489241223103,0.25981096741343135,0.30066562065875957,0.20861623714202007,1766
473,4,evaluate,4.736708654297723,0.4574468085106383,0.3627406750141462,0.330737306652067,0.31372935528606105,1128
473,5,evaluate,4.1935244931115045,0.29142185663924797,0.20144123490609153,0.14138433424243785,0.11922276153087523,1702
474,0,evaluate,4.1933684525666415,0.299647473560517,0.2025532097279727,0.1429944752102053,0.12155310494485252,1702
474,1,evaluate,4.7801386912663775,0.45390070921985815,0.36173099064979375,0.3304354162549156,0.31305820868374545,1128
474,2,evaluate,3.5406639099121096,0.4963084495488105,0.17977577577577578,0.21920761014686246,0.14603182427465733,1219
474,3,evaluate,2.8882750826222554,0.5804077010192525,0.25916598726759454,0.30386941157549263,0.21101267848368935,1766
474,4,evaluate,4.001761122661478,0.4304635761589404,0.28099346591234536,0.3591315797491204,0.2269625066259481,2114
474,5,evaluate,5.050453388329708,0.44669561022672455,0.313065565901195,0.32212512833982,0.2718548492617854,2073
475,0,evaluate,4.792301442888048,0.4601063829787234,0.36159184939053457,0.33220739331489774,0.315113947714086,1128
475,1,evaluate,4.176487693080196,0.29670975323149235,0.19977158181340005,0.14092365453322964,0.11974731593577825,1702
475,2,evaluate,3.609595000743866,0.48728465955701394,0.17964257517705792,0.21690921228304405,0.1435065864833906,1219
475,3,evaluate,2.831339887210301,0.5928652321630804,0.2585512155650741,0.3074447816005716,0.21328431902873443,1766
475,4,evaluate,4.006592445513782,0.4280983916745506,0.2824421088023752,0.35904572942818874,0.22867411995697923,2114
475,5,evaluate,5.0961269248615615,0.4365653642064641,0.3076568487497286,0.3161611465493298,0.26576770621271106,2073
476,0,evaluate,3.647523355484009,0.47908121410992616,0.17972469341735395,0.21388317757009348,0.14175502922568653,1219
476,1,evaluate,4.76436726252238,0.46897163120567376,0.3654428430746899,0.33626555409265857,0.3195777628170703,1128
476,2,evaluate,4.019967414000455,0.4219489120151372,0.2829005963713094,0.3596312442994179,0.22790578717329354,2114
476,3,evaluate,4.148461059287742,0.3078730904817861,0.19793909359634787,0.14292894742412482,0.1220079318722472,1702
476,4,evaluate,2.7922838798591068,0.594563986409966,0.25939718017826396,0.30793280602658507,0.21385392958884672,1766
476,5,evaluate,5.113372333122022,0.42981186685962375,0.30590605130050885,0.31304987044081145,0.2631752861295179,2073
477,0,evaluate,3.6593783259391786,0.4700574241181296,0.1792580387582802,0.21141588785046728,0.13951901531640892,1219
477,1,evaluate,4.728681511349148,0.4698581560283688,0.3656945416169727,0.33528717967402083,0.319779625104175,1128
477,2,evaluate,4.113631778293186,0.3119858989424207,0.19814277991912702,0.14541606540224133,0.12364550136695263,1702
477,3,evaluate,2.7468722632953098,0.6075877689694225,0.26026648344686365,0.31096870318864395,0.21644964580997184,1766
477,4,evaluate,5.113958553834395,0.42643511818620355,0.3040468846970905,0.31244232692669927,0.2621675061005948,2073
477,5,evaluate,4.057678385692484,0.41579943235572375,0.2817732123889859,0.35715561201908397,0.22696920522561553,2114
478,0,evaluate,2.7285920083522797,0.608154020385051,0.26089602200601913,0.3108929917009037,0.21679928625576253,1766
478,1,evaluate,3.649587619304657,0.4643150123051682,0.17686267412836298,0.2104292389853138,0.13696953089536207,1219
478,2,evaluate,4.681605908605787,0.46365248226950356,0.35998499267484557,0.3303914323320166,0.3156635909900471,1128
478,3,evaluate,5.105243545590025,0.4249879401833092,0.3047710305678536,0.3144063511655021,0.26347178188050446,2073
478,4,evaluate,4.086513254377577,0.3172737955346651,0.19763838273404602,0.1453068151695517,0.12451617759265603,1702
478,5,evaluate,4.067748707883498,0.4148533585619678,0.28287006249981683,0.3592294806752311,0.22881025796760177,2114
479,0,evaluate,3.577186179161072,0.4634946677604594,0.17586788604477283,0.21048130841121498,0.13481001235390783,1219
479,1,evaluate,4.634843137529161,0.4627659574468085,0.36246209288607095,0.3276662486598777,0.3152774315316318,1128
479,2,evaluate,4.090027775834589,0.4195837275307474,0.2822061137461793,0.35974587977390865,0.22922668794950746,2114
479,3,evaluate,2.74389785528183,0.6002265005662514,0.2616765052353498,0.30860196913687094,0.2150851044691889,1766
479,4,evaluate,4.055744771604185,0.3125734430082256,0.19700079759406258,0.1446042861972437,0.12333691844423282,1702
479,5,evaluate,5.0696330720728096,0.4278822961890979,0.30522606891374526,0.31339469257319835,0.26392449727936296,2073
480,0,evaluate,4.01297206348843,0.3219741480611046,0.19961501634146817,0.1450008698109542,0.12587346669261196,1702
480,1,evaluate,4.578567478391859,0.4583333333333333,0.3593635279498586,0.3224332479185734,0.31117965900727507,1128
480,2,evaluate,2.787529651607786,0.5877689694224235,0.2639311655011348,0.305026599111792,0.2132134835224461,1766
480,3,evaluate,3.4869866371154785,0.46267432321575064,0.1750055686547622,0.21053337783711618,0.1356832500336235,1219
480,4,evaluate,4.0803789811975815,0.4195837275307474,0.2829934342806212,0.36307426088890826,0.2288756724817384,2114
480,5,evaluate,5.01910172809254,0.4278822961890979,0.30652208748388327,0.31315628968687637,0.2644324858827246,2073
481,0,evaluate,4.523571345541212,0.45567375886524825,0.35849473022772205,0.32010136101505837,0.3103556768498613,1128
481,1,evaluate,3.395531439781189,0.4716981132075472,0.17529691582015314,0.2124939919893191,0.13801929843741775,1219
481,2,evaluate,4.955705389832005,0.4341534008683068,0.3085535750782322,0.31761046101928603,0.26769152046303535,2073
481,3,evaluate,4.002216228732356,0.3172737955346651,0.20211979335225788,0.14402838999087245,0.12526325287697013,1702
481,4,evaluate,2.8585896832602367,0.5628539071347678,0.26665692412791075,0.33203876860446113,0.21207573980503494,1766
481,5,evaluate,4.065994974444894,0.4247871333964049,0.2841519132228075,0.36380606122287856,0.23006574322625237,2114
482,0,evaluate,4.039478465362832,0.31551116333725027,0.20487408548284064,0.15981422328254,0.12787028753702373,1702
482,1,evaluate,2.9173915641648427,0.5385050962627407,0.2662493653421975,0.325676567419814,0.2068352984619958,1766
482,2,evaluate,3.3407150745391845,0.4831829368334701,0.17946883759429613,0.2353638184245661,0.14733553806335462,1219
482,3,evaluate,4.483975079324511,0.4512411347517731,0.35456238485427416,0.31241005470829597,0.305457632703077,1128
482,4,evaluate,4.9013020486542676,0.437530149541727,0.3080063782908861,0.31942637738141666,0.26819884159245044,2073
482,5,evaluate,4.014542109826031,0.43188268684957426,0.28427111415415807,0.36356235126488295,0.23012229986355326,2114
483,0,evaluate,3.298685681819916,0.4856439704675964,0.17737083149918587,0.2365587449933244,0.14579383794148895,1219
483,1,evaluate,4.480739805433485,0.45478723404255317,0.3562786905194741,0.3161377143706857,0.30812189382588373,1128
483,2,evaluate,4.0897402498457165,0.3108108108108108,0.20404561500364107,0.1581974560888409,0.12605404439964868,1702
483,3,evaluate,2.952455963407244,0.5215175537938845,0.2670630603338514,0.3220590425955116,0.20433134144490261,1766
483,4,evaluate,3.9512110545354733,0.43661305581835386,0.28110630769231654,0.35938130793013257,0.22708882010873696,2114
483,5,evaluate,4.869524110447276,0.4365653642064641,0.3064533266136277,0.3178975718136674,0.2667306361381633,2073
484,0,evaluate,4.508631428082784,0.44592198581560283,0.35397525721007306,0.32284445981433685,0.3050562975975692,1128
484,1,evaluate,4.176888845585011,0.29494712103407755,0.20383302205697368,0.15478677527260057,0.12230991871236266,1702
484,2,evaluate,2.9558902212551663,0.5243488108720272,0.26670343874028274,0.32300041730378126,0.2047771494995204,1766
484,3,evaluate,3.255554127693176,0.48482362592288764,0.17607867569392008,0.2372863818424566,0.14569359655462716,1219
484,4,evaluate,3.8920609302380504,0.4413434247871334,0.2802872567404906,0.36229072283954744,0.22827721444511356,2114
484,5,evaluate,4.8442110581831495,0.44235407621804146,0.30665431574258284,0.31900682428051635,0.26791130057545687,2073
485,0,evaluate,4.537686175770229,0.44592198581560283,0.35936929570968024,0.3253848502744618,0.3080550989570753,1128
485,1,evaluate,2.9127086784158434,0.5413363533408834,0.2656900691331284,0.32716550267468175,0.20772479116963866,1766
485,2,evaluate,3.2648547649383546,0.48728465955701394,0.17841312988365632,0.2386502002670227,0.14785255350113807,1219
485,3,evaluate,3.8608518418143776,0.4389782403027436,0.2789400398580082,0.3640972399625203,0.22716435157743947,2114
485,4,evaluate,4.275043699476454,0.2796709753231492,0.20303522033150703,0.14924007597403316,0.11779673271247706,1702
485,5,evaluate,4.835829156817812,0.4452484322238302,0.30529185424693067,0.3197912374642276,0.2682949589705878,2073
486,0,evaluate,4.586461689737108,0.449468085106383,0.36005556716323445,0.3278388433228028,0.30939110164426503,1128
486,1,evaluate,3.307588076591492,0.48810500410172275,0.17434301232743948,0.21837716955941255,0.1420957420543414,1219
486,2,evaluate,3.8639038240208343,0.43614001892147586,0.2787625851023495,0.363384337596815,0.22700309735932156,2114
486,3,evaluate,4.383042706383599,0.26556991774383076,0.20345627139744787,0.1453753416745162,0.11374616252413668,1702
486,4,evaluate,2.8661040365695953,0.5634201585503964,0.2637833133721907,0.33193041097037157,0.21043966996436056,1766
486,5,evaluate,4.8555379130623555,0.4462132175590931,0.307112196528247,0.3040019498673184,0.2686709578875556,2073
487,0,evaluate,4.897458343794852,0.44235407621804146,0.3047634871444638,0.3000934811840712,0.2653831602015274,2073
487,1,evaluate,2.8474207861082896,0.5826727066817667,0.2643523919772754,0.3371697952484208,0.2144855715747581,1766
487,2,evaluate,3.3437727212905886,0.4889253486464315,0.1724594519822941,0.16894859813084112,0.1358891056271019,1219
487,3,evaluate,4.642074982325236,0.4512411347517731,0.3573417561546205,0.3287706018083044,0.30830254445921956,1128
487,4,evaluate,4.437434929388541,0.26615746180963573,0.20270596467007626,0.13191592574588112,0.1121618274229836,1702
487,5,evaluate,3.895870534812703,0.4295175023651845,0.27683795593963056,0.3604040249130665,0.22430654984567683,2114
488,0,evaluate,4.686942219734192,0.4530141843971631,0.3580172427678505,0.3338108634246951,0.3104186259045104,1128
488,1,evaluate,3.4055617690086364,0.4807219031993437,0.17266797081151303,0.16727369826435246,0.13487300884022196,1219
488,2,evaluate,4.922173109921542,0.44573082489146165,0.30671420541967914,0.3013324096743785,0.2671057116015053,2073
488,3,evaluate,2.8460594373089925,0.5883352208380521,0.26426212763603996,0.3384417117210535,0.2152891632533739,1766
488,4,evaluate,3.9299351835952088,0.4304635761589404,0.2803906981205537,0.37063700441096464,0.2274433344485168,2114
488,5,evaluate,4.417287049470125,0.28319623971797886,0.20512354772660962,0.1380399529414026,0.11765058141366828,1702
489,0,evaluate,4.7291733556323585,0.4601063829787234,0.3634364681244298,0.3386655467483551,0.3150826372518856,1128
489,1,evaluate,3.4910464763641356,0.47087776866283837,0.17350869573834285,0.16502736982643523,0.13331129912316086,1219
489,2,evaluate,4.962251504262288,0.44573082489146165,0.3097446152182278,0.30532890248459366,0.2702499268755873,2073
489,3,evaluate,4.354056702719794,0.30434782608695654,0.2044324088578932,0.14369700418251335,0.12230204350291027,1702
489,4,evaluate,2.855193099805287,0.5866364665911665,0.263403610279814,0.33783724197737247,0.2144534910930315,1766
489,5,evaluate,3.9821938819745006,0.42999053926206243,0.2793110457837431,0.3581703784949716,0.22628427014697922,2114
490,0,evaluate,4.031446269329856,0.4304635761589404,0.2783113366203105,0.35543587952539124,0.22479577740947576,2114
490,1,evaluate,2.8722962864807675,0.5894677236693092,0.2641486920682446,0.3404253381162162,0.21676333639593123,1766
490,2,evaluate,4.276378490306713,0.3190364277320799,0.20616509405594563,0.14666848064828775,0.12601596425555148,1702
490,3,evaluate,4.763383295800951,0.46099290780141844,0.3665521346913906,0.33993281354953464,0.31660338013562994,1128
490,4,evaluate,3.5481191754341124,0.4593929450369155,0.1735183879753582,0.16187182910547396,0.131357360557559,1219
490,5,evaluate,4.984530723456181,0.44380125422093586,0.31129266046310655,0.30522127407385635,0.2708147556758164,2073
491,0,evaluate,3.5892797231674196,0.4561115668580804,0.17585808970889616,0.16123564753004005,0.13221648900636213,1219
491,1,evaluate,4.784168163935344,0.4627659574468085,0.367192776709589,0.3300598626276754,0.31677045932403364,1128
491,2,evaluate,4.167579668539542,0.3337250293772033,0.20471112011993728,0.15102276797081132,0.1291821024180677,1702
491,3,evaluate,4.051797013072407,0.43519394512771997,0.2798284553665122,0.3512548361906409,0.22595486610952492,2114
491,4,evaluate,2.919932629380907,0.5826727066817667,0.2649835781694717,0.33968278692763587,0.21644928329534271,1766
491,5,evaluate,5.023559461940419,0.4399421128798842,0.3119618807733251,0.2892973380826465,0.2696028481846099,2073
492,0,evaluate,4.076543569564819,0.3401880141010576,0.20408791733096096,0.1533569132696291,0.13066025625126548,1702
492,1,evaluate,4.811303801006741,0.4530141843971631,0.36745940376338926,0.32532839717983303,0.3125244025226502,1128
492,2,evaluate,3.576922261714935,0.4561115668580804,0.17708001303969864,0.1614045393858478,0.1337415137369974,1219
492,3,evaluate,2.946800466094698,0.579841449603624,0.2656689208713109,0.33912137442332796,0.216267589016251,1766
492,4,evaluate,4.057928774286719,0.43614001892147586,0.279867124509871,0.3514627363985411,0.22656379164688256,2114
492,5,evaluate,5.0500034346725,0.43945972021225277,0.31457114561985694,0.2908875814604546,0.2705164438337636,2073
493,0,evaluate,3.52637003660202,0.4643150123051682,0.17590598262898627,0.16240387182910548,0.13357034439223409,1219
493,1,evaluate,2.998221278190613,0.5645526613816535,0.265233684594836,0.33541570712287155,0.2132306484204017,1766
493,2,evaluate,4.833012620608012,0.44592198581560283,0.36518348643245024,0.3259639489631421,0.3107735343741873,1128
493,3,evaluate,4.008002431304367,0.34782608695652173,0.20288341192105164,0.15424321489671083,0.1315563536891481,1702
493,4,evaluate,4.063366507782655,0.4356669820245979,0.28061742294601266,0.34844246435837756,0.2253551911880889,2114
493,5,evaluate,5.0617155017274795,0.43608297153883263,0.3169784450792529,0.28821918920865935,0.2693196624284694,2073
494,0,evaluate,4.822139766481188,0.4423758865248227,0.3604288258458837,0.32182367746992946,0.3068339011769168,1128
494,1,evaluate,5.045815200516672,0.4370477568740955,0.315366846944943,0.2893348237180763,0.2687346536668245,2073
494,2,evaluate,3.456726109981537,0.4725184577522559,0.17877067348678602,0.2139619492656876,0.14136757382432905,1219
494,3,evaluate,3.969920100989165,0.3501762632197415,0.20471821994381495,0.1721061651105566,0.13577809373124847,1702
494,4,evaluate,2.997619011572429,0.5594563986409966,0.2629842349401367,0.30056917548393697,0.20924841377634928,1766
494,5,evaluate,4.0633985470323,0.43661305581835386,0.2817197122462072,0.35396011068253386,0.22741321028922457,2114
495,0,evaluate,3.9640558781447233,0.3425381903642773,0.2044233645429437,0.17030562526208376,0.13443955250257406,1702
495,1,evaluate,4.8278706603580055,0.4432624113475177,0.3585261556255336,0.3232977931416238,0.3072589258745568,1128
495,2,evaluate,3.387921488285065,0.4815422477440525,0.1807059149850912,0.23479238985313752,0.14674766683089033,1219
495,3,evaluate,5.043751839435462,0.4351181862035697,0.3139301295920029,0.28791737915547044,0.2670379766747405,2073
495,4,evaluate,2.965636874948229,0.5707814269535674,0.264349306450638,0.30219356526020247,0.21116548775421412,1766
495,5,evaluate,4.042730927467346,0.43945127719962157,0.28270256607354294,0.3598933532378379,0.22990821965493957,2114
496,0,evaluate,3.969787429880213,0.3325499412455934,0.20494826906013835,0.18039145659515604,0.1337347227559563,1702
496,1,evaluate,4.826738423771328,0.4432624113475177,0.3606999169292017,0.32333885715996813,0.3081220163837215,1128
496,2,evaluate,4.003254320691614,0.44654683065279094,0.2829208949434247,0.36303323949888144,0.23239932000216196,2114
496,3,evaluate,2.943294950893947,0.5668176670441676,0.2631526127413447,0.30126664143573645,0.21048803079570355,1766
496,4,evaluate,3.3116989374160766,0.4856439704675964,0.1807405199646579,0.23554539385847795,0.1485567953950317,1219
496,5,evaluate,5.052493890126546,0.4341534008683068,0.31363628084156703,0.30215789976361596,0.26732747851662325,2073
497,0,evaluate,2.937975598233087,0.5634201585503964,0.2638641927384512,0.2997369723509415,0.20953261428361913,1766
497,1,evaluate,3.9917282549773945,0.4503311258278146,0.28121957626766364,0.36197247288657775,0.23121228898669952,2114
497,2,evaluate,4.819334467252095,0.44858156028368795,0.3623037772906823,0.32812358223881083,0.3109792060056143,1128
497,3,evaluate,3.984268144324974,0.3301997649823737,0.20447037606580237,0.17977024126122831,0.1333502512725122,1702
497,4,evaluate,3.250455343723297,0.4913863822805578,0.17680391326055817,0.21647997329773033,0.14403264337292063,1219
497,5,evaluate,5.071809602506233,0.43367100820067533,0.3127933436406831,0.30374194272865507,0.268204116613723,2073
498,0,evaluate,3.226263463497162,0.5004101722723544,0.17637156383287556,0.21776502002670228,0.14396228791018703,1219
498,1,evaluate,4.792412837346395,0.4530141843971631,0.3615281077893289,0.3298010193446198,0.3121653992918249,1128
498,2,evaluate,3.988997831064112,0.4470198675496689,0.2840113889407386,0.365174178077433,0.23242499266163272,2114
498,3,evaluate,4.00650296387849,0.32608695652173914,0.20327366031874639,0.17677888611765902,0.13101414176781825,1702
498,4,evaluate,5.071130138455016,0.4356005788712012,0.30867947997015416,0.30469658538018896,0.26701909195944973,2073
498,5,evaluate,2.9431772785527364,0.5571913929784824,0.2659154716448743,0.331197967360759,0.21074227946760843,1766
499,0,evaluate,3.2298290133476257,0.505332239540607,0.1750727668845316,0.22015487316421897,0.14336923960616108,1219
499,1,evaluate,4.753612796465556,0.46187943262411346,0.36314522922513814,0.34448125257628615,0.3167997557633632,1128
499,2,evaluate,4.045436770827682,0.3219741480611046,0.20219840636731443,0.16072989319451395,0.12787624547325538,1702
499,3,evaluate,2.915817754609244,0.5560588901472253,0.26457297031521365,0.29776668748635976,0.20814570929201523,1766
499,4,evaluate,3.971583678441889,0.4441816461684011,0.2837985039052852,0.3651516564418915,0.23194603714723105,2114
499,5,evaluate,5.07335343505397,0.43174143753014954,0.3052009914559738,0.30396732949298555,0.26531198163575925,2073
