round,client_id,phase,loss,accuracy,precision,recall,f1,num_examples
0,0,evaluate,2.2265735467274985,0.16136772645470907,0.11415736191637571,0.156147865459462,0.08874354173431712,1667
0,1,evaluate,2.243709193335639,0.15716856628674264,0.1758662585421406,0.15999440017672836,0.09743267600599509,1667
0,2,evaluate,2.2457891923409923,0.14697060587882424,0.2007490390656025,0.15665679074551647,0.0867838530974723,1667
0,3,evaluate,2.246416868986907,0.15296940611877624,0.12579885203043223,0.15450801532423297,0.09278287625654305,1667
0,4,evaluate,2.221682345425641,0.16316736652669467,0.10735532265273166,0.1542234498572669,0.0888314616981634,1667
0,5,evaluate,2.221972597969903,0.16316736652669467,0.10811860335292889,0.15560949218581305,0.09235790839214031,1667
1,0,evaluate,2.4810743066999645,0.20035992801439712,0.17889925253584144,0.20859206961940813,0.14056506973314886,1667
1,1,evaluate,2.512533938443219,0.20755848830233953,0.1662086861339146,0.20235443420454652,0.13376318280400615,1667
1,2,evaluate,2.502792861726549,0.1841631673665267,0.1414796262841195,0.20202282210872685,0.12195124676684736,1667
1,3,evaluate,2.4800139444845692,0.1853629274145171,0.13120260859329563,0.19413903862083434,0.11945358199326783,1667
1,4,evaluate,2.5029498912669994,0.19976004799040192,0.1570197760178868,0.19286422610206583,0.12518647654906467,1667
1,5,evaluate,2.5863230934849493,0.19376124775044992,0.21864158867332462,0.19558499627424414,0.12698327821312833,1667
2,0,evaluate,2.676476796468099,0.2375524895020996,0.3650835661694094,0.23842864816746565,0.1818409871791486,1667
2,1,evaluate,2.6081677189579717,0.22975404919016196,0.3100042671285328,0.2398499553053252,0.17724554859242186,1667
2,2,evaluate,2.6701394893504955,0.23155368926214756,0.22221455339424714,0.23979085749238305,0.1781692579239414,1667
2,3,evaluate,2.553775257534451,0.22315536892621476,0.23721236292298165,0.23887203006526841,0.17165765745257394,1667
2,4,evaluate,2.654531545109219,0.24415116976604678,0.22429349456668818,0.23860942580791553,0.1820847716827041,1667
2,5,evaluate,2.7004394972765886,0.22795440911817635,0.19811583612694741,0.2230378863279281,0.16376784735905364,1667
3,0,evaluate,2.137925218652796,0.3083383323335333,0.3166889132744644,0.3041306972444907,0.27763956632723863,1667
3,1,evaluate,2.2209570187109486,0.28434313137372524,0.3089371448728556,0.2934798543207239,0.2644883296660133,1667
3,2,evaluate,2.2858668080082647,0.30713857228554287,0.3227041177257981,0.30271299622253245,0.2796022823866524,1667
3,3,evaluate,2.1921591096454196,0.2939412117576485,0.3308893182082435,0.299546038897026,0.2710853592157145,1667
3,4,evaluate,2.0804001092910767,0.28854229154169164,0.30005141349821834,0.29923935574389243,0.2676822118045389,1667
3,5,evaluate,2.1616338932955705,0.3161367726454709,0.34729712693264775,0.3157698736062231,0.291212822844348,1667
4,0,evaluate,1.8270546661482916,0.34853029394121177,0.36904180231901174,0.3499383931848598,0.34473104131514154,1667
4,1,evaluate,2.0402972477453725,0.33293341331733656,0.3453752435805356,0.33303947895313596,0.3253805318306774,1667
4,2,evaluate,1.9155922951521698,0.35032993401319734,0.3647091648177415,0.3488226558094663,0.3432946278114259,1667
4,3,evaluate,1.9924237639815718,0.33413317336532694,0.3520556914290383,0.33422795933580757,0.3320638619322323,1667
4,4,evaluate,1.8405061430401273,0.36112777444511096,0.37141157337149544,0.356072248505216,0.35038692104798785,1667
4,5,evaluate,1.9120214250352647,0.3665266946610678,0.3820608950699232,0.3694250441518438,0.35965418935395055,1667
5,0,evaluate,1.7229981554879084,0.3887222555488902,0.3973642612840318,0.3824957699649765,0.3736706361828923,1667
5,1,evaluate,1.785760967819779,0.370125974805039,0.38178083496477055,0.37050090621096754,0.3590352941113985,1667
5,2,evaluate,1.6501793883464955,0.3935212957408518,0.39779098038708977,0.3864333934348476,0.37808740983517414,1667
5,3,evaluate,1.7261263043792159,0.39652069586082783,0.4064529516898844,0.3997330845760692,0.3877592752802681,1667
5,4,evaluate,1.656266689300537,0.385122975404919,0.40464625557367784,0.38519571159913885,0.37609152082513897,1667
5,5,evaluate,1.7886381811565824,0.3737252549490102,0.38206043643632326,0.3724622489900667,0.3615197404265957,1667
6,0,evaluate,1.6556456398080897,0.40671865626874626,0.4102382382826824,0.40249783400509537,0.38351309284084,1667
6,1,evaluate,1.6599998076756795,0.39832033593281346,0.4113839763898908,0.4022437224185983,0.37661004449998753,1667
6,2,evaluate,1.6111547019746568,0.42711457708458306,0.43076458697629516,0.41676015168946606,0.40316981759406145,1667
6,3,evaluate,1.6406669749153986,0.42291541691661666,0.43158330292848684,0.42520794934708084,0.4044830677577901,1667
6,4,evaluate,1.578368948565589,0.40791841631673664,0.41423490829330734,0.3984623702656054,0.37969880140265366,1667
6,5,evaluate,1.5886288770922907,0.40311937612477505,0.41698740857751887,0.40467012787957585,0.3830600917553595,1667
7,0,evaluate,1.6125938892364502,0.41211757648470304,0.41825276839493836,0.4140292460468388,0.38748186221441927,1667
7,1,evaluate,1.6228268720485546,0.42351529694061185,0.4294882329670916,0.4181974502040446,0.3956836607016005,1667
7,2,evaluate,1.5806154454195942,0.40851829634073183,0.4204882380935776,0.41305159964347793,0.38505544591240953,1667
7,3,evaluate,1.56763153385233,0.41151769646070785,0.41094598719274195,0.4023458830307104,0.37737082451139664,1667
7,4,evaluate,1.5814333226945665,0.43431313737252547,0.4320314792368972,0.4226432552078892,0.4033705730136762,1667
7,5,evaluate,1.621881092036212,0.3899220155968806,0.38959418319094674,0.39559586962714677,0.36159178681323045,1667
8,0,evaluate,1.558748099539015,0.44991001799640074,0.44521847940210596,0.44281852448218917,0.42211664686376504,1667
8,1,evaluate,1.5274849291200991,0.44571085782843434,0.43637995398792784,0.43357987129538883,0.4148495658930961,1667
8,2,evaluate,1.506793800327513,0.4325134973005399,0.4358020810237089,0.4242971797170079,0.40388962775960724,1667
8,3,evaluate,1.5262773875836972,0.4367126574685063,0.44073427457913394,0.44292761646643664,0.41637182787956284,1667
8,4,evaluate,1.5612707954865914,0.41511697660467906,0.4039996281927457,0.42027659049512744,0.3878390602781729,1667
8,5,evaluate,1.549523702374211,0.4403119376124775,0.4408189297530031,0.4416391152224989,0.41766850351706425,1667
9,0,evaluate,1.4668988154994116,0.4511097780443911,0.4420144957614308,0.4422509155988522,0.422776865955971,1667
9,1,evaluate,1.5169236262639363,0.44631073785242953,0.4476165898641848,0.4483806628489984,0.4295244295148818,1667
9,2,evaluate,1.4816355329972726,0.4505098980203959,0.4546389560596201,0.45831804290518363,0.4332610205276911,1667
9,3,evaluate,1.516599968627647,0.47570485902819437,0.46188153064608706,0.4653689797228112,0.447368711273392,1667
9,4,evaluate,1.504292854556331,0.46610677864427114,0.4566631949794533,0.4563292728070743,0.4381636148374203,1667
9,5,evaluate,1.525377004234879,0.43431313737252547,0.42956133637596317,0.43914418564062296,0.4129301710994171,1667
10,0,evaluate,1.418207578085087,0.4673065386922616,0.45547655979151835,0.4586666681146509,0.4435494916855662,1667
10,1,evaluate,1.4751203678272389,0.4907018596280744,0.4756418284013889,0.47858212081152657,0.46391243532026394,1667
10,2,evaluate,1.47443954149882,0.4523095380923815,0.4567704605909199,0.4550875659151103,0.4371256495336439,1667
10,3,evaluate,1.4638779163360596,0.46910617876424715,0.47397910820564865,0.46181997392236945,0.45006016571795515,1667
10,4,evaluate,1.4304728044403925,0.46910617876424715,0.47342842190228784,0.4779548810658204,0.45640870461573246,1667
10,5,evaluate,1.4905957204324227,0.4367126574685063,0.4331938047900262,0.44209038461539113,0.42107734681909764,1667
11,0,evaluate,1.4435816076066759,0.4943011397720456,0.48457848768590106,0.4833166036803324,0.47523682573498327,1667
11,1,evaluate,1.372880098996339,0.4913017396520696,0.49364510076583645,0.49930645236758747,0.48304745419845513,1667
11,2,evaluate,1.4236679121300027,0.48470305938812236,0.49694880329673435,0.4783165058245296,0.4724218460251473,1667
11,3,evaluate,1.4610511991712782,0.46130773845230955,0.46197097858152103,0.465957792001941,0.4516016093998701,1667
11,4,evaluate,1.3768065317913338,0.4829034193161368,0.47560061969504625,0.47595506287797634,0.46710267425094526,1667
11,5,evaluate,1.424090650346544,0.47570485902819437,0.48280189715250466,0.47817729930589864,0.4665798318660008,1667
12,0,evaluate,1.3952455697236237,0.5032993401319736,0.5068192135854909,0.4962230892100414,0.4939704656152742,1667
12,1,evaluate,1.390458305676778,0.49250149970005996,0.49351677795054005,0.49390933701760015,0.4871569048671522,1667
12,2,evaluate,1.4384125382811934,0.5032993401319736,0.5018334940487141,0.49539280784886114,0.4912657258719113,1667
12,3,evaluate,1.456681353074533,0.46550689862027594,0.4691401056496433,0.4693155405192787,0.45952179055903664,1667
12,4,evaluate,1.3335355983840094,0.5038992201559688,0.50790288356941,0.511169267512025,0.4994026533481639,1667
12,5,evaluate,1.3505886517189167,0.501499700059988,0.49938809001357337,0.4953027613245785,0.49061930071330345,1667
13,0,evaluate,1.4422378760797006,0.47630473905218956,0.47711742023741915,0.48050739097424666,0.4727862423585044,1667
13,1,evaluate,1.430357191297743,0.5050989802039592,0.5034779773008087,0.49956482072605957,0.4969747526818381,1667
13,2,evaluate,1.3250226102493428,0.501499700059988,0.4950204626763214,0.49554664086991523,0.4908279483656505,1667
13,3,evaluate,1.3513781627019246,0.5134973005398921,0.5112295433831999,0.5140278853221221,0.5087426605073029,1667
13,4,evaluate,1.3633395389274314,0.5218956208758249,0.5181277511052063,0.513673780095413,0.5117885702434997,1667
13,5,evaluate,1.305320468213823,0.5146970605878824,0.5185354855569088,0.5211645228963082,0.5117890776704224,1667
14,0,evaluate,1.4221248979921695,0.5050989802039592,0.5061904370213028,0.49994249492949444,0.4971879056646621,1667
14,1,evaluate,1.3325499826007419,0.5350929814037193,0.5321029981879684,0.5349382506458615,0.5299397563474275,1667
14,2,evaluate,1.43408289220598,0.47330533893221355,0.47344238722434717,0.4778939942432038,0.4699127888228628,1667
14,3,evaluate,1.3101472148188837,0.5212957408518296,0.5128481070948725,0.515879814451484,0.5107041160061147,1667
14,4,evaluate,1.3384848656477752,0.5272945410917816,0.5231077950201978,0.5206986244648111,0.5170976830736383,1667
14,5,evaluate,1.2927228190280773,0.5128974205158968,0.5155800857766437,0.5205153307661411,0.5109361935726872,1667
15,0,evaluate,1.2908740396852847,0.5308938212357528,0.5322688444585187,0.5384656265173287,0.5287194566039517,1667
15,1,evaluate,1.3321357170740764,0.5386922615476905,0.5374023917267653,0.538572518270815,0.5340245474086884,1667
15,2,evaluate,1.302900649883129,0.5278944211157769,0.5192145248622881,0.5230205494402826,0.5172713006393843,1667
15,3,evaluate,1.3250789200818096,0.5320935812837433,0.53177883806268,0.5274583810320472,0.523360023458727,1667
15,4,evaluate,1.407774355676439,0.5056988602279544,0.5030305367364607,0.5000531262264639,0.4955604542465736,1667
15,5,evaluate,1.4273630733843203,0.47630473905218956,0.4756017647402765,0.4810996087195158,0.47305638380664494,1667
16,0,evaluate,1.287770840856764,0.5326934613077384,0.5236057457509644,0.5274237765682854,0.521280217368972,1667
16,1,evaluate,1.418490175847654,0.4793041391721656,0.47691213275055855,0.4840220430341312,0.4752701239229601,1667
16,2,evaluate,1.3153389913064462,0.5350929814037193,0.5307115508621458,0.5300788996075854,0.5240683539580752,1667
16,3,evaluate,1.3841299701620031,0.5170965806838632,0.5108748232720262,0.5114258994532561,0.5063004918580172,1667
16,4,evaluate,1.2806659605767992,0.5320935812837433,0.5322710396603914,0.5399465696045332,0.5294568806089868,1667
16,5,evaluate,1.3288292355007596,0.5500899820035993,0.5508159647282727,0.5503417114065554,0.5462207790888028,1667
17,0,evaluate,1.270467303417347,0.5422915416916617,0.5405649731911645,0.548978133688082,0.538490364454262,1667
17,1,evaluate,1.3268109736619171,0.5500899820035993,0.5463580077735107,0.5503535182771,0.544730510269302,1667
17,2,evaluate,1.2676790356636047,0.5398920215956808,0.5275227521340087,0.5342438437943454,0.5268319538629924,1667
17,3,evaluate,1.4066865223425407,0.5080983803239352,0.5027530054787824,0.5122707897155803,0.5023529432184853,1667
17,4,evaluate,1.3638548851013184,0.5380923815236952,0.531816616896857,0.5333731429702001,0.5291217006518281,1667
17,5,evaluate,1.3090448158758659,0.5512897420515896,0.5432788579229396,0.5462625496795189,0.5406519656627978,1667
18,0,evaluate,1.240736765993966,0.5476904619076185,0.5346658971127576,0.5421587064020741,0.5336308097321626,1667
18,1,evaluate,1.3002783060073853,0.5488902219556089,0.541554740440825,0.5432152572009881,0.5383754644311819,1667
18,2,evaluate,1.2572766961874786,0.5500899820035993,0.549019133829292,0.554882336378232,0.5462913230934555,1667
18,3,evaluate,1.3321321143044367,0.5440911817636472,0.5404719008205292,0.5453843730821939,0.5390562974815858,1667
18,4,evaluate,1.3488826001131977,0.5332933413317337,0.5281740374744518,0.5304673596109992,0.5256023023356304,1667
18,5,evaluate,1.3901304139031305,0.5230953809238152,0.5177567271439526,0.5261790489456196,0.5173706587702344,1667
19,0,evaluate,1.3728209910569367,0.5380923815236952,0.5349019210688264,0.5401864744737679,0.5337982851674095,1667
19,1,evaluate,1.2139624313071922,0.5704859028194361,0.5624322633901823,0.5650764988220534,0.5596798590175044,1667
19,2,evaluate,1.2412142047175654,0.5518896220755849,0.5493816080289905,0.5557765520861291,0.5481956741892218,1667
19,3,evaluate,1.3404963193116364,0.5386922615476905,0.5352827261635592,0.5363050380811407,0.5316540686500866,1667
19,4,evaluate,1.289142538000036,0.5434913017396521,0.5357538696071885,0.5381944153625053,0.5336016096736713,1667
19,5,evaluate,1.3267890788890697,0.5548890221955609,0.5520162210049913,0.5572315835450063,0.5510569044162854,1667
20,0,evaluate,1.365631549446671,0.5362927414517097,0.5370373122710193,0.5375162933403728,0.5348826979906213,1667
20,1,evaluate,1.3366244523613542,0.5446910617876425,0.5481770036238623,0.5416571158327457,0.5408293513152178,1667
20,2,evaluate,1.3172726454558197,0.5542891421715657,0.5571336904188966,0.5577104232298036,0.5523082481870267,1667
20,3,evaluate,1.1920266350110371,0.5668866226754649,0.5647251110316099,0.5618887633944029,0.5583936818761035,1667
20,4,evaluate,1.2251995846077248,0.5518896220755849,0.5532220833669969,0.5548044351503952,0.5504795116753066,1667
20,5,evaluate,1.282358346162019,0.5434913017396521,0.5413275809050595,0.53863452761888,0.5355551252142763,1667
21,0,evaluate,1.302214922728362,0.5512897420515896,0.5578868268210705,0.5549849078877486,0.5513512911708947,1667
21,1,evaluate,1.3399522260383323,0.5500899820035993,0.5579273409722201,0.5464869627913226,0.5471073045682958,1667
21,2,evaluate,1.2163037525282965,0.5512897420515896,0.5572024867067544,0.553823030916718,0.551700765834408,1667
21,3,evaluate,1.1856302795586762,0.5692861427714457,0.5712957659613781,0.5645148864210766,0.5636728473558258,1667
21,4,evaluate,1.2747656769222684,0.5530893821235753,0.5560836128288656,0.5490164560372801,0.547178873623947,1667
21,5,evaluate,1.3721324602762859,0.5362927414517097,0.5411047128839107,0.5363398155331505,0.536746267255786,1667
22,0,evaluate,1.3765143354733784,0.5428914217156569,0.5475817248494301,0.5429831356593213,0.5445905870304311,1667
22,1,evaluate,1.3391708577120747,0.5428914217156569,0.5462445400589674,0.5392083117126433,0.5402397401272816,1667
22,2,evaluate,1.2822905513975356,0.5626874625074985,0.5682008149230507,0.5652825041677095,0.56415328962843,1667
22,3,evaluate,1.1762690124688324,0.5794841031793642,0.5789204350734043,0.5757438561484796,0.5751584682307875,1667
22,4,evaluate,1.2076538536283705,0.5584883023395321,0.5612127095006306,0.5628874682496836,0.560162572235384,1667
22,5,evaluate,1.265488726121408,0.5518896220755849,0.5529367360778251,0.548685074790959,0.5478949660516462,1667
23,0,evaluate,1.185414848504243,0.5764847030593881,0.5751273203990918,0.573534204817149,0.5722938467533488,1667
23,1,evaluate,1.2797311544418335,0.563887222555489,0.5670121086554637,0.5651641922448811,0.5648606366387996,1667
23,2,evaluate,1.2639168721658212,0.5548890221955609,0.5534090113299734,0.5515452960090277,0.5506040179305388,1667
23,3,evaluate,1.3933058756369132,0.5404919016196761,0.5410837042060967,0.5419538860971281,0.5398524989933449,1667
23,4,evaluate,1.2143684769118275,0.5614877024595081,0.5614324291082959,0.5668027679412091,0.5620094102458285,1667
23,5,evaluate,1.3332268043800637,0.5452909418116376,0.5450006146276156,0.5414382323824914,0.5411754327059242,1667
24,0,evaluate,1.4159434305297003,0.5302939412117577,0.5342211679208896,0.5332264528171053,0.5288707896485771,1667
24,1,evaluate,1.3399619791242812,0.5542891421715657,0.5545857200959691,0.5489101889608045,0.5483273934902824,1667
24,2,evaluate,1.2636791600121393,0.5542891421715657,0.5541494975855062,0.5505115084420427,0.5491566482446155,1667
24,3,evaluate,1.2020544895419367,0.5662867426514697,0.5644496347186114,0.5635183537129078,0.5605467098409562,1667
24,4,evaluate,1.2250131092689656,0.5500899820035993,0.5496038278560706,0.557133493400995,0.548431430871244,1667
24,5,evaluate,1.2867537184997841,0.563887222555489,0.5691476819052622,0.5643095667772208,0.5642809172131437,1667
25,0,evaluate,1.2174423083111092,0.5572885422915417,0.5589202752229192,0.5641396592474721,0.5563073786283972,1667
25,1,evaluate,1.2495268362539786,0.5626874625074985,0.5602867577867551,0.5576285375086774,0.5557434388117873,1667
25,2,evaluate,1.405905427756133,0.5332933413317337,0.5371237303571874,0.5363108356701398,0.5316891997145257,1667
25,3,evaluate,1.3343148960007563,0.5536892621475705,0.5546051422657192,0.5488640839579751,0.547954557994675,1667
25,4,evaluate,1.1961275250823409,0.5680863827234554,0.5655065064897998,0.5644631420454067,0.561766425147642,1667
25,5,evaluate,1.2767019161471613,0.5716856628674265,0.5761153711151037,0.5721811551891169,0.5720155786705023,1667
26,0,evaluate,1.3095374747558877,0.5560887822435513,0.5558570226905915,0.5523194578037914,0.5508047591869483,1667
26,1,evaluate,1.194783560655735,0.5698860227954409,0.5692733173652642,0.5773919755678887,0.5678545238908836,1667
26,2,evaluate,1.1793695533717121,0.5740851829634073,0.5682685905764232,0.569894854851392,0.5663772624388828,1667
26,3,evaluate,1.3616542352570429,0.5440911817636472,0.5459512039575234,0.5467951174239689,0.5427306051138943,1667
26,4,evaluate,1.250469031157317,0.5770845830833833,0.578220799745017,0.5776063303244984,0.5767678356385508,1667
26,5,evaluate,1.231418627279776,0.5752849430113978,0.5683018882238353,0.5695617166659782,0.5669192477358372,1667
27,0,evaluate,1.327410055531396,0.5488902219556089,0.5505023163150226,0.550906388556889,0.5472581595794341,1667
27,1,evaluate,1.1838724900175024,0.5752849430113978,0.5743070800802402,0.582433104199135,0.5739275896928493,1667
27,2,evaluate,1.2274101001245004,0.5854829034193162,0.5776570926837195,0.5788584189801008,0.5764511028900412,1667
27,3,evaluate,1.2891099430896618,0.5566886622675465,0.5537644180089254,0.553951976214306,0.5506703117471023,1667
27,4,evaluate,1.2398243811395433,0.5764847030593881,0.5764383456747109,0.5771915400426026,0.5759151974822355,1667
27,5,evaluate,1.170945245358679,0.5818836232753449,0.5776739940106713,0.5775907646776725,0.575571945249978,1667
28,0,evaluate,1.3160122588828758,0.5590881823635273,0.5611742014267491,0.5609386631839534,0.5583479132764642,1667
28,1,evaluate,1.1786829476003293,0.5860827834433113,0.5844971247604643,0.5927308722567507,0.5853877136743939,1667
28,2,evaluate,1.2449985830872148,0.5764847030593881,0.5775936966710387,0.5770800656582291,0.5756223167497077,1667
28,3,evaluate,1.2877793488679108,0.5548890221955609,0.5548700240938367,0.5528048228416919,0.5499807987898511,1667
28,4,evaluate,1.1747527100421764,0.5872825434913017,0.5874923555589231,0.583226057512449,0.5827062144539068,1667
28,5,evaluate,1.2420785692003038,0.5920815836832634,0.5852226559555221,0.5858585743251573,0.5830961855507614,1667
29,0,evaluate,1.2913317282994587,0.5578884223155369,0.5589054785430376,0.555563695903414,0.5533483724909362,1667
29,1,evaluate,1.2551960282855563,0.5800839832033593,0.5752317284374768,0.5743939301764996,0.5717902123684229,1667
29,2,evaluate,1.312119013733334,0.5560887822435513,0.559992591026691,0.5578102883856302,0.5560613498928436,1667
29,3,evaluate,1.1733865042527516,0.5836832633473306,0.5838667810393734,0.5904420762114706,0.5838341821718085,1667
29,4,evaluate,1.2477077510621812,0.5698860227954409,0.5727118210770363,0.571341373982192,0.5696176705835041,1667
29,5,evaluate,1.1702799090632685,0.5872825434913017,0.5879588382469897,0.5828450365093757,0.5824208892307418,1667
30,0,evaluate,1.2648546121738575,0.5812837432513497,0.5759493505490036,0.5759442662859875,0.5727949013727635,1667
30,1,evaluate,1.3156371602305659,0.5530893821235753,0.5555746929326133,0.5548865149527409,0.5530161428329212,1667
30,2,evaluate,1.1635458336936102,0.587882423515297,0.5863607492527874,0.5834486062604698,0.5824349571455101,1667
30,3,evaluate,1.2965148797741644,0.5566886622675465,0.5608125356845387,0.5533989325679577,0.553302928971749,1667
30,4,evaluate,1.1684121279804796,0.5794841031793642,0.580386047833267,0.5863993305853048,0.5804797908278083,1667
30,5,evaluate,1.2424575840985332,0.5782843431313738,0.5799158069271141,0.5802271638802059,0.5776049442199668,1667
31,0,evaluate,1.2924216323428683,0.5626874625074985,0.5639906263377048,0.5592114377110436,0.5591092758075009,1667
31,1,evaluate,1.1611313701227859,0.5914817036592681,0.5881392665563433,0.5871763566903755,0.5864308866799883,1667
31,2,evaluate,1.1656023981394592,0.5860827834433113,0.5851675990751646,0.5931150406257995,0.5868111341814736,1667
31,3,evaluate,1.3251771043848108,0.5530893821235753,0.5509046233874718,0.5549046987154036,0.5516268087418013,1667
31,4,evaluate,1.2788692712783813,0.5788842231553689,0.5755309479779821,0.5747311627014315,0.5720753221077455,1667
31,5,evaluate,1.2432032337895147,0.5812837432513497,0.5825341678243365,0.5832025807905956,0.5813043163578347,1667
32,0,evaluate,1.1724754130398785,0.5860827834433113,0.5833639644798003,0.5929154845046011,0.585783294914355,1667
32,1,evaluate,1.2934755263505158,0.5614877024595081,0.5616378137527681,0.5577659092436497,0.5574548152160455,1667
32,2,evaluate,1.2535848330568384,0.5752849430113978,0.5741324271536575,0.5772103306394134,0.5747397957531121,1667
32,3,evaluate,1.293256887683162,0.5812837432513497,0.576430841318589,0.5771641864311334,0.5740871392608298,1667
32,4,evaluate,1.1722297599470173,0.5854829034193162,0.5796007697519814,0.5808283610491436,0.5794309352984983,1667
32,5,evaluate,1.3381663251806188,0.5542891421715657,0.5501076132484972,0.5563115958825124,0.5518183282249852,1667
33,0,evaluate,1.267238042972706,0.5710857828434314,0.5681697463497141,0.5728295365327798,0.569149454474476,1667
33,1,evaluate,1.2941784152278193,0.5872825434913017,0.5817530533693851,0.5828330932578155,0.5799294473321867,1667
33,2,evaluate,1.1815346686376467,0.5872825434913017,0.5796278876550995,0.5823273401888812,0.5796808314189859,1667
33,3,evaluate,1.2992862749982763,0.5674865026994601,0.5656395340211835,0.5640958657433474,0.5624208409565482,1667
33,4,evaluate,1.179809362800033,0.5872825434913017,0.5831209234860724,0.5944982992219746,0.586200048431955,1667
33,5,evaluate,1.3494353404751531,0.5626874625074985,0.5562339600732544,0.5645688213061871,0.5585633192212262,1667
34,0,evaluate,1.1866505852452032,0.5860827834433113,0.5774888163572368,0.5812683172258322,0.5773237483609391,1667
34,1,evaluate,1.3152165898570307,0.5662867426514697,0.5608757809603508,0.5622440421174288,0.5593095143714423,1667
34,2,evaluate,1.354632850046511,0.5620875824835033,0.5547666784876786,0.5638679051029325,0.5570481272788179,1667
34,3,evaluate,1.1892860807754375,0.5872825434913017,0.5831648257914676,0.5941881317285933,0.5854223453384637,1667
34,4,evaluate,1.2923817060611866,0.5836832633473306,0.5745692048728192,0.5777632739648779,0.5741994604747498,1667
34,5,evaluate,1.2793678906228807,0.5710857828434314,0.5676248167145741,0.5728715093345357,0.5681981875549169,1667
35,0,evaluate,1.297892932538633,0.5776844631073785,0.5702153405993404,0.5723306497216449,0.5689442880979971,1667
35,1,evaluate,1.1997560770423323,0.5896820635872826,0.5876308269105869,0.5951176893358051,0.5877428653447365,1667
35,2,evaluate,1.2860439198988456,0.5746850629874025,0.5739102411785274,0.5771238735275956,0.5727494319728743,1667
35,3,evaluate,1.3340045191623546,0.5656868626274745,0.5616958323392516,0.5616654833429624,0.5581236320278615,1667
35,4,evaluate,1.363086623174173,0.5566886622675465,0.5514228835777084,0.5576152365564704,0.5528804321758559,1667
35,5,evaluate,1.193351586383802,0.5836832633473306,0.5762975783564626,0.5791064308384878,0.5747864410786149,1667
36,0,evaluate,1.2119000487857394,0.5866826634673066,0.5880237225132704,0.5918482492152866,0.5857496827164363,1667
36,1,evaluate,1.204591478186625,0.5800839832033593,0.5733543754858301,0.5755009264870592,0.570680472242151,1667
36,2,evaluate,1.3710365118803802,0.5530893821235753,0.5495884146872358,0.5539705117684314,0.5501568104764969,1667
36,3,evaluate,1.2962056707452845,0.5830833833233353,0.5856273672139605,0.5864343450248288,0.5811427897762124,1667
36,4,evaluate,1.3101818782311898,0.5740851829634073,0.5709730270903841,0.5690982343851981,0.5658128177050069,1667
36,5,evaluate,1.349201454056634,0.5632873425314937,0.5603538271734476,0.5602697429454422,0.5560081318787782,1667
37,0,evaluate,1.2144182801798538,0.5818836232753449,0.5798199705889977,0.5780815329740066,0.5746110657920187,1667
37,1,evaluate,1.2207526167233784,0.5836832633473306,0.5884220854573312,0.5866057840568668,0.583649958914005,1667
37,2,evaluate,1.3567204652009186,0.5620875824835033,0.562484330664431,0.559069584087544,0.5561369283622949,1667
37,3,evaluate,1.3695458924328838,0.5530893821235753,0.5528030124524742,0.5538250090345196,0.5521613432247189,1667
37,4,evaluate,1.3256010479397244,0.5752849430113978,0.5762177737463066,0.5712131761825392,0.5687428339186787,1667
37,5,evaluate,1.304165972603692,0.587882423515297,0.5946700212332315,0.5916383979773895,0.5874716854934305,1667
38,0,evaluate,1.3642763782430578,0.5614877024595081,0.5611652776287755,0.5626268785049918,0.5610550119111701,1667
38,1,evaluate,1.2965365184677973,0.587882423515297,0.5955347486652351,0.5906999585649911,0.589159014501685,1667
38,2,evaluate,1.226495259337955,0.5800839832033593,0.586313550086443,0.5820933671772834,0.5810471931703546,1667
38,3,evaluate,1.3171680944937247,0.5722855428914218,0.572855149516497,0.5686690753079995,0.5671459752695084,1667
38,4,evaluate,1.3473120155157867,0.5728854229154169,0.573286373168595,0.5702245211707191,0.5686645836834715,1667
38,5,evaluate,1.2156752679083083,0.587882423515297,0.5864102687402621,0.5842792677834341,0.5821974042349154,1667
39,0,evaluate,1.2273634208573236,0.5752849430113978,0.5787504901487965,0.5780795644395009,0.5766735046969185,1667
39,1,evaluate,1.2202838485439618,0.5836832633473306,0.580580495984358,0.5795541430774355,0.5781721587863705,1667
39,2,evaluate,1.3412088906323467,0.5704859028194361,0.5719627723708361,0.5685736998403548,0.5680685833480343,1667
39,3,evaluate,1.3624856494091175,0.5650869826034793,0.5646363003474586,0.56594544567994,0.5640978628207016,1667
39,4,evaluate,1.2908748432441994,0.5818836232753449,0.5865297960279859,0.5839586538128352,0.5837233854966125,1667
39,5,evaluate,1.3076980776256986,0.5704859028194361,0.5680291590886222,0.5665741863290384,0.565259696944697,1667
40,0,evaluate,1.3041732399551957,0.5854829034193162,0.5834433055676468,0.580937206851697,0.5803059469079305,1667
40,1,evaluate,1.3810500038994684,0.5590881823635273,0.5614284018744696,0.5600385211968935,0.5593434538518759,1667
40,2,evaluate,1.2399842783256814,0.5632873425314937,0.5659236923797583,0.5655110555722042,0.5636378337556573,1667
40,3,evaluate,1.2347363252882604,0.5836832633473306,0.5808631054137428,0.5798457676716922,0.5784254569891727,1667
40,4,evaluate,1.3531510653319183,0.5662867426514697,0.570604997054138,0.5655110526123458,0.5648728649310886,1667
40,5,evaluate,1.3025976684358385,0.5806838632273545,0.5840352098947369,0.5818414563525294,0.5822965055067346,1667
41,0,evaluate,1.323218199941847,0.5764847030593881,0.5799488516840419,0.5773674724383129,0.5782379098551936,1667
41,1,evaluate,1.3659183625821714,0.5620875824835033,0.5674346138681974,0.5612679283563975,0.560731855071106,1667
41,2,evaluate,1.247276074356503,0.5728854229154169,0.5764279438100477,0.5753962624941938,0.5738218366750213,1667
41,3,evaluate,1.3082662644209686,0.5860827834433113,0.5848491091581709,0.5816068872400322,0.5813594856021649,1667
41,4,evaluate,1.3953176869286432,0.5620875824835033,0.5662673394034196,0.5638305212433494,0.5629614230747111,1667
41,5,evaluate,1.254894408914778,0.5806838632273545,0.5799501857771161,0.5768362143389391,0.576303849198178,1667
42,0,evaluate,1.4089106365486428,0.5656868626274745,0.5712510306821672,0.5675290784423592,0.5678275789485289,1667
42,1,evaluate,1.338858441070274,0.5818836232753449,0.5868498940446638,0.5826850100565306,0.5842733353036352,1667
42,2,evaluate,1.375838593200401,0.5650869826034793,0.5708746793847731,0.5637362035076144,0.5637594122117202,1667
42,3,evaluate,1.2465244443328292,0.5734853029394121,0.5782748898112177,0.5763619463188678,0.5756837588792397,1667
42,4,evaluate,1.2631197977397177,0.5794841031793642,0.580152429889612,0.5752343842917294,0.5752682497968535,1667
42,5,evaluate,1.3166778838192974,0.5824835032993402,0.5812352685990924,0.5775459219399484,0.5769725714925737,1667
43,0,evaluate,1.423584798971812,0.5626874625074985,0.5656732767405539,0.5647351814469687,0.5644061436730088,1667
43,1,evaluate,1.3564525224544384,0.5842831433713257,0.5876209697749744,0.5860208535862623,0.5861512739533115,1667
43,2,evaluate,1.2470980065840263,0.5770845830833833,0.581092051843088,0.580201514389657,0.5794889944325682,1667
43,3,evaluate,1.3948171602355108,0.563887222555489,0.5664164792495425,0.5616873309100318,0.5610188795286255,1667
43,4,evaluate,1.268636617809534,0.5812837432513497,0.5798514859777508,0.5765194735908252,0.5759224932144299,1667
43,5,evaluate,1.325462919694406,0.5794841031793642,0.5779223492851633,0.5747021269977766,0.5736028622625879,1667
44,0,evaluate,1.2495534784264035,0.5824835032993402,0.585498397916349,0.58550027203675,0.5842715938272828,1667
44,1,evaluate,1.3824381386792217,0.5824835032993402,0.5872789499620543,0.5851157564589944,0.5836800270190686,1667
44,2,evaluate,1.4322024363058585,0.5650869826034793,0.5643729423224253,0.5666567173526842,0.5647456971121648,1667
44,3,evaluate,1.4162873824437459,0.5614877024595081,0.5631248770840477,0.5581857534203013,0.5581137378610606,1667
44,4,evaluate,1.332368952256662,0.587882423515297,0.5863208480689701,0.5836122143233224,0.5817730198100817,1667
44,5,evaluate,1.275683457514754,0.5746850629874025,0.5725975690250242,0.5697139226713214,0.5685744028905174,1667
45,0,evaluate,1.3362024470611855,0.5806838632273545,0.5769904222580038,0.5763543834603164,0.5739262655666937,1667
45,1,evaluate,1.4391786522335477,0.5704859028194361,0.570708739927674,0.5670588597744086,0.5658438787408985,1667
45,2,evaluate,1.4072974699514884,0.5800839832033593,0.5851822801860191,0.5828054278519557,0.5803712612550734,1667
45,3,evaluate,1.2509198983510335,0.5872825434913017,0.5907847885172114,0.5909564445533592,0.5887467947322391,1667
45,4,evaluate,1.2814311898416944,0.5728854229154169,0.5685612845782289,0.5680150179917134,0.5653862834025312,1667
45,5,evaluate,1.4384393714092396,0.5650869826034793,0.5642412661675313,0.5665975458610873,0.5640920348062253,1667
46,0,evaluate,1.281446883385932,0.5704859028194361,0.5639801458058149,0.5651234980806625,0.5616447083024715,1667
46,1,evaluate,1.449191481978805,0.5722855428914218,0.5697490966539032,0.5739615311361662,0.5700399916947755,1667
46,2,evaluate,1.2550419436560736,0.5944811037792441,0.5969746773029664,0.5995621138217919,0.5952209678362451,1667
46,3,evaluate,1.4224766934359516,0.5824835032993402,0.5858772432773344,0.5850464865820061,0.5819167119837575,1667
46,4,evaluate,1.4471618555210255,0.5740851829634073,0.5718607644754907,0.570950835477846,0.5684718621614572,1667
46,5,evaluate,1.3464980920155842,0.5866826634673066,0.5805311469467324,0.5814520547362272,0.5787050861698468,1667
47,0,evaluate,1.2955469642248418,0.5770845830833833,0.5700463103566495,0.5716689840757168,0.5674895707288581,1667
47,1,evaluate,1.373337189356486,0.5896820635872826,0.5818558475234997,0.5842961820324319,0.5812393776306556,1667
47,2,evaluate,1.4372565658004195,0.5788842231553689,0.5797118505024629,0.5812569697497239,0.5769008241626898,1667
47,3,evaluate,1.447931581073337,0.5746850629874025,0.5733229320798303,0.5715991057742265,0.5690077753321574,1667
47,4,evaluate,1.4737687861477886,0.5752849430113978,0.572433826640205,0.5774948280625432,0.5726395577039142,1667
47,5,evaluate,1.2704956432183583,0.5962807438512298,0.5952420956052776,0.602717252215593,0.5953134656489334,1667
48,0,evaluate,1.403725270871763,0.590881823635273,0.5821327107058786,0.5855182912248514,0.5821858668453599,1667
48,1,evaluate,1.4822134088586878,0.5728854229154169,0.569321235497387,0.5754623463467363,0.5703103711237841,1667
48,2,evaluate,1.3134131220479806,0.5758848230353929,0.5658923148306965,0.5702623818377323,0.5660333734626061,1667
48,3,evaluate,1.4426425872025666,0.5692861427714457,0.5647365087704295,0.5653455622365537,0.562670444939261,1667
48,4,evaluate,1.2863637540075514,0.5914817036592681,0.5893047484500976,0.5987156533757231,0.5900045416537198,1667
48,5,evaluate,1.4477403517122622,0.5788842231553689,0.5772601076201276,0.5807657870474927,0.5767136883836417,1667
49,0,evaluate,1.4700783292452495,0.5734853029394121,0.5691786283115026,0.576161444357866,0.5714308079657651,1667
49,1,evaluate,1.290515625918353,0.5950809838032394,0.5920652201745118,0.6019091459283146,0.5933476849489315,1667
49,2,evaluate,1.4301328835663971,0.5830833833233353,0.5761242439228047,0.5783207289932386,0.5749325516470521,1667
49,3,evaluate,1.4461665241806596,0.5704859028194361,0.5692532701641927,0.5729431806322575,0.5688989244521038,1667
49,4,evaluate,1.3221550891520801,0.5728854229154169,0.5640080135038186,0.5676142892983517,0.5639878494090802,1667
49,5,evaluate,1.4492331743240356,0.5752849430113978,0.569318786860771,0.5709012258763582,0.5686643761830392,1667
50,0,evaluate,1.4395542807049222,0.5806838632273545,0.5754156238894091,0.5762563637831322,0.5725042059833176,1667
50,1,evaluate,1.2946538009025432,0.5932813437312537,0.5909855530403834,0.5987652615226884,0.5909812845721464,1667
50,2,evaluate,1.324229168119254,0.5770845830833833,0.5705170112879667,0.5718548291707325,0.5690127044211379,1667
50,3,evaluate,1.452171873163294,0.5728854229154169,0.5763244786104248,0.5755627668588335,0.5724688620813257,1667
50,4,evaluate,1.4570713065288685,0.5734853029394121,0.5697673316794294,0.5758060197589053,0.5716031918410642,1667
50,5,evaluate,1.4640865988201566,0.5680863827234554,0.5643692780719946,0.5631291007762954,0.5620555567519391,1667
51,0,evaluate,1.4703730212317572,0.5620875824835033,0.5620048121171917,0.5580435952163668,0.5573978357119759,1667
51,1,evaluate,1.4696582467467696,0.5728854229154169,0.5803348258610642,0.575862122777006,0.5734592103226052,1667
51,2,evaluate,1.3007551542034856,0.590881823635273,0.5911861084182501,0.595447763372217,0.5891535538498209,1667
51,3,evaluate,1.436513450410631,0.5764847030593881,0.5724657305542322,0.5731243539596165,0.5689764535680507,1667
51,4,evaluate,1.4468479884995356,0.5734853029394121,0.5732661120516022,0.5751397401356941,0.5726752602591487,1667
51,5,evaluate,1.3306501975489988,0.5704859028194361,0.566619766115543,0.5655776637461829,0.5635036049952179,1667
52,0,evaluate,1.3149928450584412,0.5932813437312537,0.5977917420678093,0.596227879080512,0.5932885385748781,1667
52,1,evaluate,1.3404026187404439,0.5686862627474505,0.5659896581598078,0.5636848778132174,0.5623054914748036,1667
52,2,evaluate,1.4369497078436393,0.5782843431313738,0.5779354984963678,0.5754459687331216,0.5716402821268244,1667
52,3,evaluate,1.4664570534670796,0.5674865026994601,0.5716982662654715,0.5643075218299358,0.5637013395454566,1667
52,4,evaluate,1.4914424419403076,0.5704859028194361,0.580948944168132,0.5741847027803388,0.5717484169639344,1667
52,5,evaluate,1.4499917736759893,0.5734853029394121,0.5728663240016101,0.5746296927791438,0.5725765665482758,1667
53,0,evaluate,1.4418635854014643,0.5776844631073785,0.57689664509859,0.5749508071382029,0.5705584050934019,1667
53,1,evaluate,1.4676943487591214,0.5704859028194361,0.5763956089111815,0.5678068164568427,0.5679851880698834,1667
53,2,evaluate,1.5129774190761425,0.5698860227954409,0.5799656319526243,0.5734831686385954,0.5716653901252959,1667
53,3,evaluate,1.355411799831523,0.5716856628674265,0.5734643711980232,0.5673520790659874,0.5670378509337792,1667
53,4,evaluate,1.4594803629098114,0.5668866226754649,0.5668870739561604,0.5677725679860711,0.566518555545626,1667
53,5,evaluate,1.334823328035849,0.5698860227954409,0.5749015267663313,0.572351939689121,0.5699946040391344,1667
54,0,evaluate,1.476725145622536,0.5680863827234554,0.5707045892798716,0.5641263494396522,0.5647366954114672,1667
54,1,evaluate,1.4442291215614036,0.5806838632273545,0.5764860860386328,0.57667724529968,0.572795771907917,1667
54,2,evaluate,1.4806558710557443,0.5650869826034793,0.5649553963488874,0.566409020996194,0.5654109437196874,1667
54,3,evaluate,1.3477476702796087,0.5722855428914218,0.5733238490575129,0.5756167492837048,0.5724846324843087,1667
54,4,evaluate,1.3638582066115406,0.5746850629874025,0.5751262775910659,0.5698515029886526,0.5699108146776355,1667
54,5,evaluate,1.5229256528395194,0.5740851829634073,0.5801791627910848,0.5769480081810403,0.5755482351127474,1667
55,0,evaluate,1.5020459493001301,0.5602879424115177,0.5605177087833181,0.5562313901987046,0.5561244398438052,1667
55,1,evaluate,1.511809483722404,0.5698860227954409,0.571227883507733,0.5719422341748313,0.5699031907670368,1667
55,2,evaluate,1.5019939453513533,0.5602879424115177,0.5576459566175733,0.5622250570975312,0.5596053894936588,1667
55,3,evaluate,1.3591312655696162,0.5758848230353929,0.5735765123466792,0.5799702379428147,0.5750972007362837,1667
55,4,evaluate,1.4502390225728352,0.5830833833233353,0.5775726513632955,0.5787309603368851,0.5755000278390232,1667
55,5,evaluate,1.3744635375699512,0.5794841031793642,0.576971670544812,0.5745460045097716,0.5737448907809213,1667
56,0,evaluate,1.531241703916479,0.5656868626274745,0.5621046325349999,0.5678854614303054,0.5643841540036812,1667
56,1,evaluate,1.5456140791928326,0.5602879424115177,0.5564858146386972,0.5555540541362306,0.5543907789330753,1667
56,2,evaluate,1.3878896418544981,0.5902819436112777,0.5854938315028775,0.5852379150729435,0.583510514824763,1667
56,3,evaluate,1.3700486233940832,0.5764847030593881,0.572380064973317,0.5810633401023096,0.5750810541743017,1667
56,4,evaluate,1.5041708063196253,0.5662867426514697,0.5658922915000426,0.5682455438781495,0.5659844416143359,1667
56,5,evaluate,1.4635426667001512,0.5866826634673066,0.5794712035431706,0.5822801995673279,0.5789873838195128,1667
57,0,evaluate,1.5573194402235526,0.5620875824835033,0.5592182647923847,0.5643186025519434,0.5608152072037796,1667
57,1,evaluate,1.3940089687153145,0.5842831433713257,0.5795962066824574,0.5790860010642718,0.5772532729464763,1667
57,2,evaluate,1.5870064187932897,0.5536892621475705,0.5496885860723523,0.5484839695061984,0.547362320590493,1667
57,3,evaluate,1.4682838960930154,0.5842831433713257,0.5762886960254416,0.5789330828135049,0.5759142827386733,1667
57,4,evaluate,1.3778754086406142,0.5740851829634073,0.57034854629329,0.5788219490758544,0.5723234608490275,1667
57,5,evaluate,1.5042071474923029,0.5698860227954409,0.5683223912108694,0.5718920684755069,0.5692051394977835,1667
58,0,evaluate,1.589069582797863,0.5542891421715657,0.55327161224833,0.5565955914491483,0.5536208085622174,1667
58,1,evaluate,1.6123017602496676,0.5608878224355129,0.5577671651377983,0.5561284886234287,0.5551089574195498,1667
58,2,evaluate,1.485147288552037,0.5776844631073785,0.5703265196530063,0.5724669908249654,0.5700571052092627,1667
58,3,evaluate,1.406387851194099,0.5818836232753449,0.5765989012945265,0.576527649441789,0.5745843966860311,1667
58,4,evaluate,1.516835340747127,0.5704859028194361,0.5694527361301553,0.5725864304897246,0.5700309524605279,1667
58,5,evaluate,1.387442508229503,0.5788842231553689,0.5749251446632985,0.5835725366499954,0.5767360276450837,1667
59,0,evaluate,1.403277234898673,0.5782843431313738,0.5745260319556404,0.5835238671228901,0.5761351565103282,1667
59,1,evaluate,1.505170424779256,0.5800839832033593,0.5742336077187893,0.5756066179386148,0.5736663543037045,1667
59,2,evaluate,1.4313701965190746,0.5782843431313738,0.573500845795446,0.5727565549583284,0.5709446960242425,1667
59,3,evaluate,1.6213743090629578,0.5608878224355129,0.5598452967410946,0.5627918860495543,0.5606479442387232,1667
59,4,evaluate,1.618816609735842,0.5686862627474505,0.5665232319199881,0.5640187653057556,0.5629669328746878,1667
59,5,evaluate,1.545070180186519,0.5770845830833833,0.5754833256079825,0.5789511610888118,0.57647707044311,1667
60,0,evaluate,1.5278971725040011,0.5860827834433113,0.5809858830066592,0.5813469074592051,0.5795305757816751,1667
60,1,evaluate,1.4252780620698575,0.5794841031793642,0.5783296327123961,0.5834413711500235,0.5789034754833339,1667
60,2,evaluate,1.4636597379490182,0.5752849430113978,0.5718563834785871,0.5703813352280773,0.5690363412698445,1667
60,3,evaluate,1.62238582416817,0.5764847030593881,0.5746142614206381,0.5726357662138049,0.5712142436111147,1667
60,4,evaluate,1.6451273494296603,0.5548890221955609,0.5530270936784387,0.5566793096130621,0.5545317698204109,1667
60,5,evaluate,1.5787517008958039,0.5734853029394121,0.5732740741424189,0.5750008073321171,0.573452050405126,1667
61,0,evaluate,1.4898012026592538,0.5698860227954409,0.568725273953402,0.5652725153784746,0.5643945301359998,1667
61,1,evaluate,1.6013395697982222,0.5830833833233353,0.5838720517603698,0.5848627537625818,0.5828389475905897,1667
61,2,evaluate,1.548706990701181,0.5788842231553689,0.5744402812655502,0.5743487867052084,0.5722190360317427,1667
61,3,evaluate,1.650638258015668,0.5578884223155369,0.5565635795126542,0.5592095059512407,0.5575674341717484,1667
61,4,evaluate,1.6309211960545293,0.5734853029394121,0.5728945124053038,0.570495313139487,0.5689851235999386,1667
61,5,evaluate,1.4480495386653476,0.5740851829634073,0.5742378947094493,0.5770417729054869,0.5734239893875659,1667
62,0,evaluate,1.4658503079855885,0.5710857828434314,0.5735019075153024,0.5724694787061277,0.5712741943541333,1667
62,1,evaluate,1.6547264302218403,0.5728854229154169,0.5738212472540078,0.5699315348266394,0.568802165632772,1667
62,2,evaluate,1.504574603435618,0.5668866226754649,0.5651781362674925,0.5623121181359634,0.5609925610829692,1667
62,3,evaluate,1.6029962477860626,0.5716856628674265,0.5738971146010051,0.57398740855456,0.5715374779677763,1667
62,4,evaluate,1.6462722884284124,0.5572885422915417,0.5575311413388813,0.5581601274717365,0.5575610013920468,1667
62,5,evaluate,1.5681483966332894,0.5854829034193162,0.5838002574871023,0.5809803171191434,0.5796340159579431,1667
63,0,evaluate,1.6331695450676813,0.5542891421715657,0.5545533697909711,0.5551607261292245,0.5540671146445344,1667
63,1,evaluate,1.5046356590119776,0.5668866226754649,0.5661635368266116,0.5622641160227766,0.5611997282817958,1667
63,2,evaluate,1.5825834804111056,0.5842831433713257,0.581637309696421,0.5790712973149242,0.577273217055156,1667
63,3,evaluate,1.5966938380841855,0.5656868626274745,0.5679912081322116,0.5682722315478148,0.5649546660298845,1667
63,4,evaluate,1.475918549078482,0.5698860227954409,0.5747581101568502,0.5713202400462513,0.5710042539846091,1667
63,5,evaluate,1.6715792682435777,0.5710857828434314,0.5708204949866471,0.568348172682888,0.5665261716006046,1667
64,0,evaluate,1.697879186383,0.5692861427714457,0.5672692223260897,0.5665180165850677,0.5643239386513638,1667
64,1,evaluate,1.478820013779181,0.5686862627474505,0.5699032994158107,0.5706122994663331,0.5686399664619068,1667
64,2,evaluate,1.5009541086231668,0.5722855428914218,0.5715397265165957,0.5681084689111546,0.5672740304633549,1667
64,3,evaluate,1.5924114849832323,0.5812837432513497,0.5781783040445563,0.5761712132890245,0.5743389389029626,1667
64,4,evaluate,1.6367892424265544,0.5530893821235753,0.5539462161863733,0.5539885705127545,0.5527440548618877,1667
64,5,evaluate,1.6001992093192206,0.5632873425314937,0.5642883822110696,0.565554870579464,0.562374029259934,1667
65,0,evaluate,1.4784132065596405,0.5686862627474505,0.5668196717501568,0.5713107505949508,0.5676469963157423,1667
65,1,evaluate,1.6151164063700922,0.5662867426514697,0.5654903280501166,0.5682859810771029,0.5651044923900568,1667
65,2,evaluate,1.7198316476963185,0.5674865026994601,0.5654762503463826,0.5639998664458699,0.5634705579898658,1667
65,3,evaluate,1.5065159812845565,0.5734853029394121,0.5708214218241958,0.5693403045707672,0.5682735532436987,1667
65,4,evaluate,1.6517715674859506,0.5470905818836233,0.5475291888488583,0.5485610531314284,0.5470517189260647,1667
65,5,evaluate,1.6019143705014829,0.5854829034193162,0.5808561230350345,0.5800230145054187,0.5789204606495006,1667
66,0,evaluate,1.6293406751420763,0.5800839832033593,0.576796841550772,0.5756986169494351,0.5747025164693355,1667
66,1,evaluate,1.530143582434566,0.5686862627474505,0.5658155551031328,0.5643384861746474,0.5631913587339376,1667
66,2,evaluate,1.4950088350861162,0.5650869826034793,0.5647554616815115,0.5681031637904159,0.564279470575732,1667
66,3,evaluate,1.6832323560008295,0.5386922615476905,0.5416125038959978,0.5398648975968727,0.539502580865386,1667
66,4,evaluate,1.6606747530124806,0.5632873425314937,0.5659170842987951,0.5650963652712055,0.5634319387579223,1667
66,5,evaluate,1.7484464601234153,0.5650869826034793,0.5637269687739369,0.5607690963721674,0.5613053293455365,1667
67,0,evaluate,1.7566470967398748,0.5578884223155369,0.5584012839989848,0.5530826393823685,0.5542024400382224,1667
67,1,evaluate,1.7038928358643144,0.5416916616676665,0.5452569410703608,0.5426764890782066,0.5430750647809932,1667
67,2,evaluate,1.644719088519061,0.5776844631073785,0.5743603463144666,0.5733494109937433,0.5726996266643157,1667
67,3,evaluate,1.7007838311018768,0.5668866226754649,0.5707673512293278,0.5688414460408534,0.5680820294145938,1667
67,4,evaluate,1.545207807207825,0.5680863827234554,0.5685645416521201,0.5640881931638191,0.5641965324197737,1667
67,5,evaluate,1.5098223542725597,0.5656868626274745,0.566708554328796,0.568996093320291,0.565643315995132,1667
68,0,evaluate,1.7503130965762668,0.563887222555489,0.5647427533341757,0.5592509078983832,0.5597027067708844,1667
68,1,evaluate,1.553505132285257,0.5656868626274745,0.5675214584303847,0.561865824428607,0.5625109583176127,1667
68,2,evaluate,1.6616585122214422,0.5626874625074985,0.5610095137291996,0.558834550644154,0.558098858270677,1667
68,3,evaluate,1.7170706766623038,0.5350929814037193,0.5393523764156554,0.5357816649647372,0.5369594087896153,1667
68,4,evaluate,1.7290720409817166,0.5704859028194361,0.5762739711732544,0.5725434523135331,0.5725568940047341,1667
68,5,evaluate,1.5330265705232267,0.5620875824835033,0.5624014652008198,0.5657864948948945,0.5616453184015318,1667
69,0,evaluate,1.5561917887793646,0.563887222555489,0.5647438940768915,0.5678488405208587,0.5634491935363195,1667
69,1,evaluate,1.7494160422572382,0.5590881823635273,0.5607545667681041,0.5541686269792931,0.5543258040567947,1667
69,2,evaluate,1.7231484254201253,0.5488902219556089,0.5539998295388753,0.550067354876723,0.550949395547234,1667
69,3,evaluate,1.5610082356811121,0.5710857828434314,0.5731500133278391,0.5672542169580566,0.5678320345537311,1667
69,4,evaluate,1.6765883763631184,0.563887222555489,0.5630750169208839,0.5601809559522571,0.5588075590092176,1667
69,5,evaluate,1.7434825058336612,0.5656868626274745,0.5707646478233214,0.568091352302373,0.5670862610590781,1667
70,0,evaluate,1.7336061000823975,0.5728854229154169,0.5774539106857669,0.5752890671801646,0.5734755350140232,1667
70,1,evaluate,1.5746084771774433,0.5680863827234554,0.5694215947083769,0.5727626008131976,0.5684011817650488,1667
70,2,evaluate,1.5674049850829221,0.5710857828434314,0.5701299389384129,0.5668657193649339,0.5667021713385396,1667
70,3,evaluate,1.692557621885229,0.5644871025794841,0.5614014076253013,0.5605572349988017,0.5581311134958715,1667
70,4,evaluate,1.7633218191288136,0.5572885422915417,0.5578739030278441,0.5525164516972279,0.5521941404717061,1667
70,5,evaluate,1.7320265814110085,0.5602879424115177,0.563497749203014,0.5614030246563657,0.5615657081975776,1667
71,0,evaluate,1.7522938957920782,0.5764847030593881,0.5784745427354212,0.5790296083226043,0.5766478780403033,1667
71,1,evaluate,1.5912551780541737,0.5668866226754649,0.5666286685501144,0.5724922160003876,0.5672847881277148,1667
71,2,evaluate,1.7499235647696036,0.5590881823635273,0.5623634102792701,0.5611752078496408,0.5606741812004759,1667
71,3,evaluate,1.7012232983553852,0.5668866226754649,0.5630275306542505,0.5623291004807257,0.5608706342218404,1667
71,4,evaluate,1.7938220898310344,0.5584883023395321,0.5576652593250354,0.5538175953031663,0.5533618923595354,1667
71,5,evaluate,1.5815260542246203,0.5824835032993402,0.581282354589001,0.5781800994139248,0.5784794258848633,1667
72,0,evaluate,1.7057007992709126,0.5686862627474505,0.5642931715960878,0.5642819396843899,0.5628192132543812,1667
72,1,evaluate,1.7833746804131403,0.5680863827234554,0.567743287502616,0.5703020386279501,0.567300093364054,1667
72,2,evaluate,1.5910662662548323,0.5806838632273545,0.580159045666118,0.576258246880258,0.576530869501849,1667
72,3,evaluate,1.7598775448622528,0.5494901019796041,0.5540813896018133,0.552091771451682,0.5517721093877243,1667
72,4,evaluate,1.602611271319566,0.5716856628674265,0.5723204368330029,0.5775122746163941,0.572663977153641,1667
72,5,evaluate,1.8101503230907299,0.5578884223155369,0.5565068593112277,0.552844138646647,0.5530803186743121,1667
73,0,evaluate,1.603136519746234,0.5824835032993402,0.5800172440704975,0.5779360167579372,0.5776816131374989,1667
73,1,evaluate,1.7743265275601987,0.5494901019796041,0.5527923059042679,0.5522140801092157,0.5512090910253347,1667
73,2,evaluate,1.8153374989827473,0.5602879424115177,0.5575997281224798,0.5548819810986644,0.5548461756478462,1667
73,3,evaluate,1.7079903814527724,0.5692861427714457,0.563733454493194,0.5647487940081346,0.5630931216506674,1667
73,4,evaluate,1.6144508090284135,0.5722855428914218,0.5718732341957564,0.5785245024931298,0.5723259091692642,1667
73,5,evaluate,1.8237472375233967,0.563887222555489,0.5624463822916257,0.5658046128804433,0.5627862842938872,1667
74,0,evaluate,1.8405407843766388,0.5566886622675465,0.5507638187871028,0.5511335047383138,0.5499581680889076,1667
74,1,evaluate,1.8642665854206792,0.5704859028194361,0.5692433163803619,0.5720612326218782,0.5694629573492911,1667
74,2,evaluate,1.6242017103876505,0.5788842231553689,0.5746753371966824,0.5739673427544233,0.573045536229711,1667
74,3,evaluate,1.6289771839424416,0.5770845830833833,0.5755751568746061,0.5831233257294538,0.5769720361817652,1667
74,4,evaluate,1.7254695980637162,0.5680863827234554,0.5620288564399739,0.5637620834493596,0.5616192929450934,1667
74,5,evaluate,1.8015430194360238,0.5500899820035993,0.5520136316170293,0.5529189711975924,0.5510615124867446,1667
75,0,evaluate,1.6360487213565245,0.5698860227954409,0.5630000288867871,0.5652975698517302,0.5632354488926871,1667
75,1,evaluate,1.7331256093802276,0.5650869826034793,0.556298222965664,0.5598749025740519,0.5565308787494081,1667
75,2,evaluate,1.835631948930246,0.5596880623875224,0.553706547431214,0.5544124506367352,0.5532211362143794,1667
75,3,evaluate,1.8848929890879877,0.5662867426514697,0.565101568693761,0.5682254180488767,0.5648565752610618,1667
75,4,evaluate,1.6430404042756115,0.5686862627474505,0.566500655932668,0.5737191932375171,0.5683023191642724,1667
75,5,evaluate,1.8141806699611522,0.5530893821235753,0.5514794815944292,0.5553207574206883,0.5528626515213144,1667
76,0,evaluate,1.739919161355054,0.5596880623875224,0.5509900875032383,0.5539022586736886,0.5506098614721862,1667
76,1,evaluate,1.838451102927879,0.5512897420515896,0.5489377829675494,0.5524114269975277,0.5503286261049516,1667
76,2,evaluate,1.8863049215740628,0.5644871025794841,0.5621179987181952,0.5667533856956704,0.5624236881013931,1667
76,3,evaluate,1.649478189629951,0.5746850629874025,0.5680998167591385,0.5700814909127203,0.5677745794049275,1667
76,4,evaluate,1.6640642561294414,0.5686862627474505,0.5677244028970404,0.5729312110044366,0.5686832517789651,1667
76,5,evaluate,1.8495442867279053,0.5656868626274745,0.5607864109617166,0.5613635306385699,0.5599904085918036,1667
77,0,evaluate,1.7705371843443976,0.5620875824835033,0.5578399499373925,0.5570660043509066,0.5540936242656642,1667
77,1,evaluate,1.863541497124566,0.5488902219556089,0.5470255061001665,0.5484536478831139,0.5469992983934742,1667
77,2,evaluate,1.696871875612824,0.563887222555489,0.5635623952161871,0.5669131077210764,0.5629090827951776,1667
77,3,evaluate,1.8905571787445634,0.5578884223155369,0.5561234321901342,0.553851398439213,0.5523016237368851,1667
77,4,evaluate,1.6704656013494565,0.5650869826034793,0.5626284692420476,0.5607643527168283,0.5594456672129084,1667
77,5,evaluate,1.8982657768108226,0.5572885422915417,0.5570877236269761,0.5594578096263002,0.5554085525371111,1667
78,0,evaluate,1.9184199395003143,0.5596880623875224,0.5583506974007972,0.5558215787045875,0.5542108400248483,1667
78,1,evaluate,1.8052295446395874,0.5584883023395321,0.5566012662200353,0.5529919225885032,0.5511194293656808,1667
78,2,evaluate,1.722508833364204,0.5566886622675465,0.5587667025857562,0.5594871871060565,0.5565611401288921,1667
78,3,evaluate,1.6895102616658226,0.5650869826034793,0.5628427991486447,0.5605286705901762,0.5588407918560627,1667
78,4,evaluate,1.9075435002644856,0.555488902219556,0.5565709217584945,0.5578863216694032,0.5543046529824212,1667
78,5,evaluate,1.8650515256104645,0.5434913017396521,0.543592504285307,0.543319893597737,0.5428037381092813,1667
79,0,evaluate,1.7279963581650346,0.5530893821235753,0.5535647065519085,0.5562449301949959,0.552646261853349,1667
79,1,evaluate,1.9201140138838027,0.55248950209958,0.5503745294770281,0.5482426640829633,0.5468615268909959,1667
79,2,evaluate,1.6905286075995751,0.5692861427714457,0.5661755688862138,0.5646062896000832,0.5628484360808214,1667
79,3,evaluate,1.9242121599338673,0.5584883023395321,0.5596283243969868,0.5613750293296869,0.5576148556181503,1667
79,4,evaluate,1.8633238562831171,0.5464907018596281,0.5475536172954705,0.5468719987595791,0.5469385374887331,1667
79,5,evaluate,1.8221855693393283,0.5620875824835033,0.5601201432877613,0.557217216652272,0.5553462072172409,1667
80,0,evaluate,1.9518344225706878,0.5548890221955609,0.5555867151442633,0.5574146408283661,0.554418755119137,1667
80,1,evaluate,1.8360724228399772,0.5680863827234554,0.5647886238807747,0.5628649516939245,0.5612764504877735,1667
80,2,evaluate,1.700247954383182,0.5698860227954409,0.5665564238354802,0.5650757340407384,0.5639977784581413,1667
80,3,evaluate,1.9213178113654807,0.5626874625074985,0.5607395571355247,0.5579196382855277,0.5573771425012046,1667
80,4,evaluate,1.874151627222697,0.5374925014997001,0.538596732607361,0.539177889816284,0.5386103955241717,1667
80,5,evaluate,1.722988838398898,0.5518896220755849,0.5517644768858861,0.5558125780674578,0.5520153594153848,1667
81,0,evaluate,1.9842242399851482,0.5608878224355129,0.5614449119149137,0.5631661972769607,0.5607060675984467,1667
81,1,evaluate,1.8990447565361306,0.5416916616676665,0.5428745286712304,0.5441504970611306,0.5430543159344929,1667
81,2,evaluate,1.7166990803347693,0.5650869826034793,0.5667923790452389,0.5696349931885197,0.5666799810939763,1667
81,3,evaluate,1.8464338382085164,0.5704859028194361,0.5659125241234635,0.5653501658778095,0.5640768254466674,1667
81,4,evaluate,1.9343694845835369,0.5704859028194361,0.56826255481086,0.5651529351047418,0.5653211894350691,1667
81,5,evaluate,1.7219028274994344,0.5710857828434314,0.566997477609997,0.5659739537296009,0.565102178224208,1667
82,0,evaluate,1.715027959258468,0.5608878224355129,0.562143618809723,0.5664617571787872,0.5627033627079697,1667
82,1,evaluate,2.004592021306356,0.5608878224355129,0.5621189169678383,0.5632069120639099,0.5611698377374066,1667
82,2,evaluate,1.9198501065925315,0.5488902219556089,0.5497238045059032,0.551201932469809,0.5498861456953053,1667
82,3,evaluate,1.7495926947729592,0.563887222555489,0.5595139020655131,0.558938142559979,0.5580665468741081,1667
82,4,evaluate,1.846799534780008,0.5680863827234554,0.5626270383025581,0.5623030960148755,0.5613993980910268,1667
82,5,evaluate,1.9475397268931072,0.5710857828434314,0.5686000351842561,0.5651020988699846,0.5657422104014027,1667
83,0,evaluate,1.9414895022356953,0.5350929814037193,0.5378538466770016,0.5373666810650819,0.5370207221768633,1667
83,1,evaluate,1.9574183887905545,0.5716856628674265,0.5695196569511454,0.5665392587363466,0.5671592562999249,1667
83,2,evaluate,1.7746854673691645,0.5656868626274745,0.562102707551279,0.560697086716483,0.5600414059796205,1667
83,3,evaluate,1.850643241847003,0.5722855428914218,0.5654577384943661,0.5658376823636158,0.5646813163557176,1667
83,4,evaluate,1.7239814671101394,0.5650869826034793,0.567604611636472,0.5701165014898371,0.5678091511345001,1667
83,5,evaluate,2.008786024870696,0.5602879424115177,0.5639628273001847,0.5624567547308168,0.5617023608160003,1667
84,0,evaluate,2.013325232046622,0.5590881823635273,0.5624738913087526,0.5610217416655598,0.5607127420987783,1667
84,1,evaluate,1.7932791621769193,0.5674865026994601,0.5645611723569696,0.5633848586549214,0.5628168189356424,1667
84,2,evaluate,1.8653147330990545,0.5632873425314937,0.558793258755239,0.5576905357625341,0.5565867342299305,1667
84,3,evaluate,1.7404614493802741,0.5566886622675465,0.5598520640905104,0.5609747259460851,0.5595840547674643,1667
84,4,evaluate,1.9703119684148718,0.5374925014997001,0.5414137424058374,0.5392802323635386,0.5398467230222113,1667
84,5,evaluate,1.9696134372993752,0.5704859028194361,0.569197150725928,0.5653908088411181,0.5661942938190929,1667
85,0,evaluate,1.9898403794677169,0.5440911817636472,0.5498724609181309,0.5452741067917481,0.5471262671840784,1667
85,1,evaluate,1.8913931515481737,0.5602879424115177,0.5572355470524617,0.5556079916938244,0.5543156940190379,1667
85,2,evaluate,1.8106771381226954,0.5668866226754649,0.5645953623785785,0.5629156903945385,0.5622486545611433,1667
85,3,evaluate,2.0385959722377636,0.5566886622675465,0.560598376624323,0.5588226333758922,0.5582439128078853,1667
85,4,evaluate,1.7710755577793829,0.5596880623875224,0.5624783793481226,0.562633350119141,0.5619727864161438,1667
85,5,evaluate,1.9938109318415325,0.5662867426514697,0.5682395643263206,0.5625349790214665,0.5636665080256507,1667
86,0,evaluate,1.8309488932567615,0.5740851829634073,0.57351666444025,0.5697401867165401,0.5700159945564811,1667
86,1,evaluate,2.017373707559374,0.5530893821235753,0.5566127990614131,0.550000494795562,0.550633098212966,1667
86,2,evaluate,1.8071180405440155,0.5566886622675465,0.5620911729356763,0.5591831545774456,0.559855841408631,1667
86,3,evaluate,2.0216576611554182,0.5404919016196761,0.5475037064120867,0.5413844188016302,0.5437956621531331,1667
86,4,evaluate,1.918317629231347,0.5536892621475705,0.554399349835887,0.5502640958201515,0.5491359818130508,1667
86,5,evaluate,2.0853394711459123,0.5572885422915417,0.5616934867034189,0.5595434825175356,0.5588350448501349,1667
87,0,evaluate,1.9380379937313221,0.5482903419316136,0.5510786096175029,0.5454221822531411,0.5438579429924044,1667
87,1,evaluate,2.025617829075566,0.55248950209958,0.554998116135087,0.5493042958982178,0.5495144388071826,1667
87,2,evaluate,1.8253999595288877,0.5500899820035993,0.5549514497121744,0.553187154880281,0.5531826064081408,1667
87,3,evaluate,1.8454480905913644,0.5710857828434314,0.5706400211972352,0.5670007020609346,0.5668477703780759,1667
87,4,evaluate,2.049887944150854,0.5374925014997001,0.5456282006507042,0.5384473143568985,0.5410611063848606,1667
87,5,evaluate,2.1166088890146324,0.5548890221955609,0.5603715978135135,0.557332004804656,0.5567070122376243,1667
88,0,evaluate,1.8432547038472775,0.5650869826034793,0.5634608689266517,0.5608578160952493,0.5603853289657801,1667
88,1,evaluate,2.0549605510852955,0.5392921415716857,0.5453921160544812,0.5403868675872225,0.5421269950561867,1667
88,2,evaluate,2.1287149764873363,0.5500899820035993,0.5567736433069894,0.5527583401825222,0.5521015895178147,1667
88,3,evaluate,1.8285655887038619,0.5560887822435513,0.5591119347698649,0.5601897651603417,0.5589196599506522,1667
88,4,evaluate,2.012085870460228,0.5518896220755849,0.5536802847635555,0.5479701379805428,0.5490215710462049,1667
88,5,evaluate,1.941701434276722,0.5512897420515896,0.5519884042796759,0.54829256249927,0.5467938358803218,1667
89,0,evaluate,1.8389332754822034,0.5692861427714457,0.567112266445936,0.5651782126756703,0.5642895973808633,1667
89,1,evaluate,1.826868815554513,0.5566886622675465,0.5570354444438301,0.5612882508753592,0.5581466973819109,1667
89,2,evaluate,2.1275247158827604,0.55248950209958,0.5581818873215463,0.5553999673282051,0.5536925174848071,1667
89,3,evaluate,1.9428599167753149,0.5530893821235753,0.5515499378756287,0.5498588238160688,0.5481374489098074,1667
89,4,evaluate,2.0072141179332026,0.5476904619076185,0.5483098237188528,0.5436215205314238,0.5439200994030494,1667
89,5,evaluate,2.0551256868574352,0.5320935812837433,0.5376875344423966,0.5334844726954804,0.5347088148067671,1667
90,0,evaluate,1.835591538084878,0.5590881823635273,0.5582862430464739,0.5645619492009121,0.5599198539872603,1667
90,1,evaluate,2.0567569776817605,0.5368926214757048,0.5395421280065035,0.5384184924309003,0.5383674215219836,1667
90,2,evaluate,2.0124464211640536,0.5518896220755849,0.5493927303214178,0.5475328452941636,0.5466013604191284,1667
90,3,evaluate,2.107961959309048,0.5536892621475705,0.5572121700328572,0.5567485596546603,0.5538656915545241,1667
90,4,evaluate,1.9411791099442377,0.5542891421715657,0.5505359756467139,0.5502111839343791,0.5481895928909717,1667
90,5,evaluate,1.8380823213999435,0.5734853029394121,0.570717781282254,0.5690488955502595,0.5676690049337486,1667
91,0,evaluate,1.8520711394699498,0.5686862627474505,0.5637223422331628,0.5640971508240337,0.5616095709194231,1667
91,1,evaluate,1.8614982465902965,0.5632873425314937,0.5612608203002936,0.5684853962656738,0.5627128211955219,1667
91,2,evaluate,2.049259035675614,0.5350929814037193,0.5365012716435796,0.536626319421156,0.5359525350771805,1667
91,3,evaluate,2.047839045524597,0.5518896220755849,0.5480845685688457,0.5475849527564142,0.5461125617931042,1667
91,4,evaluate,2.105793250931634,0.5500899820035993,0.5513686959151384,0.5527986153000752,0.5494008209136955,1667
91,5,evaluate,1.9589932914133426,0.5536892621475705,0.5485683068321513,0.5488257929881597,0.5470254348697484,1667
92,0,evaluate,2.051725400818719,0.5410917816436712,0.5410986387277308,0.5423694388217357,0.5414602138637508,1667
92,1,evaluate,2.114213082525465,0.5530893821235753,0.5490008587848754,0.5492105665064269,0.5477091809729167,1667
92,2,evaluate,1.997663767249496,0.5560887822435513,0.5499863583623672,0.5510226076826998,0.549175798572748,1667
92,3,evaluate,1.8824902865141027,0.5680863827234554,0.5623574411871225,0.5634287437774141,0.560488008210158,1667
92,4,evaluate,1.8940978447596233,0.5596880623875224,0.5568839695666888,0.5644422079888282,0.5587518772248365,1667
92,5,evaluate,2.119137203251874,0.5536892621475705,0.5545264901670274,0.5560201849835772,0.553150700692934,1667
93,0,evaluate,1.9204518088588007,0.5530893821235753,0.5527987151427445,0.5576099441077045,0.5537835740033008,1667
93,1,evaluate,2.195663478639391,0.5584883023395321,0.554862379847793,0.5548073488064589,0.5534072469580085,1667
93,2,evaluate,1.9259704035077314,0.5716856628674265,0.5663034588632372,0.5670932950977885,0.5638651852870131,1667
93,3,evaluate,2.142718783131352,0.5578884223155369,0.5600762637408796,0.5599081992708471,0.5575119033234707,1667
93,4,evaluate,2.0320724513795643,0.5530893821235753,0.5471485284481272,0.5479815792694132,0.5465578594649969,1667
93,5,evaluate,2.0784931491922447,0.5392921415716857,0.5399127197709348,0.5403680410840147,0.5397252444010544,1667
94,0,evaluate,1.9404834983525452,0.5536892621475705,0.55414873510612,0.5575341433036144,0.554805924797959,1667
94,1,evaluate,2.0638597497233637,0.5608878224355129,0.5540274178684194,0.5551697500952341,0.5530831520429447,1667
94,2,evaluate,2.2437192731433444,0.5590881823635273,0.5569343857112223,0.5557973889821295,0.5547688991472359,1667
94,3,evaluate,2.145650302922284,0.5620875824835033,0.5632624229966037,0.5638950386440356,0.5616220942306912,1667
94,4,evaluate,2.1174394996077925,0.5410917816436712,0.5424010978649735,0.5413561391927707,0.5414089692387284,1667
94,5,evaluate,1.9642222848617368,0.5692861427714457,0.5650975214898811,0.5645393560262381,0.5615978032124552,1667
95,0,evaluate,2.26064521295053,0.5560887822435513,0.553904981031232,0.5528868848318341,0.5520110910710103,1667
95,1,evaluate,2.068489573619984,0.5656868626274745,0.5603956757812305,0.56018768480494,0.5587191921814227,1667
95,2,evaluate,2.153066869135256,0.5722855428914218,0.5743632727281824,0.5738646224955704,0.5726147203622902,1667
95,3,evaluate,2.1355214648776584,0.5428914217156569,0.545654268753059,0.5438338571037915,0.5443432859356303,1667
95,4,evaluate,1.978001287308332,0.5668866226754649,0.5619214584033816,0.561910242358031,0.5596759960011505,1667
95,5,evaluate,1.9467865526676178,0.5572885422915417,0.5584781354745048,0.5609349028201142,0.5589697905860839,1667
96,0,evaluate,2.250346055737248,0.5500899820035993,0.5487619336941756,0.5464628723283507,0.5460471159497139,1667
96,1,evaluate,1.950587037536833,0.55248950209958,0.5548585257577837,0.5578150589894655,0.5548030288091801,1667
96,2,evaluate,2.057964113023546,0.5686862627474505,0.5664874477467972,0.5643077785325761,0.563344142683191,1667
96,3,evaluate,2.137914542798643,0.5434913017396521,0.5489014658209076,0.5454131763983463,0.5464287587363176,1667
96,4,evaluate,1.9727658388308353,0.5614877024595081,0.5557541749598051,0.5563167175738379,0.5543312389739705,1667
96,5,evaluate,2.1656714147991605,0.5710857828434314,0.5736634366012183,0.5723058603423488,0.5720714153816704,1667
97,0,evaluate,1.96013912287351,0.5632873425314937,0.5578347662196738,0.5582571775434797,0.5564815278475479,1667
97,1,evaluate,1.9424698562533766,0.5542891421715657,0.557330979225053,0.5606151785925173,0.5566098073003916,1667
97,2,evaluate,2.166719423400031,0.5632873425314937,0.5640631170074442,0.5643958491494183,0.5633325395770548,1667
97,3,evaluate,2.057774949956823,0.5650869826034793,0.5626920196479174,0.5601868116272641,0.5595611919070246,1667
97,4,evaluate,2.1397243473264904,0.5368926214757048,0.5429067894827474,0.5393571800745534,0.539978693687692,1667
97,5,evaluate,2.2316577390388206,0.5476904619076185,0.5469637712129958,0.5433580029306929,0.5435592899235431,1667
98,0,evaluate,2.2000096020875155,0.55248950209958,0.5517932578415634,0.5478786110682601,0.5479727397432642,1667
98,1,evaluate,2.0596636533737183,0.5692861427714457,0.566654790375144,0.5646652180497618,0.563909655134528,1667
98,2,evaluate,2.186820387840271,0.5614877024595081,0.5628513594431983,0.5627584256546112,0.561705277010818,1667
98,3,evaluate,1.9283608893553417,0.5572885422915417,0.5585986751345777,0.5636673448596745,0.5592326779436099,1667
98,4,evaluate,1.9517941846279427,0.5680863827234554,0.5627545505825224,0.5629496825306002,0.5613970670584847,1667
98,5,evaluate,2.1329653881214283,0.5344931013797241,0.5414804199102301,0.5368187685839491,0.5376159698558782,1667
99,0,evaluate,2.12499769087191,0.5380923815236952,0.5425825254759704,0.5403259524858867,0.5400525804472129,1667
99,1,evaluate,2.1592142581939697,0.5458908218356329,0.5430202226155728,0.5407522733636473,0.540444492758446,1667
99,2,evaluate,2.1824616149619773,0.5566886622675465,0.5577615345123595,0.5582836579469321,0.5564399764460838,1667
99,3,evaluate,1.916127778865673,0.5584883023395321,0.558244182511461,0.5651262586374468,0.5595600018656623,1667
99,4,evaluate,1.9365398128887776,0.5716856628674265,0.5653460901797595,0.5664070443834712,0.5644391310252738,1667
99,5,evaluate,2.0438613759146795,0.5758848230353929,0.5722805118658316,0.571283153707373,0.5701796411115947,1667
100,0,evaluate,2.1265796422958374,0.5428914217156569,0.539311658270964,0.5378227124228586,0.5375548267095772,1667
100,1,evaluate,2.1811343696382313,0.55248950209958,0.5533698260494223,0.554673589971023,0.5519148866796748,1667
100,2,evaluate,2.150693822790075,0.5422915416916617,0.544272037713551,0.5439884231465756,0.5433043172545903,1667
100,3,evaluate,1.923379601151855,0.5620875824835033,0.5604891119381262,0.5683097484729008,0.5621519936305833,1667
100,4,evaluate,2.0452487954386958,0.5668866226754649,0.5628377623769127,0.5618230605391127,0.5605830745992086,1667
100,5,evaluate,1.9361714286022578,0.5674865026994601,0.5610513140919778,0.5620195481044221,0.5598187676078256,1667
101,0,evaluate,2.147073361608717,0.5398920215956808,0.5355224799146269,0.5350102467005157,0.534429134411209,1667
101,1,evaluate,1.9594624080453757,0.5602879424115177,0.5547611425800658,0.5555764937389143,0.553093883528324,1667
101,2,evaluate,1.9639376666810777,0.5668866226754649,0.5651200870426616,0.5717395644061471,0.5662544354422007,1667
101,3,evaluate,2.2139945736637823,0.5488902219556089,0.5503025559687708,0.5500010895199369,0.5493940348447663,1667
101,4,evaluate,2.060470969588668,0.5584883023395321,0.5541581227392319,0.5533906448305507,0.5522557480804757,1667
101,5,evaluate,2.186048419387252,0.5452909418116376,0.5461641785532932,0.547726315128682,0.5447786678782466,1667
102,0,evaluate,1.9885847716186955,0.5602879424115177,0.5553336140698196,0.5557160224838813,0.5530257079874661,1667
102,1,evaluate,2.076240016354455,0.5560887822435513,0.5528083411950402,0.5513441537430046,0.5496545420911662,1667
102,2,evaluate,2.1820685024614686,0.5392921415716857,0.5363519034807507,0.5345484063235413,0.533863713908242,1667
102,3,evaluate,2.197469437563861,0.5464907018596281,0.5475199538366383,0.548945181180003,0.5452986349535208,1667
102,4,evaluate,2.2628000135774964,0.5458908218356329,0.5483153828425711,0.5470758535049446,0.546807833869937,1667
102,5,evaluate,2.014896044024715,0.5578884223155369,0.555733600451402,0.5619305142958826,0.5570328995244643,1667
103,0,evaluate,2.2305740162178322,0.5506898620275945,0.5523127298013761,0.553200924310554,0.549385387724058,1667
103,1,evaluate,2.0187964238920593,0.5626874625074985,0.5572632392253953,0.5581106925555831,0.5551293643482065,1667
103,2,evaluate,2.097988818530683,0.5530893821235753,0.5504990653546611,0.5485963164743779,0.5468515165401332,1667
103,3,evaluate,2.226257809886226,0.5362927414517097,0.53590813688799,0.5320669618144928,0.5318606378904496,1667
103,4,evaluate,2.0639824204974704,0.5536892621475705,0.5517737776217728,0.5578093275345637,0.5530623079618625,1667
103,5,evaluate,2.3001949478078774,0.5476904619076185,0.5509826806770239,0.5486352959619119,0.5487867192510152,1667
104,0,evaluate,2.049790370086191,0.5668866226754649,0.5615298394611938,0.5619799612395234,0.5597597705164667,1667
104,1,evaluate,2.120790832572513,0.55248950209958,0.551091682773529,0.5490101929460189,0.5478343672353885,1667
104,2,evaluate,2.100171111248158,0.5530893821235753,0.5517714273475776,0.5570879400363294,0.5527101183980514,1667
104,3,evaluate,2.279150437425684,0.5392921415716857,0.5400119269171137,0.5348032743244227,0.535348064022813,1667
104,4,evaluate,2.3409467891410545,0.5416916616676665,0.5455808756307176,0.5427805408198478,0.5429934301805474,1667
104,5,evaluate,2.2535842524634466,0.5536892621475705,0.5574578790557505,0.5562076783122181,0.5533765524415168,1667
105,0,evaluate,2.3615934363117925,0.5452909418116376,0.5512271981654457,0.5466113533030498,0.5478787669646097,1667
105,1,evaluate,2.129479827704253,0.5500899820035993,0.5465677196481902,0.5468356688551653,0.5449675949942738,1667
105,2,evaluate,2.1081883355423257,0.5518896220755849,0.5526650887778571,0.5561989488598639,0.5532587811757014,1667
105,3,evaluate,2.2469701678664595,0.5494901019796041,0.5514866637442984,0.551585180030719,0.5494541467337892,1667
105,4,evaluate,2.06279065736992,0.5596880623875224,0.5545022076148151,0.5548319718328443,0.5535412180742563,1667
105,5,evaluate,2.334972964392768,0.5458908218356329,0.5473978492882969,0.5413826947545158,0.5424667079548487,1667
106,0,evaluate,2.386408867659392,0.5464907018596281,0.5465125765342596,0.5413880443386544,0.54233399524272,1667
106,1,evaluate,2.0707993622593306,0.5620875824835033,0.5570774467649003,0.5572914143045584,0.5565867207568924,1667
106,2,evaluate,2.1092056654117726,0.5494901019796041,0.5509294503690016,0.5535832349547839,0.5514161482702853,1667
106,3,evaluate,2.1473458585915743,0.5530893821235753,0.5504410487478435,0.5500177545020188,0.5486773660369748,1667
106,4,evaluate,2.255653884675768,0.555488902219556,0.5579457468482233,0.5577072956752167,0.5558661683926548,1667
106,5,evaluate,2.36782678409859,0.5344931013797241,0.5405654930204575,0.5363409957657892,0.5374814032665312,1667
107,0,evaluate,2.2620458514602095,0.5560887822435513,0.5569764305366247,0.558364704429119,0.5561474021987165,1667
107,1,evaluate,2.0749333494416162,0.555488902219556,0.5509186499452569,0.5503331575282291,0.5501140235477255,1667
107,2,evaluate,2.1046286578531617,0.5506898620275945,0.5521271391756225,0.5553627142263771,0.5531343841228921,1667
107,3,evaluate,2.154459804572441,0.5506898620275945,0.5474543383928717,0.5472632135532833,0.5462150863073368,1667
107,4,evaluate,2.3796016375223794,0.5302939412117577,0.535280824206765,0.5318422837788048,0.5330887807409271,1667
107,5,evaluate,2.4096492440612227,0.5494901019796041,0.5493521016121203,0.5440622482359452,0.5455570799876421,1667
108,0,evaluate,2.3616646086728132,0.528494301139772,0.5330425826110408,0.5301194432812775,0.5312392800526036,1667
108,1,evaluate,2.0691287937699125,0.5542891421715657,0.5512590768289716,0.549320730941021,0.5498080397169129,1667
108,2,evaluate,2.2696302864286633,0.5500899820035993,0.5512609572759952,0.5523383304888119,0.5505023373283033,1667
108,3,evaluate,2.095729401818028,0.5392921415716857,0.5416042691923366,0.544463393335706,0.5424657100647015,1667
108,4,evaluate,2.1478548072002552,0.5530893821235753,0.5488286519336215,0.5491489931176198,0.5482415016124672,1667
108,5,evaluate,2.399553510877821,0.5470905818836233,0.5458760414578632,0.5416162441754684,0.542962572234559,1667
109,0,evaluate,2.335882133907742,0.5332933413317337,0.538008992832615,0.5346061228542999,0.5358334589867618,1667
109,1,evaluate,2.1364203089917146,0.5518896220755849,0.5479192043470871,0.5473671638970233,0.5469107983784236,1667
109,2,evaluate,2.386177310237178,0.5506898620275945,0.55098956645023,0.5454695779327279,0.5471402082223309,1667
109,3,evaluate,2.0671987840517736,0.5608878224355129,0.5579673810223051,0.5560513037694459,0.556436996933981,1667
109,4,evaluate,2.0872721197428525,0.5476904619076185,0.5486948086372475,0.5524773617755828,0.5498941892718886,1667
109,5,evaluate,2.2867805825339422,0.5500899820035993,0.5508774097806423,0.5520329024431541,0.5501332873948478,1667
110,0,evaluate,2.070776979059533,0.5632873425314937,0.5578732431005301,0.5576713433098275,0.5567530632659216,1667
110,1,evaluate,2.312531661104273,0.5200959808038392,0.5250561895028545,0.5211168925344367,0.5224874896723033,1667
110,2,evaluate,2.3728681140475802,0.5476904619076185,0.5478443776740907,0.5433227725639802,0.5438177408497653,1667
110,3,evaluate,2.128711967556565,0.5530893821235753,0.549334917224441,0.547842591336253,0.5474964458067554,1667
110,4,evaluate,2.3102238487314293,0.5470905818836233,0.5483813522510506,0.5492196634952042,0.5472497765539357,1667
110,5,evaluate,2.0738705385614327,0.5434913017396521,0.5452122222566262,0.5482511705859752,0.5459999863169023,1667
111,0,evaluate,2.304194944876212,0.5416916616676665,0.5421298912622083,0.5439629878602207,0.5410222012898147,1667
111,1,evaluate,2.068706648217307,0.5464907018596281,0.548983813814642,0.5515790499352129,0.5493046900178635,1667
111,2,evaluate,2.3613355027304754,0.5500899820035993,0.5477537349126164,0.545831183659442,0.5454783806956157,1667
111,3,evaluate,2.2907091644075184,0.5248950209958009,0.5315562320314156,0.5259462875604524,0.5279270153451459,1667
111,4,evaluate,2.1163769469217018,0.5482903419316136,0.5451482916420414,0.5431291489769287,0.5427042718193787,1667
111,5,evaluate,2.0834302879456015,0.5620875824835033,0.558178357262406,0.5568038104202213,0.5558317205374489,1667
112,0,evaluate,2.067192130618625,0.5548890221955609,0.556686457552902,0.5589707547130741,0.5564242113001372,1667
112,1,evaluate,2.2861604028277926,0.5494901019796041,0.5503300249012282,0.5514468308154565,0.5484715273345865,1667
112,2,evaluate,2.291070810070744,0.5278944211157769,0.5341815540143153,0.5287591371016298,0.5307131525857431,1667
112,3,evaluate,2.10223391993161,0.5608878224355129,0.5565359268075937,0.5553740290888639,0.5536714000830789,1667
112,4,evaluate,2.3659030066596136,0.5446910617876425,0.5442270367310561,0.5406853520211193,0.541023662738666,1667
112,5,evaluate,2.113758045214194,0.5482903419316136,0.546016213616007,0.5426741412364786,0.5424196394609339,1667
113,0,evaluate,2.063618857551504,0.5632873425314937,0.5643439277677758,0.5679617423189262,0.5646790653334561,1667
113,1,evaluate,2.376128832499186,0.5464907018596281,0.5445849006624698,0.5420924089388597,0.5416756586535569,1667
113,2,evaluate,2.1190820247823097,0.5578884223155369,0.5533680814485227,0.5525926683994327,0.5510146116245227,1667
113,3,evaluate,2.292276413352401,0.5500899820035993,0.5503557352047037,0.5521754813179535,0.5491681834188937,1667
113,4,evaluate,2.298044381318269,0.519496100779844,0.525441209406255,0.5201778692760508,0.522104573306928,1667
113,5,evaluate,2.12630847648338,0.5560887822435513,0.5513201923855217,0.5501068071622237,0.549081831390191,1667
114,0,evaluate,2.0604965355661182,0.5578884223155369,0.5588701942247891,0.563430433838236,0.5592267419918316,1667
114,1,evaluate,2.136189849288375,0.5650869826034793,0.5601318220803567,0.5597563658835848,0.5585817356889801,1667
114,2,evaluate,2.32326289901027,0.5542891421715657,0.5554221257677964,0.5563848069822592,0.553255328445416,1667
114,3,evaluate,2.3123726182513766,0.5242951409718056,0.5275407859792309,0.5251798508135674,0.5257475895948425,1667
114,4,evaluate,2.3886464260242604,0.5464907018596281,0.5451532938160317,0.5421908130625127,0.5418594668440144,1667
114,5,evaluate,2.138268676336372,0.5584883023395321,0.5538682392016844,0.5536191732214061,0.5518608432062166,1667
115,0,evaluate,2.081315237062949,0.5584883023395321,0.5599025322330249,0.5649282451645952,0.5601852716640633,1667
115,1,evaluate,2.346229584128768,0.5278944211157769,0.5302016896767465,0.5292745721037957,0.5292003290332666,1667
115,2,evaluate,2.4182373682657876,0.5488902219556089,0.5467337518210835,0.5442095912154942,0.5437381090731106,1667
115,3,evaluate,2.1736317944682755,0.5560887822435513,0.5509943955618581,0.5512938289280039,0.5497786087938609,1667
115,4,evaluate,2.166781946464821,0.563887222555489,0.558246569657376,0.5587997406708758,0.557452218844162,1667
115,5,evaluate,2.387443432101497,0.5494901019796041,0.5499567139873267,0.5512104468278735,0.5485499094119345,1667
116,0,evaluate,2.434764994515313,0.5548890221955609,0.5528330823064272,0.5498674719004091,0.5497328520176898,1667
116,1,evaluate,2.1206260014463356,0.5548890221955609,0.5567825072869893,0.5606516205704407,0.5563504146584173,1667
116,2,evaluate,2.4449765858826815,0.5530893821235753,0.5530601848952192,0.5546456038236494,0.5519978192326962,1667
116,3,evaluate,2.3818193585784346,0.5338932213557288,0.5376269032221963,0.5351514038682458,0.5357858420464967,1667
116,4,evaluate,2.212028182561173,0.5596880623875224,0.5559027514422856,0.5554006450869727,0.5542710475300506,1667
116,5,evaluate,2.208719962173038,0.5596880623875224,0.5540901868330469,0.5549969431186683,0.5532521216095674,1667
117,0,evaluate,2.4144855472776623,0.5362927414517097,0.5401567749743891,0.5376773601817282,0.5382431502849221,1667
117,1,evaluate,2.230437652932273,0.5578884223155369,0.5530621748322809,0.5531536486683941,0.5515932959094809,1667
117,2,evaluate,2.4925917784372964,0.5548890221955609,0.5565028430542069,0.5561070625401853,0.5547054231258823,1667
117,3,evaluate,2.430023506835655,0.5512897420515896,0.5483723340042996,0.5457579703120209,0.5459638760557084,1667
117,4,evaluate,2.240024104504199,0.5596880623875224,0.5560850960948284,0.5555662997358614,0.5543014175321979,1667
117,5,evaluate,2.157670901881324,0.5578884223155369,0.5599577452003577,0.563636932439152,0.5597758563175319,1667
118,0,evaluate,2.199835931813275,0.5518896220755849,0.5527691342976706,0.5566464375181455,0.5536172456832827,1667
118,1,evaluate,2.25852616929613,0.5536892621475705,0.5501647771019608,0.5496791902829626,0.5484220550726906,1667
118,2,evaluate,2.527576627554717,0.5530893821235753,0.5542213137861396,0.5543923713753649,0.5533222446644229,1667
118,3,evaluate,2.4600567155414157,0.5362927414517097,0.540005116342138,0.5373315195986531,0.5380750596388235,1667
118,4,evaluate,2.4370627535714044,0.5488902219556089,0.5483150108611928,0.5437070450587381,0.5449318276102131,1667
118,5,evaluate,2.254822845260302,0.555488902219556,0.5510131575594382,0.5502873638548531,0.549298071832232,1667
119,0,evaluate,2.2762192722271988,0.5572885422915417,0.5525562275323679,0.5518985046416061,0.5510002392328229,1667
119,1,evaluate,2.2285186957429954,0.5398920215956808,0.5402383156752685,0.5440927304809577,0.5413222316432971,1667
119,2,evaluate,2.26629950998877,0.5602879424115177,0.5571246237143854,0.5564032065387489,0.5553418850546239,1667
119,3,evaluate,2.449500887482255,0.5446910617876425,0.5463458042655622,0.5401523508475996,0.5422388079520936,1667
119,4,evaluate,2.533367744198552,0.5476904619076185,0.5478659518893076,0.5487749704334444,0.5470073926485309,1667
119,5,evaluate,2.4928300601464732,0.5338932213557288,0.5367643870649992,0.5344981107654353,0.5351368504392727,1667
120,0,evaluate,2.2441512964389942,0.5392921415716857,0.5393214827659099,0.5432605653145022,0.5405378122143236,1667
120,1,evaluate,2.275967057186386,0.5662867426514697,0.5640737104796361,0.5625434541201605,0.5616615205672739,1667
120,2,evaluate,2.438735176015783,0.5500899820035993,0.5498879071950938,0.5453129290318893,0.5469271930746403,1667
120,3,evaluate,2.5179158316718206,0.5464907018596281,0.5461187141650972,0.547895943518506,0.5458021051669689,1667
120,4,evaluate,2.5143508778678045,0.5398920215956808,0.5434500787977493,0.5406739760476017,0.5411981828899067,1667
120,5,evaluate,2.293627959986528,0.5536892621475705,0.5486179028629568,0.5482570813309592,0.5471206172751725,1667
121,0,evaluate,2.2683030436089244,0.5686862627474505,0.5660203647169819,0.5647078238849542,0.5628630128744203,1667
121,1,evaluate,2.4936543614776046,0.5410917816436712,0.541658361288193,0.5425725694541593,0.5406386996997872,1667
121,2,evaluate,2.4372209487137972,0.5452909418116376,0.5458041909219054,0.5405961865724191,0.5425036665942444,1667
121,3,evaluate,2.2548597675782664,0.5446910617876425,0.5442468679460725,0.5476161239881672,0.5454871049986457,1667
121,4,evaluate,2.3030797389370425,0.5530893821235753,0.5482283778625731,0.5476020692357204,0.5463463188197775,1667
121,5,evaluate,2.5083231837661177,0.5386922615476905,0.542389411952643,0.5394988888523268,0.5399677646693919,1667
122,0,evaluate,2.44519340550458,0.5434913017396521,0.5435133279867373,0.5394565437863366,0.5407173416360973,1667
122,1,evaluate,2.292747680787687,0.5584883023395321,0.5534765245930103,0.5530584814809814,0.5516583252375135,1667
122,2,evaluate,2.2552267145656515,0.5620875824835033,0.5608257220892726,0.558385302681602,0.5569571026760306,1667
122,3,evaluate,2.256937051260913,0.5392921415716857,0.5397608421448818,0.5419156681382821,0.5402281464308587,1667
122,4,evaluate,2.498675726078175,0.5350929814037193,0.5408661228374836,0.5360095774838357,0.5371589096180107,1667
122,5,evaluate,2.4562601734090737,0.5440911817636472,0.5458451354053074,0.545868894422465,0.5439685884783354,1667
123,0,evaluate,2.219238751528556,0.5578884223155369,0.5559323369124007,0.5535922193185854,0.5524444059911056,1667
123,1,evaluate,2.232628517680698,0.5428914217156569,0.5437509745260003,0.5462056741345462,0.5445328109981383,1667
123,2,evaluate,2.262987451972785,0.5596880623875224,0.5554998378451024,0.554212874036973,0.5533750638576842,1667
123,3,evaluate,2.42010877750538,0.5380923815236952,0.5397523369152959,0.5397593760208971,0.5383178376833163,1667
123,4,evaluate,2.432097174503185,0.5362927414517097,0.5372285725429783,0.5322738783807553,0.533704187820228,1667
123,5,evaluate,2.4512716708359896,0.5368926214757048,0.5424945039036737,0.5377941435191349,0.5393032722224642,1667
124,0,evaluate,2.218341533784513,0.5446910617876425,0.5458215484924518,0.5485775562289896,0.5467983596958985,1667
124,1,evaluate,2.4166266874030784,0.5374925014997001,0.5393460316614679,0.5392327167473565,0.5381139540875107,1667
124,2,evaluate,2.2349538466444723,0.5590881823635273,0.5569180897758518,0.5536108018191257,0.5537163977156652,1667
124,3,evaluate,2.425776380079764,0.5308938212357528,0.5362520091596591,0.5318921113518744,0.5337002579803286,1667
124,4,evaluate,2.193326712620479,0.5626874625074985,0.5615997793448609,0.5585779362935359,0.557977462115028,1667
124,5,evaluate,2.4333985116746693,0.5350929814037193,0.5368100910304996,0.5310477698676502,0.5327224882912514,1667
125,0,evaluate,2.199027798121851,0.5674865026994601,0.5664135018463972,0.5635381210234589,0.5634657837199011,1667
125,1,evaluate,2.46258658391458,0.5374925014997001,0.5393198307503969,0.533309790734052,0.5350974762219499,1667
125,2,evaluate,2.228036095008806,0.5596880623875224,0.5591050405571223,0.5552702345473097,0.5554039703253586,1667
125,3,evaluate,2.4447787558590925,0.5350929814037193,0.5375894973793859,0.536928449822186,0.5362192656213134,1667
125,4,evaluate,2.4158802562289767,0.5308938212357528,0.5369841630289708,0.5320881533230187,0.5342488716888955,1667
125,5,evaluate,2.21281475270236,0.5428914217156569,0.5450644243533561,0.5478947797843545,0.546019004486529,1667
126,0,evaluate,2.389542716520804,0.531493701259748,0.5378316961855687,0.5330788717117687,0.5350698844691524,1667
126,1,evaluate,2.198202235831155,0.5464907018596281,0.5481593075352104,0.5515675547195771,0.5493844403919745,1667
126,2,evaluate,2.444156205212628,0.5428914217156569,0.5432875731483415,0.5379476463163906,0.5394353064659538,1667
126,3,evaluate,2.2048545184499946,0.5686862627474505,0.566862823621294,0.564663315529098,0.5644206770839557,1667
126,4,evaluate,2.4661455198570534,0.5410917816436712,0.5435579747037435,0.5431991742629717,0.5421574521568198,1667
126,5,evaluate,2.2140420473836087,0.5566886622675465,0.5560995714691106,0.5530184604975752,0.5528148297880476,1667
127,0,evaluate,2.173006190194024,0.5458908218356329,0.5476194582961782,0.5506372629169521,0.5485795754252657,1667
127,1,evaluate,2.2002029846663826,0.5506898620275945,0.5502733096401351,0.5474291954805188,0.5469023008704669,1667
127,2,evaluate,2.412926943213851,0.5464907018596281,0.5499217815460935,0.5416806102471915,0.5437309747641862,1667
127,3,evaluate,2.375219874911838,0.5260947810437913,0.5322364846370007,0.5274889430240595,0.5293267791964288,1667
127,4,evaluate,2.4879652791553073,0.5440911817636472,0.5477099700604292,0.54629050093779,0.5451704110211992,1667
127,5,evaluate,2.2106505919989474,0.5626874625074985,0.5604493775149753,0.558455003073254,0.5581311403709817,1667
128,0,evaluate,2.217597180852425,0.5614877024595081,0.5602328899479662,0.5573279286100532,0.5572403913751552,1667
128,1,evaluate,2.165493424291964,0.5494901019796041,0.5522899384736206,0.553807879460573,0.5521431053981642,1667
128,2,evaluate,2.3921327149426497,0.5464907018596281,0.5473076745236153,0.5411352377934124,0.5427870430402835,1667
128,3,evaluate,2.5044179227617054,0.5410917816436712,0.5454525026229935,0.5433740595853186,0.5426987811995103,1667
128,4,evaluate,2.200042247220322,0.5464907018596281,0.5469388213820656,0.5428379703593544,0.5427842751159462,1667
128,5,evaluate,2.3825364421915123,0.5242951409718056,0.530878106716289,0.525360104426389,0.5275764508028417,1667
129,0,evaluate,2.2004389034377203,0.5530893821235753,0.5534135260853525,0.5493651290223094,0.5488044311675685,1667
129,1,evaluate,2.38320544913963,0.5494901019796041,0.5513785818970887,0.5448437874361121,0.5462091398299502,1667
129,2,evaluate,2.223178711006228,0.5608878224355129,0.5610882580414767,0.556668743661074,0.5568818338507311,1667
129,3,evaluate,2.5073833024060286,0.5428914217156569,0.5473089329040596,0.5451536534624867,0.544312934203185,1667
129,4,evaluate,2.388379728352582,0.5248950209958009,0.5316063783865104,0.5257699873152493,0.5282693139456682,1667
129,5,evaluate,2.170425217460703,0.5506898620275945,0.5536866891695513,0.5550203654175971,0.5529492870235504,1667
130,0,evaluate,2.2413464188575745,0.5536892621475705,0.5533013435002614,0.5497607825316084,0.5486788494897834,1667
130,1,evaluate,2.2013537055916257,0.5548890221955609,0.5548173182148447,0.5595944238132988,0.555654440095978,1667
130,2,evaluate,2.416814676037541,0.5326934613077384,0.5385165955072588,0.5340095827312751,0.5358119531745387,1667
130,3,evaluate,2.2598128150749726,0.5602879424115177,0.5598778110255858,0.5558950283822057,0.5551809528186651,1667
130,4,evaluate,2.5528887510299683,0.5356928614277144,0.5401551495396393,0.5381290618220235,0.5361217207430695,1667
130,5,evaluate,2.4147588235360606,0.5470905818836233,0.5482702921728695,0.54248794503201,0.5432730868222653,1667
131,0,evaluate,2.236428178018994,0.5512897420515896,0.5520031258413565,0.5554953999934796,0.5521918912214998,1667
131,1,evaluate,2.594386003635548,0.5386922615476905,0.5411159157067991,0.5409655105991534,0.5382826623551102,1667
131,2,evaluate,2.448108575962208,0.528494301139772,0.533672238862322,0.52997690196272,0.5311549796398006,1667
131,3,evaluate,2.2982803141629256,0.5476904619076185,0.5464974394404847,0.5432100349044371,0.5415675593191923,1667
131,4,evaluate,2.46800277851246,0.5530893821235753,0.5542623275466065,0.5487173846929134,0.5492505811465576,1667
131,5,evaluate,2.2909111870556242,0.5590881823635273,0.5574268297622657,0.5546261238538075,0.5533597104010909,1667
132,0,evaluate,2.3224820117703295,0.5626874625074985,0.5607145055503759,0.5580225423943854,0.5563968960540422,1667
132,1,evaluate,2.486637309745506,0.5344931013797241,0.5361273585903169,0.5353593796387394,0.5350452735627449,1667
132,2,evaluate,2.6444876900425665,0.5362927414517097,0.5375999029620276,0.5386264666007763,0.5352817752151161,1667
132,3,evaluate,2.525998923513624,0.5530893821235753,0.5548440113776719,0.5492439584251543,0.5495065596418158,1667
132,4,evaluate,2.2785128862769515,0.55248950209958,0.5523699646636488,0.5562454852940351,0.552577206109887,1667
132,5,evaluate,2.34743027554618,0.5440911817636472,0.5422361088189736,0.5392117598580828,0.5374009637061612,1667
133,0,evaluate,2.3462715899427335,0.5644871025794841,0.56068564098421,0.5596311637608705,0.55779672916596,1667
133,1,evaluate,2.5633875970487243,0.5530893821235753,0.5524051305674208,0.549208590806436,0.5487336155142055,1667
133,2,evaluate,2.5349156856536865,0.5344931013797241,0.5349258131930004,0.5353230131946806,0.5344522439346494,1667
133,3,evaluate,2.684988401554249,0.5392921415716857,0.5403820303378335,0.5409880059515163,0.5381330428800128,1667
133,4,evaluate,2.3956462299382246,0.5452909418116376,0.5428051948242383,0.539763343867883,0.5384571251778217,1667
133,5,evaluate,2.3105534977383084,0.5518896220755849,0.5501839193077507,0.5558917017299978,0.5512739954075933,1667
134,0,evaluate,2.3799613335480294,0.5572885422915417,0.5520092739787572,0.552552125411076,0.5504651931550619,1667
134,1,evaluate,2.7106132683930575,0.5428914217156569,0.5437686988856861,0.5445257908971284,0.5418740888647057,1667
134,2,evaluate,2.347529846209067,0.555488902219556,0.5529451927292366,0.5594610203200838,0.5549895027289595,1667
134,3,evaluate,2.6027876138687134,0.5566886622675465,0.5539065507660127,0.5520483119681827,0.5517267914307858,1667
134,4,evaluate,2.4372420487580477,0.5458908218356329,0.5429354968414438,0.540406183687865,0.5390968762070291,1667
134,5,evaluate,2.592612716886732,0.5350929814037193,0.5359433090186021,0.5362364894215513,0.5350078823109655,1667
135,0,evaluate,2.6416815166120178,0.5488902219556089,0.5465493951332465,0.5438989436031004,0.5442817795715608,1667
135,1,evaluate,2.6391229585365013,0.5350929814037193,0.5360914162611488,0.536140063407162,0.5352071190654246,1667
135,2,evaluate,2.4760404273315713,0.5410917816436712,0.5404302374339809,0.5369402495023304,0.5361305310599974,1667
135,3,evaluate,2.384520356301908,0.5560887822435513,0.5536779485359731,0.5601327453759151,0.5558333572434565,1667
135,4,evaluate,2.733980823446203,0.5428914217156569,0.5435507518018894,0.5444053917991466,0.5422915228099251,1667
135,5,evaluate,2.4182905424623407,0.5572885422915417,0.5508005476874243,0.5525702667014609,0.5505035769684554,1667
136,0,evaluate,2.51262897308226,0.5356928614277144,0.5332613888961885,0.5308786546651529,0.5300042862877479,1667
136,1,evaluate,2.775265097618103,0.5446910617876425,0.5449708832898642,0.5462753179992713,0.543975591664865,1667
136,2,evaluate,2.419856875031083,0.5512897420515896,0.5496974821139984,0.5554565649367407,0.5512495542298984,1667
136,3,evaluate,2.4421006949926745,0.5542891421715657,0.5473729243023354,0.5497601252354029,0.5474112089070612,1667
136,4,evaluate,2.6676879547260426,0.5458908218356329,0.5433095172411823,0.5400777433628423,0.5411142924559065,1667
136,5,evaluate,2.681982724754899,0.5350929814037193,0.5371693058168484,0.5366923336863031,0.5360856874749038,1667
137,0,evaluate,2.525459188554022,0.5380923815236952,0.5367136891471487,0.5336078710373469,0.5327519105029734,1667
137,1,evaluate,2.676220999823676,0.5488902219556089,0.5468387249262694,0.5429439385399648,0.5442001978404214,1667
137,2,evaluate,2.4542519927441995,0.5566886622675465,0.5492666851120817,0.5520240390682247,0.5494210960897116,1667
137,3,evaluate,2.8017066054873996,0.5434913017396521,0.5442186472770258,0.5453458669819466,0.5425500128160121,1667
137,4,evaluate,2.7048128931610673,0.5320935812837433,0.5322419953613973,0.5333599828577602,0.5320837065060242,1667
137,5,evaluate,2.4297833608256445,0.5470905818836233,0.5445745325486921,0.551482770197892,0.5463530965908234,1667
138,0,evaluate,2.8131012475049055,0.5452909418116376,0.5465487990533701,0.5473587922879586,0.5447390473464074,1667
138,1,evaluate,2.7024601344709045,0.531493701259748,0.5302708568986498,0.5330793089362307,0.530822250098544,1667
138,2,evaluate,2.452457052694323,0.5530893821235753,0.5450904574583628,0.5481437916433639,0.5455135768697849,1667
138,3,evaluate,2.4227983476939023,0.5506898620275945,0.5486513100483819,0.5559526576322229,0.5506659239921662,1667
138,4,evaluate,2.6762377112000078,0.5488902219556089,0.5459665232879716,0.5432755017111466,0.5439709951729901,1667
138,5,evaluate,2.512474042949853,0.5398920215956808,0.5374454987360449,0.5356282537245125,0.5343389160533731,1667
139,0,evaluate,2.6840201792893588,0.5494901019796041,0.5460311868753953,0.5436341894326374,0.5439979876701081,1667
139,1,evaluate,2.4064299960931144,0.5476904619076185,0.5466632694591768,0.5530651920967659,0.5485628456360935,1667
139,2,evaluate,2.487441525415138,0.5380923815236952,0.5329823812101276,0.5330079776540005,0.5315796582854451,1667
139,3,evaluate,2.4407363740416863,0.5494901019796041,0.5405200107286828,0.5443243261148808,0.5410908801834048,1667
139,4,evaluate,2.80158531665802,0.5422915416916617,0.5431798219238704,0.5444985066236581,0.5417204357888548,1667
139,5,evaluate,2.685044633017646,0.5266946610677864,0.5263613950979009,0.5277768067440445,0.5264146487199769,1667
140,0,evaluate,2.457014148985898,0.5428914217156569,0.5363636286323279,0.537349942500669,0.5358744592951431,1667
140,1,evaluate,2.796896969830548,0.5422915416916617,0.5431889579068474,0.5446612025709217,0.5417652362781756,1667
140,2,evaluate,2.4241152350269086,0.5482903419316136,0.5408836982102552,0.543768827785992,0.5409845741436223,1667
140,3,evaluate,2.689922257705971,0.5536892621475705,0.5513689290518824,0.5482456173147148,0.5486978456072849,1667
140,4,evaluate,2.6554993700098106,0.5242951409718056,0.5244470805093704,0.525142652955675,0.5244276840751265,1667
140,5,evaluate,2.378363436018979,0.5458908218356329,0.5455345966053996,0.5511102677436912,0.5469877862752066,1667
141,0,evaluate,2.3533820002167314,0.5458908218356329,0.5467918267399923,0.5505930788777479,0.5478598868147768,1667
141,1,evaluate,2.7901557948854236,0.5410917816436712,0.5423856747148956,0.5434985089603976,0.5409454936044342,1667
141,2,evaluate,2.689549794903508,0.5482903419316136,0.5470474102940758,0.5431753962578394,0.543641431825278,1667
141,3,evaluate,2.422518961636039,0.5470905818836233,0.5415698179207011,0.5425029633043769,0.5403108185964515,1667
141,4,evaluate,2.4386380226523787,0.5422915416916617,0.535456733270792,0.536685797552122,0.535260581390672,1667
141,5,evaluate,2.6231724244576915,0.5164967006598681,0.5182790568543292,0.5174276791202468,0.5172488180419677,1667
142,0,evaluate,2.434710929817003,0.5428914217156569,0.5388390063006206,0.5379331373981151,0.5363084067061783,1667
142,1,evaluate,2.8164995025705406,0.5344931013797241,0.5357106901201417,0.5368072571887079,0.5343757538797473,1667
142,2,evaluate,2.3477107496173293,0.5452909418116376,0.5459853632797882,0.5504106536007953,0.5474667259640351,1667
142,3,evaluate,2.6109211842219033,0.5218956208758249,0.5242221903370268,0.5228519034385235,0.5230704015850146,1667
142,4,evaluate,2.693827430407206,0.5392921415716857,0.5393372674318861,0.5347168311376673,0.5353411747028016,1667
142,5,evaluate,2.435867382420434,0.5464907018596281,0.5395793119013967,0.5405485180017867,0.539152065374811,1667
143,0,evaluate,2.430639717313978,0.5482903419316136,0.5433363063418396,0.5429427474176809,0.5413831196495441,1667
143,1,evaluate,2.686476159978796,0.5338932213557288,0.5356439959527972,0.5299806535826457,0.5306143277725951,1667
143,2,evaluate,2.3456909049440315,0.5464907018596281,0.5470043458831236,0.5513099712743059,0.5485642445218528,1667
143,3,evaluate,2.452577919988134,0.5392921415716857,0.5355469149071673,0.534392047718206,0.532583522102902,1667
143,4,evaluate,2.851236595047845,0.5332933413317337,0.5337287683094393,0.5353802695667016,0.5332171179540981,1667
143,5,evaluate,2.607327452412358,0.519496100779844,0.5234158321497623,0.5204434475592666,0.5214401036261643,1667
144,0,evaluate,2.3666666646798453,0.5458908218356329,0.5465371469104175,0.550146823618669,0.5476053914261854,1667
144,1,evaluate,2.625918330969634,0.525494901019796,0.5299040812311617,0.5257607911981179,0.5272602908491261,1667
144,2,evaluate,2.887716500847428,0.5362927414517097,0.536745895704903,0.538103360993348,0.5360449186625771,1667
144,3,evaluate,2.439037910214177,0.5488902219556089,0.5438285695717202,0.5434631021026717,0.5417797375202679,1667
144,4,evaluate,2.4801649508299306,0.5428914217156569,0.5379231657927773,0.5375758540320654,0.5348437009308289,1667
144,5,evaluate,2.672803587383694,0.5368926214757048,0.5382890393361836,0.5334621990364016,0.5331701115714877,1667
145,0,evaluate,2.4567359818352594,0.5452909418116376,0.5426297814638944,0.540833624008195,0.5395366557229248,1667
145,1,evaluate,2.688791597331012,0.5374925014997001,0.538171983886315,0.533719161898738,0.533369197200573,1667
145,2,evaluate,2.6572129373197204,0.5200959808038392,0.5244091225882338,0.5207629243604203,0.5219893892693076,1667
145,3,evaluate,2.4109209731773094,0.5410917816436712,0.5430452690047204,0.5444612045140748,0.5428746429624681,1667
145,4,evaluate,2.905950144485191,0.5362927414517097,0.5378941346110147,0.5384337846841255,0.5363709112930413,1667
145,5,evaluate,2.508571433118993,0.5434913017396521,0.5392295796697532,0.538022938165906,0.5358850281088633,1667
146,0,evaluate,2.9245259452749184,0.5326934613077384,0.5341992174719479,0.5349428725908079,0.5326694687670306,1667
146,1,evaluate,2.53296558245913,0.5482903419316136,0.5449913571335568,0.5431706109674184,0.5415958501649036,1667
146,2,evaluate,2.702951599050451,0.5422915416916617,0.5427552396384031,0.5387221111533044,0.5385830739929598,1667
146,3,evaluate,2.5028583429477833,0.5446910617876425,0.5447355232745155,0.5410754884957449,0.5404608792701505,1667
146,4,evaluate,2.6988922975681446,0.5218956208758249,0.526244482119299,0.52266306915141,0.5238511324331296,1667
146,5,evaluate,2.466489573319753,0.5404919016196761,0.5410510172432879,0.5437889451600274,0.5413859846085747,1667
147,0,evaluate,2.5382730298572116,0.5482903419316136,0.548096174410001,0.5455198863002836,0.5444089513210129,1667
147,1,evaluate,2.4937578748773643,0.5416916616676665,0.5425478306249671,0.5452366222740703,0.5430759187710404,1667
147,2,evaluate,2.707335463276616,0.5494901019796041,0.5498766803403676,0.5458878174325247,0.5460143791692719,1667
147,3,evaluate,2.7314220622733787,0.5164967006598681,0.5233139124357661,0.5178497030610167,0.5200577466085335,1667
147,4,evaluate,2.942476753835325,0.5332933413317337,0.5343302668466432,0.5353846731921645,0.5334586587905037,1667
147,5,evaluate,2.540603060853081,0.5530893821235753,0.5487319541984838,0.5477535993020658,0.5461249898823569,1667
148,0,evaluate,2.718489986878854,0.555488902219556,0.555218427542199,0.55147653561323,0.5517630745742677,1667
148,1,evaluate,2.5605996714697943,0.5416916616676665,0.5404924644085156,0.5386155165544613,0.5373381920663018,1667
148,2,evaluate,2.50883067978753,0.5386922615476905,0.5379321862684486,0.5424310710585301,0.5394237524348415,1667
148,3,evaluate,2.5520563716482787,0.5566886622675465,0.5514685024422478,0.5517336998421211,0.5499794178200521,1667
148,4,evaluate,2.954582033333955,0.5356928614277144,0.5366101313267694,0.537457481263243,0.5358100523564616,1667
148,5,evaluate,2.769096197905364,0.5236952609478105,0.5288921854428167,0.5251015604732059,0.5265645133623374,1667
149,0,evaluate,2.5591926820903876,0.5518896220755849,0.5458054896914455,0.5471578029857432,0.5452986152368066,1667
149,1,evaluate,2.9766949238600553,0.5386922615476905,0.5406811525648554,0.5402588714466225,0.5390684578127275,1667
149,2,evaluate,2.7966784680331194,0.5242951409718056,0.5279926867844456,0.526212824686268,0.5266167884592008,1667
149,3,evaluate,2.5306090668395713,0.5296940611877624,0.5275143249709138,0.5346551900671034,0.5299605934155618,1667
149,4,evaluate,2.7343304422166614,0.5518896220755849,0.55027866900209,0.5471364614998805,0.5476826699542967,1667
149,5,evaluate,2.5711187013873347,0.5434913017396521,0.541799623812812,0.5402011052511245,0.5388834229967607,1667
150,0,evaluate,2.575409900414309,0.5482903419316136,0.5421471993908136,0.543505114532622,0.541812349429333,1667
150,1,evaluate,2.7681426648740417,0.5494901019796041,0.5477082462726262,0.5441123961515639,0.5448171513839392,1667
150,2,evaluate,2.8227867197107384,0.5212957408518296,0.5243131627047845,0.5234692008389907,0.5231139616073139,1667
150,3,evaluate,3.008157076659026,0.5380923815236952,0.5411931459722046,0.5394286366138209,0.5386121620510679,1667
150,4,evaluate,2.578992753117173,0.5374925014997001,0.5360147617360751,0.5343684414396296,0.5327852530909262,1667
150,5,evaluate,2.549258128360466,0.5308938212357528,0.5284895658479933,0.535707515463236,0.5306555410640303,1667
151,0,evaluate,2.5819080128696643,0.5512897420515896,0.5455940476630523,0.5465033508641917,0.5451331221307011,1667
151,1,evaluate,2.831809887179622,0.5176964607078585,0.520117401262693,0.520104765282009,0.5191680402835493,1667
151,2,evaluate,2.5477357749585754,0.5368926214757048,0.5356913774223905,0.5416457599834967,0.5365741365544956,1667
151,3,evaluate,2.7928130008556225,0.5512897420515896,0.5485892610472773,0.545684763548378,0.5461417923654591,1667
151,4,evaluate,2.5868975166921264,0.5380923815236952,0.5357331708580071,0.5345452756689133,0.5331254905429964,1667
151,5,evaluate,3.045708868238661,0.5344931013797241,0.5374803036140827,0.5360778134202134,0.5346376501363934,1667
152,0,evaluate,2.5964984231524997,0.5320935812837433,0.528240486035242,0.527684516979933,0.5262869876497297,1667
152,1,evaluate,3.0551158454683094,0.5374925014997001,0.5391754553531822,0.5396612581295134,0.5369855024565194,1667
152,2,evaluate,2.5702486825391166,0.5578884223155369,0.5509332795826271,0.5530702456153318,0.5511315865681842,1667
152,3,evaluate,2.798571741139447,0.5434913017396521,0.5402066098309495,0.5380363642721596,0.5380956944802006,1667
152,4,evaluate,2.5327415653952845,0.5386922615476905,0.5380723940750489,0.5438699814864679,0.5388140233039531,1667
152,5,evaluate,2.810633738835653,0.5134973005398921,0.5160954396118682,0.5157027430029238,0.5150297978460321,1667
153,0,evaluate,2.5691608672797748,0.5614877024595081,0.5535721909537663,0.5565926620170905,0.5541875763630586,1667
153,1,evaluate,2.5246803374202162,0.5398920215956808,0.5384778980269358,0.5436689760248505,0.5398140517684642,1667
153,2,evaluate,2.807478414641486,0.5182963407318536,0.5211630294971743,0.5200613108018887,0.5198800791920223,1667
153,3,evaluate,3.050663427070335,0.5392921415716857,0.5395700655766693,0.5412227459448056,0.538100481043511,1667
153,4,evaluate,2.8177625205781727,0.5464907018596281,0.5428264131951772,0.5408955466335708,0.5410633795883731,1667
153,5,evaluate,2.6118075301249823,0.5308938212357528,0.5250694162203398,0.5251499451966446,0.524176544729085,1667
154,0,evaluate,2.514491665142554,0.5470905818836233,0.5460389104817549,0.5510395485449587,0.5470604323706111,1667
154,1,evaluate,2.61774317326921,0.5278944211157769,0.5216259434296391,0.5220272461413744,0.5208755501911377,1667
154,2,evaluate,2.8422788778940835,0.5452909418116376,0.5418769688496751,0.5396351924580383,0.5398799124046746,1667
154,3,evaluate,2.570863523309257,0.5584883023395321,0.5498892375807312,0.55345554481254,0.550649680492484,1667
154,4,evaluate,3.0327327648798623,0.5416916616676665,0.5415113268854918,0.5439879682405846,0.5406310427114475,1667
154,5,evaluate,2.8025361476121127,0.5248950209958009,0.5277982586413197,0.5260014200844949,0.5259729124037273,1667
155,0,evaluate,2.570992168694459,0.5578884223155369,0.5499102816971219,0.5533241968080101,0.5503804521081034,1667
155,1,evaluate,2.804782412670277,0.525494901019796,0.5292570481624975,0.5262219538059776,0.5265416254884447,1667
155,2,evaluate,2.8673495804822005,0.5428914217156569,0.5397353102179588,0.537318045906119,0.5374618420507784,1667
155,3,evaluate,2.6124110859301357,0.5272945410917816,0.5211326416215846,0.5212186490657038,0.5200960394174576,1667
155,4,evaluate,2.5207550900953786,0.5452909418116376,0.5440628474137378,0.5490613165426911,0.5454298385729244,1667
155,5,evaluate,3.009705309514646,0.5410917816436712,0.5407038494529038,0.5430901481148397,0.5400397018878319,1667
156,0,evaluate,2.813922807022377,0.5242951409718056,0.527928790915534,0.5248331161008621,0.5252112012056894,1667
156,1,evaluate,2.521262268225352,0.5464907018596281,0.5463846430288614,0.5500602044843341,0.5472767510508871,1667
156,2,evaluate,2.9873012480912386,0.5374925014997001,0.5373331621519382,0.5396420881129492,0.5366209004501866,1667
156,3,evaluate,2.8827201348763927,0.5404919016196761,0.5398313325741473,0.5359443746480455,0.5366131135984014,1667
156,4,evaluate,2.6018090765164406,0.5368926214757048,0.5301538251244017,0.5310448651220077,0.5297488140791046,1667
156,5,evaluate,2.5685920996755294,0.5656868626274745,0.5582144949343444,0.5608460188293375,0.5579293920180122,1667
157,0,evaluate,2.9752594100104437,0.5392921415716857,0.5401819054832465,0.5414630334740081,0.5391424898841021,1667
157,1,evaluate,2.903040091196696,0.5368926214757048,0.5363882257620153,0.5320427662319995,0.532748277707171,1667
157,2,evaluate,2.534889194700453,0.5488902219556089,0.5499597238650588,0.552276232170916,0.5503873169883917,1667
157,3,evaluate,2.5921234726836837,0.5458908218356329,0.5399377596160115,0.5402584200676893,0.5391925514830469,1667
157,4,evaluate,2.8248968433450767,0.5176964607078585,0.5207134478186355,0.5183255905982976,0.5183253320929601,1667
157,5,evaluate,2.575401592151913,0.5626874625074985,0.5568746974829704,0.5578792436920165,0.5555863446766033,1667
158,0,evaluate,2.554979701836904,0.5464907018596281,0.5470679193494993,0.5500149984546218,0.5479902126275389,1667
158,1,evaluate,2.830838918685913,0.5242951409718056,0.527459528314733,0.5254461396690389,0.525638421238656,1667
158,2,evaluate,2.5878302931878014,0.5578884223155369,0.5535569474299332,0.5532961808304282,0.5516606531531787,1667
158,3,evaluate,2.939222221021299,0.5374925014997001,0.5386154897073038,0.5323718829591072,0.533916001554885,1667
158,4,evaluate,2.9637634886635675,0.5338932213557288,0.5353904847905595,0.5358685844733027,0.53427069023154,1667
158,5,evaluate,2.5915194946099764,0.5530893821235753,0.5473037285886081,0.5477220720761993,0.546626851289622,1667
159,0,evaluate,2.589033750196298,0.55248950209958,0.5493818352205586,0.5472347692886634,0.5469891916755112,1667
159,1,evaluate,2.9482098332157842,0.5374925014997001,0.5387106291721375,0.5388499244992808,0.5379082069151926,1667
159,2,evaluate,2.6000560021482806,0.555488902219556,0.5516414253739628,0.551017615536489,0.549653110773584,1667
159,3,evaluate,2.9577882157431707,0.5392921415716857,0.5415007113208954,0.5344794125164403,0.5363923811690595,1667
159,4,evaluate,2.5780627418447426,0.5446910617876425,0.5462730528057922,0.5487995071005893,0.5467565869714359,1667
159,5,evaluate,2.837927478331107,0.5302939412117577,0.5339295924275214,0.5317787855290772,0.5321333672961931,1667
160,0,evaluate,2.5798922644721136,0.5428914217156569,0.5443003542720984,0.547288752714927,0.5448522046857406,1667
160,1,evaluate,2.573904769288169,0.5482903419316136,0.5447659269105701,0.543138448130377,0.5425333196812241,1667
160,2,evaluate,2.8183890801888927,0.525494901019796,0.5304250315796992,0.5274071181711645,0.5278190388766162,1667
160,3,evaluate,2.5975615639012917,0.5506898620275945,0.5470493539511676,0.5464244248250468,0.5453252820819627,1667
160,4,evaluate,2.937663228423507,0.5344931013797241,0.5365129158842683,0.5292307435373117,0.5313722713503759,1667
160,5,evaluate,2.930832103446678,0.5356928614277144,0.5370804355866106,0.5369148989688656,0.5362875870640729,1667
161,0,evaluate,2.5776548186937966,0.5392921415716857,0.5413459521118575,0.543971153976861,0.541505720035279,1667
161,1,evaluate,2.8052777184380426,0.525494901019796,0.5311073943934997,0.5276812382512641,0.5282139004709716,1667
161,2,evaluate,2.917792108323839,0.5338932213557288,0.5345202963609015,0.5282846479223882,0.5301053408734321,1667
161,3,evaluate,2.5689701992604466,0.5476904619076185,0.5446410353765074,0.5433728854278825,0.5425495802110658,1667
161,4,evaluate,2.9088233797638505,0.5308938212357528,0.5322170923666688,0.5318788145798992,0.5311918263205222,1667
161,5,evaluate,2.597650657137651,0.5500899820035993,0.545420157669666,0.5456604956210722,0.5439782282477748,1667
162,0,evaluate,2.8054428630405,0.5176964607078585,0.5223477792520214,0.5202147438508925,0.5200004430854541,1667
162,1,evaluate,2.8878351935633906,0.528494301139772,0.5291362685210736,0.5294534346358996,0.5286465618548496,1667
162,2,evaluate,2.570632145360664,0.5476904619076185,0.544013239378811,0.5431326925026617,0.5421742929309789,1667
162,3,evaluate,2.9063467802824796,0.5368926214757048,0.5359191811359754,0.5310723838740979,0.532270392775,1667
162,4,evaluate,2.6019956503107635,0.5476904619076185,0.5438366937308869,0.5433859454978921,0.5418129468844223,1667
162,5,evaluate,2.571797490119934,0.5386922615476905,0.5405536776019706,0.5436011467751125,0.5407667029063332,1667
163,0,evaluate,2.5734364026122623,0.5458908218356329,0.5423818090645225,0.5409695308038105,0.5400026900610343,1667
163,1,evaluate,2.7965936572463423,0.5122975404919016,0.5138453126708799,0.5144535450086875,0.5130643856559205,1667
163,2,evaluate,2.8725503859696566,0.531493701259748,0.5319056711583461,0.533000654509407,0.531008505134998,1667
163,3,evaluate,2.5615555776490107,0.5398920215956808,0.5404120114207994,0.5448692969280433,0.5411645042379021,1667
163,4,evaluate,2.8750575560110585,0.5398920215956808,0.5375908887582909,0.5341655507766201,0.5348024981424713,1667
163,5,evaluate,2.600798371253202,0.5488902219556089,0.5433532427134584,0.544290586932348,0.5421940410912294,1667
164,0,evaluate,2.5562487531591347,0.5446910617876425,0.5432246806961567,0.5498419842868582,0.54506041586392,1667
164,1,evaluate,2.847844786114163,0.5446910617876425,0.5410986036303796,0.5392738450193206,0.5391472547470888,1667
164,2,evaluate,2.581169563587065,0.5374925014997001,0.5334117694667754,0.5324076989778596,0.5311977146229976,1667
164,3,evaluate,2.873017461211593,0.5338932213557288,0.5347378424783286,0.5354670480016415,0.5334548683027325,1667
164,4,evaluate,2.7962854791570595,0.5128974205158968,0.5128378797082307,0.5147820606742043,0.5131813958376579,1667
164,5,evaluate,2.597788547230906,0.5506898620275945,0.5426602880639784,0.5459584363449249,0.5428690748544704,1667
165,0,evaluate,2.8812364781344377,0.5362927414517097,0.5370316586670584,0.5384624261590196,0.5356256340369898,1667
165,1,evaluate,2.8136952585644193,0.5116976604679064,0.5114689720826181,0.5131930223613271,0.5119271340323361,1667
165,2,evaluate,2.8328358641377203,0.5452909418116376,0.5410938010848054,0.5401628589462953,0.5394297284746614,1667
165,3,evaluate,2.6113602894022026,0.5482903419316136,0.5405858486221452,0.5434463987918874,0.5401999860401416,1667
165,4,evaluate,2.600659115170991,0.5404919016196761,0.5349298932440972,0.535263587715219,0.5337276435942255,1667
165,5,evaluate,2.560243840570803,0.5482903419316136,0.5470400943305379,0.553800467136975,0.5487123691411175,1667
166,0,evaluate,2.6277076623883424,0.5530893821235753,0.5456847579799621,0.5484017509641198,0.5451693534122495,1667
166,1,evaluate,2.827957608081676,0.5158968206358728,0.5156145574046487,0.5172379301135898,0.5160059224204678,1667
166,2,evaluate,2.8284035170519792,0.5482903419316136,0.5436761279278545,0.5427922898504127,0.5421818742053708,1667
166,3,evaluate,2.9151468806796603,0.5392921415716857,0.5412102252242841,0.5415502412923204,0.5387708617537326,1667
166,4,evaluate,2.627047232593651,0.5398920215956808,0.5344026938537338,0.5344253476786492,0.5330628194947883,1667
166,5,evaluate,2.564727703730265,0.5476904619076185,0.5455423864446112,0.552659598853707,0.5473488460866454,1667
167,0,evaluate,2.6493108551873807,0.5512897420515896,0.5436382069952332,0.5467302067228637,0.5433991514683771,1667
167,1,evaluate,2.969898819923401,0.5380923815236952,0.5399336016016502,0.5406650025170323,0.5375917823444094,1667
167,2,evaluate,2.6592623997065754,0.5380923815236952,0.5320825685655138,0.5330067980642208,0.5311489522362774,1667
167,3,evaluate,2.832853017029939,0.5458908218356329,0.5406974320490366,0.5405634985011748,0.5394524090742443,1667
167,4,evaluate,2.8503744999567666,0.5200959808038392,0.5203704226080555,0.5216022853740903,0.5205201008576702,1667
167,5,evaluate,2.5765138378849737,0.55248950209958,0.5489918087766975,0.5570803984370927,0.5511111170608637,1667
168,0,evaluate,2.809677146099232,0.5440911817636472,0.5410728341137836,0.5386646600019722,0.5385849697021972,1667
168,1,evaluate,2.8727624592957675,0.5158968206358728,0.5174919854522996,0.5171159718327534,0.5168526455930545,1667
168,2,evaluate,2.5736635857158237,0.55248950209958,0.5496548244480295,0.55690078590263,0.5514321234757977,1667
168,3,evaluate,2.6520249135926997,0.5518896220755849,0.5451009169549491,0.5473588501221699,0.5442943426617045,1667
168,4,evaluate,3.0276896865279586,0.5320935812837433,0.5357996299557344,0.5349494765553041,0.5319555724888885,1667
168,5,evaluate,2.681612523065673,0.5338932213557288,0.5315667434880638,0.5301089532250899,0.52880759975085,1667
169,0,evaluate,2.6975659374837524,0.531493701259748,0.5312856678586698,0.52718694762491,0.5267030065308232,1667
169,1,evaluate,2.5839224016224898,0.55248950209958,0.5511307565924589,0.5564086355082642,0.5520744629842358,1667
169,2,evaluate,2.655833939462253,0.5530893821235753,0.5476469447650663,0.5484777740384688,0.5463381647628303,1667
169,3,evaluate,3.079171317595023,0.5338932213557288,0.5386032624005384,0.5367300302776055,0.5347762374535611,1667
169,4,evaluate,2.798302279578315,0.5422915416916617,0.5416499281357244,0.5371946572263823,0.5377886717130311,1667
169,5,evaluate,2.897583837862368,0.5278944211157769,0.5297690618883962,0.5291923328166324,0.5289918410224008,1667
170,0,evaluate,2.6036168292716697,0.5464907018596281,0.5461310458485903,0.5502897694949445,0.546835247388332,1667
170,1,evaluate,3.106453860247577,0.5326934613077384,0.5390777107420432,0.5355429003994524,0.5342164648095877,1667
170,2,evaluate,2.914122603557728,0.52249550089982,0.5265190470845108,0.5230608067712388,0.5241198202910164,1667
170,3,evaluate,2.649147748846897,0.5506898620275945,0.5461962826857001,0.5459474196937684,0.5439709905738048,1667
170,4,evaluate,2.8083797340039856,0.5410917816436712,0.5417829170314964,0.5369937696487936,0.5371324263615774,1667
170,5,evaluate,2.697033280023822,0.5368926214757048,0.5376386667142711,0.5328254893502288,0.5327933447143728,1667
171,0,evaluate,2.837077953197338,0.5416916616676665,0.54374811287933,0.5374588171728563,0.5383940181495228,1667
171,1,evaluate,2.6512270864752483,0.5494901019796041,0.5451608816274336,0.5448417832121242,0.5432778953475376,1667
171,2,evaluate,2.632710412696556,0.5452909418116376,0.5452789703665528,0.5488057688040191,0.545328155167676,1667
171,3,evaluate,2.699699148259781,0.5344931013797241,0.534673260739134,0.5300156831126516,0.5303781768620611,1667
171,4,evaluate,2.9270916691532842,0.5188962207558488,0.5232494320834468,0.5196654429761804,0.5207471416244038,1667
171,5,evaluate,3.119827389717102,0.5398920215956808,0.5463796661534074,0.5422692092594446,0.5414393826964388,1667
172,0,evaluate,2.7104698276768127,0.5332933413317337,0.5344003989724484,0.5286999754896071,0.5297031752033997,1667
172,1,evaluate,2.907523331818757,0.5398920215956808,0.5430111346638744,0.5354648694931889,0.5368560959235064,1667
172,2,evaluate,3.1296936670939126,0.5356928614277144,0.5417050622172912,0.5376721833618973,0.5372519747553917,1667
172,3,evaluate,2.668932477074796,0.5500899820035993,0.5458558282013092,0.5454660066869941,0.5439389109593088,1667
172,4,evaluate,2.656399444297508,0.5446910617876425,0.5452265944148792,0.5483266085145572,0.5453123560510316,1667
172,5,evaluate,2.9384547339545355,0.5212957408518296,0.5258489445967456,0.5218853919381564,0.5232784697937656,1667
173,0,evaluate,2.9595439434051514,0.5392921415716857,0.5419542473673458,0.5347062310208669,0.5359648320074485,1667
173,1,evaluate,2.6846549065287237,0.5548890221955609,0.5498407011460007,0.5501658147753906,0.5481483900353978,1667
173,2,evaluate,2.9564943181143866,0.5170965806838632,0.5247316011323355,0.5175617514208525,0.5201747541238345,1667
173,3,evaluate,3.118434755890458,0.5278944211157769,0.5322342687868336,0.5297595690248718,0.5289854691423848,1667
173,4,evaluate,2.674758357030374,0.5440911817636472,0.5452645610988424,0.5480852772174845,0.5451274665412524,1667
173,5,evaluate,2.718099507365238,0.5362927414517097,0.5364438634994296,0.5318505627785016,0.5326091215628114,1667
174,0,evaluate,2.7092996449767575,0.555488902219556,0.5492556761667886,0.5505364750290672,0.5482496034774472,1667
174,1,evaluate,2.7377464026298926,0.5428914217156569,0.5405062809541741,0.5378838260001287,0.5380825218213566,1667
174,2,evaluate,3.120199750970911,0.5338932213557288,0.5378593289667635,0.5358377619236248,0.534953117504714,1667
174,3,evaluate,3.032373622611717,0.5368926214757048,0.5392304202385783,0.5321030444420132,0.5334273963650663,1667
174,4,evaluate,2.9903552532196045,0.5122975404919016,0.5191612653292311,0.5130770958833918,0.5152186693158243,1667
174,5,evaluate,2.696437544292874,0.5512897420515896,0.5524151378333378,0.5559306447611896,0.5523188481646539,1667
175,0,evaluate,2.753941408988019,0.55248950209958,0.548946131124772,0.5466600890905106,0.5469743746893602,1667
175,1,evaluate,3.0278928059118764,0.5080983803239352,0.5129975746583659,0.5087853197029121,0.5098038906033945,1667
175,2,evaluate,2.6980109877056546,0.5464907018596281,0.5476465581306332,0.550996737989945,0.5470135023243556,1667
175,3,evaluate,3.13832073741489,0.5380923815236952,0.5393312044865547,0.5398553237994975,0.5382351368643327,1667
175,4,evaluate,2.7381810979092767,0.5494901019796041,0.5430559846944953,0.5446632494197364,0.5418158182995028,1667
175,5,evaluate,3.092786100175646,0.5434913017396521,0.5443759118591471,0.5388695443035495,0.5395331678633293,1667
176,0,evaluate,2.6842994314652904,0.5512897420515896,0.5517400692157629,0.5562883147165558,0.5521856723580656,1667
176,1,evaluate,2.759147358513844,0.5500899820035993,0.5425298431863093,0.5451154589764204,0.541804875423954,1667
176,2,evaluate,3.0519809457990856,0.5110977804439112,0.5140972649622272,0.5121020981385521,0.5121992561374115,1667
176,3,evaluate,3.1163836585150824,0.5488902219556089,0.5480965950946856,0.5442110370860596,0.5445077102365717,1667
176,4,evaluate,2.7580892690284937,0.5476904619076185,0.5416263243604231,0.5406888253761324,0.540612559031952,1667
176,5,evaluate,3.1599518016532615,0.5452909418116376,0.5448972447238603,0.5468255324388902,0.5446367210815203,1667
177,0,evaluate,3.1099928617477417,0.5458908218356329,0.5446338184533079,0.5414013970828073,0.5416473851303232,1667
177,1,evaluate,2.7742834234679186,0.5500899820035993,0.5432984725374939,0.5428275976598103,0.5424952493554788,1667
177,2,evaluate,2.684146781762441,0.5464907018596281,0.5460063899290128,0.5519502756878633,0.5469695329839939,1667
177,3,evaluate,3.0802265626412852,0.5068986202759448,0.5092340570475613,0.507851377742442,0.5076124773428645,1667
177,4,evaluate,3.19924548820213,0.5476904619076185,0.5463138482241795,0.5492712065146529,0.5466754073117522,1667
177,5,evaluate,2.7867744468820566,0.5488902219556089,0.5416824334486956,0.5437885392897686,0.5411580046036356,1667
178,0,evaluate,2.799647579660814,0.5392921415716857,0.530579147222318,0.5339728332560363,0.5310456313991903,1667
178,1,evaluate,2.6756970595430443,0.5512897420515896,0.5508752032339794,0.5571679641610128,0.5518458684533691,1667
178,2,evaluate,2.780157289295285,0.5536892621475705,0.5461657431771738,0.547044125848068,0.5461274732539823,1667
178,3,evaluate,3.070846531126234,0.5446910617876425,0.5415810903183442,0.5397103289985099,0.5396098783148381,1667
178,4,evaluate,3.249017494696158,0.5392921415716857,0.5378878936448943,0.5407847852715144,0.5379502972939587,1667
178,5,evaluate,3.087787553116127,0.504499100179964,0.5054260939172355,0.5054640422827583,0.5045861173221559,1667
179,0,evaluate,3.28069970342848,0.5350929814037193,0.5328093693589185,0.5366404835915461,0.5331802149567884,1667
179,1,evaluate,2.659460089824818,0.5512897420515896,0.5507872644544752,0.5569815241607252,0.5518755018522437,1667
179,2,evaluate,2.7735165070604393,0.5512897420515896,0.543604905754824,0.5449811768662588,0.5439023199882206,1667
179,3,evaluate,2.780478110119778,0.5404919016196761,0.5310456500000484,0.5353502119223117,0.5319248269470804,1667
179,4,evaluate,3.0211664659005626,0.5398920215956808,0.5364742422917196,0.5345697737541928,0.534468559813922,1667
179,5,evaluate,3.072851578394572,0.5128974205158968,0.5122404199100716,0.5138182708821202,0.5121139345638255,1667
180,0,evaluate,2.9995880126953125,0.5434913017396521,0.5400567514500192,0.5376224177591336,0.5378811661843981,1667
180,1,evaluate,3.3228337234920926,0.5296940611877624,0.5268968224481437,0.5312586865347305,0.5274656046136097,1667
180,2,evaluate,2.78266508380572,0.5434913017396521,0.5362051823425391,0.5376803511937168,0.5364388233346745,1667
180,3,evaluate,3.071802161358021,0.5086982603479304,0.5078336877688521,0.5098574970975825,0.5080810709176409,1667
180,4,evaluate,2.6730199732162334,0.5488902219556089,0.5480827488350887,0.5549963510569452,0.5495997890487134,1667
180,5,evaluate,2.7648875270603672,0.5446910617876425,0.5353615743743545,0.539673663089445,0.5361488877885899,1667
181,0,evaluate,2.9759163238384105,0.5422915416916617,0.5419799388190263,0.5367280881555807,0.5377569347955162,1667
181,1,evaluate,2.7839276656784393,0.5428914217156569,0.5359183420182105,0.5376744839638399,0.5359063263403037,1667
181,2,evaluate,3.06039559841156,0.5116976604679064,0.5101641585833379,0.5129755327481859,0.5109291414282561,1667
181,3,evaluate,3.33940413263109,0.5242951409718056,0.5222775481730871,0.525800858651034,0.5224443264956203,1667
181,4,evaluate,2.6830009475902274,0.5494901019796041,0.5491116484071243,0.5555362679918139,0.5503919498868336,1667
181,5,evaluate,2.7391518159021397,0.5500899820035993,0.5410972670147731,0.5452414707492148,0.541918448264089,1667
182,0,evaluate,2.7944886340863175,0.5350929814037193,0.5293469720043704,0.5307957641452861,0.5282642650487199,1667
182,1,evaluate,2.9563953523282653,0.5452909418116376,0.545589433781416,0.5398756590236063,0.5409514212343526,1667
182,2,evaluate,2.705470326873991,0.5434913017396521,0.543630723590811,0.5489270590726792,0.5443494606337518,1667
182,3,evaluate,2.7346741945775985,0.5488902219556089,0.5423399537658566,0.5440668082551647,0.5415930325404219,1667
182,4,evaluate,3.337889636004413,0.5296940611877624,0.5290115072524451,0.5312812844851589,0.528342488300878,1667
182,5,evaluate,3.0378744116535894,0.5128974205158968,0.5111547302308347,0.513788480308808,0.5117381445625047,1667
183,0,evaluate,3.318457700588085,0.5302939412117577,0.5302108471264586,0.5317311385633534,0.5291739357921228,1667
183,1,evaluate,2.9415512967992714,0.5434913017396521,0.5454637044541718,0.5383726246202372,0.5396955546523104,1667
183,2,evaluate,2.809060662019032,0.531493701259748,0.5269551311835896,0.527484481590425,0.5248456821929305,1667
183,3,evaluate,2.745257259120182,0.55248950209958,0.5461844610104538,0.5476582721281957,0.5451189403713437,1667
183,4,evaluate,2.7363048957453833,0.5380923815236952,0.5393982953851545,0.5434595113657394,0.5395031853158897,1667
183,5,evaluate,3.020060450942428,0.5086982603479304,0.5084663229640352,0.5096094790934002,0.5081475183096421,1667
184,0,evaluate,3.01418642644529,0.5122975404919016,0.5118419440938652,0.5133271761523552,0.5117750920728039,1667
184,1,evaluate,2.9396976188377097,0.5506898620275945,0.5511903986022417,0.5460566118079121,0.5468265719398036,1667
184,2,evaluate,2.8075795713122242,0.531493701259748,0.5277388841637943,0.5277495556770297,0.5254293408624606,1667
184,3,evaluate,2.7633988625473447,0.5404919016196761,0.5416214374591745,0.5451511548883637,0.5418318600311567,1667
184,4,evaluate,2.756634828985962,0.5512897420515896,0.5460957592773432,0.546859251011417,0.5444974011156086,1667
184,5,evaluate,3.2758482606322676,0.5296940611877624,0.5314752416584874,0.5317308472436924,0.5294555313027175,1667
185,0,evaluate,2.9655344706994518,0.55248950209958,0.5523381938281033,0.5482158686709644,0.5485895836210999,1667
185,1,evaluate,3.24188980349788,0.5290941811637673,0.5327986978842272,0.5313927148294764,0.5296673065074617,1667
185,2,evaluate,2.7843024322280177,0.5404919016196761,0.5400728010368017,0.5446216677992936,0.5411898464882852,1667
185,3,evaluate,2.78463865923415,0.555488902219556,0.5509749389444323,0.5510184097247119,0.549227085868097,1667
185,4,evaluate,3.0168880180076316,0.5188962207558488,0.5195353226576681,0.5192777313318484,0.5188199498810868,1667
185,5,evaluate,2.8129092723269156,0.5326934613077384,0.5285955640643223,0.528968301268051,0.5267246731486364,1667
186,0,evaluate,3.020841956138611,0.5272945410917816,0.5295512764102701,0.5276580825345067,0.5282504378247925,1667
186,1,evaluate,2.9990053000273527,0.5476904619076185,0.5496341485532076,0.5435346528883237,0.544535368464518,1667
186,2,evaluate,2.8147972986205585,0.5488902219556089,0.545310627671627,0.5448005469776065,0.5432821094007275,1667
186,3,evaluate,3.2089281965185097,0.531493701259748,0.5340965133241211,0.5336363362440931,0.5320572271651405,1667
186,4,evaluate,2.80465304851532,0.5434913017396521,0.543239303302345,0.5473293261747688,0.5443193318204514,1667
186,5,evaluate,2.8069169666894056,0.5398920215956808,0.5360741839647994,0.536493301501365,0.5342353633173424,1667
187,0,evaluate,2.8442557999730558,0.5500899820035993,0.5453278738190201,0.5461413221316253,0.5443452898767036,1667
187,1,evaluate,3.1670533418655396,0.5356928614277144,0.5374225828724993,0.5378067729248659,0.5362661291029623,1667
187,2,evaluate,3.0304122191888316,0.5488902219556089,0.5517170829130156,0.5449499953251875,0.546032474583745,1667
187,3,evaluate,3.0296441316604614,0.5218956208758249,0.5246567056888264,0.5227990509072087,0.5234237888954956,1667
187,4,evaluate,2.8274503173651517,0.5422915416916617,0.5418221041108964,0.5457554169113148,0.542467916873914,1667
187,5,evaluate,2.8105499458119825,0.5404919016196761,0.5362542454663863,0.536598771807168,0.5342979942806926,1667
188,0,evaluate,2.8372131563999035,0.5416916616676665,0.5418744314080081,0.5458532074699978,0.5420817901809827,1667
188,1,evaluate,3.145251781852157,0.5416916616676665,0.543011573455414,0.5435339217092647,0.542266583332575,1667
188,2,evaluate,3.0483793638370655,0.5482903419316136,0.5494345046386256,0.5442147922577566,0.544769248005833,1667
188,3,evaluate,3.0379713023150408,0.5188962207558488,0.5205313423333425,0.5202658435949461,0.5200931406317728,1667
188,4,evaluate,2.848540156326231,0.5536892621475705,0.5476377570262259,0.5491227734434402,0.547354666259032,1667
188,5,evaluate,2.8121059823919228,0.5386922615476905,0.5333645078665938,0.5339903874732647,0.5319063847784944,1667
189,0,evaluate,3.061501485330087,0.519496100779844,0.5220890815203509,0.5210561474588851,0.5210448549699074,1667
189,1,evaluate,2.8323715682382935,0.5374925014997001,0.5380770761148008,0.541852732433547,0.5378519936475034,1667
189,2,evaluate,2.839822038804953,0.5548890221955609,0.5490208951884854,0.550169419009366,0.548457351376628,1667
189,3,evaluate,2.8156288338618145,0.5440911817636472,0.5380585522125099,0.5386803180362503,0.5370208202463653,1667
189,4,evaluate,3.130667633480496,0.5404919016196761,0.5426208237160066,0.5421406327757458,0.5412893338679332,1667
189,5,evaluate,3.0562897567395813,0.5476904619076185,0.5481871864991809,0.5437515300098484,0.5443278358160122,1667
190,0,evaluate,3.0727965390240706,0.5158968206358728,0.5178651366994022,0.5174640331542062,0.517049502359046,1667
190,1,evaluate,3.1427519895412304,0.5368926214757048,0.5398487407991335,0.538439271184421,0.5379157768675424,1667
190,2,evaluate,2.814960281951008,0.5380923815236952,0.5324969038696139,0.5325675040365185,0.5311785577639834,1667
190,3,evaluate,3.077076483655859,0.5440911817636472,0.544595748052459,0.5404567656849071,0.5408579472514756,1667
190,4,evaluate,2.8300736435754783,0.5560887822435513,0.551690179997705,0.5519790135854957,0.5503822208536587,1667
190,5,evaluate,2.826132772145448,0.5326934613077384,0.5342423714569442,0.5370838354754299,0.5339252056381558,1667
191,0,evaluate,3.056481926529496,0.5152969406118776,0.5172134404237971,0.5171110844923975,0.5166807613880533,1667
191,1,evaluate,2.807860208882226,0.5308938212357528,0.5324424630745098,0.5351049129941069,0.532130031565616,1667
191,2,evaluate,3.081323226292928,0.5404919016196761,0.5406553779920656,0.5364951502660555,0.5369369104492129,1667
191,3,evaluate,3.16619638160423,0.5398920215956808,0.5431142986334679,0.5416089606648973,0.5410899181427753,1667
191,4,evaluate,2.8082390120398486,0.5512897420515896,0.545968112762362,0.5469874101847194,0.545115220457203,1667
191,5,evaluate,2.815779807322003,0.5338932213557288,0.5275589556688671,0.5280606245902242,0.5268852717334938,1667
192,0,evaluate,3.0498326001343905,0.5170965806838632,0.5189930431665352,0.5186923937709976,0.5184407919137459,1667
192,1,evaluate,2.784732913529431,0.5320935812837433,0.534101302358995,0.5356310578475428,0.5336330833114612,1667
192,2,evaluate,3.1881388734888145,0.5344931013797241,0.5377271278349437,0.5361426408969313,0.5355621993375044,1667
192,3,evaluate,2.8200375352537743,0.5368926214757048,0.5320539625963795,0.5315498303729427,0.5308221426096562,1667
192,4,evaluate,2.7905378781102224,0.5530893821235753,0.5487272811585991,0.5490311838151923,0.5475517192018977,1667
192,5,evaluate,3.0818408418584755,0.5374925014997001,0.5371041559258921,0.5331942768978022,0.5336107722589548,1667
193,0,evaluate,2.8244044773832515,0.5398920215956808,0.5357804395960185,0.5350286055205251,0.5343397140716706,1667
193,1,evaluate,2.783384765990949,0.5536892621475705,0.549942005267955,0.5495285589304485,0.5487283190358915,1667
193,2,evaluate,3.036552389462789,0.5188962207558488,0.5202796163930005,0.5204866936815862,0.5198361785316876,1667
193,3,evaluate,2.754171707012035,0.5332933413317337,0.5351608650239903,0.5368632306177112,0.5346924542110977,1667
193,4,evaluate,3.218416447992678,0.5320935812837433,0.5352716672645751,0.5340003532203992,0.5331510489220592,1667
193,5,evaluate,3.077826641224049,0.5410917816436712,0.5407199104570168,0.5370073005364759,0.5371415619893847,1667
194,0,evaluate,2.8339564535007984,0.5350929814037193,0.531542060272316,0.5304242435622033,0.5296919432341977,1667
194,1,evaluate,3.035401556226942,0.5170965806838632,0.5192370882947317,0.518778133978904,0.5185832430207299,1667
194,2,evaluate,2.732645864839907,0.5386922615476905,0.5394686666784204,0.5421012908193832,0.540085611944579,1667
194,3,evaluate,3.2469439065014876,0.5326934613077384,0.5356759639616924,0.5343864643763039,0.5335843120704752,1667
194,4,evaluate,2.801527486824381,0.5542891421715657,0.5494262646028648,0.5499705850143357,0.5485935191525377,1667
194,5,evaluate,3.093619611528185,0.5386922615476905,0.5394117189505082,0.5344954079950112,0.5354133393551816,1667
195,0,evaluate,2.834424326335634,0.5530893821235753,0.54857486962,0.5490286040006754,0.547414342108336,1667
195,1,evaluate,2.8611277154370867,0.5338932213557288,0.5303194192790073,0.5293144612652358,0.5283956964830432,1667
195,2,evaluate,3.064886419861405,0.5212957408518296,0.52347858812855,0.522874435587706,0.5227488665528461,1667
195,3,evaluate,3.284742381837633,0.5398920215956808,0.5431281399451704,0.5415008912948813,0.5412416926813406,1667
195,4,evaluate,3.1284423580876104,0.5380923815236952,0.5401121734413035,0.533867207467207,0.5351525647794417,1667
195,5,evaluate,2.739397918736493,0.5386922615476905,0.5389420228237958,0.5428873569289268,0.5402574484880761,1667
196,0,evaluate,2.7444497181309595,0.5344931013797241,0.5335336832911926,0.5388710940118143,0.5354724792886113,1667
196,1,evaluate,2.872770432770873,0.5374925014997001,0.534047634096074,0.5330643090300612,0.5320288680509322,1667
196,2,evaluate,2.8675324680112277,0.555488902219556,0.5505239976163366,0.5512216557105603,0.5494998362490483,1667
196,3,evaluate,3.1452531152301364,0.5326934613077384,0.5333449466646834,0.5283618821233841,0.5293111493508929,1667
196,4,evaluate,3.0997983393845736,0.5212957408518296,0.5237206865216119,0.5227538724004692,0.522967997668137,1667
196,5,evaluate,3.3014375368754068,0.5392921415716857,0.5413021813617344,0.5405637135871499,0.5401200624242525,1667
197,0,evaluate,3.136647038989597,0.5248950209958009,0.526569661448899,0.5263603192485073,0.5261220348883677,1667
197,1,evaluate,2.761201915917573,0.5344931013797241,0.5328665356277481,0.5389356424949626,0.5347613844828981,1667
197,2,evaluate,3.3493627883769848,0.5428914217156569,0.544550886092187,0.5440049017068924,0.5434513937391992,1667
197,3,evaluate,2.905551424649241,0.55248950209958,0.5459387466204302,0.548069962957402,0.5453280120975481,1667
197,4,evaluate,2.8926503791266844,0.5386922615476905,0.5329402855927918,0.5335726188680364,0.5320411046613003,1667
197,5,evaluate,3.1801515729339034,0.5386922615476905,0.5384417572823655,0.5345030142848541,0.5349073711650364,1667
198,0,evaluate,3.1658348507351346,0.5434913017396521,0.5426625770606781,0.5391309457967127,0.5393869321127918,1667
198,1,evaluate,2.893591284279763,0.5422915416916617,0.5369941057504236,0.5367940290857929,0.5357835380441746,1667
198,2,evaluate,3.378857418342873,0.5416916616676665,0.5426892954388152,0.5427456548291766,0.5418926730163315,1667
198,3,evaluate,3.16384920809004,0.5212957408518296,0.5232482611817694,0.5226417591950189,0.5225485534490859,1667
198,4,evaluate,2.7697835288665913,0.5416916616676665,0.5389848947299575,0.5464089366907242,0.5414004523717283,1667
198,5,evaluate,2.9169983186736688,0.5548890221955609,0.5483193268953965,0.5505726122047016,0.5473819055955655,1667
199,0,evaluate,2.919663452805017,0.5566886622675465,0.5509688150611185,0.5527694981162627,0.5498006718225394,1667
199,1,evaluate,3.1841726656313294,0.519496100779844,0.5202173213742269,0.5205528396977266,0.5198931800509681,1667
199,2,evaluate,2.7780780141000396,0.5440911817636472,0.5413248553804327,0.5485237177683746,0.5433853601823291,1667
199,3,evaluate,2.901217168033192,0.5446910617876425,0.5385156617675882,0.5391554081130392,0.5378805761082808,1667
199,4,evaluate,3.396373651645802,0.5392921415716857,0.5396566937686388,0.5405273760848343,0.5391048427292898,1667
199,5,evaluate,3.141895965293602,0.5458908218356329,0.5438121000253086,0.541104773454702,0.5412906118249632,1667
200,0,evaluate,3.197934071222941,0.5242951409718056,0.5243015095881123,0.5251778523852209,0.5243371110037554,1667
200,1,evaluate,2.7971716302412526,0.5374925014997001,0.535894333903874,0.5423710859221214,0.5373902010975069,1667
200,2,evaluate,3.407815209141484,0.5368926214757048,0.5369974702843117,0.5381419503893266,0.5363347537663194,1667
200,3,evaluate,3.121844998112431,0.5452909418116376,0.5413761988657604,0.5403450300858765,0.5397333796954449,1667
200,4,evaluate,2.918333591479394,0.5494901019796041,0.54302550480723,0.5440274837395405,0.5426490878121587,1667
200,5,evaluate,2.914616065260159,0.5632873425314937,0.5573496577569714,0.5597439967307323,0.5567071773631829,1667
201,0,evaluate,3.090534042429041,0.5398920215956808,0.5366765338553074,0.5349556330635755,0.5346850668237387,1667
201,1,evaluate,3.38371510858889,0.5344931013797241,0.5336467919066658,0.5360554976060936,0.5334191795488712,1667
201,2,evaluate,3.197269007011696,0.5230953809238152,0.5219803169859418,0.523922872731522,0.5224161140671921,1667
201,3,evaluate,2.89891037823219,0.5584883023395321,0.5518954379150653,0.5546209613028108,0.5515712881238517,1667
201,4,evaluate,2.9180360621410526,0.5536892621475705,0.5469899352936191,0.5479776321361546,0.5466435439883146,1667
201,5,evaluate,2.799665715959337,0.5350929814037193,0.5341486205250237,0.5400850642982892,0.5350257923745783,1667
202,0,evaluate,3.183735891624733,0.5182963407318536,0.5182553132195227,0.5193280269662244,0.5180067679621683,1667
202,1,evaluate,2.9219343224885286,0.5410917816436712,0.534608248458645,0.5355141996317969,0.5340225343170723,1667
202,2,evaluate,3.3454806451444274,0.5362927414517097,0.5358539872861662,0.5378824878439744,0.5351825697577138,1667
202,3,evaluate,2.8068903474896043,0.5350929814037193,0.5347686802522744,0.53937117628289,0.5350962857179951,1667
202,4,evaluate,2.8835675716399134,0.5590881823635273,0.5534200876767492,0.5550815281716367,0.5525214595419156,1667
202,5,evaluate,3.062927515418441,0.5452909418116376,0.5427238374320099,0.5405794188562334,0.5403512526156627,1667
203,0,evaluate,2.8123011611126087,0.5302939412117577,0.5294304596047599,0.5347391835520836,0.5299753860042639,1667
203,1,evaluate,3.1701327429877386,0.5164967006598681,0.5174347077853751,0.5179143125430493,0.5169062114605263,1667
203,2,evaluate,2.923681868999093,0.5380923815236952,0.5321689594121122,0.53294481003067,0.5310599078011653,1667
203,3,evaluate,2.8606605735824107,0.5590881823635273,0.5524995872409312,0.5543945020047004,0.5517170779166449,1667
203,4,evaluate,3.035344437316612,0.5500899820035993,0.5480387140323726,0.5451957569674153,0.5453131406783467,1667
203,5,evaluate,3.3197885442663124,0.5350929814037193,0.5354095736831633,0.5367739902865087,0.5344493362571159,1667
204,0,evaluate,2.9331851974129677,0.5410917816436712,0.5369563504026333,0.5364952428389473,0.5345600793133002,1667
204,1,evaluate,2.853397637237103,0.555488902219556,0.5482666662773847,0.5507940171895239,0.5477379034170681,1667
204,2,evaluate,3.3335293619721025,0.5344931013797241,0.5340200845003407,0.5362543719923198,0.5330991248923176,1667
204,3,evaluate,3.0285520995104753,0.5476904619076185,0.544896443839451,0.5425677741795093,0.5423347995324007,1667
204,4,evaluate,3.1713651374534324,0.5152969406118776,0.5164453698827409,0.5169273271886159,0.5158913031681243,1667
204,5,evaluate,2.836988815554866,0.5302939412117577,0.5290638175730649,0.5352206110954307,0.5301660442025983,1667
205,0,evaluate,2.8605036985689165,0.5572885422915417,0.5489582008603362,0.5523222759326957,0.5489631903706258,1667
205,1,evaluate,3.3534704314337835,0.5320935812837433,0.5309939448818761,0.5338515768703234,0.5303656826117052,1667
205,2,evaluate,3.0506959844518593,0.5476904619076185,0.5439369897078281,0.5424696818419565,0.5416032113209368,1667
205,3,evaluate,3.165326480512266,0.5122975404919016,0.5136374126122302,0.5139005109103356,0.5129468912058747,1667
205,4,evaluate,2.952166690318673,0.5422915416916617,0.5379180578445159,0.5379724280519103,0.5361562465104326,1667
205,5,evaluate,2.8514613707860312,0.5326934613077384,0.5313190638726778,0.5375409940964518,0.5328123800791885,1667
206,0,evaluate,3.066202896612662,0.5434913017396521,0.5402284627903411,0.5381719011246436,0.5379224507942932,1667
206,1,evaluate,2.955820091344692,0.5362927414517097,0.5331466418489629,0.532118163966733,0.5307481299316291,1667
206,2,evaluate,3.371520236686424,0.528494301139772,0.5274626200052154,0.5307703785344259,0.5270403561980485,1667
206,3,evaluate,3.1563707810861095,0.5080983803239352,0.5089186844360662,0.5097893033748087,0.5084679143635288,1667
206,4,evaluate,2.868613384374031,0.5512897420515896,0.5421001978291586,0.5457144942155941,0.5425965491945937,1667
206,5,evaluate,2.845715739108898,0.5332933413317337,0.5327589013289094,0.5380566194237814,0.5337564683591443,1667
207,0,evaluate,3.3974704565825284,0.5296940611877624,0.5310688712715291,0.5322059206813964,0.5291404994175025,1667
207,1,evaluate,2.9653881865519063,0.5302939412117577,0.5266498661008987,0.5259549404882577,0.5246962633893263,1667
207,2,evaluate,3.178095124385975,0.5092981403719257,0.5101166582299672,0.5108271655481946,0.5097361321732163,1667
207,3,evaluate,2.8861252407726474,0.5494901019796041,0.5415138523432212,0.5439909698095182,0.5416202947981164,1667
207,4,evaluate,3.101918344144468,0.5422915416916617,0.5405258831812851,0.537162200905788,0.5372984517363858,1667
207,5,evaluate,2.8613742965239064,0.5320935812837433,0.5322372243755584,0.5372541608187601,0.5327042418428268,1667
208,0,evaluate,3.1279642758546053,0.5422915416916617,0.5408822794869359,0.5369380419575915,0.5373016547366682,1667
208,1,evaluate,2.8719749781820507,0.5308938212357528,0.5301939907165292,0.5357639393660311,0.5314960448697523,1667
208,2,evaluate,2.906586009732766,0.5530893821235753,0.5477315478479996,0.5481276409183747,0.5468062153212584,1667
208,3,evaluate,2.9649621303434723,0.5296940611877624,0.5264447791677517,0.5258867697993184,0.5246684875064314,1667
208,4,evaluate,3.1993568296785706,0.5062987402519497,0.5078811636231586,0.5076196895152383,0.5070815742520747,1667
208,5,evaluate,3.414403310528508,0.5260947810437913,0.5279840916698211,0.5284043825584803,0.5258948162783398,1667
209,0,evaluate,3.2167124571623624,0.5026994601079784,0.5037561384239921,0.5041862089288701,0.5032435501639583,1667
209,1,evaluate,3.3885551735206887,0.5308938212357528,0.5330827985127161,0.5330378336610363,0.5316497239299094,1667
209,2,evaluate,2.9182457231634342,0.5536892621475705,0.5489770736479601,0.5490506532284865,0.5481451601214147,1667
209,3,evaluate,3.151245867764508,0.5410917816436712,0.541465174800494,0.536275503961025,0.5373666032721831,1667
209,4,evaluate,2.8874481673593873,0.5308938212357528,0.5320347191993051,0.5357906312803672,0.5326518427025594,1667
209,5,evaluate,2.946420258945889,0.5362927414517097,0.5336803921101804,0.5322686104044968,0.5316374248284432,1667
210,0,evaluate,2.927109074813348,0.5380923815236952,0.5356015216731508,0.53353209159772,0.5334368173430384,1667
210,1,evaluate,3.15874973932902,0.5320935812837433,0.5341204345864183,0.5272568923890979,0.5291388158183887,1667
210,2,evaluate,2.894005768828922,0.528494301139772,0.5306771872920644,0.5327030133236339,0.5307957827221721,1667
210,3,evaluate,3.350226702513518,0.5290941811637673,0.5303074264390031,0.5311365032679732,0.529518509976752,1667
210,4,evaluate,3.223399762754087,0.504499100179964,0.505959582621555,0.5057011836262909,0.5052858044210786,1667
210,5,evaluate,2.9164311149864566,0.5530893821235753,0.5469397705775361,0.5483705323507657,0.5467250095034897,1667
211,0,evaluate,2.928039873082458,0.5494901019796041,0.5456124054523367,0.5449356105783993,0.543959894771733,1667
211,1,evaluate,3.1669008290326155,0.5386922615476905,0.5412355146273622,0.5341425766130092,0.5362847392161137,1667
211,2,evaluate,3.3276938950573958,0.531493701259748,0.5341902225674922,0.5333431783164562,0.5329040217829827,1667
211,3,evaluate,2.910234205700733,0.5398920215956808,0.5369311423101417,0.5343855297917187,0.5347373057986908,1667
211,4,evaluate,2.903921122904177,0.5272945410917816,0.5310353801551528,0.5311880651607449,0.5303114176284931,1667
211,5,evaluate,3.2275598137466996,0.5026994601079784,0.5047448256184695,0.5037902262145705,0.5036000249461052,1667
212,0,evaluate,3.228089306089613,0.5002999400119976,0.5041876795581284,0.5012749044199826,0.5020173132894324,1667
212,1,evaluate,2.9413333763225267,0.5506898620275945,0.5458494343580178,0.5457531426763351,0.5444437349234279,1667
212,2,evaluate,3.1757207534931324,0.5338932213557288,0.5374335050023417,0.5299039052240655,0.5321503812770831,1667
212,3,evaluate,3.307967044689037,0.5308938212357528,0.5326070388826405,0.5324925384443647,0.5318996477846284,1667
212,4,evaluate,2.9033222043955766,0.5278944211157769,0.5320624567034498,0.5308886552698702,0.5309269030689729,1667
212,5,evaluate,2.906495487248456,0.5398920215956808,0.5373471013006392,0.5347909031077338,0.5353174352712096,1667
213,0,evaluate,2.915944740728096,0.5422915416916617,0.5396199366803095,0.5370065907926012,0.5376569989622565,1667
213,1,evaluate,2.9548400655061817,0.5470905818836233,0.5438626449326522,0.5424664798634549,0.5416758999077678,1667
213,2,evaluate,3.228300721557052,0.4991001799640072,0.503813711277978,0.49987452272462285,0.5011281369389792,1667
213,3,evaluate,3.1871571011013455,0.5392921415716857,0.5429680273057313,0.5354139280892027,0.5373558485971154,1667
213,4,evaluate,2.9098307622803583,0.5326934613077384,0.5362662278275815,0.5353220000021557,0.5352288251708801,1667
213,5,evaluate,3.2883682780795627,0.5368926214757048,0.5400262716731307,0.5385048198845576,0.5383186567079291,1667
214,0,evaluate,3.21492682562934,0.5422915416916617,0.5465869733444788,0.5382331334155137,0.5405721162331083,1667
214,1,evaluate,2.9625222476557544,0.5434913017396521,0.5417463894292828,0.5392945400215139,0.5388447469077935,1667
214,2,evaluate,3.236061038794341,0.5002999400119976,0.5054144377371801,0.5006139923846404,0.5023052083151461,1667
214,3,evaluate,3.2933517650321678,0.5380923815236952,0.5422098097900009,0.5393865363692423,0.5399248826518128,1667
214,4,evaluate,2.9214604607334844,0.5320935812837433,0.5357940590626159,0.5343629588971188,0.5341398768562589,1667
214,5,evaluate,2.9349233684716403,0.5446910617876425,0.5430562716739968,0.5390094763887369,0.5402871473058977,1667
215,0,evaluate,3.3255394211521856,0.5362927414517097,0.5400253953658021,0.5375848531004329,0.5380640763016181,1667
215,1,evaluate,3.254765351613363,0.5116976604679064,0.5172748548918553,0.5116847683014123,0.5135940479427603,1667
215,2,evaluate,3.233276791042752,0.5476904619076185,0.5511247154484906,0.5435400207896797,0.5455917258123522,1667
215,3,evaluate,2.9653350201228426,0.5380923815236952,0.5359347936856248,0.5325147083742834,0.5335742340320523,1667
215,4,evaluate,2.9446152360350997,0.5266946610677864,0.5288172676924916,0.5293479441985143,0.5277016248809698,1667
215,5,evaluate,2.978579554965243,0.5440911817636472,0.541485865592392,0.5397033694635694,0.5389378489234855,1667
216,0,evaluate,2.989426421346488,0.5350929814037193,0.5320502404905172,0.5296202185459553,0.5299503370706364,1667
216,1,evaluate,3.366849599061189,0.5296940611877624,0.5335906705757101,0.5307160022893884,0.5311646412904036,1667
216,2,evaluate,2.9754033676450757,0.5458908218356329,0.5430373990610456,0.5419272006285648,0.5405973910497679,1667
216,3,evaluate,3.2587085829840765,0.5116976604679064,0.5173530849747472,0.5120772550442072,0.5138975324245705,1667
216,4,evaluate,3.2242938854076244,0.5446910617876425,0.5483837223346557,0.540791148007842,0.5423947630369818,1667
216,5,evaluate,2.9477257000075445,0.5308938212357528,0.5326866871663054,0.5334363196423729,0.5315929754397417,1667
217,0,evaluate,3.4114251489992493,0.528494301139772,0.5319190479413345,0.5298594158358746,0.5297828480227199,1667
217,1,evaluate,3.233488118207013,0.5410917816436712,0.5459518702313403,0.537098601076898,0.5390247892334445,1667
217,2,evaluate,2.948188704473001,0.5344931013797241,0.5365656223605502,0.5376677055978327,0.5357025574616225,1667
217,3,evaluate,3.2640700516877352,0.5128974205158968,0.5176714731356731,0.5131412585881748,0.514897130181077,1667
217,4,evaluate,2.98046263641003,0.5500899820035993,0.5473095843826035,0.5459527000033432,0.5447934115096259,1667
217,5,evaluate,3.0125416067118445,0.5308938212357528,0.5267487351112282,0.5254474962554719,0.5252066651193824,1667
218,0,evaluate,2.9952192541414764,0.5518896220755849,0.5478132633804261,0.5475257444606669,0.5461612656448448,1667
218,1,evaluate,3.0286815454148583,0.5290941811637673,0.5259794220338417,0.5241095059854297,0.523923337332144,1667
218,2,evaluate,2.9587592681248984,0.5416916616676665,0.5429824125439754,0.5452858001716463,0.54270428654117,1667
218,3,evaluate,3.2466468237064503,0.5386922615476905,0.5421741497285929,0.5345699381085665,0.5355848779004477,1667
218,4,evaluate,3.2773874203364053,0.510497900419916,0.5138960869294046,0.511560866540824,0.5123568931059784,1667
218,5,evaluate,3.460536691877577,0.528494301139772,0.5323207592682241,0.5300552046943424,0.5296483386668133,1667
219,0,evaluate,3.4822628321471036,0.5350929814037193,0.5394520464248712,0.5368837869435378,0.5361771846179665,1667
219,1,evaluate,2.9500789355348656,0.5428914217156569,0.5424864179073013,0.5464439541654702,0.5432040389299851,1667
219,2,evaluate,3.262498564190335,0.5092981403719257,0.511661040887753,0.5107484179902955,0.5108408624251476,1667
219,3,evaluate,3.2180393448582403,0.5416916616676665,0.5448182990845,0.5375690063117432,0.5384380932286914,1667
219,4,evaluate,3.0201664288976677,0.5296940611877624,0.5269250877921239,0.5252879639779862,0.5244628340555414,1667
219,5,evaluate,2.9734117645798337,0.5542891421715657,0.5506868368810723,0.5494973279744136,0.5484538429776381,1667
220,0,evaluate,3.031566873261774,0.5290941811637673,0.5274376646775265,0.5252594163490119,0.524370870924255,1667
220,1,evaluate,3.2701512001178883,0.5158968206358728,0.5179614731507667,0.5171407438137504,0.51708314411663,1667
220,2,evaluate,2.9579698597943342,0.5512897420515896,0.550984348474217,0.5552619655734596,0.5519071744081286,1667
220,3,evaluate,3.2092944780985513,0.5446910617876425,0.5480915900518555,0.540169277486805,0.5412365120103261,1667
220,4,evaluate,2.964334398085932,0.5518896220755849,0.5465067537518897,0.5472586531250595,0.5451451327770656,1667
220,5,evaluate,3.5160025402351662,0.5356928614277144,0.5408827393403011,0.5377162970353303,0.5370857722461162,1667
221,0,evaluate,3.286880616788511,0.5134973005398921,0.5158666629928936,0.5147403112091863,0.5149096786651379,1667
221,1,evaluate,3.5478398358380354,0.5326934613077384,0.5368478884460309,0.5347399364039738,0.5339550705942132,1667
221,2,evaluate,2.9725066710401467,0.5422915416916617,0.5423123078316022,0.546138040330933,0.5430250472770377,1667
221,3,evaluate,2.966205373174927,0.5536892621475705,0.5488179702844456,0.5490223442583355,0.5469286698366067,1667
221,4,evaluate,3.2044065351839417,0.5416916616676665,0.546666806026707,0.53727887326315,0.5385400944011175,1667
221,5,evaluate,3.043618766590953,0.5320935812837433,0.5314693361893237,0.5291231863988194,0.5277682195329538,1667
222,0,evaluate,3.299605952368842,0.5200959808038392,0.5232113659670886,0.5212808073211045,0.5218697813039694,1667
222,1,evaluate,3.567356162601047,0.5320935812837433,0.5367585884811346,0.5340130691201986,0.5337382224957055,1667
222,2,evaluate,2.9857575628492565,0.5338932213557288,0.5347630084492612,0.5381347235935638,0.535333174347114,1667
222,3,evaluate,3.046071353195994,0.528494301139772,0.5280949394172648,0.5251860198943756,0.5240724284858759,1667
222,4,evaluate,3.202273342344496,0.5398920215956808,0.5439856526213911,0.5356103804005279,0.5367072871205489,1667
222,5,evaluate,2.980229677929418,0.5548890221955609,0.5493426189021217,0.5503386754598271,0.5480834589124056,1667
223,0,evaluate,2.997569066319287,0.5560887822435513,0.550540883567232,0.5517090669327702,0.5494550910133837,1667
223,1,evaluate,3.580245918697781,0.5362927414517097,0.5414431235370962,0.5382654257360341,0.5381634791747466,1667
223,2,evaluate,3.049610480942108,0.5278944211157769,0.5262305977130596,0.5244619378315317,0.5233399377925804,1667
223,3,evaluate,3.002974792763039,0.5368926214757048,0.5376176110796271,0.5413238330136599,0.5383317133743581,1667
223,4,evaluate,3.217232244986075,0.5380923815236952,0.5406758505194535,0.5334080926363557,0.5345595541258289,1667
223,5,evaluate,3.307744679627595,0.5152969406118776,0.5181177970648221,0.5164991524388491,0.5170906939237838,1667
224,0,evaluate,3.0567908916208477,0.5368926214757048,0.5342715371637873,0.5331275808717264,0.5323864388202034,1667
224,1,evaluate,3.016388664266776,0.5518896220755849,0.5470683333393556,0.5473280542000086,0.5457782221913108,1667
224,2,evaluate,3.32062985278942,0.5146970605878824,0.5171182761778381,0.516161080670956,0.5164481903306044,1667
224,3,evaluate,3.589766829102128,0.5356928614277144,0.5395951359576647,0.53747276937495,0.5369612986002171,1667
224,4,evaluate,3.025570496364876,0.5434913017396521,0.5439589145257784,0.5469927561514761,0.5444307523313807,1667
224,5,evaluate,3.2496960251419633,0.5356928614277144,0.5379274021002483,0.5311012646729854,0.5324033586158696,1667
225,0,evaluate,3.0755809101241605,0.5362927414517097,0.5326698211910651,0.5318146751386426,0.5312188751040704,1667
225,1,evaluate,3.3488290398209184,0.5146970605878824,0.5176077221185068,0.5160713488462129,0.5165644309975032,1667
225,2,evaluate,3.6021321526280157,0.5356928614277144,0.5380674438285664,0.5375279936679151,0.5361935281788273,1667
225,3,evaluate,3.04348557733465,0.5548890221955609,0.5502985713152372,0.5503361094366082,0.5485576746857049,1667
225,4,evaluate,3.3037571907043457,0.5374925014997001,0.537621155916235,0.5326841683089747,0.5338895215314424,1667
225,5,evaluate,3.0680666742501437,0.5410917816436712,0.542700210831852,0.5450850356390509,0.5425086612040382,1667
226,0,evaluate,3.6187391546037464,0.531493701259748,0.5334995643436169,0.5333886702912126,0.5316241223414113,1667
226,1,evaluate,3.3623003164927163,0.5392921415716857,0.5387782316673159,0.5346999761136271,0.5355703261634714,1667
226,2,evaluate,3.0834525496595435,0.5374925014997001,0.5322133631893874,0.532530756531529,0.5314865054744151,1667
226,3,evaluate,3.3793664861608437,0.5182963407318536,0.5212887012205515,0.5193524632900276,0.5198515956398949,1667
226,4,evaluate,3.1129549278153315,0.5386922615476905,0.5403013177406812,0.5425389320615732,0.5399694620892079,1667
226,5,evaluate,3.064719280521213,0.5584883023395321,0.5547487811746165,0.5540129913359999,0.5521523993388519,1667
227,0,evaluate,3.6299872663286,0.5296940611877624,0.5317788143143639,0.5318709330994136,0.529346611902724,1667
227,1,evaluate,3.0813124155737803,0.5602879424115177,0.5563382174361119,0.5556013661161237,0.5538944216732398,1667
227,2,evaluate,3.400574048360189,0.5410917816436712,0.538540882929844,0.5364162659224555,0.5365540432920726,1667
227,3,evaluate,3.0845857391616813,0.5320935812837433,0.5255004786797006,0.5263001418729487,0.5252229988806961,1667
227,4,evaluate,3.4062737977063215,0.5218956208758249,0.5239523228940521,0.5230569274404704,0.522791051168494,1667
227,5,evaluate,3.1440559228261313,0.5332933413317337,0.5337597914261484,0.537421263487558,0.5341390747401417,1667
228,0,evaluate,3.078919713734649,0.55248950209958,0.5482595544781403,0.5474443147221304,0.545461724772581,1667
228,1,evaluate,3.413294231450116,0.5188962207558488,0.5199802762412312,0.5199088794347488,0.5190361716804772,1667
228,2,evaluate,3.4070149615958885,0.5332933413317337,0.5293425081722813,0.5287253697240528,0.5280438012090356,1667
228,3,evaluate,3.6266782813602023,0.531493701259748,0.5336140752561479,0.5335733216661089,0.5306997393650402,1667
228,4,evaluate,3.0834582676352174,0.5374925014997001,0.5318146206262513,0.5321424372213165,0.5310141185327681,1667
228,5,evaluate,3.1431776638384217,0.5266946610677864,0.5263606520998432,0.5313689377275114,0.5269493837670526,1667
229,0,evaluate,3.589396529727512,0.5308938212357528,0.5310723914113296,0.5332249362422249,0.529344462497263,1667
229,1,evaluate,3.4080152246687145,0.5176964607078585,0.5194362097748499,0.5188318074418342,0.5180564831041564,1667
229,2,evaluate,3.384616180702492,0.5380923815236952,0.5338834449518467,0.5330739769297338,0.5327079648361768,1667
229,3,evaluate,3.062576214354825,0.5446910617876425,0.5386127831957404,0.5392463617743921,0.5368550931952669,1667
229,4,evaluate,3.0781506449674017,0.5362927414517097,0.5325976435093109,0.5312053528273268,0.530756253459125,1667
229,5,evaluate,3.108684550832819,0.5302939412117577,0.5301321595943818,0.5352444384192692,0.530717061879816,1667
230,0,evaluate,3.0819173831906586,0.5308938212357528,0.526931359647126,0.5260648341981365,0.5252639635376892,1667
230,1,evaluate,3.5579867009763366,0.528494301139772,0.5299007658805571,0.5309166928547433,0.527488170130064,1667
230,2,evaluate,3.3406668857291892,0.5380923815236952,0.5332823825938551,0.5326784511178236,0.5321329935607664,1667
230,3,evaluate,3.391574426933571,0.5110977804439112,0.5113771602879831,0.5123583932179436,0.5109493530659983,1667
230,4,evaluate,3.0562392428917655,0.5434913017396521,0.536625760249714,0.5376695353923563,0.5350983450264126,1667
230,5,evaluate,3.0676594884307296,0.531493701259748,0.5313614986770964,0.5367731238903808,0.5316756799683864,1667
231,0,evaluate,3.533436828189426,0.5266946610677864,0.5294832358007029,0.5290780231575853,0.5259526967994673,1667
231,1,evaluate,3.0200652789186546,0.5326934613077384,0.5328545156085907,0.5377703199745101,0.5326617524265745,1667
231,2,evaluate,3.3703561888800726,0.5182963407318536,0.5194242870351042,0.5194266828669525,0.5187220409849603,1667
231,3,evaluate,3.053591174841956,0.5416916616676665,0.5352894387191887,0.536519780549151,0.534034962552384,1667
231,4,evaluate,3.0784506654297865,0.5308938212357528,0.5263937070258635,0.5257201262296557,0.5245076183739085,1667
231,5,evaluate,3.2922273123705827,0.5380923815236952,0.5340957032685705,0.5330575194838968,0.5327197411266207,1667
232,0,evaluate,3.339342090818617,0.5116976604679064,0.5131387037119034,0.512411898408643,0.5122791569798307,1667
232,1,evaluate,3.2468959755367703,0.5398920215956808,0.5383955847001279,0.5349660576553298,0.5355991022471965,1667
232,2,evaluate,2.9672821473192283,0.5374925014997001,0.5372563437650978,0.542638834555276,0.5380111756562485,1667
232,3,evaluate,3.034826106494965,0.5392921415716857,0.5329608153138545,0.5340783185978708,0.531743435791483,1667
232,4,evaluate,3.061285838484764,0.5338932213557288,0.5303261283680706,0.5293403751115454,0.5283109971049348,1667
232,5,evaluate,3.495082872885245,0.5242951409718056,0.5299657797906882,0.5266496550900948,0.5249813061807351,1667
233,0,evaluate,3.047648503272622,0.5290941811637673,0.52550591216792,0.5243330322318024,0.5237241637225332,1667
233,1,evaluate,2.9312505346757396,0.5380923815236952,0.5377613384866449,0.5428766465693367,0.5390246976704767,1667
233,2,evaluate,3.02876790364569,0.5386922615476905,0.5337612386136357,0.5340102688812769,0.5322748058474926,1667
233,3,evaluate,3.223057923493562,0.5320935812837433,0.5330941040293603,0.5273257862795123,0.5287967888855054,1667
233,4,evaluate,3.3191163451583297,0.5134973005398921,0.5154067995063634,0.5143460227871054,0.5142829545299928,1667
233,5,evaluate,3.4966268716035067,0.5248950209958009,0.5304271833068384,0.5272624399555629,0.5258265110113985,1667
234,0,evaluate,3.0409476591481104,0.531493701259748,0.5278556725802425,0.5268998583187152,0.526456559750707,1667
234,1,evaluate,3.199032289010507,0.5392921415716857,0.5410059969054982,0.5344973085685856,0.5358316914564099,1667
234,2,evaluate,3.01731292848217,0.5398920215956808,0.5364553384027844,0.5355232468306423,0.5342830033657819,1667
234,3,evaluate,2.908676169536732,0.5356928614277144,0.5360909465675338,0.5403056499876064,0.5368177192573749,1667
234,4,evaluate,3.5043365248927363,0.5266946610677864,0.5307221666340066,0.52901824036335,0.5275759043366446,1667
234,5,evaluate,3.297749907882125,0.5140971805638872,0.5158190545885339,0.5148730759227568,0.514788575710753,1667
235,0,evaluate,3.2655872768825955,0.5086982603479304,0.5110486266531135,0.5091730093999853,0.5095560397680324,1667
235,1,evaluate,3.494582445533187,0.528494301139772,0.5336033507387953,0.5305110123270428,0.5300685738775133,1667
235,2,evaluate,2.8822376418996742,0.5404919016196761,0.5407283940985106,0.5439962384440454,0.5413103012939668,1667
235,3,evaluate,2.990608677451687,0.5404919016196761,0.5368014250370408,0.5363806565813118,0.5351943253739117,1667
235,4,evaluate,3.162230297371193,0.5386922615476905,0.5421634654527636,0.5340149554272066,0.5357443460931168,1667
235,5,evaluate,3.0210997340855776,0.5266946610677864,0.5212626463430176,0.521277804083737,0.5203391900975636,1667
236,0,evaluate,2.881386319796244,0.5392921415716857,0.540587372139516,0.5422427233530588,0.5402357163406538,1667
236,1,evaluate,3.499914385654308,0.5338932213557288,0.5380235640816164,0.5358783675349004,0.5352789407937657,1667
236,2,evaluate,3.1572988033294678,0.5386922615476905,0.5438865494213994,0.5346707409253377,0.5366300902095473,1667
236,3,evaluate,3.2515339763076216,0.5098980203959208,0.5140112950481335,0.510693569754525,0.5120042343094728,1667
236,4,evaluate,3.011457309678749,0.5302939412117577,0.5263127625972004,0.5253407220631632,0.5243489967330419,1667
236,5,evaluate,2.9805967881351183,0.5392921415716857,0.5358274682454358,0.5351299998192973,0.5336441271066339,1667
237,0,evaluate,3.172636244032118,0.5386922615476905,0.5436320883314332,0.5349606518165759,0.536541656744633,1667
237,1,evaluate,2.9058934417035847,0.5392921415716857,0.5407472640442959,0.5420100909181814,0.5404334179085307,1667
237,2,evaluate,3.5021485134407326,0.5338932213557288,0.5387457913246202,0.5355294537347489,0.5353839364866666,1667
237,3,evaluate,3.2488375107447305,0.5056988602279544,0.5091700055253765,0.5063388959316997,0.50739712407713,1667
237,4,evaluate,2.9866331948170415,0.5500899820035993,0.5477125314040353,0.5464482922192195,0.5454976784799201,1667
237,5,evaluate,3.0084342564697617,0.5290941811637673,0.5243498173901553,0.5236189023217486,0.5223214316827918,1667
238,0,evaluate,3.26546902568252,0.5056988602279544,0.5093184705701839,0.5066032019332948,0.5076940893770917,1667
238,1,evaluate,3.00616439183484,0.5470905818836233,0.5455662096139896,0.5432512628601459,0.5431357665497434,1667
238,2,evaluate,3.0245163029542677,0.5278944211157769,0.5239000618328492,0.5229789455482902,0.5219474172604447,1667
238,3,evaluate,2.943191871598915,0.5386922615476905,0.540565221049136,0.5415970718733248,0.5402124565298915,1667
238,4,evaluate,3.5149509641859265,0.531493701259748,0.5347595811023076,0.5328126522571741,0.5326488001438808,1667
238,5,evaluate,3.213198348327919,0.5380923815236952,0.5437658257954872,0.5343051865523092,0.5359614106384538,1667
239,0,evaluate,3.048040519524555,0.5494901019796041,0.5469949573734263,0.5454191018463143,0.5450730060597266,1667
239,1,evaluate,3.298435502582126,0.5134973005398921,0.5165649594676629,0.5146657593696007,0.5153132959995456,1667
239,2,evaluate,3.0604026957794472,0.5260947810437913,0.5225010763045022,0.5221831461412584,0.5204148466650651,1667
239,3,evaluate,3.548075728946262,0.5332933413317337,0.5365039355251279,0.5343179840899015,0.5343001392461045,1667
239,4,evaluate,3.2774970796373157,0.5374925014997001,0.5427079953626471,0.5333204866581877,0.5351268146515887,1667
239,5,evaluate,2.9966500147625252,0.5320935812837433,0.5330009669703958,0.5353206196240986,0.5334221213842669,1667
240,0,evaluate,3.0372377965185375,0.5362927414517097,0.5383683170231878,0.5393908309007701,0.5380262720020814,1667
240,1,evaluate,3.3329395364831993,0.5392921415716857,0.5440708660441879,0.53554250391069,0.5369723875488932,1667
240,2,evaluate,3.3240727892628423,0.5188962207558488,0.5226735376142716,0.5203537869513848,0.5210264316787334,1667
240,3,evaluate,3.090611705073604,0.5326934613077384,0.5291263379284817,0.5285066370653353,0.5271455046312183,1667
240,4,evaluate,3.5882895257737903,0.528494301139772,0.5304431222043278,0.5295331520314004,0.5292481629516281,1667
240,5,evaluate,3.087122276971732,0.5482903419316136,0.5445548625069297,0.5438536245205339,0.5431696391199449,1667
241,0,evaluate,3.0817134468643754,0.5404919016196761,0.541342283144554,0.543937462923747,0.5419750596417238,1667
241,1,evaluate,3.3369633930700795,0.5164967006598681,0.5196208329827006,0.5182707951998159,0.5184186329441411,1667
241,2,evaluate,3.121227107666157,0.5320935812837433,0.5284179481331167,0.5279529940003344,0.526326764637177,1667
241,3,evaluate,3.124260812590297,0.5476904619076185,0.543476671648732,0.5436032914071302,0.5423853988831514,1667
241,4,evaluate,3.629952828089396,0.5326934613077384,0.5352393145768313,0.5337835687392121,0.5335572218479385,1667
241,5,evaluate,3.3952470311412104,0.5446910617876425,0.5455630354798039,0.5406701761959015,0.5409237170352192,1667
242,0,evaluate,3.142210167867166,0.5326934613077384,0.5290967784291234,0.5285360867553235,0.5271847910494163,1667
242,1,evaluate,3.1450024586466263,0.5386922615476905,0.5344621460133221,0.5341316391135434,0.5331158273095792,1667
242,2,evaluate,3.3428604205449424,0.5146970605878824,0.517949168802331,0.5165347854833985,0.5166589194026416,1667
242,3,evaluate,3.4361769358317056,0.5428914217156569,0.54257178705937,0.5389833215331425,0.5389556283662588,1667
242,4,evaluate,3.1106174411597074,0.5344931013797241,0.5355331959710463,0.5388153658170183,0.5364093990917186,1667
242,5,evaluate,3.662474861851445,0.5332933413317337,0.5338480879672284,0.5344459933065002,0.533258804719265,1667
243,0,evaluate,3.674205117755466,0.5350929814037193,0.5347380764322291,0.5361672101487946,0.5347473891127301,1667
243,1,evaluate,3.3523906336890326,0.5164967006598681,0.5190541307763223,0.5187102395058947,0.5182932317678051,1667
243,2,evaluate,3.1627759028364113,0.5320935812837433,0.5279046615206353,0.5278252075482646,0.5263431971644402,1667
243,3,evaluate,3.1205246801729554,0.5380923815236952,0.5388342222819809,0.5427227904826756,0.5398792776122215,1667
243,4,evaluate,3.450362073050605,0.5488902219556089,0.5488582274383238,0.5450068254791167,0.5452591598510992,1667
243,5,evaluate,3.148379621061462,0.5392921415716857,0.5355226297714071,0.5349830615700646,0.5337475199148647,1667
244,0,evaluate,3.1217629931591175,0.5398920215956808,0.5415323516865307,0.5447726991767519,0.5419434985274407,1667
244,1,evaluate,3.1799097458521524,0.5308938212357528,0.5261894842784358,0.5270371185228748,0.525060505824481,1667
244,2,evaluate,3.1473852387517347,0.5404919016196761,0.5375443486144167,0.5361597351380424,0.5351289664519696,1667
244,3,evaluate,3.6787056304790355,0.5332933413317337,0.5326285929678614,0.5343813998837438,0.5326807970180678,1667
244,4,evaluate,3.3672920597924128,0.5182963407318536,0.5223299372174759,0.5204803563275562,0.5204590038360996,1667
244,5,evaluate,3.4491565845630787,0.5470905818836233,0.5466790822095359,0.5433078890381996,0.5434399195855757,1667
245,0,evaluate,3.3760414211838334,0.5164967006598681,0.5209557327565413,0.5181211874556313,0.5187265382982361,1667
245,1,evaluate,3.136929553739416,0.5434913017396521,0.5402117114394281,0.5392066654099805,0.5378687140750031,1667
245,2,evaluate,3.1228529810905457,0.5392921415716857,0.5406644434831469,0.5438842922121048,0.5410043988609702,1667
245,3,evaluate,3.1894760926564536,0.5266946610677864,0.5220038417891967,0.5230709339221251,0.5211703250212485,1667
245,4,evaluate,3.4387312730153403,0.5470905818836233,0.5480033856600176,0.5427286429958967,0.5437624296840269,1667
245,5,evaluate,3.6588160108636925,0.5356928614277144,0.5356616127320186,0.5370350360159801,0.5354437225670285,1667
246,0,evaluate,3.4042633374532065,0.5182963407318536,0.5235805267169154,0.519602742138965,0.5209376100597568,1667
246,1,evaluate,3.6458697054121227,0.5344931013797241,0.5353035314077553,0.5360781016814329,0.5346558719211894,1667
246,2,evaluate,3.1361338855543486,0.5416916616676665,0.5383770058732676,0.5372560176711271,0.5363327993625465,1667
246,3,evaluate,3.1964404494674117,0.5308938212357528,0.527291542773557,0.5275171458356885,0.5257032970050523,1667
246,4,evaluate,3.4349976468969277,0.5434913017396521,0.545823488182333,0.5386282610813353,0.5404968095210478,1667
246,5,evaluate,3.1284645332230463,0.5410917816436712,0.5429357664553469,0.5459886382126367,0.5429734463620494,1667
247,0,evaluate,3.6139330952255815,0.5272945410917816,0.5290744284993377,0.5290569382514108,0.5279080583942581,1667
247,1,evaluate,3.3970053990681968,0.5416916616676665,0.5448058958711754,0.5365789883518256,0.5391785751656422,1667
247,2,evaluate,3.123983819746408,0.5422915416916617,0.5391583220478934,0.5378844170211224,0.5367981745757813,1667
247,3,evaluate,3.4235527603714555,0.5164967006598681,0.5215342884131282,0.5176409468278492,0.5188969828598193,1667
247,4,evaluate,3.1872528791427612,0.5326934613077384,0.5292693713874275,0.529248671706336,0.527789500330429,1667
247,5,evaluate,3.115588397891433,0.5374925014997001,0.5397581185419598,0.5422882193622228,0.5397833234003039,1667
248,0,evaluate,3.43877641359965,0.5140971805638872,0.5210548587835543,0.514783493331947,0.5170618500369911,1667
248,1,evaluate,3.172002039573811,0.5326934613077384,0.5300261720907737,0.5285781623367763,0.5282840374009712,1667
248,2,evaluate,3.1150085366492326,0.5386922615476905,0.5357715046631908,0.534318951110129,0.5331078225171104,1667
248,3,evaluate,3.099928632930473,0.5362927414517097,0.539085368497571,0.5410697748234498,0.538608857287188,1667
248,4,evaluate,3.382940963462547,0.5398920215956808,0.5422614184442842,0.5353475440307639,0.5373544745019956,1667
248,5,evaluate,3.5954114772655346,0.5248950209958009,0.5270244410030895,0.5265452041986843,0.5256685653954514,1667
249,0,evaluate,3.1702582333926803,0.5290941811637673,0.5284087520942752,0.524571951453201,0.5255348252477463,1667
249,1,evaluate,3.4090822714346425,0.5338932213557288,0.537214800552061,0.5295828997187831,0.5318123112753124,1667
249,2,evaluate,3.1241465806949607,0.5368926214757048,0.5347970184087039,0.5327450685019622,0.5318894556886207,1667
249,3,evaluate,3.4641465655079595,0.5134973005398921,0.5197654314344784,0.5138562090611761,0.5161480206589355,1667
249,4,evaluate,3.6266563998328314,0.5272945410917816,0.5293081086808824,0.5287645473683887,0.5279198491197936,1667
249,5,evaluate,3.1055210850856922,0.5332933413317337,0.5365730882274382,0.5375600431636792,0.5352191857264105,1667
250,0,evaluate,3.4555770556131997,0.5128974205158968,0.5188928737913894,0.5131143715293369,0.5154085811399589,1667
250,1,evaluate,3.4125915280094854,0.5356928614277144,0.5386677534539338,0.5312023738023164,0.5333723403642249,1667
250,2,evaluate,3.6416324421211526,0.5302939412117577,0.53200173082414,0.5318788363396475,0.5305408914877008,1667
250,3,evaluate,3.120666599567926,0.5404919016196761,0.5370015941694296,0.5361381588980778,0.5351165916203217,1667
250,4,evaluate,3.175982537092986,0.5236952609478105,0.5229833645845319,0.5189979667098235,0.5199608104741138,1667
250,5,evaluate,3.0970154492943376,0.5356928614277144,0.5392008074248485,0.5399741064733714,0.5378750962615443,1667
251,0,evaluate,3.117072382090972,0.5428914217156569,0.5377598259760965,0.5385694780330638,0.5366439757297707,1667
251,1,evaluate,3.6463079717424183,0.525494901019796,0.5268985246994897,0.5271128946902943,0.5251617781056261,1667
251,2,evaluate,3.42088309040776,0.5356928614277144,0.537036885019478,0.5309586422231011,0.532571004191243,1667
251,3,evaluate,3.080914987458123,0.5338932213557288,0.5362578615493424,0.538103827547707,0.5355495277505496,1667
251,4,evaluate,3.4396546770025185,0.5086982603479304,0.5128035242366333,0.5089419334418472,0.5104540302993403,1667
251,5,evaluate,3.178441670205858,0.5248950209958009,0.5231520973828403,0.5200365817457236,0.5205478907166545,1667
252,0,evaluate,3.4296660864794695,0.5080983803239352,0.5104226540735733,0.5084468937070323,0.5088840191658376,1667
252,1,evaluate,3.122873091403259,0.5410917816436712,0.5365700398241833,0.5367482511797739,0.5350803692648775,1667
252,2,evaluate,3.6532131742548057,0.528494301139772,0.5294498587679508,0.5300982564432613,0.5279783744878298,1667
252,3,evaluate,3.18402132647181,0.5242951409718056,0.5229840956414018,0.5191538840352938,0.5196590603383304,1667
252,4,evaluate,3.0707445630320795,0.531493701259748,0.5340237527144676,0.5358415332838167,0.5327188941357265,1667
252,5,evaluate,3.4320956159521034,0.5356928614277144,0.5366763210781579,0.530332860735873,0.532231181716814,1667
253,0,evaluate,3.4219104051589966,0.5098980203959208,0.511742184440859,0.5105019393861132,0.510629513696786,1667
253,1,evaluate,3.0569140999405473,0.5362927414517097,0.5385882497150074,0.5408838326434224,0.5373906141785068,1667
253,2,evaluate,3.4399410353766546,0.5296940611877624,0.5290006885416145,0.5246272909241538,0.5257023314554574,1667
253,3,evaluate,3.6356099358311407,0.525494901019796,0.5264115710439504,0.5268009601492711,0.52471562361975,1667
253,4,evaluate,3.114746645644337,0.5416916616676665,0.5362430372637083,0.5372777562253688,0.5352088718259465,1667
253,5,evaluate,3.1807405312580093,0.5248950209958009,0.522429793313323,0.5200199935644216,0.5197077478378704,1667
254,0,evaluate,3.18146369551067,0.5320935812837433,0.5281815181483243,0.5278121862408673,0.5264290879736799,1667
254,1,evaluate,3.6458251387984664,0.5260947810437913,0.5266808226922567,0.5275664377843594,0.5249837362896577,1667
254,2,evaluate,3.0484860418019473,0.5374925014997001,0.536707641039722,0.5420923139983717,0.5373384958923066,1667
254,3,evaluate,3.1088337044640393,0.5542891421715657,0.5475629456447602,0.5494675144965224,0.5474608952400669,1667
254,4,evaluate,3.4088802028585365,0.50749850029994,0.5081054192251828,0.5084278326646803,0.5078900668691868,1667
254,5,evaluate,3.4485047128465443,0.5344931013797241,0.533063862307521,0.5295239815356287,0.5300425617016502,1667
255,0,evaluate,3.114373070219261,0.5506898620275945,0.5428055073103261,0.545650138708168,0.543216670772026,1667
255,1,evaluate,3.4058863631001226,0.5056988602279544,0.5058985239439153,0.5070393625953119,0.5062320540936158,1667
255,2,evaluate,3.16966274049547,0.528494301139772,0.5229169005091173,0.5239446899525146,0.5220518468823752,1667
255,3,evaluate,3.0471130068655365,0.5392921415716857,0.5381663008052855,0.5439840183357619,0.5392434405588957,1667
255,4,evaluate,3.471548159917196,0.5380923815236952,0.5366911643668199,0.5330302951934652,0.5333957570855815,1667
255,5,evaluate,3.6657530201805963,0.5248950209958009,0.5243104729199144,0.5265928307631661,0.5230007192041237,1667
256,0,evaluate,3.142577777670138,0.5506898620275945,0.5425668484090564,0.5456830809437354,0.542874908270907,1667
256,1,evaluate,3.710064737885087,0.5242951409718056,0.5238036607432445,0.5259810808133318,0.5223521490712633,1667
256,2,evaluate,3.176724081238111,0.5266946610677864,0.522623061938863,0.5228539517776014,0.5208468223908821,1667
256,3,evaluate,3.5102457646970397,0.5386922615476905,0.5357898102018694,0.5334135921209912,0.5331428318384707,1667
256,4,evaluate,3.070537796726933,0.5374925014997001,0.5356100387758016,0.5426490673214818,0.5374798525782409,1667
256,5,evaluate,3.439329836103651,0.5050989802039592,0.5060314273957967,0.5068247161951122,0.5060126157861788,1667
257,0,evaluate,3.7485430858753346,0.5290941811637673,0.5285150070988072,0.5306885028617867,0.5273423540893448,1667
257,1,evaluate,3.09182635611958,0.5350929814037193,0.5339451937502038,0.5406242816574583,0.5356217085192803,1667
257,2,evaluate,3.5336199954704,0.5368926214757048,0.5335631728059063,0.5319561699291427,0.5311975717652859,1667
257,3,evaluate,3.181553351106467,0.5230953809238152,0.5194175671101009,0.519166969057315,0.5172866166216099,1667
257,4,evaluate,3.4668322492528847,0.5092981403719257,0.5094966151256475,0.5110096245229407,0.5098355106051693,1667
257,5,evaluate,3.1730933616156647,0.5536892621475705,0.5459114015246688,0.5488680716616148,0.5462905436347324,1667
258,0,evaluate,3.214914659107173,0.5308938212357528,0.5252701450831508,0.5262245895342563,0.5240323223344634,1667
258,1,evaluate,3.510767857233683,0.5116976604679064,0.5127233408421982,0.513436222658315,0.5127826362874921,1667
258,2,evaluate,3.5587599454102694,0.5350929814037193,0.5357725608167662,0.5304526448709173,0.5313973489085247,1667
258,3,evaluate,3.213646342718103,0.55248950209958,0.5462070100800729,0.5481867501940875,0.5464431070489552,1667
258,4,evaluate,3.7942845909683793,0.5296940611877624,0.5301429457394986,0.5312416506656945,0.5283728789366343,1667
258,5,evaluate,3.127859316490315,0.5308938212357528,0.5303270776800761,0.5361730355573735,0.5319463211957218,1667
259,0,evaluate,3.564925688284415,0.5416916616676665,0.5428703074555943,0.5374426722784561,0.5383882830748214,1667
259,1,evaluate,3.830535226398044,0.531493701259748,0.5324910097820551,0.5330507496915319,0.5309408065191101,1667
259,2,evaluate,3.5361348390579224,0.5140971805638872,0.5154969114239801,0.5152093161865529,0.5151174423234206,1667
259,3,evaluate,3.239827735905271,0.5476904619076185,0.5422568049553592,0.5436077803444712,0.5417149949388309,1667
259,4,evaluate,3.237779961416015,0.5362927414517097,0.531656156958077,0.5318597562982135,0.5299350296194183,1667
259,5,evaluate,3.158642958711695,0.531493701259748,0.5323171481217782,0.5362610483424979,0.5331236245103332,1667
260,0,evaluate,3.5812438505667226,0.5452909418116376,0.5489139808579444,0.5413368890203223,0.5424851340826395,1667
260,1,evaluate,3.26391079245271,0.5446910617876425,0.5404048126646256,0.5403212771973593,0.5390666039947063,1667
260,2,evaluate,3.8521662994667336,0.5356928614277144,0.5383715577073189,0.5371744858290721,0.5360053646047034,1667
260,3,evaluate,3.5593854497980186,0.5068986202759448,0.5108067171177905,0.5075963043113111,0.5088345768069827,1667
260,4,evaluate,3.2622762556981155,0.5392921415716857,0.5351548025638388,0.5352727157727595,0.5334841604289294,1667
260,5,evaluate,3.1924926241238913,0.5398920215956808,0.5421631014089315,0.5439403256605052,0.5416297014558005,1667
261,0,evaluate,3.293945508422675,0.5350929814037193,0.5298937677690587,0.5305768463831761,0.528923539658703,1667
261,1,evaluate,3.581455875326086,0.5092981403719257,0.5146313123984575,0.5097892816175528,0.5117510764729798,1667
261,2,evaluate,3.8916392061445446,0.5308938212357528,0.533652451772346,0.5326193698751217,0.5313099159097754,1667
261,3,evaluate,3.598793833344071,0.5374925014997001,0.5418560071709023,0.5334457384994012,0.5352061385509729,1667
261,4,evaluate,3.2214958601527743,0.5350929814037193,0.5382716331882362,0.5387651675782024,0.5372488288910506,1667
261,5,evaluate,3.293392109217503,0.5428914217156569,0.5383145872813684,0.5382847104431028,0.5369653399008913,1667
262,0,evaluate,3.615480405312997,0.5338932213557288,0.5402463511528531,0.5302605642746265,0.5326523505759883,1667
262,1,evaluate,3.597723192638821,0.5110977804439112,0.5165462913751842,0.5115998120503912,0.5134598849502604,1667
262,2,evaluate,3.323161920463597,0.5374925014997001,0.5329823603332503,0.5330991650558699,0.5317427849164329,1667
262,3,evaluate,3.320278903494909,0.5416916616676665,0.5385467001629095,0.5372770813276757,0.5362901517768659,1667
262,4,evaluate,3.2426765031284757,0.5326934613077384,0.5356391572903642,0.5364605487457749,0.5348558297007534,1667
262,5,evaluate,3.9314492808447943,0.5290941811637673,0.5322155467245023,0.531075532514493,0.5298325854568806,1667
263,0,evaluate,3.599378497512252,0.5146970605878824,0.5211041613144716,0.515399840277057,0.5175226983671342,1667
263,1,evaluate,3.3315203776251616,0.5362927414517097,0.5335116339000681,0.532139870010645,0.5312383134366087,1667
263,2,evaluate,3.3519620409718267,0.531493701259748,0.5272342463770902,0.5268567669200512,0.5256363919247052,1667
263,3,evaluate,3.618122197963573,0.5326934613077384,0.5388934773501555,0.5296170235015661,0.5318501674580186,1667
263,4,evaluate,3.2526332868470087,0.5350929814037193,0.5383799282219212,0.5388180498657567,0.5375634177149738,1667
263,5,evaluate,3.9533782358522767,0.5272945410917816,0.5297348155736781,0.5290510573133282,0.5278855616004325,1667
264,0,evaluate,3.9477162096235485,0.5272945410917816,0.5299497525547135,0.5288694535855629,0.5280484044884692,1667
264,1,evaluate,3.5971829802901656,0.5134973005398921,0.5190298209394603,0.5141522507443451,0.5158454600720164,1667
264,2,evaluate,3.3302736673005575,0.5344931013797241,0.5322504507291896,0.5301665814882898,0.5295290184969305,1667
264,3,evaluate,3.607164250479804,0.5296940611877624,0.5332059499031756,0.5266900748792109,0.5278478024360047,1667
264,4,evaluate,3.364761870906309,0.5278944211157769,0.524764264477428,0.5233467193838284,0.5228584278175953,1667
264,5,evaluate,3.2610413564576044,0.5362927414517097,0.5386233572241246,0.5404416433739172,0.5384258688798226,1667
265,0,evaluate,3.3559274110529156,0.528494301139772,0.5261832187078911,0.5237470308629617,0.5238835761450302,1667
265,1,evaluate,3.9062197385010897,0.5248950209958009,0.5283398779138744,0.5264916772979429,0.5260796026263106,1667
265,2,evaluate,3.5968254937065973,0.5320935812837433,0.535352979832643,0.5286783685186043,0.5302199462751064,1667
265,3,evaluate,3.585531897015042,0.5122975404919016,0.5173162804012345,0.5128446993214091,0.5143785782060644,1667
265,4,evaluate,3.3057146447829804,0.5320935812837433,0.5300038833996471,0.5280468799203708,0.5272389194259444,1667
265,5,evaluate,3.248947454823388,0.5356928614277144,0.5395180084471647,0.5394709252620752,0.5384670640441441,1667
266,0,evaluate,3.2190299850923045,0.5368926214757048,0.5399050071966738,0.5407246611654898,0.5391893623906203,1667
266,1,evaluate,3.270260954432026,0.5296940611877624,0.5258175119035612,0.5252068822587481,0.5240879578640263,1667
266,2,evaluate,3.3358772664710328,0.5272945410917816,0.5260515141780804,0.5226742813123751,0.5232400106394126,1667
266,3,evaluate,3.579912159177992,0.5308938212357528,0.5342713342807678,0.5269890461504974,0.5290481696431958,1667
266,4,evaluate,3.547127856148614,0.5086982603479304,0.5129779146314704,0.5089888833450521,0.5102896480367854,1667
266,5,evaluate,3.8438839382595487,0.5248950209958009,0.5288031651312333,0.52644170994729,0.5262339039110946,1667
267,0,evaluate,3.559282311686763,0.5380923815236952,0.5397555902026051,0.5341399720245417,0.535477144464641,1667
267,1,evaluate,3.8020418043489808,0.5272945410917816,0.5307134834166677,0.5288840787048729,0.5284733982920018,1667
267,2,evaluate,3.3146885638987578,0.5272945410917816,0.5251636584313728,0.5225469986996166,0.5229690488049563,1667
267,3,evaluate,3.509566660280581,0.504499100179964,0.5086832490825478,0.5050077220137142,0.5063104295657456,1667
267,4,evaluate,3.191525026603981,0.5362927414517097,0.5387754432776624,0.5393214625190139,0.537896886844065,1667
267,5,evaluate,3.2413176560396635,0.5308938212357528,0.5272270025985561,0.5267419069445708,0.5253387357083742,1667
268,0,evaluate,3.749184078640408,0.5290941811637673,0.532217294034762,0.5307897296552463,0.5302214746149433,1667
268,1,evaluate,3.5455601303665727,0.5374925014997001,0.5381738335314814,0.5333535663776279,0.5344596980129587,1667
268,2,evaluate,3.475565512975057,0.5068986202759448,0.5095716896864618,0.5076772552992743,0.5082156269599928,1667
268,3,evaluate,3.2134413659717853,0.531493701259748,0.5266871306778516,0.5268577011531757,0.5256055079344712,1667
268,4,evaluate,3.293155194984542,0.5230953809238152,0.520825115962317,0.5179904598541815,0.5184939077291731,1667
268,5,evaluate,3.1713480441658586,0.5350929814037193,0.5368198467892811,0.5386065229685315,0.5363616410936467,1667
269,0,evaluate,3.544181708936338,0.5308938212357528,0.5307420327686053,0.5263932063928256,0.5273141831513339,1667
269,1,evaluate,3.461049512580589,0.5086982603479304,0.5098378080108708,0.5097692262570128,0.5095310626165418,1667
269,2,evaluate,3.2101547305693305,0.5320935812837433,0.5261382192718914,0.5272735685030053,0.5256033308774335,1667
269,3,evaluate,3.283960703346464,0.5236952609478105,0.5216006432867892,0.518742952633674,0.5191897609929713,1667
269,4,evaluate,3.7301770404533103,0.5248950209958009,0.5277282571091456,0.5267353847563649,0.5260182446098234,1667
269,5,evaluate,3.1691968628653773,0.5338932213557288,0.5354533299885341,0.5375130423796426,0.5348760672397036,1667
270,0,evaluate,3.745022040826303,0.5266946610677864,0.5280201521673995,0.5288598973305147,0.5270674177509959,1667
270,1,evaluate,3.172197228228604,0.5362927414517097,0.5368989265170809,0.5399900021189981,0.537050374073903,1667
270,2,evaluate,3.27254180168664,0.528494301139772,0.525343916231487,0.523802302762616,0.5237278806813801,1667
270,3,evaluate,3.212331081604572,0.5398920215956808,0.5321928333983691,0.5349114854776673,0.5326936048036505,1667
270,4,evaluate,3.47188573413425,0.5062987402519497,0.5063916394164819,0.5071977347556686,0.5065601052699018,1667
270,5,evaluate,3.5550344343538636,0.5290941811637673,0.5275979767206146,0.5243549097994958,0.5246685475388292,1667
271,0,evaluate,3.5693535716445357,0.5296940611877624,0.5279916011449598,0.5244261078432185,0.5249679016873052,1667
271,1,evaluate,3.229346709479749,0.5446910617876425,0.5360480835354585,0.5396901955769281,0.5370094642835715,1667
271,2,evaluate,3.780601457313255,0.5290941811637673,0.530133770054811,0.5313465516693298,0.5288054349144388,1667
271,3,evaluate,3.279276136446882,0.5296940611877624,0.5260137027740601,0.5252479421300416,0.5246062345875702,1667
271,4,evaluate,3.1853711351200387,0.5416916616676665,0.5410762778876668,0.5452641331965162,0.5415018480342072,1667
271,5,evaluate,3.4944016756834806,0.5056988602279544,0.5040649490270758,0.5064985838637031,0.5050635132998118,1667
272,0,evaluate,3.2356907158632735,0.5470905818836233,0.538564883151329,0.5421566745214108,0.5395845447813524,1667
272,1,evaluate,3.5809114862371376,0.5332933413317337,0.5311566119773444,0.5281884067028046,0.5283778308864943,1667
272,2,evaluate,3.287222973726414,0.5320935812837433,0.527056373465146,0.5275335974937045,0.5262182521191685,1667
272,3,evaluate,3.202195293373532,0.5404919016196761,0.5402816576635573,0.5445909131951485,0.540816932818746,1667
272,4,evaluate,3.798156393898858,0.5230953809238152,0.5244190969388561,0.5257042542781477,0.5225554109450213,1667
272,5,evaluate,3.5258352756500244,0.5062987402519497,0.5048642584482258,0.5074410381935351,0.5058610357932972,1667
273,0,evaluate,3.299560941065903,0.5350929814037193,0.5304207784787476,0.5308237789845345,0.5292739504479701,1667
273,1,evaluate,3.826476079446298,0.5218956208758249,0.5232170262435041,0.5245564177002383,0.5212649366164349,1667
273,2,evaluate,3.2241156266795263,0.5446910617876425,0.5443587021103233,0.5496052548345529,0.5448946380325479,1667
273,3,evaluate,3.5740423555727356,0.5392921415716857,0.5366883763095387,0.5345962746848814,0.5341718563355277,1667
273,4,evaluate,3.556772973802355,0.5062987402519497,0.5050959939812025,0.5073602922506784,0.5058542561023817,1667
273,5,evaluate,3.2538509692584974,0.5470905818836233,0.5385023521857124,0.5424151261942982,0.5396105558940738,1667
274,0,evaluate,3.279748273465278,0.5506898620275945,0.5428070527128223,0.5460721139044803,0.5436076299209902,1667
274,1,evaluate,3.5745053467927157,0.5380923815236952,0.5359662475461344,0.5336976605652464,0.5329728854540472,1667
274,2,evaluate,3.6096747981177435,0.510497900419916,0.5099068229001363,0.5118031256625828,0.5102863416585164,1667
274,3,evaluate,3.2608194560916335,0.5416916616676665,0.5409447330864795,0.5468895677541631,0.5418623561298387,1667
274,4,evaluate,3.8675764578360097,0.5272945410917816,0.5290908353883917,0.5298499211250887,0.5270186439395917,1667
274,5,evaluate,3.3297492937115885,0.5302939412117577,0.5254864218035509,0.5262939617783425,0.5242194858543536,1667
275,0,evaluate,3.355572121924962,0.5302939412117577,0.5253757539580187,0.5261522754413844,0.5239591173676006,1667
275,1,evaluate,3.897839413748847,0.531493701259748,0.534131379192823,0.5335268226448866,0.5318660925304273,1667
275,2,evaluate,3.6589733053136757,0.5068986202759448,0.5059083995264466,0.5078655694171992,0.5064388731936169,1667
275,3,evaluate,3.2929908175159386,0.5404919016196761,0.5397507877512776,0.5453584342754869,0.5402031543657315,1667
275,4,evaluate,3.3106265699843114,0.5470905818836233,0.5408597875593395,0.5427888911530883,0.5406645080573568,1667
275,5,evaluate,3.5671934286753335,0.5362927414517097,0.5348823848482821,0.5317281115214669,0.5315439093348664,1667
276,0,evaluate,3.910486653999046,0.5326934613077384,0.534527133665808,0.5341959827314855,0.5328489502609115,1667
276,1,evaluate,3.33189706545764,0.5482903419316136,0.5434063174593581,0.5441973583129378,0.5420959189734992,1667
276,2,evaluate,3.680905333271733,0.5092981403719257,0.5086899362876246,0.5104254288639365,0.5091230496154764,1667
276,3,evaluate,3.3649693788719124,0.528494301139772,0.5241803246516051,0.524404473476325,0.5224608488840247,1667
276,4,evaluate,3.5626645706318043,0.5338932213557288,0.5330508295984582,0.5294171265155161,0.5293131230449782,1667
276,5,evaluate,3.2953294223105467,0.5398920215956808,0.5405337938344441,0.5440262127941397,0.5402652926468803,1667
277,0,evaluate,3.905926165757356,0.5326934613077384,0.5344630671360582,0.53427130804236,0.5326190739071711,1667
277,1,evaluate,3.3390742786270695,0.5488902219556089,0.5441362270479164,0.5445425701990562,0.5426110858541586,1667
277,2,evaluate,3.538919793234931,0.5380923815236952,0.5378821207338664,0.5341330826601565,0.5341020360107102,1667
277,3,evaluate,3.6754884587393866,0.5080983803239352,0.507954976487754,0.5090992682431571,0.5081490678120069,1667
277,4,evaluate,3.2943365033026093,0.5398920215956808,0.540143120462157,0.5434038208699326,0.5398394536711646,1667
277,5,evaluate,3.369170254027402,0.5296940611877624,0.5243180437885073,0.5250804139067926,0.5227724027860089,1667
278,0,evaluate,3.36390490360834,0.5302939412117577,0.5255896481675029,0.5254899950576324,0.5234892383343694,1667
278,1,evaluate,3.8918127395488598,0.5320935812837433,0.5327443491780585,0.5337817799797892,0.5319557421364337,1667
278,2,evaluate,3.337358284888237,0.5386922615476905,0.5344752429858209,0.5341654148582933,0.532384398585205,1667
278,3,evaluate,3.2932200442861626,0.5338932213557288,0.5356114932318912,0.5374708786599601,0.5346660607480467,1667
278,4,evaluate,3.657991378395646,0.5062987402519497,0.5065446276112829,0.506988227574821,0.506321637535083,1667
278,5,evaluate,3.526819379241378,0.5362927414517097,0.5369164587730519,0.5324017524684503,0.5325769760399253,1667
279,0,evaluate,3.3632067993835166,0.5236952609478105,0.5184345391130296,0.5183744908358556,0.5165472954861119,1667
279,1,evaluate,3.6421152000074035,0.510497900419916,0.512394658965156,0.511322312969283,0.511283822372277,1667
279,2,evaluate,3.5286923426168935,0.5422915416916617,0.5441682725748753,0.5388173536878414,0.5389607993256424,1667
279,3,evaluate,3.3332008801948243,0.5326934613077384,0.5287539587307029,0.5282959960883075,0.5265290855721869,1667
279,4,evaluate,3.875867181354099,0.5344931013797241,0.5354690590144664,0.5362410511655245,0.5347933648437896,1667
279,5,evaluate,3.296935740444395,0.5344931013797241,0.5361431031232178,0.5380022122066321,0.5354861870877634,1667
280,0,evaluate,3.623155293641267,0.5080983803239352,0.5108765525550998,0.5088396010565431,0.5093850208001012,1667
280,1,evaluate,3.349456606087861,0.5230953809238152,0.5175094886215992,0.5177619091629843,0.5158841420558699,1667
280,2,evaluate,3.5298736095428467,0.5368926214757048,0.5404471813830791,0.533228663720999,0.5342886087863358,1667
280,3,evaluate,3.2799093712259224,0.531493701259748,0.5327713298767727,0.534876442837525,0.5320690726780715,1667
280,4,evaluate,3.8426660431755915,0.5362927414517097,0.5380950739094652,0.5380108929546263,0.5371327297160008,1667
280,5,evaluate,3.3177341185014315,0.5308938212357528,0.5276780744712732,0.5267000587028134,0.5251287970560643,1667
281,0,evaluate,3.2530754848762795,0.5332933413317337,0.5349410948987401,0.5366933177364359,0.5336545957516454,1667
281,1,evaluate,3.300799986188024,0.528494301139772,0.5263194303122691,0.5246461076778121,0.5233701473995708,1667
281,2,evaluate,3.8141720206649214,0.5296940611877624,0.5307094020434018,0.5313749963980843,0.5300235977022373,1667
281,3,evaluate,3.3205606468297817,0.5188962207558488,0.5139336481806843,0.5135496425897064,0.5121705581367694,1667
281,4,evaluate,3.531924945336801,0.5320935812837433,0.536271862422714,0.5285660998300878,0.5297232071151096,1667
281,5,evaluate,3.599159660162749,0.5050989802039592,0.5070713577174486,0.5058222494019414,0.50615846912902,1667
282,0,evaluate,3.827709842611242,0.5272945410917816,0.5291888732341208,0.529126682286495,0.5281203001505176,1667
282,1,evaluate,3.598588784535726,0.5050989802039592,0.5080568650280352,0.5060442444813374,0.5068357455358499,1667
282,2,evaluate,3.290731656813511,0.528494301139772,0.5257763097946893,0.5246634583788168,0.5231556260048738,1667
282,3,evaluate,3.240935037533442,0.5320935812837433,0.534520641893937,0.5351663490057285,0.5331524437217927,1667
282,4,evaluate,3.5336798120428017,0.5320935812837433,0.5347745690564607,0.5286008750976133,0.5294401950568323,1667
282,5,evaluate,3.3027539369132786,0.5200959808038392,0.5157489187974247,0.5146915243597368,0.5136314880789665,1667
283,0,evaluate,3.613324006398519,0.504499100179964,0.5085361541044168,0.5054274651374085,0.5067536383831173,1667
283,1,evaluate,3.840151557215938,0.5296940611877624,0.5314351897071801,0.5316222154560608,0.530509523123585,1667
283,2,evaluate,3.2916820888166076,0.5278944211157769,0.5235374843328533,0.5221620913647046,0.5214762913861,1667
283,3,evaluate,3.2442174079241575,0.5338932213557288,0.5352255798519346,0.5374255940286476,0.5349847356324994,1667
283,4,evaluate,3.527022193979334,0.5320935812837433,0.5347865802044552,0.5282733342477027,0.5297140438954359,1667
283,5,evaluate,3.2962102561623734,0.5296940611877624,0.5266315656273065,0.5257619788388108,0.5246582449306701,1667
284,0,evaluate,3.8317927607783564,0.5302939412117577,0.5322662294162495,0.5320331159297027,0.5312387700318741,1667
284,1,evaluate,3.309694267958548,0.5302939412117577,0.5282131680585745,0.5262763793846915,0.5256825790720638,1667
284,2,evaluate,3.541746642854479,0.5296940611877624,0.5303161653407102,0.5252411954779145,0.5264112517327054,1667
284,3,evaluate,3.2790413940394365,0.528494301139772,0.5234156834901507,0.522223442925306,0.5222344192061685,1667
284,4,evaluate,3.2557288849795305,0.5332933413317337,0.5340978967486874,0.5370105381387666,0.5345787402226095,1667
284,5,evaluate,3.6358232409865767,0.5008998200359928,0.5053292834201588,0.5019317188367833,0.50327860737813,1667
285,0,evaluate,3.6628783367298268,0.498500299940012,0.5028508635023075,0.5001718563427553,0.5008024761784398,1667
285,1,evaluate,3.827903712237323,0.528494301139772,0.53003881886481,0.5298126942028321,0.5292384976136437,1667
285,2,evaluate,3.320906480096811,0.5302939412117577,0.527426244054565,0.5262154654216133,0.5256509626688541,1667
285,3,evaluate,3.58168978161282,0.5266946610677864,0.5262728753618318,0.5219987178166534,0.5228727251981218,1667
285,4,evaluate,3.2722064863752434,0.5350929814037193,0.5370159170626927,0.5384209682930082,0.5368910993494731,1667
285,5,evaluate,3.281064861074642,0.5326934613077384,0.528620343705408,0.5266998454241755,0.5271231887732412,1667
286,0,evaluate,3.2895298533969455,0.5332933413317337,0.5367026264098781,0.5367551893244065,0.5355364180538287,1667
286,1,evaluate,3.332188195643539,0.5320935812837433,0.528932286233964,0.5280640196533607,0.5274898100057903,1667
286,2,evaluate,3.6896120000768593,0.5026994601079784,0.5077978557740482,0.5046700348969215,0.5053419015288751,1667
286,3,evaluate,3.2903532798367516,0.5320935812837433,0.5294050643623508,0.5262801208878212,0.5271551172684458,1667
286,4,evaluate,3.6147538467689797,0.5260947810437913,0.5274757663470561,0.5213934111649204,0.5229349629770829,1667
286,5,evaluate,3.824461574907656,0.531493701259748,0.5330984106858938,0.5327130713207979,0.5321393233275822,1667
287,0,evaluate,3.721417118001867,0.504499100179964,0.5078197312422016,0.5063391240863846,0.5063081025880122,1667
287,1,evaluate,3.3681445092288413,0.5332933413317337,0.5283431721245541,0.5291936958362757,0.5272467743100574,1667
287,2,evaluate,3.6661530512350575,0.5266946610677864,0.5275686679229793,0.5215087650971256,0.5229832981026652,1667
287,3,evaluate,3.845538748635186,0.5350929814037193,0.5367774752611213,0.5364728693665918,0.5357768056692096,1667
287,4,evaluate,3.325846458474795,0.5296940611877624,0.5259254863681289,0.5236390289914348,0.5243223941638596,1667
287,5,evaluate,3.3206082670776933,0.5278944211157769,0.5307349317851084,0.5315192134240372,0.5298825377112282,1667
288,0,evaluate,3.8531447604850486,0.5392921415716857,0.5403622454472903,0.5404458262683127,0.5395193508703159,1667
288,1,evaluate,3.7515021606727883,0.5020995800839833,0.5049710546768127,0.5039029374955404,0.5035725339617787,1667
288,2,evaluate,3.342485851711697,0.5308938212357528,0.5333736361344095,0.5345292410258526,0.5326061384926286,1667
288,3,evaluate,3.3570035511144884,0.5350929814037193,0.5309240037805633,0.5290195944630671,0.529494367163966,1667
288,4,evaluate,3.3919028190908582,0.5344931013797241,0.5284334626192572,0.5300953880203554,0.5278759088037344,1667
288,5,evaluate,3.717394440262406,0.528494301139772,0.52884170389839,0.5232180646667068,0.5244924998292703,1667
289,0,evaluate,3.7756235158001936,0.5008998200359928,0.5039356389580082,0.5026389239471083,0.5024465041404511,1667
289,1,evaluate,3.747071875466241,0.5368926214757048,0.5373340920504488,0.5320031664345752,0.5330332365446642,1667
289,2,evaluate,3.3738307203683586,0.5380923815236952,0.5345895133070637,0.5323224413066742,0.5330665719818555,1667
289,3,evaluate,3.396269845373522,0.5344931013797241,0.5288751771658583,0.5301582129962761,0.5285512832821063,1667
289,4,evaluate,3.855191460362187,0.5350929814037193,0.5355602470792534,0.5361110029721167,0.5351092956306172,1667
289,5,evaluate,3.357078006973973,0.5278944211157769,0.5303964373232348,0.5317475255171638,0.5299045589582023,1667
290,0,evaluate,3.3754121840552047,0.5380923815236952,0.5340432452827278,0.5326788120642496,0.5329751876304538,1667
290,1,evaluate,3.3496329144195274,0.5248950209958009,0.5276761341219746,0.52901098440369,0.5271805170197709,1667
290,2,evaluate,3.7630148198869495,0.5368926214757048,0.5361374753220816,0.5324916323284429,0.5327191006531322,1667
290,3,evaluate,3.3787127527184735,0.5404919016196761,0.5345963031286145,0.5360762402827854,0.5343818394969945,1667
290,4,evaluate,3.782008586106477,0.4973005398920216,0.5008955222668164,0.4986722747126568,0.49924163892942663,1667
290,5,evaluate,3.8429462203273066,0.5362927414517097,0.5379566116948762,0.5375136491213433,0.5369522262849724,1667
291,0,evaluate,3.8515123791164823,0.5278944211157769,0.5302617595815782,0.5292577926937946,0.5288428585603508,1667
291,1,evaluate,3.366307906160593,0.5338932213557288,0.5277937879182153,0.5294062225456113,0.5273988139611809,1667
291,2,evaluate,3.3570590129605047,0.5242951409718056,0.5263197561141227,0.5279849246442203,0.5261586792272441,1667
291,3,evaluate,3.7816419866349964,0.4967006598680264,0.49947255604050006,0.49774125958640136,0.49809150324377177,1667
291,4,evaluate,3.7683584336881286,0.528494301139772,0.5299710584293505,0.5245658786763828,0.5250665847586583,1667
291,5,evaluate,3.3845428999651364,0.5308938212357528,0.5267646891801687,0.5261765791977631,0.5257191608082806,1667
292,0,evaluate,3.796258952882555,0.49610077984403117,0.49983788184366434,0.4970722748757154,0.4979175444788041,1667
292,1,evaluate,3.8841858439975314,0.5200959808038392,0.521991457307762,0.5216226546706875,0.52085085672877,1667
292,2,evaluate,3.4007538579128407,0.5188962207558488,0.5209959096721196,0.5223099353415734,0.5200436927557226,1667
292,3,evaluate,3.7921889269793474,0.5230953809238152,0.5266426229565131,0.5196087938482847,0.5202718743539012,1667
292,4,evaluate,3.4184687881282083,0.5326934613077384,0.5293658650615264,0.5283347409354946,0.5276516400764415,1667
292,5,evaluate,3.381121052631291,0.5374925014997001,0.5311257637227049,0.5329683560830165,0.5305020429845987,1667
293,0,evaluate,3.4094644100577742,0.5266946610677864,0.5291056512803336,0.530390677864107,0.5276982699062641,1667
293,1,evaluate,3.8835915018011025,0.5242951409718056,0.526043736111166,0.5258850416962135,0.5244146657456178,1667
293,2,evaluate,3.784614183284618,0.5260947810437913,0.5302643362285698,0.5229225835699317,0.5233353642781023,1667
293,3,evaluate,3.3712723858500087,0.5302939412117577,0.5237833738248734,0.5258911772140596,0.5231697313204424,1667
293,4,evaluate,3.428933903161022,0.5308938212357528,0.5276303669160621,0.5265937894506909,0.5255528754164159,1667
293,5,evaluate,3.7785926394992404,0.4991001799640072,0.5038128873680376,0.5000955109723246,0.5015497683483314,1667
294,0,evaluate,3.4183780860017845,0.528494301139772,0.5304097581986233,0.5319128104249898,0.5287947656031458,1667
294,1,evaluate,3.3651641077325354,0.531493701259748,0.5263646234668127,0.5274571452853676,0.5248802253226204,1667
294,2,evaluate,3.4380160637751773,0.5308938212357528,0.5277387744890693,0.5261504355655265,0.524882069029361,1667
294,3,evaluate,3.883618637367531,0.5212957408518296,0.524092094868171,0.5229921314437096,0.5215650832670479,1667
294,4,evaluate,3.7675523934540927,0.5236952609478105,0.5294077537496842,0.5205522751847684,0.5210186557406057,1667
294,5,evaluate,3.7649824266080505,0.4979004199160168,0.5025899375631219,0.4989996614406086,0.5003502743556087,1667
295,0,evaluate,3.443285811416529,0.5296940611877624,0.5269427425866825,0.5253353197851607,0.5239263494477817,1667
295,1,evaluate,3.369702996926477,0.5356928614277144,0.5312442829745435,0.5314783044561897,0.5294571473359542,1667
295,2,evaluate,3.8951257599724665,0.5200959808038392,0.5237213594521427,0.5220748300993956,0.5207579773629121,1667
295,3,evaluate,3.429746495352851,0.52249550089982,0.5246414875893439,0.5257241518884198,0.5224831401635166,1667
295,4,evaluate,3.757996824052599,0.4997000599880024,0.5047751133151032,0.5011086282357262,0.502372163195713,1667
295,5,evaluate,3.7399731653707997,0.5260947810437913,0.529951579440349,0.522823173877127,0.5229051637612114,1667
296,0,evaluate,3.351816530202524,0.5344931013797241,0.5304999951864989,0.5301711598752963,0.5284218483519767,1667
296,1,evaluate,3.4034717325811035,0.5212957408518296,0.5233011896451453,0.5251041048238585,0.5211243799219623,1667
296,2,evaluate,3.8798636153892234,0.52249550089982,0.5265619223294635,0.5245990527852721,0.5230257660857098,1667
296,3,evaluate,3.7331297485916703,0.501499700059988,0.5056368850878502,0.5026982119631992,0.5037252963782513,1667
296,4,evaluate,3.4281713138851853,0.5332933413317337,0.5299184516930394,0.528721875257146,0.5270516347415645,1667
296,5,evaluate,3.6956057283613415,0.5290941811637673,0.5317776244164942,0.525355307185954,0.5252137413668726,1667
297,0,evaluate,3.3450724382265538,0.5374925014997001,0.5329437631717168,0.5330847936284073,0.5314654096802355,1667
297,1,evaluate,3.41583336599999,0.5332933413317337,0.5289117662675625,0.5282357214714773,0.5267603842038746,1667
297,2,evaluate,3.863500056443391,0.5230953809238152,0.5252757039538778,0.5251166126181981,0.5232805614351115,1667
297,3,evaluate,3.713539896187959,0.5032993401319736,0.5076051953307098,0.504250781221826,0.5055998082886968,1667
297,4,evaluate,3.3691058964641005,0.5272945410917816,0.5293054137555819,0.5313403697088459,0.5275430171017319,1667
297,5,evaluate,3.6452529430389404,0.528494301139772,0.5298900401753971,0.5243862590503667,0.5243343640518046,1667
298,0,evaluate,3.8593523060833967,0.5212957408518296,0.5242919384354592,0.5231961861538308,0.5215601749988398,1667
298,1,evaluate,3.703087502055698,0.5056988602279544,0.509335499682279,0.5063509892106508,0.5075422085361312,1667
298,2,evaluate,3.406562652921787,0.5326934613077384,0.527807481045977,0.5271820648339341,0.5256935488500154,1667
298,3,evaluate,3.6067202532732927,0.5308938212357528,0.5327039151844788,0.5263772563005824,0.5267245866946796,1667
298,4,evaluate,3.344638718499078,0.528494301139772,0.5315694728689941,0.5319391892632415,0.5290226533152362,1667
298,5,evaluate,3.346231166087145,0.5338932213557288,0.5305605801416429,0.529535352302192,0.528620436496606,1667
299,0,evaluate,3.8573947659245245,0.5176964607078585,0.5232326395049234,0.5195882414316119,0.5190272831903687,1667
299,1,evaluate,3.690906873455754,0.5086982603479304,0.5139743947703934,0.5092176606918399,0.5111958623927579,1667
299,2,evaluate,3.3367901201256447,0.5386922615476905,0.5362884535603499,0.5339693618510248,0.5337751774823185,1667
299,3,evaluate,3.568825094788163,0.5260947810437913,0.5286058422303375,0.521465556763548,0.5227133578526346,1667
299,4,evaluate,3.3176176757724196,0.5302939412117577,0.5328837527747899,0.53356164131497,0.5310830895994096,1667
299,5,evaluate,3.3937365910107338,0.5320935812837433,0.526618206867209,0.5267704547912789,0.5248221823556993,1667
300,0,evaluate,3.6932721314606844,0.5068986202759448,0.5106785397041674,0.507266658218972,0.5086311289070524,1667
300,1,evaluate,3.3232996816912217,0.5362927414517097,0.5342868304851441,0.5317185012935594,0.5317875588903399,1667
300,2,evaluate,3.297760832088965,0.5296940611877624,0.5339149172022163,0.533327607315833,0.5313517830271528,1667
300,3,evaluate,3.5332205295562744,0.5248950209958009,0.5273691753628509,0.5205813344767218,0.5215577798189159,1667
300,4,evaluate,3.3875468096661345,0.5338932213557288,0.5283465693345437,0.5284218886134638,0.5268446358297327,1667
300,5,evaluate,3.861259116066827,0.52249550089982,0.528276391272315,0.5244966281930186,0.5239531267298387,1667
301,0,evaluate,3.697772264480591,0.5032993401319736,0.5076987588671343,0.5035607866571449,0.5052359886258538,1667
301,1,evaluate,3.2933799823125205,0.5236952609478105,0.5275685436308519,0.5270609681272338,0.5250480217011008,1667
301,2,evaluate,3.383437866896943,0.5338932213557288,0.5289361039678506,0.528359154685214,0.5270534953370459,1667
301,3,evaluate,3.8480494110672563,0.5236952609478105,0.5295629527909467,0.5258297731999866,0.5249879117989475,1667
301,4,evaluate,3.313511980900431,0.5392921415716857,0.5376474790613475,0.5350842321183229,0.5351403029041685,1667
301,5,evaluate,3.51482919410423,0.52249550089982,0.5248081675307121,0.5184223570880001,0.5191075455337846,1667
302,0,evaluate,3.6975560409051402,0.504499100179964,0.5100036882016704,0.5048689612909694,0.5069224911936725,1667
302,1,evaluate,3.2940691941314273,0.52249550089982,0.526852085725467,0.5261791698046027,0.5241297442227479,1667
302,2,evaluate,3.384516227990389,0.5380923815236952,0.5351181854296087,0.5328984738804862,0.5323686002367909,1667
302,3,evaluate,3.8142175762741655,0.5200959808038392,0.5258894773185536,0.5222420136247545,0.5215238587655453,1667
302,4,evaluate,3.495072567904437,0.5188962207558488,0.5218612145191495,0.5144863764468495,0.5156724545074397,1667
302,5,evaluate,3.3060061254594717,0.5386922615476905,0.5377031271835901,0.5347507755126226,0.5345330084870115,1667
303,0,evaluate,3.502343292589541,0.5158968206358728,0.5187313641780326,0.5114028800043433,0.5128072319072154,1667
303,1,evaluate,3.3037538484290794,0.5278944211157769,0.5323351941216805,0.530952191563393,0.5297213589395511,1667
303,2,evaluate,3.8047291702694364,0.5176964607078585,0.5233104479842882,0.519799320099122,0.5191901283698934,1667
303,3,evaluate,3.391657598454643,0.5368926214757048,0.5341579634634446,0.5318023492157654,0.5315134304049172,1667
303,4,evaluate,3.3095505679065926,0.5326934613077384,0.5320983931929851,0.5289860964413549,0.5286657161160132,1667
303,5,evaluate,3.7060913421489574,0.5080983803239352,0.5117967816850368,0.5084977234923416,0.509777624019007,1667
304,0,evaluate,3.8228582276238336,0.5176964607078585,0.5240409018347642,0.5195657539522148,0.5195428112554931,1667
304,1,evaluate,3.389210270234832,0.5338932213557288,0.5300055876970847,0.5289979796280908,0.5282910558675205,1667
304,2,evaluate,3.7282715108659534,0.5062987402519497,0.5096341703952799,0.5062236532889154,0.5074161758862765,1667
304,3,evaluate,3.323036660750707,0.5332933413317337,0.5384091498142887,0.5364694608345238,0.5355209274295631,1667
304,4,evaluate,3.5264318784077964,0.5146970605878824,0.5157848284157669,0.509744132399888,0.5107630929314105,1667
304,5,evaluate,3.3210879505400213,0.528494301139772,0.5283120654288813,0.5248720024484135,0.5242643717524176,1667
305,0,evaluate,3.3388100498252444,0.5308938212357528,0.5354579655522634,0.5340543814639418,0.5331281326426198,1667
305,1,evaluate,3.3882965253045163,0.531493701259748,0.5288135955657777,0.5270433442265504,0.5268374766922979,1667
305,2,evaluate,3.7430685184620045,0.5062987402519497,0.5104724787339874,0.5067809234437489,0.5081802585792874,1667
305,3,evaluate,3.8342521455552845,0.519496100779844,0.5236490564690326,0.5211602097871839,0.520556329199405,1667
305,4,evaluate,3.554988834593031,0.519496100779844,0.5212677960097318,0.5145940114110492,0.5158911446497626,1667
305,5,evaluate,3.328939405486886,0.5320935812837433,0.5322273420192266,0.528690301082177,0.5282751182739394,1667
306,0,evaluate,3.398078285295654,0.5338932213557288,0.531244098901683,0.529704237415143,0.5290871427055344,1667
306,1,evaluate,3.5934178211070873,0.519496100779844,0.5222273625544955,0.5145083904427052,0.5165454160828327,1667
306,2,evaluate,3.3648241835611836,0.5218956208758249,0.5260493489361255,0.5251413352905598,0.5240127050341052,1667
306,3,evaluate,3.340423678172556,0.5308938212357528,0.5318885979220319,0.5277297521493818,0.5275246327802348,1667
306,4,evaluate,3.7751047611236572,0.5062987402519497,0.5113413578282786,0.5067428695791902,0.5084255230203273,1667
306,5,evaluate,3.852326816982693,0.5212957408518296,0.5256665694210272,0.5228873684555378,0.5223653260456201,1667
307,0,evaluate,3.3847957231363477,0.531493701259748,0.5316847984599908,0.528395260044227,0.5275744393823599,1667
307,1,evaluate,3.4172847909956343,0.5266946610677864,0.5238691676038889,0.5220413770701481,0.5216795908626659,1667
307,2,evaluate,3.648392668476811,0.5218956208758249,0.5236501503489734,0.5168449875255929,0.5187142735084829,1667
307,3,evaluate,3.4077090466464006,0.5230953809238152,0.5277027671802478,0.5261017931493973,0.525026620317416,1667
307,4,evaluate,3.892135160940665,0.5260947810437913,0.5305386874223275,0.5271944754901365,0.5271893445267104,1667
307,5,evaluate,3.810675303141276,0.5062987402519497,0.5125794947528466,0.50722365872191,0.5090036607740549,1667
308,0,evaluate,3.4371563107862566,0.5290941811637673,0.5274515422600505,0.5259153970775003,0.5246273903689633,1667
308,1,evaluate,3.4495566332781755,0.5212957408518296,0.525631125476788,0.5242390649088511,0.52298213059022,1667
308,2,evaluate,3.4385563107207417,0.5308938212357528,0.5284216137759288,0.526109173793395,0.5260694908099831,1667
308,3,evaluate,3.842653857337104,0.5062987402519497,0.5110085836865956,0.5073522564101096,0.5082514000676804,1667
308,4,evaluate,3.9377247757381864,0.5218956208758249,0.5251683052316356,0.5229787149998828,0.5226971754839814,1667
308,5,evaluate,3.7005495495266385,0.5218956208758249,0.5237980291516536,0.5172941485971613,0.5191178200637088,1667
309,0,evaluate,3.9871689037040428,0.5266946610677864,0.52746888145202,0.5276145588395142,0.5264347357021054,1667
309,1,evaluate,3.886645228774459,0.504499100179964,0.5082856548081461,0.5054256499888241,0.5060477174262726,1667
309,2,evaluate,3.748031589719984,0.5242951409718056,0.5256723165225534,0.5196244170650338,0.5211871956175544,1667
309,3,evaluate,3.5003828796304703,0.5236952609478105,0.5220801938688326,0.5205158169732952,0.51922470367184,1667
309,4,evaluate,3.482676147448796,0.531493701259748,0.5274934037625907,0.5269306259036329,0.5260932794357218,1667
309,5,evaluate,3.5013597210248313,0.5200959808038392,0.5237409146084661,0.5230913894884518,0.5218187599013865,1667
310,0,evaluate,3.900709452452483,0.50749850029994,0.511223126264872,0.5082115964795796,0.5090191364962329,1667
310,1,evaluate,4.0087517544075295,0.528494301139772,0.5301214878808201,0.5293816972554293,0.5285882928111596,1667
310,2,evaluate,3.525687939590878,0.5230953809238152,0.5260784396597182,0.5265181196485422,0.5248025241005562,1667
310,3,evaluate,3.5226413682103157,0.5266946610677864,0.5230709625945362,0.5217971409440298,0.5213595446500788,1667
310,4,evaluate,3.542292322638854,0.5290941811637673,0.5269205784470771,0.5260061519051036,0.5247675038054761,1667
310,5,evaluate,3.7615419405478017,0.52249550089982,0.5233689134982711,0.5176308357223308,0.5194289831419745,1667
311,0,evaluate,3.7898527957774975,0.5230953809238152,0.5246310269657684,0.5186970287697226,0.5202497284307923,1667
311,1,evaluate,3.9177772204081216,0.5068986202759448,0.5108821203362445,0.5079153816514336,0.5087379650273507,1667
311,2,evaluate,4.034710371935809,0.5332933413317337,0.5346494586670072,0.5345813945831474,0.5333333604561383,1667
311,3,evaluate,3.5598209825930773,0.5272945410917816,0.5227503279674309,0.5222262981931929,0.5213618396715469,1667
311,4,evaluate,3.569605000219545,0.5362927414517097,0.5318965380984728,0.5328558106592194,0.5309445726044895,1667
311,5,evaluate,3.532271687631254,0.5206958608278345,0.5237138775042498,0.5248636614929864,0.5227280912313419,1667
312,0,evaluate,3.938769075605604,0.5116976604679064,0.5146832174043497,0.5133336071675854,0.5130611309035205,1667
312,1,evaluate,3.5921341086979264,0.5272945410917816,0.5226534027504973,0.522398367793325,0.5216382389009745,1667
312,2,evaluate,3.5426471255443714,0.5200959808038392,0.5218232900345344,0.5250740504332267,0.5222187011155972,1667
312,3,evaluate,3.589645893470771,0.5368926214757048,0.5316059409016942,0.533547544204376,0.5312558172546601,1667
312,4,evaluate,4.057284867322004,0.531493701259748,0.533317892098281,0.5327511292590393,0.5318445029177855,1667
312,5,evaluate,3.8169248192398637,0.52249550089982,0.5234790323987222,0.518364568842417,0.5195147263488668,1667
313,0,evaluate,3.8402639936517784,0.528494301139772,0.5298927494944297,0.524611342774833,0.5256796830026482,1667
313,1,evaluate,3.5591527179435447,0.5212957408518296,0.5228650930278648,0.5269678782891154,0.5234756086337354,1667
313,2,evaluate,3.959007501602173,0.5128974205158968,0.5165652564806447,0.5149502653057273,0.5145450468774925,1667
313,3,evaluate,4.1168551886523215,0.528494301139772,0.5302975249310967,0.5297278557712959,0.5288873692823064,1667
313,4,evaluate,3.6174659381310144,0.528494301139772,0.523055302483305,0.5233094782820092,0.5223398153204915,1667
313,5,evaluate,3.6211984554723773,0.5404919016196761,0.535892933155287,0.5368625488530233,0.535167990631822,1667
314,0,evaluate,3.960238077022411,0.5092981403719257,0.511830274404303,0.5111253700918824,0.5105155159389483,1667
314,1,evaluate,3.633504177133242,0.5260947810437913,0.5198590838335091,0.5213070717673216,0.5196387353138645,1667
314,2,evaluate,3.86612950430976,0.5296940611877624,0.5292772846229256,0.5262768286441823,0.5261302945022375,1667
314,3,evaluate,4.146489840966684,0.5266946610677864,0.5283267881689293,0.5279803094752261,0.5272096939873688,1667
314,4,evaluate,3.649990389340558,0.5440911817636472,0.5388751168161534,0.5402242634028454,0.5382641218949415,1667
314,5,evaluate,3.5685903827349343,0.5212957408518296,0.5245557306354784,0.5269651401479237,0.5241950353234734,1667
315,0,evaluate,3.6646149348998733,0.5470905818836233,0.5422255535528334,0.5428923835093972,0.541441131900587,1667
315,1,evaluate,3.561568867277216,0.5236952609478105,0.5279924919446197,0.529169302869056,0.5271579616128663,1667
315,2,evaluate,3.9005414733180293,0.5248950209958009,0.5242382989104204,0.521499179823448,0.5208866480820482,1667
315,3,evaluate,4.168203371542472,0.5260947810437913,0.5286437480252388,0.5276137943485205,0.527006992902748,1667
315,4,evaluate,3.637363972487273,0.5296940611877624,0.5228113581332552,0.5250911019864396,0.5230414842384856,1667
315,5,evaluate,3.9485460387335882,0.501499700059988,0.5045640615513722,0.5039395124538796,0.5032430756142027,1667
316,0,evaluate,3.6266554707178362,0.5260947810437913,0.5193760449291923,0.5220400937215933,0.519230316789834,1667
316,1,evaluate,3.6461898850897407,0.5440911817636472,0.5395656652678926,0.5397753973695173,0.5383268131998216,1667
316,2,evaluate,4.159212968967579,0.525494901019796,0.527790730241624,0.5270729951630331,0.526014266565593,1667
316,3,evaluate,3.535788469844394,0.5260947810437913,0.5299657159055097,0.5309627754290437,0.5291720224014467,1667
316,4,evaluate,3.9199966854519315,0.5038992201559688,0.5069299981148859,0.5063615464605337,0.5056143614348163,1667
316,5,evaluate,3.9046955196945756,0.5230953809238152,0.5242941853902148,0.5199008337966534,0.5198347831279505,1667
317,0,evaluate,3.605180840866524,0.5446910617876425,0.5397183788425319,0.5402551638384241,0.5387418556035207,1667
317,1,evaluate,3.888709995481703,0.501499700059988,0.5046756157518202,0.5039752818405845,0.5032919441311908,1667
317,2,evaluate,3.8991839355892606,0.5236952609478105,0.5251888029790319,0.5201698075198935,0.5203464377102365,1667
317,3,evaluate,4.116936630672878,0.52249550089982,0.5241070279946645,0.5243926722782828,0.5228802865610553,1667
317,4,evaluate,3.5027626245110124,0.5230953809238152,0.5262002711772209,0.5278042338197958,0.5255395269575174,1667
317,5,evaluate,3.5949313392241797,0.531493701259748,0.524474424484362,0.5270611877578938,0.5244302730246185,1667
318,0,evaluate,3.540108466745113,0.5374925014997001,0.5322404699660703,0.5330541405122288,0.5316567980931592,1667
318,1,evaluate,3.857595920562744,0.5212957408518296,0.5238580895822118,0.5176528473192323,0.5181133553579351,1667
318,2,evaluate,4.039221083676374,0.5278944211157769,0.5288957584790953,0.5295775419927227,0.528159111715251,1667
318,3,evaluate,3.8430989230120622,0.5008998200359928,0.5050945027292044,0.50307586644602,0.5031234562786506,1667
318,4,evaluate,3.456004200158296,0.5230953809238152,0.5271878919554268,0.5277118101639796,0.5259789931976004,1667
318,5,evaluate,3.548699415944241,0.5368926214757048,0.5314314074754488,0.5330335579329043,0.5307937686025885,1667
319,0,evaluate,3.410888974313383,0.5206958608278345,0.5258083498632263,0.5252939946860429,0.524051269057182,1667
319,1,evaluate,3.485130646823597,0.5374925014997001,0.5337145048726076,0.5329761698244599,0.5321413464699611,1667
319,2,evaluate,3.959633138444689,0.5296940611877624,0.5303105574270042,0.5314805652113803,0.5299303356655294,1667
319,3,evaluate,3.5068232356398195,0.5338932213557288,0.5286353463075981,0.5297085566802989,0.5275288433580573,1667
319,4,evaluate,3.810133209934941,0.5218956208758249,0.5248851453815143,0.5176135499512406,0.5186995987838597,1667
319,5,evaluate,3.792772619812577,0.5056988602279544,0.5108111649403788,0.5076447149831516,0.5083985221374892,1667
320,0,evaluate,3.3771210842662387,0.5164967006598681,0.5217300349447718,0.5209326191398544,0.5199867211953435,1667
320,1,evaluate,3.754906972249349,0.5080983803239352,0.5136064157653403,0.5099043052876198,0.5111166725090325,1667
320,2,evaluate,3.4373029483777593,0.5320935812837433,0.5289849466619518,0.5274188693594233,0.5276536213681363,1667
320,3,evaluate,3.482472351303807,0.5362927414517097,0.5312934177311908,0.5322152420766165,0.5304902507760505,1667
320,4,evaluate,3.7705115300637706,0.5206958608278345,0.5238607292334965,0.5164681507508291,0.5174057173154549,1667
320,5,evaluate,3.890610421145404,0.531493701259748,0.5325904818536018,0.5330611503911713,0.5317200314046715,1667
321,0,evaluate,3.7172776416495994,0.5068986202759448,0.5118909360835652,0.5084864802421539,0.5097615713184587,1667
321,1,evaluate,3.3517038888401456,0.5188962207558488,0.5240990169340562,0.5229404058997876,0.5223708574501437,1667
321,2,evaluate,3.3880375608778532,0.5356928614277144,0.5328834585304724,0.5309795014030679,0.5313516862068225,1667
321,3,evaluate,3.7242342277809426,0.5158968206358728,0.5189277373148121,0.5115418371999467,0.5129726243607478,1667
321,4,evaluate,3.8242773568188704,0.5290941811637673,0.530882775358394,0.5308891068529273,0.5298118869648558,1667
321,5,evaluate,3.445715496385539,0.5374925014997001,0.5331358284495968,0.5335167557992666,0.5320467923186667,1667
322,0,evaluate,3.6935223561746104,0.5062987402519497,0.5106869210458196,0.5077473919694074,0.5089287373721177,1667
322,1,evaluate,3.3345304462644787,0.5140971805638872,0.5179723354890035,0.5177162970986484,0.5168569379797909,1667
322,2,evaluate,3.677711990144518,0.5182963407318536,0.5202670237514623,0.5141370447167997,0.5152666637403504,1667
322,3,evaluate,3.4121466941303678,0.5416916616676665,0.5375819998755644,0.5374800230371561,0.5363802980130028,1667
322,4,evaluate,3.343986985119281,0.5326934613077384,0.5299219231853511,0.5280109186089093,0.5282911611316016,1667
322,5,evaluate,3.781588157018026,0.5266946610677864,0.5292580192923517,0.5286010519992379,0.5279067398823607,1667
323,0,evaluate,3.6597061687045627,0.5134973005398921,0.5160492676445637,0.5093858821564266,0.5106350418007113,1667
323,1,evaluate,3.3272382142367185,0.5092981403719257,0.5125343595641741,0.5123447457491702,0.5114734923276367,1667
323,2,evaluate,3.315898003399626,0.5362927414517097,0.5342466972839406,0.53199930703942,0.5322149886821894,1667
323,3,evaluate,3.673380065847326,0.5008998200359928,0.5057009827795796,0.5021677738451245,0.5036765147266213,1667
323,4,evaluate,3.7573756906721325,0.5272945410917816,0.5307910051480255,0.5292535158763589,0.5287798869963913,1667
323,5,evaluate,3.386986446601373,0.5410917816436712,0.5370829151816439,0.5370534072254844,0.5360769347270328,1667
324,0,evaluate,3.2901167560472726,0.5326934613077384,0.5305024572334796,0.528396170973933,0.5283211146748041,1667
324,1,evaluate,3.364770965995612,0.5434913017396521,0.5392775167111749,0.5391726671628287,0.5381932156914586,1667
324,2,evaluate,3.645198698397036,0.5134973005398921,0.5183129720595406,0.5096631022961855,0.5110925321541377,1667
324,3,evaluate,3.721360109470509,0.5236952609478105,0.5286399330022475,0.5258711773908132,0.5256885615010292,1667
324,4,evaluate,3.6626378341957375,0.498500299940012,0.502944707486247,0.4994924613436923,0.5009033869076103,1667
324,5,evaluate,3.3237617015838623,0.5092981403719257,0.5127245542977796,0.5117659118696564,0.5111053113253846,1667
325,0,evaluate,3.6474674719351308,0.5122975404919016,0.516918328005833,0.508132731048091,0.5099165648646307,1667
325,1,evaluate,3.353382287202058,0.5392921415716857,0.5362884829263955,0.5347702342828733,0.5340885330995652,1667
325,2,evaluate,3.673423140137284,0.4979004199160168,0.5031553126330994,0.49873390000884654,0.5004993089064296,1667
325,3,evaluate,3.7127087469454163,0.525494901019796,0.5302601196502806,0.5277222486208687,0.5272471246623841,1667
325,4,evaluate,3.281177941644947,0.5344931013797241,0.5333755969806167,0.5304586865543335,0.5305650456528772,1667
325,5,evaluate,3.327081000363385,0.5152969406118776,0.518798825565027,0.5174102113169554,0.5165904075769118,1667
326,0,evaluate,3.3590604894691043,0.5218956208758249,0.5256066516423282,0.5241226036556165,0.5229185543526624,1667
326,1,evaluate,3.6742656937351934,0.5122975404919016,0.5185790370351342,0.5084067884876362,0.5106270813302546,1667
326,2,evaluate,3.7402136237533004,0.528494301139772,0.533159385134146,0.530564893615885,0.5301464830963338,1667
326,3,evaluate,3.704459340484054,0.501499700059988,0.5067620683540034,0.5020137863724006,0.5040709042522861,1667
326,4,evaluate,3.3127197055887168,0.5296940611877624,0.5274312299784124,0.5258416566215132,0.525135818403745,1667
326,5,evaluate,3.3733375469843545,0.5350929814037193,0.5314854696618548,0.5299034847768654,0.5292007513624949,1667
327,0,evaluate,3.406702858430368,0.5260947810437913,0.5309208767815872,0.5285647457887832,0.5276421769949659,1667
327,1,evaluate,3.4039495733601077,0.5386922615476905,0.5351752881408888,0.5338210311688547,0.5329522126097096,1667
327,2,evaluate,3.7304213488543474,0.5158968206358728,0.5224139053381478,0.5119066768412213,0.5144219942526196,1667
327,3,evaluate,3.7372665581879794,0.4979004199160168,0.5014038900817134,0.4985049176868044,0.49960214241520456,1667
327,4,evaluate,3.3667414303318193,0.5278944211157769,0.5275899460540912,0.524245789910807,0.5240134583638533,1667
327,5,evaluate,3.803592637733177,0.5266946610677864,0.5319504525511609,0.5287883031255878,0.528428092276794,1667
328,0,evaluate,3.422958953244907,0.5248950209958009,0.5235929631894182,0.521262041555844,0.5203522498013485,1667
328,1,evaluate,3.4552428777571076,0.5278944211157769,0.5343839219729852,0.5307472602383995,0.5300848138379857,1667
328,2,evaluate,3.7675853393695973,0.5152969406118776,0.5219847208373602,0.5115074434125088,0.5139603931235761,1667
328,3,evaluate,3.8617494017989547,0.5248950209958009,0.5291145957615359,0.5267297503004343,0.5262134448180782,1667
328,4,evaluate,3.439559145934052,0.5374925014997001,0.5343933643649668,0.5325904899059297,0.5319763017974256,1667
328,5,evaluate,3.773073267053675,0.49610077984403117,0.500258813435606,0.49724293165448,0.4984117335701398,1667
329,0,evaluate,3.481737313171228,0.5362927414517097,0.5338844439882442,0.5315717463933223,0.5311557209675228,1667
329,1,evaluate,3.9385567947670266,0.5266946610677864,0.5314438136530558,0.528201723009178,0.5281442036809054,1667
329,2,evaluate,3.4802125111320357,0.5236952609478105,0.521776552885477,0.5201267724755043,0.5189256303776306,1667
329,3,evaluate,3.4921032223436566,0.525494901019796,0.530761042981075,0.5279903674811376,0.5269189456648761,1667
329,4,evaluate,3.7924305156425193,0.5170965806838632,0.5227823582922306,0.5132621975424007,0.5157107927682141,1667
329,5,evaluate,3.799699889289008,0.4973005398920216,0.5010415318492318,0.49856853905130327,0.4995571024011583,1667
330,0,evaluate,3.5144865391315157,0.5308938212357528,0.5279086915318805,0.5272039544871346,0.5257876031149324,1667
330,1,evaluate,3.812687140923959,0.5026994601079784,0.505355899325529,0.5038161755944643,0.5043621155777549,1667
330,2,evaluate,4.003386126624213,0.5272945410917816,0.5312816651808299,0.5288006301987618,0.5285623270176905,1667
330,3,evaluate,3.4977673159705267,0.5242951409718056,0.528351983423156,0.5270665597678846,0.5257121658827841,1667
330,4,evaluate,3.8009965154859753,0.5164967006598681,0.5193089836296934,0.5119560676988838,0.5140791383352191,1667
330,5,evaluate,3.5093877878454,0.5344931013797241,0.5300912683536217,0.5296170722445497,0.5283782316582326,1667
331,0,evaluate,3.814700382727164,0.5182963407318536,0.5197698318819008,0.5134580150955472,0.5150600317917072,1667
331,1,evaluate,3.5416657908328353,0.5272945410917816,0.5238924638777668,0.5235186469346468,0.5218895915446502,1667
331,2,evaluate,3.537060429652532,0.5338932213557288,0.5298077313054625,0.5292800422077769,0.5279315004472799,1667
331,3,evaluate,3.505135000855834,0.5212957408518296,0.5250828465175165,0.5245113755448763,0.5229203941547799,1667
331,4,evaluate,3.8353302125577575,0.5002999400119976,0.502445716545042,0.5011982177260907,0.5015750556298604,1667
331,5,evaluate,4.049203696074309,0.5326934613077384,0.5365970595489344,0.5341689892860213,0.5339533433758972,1667
332,0,evaluate,3.860944871549253,0.5008998200359928,0.5024793849635617,0.5021420001045193,0.5020440017991505,1667
332,1,evaluate,3.8336067641222917,0.5206958608278345,0.5200227516067706,0.5154790024521194,0.5166394903885432,1667
332,2,evaluate,3.5626303192184423,0.5272945410917816,0.5232128625151653,0.5233638993537226,0.5217175710045536,1667
332,3,evaluate,4.077269439344053,0.531493701259748,0.5349489601584856,0.5327309072589562,0.5324189943654999,1667
332,4,evaluate,3.5152791208691068,0.5188962207558488,0.5220280536441619,0.5221850523322338,0.5203812444845429,1667
332,5,evaluate,3.57126106928896,0.5278944211157769,0.5224181735403833,0.522893275910138,0.5210446912228003,1667
333,0,evaluate,4.123717414008246,0.5368926214757048,0.5386066905218829,0.5379972755670737,0.5371590043657619,1667
333,1,evaluate,3.893705694763749,0.4997000599880024,0.5004941885772825,0.5008980163064443,0.5003942531596833,1667
333,2,evaluate,3.6244069503413305,0.5302939412117577,0.5259919769702583,0.525444291264981,0.5240496995085382,1667
333,3,evaluate,3.5968216539742435,0.5326934613077384,0.5285243983379059,0.52870812452354,0.5270969968082577,1667
333,4,evaluate,3.862663410328053,0.5230953809238152,0.5231707138685715,0.5183592014544066,0.5193876410992784,1667
333,5,evaluate,3.5418220780513905,0.5152969406118776,0.5168999961128662,0.5186623970784026,0.5162353343702559,1667
334,0,evaluate,3.9341662459903293,0.4973005398920216,0.49816549084280554,0.49818581478369417,0.49774425010676204,1667
334,1,evaluate,3.663205236472465,0.5296940611877624,0.5250699248994906,0.5251129885984819,0.5232961924935812,1667
334,2,evaluate,3.579838141247078,0.5134973005398921,0.5139997473049145,0.5168577218642502,0.5140960130830518,1667
334,3,evaluate,3.8992966104436806,0.5260947810437913,0.5262569232299102,0.521469676219031,0.5224259856013908,1667
334,4,evaluate,3.6280927510873946,0.5326934613077384,0.5290980870586605,0.5287022085236909,0.5271981355265074,1667
334,5,evaluate,4.1560483773549395,0.5332933413317337,0.5349771640039116,0.5345839670341515,0.5335927084213723,1667
335,0,evaluate,3.638077157514654,0.5422915416916617,0.5380446952581568,0.5379276115088805,0.5368390570553851,1667
335,1,evaluate,3.598144527938631,0.5146970605878824,0.5149681706318553,0.5184762455330518,0.5156137803250539,1667
335,2,evaluate,3.9067129205774376,0.5290941811637673,0.5285758370891429,0.5245090209143466,0.5252613430691864,1667
335,3,evaluate,4.158078741144251,0.5308938212357528,0.531315609732015,0.5320760492418181,0.5307580020300373,1667
335,4,evaluate,3.6719664992005736,0.5308938212357528,0.5252611627203161,0.5256713591514108,0.5240955517940363,1667
335,5,evaluate,3.9532238377465143,0.5020995800839833,0.5040304351608496,0.5030276469715808,0.5029275143567208,1667
336,0,evaluate,3.6424781422554893,0.5410917816436712,0.5371020097780592,0.5366054680599515,0.5358389027519805,1667
336,1,evaluate,4.1469753053453235,0.5266946610677864,0.5268115155929329,0.5277945951647618,0.5267593232506771,1667
336,2,evaluate,3.960365127634119,0.4997000599880024,0.5018837070033342,0.5009635952479261,0.5005879380973173,1667
336,3,evaluate,3.5986228662508504,0.5206958608278345,0.5214729170142194,0.5236898023997718,0.5217181843644958,1667
336,4,evaluate,3.6766813626788832,0.5302939412117577,0.5240449391230235,0.524604307596457,0.5229996949504365,1667
336,5,evaluate,3.9088420073191323,0.5320935812837433,0.5311959856173752,0.5274599339090758,0.5282331447302776,1667
337,0,evaluate,4.14399277722394,0.5296940611877624,0.5289979230551966,0.5306832288942241,0.5294387744498762,1667
337,1,evaluate,3.9670949247148304,0.4973005398920216,0.49829169715049504,0.4991965007912767,0.49797147912796913,1667
337,2,evaluate,3.6537927580468033,0.5374925014997001,0.53372921763465,0.5331955036547029,0.5323106691232459,1667
337,3,evaluate,3.917872358251501,0.5326934613077384,0.5315765174447249,0.5279715646054786,0.528826004336499,1667
337,4,evaluate,3.6741167026037282,0.531493701259748,0.5250163716773136,0.525478849252195,0.5243080400608211,1667
337,5,evaluate,3.5944655062975706,0.5260947810437913,0.5262953527826456,0.5288971075865911,0.5267468141146255,1667
338,0,evaluate,3.655250063648918,0.5338932213557288,0.529794137655309,0.5298341692446439,0.5284625678980778,1667
338,1,evaluate,3.976107641502663,0.4973005398920216,0.4970105500924832,0.4989347459546482,0.49734219038043,1667
338,2,evaluate,4.150137221371686,0.525494901019796,0.524053557206605,0.526755632896563,0.5249037118072315,1667
338,3,evaluate,3.671559952725484,0.5338932213557288,0.5259126160574434,0.5275374092422493,0.5260033087579641,1667
338,4,evaluate,3.594910404196492,0.528494301139772,0.5295799314690463,0.5310012372393812,0.5295151807983263,1667
338,5,evaluate,3.921065507111726,0.528494301139772,0.5268468078965189,0.5237317605359483,0.5242218879593127,1667
339,0,evaluate,3.9204268985324435,0.5272945410917816,0.5260455491983146,0.5225429645700573,0.5232439867718794,1667
339,1,evaluate,3.5958090832939855,0.5278944211157769,0.530246721912369,0.5309351174844327,0.5296508781480751,1667
339,2,evaluate,3.64035981967125,0.5344931013797241,0.5299906603721182,0.53028447980365,0.5286333795441445,1667
339,3,evaluate,3.978496860574793,0.495500899820036,0.4949183766404818,0.4971667240161254,0.4955232340177199,1667
339,4,evaluate,3.654773425379837,0.531493701259748,0.5229531321026816,0.5253641481105857,0.5233943385283963,1667
339,5,evaluate,4.147462968473081,0.5296940611877624,0.5290929581661289,0.5312213520069744,0.5293016996965644,1667
340,0,evaluate,4.153723416505037,0.5338932213557288,0.5352820398999638,0.5356984356847979,0.534239898520884,1667
340,1,evaluate,3.9363021585676403,0.5272945410917816,0.526593447042289,0.5227709757074782,0.5231908528155328,1667
340,2,evaluate,3.6302209297815917,0.5344931013797241,0.5302563825684462,0.5301353260367085,0.528585482125758,1667
340,3,evaluate,3.6374826189885088,0.5290941811637673,0.5214052620909289,0.5227124598762977,0.5212909666517718,1667
340,4,evaluate,3.9925921934622304,0.489502099580084,0.49086832083471954,0.49107171432197916,0.490442279268398,1667
340,5,evaluate,3.599832991758982,0.5302939412117577,0.5328458510977397,0.5338961014344108,0.5323883940824651,1667
341,0,evaluate,3.9772914162388555,0.4913017396520696,0.4931913129641582,0.49269459085244965,0.49268133777440637,1667
341,1,evaluate,4.144640428048593,0.5326934613077384,0.5341898280872285,0.5346167629074243,0.5331893069783804,1667
341,2,evaluate,3.5797964753928007,0.5320935812837433,0.5346775042533198,0.5357387422882918,0.534107954880582,1667
341,3,evaluate,3.595444255624898,0.5320935812837433,0.5245749336743512,0.5258489232653611,0.524546345929896,1667
341,4,evaluate,3.9431238969167075,0.5206958608278345,0.5204445247962108,0.5160115948853375,0.5167552935884463,1667
341,5,evaluate,3.6043560696236856,0.5308938212357528,0.5280752901296791,0.5270209149958441,0.5260063351368962,1667
342,0,evaluate,3.5604842178506293,0.531493701259748,0.5250989362526625,0.5257311984636441,0.5246405528122519,1667
342,1,evaluate,3.5784520837995726,0.528494301139772,0.5262961855968986,0.5243443178757901,0.5237273632547933,1667
342,2,evaluate,3.9676727100654885,0.4913017396520696,0.49440642182193645,0.49278332781887857,0.49330860943518423,1667
342,3,evaluate,4.141619479214704,0.5296940611877624,0.5318742996424374,0.5315984110357548,0.5303207699017103,1667
342,4,evaluate,3.9387007466068975,0.5200959808038392,0.5214253414206552,0.5156000033953319,0.5169339732915459,1667
342,5,evaluate,3.5575089112476066,0.5296940611877624,0.5328877812543892,0.5335168002463699,0.5318399012104907,1667
343,0,evaluate,3.5327269904039524,0.5320935812837433,0.5263609474386957,0.526534047138163,0.525466237179344,1667
343,1,evaluate,3.563313616646659,0.5338932213557288,0.5305129307501336,0.5297006959891671,0.5286087537167309,1667
343,2,evaluate,4.13919582190337,0.531493701259748,0.5343639500149661,0.5334231884771052,0.5322502136471747,1667
343,3,evaluate,3.544104367494583,0.528494301139772,0.5318275388314839,0.5322269829789741,0.5304146364568629,1667
343,4,evaluate,3.9355831146240234,0.5236952609478105,0.5262754842430163,0.5189670559499531,0.5208290273256978,1667
343,5,evaluate,3.96428593882808,0.48890221955608876,0.49201937301103016,0.49031895599414677,0.49086709878321677,1667
344,0,evaluate,3.9404706954956055,0.4871025794841032,0.4903427628746366,0.48880372669513045,0.4892114501207881,1667
344,1,evaluate,3.504587064962834,0.5326934613077384,0.5273757818008974,0.5277171295021035,0.5265768040751159,1667
344,2,evaluate,3.5259322060479006,0.5302939412117577,0.5262397680106996,0.5259256333086058,0.5244349108411548,1667
344,3,evaluate,3.9047210393128573,0.5242951409718056,0.5264649297507662,0.5193256560877018,0.521350378635227,1667
344,4,evaluate,3.5213545781594737,0.5266946610677864,0.5304122589575309,0.5306874109136803,0.5288856748762101,1667
344,5,evaluate,4.124088755360356,0.531493701259748,0.5338607619978355,0.5332735323341645,0.5318452562534994,1667
345,0,evaluate,3.504823883374532,0.52249550089982,0.5257118072274333,0.5266400968317477,0.5244107156606993,1667
345,1,evaluate,3.9175829887390137,0.4901019796040792,0.49175227899441304,0.4919610631602942,0.4915789023679231,1667
345,2,evaluate,3.885187537581832,0.52249550089982,0.5239819601578546,0.5173658640014837,0.5190513514946533,1667
345,3,evaluate,3.496133327553118,0.5320935812837433,0.528048385456833,0.5272720866937284,0.5263523834152467,1667
345,4,evaluate,4.111425126040423,0.528494301139772,0.530303378738865,0.5304247460798883,0.5287092299327268,1667
345,5,evaluate,3.5088154062812578,0.5308938212357528,0.526945058979805,0.5264311093391033,0.5252113433395584,1667
346,0,evaluate,3.867545754821212,0.52249550089982,0.5245397293571746,0.517406216178014,0.5192975388192382,1667
346,1,evaluate,3.8953717902854637,0.4967006598680264,0.4988549614350945,0.4986514966319685,0.4984433755305192,1667
346,2,evaluate,3.5022978517744274,0.5242951409718056,0.5263593520832294,0.5288055674403415,0.5255589686286178,1667
346,3,evaluate,4.085723514910097,0.5290941811637673,0.5300620205549069,0.5310090049666071,0.5290376922132461,1667
346,4,evaluate,3.4993594237315557,0.5350929814037193,0.5308144666509669,0.5306844007922431,0.5294739269091125,1667
346,5,evaluate,3.496188610309252,0.528494301139772,0.524124100931538,0.5234613318394156,0.5224708277653518,1667
347,0,evaluate,3.5100495550367565,0.528494301139772,0.5299394409350915,0.5330694020428374,0.5294933719047739,1667
347,1,evaluate,3.839409245385064,0.5212957408518296,0.5229881725577797,0.5164128359775311,0.5178526298878766,1667
347,2,evaluate,4.054356804600468,0.5236952609478105,0.5243216174635819,0.5258155087052696,0.5235318857253974,1667
347,3,evaluate,3.5068402393824525,0.5308938212357528,0.5255373272119014,0.5260551347283421,0.5245168955458906,1667
347,4,evaluate,3.877880237720631,0.4991001799640072,0.5004087181798995,0.5013493320340766,0.5005935396025163,1667
347,5,evaluate,3.491846922003097,0.5356928614277144,0.5325478179544458,0.5317405080371067,0.53073503072308,1667
348,0,evaluate,3.5299838266369923,0.5338932213557288,0.5295444575383741,0.5293912651692247,0.5282766451230715,1667
348,1,evaluate,3.5316249551596464,0.5290941811637673,0.5299553808414911,0.5330460679944595,0.5298190182408113,1667
348,2,evaluate,3.504906798585984,0.5362927414517097,0.5329661953931315,0.5324369349052255,0.5311345498924848,1667
348,3,evaluate,4.035898473527697,0.5260947810437913,0.5268940482755349,0.5280679418462337,0.5261891421909124,1667
348,4,evaluate,3.825848667709916,0.5218956208758249,0.5236891843135842,0.5172115063805792,0.5184854201296838,1667
348,5,evaluate,3.8929222336521856,0.4991001799640072,0.5014991134425524,0.500940482501572,0.5008492472260959,1667
349,0,evaluate,3.907762704072175,0.4991001799640072,0.5019944179573674,0.500737571399027,0.5010469981801846,1667
349,1,evaluate,3.5548156102498374,0.5236952609478105,0.5242315663065441,0.5273800038672674,0.5240245988845291,1667
349,2,evaluate,3.551466163592758,0.5386922615476905,0.5348483507808959,0.5342663957996403,0.5331433523340656,1667
349,3,evaluate,4.035445690155029,0.5350929814037193,0.5366909826154861,0.5371284477836193,0.5355712903051285,1667
349,4,evaluate,3.825274140746505,0.5200959808038392,0.5213992069247971,0.5161571847807884,0.5170395034376607,1667
349,5,evaluate,3.5337516039969024,0.5350929814037193,0.5321027870442194,0.5316177874413468,0.5304322617227315,1667
350,0,evaluate,3.8285252076608165,0.5146970605878824,0.5148022928176597,0.5105489530626246,0.5108663683279498,1667
350,1,evaluate,4.031127444020024,0.5344931013797241,0.5361098378478963,0.5364500543095891,0.5349496728640224,1667
350,2,evaluate,3.9154871393133095,0.5068986202759448,0.5091235096182031,0.5086400614601525,0.5084296366345024,1667
350,3,evaluate,3.5733194605067924,0.5368926214757048,0.5332728500421943,0.5323649143974787,0.531458762787606,1667
350,4,evaluate,3.574015965064367,0.5134973005398921,0.514289346699954,0.5169322642011134,0.5140089758468096,1667
350,5,evaluate,3.5588828016194487,0.5386922615476905,0.5357150542180598,0.5352623709443785,0.5340911183687157,1667
351,0,evaluate,3.581201649374432,0.5182963407318536,0.5191830256304864,0.5221981258587234,0.519210229852436,1667
351,1,evaluate,3.585670669183687,0.5362927414517097,0.5317080775695271,0.5315614659133046,0.5302880017039798,1667
351,2,evaluate,4.0274683722743285,0.5332933413317337,0.534506193304326,0.5353260639419668,0.5336650716734284,1667
351,3,evaluate,3.9134559631347656,0.5002999400119976,0.5013902640935788,0.5021463876374044,0.5013021737259631,1667
351,4,evaluate,3.8483357517807573,0.5164967006598681,0.5147646564054552,0.5122250151009023,0.5118871714185497,1667
351,5,evaluate,3.574527427000939,0.5416916616676665,0.538004302462843,0.537998133614429,0.5365282587961121,1667
352,0,evaluate,3.920255104700724,0.4943011397720456,0.49448300183604854,0.49624534647563745,0.49470469506650466,1667
352,1,evaluate,3.5978548467887945,0.5392921415716857,0.5347487025687245,0.5354714392652612,0.5335602877111267,1667
352,2,evaluate,3.580462101433012,0.5290941811637673,0.5304045153420067,0.5325851349203254,0.5300745085888928,1667
352,3,evaluate,3.591815815617641,0.5302939412117577,0.5255593213843832,0.5254448378048687,0.5237740863979083,1667
352,4,evaluate,4.036194412796585,0.5320935812837433,0.5332390340330078,0.5339494933112491,0.5323841161026576,1667
352,5,evaluate,3.8806214332580566,0.5200959808038392,0.5176854492274265,0.5159294212878995,0.5154767588647026,1667
353,0,evaluate,4.050617712515372,0.5308938212357528,0.5316191703563348,0.5326306174467774,0.530662349870348,1667
353,1,evaluate,3.6045504337245666,0.5296940611877624,0.5237487266061442,0.5242989183119245,0.5221368914340243,1667
353,2,evaluate,3.9186360394513167,0.5182963407318536,0.5152505079665632,0.5143355717821277,0.5135167771587511,1667
353,3,evaluate,3.9354631900787354,0.495500899820036,0.49519662852748,0.4976349581594747,0.49554560041280843,1667
353,4,evaluate,3.5863001302436546,0.5308938212357528,0.5323733369683388,0.5342548241038247,0.532275567776042,1667
353,5,evaluate,3.6179280796163007,0.5428914217156569,0.5383470988301109,0.5393689252847724,0.5369448439744283,1667
354,0,evaluate,3.581699092079092,0.5302939412117577,0.5316340707195291,0.533745617850373,0.5318674921064609,1667
354,1,evaluate,3.9298409002798573,0.5008998200359928,0.5015590735226272,0.5029353755188033,0.5014830555844594,1667
354,2,evaluate,3.61768375208315,0.5440911817636472,0.5393236171279214,0.5404476602238948,0.537977963413814,1667
354,3,evaluate,4.049514664544,0.5308938212357528,0.5310435155270994,0.5324655406823584,0.5302006744759545,1667
354,4,evaluate,3.6061476653234825,0.5272945410917816,0.5207828992430751,0.5214340466387017,0.5192360451581293,1667
354,5,evaluate,3.922501210813169,0.5206958608278345,0.5171173380523225,0.5163166402468166,0.5155725339789852,1667
355,0,evaluate,3.567704149970302,0.5290941811637673,0.5308999127092479,0.5327715179098099,0.530963347910757,1667
355,1,evaluate,3.9105500910017224,0.5152969406118776,0.5123815535871313,0.5110869524095705,0.5104313320483829,1667
355,2,evaluate,3.6196694285777675,0.5434913017396521,0.5370966728528519,0.53938502672002,0.5363006854693481,1667
355,3,evaluate,3.606671233971914,0.528494301139772,0.5222712762587263,0.5227943853778287,0.5205716019407329,1667
355,4,evaluate,4.044845148369118,0.5296940611877624,0.5289148039053734,0.531002980641442,0.5284730097588456,1667
355,5,evaluate,3.9304198335718223,0.5002999400119976,0.501490415827727,0.5021107298299052,0.5009650767234883,1667
356,0,evaluate,4.047737227545844,0.5260947810437913,0.5263814075618964,0.5273985953986606,0.5256818590974619,1667
356,1,evaluate,3.574178128330796,0.5278944211157769,0.5290094664241144,0.5314555652686669,0.5291930143839197,1667
356,2,evaluate,3.616339699468679,0.5296940611877624,0.5239877635045774,0.5244302674100606,0.5224861362204757,1667
356,3,evaluate,3.6367569558411073,0.5422915416916617,0.5369267868698328,0.5382092791401246,0.5356057118485931,1667
356,4,evaluate,3.9478673140207925,0.4997000599880024,0.5003113376558533,0.5018537625010302,0.5003463140503268,1667
356,5,evaluate,3.9188932930981673,0.5152969406118776,0.5124482612216934,0.5109775439686376,0.5104775160928067,1667
357,0,evaluate,3.5940409661443145,0.5338932213557288,0.5343937189832605,0.5378006922924868,0.5351982703132544,1667
357,1,evaluate,4.074556306556419,0.5242951409718056,0.524573635845556,0.5254497829425823,0.5239790732426346,1667
357,2,evaluate,3.663202266633957,0.5446910617876425,0.5411542952820538,0.5409087535862493,0.5393093803890309,1667
357,3,evaluate,3.6261813693714364,0.5332933413317337,0.5269045168609423,0.5278167785986303,0.5255570219545265,1667
357,4,evaluate,3.9741270188932067,0.5008998200359928,0.5013882665524814,0.5027686463542128,0.5014438789834006,1667
357,5,evaluate,3.93716448324698,0.5206958608278345,0.5194014874598687,0.5164465491715872,0.5164141738826071,1667
358,0,evaluate,3.931038362008554,0.5260947810437913,0.5250641095447565,0.5218552566744558,0.5217208321559546,1667
358,1,evaluate,3.6038331234896623,0.5272945410917816,0.5286419460065023,0.5310795300415141,0.5290045476067332,1667
358,2,evaluate,4.103896273507012,0.5248950209958009,0.5258588333950426,0.5260043427117791,0.5249633754404026,1667
358,3,evaluate,3.6675994778853926,0.5422915416916617,0.5384446807584146,0.5389501102911703,0.5372677196154196,1667
358,4,evaluate,3.984416405359904,0.4967006598680264,0.4964738588549132,0.4985236289451064,0.49687854670345216,1667
358,5,evaluate,3.6205036206929773,0.5332933413317337,0.5270583163474434,0.52766574039004,0.5256605428945846,1667
359,0,evaluate,3.9511954431180603,0.5302939412117577,0.5301432912359545,0.5258276360394205,0.5265005929496179,1667
359,1,evaluate,3.6334067842819624,0.5362927414517097,0.529373987692941,0.5306266829660845,0.5285148333348754,1667
359,2,evaluate,3.626197306646241,0.5278944211157769,0.5302440953037814,0.5315459675207103,0.5302083126617353,1667
359,3,evaluate,4.013282563951281,0.4991001799640072,0.5004913517380774,0.5013317200066126,0.49992685341515913,1667
359,4,evaluate,4.147074505134865,0.5266946610677864,0.5274909619574111,0.5278400126416039,0.5268700230891733,1667
359,5,evaluate,3.6776548535733498,0.5422915416916617,0.5395585605301603,0.5392091681302118,0.5377534842390397,1667
360,0,evaluate,4.011673256202981,0.4943011397720456,0.4966329372595947,0.49677661085925606,0.49540748929176315,1667
360,1,evaluate,3.627765400128232,0.5362927414517097,0.530569989825519,0.5308222462036347,0.529136629618369,1667
360,2,evaluate,3.626555879358892,0.531493701259748,0.5340062013491408,0.5351689538858372,0.5338940127050871,1667
360,3,evaluate,3.955675575468275,0.5260947810437913,0.5265545948464273,0.5213985948105814,0.5224269128418786,1667
360,4,evaluate,3.660094751251858,0.5410917816436712,0.5386260589420019,0.5380392607119635,0.5367548087313285,1667
360,5,evaluate,4.1729765291567205,0.5290941811637673,0.5295157140788501,0.5301687574070543,0.5291375858220796,1667
361,0,evaluate,3.6084248796105385,0.5380923815236952,0.5327323026885299,0.5326322201092961,0.5316368103348361,1667
361,1,evaluate,3.9903084260446056,0.4913017396520696,0.4944195017809355,0.4935045499961144,0.4929591956706716,1667
361,2,evaluate,3.625061883970543,0.5302939412117577,0.5341764896953227,0.5344876022314602,0.5332883349382521,1667
361,3,evaluate,4.188050702766136,0.5272945410917816,0.5282517244336928,0.5283478232321527,0.5276860919439119,1667
361,4,evaluate,3.9544617158395274,0.5248950209958009,0.5260989285568278,0.5201214619205843,0.5212809919775084,1667
361,5,evaluate,3.645181723582221,0.5422915416916617,0.5404065936612292,0.538917075302437,0.5381748635958911,1667
362,0,evaluate,3.6173660699967987,0.531493701259748,0.5360034967026298,0.5355485150826808,0.5346305996306047,1667
362,1,evaluate,4.190499447010182,0.5230953809238152,0.5245438502893796,0.5243856345477217,0.52384018077294,1667
362,2,evaluate,3.951783030121415,0.4967006598680264,0.4995656365437666,0.49916232825914697,0.4983248120115256,1667
362,3,evaluate,3.9494972317307084,0.5200959808038392,0.5215054955774441,0.5153220665068354,0.5165851547945559,1667
362,4,evaluate,3.577593532839307,0.5368926214757048,0.5315910535581799,0.5310453155845831,0.5303483041345005,1667
362,5,evaluate,3.6234297546324576,0.5350929814037193,0.5331381916099082,0.5317547718632825,0.5310815816288512,1667
363,0,evaluate,3.9391851690080433,0.5158968206358728,0.5187618300707001,0.5112301179835737,0.5131626451200954,1667
363,1,evaluate,3.5666694998465203,0.5350929814037193,0.5276219158964108,0.5289983914008106,0.5274844180120779,1667
363,2,evaluate,3.6165092245296195,0.5308938212357528,0.5349542597978714,0.5349224772446481,0.5336988219216907,1667
363,3,evaluate,3.9461883703867593,0.4943011397720456,0.49788153074159985,0.4968068864419216,0.4963756717761739,1667
363,4,evaluate,4.195424574392813,0.5218956208758249,0.5240941316776129,0.5236592615627323,0.5229249245468048,1667
363,5,evaluate,3.6182587293884287,0.5302939412117577,0.5285537270362095,0.5269292539655993,0.5264151881927874,1667
364,0,evaluate,3.930104882628829,0.5122975404919016,0.5143666597036393,0.5073485665988686,0.5091709194013904,1667
364,1,evaluate,4.19577235645718,0.5260947810437913,0.5300994686850502,0.5279151391833792,0.5275626373690228,1667
364,2,evaluate,3.9612493250105114,0.495500899820036,0.4982839242667653,0.49775333269830113,0.49714164122371096,1667
364,3,evaluate,3.623709340134829,0.5302939412117577,0.5294366257447056,0.526670160047734,0.5268366443772935,1667
364,4,evaluate,3.567271403140492,0.5302939412117577,0.5232180331177136,0.5244022438199404,0.5232244982539953,1667
364,5,evaluate,3.6228806895238383,0.5278944211157769,0.5329231602241661,0.5315233408155373,0.5311617820187252,1667
365,0,evaluate,3.976123332977295,0.4967006598680264,0.5002792783827287,0.4988960649898869,0.49879711721904724,1667
365,1,evaluate,3.628781432354892,0.5272945410917816,0.5332562871282253,0.5307187615494029,0.530758416215332,1667
365,2,evaluate,3.9247897024507874,0.5110977804439112,0.5144047957684035,0.5060903309839068,0.5085607736755072,1667
365,3,evaluate,4.191244672845911,0.5272945410917816,0.5321748981737376,0.5291222254198066,0.5287320365672163,1667
365,4,evaluate,3.6249137585007163,0.5248950209958009,0.5256226954068384,0.5211186478159326,0.5220512267205147,1667
365,5,evaluate,3.5716016460210085,0.5266946610677864,0.5194660760500255,0.5209453249916802,0.5193838406001646,1667
366,0,evaluate,3.5671997838136225,0.5302939412117577,0.5233218595734707,0.5252233302942425,0.523412569657647,1667
366,1,evaluate,3.614184692510645,0.5218956208758249,0.5231769630901991,0.5182362051249623,0.5192223422690253,1667
366,2,evaluate,3.9116035567389593,0.5152969406118776,0.5189994528438889,0.5104716933334451,0.512964394507074,1667
366,3,evaluate,3.968540730299773,0.501499700059988,0.5053121309311089,0.5033191980069518,0.503923250827718,1667
366,4,evaluate,4.174968066038908,0.528494301139772,0.53213768196237,0.5303985834554248,0.5295131466741668,1667
366,5,evaluate,3.6349186444724046,0.5248950209958009,0.528950776897352,0.5281943829095953,0.5272180753656329,1667
367,0,evaluate,3.6438427479178817,0.5278944211157769,0.5323602108830187,0.5309777684031279,0.5301651314598083,1667
367,1,evaluate,3.568573619868537,0.5296940611877624,0.5242836260791651,0.5249079654772255,0.523742728793699,1667
367,2,evaluate,3.9067285414095276,0.5188962207558488,0.5219688891195846,0.5143585147084211,0.5163652856561003,1667
367,3,evaluate,3.6114855593316153,0.5260947810437913,0.5256516266943533,0.5223720404823938,0.52269308625218,1667
367,4,evaluate,4.156842629114787,0.5248950209958009,0.5290821553213398,0.5268743487628557,0.5258930752036637,1667
367,5,evaluate,3.9606542587280273,0.501499700059988,0.5048962709349676,0.5028942829016737,0.503627612807482,1667
368,0,evaluate,3.8922636155728942,0.5206958608278345,0.5231414746078432,0.5161770722609076,0.5175748148271933,1667
368,1,evaluate,3.5688308113754763,0.531493701259748,0.5271151558045769,0.5274166938747001,0.5260218898234853,1667
368,2,evaluate,3.656770545023459,0.5248950209958009,0.5291659172696543,0.5281060174815939,0.5268111968338479,1667
368,3,evaluate,3.609291859441092,0.5290941811637673,0.5276161000788939,0.5253476887376092,0.5252488462460866,1667
368,4,evaluate,3.9651316890010126,0.5002999400119976,0.5023617898175355,0.5019070400481916,0.5019491629960892,1667
368,5,evaluate,4.152802361382379,0.5290941811637673,0.5333292046983046,0.5309171461062516,0.5299578735348582,1667
369,0,evaluate,3.586861475991706,0.5320935812837433,0.5288152943761808,0.5278068634255693,0.5267992537990265,1667
369,1,evaluate,4.00586039048654,0.495500899820036,0.49809478359783066,0.49726700755468844,0.49740997052403146,1667
369,2,evaluate,3.6295250292815684,0.531493701259748,0.5284365087644316,0.5275315784268334,0.526815149924784,1667
369,3,evaluate,3.896214070143523,0.5242951409718056,0.5253392003342774,0.5197212768245466,0.5204966640407782,1667
369,4,evaluate,3.694994588692983,0.5248950209958009,0.5293247901639021,0.5280702293167627,0.5267862213445106,1667
369,5,evaluate,4.16578503008242,0.528494301139772,0.5337790860888033,0.5303417681582575,0.5298420776686225,1667
370,0,evaluate,4.1690780321757,0.5272945410917816,0.534334475019166,0.5289189528775026,0.5293450169123932,1667
370,1,evaluate,3.9043460157182484,0.5218956208758249,0.5223143552513404,0.5172106928858193,0.5178552727256236,1667
370,2,evaluate,3.644212078057333,0.531493701259748,0.5289383735808112,0.5276970834856427,0.5267401901762292,1667
370,3,evaluate,3.721748878558477,0.519496100779844,0.5243985412815376,0.5228990481322404,0.521144508321756,1667
370,4,evaluate,4.040702095738164,0.4931013797240552,0.49586893673085475,0.49466089721825074,0.4949871627079097,1667
370,5,evaluate,3.5949488217356027,0.528494301139772,0.5269931824818579,0.524405065645335,0.5234563231158036,1667
371,0,evaluate,3.6527042225018334,0.5338932213557288,0.5325853101198242,0.5304388625618739,0.5297183478439283,1667
371,1,evaluate,3.7401354489503085,0.5188962207558488,0.5253318347430784,0.5220183492618926,0.5207618884632443,1667
371,2,evaluate,4.164440993909483,0.5296940611877624,0.5382225583101645,0.531248858386929,0.5321306168743389,1667
371,3,evaluate,3.6004588131413415,0.5260947810437913,0.523439718913755,0.5213148642316952,0.5204221512891138,1667
371,4,evaluate,3.9228485778526023,0.5188962207558488,0.5182882221054428,0.5142751367906777,0.5144127390769713,1667
371,5,evaluate,4.069990546615036,0.49250149970005996,0.49561540663539916,0.49353718409787045,0.49421763187583323,1667
372,0,evaluate,4.155260916109438,0.5248950209958009,0.532547327894593,0.526449652322713,0.5271937560764153,1667
372,1,evaluate,3.6524826933447105,0.5380923815236952,0.537317122006487,0.5348151905627988,0.5342598561723163,1667
372,2,evaluate,3.9368351565466986,0.5182963407318536,0.5185657037833552,0.5134770876862201,0.5142718873910361,1667
372,3,evaluate,3.604107176126153,0.528494301139772,0.5272942164093856,0.5236986711516193,0.523286193905278,1667
372,4,evaluate,4.09570907663416,0.4997000599880024,0.5028498325824964,0.5009401979088539,0.5015544995712364,1667
372,5,evaluate,3.7416819157423795,0.5134973005398921,0.5194456657984226,0.516485139263277,0.5153236026656385,1667
373,0,evaluate,3.6613194118272414,0.5344931013797241,0.5329228593810954,0.5310698109759421,0.5304809894037885,1667
373,1,evaluate,3.962649204112865,0.519496100779844,0.5197659540055581,0.5143920971153195,0.5154026300744319,1667
373,2,evaluate,4.12521912433483,0.49610077984403117,0.4986681069491626,0.4971047106612218,0.49768718841142656,1667
373,3,evaluate,4.154301943602385,0.5242951409718056,0.5327221450495848,0.5258416553111491,0.5268101576661064,1667
373,4,evaluate,3.7379637680671833,0.5134973005398921,0.5183314339068855,0.5166801777111452,0.5149810604558969,1667
373,5,evaluate,3.6269696270702063,0.5338932213557288,0.5325409296404198,0.5285704284837867,0.5286319004301172,1667
374,0,evaluate,4.132096175794248,0.4937012597480504,0.49669090191946863,0.49480743820547035,0.4955185776920964,1667
374,1,evaluate,3.968343655268351,0.5218956208758249,0.521857716777327,0.5166577836804137,0.5177301021823102,1667
374,2,evaluate,3.647106365473182,0.528494301139772,0.5271873261679998,0.5228031583410118,0.522955054768881,1667
374,3,evaluate,3.667773604392702,0.5374925014997001,0.5352770376302813,0.5340774356132496,0.5328576057678309,1667
374,4,evaluate,4.140674414458098,0.525494901019796,0.5332424243641262,0.5268925834235646,0.5276399407934426,1667
374,5,evaluate,3.7187890907128653,0.5164967006598681,0.5200812935093511,0.5197859336313306,0.5179568023660206,1667
375,0,evaluate,3.9733304800810636,0.5188962207558488,0.5199089596721654,0.5136850715221138,0.5152828442437107,1667
375,1,evaluate,3.6746487065597817,0.531493701259748,0.5303411937887977,0.5253164044018412,0.5259248224558597,1667
375,2,evaluate,3.7152904525951103,0.5170965806838632,0.5213822688748885,0.5206824912731294,0.5191684854772525,1667
375,3,evaluate,4.123611123473556,0.525494901019796,0.5316996392722875,0.5268451846145622,0.5274587247923942,1667
375,4,evaluate,3.6696353370760257,0.5398920215956808,0.537748504827462,0.5363768675202584,0.5353317049607931,1667
375,5,evaluate,4.146240525775486,0.4943011397720456,0.4984880689446687,0.49524238650088864,0.4965582524599327,1667
376,0,evaluate,3.7352079119947224,0.5128974205158968,0.5170219953025736,0.5161526560952148,0.5147192212137006,1667
376,1,evaluate,4.003308631755687,0.5146970605878824,0.5149195800191702,0.509774342478105,0.511111706150561,1667
376,2,evaluate,4.165127047786006,0.49250149970005996,0.4968486637190116,0.49345950835314706,0.4946979324935783,1667
376,3,evaluate,3.6842985947926787,0.5398920215956808,0.5374535370637779,0.5364249673590945,0.5351380358106373,1667
376,4,evaluate,3.7067385095137135,0.5302939412117577,0.5278222665032597,0.5240311303587799,0.5243424290707364,1667
376,5,evaluate,4.1266134668279575,0.5230953809238152,0.5275464206652651,0.5245284777277902,0.5244516900263083,1667
377,0,evaluate,3.7718283655466855,0.5176964607078585,0.5217437638554543,0.5211787496958139,0.5197826709262394,1667
377,1,evaluate,3.7031283349166673,0.5362927414517097,0.5331379240523707,0.5326082473029705,0.531200968912634,1667
377,2,evaluate,4.042567138318662,0.5164967006598681,0.5166399988336075,0.5116238160963087,0.5129794108916083,1667
377,3,evaluate,4.186916165881687,0.4967006598680264,0.5005264709433852,0.4975406402834853,0.49850498040709823,1667
377,4,evaluate,3.740755045855487,0.531493701259748,0.5287121880702174,0.5253355766656449,0.5255764950096448,1667
377,5,evaluate,4.145884452042757,0.5242951409718056,0.5282034073602181,0.5258022132608081,0.5255658674448305,1667
378,0,evaluate,4.191618751596521,0.5026994601079784,0.5061221233627907,0.5038406191210621,0.5046651991123596,1667
378,1,evaluate,4.165401167339748,0.5266946610677864,0.5309169445882098,0.52825674532231,0.5280566981780737,1667
378,2,evaluate,3.755098434234107,0.5332933413317337,0.5301482048042234,0.5273054467905837,0.5272898920723197,1667
378,3,evaluate,3.7174328624466315,0.5326934613077384,0.5289295199100479,0.5289866753850491,0.5275957826234164,1667
378,4,evaluate,4.075421306822035,0.5158968206358728,0.5169625138596785,0.51141126424887,0.5130480991033199,1667
378,5,evaluate,3.7889463106791177,0.5200959808038392,0.5240649783647549,0.5238219758684658,0.5226997209611036,1667
379,0,evaluate,4.1772580411699085,0.49250149970005996,0.4952496309715831,0.49402207162295353,0.4942671421554478,1667
379,1,evaluate,3.7601762830659196,0.5332933413317337,0.5301644110248481,0.5277524567814098,0.527355922524814,1667
379,2,evaluate,4.104389746983846,0.5170965806838632,0.5188625376222813,0.5129368129322722,0.5145022520803293,1667
379,3,evaluate,3.727275639404485,0.5374925014997001,0.535550334514061,0.5340307922496722,0.5331370356813545,1667
379,4,evaluate,3.791818263354125,0.5236952609478105,0.5283974184818865,0.5277293876557018,0.5268011577335512,1667
379,5,evaluate,4.1711033715142145,0.5248950209958009,0.528282665156522,0.5264383571488752,0.5262189412825325,1667
380,0,evaluate,4.153632508383857,0.4901019796040792,0.4925328921514575,0.491710397431042,0.49171893426174895,1667
380,1,evaluate,3.7781304672912315,0.5272945410917816,0.5322263259745433,0.5311976985089102,0.5306036509007186,1667
380,2,evaluate,4.129087527592977,0.5116976604679064,0.515450631136704,0.5079076447112799,0.5099548529028843,1667
380,3,evaluate,4.15717093149821,0.5242951409718056,0.5267142421652238,0.5259168183001796,0.5250065073636979,1667
380,4,evaluate,3.7343741640632535,0.5398920215956808,0.5386949161073831,0.5367039521555691,0.5358914903374621,1667
380,5,evaluate,3.75223866822543,0.5332933413317337,0.5295005689710004,0.5274382434071418,0.5269513624996798,1667
381,0,evaluate,4.121616946326362,0.4937012597480504,0.49487347216670113,0.49526790685834843,0.49451101997610813,1667
381,1,evaluate,3.7352546247435203,0.5344931013797241,0.5321992454683622,0.5307727704300376,0.5298402207357003,1667
381,2,evaluate,4.13401307883086,0.5266946610677864,0.528442277552108,0.5284175135569222,0.5268083765341613,1667
381,3,evaluate,3.743809223175049,0.528494301139772,0.5327329833268537,0.5330091933309018,0.5315241499758634,1667
381,4,evaluate,4.1311442322201195,0.5212957408518296,0.5221651098371529,0.5168677578368797,0.5179285118329781,1667
381,5,evaluate,3.7318572065344564,0.5332933413317337,0.5280176766633627,0.5270310853782815,0.5261968404790224,1667
382,0,evaluate,3.7014043095671094,0.5344931013797241,0.5334792049183065,0.5306167672360761,0.5302919310360371,1667
382,1,evaluate,4.091924587885539,0.525494901019796,0.5271979280884186,0.5273104714014761,0.5255901721987618,1667
382,2,evaluate,4.062088692629779,0.4937012597480504,0.4949483783969555,0.4952798455427466,0.49439922253184887,1667
382,3,evaluate,3.6858851535728685,0.5320935812837433,0.5261929015224576,0.5259405260048888,0.5249116888943266,1667
382,4,evaluate,4.081327950512922,0.52249550089982,0.5220279229295093,0.5179019002327561,0.518566884724334,1667
382,5,evaluate,3.6948799822065563,0.5248950209958009,0.5285288151295078,0.5294414807483415,0.5278016759082733,1667
383,0,evaluate,3.9945821673781783,0.4979004199160168,0.5000319567175837,0.4996450042373607,0.49893930656466906,1667
383,1,evaluate,4.035840626116152,0.5272945410917816,0.529125727506941,0.5290350554011054,0.5269916450298114,1667
383,2,evaluate,3.9956132924115217,0.5182963407318536,0.5186943829954254,0.5137911836112243,0.5144912266416235,1667
383,3,evaluate,3.626356825094532,0.5356928614277144,0.5313348871234853,0.5300974477655258,0.5294856463297343,1667
383,4,evaluate,3.6207748232064425,0.5308938212357528,0.5351311603224538,0.535887497963464,0.5343251496268148,1667
383,5,evaluate,3.6426817620242073,0.5320935812837433,0.5301386884281276,0.5279765000689262,0.5275500221046034,1667
384,0,evaluate,3.918463539194178,0.5002999400119976,0.5032686172261339,0.5019621753922461,0.5017555446742831,1667
384,1,evaluate,3.549908966653877,0.5326934613077384,0.5278583793399523,0.5270799337259006,0.5263817371278096,1667
384,2,evaluate,3.9702464562875255,0.5296940611877624,0.5308758672301449,0.5314730498370278,0.5292604100977665,1667
384,3,evaluate,3.580978655520774,0.5344931013797241,0.5315104436561169,0.5302212605642433,0.5294035846187822,1667
384,4,evaluate,3.541612653820603,0.525494901019796,0.5292700115825675,0.5307643509152058,0.5284871867231967,1667
384,5,evaluate,3.906523236521968,0.5182963407318536,0.5181069478553189,0.5137972815613121,0.5137905099897411,1667
385,0,evaluate,3.5568409039650004,0.5362927414517097,0.532564689129544,0.5319521937135794,0.5306138488117048,1667
385,1,evaluate,3.877574152416653,0.4997000599880024,0.5017611417568968,0.5010221627851893,0.500602703447273,1667
385,2,evaluate,3.8510953497003624,0.5206958608278345,0.5199464929705783,0.5164667714787757,0.5160686458137034,1667
385,3,evaluate,3.9454587212315313,0.5332933413317337,0.5345406821733096,0.5349198347167208,0.5328609521175409,1667
385,4,evaluate,3.5134243965148926,0.5266946610677864,0.5294265981384836,0.5320185465359832,0.5289643788406149,1667
385,5,evaluate,3.5016065279918687,0.5344931013797241,0.5282440963502015,0.5289454254489823,0.5275765044886602,1667
386,0,evaluate,3.8387033762755216,0.4991001799640072,0.5000182753909997,0.5003023527269285,0.4993962924052339,1667
386,1,evaluate,3.4915822920975863,0.5308938212357528,0.5334086663688249,0.5364114097282484,0.5329275886026755,1667
386,2,evaluate,3.4576198297932192,0.5296940611877624,0.5224989561920717,0.5236797052079168,0.522057154513558,1667
386,3,evaluate,3.916401050708912,0.5308938212357528,0.5321492869016281,0.5325537167489724,0.5307783406608425,1667
386,4,evaluate,3.7953049253534386,0.5206958608278345,0.519456950621246,0.5164073183051711,0.5156834098617658,1667
386,5,evaluate,3.531911217135892,0.5380923815236952,0.5326293411593397,0.5336611990861654,0.5314589736073924,1667
387,0,evaluate,3.4409327360766904,0.5278944211157769,0.5207881196318775,0.5220673843602054,0.5201376201744341,1667
387,1,evaluate,3.919660347479361,0.5242951409718056,0.5256061676297088,0.5258247334147451,0.5244591107217063,1667
387,2,evaluate,3.529910917634374,0.5374925014997001,0.5317613710779759,0.5330833396061417,0.531094285463072,1667
387,3,evaluate,3.77907493379381,0.5290941811637673,0.5276832696752658,0.5250960059988266,0.523922300479089,1667
387,4,evaluate,3.836112040060538,0.4991001799640072,0.5002923530178875,0.5004877619847242,0.49973694227070864,1667
387,5,evaluate,3.494112379021115,0.5302939412117577,0.5331208422438245,0.5359823457249081,0.5326424062996701,1667
388,0,evaluate,3.4480714086201734,0.5290941811637673,0.5222603715049174,0.5235282316596317,0.5212323594556747,1667
388,1,evaluate,3.7928028813114874,0.5266946610677864,0.5268078357397468,0.5225634397025462,0.5226141269128772,1667
388,2,evaluate,3.8508283120614513,0.501499700059988,0.5023170534712028,0.5031208095374506,0.5022125371503019,1667
388,3,evaluate,3.5497284627148207,0.5380923815236952,0.5319159851424132,0.5340536016052093,0.5315000046324487,1667
388,4,evaluate,3.5204235723725072,0.5272945410917816,0.5300931290969719,0.5329084031793931,0.529605278507236,1667
388,5,evaluate,3.9504354265001087,0.5290941811637673,0.5308747623798522,0.5307715579486525,0.5297985558974271,1667
389,0,evaluate,3.891980277167426,0.4997000599880024,0.5008244516654659,0.5013264646017659,0.5007330303915613,1667
389,1,evaluate,3.489578205747185,0.5320935812837433,0.5248891382826002,0.5266835772706109,0.5244064323558717,1667
389,2,evaluate,3.8393675839459456,0.5218956208758249,0.5198020895454494,0.517667976416865,0.5172229899127415,1667
389,3,evaluate,3.5998838403418767,0.5368926214757048,0.5314821384582931,0.5331323399005186,0.5305440967777387,1667
389,4,evaluate,3.572081062528822,0.5260947810437913,0.5287358275546417,0.5310730434350142,0.5280640476429033,1667
389,5,evaluate,4.0137763023376465,0.5296940611877624,0.5331555827656438,0.5310112914949348,0.5310246821530302,1667
390,0,evaluate,3.6461459338061104,0.5374925014997001,0.5323666226406346,0.534282800907428,0.5313783497312834,1667
390,1,evaluate,3.892232559345387,0.5146970605878824,0.513738776238758,0.5101598104159072,0.5107667883198954,1667
390,2,evaluate,4.074647647363168,0.5260947810437913,0.5291380603610187,0.5271318685517551,0.5272403417281313,1667
390,3,evaluate,3.622200118170844,0.5236952609478105,0.5250790743709173,0.5281670305458622,0.52503329809511,1667
390,4,evaluate,3.9401668972439237,0.495500899820036,0.49691354505803786,0.49691667543706214,0.4966302137786952,1667
390,5,evaluate,3.547919166955614,0.5308938212357528,0.525059188325623,0.5256929902367921,0.523697632386726,1667
391,0,evaluate,3.959054849765919,0.519496100779844,0.51951547870201,0.5147462252761912,0.515970426990322,1667
391,1,evaluate,4.011121529119986,0.4991001799640072,0.5009827265509627,0.5009090975583605,0.5005411797555135,1667
391,2,evaluate,3.6231883221685335,0.531493701259748,0.5267899215373293,0.526923420492744,0.5249553858488173,1667
391,3,evaluate,3.6878354361763708,0.5302939412117577,0.5326052968783888,0.5338016668265166,0.532250362423292,1667
391,4,evaluate,3.699882342283133,0.5356928614277144,0.5321507805781551,0.5324992064699939,0.5298221946785827,1667
391,5,evaluate,4.137493389624137,0.5212957408518296,0.5241121854957697,0.5223042926005543,0.5218857944125401,1667
392,0,evaluate,4.033787877471359,0.5122975404919016,0.5137051463789334,0.5076096394302527,0.5094632943751896,1667
392,1,evaluate,4.213381016695941,0.5242951409718056,0.5276623554353919,0.5254299969130454,0.5249699203067076,1667
392,2,evaluate,4.103731208377415,0.498500299940012,0.49929535205899356,0.5001845103132158,0.4990977964161522,1667
392,3,evaluate,3.712427676935611,0.525494901019796,0.520666651777308,0.5207538055781992,0.5187570142816471,1667
392,4,evaluate,3.759228750511452,0.5302939412117577,0.5331889893944816,0.5334958225589761,0.5324143715963823,1667
392,5,evaluate,3.7642099325444347,0.5350929814037193,0.5324107140796912,0.5323519802926113,0.5297255416913258,1667
393,0,evaluate,3.7657988271762237,0.5242951409718056,0.5192451694971703,0.5195860690212799,0.5174814830900527,1667
393,1,evaluate,3.799316232955014,0.5266946610677864,0.5301191083272303,0.5299639461875516,0.5290115303213978,1667
393,2,evaluate,4.159586085213555,0.4997000599880024,0.5011985343334292,0.5014381779937875,0.5004894204617303,1667
393,3,evaluate,4.087186009795578,0.5152969406118776,0.5160820543268427,0.5102988004004889,0.512095737573903,1667
393,4,evaluate,3.8053123875639963,0.5368926214757048,0.5348259588439169,0.5343161426020693,0.5322960647855358,1667
393,5,evaluate,4.259259612471969,0.5290941811637673,0.5318441433254331,0.5304012975374774,0.5292647776428451,1667
394,0,evaluate,4.330714676115248,0.5272945410917816,0.5301854043885748,0.5287264720511677,0.5274968526653716,1667
394,1,evaluate,4.225744582988598,0.501499700059988,0.5049963167079788,0.5033370532660031,0.5032394459470244,1667
394,2,evaluate,3.8580592222062005,0.5338932213557288,0.5326511024350403,0.5313878161456026,0.5297106714744482,1667
394,3,evaluate,3.8452392761354095,0.5260947810437913,0.5293158126806576,0.5295805472890911,0.5282777381294212,1667
394,4,evaluate,4.1492459244198265,0.5158968206358728,0.5190020757270939,0.5108209731986234,0.5137913347705455,1667
394,5,evaluate,3.821345731271086,0.5266946610677864,0.5220289240416024,0.5219836915569722,0.519955462601735,1667
395,0,evaluate,4.262282971982603,0.5008998200359928,0.5047871601580998,0.5025454300478147,0.5027172584214619,1667
395,1,evaluate,4.192726303029944,0.5128974205158968,0.516130661592671,0.5082037993572726,0.5108362062926217,1667
395,2,evaluate,3.868290723473937,0.5218956208758249,0.5244000140862591,0.5254852763506261,0.5237597664418263,1667
395,3,evaluate,4.385176278926708,0.5260947810437913,0.5295597643655215,0.5274926213500388,0.5266977190634426,1667
395,4,evaluate,3.849289214135044,0.5302939412117577,0.5254139460325413,0.5255834508587628,0.5234743483842397,1667
395,5,evaluate,3.887416370074317,0.5326934613077384,0.5316499821722103,0.5299730131399725,0.5287348693118255,1667
396,0,evaluate,4.20794697161074,0.5140971805638872,0.5176849526273687,0.5098114765900821,0.512099899174314,1667
396,1,evaluate,4.274528777157819,0.501499700059988,0.5043780928960806,0.5032434974932739,0.5029370258159528,1667
396,2,evaluate,4.396472100858335,0.5272945410917816,0.5304049439118349,0.5287968243251494,0.527756212248148,1667
396,3,evaluate,3.8600839419911304,0.5308938212357528,0.526750958228774,0.5268923047692742,0.5242721851130516,1667
396,4,evaluate,3.8704064322842493,0.5200959808038392,0.5223456763675712,0.523921643067203,0.5220434966248322,1667
396,5,evaluate,3.894021681785657,0.5320935812837433,0.5317858107668283,0.529173313918845,0.5285760829155807,1667
397,0,evaluate,3.8575616743829517,0.5182963407318536,0.5211225637708697,0.5225027592169538,0.520732810413609,1667
397,1,evaluate,3.8595010325209134,0.5296940611877624,0.5251858342682858,0.5256752299297672,0.5230189546824254,1667
397,2,evaluate,3.8740843034072863,0.5338932213557288,0.5338449215424728,0.5307883215538817,0.5304608471291381,1667
397,3,evaluate,4.201234075758192,0.5140971805638872,0.5179782377935914,0.5095096589441693,0.5120051644856917,1667
397,4,evaluate,4.256080592120135,0.5020995800839833,0.5048458547868413,0.5036553379652788,0.5034913812409151,1667
397,5,evaluate,4.397118983445345,0.528494301139772,0.5323928674882523,0.5301609492667542,0.529354151353859,1667
398,0,evaluate,3.8434256742024178,0.5338932213557288,0.533131793654434,0.5307134990891383,0.5302171264536534,1667
398,1,evaluate,3.8480621642536588,0.5182963407318536,0.5208265744673528,0.5226352199168111,0.5208966972849313,1667
398,2,evaluate,4.188661698941831,0.5164967006598681,0.5208530864652137,0.5123262461583644,0.5144051606609221,1667
398,3,evaluate,3.8443777308480263,0.528494301139772,0.5230225497422758,0.523587226555093,0.521132134781385,1667
398,4,evaluate,4.241786197379783,0.5038992201559688,0.506320797037047,0.5057445699370094,0.5054084140888792,1667
398,5,evaluate,4.394260680233991,0.5290941811637673,0.5336983972719784,0.530826608025045,0.5303440785668355,1667
399,0,evaluate,4.385233366930926,0.5266946610677864,0.5294942495844751,0.5283142888181428,0.5273425724123378,1667
399,1,evaluate,3.83195172425325,0.5260947810437913,0.5211125363989865,0.5212459144928023,0.518989090016692,1667
399,2,evaluate,3.848112744313699,0.519496100779844,0.5216498382009858,0.5238457759219087,0.5218305891165743,1667
399,3,evaluate,3.8223904533147697,0.5422915416916617,0.5402128855853228,0.538681257455287,0.5382307180687798,1667
399,4,evaluate,4.158773952060276,0.5200959808038392,0.5221066484178145,0.5157343557141886,0.5168555340643225,1667
399,5,evaluate,4.23624469615795,0.5062987402519497,0.5080786834889052,0.5082208928561551,0.5076017772895025,1667
400,0,evaluate,4.253274732165867,0.5056988602279544,0.507650442674813,0.5076729242462168,0.5072740825162786,1667
400,1,evaluate,3.8358799158940435,0.5212957408518296,0.5169080831155444,0.5165027815197573,0.5147172980680917,1667
400,2,evaluate,4.142651398976644,0.5176964607078585,0.5185899566645684,0.5132275716268916,0.5137445271174924,1667
400,3,evaluate,3.864719832385028,0.5236952609478105,0.5257069482874576,0.5284378230834033,0.5259027264940261,1667
400,4,evaluate,3.8220432614100783,0.5488902219556089,0.5470283186691561,0.5452438082336319,0.5450900103530177,1667
400,5,evaluate,4.373137226811162,0.5266946610677864,0.5298739418073408,0.52840305589818,0.5276988527188535,1667
401,0,evaluate,3.8508488491729453,0.5290941811637673,0.5311705551045645,0.5336685028254798,0.5312162352564045,1667
401,1,evaluate,4.330761353174846,0.5290941811637673,0.5325888680752193,0.5309728418784534,0.5300620396317511,1667
401,2,evaluate,4.238658507664998,0.5098980203959208,0.5113463573091503,0.5118644101053685,0.5111864538560922,1667
401,3,evaluate,3.8004358226868655,0.5512897420515896,0.5468888541623951,0.5472983378414005,0.5460214451425894,1667
401,4,evaluate,3.8056861299124582,0.5266946610677864,0.5213353965741734,0.5214434745498882,0.5196036095049215,1667
401,5,evaluate,4.089242581967954,0.5170965806838632,0.5158045470028501,0.512266440720827,0.512013557722226,1667
402,0,evaluate,4.225938081741333,0.5038992201559688,0.50506635990353,0.5057276615320286,0.5051319168096746,1667
402,1,evaluate,3.7813373814440436,0.5308938212357528,0.5250409412928291,0.5254672238144036,0.5237940440892517,1667
402,2,evaluate,3.8277199113810503,0.5320935812837433,0.5349149591946155,0.5371748081191271,0.5347467795671252,1667
402,3,evaluate,4.27765209586532,0.5266946610677864,0.528377873263075,0.5285599025699461,0.5270460911447248,1667
402,4,evaluate,4.042275411111337,0.5152969406118776,0.5149541142696169,0.5110612873889699,0.5109469335530832,1667
402,5,evaluate,3.77028868669333,0.5494901019796041,0.5438553661175349,0.5453438138481694,0.5438913995475984,1667
403,0,evaluate,4.020300247051098,0.5158968206358728,0.5146028149343979,0.5112132925730534,0.5108911032591064,1667
403,1,evaluate,4.249650257605094,0.5086982603479304,0.5100954674659228,0.5104486325647428,0.5099845458106478,1667
403,2,evaluate,4.255700517583777,0.5236952609478105,0.5247435647793417,0.525474096493222,0.5237966190122124,1667
403,3,evaluate,3.765991287466755,0.5512897420515896,0.5457037674763765,0.5471904313436012,0.545506119227133,1667
403,4,evaluate,3.828188414926882,0.5380923815236952,0.5401932508097906,0.5428908242142415,0.5401608007774306,1667
403,5,evaluate,3.792955041276636,0.528494301139772,0.5227604944839929,0.522877101093618,0.521568569311421,1667
404,0,evaluate,3.8051518659900734,0.5266946610677864,0.5206539371067739,0.5208686499549009,0.519843834729177,1667
404,1,evaluate,3.8376508068155357,0.5398920215956808,0.5423314347251911,0.5443366648514771,0.5422091648479703,1667
404,2,evaluate,4.2743250352365,0.5032993401319736,0.5038171471428952,0.5048523248569277,0.5040198443143006,1667
404,3,evaluate,4.259877037118982,0.5242951409718056,0.5251865179670568,0.525881661733115,0.5244359521116042,1667
404,4,evaluate,4.025465841646548,0.5140971805638872,0.5127510759861794,0.5092635585447466,0.5093022254151071,1667
404,5,evaluate,3.7783785101803207,0.5494901019796041,0.5446594309707783,0.5454102387088668,0.5439044008505947,1667
405,0,evaluate,3.8461264040735035,0.5416916616676665,0.5450092582381438,0.546099866869594,0.5440144821805126,1667
405,1,evaluate,4.03560154526322,0.5188962207558488,0.5167552934971654,0.5139865151608448,0.5139446307104715,1667
405,2,evaluate,4.291062090131971,0.4979004199160168,0.4980263418627233,0.49958741120362093,0.49827269090676624,1667
405,3,evaluate,3.8180707722074456,0.5266946610677864,0.5215110907714968,0.5211324388830791,0.5204831971003182,1667
405,4,evaluate,3.798004772924893,0.5470905818836233,0.5431277495656441,0.5430223377579697,0.5418962935151387,1667
405,5,evaluate,4.262967383420026,0.5218956208758249,0.5234959637162266,0.5235468249452214,0.5224469653471843,1667
406,0,evaluate,4.283194259360984,0.495500899820036,0.49675747001392645,0.4970833316360472,0.4963708376394972,1667
406,1,evaluate,3.8362242623611733,0.5398920215956808,0.5431621805772062,0.5439552653686829,0.542202294758153,1667
406,2,evaluate,4.252573640258224,0.5242951409718056,0.5250808361848661,0.5260409390115082,0.524738846469696,1667
406,3,evaluate,4.04387288623386,0.5152969406118776,0.5132258957016763,0.5102299634383735,0.5103686020127032,1667
406,4,evaluate,3.8048064840474614,0.5308938212357528,0.5249766201372754,0.5251175787560713,0.5242344755284087,1667
406,5,evaluate,3.802998076232109,0.5494901019796041,0.5455223401619431,0.5457397160031788,0.5446421107205482,1667
407,0,evaluate,3.8318576473389436,0.5458908218356329,0.5423298419120524,0.5420630550199739,0.5410153962590489,1667
407,1,evaluate,4.275240271179764,0.5230953809238152,0.5247692075616128,0.5247171185285163,0.5238394180973003,1667
407,2,evaluate,3.840656746316839,0.5362927414517097,0.5391737714089028,0.5406778897243083,0.5384742660050563,1667
407,3,evaluate,3.8048539626653546,0.5344931013797241,0.5291541935749404,0.5288341750461857,0.5282292149041772,1667
407,4,evaluate,4.292959539978592,0.501499700059988,0.5012012087085952,0.5026115971834983,0.5014392367460071,1667
407,5,evaluate,4.08246707033228,0.5152969406118776,0.5134057705031225,0.5097904558629965,0.5103691442222889,1667
408,0,evaluate,3.8491874637659715,0.5428914217156569,0.5397229926808409,0.5393190198915713,0.5380247208802889,1667
408,1,evaluate,4.120725013591625,0.5176964607078585,0.5159426953158652,0.5125931966903671,0.5131360228600192,1667
408,2,evaluate,4.280207837069476,0.5278944211157769,0.5310279959148282,0.5299465282568115,0.5293208356648986,1667
408,3,evaluate,4.297056198120117,0.5038992201559688,0.5026296522690094,0.5049549276685397,0.5032897976543547,1667
408,4,evaluate,3.8035515350876032,0.5392921415716857,0.5338243083996346,0.5336810413471988,0.5328504100557165,1667
408,5,evaluate,3.8413886847319425,0.5338932213557288,0.5355727530259474,0.5381309613706662,0.5353299538985046,1667
409,0,evaluate,3.8510308067003884,0.5320935812837433,0.5337660658997531,0.5361499985993375,0.5334862220808061,1667
409,1,evaluate,3.8696552911998072,0.5440911817636472,0.5404602644354009,0.540702643728084,0.5389117095984606,1667
409,2,evaluate,4.311758800789162,0.5056988602279544,0.5045448229873775,0.5064454863071877,0.5048904475850374,1667
409,3,evaluate,4.288561238182916,0.5260947810437913,0.5291200663939678,0.5279163457809058,0.5272076126119312,1667
409,4,evaluate,3.809436357959553,0.5398920215956808,0.5352179571092431,0.534391008687153,0.5335393026945829,1667
409,5,evaluate,4.156495535815203,0.5182963407318536,0.5159285777304172,0.5133421509468226,0.5137074396878546,1667
410,0,evaluate,4.201325195806998,0.5206958608278345,0.5193790343478017,0.5157006698626309,0.5165529399446214,1667
410,1,evaluate,3.87606081366539,0.531493701259748,0.532787491375923,0.5357754766940266,0.5327723034523784,1667
410,2,evaluate,4.3476923395086216,0.5056988602279544,0.505354531623345,0.5066513604805636,0.5054732074300247,1667
410,3,evaluate,3.8230053713476218,0.5368926214757048,0.5319292816297396,0.5317676449804726,0.5304974621342134,1667
410,4,evaluate,3.8994302911492857,0.5434913017396521,0.542010221273254,0.5406049560423015,0.5396017721919418,1667
410,5,evaluate,4.304222009800099,0.5236952609478105,0.5267368120824963,0.5256313321911759,0.5247687781549529,1667
411,0,evaluate,3.8335792554749384,0.5302939412117577,0.5261550662959934,0.5253553618068435,0.524173793734641,1667
411,1,evaluate,4.329066479647601,0.525494901019796,0.5286361755761895,0.527521803283153,0.5263105037708071,1667
411,2,evaluate,4.373884492450291,0.5050989802039592,0.5063381417586895,0.5063617299719129,0.5058890496245363,1667
411,3,evaluate,3.887368419656047,0.5200959808038392,0.5215150787308146,0.5242551050045682,0.5216391641608804,1667
411,4,evaluate,3.921388995499742,0.5422915416916617,0.5419096356566819,0.5396789864747193,0.5389168335246259,1667
411,5,evaluate,4.235152394683273,0.5182963407318536,0.5179045869395259,0.5135691442345249,0.514620399168012,1667
412,0,evaluate,3.9400263951144248,0.5404919016196761,0.5402589733236369,0.5380843400893368,0.5373043641022953,1667
412,1,evaluate,4.341161983984488,0.5266946610677864,0.5297287025697833,0.5287198743794514,0.5273305289398723,1667
412,2,evaluate,3.8333574489310935,0.5248950209958009,0.5209097188553143,0.5203305162185415,0.5188088562472245,1667
412,3,evaluate,4.37979938365795,0.5032993401319736,0.5050707985566272,0.5049032064899525,0.5044554131029603,1667
412,4,evaluate,4.2489138974083795,0.519496100779844,0.5198516843301471,0.5147458774304979,0.5161717267124163,1667
412,5,evaluate,3.8843592637115054,0.5158968206358728,0.5168884951352084,0.5200782430654617,0.517279336579629,1667
413,0,evaluate,4.392426367159243,0.5008998200359928,0.502239121875565,0.502423016754209,0.501867913726987,1667
413,1,evaluate,4.344539765958433,0.5296940611877624,0.5318620339973112,0.5315112798054287,0.5295721855336958,1667
413,2,evaluate,3.841950692926292,0.5230953809238152,0.5192937978183342,0.5189937360868961,0.5169227423359244,1667
413,3,evaluate,3.9589150422881025,0.5410917816436712,0.5406695140002348,0.5386568159182039,0.5377722871931535,1667
413,4,evaluate,3.882658217792158,0.5170965806838632,0.5178513280991058,0.5208260091390925,0.5181920619606127,1667
413,5,evaluate,4.253117676134463,0.5176964607078585,0.5186907991724748,0.5133580090576495,0.5146416199676714,1667
414,0,evaluate,3.8708439943967043,0.5176964607078585,0.5183377943018981,0.5213981070898523,0.5187547515814213,1667
414,1,evaluate,4.396940390268962,0.5026994601079784,0.5048407791236812,0.5043448439496496,0.5041786087372602,1667
414,2,evaluate,3.844693513173196,0.5200959808038392,0.5163316547017626,0.5162312197275882,0.5140774011720618,1667
414,3,evaluate,4.2386275750619395,0.5164967006598681,0.5170876347231018,0.5114812171015848,0.5129809628075164,1667
414,4,evaluate,4.344083176718818,0.5296940611877624,0.53219698572553,0.5314832040008051,0.5299892649504562,1667
414,5,evaluate,3.96400385727052,0.5392921415716857,0.5385305079019229,0.5368797148514853,0.5356608888435752,1667
415,0,evaluate,3.9570956701097404,0.5290941811637673,0.5279536388375514,0.5270619005882304,0.5253854988714648,1667
415,1,evaluate,3.8472835565054857,0.519496100779844,0.5210616648444995,0.5228213910721791,0.520733185251743,1667
415,2,evaluate,4.392760947898582,0.498500299940012,0.5004252351952301,0.5002210731340518,0.49994125047310767,1667
415,3,evaluate,4.357080026909157,0.5260947810437913,0.5286352687964828,0.527534452453959,0.5266064672389322,1667
415,4,evaluate,3.830742673362019,0.5200959808038392,0.5167993359766729,0.5158200877427311,0.5142507524546845,1667
415,5,evaluate,4.201141057191072,0.5170965806838632,0.5172165718268728,0.5122721548526695,0.513332351020062,1667
416,0,evaluate,3.8266600789847196,0.5206958608278345,0.522824225050923,0.5237882164137939,0.5218657701682319,1667
416,1,evaluate,3.946078836179418,0.5296940611877624,0.5289286790587916,0.5278794492134256,0.526237769896436,1667
416,2,evaluate,4.1605926266422975,0.5128974205158968,0.5145982663569987,0.5086451620157072,0.5098395223980785,1667
416,3,evaluate,4.389034730416757,0.49250149970005996,0.49442848312663007,0.49434876967983155,0.49391810762883875,1667
416,4,evaluate,4.350946585337321,0.5290941811637673,0.5311646204837543,0.5305309125794611,0.5295287534835861,1667
416,5,evaluate,3.8134799584470414,0.525494901019796,0.522269274292859,0.5215283332308965,0.5197421264650278,1667
417,0,evaluate,4.363934949592307,0.49190161967606477,0.49335192615240003,0.49391128727557626,0.49327575447380695,1667
417,1,evaluate,4.109810908635457,0.5158968206358728,0.5173767838195974,0.5117343821526675,0.5128667511007254,1667
417,2,evaluate,3.791885220342212,0.5248950209958009,0.5277324492670991,0.5284301657914701,0.5266172942748414,1667
417,3,evaluate,3.7891682654067322,0.5260947810437913,0.5231359900891013,0.52170389837435,0.5204675116829095,1667
417,4,evaluate,3.909509906057826,0.5230953809238152,0.5226825014139113,0.5214166530747164,0.5196127151740892,1667
417,5,evaluate,4.318877361438893,0.5302939412117577,0.5321784628918722,0.5316802510770426,0.5306537159938944,1667
418,0,evaluate,3.8553474022951884,0.5266946610677864,0.526745001295301,0.524502035614444,0.5236569515577053,1667
418,1,evaluate,4.055326894477561,0.5092981403719257,0.5102098934901939,0.5052496742430049,0.5061097192989632,1667
418,2,evaluate,3.7630667509123064,0.5164967006598681,0.5135295443187731,0.5118122201614288,0.5107012380154036,1667
418,3,evaluate,4.28105976846483,0.5302939412117577,0.5340422606616684,0.5315019123746731,0.5313773253868705,1667
418,4,evaluate,3.744733663620772,0.5266946610677864,0.5303690576876937,0.5303635350767316,0.5287397360605995,1667
418,5,evaluate,4.327050738864475,0.4907018596280744,0.49278016050229995,0.492432063532209,0.4923014523389736,1667
419,0,evaluate,3.7040534349615446,0.5158968206358728,0.5122229864623146,0.5110610257349228,0.5099511578679389,1667
419,1,evaluate,3.760541319835149,0.5260947810437913,0.5270504381210225,0.523651535642405,0.5231475099743508,1667
419,2,evaluate,4.2050601906246605,0.528494301139772,0.532339047031122,0.5295522672218901,0.5295401738254198,1667
419,3,evaluate,3.6722167630990348,0.5206958608278345,0.5252987536255942,0.5243511507044478,0.523024407442507,1667
419,4,evaluate,3.9663625646520546,0.5128974205158968,0.5131714914804805,0.5090039800806007,0.5093013600658612,1667
419,5,evaluate,4.232929944992065,0.4937012597480504,0.4957849807042689,0.49524620965404126,0.49526689581997535,1667
420,0,evaluate,3.637410462980538,0.519496100779844,0.517104911119405,0.5148162816094546,0.5143747224099233,1667
420,1,evaluate,3.590252445251853,0.5236952609478105,0.5289669616353969,0.5274174245455681,0.5264672461704069,1667
420,2,evaluate,4.1370105213589135,0.4979004199160168,0.5006749481831051,0.49940145112431333,0.49968478777008735,1667
420,3,evaluate,4.120022279244882,0.5296940611877624,0.5339999345668052,0.5308621584087543,0.5308883163201449,1667
420,4,evaluate,3.667207844444689,0.528494301139772,0.5293431535461968,0.5259580748561943,0.5253916829923131,1667
420,5,evaluate,3.893962692331385,0.5050989802039592,0.5067161540375389,0.5009398313938033,0.5019963527097424,1667
421,0,evaluate,4.058348090560348,0.5302939412117577,0.5350572787355171,0.5316327070472234,0.5316897780747973,1667
421,1,evaluate,3.5404485442020275,0.52249550089982,0.5275054643855486,0.5265810909174948,0.5256911103300841,1667
421,2,evaluate,3.597919409612856,0.52249550089982,0.5242286160247642,0.5194790904588678,0.5195878997795138,1667
421,3,evaluate,3.8457284856725624,0.50749850029994,0.5093679670280583,0.5035682745014121,0.5041895755972192,1667
421,4,evaluate,3.5952954239263715,0.5200959808038392,0.5177075504376389,0.5152244414101095,0.5148628712219243,1667
421,5,evaluate,4.070878037699947,0.498500299940012,0.50215054322441,0.49999704450790733,0.5004321432303606,1667
422,0,evaluate,4.028830069082755,0.4997000599880024,0.5041812519576838,0.5013618353467194,0.5020752892581071,1667
422,1,evaluate,3.5642554891408644,0.5296940611877624,0.5304799954240327,0.5269556942342746,0.5265025571782196,1667
422,2,evaluate,3.5722166499191963,0.5200959808038392,0.5181733450696362,0.5149085000419082,0.5146617187384038,1667
422,3,evaluate,4.0438398166939065,0.5248950209958009,0.5297124593414027,0.5263916116306957,0.526514082488393,1667
422,4,evaluate,3.524447084576995,0.5170965806838632,0.5234202451092286,0.521318103334166,0.520868432131077,1667
422,5,evaluate,3.8355005317264133,0.5032993401319736,0.5059694859512939,0.49894780215676005,0.4999274017260996,1667
423,0,evaluate,3.537322751901768,0.5176964607078585,0.5241731122574049,0.5217799258957494,0.5212647679372642,1667
423,1,evaluate,4.019153365382442,0.5032993401319736,0.5088915889562851,0.5047709642437697,0.5060091416749761,1667
423,2,evaluate,4.06227085325453,0.525494901019796,0.531376806247884,0.5269491442736565,0.5275321449158132,1667
423,3,evaluate,3.5695578127547547,0.519496100779844,0.5183554818767836,0.5141347670136936,0.5143095673211879,1667
423,4,evaluate,3.8546672927008734,0.5086982603479304,0.5123131347285075,0.5044464408841081,0.5055532476551641,1667
423,5,evaluate,3.5707621396295846,0.5296940611877624,0.5315110447509284,0.5269828669829826,0.52677930823961,1667
424,0,evaluate,3.9142699241638184,0.5098980203959208,0.516102558112322,0.5059830429553183,0.5078678895009698,1667
424,1,evaluate,4.098357041676839,0.5260947810437913,0.5310894683007945,0.5275255164421981,0.5276826419305303,1667
424,2,evaluate,3.597030526234044,0.5170965806838632,0.5156185706020074,0.511516832685579,0.5116391837563771,1667
424,3,evaluate,3.6140256162353683,0.5338932213557288,0.5351638775605492,0.5308498563401537,0.5305779644827805,1667
424,4,evaluate,4.041540649202135,0.5008998200359928,0.5061289535480435,0.5022042145409904,0.5033589875135952,1667
424,5,evaluate,3.5730264672526606,0.5164967006598681,0.5223980446763247,0.5202700605997721,0.5197826760826626,1667
425,0,evaluate,3.6162416526564845,0.5122975404919016,0.5180389136050865,0.51633701506667,0.5157825093891508,1667
425,1,evaluate,4.140107375604135,0.5206958608278345,0.5250196926830426,0.5219972071177951,0.5221487761077104,1667
425,2,evaluate,4.073538921497486,0.501499700059988,0.5061401103081595,0.502801928682301,0.5037138104809651,1667
425,3,evaluate,3.979429739492911,0.5134973005398921,0.5205293864786624,0.5092036128921711,0.5117742023823016,1667
425,4,evaluate,3.6360689209843122,0.5176964607078585,0.5162803304611858,0.5121452370224675,0.5123142764441325,1667
425,5,evaluate,3.661595688850799,0.5398920215956808,0.5414720179253321,0.5368830192948384,0.5365859742176292,1667
426,0,evaluate,4.124639272689819,0.5020995800839833,0.5064904382275224,0.5033568765181577,0.5043359955713994,1667
426,1,evaluate,4.183992032651548,0.5182963407318536,0.5221100092559336,0.5198212189471464,0.5196534301755871,1667
426,2,evaluate,4.074283140676993,0.5152969406118776,0.5208700348033762,0.5105956707033927,0.5132663963842584,1667
426,3,evaluate,3.7281427927645616,0.5374925014997001,0.5378011909563493,0.5341107276572222,0.5338396981025941,1667
426,4,evaluate,3.6735953986644745,0.5182963407318536,0.5234794840862478,0.5218876931294788,0.5215538147697625,1667
426,5,evaluate,3.686488061660418,0.5176964607078585,0.51636027489489,0.5125122984630129,0.5125010600955773,1667
427,0,evaluate,3.724886151306607,0.52249550089982,0.5210337542256632,0.5172676873166231,0.5174370332156869,1667
427,1,evaluate,4.141440161952266,0.5128974205158968,0.5173307076330956,0.5083894610153455,0.5107326252857791,1667
427,2,evaluate,4.188493454897845,0.5176964607078585,0.5197900567289448,0.5189265373274614,0.5182587896194828,1667
427,3,evaluate,3.777646348782043,0.5404919016196761,0.5399674273598019,0.5369624095421466,0.5364875034073155,1667
427,4,evaluate,4.171200328403049,0.5026994601079784,0.5063092394326439,0.5040032194806812,0.5045707178599664,1667
427,5,evaluate,3.7183539503150516,0.519496100779844,0.5249531541489925,0.522841753055631,0.5227200332565232,1667
428,0,evaluate,3.7746138407124414,0.5212957408518296,0.5252499548298626,0.5241651194416278,0.5237611216131397,1667
428,1,evaluate,4.198734398241396,0.5182963407318536,0.5205225821617033,0.5195146513607427,0.5190683614806665,1667
428,2,evaluate,3.8235331567652624,0.5350929814037193,0.5340986067317905,0.5314974117863963,0.5311342908924733,1667
428,3,evaluate,3.7600932600045645,0.5236952609478105,0.5224128464841932,0.5186128225269238,0.5190568038937972,1667
428,4,evaluate,4.2305900167535855,0.4967006598680264,0.5000562388911811,0.49802352115906484,0.49854042075285687,1667
428,5,evaluate,4.195037479753847,0.5158968206358728,0.5194192703448232,0.5114771109727277,0.5136224917894548,1667
429,0,evaluate,4.214113747632062,0.5140971805638872,0.5157941435184372,0.5153408760801464,0.5144721564187436,1667
429,1,evaluate,4.272204452090794,0.4997000599880024,0.5020263368776867,0.5014551444156294,0.501218196022336,1667
429,2,evaluate,3.782280068706583,0.5290941811637673,0.5270469329073506,0.5247559602432326,0.5245199109608103,1667
429,3,evaluate,3.851365555948312,0.5344931013797241,0.5317863264885702,0.5306773028236168,0.5299856231571695,1667
429,4,evaluate,4.21248213450114,0.5206958608278345,0.5223106702465821,0.516235737555676,0.5179307169953588,1667
429,5,evaluate,3.811253566432882,0.519496100779844,0.5223380969619175,0.5228291654145589,0.5214617788670284,1667
430,0,evaluate,3.802366494028657,0.5296940611877624,0.5284112975210344,0.5255573497307637,0.5254617176719183,1667
430,1,evaluate,4.232834453935976,0.5164967006598681,0.5164323092904226,0.5123354659558871,0.5131275474189869,1667
430,2,evaluate,4.235173507973,0.5116976604679064,0.5138006615061957,0.5131584278690846,0.5123342749527355,1667
430,3,evaluate,3.8482019338342877,0.52249550089982,0.5244744546269745,0.5262826824060729,0.5241467020326656,1667
430,4,evaluate,4.313009491673222,0.4949010197960408,0.4942153440599254,0.496392901104452,0.4947827668208723,1667
430,5,evaluate,3.8693135167323414,0.5308938212357528,0.527740652089918,0.5270500997672118,0.5263364007266879,1667
431,0,evaluate,3.866406512481195,0.5200959808038392,0.5223083361943563,0.5241407927592384,0.5219281529066815,1667
431,1,evaluate,3.866015228223491,0.5302939412117577,0.5267474782926148,0.5267486248130324,0.5257538358855067,1667
431,2,evaluate,3.808528959751129,0.5308938212357528,0.5304574903441297,0.5262347298771335,0.5268078291528252,1667
431,3,evaluate,4.24107802355731,0.5212957408518296,0.5208531071337423,0.516722788863673,0.5176203539090104,1667
431,4,evaluate,4.251354085074531,0.5128974205158968,0.5158484534665717,0.5145986541816621,0.513803748920042,1667
431,5,evaluate,4.3378612995147705,0.49610077984403117,0.4946792581199917,0.49776971457365987,0.4957021423204542,1667
432,0,evaluate,4.234675813604285,0.5200959808038392,0.5184890327097011,0.515474846839103,0.5158057775409809,1667
432,1,evaluate,4.25938759026704,0.5134973005398921,0.5162242715116735,0.5151695016713482,0.5144423066356826,1667
432,2,evaluate,4.349191241794163,0.4943011397720456,0.49394270324639755,0.49591901055171855,0.49456767206065033,1667
432,3,evaluate,3.8632940024500906,0.5308938212357528,0.5265537797841363,0.5270651970526463,0.5258869516309748,1667
432,4,evaluate,3.8085591511593924,0.5266946610677864,0.5243587615489306,0.5217349603809016,0.5217969011263927,1667
432,5,evaluate,3.8743620581097074,0.5182963407318536,0.5204262482823163,0.5222539746975159,0.5201130022721919,1667
433,0,evaluate,3.805842609869109,0.5266946610677864,0.5233931690334368,0.521441336953095,0.521244513593212,1667
433,1,evaluate,3.857770696098138,0.5278944211157769,0.5228397256114061,0.5241662865751031,0.5225255044662032,1667
433,2,evaluate,4.356235380525942,0.5002999400119976,0.4995166116861297,0.50195929226256,0.5004382420181648,1667
433,3,evaluate,3.883366266886393,0.5170965806838632,0.5182988112981973,0.5211930937416424,0.5184274911503912,1667
433,4,evaluate,4.276585870318943,0.5164967006598681,0.5196550175873589,0.5180796918207398,0.5174097564590789,1667
433,5,evaluate,4.226537545522054,0.5164967006598681,0.5145713176158597,0.5119026700033045,0.5120529765272779,1667
434,0,evaluate,4.30302256124991,0.5188962207558488,0.5219535037853443,0.5205613292282458,0.5199178339567634,1667
434,1,evaluate,4.245339623203984,0.5152969406118776,0.5120576118199618,0.510478416538709,0.5101942030803365,1667
434,2,evaluate,3.8980040837217262,0.5164967006598681,0.517901456905659,0.5208135661590303,0.5180775593487928,1667
434,3,evaluate,3.862784669722689,0.5344931013797241,0.5291292677041378,0.530808918843805,0.5290556032653781,1667
434,4,evaluate,4.382142835193211,0.5020995800839833,0.500620205763732,0.5039180790075268,0.5018478043761828,1667
434,5,evaluate,3.8125838344847716,0.5290941811637673,0.5257756684421226,0.5243915208032455,0.523916085237582,1667
435,0,evaluate,3.878645265543692,0.5350929814037193,0.5292547371165032,0.5313833300977263,0.529397469623629,1667
435,1,evaluate,4.290680143568251,0.5134973005398921,0.5098603707166453,0.5082899169497148,0.5079174365344631,1667
435,2,evaluate,3.9227745731671653,0.5242951409718056,0.5255803738164943,0.528336635853125,0.5259343890178656,1667
435,3,evaluate,3.83097350983708,0.5248950209958009,0.5212004523064657,0.5198686202005198,0.5194458170554587,1667
435,4,evaluate,4.340140219087954,0.5182963407318536,0.5206436765315272,0.5198212289050577,0.5190881389830698,1667
435,5,evaluate,4.412126258567527,0.4979004199160168,0.49620951035764654,0.4996791891997011,0.49742981312342066,1667
436,0,evaluate,3.8521590403936528,0.5260947810437913,0.5219720440164813,0.520885873379809,0.5206913197782086,1667
436,1,evaluate,3.9412301403504832,0.5242951409718056,0.5268461048323855,0.5286235808692697,0.5267352680880287,1667
436,2,evaluate,3.895130629892614,0.5374925014997001,0.5329995647357648,0.5336264172608299,0.5325669388468606,1667
436,3,evaluate,4.421045285684091,0.5002999400119976,0.4990015337401633,0.5021042965739506,0.49990361522140203,1667
436,4,evaluate,4.376254328974971,0.5236952609478105,0.525452633386108,0.5254418024293954,0.5244905789443697,1667
436,5,evaluate,4.322772555881077,0.5170965806838632,0.5147709653408808,0.512410890484275,0.5123681151735168,1667
437,0,evaluate,3.907945007453699,0.5368926214757048,0.5330114782282893,0.5328427747695208,0.5323041036483558,1667
437,1,evaluate,3.874917615894918,0.5260947810437913,0.5216780998713544,0.5209975762800687,0.5206185990028953,1667
437,2,evaluate,3.959752138014193,0.5260947810437913,0.5275238162936593,0.5303456549220873,0.5280064998410126,1667
437,3,evaluate,4.418023550951922,0.4991001799640072,0.4980426737989939,0.5010754705885412,0.4989760995865202,1667
437,4,evaluate,4.342628823386298,0.5164967006598681,0.5147161462820854,0.5121240579238966,0.5120493049593684,1667
437,5,evaluate,4.39987157009266,0.5200959808038392,0.5213866660371959,0.5218314487033421,0.5208795073242708,1667
438,0,evaluate,4.368892007403904,0.5164967006598681,0.5160504527114462,0.5124933923180527,0.5124581722320265,1667
438,1,evaluate,4.4316431328102395,0.519496100779844,0.5214071743476028,0.5213242737597233,0.5203572654579105,1667
438,2,evaluate,4.406944972497445,0.5008998200359928,0.49982961690965544,0.5028716836982747,0.5008487733319607,1667
438,3,evaluate,3.893958539874465,0.5236952609478105,0.5208020059329743,0.5192467157991949,0.5189501990751183,1667
438,4,evaluate,3.922150878258677,0.5362927414517097,0.5313098186988249,0.5323111983020592,0.5308524646665356,1667
438,5,evaluate,3.9706605981897423,0.5272945410917816,0.5293045813396856,0.5313710618803412,0.529253285063539,1667
439,0,evaluate,3.9356036421693177,0.5392921415716857,0.535347703688121,0.5353873206268317,0.5342677691942647,1667
439,1,evaluate,4.380873989175867,0.5122975404919016,0.5124555428879622,0.5084578082848907,0.508249803660892,1667
439,2,evaluate,4.393758720821804,0.5032993401319736,0.5036625954106162,0.5050352267965668,0.50405785632236,1667
439,3,evaluate,3.907497759218569,0.5182963407318536,0.5155330093364799,0.5139107552495509,0.5132585937422468,1667
439,4,evaluate,4.455634982497604,0.5200959808038392,0.5231807235796218,0.5217855659061442,0.5213016453846813,1667
439,5,evaluate,3.9757421811421714,0.5302939412117577,0.5329781747058071,0.5340642461930369,0.532266545989215,1667
440,0,evaluate,4.462825695673625,0.5110977804439112,0.5151103490950384,0.5129133006748371,0.5127942079575394,1667
440,1,evaluate,3.964527569435261,0.5350929814037193,0.5384278696625453,0.5386871304700128,0.5370409759622311,1667
440,2,evaluate,3.945647965242817,0.5416916616676665,0.5381494455154566,0.5380136747373172,0.5367854709200447,1667
440,3,evaluate,4.361388400748924,0.5056988602279544,0.5071807690563016,0.5072619603054249,0.5070192677421714,1667
440,4,evaluate,4.390657327793263,0.5128974205158968,0.5140177985026899,0.5089427390315293,0.5091442450427041,1667
440,5,evaluate,3.9099578476614423,0.5230953809238152,0.5210486214831122,0.5188717481132707,0.518397546510158,1667
441,0,evaluate,3.9425721455503395,0.5326934613077384,0.5372143309229688,0.5366030611006289,0.5356191472510735,1667
441,1,evaluate,4.352389582881221,0.50749850029994,0.5102405423104123,0.50913696504743,0.5093901990888591,1667
441,2,evaluate,3.910630731532971,0.5278944211157769,0.5256193727394421,0.5236125910230444,0.5232202763439464,1667
441,3,evaluate,4.466913214436284,0.5110977804439112,0.5160006641586378,0.5130943934603891,0.512879817363591,1667
441,4,evaluate,3.955895219320121,0.5368926214757048,0.5343456573641775,0.5330948787036045,0.5324491730801479,1667
441,5,evaluate,4.396399824707596,0.5164967006598681,0.5186487638453412,0.5129547837859171,0.513243409870131,1667
442,0,evaluate,3.962242807871025,0.5350929814037193,0.534428787211716,0.531714628187576,0.5313633493596507,1667
442,1,evaluate,4.349149951228389,0.5032993401319736,0.5063466954269513,0.5049864895858888,0.5052885007191479,1667
442,2,evaluate,4.459719269363968,0.5134973005398921,0.5182447011594771,0.5155052898292743,0.5153294901697774,1667
442,3,evaluate,3.9070653755355766,0.5338932213557288,0.5320797950969931,0.5296752198168724,0.5292933293777262,1667
442,4,evaluate,3.919774861247451,0.5278944211157769,0.53321513706157,0.5316544976136266,0.5313977090780211,1667
442,5,evaluate,4.404908771868105,0.5122975404919016,0.5149142656301202,0.5086024337262468,0.509377638270362,1667
443,0,evaluate,4.439056378823739,0.50749850029994,0.511739615968348,0.5094877985250271,0.5091005836933304,1667
443,1,evaluate,3.8877841094508767,0.5326934613077384,0.5311196212880438,0.5281860428731953,0.5283535675337276,1667
443,2,evaluate,4.392100652058919,0.5128974205158968,0.5156968997448195,0.5086621172284088,0.5103266084250319,1667
443,3,evaluate,4.335430233566849,0.4979004199160168,0.5007090273312641,0.49963850166466883,0.49976862756084356,1667
443,4,evaluate,3.960730639504795,0.5374925014997001,0.537308636144181,0.5342139136079965,0.5339183383116908,1667
443,5,evaluate,3.882326163627483,0.5278944211157769,0.5338575288749986,0.5311673018188066,0.5315739300784859,1667
444,0,evaluate,4.410335761529428,0.510497900419916,0.514504159192348,0.5125319584138943,0.512081051720185,1667
444,1,evaluate,4.348321420175058,0.5158968206358728,0.5186343140574435,0.5116620256640644,0.5134151930448854,1667
444,2,evaluate,3.9419931467668485,0.5332933413317337,0.532226542124618,0.5298362393766508,0.5292489345300353,1667
444,3,evaluate,3.860044459501902,0.5374925014997001,0.534718248925429,0.5327112398338507,0.5327314912861628,1667
444,4,evaluate,4.313996076583862,0.4979004199160168,0.49919824227497084,0.49923075840469383,0.49884365774333883,1667
444,5,evaluate,3.85114096932941,0.5260947810437913,0.5305732088703088,0.5290911283452371,0.5288814235176941,1667
445,0,evaluate,4.308842367596096,0.5200959808038392,0.5231223364466715,0.5158748199943348,0.5178395471577897,1667
445,1,evaluate,4.385297748777601,0.5128974205158968,0.5180894333031844,0.5148931721369225,0.5149577038880568,1667
445,2,evaluate,3.830665899000855,0.525494901019796,0.5236289772454998,0.5208130195350218,0.5209569803795515,1667
445,3,evaluate,3.8325545390446982,0.528494301139772,0.5340868238065537,0.5322031078039083,0.5319189095950202,1667
445,4,evaluate,4.284885777367486,0.4973005398920216,0.4987720404481812,0.498376111803,0.49815417528715755,1667
445,5,evaluate,3.921247717774943,0.5332933413317337,0.5333660786120742,0.5300400303078725,0.5299273757546741,1667
446,0,evaluate,3.900936587357222,0.5302939412117577,0.5302906124537488,0.526801851907727,0.5268943403198731,1667
446,1,evaluate,4.278259524592647,0.5182963407318536,0.5208477605451984,0.5142102883386472,0.515862168011242,1667
446,2,evaluate,3.8323589717900313,0.5218956208758249,0.5270073617030743,0.5255795728476155,0.5250403819717289,1667
446,3,evaluate,3.8046374848733344,0.5248950209958009,0.5238926893319847,0.5202517217513445,0.520747570467796,1667
446,4,evaluate,4.2854087352752686,0.4931013797240552,0.4945537972697463,0.49402054732935385,0.4939577320064136,1667
446,5,evaluate,4.360399979132193,0.5110977804439112,0.5172074639995681,0.513080824936658,0.513422174459422,1667
447,0,evaluate,3.796781829799767,0.5248950209958009,0.5228569598336457,0.5200344981396544,0.5200593154431704,1667
447,1,evaluate,4.329596281051636,0.5128974205158968,0.5198638129414463,0.5149306101919333,0.5152963500620915,1667
447,2,evaluate,4.304191933737861,0.4973005398920216,0.498666677693046,0.4983603452733486,0.49807671630037537,1667
447,3,evaluate,3.844530487502063,0.5140971805638872,0.5188591463539465,0.5180789425809393,0.5170636452921032,1667
447,4,evaluate,4.246748103035821,0.519496100779844,0.5206658675795834,0.5153839495138384,0.5165991064896684,1667
447,5,evaluate,3.89395669360219,0.5308938212357528,0.5295165213122051,0.5270217447943473,0.5268266593576375,1667
448,0,evaluate,4.317457446345577,0.49610077984403117,0.4958158681347096,0.497185710304917,0.4962037299642635,1667
448,1,evaluate,4.3138353029886884,0.5170965806838632,0.5213467802348403,0.5187918513831788,0.5185558842694513,1667
448,2,evaluate,4.216285043292576,0.519496100779844,0.5194815186353765,0.5149247214910784,0.5160841955449658,1667
448,3,evaluate,3.780253777711618,0.5272945410917816,0.5253891804862113,0.5228868009753807,0.522818339424992,1667
448,4,evaluate,3.8465487272651107,0.5134973005398921,0.5182240761267265,0.5179218235927489,0.5164973200144913,1667
448,5,evaluate,3.8814994788463903,0.5326934613077384,0.531454968721627,0.5292535304271783,0.5289986384106548,1667
449,0,evaluate,4.320483472612169,0.5182963407318536,0.5218573896499749,0.5198150002977842,0.5195206200663465,1667
449,1,evaluate,3.8818581089560706,0.5308938212357528,0.5302112713952338,0.5273585546628945,0.5274449118765023,1667
449,2,evaluate,4.339720258006343,0.4949010197960408,0.49409315061018083,0.4963036764592016,0.49479506956836755,1667
449,3,evaluate,3.848791217362439,0.5158968206358728,0.5202935512013479,0.5204872634170051,0.5187617211325708,1667
449,4,evaluate,3.778855871478165,0.5302939412117577,0.5270584856074756,0.5252696386813309,0.5248277486662005,1667
449,5,evaluate,4.210411645747997,0.5206958608278345,0.519050353099064,0.5159020508924543,0.5167396429492116,1667
450,0,evaluate,3.769391569688364,0.5260947810437913,0.5232628067994284,0.5207525213162347,0.5206770667900831,1667
450,1,evaluate,3.888032932340206,0.5320935812837433,0.5321101809966526,0.5287315314379583,0.5290723064279262,1667
450,2,evaluate,4.209084501972905,0.5176964607078585,0.5172932147167907,0.5126433325944488,0.5139913852288547,1667
450,3,evaluate,4.3410866260528564,0.49610077984403117,0.4961368269689389,0.49757829768489864,0.4965399344610179,1667
450,4,evaluate,3.8422414351392677,0.5170965806838632,0.5216551538020612,0.5218046080095817,0.519923159404017,1667
450,5,evaluate,4.322829237690678,0.519496100779844,0.5223711732745584,0.5211191521597973,0.5205536770280028,1667
451,0,evaluate,3.7306660668131104,0.525494901019796,0.5214651959687779,0.5201228850014388,0.5196660958588989,1667
451,1,evaluate,4.294054128505565,0.5188962207558488,0.5210384480137944,0.5204652959779119,0.519872647736147,1667
451,2,evaluate,4.302704705132379,0.498500299940012,0.4998343117118774,0.5000567376084512,0.4996893500720037,1667
451,3,evaluate,3.8769364621900455,0.5278944211157769,0.527764624237779,0.524488592188875,0.524642050994564,1667
451,4,evaluate,3.8100728900344283,0.5158968206358728,0.5202023020583695,0.5202149048218607,0.5186523042198936,1667
451,5,evaluate,4.1853222758681685,0.5176964607078585,0.5173930517781211,0.5127182266674224,0.5140125916001367,1667
452,0,evaluate,3.710372594564601,0.5266946610677864,0.5221638572404513,0.5214444157521638,0.5207804070828856,1667
452,1,evaluate,3.7904196403644703,0.5164967006598681,0.5205294806382007,0.5210889995616721,0.5193953065685835,1667
452,2,evaluate,4.26549189179032,0.5206958608278345,0.5231710151060774,0.5222804054638125,0.5217576337474481,1667
452,3,evaluate,3.867739090212421,0.5290941811637673,0.5300295654946128,0.5257223628189752,0.5263601008001635,1667
452,4,evaluate,4.176412582397461,0.5164967006598681,0.5167378088869631,0.5114432910655429,0.5127644126348525,1667
452,5,evaluate,4.285292033795957,0.4949010197960408,0.4963182285658811,0.49635350789809063,0.4961389199813417,1667
453,0,evaluate,3.778505371676551,0.5134973005398921,0.5174098325060933,0.5177677646961121,0.5163933125766427,1667
453,1,evaluate,4.259942063578853,0.5206958608278345,0.5227466988989973,0.5220161264201922,0.5214565215581525,1667
453,2,evaluate,4.168869742640743,0.5170965806838632,0.5168379021712394,0.5121366248238665,0.513028018467004,1667
453,3,evaluate,4.2784483432769775,0.4949010197960408,0.4969172268100296,0.49636697637237176,0.49653825764305637,1667
453,4,evaluate,3.857754651409879,0.528494301139772,0.5288604358759221,0.525108019186481,0.5256144788227393,1667
453,5,evaluate,3.694187655734519,0.5278944211157769,0.5241418789548431,0.5223770665611683,0.5222041034014151,1667
454,0,evaluate,4.276605703212597,0.4967006598680264,0.49912781266823797,0.4975786148481604,0.49820112746796175,1667
454,1,evaluate,4.267432548381664,0.5128974205158968,0.5149723423116463,0.5145317617966854,0.5137319273079131,1667
454,2,evaluate,3.6917474799686008,0.525494901019796,0.5223190776007419,0.5200490307184776,0.5198786018355507,1667
454,3,evaluate,3.7624365863976656,0.5140971805638872,0.518360370007092,0.5184124214192002,0.5170596766612867,1667
454,4,evaluate,3.8508228093000305,0.5272945410917816,0.5281431673741726,0.5238818301540126,0.5247221807688521,1667
454,5,evaluate,4.166065427992079,0.5188962207558488,0.5185980286596271,0.5145910433035139,0.5146924455076805,1667
455,0,evaluate,4.152463886472914,0.5152969406118776,0.5165709260459491,0.5110092136970102,0.5117783261388259,1667
455,1,evaluate,3.8431273551609424,0.5260947810437913,0.5272776423127811,0.5227227141178636,0.5233859104176634,1667
455,2,evaluate,3.7402987016571894,0.5176964607078585,0.5222460419597639,0.5219536116165732,0.5208328608895375,1667
455,3,evaluate,4.268925878736708,0.49610077984403117,0.49838244829899986,0.497442016087928,0.4976816582938902,1667
455,4,evaluate,4.277667098575169,0.5110977804439112,0.5134088357431488,0.512733280795293,0.5119555486867476,1667
455,5,evaluate,3.6977874385537923,0.5248950209958009,0.5221675192120091,0.5193160334682295,0.5191988044920756,1667
456,0,evaluate,3.7179157187541327,0.5212957408518296,0.5181404988814219,0.5154378537054904,0.5155151425463516,1667
456,1,evaluate,3.83599058198019,0.5266946610677864,0.5281012496026236,0.5235829869893383,0.523951279360649,1667
456,2,evaluate,4.13660807079739,0.510497900419916,0.5142027326961245,0.5061601867897851,0.5082056146058453,1667
456,3,evaluate,4.274612744649251,0.5134973005398921,0.5157784665567721,0.5149949986275487,0.5142076710816444,1667
456,4,evaluate,4.2655800536826805,0.495500899820036,0.4970111929782128,0.4964192444082588,0.49646760593959904,1667
456,5,evaluate,3.7298363601719893,0.5158968206358728,0.5234242441446149,0.5197848106735338,0.5201621480025906,1667
457,0,evaluate,4.13688325881958,0.5170965806838632,0.5205788979173549,0.5132044802497971,0.5147690888681394,1667
457,1,evaluate,3.7313516206211514,0.5164967006598681,0.5243765816598817,0.5202201245106104,0.5207694637295175,1667
457,2,evaluate,4.273644579781426,0.5128974205158968,0.5162867725484218,0.5146740864600554,0.5141517030048459,1667
457,3,evaluate,3.8343481458210187,0.5230953809238152,0.5238120663424282,0.5199171467374477,0.5198594714641877,1667
457,4,evaluate,3.7360090309478067,0.5146970605878824,0.5123894046581211,0.5088440290232954,0.5091840141879576,1667
457,5,evaluate,4.26168778207567,0.4913017396520696,0.49382506340792115,0.49188707429982614,0.49251111910220785,1667
458,0,evaluate,4.2808113363054066,0.495500899820036,0.4978242233521101,0.49596289708783897,0.49646276516553495,1667
458,1,evaluate,3.7597971470267684,0.5182963407318536,0.5244188416864322,0.521669853546871,0.5218913189836103,1667
458,2,evaluate,3.852797384608729,0.5332933413317337,0.5334532636950913,0.5298759460617041,0.5296985709621436,1667
458,3,evaluate,4.182127555211385,0.5152969406118776,0.519215952313004,0.5116657578854991,0.5132726518888533,1667
458,4,evaluate,4.294313492598357,0.5116976604679064,0.5156469062567315,0.5136672311287258,0.5130454714489602,1667
458,5,evaluate,3.7694170568483294,0.5188962207558488,0.5173843126037438,0.513407084254201,0.5140166588860026,1667
459,0,evaluate,3.8727788468900313,0.5296940611877624,0.5301762184052901,0.5265404350854183,0.5264329090013522,1667
459,1,evaluate,4.224655919604832,0.5092981403719257,0.5122286088368624,0.5056676646675731,0.5067897673519419,1667
459,2,evaluate,4.322006861368815,0.519496100779844,0.5233541817679035,0.5212847977951066,0.5206471585696295,1667
459,3,evaluate,3.7945664491918354,0.5206958608278345,0.5258605685129869,0.5238663687964703,0.5237851219261842,1667
459,4,evaluate,4.304543848390932,0.4967006598680264,0.4993179111467835,0.4969801220860165,0.49759490198921463,1667
459,5,evaluate,3.800594476982951,0.5218956208758249,0.5197042724128945,0.5165984418361191,0.5167306346263405,1667
460,0,evaluate,3.83493699076482,0.5248950209958009,0.5219856423518283,0.5195300616236619,0.519699486529586,1667
460,1,evaluate,3.896419015930473,0.5290941811637673,0.5288491001060326,0.5258656853978252,0.5255293754278114,1667
460,2,evaluate,3.837669234584879,0.5182963407318536,0.5228146147292356,0.5213337756588879,0.5206243149196756,1667
460,3,evaluate,4.280446997395268,0.510497900419916,0.5133835639738653,0.50697619652799,0.5076219430479674,1667
460,4,evaluate,4.333272103910093,0.5020995800839833,0.5042542279947934,0.5027117824971757,0.5029076555342022,1667
460,5,evaluate,4.362311990172775,0.5212957408518296,0.524184214582262,0.5230067905296302,0.5217079313294255,1667
461,0,evaluate,4.368481247513382,0.501499700059988,0.5022095377049497,0.5024026679771791,0.5017124729233473,1667
461,1,evaluate,3.9119568356750616,0.5290941811637673,0.5264869687512815,0.5254740601578628,0.5243124535038441,1667
461,2,evaluate,3.880088766415914,0.5182963407318536,0.5220668019628575,0.5221284912345434,0.5207627999958887,1667
461,3,evaluate,3.8659823865940175,0.5272945410917816,0.5221435208888561,0.5218472481249898,0.520819171633663,1667
461,4,evaluate,4.395601343225549,0.5230953809238152,0.5254077352114972,0.5249114225050906,0.523116622721995,1667
461,5,evaluate,4.334704761151914,0.5170965806838632,0.5176783354096907,0.5139186982689099,0.5136772843094531,1667
462,0,evaluate,4.379271524923819,0.4967006598680264,0.4967614172734617,0.4976743103558112,0.49660110774212995,1667
462,1,evaluate,4.347484447337963,0.5218956208758249,0.5225108170125752,0.5190929072298448,0.5184186892229211,1667
462,2,evaluate,4.395166829780296,0.5200959808038392,0.5216254941819157,0.5216970873581157,0.5197905895120186,1667
462,3,evaluate,3.856106418090079,0.531493701259748,0.5260709570975297,0.5260451533438555,0.524962930382998,1667
462,4,evaluate,3.8856314891629524,0.5344931013797241,0.5327805244427667,0.5311640281134075,0.5300987486689045,1667
462,5,evaluate,3.8998058063012584,0.5200959808038392,0.5224821364247523,0.5239676450020414,0.5218983811690109,1667
463,0,evaluate,3.8620586583166623,0.5302939412117577,0.5241688096625358,0.5245402919907771,0.5232818554222887,1667
463,1,evaluate,4.429533534579807,0.5164967006598681,0.516380729724869,0.5181695552543025,0.515483711307111,1667
463,2,evaluate,3.938812092498497,0.5188962207558488,0.5200640922031508,0.5228797188408366,0.5200121941813304,1667
463,3,evaluate,4.379644950230916,0.52249550089982,0.521374761177686,0.5191288719312259,0.518384941242017,1667
463,4,evaluate,3.882134508198558,0.5308938212357528,0.5284698495617541,0.5274972181661937,0.5261542249973703,1667
463,5,evaluate,4.412129410990962,0.495500899820036,0.4938205915688477,0.4969012199839848,0.4947206860904635,1667
464,0,evaluate,4.4778560885676635,0.5164967006598681,0.5161843558700353,0.5183417240169153,0.5153316704659306,1667
464,1,evaluate,3.8726261044955916,0.5320935812837433,0.5250357322496036,0.5254877683480828,0.5240533128523944,1667
464,2,evaluate,4.447660031142058,0.4991001799640072,0.49848047176698973,0.5004496588352925,0.49871705698708757,1667
464,3,evaluate,3.9788578274073423,0.5218956208758249,0.5238926347651165,0.5258772631935219,0.5236901343779461,1667
464,4,evaluate,4.419010259487011,0.5260947810437913,0.5249211472616508,0.5228052950851695,0.5220312330411605,1667
464,5,evaluate,3.89934517865445,0.5278944211157769,0.5256223103103521,0.5244448304256377,0.5232321964691861,1667
465,0,evaluate,4.475064480746234,0.5188962207558488,0.5176046055333348,0.5207670673321377,0.5169858776523784,1667
465,1,evaluate,3.8591172160684235,0.5338932213557288,0.5260174840591317,0.5275157524004992,0.5256269771063409,1667
465,2,evaluate,3.982783197252839,0.52249550089982,0.525506656140118,0.5259418277696575,0.5246290662558009,1667
465,3,evaluate,3.898227204501752,0.528494301139772,0.5243229606578088,0.5246174801813127,0.522443022004963,1667
465,4,evaluate,4.413471734082258,0.52249550089982,0.5192768998317934,0.5186033151628061,0.5173984948021895,1667
465,5,evaluate,4.455011341306898,0.4991001799640072,0.49835527969800636,0.5008061752190993,0.4987049289500468,1667
466,0,evaluate,3.90524478605561,0.5332933413317337,0.5299853803911303,0.5293295116809781,0.5277141662218768,1667
466,1,evaluate,4.398577672463876,0.5230953809238152,0.5189236817131564,0.5191632611566829,0.5172073962945518,1667
466,2,evaluate,3.8523607650530285,0.5356928614277144,0.5280745948278605,0.5294634861670815,0.5277528902562997,1667
466,3,evaluate,4.466410672223127,0.4937012597480504,0.4921281987685126,0.49551557188074913,0.4930072879406593,1667
466,4,evaluate,4.457661134225351,0.519496100779844,0.5178519098955064,0.5211045206931239,0.5173445685013559,1667
466,5,evaluate,3.9825047342865556,0.5242951409718056,0.527356448658072,0.5277430178584284,0.5264590487323362,1667
467,0,evaluate,3.8804415302503608,0.5338932213557288,0.5299920105439307,0.5299751790404233,0.5282012646458032,1667
467,1,evaluate,3.8192862869688757,0.5368926214757048,0.5301186661666424,0.5309699642997219,0.5295809146624733,1667
467,2,evaluate,4.35655708666201,0.5206958608278345,0.5177702417640944,0.5168897034975855,0.5155321653685433,1667
467,3,evaluate,4.43933121363322,0.49610077984403117,0.4937455053131187,0.4979708241029259,0.495110639429824,1667
467,4,evaluate,3.9459956685702005,0.5230953809238152,0.5259840237647576,0.5269801557505079,0.5256102731208072,1667
467,5,evaluate,4.406393978330824,0.5242951409718056,0.5229382292221144,0.5256551413972758,0.5226410611418835,1667
468,0,evaluate,4.39689725416678,0.495500899820036,0.4934514901639845,0.49718902257156355,0.49469562427062586,1667
468,1,evaluate,4.361519363191393,0.5242951409718056,0.5239040024395116,0.5257328339535589,0.523256263578346,1667
468,2,evaluate,4.300491103419551,0.5260947810437913,0.5230556699815457,0.5221614072651288,0.5207963823301714,1667
468,3,evaluate,3.790264507755637,0.5326934613077384,0.5260067618506759,0.526551350863736,0.5252053501644227,1667
468,4,evaluate,3.8981309444816024,0.5170965806838632,0.5194434423482386,0.5213032518164274,0.5192686725287954,1667
468,5,evaluate,3.8484711941376157,0.5290941811637673,0.5250796179498816,0.5250485304598744,0.523536559437712,1667
469,0,evaluate,4.259539948569404,0.52249550089982,0.5204382089038329,0.518655509283255,0.5176775273087575,1667
469,1,evaluate,3.7607400962324053,0.5320935812837433,0.5274422273243374,0.5265647750864008,0.5255668041402483,1667
469,2,evaluate,4.355216803374113,0.5032993401319736,0.5014150679677007,0.505325235469118,0.5027533932885853,1667
469,3,evaluate,3.8175015361220157,0.5302939412117577,0.5271968511722881,0.5259537694111993,0.5250755394794182,1667
469,4,evaluate,3.855954101792088,0.5230953809238152,0.525902777771914,0.5275785770377256,0.5252902997450352,1667
469,5,evaluate,4.320077163201791,0.525494901019796,0.5254586824768712,0.5272871629957416,0.5249614438185722,1667
470,0,evaluate,3.790406406661549,0.5326934613077384,0.5296128555225651,0.5285615898375868,0.5276739724512325,1667
470,1,evaluate,4.1991880116639315,0.519496100779844,0.5174544886822712,0.515480224208142,0.514742315198135,1667
470,2,evaluate,3.826441290201964,0.5182963407318536,0.5211240183021287,0.523604517509314,0.5203452777367101,1667
470,3,evaluate,4.285606031064634,0.5296940611877624,0.5296167343143179,0.5313431001712894,0.5291808525491067,1667
470,4,evaluate,4.304784836592497,0.5062987402519497,0.5049509194779142,0.5081674049858381,0.5061129616856292,1667
470,5,evaluate,3.7431041943254293,0.5302939412117577,0.5275509200402612,0.5252363165072117,0.5244480255036512,1667
471,0,evaluate,3.8138993647363453,0.5176964607078585,0.520904830171997,0.5227466597953597,0.5195723183064903,1667
471,1,evaluate,4.284592239945023,0.5320935812837433,0.5327607108769292,0.5337329545095495,0.5318850360882627,1667
471,2,evaluate,3.747145577437348,0.5272945410917816,0.524298039068923,0.522785238865417,0.5215396173775775,1667
471,3,evaluate,4.160599849842213,0.5152969406118776,0.5138850750546171,0.5113816491841028,0.5108866847396272,1667
471,4,evaluate,3.783741970120997,0.5338932213557288,0.5307813735538961,0.5299849597980338,0.5288809008563204,1667
471,5,evaluate,4.280883921517266,0.5050989802039592,0.5040363347172903,0.5066344788559316,0.5048467659671149,1667
472,0,evaluate,4.291744973924425,0.5242951409718056,0.5263193893957886,0.525959921767461,0.524610739023095,1667
472,1,evaluate,4.257629182603624,0.5020995800839833,0.5021870898250974,0.50372895131149,0.5024006916966747,1667
472,2,evaluate,3.799591909956049,0.5152969406118776,0.5192296291825287,0.5200062898442628,0.5174825815185063,1667
472,3,evaluate,4.09731928507487,0.5128974205158968,0.5116087146521187,0.5085009292769721,0.5085278373398523,1667
472,4,evaluate,3.7334877316046646,0.5212957408518296,0.5190193217232253,0.5173031181169127,0.5157335584935389,1667
472,5,evaluate,3.775283561811909,0.5272945410917816,0.5238458043564033,0.5233685402141448,0.5221141272137946,1667
473,0,evaluate,4.258100845195629,0.5002999400119976,0.5020278981322563,0.5019650143297535,0.5014071800452269,1667
473,1,evaluate,3.8067181331140025,0.5176964607078585,0.5224712283606628,0.5221774035305067,0.5200055036676977,1667
473,2,evaluate,4.065922692969993,0.5140971805638872,0.5142743705138789,0.5090259615730368,0.5100509677415167,1667
473,3,evaluate,3.7844645520680285,0.525494901019796,0.5229173373341796,0.5218117052849766,0.5207944373193787,1667
473,4,evaluate,4.298721975750393,0.5206958608278345,0.5252685921586727,0.5222508673002871,0.522092854256031,1667
473,5,evaluate,3.729484345625948,0.5164967006598681,0.5142236023058125,0.5123512096841588,0.5110010490624637,1667
474,0,evaluate,3.789164654666146,0.5230953809238152,0.5203840076053184,0.5194556381613491,0.5183303618805065,1667
474,1,evaluate,4.036431321391353,0.5116976604679064,0.5131730206709204,0.5067359000514691,0.5082877258738181,1667
474,2,evaluate,3.716417820641288,0.5140971805638872,0.513217766175332,0.5093772397398443,0.5090053268389825,1667
474,3,evaluate,4.282373472496316,0.5176964607078585,0.5229478233435667,0.519112515653464,0.5194503901963204,1667
474,4,evaluate,3.806899066324587,0.5200959808038392,0.5256858885057702,0.524373987904909,0.5227754706653466,1667
474,5,evaluate,4.250467662458067,0.49610077984403117,0.49740502845789203,0.49793528721315444,0.49701593397091726,1667
475,0,evaluate,4.043243558318527,0.510497900419916,0.5132559337075601,0.5057480354247058,0.5076585007691714,1667
475,1,evaluate,4.279006313394617,0.5128974205158968,0.518383133868506,0.514508281457299,0.5146224027914046,1667
475,2,evaluate,3.7294619900208934,0.5146970605878824,0.5143568044966298,0.5098913502862643,0.5097866160828273,1667
475,3,evaluate,4.270201594741256,0.4931013797240552,0.49447238217210965,0.49440517840183906,0.4939891123278456,1667
475,4,evaluate,3.8226617839601307,0.5200959808038392,0.5251999689280558,0.5235927031581482,0.5222782081116291,1667
475,5,evaluate,3.8210704653460263,0.5248950209958009,0.5233962937877221,0.5214744565514591,0.5207467094350484,1667
476,0,evaluate,4.305897262361315,0.49610077984403117,0.4982788179447143,0.49714514160199413,0.4972482164320101,1667
476,1,evaluate,3.765440712372462,0.5128974205158968,0.5117124313453809,0.5077560661802312,0.5075297971791792,1667
476,2,evaluate,3.8619257829807423,0.52249550089982,0.5282289631031467,0.5258784745214362,0.5252751606952828,1667
476,3,evaluate,3.8839314134578067,0.52249550089982,0.5214258816794892,0.5188396579849444,0.51833328702698,1667
476,4,evaluate,4.0792055483217595,0.5122975404919016,0.5144810595623464,0.5081157145277546,0.5095067765253896,1667
476,5,evaluate,4.3105301062266035,0.5140971805638872,0.5206546181783084,0.5156398335490574,0.5159179652093433,1667
477,0,evaluate,4.336528822227761,0.49610077984403117,0.4983807679199307,0.49694470665226015,0.4972708295811225,1667
477,1,evaluate,3.8846827149391174,0.5230953809238152,0.528597189166024,0.5258181907113074,0.5256347834991401,1667
477,2,evaluate,4.104958260500872,0.5176964607078585,0.520902515128933,0.5138695109863234,0.5153372156872996,1667
477,3,evaluate,4.355307358282584,0.5110977804439112,0.5171955770893055,0.5129047702159839,0.5128283594122076,1667
477,4,evaluate,3.928001139736605,0.5260947810437913,0.5254386090817817,0.5225005537637213,0.522234110432753,1667
477,5,evaluate,3.785289223547335,0.5164967006598681,0.5158386176181283,0.5115031821130082,0.5113433540029042,1667
478,0,evaluate,3.812876424027814,0.5176964607078585,0.5167859811682124,0.5124410032573717,0.5126781634155394,1667
478,1,evaluate,4.369746843973796,0.5002999400119976,0.5028283096345475,0.5010416015256967,0.5014767899457012,1667
478,2,evaluate,4.153033018112183,0.5182963407318536,0.5212208990705031,0.5145924560570394,0.5161993619552324,1667
478,3,evaluate,3.9145255949762134,0.5230953809238152,0.5283306466015237,0.5260527379372456,0.5259979648179134,1667
478,4,evaluate,4.4035406289277255,0.5146970605878824,0.5199610756334239,0.5163044589108153,0.5165113230412712,1667
478,5,evaluate,3.969789319484267,0.5272945410917816,0.5263592098490268,0.5240214919123425,0.5235838239226215,1667
479,0,evaluate,4.001768783277199,0.5296940611877624,0.529349308758677,0.5266153355262151,0.5263326171338711,1667
479,1,evaluate,4.209392185564394,0.5182963407318536,0.52099712276674,0.5143099222699259,0.5162054019299402,1667
479,2,evaluate,3.838964688315712,0.5200959808038392,0.5188801990800822,0.5144130918411758,0.5147022655986205,1667
479,3,evaluate,4.45477502434342,0.5140971805638872,0.5192969579161206,0.5155721372203624,0.515873436315953,1667
479,4,evaluate,3.9322529368930392,0.5218956208758249,0.5267303643212656,0.5239185720488222,0.5243372603306012,1667
479,5,evaluate,4.403137551413642,0.5032993401319736,0.5048073276560163,0.5037785698995513,0.5038259771964136,1667
480,0,evaluate,4.503254236998381,0.5146970605878824,0.5183022854680287,0.5161749947038745,0.5158244990434009,1667
480,1,evaluate,4.42307745968854,0.501499700059988,0.5021416650169186,0.5020405437381922,0.5016602424905946,1667
480,2,evaluate,3.9403105996273182,0.5212957408518296,0.5257260350374248,0.5238750564824433,0.5242177026602508,1667
480,3,evaluate,4.0164214711121025,0.5320935812837433,0.5322182765408765,0.5290553662975956,0.528829918544129,1667
480,4,evaluate,4.238039837943183,0.519496100779844,0.5203253989913861,0.5148410464900502,0.5164274408551159,1667
480,5,evaluate,3.8571253652356705,0.5248950209958009,0.5228802620919399,0.5189444259343878,0.5193628732566736,1667
481,0,evaluate,3.876254786875237,0.5260947810437913,0.5234567353706526,0.5203946842508211,0.5205760599281236,1667
481,1,evaluate,4.024780391174797,0.531493701259748,0.5319559649418935,0.5282394979817109,0.5284860228391477,1667
481,2,evaluate,4.540233841648808,0.5128974205158968,0.5165948475394676,0.5143835981864763,0.5142291585532802,1667
481,3,evaluate,4.447944950174402,0.4991001799640072,0.4995894729010873,0.5002231927200393,0.4995694353528384,1667
481,4,evaluate,4.266519988024676,0.5248950209958009,0.5261105181532783,0.5203622884368571,0.5220350856466068,1667
481,5,evaluate,3.9520435443630926,0.5200959808038392,0.5239074338250945,0.5229628374918931,0.522904704083165,1667
482,0,evaluate,4.592985153198242,0.5098980203959208,0.5138294728213824,0.5115915881774922,0.5111447729055951,1667
482,1,evaluate,4.0371178697655905,0.5308938212357528,0.5315219521372149,0.5280432556109066,0.5281154533040645,1667
482,2,evaluate,3.969556948652974,0.5218956208758249,0.5252029956038293,0.5247203642999281,0.5240304984566111,1667
482,3,evaluate,3.8913390506684125,0.5344931013797241,0.5303861328700112,0.5291265421963554,0.5287080796375657,1667
482,4,evaluate,4.484872394137913,0.4901019796040792,0.490113225759195,0.4911789233580528,0.49036202874785995,1667
482,5,evaluate,4.302861964261091,0.528494301139772,0.5293156269001543,0.5242261761392858,0.5253838654891362,1667
483,0,evaluate,3.899545253239382,0.5356928614277144,0.5315923176821193,0.5302827601324,0.5298690918992806,1667
483,1,evaluate,4.634266703217118,0.5122975404919016,0.515287731495432,0.5137123577131607,0.5131618625768392,1667
483,2,evaluate,4.527668670371726,0.4937012597480504,0.4933546824555334,0.49497109802540573,0.49384710387580383,1667
483,3,evaluate,4.053610226254357,0.5308938212357528,0.5319421424235766,0.5280691727465772,0.5281576420795199,1667
483,4,evaluate,3.998807788998992,0.52249550089982,0.5263327710269797,0.5253458272639933,0.5248256134471257,1667
483,5,evaluate,4.33900840194137,0.5326934613077384,0.5331425040778368,0.52895695404958,0.5296810219175143,1667
484,0,evaluate,4.0249934825632305,0.52249550089982,0.5263996237920779,0.5257860113879003,0.5248110250012702,1667
484,1,evaluate,4.557447618908352,0.4979004199160168,0.49817136446514587,0.49929351822061124,0.4983636231284353,1667
484,2,evaluate,3.906020419747586,0.5368926214757048,0.5331298006116109,0.5315024731553887,0.5312144715334011,1667
484,3,evaluate,4.0701202816432875,0.5290941811637673,0.5307173009675257,0.5264595681851418,0.5264160624709951,1667
484,4,evaluate,4.657444883275915,0.5110977804439112,0.5133222101461954,0.5125613686687952,0.5117702043331093,1667
484,5,evaluate,4.360921771438034,0.5332933413317337,0.5340692995513334,0.5300548392380643,0.5302185023587841,1667
485,0,evaluate,4.046550756251371,0.5302939412117577,0.534294890967526,0.5333720950694458,0.5326272506710102,1667
485,1,evaluate,4.5476789916003195,0.49250149970005996,0.4930748017351213,0.49408172906669723,0.49309319925386924,1667
485,2,evaluate,4.669421637499774,0.510497900419916,0.51266959925521,0.5120132881002164,0.5111481483843398,1667
485,3,evaluate,4.086265765590358,0.5248950209958009,0.5257889555338671,0.5222609250126389,0.5220941000593646,1667
485,4,evaluate,4.3688534365759955,0.5302939412117577,0.5299288509384872,0.5268960486710852,0.5269561354565728,1667
485,5,evaluate,3.914538567157083,0.5422915416916617,0.5371158836590584,0.5367358250015297,0.5360139601987013,1667
486,0,evaluate,4.064201327385725,0.5308938212357528,0.5339623779647581,0.5342913240373661,0.5330397629001357,1667
486,1,evaluate,4.678074262760304,0.5146970605878824,0.5174544811266559,0.5163106750968594,0.5157256618836353,1667
486,2,evaluate,4.105884802194207,0.5200959808038392,0.5199396351446546,0.5170895640804171,0.5168222728073071,1667
486,3,evaluate,3.9240707615174837,0.5404919016196761,0.537063451084623,0.5357446820067223,0.5352522163404131,1667
486,4,evaluate,4.534906466801961,0.4949010197960408,0.4953261582517439,0.4966737997435028,0.49552626715373826,1667
486,5,evaluate,4.385670458828962,0.5278944211157769,0.52558554548913,0.5240596065725197,0.5238164763401081,1667
487,0,evaluate,4.5355499850379095,0.4937012597480504,0.4949450399406752,0.49546986223843764,0.4946397156454174,1667
487,1,evaluate,3.951881638969536,0.5386922615476905,0.533835683477927,0.5337074865908377,0.5329381267135599,1667
487,2,evaluate,4.425378728795935,0.52249550089982,0.519775060742882,0.5183484708536953,0.5182754661404033,1667
487,3,evaluate,4.09016994745643,0.5308938212357528,0.533870043436868,0.5348197839110135,0.5333928631267868,1667
487,4,evaluate,4.145054733311609,0.5218956208758249,0.5204287876852426,0.5185107931103254,0.5180970782977028,1667
487,5,evaluate,4.697146866056654,0.519496100779844,0.5219833233079134,0.5209675649213529,0.5203071555826554,1667
488,0,evaluate,4.164344482951627,0.5296940611877624,0.5280334063274768,0.5263344407575654,0.5256686481557754,1667
488,1,evaluate,4.439294797402841,0.5170965806838632,0.5157093278542415,0.5128261194517654,0.5134528844452885,1667
488,2,evaluate,4.525626756526806,0.4967006598680264,0.4977179778289539,0.49855731104719103,0.4976764470241727,1667
488,3,evaluate,3.973003003470324,0.5368926214757048,0.5314894131488602,0.5321956061434847,0.5310827116121444,1667
488,4,evaluate,4.6876543186329025,0.5176964607078585,0.519426115200539,0.5192314307511184,0.5182680801748611,1667
488,5,evaluate,4.097346821316966,0.5266946610677864,0.5303493161768397,0.5307675355809836,0.52932151973665,1667
489,0,evaluate,4.104729895238523,0.5212957408518296,0.5231207897326711,0.5255845858440976,0.5231765007548216,1667
489,1,evaluate,3.99746781639772,0.5380923815236952,0.5327251813581502,0.5335774617487461,0.5322770525711676,1667
489,2,evaluate,4.680982978255661,0.5212957408518296,0.5225012936167416,0.5229461942484906,0.5217049133006865,1667
489,3,evaluate,4.175179400561719,0.5308938212357528,0.5294741769057019,0.528056540580559,0.5273543913801189,1667
489,4,evaluate,4.456480997580069,0.5176964607078585,0.5161916377239926,0.5136706126203585,0.5139283733688317,1667
489,5,evaluate,4.530651083698979,0.4937012597480504,0.49410352028216914,0.4954523428093333,0.49426744272347667,1667
490,0,evaluate,4.443787857338235,0.5170965806838632,0.5144871007335861,0.5129333521868764,0.5129190031879122,1667
490,1,evaluate,4.091200011747855,0.5236952609478105,0.5244516698116449,0.5279866519220465,0.5252193909002246,1667
490,2,evaluate,3.9991654197392226,0.5386922615476905,0.532076041641583,0.5338455531326108,0.5322573922791582,1667
490,3,evaluate,4.165350850717438,0.5362927414517097,0.5335864368548546,0.53325835228755,0.5322892207623855,1667
490,4,evaluate,4.65524415616636,0.5230953809238152,0.5220093302895445,0.5246527410240851,0.5222224709646867,1667
490,5,evaluate,4.524359031959817,0.495500899820036,0.4954839056126318,0.49697556901421003,0.495796232237759,1667
491,0,evaluate,4.013156758772244,0.5368926214757048,0.5302200926780805,0.5317404063023374,0.5299539045590381,1667
491,1,evaluate,4.078637171674658,0.5278944211157769,0.5282946552451129,0.5322531441671423,0.5293273013123858,1667
491,2,evaluate,4.638798422283596,0.528494301139772,0.5268295859092395,0.529815807299991,0.5272584883828912,1667
491,3,evaluate,4.445878708804095,0.5176964607078585,0.513790278155186,0.513510029909382,0.5127818032993403,1667
491,4,evaluate,4.537340137693617,0.4967006598680264,0.496041188850114,0.4976190628951126,0.4966495493263878,1667
491,5,evaluate,4.167179811147911,0.5338932213557288,0.530139346023868,0.5309124579666935,0.5294078499994935,1667
492,0,evaluate,4.614261565385042,0.5182963407318536,0.5171861547482963,0.5199723117293011,0.5171936055468918,1667
492,1,evaluate,4.435760480386239,0.5134973005398921,0.5101839615122629,0.5094126146337435,0.5088136137519068,1667
492,2,evaluate,4.019846958341077,0.5332933413317337,0.5262477665393086,0.5278601621281374,0.5260309362542135,1667
492,3,evaluate,4.5513604746924505,0.5002999400119976,0.4999167587303527,0.5010462222661859,0.5003334647995815,1667
492,4,evaluate,4.159400833977526,0.5356928614277144,0.5325643119255259,0.5328611512387742,0.5316068979084692,1667
492,5,evaluate,4.059218175985195,0.5278944211157769,0.5280883739213861,0.5325395324060402,0.5292685348987481,1667
493,0,evaluate,4.14622433685956,0.5356928614277144,0.5318775805501607,0.5327293860830736,0.5313020648186503,1667
493,1,evaluate,4.421986818313599,0.5152969406118776,0.5113894865477115,0.5110261867958608,0.5098132420255511,1667
493,2,evaluate,4.609991259045071,0.5164967006598681,0.515715047143845,0.5184267797876204,0.5155697346393147,1667
493,3,evaluate,4.046535984233573,0.531493701259748,0.5318375332718297,0.5360117493459474,0.5328661310739871,1667
493,4,evaluate,4.027812236725974,0.5296940611877624,0.5230610439937837,0.5243282342194782,0.522489557726943,1667
493,5,evaluate,4.56555943135862,0.4973005398920216,0.49720155650656983,0.49802517873100144,0.4974941315154749,1667
494,0,evaluate,4.4388326715540005,0.5110977804439112,0.5070823224377318,0.507352078290811,0.5055192472025632,1667
494,1,evaluate,4.129923730720686,0.5350929814037193,0.531491417121374,0.5316017957559606,0.5303668005536918,1667
494,2,evaluate,4.047181158154099,0.5272945410917816,0.5282763795929404,0.5315443965345186,0.5286795620614273,1667
494,3,evaluate,4.615733844262582,0.5182963407318536,0.5178695606284104,0.5200478435981272,0.5174306005486036,1667
494,4,evaluate,4.031016900663316,0.5302939412117577,0.5233340634911474,0.5245795888044829,0.5226389811631041,1667
494,5,evaluate,4.57130241394043,0.498500299940012,0.4982182066572619,0.49943883803471645,0.4986705815596181,1667
495,0,evaluate,4.082809433524976,0.5404919016196761,0.5372116984766476,0.5369485453561371,0.5357385584052381,1667
495,1,evaluate,4.551501115163167,0.4991001799640072,0.4972247755814454,0.4998242560637096,0.4982387514852162,1667
495,2,evaluate,4.018516774530764,0.5242951409718056,0.5254598289917313,0.5283949349594328,0.5256921732759954,1667
495,3,evaluate,4.6072746647728815,0.5140971805638872,0.5139490857316259,0.5158804994658189,0.5131457226047516,1667
495,4,evaluate,4.425126270011619,0.5128974205158968,0.5092591840806426,0.5085275340568296,0.5069795601349367,1667
495,5,evaluate,4.009557954412971,0.5278944211157769,0.5223102330814159,0.5222826049653579,0.5209597249276408,1667
496,0,evaluate,3.9829881283609816,0.5308938212357528,0.526664466138991,0.5254628122937229,0.5246980121445735,1667
496,1,evaluate,3.990367339717017,0.52249550089982,0.5237032515068415,0.5264390726485453,0.5234699610504062,1667
496,2,evaluate,4.032606720924362,0.5374925014997001,0.5342322003012772,0.5337184246259837,0.5324587614902196,1667
496,3,evaluate,4.410889899289167,0.5116976604679064,0.508478649581767,0.5073826968927889,0.506158982244512,1667
496,4,evaluate,4.514724757936266,0.5008998200359928,0.49962467441786174,0.5014563102594995,0.5003955870898474,1667
496,5,evaluate,4.5791314266346115,0.5146970605878824,0.5152839922427968,0.5168645478415179,0.5141039149803899,1667
497,0,evaluate,4.388022405129892,0.5098980203959208,0.5077230337554559,0.5058921673684382,0.5047009439639646,1667
497,1,evaluate,4.561980618370904,0.5152969406118776,0.516937785758287,0.5173744850707729,0.5150870865546774,1667
497,2,evaluate,4.484400987625122,0.498500299940012,0.49803049345473394,0.49904969140340166,0.49837453413889443,1667
497,3,evaluate,3.964608539033819,0.5218956208758249,0.5238999008546232,0.5252204453671321,0.5231063089063125,1667
497,4,evaluate,3.958773164358852,0.5272945410917816,0.5234831006515529,0.5220790115319183,0.521169209913061,1667
497,5,evaluate,3.993338737958732,0.5344931013797241,0.5317303776842842,0.5308148299367551,0.5296442804192474,1667
498,0,evaluate,4.4376041359371605,0.4967006598680264,0.4968451515717237,0.49724880946656114,0.49686153700360264,1667
498,1,evaluate,3.9214296662108543,0.5278944211157769,0.5253396616592021,0.5227772618592368,0.5223878556148367,1667
498,2,evaluate,3.9276907532303422,0.5188962207558488,0.5233426756830104,0.5220874586908767,0.5209253527481124,1667
498,3,evaluate,4.512884784627844,0.52249550089982,0.5241807241802869,0.5246475309242503,0.522222237637809,1667
498,4,evaluate,4.329440938101874,0.5140971805638872,0.5130140529320893,0.5100448683507204,0.5091512565422779,1667
498,5,evaluate,3.9435010545047593,0.5290941811637673,0.5256367796750769,0.5254477414606453,0.5238866483142015,1667
499,0,evaluate,4.288648587686044,0.5170965806838632,0.5169335253384483,0.5130955394656496,0.5125823295130345,1667
499,1,evaluate,3.892306044620151,0.5290941811637673,0.5269251185954924,0.5242966581942342,0.5238233636978958,1667
499,2,evaluate,4.407968574100071,0.501499700059988,0.5018710021033324,0.5025697189024163,0.5021059137834534,1667
499,3,evaluate,3.8988109871193215,0.5188962207558488,0.5244938166509273,0.5221778192060658,0.5216130260798723,1667
499,4,evaluate,3.8991732759239786,0.5290941811637673,0.5261738906549569,0.5252742738172407,0.5242859735648971,1667
499,5,evaluate,4.4767683082156715,0.5170965806838632,0.5186988063189083,0.5190559394605911,0.5170087532655698,1667
