round,client_id,phase,loss,accuracy,precision,recall,f1,num_examples
0,0,evaluate,2.300533139187357,0.12372535690006799,0.06501580492506083,0.12295274155068818,0.06412351483807469,1471
0,1,evaluate,2.2929722496441434,0.153363740022805,0.14009350711937588,0.11975027825179112,0.07634152484816162,1754
0,2,evaluate,2.297528853783241,0.12736136502132847,0.09595095171839357,0.131567431644,0.07356255934411404,1641
0,3,evaluate,2.3000661754608154,0.10294117647058823,0.0839834462944498,0.11637968696553107,0.05888687718741818,1564
0,4,evaluate,2.29748169307051,0.11074918566775244,0.06462999560541491,0.11252091911144602,0.05371528989907305,1842
0,5,evaluate,2.294188814503806,0.09647602541883304,0.10222333374660345,0.12046821072446072,0.05757371895644177,1731
1,0,evaluate,2.1951951569524306,0.21389793702497287,0.17485724843479494,0.21426169508204707,0.15183169313316802,1842
1,1,evaluate,2.20759858255801,0.21006118286879674,0.21675115273059836,0.22315785503363106,0.15711850037637534,1471
1,2,evaluate,2.220955090863364,0.17677642980935876,0.1458342785289728,0.1938794774014871,0.1251791780344427,1731
1,3,evaluate,2.1734710502624512,0.21163682864450128,0.1903298478876482,0.21667763470985882,0.15129484154030232,1564
1,4,evaluate,2.2069703681128368,0.2331812998859749,0.31610106867045984,0.2369352764877617,0.16483466181864556,1754
1,5,evaluate,2.200798832453214,0.2327848872638635,0.23477379800819284,0.23078924167726944,0.17283770347517582,1641
2,0,evaluate,2.450468306030546,0.2073945696129405,0.1675763522661142,0.2295682008438687,0.1641403236553669,1731
2,1,evaluate,2.309536236983079,0.2425350396099939,0.26115774048455265,0.24064286640252502,0.18195998710882105,1641
2,2,evaluate,2.3507199372564043,0.2160775370581528,0.21130710630391447,0.247780495065276,0.17563905231443622,1754
2,3,evaluate,2.278113241853385,0.24484256243213898,0.19692009857481038,0.23946045033389335,0.1882435752383708,1842
2,4,evaluate,2.2109622812271117,0.2653452685421995,0.21184996522323293,0.2436428442016993,0.19872466720800824,1564
2,5,evaluate,2.3098731248275093,0.23589394969408567,0.24035967374939,0.23233002400268132,0.17979217636851622,1471
3,0,evaluate,3.0597759255996118,0.27666057282145035,0.22636575537833856,0.2729318675739771,0.23279366758302728,1641
3,1,evaluate,2.987434650289601,0.2714440825190011,0.21597663279204884,0.27130336733847005,0.22938014196816683,1842
3,2,evaluate,3.019145208856334,0.2868796736913664,0.32685043475868814,0.2739710019458147,0.236496152848098,1471
3,3,evaluate,2.9483143424987794,0.30434782608695654,0.23962729910813518,0.2768876599426645,0.24634989498070511,1564
3,4,evaluate,3.418129129069192,0.24090121317157712,0.19207101317277842,0.26751210116505286,0.21046232571204096,1731
3,5,evaluate,3.1433354190417697,0.250285062713797,0.2213368924796658,0.27650633665719104,0.21765302742060752,1754
4,0,evaluate,3.2971785275832466,0.3419442556084296,0.32817832223452204,0.3210677137652465,0.3063793309461078,1471
4,1,evaluate,3.200680866241455,0.3599744245524297,0.3463529503376396,0.3359478111507953,0.31728483284427494,1564
4,2,evaluate,3.7215418134416853,0.29462738301559793,0.3003591919622498,0.32651004261382177,0.2831914373086787,1731
4,3,evaluate,3.307496658393315,0.3312428734321551,0.3046519291130488,0.3370354685982918,0.30273754666205244,1754
4,4,evaluate,3.3805520351116476,0.3290676416819013,0.30248418701320184,0.3257196720116036,0.30308746503401063,1641
4,5,evaluate,3.3177207420612205,0.33821932681867534,0.3483307632754887,0.3345220126362493,0.31397916167449563,1842
5,0,evaluate,2.6555539035797118,0.37531969309462915,0.35601342291059834,0.3375461723482081,0.31887892136539925,1564
5,1,evaluate,2.7563994345457656,0.3691366417403127,0.37556732892359407,0.34907400392441323,0.3327279109432085,1471
5,2,evaluate,2.8725556501975427,0.34430225472273,0.36050010839715657,0.34558992399172694,0.319071998287905,1641
5,3,evaluate,2.84231128011431,0.3540478905359179,0.3595439238664784,0.347084945755605,0.31681578240337605,1754
5,4,evaluate,3.1037636484418596,0.3125361062969382,0.3435086745994362,0.3592876901889462,0.3060845964842782,1731
5,5,evaluate,2.9550193835949075,0.3479913137893594,0.35803203606787243,0.34448462486659615,0.3224053193086179,1842
6,0,evaluate,2.0985303132430366,0.37321549966009515,0.37134200934713324,0.3487298548226246,0.32916261067044783,1471
6,1,evaluate,1.992032814025879,0.3804347826086957,0.36840198781974415,0.34742075191521915,0.32661556929536695,1564
6,2,evaluate,2.1001413805144176,0.37001140250855186,0.3833984133575729,0.36089502781396676,0.3362680478597517,1754
6,3,evaluate,2.194671602084719,0.34093376764386535,0.35532517807295344,0.3355266445183534,0.31006027354505417,1842
6,4,evaluate,2.1280391170428348,0.35405240706886043,0.3719257916896917,0.3600436399542247,0.32807252640675133,1641
6,5,evaluate,2.270584749323981,0.31369150779896016,0.3451508199608072,0.3570292701249426,0.3029038865000411,1731
7,0,evaluate,2.0563800518329325,0.30408287629494213,0.35844251331009735,0.31557031094389526,0.2893798179619572,1641
7,1,evaluate,2.01808049886123,0.3249490142760027,0.34649384720662924,0.3017139025359951,0.28285160470631315,1471
7,2,evaluate,1.986482207264219,0.3232611174458381,0.376058413244123,0.3153349408330691,0.3019849381811116,1754
7,3,evaluate,2.0044555170782683,0.30998914223669927,0.33765642999644985,0.2974992520802777,0.2772618522303796,1842
7,4,evaluate,2.110403605869838,0.2715193529751589,0.3327680168368553,0.29928349817290806,0.2609917412323634,1731
7,5,evaluate,1.9635796546936035,0.3101023017902813,0.3234026569494064,0.3007242519469636,0.2690511832393073,1564
8,0,evaluate,1.9519007724264394,0.2991162474507138,0.34963506726021276,0.2859200948261955,0.26730990852034414,1471
8,1,evaluate,1.9917045877530024,0.28031687995124926,0.372193967832335,0.28626515562156263,0.26885057535462,1641
8,2,evaluate,1.9753344869613647,0.28069053708439895,0.37139019306384113,0.2908552389065008,0.2661749042652981,1564
8,3,evaluate,1.9034186686788286,0.30216647662485746,0.35737370377883065,0.2849792832238081,0.2701435779644544,1754
8,4,evaluate,1.930198780421553,0.30944625407166126,0.37837573240638933,0.2962898894431566,0.2803002032856486,1842
8,5,evaluate,1.951993806021554,0.2657423454650491,0.3842828370420906,0.28486568959220193,0.2627260758896378,1731
9,0,evaluate,1.7160568925050588,0.3619744058500914,0.398045564655845,0.357653748928605,0.3455123788657277,1641
9,1,evaluate,1.7421458493108335,0.35010197144799454,0.41644062887363864,0.35112022282604083,0.33337204802269055,1471
9,2,evaluate,1.651722171476909,0.40193842645381983,0.4301883643975203,0.3816420156105871,0.3711957286172472,1754
9,3,evaluate,1.702816601457267,0.36536373507057546,0.41105196982098946,0.3653234182244137,0.3477917091163857,1842
9,4,evaluate,1.7402077960968017,0.3599744245524297,0.4118421057107756,0.37509286661353874,0.3443104324643473,1564
9,5,evaluate,1.7162273994513921,0.34719815135759674,0.4124074119582999,0.36735786980474916,0.3476283392400693,1731
10,0,evaluate,1.696825877479885,0.37185588035350103,0.388155993596448,0.3860163335623915,0.3572610715541173,1471
10,1,evaluate,1.608075350522995,0.4264538198403649,0.41673316923177,0.4020498054430027,0.3877364603815073,1754
10,2,evaluate,1.6560141999146034,0.41042345276872966,0.43060532106959143,0.41369812420374297,0.3974937743027892,1842
10,3,evaluate,1.6840795469284058,0.3868286445012788,0.4115015576089707,0.39490945846969366,0.3668727845842191,1564
10,4,evaluate,1.6478342138803923,0.4052407068860451,0.4137478129838934,0.39694055892905283,0.38426315664068583,1641
10,5,evaluate,1.7410051013742174,0.37261698440207974,0.4026211522564725,0.39641142959536674,0.3691679688482173,1731
11,0,evaluate,1.7432281970977783,0.42725298588490773,0.4391977485643978,0.42917749805574823,0.41326913948234034,1842
11,1,evaluate,1.793778015219647,0.41196464989802856,0.4276003445555494,0.41507750761294593,0.39529670067213707,1471
11,2,evaluate,1.7366183280944825,0.42327365728900257,0.42873958040426763,0.4153630287822213,0.39943510556498174,1564
11,3,evaluate,1.7440072618998015,0.4235222425350396,0.42555327356883926,0.41597318981580333,0.4009962063245897,1641
11,4,evaluate,1.726178480046136,0.4412770809578107,0.4264864045766815,0.4228614420391591,0.40374246339108816,1754
11,5,evaluate,1.9049121992928642,0.37377238590410167,0.40670618127656805,0.4093825079006823,0.3753935195984551,1731
12,0,evaluate,1.6756775104082549,0.43327239488117003,0.4371138319494576,0.43083638310824635,0.4186268170165978,1641
12,1,evaluate,1.630605664253235,0.4539641943734015,0.442103148293302,0.4336413368469711,0.42178042783870257,1564
12,2,evaluate,1.8497012513024467,0.391103408434431,0.4083875263183662,0.4315705332815806,0.39569309122316837,1731
12,3,evaluate,1.7280744936155237,0.4343983684568321,0.4299382458542366,0.42589495627845964,0.40908906363477404,1471
12,4,evaluate,1.6929564064946667,0.4500542888165038,0.4504546062778478,0.4477284201043038,0.4327832416955209,1842
12,5,evaluate,1.6624474270003182,0.45952109464082097,0.4492563629675361,0.44533042773822124,0.42981110555763646,1754
13,0,evaluate,1.597238085099629,0.46864310148232613,0.4553150855016096,0.45456075198151524,0.4419955090211646,1754
13,1,evaluate,1.6252222801076954,0.46688382193268185,0.4655719060486452,0.46275820725872896,0.45057784785854543,1842
13,2,evaluate,1.5189004755020141,0.48657289002557547,0.46738979910527734,0.4607547161791431,0.4538000631604101,1564
13,3,evaluate,1.6315800729005232,0.4724677090414684,0.4617303691669055,0.45487326411894335,0.4440788751982909,1471
13,4,evaluate,1.7284244384084428,0.41305603697284804,0.43058780198577945,0.45440586680945216,0.41810718528877067,1731
13,5,evaluate,1.64130541911492,0.453382084095064,0.45864677958879135,0.4563071184903801,0.4438250755499875,1641
14,0,evaluate,1.5016094816142116,0.48697068403908794,0.4926465223055385,0.4818105548826194,0.4744435396968031,1842
14,1,evaluate,1.438906693458557,0.5038363171355499,0.49070456843389065,0.48287377806698145,0.4773025139752697,1564
14,2,evaluate,1.5369414816731992,0.48810333106730114,0.4796271572427173,0.4675462093861834,0.46118437075082025,1471
14,3,evaluate,1.559651494026184,0.45277269957343086,0.459656394661371,0.4592926076009197,0.4468290518905341,1641
14,4,evaluate,1.4993890481335777,0.48004561003420754,0.47172321675765716,0.47063717409854117,0.4599858722081283,1754
14,5,evaluate,1.582499691418239,0.4459849797804737,0.46344137179233913,0.47400178169675417,0.4494413723311551,1731
15,0,evaluate,1.4766113084295522,0.4894629503738953,0.4983002871619158,0.4694964054986871,0.47207295215263756,1471
15,1,evaluate,1.4161793661117554,0.49232736572890023,0.4981815669334798,0.48028440478764545,0.47483377729555254,1564
15,2,evaluate,1.4872392966197088,0.46983546617915906,0.49040413004063843,0.47566968989130987,0.4704048568663547,1641
15,3,evaluate,1.493807464838028,0.4610051993067591,0.4856814163761426,0.4778876711896589,0.46949667330511746,1731
15,4,evaluate,1.422661440713065,0.5057012542759407,0.5104071010528932,0.4999717397822104,0.4926255078466448,1754
15,5,evaluate,1.446040071290115,0.49185667752442996,0.5196446305036504,0.4899342947768096,0.49128257863533936,1842
16,0,evaluate,1.442296761732835,0.48689823278488725,0.510220265852357,0.4896219497782833,0.48398544377451963,1641
16,1,evaluate,1.4332801294326782,0.47698209718670076,0.5043171788807982,0.4775758687761904,0.4642805573494405,1564
16,2,evaluate,1.4675111874290134,0.4989802855200544,0.5267268321956844,0.48964517199413143,0.4885491486940536,1471
16,3,evaluate,1.4040326731545585,0.5131128848346637,0.5265996492232341,0.4994413368403027,0.49527435182096247,1754
16,4,evaluate,1.4405931563212955,0.48805646036916395,0.5253613136871105,0.4907904152363557,0.49060013129480967,1842
16,5,evaluate,1.4633059246199471,0.4662045060658579,0.5004966467987088,0.4745922605664775,0.4732697211901458,1731
17,0,evaluate,1.4322400956318295,0.4820846905537459,0.5238691013717026,0.48361917520749104,0.48154140426225583,1842
17,1,evaluate,1.4323322772979736,0.48202315661182205,0.5096134971316311,0.47919108361190127,0.47724437384433405,1641
17,2,evaluate,1.4047571633543288,0.500570125427594,0.5120172557969884,0.4794611311116346,0.4765144407931749,1754
17,3,evaluate,1.4639967783637668,0.4813052345343304,0.526842507282404,0.4783245376169269,0.47576351044406556,1471
17,4,evaluate,1.4547307235854012,0.4719815135759676,0.5064537390930655,0.47531895561818943,0.47589849426287356,1731
17,5,evaluate,1.4462689208984374,0.4571611253196931,0.49816569382132087,0.46591689372328193,0.44934630912309653,1564
18,0,evaluate,1.3947614049911499,0.48081841432225064,0.5033605585423719,0.4862884593151676,0.4736985754338921,1564
18,1,evaluate,1.3759512177535467,0.5199543899657925,0.5151206138208277,0.5010551896031646,0.49658443628306836,1754
18,2,evaluate,1.4421507673604148,0.48642403235124204,0.5133888459792557,0.4967730639619826,0.49377187491685826,1731
18,3,evaluate,1.3891235360732446,0.4990859232175503,0.509967867506351,0.4956135745942163,0.49403748205862613,1641
18,4,evaluate,1.3833560532537,0.508686210640608,0.5312198677291935,0.5094249241832802,0.5065781447017594,1842
18,5,evaluate,1.4181117389513098,0.4983004758667573,0.5156870991734475,0.4972462158591259,0.49121164979870696,1471
19,0,evaluate,1.3202083366257804,0.5444697833523375,0.5247787696543916,0.5326452035538743,0.5206589578145511,1754
19,1,evaluate,1.3239753246307373,0.5258988421694089,0.5206687321793224,0.523435846201927,0.5168482029567912,1641
19,2,evaluate,1.3266509730240394,0.5553745928338762,0.5538105411057581,0.5568738296336244,0.5487447799085828,1842
19,3,evaluate,1.3117613744735719,0.5268542199488491,0.513862984893518,0.5180722075841808,0.5051969334161447,1564
19,4,evaluate,1.423206580536706,0.49393414211438474,0.5029350576013843,0.5191068977610985,0.5016534922398522,1731
19,5,evaluate,1.3540999111921892,0.5152957171991842,0.5039699033195709,0.5089206393775669,0.49767299992795017,1471
20,0,evaluate,1.31960352567526,0.5368677635588056,0.5274389913835982,0.5348112213498648,0.523049125067994,1641
20,1,evaluate,1.2889573001861572,0.5460358056265985,0.5189241957243159,0.5281427693160634,0.517255285039566,1564
20,2,evaluate,1.3221040238504824,0.5370496261046906,0.5141262957942878,0.5219535062411335,0.5128000748716203,1471
20,3,evaluate,1.305971445781844,0.5478905359179019,0.5277065795857936,0.5424066861521133,0.5254236627497829,1754
20,4,evaluate,1.4308733748538154,0.49451184286539573,0.5015822285860948,0.5295159571080038,0.5019450860417658,1731
20,5,evaluate,1.3101526909861072,0.5542888165038002,0.5449460238341995,0.5549461005884861,0.5442864313829996,1842
21,0,evaluate,1.3409946897755498,0.5384092454112849,0.5160194038749282,0.5157060943396905,0.5102310640577669,1471
21,1,evaluate,1.4539183207920618,0.49797804737146156,0.5065564461185466,0.5346876870958446,0.5055060466639409,1731
21,2,evaluate,1.307420105934143,0.5479539641943734,0.525424216067641,0.5247232009822539,0.5199478776696629,1564
21,3,evaluate,1.3299070298671722,0.5444697833523375,0.5350117041501142,0.5447777977887802,0.5289353040785703,1754
21,4,evaluate,1.332776817782172,0.5477741585233442,0.5454041178800166,0.547225927333312,0.5383255788614381,1842
21,5,evaluate,1.3698662909177632,0.5326020719073735,0.5342746252542061,0.5338219845172234,0.5240573967859289,1641
22,0,evaluate,1.3764157524475684,0.5295551492992078,0.5308445779999861,0.5326066795834813,0.5230517536340095,1641
22,1,evaluate,1.291626958847046,0.5537084398976982,0.5364148775117312,0.5322903250119644,0.5276041197990513,1564
22,2,evaluate,1.3148374927454982,0.5542888165038002,0.5588779107936851,0.5510638529323539,0.5461085297578581,1842
22,3,evaluate,1.329777451498168,0.5518814139110604,0.5482756349994531,0.5519213954405175,0.537571275722992,1754
22,4,evaluate,1.3275824163271033,0.5438477226376615,0.5329314171351249,0.5198822728583776,0.5208029417779756,1471
22,5,evaluate,1.429450654557773,0.49682264586943964,0.5104033885862377,0.5304208233458267,0.5059640366949429,1731
23,0,evaluate,1.3003618924514107,0.5520054384772264,0.5423498354339035,0.5349194468856373,0.5354737385744285,1471
23,1,evaluate,1.3209276520288908,0.5393053016453382,0.5390457513715918,0.5426392715080613,0.5360297024628276,1641
23,2,evaluate,1.266354647176019,0.5532030401737242,0.5591102076152599,0.5504486916142575,0.5495903539821191,1842
23,3,evaluate,1.2851004770823888,0.5473204104903079,0.5384938814743616,0.5430396207534379,0.5348754403645776,1754
23,4,evaluate,1.2547160243988038,0.559462915601023,0.5433136561480815,0.5435957308322747,0.5391343822685724,1564
23,5,evaluate,1.3559676557779312,0.5170421721548238,0.5285607702660907,0.5401322342948155,0.5271639716354516,1731
24,0,evaluate,1.241582351071494,0.5592930444697833,0.5495698125111133,0.5519312668617521,0.5462523891499954,1754
24,1,evaluate,1.289095831953961,0.5540448674371176,0.5497720308015039,0.5442863863420808,0.5423843507436866,1471
24,2,evaluate,1.2714844116797814,0.5508836075563681,0.552856125503343,0.5528387534622913,0.5502412388535419,1641
24,3,evaluate,1.2362394952774047,0.5613810741687979,0.5500881844923124,0.5531748170455406,0.5462367774280732,1564
24,4,evaluate,1.2333303402210105,0.5662323561346363,0.5755657888177712,0.5648590979356269,0.5669654835661923,1842
24,5,evaluate,1.2999287226370402,0.536683997689197,0.5491669752801311,0.5537034234181439,0.5490877632820867,1731
25,0,evaluate,1.272695827484131,0.5300511508951407,0.539016329632777,0.5313088935184386,0.5216285574033449,1564
25,1,evaluate,1.2563326441008469,0.5580890336590663,0.5811233663145196,0.5584349058959196,0.5602920281415866,1842
25,2,evaluate,1.3196146488189697,0.539768864717879,0.5467244133524,0.5362928195960552,0.5319728618493468,1471
25,3,evaluate,1.2493675415005003,0.5478905359179019,0.5437315721284286,0.5320208601593035,0.5310501598306553,1754
25,4,evaluate,1.303411630647523,0.5401502021952629,0.5605452383176903,0.5482276424659063,0.548282424819292,1731
25,5,evaluate,1.2821106543907752,0.5606337599024985,0.5720782604790166,0.5603691346058421,0.5598343796353777,1641
26,0,evaluate,1.3336939397065535,0.548606390210741,0.5614201711520139,0.5470752496381148,0.5417030732927148,1471
26,1,evaluate,1.2786291262199139,0.5456026058631922,0.5738872598626955,0.5475524318396237,0.5475899299210494,1842
26,2,evaluate,1.2871579161057105,0.5545399146861669,0.5718629262135322,0.5533323214163743,0.5538259178763596,1641
26,3,evaluate,1.2905984425544739,0.5262148337595908,0.5427273790195215,0.5298067167390081,0.5198907354880992,1564
26,4,evaluate,1.2533890051501138,0.5524515393386545,0.555171668118923,0.5411721780780806,0.537477326072798,1754
26,5,evaluate,1.325737504022462,0.5499711149624494,0.5720174118771191,0.5585710343440387,0.5579363756416342,1731
27,0,evaluate,1.220598770039422,0.580387685290764,0.5744391478478642,0.5724725427244376,0.5656291610787152,1754
27,1,evaluate,1.2500123106516325,0.5636806825106643,0.5669495295236711,0.560781091265701,0.5596367107406264,1641
27,2,evaluate,1.3173708277089256,0.5540150202195263,0.5658668936118334,0.566395108784609,0.5602405719751611,1731
27,3,evaluate,1.2787870894307676,0.5622025832766825,0.5599015069308886,0.5538642420604594,0.5492255414989627,1471
27,4,evaluate,1.2321136569976807,0.5613810741687979,0.5597935734448699,0.5554559818585484,0.5472407576939038,1564
27,5,evaluate,1.2577667647394641,0.5575461454940283,0.5750170642783645,0.5613678332178799,0.5584884740872325,1842
28,0,evaluate,1.2395735227543374,0.5812372535690007,0.5659561989304354,0.5657766820754674,0.5635295134365987,1471
28,1,evaluate,1.2214151394778285,0.5689467969598263,0.5709021111262647,0.5696280294444268,0.5659037372645424,1842
28,2,evaluate,1.1969664621353149,0.5843989769820972,0.5681259929631933,0.571311758505669,0.5661060345687103,1564
28,3,evaluate,1.2082873284816742,0.5781071835803877,0.5627635127140105,0.572612623841116,0.560549110601229,1754
28,4,evaluate,1.3061384494815553,0.5511265164644714,0.5508317735789483,0.5724425938121657,0.557112704938274,1731
28,5,evaluate,1.244136095046997,0.5758683729433273,0.5680158606723781,0.5739275889189009,0.5690479981791026,1641
29,0,evaluate,1.2806939436839178,0.5612431444241316,0.5564527429873801,0.5627030566242969,0.5554690369458168,1641
29,1,evaluate,1.2535536315130151,0.592114208021754,0.5849218115598905,0.5717300004887391,0.5736472997117076,1471
29,2,evaluate,1.2159373426437379,0.5978260869565217,0.5779043284705765,0.5768931201160619,0.5738153907673654,1564
29,3,evaluate,1.2358413318107868,0.5781758957654723,0.5805587541265068,0.578545567997377,0.5737632720369448,1842
29,4,evaluate,1.2555119033370699,0.5678449258836944,0.5528676628543296,0.564654040950552,0.5490409503775635,1754
29,5,evaluate,1.3295190802642278,0.5493934142114385,0.5526732288477227,0.5733878626788858,0.5559361656570092,1731
30,0,evaluate,1.2857714318312132,0.558805606337599,0.557943514275715,0.5614683799961737,0.5542782545350178,1641
30,1,evaluate,1.2141023802757263,0.6035805626598465,0.5832203288458959,0.578702575616368,0.5763325104234518,1564
30,2,evaluate,1.2603633248287698,0.5873555404486743,0.5811664594928924,0.5648708260577129,0.5672725160108885,1471
30,3,evaluate,1.272954204252788,0.564994298745724,0.5555223577061046,0.5641317917713873,0.5491307442882982,1754
30,4,evaluate,1.2363321740051796,0.5830618892508144,0.5876067972145795,0.5821391265121723,0.5780770042190602,1842
30,5,evaluate,1.3204774005072457,0.5355285961871751,0.5454578227188149,0.559341502566889,0.5433059312760021,1731
31,0,evaluate,1.1879812049865723,0.5997442455242967,0.5771002338225394,0.5768527926748456,0.5743689006259868,1564
31,1,evaluate,1.2317808760063989,0.5775370581527937,0.5632793544604396,0.5744232895794071,0.5617482789078144,1754
31,2,evaluate,1.2326766718988833,0.5893949694085656,0.577815213283244,0.5700880646758263,0.5706204572034663,1471
31,3,evaluate,1.2506014475455651,0.5746496039000609,0.5749925437544726,0.5780387006992808,0.5730211683316615,1641
31,4,evaluate,1.2054132346449227,0.5819761129207384,0.5846016501303153,0.5803190684848423,0.5787833629370228,1842
31,5,evaluate,1.281986532466752,0.5470826112073945,0.5574038159418375,0.5736687505244297,0.5583901188809135,1731
32,0,evaluate,1.2522079199552536,0.5551704217215483,0.5673716317974913,0.5800247490157997,0.5692688201324135,1731
32,1,evaluate,1.2165215840706458,0.583180987202925,0.5824050193304305,0.5836906236965889,0.5814203632322609,1641
32,2,evaluate,1.2252308493075164,0.5846363018354861,0.5705739770918901,0.5733997388368196,0.569487675186976,1471
32,3,evaluate,1.1755759596824646,0.5965473145780051,0.5772082350266777,0.5816462307433709,0.5749168280705591,1564
32,4,evaluate,1.1868799584252494,0.5889395667046751,0.5765804620554758,0.5842404018026631,0.5757760500032406,1754
32,5,evaluate,1.1814136402360325,0.5993485342019544,0.5993755653693693,0.5979076763434392,0.5970319764794114,1842
33,0,evaluate,1.2000991517099842,0.5884907709011944,0.5952413332748857,0.5857857738002101,0.5864756620155906,1842
33,1,evaluate,1.2621360995939799,0.5511265164644714,0.5655160768410019,0.5677502364839166,0.5619090088138883,1731
33,2,evaluate,1.251859364302262,0.5757987763426241,0.572622940969949,0.572710242209942,0.5666192887827919,1471
33,3,evaluate,1.1818603085620063,0.5952109464082098,0.582113584997357,0.5829281750771034,0.5795022462773617,1754
33,4,evaluate,1.21759887612783,0.5819622181596588,0.5873003293013636,0.582327502342493,0.5817311069883282,1641
33,5,evaluate,1.207793071269989,0.5824808184143222,0.572232632973633,0.5760280496934618,0.5665802381416113,1564
34,0,evaluate,1.2816129456395688,0.5649218218898708,0.5729953641268108,0.5638274293101764,0.5583977842480745,1471
34,1,evaluate,1.2400612878799437,0.5703324808184144,0.5703935800698372,0.5696962367001299,0.5588498517085094,1564
34,2,evaluate,1.2887566579239709,0.5418833044482958,0.5613035538468365,0.5549182503534298,0.5522979369682821,1731
34,3,evaluate,1.240361096767279,0.5685557586837294,0.5807155942099468,0.5688765706156315,0.5684244762383959,1641
34,4,evaluate,1.2364604473114014,0.5814332247557004,0.5972800831482894,0.5812725614080374,0.5805367099453976,1842
34,5,evaluate,1.2033804506063461,0.5855188141391106,0.5776002338987438,0.5728809871518118,0.5705894400383764,1754
35,0,evaluate,1.2814744192620982,0.5717199184228416,0.5759913331582928,0.5674553243999233,0.5624157359969462,1471
35,1,evaluate,1.2943195487771715,0.5545927209705372,0.5685452757451154,0.5664376147690059,0.5630402937588181,1731
35,2,evaluate,1.244726509883486,0.5798045602605864,0.5986901088913983,0.5830471304233171,0.5811691939523411,1842
35,3,evaluate,1.2081120418650764,0.5849486887115165,0.5743924000134939,0.5721083739270035,0.5682821500812189,1754
35,4,evaluate,1.2503103224130778,0.5661182205971969,0.5743613790599038,0.5661405177177598,0.5642093600365448,1641
35,5,evaluate,1.228138768672943,0.5773657289002557,0.5781643042490578,0.5762207344237825,0.5662955157371464,1564
36,0,evaluate,1.2523784119149912,0.5819170632222977,0.5760129677846386,0.573587834765858,0.569399005852742,1471
36,1,evaluate,1.274217861039298,0.5811669555170422,0.5856785127934161,0.5963540761916921,0.5887339795212118,1731
36,2,evaluate,1.2049437463283539,0.5895096921322691,0.5731122887244235,0.580518403668281,0.5716041621123529,1754
36,3,evaluate,1.2335134011048536,0.5807434491163924,0.5798989337472216,0.5811290072078731,0.5775527128403838,1641
36,4,evaluate,1.1871924114227295,0.6054987212276215,0.5954103336421396,0.5978381837403137,0.5900003752316241,1564
36,5,evaluate,1.2187984688528652,0.5928338762214984,0.599968705430533,0.5934118724178669,0.5914600761634018,1842
37,0,evaluate,1.2480610196407025,0.5965874466788543,0.5897806218535984,0.5982871766767623,0.5917528594783648,1641
37,1,evaluate,1.2949763078774725,0.5805892547660312,0.5807030840734881,0.6005323964898327,0.5863121093262313,1731
37,2,evaluate,1.2428651218828948,0.601631543167913,0.5900944537984427,0.5871952986498313,0.5850055444483245,1471
37,3,evaluate,1.226875622357641,0.5929304446978335,0.5724548891445326,0.5842632541908895,0.5721035959360832,1754
37,4,evaluate,1.1806218004226685,0.6093350383631714,0.5883846755823944,0.5906133630196685,0.5859055725703838,1564
37,5,evaluate,1.2230524544058174,0.6004343105320304,0.5984167620805454,0.598739429131723,0.5948994330618819,1842
38,0,evaluate,1.2575174059186662,0.5895096921322691,0.5759500733725544,0.5853700754622754,0.5715621287583698,1754
38,1,evaluate,1.2844389768747182,0.5819622181596588,0.5792121434090232,0.5840896089951757,0.5779298700818698,1641
38,2,evaluate,1.255384823371624,0.5857763300760044,0.5829458249265234,0.5846479518577457,0.5793904722268066,1842
38,3,evaluate,1.2631000591361004,0.5893949694085656,0.5782314741196224,0.570180723319281,0.5707496002082704,1471
38,4,evaluate,1.1935395908355713,0.6099744245524297,0.5872563445364605,0.5877365352469345,0.5837044418461621,1564
38,5,evaluate,1.3319915107318334,0.5730791450028885,0.5790318271237798,0.597575646490691,0.5808174728895581,1731
39,0,evaluate,1.2026618528366089,0.610613810741688,0.5883615228314467,0.5872745958237461,0.5821173999185387,1564
39,1,evaluate,1.2594926548855645,0.5929304446978335,0.579589850827751,0.5894047832506717,0.5762576970283168,1754
39,2,evaluate,1.3443230645997184,0.5655690352397458,0.5753544280165943,0.5911039478564895,0.5756151142518966,1731
39,3,evaluate,1.278395598349364,0.5975526852481305,0.587520457557692,0.579397755063961,0.58072777897996,1471
39,4,evaluate,1.2991945697711065,0.5758683729433273,0.5758687203648145,0.5787725755396508,0.5730957063477526,1641
39,5,evaluate,1.2631568785371452,0.5917480998914224,0.591499172584921,0.5907222502467022,0.5873785872099271,1842
40,0,evaluate,1.3051995772581835,0.5746496039000609,0.5766569932728431,0.5756099857123664,0.572436030896918,1641
40,1,evaluate,1.300227851971336,0.5873555404486743,0.580751942830978,0.5718649081291407,0.5737286703332929,1471
40,2,evaluate,1.3505414639200484,0.5557481224725592,0.568691578346351,0.5793241067251327,0.5673496766611655,1731
40,3,evaluate,1.2106461858749389,0.6010230179028133,0.5790372186433776,0.5806334328264445,0.5746300089428129,1564
40,4,evaluate,1.2613511208830208,0.5879478827361564,0.5943273693660176,0.5864638494714116,0.587231048374114,1842
40,5,evaluate,1.2535826904433114,0.5952109464082098,0.5812019558021039,0.5895016667721098,0.5797826973821081,1754
41,0,evaluate,1.260698825120926,0.5957810718358039,0.5859853464496053,0.5871854114153382,0.5809064964733408,1754
41,1,evaluate,1.2771360586429465,0.5901194353963084,0.5982060823654081,0.5878695119819237,0.5896893731326335,1842
41,2,evaluate,1.3614056812865394,0.5522819179664934,0.56699090167534,0.570538680352253,0.5640812386415006,1731
41,3,evaluate,1.3326194752817568,0.5778382053025153,0.5735732858195094,0.5695939719427069,0.5678655941768498,1471
41,4,evaluate,1.2307171511650086,0.6016624040920716,0.5877349768099348,0.5904496704320479,0.5822524673525905,1564
41,5,evaluate,1.3115824598532457,0.5776965265082267,0.5828344000019301,0.576412053701632,0.5765540486736366,1641
42,0,evaluate,1.3525794638054711,0.5580589254766031,0.5708922436090249,0.5720588701929752,0.5684849058699599,1731
42,1,evaluate,1.2419278240203857,0.6042199488491049,0.5954137800665518,0.5974332201715036,0.5893569676848913,1564
42,2,evaluate,1.2763079158191024,0.5939196525515744,0.6027055676132101,0.5929872548617714,0.5941003379958996,1842
42,3,evaluate,1.3069093479559972,0.5825716026812919,0.5882746408412256,0.5795538173993388,0.580231607351419,1641
42,4,evaluate,1.2629352999585015,0.5855188141391106,0.5769948142897788,0.5749285327830524,0.5708559344825112,1754
42,5,evaluate,1.3376840378927148,0.5635622025832767,0.5631157548485982,0.5582216334485179,0.5552588177355905,1471
43,0,evaluate,1.3585256401981627,0.5673021374927787,0.5743334764223506,0.5808789113345376,0.5752453936256462,1731
43,1,evaluate,1.3389178125754646,0.5696804894629504,0.5669430376638404,0.5648564332428408,0.5605280814251519,1471
43,2,evaluate,1.2707206990037645,0.5912200684150513,0.5774586173705304,0.5803063147185815,0.5753006756676398,1754
43,3,evaluate,1.2815643261218894,0.5863192182410424,0.5947851633058445,0.5885117972126548,0.5871406692201597,1842
43,4,evaluate,1.3129251232514014,0.5856185252894577,0.5862581840667056,0.5837175271735735,0.5818344611715498,1641
43,5,evaluate,1.2530342197418214,0.5959079283887468,0.5831688393120569,0.5873537279736334,0.5790035499631421,1564
44,0,evaluate,1.2564831590652465,0.6086956521739131,0.5909159865780648,0.5944472105256805,0.5878601306655309,1564
44,1,evaluate,1.3512196825898213,0.5737593473827328,0.5648920927444531,0.5663123237179916,0.5619731179679018,1471
44,2,evaluate,1.3700472701873099,0.5748122472559214,0.5769276448467183,0.5933652632859743,0.5825292972618953,1731
44,3,evaluate,1.3331222992676954,0.5874466788543571,0.58359693472363,0.5887998514520815,0.583447259327066,1641
44,4,evaluate,1.2980751004712334,0.5825190010857764,0.585399996966131,0.5858641900946893,0.5816192251948381,1842
44,5,evaluate,1.2868571877479553,0.5883694412770809,0.5737297131588756,0.5814435626342167,0.5723199792053069,1754
45,0,evaluate,1.3548141763760493,0.5868372943327239,0.582842500157925,0.5903529221347469,0.5839015642020449,1641
45,1,evaluate,1.3765298617737634,0.5736568457538995,0.5732222084824673,0.5929944075512604,0.5797739764948798,1731
45,2,evaluate,1.2575200033187866,0.600383631713555,0.5817058739546889,0.5846113364040499,0.5793627429948388,1564
45,3,evaluate,1.3702836192172507,0.5859959211420802,0.5745222168543762,0.5753489127115643,0.5719826433022596,1471
45,4,evaluate,1.3026481504951204,0.5952109464082098,0.5779198242600233,0.5883479904662622,0.5773035543584508,1754
45,5,evaluate,1.3179121798482434,0.5798045602605864,0.5799247412306198,0.5840834125453213,0.577742894400856,1842
46,0,evaluate,1.385248813940131,0.5832766825288919,0.5722732387795048,0.5705216591598334,0.5691566431945332,1471
46,1,evaluate,1.3079447171517782,0.5935005701254276,0.5732764853087275,0.5859648001552195,0.574443332573565,1754
46,2,evaluate,1.2573827695846558,0.6010230179028133,0.5768803140246593,0.5830755003071304,0.57773822684979,1564
46,3,evaluate,1.318110266636158,0.5901194353963084,0.5893644049947312,0.5945796760720231,0.5880435358038938,1842
46,4,evaluate,1.3962251341768674,0.5748122472559214,0.5757124018322779,0.5974876340749558,0.5808938975388639,1731
46,5,evaluate,1.3692243855733137,0.5904936014625228,0.5874900059617378,0.5944412471728158,0.5885914439170302,1641
47,0,evaluate,1.3918359165008252,0.583180987202925,0.5861693162926033,0.5876987482825464,0.5825355055434447,1641
47,1,evaluate,1.41012980895383,0.5696129404968227,0.5737395117482695,0.5936621493081687,0.5786141517734209,1731
47,2,evaluate,1.2738976645469666,0.6138107416879796,0.5917641799849566,0.5973727202403161,0.5912873677431502,1564
47,3,evaluate,1.3118200089250291,0.5997719498289624,0.5805166738192205,0.5923180673373387,0.5817055268517068,1754
47,4,evaluate,1.3184190248620922,0.5939196525515744,0.5931142719067916,0.5964216169972341,0.5917687832895032,1842
47,5,evaluate,1.4037004268687705,0.5907545887151597,0.5778999658329206,0.5769629005468915,0.5759150679777625,1471
48,0,evaluate,1.4104726016521454,0.5752589884216941,0.577520816575611,0.5765348726233078,0.5741883517754669,1641
48,1,evaluate,1.4160840744557588,0.5975526852481305,0.5854527076972011,0.5845860723586878,0.583273827683237,1471
48,2,evaluate,1.4133933644209589,0.5655690352397458,0.572675984266841,0.5900591412543126,0.5759478840640943,1731
48,3,evaluate,1.3005936217308045,0.6080562659846548,0.588436043827669,0.5950609440956738,0.5877246259206869,1564
48,4,evaluate,1.320842227765492,0.6083238312428735,0.5886467692825958,0.5996859780701039,0.589152944059302,1754
48,5,evaluate,1.3271468220085934,0.5944625407166124,0.5948682015498841,0.5933003144144805,0.5919002493435762,1842
49,0,evaluate,1.3296867489814759,0.6048593350383632,0.5857509459202921,0.5921383848596455,0.5850530889809241,1564
49,1,evaluate,1.4294910819634148,0.5995921142080217,0.5884737300043567,0.5894555352837543,0.5870890084429583,1471
49,2,evaluate,1.4238161040203912,0.5678798382437897,0.5775361129413168,0.5892910066292038,0.5792286443455515,1731
49,3,evaluate,1.340739340617739,0.5944625407166124,0.5976353494642034,0.5936055626257737,0.5938528581837955,1842
49,4,evaluate,1.4283765600277827,0.5776965265082267,0.5762540190877224,0.5768154027510458,0.5747442915489727,1641
49,5,evaluate,1.3431463986635208,0.6020524515393386,0.583728929305533,0.5933710122813682,0.5837901082702389,1754
50,0,evaluate,1.439505553671292,0.5667244367417678,0.5761504217075374,0.5840271429843528,0.5771242640980748,1731
50,1,evaluate,1.3653659510612488,0.5991048593350383,0.5810243925922924,0.5860356770013601,0.5794966504832774,1564
50,2,evaluate,1.4510154231734897,0.5853161114887832,0.5758206659671479,0.5779209150679268,0.5742190870842376,1471
50,3,evaluate,1.3727214994101689,0.5874049945711184,0.5920464720503689,0.5859382819164874,0.5872591366552852,1842
50,4,evaluate,1.450377805874898,0.5813528336380256,0.5795754460693274,0.5793361454076378,0.5783480723534942,1641
50,5,evaluate,1.3758751579693385,0.5929304446978335,0.5762295576769019,0.5828754077476962,0.5750675751637444,1754
51,0,evaluate,1.4192031089748656,0.5912200684150513,0.5763439803893498,0.5817587751496859,0.5736206385252176,1754
51,1,evaluate,1.4490189499088697,0.5730791450028885,0.5816568797162984,0.5883761699619103,0.5820794868601981,1731
51,2,evaluate,1.469957920221182,0.5819622181596588,0.5825698484104173,0.5821129725578111,0.579850437393963,1641
51,3,evaluate,1.3818350148200989,0.5907928388746803,0.5732975045659596,0.5754628732441318,0.5706411499554761,1564
51,4,evaluate,1.39529196147261,0.5781758957654723,0.5817571959505278,0.5781722179330899,0.5779408259884365,1842
51,5,evaluate,1.4638045145117717,0.5887151597552686,0.5819740523820991,0.5813491649103969,0.5781669411993544,1471
52,0,evaluate,1.38461501121521,0.5997442455242967,0.5798929505641486,0.5821308208517086,0.577216954708416,1564
52,1,evaluate,1.461536054100309,0.5838084378563284,0.5693801421666114,0.5773637197991335,0.5652781310102892,1754
52,2,evaluate,1.4825873329089239,0.5807434491163924,0.5804510294239685,0.5837985552789211,0.5786699922418447,1641
52,3,evaluate,1.414210138649776,0.5814332247557004,0.5844297945809991,0.5837141384704042,0.5813019635633895,1842
52,4,evaluate,1.4755723093237196,0.5696129404968227,0.57362499069435,0.5859575431504479,0.5768698240016275,1731
52,5,evaluate,1.4831992102705913,0.5907545887151597,0.5830534869815668,0.5816830391398492,0.5781819909030756,1471
53,0,evaluate,1.4166324878561085,0.5868621064060804,0.5874126801071011,0.5887908023198777,0.5841309264408154,1842
53,1,evaluate,1.4852335728131807,0.5837903717245582,0.5811730333602895,0.5881234227317791,0.5809923338690074,1641
53,2,evaluate,1.4905760160514288,0.5798175598631699,0.5632424444818179,0.5733627930791021,0.5604372921065499,1754
53,3,evaluate,1.5077711551085762,0.5934738273283481,0.5835536573476018,0.5850868226243937,0.5804833004339061,1471
53,4,evaluate,1.3862723660469056,0.6086956521739131,0.5853264563444877,0.5902711024596836,0.5848585785956523,1564
53,5,evaluate,1.517695352435112,0.561525129982669,0.5612587609830086,0.5794129796311773,0.5670234306252175,1731
54,0,evaluate,1.3999692964553834,0.6054987212276215,0.580090509035436,0.5865230742386699,0.581086018521639,1564
54,1,evaluate,1.5542084159595626,0.5690352397458117,0.567571706520063,0.5905067657948372,0.576042710420607,1731
54,2,evaluate,1.5321126528408215,0.5941536369816451,0.5839107801299319,0.5845490921628667,0.5809444951325856,1471
54,3,evaluate,1.4260104483571545,0.5846905537459284,0.5841983674617175,0.5861081376830926,0.5820315713034887,1842
54,4,evaluate,1.4937086655543401,0.5868372943327239,0.5826789667168475,0.5923903907287162,0.5847871689469855,1641
54,5,evaluate,1.5016201734542847,0.5855188141391106,0.5632752924216523,0.5771998619209971,0.5649060963659049,1754
55,0,evaluate,1.5397232356278792,0.5941536369816451,0.5799706000777743,0.5835942752436714,0.5803205948528348,1471
55,1,evaluate,1.417346067428589,0.612531969309463,0.5872349576202991,0.5940801440617346,0.5883815704454316,1564
55,2,evaluate,1.515728854216062,0.5868372943327239,0.5838416466668966,0.5907218457626265,0.5844715633577813,1641
55,3,evaluate,1.5761443908725465,0.5649913344887348,0.5651279963821791,0.5870730424793212,0.5733870618547043,1731
55,4,evaluate,1.4921800685780389,0.5866590649942988,0.5648066833026697,0.5786560412088129,0.5668115152435359,1754
55,5,evaluate,1.4334653533738235,0.5922909880564604,0.5895754257142883,0.5930046408927915,0.5890357600535755,1842
56,0,evaluate,1.538963538149129,0.5955132562882393,0.5824862350955444,0.5829949951439455,0.5815593603227079,1471
56,1,evaluate,1.5782590912921088,0.559214326978625,0.5636890522218913,0.5819987015812983,0.5701675129416929,1731
56,2,evaluate,1.522657614487868,0.5740402193784278,0.5724903913059152,0.5736656346452331,0.571136743468812,1641
56,3,evaluate,1.4774282744952612,0.5912200684150513,0.5706997389126744,0.5814976416894906,0.572754405290814,1754
56,4,evaluate,1.4403860281253684,0.5846905537459284,0.5832295111928213,0.5855702182224352,0.5824745047638631,1842
56,5,evaluate,1.4280224084854125,0.6042199488491049,0.581331181508031,0.5870653482372206,0.5821693421018603,1564
57,0,evaluate,1.500636556318828,0.5917901938426454,0.5789500941051544,0.5823198792957681,0.577480366791118,1754
57,1,evaluate,1.5996167297874178,0.5517042172154824,0.5627173584144305,0.5740916181910589,0.5648343096870342,1731
57,2,evaluate,1.5544894855955373,0.5873555404486743,0.5793359877025179,0.5767237228806528,0.5761556997231991,1471
57,3,evaluate,1.5558576331688807,0.5685557586837294,0.5696134277995668,0.5659275504196082,0.5660233204749588,1641
57,4,evaluate,1.4737474589512265,0.5944625407166124,0.5971151567259233,0.5954145710108257,0.5938108069775521,1842
57,5,evaluate,1.4645613360404968,0.5997442455242967,0.5852770600476476,0.5856499776494619,0.5808405494952513,1564
58,0,evaluate,1.5143868923187256,0.5875959079283888,0.5767608052965345,0.5768646117389753,0.5702208328762499,1564
58,1,evaluate,1.549338093825749,0.5952109464082098,0.5816097482788625,0.5840987548559556,0.5797545310300432,1754
58,2,evaluate,1.5816039672264686,0.5752589884216941,0.5804194719345481,0.5717961437635878,0.5739782918396239,1641
58,3,evaluate,1.5769815470861352,0.5934738273283481,0.5857624041658035,0.580331504940414,0.581219886395291,1471
58,4,evaluate,1.5068721689026932,0.5836047774158524,0.5904325960938247,0.5851225926232309,0.5849967905289201,1842
58,5,evaluate,1.6253820753523283,0.5557481224725592,0.5675048066007438,0.5758913762049932,0.5679215756550435,1731
59,0,evaluate,1.6089807334153547,0.5914343983684568,0.5852264903933471,0.5799568041449475,0.5802969144165242,1471
59,1,evaluate,1.594162711075374,0.5935005701254276,0.5781023908099927,0.5828898956925073,0.5772479522512428,1754
59,2,evaluate,1.540572848813287,0.5836047774158524,0.5924821122492144,0.5857110156552683,0.5862751219924603,1842
59,3,evaluate,1.5518535804748534,0.5978260869565217,0.58734869393584,0.5864740043657306,0.5809282413967573,1564
59,4,evaluate,1.6358268218381065,0.56210283073368,0.574086255987494,0.5810406683774906,0.5755348806934298,1731
59,5,evaluate,1.5934050174859853,0.5722120658135283,0.5756402035681788,0.5699609922290974,0.5711267458710949,1641
60,0,evaluate,1.6466444627098415,0.5907545887151597,0.5799942815173584,0.5782379819468824,0.5774158282004945,1471
60,1,evaluate,1.5804157733917237,0.6080562659846548,0.5919009714623605,0.593141754941709,0.5878825537183995,1564
60,2,evaluate,1.578236094836531,0.5836047774158524,0.5920000376200928,0.5846088680578966,0.5850635529004925,1842
60,3,evaluate,1.6133449123455927,0.5807434491163924,0.5828263380427681,0.5814623091466913,0.5795237468872846,1641
60,4,evaluate,1.6750880820410592,0.560369728480647,0.5688111028075274,0.5743301702719072,0.5698356149348862,1731
60,5,evaluate,1.6521950704710824,0.5866590649942988,0.5735953225023717,0.579453616940878,0.5708902480508019,1754
61,0,evaluate,1.6055204662783393,0.5819761129207384,0.5905199824174473,0.5824365980410261,0.5821955987877014,1842
61,1,evaluate,1.6406837564248304,0.5856185252894577,0.5897595465608317,0.5879632653948013,0.5839716946138003,1641
61,2,evaluate,1.688726922740107,0.5934738273283481,0.5851420838322079,0.5820764224906754,0.5807845313264509,1471
61,3,evaluate,1.7188229773725783,0.5695553021664767,0.5605404220608174,0.5647980548060734,0.5541000356320809,1754
61,4,evaluate,1.6147901010513306,0.6042199488491049,0.5876620756002082,0.5892063862757546,0.584645170650142,1564
61,5,evaluate,1.7282566747495107,0.5574812247255921,0.5651458839316054,0.5707289815628477,0.5666194873458559,1731
62,0,evaluate,1.6105282142244537,0.5863192182410424,0.5890523271641005,0.5877945584873135,0.5847475815645304,1842
62,1,evaluate,1.6464155499751751,0.5929311395490554,0.5911788292093826,0.5951321959622338,0.5898226883969782,1641
62,2,evaluate,1.6982545230699622,0.5900747790618627,0.5830069770305787,0.5792239822229768,0.5770586609610832,1471
62,3,evaluate,1.778340607881546,0.56210283073368,0.566144677392606,0.577030466325579,0.5699019050182769,1731
62,4,evaluate,1.6358712339401245,0.59846547314578,0.5829886571514287,0.5828129098830377,0.5780382103761623,1564
62,5,evaluate,1.736343801021576,0.5706955530216647,0.5577062925885687,0.5668252168019067,0.5538752091523856,1754
63,0,evaluate,1.6525079441070556,0.5927109974424553,0.5691937204597021,0.5738875747781292,0.5688889266567461,1564
63,1,evaluate,1.808142981358937,0.5586366262276141,0.5588530392266625,0.5799317137943851,0.5662910442272439,1731
63,2,evaluate,1.6671785207895131,0.5843997562461913,0.5789145205968038,0.5866226367642721,0.5808779430320332,1641
63,3,evaluate,1.7325893768242426,0.5678449258836944,0.5497155740498438,0.5596530352160266,0.5492215129857521,1754
63,4,evaluate,1.6333878081420372,0.5819761129207384,0.5793237051995026,0.5837070440082452,0.5785557653997683,1842
63,5,evaluate,1.7190656402836675,0.5941536369816451,0.5828645576360338,0.5826834133396549,0.5805195507966697,1471
64,0,evaluate,1.679116005897522,0.5933503836317136,0.5665079074779202,0.5739205715436165,0.5673092266821873,1564
64,1,evaluate,1.8233568370342255,0.5534373194685153,0.5541036672229224,0.5793153327079456,0.5616077250056359,1731
64,2,evaluate,1.715198631797518,0.5877993158494869,0.5669050573532359,0.5802648506091846,0.5684384784620157,1754
64,3,evaluate,1.7487110936123391,0.592794017675051,0.5778320696216607,0.5830573907410586,0.5789765346618612,1471
64,4,evaluate,1.702254804281088,0.5648994515539305,0.5587729644163333,0.5669880828061085,0.5609821366069518,1641
64,5,evaluate,1.63415920323339,0.5912052117263844,0.5824800106522499,0.5906812960911747,0.5847630163320956,1842
65,0,evaluate,1.7014329147338867,0.5965473145780051,0.5704568442416794,0.5788702562542951,0.5708171521413001,1564
65,1,evaluate,1.6439086239913414,0.5830618892508144,0.5754294029281419,0.5837957718142854,0.5771183624070184,1842
65,2,evaluate,1.6989992090633936,0.5889395667046751,0.5691087609507759,0.581883123826383,0.5706769927998149,1754
65,3,evaluate,1.7642384715702222,0.5914343983684568,0.5759908314301123,0.5825048454386977,0.5779629169838006,1471
65,4,evaluate,1.7272760363725514,0.56672760511883,0.5609828370980763,0.5664109091506521,0.5621530449041592,1641
65,5,evaluate,1.8168209450585502,0.5470826112073945,0.5498086212796129,0.5748636522616252,0.556136637986332,1731
66,0,evaluate,1.7163536037717546,0.5763968072976055,0.554850414885263,0.5660156548621562,0.556443354044174,1754
66,1,evaluate,1.7119161081314087,0.5888746803069054,0.5661006976212964,0.5733738146887829,0.5649071361327882,1564
66,2,evaluate,1.7527089429938274,0.5859959211420802,0.5733299097937404,0.5775060599336965,0.573468508290012,1471
66,3,evaluate,1.7408738503089318,0.5569774527726996,0.5526823338014117,0.5557917172640734,0.5528439643543439,1641
66,4,evaluate,1.6510102625550895,0.5787187839305103,0.5728791495185505,0.5784432949414339,0.5735055887640654,1842
66,5,evaluate,1.7998763173818588,0.5447718082033507,0.5497270838349196,0.5697603678977562,0.5554010588380527,1731
67,0,evaluate,1.736840977668762,0.5869565217391305,0.5696668013313653,0.5759489158846469,0.566903628008425,1564
67,1,evaluate,1.7898625964703767,0.5778382053025153,0.5680719632926163,0.5704902295986548,0.5669622802426816,1471
67,2,evaluate,1.697083621189512,0.5743756786102063,0.574222663392846,0.5739336846695751,0.5723987676880985,1842
67,3,evaluate,1.768343904188701,0.5689851767388826,0.5519122132893203,0.5584187140497603,0.5511368781543808,1754
67,4,evaluate,1.7664470718457148,0.5533211456429007,0.5559854294216822,0.551670174836285,0.5516094624229122,1641
67,5,evaluate,1.8033250059400285,0.5557481224725592,0.5654262866889647,0.5755464499190668,0.5686727780301823,1731
68,0,evaluate,1.826871042666228,0.5710401087695445,0.5617911500603692,0.5631488463505956,0.5605231204855916,1471
68,1,evaluate,1.7895035972962012,0.5600243753808654,0.5629561022485919,0.5593874260146071,0.559448449758407,1641
68,2,evaluate,1.8284005054405756,0.561525129982669,0.5728778258524476,0.577887940510666,0.5739680872369846,1731
68,3,evaluate,1.7356278403051968,0.5738327904451683,0.5769299030813375,0.5734771220683424,0.573216472848249,1842
68,4,evaluate,1.757777419090271,0.5907928388746803,0.5767553987592093,0.5792108535776024,0.573160974996644,1564
68,5,evaluate,1.8204439878463745,0.5746864310148233,0.5591660359151146,0.5647289845950293,0.5568865727472802,1754
69,0,evaluate,1.9028016380641772,0.5832766825288919,0.5725961953320613,0.5748015975514381,0.5719193651107463,1471
69,1,evaluate,1.8518449939214265,0.5691651432053626,0.569451541941832,0.5713937733493898,0.5688837868995841,1641
69,2,evaluate,1.8144057083129883,0.5863171355498721,0.5706257334225666,0.5719656848610687,0.5686653052941069,1564
69,3,evaluate,1.8781864132199968,0.5763968072976055,0.5619030498015685,0.5687591869828561,0.5594255495966328,1754
69,4,evaluate,1.9162202775478363,0.561525129982669,0.5693491598137841,0.5750217657517639,0.5709520550514762,1731
69,5,evaluate,1.8093494629037792,0.5798045602605864,0.5819948935926018,0.5778870016823765,0.5776630354595469,1842
70,0,evaluate,1.8704774713516235,0.5875959079283888,0.5709299922536074,0.5705039783710271,0.5682340612609097,1564
70,1,evaluate,1.9511569531067559,0.5887151597552686,0.5792299237329301,0.5791924181298626,0.576835082073076,1471
70,2,evaluate,2.020422726869583,0.5574812247255921,0.5620161541847791,0.5721892834002964,0.56502329238147,1731
70,3,evaluate,1.9103432212557112,0.572405929304447,0.5590459547527932,0.5654695893378794,0.5570728201056242,1754
70,4,evaluate,1.9036241815640376,0.5661182205971969,0.5664581787155412,0.5693470008935113,0.5658260611109424,1641
70,5,evaluate,1.8733427853419864,0.5694896851248643,0.5736006506325783,0.5682272542721768,0.5675818507471571,1842
71,0,evaluate,1.9297572420193598,0.5642900670322973,0.5662836859449,0.5699462275994026,0.5653214466856941,1641
71,1,evaluate,2.040920389550073,0.5453495089543616,0.5495622698128726,0.5639401909894854,0.5537902784145668,1731
71,2,evaluate,1.908319201962701,0.5711183496199783,0.5764536489740573,0.5717213729979647,0.5699975274028819,1842
71,3,evaluate,1.8984440422058106,0.5850383631713555,0.5677751163634632,0.5673778031968267,0.5659359848480596,1564
71,4,evaluate,1.9557819521945456,0.5866757307953773,0.5810465679209179,0.5764610434772623,0.576208892358414,1471
71,5,evaluate,1.889805602175849,0.5798175598631699,0.5681538345414137,0.5746346307439167,0.5666554670536758,1754
72,0,evaluate,1.8533295946461814,0.5741163055872291,0.5572542399020882,0.5661580255754469,0.5588135291081553,1754
72,1,evaluate,1.8959645175933837,0.5959079283887468,0.5725197125312814,0.5764754192371109,0.5727196107518429,1564
72,2,evaluate,1.9444246706755266,0.592114208021754,0.5830591770232935,0.5809996483791438,0.5804326326465408,1471
72,3,evaluate,2.0649187096527646,0.5511265164644714,0.5567067518889295,0.5757332740495283,0.5622689287801379,1731
72,4,evaluate,1.9310201131380522,0.5685557586837294,0.5669914833843226,0.5737809743627941,0.5680213456239017,1641
72,5,evaluate,1.9047749083617638,0.5841476655808904,0.5872342220921709,0.5860524590875871,0.5836231034896732,1842
73,0,evaluate,1.9366242108137712,0.5859959211420802,0.5767676601582199,0.5742590254260043,0.5734245643393817,1471
73,1,evaluate,2.057600430079869,0.5430387059503178,0.5486327944904388,0.5695764891957191,0.5545253382017112,1731
73,2,evaluate,1.9209613752365113,0.5843989769820972,0.5635869499421633,0.5664151226876989,0.5620112789930062,1564
73,3,evaluate,1.8457413017749786,0.5815279361459521,0.5626497301728013,0.5730991112469097,0.5653034196445235,1754
73,4,evaluate,1.9224602901018584,0.5594149908592322,0.5573555463781115,0.5608031577241093,0.5574286069853823,1641
73,5,evaluate,1.8796152451942707,0.5765472312703583,0.5779576494153201,0.577089576917177,0.5748173218108008,1842
74,0,evaluate,1.924064310697409,0.5594149908592322,0.5550860630488167,0.5583725447941672,0.5551917670350455,1641
74,1,evaluate,2.042154318520001,0.5389948006932409,0.5441528485089402,0.5660030639115294,0.5493766671497928,1731
74,2,evaluate,1.9044816064834595,0.5843989769820972,0.5663799453988541,0.5681929072884866,0.5627780508360813,1564
74,3,evaluate,1.8651303463968738,0.5781758957654723,0.5773525384784532,0.5800599074379582,0.5755543894493985,1842
74,4,evaluate,1.8641270399093628,0.5781071835803877,0.5542917484684088,0.567033401498055,0.5568982809142567,1754
74,5,evaluate,1.930287444073221,0.5805574439157036,0.5676826613729928,0.5695860037983144,0.5667223948776454,1471
75,0,evaluate,1.9480474306189495,0.5825968728755948,0.5700761456111068,0.5746263407100555,0.5699925001622319,1471
75,1,evaluate,1.9125996375906056,0.5776330076004343,0.5754393465996228,0.5796104967288197,0.5752201838480608,1842
75,2,evaluate,1.9273858976364135,0.5837595907928389,0.5652593518403497,0.5670849351037752,0.5612863222427842,1564
75,3,evaluate,2.048937427146094,0.5413056036972848,0.5480936869422239,0.5674268137238753,0.5526290483628028,1731
75,4,evaluate,1.878162967307227,0.5838084378563284,0.5617304663540891,0.5715308168991633,0.5628203392627064,1754
75,5,evaluate,1.926771328999446,0.5642900670322973,0.5602289583655649,0.5625099126495309,0.5597864727824587,1641
76,0,evaluate,1.9746807709984158,0.5730795377294358,0.559596555977077,0.5628658196052265,0.5589488894998164,1471
76,1,evaluate,1.904558194535119,0.5792474344355758,0.5601653760009393,0.5689771208319014,0.559956498189371,1754
76,2,evaluate,1.9550111211579422,0.5656894679695983,0.5660654595486492,0.5674761163389498,0.5646037924447755,1842
76,3,evaluate,1.9586288022994995,0.5831202046035806,0.5663170064507147,0.5702182654648824,0.5637732246985887,1564
76,4,evaluate,2.076280955757414,0.5401502021952629,0.5489054184036963,0.5638515767009308,0.5528872853837179,1731
76,5,evaluate,1.945211181273827,0.5594149908592322,0.5538098010907205,0.5566527517038858,0.5545011347665698,1641
77,0,evaluate,1.9769350061049829,0.5521023765996343,0.549611605449168,0.5509401895413528,0.5491164416371405,1641
77,1,evaluate,1.9929434061050415,0.5792838874680307,0.5616894531644003,0.5654378177052254,0.5604170411575085,1564
77,2,evaluate,1.9858157511415153,0.5678610206297503,0.5698879981327549,0.5687406503416594,0.5666601731529275,1842
77,3,evaluate,2.0271241872206978,0.5785180149558123,0.5678467670175196,0.5660277515253683,0.5658942199835238,1471
77,4,evaluate,2.098914380584444,0.5470826112073945,0.556717902038254,0.5652106768507457,0.5592604260312605,1731
77,5,evaluate,1.9816291672842843,0.5786773090079818,0.5624822536700819,0.5712558804632032,0.561776034355889,1754
78,0,evaluate,2.047342437964219,0.5539305301645339,0.5531663979220646,0.5547665031814012,0.5519366019708913,1641
78,1,evaluate,2.0788838395050595,0.56442417331813,0.5509147042064982,0.559530656641954,0.5489879672037667,1754
78,2,evaluate,2.0479655841301225,0.5640608034744843,0.5664719561267157,0.564654039203804,0.5621332861720518,1842
78,3,evaluate,2.145885548421315,0.5493934142114385,0.5591695864909668,0.5668775840110847,0.5607542569574934,1731
78,4,evaluate,2.1078037438185317,0.5785180149558123,0.5657788573251408,0.5642152872808246,0.5640979831013788,1471
78,5,evaluate,2.036250939369202,0.5895140664961637,0.5717876619473448,0.5743763452261165,0.5705652503537861,1564
79,0,evaluate,2.161119948262754,0.5832766825288919,0.5759324450285738,0.5712630335374029,0.5721464839357007,1471
79,1,evaluate,2.094467068540639,0.5646036916395223,0.5720665363307267,0.5672775771450456,0.5646759656535377,1842
79,2,evaluate,2.123737335205078,0.5661345496009123,0.5549705020513604,0.5596425611016351,0.5511122236102579,1754
79,3,evaluate,2.128983905682197,0.5508836075563681,0.552445444279244,0.5518896206685576,0.5499700246761897,1641
79,4,evaluate,2.2066083593027934,0.5459272097053726,0.5541342916809853,0.5626686407753453,0.5557885283673887,1731
79,5,evaluate,2.093172001838684,0.5843989769820972,0.5680530328588527,0.5672234295453678,0.564195741597122,1564
80,0,evaluate,2.250103399157524,0.536106296938186,0.5442116278642178,0.555297140133476,0.5472822788138518,1731
80,1,evaluate,2.0944030668054308,0.571835803876853,0.5569464763331844,0.5640813213209445,0.5570422104951136,1754
80,2,evaluate,2.089308648109436,0.5888746803069054,0.5722780123143552,0.5724749786407118,0.5685657424081622,1564
80,3,evaluate,2.0792270528859107,0.5765472312703583,0.5844575317694553,0.580030687976269,0.5771391333742987,1842
80,4,evaluate,2.1542428109956826,0.5853161114887832,0.5761842574418619,0.5742118761160652,0.5730677172456111,1471
80,5,evaluate,2.146834295529586,0.5569774527726996,0.557753134566782,0.558003168526804,0.5560023946796363,1641
81,0,evaluate,2.1270210587460063,0.5825968728755948,0.5700915844877882,0.5720098439572724,0.5686975154960333,1471
81,1,evaluate,2.0989189386367797,0.5792838874680307,0.5607098228140165,0.5640758716799256,0.5573219454672979,1564
81,2,evaluate,2.2535321542194913,0.5303292894280762,0.5385899451025549,0.5525828553255848,0.5417970174051054,1731
81,3,evaluate,2.0514246353081296,0.5712656784492588,0.5502901679754759,0.5564688675172826,0.5516895587828385,1754
81,4,evaluate,2.1354318811343265,0.5527117611212675,0.549294826633349,0.552267040556681,0.5496096614824605,1641
81,5,evaluate,2.072046604649774,0.5705754614549403,0.575705411493877,0.5738158137787572,0.5699382293546498,1842
82,0,evaluate,2.095876322342799,0.5539305301645339,0.5500638225933084,0.5521420947888551,0.549831711116086,1641
82,1,evaluate,2.101811938285828,0.5754475703324808,0.5594475861553126,0.561855281895004,0.5535861411636745,1564
82,2,evaluate,2.032227724790573,0.5815279361459521,0.5607506560050859,0.567611129196248,0.5615687303484185,1754
82,3,evaluate,2.06023265986607,0.5743756786102063,0.5761473176394339,0.5758281638930851,0.5725439240263189,1842
82,4,evaluate,2.13177372061688,0.5710401087695445,0.5555599217825657,0.5608696825857316,0.5556273363750626,1471
82,5,evaluate,2.249238912548338,0.5239745811669555,0.531688414715932,0.5492764660599291,0.5359572826530832,1731
83,0,evaluate,2.0775860777268043,0.5606337599024985,0.5585939714774135,0.5583290400986495,0.5571414691100534,1641
83,1,evaluate,2.1193704175949097,0.5735294117647058,0.5569091591329913,0.5575037334603428,0.5512369948021977,1564
83,2,evaluate,2.0785458211241097,0.5722041259500543,0.5714550939111235,0.5721332066128183,0.5695921788668035,1842
83,3,evaluate,2.055579181228365,0.5701254275940707,0.5525839390767653,0.5611879670408516,0.5523491456851426,1754
83,4,evaluate,2.174410695615022,0.5683208701563562,0.5549500887821669,0.5587146801497698,0.5542167373956054,1471
83,5,evaluate,2.2261759596211568,0.5326400924321202,0.5426017455016281,0.5567564833042346,0.5454217865315637,1731
84,0,evaluate,2.1007508681370664,0.5569774527726996,0.5568175236928419,0.5568871138771996,0.5561466412066541,1641
84,1,evaluate,2.123636922666005,0.571835803876853,0.5592873773787612,0.5676824178647972,0.5568221128979133,1754
84,2,evaluate,2.2315834888390134,0.5436164067013287,0.551644374878577,0.565180092646836,0.5552540318127164,1731
84,3,evaluate,2.1483152077115815,0.5629750271444083,0.5621423538423637,0.5635923632739944,0.5613104344261108,1842
84,4,evaluate,2.1474190378189086,0.5754475703324808,0.559352379309382,0.558418309924631,0.553738929744912,1564
84,5,evaluate,2.241261601448059,0.5696804894629504,0.5587399358735539,0.5600241850587147,0.5574579469133629,1471
85,0,evaluate,2.2638673867498125,0.5488157134604275,0.5598589751092516,0.5674619163064898,0.5619470117911489,1731
85,1,evaluate,2.1638242857796803,0.563854047890536,0.554670116411816,0.5624292419251088,0.5503750356977469,1754
85,2,evaluate,2.290869334469671,0.5656016315431679,0.5579989470604076,0.5550444936478038,0.5549205304127639,1471
85,3,evaluate,2.159477371435899,0.5484460694698354,0.5477593155427838,0.5491169299894931,0.5476455753834133,1641
85,4,evaluate,2.1740991067886353,0.5760869565217391,0.5594427358118741,0.5589912063800841,0.5555822828965266,1564
85,5,evaluate,2.220195400303808,0.5635179153094463,0.5655658872209431,0.5640218372785061,0.5630028396295165,1842
86,0,evaluate,2.22862518787384,0.5786445012787724,0.565196811829153,0.5620111271707698,0.5605427392844471,1564
86,1,evaluate,2.317083124603544,0.5540150202195263,0.5653206274097663,0.56850638107289,0.565710421719394,1731
86,2,evaluate,2.3579389012378194,0.5690006798096533,0.5643211855141388,0.5587115379417914,0.5592497418393931,1471
86,3,evaluate,2.2380154591340284,0.5496648385131018,0.5561732122791918,0.5514382503072197,0.55185365972856,1641
86,4,evaluate,2.197648618902479,0.5604332953249715,0.552977236300501,0.5570374024503528,0.5474731221534954,1754
86,5,evaluate,2.2906569489117325,0.5570032573289903,0.564523912152553,0.5565219859284363,0.5578175836212247,1842
87,0,evaluate,2.268340317102579,0.5533211456429007,0.5591334079122932,0.5564884763647828,0.5554488805036392,1641
87,1,evaluate,2.3728037865265557,0.5744391570360299,0.5674351926007346,0.562052692899287,0.5629402599525497,1471
87,2,evaluate,2.227290643113,0.556442417331813,0.5447208901984723,0.5515372311583108,0.5420658766797015,1754
87,3,evaluate,2.2450278282165526,0.5792838874680307,0.5668107088982602,0.5632319190388025,0.5615737017659445,1564
87,4,evaluate,2.3045432279849876,0.5597176981541803,0.5658651913573525,0.5588899792999508,0.5589255100667428,1842
87,5,evaluate,2.379085051161902,0.5522819179664934,0.5615478765707056,0.5674860737681393,0.5630649640021919,1731
88,0,evaluate,2.34682515911434,0.5812372535690007,0.5700045002929934,0.5687255333650169,0.5673563689006033,1471
88,1,evaluate,2.2791135516659966,0.5591748099891423,0.5580022824681129,0.5583609766006443,0.5560135135190553,1842
88,2,evaluate,2.2401520109176634,0.5863171355498721,0.5689622469131738,0.5718433602962105,0.5675511136813378,1564
88,3,evaluate,2.423238847936903,0.5418833044482958,0.5458925415034616,0.5606381693665452,0.550752280856964,1731
88,4,evaluate,2.246571127857481,0.5535917901938426,0.534933528879907,0.5437796685799382,0.5355939954701292,1754
88,5,evaluate,2.270676071827228,0.5545399146861669,0.5520737012733108,0.5574117899781715,0.5522444016928176,1641
89,0,evaluate,2.2543415885705214,0.5527117611212675,0.5470586724675708,0.5547941748696996,0.5487671855712694,1641
89,1,evaluate,2.21608383080055,0.5662323561346363,0.5634551562143691,0.567398044599656,0.5627113912196133,1842
89,2,evaluate,2.2631672763824464,0.5677749360613811,0.5444364875621325,0.552223195903826,0.5453101809529302,1564
89,3,evaluate,2.3274092777915625,0.5737593473827328,0.5580458035967188,0.5622524545932235,0.5586492261762918,1471
89,4,evaluate,2.2285201464380537,0.5610034207525656,0.5384930704924189,0.5499629585959647,0.5417494907961596,1754
89,5,evaluate,2.4221422374248505,0.5424610051993067,0.545249899254911,0.5674568195206623,0.5533101135873368,1731
90,0,evaluate,2.244002494812012,0.5652173913043478,0.5447957271295769,0.5525200495288075,0.5444010056163694,1564
90,1,evaluate,2.375095933675766,0.5378393991912189,0.5418266744505421,0.5600844980426335,0.5488750013553598,1731
90,2,evaluate,2.321436581404313,0.5696804894629504,0.5568370809524764,0.5607742041233882,0.5562137714943889,1471
90,3,evaluate,2.191455828292029,0.5587229190421893,0.5377729190830365,0.5482714316216948,0.5399717199719981,1754
90,4,evaluate,2.1578919640902816,0.5667752442996743,0.5676480869332342,0.5705636822593294,0.5655125999435462,1842
90,5,evaluate,2.193820366492638,0.5484460694698354,0.5441529832693471,0.5492789854668898,0.5456349023305622,1641
91,0,evaluate,2.305855569632157,0.5635622025832767,0.5540335327698712,0.5544301400484754,0.5521890762656688,1471
91,1,evaluate,2.239255986213684,0.5626598465473146,0.5445745165758769,0.5492719302221389,0.5430232085089806,1564
91,2,evaluate,2.1649965746649382,0.5646036916395223,0.5693387063769746,0.5672326269790726,0.5647653241139934,1842
91,3,evaluate,2.3443639278411865,0.5320623916811091,0.5367801741996293,0.5496141242915698,0.5414327365455043,1731
91,4,evaluate,2.2018128495949965,0.5411334552102377,0.5409007234920877,0.5411468972705562,0.5402539400252812,1641
91,5,evaluate,2.197066170828683,0.5592930444697833,0.5440153227470002,0.5494723208795147,0.5417811210466532,1754
92,0,evaluate,2.225910474514139,0.5662323561346363,0.5715823379462245,0.5676306074491184,0.5668114208238292,1842
92,1,evaluate,2.284298553466797,0.5639386189258312,0.5466361594915183,0.5485676980126998,0.5438127747956238,1564
92,2,evaluate,2.362798252276012,0.5430387059503178,0.5513271361959153,0.5596576513264553,0.5538524535450031,1731
92,3,evaluate,2.3326381341270777,0.5499660095173351,0.5410782165551999,0.5404779706238783,0.5388423708213721,1471
92,4,evaluate,2.255115339389214,0.5393053016453382,0.5412889078871554,0.5390671739290609,0.5390223102816696,1641
92,5,evaluate,2.2386794856616428,0.5558722919042189,0.5433201674926363,0.5489011137739059,0.5401125417178059,1754
93,0,evaluate,2.4113953942837925,0.5479265805574439,0.5432471656777972,0.5404775834187003,0.5386353851620149,1471
93,1,evaluate,2.4551181878362383,0.5453495089543616,0.5558211206941148,0.5605675819416525,0.5569141131428337,1731
93,2,evaluate,2.3595496892929075,0.5556265984654731,0.5429047518873409,0.5427742538964193,0.5378690307764573,1564
93,3,evaluate,2.329569188448099,0.5356489945155393,0.5393454104045035,0.5340976312674598,0.5346600488325324,1641
93,4,evaluate,2.327374688510237,0.5673181324647123,0.5724503430409171,0.5660199679995086,0.5665789440717764,1842
93,5,evaluate,2.293549133198602,0.5513112884834663,0.54404575947983,0.5461846590451972,0.5382229461341597,1754
94,0,evaluate,2.479180341181548,0.5452073419442556,0.5392887169557012,0.5357381430592134,0.5350389031130579,1471
94,1,evaluate,2.4089713921913734,0.5374771480804388,0.5412983899235304,0.5375687565103038,0.537677637158037,1641
94,2,evaluate,2.3563956235136305,0.5513112884834663,0.543919090064686,0.5462830089805338,0.5389206670163686,1754
94,3,evaluate,2.4135927249645364,0.5646036916395223,0.57270312870657,0.5642273271666395,0.5658692763082693,1842
94,4,evaluate,2.4144636011123657,0.559462915601023,0.5463077170598839,0.545486684977837,0.5419990780862898,1564
94,5,evaluate,2.5742049515247345,0.5470826112073945,0.5579376337392341,0.5619191804140626,0.558323770821715,1731
95,0,evaluate,2.525757152101268,0.5567641060503059,0.5476564375324292,0.5459265391887737,0.5448404077921754,1471
95,1,evaluate,2.447433136976682,0.5460085313833029,0.5478475386048525,0.5464758397881534,0.545568638613369,1641
95,2,evaluate,2.464249306711657,0.5618892508143323,0.5665014239450257,0.5620189609517874,0.561665355492103,1842
95,3,evaluate,2.646340842757906,0.5407279029462738,0.5482249379452129,0.5558342210311531,0.5505330497276585,1731
95,4,evaluate,2.488152346611023,0.5632992327365729,0.5450058079744162,0.5449513259185745,0.5422596900455721,1564
95,5,evaluate,2.4300751430647716,0.5581527936145952,0.5474659264886886,0.5552062458258178,0.5458399494546438,1754
96,0,evaluate,2.5706358577894126,0.557443915703603,0.5467084175140066,0.5450403751878623,0.5440754174186059,1471
96,1,evaluate,2.453917535451742,0.5472273004265692,0.5453523099653743,0.5484787179841406,0.545554936601186,1641
96,2,evaluate,2.472528967364081,0.5629750271444083,0.5682248080483819,0.5647052473452163,0.5628513777515058,1842
96,3,evaluate,2.5237464570999144,0.5722506393861893,0.554063769215613,0.5552695421232229,0.5523603668762457,1564
96,4,evaluate,2.46119652901377,0.5592930444697833,0.547110181159559,0.5539085848015398,0.544899493755165,1754
96,5,evaluate,2.66215323976108,0.534950895436164,0.5419966995638719,0.5531146942522243,0.5452677997884277,1731
97,0,evaluate,2.543681812286377,0.5664961636828645,0.5504969250450585,0.5482813631315036,0.5464661545387485,1564
97,1,evaluate,2.679059147834778,0.5343731946851531,0.5423160453467505,0.5530781828482988,0.5456085359515391,1731
97,2,evaluate,2.589476305505504,0.5615227736233854,0.5525289485017263,0.5498019548174223,0.548691879868583,1471
97,3,evaluate,2.4587471851935754,0.5447897623400365,0.5437508396317463,0.5470710545806081,0.5440512624351941,1641
97,4,evaluate,2.450791214193617,0.563854047890536,0.5508190351505784,0.5576324609540252,0.5481158016807679,1754
97,5,evaluate,2.4923613975787986,0.5591748099891423,0.5624320584981859,0.560650502785595,0.5584775402242564,1842
98,0,evaluate,2.4305417766937842,0.5478366849482024,0.5451037496483313,0.5478075164321166,0.545486774806046,1641
98,1,evaluate,2.582570195198059,0.5642420122365738,0.554355119556283,0.5550176825699561,0.5522023485554289,1471
98,2,evaluate,2.3929427649293626,0.5575826681870011,0.5407162758922339,0.5485283759321428,0.5405936438814377,1754
98,3,evaluate,2.6585326492786407,0.536683997689197,0.5440047192925247,0.5553944878545704,0.5475829878221552,1731
98,4,evaluate,2.4741440477042365,0.5477741585233442,0.5527194953823359,0.5519352407884361,0.5482858377607686,1842
98,5,evaluate,2.522514891624451,0.5703324808184144,0.5542003807266613,0.5557928657282237,0.5514262186237675,1564
99,0,evaluate,2.479097604751587,0.5677749360613811,0.5504600409771149,0.5546338389816168,0.5480403853026361,1564
99,1,evaluate,2.436390445150178,0.5504885993485342,0.5541708428846561,0.5551100928857432,0.5509573813266864,1842
99,2,evaluate,2.603451209408896,0.5343731946851531,0.5421654574421595,0.5549969133266106,0.5461403360076446,1731
99,3,evaluate,2.336731025150844,0.5627137970353477,0.5440546033495635,0.5520673850638554,0.5450236380181229,1754
99,4,evaluate,2.5745939793794053,0.5567641060503059,0.5452159244345565,0.5472449365531252,0.5433853668142965,1471
99,5,evaluate,2.4197714649713955,0.5453991468616697,0.5426543165024948,0.5443904600902072,0.5426554158843178,1641
100,0,evaluate,2.4740575122833253,0.5703324808184144,0.5515535631405306,0.5570468615539326,0.5494401166907379,1564
100,1,evaluate,2.6046939279351915,0.5413056036972848,0.5484474294353751,0.5651082658221626,0.5530041071592582,1731
100,2,evaluate,2.43882738168423,0.5496648385131018,0.5471665428435278,0.549057717092226,0.5467346020070184,1641
100,3,evaluate,2.562531802965247,0.5615227736233854,0.5468379558473537,0.5523167377057907,0.5474154188228546,1471
100,4,evaluate,2.407826616846282,0.5586319218241043,0.5587897804631484,0.5619023495182892,0.5580184355120001,1842
100,5,evaluate,2.3283434254782542,0.5695553021664767,0.550029550539466,0.5567729054670679,0.5499536475884299,1754
101,0,evaluate,2.585886960444243,0.5554044867437118,0.540609889355859,0.5466486191649771,0.5409199182282478,1471
101,1,evaluate,2.5146564703721266,0.546617915904936,0.5436464172111881,0.5486139068843727,0.5441736526169934,1641
101,2,evaluate,2.526062960624695,0.5703324808184144,0.5549393990110246,0.5579026176270201,0.5505622247213126,1564
101,3,evaluate,2.7004614089216505,0.5424610051993067,0.5468170327487428,0.5629438410312785,0.550918342558661,1731
101,4,evaluate,2.4698793271492265,0.5732899022801303,0.5697346884262633,0.5728624627163987,0.5697313594740836,1842
101,5,evaluate,2.4006414668900624,0.5661345496009123,0.5452190262976313,0.554509915146871,0.546118939569522,1754
102,0,evaluate,2.6115989892379097,0.5656016315431679,0.5531725387861721,0.5542158185880874,0.5508486287248419,1471
102,1,evaluate,2.582015812397003,0.5453991468616697,0.5402606834544695,0.5476759551211925,0.541432099136929,1641
102,2,evaluate,2.6086499977111814,0.5588235294117647,0.5426086993691034,0.5436285474145307,0.5369296390634545,1564
102,3,evaluate,2.8062019688742503,0.5337954939341422,0.538300040152108,0.5541891627142633,0.5423581356587899,1731
102,4,evaluate,2.465815292937415,0.5695553021664767,0.55038359603436,0.5576002489476494,0.5504035908193543,1754
102,5,evaluate,2.541313257710687,0.5700325732899023,0.5667602841625816,0.5678169337965955,0.5648029569083596,1842
103,0,evaluate,2.6410662816918413,0.5601631543167913,0.5529982058656507,0.5472970635123857,0.5464355036628434,1471
103,1,evaluate,2.6898928022384645,0.5473145780051151,0.5316379467742872,0.5320504555046437,0.5246912896185668,1564
103,2,evaluate,2.5763119541365525,0.5618892508143323,0.5663081159132297,0.5625179371094309,0.5602383388749038,1842
103,3,evaluate,2.862738664661135,0.5389948006932409,0.5445774234868473,0.5595276648660124,0.5481001032200256,1731
103,4,evaluate,2.638002478159391,0.5411334552102377,0.5380657110354269,0.5423346988008066,0.5373428083601522,1641
103,5,evaluate,2.556768638747079,0.5695553021664767,0.5538769006828426,0.5600006970828615,0.5543074559331906,1754
104,0,evaluate,2.81010833808354,0.537261698440208,0.5440059611103758,0.5581060903072396,0.5472662189330396,1731
104,1,evaluate,2.6287091190998373,0.5472273004265692,0.5446485995862156,0.5479345731450325,0.543482420760002,1641
104,2,evaluate,2.574729229722704,0.5684150513112884,0.5519773985212326,0.5585750507837617,0.5510790571137443,1754
104,3,evaluate,2.54563059066904,0.5608034744842563,0.5651291597448079,0.5623172705083302,0.5590274724897408,1842
104,4,evaluate,2.693632888793945,0.55306905370844,0.5370820239074234,0.536624681763445,0.5310623356289551,1564
104,5,evaluate,2.6861575634583184,0.5690006798096533,0.5614157129793829,0.5574678889976332,0.5565948819028055,1471
105,0,evaluate,2.685684461593628,0.5601023017902813,0.5430908981370528,0.5439609237379474,0.539435577737889,1564
105,1,evaluate,2.556777395051101,0.5624321389793703,0.5705200217895794,0.5657478592076097,0.5617982606797292,1842
105,2,evaluate,2.6092313069563646,0.5417428397318708,0.5423322624783325,0.5420393269863154,0.5392037969646731,1641
105,3,evaluate,2.593736320734024,0.5627137970353477,0.5486437320666406,0.5569038415690717,0.5457846776464609,1754
105,4,evaluate,2.739692074911935,0.5424610051993067,0.5516999763985799,0.5597832427656249,0.5530622281468813,1731
105,5,evaluate,2.7221139306607456,0.5642420122365738,0.5573727598055893,0.5531108512318162,0.5521913691289619,1471
106,0,evaluate,2.6157456728128285,0.5429616087751371,0.5445111630640405,0.5475948435870043,0.542636487300649,1641
106,1,evaluate,2.716328297342573,0.5332177931831311,0.5398949657692949,0.5482668348469701,0.5422639806223692,1731
106,2,evaluate,2.612329022637729,0.5499457111834962,0.5570174796177039,0.5535955099108353,0.5506549045002467,1842
106,3,evaluate,2.652756404876709,0.5543478260869565,0.5377369178996232,0.537221898096693,0.5335287847376049,1564
106,4,evaluate,2.6989823994429214,0.5601631543167913,0.552481279077294,0.5495537064077598,0.5481143661201168,1471
106,5,evaluate,2.600356932197298,0.5541619156214367,0.5438405483967174,0.5499271332467781,0.5394013949847016,1754
107,0,evaluate,2.702690818480083,0.5343731946851531,0.540649989857586,0.5527524420432735,0.5442858222801208,1731
107,1,evaluate,2.5908560844568105,0.5362583790371724,0.5365865173410889,0.5382788541927396,0.5356651492388351,1641
107,2,evaluate,2.6476608411125513,0.5608429639700884,0.5510074400175987,0.5489049665889063,0.5480175044624432,1471
107,3,evaluate,2.5580112508365085,0.5553021664766249,0.5450120111246805,0.5505443494562393,0.5406288018987743,1754
107,4,evaluate,2.5851141023635864,0.5620204603580563,0.5443217086515839,0.5473584195873672,0.5421431682333956,1564
107,5,evaluate,2.614472430327843,0.5488599348534202,0.5554759643501332,0.5533848103834608,0.5499127525982613,1842
108,0,evaluate,2.5460291624069216,0.5677749360613811,0.5476122023723461,0.5492141679390279,0.5452233918720795,1564
108,1,evaluate,2.5804756696407614,0.5271176112126752,0.5260901618253104,0.5291268054417949,0.5262671019222028,1641
108,2,evaluate,2.5903034127991775,0.5504885993485342,0.5532240724173177,0.5531546517081762,0.5503018425841639,1842
108,3,evaluate,2.5390414936201915,0.556442417331813,0.5403298341328093,0.5504663263748701,0.5403578996775967,1754
108,4,evaluate,2.723543737615858,0.5453495089543616,0.549053238515171,0.5667663379940675,0.5544648567857109,1731
108,5,evaluate,2.613557447557864,0.5547246770904147,0.5405701785374493,0.5404894652877423,0.5391559034220688,1471
109,0,evaluate,2.6040467229382744,0.5597176981541803,0.5578924669195677,0.5609672131709985,0.5567841803295486,1842
109,1,evaluate,2.6393328231313955,0.557443915703603,0.54381692464124,0.545428707661405,0.543088129031893,1471
109,2,evaluate,2.6264064168930052,0.5632992327365729,0.5412473183678685,0.5463875284759043,0.5394891693682896,1564
109,3,evaluate,2.555645206144878,0.5661345496009123,0.5453893468803361,0.5569275196165335,0.5474100243389383,1754
109,4,evaluate,2.830624976328441,0.536683997689197,0.539916287944746,0.5627879885317214,0.5457425328299496,1731
109,5,evaluate,2.6484309343191295,0.5368677635588056,0.533457234354571,0.5384155610063033,0.5344285755726086,1641
110,0,evaluate,2.7815967559814454,0.5505115089514067,0.5337348839702496,0.5373371440169673,0.529874424906839,1564
110,1,evaluate,2.7151817808980527,0.5628823929299797,0.5499357104534681,0.5513613658220392,0.5488712666497211,1471
110,2,evaluate,2.7277141580214868,0.5368677635588056,0.5338606500649077,0.5376027918110916,0.5339044456981358,1641
110,3,evaluate,2.9543542521340505,0.5262853841709995,0.5315722392254062,0.550948412374334,0.5353995716401394,1731
110,4,evaluate,2.663339795737431,0.5694896851248643,0.565919271608451,0.5695539507537231,0.5646916212160817,1842
110,5,evaluate,2.584197529724666,0.5672748004561003,0.5471916224202419,0.5571410722893688,0.5490224336370378,1754
111,0,evaluate,2.6758351161562164,0.5738327904451683,0.5732269936979981,0.5749655188366918,0.5713004761019869,1842
111,1,evaluate,2.629663199186325,0.572976054732041,0.5547086575231917,0.564282638036645,0.5559081177249673,1754
111,2,evaluate,2.7598028079323145,0.5635622025832767,0.5534728781085992,0.5510383772994779,0.5505286072747728,1471
111,3,evaluate,2.7600906170331516,0.5405240706886045,0.5371391809715015,0.5402803284408505,0.5374081140052626,1641
111,4,evaluate,2.8804756784439087,0.5588235294117647,0.5446441066530068,0.5468075095299268,0.5397154566478587,1564
111,5,evaluate,3.0222177505493164,0.5262853841709995,0.5311131915978906,0.5489561194217898,0.5349067301000923,1731
112,0,evaluate,2.7788513898849487,0.546617915904936,0.5436844800626137,0.5469064273404587,0.5428332660031567,1641
112,1,evaluate,3.036396328892027,0.5343731946851531,0.5399414480988429,0.5521920498387748,0.5432029682124426,1731
112,2,evaluate,2.690567846955924,0.5689467969598263,0.5743488154835173,0.5709510004648386,0.5680893889214186,1842
112,3,evaluate,2.6803498097828458,0.5627137970353477,0.546017799251081,0.5539825278821087,0.5453649390232403,1754
112,4,evaluate,2.831136185189952,0.5642420122365738,0.5584020834455565,0.5514649268108727,0.5516357699599952,1471
112,5,evaluate,2.9457881593704225,0.5677749360613811,0.5553063290597414,0.552351018701798,0.5480245022924901,1564
113,0,evaluate,2.8224754022515337,0.5547246770904147,0.547668063548673,0.5431566981878956,0.5420339648529333,1471
113,1,evaluate,3.008126275879996,0.5407279029462738,0.5504030874933741,0.5550038336847549,0.5500791651609288,1731
113,2,evaluate,2.9637660217285156,0.5652173913043478,0.5549119817669459,0.5494655267771689,0.5474588870668537,1564
113,3,evaluate,2.7494476309844424,0.56442417331813,0.5550391648914541,0.5622599730748602,0.5502988958370125,1754
113,4,evaluate,2.771373592890226,0.5417428397318708,0.5418374660406597,0.5446219413490248,0.5400973831919388,1641
113,5,evaluate,2.717576602409626,0.5602605863192183,0.567849729174825,0.5630746652827184,0.5615567202378682,1842
114,0,evaluate,2.9582174122333527,0.5453495089543616,0.5552366616463453,0.5588941427723564,0.5544954381730326,1731
114,1,evaluate,2.789192267086195,0.5554044867437118,0.54641234310733,0.5447603380323216,0.5422001330969881,1471
114,2,evaluate,2.912487030029297,0.5607416879795396,0.5482865980082445,0.5430115858505858,0.542377096344018,1564
114,3,evaluate,2.7508923640617957,0.5411334552102377,0.5448508567241028,0.5450798430427773,0.5415294348572279,1641
114,4,evaluate,2.7287056528288742,0.5591748099891423,0.5680124554357879,0.5611266872480855,0.5608636282881144,1842
114,5,evaluate,2.7500069524560655,0.5587229190421893,0.5525847615834356,0.5574211950570469,0.5464554477139434,1754
115,0,evaluate,2.763082203657731,0.5547246770904147,0.5434531127000335,0.5466230879691346,0.541950549521222,1471
115,1,evaluate,2.7264820704093347,0.5332114564290067,0.5379688146229422,0.5378162945689221,0.5352232032999715,1641
115,2,evaluate,2.7393873248781477,0.5524515393386545,0.5430688089253267,0.5510493941750473,0.5392995955764428,1754
115,3,evaluate,2.9006094889981404,0.53841709994223,0.5453942188620451,0.5535172542111741,0.5468883511426303,1731
115,4,evaluate,2.8032222890853884,0.5581841432225064,0.5457456604145839,0.5410271427826797,0.540497279965172,1564
115,5,evaluate,2.7049163621047447,0.5526601520086862,0.5596985950159435,0.5541884455831547,0.5534091687100792,1842
116,0,evaluate,2.901468651635306,0.537261698440208,0.5440013867646022,0.5559143041783224,0.5473432207080648,1731
116,1,evaluate,2.7390605296407426,0.5524515393386545,0.5400069215748988,0.5485276058773758,0.5382131159350593,1754
116,2,evaluate,2.7635377550125124,0.5645780051150895,0.5465484699287354,0.5476196505564698,0.5452456560244314,1564
116,3,evaluate,2.7394710228993344,0.5332114564290067,0.5369348902817046,0.5380491956314039,0.5349852083574138,1641
116,4,evaluate,2.709376832534527,0.5548317046688382,0.5590463540073725,0.5573299177673824,0.5542875324503316,1842
116,5,evaluate,2.7771544663802437,0.557443915703603,0.5460981638742789,0.5507518393622153,0.5452270745447516,1471
117,0,evaluate,2.809685454368591,0.5613810741687979,0.5396185780765439,0.5433862612039221,0.5390445249148516,1564
117,1,evaluate,2.8134425412053647,0.5506458191706323,0.5413802833324577,0.5438440719411723,0.5395204835177917,1471
117,2,evaluate,2.7030440909521922,0.5541619156214367,0.5392860683118286,0.5448934233984811,0.5386348428576763,1754
117,3,evaluate,2.956001886299678,0.5355285961871751,0.5402251550399912,0.5592959602540032,0.5457532639381115,1731
117,4,evaluate,2.806144485106835,0.5460085313833029,0.5493640326636413,0.548552162343778,0.5466647022015155,1641
117,5,evaluate,2.7786481380462646,0.5564603691639523,0.5593229232208131,0.5593706146195654,0.5547117536031666,1842
118,0,evaluate,2.8444385147094726,0.5537084398976982,0.5379005001419059,0.5378094140579791,0.5334559163894961,1564
118,1,evaluate,2.81154897706262,0.5591748099891423,0.5613003851202968,0.560447565286872,0.556620378228579,1842
118,2,evaluate,3.0386675894260406,0.5274407856730213,0.5344659902143178,0.5515815054177948,0.5379399821133094,1731
118,3,evaluate,2.6622472618307387,0.556442417331813,0.5416662687532388,0.5455963263889864,0.541450530947232,1754
118,4,evaluate,2.83664064682447,0.538086532602072,0.5380289479733185,0.5384091508882076,0.5365729598454132,1641
118,5,evaluate,2.814707356950511,0.5506458191706323,0.5414454194056887,0.5399603226307784,0.5381342901514385,1471
119,0,evaluate,2.713787240641458,0.5695553021664767,0.5534187421447008,0.5601544780722107,0.5531032948765586,1754
119,1,evaluate,2.8549544169352603,0.5429616087751371,0.5437059149540182,0.5422877063683278,0.5412744697192421,1641
119,2,evaluate,2.7850735187530518,0.566281441196465,0.5578794927181073,0.5531379383215176,0.5540689932265586,1471
119,3,evaluate,2.8378971075189523,0.5591748099891423,0.5588985494304266,0.5576914812095026,0.5548356484552627,1842
119,4,evaluate,3.138050445488521,0.5309069901790873,0.5376177692714463,0.555188552765549,0.5413489567608089,1731
119,5,evaluate,2.870773277282715,0.5517902813299232,0.5390511845690954,0.5370815585388098,0.5321225414802282,1564
120,0,evaluate,3.1859963706561496,0.5239745811669555,0.5291055731319603,0.5465287017455532,0.5324027632282593,1731
120,1,evaluate,2.786892537559782,0.5667046750285063,0.5500411915773158,0.5571602555876278,0.5502803655533395,1754
120,2,evaluate,2.8496648263931275,0.5639386189258312,0.5462619514950522,0.545361623987457,0.541560518273205,1564
120,3,evaluate,2.8315165207303803,0.5662323561346363,0.5655706982847566,0.5635642000560794,0.5619887732803729,1842
120,4,evaluate,2.8983601469259996,0.534430225472273,0.5315189258424399,0.5343656156448946,0.5303687024671442,1641
120,5,evaluate,2.7892833688984746,0.5649218218898708,0.5537357841535239,0.551156076946757,0.5503817421645889,1471
121,0,evaluate,2.8101771758950274,0.5696804894629504,0.5579193875648846,0.5552310240602725,0.5549542058448201,1471
121,1,evaluate,2.9352182241586537,0.5332114564290067,0.531561537728795,0.5350278003575144,0.5312239024894655,1641
121,2,evaluate,2.8512537726040543,0.5624321389793703,0.5647680350739058,0.5619135307942462,0.5612779272476152,1842
121,3,evaluate,2.8369340562820433,0.5677749360613811,0.5499005493319531,0.5502974745023297,0.5462079831693704,1564
121,4,evaluate,2.857007763215474,0.5535917901938426,0.5387221604102572,0.5476254230905362,0.5384709654362496,1754
121,5,evaluate,3.192204066685268,0.5320623916811091,0.5384148933548988,0.5525389030578217,0.5419433991720212,1731
122,0,evaluate,2.855171156966168,0.5588035350101972,0.546133276291468,0.5463751278100984,0.5441341947987238,1471
122,1,evaluate,2.8251987171173094,0.5498721227621484,0.5331287085850355,0.5323890285522906,0.5300147193538067,1564
122,2,evaluate,2.891475512431218,0.5210237659963437,0.521303357038372,0.5229640405181779,0.5205423874807005,1641
122,3,evaluate,2.8366112112998962,0.5467502850627138,0.5344982703514011,0.5435419373485815,0.5328802336105182,1754
122,4,evaluate,2.8404722707024934,0.5537459283387622,0.5594132696041408,0.5549510408377694,0.5550947372830958,1842
122,5,evaluate,3.1069145670958926,0.537261698440208,0.5480151587027831,0.557102628046966,0.5498994507705264,1731
123,0,evaluate,2.9029346179962157,0.5652173913043478,0.5511893204707097,0.5495808892153304,0.5461364200809226,1564
123,1,evaluate,3.1080057280404225,0.5285961871750433,0.5412493758552167,0.5462787741223759,0.5408195272306139,1731
123,2,evaluate,2.8897719712092957,0.5483170466883822,0.556387656344851,0.5516977134274466,0.5510509970771701,1842
123,3,evaluate,2.8772720268794467,0.5547320410490307,0.5439118817423876,0.5500943283286702,0.5413130027765124,1754
123,4,evaluate,2.9824188066565473,0.5547246770904147,0.547811825238305,0.5465863061825856,0.5444071151615085,1471
123,5,evaluate,2.8989876325313864,0.5216331505179769,0.5235720456372912,0.521991786213975,0.521414970660209,1641
124,0,evaluate,3.1313739206109727,0.5378393991912189,0.5461671993310195,0.5549074021207335,0.5473060054050272,1731
124,1,evaluate,2.8869100856781005,0.5639386189258312,0.5473007127590954,0.5477450907884325,0.5442783055586708,1564
124,2,evaluate,3.058952756550001,0.5472467709041469,0.5415640572389864,0.5411295886819777,0.5379989878340946,1471
124,3,evaluate,2.8883930169619045,0.5332114564290067,0.5371035552380233,0.533121120203251,0.5340255832374942,1641
124,4,evaluate,2.8737511470400054,0.5504885993485342,0.556533553553488,0.5545979453927071,0.5522289354748436,1842
124,5,evaluate,2.8511711146150316,0.5558722919042189,0.5446295874175772,0.5488701501113782,0.5428555119239912,1754
125,0,evaluate,2.8323377895355226,0.5626598465473146,0.545970424425694,0.5472130883710682,0.5431873873488302,1564
125,1,evaluate,3.019147354623546,0.5438477226376615,0.5411247010818776,0.5373714584357433,0.5360519149216072,1471
125,2,evaluate,2.7535334697791507,0.5598631698973774,0.5478621144908162,0.5519017267885171,0.5465541460979559,1754
125,3,evaluate,3.1043682438986644,0.5320623916811091,0.5419783832547108,0.550579510087607,0.543512918499144,1731
125,4,evaluate,2.815067562563666,0.5559174809989142,0.5613981102269695,0.5596267890072381,0.5576251891296399,1842
125,5,evaluate,2.843538706119244,0.5326020719073735,0.5382094075201578,0.5328526001949918,0.53444979727897,1641
126,0,evaluate,2.7619997879554488,0.5629750271444083,0.5695853392862471,0.5669489733269104,0.5641028922942282,1842
126,1,evaluate,3.0995979649680003,0.5251299826689775,0.5341351360442947,0.5471857823285767,0.5368810410133058,1731
126,2,evaluate,2.8234783777823815,0.5350396099939062,0.5411651845499008,0.5355226195382439,0.5365026318626288,1641
126,3,evaluate,2.935591977575551,0.5506458191706323,0.5480175390205531,0.5419080930272677,0.5423179992669744,1471
126,4,evaluate,2.8185096693038942,0.5517902813299232,0.5329371620393628,0.5361761248350201,0.5308306441138552,1564
126,5,evaluate,2.6629547774791718,0.5667046750285063,0.5535914851131555,0.5586295319431842,0.5524094339097927,1754
127,0,evaluate,2.8833715760189556,0.5554044867437118,0.5482298216305015,0.5461345459666505,0.5449477463587771,1471
127,1,evaluate,2.8080456996786185,0.5700325732899023,0.5708220830140561,0.570935784199097,0.5668737609744777,1842
127,2,evaluate,2.8705617693754344,0.5435709932967703,0.5441881889142723,0.544400585676642,0.5417775463809433,1641
127,3,evaluate,2.6701434552669525,0.5701254275940707,0.5547865988814904,0.5608011085109259,0.5549510032778793,1754
127,4,evaluate,2.9083669090271,0.5498721227621484,0.5310410174696958,0.5385902833828025,0.5303826668984728,1564
127,5,evaluate,3.1303040640694753,0.534950895436164,0.5440854120033523,0.5584924253594151,0.5460075594386067,1731
128,0,evaluate,2.798546327011926,0.5672748004561003,0.5531956618508775,0.5578098532667118,0.5516664404918518,1754
128,1,evaluate,2.8612845462301504,0.5642420122365738,0.5563506424030222,0.5527574232421484,0.5521845674793014,1471
128,2,evaluate,2.9834132423767676,0.5581962218159658,0.5577466157680261,0.5579575933562916,0.5548133689152204,1641
128,3,evaluate,2.979076108932495,0.5569053708439897,0.5401265843434019,0.5468939251271994,0.5380808487154293,1564
128,4,evaluate,2.889184754470299,0.5673181324647123,0.5631943890923683,0.5656477987654064,0.5620510046107698,1842
128,5,evaluate,3.1853049227169583,0.5280184864240324,0.5357742029207141,0.5508863523123128,0.5392298181418969,1731
129,0,evaluate,2.9593053768421043,0.5705754614549403,0.5650429965151298,0.5668555908973559,0.5648522217099581,1842
129,1,evaluate,3.2603195139339993,0.5355285961871751,0.5434900258903357,0.5581330503497223,0.5463511523637087,1731
129,2,evaluate,3.0497858142852783,0.5588235294117647,0.5401950449420648,0.5447432150991207,0.5395196479874537,1564
129,3,evaluate,2.961491672889046,0.5683208701563562,0.5568322235394749,0.5585713073091422,0.5563700486453552,1471
129,4,evaluate,3.1107753148445716,0.5508836075563681,0.5488341550161221,0.5525333913548343,0.5480844800528871,1641
129,5,evaluate,2.9108420738152097,0.5598631698973774,0.5447200503747113,0.552581657585847,0.5442497496929409,1754
130,0,evaluate,3.0365514599758647,0.5594833446634943,0.5442515864257681,0.5491446139905708,0.5448650594815636,1471
130,1,evaluate,3.003679341283338,0.5570032573289903,0.555912042828415,0.5548622094997089,0.5544822688149385,1842
130,2,evaluate,3.132408930705144,0.5429616087751371,0.5420974229759905,0.545693674104327,0.5422700494714809,1641
130,3,evaluate,3.125205984115601,0.5581841432225064,0.5413024931344983,0.5442010796622886,0.5402520525291247,1564
130,4,evaluate,3.2585971525737216,0.5326400924321202,0.54162780190398,0.5559897596540269,0.5452225231801799,1731
130,5,evaluate,2.946821174451283,0.5507411630558723,0.5377678332090026,0.5450864584268651,0.5364711907536257,1754
131,0,evaluate,2.9315626280648366,0.5592930444697833,0.5436580463143338,0.5527367710243221,0.5446381558967879,1754
131,1,evaluate,3.157803265944771,0.557443915703603,0.5444227509065057,0.5461589547542788,0.543898588903711,1471
131,2,evaluate,3.2424478211573193,0.5309069901790873,0.5378924918751001,0.5504175038353368,0.5418183425370512,1731
131,3,evaluate,3.084649186867934,0.5447897623400365,0.5430648769414991,0.5484459978724855,0.5442994765212086,1641
131,4,evaluate,3.02776261033683,0.5564603691639523,0.5579166625935359,0.5572450519994894,0.5562157613166319,1842
131,5,evaluate,3.1323841857910155,0.5607416879795396,0.5421048512973085,0.5457003992278788,0.5419813595020415,1564
132,0,evaluate,3.0778822348668027,0.5326020719073735,0.5325263688889084,0.5363241575693106,0.532762939798934,1641
132,1,evaluate,3.1103490447998046,0.5684143222506394,0.5515762319113902,0.5552954700920455,0.5509989336117735,1564
132,2,evaluate,3.0419708202625144,0.5532030401737242,0.5563376530331308,0.5557674208350251,0.5537731651103902,1842
132,3,evaluate,2.8975986625467027,0.5592930444697833,0.5465613099873617,0.5542078761454514,0.5454124157000682,1754
132,4,evaluate,3.201179369636204,0.5533650577838205,0.543532662014942,0.543547810933626,0.5421870599828796,1471
132,5,evaluate,3.2163945053304945,0.5343731946851531,0.5397476633177143,0.552625995387849,0.5443439082865763,1731
133,0,evaluate,3.15867803407752,0.5465669612508498,0.5396963595620071,0.5351149006800378,0.5356684589730933,1471
133,1,evaluate,3.0600114727020262,0.5645780051150895,0.5478382361074592,0.5489210704086411,0.545086519198951,1564
133,2,evaluate,2.869346742119108,0.5672748004561003,0.5561576096650892,0.5578179415408975,0.5527240119832917,1754
133,3,evaluate,3.093992132406968,0.5411334552102377,0.5425405326918786,0.5434122256833301,0.5414372491734649,1641
133,4,evaluate,3.062647350903215,0.5450597176981542,0.5521718299253352,0.5501196462391093,0.5470297942240073,1842
133,5,evaluate,3.15870857664517,0.5395725014442518,0.5488155693663529,0.5557993396919435,0.5507171536327635,1731
134,0,evaluate,3.032416219711304,0.5562659846547314,0.5409845776628316,0.542681266715564,0.5371217744742471,1564
134,1,evaluate,2.8411599482808794,0.5507411630558723,0.5412393815679208,0.5429340961998446,0.5370536987194126,1754
134,2,evaluate,3.105971198815566,0.5185862279098111,0.5244777525307807,0.5207506507511774,0.5196135456907676,1641
134,3,evaluate,3.1163268089294434,0.5309069901790873,0.5382469191420667,0.545626245208364,0.5396416035041295,1731
134,4,evaluate,3.093920510748158,0.5438477226376615,0.5418150586105135,0.5333831603984015,0.5336232545588496,1471
134,5,evaluate,3.0299054014271705,0.5380021715526602,0.5468995630326529,0.5453343940801283,0.5405632092482459,1842
135,0,evaluate,3.091479840485946,0.5554044867437118,0.5481317997241739,0.5430297873094472,0.542342504034378,1471
135,1,evaluate,3.1408989216600145,0.5320623916811091,0.5382512541916014,0.5494442761658931,0.5403405406633683,1731
135,2,evaluate,3.1717628974180956,0.5258988421694089,0.5284651025485734,0.5263648996731577,0.5245399024194455,1641
135,3,evaluate,2.863882086106709,0.5507411630558723,0.5379805909642446,0.5437876281947066,0.5362556218839563,1754
135,4,evaluate,3.0803959465026853,0.55306905370844,0.5383936828906346,0.5432035136732732,0.5346494894046959,1564
135,5,evaluate,3.01819398485381,0.5456026058631922,0.5533829386324862,0.5491169385020519,0.545504492084873,1842
136,0,evaluate,3.145100583200869,0.5601631543167913,0.547866260650766,0.5489025800497304,0.5456445417071476,1471
136,1,evaluate,3.188805513381958,0.5556265984654731,0.5357490097436053,0.5423896563596758,0.5332928000340996,1564
136,2,evaluate,3.249227661352891,0.5204143814747105,0.5174107352956222,0.5221065554330374,0.5169619634230758,1641
136,3,evaluate,3.2282451135771617,0.537261698440208,0.5431284998598009,0.5585281817488352,0.5463901979191877,1731
136,4,evaluate,2.948906583445413,0.5672748004561003,0.5504077622329445,0.5540220180033038,0.5480579328780096,1754
136,5,evaluate,3.0339928988752694,0.5477741585233442,0.5510609516705562,0.5487530913355327,0.5449182467647434,1842
137,0,evaluate,3.2619028644902364,0.5378393991912189,0.5476525469581917,0.5594538855521531,0.5499711641039181,1731
137,1,evaluate,2.9883636151041304,0.564994298745724,0.5487614866094053,0.5556376126943638,0.5476289288507008,1754
137,2,evaluate,2.94912313592845,0.5618892508143323,0.5601979815631533,0.5596532014920867,0.5574104000325109,1842
137,3,evaluate,3.1363402449566387,0.5526852481305234,0.5423352115844626,0.5431504893837109,0.5406325736335283,1471
137,4,evaluate,3.1913177871704104,0.5562659846547314,0.535991547817112,0.5404285207355719,0.5339019645596708,1564
137,5,evaluate,3.2076387038597693,0.5283363802559415,0.5258037942534723,0.5294429872043642,0.5251635340624639,1641
138,0,evaluate,3.3149394435541972,0.5332177931831311,0.5425324534300203,0.5539412704985117,0.5446511854472263,1731
138,1,evaluate,2.8938360132020096,0.5629750271444083,0.5614108315644603,0.5588939812217507,0.5588249893627077,1842
138,2,evaluate,3.1364398369422326,0.5417428397318708,0.5390329291393721,0.5416802310362814,0.5385089740718936,1641
138,3,evaluate,3.1392110534336255,0.5615227736233854,0.551715482789651,0.5534019636801445,0.5502408326061041,1471
138,4,evaluate,2.973157431398119,0.5621436716077537,0.547179890031996,0.5571430184250358,0.5472477793196615,1754
138,5,evaluate,3.168280200958252,0.5556265984654731,0.536830270250402,0.540549236272871,0.5343845347668766,1564
139,0,evaluate,3.154522740322611,0.5533650577838205,0.5441573818299743,0.5443081789550492,0.5424368549394302,1471
139,1,evaluate,3.1208838407809916,0.5350396099939062,0.5332587242066766,0.5333165089986892,0.5327140432306916,1641
139,2,evaluate,3.329813297305788,0.5222414789139226,0.5321216543445814,0.5443890027551322,0.5347035988960236,1731
139,3,evaluate,3.196192283630371,0.5613810741687979,0.5479686900700831,0.5463537847074245,0.5433812443431922,1564
139,4,evaluate,2.9275115769484947,0.5678610206297503,0.5709593971962065,0.5664565471373026,0.5672590577101673,1842
139,5,evaluate,2.9797077775001526,0.5530216647662486,0.5417289618666241,0.550194061926883,0.5409684944460471,1754
140,0,evaluate,2.985227337905339,0.5592930444697833,0.5462593285701149,0.5537083966148703,0.5460514277804309,1754
140,1,evaluate,2.9365434564393142,0.5711183496199783,0.5809881756955668,0.5729761361599648,0.5740486340407815,1842
140,2,evaluate,3.13059754555042,0.5301645338208409,0.5299510027313604,0.529458790598548,0.5292099517762577,1641
140,3,evaluate,3.307531552655356,0.5314846909300982,0.5427364266353167,0.5535334411093844,0.5452254610370043,1731
140,4,evaluate,3.2111887645721438,0.5549872122762148,0.539519329588655,0.5385332772323144,0.5367468008990139,1564
140,5,evaluate,3.136406421661377,0.5513256288239293,0.5440261257561304,0.5393499501436686,0.5404040716200068,1471
141,0,evaluate,3.103804872586177,0.5429616087751371,0.5470605470291465,0.54324583866446,0.5440690774611575,1641
141,1,evaluate,3.147932834625244,0.5537084398976982,0.5425045467612688,0.5399785568188785,0.5380858331843263,1564
141,2,evaluate,3.090086086936619,0.5499660095173351,0.5435504480612134,0.5367864794989351,0.5389799179653793,1471
141,3,evaluate,2.9528338991362473,0.5608034744842563,0.5720285254293548,0.5659682132619608,0.5650072954190837,1842
141,4,evaluate,3.2901076589311873,0.5320623916811091,0.5473524668526327,0.5512555948738502,0.5463553681837988,1731
141,5,evaluate,2.959762381655829,0.5553021664766249,0.546403508268048,0.5491694738091691,0.5424061222352183,1754
142,0,evaluate,3.156089162826538,0.5492327365728901,0.5422397770636042,0.5407379017927576,0.5358825114071232,1564
142,1,evaluate,3.152175949967426,0.5526852481305234,0.5541878695440922,0.5379135928315202,0.541793656847309,1471
142,2,evaluate,3.187335546200092,0.538086532602072,0.5413277065319801,0.5385164142159939,0.5380299551364907,1641
142,3,evaluate,2.9481938566480363,0.5541619156214367,0.543089877639469,0.5441728792267133,0.5386004020916333,1754
142,4,evaluate,3.0146890097650987,0.5559174809989142,0.5668895669062002,0.5617206588930349,0.55837778513672,1842
142,5,evaluate,3.2500035698924745,0.5280184864240324,0.5436745648040615,0.5475301927618025,0.5414785905807268,1731
143,0,evaluate,3.2724583723715375,0.5320623916811091,0.54505295459542,0.5519369511751189,0.5420721675051856,1731
143,1,evaluate,3.099826253693679,0.5494028230184582,0.55481529858466,0.5537717735990281,0.5479037168030162,1842
143,2,evaluate,3.240928297457488,0.5533650577838205,0.550486326542398,0.5401639742992839,0.5414160154452137,1471
143,3,evaluate,3.218524160385132,0.5505115089514067,0.5407397913513452,0.5426704887165498,0.5355715021903934,1564
143,4,evaluate,3.2736507195692797,0.5295551492992078,0.5341631344845797,0.5320397478743055,0.5301334252491293,1641
143,5,evaluate,2.9690010164465224,0.5598631698973774,0.5467426121889807,0.5501241452270593,0.5413503162104301,1754
144,0,evaluate,3.139504005169046,0.5461454940282302,0.5457974423253358,0.54886393907136,0.541963821662081,1842
144,1,evaluate,3.2389458988023843,0.5499660095173351,0.5393776458510902,0.5391586869435325,0.5364186168064048,1471
144,2,evaluate,2.968724046434675,0.571835803876853,0.5553530772013355,0.5614268852034238,0.5526809958036002,1754
144,3,evaluate,3.3011323396976175,0.5216331505179769,0.5213007644451995,0.52526905414602,0.5194648954058724,1641
144,4,evaluate,3.207665452957153,0.5453964194373402,0.5286367797230402,0.5364684265388406,0.5271986509183387,1564
144,5,evaluate,3.2537554310900823,0.5297515886770653,0.5358829236760256,0.5510455826452714,0.5381239491884597,1731
145,0,evaluate,3.300233400785006,0.5326020719073735,0.5270804930358188,0.5355723918767279,0.5284848753173361,1641
145,1,evaluate,3.2248755537945293,0.5588035350101972,0.5455224922658835,0.5492303795716467,0.5455584249331524,1471
145,2,evaluate,3.1943298149108887,0.5588235294117647,0.535594279832149,0.5449109053845628,0.5364441192554039,1564
145,3,evaluate,3.1482326902192215,0.5624321389793703,0.5580651210816207,0.5611898249237947,0.5564162335721801,1842
145,4,evaluate,3.019938681806837,0.5741163055872291,0.5550766305235125,0.5661204167435766,0.5554842167435208,1754
145,5,evaluate,3.284309465970312,0.5378393991912189,0.5403371875991522,0.5611409506011235,0.5458332081749415,1731
146,0,evaluate,3.2130421192749687,0.5656016315431679,0.5494588127544191,0.5542015040696512,0.5507137096601717,1471
146,1,evaluate,3.199468631744385,0.5677749360613811,0.5448618363242209,0.5525009736339266,0.5458097709590304,1564
146,2,evaluate,3.0373675312314714,0.572976054732041,0.5520304769746422,0.5667202106426972,0.554314390223364,1754
146,3,evaluate,3.2550928317583523,0.5277269957343084,0.5204899781582855,0.5311736125118522,0.5235910088266811,1641
146,4,evaluate,3.1054560398233346,0.5640608034744843,0.5593201581487944,0.5633115118428931,0.5594972303256529,1842
146,5,evaluate,3.300446872200285,0.5447718082033507,0.5470740621435702,0.5674073855122626,0.5531594936082538,1731
147,0,evaluate,3.2041118812561034,0.5664961636828645,0.544447770384415,0.5493883811301796,0.5454371952136918,1564
147,1,evaluate,3.24632335626162,0.5362583790371724,0.5329219943604604,0.5391799827852822,0.5345505903219787,1641
147,2,evaluate,3.0749173206942424,0.5627137970353477,0.5491808004469558,0.5585437758494027,0.5480510125482476,1754
147,3,evaluate,3.038638764414294,0.5689467969598263,0.5677846961204193,0.5688681058639139,0.5667361989894502,1842
147,4,evaluate,3.231183788050776,0.5547246770904147,0.5451145629078333,0.5446298855132099,0.5432384200780731,1471
147,5,evaluate,3.333554310458047,0.5389948006932409,0.5445879574495931,0.5561518340470963,0.5482647929307093,1731
148,0,evaluate,3.266656723022461,0.5569053708439897,0.5444793896646489,0.5424710629093185,0.5412355228575427,1564
148,1,evaluate,3.128561164651598,0.564994298745724,0.5583731615149019,0.5608032181636127,0.5544527824481199,1754
148,2,evaluate,3.43044251203537,0.536683997689197,0.5479720788495399,0.5511589705850595,0.5470478984407464,1731
148,3,evaluate,3.285130739212036,0.5547246770904147,0.5494119062815145,0.5447916469608429,0.5454134535498443,1471
148,4,evaluate,3.073310079245732,0.5526601520086862,0.5593929466472854,0.5528257797757435,0.5537085344262868,1842
148,5,evaluate,3.2943394275812,0.5399146861669714,0.54194112422197,0.5407400709678136,0.5400140850671644,1641
149,0,evaluate,3.127514666524427,0.5553745928338762,0.5665075825702491,0.555201941251209,0.5570046703938243,1842
149,1,evaluate,3.1487734828676497,0.5661345496009123,0.5569171409900042,0.5562021727653395,0.5524632621886609,1754
149,2,evaluate,3.314082090671246,0.5338208409506399,0.537077231679971,0.5335641890681162,0.5340707883581242,1641
149,3,evaluate,3.5217830538749695,0.5343731946851531,0.5463681121849592,0.5493871330669909,0.5457361267108553,1731
149,4,evaluate,3.2507447159808613,0.5526852481305234,0.5498455826273001,0.5420391206070408,0.5443759369816461,1471
149,5,evaluate,3.2920531272888183,0.5569053708439897,0.546960422750606,0.5441841052733768,0.5422466302478611,1564
150,0,evaluate,3.4934831942830766,0.5332177931831311,0.541989237093652,0.5501854970637784,0.5438600700115551,1731
150,1,evaluate,3.20062051648679,0.5526852481305234,0.5496123639669632,0.5421291254682943,0.542820288398637,1471
150,2,evaluate,3.28338849067688,0.5441176470588235,0.5353685815315713,0.5335638820694195,0.5288057012612075,1564
150,3,evaluate,3.024040307317461,0.5621436716077537,0.5497782663872919,0.5485610165564034,0.5469394106906462,1754
150,4,evaluate,3.243826490182143,0.5252894576477758,0.5281836093315746,0.5264600401084518,0.5256838498949754,1641
150,5,evaluate,3.1015243201420226,0.5532030401737242,0.563800580181029,0.5544181848265812,0.5547641790228808,1842
151,0,evaluate,3.2895826721191406,0.539002557544757,0.5262159613529578,0.5282810299952824,0.5210300649526445,1564
151,1,evaluate,3.1470868176427382,0.5483170466883822,0.5525349463151341,0.5514485921513956,0.5462921865893218,1842
151,2,evaluate,3.511996763093131,0.5291738879260544,0.5362723640712841,0.5499023129296499,0.5387439361924237,1731
151,3,evaluate,3.2398247627111583,0.5234613040828763,0.5243459225567848,0.5260054565022263,0.5229254774370633,1641
151,4,evaluate,2.9670636568750655,0.5524515393386545,0.5373942702517491,0.5378488940725842,0.535441828219491,1754
151,5,evaluate,3.2351201306218687,0.5567641060503059,0.550152863921846,0.5459646138033577,0.5435863492174265,1471
152,0,evaluate,3.267427297738882,0.5234613040828763,0.5192153578835315,0.5239988286998104,0.5193852851360272,1641
152,1,evaluate,3.280246537664662,0.5479265805574439,0.5373951150885141,0.5365814051258365,0.5331985933201066,1471
152,2,evaluate,3.497329694884164,0.5210860774119006,0.5262163464004816,0.5473920890783524,0.5310303678322932,1731
152,3,evaluate,2.9112694689205716,0.5592930444697833,0.5388914461541898,0.5444581245321494,0.5399792557270067,1754
152,4,evaluate,3.2565884685516355,0.5460358056265985,0.5259073311872943,0.5321895282732145,0.5233842072491022,1564
152,5,evaluate,3.2378278271905305,0.5472312703583062,0.549120265121112,0.5513397495192172,0.5442383757534266,1842
153,0,evaluate,3.2396425914764406,0.5537084398976982,0.5299118872966899,0.5373990392096717,0.5290995336692746,1564
153,1,evaluate,2.93040298138346,0.5581527936145952,0.5338711892989692,0.5456826611747945,0.5372262032510365,1754
153,2,evaluate,3.430137033973421,0.5228191796649335,0.526433546892075,0.5484974873808166,0.5325363485765789,1731
153,3,evaluate,3.2693106713502305,0.5431679129843644,0.5287358056378058,0.5321894058614327,0.5285278372256075,1471
153,4,evaluate,3.2665029030579786,0.5319926873857403,0.5268602567844556,0.5312271006881996,0.5276132353468231,1641
153,5,evaluate,3.2411429964262863,0.5526601520086862,0.5511680647040769,0.5553026479622286,0.5493102552402976,1842
154,0,evaluate,2.98828330210277,0.5541619156214367,0.5335169332265568,0.5453569817788222,0.5362776160676151,1754
154,1,evaluate,3.168185234069824,0.5597176981541803,0.5573742630387426,0.560477357772694,0.556535424892635,1842
154,2,evaluate,3.237386327523452,0.5301645338208409,0.5260386574857053,0.5310157649064865,0.5274660496649998,1641
154,3,evaluate,3.3751456200012138,0.5239745811669555,0.5307312745226631,0.5494537535266548,0.5360755546569979,1731
154,4,evaluate,3.2448939447817593,0.5452073419442556,0.5317285353066021,0.5343571919111041,0.5321812328679323,1471
154,5,evaluate,3.2498997116088866,0.5460358056265985,0.521202821736544,0.5285130090900558,0.5214890726570902,1564
155,0,evaluate,3.326880969107151,0.5332177931831311,0.5428793401651577,0.5563500000861811,0.5461292827781968,1731
155,1,evaluate,3.240346040725708,0.5543478260869565,0.5342140979241552,0.5374268158317659,0.5338605307010376,1564
155,2,evaluate,3.24054477525794,0.5513256288239293,0.5397170410251642,0.5385082261717166,0.5386661954931732,1471
155,3,evaluate,3.0826330142361775,0.5535917901938426,0.5350931609060815,0.5465997491089845,0.5359718309432369,1754
155,4,evaluate,3.0819693680467277,0.5602605863192183,0.5591089923362516,0.5600358162730672,0.5580764313926537,1842
155,5,evaluate,3.278481520139254,0.5332114564290067,0.5293505790849455,0.5352072267589738,0.5308321602349555,1641
156,0,evaluate,3.1462237366608212,0.5450399087799316,0.5329528978617454,0.5432961587929438,0.5312889419827316,1754
156,1,evaluate,3.2441542666891348,0.5513256288239293,0.5434595031459286,0.5370700077495474,0.53953792695802,1471
156,2,evaluate,3.2135922431945803,0.5613810741687979,0.5454473273947946,0.5475519962742201,0.545212213238618,1564
156,3,evaluate,3.10033800273106,0.5591748099891423,0.5620877708812456,0.5578964829471014,0.558734059171929,1842
156,4,evaluate,3.4104523200255175,0.5307739183424741,0.5281068132451168,0.532469179594182,0.5283381087066122,1641
156,5,evaluate,3.369850122502872,0.5309069901790873,0.5440938822538628,0.5518600986770801,0.5435587235803414,1731
157,0,evaluate,3.131832743513173,0.5586319218241043,0.5591527049581182,0.557423770504615,0.5570742536192244,1842
157,1,evaluate,3.1254331043788364,0.5518814139110604,0.5430374501911797,0.5512520097518967,0.5388529523506975,1754
157,2,evaluate,3.4188531178694506,0.5246800731261426,0.5227497530627072,0.5264045377732514,0.5227355158697806,1641
157,3,evaluate,3.216131199961123,0.5601631543167913,0.5531077913110899,0.546100652182015,0.548911590571169,1471
157,4,evaluate,3.156615734100342,0.5626598465473146,0.5483408644853363,0.5479677071738366,0.5467295665628944,1564
157,5,evaluate,3.399588806288583,0.5395725014442518,0.551521863477551,0.5585588073852101,0.5510050775514133,1731
158,0,evaluate,3.0781000767435347,0.5581527936145952,0.5466903036690083,0.5527455351342068,0.5433335460097097,1754
158,1,evaluate,3.430865031022292,0.5234613040828763,0.5182893548720993,0.5239189628864255,0.5200359050384683,1641
158,2,evaluate,3.253267205279806,0.566281441196465,0.5593356578370339,0.5530968952854424,0.5552883109681982,1471
158,3,evaluate,3.184687948226929,0.569693094629156,0.5540668952237019,0.55237736238847,0.5515110628143958,1564
158,4,evaluate,3.436994124736105,0.5239745811669555,0.5325889551190209,0.5426637457752141,0.5343975865880071,1731
158,5,evaluate,3.1344894622934274,0.5597176981541803,0.5586870597245751,0.5591762867321094,0.5575848263407192,1842
159,0,evaluate,3.306323080062866,0.5632992327365729,0.5445328452279887,0.546437000847303,0.5432213679552945,1564
159,1,evaluate,3.46675011744866,0.52224253503961,0.517320104907715,0.5240071483400724,0.5194994304919405,1641
159,2,evaluate,3.3374643429465918,0.5608429639700884,0.5531183917751499,0.5515450529731314,0.5497595889862166,1471
159,3,evaluate,3.5349743281091963,0.5158867706528019,0.5213157044415849,0.5349906586560763,0.5255781972072322,1731
159,4,evaluate,3.103242431368147,0.5541619156214367,0.5373928835330558,0.5431920812664158,0.5365918155550803,1754
159,5,evaluate,3.170922747973738,0.5602605863192183,0.5611952303465725,0.5612833990378158,0.5588223034174519,1842
160,0,evaluate,3.4217672037041704,0.5513256288239293,0.5412062715063679,0.5438226482051721,0.5387976451104579,1471
160,1,evaluate,3.1085711547306607,0.5547320410490307,0.5335456541734765,0.53873321235944,0.5340792150767681,1754
160,2,evaluate,3.574940485613687,0.5199306759098787,0.5265251948577019,0.5397137845024722,0.5293388254351757,1731
160,3,evaluate,3.2363048504138816,0.5602605863192183,0.561902567057164,0.5617489464404326,0.5580846082237353,1842
160,4,evaluate,3.482215404510498,0.5185862279098111,0.5172947956427605,0.5213904243594334,0.5159800599420444,1641
160,5,evaluate,3.428586730957031,0.5447570332480819,0.5278318518722234,0.5302701315843803,0.5240784476732141,1564
161,0,evaluate,3.483187492077167,0.5185862279098111,0.5198857929720525,0.5200868493193589,0.5159595301164951,1641
161,1,evaluate,3.6305124972547804,0.5187752744078568,0.5257944446395219,0.540063717887006,0.5285052442990817,1731
161,2,evaluate,3.511649764102438,0.5472467709041469,0.5380476802435696,0.5407947198390647,0.5357076574579913,1471
161,3,evaluate,3.3472527964361785,0.5504885993485342,0.5525768513003512,0.5516594705856621,0.5474129811471659,1842
161,4,evaluate,3.1729404415403093,0.5530216647662486,0.5309031591508819,0.5349602631592763,0.5313983530076742,1754
161,5,evaluate,3.462578363418579,0.5473145780051151,0.5312512875438304,0.5324229946395428,0.5267469171408118,1564
162,0,evaluate,3.613484710454941,0.5216637781629117,0.5269610003823462,0.5414020534020014,0.5308891997409646,1731
162,1,evaluate,3.540877269661945,0.5465669612508498,0.541316901583047,0.5387674002308008,0.5365016794097658,1471
162,2,evaluate,3.4760397856052103,0.5210237659963437,0.5211306956222377,0.5222674139657149,0.5188097378048677,1641
162,3,evaluate,3.168843516281673,0.5513112884834663,0.5344071438539026,0.537752325025241,0.5333940123652787,1754
162,4,evaluate,3.4531212711334227,0.5453964194373402,0.527670129682791,0.5310035842087204,0.5252652001677938,1564
162,5,evaluate,3.3861946319711618,0.5374592833876222,0.5421397813803714,0.539652159888936,0.5368167873521756,1842
163,0,evaluate,3.4679844794066055,0.5411284840244731,0.5369837659939181,0.5313165186751707,0.5323088353026637,1471
163,1,evaluate,3.3575909779622006,0.5326020719073735,0.5336702777502397,0.5344548020529898,0.5320263034489287,1641
163,2,evaluate,3.528923064470291,0.5245522819179665,0.5326423550057132,0.5429554332614762,0.5354636854287802,1731
163,3,evaluate,3.1292499559266225,0.5399087799315849,0.5257269912383256,0.5295235011874069,0.5229907979435874,1754
163,4,evaluate,3.2707908153533936,0.5412595005428882,0.5474687897854361,0.543581760096997,0.5415090668299243,1842
163,5,evaluate,3.3524825954437256,0.5473145780051151,0.5291967494657477,0.5321457198764877,0.5286642433578901,1564
164,0,evaluate,3.212575035095215,0.55306905370844,0.5374895768292192,0.5373739375381235,0.5353372871905688,1564
164,1,evaluate,3.3453241638515308,0.5411284840244731,0.5360265037716299,0.5273407297760236,0.5299276295942968,1471
164,2,evaluate,3.452557155064174,0.5228191796649335,0.534336601950035,0.5445166262587737,0.5353479285288654,1731
164,3,evaluate,3.148639103461956,0.5466883821932682,0.5532092987426713,0.5492286535315261,0.5478981798510383,1842
164,4,evaluate,3.3076475996237535,0.5295551492992078,0.5284341957697236,0.5290761869641523,0.5266432937766576,1641
164,5,evaluate,3.130569270678929,0.548460661345496,0.5399767968498311,0.5460873387103558,0.5342439733585638,1754
165,0,evaluate,3.2035143630845204,0.5433295324971493,0.5381082824480181,0.5418910770801901,0.5298455927756432,1754
165,1,evaluate,3.3551692137351403,0.5319926873857403,0.5304746953706797,0.5299836236447841,0.528140661178952,1641
165,2,evaluate,3.123138370185063,0.5532030401737242,0.561010758983392,0.5561392966093003,0.5552314480215939,1842
165,3,evaluate,3.2390994930267336,0.5498721227621484,0.5377179199163662,0.5357368732814385,0.5334910079012569,1564
165,4,evaluate,3.468421899846622,0.5268630849220104,0.5375755070120564,0.5474704890163833,0.5382533187558438,1731
165,5,evaluate,3.314162254333496,0.5452073419442556,0.5395348155358344,0.5320118373128637,0.534477902721659,1471
166,0,evaluate,3.3575390318165654,0.5608429639700884,0.5529597769775906,0.5477627634578078,0.5478998968711748,1471
166,1,evaluate,3.1724164485931396,0.5656894679695983,0.5673638462264444,0.5640835722520913,0.5631828778718491,1842
166,2,evaluate,3.319387359278543,0.5450399087799316,0.5366927133570137,0.5411056512749257,0.5299493179119189,1754
166,3,evaluate,3.3409868717193603,0.5562659846547314,0.5408605847292314,0.5418539117913667,0.5373282893939197,1564
166,4,evaluate,3.6105306914874484,0.5210860774119006,0.5271517775720787,0.5395997984341012,0.5293739809385497,1731
166,5,evaluate,3.4719266341282773,0.5417428397318708,0.5383998834724453,0.5398600487628196,0.537371354791535,1641
167,0,evaluate,3.495469549427862,0.5642420122365738,0.5568447031296373,0.5539734383439479,0.550966576161253,1471
167,1,evaluate,3.3584955419812883,0.5575826681870011,0.5452302550706147,0.5533351523014696,0.541341560129997,1754
167,2,evaluate,3.2308452951497046,0.5694896851248643,0.571718216842968,0.5666620404210365,0.5661334071509746,1842
167,3,evaluate,3.4861421012878417,0.559462915601023,0.5425830406084262,0.5453786456545787,0.5387627814947112,1564
167,4,evaluate,3.580383374140813,0.5411334552102377,0.5355997285868824,0.5405310756359617,0.5360075867377498,1641
167,5,evaluate,3.7499850562640598,0.5216637781629117,0.525607324033431,0.5374953343074811,0.5287614698142435,1731
168,0,evaluate,3.641957244873047,0.5543478260869565,0.540261459914936,0.541345277728399,0.5347898927116661,1564
168,1,evaluate,3.4068997417177473,0.5438996579247435,0.527966501713099,0.5350162658680014,0.5253196677457298,1754
168,2,evaluate,3.6638627235706034,0.5271176112126752,0.523989068320202,0.5301291433014035,0.523135907608548,1641
168,3,evaluate,3.3387999287967025,0.5602605863192183,0.5615001931364964,0.5554410994835843,0.5551027855817031,1842
168,4,evaluate,3.810955660683768,0.5222414789139226,0.5282613496963986,0.539459313257565,0.5306635357600284,1731
168,5,evaluate,3.685225828834202,0.549286199864038,0.540884552817954,0.5397646567713777,0.534953817611757,1471
169,0,evaluate,3.4312613861901418,0.5604332953249715,0.5411016000937917,0.5450027210187749,0.5395727233094652,1754
169,1,evaluate,3.732537279129028,0.539002557544757,0.5228217833979742,0.5252520425736131,0.5160890818326147,1564
169,2,evaluate,3.7615129429361094,0.5465669612508498,0.5389001882407085,0.5404293161453536,0.5336797385882422,1471
169,3,evaluate,3.667780821139996,0.5295551492992078,0.527923569961659,0.5337620775212301,0.5255426412131634,1641
169,4,evaluate,3.3645074367523193,0.5586319218241043,0.5601179001520856,0.5540755305377709,0.5520005094863292,1842
169,5,evaluate,3.841268871511732,0.5228191796649335,0.5282438962289244,0.543024555098869,0.5303620293652899,1731
170,0,evaluate,3.257025800902268,0.5651465798045603,0.5651626518974124,0.5617214981729822,0.560710962837593,1842
170,1,evaluate,3.293492751462119,0.5501710376282782,0.5325133981114624,0.535527203071383,0.5318785271766124,1754
170,2,evaluate,3.70882700920105,0.5402813299232737,0.5225191192878101,0.5243319085829207,0.5179203086587083,1564
170,3,evaluate,3.6986501004014696,0.5251299826689775,0.533422081987432,0.547861870922783,0.5357051197842116,1731
170,4,evaluate,3.474454375413748,0.5271176112126752,0.5279560404675372,0.5291820846429113,0.5250169694499066,1641
170,5,evaluate,3.5976315270299497,0.5431679129843644,0.5346527231988751,0.5335583216152704,0.5314182105252294,1471
171,0,evaluate,3.253181843922056,0.5564603691639523,0.5611456706123714,0.5561739887062859,0.5554412471040122,1842
171,1,evaluate,3.487737697103749,0.5377294357579878,0.5348496258208145,0.5276642686116618,0.5289910118974386,1471
171,2,evaluate,3.3103193594859195,0.5289457647775746,0.5336214041580557,0.5279672106421038,0.5289052111919489,1641
171,3,evaluate,3.1618763165814534,0.548460661345496,0.5347802540186418,0.5357399990563219,0.5324600693502135,1754
171,4,evaluate,3.671144905090332,0.532608695652174,0.5196060275885043,0.5161122599452486,0.5140904630982395,1564
171,5,evaluate,3.5697022080421448,0.5228191796649335,0.5387140546889245,0.5491631378332898,0.5380003030760026,1731
172,0,evaluate,3.4624386870342754,0.5322909585316111,0.5289084949829432,0.5194164214010547,0.522644177180036,1471
172,1,evaluate,3.6272509523800442,0.5170421721548238,0.5373909174834373,0.5423635667810818,0.5342732520112417,1731
172,2,evaluate,3.394594641832205,0.5246800731261426,0.53225979214161,0.5215982627517859,0.5244147535450611,1641
172,3,evaluate,3.344092821252757,0.5423452768729642,0.550925909807652,0.5427307354899097,0.5424267803041433,1842
172,4,evaluate,3.728290529251099,0.5319693094629157,0.5220333523346634,0.513734563896617,0.5140857408417626,1564
172,5,evaluate,3.2546928014074052,0.5376282782212086,0.5341912776297861,0.5318913884491576,0.5256130628195974,1754
173,0,evaluate,3.411055464010972,0.5258988421694089,0.532062646629284,0.5223704801981539,0.5244942753938806,1641
173,1,evaluate,3.2071139131273543,0.5273660205245154,0.5265447421025794,0.5256044318512926,0.516184735341622,1754
173,2,evaluate,3.350416380426158,0.5431679129843644,0.5403766256654753,0.5313157724528349,0.5340806782899951,1471
173,3,evaluate,3.592017582484654,0.5135759676487579,0.5343861499761116,0.5372716420052933,0.5312827197708763,1731
173,4,evaluate,3.6412361907958983,0.532608695652174,0.5235288618316368,0.5158552405963551,0.5154031207937547,1564
173,5,evaluate,3.302080302402891,0.5423452768729642,0.5539242164048578,0.5467026343995909,0.5449507718492368,1842
174,0,evaluate,3.4495071722910953,0.5326020719073735,0.5322385828250729,0.5291340244179183,0.5285884684980883,1641
174,1,evaluate,3.3299083191415537,0.5424881033310673,0.538987804310385,0.5330599663653339,0.5334230116238489,1471
174,2,evaluate,3.4842248452561244,0.512420566146736,0.526255136508543,0.5326049567451415,0.5263647242369438,1731
174,3,evaluate,3.508569974899292,0.5421994884910486,0.5271234111402199,0.524080675577846,0.5222369282940196,1564
174,4,evaluate,3.236952140413482,0.5597176981541803,0.5684707603409345,0.5641941669474007,0.5620719144600481,1842
174,5,evaluate,3.1461301616259982,0.5438996579247435,0.5380666523358699,0.5399493302063186,0.5300697465540112,1754
175,0,evaluate,3.0082918320383345,0.5610034207525656,0.549929432947333,0.5545391118104601,0.5450070008788335,1754
175,1,evaluate,3.3405534080837085,0.5452073419442556,0.5423269896997271,0.5408690634625449,0.5373269810608916,1471
175,2,evaluate,3.424703075335576,0.5240706886045094,0.5198974527812179,0.5213611093095547,0.5187318753399843,1641
175,3,evaluate,3.475542798638344,0.5251299826689775,0.5328512668200005,0.5450180278990142,0.5367327643735683,1731
175,4,evaluate,3.3878112506866453,0.5492327365728901,0.5352032593308435,0.5341392169574484,0.5306348616330536,1564
175,5,evaluate,3.2119007850515433,0.5526601520086862,0.5580142413140425,0.5553058711047478,0.5529528707912755,1842
176,0,evaluate,3.549398784637451,0.5575447570332481,0.5431960217385552,0.5433134509889953,0.5368974582607104,1564
176,1,evaluate,3.633405715227127,0.5251299826689775,0.5316416392102845,0.5431486367555187,0.5342438576398945,1731
176,2,evaluate,3.56567004452581,0.5350101971447995,0.5298821837120413,0.5326825624811934,0.5259331086391614,1471
176,3,evaluate,3.6359029641518226,0.5319926873857403,0.5285600615990032,0.5331477599771033,0.5265640855877868,1641
176,4,evaluate,3.1405998170375824,0.5655644241733181,0.551474445037885,0.5587612193361957,0.5484409853492191,1754
176,5,evaluate,3.345346582346949,0.5548317046688382,0.5594146711776382,0.5543784698418346,0.5529777259623494,1842
177,0,evaluate,3.6930436428104128,0.5297515886770653,0.5342693827584031,0.54689000059841,0.5367884768335708,1731
177,1,evaluate,3.381257040747281,0.5602605863192183,0.5605581849532854,0.5573906668565131,0.5550701518326889,1842
177,2,evaluate,3.671110267224519,0.5424881033310673,0.5377352489242763,0.5385017354369765,0.5324417745459964,1471
177,3,evaluate,3.669095153808594,0.5415601023017903,0.5283290141221707,0.5288253775390946,0.5211463595706448,1564
177,4,evaluate,3.6822487115859985,0.534430225472273,0.5362806617503136,0.5368377271795228,0.5303036527509382,1641
177,5,evaluate,3.2652735880443027,0.5598631698973774,0.5444092142576226,0.5483537463704131,0.5408492636852474,1754
178,0,evaluate,3.218909536089216,0.563854047890536,0.548988938432304,0.5510694956107838,0.5475925110716501,1754
178,1,evaluate,3.5955680556919263,0.5418082936777702,0.5359081947042876,0.5350592367773903,0.5307988907932785,1471
178,2,evaluate,3.5338530265367947,0.5356489945155393,0.5375777498688376,0.5385225442906109,0.5342008217543099,1641
178,3,evaluate,3.3084544806644836,0.5575461454940283,0.560972070942818,0.5550954373485413,0.5533824681627708,1842
178,4,evaluate,3.6137681858880177,0.5239745811669555,0.5313893990504568,0.5424178694164877,0.5320326871925816,1731
178,5,evaluate,3.6349361324310303,0.5441176470588235,0.5312501838063171,0.5325848291024877,0.5247939414702177,1564
179,0,evaluate,3.440814733505249,0.530931339225017,0.5287675199340308,0.5210119272841702,0.5218834448063147,1471
179,1,evaluate,3.409978600648733,0.5368677635588056,0.5374242856853699,0.5371588922899622,0.5348771634644437,1641
179,2,evaluate,3.5761835384368896,0.5332480818414322,0.5194571207806382,0.5205701067997699,0.5131281004970055,1564
179,3,evaluate,3.5606057260717665,0.5187752744078568,0.5294633627809064,0.5434940333580995,0.5306917978535889,1731
179,4,evaluate,3.1082059017249515,0.5592930444697833,0.545613393630044,0.5440680918457639,0.5433357480588762,1754
179,5,evaluate,3.268683334876751,0.5521172638436482,0.5562741602146015,0.5504339998268205,0.5490741981710985,1842
180,0,evaluate,3.5522321249757494,0.511265164644714,0.524191292303194,0.5331810802984512,0.5235687866904976,1731
180,1,evaluate,3.2839958585541824,0.5428881650380022,0.5529990473321136,0.5429967328938068,0.5432136333832374,1842
180,2,evaluate,3.4032580760809092,0.5271176112126752,0.5307427216932845,0.5244591697640011,0.5255901291113532,1641
180,3,evaluate,3.4050638986670454,0.5350101971447995,0.53408268661902,0.5208382237929783,0.5244091618130551,1471
180,4,evaluate,3.10204410978726,0.5478905359179019,0.5384351883908344,0.5356075300776998,0.5336490585880738,1754
180,5,evaluate,3.509661865234375,0.5300511508951407,0.5176797840904046,0.5148354809263502,0.5111922818660395,1564
181,0,evaluate,3.42741074011876,0.5319926873857403,0.5365548019923471,0.5299738841630669,0.5313861664922246,1641
181,1,evaluate,3.1197578481265476,0.5456100342075256,0.5412206262110484,0.5386049434114004,0.5325816982231414,1754
181,2,evaluate,3.446535949707031,0.532608695652174,0.5190249950782084,0.5155280884882153,0.5126774899700555,1564
181,3,evaluate,3.404277459434841,0.540448674371176,0.5433424508166278,0.5245952115994547,0.5313338714432013,1471
181,4,evaluate,3.2367149303699363,0.5521172638436482,0.5613107593275986,0.5523478619144927,0.5526310849396106,1842
181,5,evaluate,3.5111910019602095,0.5297515886770653,0.5450319936302227,0.5519066440601309,0.5423529794221842,1731
182,0,evaluate,3.4422827339172364,0.5358056265984654,0.522689517801496,0.5202525469623942,0.5181654509638971,1564
182,1,evaluate,3.4383177207066464,0.5277269957343084,0.5294281872847764,0.5272220204142736,0.5267345851943512,1641
182,2,evaluate,3.1436337573187694,0.5467502850627138,0.5417469950770768,0.5439480931203825,0.5354640480228834,1754
182,3,evaluate,3.4422253583158766,0.536683997689197,0.5523502253453426,0.5572915902150045,0.5496793181625311,1731
182,4,evaluate,3.4072619728420093,0.5418082936777702,0.5414301738598689,0.5272304793406233,0.5328896455488222,1471
182,5,evaluate,3.1928723105068864,0.5597176981541803,0.565249714717452,0.5595641945860959,0.5598724524418948,1842
183,0,evaluate,3.5088957441704616,0.537261698440208,0.5480471954178008,0.554585113004687,0.5485333824933208,1731
183,1,evaluate,3.1749161311558316,0.5456100342075256,0.5363347895028185,0.5400212312507645,0.5321574809523658,1754
183,2,evaluate,3.529492416381836,0.5428388746803069,0.525812271388849,0.5292720135986757,0.5244701365147098,1564
183,3,evaluate,3.5215759185644298,0.5350396099939062,0.5339446900360502,0.5356891709543639,0.5327706388145825,1641
183,4,evaluate,3.298841377784466,0.5705754614549403,0.5750215822694937,0.5713377248595598,0.5705728537503296,1842
183,5,evaluate,3.525265227193418,0.5234534330387491,0.5172269542977783,0.5132675211755897,0.5139254081989117,1471
184,0,evaluate,3.7177106952667236,0.5543478260869565,0.539329300846312,0.5399549965372851,0.5352118591900442,1564
184,1,evaluate,3.740039400432421,0.5282121006118287,0.5204637749144426,0.5230880633806168,0.5182544972708572,1471
184,2,evaluate,3.641824910683291,0.536683997689197,0.545691317660563,0.5507742880546896,0.5454802750045136,1731
184,3,evaluate,3.4263763427734375,0.5586319218241043,0.5640782799397308,0.5591147154265104,0.5577137838842215,1842
184,4,evaluate,3.311551639011928,0.5501710376282782,0.5372517997743702,0.5411589362560013,0.5335013450901211,1754
184,5,evaluate,3.688595487521245,0.5167580743449116,0.5195802414532855,0.5191710332116155,0.5148081399804106,1641
185,0,evaluate,3.79637420695761,0.5207341944255608,0.5168933242414019,0.5203831839515807,0.512420766560055,1471
185,1,evaluate,3.3312285457338606,0.5376282782212086,0.5253152630977709,0.5288335124774926,0.5202894193998955,1754
185,2,evaluate,3.8123334980010988,0.5505115089514067,0.5375516444938244,0.5365882768617657,0.5307723995158014,1564
185,3,evaluate,3.44707308966538,0.5510314875135722,0.5532955478257663,0.5493318385433889,0.5473067197333024,1842
185,4,evaluate,3.6684969113423276,0.5185862279098111,0.5217301433176862,0.5217170591348183,0.5172368031662123,1641
185,5,evaluate,3.6347437633999755,0.5326400924321202,0.5439623481329793,0.5482913063332177,0.5426304435554563,1731
186,0,evaluate,3.2995019041258713,0.5559174809989142,0.5546200774100892,0.5534553404188094,0.551900370123515,1842
186,1,evaluate,3.668045251265816,0.5282121006118287,0.5241381726369044,0.5256314249356736,0.5199532179896826,1471
186,2,evaluate,3.4817935869629895,0.5378393991912189,0.5460320072631413,0.5562749736971228,0.5487416155472563,1731
186,3,evaluate,3.6937058639526366,0.5377237851662404,0.5237903327274591,0.522799897368369,0.5180319703664715,1564
186,4,evaluate,3.5130085394932675,0.5240706886045094,0.5231041956957496,0.5257629566303543,0.5221176557262475,1641
186,5,evaluate,3.2281682746750966,0.5518814139110604,0.5382986227503862,0.544782604239397,0.5385378280519453,1754
187,0,evaluate,3.6229544925689696,0.5332480818414322,0.5217267526723397,0.5169534040010746,0.514736274021956,1564
187,1,evaluate,3.6166735939357593,0.5458871515975526,0.5437092353738057,0.5381916808653153,0.5374990242617411,1471
187,2,evaluate,3.411389937767616,0.5277269957343084,0.524630516599509,0.5257065281354947,0.5239434243378653,1641
187,3,evaluate,3.3080326688700707,0.5477741585233442,0.5523904441441172,0.5474473088783118,0.5469818236202371,1842
187,4,evaluate,3.2002076506614685,0.5336374002280502,0.5212103639676886,0.521714673654035,0.518990573522444,1754
187,5,evaluate,3.4190225335104123,0.5389948006932409,0.5489106128075738,0.5607356155489321,0.5522894720167777,1731
188,0,evaluate,3.2489616317408427,0.5450399087799316,0.5338509869447245,0.5351678103289179,0.5313053988173854,1754
188,1,evaluate,3.5975047397613524,0.5428388746803069,0.5371513104707467,0.5281392786762534,0.5264710675011341,1564
188,2,evaluate,3.367497312611547,0.5445168295331162,0.5514961947850212,0.542745954667138,0.543114329052066,1842
188,3,evaluate,3.5382234922477176,0.5233968804159446,0.5398618465326834,0.5472195530918647,0.5384663647162276,1731
188,4,evaluate,3.364564116184528,0.5338208409506399,0.5365938093520513,0.5310530607119068,0.5320751308392258,1641
188,5,evaluate,3.5982469164806865,0.539768864717879,0.5412858434383562,0.5297674578331801,0.5319009400648071,1471
189,0,evaluate,3.2810128927230835,0.540478905359179,0.5309891375275413,0.5325905971068154,0.5271993757259553,1754
189,1,evaluate,3.6573003700801303,0.5222414789139226,0.535995360684708,0.5461266911862147,0.5348890992230154,1731
189,2,evaluate,3.5313402462005614,0.540920716112532,0.5318226093065598,0.5259130808449927,0.5233977747766769,1564
189,3,evaluate,3.42333853655848,0.5456026058631922,0.5526459147150679,0.5452112151295287,0.5451946589070827,1842
189,4,evaluate,3.5862221303193467,0.5499660095173351,0.5464528341605084,0.5369493082419626,0.5400861864928372,1471
189,5,evaluate,3.3832567655123196,0.534430225472273,0.5374631686701874,0.5337201174235954,0.5339673595311311,1641
190,0,evaluate,3.7399307063647678,0.5245522819179665,0.5373563786426268,0.5511266344913606,0.537471753330969,1731
190,1,evaluate,3.5389770030975343,0.5543478260869565,0.5367613618135771,0.5402674566958848,0.5343054596497006,1564
190,2,evaluate,3.54905657146288,0.5520054384772264,0.5426358402316805,0.5389815550310402,0.5399291430717049,1471
190,3,evaluate,3.443672278831745,0.5548317046688382,0.5547114769602963,0.555504945941045,0.5526225731698717,1842
190,4,evaluate,3.309984164578574,0.5501710376282782,0.5358918129224488,0.5469287149288748,0.5362800156631572,1754
190,5,evaluate,3.4497286631510806,0.5393053016453382,0.5397962923198318,0.5407551608211215,0.5383852030217761,1641
191,0,evaluate,3.6316070556640625,0.5554044867437118,0.5426711755367567,0.5413263763979496,0.5408019436296738,1471
191,1,evaluate,3.6405074779803934,0.5356489945155393,0.5330422844529921,0.539731207266263,0.5324388034826094,1641
191,2,evaluate,3.4946014625685557,0.5581527936145952,0.5424314873239708,0.5553142144257752,0.5408404103002459,1754
191,3,evaluate,3.548420215475148,0.5553745928338762,0.5548748747227764,0.5559760575613913,0.5523671634261859,1842
191,4,evaluate,3.8617545621735707,0.5251299826689775,0.5286549708497414,0.5464262561981564,0.5321038663968036,1731
191,5,evaluate,3.688160219192505,0.5613810741687979,0.5411856938987165,0.5499170509560114,0.5398731212840675,1564
192,0,evaluate,3.6456781370299205,0.5467502850627138,0.5273983532937911,0.537583385714897,0.526996284344274,1754
192,1,evaluate,3.7406519692519615,0.5472312703583062,0.551490023945536,0.5489711685671639,0.5456031401784653,1842
192,2,evaluate,3.918491744995117,0.5498721227621484,0.5306074350006579,0.5371665457603282,0.5281867738709378,1564
192,3,evaluate,3.9157877151782694,0.5258988421694089,0.527568689350258,0.5296742913260801,0.523972137736493,1641
192,4,evaluate,3.8618032413980234,0.5431679129843644,0.5316701401997755,0.5329652069795817,0.5286312846907528,1471
192,5,evaluate,4.05254499401365,0.5262853841709995,0.5295921196685898,0.5448692743097053,0.5317911118023365,1731
193,0,evaluate,3.8927978121716045,0.5431679129843644,0.5332492749788544,0.5372561239130957,0.5306135984667897,1471
193,1,evaluate,4.034553727933338,0.5205083766608897,0.5232461968058313,0.5380066591366142,0.5257819898341867,1731
193,2,evaluate,3.965579317166255,0.5252894576477758,0.5228666624291288,0.5276429451366322,0.5215353907211118,1641
193,3,evaluate,3.9554656600952147,0.5498721227621484,0.5311410459435035,0.5358477745392993,0.5292551732979301,1564
193,4,evaluate,3.5546084131513322,0.5558722919042189,0.5371878496035652,0.5441719145419283,0.5366624506863201,1754
193,5,evaluate,3.698531931844251,0.5504885993485342,0.5550167469574976,0.5523699201152222,0.548614837062553,1842
194,0,evaluate,3.7411585890728496,0.5322909585316111,0.526010862959584,0.5278547366739936,0.5237432049185587,1471
194,1,evaluate,3.60147370141128,0.5499457111834962,0.5522340863585498,0.5494855665069209,0.5475264958206931,1842
194,2,evaluate,3.7727916932531764,0.5268630849220104,0.5275326762765421,0.5420385572343658,0.5317434021985409,1731
194,3,evaluate,3.7987545912082377,0.52224253503961,0.520473435829045,0.5242382065532143,0.5200257721084117,1641
194,4,evaluate,3.8601940727233885,0.5453964194373402,0.5293582173008523,0.5277295735595319,0.524356816660663,1564
194,5,evaluate,3.366367850984846,0.548460661345496,0.5298916072459283,0.5312332649592679,0.5279833804002279,1754
195,0,evaluate,3.536458993780202,0.5499457111834962,0.5526717551300571,0.5487458569458477,0.5489909383963734,1842
195,1,evaluate,3.789312467575073,0.5421994884910486,0.527728384684211,0.5242896439286537,0.523824144842459,1564
195,2,evaluate,3.346430765730994,0.5444697833523375,0.5321763292409267,0.532247771832937,0.528327297239074,1754
195,3,evaluate,3.6493262904030934,0.536106296938186,0.536597655638243,0.552262785963142,0.5418603410059599,1731
195,4,evaluate,3.6170458171678628,0.5322909585316111,0.5276129739453621,0.5241448053505234,0.5244655468336135,1471
195,5,evaluate,3.634289351793436,0.5283363802559415,0.5294736635914805,0.5293536546637587,0.5282163633631212,1641
196,0,evaluate,3.7759470462799074,0.5338874680306905,0.519533310825687,0.5185768586983484,0.5166230897620336,1564
196,1,evaluate,3.5349175683383285,0.5575461454940283,0.5643710370757701,0.558057100404435,0.5578120127672919,1842
196,2,evaluate,3.582037384693439,0.5301645338208409,0.5354398483581042,0.5314733871146526,0.531008414523338,1641
196,3,evaluate,3.632226052491561,0.5465669612508498,0.5395422548675655,0.53240066530297,0.5343345032672386,1471
196,4,evaluate,3.6475273243018558,0.5343731946851531,0.5385670737681166,0.5504943665490212,0.5422611182962715,1731
196,5,evaluate,3.4038467492376054,0.5421892816419612,0.5325773374270152,0.5315913066445124,0.52675211543489,1754
197,0,evaluate,3.789864322413569,0.5424881033310673,0.5352634754582063,0.5277764586600342,0.5290086832550323,1471
197,1,evaluate,3.6248700536530594,0.5472312703583062,0.5524408668879188,0.5486088915931778,0.5471874754393706,1842
197,2,evaluate,3.6443545451531043,0.526508226691042,0.5310132060253565,0.5284813410407049,0.5272600020090554,1641
197,3,evaluate,3.8544449996948242,0.5338874680306905,0.5185692225452241,0.5211806653208358,0.5156289745669443,1564
197,4,evaluate,3.806065938302449,0.5199306759098787,0.5283269773040293,0.5388097683800592,0.5296193186126688,1731
197,5,evaluate,3.5142780201775685,0.5359179019384265,0.5265788585716541,0.5262483081693367,0.520725410405513,1754
198,0,evaluate,3.8573151982348897,0.5472467709041469,0.5382784321903462,0.5341743461618181,0.5345655752348952,1471
198,1,evaluate,3.871798072542463,0.5199306759098787,0.5312789046197983,0.5397359740020482,0.5312898590181689,1731
198,2,evaluate,3.646852493286133,0.5526601520086862,0.5582981007912411,0.5530539242139324,0.552129546008503,1842
198,3,evaluate,3.8464152240753173,0.5402813299232737,0.5266272691769032,0.5299328133115841,0.523380210005499,1564
198,4,evaluate,3.5735623368195126,0.5456100342075256,0.53736506388282,0.5392475928808964,0.531840746898226,1754
198,5,evaluate,3.661234213755681,0.5393053016453382,0.5424819194728316,0.5402989403175158,0.5389064906377038,1641
199,0,evaluate,3.8976342380046844,0.5262853841709995,0.536988165429672,0.5475430827473202,0.5384488157524092,1731
199,1,evaluate,3.8732559394836428,0.5441176470588235,0.5331247886211037,0.5335856604127435,0.5274377668857154,1564
199,2,evaluate,3.7104710157100973,0.5447897623400365,0.5455756702319321,0.5449773598288505,0.5434465800169312,1641
199,3,evaluate,3.9350040477255117,0.5370496261046906,0.527200423344887,0.5263777801404983,0.5248911740012778,1471
199,4,evaluate,3.6070305232344,0.5602605863192183,0.5676525004366973,0.5610067879461867,0.5610479045434319,1842
199,5,evaluate,3.5761090091296603,0.5592930444697833,0.5474220378357959,0.5518389774100549,0.5432692373519861,1754
200,0,evaluate,3.993095493742398,0.5280184864240324,0.5345560291772447,0.5481764368664821,0.5385253377976089,1731
200,1,evaluate,4.096430944359821,0.5465669612508498,0.5343824042333598,0.5366090586783796,0.5331685424116019,1471
200,2,evaluate,3.82940425322606,0.5368677635588056,0.5330719604316037,0.5392504545671614,0.5337686358392448,1641
200,3,evaluate,3.8760743236541746,0.5479539641943734,0.5319194188721734,0.5352860976775364,0.5293220145558137,1564
200,4,evaluate,3.6218804035867964,0.5535917901938426,0.5386267301335982,0.5469978044858651,0.5374535113079542,1754
200,5,evaluate,3.587155013248838,0.5624321389793703,0.5636028845877334,0.5632807544662974,0.5613582265935925,1842
201,0,evaluate,4.015304886776468,0.5465669612508498,0.5339757122057319,0.5375185135291715,0.5334179513233972,1471
201,1,evaluate,3.911280938557216,0.5233968804159446,0.5239387893840222,0.5434132666835534,0.5304327384602152,1731
201,2,evaluate,3.797065773010254,0.5543478260869565,0.5363605421766586,0.5391640111698062,0.5345008943749441,1564
201,3,evaluate,3.5084826370765425,0.5635179153094463,0.5611702743272791,0.5641559282531292,0.5600818116716479,1842
201,4,evaluate,3.56965001140322,0.5598631698973774,0.5410490556336119,0.5502481730599319,0.5421671289098934,1754
201,5,evaluate,3.7929672461289625,0.5252894576477758,0.5213891939918247,0.5282605891595658,0.5228691564540833,1641
202,0,evaluate,3.7773702016898563,0.5222414789139226,0.5239370721098439,0.5427271379599867,0.5297990856803245,1731
202,1,evaluate,3.485563089107645,0.5504885993485342,0.550048065818705,0.552223904929714,0.5483839323337427,1842
202,2,evaluate,3.8302397002344546,0.5418082936777702,0.530012725714043,0.5340501494357456,0.5299276080816517,1471
202,3,evaluate,3.7408515357971193,0.5313299232736572,0.5173703539703862,0.5166995529805829,0.5122686542563828,1564
202,4,evaluate,3.6464787354836097,0.5185862279098111,0.5136212957649231,0.5212310354381471,0.5154388736861361,1641
202,5,evaluate,3.392263191086905,0.5558722919042189,0.5333837660348333,0.5419693030510692,0.5351852273785747,1754
203,0,evaluate,3.636202159135238,0.5377294357579878,0.5322675454745589,0.5298121630505552,0.5289110763954786,1471
203,1,evaluate,3.277962693146297,0.5507411630558723,0.5328308069782377,0.5392770725913396,0.5336904952136912,1754
203,2,evaluate,3.682049572467804,0.5233968804159446,0.5286667799811213,0.5411770180807699,0.5312514407594473,1731
203,3,evaluate,3.6250777530670164,0.530690537084399,0.5164190039032156,0.5165481670181813,0.5129879830205013,1564
203,4,evaluate,3.4201049886900803,0.5532030401737242,0.5531135310937152,0.5528533663357599,0.551067122785319,1842
203,5,evaluate,3.4979602556962233,0.5173674588665448,0.51392320588705,0.518413142478196,0.5150167622652083,1641
204,0,evaluate,3.657888284751347,0.5193529751588677,0.5303908363735504,0.5373966354543858,0.5292181574171249,1731
204,1,evaluate,3.5410193049389385,0.5418082936777702,0.537064126772315,0.529569326320962,0.5313061568754558,1471
204,2,evaluate,3.4304748498476467,0.5118829981718465,0.516513242015139,0.5135789795165949,0.5125011030401615,1641
204,3,evaluate,3.5951227951049805,0.5319693094629157,0.5222278797377679,0.5195336154641865,0.5171014303933247,1564
204,4,evaluate,3.2894336666379655,0.5376282782212086,0.5260155565853742,0.5262153570876656,0.522496954311708,1754
204,5,evaluate,3.4319628764843118,0.5483170466883822,0.5542633383464051,0.5460877033300928,0.5475079642528741,1842
205,0,evaluate,3.4021656002317155,0.5233751425313569,0.5206215241528727,0.5160840514888579,0.5123788820320639,1754
205,1,evaluate,3.562318397604901,0.5418082936777702,0.5404139098227206,0.5288344148916492,0.5323722527095646,1471
205,2,evaluate,3.499126746104314,0.52224253503961,0.5312854590121556,0.5228891134160463,0.5232913589248218,1641
205,3,evaluate,3.6843228340148926,0.532608695652174,0.5240104310472857,0.5177523345483885,0.5169857861077622,1564
205,4,evaluate,3.7249482912676677,0.5326400924321202,0.5479704480143044,0.547810205038705,0.542936715752706,1731
205,5,evaluate,3.5091235884304703,0.5412595005428882,0.5507121429484132,0.5381300716568124,0.5411150807848909,1842
206,0,evaluate,3.647131121676901,0.5356900067980965,0.5321177892804154,0.5238554740583048,0.526474391937891,1471
206,1,evaluate,3.6365275933192325,0.5319926873857403,0.537399159803216,0.5322763452107527,0.5325240500610622,1641
206,2,evaluate,3.5886277494759393,0.5488599348534202,0.5570867526927528,0.546411718775534,0.5490132612707286,1842
206,3,evaluate,3.809748649597168,0.5297515886770653,0.5480053189430002,0.5478775169779356,0.5440753051731787,1731
206,4,evaluate,3.7617956733703615,0.5332480818414322,0.524120222869631,0.5169401948744967,0.51721150740962,1564
206,5,evaluate,3.4777798312050954,0.5364880273660205,0.5327980831165309,0.533391816303532,0.5262761653715894,1754
207,0,evaluate,3.837710650070854,0.5350101971447995,0.5320643952654395,0.5255581650149788,0.5271133156438582,1471
207,1,evaluate,3.7909294033050536,0.5466751918158568,0.5309783551674693,0.5282134975925545,0.5277613918632624,1564
207,2,evaluate,3.854550966849694,0.5411334552102377,0.5410871265784881,0.5424182847920044,0.5412399121841444,1641
207,3,evaluate,3.694736908222067,0.5445168295331162,0.5497088948773952,0.5421775367995083,0.5442882220546313,1842
207,4,evaluate,3.608692075525011,0.5376282782212086,0.5264306269348747,0.5317468099064178,0.5247681191032753,1754
207,5,evaluate,3.9813633082168445,0.5274407856730213,0.539278200276071,0.5457567084504031,0.5403806104830371,1731
208,0,evaluate,3.9763060445370884,0.5418082936777702,0.5378546639350373,0.5343038265446739,0.5335395844212596,1471
208,1,evaluate,3.9720942240494947,0.5332114564290067,0.5311021950281866,0.5343629589889372,0.5317317490792618,1641
208,2,evaluate,4.032474540174007,0.5297515886770653,0.5383556712457331,0.54588191992237,0.5397913099517069,1731
208,3,evaluate,3.821711139678955,0.5632992327365729,0.544278088922143,0.5445331758929515,0.5416784820532969,1564
208,4,evaluate,3.6199013335364207,0.5530216647662486,0.5434728785356404,0.5491468214507008,0.5410376867683417,1754
208,5,evaluate,3.7612095290216905,0.5483170466883822,0.5516573638141421,0.5484106303174775,0.5478922719159257,1842
209,0,evaluate,3.743772194303315,0.5418023887079262,0.5429031621274796,0.5437357154886595,0.539793937034717,1842
209,1,evaluate,3.8843700610674343,0.5338208409506399,0.5316055278447628,0.5349677400370012,0.5318961743397292,1641
209,2,evaluate,3.583470574447087,0.548460661345496,0.5357419177523336,0.5443611748037263,0.5351071127242869,1754
209,3,evaluate,3.9961448705622127,0.5233968804159446,0.5296854756622301,0.5406891067283314,0.5322490910044008,1731
209,4,evaluate,3.9314876224683677,0.5452073419442556,0.5389229346809915,0.5383745769875825,0.5356249218800978,1471
209,5,evaluate,3.8469940280914305,0.5613810741687979,0.5401547393405532,0.5421612969821449,0.5382606110473234,1564
210,0,evaluate,3.7982631969451903,0.5466751918158568,0.5284988621155917,0.5305742600312475,0.524799348533253,1564
210,1,evaluate,3.809116975120876,0.5370496261046906,0.5282184954633127,0.5300411049912883,0.5255307691766462,1471
210,2,evaluate,3.64576164607344,0.5412595005428882,0.5429302154196869,0.5448654869502118,0.5389565013599509,1842
210,3,evaluate,3.6909149151581984,0.5240706886045094,0.5195550725881991,0.5250494357222875,0.5202720190891038,1641
210,4,evaluate,3.4823388201849803,0.5461801596351197,0.5313933529357511,0.5392273527760725,0.5306782058306043,1754
210,5,evaluate,3.9345580956765582,0.5199306759098787,0.5226320362748987,0.5375094926136598,0.5258617092075832,1731
211,0,evaluate,3.5033416748046875,0.526508226691042,0.5217651369776486,0.527177700629589,0.5220930733703004,1641
211,1,evaluate,3.3021080238478526,0.5535917901938426,0.5364169147096025,0.5432411793370946,0.5356342698703418,1754
211,2,evaluate,3.7334936904907225,0.5319693094629157,0.5148392568657026,0.5196197063589018,0.5117120761559926,1564
211,3,evaluate,3.5126806620893807,0.5401737242128122,0.5429417849530207,0.5463307937140013,0.5391752198381137,1842
211,4,evaluate,3.8565675829138075,0.5280184864240324,0.5279576457708856,0.5468474932209749,0.5327401100133395,1731
211,5,evaluate,3.6340476844621743,0.5343303874915024,0.5228756541156219,0.523798087154483,0.5208783199797649,1471
212,0,evaluate,3.7766516634396146,0.5193529751588677,0.5234251668855312,0.539779811448929,0.5259411171838275,1731
212,1,evaluate,3.3538309794205885,0.5252894576477758,0.5236674674427783,0.5254716210346496,0.522499720710629,1641
212,2,evaluate,3.6579104137420653,0.520460358056266,0.5070742216271051,0.5086753935214962,0.5022494586996642,1564
212,3,evaluate,3.5413402370784595,0.5329707681849082,0.5240792608128084,0.5224170335565923,0.5207077264920609,1471
212,4,evaluate,3.210832025323595,0.5478905359179019,0.5321152316675193,0.534628758366777,0.529000298495897,1754
212,5,evaluate,3.4080021628018082,0.5347448425624322,0.537546402400588,0.53847957596443,0.5339381315538336,1842
213,0,evaluate,3.7931784774575914,0.5170421721548238,0.5264444101986376,0.535736521262273,0.5268402725002759,1731
213,1,evaluate,3.3355433515139987,0.5359179019384265,0.526090759192984,0.5282691217844792,0.521620786223741,1754
213,2,evaluate,3.5987993812561037,0.5332480818414322,0.522985223332458,0.5211847773099282,0.5184097406335447,1564
213,3,evaluate,3.6485998319542925,0.5377294357579878,0.5326503834433708,0.5278756601036015,0.5289273783226414,1471
213,4,evaluate,3.4215597530891158,0.5396308360477742,0.5437162272949232,0.5411002909359147,0.5406566670875257,1842
213,5,evaluate,3.3448095596753635,0.5289457647775746,0.5314693012568773,0.5276209329917585,0.5281552028479604,1641
214,0,evaluate,3.7091914558410646,0.5543478260869565,0.5403783217165496,0.5381738088306325,0.537163583405994,1564
214,1,evaluate,3.6461808105994917,0.5418023887079262,0.5486288446889306,0.5423020708749633,0.5436285258313692,1842
214,2,evaluate,3.9955140139375414,0.5245522819179665,0.5329133370318424,0.5416976434395792,0.5349515397110672,1731
214,3,evaluate,3.542925761296199,0.5356489945155393,0.5394372710471296,0.5333384844225426,0.5351202964334689,1641
214,4,evaluate,3.7965163562608804,0.5431679129843644,0.5386218341210591,0.5341537516630811,0.5354105359430372,1471
214,5,evaluate,3.5950931310653687,0.5296465222348917,0.5209556376758556,0.525175876885547,0.5180492975631186,1754
215,0,evaluate,3.71413215307089,0.538695917123705,0.5460056469243572,0.5369206471131849,0.5398673865517123,1641
215,1,evaluate,4.061283965195928,0.5210860774119006,0.5342384439057165,0.5385993406331641,0.5345582859146245,1731
215,2,evaluate,3.8679414002791694,0.5499660095173351,0.5489723012284577,0.5417589810403756,0.5436562231400901,1471
215,3,evaluate,3.7464408704212735,0.5296465222348917,0.5254683533447401,0.5271208760609024,0.5195796860785917,1754
215,4,evaluate,3.8755961227416993,0.5434782608695652,0.5316767923008585,0.5250567084294473,0.5251155442654345,1564
215,5,evaluate,3.7308767088528336,0.5477741585233442,0.5574534430342969,0.5487137349487478,0.5507808154841228,1842
216,0,evaluate,3.9935763263702393,0.5441176470588235,0.5308717004243031,0.5267068285695562,0.5254506977963039,1564
216,1,evaluate,3.7759923201340895,0.5417428397318708,0.5451446977309167,0.5397321624302618,0.5418121171640708,1641
216,2,evaluate,3.9179105447686235,0.5452073419442556,0.5414057315235217,0.5365378181038912,0.5371448447716567,1471
216,3,evaluate,3.645430038715231,0.5570032573289903,0.5644995725163515,0.5578550605260028,0.5588299220110956,1842
216,4,evaluate,4.120612812893731,0.5239745811669555,0.53250566569746,0.5405522115252099,0.5341769153307269,1731
216,5,evaluate,3.763262382575444,0.5313568985176739,0.521088706762243,0.5252352520710684,0.5183778545137205,1754
217,0,evaluate,3.9819045734405516,0.5485933503836317,0.5286160645781228,0.5298030204318867,0.525860849543039,1564
217,1,evaluate,3.7746166449326735,0.5362583790371724,0.5331629569445843,0.5350061527625055,0.5335018340485858,1641
217,2,evaluate,3.69333393233163,0.5376282782212086,0.5219490956444112,0.5258423279392899,0.5209711908961367,1754
217,3,evaluate,3.5546766149586646,0.5613463626492943,0.5652205648234495,0.5622876541908142,0.5610508427164589,1842
217,4,evaluate,4.115620843001774,0.5228191796649335,0.5292177171287951,0.5437964918221638,0.5326916335799459,1731
217,5,evaluate,3.8778751311094863,0.5438477226376615,0.5374472470527004,0.5347386498382726,0.5337050476419025,1471
218,0,evaluate,3.9100903415679933,0.5460358056265985,0.5268031218556819,0.5305746157456829,0.5245485356349598,1564
218,1,evaluate,3.535741865634918,0.540478905359179,0.5250553789459402,0.5290302916238578,0.5247086257295314,1754
218,2,evaluate,3.785326460133428,0.5356900067980965,0.5261940916701768,0.5267996206084419,0.5231884681752017,1471
218,3,evaluate,4.011142922299249,0.5181975736568457,0.5226911139213686,0.5374647471078303,0.525801225659896,1731
218,4,evaluate,3.7123049130806556,0.5399146861669714,0.534369362377723,0.5405420879119098,0.536021978149161,1641
218,5,evaluate,3.557487939966136,0.5385450597176982,0.539192516253329,0.5397075244358502,0.5375286786910385,1842
219,0,evaluate,3.7569121070530103,0.540448674371176,0.5279223018703119,0.5306512805199854,0.5266741640039989,1471
219,1,evaluate,3.8783477783203124,0.5479539641943734,0.5281928164593188,0.5332314287486855,0.5253301739331111,1564
219,2,evaluate,3.5070894190243314,0.5473204104903079,0.5303165121294662,0.5356528455810627,0.5299250690054585,1754
219,3,evaluate,3.6607766243127675,0.5283363802559415,0.5255771366400406,0.5295754434728591,0.5239822193685224,1641
219,4,evaluate,3.609193974527819,0.5331161780673181,0.5310473229245579,0.5336811600983227,0.5298498200166126,1842
219,5,evaluate,3.9818718944277083,0.5245522819179665,0.5249026618872706,0.5429932850987658,0.5292182622528812,1731
220,0,evaluate,3.5579846501350403,0.5410490307867731,0.526355869376183,0.5303222606689652,0.5236080796272583,1754
220,1,evaluate,3.7587362061376157,0.5499660095173351,0.5398813438582011,0.5387972883221442,0.5365570071267726,1471
220,2,evaluate,3.985301362616675,0.5251299826689775,0.5269498829820625,0.541610114087912,0.5291636652890855,1731
220,3,evaluate,3.69645670744089,0.5234613040828763,0.5224600739903995,0.5259233462475312,0.5204262981348101,1641
220,4,evaluate,3.632286713041108,0.5494028230184582,0.5476035903853387,0.5481397445210896,0.5452413097203173,1842
220,5,evaluate,3.9373653411865233,0.5460358056265985,0.5301260864150006,0.5331002421341811,0.526276082266924,1564
221,0,evaluate,3.778727182975182,0.5326020719073735,0.5331827270944013,0.535259430616724,0.531400140246979,1641
221,1,evaluate,3.8299198150634766,0.5472467709041469,0.5404742319723027,0.5368776490581053,0.5361718210249734,1471
221,2,evaluate,3.7465817023967873,0.5494028230184582,0.5464381890976775,0.5469285784926263,0.545002044588554,1842
221,3,evaluate,3.692982009478978,0.5273660205245154,0.5145355646250758,0.5179874362581851,0.5100877966743858,1754
221,4,evaluate,4.046036071777344,0.5479539641943734,0.5328312849539601,0.534977303297586,0.5299908215801441,1564
221,5,evaluate,4.0034502020903995,0.5262853841709995,0.5316343616784325,0.5443038323824638,0.5337836040352375,1731
222,0,evaluate,4.079278039932251,0.5434782608695652,0.5288112879189387,0.530511925817122,0.52660399797044,1564
222,1,evaluate,3.863096145483164,0.5326020719073735,0.5341904674744292,0.5342425523782318,0.531823428311468,1641
222,2,evaluate,3.760755513395582,0.5313568985176739,0.5184216238975778,0.5236942484506251,0.516337151134198,1754
222,3,evaluate,3.9190551820008652,0.5390890550645819,0.5342075741695239,0.529889384370049,0.5304356864164682,1471
222,4,evaluate,3.837572952796673,0.5483170466883822,0.5487678269119721,0.5468096221104094,0.5463039080943283,1842
222,5,evaluate,4.027809743370328,0.5164644714038128,0.5251532108942026,0.5386831037068613,0.5285999539185813,1731
223,0,evaluate,3.9389449306156323,0.5241332426920462,0.523142461054928,0.5143996421398445,0.5162110878026811,1471
223,1,evaluate,3.7427223409925188,0.5233751425313569,0.515101172121682,0.5155066123609291,0.5114520082061255,1754
223,2,evaluate,4.067006301879883,0.5313299232736572,0.5203554848228247,0.5187488769424117,0.514724346270445,1564
223,3,evaluate,3.9681225206170763,0.5280184864240324,0.5400845800395615,0.5492286605578466,0.5408038494340002,1731
223,4,evaluate,3.824424853691688,0.5393053016453382,0.540973281871482,0.5385433944411366,0.5381198912678214,1641
223,5,evaluate,3.8527048702897697,0.5401737242128122,0.5488159811575378,0.5399746669679748,0.5420228539236174,1842
224,0,evaluate,3.9111922340733662,0.5199306759098787,0.5355657101005361,0.5398249145926474,0.5337809708957544,1731
224,1,evaluate,3.637942901679448,0.5290763968072976,0.5214349465905344,0.5177646189043383,0.5171414774892803,1754
224,2,evaluate,3.695022829647722,0.5347448425624322,0.548564164886812,0.5355790367013502,0.5380284397382068,1842
224,3,evaluate,3.830638315366662,0.5254928619986404,0.5249609695373343,0.5160718250723477,0.5168652107132073,1471
224,4,evaluate,3.970835542678833,0.5210997442455243,0.5137779027946314,0.5086998548341868,0.5049958313864008,1564
224,5,evaluate,3.6916158474408665,0.5332114564290067,0.5371606635713191,0.5313774115275285,0.5325659291417641,1641
225,0,evaluate,3.9824508094787596,0.5281329923273658,0.5212528436468291,0.5158968357827501,0.5103580192860877,1564
225,1,evaluate,3.574777914927556,0.5374771480804388,0.5405584437205568,0.5348537175105669,0.5358665433972146,1641
225,2,evaluate,3.501392627584523,0.5439739413680782,0.5528264785781025,0.5442889608731843,0.544920471611086,1842
225,3,evaluate,3.83431653039796,0.5210860774119006,0.5375894767927389,0.5417394755737177,0.5356329828186197,1731
225,4,evaluate,3.5730451260294234,0.5273660205245154,0.5143906824739943,0.5139923379106901,0.5118678630628818,1754
225,5,evaluate,3.7113875617151675,0.5282121006118287,0.5278633972847139,0.5207960755353401,0.5206168549841681,1471
226,0,evaluate,3.591656107168931,0.5301645338208409,0.5303408495840372,0.5285089668502564,0.5279831294486268,1641
226,1,evaluate,3.6292159246361773,0.5322909585316111,0.5290915369042762,0.5259366759094695,0.5237592162013881,1471
226,2,evaluate,3.7565207992281233,0.510687463893703,0.5198612157398242,0.5320584120074696,0.5220841510099958,1731
226,3,evaluate,3.935379343032837,0.5377237851662404,0.5273544845237199,0.5258306355087141,0.5199593779566538,1564
226,4,evaluate,3.4925928797040666,0.5279361459521095,0.5149310296591061,0.5152703738348279,0.5116303940170212,1754
226,5,evaluate,3.3861302096268227,0.5504885993485342,0.5581126674899316,0.5489142888955005,0.5506034768567172,1842
227,0,evaluate,3.6819554930147915,0.5370496261046906,0.528656362184875,0.5299444164946647,0.5259479002555284,1471
227,1,evaluate,3.7796207849796,0.5173674588665448,0.5137577418254924,0.5164903807824089,0.5142024571530525,1641
227,2,evaluate,3.4537794425569732,0.5575461454940283,0.558513548727517,0.5569929709571174,0.5556132168153757,1842
227,3,evaluate,3.5331039258411954,0.5364880273660205,0.5185354000904129,0.5259640219907282,0.5185450093512605,1754
227,4,evaluate,3.927170505523682,0.5441176470588235,0.5272328609835065,0.5301967451133601,0.5242003619811123,1564
227,5,evaluate,3.777267980256251,0.5193529751588677,0.5232155601315187,0.5392558648634466,0.5273096371740869,1731
228,0,evaluate,3.790697263634723,0.5424881033310673,0.5290989551486158,0.5324422625175362,0.5294764430222703,1471
228,1,evaluate,3.6170046840395247,0.5399087799315849,0.5203685467198687,0.5289015796092389,0.5207019863305228,1754
228,2,evaluate,3.6117947759299445,0.5564603691639523,0.5556320413487509,0.5568482908016451,0.554864362477663,1842
228,3,evaluate,3.882506685256958,0.5556265984654731,0.5338253340958383,0.5373589053988106,0.5323844746705092,1564
228,4,evaluate,3.8930915679250444,0.5303292894280762,0.5338239592701802,0.5492094757813927,0.5384957596997242,1731
228,5,evaluate,4.0216779342064495,0.5283363802559415,0.5228555900214165,0.5276429184440772,0.5240704522966698,1641
229,0,evaluate,3.892834405899048,0.5588235294117647,0.5351368199381712,0.5382958365927312,0.5346854090822216,1564
229,1,evaluate,3.741708418418621,0.5586319218241043,0.5557973116102781,0.5575063512432658,0.555295676627217,1842
229,2,evaluate,4.156230660585257,0.526508226691042,0.5248746992440458,0.5276185043891204,0.5238590256430811,1641
229,3,evaluate,3.941820258679597,0.5513256288239293,0.5402590874899303,0.5420348301234115,0.5393726423202266,1471
229,4,evaluate,4.008324083473001,0.536106296938186,0.5382566420171007,0.5523095515159409,0.5423996484735313,1731
229,5,evaluate,3.7061749526432584,0.5387685290763968,0.5224295139770362,0.5361204268090215,0.5224810614344074,1754
230,0,evaluate,4.061916465344637,0.5513256288239293,0.5417400787930413,0.5438408395996356,0.5403210465397275,1471
230,1,evaluate,3.714700332709721,0.5364880273660205,0.5204311819608312,0.5305674363115729,0.5199307603749809,1754
230,2,evaluate,4.12476633145259,0.5185862279098111,0.5199949554425097,0.5204934613494767,0.5168734090543753,1641
230,3,evaluate,3.840439500479863,0.5494028230184582,0.5489150113598751,0.5492882485470633,0.546615902846298,1842
230,4,evaluate,3.983364103095872,0.5407279029462738,0.5466051935426488,0.5559065529505572,0.5489380428394603,1731
230,5,evaluate,3.955943899154663,0.551150895140665,0.5326185139794813,0.5321436155114582,0.5302054122180035,1564
231,0,evaluate,3.9969112689678488,0.5216331505179769,0.5261998646151248,0.5229676158993339,0.5219854214554195,1641
231,1,evaluate,3.670850004468645,0.5216647662485747,0.509665244823349,0.515866786125217,0.5076515108971021,1754
231,2,evaluate,3.9088252442223683,0.5297515886770653,0.5425543157353102,0.547471540821867,0.5431736899006471,1731
231,3,evaluate,3.9123939037323,0.5479539641943734,0.5343401673845912,0.531318415866711,0.529777590061752,1564
231,4,evaluate,3.818226929368644,0.5499457111834962,0.5552079344761585,0.5494768108330395,0.5493670656862124,1842
231,5,evaluate,3.9988417107125986,0.5390890550645819,0.5309586739250325,0.528550349761724,0.5279728737682576,1471
232,0,evaluate,3.8718613645304805,0.5363698164513936,0.5331665159627905,0.5226876661344966,0.5262003189985769,1471
232,1,evaluate,3.7688659881723336,0.5418023887079262,0.5492328426633789,0.5390370898084911,0.5417913527176254,1842
232,2,evaluate,3.811607865186838,0.526508226691042,0.5299074096902314,0.5276757417394302,0.5270696194184586,1641
232,3,evaluate,3.5892182673726762,0.5307867730900798,0.5201721261659575,0.5245133647665738,0.5181774333784719,1754
232,4,evaluate,3.8322948455810546,0.5281329923273658,0.5172763308890744,0.5114866564104753,0.5106276016289326,1564
232,5,evaluate,3.836443211351122,0.5205083766608897,0.5342126496048246,0.5410589917298204,0.5351211688273578,1731
233,0,evaluate,3.798741979598999,0.5255754475703325,0.5182734508905122,0.510235307870996,0.5097173248002825,1564
233,1,evaluate,3.759870859292837,0.5210237659963437,0.523628156733344,0.5219698968260227,0.5211539585202092,1641
233,2,evaluate,3.567743795258658,0.5387685290763968,0.5295282235476126,0.5316908102293456,0.5269997147354479,1754
233,3,evaluate,3.827046956334795,0.5320623916811091,0.5470383439890465,0.5520301385021478,0.545982706416304,1731
233,4,evaluate,3.7530286726744277,0.5295717199184229,0.5268810569573505,0.5146602474147446,0.5188501865104209,1471
233,5,evaluate,3.660332260460689,0.5466883821932682,0.5540713321335482,0.5446959419978213,0.5466028442434012,1842
234,0,evaluate,3.789091119766235,0.5300511508951407,0.5193618248629849,0.5134686667882932,0.5118778754729372,1564
234,1,evaluate,3.7366384837938393,0.5316111488783141,0.5268285527020512,0.5182920055445494,0.5211239664806876,1471
234,2,evaluate,3.686242415354802,0.5301645338208409,0.5331246472429328,0.5304606627066234,0.5301725383761023,1641
234,3,evaluate,3.5893991930144176,0.5421892816419612,0.5334924455253227,0.5306427255562481,0.5287286244542737,1754
234,4,evaluate,3.8648617437907626,0.5337954939341422,0.5491164814206476,0.5536201127908307,0.548198956086556,1731
234,5,evaluate,3.571620045037105,0.5483170466883822,0.5569369862371547,0.5463339881997685,0.5487193704376973,1842
235,0,evaluate,4.03240053994315,0.5303292894280762,0.5388854599198751,0.5500560749806905,0.5411174111666714,1731
235,1,evaluate,3.8632782127546226,0.540448674371176,0.5348899863375658,0.5320214837837525,0.5310682928176022,1471
235,2,evaluate,3.9601073837280274,0.5338874680306905,0.5230014220198352,0.5202542315107039,0.5171391718403127,1564
235,3,evaluate,3.7096896500423036,0.5369163952225842,0.5426997996412739,0.5365649615788558,0.5369314386576454,1842
235,4,evaluate,3.6867218358176097,0.5444697833523375,0.5337772801348055,0.5339247104356121,0.5308769236139962,1754
235,5,evaluate,3.839527652813838,0.5252894576477758,0.5280168975127608,0.5255816311357054,0.52529618314593,1641
236,0,evaluate,4.103424668312073,0.5313833028641073,0.5311373543914014,0.5319933880029314,0.5294939173504425,1641
236,1,evaluate,3.837049130735726,0.5390879478827362,0.5404366421211858,0.5411096668911692,0.5382606373941938,1842
236,2,evaluate,3.9455072568810503,0.5384092454112849,0.5312698396400058,0.5277496615347104,0.527446300369546,1471
236,3,evaluate,4.0921129131317135,0.5377237851662404,0.5213194240460652,0.5232686874872503,0.5188622304785044,1564
236,4,evaluate,3.7845404829297746,0.548460661345496,0.5350262712806175,0.5412053198836025,0.534309166035097,1754
236,5,evaluate,4.189497311200414,0.5280184864240324,0.5312887341107155,0.545696749633765,0.5352132317850067,1731
237,0,evaluate,4.187277870178223,0.5453964194373402,0.5302419436414323,0.534315689137119,0.5274814112309965,1564
237,1,evaluate,3.970710858054783,0.5452073419442556,0.5362241601169933,0.5348886099120012,0.5330282867719636,1471
237,2,evaluate,3.9822685718536377,0.5412595005428882,0.5455463515165068,0.5441831573924895,0.5412188392819637,1842
237,3,evaluate,4.2936737812482395,0.5228519195612431,0.5212735165114173,0.5230118490928984,0.5202515626794034,1641
237,4,evaluate,3.829693947519575,0.5421892816419612,0.526653320407455,0.5344579444355884,0.526114516979334,1754
237,5,evaluate,4.2731818705797195,0.5216637781629117,0.5246684077686707,0.5367425911034343,0.5277229280445432,1731
238,0,evaluate,4.214580198483808,0.5205083766608897,0.5255154786872318,0.5379667439727162,0.5286462981492297,1731
238,1,evaluate,4.06343354349551,0.5513256288239293,0.5440514179571723,0.5418032675878515,0.5402227795814548,1471
238,2,evaluate,4.342095448420598,0.5112736136502133,0.5094101717446968,0.5138398253286104,0.5096245332931835,1641
238,3,evaluate,4.101557331085205,0.551150895140665,0.5317217623542371,0.537321653344755,0.5311129099502663,1564
238,4,evaluate,3.8502862623759677,0.5324971493728621,0.5201583030487628,0.5280716444784099,0.5172263903362598,1754
238,5,evaluate,3.974330022417266,0.5559174809989142,0.5588860154579163,0.557377869907376,0.5556232803398177,1842
239,0,evaluate,4.117335599401723,0.5356900067980965,0.531258655102801,0.5266946643644099,0.5260486406941096,1471
239,1,evaluate,3.9937811279296875,0.5377237851662404,0.521318156229132,0.5232804315619202,0.5185653314912734,1564
239,2,evaluate,3.8750396185907823,0.5537459283387622,0.5591829323474029,0.5529192378521243,0.5532668935968313,1842
239,3,evaluate,3.759405187198094,0.5296465222348917,0.5201415003742365,0.5248746777410137,0.5161895518401186,1754
239,4,evaluate,4.068750617227384,0.5187752744078568,0.5300381665865556,0.5374178647280863,0.5313819643586467,1731
239,5,evaluate,4.189913419576792,0.5155393053016454,0.5149716931230983,0.5206488855539091,0.5156265900378334,1641
240,0,evaluate,4.037357931551726,0.5268524813052345,0.520799316463475,0.5195996920519279,0.5174148427705486,1471
240,1,evaluate,3.9159032821655275,0.5332480818414322,0.5186699152892171,0.5186057330029769,0.5146429258907399,1564
240,2,evaluate,3.978580511533297,0.5088360755636807,0.5115392029120034,0.5123791512377414,0.5097916577947857,1641
240,3,evaluate,3.739278012308581,0.5363735070575462,0.5449550040897265,0.536393581767834,0.5380384415360704,1842
240,4,evaluate,3.9703423966254507,0.5233968804159446,0.5345495057364048,0.5425223529855965,0.5372982188457138,1731
240,5,evaluate,3.6526929565838406,0.5324971493728621,0.5217869035230265,0.52220849239634,0.5179339700657946,1754
241,0,evaluate,3.815667247772217,0.5332480818414322,0.520055594824874,0.5162893839969591,0.5145141199046301,1564
241,1,evaluate,3.885515068258558,0.5216637781629117,0.5319015361276166,0.5433402408746374,0.536228179975456,1731
241,2,evaluate,3.952053349951039,0.5166553365057783,0.5149100136891189,0.5095059975099328,0.5097942721932541,1471
241,3,evaluate,3.6821701773281754,0.5347448425624322,0.5434520556105028,0.5343203641932923,0.5364542221270475,1842
241,4,evaluate,3.817834679897015,0.514320536258379,0.5159442449095372,0.5136466801033117,0.5139603417265493,1641
241,5,evaluate,3.5649588022913252,0.5399087799315849,0.530669717551751,0.5280608425197414,0.5266197643617723,1754
242,0,evaluate,3.885462450129645,0.5153090699017908,0.5261322147550673,0.5380598846036906,0.528715199423299,1731
242,1,evaluate,3.6043760201026656,0.5363735070575462,0.545116727466009,0.5357953522196702,0.5372021215266466,1842
242,2,evaluate,3.7809999561309815,0.5345268542199488,0.523684759215043,0.5184861313286052,0.5161808852265998,1564
242,3,evaluate,3.7000077871175914,0.5185862279098111,0.5221596075349051,0.5152157903091632,0.5178955226593,1641
242,4,evaluate,3.5041158880506242,0.5387685290763968,0.5253828143474634,0.5251046098613077,0.5236926493802639,1754
242,5,evaluate,3.934480335401452,0.5166553365057783,0.5147539942683352,0.5064566058023565,0.5079984192367631,1471
243,0,evaluate,3.9670448303222656,0.5285961871750433,0.5391252119402342,0.5518367772268759,0.5414247192682545,1731
243,1,evaluate,3.5275770000049045,0.5376282782212086,0.5238151259989935,0.5269933719977983,0.5227319808725568,1754
243,2,evaluate,3.9682841922925864,0.5193745751189667,0.5158925488129321,0.5086927154454893,0.5099748216411124,1471
243,3,evaluate,3.7715461620917687,0.5295551492992078,0.5326107319192848,0.5276889689046185,0.5295610015095744,1641
243,4,evaluate,3.861190633773804,0.5364450127877238,0.5278758113664663,0.5222351848589183,0.5194216773687872,1564
243,5,evaluate,3.58297008481519,0.5396308360477742,0.545964161173022,0.5400616985515616,0.5397017436183636,1842
244,0,evaluate,4.007794876098632,0.5473145780051151,0.5362024426332275,0.5370652036506023,0.5308602042943165,1564
244,1,evaluate,4.013560730478038,0.5316111488783141,0.5264694432884536,0.520127649418592,0.5217054447209977,1471
244,2,evaluate,3.999067049760085,0.5240706886045094,0.5274906579086884,0.5235245509291477,0.5240610228145222,1641
244,3,evaluate,4.093892727579389,0.5309069901790873,0.5430961582138377,0.5528210245371965,0.5428401802995826,1731
244,4,evaluate,3.7513921671900254,0.5472312703583062,0.5552643304509693,0.5504721779150978,0.5486816925543525,1842
244,5,evaluate,3.7059329577854703,0.5421892816419612,0.5289101729316366,0.5323118938901372,0.5268280698013091,1754
245,0,evaluate,4.20153923034668,0.5268542199488491,0.5179046011256033,0.5171709684795681,0.5120289977452157,1564
245,1,evaluate,4.084679800531139,0.5377294357579878,0.5335278981337812,0.5264444593875293,0.5277318495421122,1471
245,2,evaluate,4.151165868554797,0.534950895436164,0.5478205420392698,0.5513375745660998,0.5435252405368672,1731
245,3,evaluate,3.8386528747422353,0.5478905359179019,0.539077063646786,0.5433734216674505,0.5333941674428491,1754
245,4,evaluate,4.103447538155776,0.5246800731261426,0.5263763422565308,0.5252705753722395,0.5223201004222919,1641
245,5,evaluate,3.95896524396436,0.5434310532030402,0.5521158348978575,0.5459547134272922,0.5436487323375527,1842
246,0,evaluate,4.140339260515959,0.5418082936777702,0.5361625003502002,0.5313637464866382,0.5302838933820768,1471
246,1,evaluate,4.144569422517504,0.5291738879260544,0.5406550311011495,0.5470425113406322,0.5383157464777988,1731
246,2,evaluate,4.167148370009202,0.517976843388178,0.5217907191753551,0.5198414784820259,0.5162719898180417,1641
246,3,evaluate,4.020047171362515,0.5385450597176982,0.5417007663845109,0.5397382787955212,0.5363119660970115,1842
246,4,evaluate,4.154463138580322,0.532608695652174,0.5218967713304243,0.5202037349510473,0.5160374203824023,1564
246,5,evaluate,3.8907521196774075,0.5342075256556442,0.5242259971062154,0.529425205588737,0.5181232812450046,1754
247,0,evaluate,4.193217661069787,0.540448674371176,0.5325071902849985,0.532830008839283,0.5299256947723381,1471
247,1,evaluate,3.942023079970787,0.5477741585233442,0.5454008636874205,0.5447802920321605,0.5429960270272512,1842
247,2,evaluate,3.900465258530208,0.5387685290763968,0.526318687685946,0.5367130437519907,0.5234380017462735,1754
247,3,evaluate,4.02544861793518,0.5447570332480819,0.5270050899286789,0.5295249785414978,0.5245884908251517,1564
247,4,evaluate,4.115390869287344,0.5149299207800122,0.5151398052447929,0.5184282013150859,0.5129458190922402,1641
247,5,evaluate,4.116518420832498,0.5285961871750433,0.5395088844404057,0.5510407395329364,0.5411213953880978,1731
248,0,evaluate,3.828527910956021,0.5521172638436482,0.5505275884852897,0.5484918869547531,0.5485004681956762,1842
248,1,evaluate,4.142750677855118,0.5322909585316111,0.5227605324855227,0.5265669323300036,0.5221680496123898,1471
248,2,evaluate,4.083951988390514,0.5205083766608897,0.5321751875443097,0.547326135982242,0.5353732701391661,1731
248,3,evaluate,4.0070810222625735,0.5415601023017903,0.5220499611553324,0.5237752359949861,0.51814738037885,1564
248,4,evaluate,3.8297906943729947,0.5359179019384265,0.5197249651660008,0.5294002960413386,0.5205686811137497,1754
248,5,evaluate,3.966787026478694,0.5271176112126752,0.5258851799343182,0.5308576915719052,0.5259974578419122,1641
249,0,evaluate,3.84867525100708,0.5542888165038002,0.5552394493857281,0.5511614206195455,0.5513598224987909,1842
249,1,evaluate,4.116935097652933,0.5173351461590755,0.505586195804931,0.5076820467140127,0.5029127536438605,1471
249,2,evaluate,3.8549118723188127,0.5364880273660205,0.5185030115620566,0.5274233070350853,0.5205642635167023,1754
249,3,evaluate,4.167564358030047,0.5193529751588677,0.5273160151427301,0.5444233714871514,0.5310459049087632,1731
249,4,evaluate,4.07343487739563,0.5383631713554987,0.5198589601395301,0.519716762682295,0.5149802286557434,1564
249,5,evaluate,3.9447866586538463,0.5277269957343084,0.5271391857609339,0.5310091471735611,0.5268949878705508,1641
250,0,evaluate,3.9233597886973413,0.5472312703583062,0.5494626191472525,0.5455397137910145,0.5448764540490574,1842
250,1,evaluate,4.109232156173043,0.5363698164513936,0.5279920757001751,0.5268894268738663,0.5235695243113561,1471
250,2,evaluate,4.273621542113168,0.5233968804159446,0.5337183400558574,0.5506819751367551,0.5370035068484474,1731
250,3,evaluate,4.214969806671142,0.5364450127877238,0.5215164804722119,0.5190296289504267,0.514039676708595,1564
250,4,evaluate,3.8980752314840044,0.5461801596351197,0.5306678962791759,0.5346514483846518,0.5312731619296702,1754
250,5,evaluate,4.028375084583576,0.5411334552102377,0.5403404100170848,0.543092639684038,0.5403605862102656,1641
251,0,evaluate,3.8609276754515514,0.5421892816419612,0.5299376826900423,0.5336428225434288,0.529824017499529,1754
251,1,evaluate,4.115026428149297,0.5447897623400365,0.5468999343722928,0.5447393663959482,0.5445984773312651,1641
251,2,evaluate,3.9699633950772495,0.5418082936777702,0.5341789190773254,0.532864456918341,0.5315670808902915,1471
251,3,evaluate,4.306961706706455,0.5291738879260544,0.5407787358569331,0.5499354229819131,0.5414040515193376,1731
251,4,evaluate,4.259199504852295,0.532608695652174,0.519701727682177,0.5188949010300482,0.5137691484576694,1564
251,5,evaluate,3.9441097440390753,0.5461454940282302,0.5520499412323476,0.5476299455556849,0.5460873076534357,1842
252,0,evaluate,3.971089478196769,0.5412595005428882,0.5504969179461987,0.5443318481821422,0.5430790205761378,1842
252,1,evaluate,4.156503762517657,0.53841709994223,0.54852155031611,0.5512310914923355,0.5455838263491685,1731
252,2,evaluate,3.964680827182272,0.5445275322909585,0.541467336988543,0.5359342542644931,0.5362402468496952,1471
252,3,evaluate,4.142981602595403,0.5326020719073735,0.5356106250201865,0.5326617170781689,0.5323123409447488,1641
252,4,evaluate,4.18599419593811,0.5428388746803069,0.5275028853325716,0.529822668385416,0.5239652663917996,1564
252,5,evaluate,3.7918519462857927,0.5359179019384265,0.5249782811671713,0.5272276711662129,0.523468351837953,1754
253,0,evaluate,4.073918840159541,0.5322909585316111,0.5337114778687426,0.5234163621263223,0.5237268115532888,1471
253,1,evaluate,3.8223223856517246,0.5279361459521095,0.5194086273524302,0.5222954310558832,0.5154041964706305,1754
253,2,evaluate,4.225141323529757,0.5124923826934796,0.5163726242759691,0.5136012782671213,0.5124271616838894,1641
253,3,evaluate,4.159689111709595,0.5415601023017903,0.5273514912308277,0.5282688485724363,0.523589343925681,1564
253,4,evaluate,3.9774294721669166,0.5466883821932682,0.5528497695649957,0.5501504228831078,0.5471711536177448,1842
253,5,evaluate,4.102143824100494,0.5326400924321202,0.5399074362157894,0.5416352898915976,0.5384036686449474,1731
254,0,evaluate,4.050872583389282,0.5492327365728901,0.5379372541252121,0.5372142532997352,0.5328026515161379,1564
254,1,evaluate,4.149690399999204,0.5295717199184229,0.5279931217826864,0.5209232281617563,0.5198744962900512,1471
254,2,evaluate,4.254605696751521,0.5076173065204144,0.5125664070448148,0.5093220056775773,0.5073315611612083,1641
254,3,evaluate,3.8677971618516103,0.5193842645381984,0.5091019880389829,0.5129130862516904,0.505248128602436,1754
254,4,evaluate,4.093644320964813,0.5274407856730213,0.5329641119879186,0.5382133259020474,0.5332038111000339,1731
254,5,evaluate,4.00746045441463,0.5325732899022801,0.5401707922865883,0.5342732167879778,0.5330994981732396,1842
255,0,evaluate,3.970708112716675,0.5524296675191815,0.536016596583357,0.5347007689807912,0.5328621999736459,1564
255,1,evaluate,4.128670769078391,0.5205083766608897,0.5316149864493359,0.5378105158005386,0.5320601860803963,1731
255,2,evaluate,3.9567663176306365,0.5309446254071661,0.5384174441595819,0.5315678150211975,0.531199535824619,1842
255,3,evaluate,4.084370436875717,0.5234534330387491,0.5198776735046623,0.5145848233560166,0.513838207086654,1471
255,4,evaluate,4.173247951727647,0.505789152955515,0.5106285472021914,0.5093757958695976,0.5065546674137313,1641
255,5,evaluate,3.851949598108019,0.5216647662485747,0.5110607842587658,0.516400158111125,0.5068381597794811,1754
256,0,evaluate,3.9320048236846925,0.5415601023017903,0.5244747233949272,0.5255731851096528,0.52229705321724,1564
256,1,evaluate,3.757752299308777,0.5262257696693272,0.5144535938080328,0.5207544367171122,0.511528471546811,1754
256,2,evaluate,4.001758694648743,0.5228519195612431,0.5244442416001844,0.5268428415778368,0.5232125384137329,1641
256,3,evaluate,3.9661718866099482,0.5146159075458872,0.50771210313293,0.5024312042478758,0.5033857523261608,1471
256,4,evaluate,3.851824332927835,0.5390879478827362,0.5419520849957388,0.5390808677479952,0.5387508157093317,1842
256,5,evaluate,4.0968130230903625,0.5158867706528019,0.5286621188341359,0.5360048637603098,0.5291116893128052,1731
257,0,evaluate,3.866594107254692,0.5234534330387491,0.5138324296530049,0.5130656972552948,0.5116866730840725,1471
257,1,evaluate,3.8094439323131857,0.5234613040828763,0.5214990744114696,0.525027520238495,0.5220175359177285,1641
257,2,evaluate,3.8810642051696775,0.5479539641943734,0.5302643129128088,0.5333489035524894,0.5285397659328858,1564
257,3,evaluate,3.859177392104576,0.5450597176981542,0.5457620311632396,0.545053479202088,0.543670886041426,1842
257,4,evaluate,4.122923919132778,0.5251299826689775,0.535909292258738,0.5474876959641659,0.5383354307404018,1731
257,5,evaluate,3.636687389441899,0.5330672748004561,0.5156826221883579,0.5252726365129698,0.5175063701421239,1754
258,0,evaluate,3.747278176821195,0.5191956124314442,0.5161186544391467,0.5189953052112705,0.5157579704709245,1641
258,1,evaluate,3.8445665732673975,0.5275322909585316,0.5135502721054587,0.5164603322067235,0.5113082882262567,1471
258,2,evaluate,3.8702190251185975,0.5532030401737242,0.551054525603189,0.551238980380783,0.5480778220818066,1842
258,3,evaluate,4.152888536453247,0.5199306759098787,0.5308608337237084,0.5433000849839986,0.5322872329015684,1731
258,4,evaluate,3.6370658619063243,0.5461801596351197,0.5265864426918427,0.5346609609579805,0.5282956783669727,1754
258,5,evaluate,3.92591947555542,0.5383631713554987,0.5227749314613644,0.5232456001909459,0.5168996198584209,1564
259,0,evaluate,3.6848681143351962,0.5450399087799316,0.5296723068533403,0.5321559525895068,0.5276546827898179,1754
259,1,evaluate,3.8288887065389883,0.5343303874915024,0.5230885951478,0.5247445506729378,0.5187914929061744,1471
259,2,evaluate,4.031424160003662,0.5300511508951407,0.5221757310636134,0.5153578348689779,0.5097068908502365,1564
259,3,evaluate,4.145589871065957,0.5083766608896592,0.5233362367685116,0.5316859967033041,0.5221372357584577,1731
259,4,evaluate,3.749942807050852,0.5313833028641073,0.5330512970503382,0.5289107927380394,0.5274344728173581,1641
259,5,evaluate,3.8995653843057565,0.5472312703583062,0.5517392414271388,0.5451748943449747,0.5439584339076509,1842
260,0,evaluate,4.046733789443969,0.5319693094629157,0.526168162469705,0.5196980273478541,0.5138623852490571,1564
260,1,evaluate,3.6284987330436707,0.5262257696693272,0.5158261838571293,0.5161864616638984,0.511705857214641,1754
260,2,evaluate,3.985315442085266,0.5176198729058348,0.5337984321437481,0.5356969492474601,0.5291852424128176,1731
260,3,evaluate,3.7932869837834287,0.5368677635588056,0.5397321005385463,0.5338218805884833,0.5339628679053708,1641
260,4,evaluate,3.893242128964128,0.5434310532030402,0.5528207379586565,0.5424958113421761,0.5423444293070714,1842
260,5,evaluate,3.8886404555776846,0.5275322909585316,0.5243748658985572,0.5206860345328069,0.5160315880631919,1471
261,0,evaluate,3.90482077927425,0.5282301845819761,0.540139061546169,0.5283527075114136,0.5301036667994617,1842
261,1,evaluate,4.107046327590942,0.539002557544757,0.5331221875731715,0.5279512955710339,0.5232438791501626,1564
261,2,evaluate,3.8879461105053243,0.5350396099939062,0.5394347828131447,0.5329503434310755,0.5340588134480264,1641
261,3,evaluate,3.6500701137951443,0.5148232611174458,0.5068788478104501,0.5026158670748295,0.5017868243175285,1754
261,4,evaluate,3.9786494607510776,0.5227736233854521,0.5236318960664608,0.5168217656813597,0.5159001215485375,1471
261,5,evaluate,3.8638322800397873,0.5314846909300982,0.5449247926293721,0.5451578047906692,0.5415700054307984,1731
262,0,evaluate,3.923353367838366,0.5238870792616721,0.5359755351120448,0.5251842251344795,0.5266822689148432,1842
262,1,evaluate,4.09498818024345,0.5112168592794017,0.5148713637386758,0.507406624549297,0.5058148230650052,1471
262,2,evaluate,4.173335981369019,0.5421994884910486,0.5340508186313258,0.529830663427924,0.5261159245780356,1564
262,3,evaluate,3.8982854889971867,0.5401502021952629,0.5518747796676864,0.5524334340806947,0.5500882818446341,1731
262,4,evaluate,4.010329961776733,0.5070079219987812,0.5129797539209371,0.5067265027383251,0.5067729661917505,1641
262,5,evaluate,3.7456306644848416,0.5222348916761688,0.5123413334785265,0.5073103230864804,0.5066083826526813,1754
263,0,evaluate,4.239545137985893,0.522093813732155,0.5249544573661858,0.518483386401705,0.5147892288247661,1471
263,1,evaluate,4.157057590484619,0.539002557544757,0.5308217714132012,0.5250921177145655,0.5223709412626352,1564
263,2,evaluate,4.127099614876967,0.5118829981718465,0.521713241112294,0.5132992225545961,0.5110685603730629,1641
263,3,evaluate,4.015449834721429,0.5257076834199884,0.537346839607509,0.5389908472644654,0.535225955341938,1731
263,4,evaluate,3.9024088876000764,0.5287730727470141,0.5398056078273392,0.5327771849862811,0.5312005460385179,1842
263,5,evaluate,3.8718057657991136,0.5285062713797035,0.5188921119587939,0.5159955196082543,0.5117939540638913,1754
264,0,evaluate,3.84021153121159,0.5423452768729642,0.5471032302848398,0.5472860177089549,0.5432204066686573,1842
264,1,evaluate,4.107996089117868,0.5181975736568457,0.5272045712243748,0.5360199203607088,0.5275923507361615,1731
264,2,evaluate,4.064651920245244,0.5198049969530774,0.5226769532546425,0.5223183561479182,0.5173383484209357,1641
264,3,evaluate,4.205244178357332,0.5186947654656696,0.512577206523612,0.5112646893825467,0.5071404532388819,1471
264,4,evaluate,4.055054788589477,0.5479539641943734,0.5305087663315479,0.5302656102044141,0.5266579326837872,1564
264,5,evaluate,3.873462791953768,0.5307867730900798,0.5199306520165698,0.5227135465838808,0.5145551065960615,1754
265,0,evaluate,3.774165186388739,0.5580890336590663,0.557800711908297,0.5602363964662309,0.5567829944470943,1842
265,1,evaluate,3.776531453643526,0.5444697833523375,0.5299374678752173,0.5397790431422324,0.5286153539070213,1754
265,2,evaluate,4.0737400608403345,0.5245522819179665,0.5283112316403454,0.5472159940759025,0.5339354698418708,1731
265,3,evaluate,4.030239550963692,0.5336505778382054,0.5184452285609884,0.5241237928699926,0.5196181925105683,1471
265,4,evaluate,3.9801447772979737,0.5575447570332481,0.534233681532082,0.5401651579329407,0.5351116525935087,1564
265,5,evaluate,3.9817352294921875,0.5356489945155393,0.5300876973669875,0.5367206040416237,0.5310573098729021,1641
266,0,evaluate,3.8298059339108677,0.539768864717879,0.5237292563460528,0.5272518892531595,0.5250278417331034,1471
266,1,evaluate,3.93423246383667,0.5460358056265985,0.5268069099488079,0.5317458267445477,0.5264873776076804,1564
266,2,evaluate,4.086801780121667,0.5228191796649335,0.5268159948936876,0.5469469361416986,0.5319491249303672,1731
266,3,evaluate,3.753156406538827,0.5421892816419612,0.5221158828516452,0.5343674058905897,0.52335177788205,1754
266,4,evaluate,3.8920038021527805,0.538086532602072,0.5306630784238038,0.539390721604148,0.5334356413113628,1641
266,5,evaluate,3.775544421426181,0.5575461454940283,0.5578314299785643,0.5585959227393715,0.5564116064893537,1842
267,0,evaluate,3.8495752811431885,0.5384092454112849,0.5297265455426703,0.5266268040431308,0.5261914202252522,1471
267,1,evaluate,3.868518976064829,0.5374771480804388,0.5377134756944731,0.5383063486401386,0.535862385464306,1641
267,2,evaluate,3.927286510467529,0.5383631713554987,0.5257385216961159,0.527995119842387,0.5222726034147479,1564
267,3,evaluate,3.8059004997384958,0.5602605863192183,0.5629284199170241,0.5574452840880635,0.5585013693234757,1842
267,4,evaluate,3.741266565663474,0.5444697833523375,0.533736016417323,0.539036631241687,0.5311149876750434,1754
267,5,evaluate,4.181565676416669,0.5274407856730213,0.5353921575602668,0.5479120162499578,0.5369618471545888,1731
268,0,evaluate,3.99850778396313,0.5411334552102377,0.5466979607463198,0.5410396255564789,0.5416145275916285,1641
268,1,evaluate,4.05688096129376,0.5268524813052345,0.5234563897595468,0.5159414003913051,0.5167681114123985,1471
268,2,evaluate,3.9427643068905533,0.5586319218241043,0.5713029836971694,0.5560186950853832,0.5598517968581602,1842
268,3,evaluate,4.3456239104270935,0.514153668399769,0.5313360275067565,0.5305146401560277,0.5253363307303918,1731
268,4,evaluate,3.824862744127001,0.5319270239452679,0.5274731153219181,0.5245528990840062,0.518618375779482,1754
268,5,evaluate,4.127522068023682,0.532608695652174,0.5270315516536236,0.5227190657001686,0.5184674261784903,1564
269,0,evaluate,3.86917598758425,0.5438996579247435,0.5408994831473815,0.5343294799308673,0.5323113482804163,1754
269,1,evaluate,4.302922611651213,0.5173351461590755,0.5209435546657619,0.5067063867675164,0.5096078871434953,1471
269,2,evaluate,4.412693866661617,0.5054881571346043,0.5228636116616074,0.5216448940372216,0.5174005314361295,1731
269,3,evaluate,4.118865975966821,0.5326020719073735,0.539991637848352,0.5309327829196481,0.5333599162684589,1641
269,4,evaluate,3.9920315660279373,0.5456026058631922,0.5601950838525313,0.5435972876594832,0.5475714315060234,1842
269,5,evaluate,4.328849496841431,0.532608695652174,0.5341558617859904,0.5258297246064965,0.5212906764856597,1564
270,0,evaluate,4.3943723077359405,0.5146159075458872,0.5186035138505808,0.5073318675168108,0.5088417023168373,1471
270,1,evaluate,4.3951758572033475,0.511265164644714,0.5275771941798834,0.5300867931292671,0.5246520719829678,1731
270,2,evaluate,3.8908282688685825,0.5290763968072976,0.5243101124968268,0.5164375998232931,0.5169040778394225,1754
270,3,evaluate,4.192448001641494,0.526508226691042,0.5347489972237021,0.5249522290976388,0.528422040229504,1641
270,4,evaluate,4.299304485321045,0.5383631713554987,0.5368545195622443,0.5293411756403805,0.5271435032980696,1564
270,5,evaluate,4.034711525358003,0.5477741585233442,0.5613544007222238,0.5469422910930641,0.5508380609425597,1842
271,0,evaluate,4.2368697166442875,0.5319693094629157,0.5294652851245976,0.5215551884426356,0.5201991136349412,1564
271,1,evaluate,4.306185322148459,0.5193529751588677,0.5315588431909848,0.5389719572881562,0.5328004611331127,1731
271,2,evaluate,4.251058083314162,0.5258988421694089,0.5312803820802311,0.5241246524566274,0.5260717181900396,1641
271,3,evaluate,4.3795160106990645,0.5071380013596193,0.5083641149781541,0.4984662224173458,0.4990200082085175,1471
271,4,evaluate,3.8119805242334093,0.5427594070695553,0.5335805421568145,0.5317732784528986,0.5292038267031605,1754
271,5,evaluate,3.9827156971240867,0.5472312703583062,0.5595626952863165,0.5483224958860765,0.5508971373530346,1842
272,0,evaluate,3.7916218638420105,0.5376282782212086,0.5266153207632838,0.5253209327402588,0.5215122051260643,1754
272,1,evaluate,4.134568357467652,0.5358056265984654,0.526890667713489,0.5205169111828567,0.5183864949975817,1564
272,2,evaluate,3.9280826387734247,0.5461454940282302,0.552957575010615,0.5500623699865936,0.5472420022609232,1842
272,3,evaluate,4.216444354790908,0.5210237659963437,0.5232006708320542,0.5196413231335943,0.5181749656518392,1641
272,4,evaluate,4.260797542074452,0.5139360978925901,0.5098441528690557,0.5042188906449415,0.5019997945225771,1471
272,5,evaluate,4.256413102149963,0.511265164644714,0.521305688538525,0.5344837554842856,0.5241700920536194,1731
273,0,evaluate,4.070003471374512,0.5338874680306905,0.5164780243582405,0.5158261170544385,0.5118103677268315,1564
273,1,evaluate,4.206662219503651,0.521414004078858,0.5106318755515677,0.5095183476273463,0.5070056643120782,1471
273,2,evaluate,4.1391534847872595,0.49913344887348354,0.5075046810045216,0.5231399351291918,0.5113056054450481,1731
273,3,evaluate,4.151582672045781,0.5045703839122486,0.5018533804838451,0.503798266032684,0.5002524209686425,1641
273,4,evaluate,3.8031476395470754,0.5347776510832383,0.5159434586237482,0.5225995235493731,0.5153422376523064,1754
273,5,evaluate,3.8998010816245245,0.5483170466883822,0.5519831223192109,0.5526445672369842,0.548139449394943,1842
274,0,evaluate,3.856110145305765,0.5374592833876222,0.539374142728754,0.539555923679841,0.5361437594261765,1842
274,1,evaluate,4.031317087320181,0.5082266910420475,0.5025125335984707,0.5093124721274993,0.5046962084819453,1641
274,2,evaluate,3.9775055408477784,0.5421994884910486,0.5225670171275907,0.5262563421412363,0.5207415849697599,1564
274,3,evaluate,3.9776987497295653,0.5066435586366262,0.5109183067923195,0.5306777560259253,0.5166210258886175,1731
274,4,evaluate,4.073717469754427,0.5261726716519375,0.5130954792517437,0.5122764394464582,0.5106003390398854,1471
274,5,evaluate,3.73290000643049,0.5393386545039909,0.5178626672815604,0.5276304392767778,0.5188277580170384,1754
275,0,evaluate,3.905826735496521,0.5434782608695652,0.5274919745416207,0.5287835355089061,0.5242192717883644,1564
275,1,evaluate,3.895145755547744,0.5240706886045094,0.5246283894973292,0.5264565156870163,0.5236351589028553,1641
275,2,evaluate,3.880618291241782,0.5164644714038128,0.5248447385355341,0.5354171154624126,0.5265569626728948,1731
275,3,evaluate,3.93681290231902,0.5374592833876222,0.5438304516791194,0.5397768976465189,0.5385079766951147,1842
275,4,evaluate,3.9168499863666035,0.5248130523453433,0.5176083569301412,0.5117791646563821,0.5125429559333798,1471
275,5,evaluate,3.608591139316559,0.5376282782212086,0.51983649350127,0.5259805078470734,0.5185046753756476,1754
276,0,evaluate,3.9217645707337754,0.5295717199184229,0.5291699578215951,0.5199917589779947,0.521188157057203,1471
276,1,evaluate,3.703791788646153,0.5370581527936146,0.5309152011042352,0.529799214265917,0.5227613521961285,1754
276,2,evaluate,3.9155962742291965,0.5338208409506399,0.5414811594465327,0.5367378679158952,0.5355762558488404,1641
276,3,evaluate,4.077867088646724,0.5390879478827362,0.5511311778511689,0.5367591301992458,0.5406771007432275,1842
276,4,evaluate,4.071290309940066,0.5216637781629117,0.5341118091456463,0.5339683517184852,0.5300187800518603,1731
276,5,evaluate,4.011822128295899,0.5358056265984654,0.5256422476508188,0.5205199829725389,0.518175880698688,1564
277,0,evaluate,3.8611250264304027,0.5324971493728621,0.5308206736780592,0.525210283417875,0.5202907018707845,1754
277,1,evaluate,4.092462114665819,0.5275322909585316,0.5318448710885355,0.5205020480382971,0.5209171889555464,1471
277,2,evaluate,4.231785316467285,0.5242966751918159,0.5221714892848766,0.5142102825283765,0.5108681837570531,1564
277,3,evaluate,4.01398176413316,0.534430225472273,0.5470351066307917,0.5376119631054933,0.5379138325731383,1641
277,4,evaluate,4.26094417486872,0.5199306759098787,0.5349537020121106,0.5329866397741376,0.5309073765355785,1731
277,5,evaluate,4.17067314838541,0.5401737242128122,0.554102058290437,0.5360563749680052,0.5416388240795561,1842
278,0,evaluate,4.021921267876258,0.538086532602072,0.5472125937710514,0.5413974865236919,0.5401470532064233,1641
278,1,evaluate,4.212571678161621,0.5377237851662404,0.5296944683230583,0.5286183350782067,0.523262530048569,1564
278,2,evaluate,4.155670663584834,0.5316111488783141,0.531420027372196,0.5260613687292446,0.5252718826694149,1471
278,3,evaluate,4.066593129059364,0.5396308360477742,0.5489691800691645,0.5362529338840114,0.5400848139225534,1842
278,4,evaluate,4.346452661923,0.5285961871750433,0.5406410640246249,0.5417212933914823,0.5387036646292984,1731
278,5,evaluate,3.8537253737449646,0.5324971493728621,0.524558862133506,0.5234657113196306,0.5182533325869544,1754
279,0,evaluate,4.106231203079224,0.5421994884910486,0.5286123633378398,0.5325467757395935,0.526161315539369,1564
279,1,evaluate,4.108865022659302,0.5268524813052345,0.5221553054070116,0.5177832385176757,0.5167317950281127,1471
279,2,evaluate,4.358155804021018,0.5216637781629117,0.53065794940845,0.5406277201604006,0.5336041879537591,1731
279,3,evaluate,3.8088852167129517,0.5359179019384265,0.5195085355183675,0.5230873384692768,0.517345493698493,1754
279,4,evaluate,3.9961077800163856,0.5252894576477758,0.525342224028277,0.5271471466147719,0.52390626439553,1641
279,5,evaluate,3.854270885730612,0.5401737242128122,0.5455075319612195,0.5410500898242943,0.5410005131022919,1842
280,0,evaluate,3.89425585099629,0.5290763968072976,0.5104282643923173,0.5149194492645796,0.5091868553492345,1754
280,1,evaluate,4.161733198165893,0.5415601023017903,0.5280929146415687,0.5285248821638799,0.5250707193569486,1564
280,2,evaluate,3.853165256566015,0.5390879478827362,0.5439599031787997,0.5422952691930354,0.538519252091475,1842
280,3,evaluate,4.248322082602459,0.5200543847722637,0.5161907190954922,0.5091381730627421,0.5089984371408416,1471
280,4,evaluate,4.144104700822097,0.5228519195612431,0.5207063013934418,0.5229612159595364,0.5190010731819445,1641
280,5,evaluate,4.342330728258405,0.511842865395725,0.5173190033793043,0.5333855692192799,0.522087735816088,1731
281,0,evaluate,4.295009436814682,0.5180149558123726,0.5107840550933798,0.5072453753226792,0.5052267647716591,1471
281,1,evaluate,4.235390507257902,0.5234613040828763,0.5234131653952554,0.5249115057708018,0.5206512139930947,1641
281,2,evaluate,4.296942174434662,0.5205083766608897,0.5246840079297357,0.5458615697341406,0.5311943417078119,1731
281,3,evaluate,4.2007986927032475,0.5447570332480819,0.5310429205159284,0.5277015429278915,0.5256095638517586,1564
281,4,evaluate,3.957462634359087,0.5273660205245154,0.507010318371038,0.5142964749483371,0.5060400652249306,1754
281,5,evaluate,3.9403633249217065,0.5390879478827362,0.5451289435943572,0.5427271923237076,0.5389692751739804,1842
282,0,evaluate,4.088031814648555,0.5155393053016454,0.5120183261831569,0.5149912429855658,0.5116657865918052,1641
282,1,evaluate,3.817285520689828,0.5302166476624858,0.5075008104400822,0.5155450529863784,0.507846691199224,1754
282,2,evaluate,4.112174635348112,0.5166553365057783,0.5050375692884801,0.5063490591987224,0.5034694051582307,1471
282,3,evaluate,4.123408504894802,0.5210860774119006,0.5250122028120685,0.5433992101500964,0.5313112885259393,1731
282,4,evaluate,3.889407823825705,0.5380021715526602,0.5432112724225147,0.5415875512251553,0.5388047480966591,1842
282,5,evaluate,4.041041641235352,0.5473145780051151,0.5286912988380592,0.5286714360794283,0.5269882041502825,1564
283,0,evaluate,3.6700312324932645,0.5330672748004561,0.5155885107787935,0.5216923169361024,0.5142557577203035,1754
283,1,evaluate,3.9839631574494496,0.5210860774119006,0.5256322627582566,0.5400037183679132,0.5303686119477674,1731
283,2,evaluate,3.9796493882718296,0.5186947654656696,0.5094382176096881,0.5097433803935346,0.5076971601815099,1471
283,3,evaluate,3.867187949327322,0.5210237659963437,0.5203337943535689,0.5198907902729911,0.5191394786079842,1641
283,4,evaluate,3.9778602504730225,0.5428388746803069,0.5274646771153401,0.5304232381729856,0.5258161824508807,1564
283,5,evaluate,3.8561972914070917,0.5439739413680782,0.5488386994799296,0.5460254140142421,0.5446568207248763,1842
284,0,evaluate,4.1306897061211725,0.5181975736568457,0.5265713225262632,0.5366487207101056,0.5284099385809575,1731
284,1,evaluate,3.786125268254961,0.5359179019384265,0.525409030526966,0.5249588523627139,0.5193903739155596,1754
284,2,evaluate,3.9866568938545557,0.5268524813052345,0.5265209260997038,0.5188134750572507,0.5202041517354494,1471
284,3,evaluate,3.872382741708022,0.5289457647775746,0.5301474574456132,0.5295580133416141,0.5281499393450927,1641
284,4,evaluate,4.148158206939697,0.5479539641943734,0.5379181864685487,0.5388077842611324,0.5335393791467572,1564
284,5,evaluate,4.014841910066275,0.5423452768729642,0.5480242200069033,0.5428909988478344,0.5430260349870436,1842
285,0,evaluate,4.177153701367586,0.5363698164513936,0.5341667258908596,0.529813978975129,0.5289018785019193,1471
285,1,evaluate,4.184148985764076,0.5439739413680782,0.5540973855292399,0.5437533787077029,0.5456433000330159,1842
285,2,evaluate,3.9954267831949086,0.5289457647775746,0.5353821038887876,0.5318609550276847,0.5311420374528376,1641
285,3,evaluate,4.379336709976196,0.5377237851662404,0.5276355838307414,0.5297681771479301,0.523130109264968,1564
285,4,evaluate,4.364900095122201,0.5205083766608897,0.5292826873740386,0.5359235785911689,0.5289081881271103,1731
285,5,evaluate,3.972212476389749,0.5381984036488028,0.5277666815162714,0.5295514305603048,0.5229757028113485,1754
286,0,evaluate,4.282439107480257,0.53025152957172,0.5290657432832573,0.5232425956582736,0.5223230490656416,1471
286,1,evaluate,4.527420749664307,0.5415601023017903,0.533941796805858,0.5342023459485545,0.5278606512081995,1564
286,2,evaluate,4.069064199924469,0.5438996579247435,0.5337652686795357,0.53153431437974,0.5289691903446929,1754
286,3,evaluate,4.195269576434431,0.5477741585233442,0.5600722755540962,0.5460686525771592,0.5495786408207977,1842
286,4,evaluate,4.546133305345263,0.5187752744078568,0.5290314472866914,0.533126397678392,0.5281786270742594,1731
286,5,evaluate,4.115859105036809,0.538695917123705,0.542177326558644,0.5433420910397152,0.5404859725775115,1641
287,0,evaluate,4.108944150117727,0.5417428397318708,0.5429319417877918,0.5445773321985024,0.5421104944752018,1641
287,1,evaluate,4.285930218903915,0.5261726716519375,0.5219431734201349,0.5168970016568235,0.5168708776430354,1471
287,2,evaluate,4.409378547668457,0.5517902813299232,0.5413544474447446,0.542364109181941,0.5364616716223852,1564
287,3,evaluate,4.470981623445239,0.5164644714038128,0.5282000629722076,0.5355863393233831,0.5290427799399102,1731
287,4,evaluate,4.033450126647949,0.5507411630558723,0.5377068743829452,0.5387698245598218,0.5352281097662133,1754
287,5,evaluate,4.062670831022592,0.5461454940282302,0.5552398903698811,0.5436960209597983,0.5468454736147925,1842
288,0,evaluate,4.047389580653264,0.5374771480804388,0.5381888407131351,0.5391199707250847,0.5377239902501618,1641
288,1,evaluate,4.295542945032534,0.5295717199184229,0.5230497650427859,0.5182711325704275,0.518710436668764,1471
288,2,evaluate,4.376427965164185,0.5421994884910486,0.5285287789238114,0.5295087864893756,0.5245016233814832,1564
288,3,evaluate,4.377352586814335,0.5135759676487579,0.523418631439128,0.5334956552404924,0.5269607959620959,1731
288,4,evaluate,3.9582442826238173,0.5494028230184582,0.5552003440970301,0.547884861959599,0.5493726965244388,1842
288,5,evaluate,4.00897273847035,0.5347776510832383,0.517167991801166,0.519592971221627,0.5159613089953428,1754
289,0,evaluate,3.8572144426148514,0.5385450597176982,0.5424198102264333,0.538593644744122,0.5380180284542668,1842
289,1,evaluate,4.217820295265743,0.5060658578856152,0.5137570868483666,0.5273476621693896,0.5181395380832086,1731
289,2,evaluate,3.8794530289513722,0.5290763968072976,0.5175839445036183,0.5185776482349645,0.5142092796501244,1754
289,3,evaluate,4.145395434421042,0.5275322909585316,0.5218948613107145,0.5138552321874739,0.5152410888663169,1471
289,4,evaluate,4.18117353439331,0.5370843989769821,0.526415885871822,0.5244827544128969,0.5209953949179408,1564
289,5,evaluate,3.950670764996455,0.5252894576477758,0.5305382735265962,0.5253278930831886,0.5259710905627836,1641
290,0,evaluate,4.03390061378479,0.5441176470588235,0.5321255003166456,0.5288596114663536,0.5259829935479123,1564
290,1,evaluate,3.8451083199731233,0.5450597176981542,0.5525555129345591,0.54672345964163,0.5458043043253611,1842
290,2,evaluate,4.039897825406945,0.5207341944255608,0.5172197691716407,0.5068830541605063,0.5094291832181911,1471
290,3,evaluate,3.8581821643389187,0.5124923826934796,0.5171611105069915,0.5103747140479333,0.5112774934426823,1641
290,4,evaluate,4.112273684569767,0.5170421721548238,0.527299653423684,0.5399248090816015,0.5305772072347319,1731
290,5,evaluate,3.7311375396592275,0.5307867730900798,0.5246895974248453,0.5215381838046366,0.5176078676213065,1754
291,0,evaluate,3.916770665541939,0.5288919102651257,0.5273751942958087,0.5174597445220046,0.5196986756032088,1471
291,1,evaluate,3.5881305081503734,0.5376282782212086,0.5306397294638815,0.5285439780498655,0.5251143727678084,1754
291,2,evaluate,4.015787558896201,0.5251299826689775,0.5360657370204995,0.5459690528031773,0.5389024164324555,1731
291,3,evaluate,3.958053750991821,0.5415601023017903,0.5302439092682952,0.5267786544389426,0.5243401375806985,1564
291,4,evaluate,3.8212109070557814,0.517976843388178,0.5201733714916181,0.5155206715559865,0.5160784274204888,1641
291,5,evaluate,3.895390214591191,0.5369163952225842,0.546207044050113,0.5406026771684574,0.5401030648493577,1842
292,0,evaluate,4.094213034425463,0.5153090699017908,0.5232047073485788,0.5335398835984329,0.5265978421062808,1731
292,1,evaluate,3.6305964078222,0.5416191562143672,0.5319474051973883,0.5343671565656891,0.5278081851647147,1754
292,2,evaluate,3.955330817595772,0.5370496261046906,0.536891545108902,0.5265533213557044,0.529777674420665,1471
292,3,evaluate,4.091701226234436,0.5447570332480819,0.5337440377642231,0.5286563249037501,0.5283405083078089,1564
292,4,evaluate,3.936735144028297,0.5149299207800122,0.5167688017134111,0.5146065542255348,0.5142890863031709,1641
292,5,evaluate,4.0918187272959745,0.5423452768729642,0.5494049775155038,0.5436530405939112,0.5441001147920999,1842
293,0,evaluate,4.364103507995606,0.5517902813299232,0.5403535402771038,0.5367636564002894,0.5353932962865107,1564
293,1,evaluate,4.104307431441087,0.5124923826934796,0.5120770714140519,0.5141214957591156,0.511905337528448,1641
293,2,evaluate,3.7408183557646617,0.5433295324971493,0.5332304428174468,0.5375408816893599,0.5304012460467319,1754
293,3,evaluate,4.147945072339929,0.548606390210741,0.5484812598241636,0.5377554406127489,0.5416632646200523,1471
293,4,evaluate,4.3245213196195404,0.5407166123778502,0.5457916411614178,0.5393268175009176,0.5405872449837328,1842
293,5,evaluate,4.283851708684649,0.5309069901790873,0.5406071196533438,0.5477931609685741,0.542687979831747,1731
294,0,evaluate,4.495884476036861,0.5526601520086862,0.554854304808028,0.5499367160794865,0.551137284000927,1842
294,1,evaluate,3.959542308534895,0.5387685290763968,0.5283216295627484,0.5313217614069508,0.524971909368438,1754
294,2,evaluate,4.315941572189331,0.5185862279098111,0.5194521733032869,0.5193018392655067,0.5182851460621927,1641
294,3,evaluate,4.486694259302957,0.5251299826689775,0.53722059062895,0.5425293028101928,0.5369699945900774,1731
294,4,evaluate,4.597950000762939,0.5415601023017903,0.5330767420705883,0.5285036482001888,0.5259511654184037,1564
294,5,evaluate,4.3919530122176464,0.5390890550645819,0.5370060913965193,0.5283427405931175,0.5311495076022358,1471
295,0,evaluate,4.619797086715698,0.5543478260869565,0.5390794347612826,0.5388657192942474,0.5345576879902257,1564
295,1,evaluate,4.594662406614849,0.5233968804159446,0.5328100495542665,0.54226502844428,0.5338263376869512,1731
295,2,evaluate,4.504849091820095,0.5452073419442556,0.5393796612728236,0.5323032931900393,0.533803104223973,1471
295,3,evaluate,4.105640734945025,0.540478905359179,0.5282159791891397,0.5318832356677401,0.5247543172966895,1754
295,4,evaluate,4.465079069137573,0.5504885993485342,0.549988770149882,0.5480730931574944,0.5476000477622389,1842
295,5,evaluate,4.401040068039527,0.5246800731261426,0.522538132935919,0.5259116629898833,0.5233233322872028,1641
296,0,evaluate,4.5098534141268045,0.5233968804159446,0.5316429248840222,0.544875437973655,0.5343287504638614,1731
296,1,evaluate,4.22619445570584,0.5515743756786102,0.5536148964985326,0.549733295518025,0.5492968195920037,1842
296,2,evaluate,4.325829093272869,0.5258988421694089,0.523829264808204,0.5271431290406947,0.52439051246074,1641
296,3,evaluate,4.412045468454775,0.5438477226376615,0.5345567268170252,0.5315287062470783,0.5308675765877189,1471
296,4,evaluate,4.106547176837921,0.5370581527936146,0.5200256748701564,0.5279514542859204,0.5202354904537414,1754
296,5,evaluate,4.532388372421265,0.5524296675191815,0.5374837744940301,0.539020112370162,0.5328320308748834,1564
297,0,evaluate,4.2134862153426464,0.5438477226376615,0.5348954045475082,0.5328103705742206,0.5323790239819042,1471
297,1,evaluate,4.216029854921194,0.526508226691042,0.5253692112311639,0.5272600031587305,0.5253463180573794,1641
297,2,evaluate,4.031340969019923,0.5548317046688382,0.5580893622574854,0.5531054319173137,0.552809339775825,1842
297,3,evaluate,4.379230785369873,0.5492327365728901,0.5321431190483179,0.5374628470223242,0.5307272729707173,1564
297,4,evaluate,4.042080521583557,0.5376282782212086,0.5176196811225087,0.5261382114696799,0.5189885718181675,1754
297,5,evaluate,4.458032148224967,0.5181975736568457,0.5250118724196934,0.5428558840857973,0.5297205766207332,1731
298,0,evaluate,3.9901006732668196,0.5364880273660205,0.5248025482289876,0.5275849589833225,0.5224271916609811,1754
298,1,evaluate,3.9926337291454446,0.5521172638436482,0.5592258266985488,0.551263670767934,0.5523982821103121,1842
298,2,evaluate,4.153880614500779,0.5252894576477758,0.5276393695840992,0.526002649226303,0.5260365741463804,1641
298,3,evaluate,4.25870390560316,0.5248130523453433,0.521389434013527,0.5132573311482043,0.5153766980703713,1471
298,4,evaluate,4.310797176361084,0.5447570332480819,0.5323891260299266,0.5316560894346856,0.5283411964341265,1564
298,5,evaluate,4.367629400321415,0.511265164644714,0.5205465575417307,0.5323379622167783,0.5236677245334713,1731
299,0,evaluate,4.255834185558816,0.5159755268524813,0.5170507511167987,0.5063658527529803,0.5086978416539262,1471
299,1,evaluate,3.8198730434690202,0.5353477765108324,0.5251419928732091,0.5263994691515957,0.5227910191593731,1754
299,2,evaluate,3.9401236320364066,0.5358306188925082,0.5465493222482903,0.5378083925178164,0.538975738917044,1842
299,3,evaluate,4.268817167282105,0.5364450127877238,0.528553442077663,0.5225182943752517,0.5214300702118452,1564
299,4,evaluate,4.245171393666949,0.5054881571346043,0.5183296312114555,0.5253407932758755,0.5195993139499294,1731
299,5,evaluate,4.024232580111577,0.5167580743449116,0.5248516057013973,0.5154960376752209,0.5183262241192704,1641
300,0,evaluate,3.930932069646901,0.5336590662323561,0.5502110905903115,0.5360878201669061,0.539081338554973,1842
300,1,evaluate,4.162079393863678,0.5187752744078568,0.5322402072726711,0.5345856022785449,0.5317082120430829,1731
300,2,evaluate,3.6950693896838596,0.540478905359179,0.5332700152561569,0.5336805938992321,0.5292604463986013,1754
300,3,evaluate,4.086789236068726,0.5332480818414322,0.5322967292777134,0.5196724153528932,0.5211101782732093,1564
300,4,evaluate,3.9236347125126767,0.5198049969530774,0.5281891236910875,0.5193083216400325,0.5219588806750489,1641
300,5,evaluate,4.169582076694654,0.5207341944255608,0.5224505491898755,0.5104743247729392,0.5138521170868587,1471
301,0,evaluate,4.203204674380166,0.5205083766608897,0.5340337344070072,0.5385912654005386,0.5340905899888739,1731
301,1,evaluate,3.750703138964517,0.548460661345496,0.539926871787419,0.545380963034108,0.5361945754166676,1754
301,2,evaluate,4.1889030622399375,0.5322909585316111,0.5310164863805579,0.5206550648698498,0.5232408625606586,1471
301,3,evaluate,4.037421207427979,0.5473145780051151,0.5365235763158792,0.533088814578997,0.5312088853752371,1564
301,4,evaluate,3.9970552592441955,0.5385450597176982,0.5507155287480934,0.5390570004664292,0.5418391208182026,1842
301,5,evaluate,3.9814611031458926,0.5252894576477758,0.5267813590138218,0.5245100536563179,0.5239291284076055,1641
302,0,evaluate,4.112698830091036,0.538086532602072,0.5373339565625178,0.5385201524350568,0.5364008112769836,1641
302,1,evaluate,4.102730121612549,0.5543478260869565,0.5344499221561839,0.5358873521126652,0.5322936544850636,1564
302,2,evaluate,4.305713112865176,0.5268630849220104,0.5308699945547505,0.5464076987351689,0.5358279341263761,1731
302,3,evaluate,4.29018207218336,0.5377294357579878,0.5270123732000123,0.5279137236426099,0.5262900338562958,1471
302,4,evaluate,4.087294660765549,0.5358306188925082,0.537903957500307,0.5358262867576411,0.5352609721580875,1842
302,5,evaluate,3.8645575727735246,0.5456100342075256,0.5308242908223205,0.5407854015065443,0.5298275412604501,1754
303,0,evaluate,4.496177507298333,0.5291738879260544,0.5304160691392579,0.5496798636170878,0.5361998957924199,1731
303,1,evaluate,4.085030436515808,0.540478905359179,0.5213304239348433,0.5345029370844389,0.5212861397043951,1754
303,2,evaluate,4.291145067214966,0.5524296675191815,0.5300569101171551,0.5347278900799918,0.5283252125453772,1564
303,3,evaluate,4.163573799462154,0.5385450597176982,0.5365991784523609,0.5378856348530234,0.5357055759320489,1842
303,4,evaluate,4.409941528154456,0.5282121006118287,0.5171094417299132,0.5203681211055905,0.5166219473787707,1471
303,5,evaluate,4.244132537108201,0.5350396099939062,0.5327936630998549,0.5381192054801088,0.5334103092783256,1641
304,0,evaluate,4.341352043151855,0.5556265984654731,0.5330937271467924,0.540372017976779,0.5324647942836735,1564
304,1,evaluate,4.0801470033053695,0.5423452768729642,0.5392360108660703,0.540332801498434,0.5382639997425143,1842
304,2,evaluate,4.279293564649729,0.5393053016453382,0.5367946215604591,0.5414373296507611,0.5372577369835043,1641
304,3,evaluate,4.349280129308286,0.53025152957172,0.5224263946436805,0.5236289167235746,0.5199508466582798,1471
304,4,evaluate,4.611554686512266,0.5228191796649335,0.5261379983248632,0.5423273913213917,0.5310073277404499,1731
304,5,evaluate,4.159988386290414,0.5353477765108324,0.5174898015553737,0.5271767568650776,0.5157969058278244,1754
305,0,evaluate,4.290570891421774,0.5227736233854521,0.5205002005117038,0.5161313997546301,0.5142736322726031,1471
305,1,evaluate,4.267197462228628,0.5332114564290067,0.5344345349311301,0.5335125694601712,0.5322737691280595,1641
305,2,evaluate,4.092450807834494,0.5374592833876222,0.5402664349769486,0.5366309412619865,0.5364831542468591,1842
305,3,evaluate,4.612837357180459,0.5147313691507799,0.5189092947968299,0.5324220811656304,0.52284525532386,1731
305,4,evaluate,4.404232721328736,0.5421994884910486,0.5284948624374555,0.5308206119356051,0.5246731765729739,1564
305,5,evaluate,4.099867820739746,0.5364880273660205,0.5205805280253709,0.5238800272438668,0.51748768816377,1754
306,0,evaluate,4.191041749456654,0.5112168592794017,0.5133409610924601,0.503158834718422,0.5043180938980988,1471
306,1,evaluate,4.2913291645050045,0.5345268542199488,0.5239029026160018,0.5215633884640523,0.5187158401785745,1564
306,2,evaluate,4.017403857461337,0.5407166123778502,0.5503004659252372,0.5399353520827737,0.5430853359973875,1842
306,3,evaluate,3.9646378329821994,0.5330672748004561,0.5272448546046611,0.5214909127927794,0.5205118862488416,1754
306,4,evaluate,4.109466561904321,0.5326020719073735,0.5385723560007281,0.5324341209046886,0.5334257549547565,1641
306,5,evaluate,4.380343743732998,0.5170421721548238,0.5276826754720643,0.5312147570486164,0.5276189260496484,1731
307,0,evaluate,4.110814115275508,0.5057783820530252,0.5140993656945775,0.4966938018813963,0.5012429077839019,1471
307,1,evaluate,3.9477336735560975,0.5428881650380022,0.5606679197983678,0.5459360996760988,0.5491945701386498,1842
307,2,evaluate,3.791751044137137,0.5273660205245154,0.5209195012257359,0.513766993290852,0.5141299415114344,1754
307,3,evaluate,3.9170887837043176,0.5173674588665448,0.5256346189002615,0.5184378989075815,0.5199399865710532,1641
307,4,evaluate,4.141501558678491,0.5233968804159446,0.5381768549946508,0.538444140591111,0.5361723559957526,1731
307,5,evaluate,4.1662932395935055,0.5364450127877238,0.5303435645625758,0.524433344670368,0.5232714528812651,1564
308,0,evaluate,4.000584766782564,0.5347448425624322,0.5504403875232635,0.5383052704371176,0.5401204650860324,1842
308,1,evaluate,3.7921865497316634,0.5376282782212086,0.52971338840117,0.5267326891710561,0.52508384550139,1754
308,2,evaluate,4.0986160469055175,0.5377237851662404,0.5323664976642748,0.5230408419362649,0.5241653403642921,1564
308,3,evaluate,4.138393184413081,0.513256288239293,0.5176426482164234,0.5036376453497823,0.5077707960568315,1471
308,4,evaluate,3.897370751087482,0.5155393053016454,0.5219465804538693,0.5129735962997198,0.515380009785172,1641
308,5,evaluate,4.061063459941319,0.5303292894280762,0.5429208725620428,0.5473891297422708,0.5437883568323716,1731
309,0,evaluate,4.0862070597135105,0.5204143814747105,0.5221729885176283,0.516457143880956,0.5179347638488715,1641
309,1,evaluate,4.281066915263301,0.5146159075458872,0.5142688664223067,0.5041120661501441,0.5071722270073311,1471
309,2,evaluate,4.190278752096768,0.5314875135722041,0.5408592924939082,0.5341010352941293,0.5340058256171915,1842
309,3,evaluate,4.237309770924704,0.5233968804159446,0.5344687817508852,0.5448961705378568,0.53687993852172,1731
309,4,evaluate,4.23718300819397,0.5466751918158568,0.536262135960585,0.5333861860759408,0.5314430074598591,1564
309,5,evaluate,3.957690511431013,0.5456100342075256,0.5336284079043816,0.5350893194922425,0.5315184901280542,1754
310,0,evaluate,4.11082775252206,0.5433295324971493,0.527410735584788,0.5302289408368506,0.5256067311909559,1754
310,1,evaluate,4.421793688898501,0.5200543847722637,0.5115676315719034,0.5093953448718537,0.5090989547743134,1471
310,2,evaluate,4.394526062011718,0.5588235294117647,0.5476382127869889,0.5488477880014643,0.5437255496000251,1564
310,3,evaluate,4.3350598720403815,0.5228519195612431,0.5216301951098903,0.520129645200774,0.5196684627097791,1641
310,4,evaluate,4.352829398780034,0.5266015200868621,0.530964408519958,0.5278405005534275,0.5269536767887801,1842
310,5,evaluate,4.482994982174465,0.5176198729058348,0.528606302923377,0.5437095011925275,0.5323206159233811,1731
311,0,evaluate,4.49075030243915,0.5316111488783141,0.5243024777711056,0.5228303759078222,0.5218390537074382,1471
311,1,evaluate,4.418435408518865,0.5332114564290067,0.5300554607572694,0.5315792759298715,0.5292419841450589,1641
311,2,evaluate,4.68684937272753,0.5164644714038128,0.524445585991328,0.5416786404951537,0.5287325697765091,1731
311,3,evaluate,4.380502791240297,0.5331161780673181,0.5325052545843734,0.5320928745457569,0.5306715071044457,1842
311,4,evaluate,4.228140209402357,0.5473204104903079,0.5288723881449469,0.5350803219613653,0.528405027884467,1754
311,5,evaluate,4.4601954650878906,0.551150895140665,0.5355578205558974,0.5389620843753303,0.5332577627627064,1564
312,0,evaluate,4.756093467984881,0.5268630849220104,0.5362162847209374,0.5487987711444757,0.5378632306800486,1731
312,1,evaluate,4.553818018540092,0.5370496261046906,0.5237963434367797,0.525101061015057,0.5225431515350323,1471
312,2,evaluate,4.376226944582803,0.5273660205245154,0.5120986954660949,0.51706881357539,0.5091240073605896,1754
312,3,evaluate,4.46128894329071,0.5479539641943734,0.5290980454735094,0.5354718483230065,0.526865952642261,1564
312,4,evaluate,4.343690699544446,0.5439739413680782,0.5421795178023838,0.5401428994414507,0.5397687137222305,1842
312,5,evaluate,4.385094330861018,0.5362583790371724,0.534208023547482,0.5361695411860193,0.5334861793346883,1641
313,0,evaluate,4.720886835030147,0.5291738879260544,0.5371279163358402,0.5472962190199315,0.537977050946804,1731
313,1,evaluate,4.488450516825137,0.5350101971447995,0.528783234782621,0.5258511510975082,0.5244055998474352,1471
313,2,evaluate,4.278151068194159,0.5548317046688382,0.5539480632271213,0.5506992537085619,0.5506990185002623,1842
313,3,evaluate,4.47945128440857,0.5549872122762148,0.5358462246296201,0.5415067117478061,0.5344902541758192,1564
313,4,evaluate,4.425752716405051,0.5171037628278221,0.4993254221253733,0.5052625150545966,0.49629562453851134,1754
313,5,evaluate,4.312878241905799,0.5417428397318708,0.5423299277189999,0.5441805134203014,0.540731438108493,1641
314,0,evaluate,4.398863906445711,0.5118966689326988,0.5135224196813548,0.5060802602236121,0.5047977505981212,1471
314,1,evaluate,4.541181811264583,0.5210860774119006,0.5254592894263507,0.5315721879399121,0.5263962249134398,1731
314,2,evaluate,4.192258844008813,0.5283363802559415,0.5313089483842933,0.5287617669322826,0.5271152073302641,1641
314,3,evaluate,4.313299894332886,0.5273660205245154,0.5111545905295867,0.5130839485675617,0.5073960545104315,1754
314,4,evaluate,4.443527116775512,0.5453964194373402,0.5303979437834763,0.5354991340472617,0.5269781490574463,1564
314,5,evaluate,4.208473846830171,0.5407166123778502,0.5490299525101647,0.5371873978286883,0.5394374205167939,1842
315,0,evaluate,4.356925691877093,0.5153090699017908,0.5220408924059896,0.5234240744305777,0.5203877625945668,1731
315,1,evaluate,4.08990555543166,0.5112736136502133,0.519280533584196,0.509738344983216,0.5107430988308705,1641
315,2,evaluate,4.089377855432445,0.5298588490770901,0.5422109323142128,0.5280494525969874,0.5308581939008276,1842
315,3,evaluate,4.15449093069349,0.5210946408209807,0.5103306255906064,0.508728604630589,0.5041538504132621,1754
315,4,evaluate,4.403578186035157,0.5319693094629157,0.5266711578226477,0.5250605410167283,0.5184724277115492,1564
315,5,evaluate,4.262572609859964,0.5050985723997281,0.5135047472587,0.5035150825700192,0.5006793925379838,1471
316,0,evaluate,3.9210686408556423,0.5167580743449116,0.5197984440798058,0.5123026063245315,0.514221822741651,1641
316,1,evaluate,4.0971503257751465,0.49626104690686607,0.5024292774703978,0.49101814718429926,0.4918204378246481,1471
316,2,evaluate,4.171623773574829,0.530690537084399,0.5248801046724831,0.5220503106470908,0.5176276070627406,1564
316,3,evaluate,4.164317846298218,0.5187752744078568,0.5274043609150494,0.5302469354821372,0.5273580866894416,1731
316,4,evaluate,3.9124273572649275,0.5256556442417332,0.5148128994451013,0.5133369527164402,0.5094743627248659,1754
316,5,evaluate,3.881629762978389,0.5336590662323561,0.5483962532749683,0.5359649435612931,0.5384089924822597,1842
317,0,evaluate,4.146749299505482,0.5098572399728076,0.5092684047355158,0.49854958875726074,0.5011526472666652,1471
317,1,evaluate,4.286855357033866,0.5101097631426921,0.5204616408470942,0.526381898618936,0.5202754330374596,1731
317,2,evaluate,4.2814915657043455,0.5358056265984654,0.5301374900405637,0.5196485329786429,0.5206163264461515,1564
317,3,evaluate,3.9749535577637807,0.5216647662485747,0.5111429677165271,0.5112963742870662,0.5066044026698675,1754
317,4,evaluate,4.059219470390906,0.5216331505179769,0.5277963476282481,0.5165628000359702,0.5182966738156265,1641
317,5,evaluate,4.070926394955865,0.5309446254071661,0.5432187744290002,0.5349991976063739,0.5353806601828744,1842
318,0,evaluate,4.518077983856201,0.5479539641943734,0.5368500282489522,0.5329381629834479,0.5309025457951138,1564
318,1,evaluate,4.457573619382135,0.5293159609120521,0.5407627080298603,0.5324494717140594,0.5309915806644895,1842
318,2,evaluate,4.318631704037006,0.5252894576477758,0.5354558843581738,0.5234604744149927,0.5252717682967123,1641
318,3,evaluate,4.248929713453565,0.5256556442417332,0.5140658227827849,0.5148250768805948,0.5100668032676008,1754
318,4,evaluate,4.618706801107952,0.511842865395725,0.52294958066825,0.5322341667945716,0.5238720593869871,1731
318,5,evaluate,4.421980609064517,0.5227736233854521,0.5213254139647631,0.5088703182603522,0.5126665897387391,1471
319,0,evaluate,4.531146298284116,0.5261726716519375,0.5228492232155831,0.5127940205064098,0.5159478841287921,1471
319,1,evaluate,4.722607250213623,0.5575447570332481,0.5481007672643509,0.545179256954784,0.5418396557306387,1564
319,2,evaluate,4.416033671452449,0.517976843388178,0.5222078670629371,0.5193500770806643,0.5177463294665265,1641
319,3,evaluate,4.634145991555576,0.5347448425624322,0.545874762508649,0.537526474840009,0.5352294531174865,1842
319,4,evaluate,4.822058779852731,0.5083766608896592,0.5194935304856225,0.5309261979357371,0.5210425788508962,1731
319,5,evaluate,4.39831064428602,0.5450399087799316,0.5338189711415233,0.535987029244126,0.5289474266801574,1754
320,0,evaluate,4.692631998062134,0.5485933503836317,0.5352592122586324,0.53587995959269,0.5303814326662699,1564
320,1,evaluate,4.483957611281296,0.5494028230184582,0.558366278863401,0.5489120139540702,0.5499859065241139,1842
320,2,evaluate,4.4205299445561,0.5387685290763968,0.5271405323161739,0.5292856516004141,0.5231160768513428,1754
320,3,evaluate,4.7021849410874506,0.5181975736568457,0.5301335036879228,0.5383247968849479,0.5303075812487188,1731
320,4,evaluate,4.353053313035232,0.5283363802559415,0.5303064497394913,0.5295754148216989,0.528794529929806,1641
320,5,evaluate,4.4258613171784775,0.5343303874915024,0.528204569572733,0.5248338966050826,0.5253328677739993,1471
321,0,evaluate,4.310955327132652,0.5559174809989142,0.5656469242900389,0.5541849380762115,0.5571840237195685,1842
321,1,evaluate,4.38017865885859,0.5322909585316111,0.5311676888040369,0.5283205916441001,0.5262668856157757,1471
321,2,evaluate,4.31936684676579,0.5267958950969214,0.5165425726351238,0.5158806222679617,0.5120548033572749,1754
321,3,evaluate,4.63174215384892,0.5320623916811091,0.5413486162481439,0.5481686267075134,0.5414473909332134,1731
321,4,evaluate,4.638805990219116,0.5473145780051151,0.533428721605629,0.5340021451777399,0.5282738491486774,1564
321,5,evaluate,4.272838207391592,0.5277269957343084,0.5317655483299075,0.5293275605396877,0.5289844610710966,1641
322,0,evaluate,4.608699359893799,0.5332480818414322,0.522680375729238,0.5219880224332488,0.5162280414170304,1564
322,1,evaluate,4.5730248263904025,0.5268630849220104,0.5327539309660537,0.5390058228246997,0.5336080921326658,1731
322,2,evaluate,4.3796735017196,0.512576478585996,0.5161892310512897,0.5132789150704725,0.5076909947431613,1471
322,3,evaluate,4.1195894820349555,0.5222348916761688,0.5082995551607918,0.5078695273574673,0.5035758137336748,1754
322,4,evaluate,4.190560094241438,0.5423452768729642,0.5498566657434029,0.5409484681541394,0.5430066019917866,1842
322,5,evaluate,4.237328474338238,0.5173674588665448,0.5217591930281958,0.5171743029697587,0.5169800694459799,1641
323,0,evaluate,4.415884485244751,0.5300511508951407,0.5174674776972454,0.5202011802781545,0.5133102986499258,1564
323,1,evaluate,4.30982113921124,0.5010197144799456,0.5040174176018251,0.5031437185215346,0.49532393599591895,1471
323,2,evaluate,4.090294627042917,0.5246800731261426,0.5282133216615003,0.5219914944073458,0.522508992927259,1641
323,3,evaluate,4.354731023311615,0.5158867706528019,0.5214656265723949,0.5269448343936648,0.521991578630454,1731
323,4,evaluate,4.011836865852619,0.5401737242128122,0.5443836260659414,0.5392050415969012,0.5392160581704128,1842
323,5,evaluate,3.96071925333568,0.5262257696693272,0.5115499945075985,0.5156234761960756,0.5080845866972259,1754
324,0,evaluate,4.137777404785156,0.5358056265984654,0.5214902506787518,0.5219834833513769,0.518482817714314,1564
324,1,evaluate,3.945184405033405,0.5277269957343084,0.5273240342224883,0.5223535956605037,0.523519526408276,1641
324,2,evaluate,3.799921844686781,0.5228050171037628,0.5056748001204754,0.5103405053899989,0.5046320312995182,1754
324,3,evaluate,4.201914310455322,0.5091774303195106,0.5094874058783223,0.5074849950564224,0.5031894978270217,1471
324,4,evaluate,3.853627344657635,0.5369163952225842,0.5390812988516087,0.5379317873343066,0.5364072459090848,1842
324,5,evaluate,4.100984279598508,0.5205083766608897,0.5266580362319335,0.5390657446080503,0.5305088951697303,1731
325,0,evaluate,4.087161588668823,0.5351662404092071,0.5254716238623492,0.519813583095764,0.5187065400434215,1564
325,1,evaluate,4.085986966672151,0.5173351461590755,0.5130062570642104,0.5064580779123535,0.5066221685516462,1471
325,2,evaluate,4.0611807363373895,0.5164644714038128,0.5272969343562017,0.5399208806704865,0.5308985388998757,1731
325,3,evaluate,3.9668608720485983,0.5228519195612431,0.5216920934494109,0.5186717836845823,0.5182581566466316,1641
325,4,evaluate,3.918137994305841,0.5374592833876222,0.5469246709403043,0.541091430202255,0.5398779347349245,1842
325,5,evaluate,3.7890705381120955,0.5307867730900798,0.519312509458058,0.5214057850978507,0.5165857586585271,1754
326,0,evaluate,4.219678116696222,0.511265164644714,0.5245093296715314,0.5351253633847508,0.525340397284374,1731
326,1,evaluate,4.006604884352003,0.5267958950969214,0.5145310487377693,0.5182399048633558,0.5093847784000312,1754
326,2,evaluate,4.150073947577641,0.5336590662323561,0.5436375899788773,0.5372730197143253,0.5350613158826416,1842
326,3,evaluate,4.2773277473449705,0.5434782608695652,0.5324644179798119,0.5255454816136116,0.5245332944861893,1564
326,4,evaluate,4.1752113052036455,0.522093813732155,0.5177327429422667,0.5066703621594149,0.5100557003002831,1471
326,5,evaluate,4.093379158240098,0.5338208409506399,0.5372447740962285,0.5320585233844468,0.5315945382591283,1641
327,0,evaluate,4.198327006964848,0.5325732899022801,0.5440263822894422,0.5332469257559589,0.5332505111593404,1842
327,1,evaluate,4.236419481890542,0.5285062713797035,0.518279858750129,0.5235875279362923,0.511964663611035,1754
327,2,evaluate,4.266970592996349,0.5268524813052345,0.523360188445147,0.5093812033751458,0.5138326272134495,1471
327,3,evaluate,4.388221189379692,0.5147313691507799,0.5311841097071744,0.5396656798319743,0.5303813756416671,1731
327,4,evaluate,4.3233566570281985,0.551150895140665,0.5392793370873051,0.5327778854817014,0.5301068701511051,1564
327,5,evaluate,4.187992563614478,0.52224253503961,0.5251447965849996,0.522607433739026,0.5209671454186778,1641
328,0,evaluate,4.289211273193359,0.5588235294117647,0.5413830124414245,0.5418816534390236,0.5361764483620178,1564
328,1,evaluate,4.123367529649001,0.5240706886045094,0.5236534528414543,0.5250582646295271,0.5224984769960856,1641
328,2,evaluate,4.332385259015219,0.5342075256556442,0.5237597996778686,0.5307825100927309,0.5187085315583108,1754
328,3,evaluate,4.3467201979263965,0.5207341944255608,0.5139710932668217,0.5049698742624023,0.5073609727027462,1471
328,4,evaluate,4.177955101276266,0.5385450597176982,0.5481679922904508,0.5401803245770658,0.5390794566382613,1842
328,5,evaluate,4.512009737747056,0.5262853841709995,0.5402968400298712,0.5502721619663601,0.539540788110004,1731
329,0,evaluate,4.649536575589861,0.5257076834199884,0.5369260389361771,0.5473371034721969,0.5378453281263452,1731
329,1,evaluate,4.279539422988892,0.5703324808184144,0.5542657173474886,0.5570177162410688,0.5502095592908295,1564
329,2,evaluate,4.301964197840009,0.5302166476624858,0.516465699214117,0.5232710957755244,0.5131746119262685,1754
329,3,evaluate,4.351638773213262,0.5356900067980965,0.5273274506370013,0.5237780340112602,0.5240733458157821,1471
329,4,evaluate,4.067592831758352,0.5252894576477758,0.5241565865450596,0.5272993429460018,0.5248022756757041,1641
329,5,evaluate,4.080475519443381,0.5521172638436482,0.5571714317954747,0.5530867769763883,0.5522325818843222,1842
330,0,evaluate,4.455934586732284,0.5261726716519375,0.5230399981654612,0.5185295946020765,0.5180645403527129,1471
330,1,evaluate,4.613389730453491,0.5245522819179665,0.533665449890937,0.5426144868494518,0.5359456508074484,1731
330,2,evaluate,4.427597999572754,0.5498721227621484,0.5335641331046227,0.5369420381934289,0.5313084729924439,1564
330,3,evaluate,4.2527811867850165,0.5262257696693272,0.5135069498989917,0.5190770463333613,0.5117635561453209,1754
330,4,evaluate,4.218595779859102,0.52224253503961,0.5213760061790274,0.5224727918674091,0.5206638875934537,1641
330,5,evaluate,4.071831629194063,0.5602605863192183,0.5619973014103079,0.5573958248838607,0.5582128357923783,1842
331,0,evaluate,4.500478547552357,0.5200543847722637,0.5175598563370685,0.5143254168543588,0.5126210397127404,1471
331,1,evaluate,4.568864464759827,0.5193529751588677,0.5307542697117374,0.5351380470539888,0.5308920596485714,1731
331,2,evaluate,4.4537426948547365,0.5473145780051151,0.5324729416695942,0.5323868633340039,0.5281435953340159,1564
331,3,evaluate,4.303610013081477,0.5124923826934796,0.5123192630236547,0.5117741219890195,0.5098032665517026,1641
331,4,evaluate,4.121654748916626,0.5358306188925082,0.5370303645278135,0.5332747964128399,0.5334080896025603,1842
331,5,evaluate,4.187866968767984,0.5285062713797035,0.515224588885595,0.5189877199092207,0.5138071693195749,1754
332,0,evaluate,4.393791160583496,0.539002557544757,0.523586278059949,0.5234629870609901,0.5206139196412425,1564
332,1,evaluate,4.444587054459945,0.5016995241332427,0.5027187853944081,0.4971353809224638,0.49598084207048687,1471
332,2,evaluate,4.430688568523952,0.514153668399769,0.5229851013773625,0.5317902998727972,0.5247996449291777,1731
332,3,evaluate,4.096128855432783,0.5233751425313569,0.5102394639666209,0.5139262809705956,0.5088974863989064,1754
332,4,evaluate,4.236936119886545,0.5173674588665448,0.5191126227508647,0.5148222119874802,0.5154960432932896,1641
332,5,evaluate,4.125066370799623,0.5369163952225842,0.5386310625122851,0.5356176798578447,0.5351695461433836,1842
333,0,evaluate,3.9215561066355025,0.515963511972634,0.5041383026614692,0.5065250837708695,0.5014688798768822,1754
333,1,evaluate,4.323796634674072,0.5485933503836317,0.5329517503174801,0.5333777824469557,0.5298373423203533,1564
333,2,evaluate,4.255889788917873,0.5091774303195106,0.5086303432485675,0.5011342760934608,0.501806604833727,1471
333,3,evaluate,4.073129919859079,0.5149299207800122,0.5131370631425856,0.5115959981167507,0.5110777811737142,1641
333,4,evaluate,4.080416901358243,0.5325732899022801,0.5394516871049871,0.5332993620997556,0.5339912982827556,1842
333,5,evaluate,4.249266394547054,0.5135759676487579,0.521125429814161,0.5327325420648409,0.5247382202308136,1731
334,0,evaluate,4.004523048034081,0.514320536258379,0.5190445593271222,0.5140102812071784,0.514405358377455,1641
334,1,evaluate,3.8665756242615834,0.5216647662485747,0.5141755348086943,0.5142115577339632,0.5086989692462174,1754
334,2,evaluate,3.9760285821454278,0.5396308360477742,0.5529175024823569,0.5437851949558935,0.543588934674243,1842
334,3,evaluate,4.150196241295856,0.5200543847722637,0.5185096923091728,0.5102569279413804,0.5119816526903127,1471
334,4,evaluate,4.210064539909363,0.5364450127877238,0.5243509002608948,0.5206726137448302,0.5173783838186538,1564
334,5,evaluate,4.113850925649915,0.5216637781629117,0.5280295345267277,0.5376066315244479,0.5305463170713112,1731
335,0,evaluate,4.131911111914593,0.5316111488783141,0.5277410807675024,0.5176244755158919,0.5211788091343298,1471
335,1,evaluate,4.051738711503836,0.5283363802559415,0.5334495487787695,0.5299239962326195,0.5295826607435328,1641
335,2,evaluate,4.059463177408491,0.5347776510832383,0.5270083551781451,0.5305459372826544,0.5231209300306711,1754
335,3,evaluate,4.000077469595547,0.5298588490770901,0.5440686027839037,0.5343412453957341,0.5334545939795566,1842
335,4,evaluate,4.242778992652893,0.5428388746803069,0.5318974374506945,0.5253395204948785,0.5243946224391924,1564
335,5,evaluate,4.112943287406649,0.5147313691507799,0.5260007363209839,0.5352743228947298,0.5276505951691532,1731
336,0,evaluate,4.1574373452559765,0.5207341944255608,0.5170758337462888,0.5079401033113534,0.5106218973039496,1471
336,1,evaluate,4.322578935623169,0.5562659846547314,0.5425075929281403,0.5411370536134033,0.5375790222850411,1564
336,2,evaluate,4.2103277189391,0.5381984036488028,0.5286275894524098,0.5351801408651851,0.5261806468557537,1754
336,3,evaluate,4.091605613971579,0.5418023887079262,0.5511486583350106,0.5449058008127027,0.5435910265244751,1842
336,4,evaluate,4.175396680831909,0.5350396099939062,0.5397735475406664,0.5372114561753443,0.5366494617028292,1641
336,5,evaluate,4.283079639609371,0.5176198729058348,0.5316033187740619,0.5377656188610083,0.531274535205469,1731
337,0,evaluate,4.4368998193740845,0.5453964194373402,0.5281022522663118,0.5294146918742565,0.5252304623736913,1564
337,1,evaluate,4.251336626384569,0.5316111488783141,0.5261425126707779,0.5204982268588619,0.5213774109462326,1471
337,2,evaluate,4.251545750177824,0.52224253503961,0.524599761716072,0.5248763409753322,0.523110205188664,1641
337,3,evaluate,4.26822566986084,0.5450597176981542,0.550884506332,0.546503729016708,0.5449428058163207,1842
337,4,evaluate,4.525357366672584,0.5135759676487579,0.5251934500078383,0.5313579712542257,0.5247849233346665,1731
337,5,evaluate,4.3827599968229025,0.5387685290763968,0.5234565762598679,0.5326069740215029,0.5231208850959246,1754
338,0,evaluate,4.4293405802353565,0.521414004078858,0.5141038249836345,0.5089154845557008,0.5094056374321843,1471
338,1,evaluate,4.368359235616831,0.5301645338208409,0.5307777500043968,0.5328200373694785,0.5293884596246882,1641
338,2,evaluate,4.716024627685547,0.5466751918158568,0.5309614157954127,0.5342542788020148,0.5274225247984476,1564
338,3,evaluate,4.588018349238804,0.5245153933865451,0.5092952276134588,0.5161882860572032,0.5075574575357837,1754
338,4,evaluate,4.423548369572081,0.5456026058631922,0.548086767452308,0.5450573742170516,0.5433874345903036,1842
338,5,evaluate,4.772358349391392,0.511265164644714,0.5220724115249942,0.5313091986365486,0.5226978817609129,1731
339,0,evaluate,4.375499257674584,0.5307739183424741,0.5325075534512397,0.5338505822458315,0.5308709640864683,1641
339,1,evaluate,4.368965338016379,0.5461454940282302,0.5473704803609245,0.5447316391982192,0.5440570443436037,1842
339,2,evaluate,4.5238136393683295,0.5336374002280502,0.5193889431582044,0.5262811768088003,0.5174964853956101,1754
339,3,evaluate,4.724883861541748,0.5473145780051151,0.53041746898022,0.5329391180875,0.5271792687475406,1564
339,4,evaluate,4.81385691676821,0.5135759676487579,0.5219764826013389,0.5327432816641527,0.5240975897597163,1731
339,5,evaluate,4.425871341124825,0.5275322909585316,0.520245226262917,0.515945431280967,0.5161221855370361,1471
340,0,evaluate,4.3821476357323785,0.5433295324971493,0.5274482265211045,0.5364524532773434,0.5274032848987364,1754
340,1,evaluate,4.361267566680908,0.5254928619986404,0.5187353491836848,0.5170118967511713,0.516442913063998,1471
340,2,evaluate,4.566975908279419,0.5537084398976982,0.5329541588655323,0.5362799782793263,0.5322312938659752,1564
340,3,evaluate,4.193139807931308,0.5532030401737242,0.5546913071504244,0.5519496158666183,0.5523810408597889,1842
340,4,evaluate,4.762643124376025,0.5135759676487579,0.5208428188829507,0.5340848867818094,0.5249666194253276,1731
340,5,evaluate,4.223620799871592,0.5277269957343084,0.528363786108921,0.529355027732197,0.5272048166642724,1641
341,0,evaluate,4.098826848543608,0.5338208409506399,0.5377951023826222,0.5360901386393163,0.5350590534424698,1641
341,1,evaluate,4.433354797363282,0.5613810741687979,0.544408711176134,0.5437131398893895,0.5419049168311203,1564
341,2,evaluate,4.2547972202301025,0.5200543847722637,0.5140327633609998,0.509433489653126,0.5104452479530612,1471
341,3,evaluate,4.245840523924146,0.5376282782212086,0.5240725315226186,0.5313242043448094,0.5237009693020388,1754
341,4,evaluate,4.498582644121988,0.5077989601386482,0.5190361519120961,0.5266249644826833,0.5208537338990065,1731
341,5,evaluate,4.072470369010136,0.5428881650380022,0.5482208747130752,0.5420754874809927,0.5438962705941912,1842
342,0,evaluate,4.155679899713268,0.5261726716519375,0.5202128393627757,0.5144767636534995,0.5156828103706808,1471
342,1,evaluate,4.072282314300537,0.5228050171037628,0.5117921630064104,0.5173745999244067,0.5108963693882606,1754
342,2,evaluate,4.2791736636843,0.511265164644714,0.5202871013572161,0.5309006067308623,0.5239316992338854,1731
342,3,evaluate,4.322244138717651,0.5537084398976982,0.538892685986866,0.5343739223942077,0.533795454031819,1564
342,4,evaluate,4.0906582703957195,0.517976843388178,0.5244274121472265,0.5175900699697543,0.5194766987299289,1641
342,5,evaluate,4.081960291698061,0.5331161780673181,0.5453612242467769,0.5330447548845141,0.5356949767736745,1842
343,0,evaluate,4.139987893726515,0.5146159075458872,0.5094887132212425,0.5016564642209739,0.5029641715312182,1471
343,1,evaluate,3.974483941282545,0.5153933865450399,0.5073465410805064,0.5052380663518197,0.5033657241106829,1754
343,2,evaluate,4.154348644716986,0.5206297502714441,0.5389297974478422,0.5229739191378446,0.5257280823352033,1842
343,3,evaluate,4.259519619601114,0.511265164644714,0.5253072388024511,0.5336137269272622,0.526454167282963,1731
343,4,evaluate,4.101497806035555,0.5332114564290067,0.5399363687168515,0.532410731391251,0.5347310343158039,1641
343,5,evaluate,4.326490497589111,0.5396419437340153,0.5300529135509686,0.5209958781040886,0.5207305911307121,1564
344,0,evaluate,4.1897391650987705,0.5091774303195106,0.5061448264586618,0.4967472364624067,0.4969720545397788,1471
344,1,evaluate,4.3996876621246335,0.5441176470588235,0.5382325820210381,0.5314876513955525,0.5282058523629765,1564
344,2,evaluate,4.130518427261939,0.5307739183424741,0.5452221986110065,0.529994991477904,0.5344396431288401,1641
344,3,evaluate,4.211494618448718,0.5190010857763301,0.5387383503723078,0.5213414277896151,0.52303980357055,1842
344,4,evaluate,4.353416442871094,0.5095320623916811,0.5311990612394887,0.5319887665735876,0.5260851804687747,1731
344,5,evaluate,4.076165854930878,0.5165336374002281,0.511038211640895,0.5068076352916666,0.5021632860326251,1754
345,0,evaluate,4.286342168676442,0.5152008686210641,0.5332783432166018,0.5179925675059753,0.518814906141896,1842
345,1,evaluate,4.292674987212472,0.5010197144799456,0.5037072715060371,0.49199308393710767,0.4916279529367119,1471
345,2,evaluate,4.110753417015076,0.5176738882554162,0.5123783861066907,0.5062415363505799,0.5014075801266153,1754
345,3,evaluate,4.483859045164926,0.5031773541305604,0.5243894361365645,0.522460417998331,0.5172623826524225,1731
345,4,evaluate,4.152865033883315,0.514320536258379,0.5286083382003974,0.511201193511811,0.5152742508929106,1641
345,5,evaluate,4.569066643714905,0.532608695652174,0.529520871120776,0.5272350688452784,0.5196791398447196,1564
346,0,evaluate,4.37295417163683,0.4894629503738953,0.4922043926664804,0.4834243435750891,0.4830117677486225,1471
346,1,evaluate,4.641375652381352,0.49971114962449453,0.5177770130537421,0.5188605512674838,0.514186502252169,1731
346,2,evaluate,4.139359217423659,0.5045703839122486,0.5155188483738649,0.501827431625138,0.5054609962069114,1641
346,3,evaluate,4.066721056188856,0.5193842645381984,0.5115185109492598,0.5077382604391807,0.5038920761826886,1754
346,4,evaluate,4.579026041030883,0.5262148337595908,0.5220805244656817,0.5208936594438208,0.513264739819277,1564
346,5,evaluate,4.2789632863011855,0.5195439739413681,0.5307825155315167,0.5223287745420524,0.5219375920626914,1842
347,0,evaluate,4.104540807860238,0.5336374002280502,0.5201503188714269,0.5231273577579381,0.517503606398453,1754
347,1,evaluate,4.232324444330656,0.5228519195612431,0.5262831606071078,0.522568154823196,0.5227616020316601,1641
347,2,evaluate,4.2918488568273085,0.5298588490770901,0.5374740473581187,0.5304014324890414,0.5315197480145784,1842
347,3,evaluate,4.724575400352478,0.5181975736568457,0.5299923591603741,0.5339274131729577,0.5300607109988256,1731
347,4,evaluate,4.508000092506409,0.5332480818414322,0.523984307425828,0.5277747731227019,0.5204013599700168,1564
347,5,evaluate,4.439539090446804,0.5050985723997281,0.5071136431626077,0.4984743181847996,0.5002052181978468,1471
348,0,evaluate,4.432702458423117,0.5180149558123726,0.5206090460804343,0.5092583332439679,0.5128233145334435,1471
348,1,evaluate,4.331227981127226,0.5240706886045094,0.5291431288402226,0.5280850224589797,0.5258270629897638,1641
348,2,evaluate,4.342526912689209,0.5517902813299232,0.5340404527502276,0.5346188847552935,0.5323243686246963,1564
348,3,evaluate,4.208504378795624,0.5319270239452679,0.5207887676319587,0.5276152029358815,0.5172760515875023,1754
348,4,evaluate,4.232725850467024,0.5483170466883822,0.5546110375187768,0.5471958636894045,0.5487625415402789,1842
348,5,evaluate,4.605367141110556,0.5262853841709995,0.5361935937449097,0.5433577287012281,0.5375700273211705,1731
349,0,evaluate,4.300530672073364,0.5198049969530774,0.5271196929677828,0.5251200552272219,0.5212716906240947,1641
349,1,evaluate,4.2402338027954105,0.5498721227621484,0.5319982733434575,0.5258461846014599,0.5270247804227155,1564
349,2,evaluate,4.09392444840793,0.5456026058631922,0.5529354057413113,0.543928999155187,0.5455965520664796,1842
349,3,evaluate,4.562300443649292,0.5297515886770653,0.5416749438801292,0.5459109929043436,0.5393147930984042,1731
349,4,evaluate,4.359704962798527,0.5267958950969214,0.5217881514279361,0.5294518328011467,0.5136605250357822,1754
349,5,evaluate,4.3203065395355225,0.540448674371176,0.5404500282439056,0.5297509882854937,0.5322288812492137,1471
350,0,evaluate,4.264534635543823,0.559462915601023,0.5427397396792858,0.5358323077999343,0.5367930927135248,1564
350,1,evaluate,4.04061168637769,0.5450597176981542,0.5514508493896335,0.5458308220375415,0.5455589843552171,1842
350,2,evaluate,4.1675820661627725,0.5343303874915024,0.52937140964569,0.5216305069842657,0.5230084408435802,1471
350,3,evaluate,4.319130837917328,0.5256556442417332,0.5195494410028287,0.5249753324932847,0.5124298351284707,1754
350,4,evaluate,4.5622303656169345,0.5205083766608897,0.529516456388836,0.5402611622124498,0.5313197739976862,1731
350,5,evaluate,4.186482594563411,0.5271176112126752,0.530212485501585,0.5286539270856059,0.5270954421891562,1641
351,0,evaluate,4.089866627817568,0.5384092454112849,0.5329477188260989,0.5271233419583525,0.528228900910502,1471
351,1,evaluate,4.212204612218416,0.5167580743449116,0.5205606439114306,0.5158792204976366,0.5158457395674819,1641
351,2,evaluate,4.565680180277143,0.5187752744078568,0.5272608533810944,0.5407017634635481,0.5306119607049683,1731
351,3,evaluate,4.37769778251648,0.5607416879795396,0.544012500272671,0.5404076804115523,0.5390669625122755,1564
351,4,evaluate,4.118322915044324,0.5352877307274702,0.5416666422448438,0.5344240401201871,0.5356760213022784,1842
351,5,evaluate,4.295168570109776,0.5250855188141391,0.515281885288139,0.5227208491349589,0.512577441698338,1754
352,0,evaluate,4.524400253295898,0.5569053708439897,0.5477387432536567,0.5425596809469979,0.5390722899130685,1564
352,1,evaluate,4.316445870058877,0.5210946408209807,0.5092708304659743,0.5140677223817314,0.5074190302714175,1754
352,2,evaluate,4.397116230084346,0.5094454600853139,0.5111101564737003,0.5079792500738738,0.5078888459824581,1641
352,3,evaluate,4.168575680774191,0.5227736233854521,0.5197906347424922,0.51437656541685,0.5133729101821143,1471
352,4,evaluate,4.574394639049258,0.5164644714038128,0.522437283547681,0.5409486461781899,0.5279977992688558,1731
352,5,evaluate,4.316391936663924,0.5385450597176982,0.5457247177037944,0.5399960852524552,0.5392727929633405,1842
353,0,evaluate,4.304851685251508,0.5290763968072976,0.5154287117476541,0.5154211952909649,0.5117151604417227,1754
353,1,evaluate,4.211939853170644,0.5173351461590755,0.5129460782241784,0.5096086869594878,0.5077563460527581,1471
353,2,evaluate,4.612435445785523,0.540920716112532,0.5333603071660853,0.5278933504275907,0.5234646771544744,1564
353,3,evaluate,4.64206817320415,0.5245522819179665,0.5333398119728412,0.5486989905902213,0.5359236788516792,1731
353,4,evaluate,4.4419834063603325,0.5106642291285801,0.5155173615578832,0.508082793411383,0.5095926231178989,1641
353,5,evaluate,4.418094930977657,0.5363735070575462,0.5485963284314517,0.5396229119420413,0.5383191842564615,1842
354,0,evaluate,4.707819690704346,0.5274936061381074,0.517690253349125,0.5165257560088755,0.5099643372927464,1564
354,1,evaluate,4.883015053612845,0.5216637781629117,0.5306425860032598,0.5459194026639168,0.5328546222710723,1731
354,2,evaluate,4.358588778454324,0.5146159075458872,0.5086015026335969,0.5085379478961458,0.5046141685555371,1471
354,3,evaluate,4.422607238476093,0.5185862279098111,0.5196646891551202,0.5161334610169328,0.5159378286057573,1641
354,4,evaluate,4.48823646019245,0.5423452768729642,0.5519332714237087,0.5444716481514893,0.5433532987752031,1842
354,5,evaluate,4.333183492933001,0.5296465222348917,0.5133869248166893,0.5150090852072762,0.5122973062858687,1754
355,0,evaluate,4.424295290656712,0.5139360978925901,0.5082280299252113,0.5069900922071366,0.5042882846691532,1471
355,1,evaluate,4.677413520812988,0.520460358056266,0.5097190886382327,0.5114669557781711,0.5046857357478693,1564
355,2,evaluate,4.9183144101074765,0.5101097631426921,0.5175541594236058,0.5295409176617518,0.5193322103481142,1731
355,3,evaluate,4.527616665281099,0.5461454940282302,0.551500329949649,0.5480018966890124,0.5461034022668287,1842
355,4,evaluate,4.352976305144174,0.5307867730900798,0.5119109282552636,0.5161267627346218,0.5119582685185949,1754
355,5,evaluate,4.365383945978605,0.5204143814747105,0.5186233550032396,0.5205798119218258,0.5183699907752629,1641
356,0,evaluate,4.495622043609619,0.5300511508951407,0.5209541219941671,0.5207781101563483,0.5155762606460461,1564
356,1,evaluate,4.730361453124455,0.5193529751588677,0.5293238941444416,0.5360557809080422,0.5297867457787614,1731
356,2,evaluate,4.157035002341638,0.52224253503961,0.5240193584667486,0.524933382400701,0.5221345191127751,1641
356,3,evaluate,4.3611816012341045,0.5180149558123726,0.5165266957209687,0.5115339206834675,0.512318138685636,1471
356,4,evaluate,4.265825765473502,0.5256556442417332,0.5104756552983438,0.5134923470640431,0.5088359890260901,1754
356,5,evaluate,4.365396031017961,0.5369163952225842,0.543174129375383,0.5381773252340851,0.5371420685658811,1842
357,0,evaluate,3.9578681083825917,0.5033516148689823,0.5090243268775725,0.5054261284489442,0.505031687304562,1641
357,1,evaluate,4.5056785089629035,0.5199306759098787,0.5304350627616635,0.5375681708820784,0.5317549404976609,1731
357,2,evaluate,4.164897663839932,0.5304017372421281,0.5393366257468516,0.5315037934397248,0.5318629942587615,1842
357,3,evaluate,4.182186698913574,0.5479539641943734,0.5402789577408039,0.5334316901382532,0.5325472484236854,1564
357,4,evaluate,4.206969126411106,0.5275322909585316,0.5285286421150147,0.5167910324522154,0.5205648354593186,1471
357,5,evaluate,4.056773892470768,0.5285062713797035,0.5228701984850344,0.5212831967018808,0.5163429300783743,1754
358,0,evaluate,4.1081060996422405,0.5045703839122486,0.5127106735565224,0.5060544052678461,0.5066319566532378,1641
358,1,evaluate,4.130393515462461,0.5329707681849082,0.5319400482860319,0.5219319428945782,0.524581142624211,1471
358,2,evaluate,4.5087542448725015,0.5170421721548238,0.5315821969109338,0.5309344219159774,0.528449013172202,1731
358,3,evaluate,4.189578590393066,0.5447570332480819,0.538401704155916,0.5298008321976158,0.5296660049326672,1564
358,4,evaluate,4.064246522969213,0.5304017372421281,0.5427356240527252,0.5326869185660701,0.5335234112102001,1842
358,5,evaluate,4.157350676400321,0.5176738882554162,0.515258503670869,0.5129900340237505,0.5068535760876294,1754
359,0,evaluate,4.298446545234094,0.4990859232175503,0.5070125998654654,0.49821994755721305,0.49947884460735964,1641
359,1,evaluate,4.642831461770194,0.5164644714038128,0.532594482558602,0.5320411076046048,0.5298054524656269,1731
359,2,evaluate,4.225968464561131,0.5316111488783141,0.5289437566180015,0.5209175485337058,0.5224424840631895,1471
359,3,evaluate,4.2827434158325195,0.5402813299232737,0.5341995951033137,0.524604178346051,0.5244308332994182,1564
359,4,evaluate,4.341132985694068,0.5279361459521095,0.5304136108505936,0.5263661846301136,0.5190123538539333,1754
359,5,evaluate,4.172300552499705,0.5314875135722041,0.5400477235309681,0.5344729948012304,0.5344032668170381,1842
360,0,evaluate,4.364367800099509,0.5205245153933865,0.5168575972850894,0.5153653887915028,0.5093916012050979,1754
360,1,evaluate,4.670486944062369,0.511265164644714,0.5246263547922145,0.5279126440937024,0.5241243599203931,1731
360,2,evaluate,4.341320846391761,0.5336505778382054,0.5323275608500324,0.5253057452653722,0.5256880524761355,1471
360,3,evaluate,4.299416156915518,0.5100548446069469,0.5143870050811152,0.5085113111394942,0.5094306596728698,1641
360,4,evaluate,4.3937327098846435,0.5428388746803069,0.5356964377339738,0.5271277168624783,0.5266307274766836,1564
360,5,evaluate,4.294761534394889,0.5314875135722041,0.542977556030847,0.5325631171677416,0.5349512282973203,1842
361,0,evaluate,4.200266333726736,0.5210237659963437,0.5250245603469523,0.5185172860364665,0.5204752934821395,1641
361,1,evaluate,4.400848046593044,0.5227736233854521,0.5208360302379997,0.5140785505783565,0.5144584752139445,1471
361,2,evaluate,4.308195393660973,0.5380021715526602,0.5450686600333425,0.5379078701099668,0.5386881503716098,1842
361,3,evaluate,4.524258794784546,0.5441176470588235,0.5364782010448831,0.528691023455843,0.5279847837463081,1564
361,4,evaluate,4.5355368086269925,0.5095320623916811,0.5217229884730852,0.5292971652261071,0.5233498448965257,1731
361,5,evaluate,4.2669291240828375,0.5153933865450399,0.508825287707052,0.509245883923872,0.5037395660861843,1754
362,0,evaluate,4.6459068775177,0.5479539641943734,0.5390261026757228,0.5368693604179018,0.5325125725791183,1564
362,1,evaluate,4.3597159293981695,0.52224253503961,0.5211146983368731,0.5208485381870462,0.5202059087464386,1641
362,2,evaluate,4.664108446666172,0.49855574812247255,0.5087578059578245,0.5225956513414995,0.5120920373697391,1731
362,3,evaluate,4.368731643472399,0.5233751425313569,0.5092370006622189,0.5134810838401885,0.5089637798452618,1754
362,4,evaluate,4.392731559687648,0.5439739413680782,0.5486207083954526,0.5446247720370698,0.5437178854075768,1842
362,5,evaluate,4.566066171811975,0.5112168592794017,0.5049013678604309,0.5029019516200618,0.5006384089506263,1471
363,0,evaluate,4.811383089848927,0.49797804737146156,0.506205958428086,0.5232900981358899,0.510408799410021,1731
363,1,evaluate,4.371405165770958,0.5456026058631922,0.5465816976302181,0.5469522269592414,0.5439272636149524,1842
363,2,evaluate,4.5479045950848125,0.5159755268524813,0.5042646057452863,0.5054726415219687,0.5018562281821339,1471
363,3,evaluate,4.350981107124915,0.5167580743449116,0.511097428300601,0.5173240223712027,0.5124234863388841,1641
363,4,evaluate,4.620363664627075,0.5383631713554987,0.5246107363739841,0.5255251759768678,0.5198648278958217,1564
363,5,evaluate,4.481322390692575,0.5193842645381984,0.5010838551441872,0.5069299357974613,0.5021903664870863,1754
364,0,evaluate,4.466284596401712,0.5084976206662135,0.49786910084331765,0.49831336639844837,0.4959862965557657,1471
364,1,evaluate,4.204060279406034,0.5258988421694089,0.5200395569760159,0.5259021519811528,0.5208469111959462,1641
364,2,evaluate,4.450350046157837,0.5447570332480819,0.5258603313522207,0.5288448517519121,0.5233715122821241,1564
364,3,evaluate,4.797141947916576,0.5083766608896592,0.5146264651352774,0.5323351591593116,0.5191326343214979,1731
364,4,evaluate,4.35300349367076,0.5472312703583062,0.5480230976661711,0.548050235741453,0.5454711603642453,1842
364,5,evaluate,4.389782684189933,0.5279361459521095,0.5106467723044481,0.5185185629779754,0.5123288262334389,1754
365,0,evaluate,4.119289783331064,0.5252894576477758,0.5264843068620927,0.5272682491235038,0.5249850618374643,1641
365,1,evaluate,4.238433369568416,0.5359179019384265,0.5223137243962487,0.5264407635084225,0.5219541520371266,1754
365,2,evaluate,4.375153634859168,0.5071380013596193,0.49950553167210743,0.49525665623026177,0.49673871227511146,1471
365,3,evaluate,4.704646770443235,0.5228191796649335,0.5292862043518931,0.547893616298636,0.5344559327468876,1731
365,4,evaluate,4.296116218566895,0.540920716112532,0.525350213692686,0.526655165628021,0.5226302773996566,1564
365,5,evaluate,4.299303021924249,0.5401737242128122,0.5438592568285754,0.5414649210066974,0.5398769633726727,1842
366,0,evaluate,4.478230403817219,0.5091774303195106,0.509802800113459,0.5018622005156281,0.5036158649425694,1471
366,1,evaluate,4.206952043942043,0.523945267958951,0.516203099811181,0.5172057084296793,0.5130105168507935,1754
366,2,evaluate,4.340110277307445,0.5380021715526602,0.5475535518158072,0.5419368217022373,0.5409422355883808,1842
366,3,evaluate,4.779726241316114,0.5176198729058348,0.5317847216471078,0.5365679753193475,0.5313731665574528,1731
366,4,evaluate,4.269832996221689,0.5131017672151127,0.5209867157760766,0.513152926850081,0.5148214477424123,1641
366,5,evaluate,4.295111923217774,0.5364450127877238,0.5246852844984623,0.5231675418010592,0.5209451166900647,1564
367,0,evaluate,4.416744689941407,0.5370843989769821,0.5301808913057735,0.5271173235966723,0.5248517523445837,1564
367,1,evaluate,4.313112224851336,0.5193842645381984,0.5180002174008037,0.5157411422363527,0.5112655875631106,1754
367,2,evaluate,4.765192312853677,0.5181975736568457,0.5311989888881531,0.5341696633885165,0.5309354030152944,1731
367,3,evaluate,4.370018309560315,0.5271444082519001,0.5414596463554471,0.530552430288252,0.5316210726754964,1842
367,4,evaluate,4.519704891287762,0.5105370496261047,0.5122544761813113,0.5034543896858781,0.5052552700763664,1471
367,5,evaluate,4.397450236173777,0.5155393053016454,0.5283518878238553,0.5158700210788841,0.518570793135205,1641
368,0,evaluate,4.414988599974533,0.5314875135722041,0.5429599836414077,0.5326829172261316,0.5345810500899633,1842
368,1,evaluate,4.552679207014001,0.5227736233854521,0.5263498907691068,0.5166639252010865,0.5182655940571843,1471
368,2,evaluate,4.455219984054565,0.5285062713797035,0.5270459783032898,0.5276692926894817,0.5192237514305785,1754
368,3,evaluate,4.68268804039274,0.5210860774119006,0.5326454396089041,0.5372685042860755,0.5329966457305895,1731
368,4,evaluate,4.537634207652165,0.5161486898232784,0.5273168044985985,0.5192694050340548,0.5203795762273281,1641
368,5,evaluate,4.54465880393982,0.539002557544757,0.5300256448673856,0.5276491502156456,0.5252367838347911,1564
369,0,evaluate,4.578365189688546,0.5210946408209807,0.5150663994981606,0.5210053833998873,0.5090952780003787,1754
369,1,evaluate,4.658826417922974,0.5517902813299232,0.5378392448278301,0.5344197098767364,0.5333907600595211,1564
369,2,evaluate,4.444308404264779,0.5309446254071661,0.537923405393912,0.5294396489789858,0.5317408601105676,1842
369,3,evaluate,4.5988531571168165,0.5161486898232784,0.522541041232136,0.519510082865955,0.5188789997771521,1641
369,4,evaluate,4.687269014971597,0.5222414789139226,0.5291940038462687,0.5393041274910413,0.531608821758884,1731
369,5,evaluate,4.632341270861418,0.5193745751189667,0.5156185982286808,0.5092498904334628,0.5103391133872457,1471
370,0,evaluate,4.75984754562378,0.5434782608695652,0.528766933391871,0.5271519980380448,0.5247776377694234,1564
370,1,evaluate,4.612411727075991,0.5159755268524813,0.5014885222525977,0.5019376122713661,0.500361877204153,1471
370,2,evaluate,4.647484269525323,0.512420566146736,0.5178971262526821,0.536581169235071,0.5230723981585672,1731
370,3,evaluate,4.617383755170382,0.517976843388178,0.5206415592820616,0.5194486989034963,0.5178943029100757,1641
370,4,evaluate,4.503214614731925,0.5250855188141391,0.5099578550997542,0.5214403309341318,0.5090853967309115,1754
370,5,evaluate,4.420245310355877,0.5401737242128122,0.5396487630686814,0.5375818138911387,0.537474332709173,1842
371,0,evaluate,4.3118412248019515,0.5342019543973942,0.5337097329125069,0.5335198555520171,0.5312471612471501,1842
371,1,evaluate,4.391424371646001,0.5082266910420475,0.5050214057466398,0.5099674131236568,0.5049003433045279,1641
371,2,evaluate,4.241697694574084,0.5182440136830102,0.497945315164759,0.509208456053148,0.4993337163353992,1754
371,3,evaluate,4.6312319278717045,0.532608695652174,0.515856306461836,0.5177231381697512,0.5104018224166195,1564
371,4,evaluate,4.603583661573274,0.5181975736568457,0.5269444140545047,0.5416413491858617,0.5285223785744361,1731
371,5,evaluate,4.444809913635254,0.5118966689326988,0.4981388360045587,0.4974809951069436,0.49591547984760476,1471
372,0,evaluate,4.556990704366139,0.511842865395725,0.5202148575498593,0.5361741748853276,0.5212833114965154,1731
372,1,evaluate,4.247702039521316,0.5428881650380022,0.5475584437103908,0.5447790107565786,0.5429942303368757,1842
372,2,evaluate,4.3715584692747695,0.5146159075458872,0.5055818201306177,0.5040582977315047,0.5002624490711293,1471
372,3,evaluate,4.444041614532471,0.5421994884910486,0.5290621133516084,0.5300819213624723,0.5210941180067152,1564
372,4,evaluate,4.135118390832629,0.5267958950969214,0.5070269748318468,0.5168718852477119,0.5081616864187376,1754
372,5,evaluate,4.194975293599642,0.5161486898232784,0.5089907318039133,0.5153986734739248,0.5100678038626337,1641
373,0,evaluate,4.186829797152815,0.5401737242128122,0.5466776340730061,0.5428472204901297,0.5418396564602589,1842
373,1,evaluate,4.173342411334698,0.5258988421694089,0.5240876981216569,0.5248902399443722,0.522779417394957,1641
373,2,evaluate,4.321611833572388,0.5543478260869565,0.5430306779771383,0.5423802906707562,0.5350921539286702,1564
373,3,evaluate,4.498289597885949,0.5135759676487579,0.527378822198917,0.5384530858923298,0.528323518003642,1731
373,4,evaluate,4.26382385129514,0.5207341944255608,0.5179807533245857,0.5132260328850903,0.5119182542861933,1471
373,5,evaluate,4.169889381953648,0.5359179019384265,0.518780652399334,0.525828200678992,0.5191144644063433,1754
374,0,evaluate,4.553325312478202,0.514153668399769,0.5292186032922113,0.534405075714027,0.5299798959786532,1731
374,1,evaluate,4.235766182775083,0.5336505778382054,0.5382694805271211,0.5276689766814675,0.5297696259485826,1471
374,2,evaluate,4.253938513142722,0.5250855188141391,0.518433541577677,0.5205907005892534,0.5142235906874841,1754
374,3,evaluate,4.314878387451172,0.5492327365728901,0.5412601388994275,0.5362329609736337,0.5340150197062558,1564
374,4,evaluate,4.137314229175963,0.5304017372421281,0.5401865616619838,0.5325361545701284,0.5335218477428312,1842
374,5,evaluate,4.273446009709285,0.517976843388178,0.5222287491571759,0.5175371077438158,0.5182553994003624,1641
375,0,evaluate,4.670460368905749,0.5233968804159446,0.5390594078324303,0.5388404825150823,0.5381801512119577,1731
375,1,evaluate,4.2711680246436075,0.5282121006118287,0.5273409394382635,0.5174524258931197,0.5208912344338955,1471
375,2,evaluate,4.335196460996356,0.5228050171037628,0.5207187605741194,0.519161239086763,0.5139467534901783,1754
375,3,evaluate,4.323850450515747,0.5575447570332481,0.5495942958199502,0.5432404004164965,0.5424451213561188,1564
375,4,evaluate,4.464473797724797,0.5112736136502133,0.519222190970218,0.5108674631004358,0.5125865932920776,1641
375,5,evaluate,4.2666119378188565,0.5369163952225842,0.5494319854538257,0.5400909043633343,0.5410870257525574,1842
376,0,evaluate,4.446827543192897,0.5385450597176982,0.5477185874774875,0.5414240799170511,0.5412677876396459,1842
376,1,evaluate,4.392476396560669,0.5549872122762148,0.5438205022448984,0.5398771141460295,0.5381866688429697,1564
376,2,evaluate,4.539607873329749,0.5167580743449116,0.5211941692992668,0.519126231365754,0.5172524588261643,1641
376,3,evaluate,4.45844281571252,0.5193842645381984,0.515482346799631,0.5130585881542713,0.5088361085287673,1754
376,4,evaluate,4.717901859964643,0.5233968804159446,0.5319217366188219,0.5368022825299346,0.5328346277002546,1731
376,5,evaluate,4.393044855283654,0.5241332426920462,0.5218573858147282,0.5135180604521774,0.5156368703836413,1471
377,0,evaluate,4.63548789705549,0.5210946408209807,0.5117435173554149,0.5160113300585645,0.5081569433506726,1754
377,1,evaluate,4.628557961562584,0.5358306188925082,0.5398714544168598,0.5359515628551673,0.5355126812001546,1842
377,2,evaluate,4.51542573928833,0.5524296675191815,0.5366684382184354,0.5373481953611625,0.5323889501674004,1564
377,3,evaluate,4.763216815888882,0.5257076834199884,0.5324503597324454,0.5398576121182997,0.5331413692593191,1731
377,4,evaluate,4.554286925689034,0.5343303874915024,0.5268906320213171,0.5211551676467912,0.5226530252556254,1471
377,5,evaluate,4.6460775045248175,0.5204143814747105,0.5217453857650742,0.5229349322351703,0.519124794182586,1641
378,0,evaluate,4.574710777827671,0.5171037628278221,0.503861080049707,0.510606287439452,0.5028215337602486,1754
378,1,evaluate,4.536910671454209,0.52224253503961,0.5244406102164169,0.5261398124176514,0.5223948671163728,1641
378,2,evaluate,4.51818995475769,0.5524296675191815,0.5403035347877392,0.5391491533965097,0.5347157098473827,1564
378,3,evaluate,4.516248546797653,0.5347448425624322,0.5384759561823617,0.53435335718919,0.5341542273033766,1842
378,4,evaluate,4.736844830214977,0.5274407856730213,0.5336753992613165,0.5484027221951144,0.5370377628310925,1731
378,5,evaluate,4.472739292227703,0.5186947654656696,0.507333311674053,0.5035298649630414,0.5045105563290435,1471
379,0,evaluate,4.255477490632431,0.5227736233854521,0.5116865754259015,0.5082809980716085,0.5089699598461991,1471
379,1,evaluate,4.411491632461548,0.5210946408209807,0.5030529770843126,0.5121303212609746,0.5035883697643686,1754
379,2,evaluate,4.416063899993897,0.5498721227621484,0.5389509172187896,0.5359690012338134,0.5319612498427672,1564
379,3,evaluate,4.650120457035622,0.5187752744078568,0.5252618671294521,0.5420515974101564,0.5283731452711151,1731
379,4,evaluate,4.3735523552730164,0.5358306188925082,0.5388389454372705,0.5362398771213817,0.5358560945501895,1842
379,5,evaluate,4.268333829366243,0.5173674588665448,0.5173628990998178,0.519386491529065,0.5171514715683483,1641
380,0,evaluate,4.134630955182589,0.5198049969530774,0.5167068861692499,0.5201060848491471,0.5174460918957873,1641
380,1,evaluate,4.300475378036499,0.5466751918158568,0.5341544382004273,0.529754340214065,0.5272995099672693,1564
380,2,evaluate,4.235926381472884,0.5342019543973942,0.5412607880840248,0.5347291711716535,0.5350485666898275,1842
380,3,evaluate,4.249211209160941,0.5256556442417332,0.5073561084331223,0.5145646579409032,0.5056177617397615,1754
380,4,evaluate,4.563537278611745,0.5176198729058348,0.5290409552043448,0.5416916340011038,0.5298504092385611,1731
380,5,evaluate,4.129059325093809,0.5173351461590755,0.5090872553489644,0.5048569952476042,0.5050619996372003,1471
381,0,evaluate,4.3207734680175784,0.5434782608695652,0.5350193409519683,0.5315804975343017,0.528458239983992,1564
381,1,evaluate,4.107439197026766,0.5149299207800122,0.5147926728248691,0.5139187534437891,0.5137329375070989,1641
381,2,evaluate,4.537749169128282,0.5268630849220104,0.5425927181011039,0.5516091505416979,0.5430032975552928,1731
381,3,evaluate,4.2289065381755,0.5200543847722637,0.5157183759169944,0.5089311785401134,0.5105496198754393,1471
381,4,evaluate,4.184364497661591,0.5319270239452679,0.5172728333087195,0.5218464999980854,0.5146240439489672,1754
381,5,evaluate,4.182030118744949,0.5342019543973942,0.5422758540942122,0.5344007802422078,0.5364685136191965,1842
382,0,evaluate,4.2867414099829535,0.5279361459521095,0.5187019363072639,0.5174315024819032,0.51422824519451,1754
382,1,evaluate,4.385383253097534,0.532608695652174,0.5270692827283753,0.5204069042830243,0.5176108884287604,1564
382,2,evaluate,4.629646556718009,0.5222414789139226,0.536786787221306,0.5455453540338617,0.5377394554840218,1731
382,3,evaluate,4.241531174758385,0.5369163952225842,0.5506406166831506,0.5385916935481191,0.5417443970687819,1842
382,4,evaluate,4.271688277904804,0.5198049969530774,0.5205844507279137,0.5172867498727339,0.5178431783638878,1641
382,5,evaluate,4.40045252053634,0.5050985723997281,0.5077017239043221,0.49699212916561375,0.4996082188076617,1471
383,0,evaluate,4.421175743852343,0.5171037628278221,0.5093265899809333,0.5069785353864351,0.5027962467246246,1754
383,1,evaluate,4.51361837387085,0.5460358056265985,0.5372257321353084,0.5353438435088252,0.5317764779688606,1564
383,2,evaluate,4.539838065271792,0.5084976206662135,0.507342765418653,0.5006698330013578,0.5013475011752212,1471
383,3,evaluate,4.68685086284365,0.5205083766608897,0.5344895375390473,0.537964226323835,0.5343987224670711,1731
383,4,evaluate,4.362728620397633,0.5363735070575462,0.5480678851054099,0.5377200808792548,0.5409284687707518,1842
383,5,evaluate,4.420584687819848,0.5161486898232784,0.5179517291935831,0.5157650761279707,0.5153843297070606,1641
384,0,evaluate,4.570077222326527,0.512576478585996,0.5088769794833577,0.5038535924293794,0.5038551300815374,1471
384,1,evaluate,4.451129198074341,0.5309446254071661,0.5379488782371425,0.5322141828775762,0.5332612789925248,1842
384,2,evaluate,4.560706462860107,0.5485933503836317,0.5377342832380603,0.5390607970960997,0.5330294010602316,1564
384,3,evaluate,4.525175057924711,0.5082266910420475,0.5136069356342432,0.5079252282784595,0.5085720480736902,1641
384,4,evaluate,4.47007200547627,0.5216647662485747,0.5118759419073559,0.5135053708762289,0.5078621717305583,1754
384,5,evaluate,4.773602340902601,0.5314846909300982,0.5425283378225312,0.5458315436177024,0.5428037329672879,1731
385,0,evaluate,4.435006742477417,0.5498721227621484,0.5408932332189511,0.540116286446581,0.5343827717892334,1564
385,1,evaluate,4.679384682859693,0.5251299826689775,0.5384882420638878,0.5399028365241774,0.5371152375270285,1731
385,2,evaluate,4.4449344095976455,0.5227736233854521,0.5175213597075705,0.5112942303662967,0.5122956675455287,1471
385,3,evaluate,4.566731828909654,0.49786715417428395,0.5009133836754487,0.4983150340834137,0.49776853224870277,1641
385,4,evaluate,4.38904687336513,0.5290763968072976,0.518759394606611,0.5220454710742376,0.5152405273077465,1754
385,5,evaluate,4.3903395554115034,0.5418023887079262,0.5459081545263089,0.5420302022519962,0.5416458018376912,1842
386,0,evaluate,4.2748145532608035,0.5428388746803069,0.534750295058173,0.5327575943567775,0.5278666961814114,1564
386,1,evaluate,4.6089097048555105,0.5233968804159446,0.5343573962462244,0.5386992042429111,0.5336890536269764,1731
386,2,evaluate,4.343184922422681,0.5279361459521095,0.5186373250295567,0.519188062522252,0.513691627336933,1754
386,3,evaluate,4.337604284286499,0.5268524813052345,0.5235347472903727,0.5162510678855129,0.5175389274385866,1471
386,4,evaluate,4.434211639257578,0.5161486898232784,0.5201453784057479,0.5159802740413407,0.5170990005968308,1641
386,5,evaluate,4.275411457851015,0.5363735070575462,0.5471761455061653,0.538585726110272,0.5393170796443166,1842
387,0,evaluate,4.339454008185345,0.5186947654656696,0.5192249565132058,0.5072071584650685,0.5102444052213972,1471
387,1,evaluate,4.682091248886926,0.5101097631426921,0.5211727743114564,0.5286242307703686,0.52120230669966,1731
387,2,evaluate,4.37888102872031,0.5233751425313569,0.5189820688725851,0.5136175690140672,0.5113339921381572,1754
387,3,evaluate,4.231710080442758,0.5363735070575462,0.5503827200027918,0.5398741071553509,0.5404864721050998,1842
387,4,evaluate,4.264917440414429,0.5415601023017903,0.537398200173026,0.5295743131509295,0.5261747809617352,1564
387,5,evaluate,4.272469502228957,0.5173674588665448,0.5238766977725162,0.5163787277613616,0.5183426560485067,1641
388,0,evaluate,4.726435697504452,0.5060658578856152,0.5177273088138685,0.5255264006775926,0.5176701513537625,1731
388,1,evaluate,4.166936828539922,0.5161486898232784,0.5197182378190682,0.5168356231725036,0.5170168409188152,1641
388,2,evaluate,4.264816210187715,0.5374592833876222,0.5489277158923362,0.5391666708232159,0.54063974097696,1842
388,3,evaluate,4.3767097762652805,0.5205245153933865,0.5117036106346531,0.5117498318367105,0.5065328723341332,1754
388,4,evaluate,4.32031770374464,0.512576478585996,0.5106544012926391,0.5005304658692351,0.503235330879874,1471
388,5,evaluate,4.355209579467774,0.5460358056265985,0.5379683762247622,0.5322434082148421,0.5291529658889951,1564
389,0,evaluate,4.406802825927734,0.5345268542199488,0.5252785665958399,0.5184927116794601,0.5165834590519003,1564
389,1,evaluate,4.200057859006136,0.5241332426920462,0.5149742503148336,0.5133388710096207,0.5126286826887119,1471
389,2,evaluate,4.3804852196148465,0.5233751425313569,0.510420115221712,0.5165501881957318,0.5073154646959018,1754
389,3,evaluate,4.091015293047978,0.5161486898232784,0.5171846471459279,0.5185931305719601,0.5169539247558719,1641
389,4,evaluate,4.743898178849902,0.5083766608896592,0.5197042040059768,0.5302094985249987,0.5214757446404409,1731
389,5,evaluate,4.209720997974791,0.5407166123778502,0.5481004889606369,0.5428046818614716,0.5431023657348578,1842
390,0,evaluate,4.270416470674368,0.5210237659963437,0.5227586158679844,0.5240137292663352,0.5217125271374189,1641
390,1,evaluate,4.435395113059452,0.5262257696693272,0.5106406695049407,0.5165527587972838,0.5091635555063115,1754
390,2,evaluate,4.519579439163208,0.5415601023017903,0.5289715354737926,0.5267756033496622,0.5224701110873655,1564
390,3,evaluate,4.236601269763449,0.522093813732155,0.5143111510889964,0.5143444977646324,0.511151338516884,1471
390,4,evaluate,4.248975992202759,0.5472312703583062,0.5557790877324248,0.5492376336647607,0.5494284350117742,1842
390,5,evaluate,4.72507244348526,0.512420566146736,0.5222694979577516,0.5351933293846283,0.5263324398961522,1731
391,0,evaluate,4.727843189239502,0.5460358056265985,0.5317380749348618,0.5317874348229689,0.5276899772775702,1564
391,1,evaluate,4.4415137456811,0.5173351461590755,0.5105212211739065,0.5102978053208254,0.5075692518293453,1471
391,2,evaluate,4.523316408025807,0.5396308360477742,0.5466218961544909,0.5399635208611769,0.5407347950477244,1842
391,3,evaluate,4.6200112746312065,0.526508226691042,0.5273889210082146,0.5302732438343825,0.5247805706682608,1641
391,4,evaluate,4.873853462082999,0.5181975736568457,0.5307968069344021,0.5394792292784273,0.533709352103711,1731
391,5,evaluate,4.731252806527274,0.5307867730900798,0.5179929769939537,0.5250902477924299,0.5147015650716207,1754
392,0,evaluate,4.927366914749146,0.5415601023017903,0.5280171136786244,0.5260551520505776,0.5230363091677506,1564
392,1,evaluate,4.771680511277298,0.5314875135722041,0.5372693917459432,0.5329869524247247,0.5310659146011594,1842
392,2,evaluate,4.6257301828135615,0.5139360978925901,0.5100708167313803,0.5078620462124923,0.5048103085092334,1471
392,3,evaluate,4.998142770358494,0.5176198729058348,0.5305368392464597,0.5349688541011686,0.5305162919735108,1731
392,4,evaluate,4.917419937940744,0.5198049969530774,0.5243647377813896,0.5251158075373664,0.5185939064208756,1641
392,5,evaluate,4.881638322557722,0.5296465222348917,0.5212623550184693,0.5229420889809352,0.5148686653430701,1754
393,0,evaluate,4.740142303964366,0.522093813732155,0.5196607267540282,0.5160091851256522,0.5146679314382395,1471
393,1,evaluate,4.931678638458252,0.5415601023017903,0.52962083244132,0.5242776502609969,0.5232866462685359,1564
393,2,evaluate,4.897395364169417,0.5358306188925082,0.5461699433320609,0.5388010100921486,0.5370160068005366,1842
393,3,evaluate,4.739273130893707,0.5262257696693272,0.5279793614984009,0.5208398745676068,0.5158560234095919,1754
393,4,evaluate,4.948307424783707,0.5210860774119006,0.5318174129957216,0.5343226157884491,0.5302851893983949,1731
393,5,evaluate,4.993206005830031,0.5051797684338818,0.5148696803533277,0.5100454785962681,0.5066810838945275,1641
394,0,evaluate,4.782312797463459,0.5261726716519375,0.5221690215603203,0.5175646871490744,0.5173135263172177,1471
394,1,evaluate,4.926516266969534,0.5124923826934796,0.5215313710022161,0.514275017332835,0.5144468291002487,1641
394,2,evaluate,4.841090843595308,0.5358306188925082,0.5505775672864395,0.5390940134931834,0.539512141319117,1842
394,3,evaluate,4.86181975364685,0.540920716112532,0.5306896385009504,0.5271123760109249,0.5247557088405632,1564
394,4,evaluate,4.677351951599121,0.5233751425313569,0.5191607103632941,0.5148597379964469,0.511784323993741,1754
394,5,evaluate,4.864455318876675,0.5262853841709995,0.5356186676475193,0.5369701625079986,0.5353430154176294,1731
395,0,evaluate,4.6493233079495635,0.5207341944255608,0.5136353407452898,0.5111967392092609,0.5102522347886419,1471
395,1,evaluate,4.794481115341187,0.5434782608695652,0.5369444164324043,0.5319893292465363,0.5285811918908605,1564
395,2,evaluate,4.698262590628404,0.5137111517367459,0.5232935064156686,0.5126699055242793,0.5149660810275934,1641
395,3,evaluate,4.61434930562973,0.5188141391106044,0.5117590702235386,0.5120190208666343,0.5072877183424311,1754
395,4,evaluate,4.666051782410721,0.5358306188925082,0.550961021589816,0.539176704743699,0.5401361704086218,1842
395,5,evaluate,4.862512741770063,0.5135759676487579,0.5254057163858584,0.5276503447641054,0.5239402770334068,1731
396,0,evaluate,4.776811557156699,0.5095320623916811,0.5232911539475233,0.5280905650008784,0.5215562069289723,1731
396,1,evaluate,4.393082288595346,0.5076173065204144,0.516925121131427,0.505985802547514,0.5093389472434271,1641
396,2,evaluate,4.400140648302824,0.5180149558123726,0.5133703240552134,0.5060520056643371,0.5072036378055912,1471
396,3,evaluate,4.637537364959717,0.5498721227621484,0.5421857906913029,0.5365152030562876,0.5336541063504261,1564
396,4,evaluate,4.512325895243678,0.5456026058631922,0.5547595478170269,0.5469038563014457,0.5472656891552587,1842
396,5,evaluate,4.535440053258624,0.5136830102622577,0.5011615928250446,0.5026692081119535,0.49736406883399553,1754
397,0,evaluate,4.062691239210276,0.52224253503961,0.5275029734837167,0.5199859363154362,0.5226483445299215,1641
397,1,evaluate,4.599925833089011,0.5043327556325823,0.5148783999121785,0.5284943436977706,0.5169753573328583,1731
397,2,evaluate,4.289917767047882,0.5131128848346637,0.5006814295719015,0.5029276472104061,0.4969446018446318,1754
397,3,evaluate,4.414024438858032,0.5492327365728901,0.5427309923107969,0.5353395483911128,0.5326076469649447,1564
397,4,evaluate,4.135028994601706,0.5234534330387491,0.5169227619880934,0.5152156033131658,0.5122270489247075,1471
397,5,evaluate,4.267356617697354,0.5428881650380022,0.5477785061913296,0.5430485643846762,0.5431795070795227,1842
398,0,evaluate,4.082755472349084,0.5356900067980965,0.5273927643179812,0.5289163162597085,0.5244691939203575,1471
398,1,evaluate,4.362716388702393,0.5466751918158568,0.538118388903505,0.5330248558128512,0.528931889965947,1564
398,2,evaluate,4.528107338718006,0.5025996533795494,0.5102292001899666,0.5266062434735638,0.5133111757889421,1731
398,3,evaluate,4.039437248156621,0.5252894576477758,0.526197865656944,0.5239704032613839,0.524376901123836,1641
398,4,evaluate,4.195496899741037,0.5205245153933865,0.5057232990331142,0.512942553448708,0.5038593768689875,1754
398,5,evaluate,4.1236437024741335,0.5450597176981542,0.5439571340258945,0.5441028435392071,0.5422422511425393,1842
399,0,evaluate,4.242508000340955,0.5521172638436482,0.5551255833814724,0.551901626813961,0.5510079050432938,1842
399,1,evaluate,4.261132469544044,0.5258988421694089,0.5261939768978653,0.525431314432042,0.524123551275447,1641
399,2,evaluate,4.689515118088041,0.5066435586366262,0.5167473585234926,0.5287521824210505,0.5195837901135238,1731
399,3,evaluate,4.362084090709686,0.5273660205245154,0.5146671114713987,0.518002870801617,0.5102241520764359,1754
399,4,evaluate,4.252498605976934,0.5343303874915024,0.5291297953072474,0.5286197667980883,0.5249158231844189,1471
399,5,evaluate,4.50734395980835,0.5428388746803069,0.5347922076386629,0.5287550380886883,0.5255885178216206,1564
400,0,evaluate,5.0471630692481995,0.512998266897747,0.5220330778808752,0.5331231439921721,0.5253318112110045,1731
400,1,evaluate,4.435466001773703,0.5461454940282302,0.5492249966762899,0.546135996994939,0.54601046483111,1842
400,2,evaluate,4.410467075264973,0.5356900067980965,0.5270567709262602,0.5287074365644299,0.5251517920248299,1471
400,3,evaluate,4.548385509422848,0.5250855188141391,0.5137113464791419,0.5185942668505209,0.5103501601090816,1754
400,4,evaluate,4.475962666364817,0.5252894576477758,0.5259543126976077,0.5239638582210511,0.5224295840229187,1641
400,5,evaluate,4.619746551513672,0.5485933503836317,0.5400390224950387,0.5373915785193765,0.5336111183416989,1564
401,0,evaluate,4.495074987411499,0.5118829981718465,0.5138748017913326,0.5095494269269204,0.5096271410820763,1641
401,1,evaluate,5.04819084916796,0.5268630849220104,0.5352279424861411,0.5456708045929273,0.5391810326611253,1731
401,2,evaluate,4.479222826335741,0.5329707681849082,0.5264184030413004,0.5249709100246827,0.5239638514556223,1471
401,3,evaluate,4.523913051400866,0.5302166476624858,0.5166992267843121,0.5186240096253611,0.5138916138993164,1754
401,4,evaluate,4.537297257061662,0.5499457111834962,0.5542918983718318,0.5523447658177212,0.5516126180562055,1842
401,5,evaluate,4.615718612670898,0.5517902813299232,0.5415011471118822,0.5400322356061074,0.5368317250193133,1564
402,0,evaluate,4.66305627822876,0.5383631713554987,0.531806932109304,0.5274353517084347,0.5251411121907645,1564
402,1,evaluate,4.487675614978956,0.5193745751189667,0.5193635431719124,0.5100553564394856,0.5127429565609148,1471
402,2,evaluate,4.658783641354791,0.5309446254071661,0.5406373262171524,0.5329071635059677,0.5333934447787092,1842
402,3,evaluate,4.951083106654031,0.5199306759098787,0.5295037591898645,0.5346221386217792,0.5305953165591972,1731
402,4,evaluate,4.548684409686497,0.5233751425313569,0.5174649525949085,0.5126658886660375,0.5104621899073608,1754
402,5,evaluate,4.517387876143823,0.4984765386959171,0.5094703362135641,0.49957859560061096,0.5014500227040984,1641
403,0,evaluate,4.622291564941406,0.5223785166240409,0.5194468754796633,0.5131157278048998,0.5096797052207803,1564
403,1,evaluate,4.445664872293887,0.5057783820530252,0.513789170153159,0.4939322942627046,0.5001003378378097,1471
403,2,evaluate,4.480790284963755,0.4960390006093845,0.5111911910180482,0.4981422502859695,0.4998913895395277,1641
403,3,evaluate,4.451988909925733,0.5148232611174458,0.5123884158938672,0.5059500197146318,0.5030096304497317,1754
403,4,evaluate,4.7744138070515225,0.5181975736568457,0.5373590805552658,0.5321321260359952,0.5310204500601207,1731
403,5,evaluate,4.670369164697055,0.5206297502714441,0.5362397888476926,0.522086086182161,0.5235570849022879,1842
404,0,evaluate,4.42375189682533,0.5200868621064061,0.5357572125093745,0.5204058391681998,0.5224912712894912,1842
404,1,evaluate,4.578292146325111,0.510687463893703,0.5283405462635392,0.5241902620349972,0.5225289593275353,1731
404,2,evaluate,4.368765888214111,0.5230179028132992,0.5209627602955567,0.5148150711028043,0.5106481214278095,1564
404,3,evaluate,4.134376961251964,0.5016995241332427,0.5064672421419993,0.4904523738456857,0.49499423049672825,1471
404,4,evaluate,4.225446002823966,0.5011402508551881,0.501795843810465,0.4933426288225147,0.49025384388154547,1754
404,5,evaluate,4.288538969480074,0.5015234613040829,0.5201990835499198,0.5045029401288839,0.5079813876375693,1641
405,0,evaluate,4.139218722070966,0.5022805017103763,0.5018491988142294,0.4953969567493094,0.49131043459901924,1754
405,1,evaluate,4.094484200844398,0.5106642291285801,0.5216928888144888,0.5129047312877499,0.5148582992697422,1641
405,2,evaluate,3.973834649376247,0.5146159075458872,0.518145269320795,0.5054721295016055,0.5092120155683594,1471
405,3,evaluate,4.497333190803017,0.512420566146736,0.5308267038000074,0.5277978271941595,0.5250800350892059,1731
405,4,evaluate,4.287848628800491,0.5222584147665581,0.5387265865557913,0.5232916533022294,0.5268087868476987,1842
405,5,evaluate,4.191283369064331,0.5402813299232737,0.532536181898151,0.5313774754663358,0.5259351032694826,1564
406,0,evaluate,3.991118182306704,0.5227736233854521,0.5208386870976117,0.5136617466736122,0.514238999255698,1471
406,1,evaluate,4.223116121292114,0.5549872122762148,0.5395272119827288,0.5399676065395598,0.5352415498966411,1564
406,2,evaluate,4.037520069342393,0.5198049969530774,0.5221352444242364,0.5196828688003677,0.5198488862554982,1641
406,3,evaluate,4.215978655321845,0.5168295331161781,0.5294964552752417,0.5184388334221322,0.5207976356373554,1842
406,4,evaluate,4.1559861813272745,0.5119726339794755,0.5054816167965415,0.5076857576185094,0.5005252212984791,1754
406,5,evaluate,4.48035392165184,0.5060658578856152,0.5167545441993496,0.525031298914759,0.5179166903451398,1731
407,0,evaluate,4.161362948624984,0.5356900067980965,0.5270631394936819,0.5297939345481052,0.5245326603688795,1471
407,1,evaluate,4.257282076210811,0.5282301845819761,0.5311721502465365,0.5285218881532284,0.5281276819965894,1842
407,2,evaluate,4.566334784030914,0.5095320623916811,0.5179374854088001,0.5324641755248937,0.5221909057260974,1731
407,3,evaluate,4.389592142105102,0.5453964194373402,0.5321464209352247,0.5301087396595152,0.5251284292668712,1564
407,4,evaluate,4.086826792130103,0.5216331505179769,0.5197638636213793,0.5222322553340306,0.5197972326346911,1641
407,5,evaluate,4.298511930874416,0.5233751425313569,0.5090806588133894,0.5136698397080718,0.5081012205488364,1754
408,0,evaluate,4.635790281295776,0.5479539641943734,0.5315539959312237,0.530981804991508,0.5251842733256029,1564
408,1,evaluate,4.393759119099584,0.5450597176981542,0.5440366111319611,0.5457531692179401,0.5423892315216905,1842
408,2,evaluate,4.5037041125090225,0.5343303874915024,0.5251081978137839,0.5291608925442131,0.5223289857152648,1471
408,3,evaluate,4.790899783372879,0.5077989601386482,0.5152830113633475,0.5332485969274823,0.520340202093638,1731
408,4,evaluate,4.193711794339693,0.5228519195612431,0.51752438110864,0.5212377478290716,0.5172857556330955,1641
408,5,evaluate,4.453064296926771,0.5307867730900798,0.5105282544678513,0.5196752518333045,0.5116946535464809,1754
409,0,evaluate,4.373896351227393,0.5198049969530774,0.5156846236562052,0.5189736595888764,0.5155826327394242,1641
409,1,evaluate,4.85986878560937,0.522093813732155,0.5156047192296983,0.5184456528238787,0.5120510299651636,1471
409,2,evaluate,4.813767404556274,0.5447570332480819,0.5286394137544923,0.5272089807112563,0.5232941482769914,1564
409,3,evaluate,4.923426219395229,0.5101097631426921,0.5186333374386674,0.5342953189259093,0.5239483132291289,1731
409,4,evaluate,4.579883591882114,0.5499457111834962,0.5511226743506092,0.551597576357344,0.5489740104378473,1842
409,5,evaluate,4.620663481099265,0.5262257696693272,0.5072435022543205,0.5154375322253342,0.5085558377021455,1754
410,0,evaluate,4.925940649850028,0.5187752744078568,0.5293595229666805,0.5368422169623746,0.5318349358338452,1731
410,1,evaluate,4.637328709874835,0.5188141391106044,0.5040880861048727,0.5103424941058373,0.5028088655280816,1754
410,2,evaluate,4.525700780061575,0.5289457647775746,0.5319834554490117,0.5272115848818879,0.5279302130282544,1641
410,3,evaluate,4.946144886016846,0.5434782608695652,0.5328426717117586,0.5292515836017397,0.5262571914538485,1564
410,4,evaluate,4.735608331088362,0.5450597176981542,0.551822611566184,0.5473089121811293,0.5463639441635294,1842
410,5,evaluate,4.996761404949686,0.5186947654656696,0.5132246242719802,0.5146920645605684,0.5101482148006126,1471
411,0,evaluate,4.686035986604361,0.5287730727470141,0.5364608691979729,0.5310098181686035,0.5314391932351223,1842
411,1,evaluate,4.847316903727395,0.5274407856730213,0.541378668658633,0.5441180663852572,0.5417679152633746,1731
411,2,evaluate,4.85468053817749,0.5345268542199488,0.5261969508488817,0.5236239778345521,0.5208481194019182,1564
411,3,evaluate,4.473679542541504,0.5124923826934796,0.5244818116888894,0.5116256187039253,0.5155316322588852,1641
411,4,evaluate,4.551799416542053,0.5148232611174458,0.5067266451523105,0.5063713323778128,0.5006806318273396,1754
411,5,evaluate,4.8362432148145595,0.512576478585996,0.5066291656559534,0.505524205513401,0.5042479193328345,1471
412,0,evaluate,4.741065540313721,0.5383631713554987,0.5336914186092456,0.5270220769528381,0.5252065965928908,1564
412,1,evaluate,4.5509316836084635,0.5142531356898518,0.5088759794095803,0.5052759047711645,0.5006346470644564,1754
412,2,evaluate,4.723517210587211,0.5064581917063222,0.5067501094877984,0.4986004139127875,0.4998703589378611,1471
412,3,evaluate,4.488266220459571,0.5167580743449116,0.5288372830603177,0.5160012368326884,0.5199072048286972,1641
412,4,evaluate,4.824973634311131,0.5181975736568457,0.5336410639921306,0.5328858275354914,0.5318595622298561,1731
412,5,evaluate,4.575049778510785,0.5249728555917481,0.5374825354211644,0.5271097779496436,0.5294708011102758,1842
413,0,evaluate,4.656821463789258,0.5057012542759407,0.5005999060152149,0.5001525227988358,0.4943417564395235,1754
413,1,evaluate,4.683547818142435,0.5118966689326988,0.510147016115235,0.5018860347966904,0.5041289421655398,1471
413,2,evaluate,4.899475476571491,0.5170421721548238,0.5333155189590768,0.5355895457542748,0.5314451140024175,1731
413,3,evaluate,4.559579564974858,0.5191956124314442,0.531036019375424,0.5196367092855444,0.5232666538058173,1641
413,4,evaluate,4.654384155273437,0.5498721227621484,0.5434246377294032,0.5376980284624525,0.5347081730773973,1564
413,5,evaluate,4.5542444360667265,0.5314875135722041,0.5432979537072319,0.5333095769690744,0.5354282284836845,1842
414,0,evaluate,4.619473667144775,0.551150895140665,0.5450893264153651,0.5374193769622856,0.5346683561595519,1564
414,1,evaluate,4.610964453738669,0.5152957171991842,0.5078983394805762,0.5014207231583463,0.5031164827138089,1471
414,2,evaluate,4.608467743946956,0.5246800731261426,0.5300378349428717,0.5231262543947384,0.5250055839192111,1641
414,3,evaluate,4.898534234080996,0.5181975736568457,0.5326749434952461,0.536999861929337,0.5314376117278302,1731
414,4,evaluate,4.724087919507708,0.500570125427594,0.49711514667215956,0.49730581925532596,0.49012362423029165,1754
414,5,evaluate,4.470738591818974,0.5325732899022801,0.5468279495996169,0.5361348741816533,0.5372272906130529,1842
415,0,evaluate,4.727607116699219,0.55306905370844,0.544137538550763,0.5365693402218874,0.5354283454087964,1564
415,1,evaluate,4.668372403020444,0.5159755268524813,0.5069496199598645,0.5027542777331624,0.5025727510653502,1471
415,2,evaluate,4.622632888647226,0.5131017672151127,0.5141767245343567,0.5110998580934927,0.5115289406487139,1641
415,3,evaluate,4.550668025838918,0.5238870792616721,0.5308788683713868,0.5255152742904718,0.5249457818955976,1842
415,4,evaluate,4.9518089555203915,0.5158867706528019,0.5244555955122385,0.5381239122262427,0.5270410731308732,1731
415,5,evaluate,4.779553983892713,0.5028506271379704,0.4909728063626824,0.4945643415280093,0.4881702390800681,1754
416,0,evaluate,4.900291369429657,0.5031773541305604,0.5106909345792097,0.5293959112743273,0.5159882769905431,1731
416,1,evaluate,4.6081376240171235,0.5276872964169381,0.5302685851905016,0.5284981334778552,0.5266283959665667,1842
416,2,evaluate,4.621218911239079,0.5182440136830102,0.5022712518946192,0.5094238297868976,0.5021321825847056,1754
416,3,evaluate,4.391223595692561,0.5228519195612431,0.5223393739281998,0.5225592719647508,0.5217326364458045,1641
416,4,evaluate,4.714790906906128,0.5345268542199488,0.5247032694499522,0.517632224711016,0.516085521591621,1564
416,5,evaluate,4.636398336161738,0.5112168592794017,0.500856523001425,0.5032741840940937,0.49904035437791006,1471
417,0,evaluate,4.22533903672145,0.5350396099939062,0.5326870274059227,0.5361962974878562,0.5330510001687564,1641
417,1,evaluate,4.587042352427607,0.4989802855200544,0.49276015391022715,0.4940840848878465,0.4895196205954422,1471
417,2,evaluate,4.721963232961194,0.5320304017372421,0.531699301359412,0.5326784725754278,0.5298114295178202,1842
417,3,evaluate,4.503643870353699,0.5256556442417332,0.5077337811796101,0.516397048893966,0.5090012150864621,1754
417,4,evaluate,4.934911583151136,0.5054881571346043,0.5133206838256981,0.5304429766442471,0.5168199377124236,1731
417,5,evaluate,4.751420755386352,0.5370843989769821,0.5251142276013596,0.5187698418462369,0.5183230250778317,1564
418,0,evaluate,4.53344752477563,0.5057783820530252,0.5031566296844049,0.503793546485916,0.4984123165143834,1471
418,1,evaluate,4.694032249779537,0.5249728555917481,0.5293834425627857,0.5261945671489971,0.5258851950930075,1842
418,2,evaluate,4.707910470962524,0.5370843989769821,0.5224494229885318,0.5217747053019691,0.5191730980084769,1564
418,3,evaluate,4.38941616671426,0.5336374002280502,0.518608968123336,0.5246208262554598,0.5182485797936316,1754
418,4,evaluate,4.206978651193472,0.5350396099939062,0.534181288957047,0.5365328961898594,0.5336560976611148,1641
418,5,evaluate,4.922915526798794,0.5060658578856152,0.5126616880925868,0.5293658123520465,0.5181142552400042,1731
419,0,evaluate,4.891780614852905,0.5193529751588677,0.5285379789536351,0.5366324241578817,0.5313359949983438,1731
419,1,evaluate,4.685335912704468,0.5332480818414322,0.519885577525559,0.5181244508555432,0.5160125725820605,1564
419,2,evaluate,4.661775983613113,0.5412595005428882,0.5490387690483338,0.5437333677677468,0.5436665934142085,1842
419,3,evaluate,4.425967693328857,0.5290763968072976,0.5191103593761072,0.51901740641817,0.5142008900248716,1754
419,4,evaluate,4.28817907663492,0.5161486898232784,0.5226330286813623,0.5175371029856978,0.5180785225974984,1641
419,5,evaluate,4.481800867163616,0.512576478585996,0.5128248471022945,0.5102342116300387,0.5080979044791538,1471
420,0,evaluate,4.503038067084092,0.5076173065204144,0.5153166930463349,0.5082410846012276,0.5076508024052913,1641
420,1,evaluate,4.479889299558557,0.513256288239293,0.5192288895201986,0.5089807896560504,0.5088353082718068,1471
420,2,evaluate,4.656375476292202,0.5330672748004561,0.5266964688703609,0.5252618448895169,0.5192969535350391,1754
420,3,evaluate,4.937173288315535,0.5147313691507799,0.5283916345580982,0.5276609605687603,0.5260629973501383,1731
420,4,evaluate,4.822735023498535,0.5415601023017903,0.5352204984974079,0.5327821664721484,0.5284565765817495,1564
420,5,evaluate,4.715189440497037,0.5304017372421281,0.5442744756310098,0.5334408146025207,0.5338246072653774,1842
421,0,evaluate,4.640043373765616,0.5255157437567861,0.5443266821905336,0.5291768642994183,0.5302751950496175,1842
421,1,evaluate,4.792530107498169,0.5370843989769821,0.5339413204249492,0.5294775833745077,0.5237740924838031,1564
421,2,evaluate,4.4942094546097975,0.5137111517367459,0.5201467141157899,0.5132902935761304,0.5138670569967301,1641
421,3,evaluate,4.586982599326542,0.5182440136830102,0.5157473536942092,0.511884657535618,0.5051389073448957,1754
421,4,evaluate,4.91202573611268,0.5095320623916811,0.5279848154504998,0.5215641482336933,0.5223335247043118,1731
421,5,evaluate,4.472732367722885,0.5282121006118287,0.5345193569939861,0.520542967229363,0.522845414039826,1471
422,0,evaluate,4.71459495808397,0.5037550548815714,0.5233474881351412,0.5211394516430701,0.5188810904357841,1731
422,1,evaluate,4.239297794259113,0.5200543847722637,0.5219047839394115,0.5093114553573718,0.5117055387409698,1471
422,2,evaluate,4.3651572589216565,0.5179153094462541,0.5396749946571715,0.5213638650635046,0.5244478880461011,1842
422,3,evaluate,4.123207165644719,0.5112736136502133,0.5193317886472906,0.5097488962541128,0.5124501088959804,1641
422,4,evaluate,4.223225201879229,0.508551881413911,0.5027098599285091,0.5002057923785487,0.49460040549850304,1754
422,5,evaluate,4.44015983581543,0.5370843989769821,0.5325432111273043,0.5298028881769349,0.5222725566180703,1564
423,0,evaluate,4.306666040420533,0.5460358056265985,0.5424628405860323,0.5356497096799446,0.5300837706298099,1564
423,1,evaluate,4.550573493753161,0.5049104563835933,0.5250937281925638,0.528342090391895,0.5220152101338817,1731
423,2,evaluate,4.1563573609227715,0.5105370496261047,0.5124121850817962,0.5002711163691914,0.5020974327949066,1471
423,3,evaluate,4.027655252388546,0.5131128848346637,0.5014546492037575,0.5034082191827656,0.4978524608780527,1754
423,4,evaluate,3.968844487116887,0.506398537477148,0.5131292219233592,0.504378939072376,0.506761308127458,1641
423,5,evaluate,4.130052106133823,0.5130293159609121,0.5286497090971436,0.5167385084256788,0.5174001417831751,1842
424,0,evaluate,4.613258466124535,0.49855574812247255,0.5144265340048837,0.5239598494189606,0.5140427730231123,1731
424,1,evaluate,4.177235288279397,0.5290763968072976,0.5149925069255702,0.518782236710668,0.5133525886402391,1754
424,2,evaluate,4.187748095084881,0.5190010857763301,0.5285457221902813,0.5213569807479801,0.5211643801674171,1842
424,3,evaluate,4.26988090639529,0.5152957171991842,0.5094229619043716,0.5045099040362049,0.5041541891638739,1471
424,4,evaluate,4.39990125656128,0.539002557544757,0.5358407023420998,0.5257360228696475,0.5214560262575176,1564
424,5,evaluate,4.009897690552932,0.5155393053016454,0.517238093243919,0.5144319373587033,0.5144644766315253,1641
425,0,evaluate,4.176456478925852,0.5198049969530774,0.5190741338008709,0.5189377535647283,0.5179301891703114,1641
425,1,evaluate,4.529818990956182,0.5105370496261047,0.5051601779427048,0.5016595203552574,0.5001363425421913,1471
425,2,evaluate,4.4081277676991055,0.5410490307867731,0.527935225705999,0.5328592975977113,0.5273818680759191,1754
425,3,evaluate,4.681154232025147,0.539002557544757,0.5338974141807349,0.5240409891879938,0.5221003775248942,1564
425,4,evaluate,4.774462295430047,0.5020219526285384,0.5124619464014776,0.5248321040656613,0.5149598076889088,1731
425,5,evaluate,4.468811174918866,0.5287730727470141,0.5342016067601467,0.5312170923383615,0.5293994423502524,1842
426,0,evaluate,4.5544052464621405,0.5478905359179019,0.5337483326681495,0.5389310240138963,0.5337996465019975,1754
426,1,evaluate,4.645839297253152,0.5152957171991842,0.5102039607011603,0.5073023123048286,0.505931876454623,1471
426,2,evaluate,4.457984080681434,0.5216331505179769,0.5226718234175898,0.5230792624974919,0.5204541349632363,1641
426,3,evaluate,4.8975333404541015,0.5396419437340153,0.5327453092599245,0.5264772664463908,0.5242279083328538,1564
426,4,evaluate,4.947637319564819,0.510687463893703,0.5191558624481456,0.5301313640482588,0.522873742419886,1731
426,5,evaluate,4.724670969206711,0.5385450597176982,0.5436893012873514,0.5408875653940235,0.5393843539232738,1842
427,0,evaluate,4.968896305986813,0.511842865395725,0.5208943932982596,0.5283892352453765,0.5232686946706593,1731
427,1,evaluate,4.962651081085205,0.5485933503836317,0.5419137572084275,0.53651363475756,0.5354791062822419,1564
427,2,evaluate,4.705267471926553,0.540478905359179,0.5295882794996795,0.5323133085581977,0.5271684163659006,1754
427,3,evaluate,4.626980763215285,0.5277269957343084,0.5328122548617517,0.5284741177141032,0.5286547565691904,1641
427,4,evaluate,4.708912279294885,0.5078178110129163,0.50864417787157,0.5012502272775612,0.5016988663668256,1471
427,5,evaluate,4.753819079234682,0.5488599348534202,0.5574144636421822,0.5488363318917222,0.5502540435136488,1842
428,0,evaluate,4.59981435078841,0.5149299207800122,0.5281110299983374,0.5163283900270482,0.5183749190282977,1641
428,1,evaluate,4.838472633361817,0.55306905370844,0.5463498331092247,0.5418312731468802,0.5403969907040701,1564
428,2,evaluate,4.667858248171599,0.5112168592794017,0.5180635583184603,0.5041367863566136,0.5067750557796428,1471
428,3,evaluate,4.836084454187325,0.5089543616406701,0.5238503051364748,0.5231083329263413,0.5220711974022363,1731
428,4,evaluate,4.7140159360293685,0.5396308360477742,0.5510745679532953,0.5380577586108949,0.5415657244384623,1842
428,5,evaluate,4.682883424418313,0.5307867730900798,0.5266493982404767,0.5232763894476773,0.5186205535944852,1754
429,0,evaluate,4.543718825215879,0.5152957171991842,0.5142126308570176,0.5036515852137813,0.5069579806279528,1471
429,1,evaluate,4.892033934593201,0.5222414789139226,0.5416189067483709,0.5396894227315749,0.5376457920010373,1731
429,2,evaluate,4.637714598860059,0.523945267958951,0.519158780324467,0.5165914112488514,0.5099439737588142,1754
429,3,evaluate,4.544934144386878,0.5216331505179769,0.5331027063379656,0.5241208136738887,0.5253954638490266,1641
429,4,evaluate,4.621800231933594,0.5485933503836317,0.5404022073590677,0.5372130601865329,0.5348821320580962,1564
429,5,evaluate,4.713485421805546,0.5342019543973942,0.5436140288883627,0.5338625506604696,0.5358888859511236,1842
430,0,evaluate,4.88237336065088,0.5135759676487579,0.5318159308599815,0.5318512200764909,0.5275739749385397,1731
430,1,evaluate,4.504144834435505,0.5152957171991842,0.5108986752400166,0.500491426386525,0.5037697576002371,1471
430,2,evaluate,4.457874012844903,0.5285062713797035,0.5188082642339367,0.5195194803513521,0.5120931668640833,1754
430,3,evaluate,4.498567981719971,0.551150895140665,0.5368581212209966,0.5372629586594891,0.5326249055813486,1564
430,4,evaluate,4.6308896130528945,0.5298588490770901,0.5389814469893769,0.5311045123714756,0.5320605112317227,1842
430,5,evaluate,4.3900334651653585,0.5210237659963437,0.5245924619038318,0.5218883679095471,0.5217611412252232,1641
431,0,evaluate,4.518755000570546,0.5173351461590755,0.508567345493449,0.5010146867104474,0.5029925833325437,1471
431,1,evaluate,4.381797845547016,0.5258988421694089,0.5296138632807995,0.5271093447775491,0.5271991628320276,1641
431,2,evaluate,4.497268953323364,0.5447570332480819,0.5311961677837074,0.5294123400782631,0.5244596199004969,1564
431,3,evaluate,4.846286378268685,0.5072212593876372,0.5199267137078499,0.5280136707322977,0.5190869894449927,1731
431,4,evaluate,4.391646810940334,0.5222348916761688,0.5107289265295107,0.5123094597981246,0.5057918197972116,1754
431,5,evaluate,4.672199060176981,0.5282301845819761,0.5356015220210697,0.5297672114944836,0.5292523344110661,1842
432,0,evaluate,4.5248948097229,0.5313299232736572,0.5207604507463803,0.5177464801581965,0.5114212951432393,1564
432,1,evaluate,4.339911451706519,0.5283363802559415,0.5317559214631083,0.5280773273439897,0.5281792556627636,1641
432,2,evaluate,4.649623796857637,0.5238870792616721,0.5321408354162525,0.5256926853172083,0.5248012147223483,1842
432,3,evaluate,4.554076588672141,0.512576478585996,0.5072607228728042,0.5005061199257981,0.5004816725001233,1471
432,4,evaluate,4.305928315435137,0.5216647662485747,0.5067386748123701,0.5099561774685424,0.5033827013319307,1754
432,5,evaluate,4.799165692180395,0.510687463893703,0.5207958774679665,0.5331243078217018,0.5224536124833475,1731
433,0,evaluate,4.771985952343259,0.5049104563835933,0.5161279322893021,0.5274280696301548,0.5178485151454119,1731
433,1,evaluate,4.249650325093951,0.5245153933865451,0.5131663134404973,0.5151832471218584,0.5096816559056128,1754
433,2,evaluate,4.5373257064819335,0.5294117647058824,0.5205884319176156,0.5156329699867548,0.512448494901942,1564
433,3,evaluate,4.540712964945826,0.5396308360477742,0.5468694651117826,0.54179984610622,0.5410363416940639,1842
433,4,evaluate,4.253740420708289,0.5234613040828763,0.5248882464386877,0.5224681219924927,0.5222302213566431,1641
433,5,evaluate,4.589150211085444,0.5173351461590755,0.5170223501650771,0.5072780889896509,0.5086920033940806,1471
434,0,evaluate,4.712457733154297,0.5262148337595908,0.5184585386633653,0.5098238124136814,0.5089766785220486,1564
434,1,evaluate,4.756171651508497,0.5146159075458872,0.5178430890812104,0.5062954532727717,0.5087609009261234,1471
434,2,evaluate,4.6198760641032255,0.5352877307274702,0.5425337879663202,0.5363565730896951,0.5379695508152251,1842
434,3,evaluate,4.913242220878601,0.5031773541305604,0.5158865868964323,0.5238573948806623,0.5174101187908057,1731
434,4,evaluate,4.4667054781546955,0.5338208409506399,0.535882869627271,0.5338884125022524,0.5342269280379481,1641
434,5,evaluate,4.476604504244668,0.5256556442417332,0.5146979220887385,0.5145084169797454,0.5124764726849678,1754
435,0,evaluate,4.698759638346159,0.5277269957343084,0.5324402948711126,0.5285627792005386,0.5291619364536556,1641
435,1,evaluate,5.146544120141438,0.5153090699017908,0.5267440425111649,0.5335086504997181,0.5284119081834884,1731
435,2,evaluate,4.7468023793450715,0.5401737242128122,0.5489926957242055,0.5394082368486627,0.5426025440744432,1842
435,3,evaluate,4.856934890747071,0.5402813299232737,0.5328326549742417,0.527257254588541,0.5258173145539353,1564
435,4,evaluate,4.841309671816618,0.5078178110129163,0.5108611042581865,0.5003153272782535,0.502403318049225,1471
435,5,evaluate,4.70811801297324,0.5302166476624858,0.5219809694974413,0.522765957187882,0.5195543373367115,1754
436,0,evaluate,4.780203910974356,0.5246800731261426,0.5304638737283514,0.5243517622208204,0.525414004746396,1641
436,1,evaluate,5.092449699129377,0.5083766608896592,0.5192809076720201,0.5222761633281188,0.5188795833779469,1731
436,2,evaluate,4.797169332504272,0.5421994884910486,0.5318083080201925,0.5287004859424489,0.5270281608662233,1564
436,3,evaluate,4.708375786031995,0.5285062713797035,0.5208396601937741,0.52160271690541,0.5169367691835312,1754
436,4,evaluate,4.7358730250391465,0.5238870792616721,0.5324068683801567,0.5228654127323045,0.5260623596639018,1842
436,5,evaluate,4.707535349804422,0.504418762746431,0.5091216604441715,0.4971578223829707,0.4999666282159848,1471
437,0,evaluate,4.700867377794706,0.5088360755636807,0.5219526380117356,0.5088967816038406,0.5108879780973733,1641
437,1,evaluate,4.604398046221052,0.5148232611174458,0.5063927158813963,0.5078331984283724,0.5009024793833494,1754
437,2,evaluate,4.672009601593017,0.5453964194373402,0.5360626447377952,0.5320091128021216,0.5307541599374537,1564
437,3,evaluate,4.588181884392448,0.5118966689326988,0.5165657954306913,0.5051995582247606,0.5068572326576526,1471
437,4,evaluate,5.148329709257398,0.5095320623916811,0.5206114564414659,0.5241569492840217,0.5199638592176493,1731
437,5,evaluate,4.704593494020659,0.511400651465798,0.522343544045715,0.5108512892511974,0.5137506093377732,1842
438,0,evaluate,4.559129146429209,0.5149299207800122,0.5235031157176404,0.5153056636689274,0.5144536405276452,1641
438,1,evaluate,4.394672466361004,0.5084976206662135,0.508768583098073,0.499880898258639,0.501007293245792,1471
438,2,evaluate,4.489814739227295,0.5428388746803069,0.5302876414070532,0.5299498619247582,0.5261459158837528,1564
438,3,evaluate,4.420670790331704,0.5136830102622577,0.5077867608861051,0.5097040125824186,0.5006008817183638,1754
438,4,evaluate,5.089776294572013,0.5060658578856152,0.5160594582766802,0.5219375492381781,0.5161799661280325,1731
438,5,evaluate,4.557960789779137,0.5152008686210641,0.522936999923217,0.5153769036857764,0.5159776198780998,1842
439,0,evaluate,4.357277769308824,0.5252894576477758,0.5292842073453514,0.5249578184551267,0.5237688348727756,1641
439,1,evaluate,4.783573227269309,0.5095320623916811,0.5206445316865923,0.5294118986678304,0.5220135256106,1731
439,2,evaluate,4.29635818251248,0.5304017372421281,0.5378313453384891,0.5334903805060633,0.5311225003917157,1842
439,3,evaluate,4.148482654405677,0.512576478585996,0.5077760582464945,0.5009683509840268,0.5015187111213169,1471
439,4,evaluate,4.1652256298065184,0.5485933503836317,0.5345434090114417,0.5319931023787909,0.5294795378428948,1564
439,5,evaluate,4.216221451759338,0.5228050171037628,0.5160426410840392,0.5179909152667904,0.5085290700849101,1754
440,0,evaluate,4.182651536218051,0.5271444082519001,0.5393351857918356,0.5320652680326924,0.529062634262105,1842
440,1,evaluate,4.274394943163945,0.505789152955515,0.5108682991471827,0.5047181176533851,0.5049486005274468,1641
440,2,evaluate,4.104809958001842,0.5207341944255608,0.5150639287348279,0.50767117600464,0.509385677744504,1471
440,3,evaluate,4.085800561904907,0.5421994884910486,0.5312379428691592,0.527635292043479,0.5242113315056935,1564
440,4,evaluate,4.577278920582363,0.5101097631426921,0.5223722498845458,0.5307729502814134,0.5230386056235912,1731
440,5,evaluate,4.104576059750149,0.5199543899657925,0.5123223764700116,0.5132442213909626,0.5062197873724218,1754
441,0,evaluate,4.610017621091434,0.49393414211438474,0.511997311430095,0.5164966296127326,0.5085593157640494,1731
441,1,evaluate,4.242855727672577,0.5359179019384265,0.5251981200904761,0.5242577220582584,0.5204979045370439,1754
441,2,evaluate,4.3547006034851075,0.5460358056265985,0.5425477401295403,0.5347611576173446,0.5312066633676068,1564
441,3,evaluate,4.27025320218957,0.5268524813052345,0.5295018826068782,0.514058804301214,0.5182570702448352,1471
441,4,evaluate,4.29540151816148,0.5137111517367459,0.5214315482277769,0.5112238722130644,0.5133254286073125,1641
441,5,evaluate,4.35689195271196,0.5233441910966341,0.5375658011920011,0.5256321131560895,0.5256707263353296,1842
442,0,evaluate,4.619559202194214,0.5402813299232737,0.5389812090158063,0.5287165900615272,0.5247609941454647,1564
442,1,evaluate,4.364861598381629,0.5100548446069469,0.5175864530297959,0.5083809497602452,0.5106316352389069,1641
442,2,evaluate,4.471355604088825,0.5166553365057783,0.5198988566525313,0.5045931586514515,0.5080483045145993,1471
442,3,evaluate,4.476716756820679,0.5304017372421281,0.5455856226090374,0.531381939006518,0.5336492119919258,1842
442,4,evaluate,4.709388428500721,0.5020219526285384,0.5215595429003119,0.5234134616793703,0.5168355253876529,1731
442,5,evaluate,4.364691845008305,0.523945267958951,0.5167738479805937,0.5117445281613916,0.5116442586744758,1754
443,0,evaluate,4.684027356760843,0.5307867730900798,0.523553373489728,0.5186418270330185,0.5187016080060858,1754
443,1,evaluate,4.910087102225849,0.511842865395725,0.5279083817770684,0.5300989045679317,0.5254776568003249,1731
443,2,evaluate,4.80280327796936,0.5118966689326988,0.5178453087752334,0.5037011900204895,0.5065005933030589,1471
443,3,evaluate,4.63345493720128,0.5216331505179769,0.5320859825794515,0.5200173467268019,0.522858407828049,1641
443,4,evaluate,4.963974714279175,0.5428388746803069,0.5430477534984449,0.5329539159003691,0.530146445669268,1564
443,5,evaluate,4.741561659451189,0.5336590662323561,0.5418535327250329,0.5315073281530076,0.5342093582654004,1842
444,0,evaluate,4.810547553575956,0.5252894576477758,0.5335393474300446,0.5244841324781891,0.5266737713645424,1641
444,1,evaluate,5.170664014816285,0.5364450127877238,0.5332570865802373,0.5278480658257542,0.5235629179472683,1564
444,2,evaluate,4.8802148259204365,0.5071380013596193,0.5118537515004837,0.5010565978251228,0.5023208376771294,1471
444,3,evaluate,4.9487853954578265,0.5374592833876222,0.5447769283115462,0.5356185608372895,0.5381727447652036,1842
444,4,evaluate,4.940926969051361,0.5296465222348917,0.523595398416852,0.522585624101874,0.5202273896062684,1754
444,5,evaluate,5.073714690549033,0.5245522819179665,0.5379572945030977,0.5410100875706108,0.5373337959008664,1731
445,0,evaluate,4.666741537011188,0.5186947654656696,0.5176345338546949,0.5095834907690162,0.5108621078044069,1471
445,1,evaluate,4.981317972314769,0.5363735070575462,0.5430952156275779,0.5342424712677936,0.5368983724824226,1842
445,2,evaluate,5.0201374053955075,0.5338874680306905,0.5266908396248148,0.5245990505085935,0.5208083237180507,1564
445,3,evaluate,4.9177402683666775,0.5336374002280502,0.5262271627600819,0.5265667075495708,0.5224925562197753,1754
445,4,evaluate,4.80031746167403,0.514320536258379,0.5177427837274755,0.5154000654332604,0.5155733036279586,1641
445,5,evaluate,5.096906853573663,0.5176198729058348,0.5320136697686572,0.5341353855146649,0.5311687490692603,1731
446,0,evaluate,4.981315621307918,0.5153090699017908,0.5298158919059981,0.5341892694809927,0.5300722364793631,1731
446,1,evaluate,4.743091344833374,0.5396419437340153,0.5304225431626972,0.5280604287655478,0.5259163253985326,1564
446,2,evaluate,4.445928065673165,0.5152957171991842,0.5130893435401521,0.503407563796125,0.5063362832554721,1471
446,3,evaluate,4.596647620201111,0.5082266910420475,0.508574043868079,0.5109476369797326,0.5078859331252079,1641
446,4,evaluate,4.749014156205313,0.5222348916761688,0.5118042564505269,0.5138387910379224,0.5078526067083555,1754
446,5,evaluate,4.755986780955873,0.5314875135722041,0.5371174811821443,0.530285702589086,0.531518938294299,1842
447,0,evaluate,4.145096519718999,0.5234534330387491,0.5221328301401863,0.5115520587079343,0.5144825907571491,1471
447,1,evaluate,4.50081763948713,0.507981755986317,0.5047222483043361,0.5035896652017136,0.4963366487448718,1754
447,2,evaluate,4.4582238032900054,0.5266015200868621,0.5340873593908777,0.5283792439136004,0.5278739765780565,1842
447,3,evaluate,4.280619630446801,0.5246800731261426,0.5284969451727349,0.5267352465891724,0.5249792850803108,1641
447,4,evaluate,4.464254703521728,0.5517902813299232,0.5433292707932824,0.5401300679019212,0.5372671027374871,1564
447,5,evaluate,4.743171078818185,0.512998266897747,0.5263856254988665,0.5336789055174435,0.5276184684512961,1731
448,0,evaluate,4.095028253702017,0.5124923826934796,0.5179125931647273,0.5122111549150381,0.5121675575640913,1641
448,1,evaluate,4.67131940807615,0.5089543616406701,0.5231937054495824,0.5313834725772937,0.523699632493665,1731
448,2,evaluate,4.384420185089112,0.5428388746803069,0.5313683900616863,0.5272901881417266,0.5247846762919106,1564
448,3,evaluate,4.030975735705832,0.5098572399728076,0.508700537891356,0.5019741607061199,0.5019789258832079,1471
448,4,evaluate,4.3810744200434,0.507981755986317,0.5017354543293162,0.5037756032866907,0.4945313422699664,1754
448,5,evaluate,4.314228534698486,0.5233441910966341,0.5337961280166337,0.5250662656342041,0.5258960270835947,1842
449,0,evaluate,4.11430925908296,0.5112168592794017,0.5144658894671014,0.5056216523227341,0.5047392459587172,1471
449,1,evaluate,4.359587335586548,0.5421994884910486,0.5338451383833506,0.526949280390053,0.5242440086744031,1564
449,2,evaluate,4.731449135712215,0.5014442518775274,0.5185376145857404,0.524406806465189,0.5174445764483195,1731
449,3,evaluate,4.252900421619415,0.5039908779931584,0.49669130218387003,0.49535990127981133,0.4888407211491451,1754
449,4,evaluate,3.9643641801980825,0.5198049969530774,0.5252696137744646,0.5180690572668079,0.5191045791078082,1641
449,5,evaluate,4.274126135069748,0.5173724212812161,0.5303026055199019,0.5190305227370138,0.5210632780652624,1842
450,0,evaluate,4.806595887456622,0.49393414211438474,0.5103274817755495,0.5167104637400117,0.510071205896963,1731
450,1,evaluate,4.601395025253296,0.5415601023017903,0.5341633634909911,0.526736240563601,0.5257455321460837,1564
450,2,evaluate,4.422642494950976,0.5125427594070695,0.5053047581160036,0.5057984619274462,0.5006090517122553,1754
450,3,evaluate,4.47802910597428,0.5118966689326988,0.5120112354026081,0.5054066636098662,0.5046998026357739,1471
450,4,evaluate,4.0508325558442335,0.52224253503961,0.5270406868943175,0.5188433754981526,0.5215350728338477,1641
450,5,evaluate,4.4884962131237165,0.5228013029315961,0.5312120083780593,0.5238878637636486,0.5251038839282816,1842
451,0,evaluate,4.932513527248217,0.5173351461590755,0.5179937367401444,0.512831323282879,0.5114222258210838,1471
451,1,evaluate,4.915139751434326,0.5338874680306905,0.5296985932452875,0.5224897103404765,0.5208940416369728,1564
451,2,evaluate,4.932456501892635,0.5083766608896592,0.5209990578093346,0.5256936073563218,0.5216811201710454,1731
451,3,evaluate,4.6747304286275595,0.5285062713797035,0.5177590607642447,0.5200738467265171,0.515517463251036,1754
451,4,evaluate,4.74502838068995,0.5238870792616721,0.5300004416486815,0.5242791992622944,0.5252205980955524,1842
451,5,evaluate,4.2365175027113695,0.5167580743449116,0.5227808465550653,0.5151346358805607,0.5177828598871865,1641
452,0,evaluate,5.020303512441701,0.5309446254071661,0.5378396612430139,0.5317865476772085,0.5321955664973059,1842
452,1,evaluate,5.0998971557617185,0.5345268542199488,0.530960657788525,0.5244876566860566,0.5215009600145958,1564
452,2,evaluate,4.5555641284355755,0.5228519195612431,0.530589528167752,0.5248303330955343,0.525119078592722,1641
452,3,evaluate,5.178484712328229,0.511265164644714,0.5216897755355943,0.5267376128240487,0.5226289392691011,1731
452,4,evaluate,4.8701713766370505,0.5416191562143672,0.5317322283373398,0.5327918869922578,0.5302157237704097,1754
452,5,evaluate,5.117211372955985,0.5091774303195106,0.5130914489193155,0.5032445415019634,0.5039877431804582,1471
453,0,evaluate,5.0118894266045615,0.5050985723997281,0.5041114779101797,0.4965453411229916,0.49608394365380715,1471
453,1,evaluate,5.099742782527003,0.5276872964169381,0.5314689898234906,0.5288883211598222,0.526548575734376,1842
453,2,evaluate,5.113422069549561,0.5319693094629157,0.5248145003012636,0.521107942343533,0.5171381053606866,1564
453,3,evaluate,4.7811384567847615,0.5173674588665448,0.5234443492981089,0.5219523681608045,0.5185038412438369,1641
453,4,evaluate,5.146726052675929,0.512420566146736,0.5221941341165555,0.5300508200025875,0.5226856978890313,1731
453,5,evaluate,4.944310222353254,0.540478905359179,0.5308977075047004,0.5317227809315385,0.5289755313201379,1754
454,0,evaluate,4.911570215331657,0.5077989601386482,0.517951617851319,0.5316169671280571,0.5208524065950428,1731
454,1,evaluate,4.856475896835327,0.5351662404092071,0.5249491072457663,0.5232207891897622,0.5204836380381549,1564
454,2,evaluate,4.695925740095285,0.514320536258379,0.5157706740937577,0.5177787316859573,0.5145274161445424,1641
454,3,evaluate,4.853471558669518,0.5244299674267101,0.5274453288714329,0.5268401128652787,0.5236419351476715,1842
454,4,evaluate,4.617404885914015,0.5118966689326988,0.5055478191784551,0.49905639951277364,0.5005684320529089,1471
454,5,evaluate,4.813705171857562,0.5256556442417332,0.5129269154622016,0.5164305534511782,0.5107567600762791,1754
455,0,evaluate,4.256782604300457,0.5152957171991842,0.5122543476679458,0.5003834507114189,0.5046039961994542,1471
455,1,evaluate,4.591910898685455,0.5131128848346637,0.5050878403511748,0.5075180165680847,0.4991813688327714,1754
455,2,evaluate,4.492520885467529,0.5447570332480819,0.533378028220159,0.529825549807825,0.5281232421301212,1564
455,3,evaluate,4.313542219308706,0.514320536258379,0.5157844861537988,0.5175353912439669,0.5146456879113567,1641
455,4,evaluate,4.500133670609573,0.5238870792616721,0.5297595055662214,0.5251026163464281,0.5240884369088611,1842
455,5,evaluate,4.632717000586646,0.5187752744078568,0.528395135217123,0.5418687721495689,0.5298423919535551,1731
456,0,evaluate,4.482105127402714,0.5216637781629117,0.5361314607581639,0.5468665590610878,0.5349989904003015,1731
456,1,evaluate,4.230163087015566,0.5159755268524813,0.5152556457177915,0.5012143884674889,0.5055014871734567,1471
456,2,evaluate,4.183498043280381,0.517976843388178,0.5241590476553528,0.5184572708309734,0.5188635960217798,1641
456,3,evaluate,4.470304880823408,0.5011402508551881,0.49715435572979383,0.5005506888441793,0.4891655784302255,1754
456,4,evaluate,4.3189773066290496,0.5233441910966341,0.5361323927150369,0.5248979090940855,0.5272903457310651,1842
456,5,evaluate,4.298913698196412,0.5421994884910486,0.5355557831900352,0.5249397004707389,0.525904327877663,1564
457,0,evaluate,4.514774586473193,0.5193842645381984,0.5156515054262648,0.5187248082133546,0.507283384439493,1754
457,1,evaluate,4.383847433587779,0.5112168592794017,0.5120309279274113,0.5001145611361022,0.5028521611206117,1471
457,2,evaluate,4.193440969173725,0.5258988421694089,0.5328136403656144,0.5260175348921896,0.5279104720371928,1641
457,3,evaluate,4.398824195861817,0.5581841432225064,0.5529929550229359,0.5441425245245762,0.5436045211046189,1564
457,4,evaluate,4.2907429810228015,0.5228013029315961,0.5362645994825399,0.5237118364078481,0.5267272645456895,1842
457,5,evaluate,4.583382908787046,0.5153090699017908,0.529911025806995,0.5352067183898217,0.52731868875342,1731
458,0,evaluate,4.665775136947632,0.551150895140665,0.5444589154518873,0.5377495627266092,0.5354045728245864,1564
458,1,evaluate,4.367482542991638,0.5198049969530774,0.5267665621021393,0.5209697448006517,0.5226183360785649,1641
458,2,evaluate,4.970065423420498,0.4950895436164067,0.510244562819104,0.5133173370408283,0.5083563779257084,1731
458,3,evaluate,4.540026138568747,0.5287730727470141,0.5439122864967081,0.5295753057776948,0.5331002145400008,1842
458,4,evaluate,4.638921561448471,0.5091774303195106,0.5072720080187556,0.5002011687839601,0.5006386162016836,1471
458,5,evaluate,4.700634837150574,0.5176738882554162,0.5100497430379292,0.5124044190635276,0.5043310890379922,1754
459,0,evaluate,4.9583420562744145,0.5517902813299232,0.5426856079541272,0.5406134290376465,0.5362737892586152,1564
459,1,evaluate,4.936681996221128,0.49966009517335147,0.5012166113273173,0.4943949528386673,0.4937099176843279,1471
459,2,evaluate,4.855581332897318,0.5320304017372421,0.5444983947268129,0.532094673429573,0.5355849281023135,1842
459,3,evaluate,4.97469779423305,0.5233751425313569,0.5172445412190423,0.5180163275154959,0.5136034300446013,1754
459,4,evaluate,4.644501777795645,0.5234613040828763,0.5295421439330795,0.5242033814055616,0.5261389128545935,1641
459,5,evaluate,5.441815401826586,0.49913344887348354,0.5108683590281082,0.5114602608105374,0.5102549363613769,1731
460,0,evaluate,5.8053697773388455,0.511842865395725,0.5216195633039314,0.522570631554119,0.5212803967577326,1731
460,1,evaluate,5.163138732910157,0.5460358056265985,0.5398155447410655,0.5370033879614401,0.5326646235714045,1564
460,2,evaluate,4.925270465704111,0.5191956124314442,0.5250411705493188,0.5221042685336622,0.521083238904853,1641
460,3,evaluate,5.178109676941581,0.5078178110129163,0.5056148731069494,0.5009973670415986,0.4995219686115733,1471
460,4,evaluate,5.065654056412833,0.5307867730900798,0.5257430356550511,0.5230715692759632,0.5208763535491225,1754
460,5,evaluate,5.093305924843097,0.5320304017372421,0.5415821238892808,0.5337788787425943,0.5341221002326169,1842
461,0,evaluate,5.6938018798828125,0.5101097631426921,0.5223875708932338,0.5229669244751767,0.5210762616384992,1731
461,1,evaluate,5.177554047625998,0.5064581917063222,0.5087876791108175,0.4979953636337494,0.4976506560298497,1471
461,2,evaluate,4.916916544620808,0.5100548446069469,0.5174835968821225,0.514367810494553,0.5124852846251828,1641
461,3,evaluate,5.112955884933472,0.5383631713554987,0.5346081219793274,0.5292184109817666,0.5252717568625073,1564
461,4,evaluate,5.1081651408096835,0.5206297502714441,0.533417838977776,0.5245412034875205,0.5234124741414428,1842
461,5,evaluate,5.023176976612636,0.5370581527936146,0.5290461626231308,0.52872612963795,0.5257100063416246,1754
462,0,evaluate,4.736845312447383,0.5173724212812161,0.5267053861984692,0.5209849918903366,0.5194762999439789,1842
462,1,evaluate,4.749861779420272,0.5166553365057783,0.5107170488832964,0.5057198484626412,0.5046988531191758,1471
462,2,evaluate,4.809939012527466,0.540920716112532,0.5303395619553711,0.5270887475562593,0.5236917183895743,1564
462,3,evaluate,4.55586327956273,0.5161486898232784,0.5227040219710004,0.518714815010993,0.518102350528172,1641
462,4,evaluate,5.194759411471231,0.5083766608896592,0.5198670461793065,0.5250495956106568,0.5213062174235055,1731
462,5,evaluate,4.715103558131626,0.5250855188141391,0.514794466229726,0.518166396373919,0.5133571008584431,1754
463,0,evaluate,4.086102503996629,0.5161486898232784,0.5173119329539986,0.5161468600282225,0.5154636656601926,1641
463,1,evaluate,4.4149430479322165,0.5245153933865451,0.5144115995587978,0.521148760526041,0.5131036517258182,1754
463,2,evaluate,4.319347603567715,0.5206297502714441,0.5283553415232507,0.5235504793622103,0.5230116493246154,1842
463,3,evaluate,4.244973794273708,0.530931339225017,0.5258869789589465,0.5184023741600845,0.5184156016960564,1471
463,4,evaluate,4.8934289046696255,0.5072212593876372,0.5199301821374664,0.530236987534465,0.5225751832723966,1731
463,5,evaluate,4.437878303527832,0.5370843989769821,0.527383989824298,0.5209160546263304,0.519810370449757,1564
464,0,evaluate,3.9510180216569166,0.5082266910420475,0.5104187571039512,0.5067704240308712,0.507435847015892,1641
464,1,evaluate,4.298668727874756,0.5319693094629157,0.5218252030298081,0.5145457761865005,0.5124688690744558,1564
464,2,evaluate,4.769629827567509,0.49162333911034084,0.5067467447214474,0.5178490753068259,0.5076631310997247,1731
464,3,evaluate,4.344388978821891,0.5136830102622577,0.5084192048398011,0.5128601235155517,0.5011377795161944,1754
464,4,evaluate,3.984349064205004,0.5268524813052345,0.5228155219250918,0.5134035451632144,0.5132804697062071,1471
464,5,evaluate,4.172773229664769,0.5146579804560261,0.5219790500676493,0.5152224145600168,0.5147490750890348,1842
465,0,evaluate,3.9842754785831156,0.5167580743449116,0.5200881569583654,0.5141169091850664,0.5151159697182243,1641
465,1,evaluate,4.2156948714420714,0.5206297502714441,0.5303104656163995,0.5199089663303131,0.5203700804987659,1842
465,2,evaluate,4.312895851135254,0.5287723785166241,0.5156160578996812,0.5076704684871836,0.5056503272495292,1564
465,3,evaluate,4.572485974856785,0.49566724436741766,0.5109575650685879,0.5218474962696361,0.5102900350830104,1731
465,4,evaluate,3.9626761312070102,0.5180149558123726,0.5153154589393957,0.503974772206006,0.5046234313693728,1471
465,5,evaluate,4.3530669297490805,0.507411630558723,0.5004570187770829,0.49919982021462683,0.49063040292893395,1754
466,0,evaluate,4.366527616977692,0.5171037628278221,0.5126428009999446,0.511753140713464,0.5048434349163621,1754
466,1,evaluate,4.497515897750855,0.5358056265984654,0.5306250281166152,0.5204770169850115,0.5190465965874976,1564
466,2,evaluate,4.7486004659107754,0.49220103986135183,0.508880299180823,0.5167012758020089,0.5072946548457075,1731
466,3,evaluate,4.45866899654783,0.5162866449511401,0.5245695755135867,0.5149560780411703,0.516587393110917,1842
466,4,evaluate,4.07206564364226,0.512576478585996,0.5109873936686691,0.49887099948491453,0.5012918720610055,1471
466,5,evaluate,4.141411267794096,0.5185862279098111,0.5221672619774147,0.5176260021286543,0.5187733781482523,1641
467,0,evaluate,4.40805314934772,0.48878314072059825,0.4868028252104308,0.4768352015955091,0.48038110105976195,1471
467,1,evaluate,4.380958887246939,0.5198049969530774,0.5236972110537897,0.5189903507651009,0.519472681953839,1641
467,2,evaluate,4.685633182525635,0.5276872964169381,0.5378255869520625,0.5270259592482989,0.5291438234491188,1842
467,3,evaluate,5.032640099525452,0.5037550548815714,0.5131165962243494,0.5237415684032434,0.5164761745538231,1731
467,4,evaluate,4.780750465393067,0.5434782608695652,0.5350931997187339,0.5321651437241937,0.5275608075328342,1564
467,5,evaluate,4.56344519342695,0.5296465222348917,0.5244246629146835,0.5258799096910943,0.5201702612000849,1754
468,0,evaluate,4.738686499388321,0.4860639021074099,0.48865563402665246,0.4774342529339604,0.47980824113124176,1471
468,1,evaluate,4.865437933376858,0.5319270239452679,0.5299414901996559,0.5260336266107235,0.5236414856356811,1754
468,2,evaluate,5.151828479766846,0.5268542199488491,0.5222683728012681,0.517686249758063,0.5127959872860128,1564
468,3,evaluate,4.595457810621995,0.5228519195612431,0.5315987629199999,0.5241259514458267,0.5245524485274461,1641
468,4,evaluate,5.384075999259949,0.5060658578856152,0.5179270653229582,0.5203414665612651,0.5169963307930174,1731
468,5,evaluate,4.932660653673369,0.5287730727470141,0.5410075720338057,0.5292900168859426,0.5301514515654407,1842
469,0,evaluate,5.2730574131011965,0.5345268542199488,0.532831910842744,0.5267322016370108,0.5207535625166402,1564
469,1,evaluate,4.899652881281717,0.5279361459521095,0.5258348836171348,0.5205771675600279,0.5183440870471986,1754
469,2,evaluate,4.868265411128169,0.4874235214140041,0.4905873875463372,0.4801547130321495,0.48036509974813735,1471
469,3,evaluate,4.702039984556345,0.5027422303473492,0.5142538286980877,0.5046870361042091,0.5050491136926742,1641
469,4,evaluate,5.060241255266913,0.509771986970684,0.5271085084785174,0.5102739825522925,0.5120377904423784,1842
469,5,evaluate,5.37228570665632,0.511842865395725,0.5247003397618794,0.525141172736636,0.5231211166496148,1731
470,0,evaluate,4.907701841422489,0.5285961871750433,0.5444827337355977,0.545536529538762,0.5440292705744073,1731
470,1,evaluate,4.633195621626718,0.5245153933865451,0.5205580451719747,0.5196530937470691,0.5148747474033588,1754
470,2,evaluate,4.4647520780563354,0.5100548446069469,0.5203019053233083,0.5098837927648348,0.5110719329529919,1641
470,3,evaluate,4.655225287313047,0.5071380013596193,0.5127066261804065,0.5006101078160784,0.5008695683056431,1471
470,4,evaluate,5.066231756210327,0.5255754475703325,0.5279365152014223,0.5178870479309318,0.5144095555058434,1564
470,5,evaluate,4.812467838155812,0.5135722041259501,0.5274001426092237,0.5154979084288597,0.5166765231200985,1842
471,0,evaluate,4.6939279651641845,0.5242966751918159,0.524847853013055,0.5162720111460348,0.5125371090415187,1564
471,1,evaluate,4.5942700036934445,0.511265164644714,0.5282050044749362,0.528741775749294,0.5272954660155553,1731
471,2,evaluate,4.344765352166218,0.512576478585996,0.5154903802068735,0.5035429411847384,0.5050729614967358,1471
471,3,evaluate,4.50180406406008,0.5135722041259501,0.5284429395141717,0.5156785961154983,0.5179513521144724,1842
471,4,evaluate,4.4555897968156,0.5210946408209807,0.5144358278602444,0.5137427535511985,0.5080195492541167,1754
471,5,evaluate,4.253927542613103,0.5070079219987812,0.5140614580718033,0.5073799206701729,0.5087452918363907,1641
472,0,evaluate,4.382053165435791,0.5441176470588235,0.5359275714017981,0.5292096728266907,0.5262276175084237,1564
472,1,evaluate,4.215934852073932,0.5168295331161781,0.5277771361879992,0.5188221242348477,0.519550985635821,1842
472,2,evaluate,4.3669306465557645,0.5022805017103763,0.4991591904738494,0.49910152639581395,0.48935415790153663,1754
472,3,evaluate,3.995889480297382,0.5045703839122486,0.5061893581809078,0.5033199479205546,0.5037803443386515,1641
472,4,evaluate,4.600604474544525,0.4927787406123628,0.510409316228926,0.5129135233097843,0.5091195785368006,1731
472,5,evaluate,4.090737011121667,0.5180149558123726,0.5218201653076165,0.5088777557354238,0.5107177764570923,1471
473,0,evaluate,3.983151124073909,0.5124923826934796,0.5149307623194852,0.510728058879837,0.5114234065602711,1641
473,1,evaluate,4.746315602745328,0.4858463316002311,0.4978569607962683,0.5095032205226905,0.49982522437735855,1731
473,2,evaluate,4.222653273878427,0.5222584147665581,0.5291951230653482,0.5222979680079793,0.5228726406023039,1842
473,3,evaluate,4.35842273916517,0.5108323831242874,0.4999307339479353,0.5078657263703207,0.49602815490828017,1754
473,4,evaluate,4.313027601242066,0.5447570332480819,0.5341472000735009,0.527722872966741,0.5254694917981099,1564
473,5,evaluate,3.9996954980103867,0.5261726716519375,0.525553333008248,0.5154227637481956,0.5167119595731443,1471
474,0,evaluate,4.96017399430275,0.49797804737146156,0.5090303197823743,0.5262522928714461,0.5131521636413449,1731
474,1,evaluate,4.473326614924839,0.5114025085518814,0.49786655870264396,0.5065427298500528,0.496170030110709,1754
474,2,evaluate,4.409250545501709,0.559462915601023,0.5452909306047792,0.5420790899506823,0.5394005239710126,1564
474,3,evaluate,4.117585513902747,0.530931339225017,0.5299353719466631,0.5210295514602322,0.5215687507233124,1471
474,4,evaluate,4.157592241580669,0.5283363802559415,0.528595090396051,0.5276449071714371,0.5267736439570194,1641
474,5,evaluate,4.503737515416638,0.5266015200868621,0.5326649880004201,0.5259019449156935,0.5266320634710702,1842
475,0,evaluate,4.843140750095762,0.5222584147665581,0.5294988658274031,0.5225541092402552,0.5231130310677299,1842
475,1,evaluate,4.382139465083247,0.5254928619986404,0.5242896620098,0.5163727846288236,0.5166832223587916,1471
475,2,evaluate,4.694628349372318,0.5188141391106044,0.5055154749417583,0.5065487488990172,0.5032035986847332,1754
475,3,evaluate,4.628418684005737,0.551150895140665,0.5398577130921371,0.5384162335853544,0.5341606740200848,1564
475,4,evaluate,4.459999808898339,0.5295551492992078,0.5285139657807046,0.5289697133288431,0.5275943129005471,1641
475,5,evaluate,5.20425100837435,0.5054881571346043,0.5169043677902501,0.531049964626454,0.5196270662633758,1731
476,0,evaluate,4.772183752059936,0.5319693094629157,0.5288974513815415,0.5233548761468482,0.5201115705928274,1564
476,1,evaluate,4.614595288815706,0.5193745751189667,0.5182245548661952,0.5098852089640484,0.5113344327056591,1471
476,2,evaluate,4.835595650332315,0.515963511972634,0.507021757204652,0.5052282572680236,0.503356069476062,1754
476,3,evaluate,4.906857876942076,0.5195439739413681,0.5312625452676301,0.5209661245318732,0.5222112760581707,1842
476,4,evaluate,5.147463462182453,0.5077989601386482,0.5205322890085695,0.5258625067091662,0.5205909552920687,1731
476,5,evaluate,4.593815088272095,0.5149299207800122,0.519317394024301,0.5150378458340182,0.5150637414945527,1641
477,0,evaluate,5.085077756217548,0.5020219526285384,0.5175322831530285,0.5184671724218254,0.5161753143786485,1731
477,1,evaluate,4.641171984050585,0.513256288239293,0.5145346294178836,0.5019439584345626,0.5057992816053519,1471
477,2,evaluate,4.877529344558716,0.5313299232736572,0.5315964841782541,0.5229324136729645,0.5207427469406888,1564
477,3,evaluate,4.777260739227821,0.5222584147665581,0.5328262352017985,0.524487779985687,0.524062968574629,1842
477,4,evaluate,4.502606740364661,0.52224253503961,0.533429706115331,0.5238053993012783,0.5250832247420286,1641
477,5,evaluate,4.729439411844526,0.5148232611174458,0.5168355050543473,0.5071349876748797,0.5069766025020359,1754
478,0,evaluate,4.505358457565308,0.5091774303195106,0.5088495291595486,0.4981631019667918,0.5015543876180291,1471
478,1,evaluate,4.571730043206896,0.5057012542759407,0.509332346468264,0.49840597614943444,0.49831768677666927,1754
478,2,evaluate,4.307655251943148,0.5155393053016454,0.5238157552832959,0.517837467690175,0.5176591871363454,1641
478,3,evaluate,5.007112056016922,0.5066435586366262,0.5235484656746087,0.5229203768873681,0.5215620268363381,1731
478,4,evaluate,4.582037728408287,0.5320304017372421,0.5436960122797884,0.534220915275968,0.5345111898896286,1842
478,5,evaluate,4.764078779220581,0.5198209718670077,0.5173189001176206,0.5093559911691523,0.5078147408212119,1564
479,0,evaluate,4.448194690372633,0.513256288239293,0.5162555485358815,0.5019810307527888,0.5062010152200633,1471
479,1,evaluate,4.244380758358882,0.5137111517367459,0.5244040483369548,0.5145714706973468,0.5159807452909999,1641
479,2,evaluate,4.609119815826416,0.5300511508951407,0.5239828477853105,0.5178110134117919,0.5159502296004567,1564
479,3,evaluate,4.395981270691444,0.5369163952225842,0.548238166336086,0.5386163796196509,0.5404456909833043,1842
479,4,evaluate,4.922113989080701,0.5095320623916811,0.5272594202887169,0.5269162578895521,0.5254707031373431,1731
479,5,evaluate,4.535871284348624,0.507981755986317,0.5063204924205538,0.5004293766151522,0.4971212581695849,1754
480,0,evaluate,4.40518593788147,0.5282121006118287,0.5290352575389231,0.516416469253802,0.5191666444242463,1471
480,1,evaluate,4.501147975921631,0.5364450127877238,0.5283073060511915,0.5217938746880313,0.5203699141012211,1564
480,2,evaluate,4.952397746699197,0.5054881571346043,0.5196836120387032,0.5233000871462139,0.5193506355715412,1731
480,3,evaluate,4.4467576701065585,0.5352877307274702,0.5405604991528838,0.5363294993049782,0.5361727982716407,1842
480,4,evaluate,4.273116377683786,0.5088360755636807,0.5151201714311938,0.5112322894917739,0.5103945777138248,1641
480,5,evaluate,4.667397677898407,0.5125427594070695,0.5043547049872561,0.507900251638489,0.4993839834794529,1754
481,0,evaluate,4.3975189976070235,0.5288919102651257,0.5250355796491906,0.518287938697976,0.5191720442617019,1471
481,1,evaluate,4.681144995348794,0.5307867730900798,0.5161446184412835,0.524178606657155,0.5139181518165417,1754
481,2,evaluate,5.0207520723342896,0.5043327556325823,0.5116186447753927,0.5286402647686208,0.5175018891193564,1731
481,3,evaluate,4.5226228401578705,0.5352877307274702,0.5389802093059753,0.5364768200033715,0.5356496540700615,1842
481,4,evaluate,4.193160075407762,0.5307739183424741,0.5297569008687077,0.5317088097750211,0.5294971138398716,1641
481,5,evaluate,4.560176362991333,0.5402813299232737,0.5247289246842858,0.5240226661499483,0.5194347572420834,1564
482,0,evaluate,4.40416199228038,0.5350101971447995,0.5272459838406955,0.5264935896573983,0.524044033305817,1471
482,1,evaluate,5.108982226678303,0.49971114962449453,0.5044923004709189,0.5266210642351721,0.5125654385452536,1731
482,2,evaluate,4.7447406734739035,0.5256556442417332,0.5073045762365501,0.5182231430680474,0.5079244078742908,1754
482,3,evaluate,4.682097936498708,0.5282301845819761,0.5315222047308303,0.5300609379752682,0.5286389756989804,1842
482,4,evaluate,4.811856832504272,0.5294117647058824,0.5143259102085427,0.5157575161586535,0.508268184875097,1564
482,5,evaluate,4.321105553553655,0.5350396099939062,0.5337188683008149,0.5366293691121247,0.5344002611674902,1641
483,0,evaluate,5.135580710002354,0.5031773541305604,0.512814447644684,0.5264298978941986,0.5152100954105371,1731
483,1,evaluate,4.919785280227661,0.5415601023017903,0.5310585793692442,0.5294771584160488,0.5219364238697539,1564
483,2,evaluate,4.877056088940851,0.5184581976112921,0.5246554720230362,0.5187565765612684,0.517818801235921,1842
483,3,evaluate,4.43716443501986,0.5283363802559415,0.5295068172759422,0.5282067633762524,0.5268546080666924,1641
483,4,evaluate,4.73157216821398,0.5148232611174458,0.5024167687084311,0.5087202541902508,0.500090981487158,1754
483,5,evaluate,4.458816435026086,0.5329707681849082,0.5294372517618015,0.5252769424368724,0.5236308708127084,1471
484,0,evaluate,4.802290890898023,0.5136830102622577,0.5065712071680519,0.5078946341762556,0.5007881408169883,1754
484,1,evaluate,4.556541878244151,0.5234534330387491,0.5219329976454277,0.514254032432878,0.5128054430111822,1471
484,2,evaluate,4.991256294250488,0.5447570332480819,0.5437739911572823,0.5319928996228581,0.5284688620734617,1564
484,3,evaluate,5.2092428633144925,0.5101097631426921,0.5242267227105866,0.5311291158150805,0.521822019321728,1731
484,4,evaluate,4.5350107321372395,0.5307739183424741,0.5353089598783484,0.5299572186417938,0.5294778966854782,1641
484,5,evaluate,4.908787094313523,0.5222584147665581,0.5355285073473534,0.5236835226857492,0.5242224055016548,1842
485,0,evaluate,4.7116707393101285,0.508551881413911,0.5111652145160015,0.5040911383030214,0.49960481526279465,1754
485,1,evaluate,4.445130337839541,0.5159755268524813,0.5190603869879296,0.5033172079640933,0.5068636560397088,1471
485,2,evaluate,4.918106689453125,0.5300511508951407,0.5248292477031418,0.519035313913933,0.515400519651076,1564
485,3,evaluate,5.10590387242181,0.5031773541305604,0.5234885637219923,0.521042132293341,0.5175497437291399,1731
485,4,evaluate,4.458071360221276,0.5198049969530774,0.5271987615307493,0.517507154909506,0.5202581359026787,1641
485,5,evaluate,4.76425811340069,0.5200868621064061,0.5407945143012635,0.5220193911876463,0.5257165029314235,1842
486,0,evaluate,4.298965557761814,0.5159755268524813,0.5207482476812605,0.5024149010479753,0.5084267885772777,1471
486,1,evaluate,4.839509887354715,0.5083766608896592,0.5271994888596571,0.5244195651918254,0.5227116555368377,1731
486,2,evaluate,4.197001879031841,0.5045703839122486,0.5169243315850378,0.5035628396337779,0.5075143351967333,1641
486,3,evaluate,4.788450870513916,0.5223785166240409,0.52242150297674,0.5132758470522141,0.5110510916373542,1564
486,4,evaluate,4.447876691818237,0.5249728555917481,0.5429629423581587,0.527007971795437,0.5308782769874535,1842
486,5,evaluate,4.51148247718811,0.5045610034207526,0.5170727030689364,0.5037559035015848,0.5000861690939553,1754
487,0,evaluate,4.205305254977683,0.5200543847722637,0.5220214115711177,0.5087366253832618,0.5121326045151606,1471
487,1,evaluate,3.997531193953294,0.502132845825716,0.5138528092379281,0.5031753127089655,0.5049063474839254,1641
487,2,evaluate,4.173483297742647,0.5298588490770901,0.5476429594745593,0.5320277312319098,0.5349408976758316,1842
487,3,evaluate,4.560307703018188,0.5121483375959079,0.5135235265653819,0.5036830519428122,0.5003358107459106,1564
487,4,evaluate,4.34985705784389,0.5119726339794755,0.5194638118633632,0.510531446922851,0.5054930347703198,1754
487,5,evaluate,4.6675790292876105,0.5037550548815714,0.5214841809461038,0.5205070807217645,0.5184097022796034,1731
488,0,evaluate,4.3282249492147695,0.513256288239293,0.5167957876137951,0.5059800239699449,0.5074451169602003,1471
488,1,evaluate,4.114856674120976,0.5076173065204144,0.5197118449819271,0.5117385458603012,0.5112514576384328,1641
488,2,evaluate,4.470543452671596,0.523945267958951,0.5258192332188927,0.5195863347567653,0.5161620121948605,1754
488,3,evaluate,4.756018561976297,0.49624494511842865,0.5146479605893443,0.5136557676258898,0.5123510941347011,1731
488,4,evaluate,4.576913433074951,0.5191815856777494,0.5115981793278517,0.5070604813476397,0.5028731964199181,1564
488,5,evaluate,4.270371675491333,0.5293159609120521,0.5428496362092593,0.5307675146428179,0.5331810942568079,1842
489,0,evaluate,4.439709922541743,0.5152957171991842,0.5179159763547843,0.5057590979639343,0.5074457832581635,1471
489,1,evaluate,4.7371460156781335,0.5014442518775274,0.5179097543596771,0.5200201499807594,0.5177989014456493,1731
489,2,evaluate,4.51948844909668,0.5249360613810742,0.5098226378919923,0.5102693051904627,0.5051465996175116,1564
489,3,evaluate,4.524737587996891,0.5188141391106044,0.5117775807070208,0.5124909023270584,0.5069284811148949,1754
489,4,evaluate,4.217973259779123,0.5100548446069469,0.5164657874677707,0.5112692516059467,0.5106990642212437,1641
489,5,evaluate,4.274080112062651,0.5293159609120521,0.540048596196446,0.5315066222074518,0.5322279253137551,1842
490,0,evaluate,4.667549772262573,0.5466751918158568,0.5365378289003246,0.5342769104731321,0.5290971074590362,1564
490,1,evaluate,4.905341293130602,0.5008665511265165,0.5106145055856497,0.5219540563553472,0.5145058202578693,1731
490,2,evaluate,4.443479644841161,0.5456026058631922,0.5513666132549848,0.545841655854906,0.5457115004859334,1842
490,3,evaluate,4.493153976357502,0.5159755268524813,0.5131877832706639,0.5067084318428188,0.5048290568795519,1471
490,4,evaluate,4.290012222069961,0.5198049969530774,0.5195996266153265,0.5211832111422969,0.5192292013656291,1641
490,5,evaluate,4.675933863435473,0.5262257696693272,0.5110634571042616,0.5169291517936357,0.5104837170115414,1754
491,0,evaluate,5.001617763723646,0.523945267958951,0.504062006804092,0.5130285648099087,0.5044830312769956,1754
491,1,evaluate,4.65209462331689,0.5282121006118287,0.5265998996454102,0.5220086340214013,0.5198444126290138,1471
491,2,evaluate,4.744153622923227,0.5515743756786102,0.5539446806310739,0.5523554243797493,0.550770044303807,1842
491,3,evaluate,5.162324441330774,0.4950895436164067,0.5029271784895057,0.516920915609852,0.5072283261403824,1731
491,4,evaluate,4.569074227259709,0.5204143814747105,0.5181121392908478,0.5206802278471775,0.5185277730306417,1641
491,5,evaluate,5.01295111656189,0.5466751918158568,0.5362212533248187,0.5340832831804279,0.5292571162752288,1564
492,0,evaluate,4.767949518950089,0.5295717199184229,0.5322837714983566,0.5233194857322194,0.5229064944964612,1471
492,1,evaluate,4.793052178162795,0.5216331505179769,0.5202501137284232,0.5214273920907991,0.5201140836470248,1641
492,2,evaluate,5.0653845405578615,0.5434782608695652,0.5387523120196752,0.5305760018716719,0.5272873898770503,1564
492,3,evaluate,5.3214373503412515,0.510687463893703,0.5207154236184386,0.5301252168329713,0.5231967929724837,1731
492,4,evaluate,4.976574938872765,0.5304017372421281,0.5373994268114787,0.5315849311235897,0.5318071268204356,1842
492,5,evaluate,5.0814208984375,0.5199543899657925,0.5056154620061482,0.5100857274559705,0.5023566001608819,1754
493,0,evaluate,5.186054595879146,0.5054881571346043,0.5177002636526279,0.5226436359076655,0.5182480871368337,1731
493,1,evaluate,4.902545022964477,0.5460358056265985,0.5453149760535964,0.5346526737218318,0.5336219743150764,1564
493,2,evaluate,4.917902025683173,0.5173724212812161,0.5344544834193479,0.5189365262498582,0.5233348874697052,1842
493,3,evaluate,5.031582568372999,0.5153933865450399,0.5112504072114363,0.5067492862110768,0.5024541561078478,1754
493,4,evaluate,4.7595763481580295,0.5137111517367459,0.5163469191338292,0.5109726635914159,0.5128562863972141,1641
493,5,evaluate,4.621516175892042,0.5316111488783141,0.5362381346191338,0.5230197725607229,0.5252391095731317,1471
494,0,evaluate,4.9747158374105185,0.49714937286202965,0.5088991717431142,0.49474079110978053,0.4919763063635146,1754
494,1,evaluate,5.028599662440164,0.4950895436164067,0.5134577219544793,0.5093782673795617,0.5094938338457601,1731
494,2,evaluate,4.430925141210142,0.522093813732155,0.5289897551711312,0.5123646293049647,0.5172599666199649,1471
494,3,evaluate,4.518432589677664,0.5173674588665448,0.5269681303824127,0.5166167307789707,0.5201223373129281,1641
494,4,evaluate,4.82319055557251,0.5377237851662404,0.5383473390000519,0.5262135044308265,0.527176878120527,1564
494,5,evaluate,4.759330724847728,0.5195439739413681,0.5480886590902129,0.5208326252493384,0.5290069592680722,1842
495,0,evaluate,4.549652847750433,0.5146579804560261,0.5448410867918485,0.5165191779326966,0.523476154883124,1842
495,1,evaluate,4.849508847509112,0.49220103986135183,0.5174874766044231,0.5064674752998551,0.5089900160801271,1731
495,2,evaluate,4.332793740125803,0.5100548446069469,0.5275990320442869,0.509802772173173,0.5140810366980391,1641
495,3,evaluate,4.845140227249691,0.4880273660205245,0.5067723770446172,0.49233213051160457,0.48568130987770647,1754
495,4,evaluate,4.664773178100586,0.5319693094629157,0.5341459059363519,0.5177963169406896,0.5215364367705947,1564
495,5,evaluate,4.524867026702218,0.5098572399728076,0.5225750776156175,0.4990767780386415,0.5069066930608808,1471
496,0,evaluate,4.3569862324258555,0.5139360978925901,0.521687459863492,0.503671534353714,0.5091075346696075,1471
496,1,evaluate,4.625784729208265,0.49104563835932985,0.5158533080923515,0.5082559607805267,0.5089817429765616,1731
496,2,evaluate,4.318228770946634,0.5184581976112921,0.5400564909342158,0.5208415428318338,0.5245731924870605,1842
496,3,evaluate,4.414936094284058,0.5287723785166241,0.5280958576584223,0.5156714557035935,0.5163141351009202,1564
496,4,evaluate,4.554056695529392,0.49486887115165334,0.5039597525999121,0.49420885707981144,0.4892614112946229,1754
496,5,evaluate,4.0474192545964165,0.5070079219987812,0.5199853256152046,0.5067300550663059,0.5097919847279131,1641
497,0,evaluate,4.027435559492845,0.506398537477148,0.5121328680003748,0.5060562679691969,0.506554245158214,1641
497,1,evaluate,4.2955984000501966,0.5146579804560261,0.5286605974910787,0.5191683559421537,0.5185363005974786,1842
497,2,evaluate,4.260958827060202,0.513256288239293,0.5131997460616365,0.5014814639272975,0.503129200151154,1471
497,3,evaluate,4.632391818932125,0.49682264586943964,0.514429609498239,0.5202566021824176,0.5128897359921861,1731
497,4,evaluate,4.3613239097595216,0.5377237851662404,0.5336414499161848,0.5293683278493212,0.5236202819593785,1564
497,5,evaluate,4.498178507600512,0.5153933865450399,0.5085029341545394,0.5072361969577228,0.5025023302434296,1754
498,0,evaluate,4.348352629205455,0.513256288239293,0.5052613063913813,0.5017104210552817,0.49974966835666834,1471
498,1,evaluate,4.506854394386554,0.5173724212812161,0.5288176794605856,0.5199224655444845,0.5189340855709592,1842
498,2,evaluate,4.1999774896181545,0.5106642291285801,0.5107904910104403,0.5090830083109179,0.5073443629047774,1641
498,3,evaluate,4.488237466812134,0.5402813299232737,0.5309811888948783,0.5332551054193065,0.5234179951678949,1564
498,4,evaluate,4.75419465133122,0.49913344887348354,0.516377345355615,0.5268403361442517,0.5139455350203146,1731
498,5,evaluate,4.5750800882066995,0.5256556442417332,0.5121468893253571,0.5138136492435809,0.5098656445971784,1754
499,0,evaluate,4.505234305675213,0.5198049969530774,0.5213967142363589,0.5195621446735108,0.5190896426454586,1641
499,1,evaluate,4.724913749694824,0.5543478260869565,0.543622976140989,0.5440085435069778,0.5366414172235185,1564
499,2,evaluate,5.011051395109722,0.5031773541305604,0.5170945029529371,0.5322370932119809,0.517122992208299,1731
499,3,evaluate,4.541537958642711,0.5295717199184229,0.5221540594978836,0.5185514519263348,0.5174649681318304,1471
499,4,evaluate,4.82946822472981,0.5285062713797035,0.5116877948989177,0.5163409094018574,0.5099872372941427,1754
499,5,evaluate,4.690051794052124,0.5173724212812161,0.5278016473325773,0.516202208112802,0.5179371991575389,1842
