round,client_id,phase,loss,accuracy,precision,recall,f1,num_examples
0,0,evaluate,2.0247893574871596,0.204,0.325435454400245,0.10156102541908889,0.13397816166408513,5000
0,1,evaluate,2.0372507421276236,0.3106,0.28035295125620696,0.15073599649255057,0.13054790877849398,5000
0,2,evaluate,2.0247893574871596,0.204,0.325435454400245,0.10156102541908889,0.13397816166408513,5000
0,3,evaluate,2.0372507421276236,0.3106,0.28035295125620696,0.15073599649255057,0.13054790877849398,5000
0,4,evaluate,2.0372507421276236,0.3106,0.28035295125620696,0.15073599649255057,0.13054790877849398,5000
0,5,evaluate,2.0247893574871596,0.204,0.325435454400245,0.10156102541908889,0.13397816166408513,5000
1,0,evaluate,3.498130007635189,0.2884,0.2723018916544301,0.14417949107886055,0.1790752024337958,5000
1,1,evaluate,3.2385055747213243,0.3606,0.3203891527253531,0.17591769126190457,0.20140425845001855,5000
1,2,evaluate,3.498130007635189,0.2884,0.2723018916544301,0.14417949107886055,0.1790752024337958,5000
1,3,evaluate,3.2385055747213243,0.3606,0.3203891527253531,0.17591769126190457,0.20140425845001855,5000
1,4,evaluate,3.498130007635189,0.2884,0.2723018916544301,0.14417949107886055,0.1790752024337958,5000
1,5,evaluate,3.2385055747213243,0.3606,0.3203891527253531,0.17591769126190457,0.20140425845001855,5000
2,0,evaluate,3.792335081704055,0.3856,0.35417693532585504,0.21637342437396648,0.23397533532746484,5000
2,1,evaluate,8.538597795027721,0.3566,0.2938394270108981,0.18331845035334748,0.2080600312988136,5000
2,2,evaluate,8.538597795027721,0.3566,0.2938394270108981,0.18331845035334748,0.2080600312988136,5000
2,3,evaluate,3.792335081704055,0.3856,0.35417693532585504,0.21637342437396648,0.23397533532746484,5000
2,4,evaluate,8.538597795027721,0.3566,0.2938394270108981,0.18331845035334748,0.2080600312988136,5000
2,5,evaluate,3.792335081704055,0.3856,0.35417693532585504,0.21637342437396648,0.23397533532746484,5000
3,0,evaluate,2.723838881601261,0.2582,0.16422984508859537,0.12778857613375855,0.14228708116168107,5000
3,1,evaluate,2.8520555737652358,0.3888,0.4648065373328438,0.23634239980846763,0.2609307084425512,5000
3,2,evaluate,2.8520555737652358,0.3888,0.4648065373328438,0.23634239980846763,0.2609307084425512,5000
3,3,evaluate,2.723838881601261,0.2582,0.16422984508859537,0.12778857613375855,0.14228708116168107,5000
3,4,evaluate,2.723838881601261,0.2582,0.16422984508859537,0.12778857613375855,0.14228708116168107,5000
3,5,evaluate,2.8520555737652358,0.3888,0.4648065373328438,0.23634239980846763,0.2609307084425512,5000
4,0,evaluate,2.2497997842257536,0.1836,0.2818488326255505,0.09269074856619489,0.1297797992265129,5000
4,1,evaluate,2.2497997842257536,0.1836,0.2818488326255505,0.09269074856619489,0.1297797992265129,5000
4,2,evaluate,1.880882281291334,0.3426,0.346607070801851,0.1667293887728298,0.16805926429467652,5000
4,3,evaluate,1.880882281291334,0.3426,0.346607070801851,0.1667293887728298,0.16805926429467652,5000
4,4,evaluate,1.880882281291334,0.3426,0.346607070801851,0.1667293887728298,0.16805926429467652,5000
4,5,evaluate,2.2497997842257536,0.1836,0.2818488326255505,0.09269074856619489,0.1297797992265129,5000
5,0,evaluate,2.72577427006975,0.2404,0.3924199051743585,0.1195058276316937,0.16867343518710975,5000
5,1,evaluate,1.5751377449759953,0.4154,0.3308965729306924,0.23296487109562408,0.2390779434890659,5000
5,2,evaluate,2.72577427006975,0.2404,0.3924199051743585,0.1195058276316937,0.16867343518710975,5000
5,3,evaluate,1.5751377449759953,0.4154,0.3308965729306924,0.23296487109562408,0.2390779434890659,5000
5,4,evaluate,1.5751377449759953,0.4154,0.3308965729306924,0.23296487109562408,0.2390779434890659,5000
5,5,evaluate,2.72577427006975,0.2404,0.3924199051743585,0.1195058276316937,0.16867343518710975,5000
6,0,evaluate,1.2632675004910818,0.5824,0.36985844755842834,0.29014113711780054,0.3115969361528109,5000
6,1,evaluate,3.6666910074934176,0.1784,0.30377424147576954,0.08959921333223153,0.12440369256119048,5000
6,2,evaluate,3.6666910074934176,0.1784,0.30377424147576954,0.08959921333223153,0.12440369256119048,5000
6,3,evaluate,1.2632675004910818,0.5824,0.36985844755842834,0.29014113711780054,0.3115969361528109,5000
6,4,evaluate,3.6666910074934176,0.1784,0.30377424147576954,0.08959921333223153,0.12440369256119048,5000
6,5,evaluate,1.2632675004910818,0.5824,0.36985844755842834,0.29014113711780054,0.3115969361528109,5000
7,0,evaluate,1.3176892754397815,0.554,0.32511744770181217,0.2769183507678269,0.2974696022000595,5000
7,1,evaluate,4.100283894357802,0.1584,0.3014094676290078,0.07875005581692034,0.12020106941702921,5000
7,2,evaluate,4.100283894357802,0.1584,0.3014094676290078,0.07875005581692034,0.12020106941702921,5000
7,3,evaluate,1.3176892754397815,0.554,0.32511744770181217,0.2769183507678269,0.2974696022000595,5000
7,4,evaluate,1.3176892754397815,0.554,0.32511744770181217,0.2769183507678269,0.2974696022000595,5000
7,5,evaluate,4.100283894357802,0.1584,0.3014094676290078,0.07875005581692034,0.12020106941702921,5000
8,0,evaluate,2.867919493325149,0.2272,0.28380644028795476,0.11381638019851319,0.1586511743699049,5000
8,1,evaluate,2.867919493325149,0.2272,0.28380644028795476,0.11381638019851319,0.1586511743699049,5000
8,2,evaluate,1.543113012857075,0.504,0.35890608410930225,0.2499815048355889,0.27401898953136794,5000
8,3,evaluate,2.867919493325149,0.2272,0.28380644028795476,0.11381638019851319,0.1586511743699049,5000
8,4,evaluate,1.543113012857075,0.504,0.35890608410930225,0.2499815048355889,0.27401898953136794,5000
8,5,evaluate,1.543113012857075,0.504,0.35890608410930225,0.2499815048355889,0.27401898953136794,5000
9,0,evaluate,2.745029156721091,0.3394,0.3849154237258851,0.16714217187859964,0.20490628848848297,5000
9,1,evaluate,1.9712855499001998,0.3462,0.30170597980152164,0.17242695349982556,0.19728294929729379,5000
9,2,evaluate,2.745029156721091,0.3394,0.3849154237258851,0.16714217187859964,0.20490628848848297,5000
9,3,evaluate,1.9712855499001998,0.3462,0.30170597980152164,0.17242695349982556,0.19728294929729379,5000
9,4,evaluate,1.9712855499001998,0.3462,0.30170597980152164,0.17242695349982556,0.19728294929729379,5000
9,5,evaluate,2.745029156721091,0.3394,0.3849154237258851,0.16714217187859964,0.20490628848848297,5000
10,0,evaluate,2.3479522617557382,0.354,0.36825446230927134,0.17500409666070443,0.2322762873365658,5000
10,1,evaluate,2.3479522617557382,0.354,0.36825446230927134,0.17500409666070443,0.2322762873365658,5000
10,2,evaluate,1.6837563710876657,0.4448,0.31836698363959426,0.22271844457742174,0.2607931772478521,5000
10,3,evaluate,1.6837563710876657,0.4448,0.31836698363959426,0.22271844457742174,0.2607931772478521,5000
10,4,evaluate,2.3479522617557382,0.354,0.36825446230927134,0.17500409666070443,0.2322762873365658,5000
10,5,evaluate,1.6837563710876657,0.4448,0.31836698363959426,0.22271844457742174,0.2607931772478521,5000
11,0,evaluate,2.254602681232404,0.4268,0.3851350973819264,0.21409578899732584,0.27426256930269516,5000
11,1,evaluate,1.9613877746123303,0.4246,0.3231517846745432,0.21309491498297634,0.24760599602118938,5000
11,2,evaluate,2.254602681232404,0.4268,0.3851350973819264,0.21409578899732584,0.27426256930269516,5000
11,3,evaluate,2.254602681232404,0.4268,0.3851350973819264,0.21409578899732584,0.27426256930269516,5000
11,4,evaluate,1.9613877746123303,0.4246,0.3231517846745432,0.21309491498297634,0.24760599602118938,5000
11,5,evaluate,1.9613877746123303,0.4246,0.3231517846745432,0.21309491498297634,0.24760599602118938,5000
12,0,evaluate,1.714475916910775,0.5364,0.3838957835336566,0.26635465318852014,0.3132511257190715,5000
12,1,evaluate,2.659913814520534,0.3448,0.3329410916270928,0.1731018648531825,0.22599949851816023,5000
12,2,evaluate,1.714475916910775,0.5364,0.3838957835336566,0.26635465318852014,0.3132511257190715,5000
12,3,evaluate,1.714475916910775,0.5364,0.3838957835336566,0.26635465318852014,0.3132511257190715,5000
12,4,evaluate,2.659913814520534,0.3448,0.3329410916270928,0.1731018648531825,0.22599949851816023,5000
12,5,evaluate,2.659913814520534,0.3448,0.3329410916270928,0.1731018648531825,0.22599949851816023,5000
13,0,evaluate,2.3609058313731905,0.3978,0.38311220342048985,0.19676205507419464,0.25593172446988993,5000
13,1,evaluate,1.8543966510627843,0.4534,0.32971174312571067,0.22664804448099432,0.2625290061921428,5000
13,2,evaluate,1.8543966510627843,0.4534,0.32971174312571067,0.22664804448099432,0.2625290061921428,5000
13,3,evaluate,2.3609058313731905,0.3978,0.38311220342048985,0.19676205507419464,0.25593172446988993,5000
13,4,evaluate,1.8543966510627843,0.4534,0.32971174312571067,0.22664804448099432,0.2625290061921428,5000
13,5,evaluate,2.3609058313731905,0.3978,0.38311220342048985,0.19676205507419464,0.25593172446988993,5000
14,0,evaluate,2.114098076578937,0.4112,0.3850561971343567,0.20504503416293957,0.26709486814200833,5000
14,1,evaluate,1.9370519948911062,0.435,0.3254864018293592,0.21734609245332778,0.2551932183205333,5000
14,2,evaluate,1.9370519948911062,0.435,0.3254864018293592,0.21734609245332778,0.2551932183205333,5000
14,3,evaluate,2.114098076578937,0.4112,0.3850561971343567,0.20504503416293957,0.26709486814200833,5000
14,4,evaluate,2.114098076578937,0.4112,0.3850561971343567,0.20504503416293957,0.26709486814200833,5000
14,5,evaluate,1.9370519948911062,0.435,0.3254864018293592,0.21734609245332778,0.2551932183205333,5000
15,0,evaluate,2.5679522118990934,0.3184,0.3323937841211372,0.1591487426945183,0.212930082479002,5000
15,1,evaluate,1.6539894221704217,0.4916,0.3627580919017328,0.2456427831242148,0.28819469683583854,5000
15,2,evaluate,1.6539894221704217,0.4916,0.3627580919017328,0.2456427831242148,0.28819469683583854,5000
15,3,evaluate,1.6539894221704217,0.4916,0.3627580919017328,0.2456427831242148,0.28819469683583854,5000
15,4,evaluate,2.5679522118990934,0.3184,0.3323937841211372,0.1591487426945183,0.212930082479002,5000
15,5,evaluate,2.5679522118990934,0.3184,0.3323937841211372,0.1591487426945183,0.212930082479002,5000
16,0,evaluate,1.8515379051618939,0.4766,0.38280124800346044,0.23786963188956864,0.28736238254439506,5000
16,1,evaluate,1.8515379051618939,0.4766,0.38280124800346044,0.23786963188956864,0.28736238254439506,5000
16,2,evaluate,2.3077957524528987,0.3756,0.33183937216010573,0.18847761736610813,0.23935965520305463,5000
16,3,evaluate,2.3077957524528987,0.3756,0.33183937216010573,0.18847761736610813,0.23935965520305463,5000
16,4,evaluate,2.3077957524528987,0.3756,0.33183937216010573,0.18847761736610813,0.23935965520305463,5000
16,5,evaluate,1.8515379051618939,0.4766,0.38280124800346044,0.23786963188956864,0.28736238254439506,5000
17,0,evaluate,1.7996409814569014,0.4744,0.32980197160249697,0.237780886865912,0.2740071961690024,5000
17,1,evaluate,2.6260428126854234,0.3524,0.3734489004661353,0.1741443714572464,0.2317017894194482,5000
17,2,evaluate,1.7996409814569014,0.4744,0.32980197160249697,0.237780886865912,0.2740071961690024,5000
17,3,evaluate,2.6260428126854234,0.3524,0.3734489004661353,0.1741443714572464,0.2317017894194482,5000
17,4,evaluate,1.7996409814569014,0.4744,0.32980197160249697,0.237780886865912,0.2740071961690024,5000
17,5,evaluate,2.6260428126854234,0.3524,0.3734489004661353,0.1741443714572464,0.2317017894194482,5000
18,0,evaluate,2.301001909412915,0.3854,0.31948623232173723,0.1924268662606869,0.22232639410452987,5000
18,1,evaluate,2.2909634535825707,0.4394,0.3842040608056694,0.2166648638465655,0.2718759562121309,5000
18,2,evaluate,2.2909634535825707,0.4394,0.3842040608056694,0.2166648638465655,0.2718759562121309,5000
18,3,evaluate,2.2909634535825707,0.4394,0.3842040608056694,0.2166648638465655,0.2718759562121309,5000
18,4,evaluate,2.301001909412915,0.3854,0.31948623232173723,0.1924268662606869,0.22232639410452987,5000
18,5,evaluate,2.301001909412915,0.3854,0.31948623232173723,0.1924268662606869,0.22232639410452987,5000
19,0,evaluate,2.696237728565554,0.347,0.31895987031619166,0.17344053145680943,0.21070819133418311,5000
19,1,evaluate,2.696237728565554,0.347,0.31895987031619166,0.17344053145680943,0.21070819133418311,5000
19,2,evaluate,1.9141130221040943,0.5056,0.37848757661696186,0.2523280528863605,0.30244318145413257,5000
19,3,evaluate,2.696237728565554,0.347,0.31895987031619166,0.17344053145680943,0.21070819133418311,5000
19,4,evaluate,1.9141130221040943,0.5056,0.37848757661696186,0.2523280528863605,0.30244318145413257,5000
19,5,evaluate,1.9141130221040943,0.5056,0.37848757661696186,0.2523280528863605,0.30244318145413257,5000
20,0,evaluate,2.2956686517860314,0.4382,0.33027224863584054,0.21942705600598847,0.2604116656240457,5000
20,1,evaluate,2.5034174858769283,0.438,0.38012944773243157,0.21963223104797763,0.2749333276476883,5000
20,2,evaluate,2.2956686517860314,0.4382,0.33027224863584054,0.21942705600598847,0.2604116656240457,5000
20,3,evaluate,2.5034174858769283,0.438,0.38012944773243157,0.21963223104797763,0.2749333276476883,5000
20,4,evaluate,2.2956686517860314,0.4382,0.33027224863584054,0.21942705600598847,0.2604116656240457,5000
20,5,evaluate,2.5034174858769283,0.438,0.38012944773243157,0.21963223104797763,0.2749333276476883,5000
21,0,evaluate,2.3538450560992277,0.4218,0.33060167998493656,0.21074038580391058,0.2564783053957246,5000
21,1,evaluate,2.210954622377323,0.456,0.3835326652534802,0.22783345173588948,0.28281864132077217,5000
21,2,evaluate,2.210954622377323,0.456,0.3835326652534802,0.22783345173588948,0.28281864132077217,5000
21,3,evaluate,2.210954622377323,0.456,0.3835326652534802,0.22783345173588948,0.28281864132077217,5000
21,4,evaluate,2.3538450560992277,0.4218,0.33060167998493656,0.21074038580391058,0.2564783053957246,5000
21,5,evaluate,2.3538450560992277,0.4218,0.33060167998493656,0.21074038580391058,0.2564783053957246,5000
22,0,evaluate,2.240979120701174,0.462,0.37390866635662007,0.2293172186458854,0.2794371196053941,5000
22,1,evaluate,2.887614859810358,0.3706,0.3369821472804043,0.1847872313807527,0.22809653506649807,5000
22,2,evaluate,2.887614859810358,0.3706,0.3369821472804043,0.1847872313807527,0.22809653506649807,5000
22,3,evaluate,2.240979120701174,0.462,0.37390866635662007,0.2293172186458854,0.2794371196053941,5000
22,4,evaluate,2.887614859810358,0.3706,0.3369821472804043,0.1847872313807527,0.22809653506649807,5000
22,5,evaluate,2.240979120701174,0.462,0.37390866635662007,0.2293172186458854,0.2794371196053941,5000
23,0,evaluate,2.637459887733942,0.4054,0.32963096660151464,0.20340568269936518,0.24891498118568461,5000
23,1,evaluate,2.637459887733942,0.4054,0.32963096660151464,0.20340568269936518,0.24891498118568461,5000
23,2,evaluate,2.637459887733942,0.4054,0.32963096660151464,0.20340568269936518,0.24891498118568461,5000
23,3,evaluate,2.3181901777846905,0.4352,0.37327034034140516,0.21574667043899148,0.2706971132724506,5000
23,4,evaluate,2.3181901777846905,0.4352,0.37327034034140516,0.21574667043899148,0.2706971132724506,5000
23,5,evaluate,2.3181901777846905,0.4352,0.37327034034140516,0.21574667043899148,0.2706971132724506,5000
24,0,evaluate,2.509893806674812,0.404,0.3192910113120639,0.2027096147489807,0.24540804041925646,5000
24,1,evaluate,2.509893806674812,0.404,0.3192910113120639,0.2027096147489807,0.24540804041925646,5000
24,2,evaluate,2.3729418169094036,0.444,0.3831915629737176,0.22082300829014362,0.27641229396432065,5000
24,3,evaluate,2.3729418169094036,0.444,0.3831915629737176,0.22082300829014362,0.27641229396432065,5000
24,4,evaluate,2.3729418169094036,0.444,0.3831915629737176,0.22082300829014362,0.27641229396432065,5000
24,5,evaluate,2.509893806674812,0.404,0.3192910113120639,0.2027096147489807,0.24540804041925646,5000
25,0,evaluate,2.289647781396214,0.4812,0.3943595765699312,0.23929773547997293,0.2944087589171715,5000
25,1,evaluate,2.582167482074303,0.3808,0.32648265297224793,0.1901140178034715,0.2346059471047794,5000
25,2,evaluate,2.582167482074303,0.3808,0.32648265297224793,0.1901140178034715,0.2346059471047794,5000
25,3,evaluate,2.289647781396214,0.4812,0.3943595765699312,0.23929773547997293,0.2944087589171715,5000
25,4,evaluate,2.582167482074303,0.3808,0.32648265297224793,0.1901140178034715,0.2346059471047794,5000
25,5,evaluate,2.289647781396214,0.4812,0.3943595765699312,0.23929773547997293,0.2944087589171715,5000
26,0,evaluate,2.6108762750142738,0.4348,0.3913433679460866,0.21725009417546043,0.27554402925061594,5000
26,1,evaluate,2.344528201260144,0.4432,0.32825799830083124,0.2215526549781191,0.26362694859700025,5000
26,2,evaluate,2.6108762750142738,0.4348,0.3913433679460866,0.21725009417546043,0.27554402925061594,5000
26,3,evaluate,2.344528201260144,0.4432,0.32825799830083124,0.2215526549781191,0.26362694859700025,5000
26,4,evaluate,2.344528201260144,0.4432,0.32825799830083124,0.2215526549781191,0.26362694859700025,5000
26,5,evaluate,2.6108762750142738,0.4348,0.3913433679460866,0.21725009417546043,0.27554402925061594,5000
27,0,evaluate,2.484472507162939,0.4432,0.388967372329117,0.22297416562312833,0.28104947752693576,5000
27,1,evaluate,2.502755092669137,0.4198,0.3267834926824963,0.20981709302379653,0.25254997086098385,5000
27,2,evaluate,2.484472507162939,0.4432,0.388967372329117,0.22297416562312833,0.28104947752693576,5000
27,3,evaluate,2.484472507162939,0.4432,0.388967372329117,0.22297416562312833,0.28104947752693576,5000
27,4,evaluate,2.502755092669137,0.4198,0.3267834926824963,0.20981709302379653,0.25254997086098385,5000
27,5,evaluate,2.502755092669137,0.4198,0.3267834926824963,0.20981709302379653,0.25254997086098385,5000
28,0,evaluate,2.1016719944869418,0.4934,0.3853386504123901,0.2463379979028056,0.30019058534848214,5000
28,1,evaluate,2.929441165320481,0.3518,0.31959760509919033,0.1761695025718136,0.2193393295330194,5000
28,2,evaluate,2.1016719944869418,0.4934,0.3853386504123901,0.2463379979028056,0.30019058534848214,5000
28,3,evaluate,2.929441165320481,0.3518,0.31959760509919033,0.1761695025718136,0.2193393295330194,5000
28,4,evaluate,2.1016719944869418,0.4934,0.3853386504123901,0.2463379979028056,0.30019058534848214,5000
28,5,evaluate,2.929441165320481,0.3518,0.31959760509919033,0.1761695025718136,0.2193393295330194,5000
29,0,evaluate,2.6035855238950707,0.396,0.3725466759819862,0.1951577634543322,0.25019790329871544,5000
29,1,evaluate,2.5812498753583886,0.4234,0.32179157820133547,0.2123664257786318,0.253512337442592,5000
29,2,evaluate,2.6035855238950707,0.396,0.3725466759819862,0.1951577634543322,0.25019790329871544,5000
29,3,evaluate,2.5812498753583886,0.4234,0.32179157820133547,0.2123664257786318,0.253512337442592,5000
29,4,evaluate,2.5812498753583886,0.4234,0.32179157820133547,0.2123664257786318,0.253512337442592,5000
29,5,evaluate,2.6035855238950707,0.396,0.3725466759819862,0.1951577634543322,0.25019790329871544,5000
30,0,evaluate,2.637849243381355,0.3992,0.32081458138537994,0.19928629984764262,0.23897389789582818,5000
30,1,evaluate,2.6407200626180143,0.4104,0.36923263829610137,0.20375805625710006,0.2589380435103894,5000
30,2,evaluate,2.6407200626180143,0.4104,0.36923263829610137,0.20375805625710006,0.2589380435103894,5000
30,3,evaluate,2.637849243381355,0.3992,0.32081458138537994,0.19928629984764262,0.23897389789582818,5000
30,4,evaluate,2.6407200626180143,0.4104,0.36923263829610137,0.20375805625710006,0.2589380435103894,5000
30,5,evaluate,2.637849243381355,0.3992,0.32081458138537994,0.19928629984764262,0.23897389789582818,5000
31,0,evaluate,2.7071416483649724,0.417,0.3241506730076846,0.20878482229298378,0.25224324795441,5000
31,1,evaluate,2.7071416483649724,0.417,0.3241506730076846,0.20878482229298378,0.25224324795441,5000
31,2,evaluate,2.332380905936036,0.4636,0.3884218645775054,0.23203872660999014,0.2892781186316681,5000
31,3,evaluate,2.332380905936036,0.4636,0.3884218645775054,0.23203872660999014,0.2892781186316681,5000
31,4,evaluate,2.7071416483649724,0.417,0.3241506730076846,0.20878482229298378,0.25224324795441,5000
31,5,evaluate,2.332380905936036,0.4636,0.3884218645775054,0.23203872660999014,0.2892781186316681,5000
32,0,evaluate,2.7037817119043086,0.3952,0.32131915304882297,0.197966030657154,0.24212273152012634,5000
32,1,evaluate,2.107550892648818,0.4928,0.4014889417265506,0.24616135463398708,0.3049247151812593,5000
32,2,evaluate,2.7037817119043086,0.3952,0.32131915304882297,0.197966030657154,0.24212273152012634,5000
32,3,evaluate,2.7037817119043086,0.3952,0.32131915304882297,0.197966030657154,0.24212273152012634,5000
32,4,evaluate,2.107550892648818,0.4928,0.4014889417265506,0.24616135463398708,0.3049247151812593,5000
32,5,evaluate,2.107550892648818,0.4928,0.4014889417265506,0.24616135463398708,0.3049247151812593,5000
33,0,evaluate,2.9080300512193125,0.3646,0.3066478133143721,0.18161621281933385,0.20926934459924884,5000
33,1,evaluate,2.9080300512193125,0.3646,0.3066478133143721,0.18161621281933385,0.20926934459924884,5000
33,2,evaluate,2.3699598900879484,0.4322,0.3827710701588258,0.21427168401567753,0.2676435223114869,5000
33,3,evaluate,2.3699598900879484,0.4322,0.3827710701588258,0.21427168401567753,0.2676435223114869,5000
33,4,evaluate,2.3699598900879484,0.4322,0.3827710701588258,0.21427168401567753,0.2676435223114869,5000
33,5,evaluate,2.9080300512193125,0.3646,0.3066478133143721,0.18161621281933385,0.20926934459924884,5000
34,0,evaluate,2.274325589590435,0.473,0.333226790296925,0.23672015497480975,0.27623510567267534,5000
34,1,evaluate,2.5734778461577017,0.3712,0.3619231854696612,0.18397798253016914,0.24183190797912615,5000
34,2,evaluate,2.274325589590435,0.473,0.333226790296925,0.23672015497480975,0.27623510567267534,5000
34,3,evaluate,2.274325589590435,0.473,0.333226790296925,0.23672015497480975,0.27623510567267534,5000
34,4,evaluate,2.5734778461577017,0.3712,0.3619231854696612,0.18397798253016914,0.24183190797912615,5000
34,5,evaluate,2.5734778461577017,0.3712,0.3619231854696612,0.18397798253016914,0.24183190797912615,5000
35,0,evaluate,2.281073416335673,0.4938,0.3850093651940333,0.24722203797036707,0.3002046225168703,5000
35,1,evaluate,2.951717055296596,0.367,0.31601090394911263,0.18427007825447453,0.23068416415495419,5000
35,2,evaluate,2.281073416335673,0.4938,0.3850093651940333,0.24722203797036707,0.3002046225168703,5000
35,3,evaluate,2.951717055296596,0.367,0.31601090394911263,0.18427007825447453,0.23068416415495419,5000
35,4,evaluate,2.281073416335673,0.4938,0.3850093651940333,0.24722203797036707,0.3002046225168703,5000
35,5,evaluate,2.951717055296596,0.367,0.31601090394911263,0.18427007825447453,0.23068416415495419,5000
36,0,evaluate,3.4658422168297105,0.3218,0.3028300455092541,0.16126664070421198,0.2079478144864642,5000
36,1,evaluate,3.4658422168297105,0.3218,0.3028300455092541,0.16126664070421198,0.2079478144864642,5000
36,2,evaluate,2.1751928842520414,0.5342,0.39219344285156527,0.26577427107055945,0.3156931826360056,5000
36,3,evaluate,3.4658422168297105,0.3218,0.3028300455092541,0.16126664070421198,0.2079478144864642,5000
36,4,evaluate,2.1751928842520414,0.5342,0.39219344285156527,0.26577427107055945,0.3156931826360056,5000
36,5,evaluate,2.1751928842520414,0.5342,0.39219344285156527,0.26577427107055945,0.3156931826360056,5000
37,0,evaluate,3.431116659430009,0.3422,0.3816077596484343,0.17002241924361985,0.2308282404637147,5000
37,1,evaluate,2.5244191869904724,0.4788,0.31100431114768645,0.23950940957849315,0.27004604396864407,5000
37,2,evaluate,3.431116659430009,0.3422,0.3816077596484343,0.17002241924361985,0.2308282404637147,5000
37,3,evaluate,3.431116659430009,0.3422,0.3816077596484343,0.17002241924361985,0.2308282404637147,5000
37,4,evaluate,2.5244191869904724,0.4788,0.31100431114768645,0.23950940957849315,0.27004604396864407,5000
37,5,evaluate,2.5244191869904724,0.4788,0.31100431114768645,0.23950940957849315,0.27004604396864407,5000
38,0,evaluate,3.5560918548439124,0.3664,0.3039549429552828,0.18267701244767298,0.2124274255890438,5000
38,1,evaluate,2.541357396524164,0.4188,0.39192613249454705,0.21062058368364447,0.2664987456914764,5000
38,2,evaluate,3.5560918548439124,0.3664,0.3039549429552828,0.18267701244767298,0.2124274255890438,5000
38,3,evaluate,3.5560918548439124,0.3664,0.3039549429552828,0.18267701244767298,0.2124274255890438,5000
38,4,evaluate,2.541357396524164,0.4188,0.39192613249454705,0.21062058368364447,0.2664987456914764,5000
38,5,evaluate,2.541357396524164,0.4188,0.39192613249454705,0.21062058368364447,0.2664987456914764,5000
39,0,evaluate,3.0292756542374817,0.4126,0.3600275992594538,0.2061029164085883,0.2507733658105123,5000
39,1,evaluate,3.0292756542374817,0.4126,0.3600275992594538,0.2061029164085883,0.2507733658105123,5000
39,2,evaluate,2.8627061813692505,0.4046,0.3156975173166859,0.203404007281566,0.245011995852301,5000
39,3,evaluate,2.8627061813692505,0.4046,0.3156975173166859,0.203404007281566,0.245011995852301,5000
39,4,evaluate,2.8627061813692505,0.4046,0.3156975173166859,0.203404007281566,0.245011995852301,5000
39,5,evaluate,3.0292756542374817,0.4126,0.3600275992594538,0.2061029164085883,0.2507733658105123,5000
40,0,evaluate,3.2310753396794767,0.331,0.31017061381085737,0.16538031466015926,0.20587482863144363,5000
40,1,evaluate,2.2036006526101994,0.4466,0.37640681138589854,0.22122043558801927,0.27355215233460173,5000
40,2,evaluate,2.2036006526101994,0.4466,0.37640681138589854,0.22122043558801927,0.27355215233460173,5000
40,3,evaluate,3.2310753396794767,0.331,0.31017061381085737,0.16538031466015926,0.20587482863144363,5000
40,4,evaluate,3.2310753396794767,0.331,0.31017061381085737,0.16538031466015926,0.20587482863144363,5000
40,5,evaluate,2.2036006526101994,0.4466,0.37640681138589854,0.22122043558801927,0.27355215233460173,5000
41,0,evaluate,2.9442185767089266,0.3276,0.35352297105487523,0.16242209062497737,0.21256304119930855,5000
41,1,evaluate,2.9442185767089266,0.3276,0.35352297105487523,0.16242209062497737,0.21256304119930855,5000
41,2,evaluate,2.9442185767089266,0.3276,0.35352297105487523,0.16242209062497737,0.21256304119930855,5000
41,3,evaluate,2.7535757037657724,0.448,0.3264426100041253,0.22353954107156268,0.259103557380357,5000
41,4,evaluate,2.7535757037657724,0.448,0.3264426100041253,0.22353954107156268,0.259103557380357,5000
41,5,evaluate,2.7535757037657724,0.448,0.3264426100041253,0.22353954107156268,0.259103557380357,5000
42,0,evaluate,2.802140690103362,0.4506,0.3207923021620379,0.22578415610054256,0.26303347240586034,5000
42,1,evaluate,3.487373056291025,0.3722,0.37367197390531975,0.18526995748347194,0.24550708576937846,5000
42,2,evaluate,3.487373056291025,0.3722,0.37367197390531975,0.18526995748347194,0.24550708576937846,5000
42,3,evaluate,2.802140690103362,0.4506,0.3207923021620379,0.22578415610054256,0.26303347240586034,5000
42,4,evaluate,3.487373056291025,0.3722,0.37367197390531975,0.18526995748347194,0.24550708576937846,5000
42,5,evaluate,2.802140690103362,0.4506,0.3207923021620379,0.22578415610054256,0.26303347240586034,5000
43,0,evaluate,2.08209275143056,0.5334,0.38979003388193484,0.2651967737887963,0.31342529423515886,5000
43,1,evaluate,4.877335047420067,0.2698,0.27587190299732584,0.13512613145537905,0.16807847140520063,5000
43,2,evaluate,4.877335047420067,0.2698,0.27587190299732584,0.13512613145537905,0.16807847140520063,5000
43,3,evaluate,4.877335047420067,0.2698,0.27587190299732584,0.13512613145537905,0.16807847140520063,5000
43,4,evaluate,2.08209275143056,0.5334,0.38979003388193484,0.2651967737887963,0.31342529423515886,5000
43,5,evaluate,2.08209275143056,0.5334,0.38979003388193484,0.2651967737887963,0.31342529423515886,5000
44,0,evaluate,2.7350046347968187,0.4176,0.28682282158464334,0.2097940518259022,0.2399329861916566,5000
44,1,evaluate,3.9348284081567693,0.3432,0.36624336425406356,0.1731163952573399,0.2243399478984954,5000
44,2,evaluate,2.7350046347968187,0.4176,0.28682282158464334,0.2097940518259022,0.2399329861916566,5000
44,3,evaluate,3.9348284081567693,0.3432,0.36624336425406356,0.1731163952573399,0.2243399478984954,5000
44,4,evaluate,3.9348284081567693,0.3432,0.36624336425406356,0.1731163952573399,0.2243399478984954,5000
44,5,evaluate,2.7350046347968187,0.4176,0.28682282158464334,0.2097940518259022,0.2399329861916566,5000
45,0,evaluate,2.696446367456943,0.391,0.3553845114114574,0.19428204430989388,0.24747136784617535,5000
45,1,evaluate,2.7720976102201242,0.4054,0.31425630600539606,0.20200530230903374,0.23779105346739496,5000
45,2,evaluate,2.696446367456943,0.391,0.3553845114114574,0.19428204430989388,0.24747136784617535,5000
45,3,evaluate,2.696446367456943,0.391,0.3553845114114574,0.19428204430989388,0.24747136784617535,5000
45,4,evaluate,2.7720976102201242,0.4054,0.31425630600539606,0.20200530230903374,0.23779105346739496,5000
45,5,evaluate,2.7720976102201242,0.4054,0.31425630600539606,0.20200530230903374,0.23779105346739496,5000
46,0,evaluate,3.041305406184136,0.3302,0.31606930487668794,0.16428214604499808,0.20732189797061645,5000
46,1,evaluate,2.314336311968067,0.4154,0.34443678611023065,0.20728839191560322,0.25786876176393997,5000
46,2,evaluate,3.041305406184136,0.3302,0.31606930487668794,0.16428214604499808,0.20732189797061645,5000
46,3,evaluate,2.314336311968067,0.4154,0.34443678611023065,0.20728839191560322,0.25786876176393997,5000
46,4,evaluate,3.041305406184136,0.3302,0.31606930487668794,0.16428214604499808,0.20732189797061645,5000
46,5,evaluate,2.314336311968067,0.4154,0.34443678611023065,0.20728839191560322,0.25786876176393997,5000
47,0,evaluate,3.179858035679105,0.3626,0.37524104595518654,0.17951459939002132,0.2362518767114484,5000
47,1,evaluate,2.8571607221530964,0.4312,0.3120050673118221,0.2162476271637348,0.25355004077303234,5000
47,2,evaluate,3.179858035679105,0.3626,0.37524104595518654,0.17951459939002132,0.2362518767114484,5000
47,3,evaluate,2.8571607221530964,0.4312,0.3120050673118221,0.2162476271637348,0.25355004077303234,5000
47,4,evaluate,2.8571607221530964,0.4312,0.3120050673118221,0.2162476271637348,0.25355004077303234,5000
47,5,evaluate,3.179858035679105,0.3626,0.37524104595518654,0.17951459939002132,0.2362518767114484,5000
48,0,evaluate,2.5545715938640545,0.4662,0.3872623434757142,0.23204417596416665,0.2850239703678154,5000
48,1,evaluate,2.5545715938640545,0.4662,0.3872623434757142,0.23204417596416665,0.2850239703678154,5000
48,2,evaluate,2.5545715938640545,0.4662,0.3872623434757142,0.23204417596416665,0.2850239703678154,5000
48,3,evaluate,4.442829648150673,0.3274,0.29955897831685185,0.16361009717020708,0.19805870316556312,5000
48,4,evaluate,4.442829648150673,0.3274,0.29955897831685185,0.16361009717020708,0.19805870316556312,5000
48,5,evaluate,4.442829648150673,0.3274,0.29955897831685185,0.16361009717020708,0.19805870316556312,5000
49,0,evaluate,2.8320346663269818,0.483,0.30570278845804527,0.24259826144292126,0.2659598997620022,5000
49,1,evaluate,6.5706219824054575,0.2754,0.33071717634914827,0.13864281106077314,0.18251180973484102,5000
49,2,evaluate,6.5706219824054575,0.2754,0.33071717634914827,0.13864281106077314,0.18251180973484102,5000
49,3,evaluate,2.8320346663269818,0.483,0.30570278845804527,0.24259826144292126,0.2659598997620022,5000
49,4,evaluate,2.8320346663269818,0.483,0.30570278845804527,0.24259826144292126,0.2659598997620022,5000
49,5,evaluate,6.5706219824054575,0.2754,0.33071717634914827,0.13864281106077314,0.18251180973484102,5000
50,0,evaluate,4.586334156084664,0.265,0.3100171080635908,0.1325697531794107,0.1728162820817804,5000
50,1,evaluate,2.551746187330801,0.4322,0.32542760293920814,0.21481468892901567,0.25719300057629907,5000
50,2,evaluate,2.551746187330801,0.4322,0.32542760293920814,0.21481468892901567,0.25719300057629907,5000
50,3,evaluate,4.586334156084664,0.265,0.3100171080635908,0.1325697531794107,0.1728162820817804,5000
50,4,evaluate,2.551746187330801,0.4322,0.32542760293920814,0.21481468892901567,0.25719300057629907,5000
50,5,evaluate,4.586334156084664,0.265,0.3100171080635908,0.1325697531794107,0.1728162820817804,5000
51,0,evaluate,2.824867874761171,0.3588,0.36669527927517154,0.17731879110991067,0.23618434695199803,5000
51,1,evaluate,2.9451039290126366,0.4134,0.31033263234274,0.20661276452316818,0.24416411620220516,5000
51,2,evaluate,2.824867874761171,0.3588,0.36669527927517154,0.17731879110991067,0.23618434695199803,5000
51,3,evaluate,2.9451039290126366,0.4134,0.31033263234274,0.20661276452316818,0.24416411620220516,5000
51,4,evaluate,2.824867874761171,0.3588,0.36669527927517154,0.17731879110991067,0.23618434695199803,5000
51,5,evaluate,2.9451039290126366,0.4134,0.31033263234274,0.20661276452316818,0.24416411620220516,5000
52,0,evaluate,2.7578748268417166,0.442,0.31693294640809244,0.2207798720607966,0.2587035155639797,5000
52,1,evaluate,2.922171435778654,0.3746,0.37427689758923827,0.1863970311966175,0.24312196062698016,5000
52,2,evaluate,2.922171435778654,0.3746,0.37427689758923827,0.1863970311966175,0.24312196062698016,5000
52,3,evaluate,2.922171435778654,0.3746,0.37427689758923827,0.1863970311966175,0.24312196062698016,5000
52,4,evaluate,2.7578748268417166,0.442,0.31693294640809244,0.2207798720607966,0.2587035155639797,5000
52,5,evaluate,2.7578748268417166,0.442,0.31693294640809244,0.2207798720607966,0.2587035155639797,5000
53,0,evaluate,3.822327179244802,0.316,0.31296071260890557,0.1580642291533732,0.20401700589738941,5000
53,1,evaluate,3.822327179244802,0.316,0.31296071260890557,0.1580642291533732,0.20401700589738941,5000
53,2,evaluate,2.5362939578068406,0.4986,0.3854768525838506,0.24814018027368662,0.30104356398856125,5000
53,3,evaluate,2.5362939578068406,0.4986,0.3854768525838506,0.24814018027368662,0.30104356398856125,5000
53,4,evaluate,2.5362939578068406,0.4986,0.3854768525838506,0.24814018027368662,0.30104356398856125,5000
53,5,evaluate,3.822327179244802,0.316,0.31296071260890557,0.1580642291533732,0.20401700589738941,5000
54,0,evaluate,2.874264834802362,0.4614,0.3071955972906502,0.23215454375586955,0.2596827911438873,5000
54,1,evaluate,2.874264834802362,0.4614,0.3071955972906502,0.23215454375586955,0.2596827911438873,5000
54,2,evaluate,5.035623390463334,0.296,0.3339010775079183,0.1488343560785615,0.20453178255959745,5000
54,3,evaluate,2.874264834802362,0.4614,0.3071955972906502,0.23215454375586955,0.2596827911438873,5000
54,4,evaluate,5.035623390463334,0.296,0.3339010775079183,0.1488343560785615,0.20453178255959745,5000
54,5,evaluate,5.035623390463334,0.296,0.3339010775079183,0.1488343560785615,0.20453178255959745,5000
55,0,evaluate,2.2600898184353793,0.448,0.3639256928925624,0.22334700096751609,0.2641644615914412,5000
55,1,evaluate,6.147728651384764,0.2958,0.2715112300946648,0.14801659450121019,0.1792120013088207,5000
55,2,evaluate,6.147728651384764,0.2958,0.2715112300946648,0.14801659450121019,0.1792120013088207,5000
55,3,evaluate,6.147728651384764,0.2958,0.2715112300946648,0.14801659450121019,0.1792120013088207,5000
55,4,evaluate,2.2600898184353793,0.448,0.3639256928925624,0.22334700096751609,0.2641644615914412,5000
55,5,evaluate,2.2600898184353793,0.448,0.3639256928925624,0.22334700096751609,0.2641644615914412,5000
56,0,evaluate,3.1334370118153245,0.336,0.2669344392569294,0.16799139459979168,0.20514196008455823,5000
56,1,evaluate,3.5768035876600046,0.2718,0.2856074799487448,0.13693515419037394,0.17643574745383434,5000
56,2,evaluate,3.1334370118153245,0.336,0.2669344392569294,0.16799139459979168,0.20514196008455823,5000
56,3,evaluate,3.1334370118153245,0.336,0.2669344392569294,0.16799139459979168,0.20514196008455823,5000
56,4,evaluate,3.5768035876600046,0.2718,0.2856074799487448,0.13693515419037394,0.17643574745383434,5000
56,5,evaluate,3.5768035876600046,0.2718,0.2856074799487448,0.13693515419037394,0.17643574745383434,5000
57,0,evaluate,2.8497062483920326,0.3532,0.3623390925020902,0.17590830200487875,0.23492736033860973,5000
57,1,evaluate,2.8497062483920326,0.3532,0.3623390925020902,0.17590830200487875,0.23492736033860973,5000
57,2,evaluate,2.8497062483920326,0.3532,0.3623390925020902,0.17590830200487875,0.23492736033860973,5000
57,3,evaluate,3.1373841279669654,0.334,0.279217415903261,0.16676850332058796,0.19850284172066557,5000
57,4,evaluate,3.1373841279669654,0.334,0.279217415903261,0.16676850332058796,0.19850284172066557,5000
57,5,evaluate,3.1373841279669654,0.334,0.279217415903261,0.16676850332058796,0.19850284172066557,5000
58,0,evaluate,4.390197225763828,0.3564,0.3146694219067407,0.1774333804687563,0.20781644334836055,5000
58,1,evaluate,2.888887886759601,0.412,0.38159957797433025,0.20517786827048531,0.2579563312306762,5000
58,2,evaluate,4.390197225763828,0.3564,0.3146694219067407,0.1774333804687563,0.20781644334836055,5000
58,3,evaluate,4.390197225763828,0.3564,0.3146694219067407,0.1774333804687563,0.20781644334836055,5000
58,4,evaluate,2.888887886759601,0.412,0.38159957797433025,0.20517786827048531,0.2579563312306762,5000
58,5,evaluate,2.888887886759601,0.412,0.38159957797433025,0.20517786827048531,0.2579563312306762,5000
59,0,evaluate,5.16310711148419,0.3894,0.37569007649003483,0.19273779066616317,0.24472143028904067,5000
59,1,evaluate,3.3812929195693777,0.416,0.30401958901807696,0.2095118863469211,0.241466490854125,5000
59,2,evaluate,5.16310711148419,0.3894,0.37569007649003483,0.19273779066616317,0.24472143028904067,5000
59,3,evaluate,5.16310711148419,0.3894,0.37569007649003483,0.19273779066616317,0.24472143028904067,5000
59,4,evaluate,3.3812929195693777,0.416,0.30401958901807696,0.2095118863469211,0.241466490854125,5000
59,5,evaluate,3.3812929195693777,0.416,0.30401958901807696,0.2095118863469211,0.241466490854125,5000
60,0,evaluate,2.736406649215312,0.3822,0.35447820063860463,0.1897050263565765,0.23870160685096078,5000
60,1,evaluate,2.736406649215312,0.3822,0.35447820063860463,0.1897050263565765,0.23870160685096078,5000
60,2,evaluate,3.623628314537338,0.3278,0.28981297466959005,0.16415090600104046,0.2005977059898847,5000
60,3,evaluate,3.623628314537338,0.3278,0.28981297466959005,0.16415090600104046,0.2005977059898847,5000
60,4,evaluate,3.623628314537338,0.3278,0.28981297466959005,0.16415090600104046,0.2005977059898847,5000
60,5,evaluate,2.736406649215312,0.3822,0.35447820063860463,0.1897050263565765,0.23870160685096078,5000
61,0,evaluate,4.284200544598736,0.208,0.33871801707883903,0.10563349733278175,0.1554130463050071,5000
61,1,evaluate,3.113044228734849,0.4152,0.26856012665163886,0.2069337118142825,0.22792315280321057,5000
61,2,evaluate,3.113044228734849,0.4152,0.26856012665163886,0.2069337118142825,0.22792315280321057,5000
61,3,evaluate,4.284200544598736,0.208,0.33871801707883903,0.10563349733278175,0.1554130463050071,5000
61,4,evaluate,3.113044228734849,0.4152,0.26856012665163886,0.2069337118142825,0.22792315280321057,5000
61,5,evaluate,4.284200544598736,0.208,0.33871801707883903,0.10563349733278175,0.1554130463050071,5000
62,0,evaluate,2.7016356972199453,0.4322,0.32572615983235725,0.21433146227783434,0.24752737120469925,5000
62,1,evaluate,4.18796573711347,0.2796,0.30766641113108145,0.13904022119189932,0.17939861677101457,5000
62,2,evaluate,2.7016356972199453,0.4322,0.32572615983235725,0.21433146227783434,0.24752737120469925,5000
62,3,evaluate,2.7016356972199453,0.4322,0.32572615983235725,0.21433146227783434,0.24752737120469925,5000
62,4,evaluate,4.18796573711347,0.2796,0.30766641113108145,0.13904022119189932,0.17939861677101457,5000
62,5,evaluate,4.18796573711347,0.2796,0.30766641113108145,0.13904022119189932,0.17939861677101457,5000
63,0,evaluate,5.363270762600476,0.2546,0.2881532596627555,0.1272973374142083,0.16099403558297604,5000
63,1,evaluate,5.363270762600476,0.2546,0.2881532596627555,0.1272973374142083,0.16099403558297604,5000
63,2,evaluate,2.028620461119881,0.5476,0.3947989826307767,0.27264855960847056,0.32075481129036754,5000
63,3,evaluate,2.028620461119881,0.5476,0.3947989826307767,0.27264855960847056,0.32075481129036754,5000
63,4,evaluate,2.028620461119881,0.5476,0.3947989826307767,0.27264855960847056,0.32075481129036754,5000
63,5,evaluate,5.363270762600476,0.2546,0.2881532596627555,0.1272973374142083,0.16099403558297604,5000
64,0,evaluate,2.540802594981616,0.5204,0.3110107458829543,0.26107968338961307,0.2806272295608781,5000
64,1,evaluate,5.203411413144462,0.2008,0.3394824348090373,0.09971292789971428,0.1512334859544897,5000
64,2,evaluate,2.540802594981616,0.5204,0.3110107458829543,0.26107968338961307,0.2806272295608781,5000
64,3,evaluate,5.203411413144462,0.2008,0.3394824348090373,0.09971292789971428,0.1512334859544897,5000
64,4,evaluate,5.203411413144462,0.2008,0.3394824348090373,0.09971292789971428,0.1512334859544897,5000
64,5,evaluate,2.540802594981616,0.5204,0.3110107458829543,0.26107968338961307,0.2806272295608781,5000
65,0,evaluate,4.870343836047981,0.3004,0.3069421845284702,0.15016704368242845,0.20078058691599193,5000
65,1,evaluate,4.870343836047981,0.3004,0.3069421845284702,0.15016704368242845,0.20078058691599193,5000
65,2,evaluate,4.870343836047981,0.3004,0.3069421845284702,0.15016704368242845,0.20078058691599193,5000
65,3,evaluate,2.287857707542709,0.5136,0.36864886886425496,0.2561291790079322,0.30013509006372446,5000
65,4,evaluate,2.287857707542709,0.5136,0.36864886886425496,0.2561291790079322,0.30013509006372446,5000
65,5,evaluate,2.287857707542709,0.5136,0.36864886886425496,0.2561291790079322,0.30013509006372446,5000
66,0,evaluate,4.627034467986867,0.272,0.29016845776381966,0.1357231279369831,0.1775924244123227,5000
66,1,evaluate,4.627034467986867,0.272,0.29016845776381966,0.1357231279369831,0.1775924244123227,5000
66,2,evaluate,4.627034467986867,0.272,0.29016845776381966,0.1357231279369831,0.1775924244123227,5000
66,3,evaluate,3.2041508940201773,0.3582,0.2686501478488963,0.18128838877892217,0.2162430313184832,5000
66,4,evaluate,3.2041508940201773,0.3582,0.2686501478488963,0.18128838877892217,0.2162430313184832,5000
66,5,evaluate,3.2041508940201773,0.3582,0.2686501478488963,0.18128838877892217,0.2162430313184832,5000
67,0,evaluate,3.9268864408324036,0.2294,0.3597219823370718,0.11488752680385292,0.17118479245454374,5000
67,1,evaluate,2.4357120779496206,0.4446,0.29889276615085164,0.22241370547054523,0.247577290235618,5000
67,2,evaluate,2.4357120779496206,0.4446,0.29889276615085164,0.22241370547054523,0.247577290235618,5000
67,3,evaluate,3.9268864408324036,0.2294,0.3597219823370718,0.11488752680385292,0.17118479245454374,5000
67,4,evaluate,3.9268864408324036,0.2294,0.3597219823370718,0.11488752680385292,0.17118479245454374,5000
67,5,evaluate,2.4357120779496206,0.4446,0.29889276615085164,0.22241370547054523,0.247577290235618,5000
68,0,evaluate,3.8891962178145785,0.2486,0.28820712508849444,0.12509225707333366,0.1660054049844613,5000
68,1,evaluate,2.1672272123867953,0.516,0.3699196833134919,0.25661447230505424,0.30004233938006963,5000
68,2,evaluate,2.1672272123867953,0.516,0.3699196833134919,0.25661447230505424,0.30004233938006963,5000
68,3,evaluate,2.1672272123867953,0.516,0.3699196833134919,0.25661447230505424,0.30004233938006963,5000
68,4,evaluate,3.8891962178145785,0.2486,0.28820712508849444,0.12509225707333366,0.1660054049844613,5000
68,5,evaluate,3.8891962178145785,0.2486,0.28820712508849444,0.12509225707333366,0.1660054049844613,5000
69,0,evaluate,3.1455542845062063,0.3548,0.28141531243571916,0.17776470634643612,0.21412973361225046,5000
69,1,evaluate,2.964748951453197,0.3642,0.34971661025348666,0.18199684537313993,0.2375494811623174,5000
69,2,evaluate,3.1455542845062063,0.3548,0.28141531243571916,0.17776470634643612,0.21412973361225046,5000
69,3,evaluate,2.964748951453197,0.3642,0.34971661025348666,0.18199684537313993,0.2375494811623174,5000
69,4,evaluate,2.964748951453197,0.3642,0.34971661025348666,0.18199684537313993,0.2375494811623174,5000
69,5,evaluate,3.1455542845062063,0.3548,0.28141531243571916,0.17776470634643612,0.21412973361225046,5000
70,0,evaluate,3.6123533279080933,0.376,0.32773975726520155,0.1856482630050986,0.22151403186806534,5000
70,1,evaluate,3.454031820538678,0.3478,0.29688307784772244,0.1730605280428675,0.21037896337495615,5000
70,2,evaluate,3.454031820538678,0.3478,0.29688307784772244,0.1730605280428675,0.21037896337495615,5000
70,3,evaluate,3.6123533279080933,0.376,0.32773975726520155,0.1856482630050986,0.22151403186806534,5000
70,4,evaluate,3.454031820538678,0.3478,0.29688307784772244,0.1730605280428675,0.21037896337495615,5000
70,5,evaluate,3.6123533279080933,0.376,0.32773975726520155,0.1856482630050986,0.22151403186806534,5000
71,0,evaluate,3.464060590237002,0.3714,0.28546874395149213,0.18707836429584224,0.2194845219103295,5000
71,1,evaluate,5.086798242375821,0.335,0.32146531771072684,0.1676925509371201,0.21624829438057747,5000
71,2,evaluate,3.464060590237002,0.3714,0.28546874395149213,0.18707836429584224,0.2194845219103295,5000
71,3,evaluate,5.086798242375821,0.335,0.32146531771072684,0.1676925509371201,0.21624829438057747,5000
71,4,evaluate,3.464060590237002,0.3714,0.28546874395149213,0.18707836429584224,0.2194845219103295,5000
71,5,evaluate,5.086798242375821,0.335,0.32146531771072684,0.1676925509371201,0.21624829438057747,5000
72,0,evaluate,2.4667845753174795,0.457,0.36174555380011564,0.23033281190237026,0.2722590432191751,5000
72,1,evaluate,5.624982713144036,0.2404,0.27106633004138925,0.12029306092066325,0.15600476516218525,5000
72,2,evaluate,5.624982713144036,0.2404,0.27106633004138925,0.12029306092066325,0.15600476516218525,5000
72,3,evaluate,2.4667845753174795,0.457,0.36174555380011564,0.23033281190237026,0.2722590432191751,5000
72,4,evaluate,5.624982713144036,0.2404,0.27106633004138925,0.12029306092066325,0.15600476516218525,5000
72,5,evaluate,2.4667845753174795,0.457,0.36174555380011564,0.23033281190237026,0.2722590432191751,5000
73,0,evaluate,3.555008468748648,0.3288,0.3715483336395986,0.16313500853092694,0.21573580817532098,5000
73,1,evaluate,3.198338959790483,0.4236,0.29319337385823446,0.21191385957626782,0.24459831815475072,5000
73,2,evaluate,3.555008468748648,0.3288,0.3715483336395986,0.16313500853092694,0.21573580817532098,5000
73,3,evaluate,3.198338959790483,0.4236,0.29319337385823446,0.21191385957626782,0.24459831815475072,5000
73,4,evaluate,3.555008468748648,0.3288,0.3715483336395986,0.16313500853092694,0.21573580817532098,5000
73,5,evaluate,3.198338959790483,0.4236,0.29319337385823446,0.21191385957626782,0.24459831815475072,5000
74,0,evaluate,3.829531265210502,0.3616,0.29402314968643817,0.18020743701888764,0.21811881539648387,5000
74,1,evaluate,2.814092335821707,0.3836,0.3573448522093859,0.1894837496842954,0.24356626224872105,5000
74,2,evaluate,3.829531265210502,0.3616,0.29402314968643817,0.18020743701888764,0.21811881539648387,5000
74,3,evaluate,2.814092335821707,0.3836,0.3573448522093859,0.1894837496842954,0.24356626224872105,5000
74,4,evaluate,3.829531265210502,0.3616,0.29402314968643817,0.18020743701888764,0.21811881539648387,5000
74,5,evaluate,2.814092335821707,0.3836,0.3573448522093859,0.1894837496842954,0.24356626224872105,5000
75,0,evaluate,3.9585160545155973,0.3728,0.30944555941417434,0.18810867623770744,0.2254511414300555,5000
75,1,evaluate,3.729201416426067,0.3148,0.32673830387762004,0.15902927368164715,0.20481429287273892,5000
75,2,evaluate,3.9585160545155973,0.3728,0.30944555941417434,0.18810867623770744,0.2254511414300555,5000
75,3,evaluate,3.9585160545155973,0.3728,0.30944555941417434,0.18810867623770744,0.2254511414300555,5000
75,4,evaluate,3.729201416426067,0.3148,0.32673830387762004,0.15902927368164715,0.20481429287273892,5000
75,5,evaluate,3.729201416426067,0.3148,0.32673830387762004,0.15902927368164715,0.20481429287273892,5000
76,0,evaluate,2.787244879746739,0.457,0.3481249812852583,0.23087330886256266,0.26609235221838806,5000
76,1,evaluate,2.787244879746739,0.457,0.3481249812852583,0.23087330886256266,0.26609235221838806,5000
76,2,evaluate,2.787244879746739,0.457,0.3481249812852583,0.23087330886256266,0.26609235221838806,5000
76,3,evaluate,6.427092558220972,0.2718,0.27015468506541773,0.1361430561749501,0.1727846255290974,5000
76,4,evaluate,6.427092558220972,0.2718,0.27015468506541773,0.1361430561749501,0.1727846255290974,5000
76,5,evaluate,6.427092558220972,0.2718,0.27015468506541773,0.1361430561749501,0.1727846255290974,5000
77,0,evaluate,3.409654369837121,0.436,0.29869136496323623,0.21846761349899557,0.24160449542389015,5000
77,1,evaluate,3.409654369837121,0.436,0.29869136496323623,0.21846761349899557,0.24160449542389015,5000
77,2,evaluate,9.022938227351707,0.2906,0.32349096637624347,0.14391049540094297,0.19369126416513266,5000
77,3,evaluate,3.409654369837121,0.436,0.29869136496323623,0.21846761349899557,0.24160449542389015,5000
77,4,evaluate,9.022938227351707,0.2906,0.32349096637624347,0.14391049540094297,0.19369126416513266,5000
77,5,evaluate,9.022938227351707,0.2906,0.32349096637624347,0.14391049540094297,0.19369126416513266,5000
78,0,evaluate,4.264584453800056,0.3002,0.2642439760821563,0.14934555440756195,0.17189622954114703,5000
78,1,evaluate,4.264584453800056,0.3002,0.2642439760821563,0.14934555440756195,0.17189622954114703,5000
78,2,evaluate,3.3834160943574543,0.3082,0.2830425149133693,0.1563214285146586,0.19310318517755717,5000
78,3,evaluate,4.264584453800056,0.3002,0.2642439760821563,0.14934555440756195,0.17189622954114703,5000
78,4,evaluate,3.3834160943574543,0.3082,0.2830425149133693,0.1563214285146586,0.19310318517755717,5000
78,5,evaluate,3.3834160943574543,0.3082,0.2830425149133693,0.1563214285146586,0.19310318517755717,5000
79,0,evaluate,4.072767912587033,0.2688,0.29763182047559017,0.13460837075010976,0.16767940832251016,5000
79,1,evaluate,2.317709240732314,0.477,0.36634153414079423,0.2381289788247219,0.2866691524541077,5000
79,2,evaluate,2.317709240732314,0.477,0.36634153414079423,0.2381289788247219,0.2866691524541077,5000
79,3,evaluate,4.072767912587033,0.2688,0.29763182047559017,0.13460837075010976,0.16767940832251016,5000
79,4,evaluate,4.072767912587033,0.2688,0.29763182047559017,0.13460837075010976,0.16767940832251016,5000
79,5,evaluate,2.317709240732314,0.477,0.36634153414079423,0.2381289788247219,0.2866691524541077,5000
80,0,evaluate,3.233963589125042,0.3846,0.33798538993249455,0.19053377002292055,0.23215449999150475,5000
80,1,evaluate,3.527616742291028,0.3772,0.30130276709628234,0.19000408450434522,0.22354722163899673,5000
80,2,evaluate,3.527616742291028,0.3772,0.30130276709628234,0.19000408450434522,0.22354722163899673,5000
80,3,evaluate,3.233963589125042,0.3846,0.33798538993249455,0.19053377002292055,0.23215449999150475,5000
80,4,evaluate,3.527616742291028,0.3772,0.30130276709628234,0.19000408450434522,0.22354722163899673,5000
80,5,evaluate,3.233963589125042,0.3846,0.33798538993249455,0.19053377002292055,0.23215449999150475,5000
81,0,evaluate,5.474051053010965,0.3078,0.2980339058538579,0.15373287569394048,0.18462900162871948,5000
81,1,evaluate,5.474051053010965,0.3078,0.2980339058538579,0.15373287569394048,0.18462900162871948,5000
81,2,evaluate,5.474051053010965,0.3078,0.2980339058538579,0.15373287569394048,0.18462900162871948,5000
81,3,evaluate,3.324074413202986,0.3368,0.35357324964296366,0.16816981934981373,0.2176489879088991,5000
81,4,evaluate,3.324074413202986,0.3368,0.35357324964296366,0.16816981934981373,0.2176489879088991,5000
81,5,evaluate,3.324074413202986,0.3368,0.35357324964296366,0.16816981934981373,0.2176489879088991,5000
82,0,evaluate,6.845167585566074,0.387,0.3388910305933414,0.19212899705016728,0.2402894410296219,5000
82,1,evaluate,6.845167585566074,0.387,0.3388910305933414,0.19212899705016728,0.2402894410296219,5000
82,2,evaluate,6.845167585566074,0.387,0.3388910305933414,0.19212899705016728,0.2402894410296219,5000
82,3,evaluate,3.887947416003746,0.3736,0.3021164703617079,0.1871986922364645,0.22451087556187624,5000
82,4,evaluate,3.887947416003746,0.3736,0.3021164703617079,0.1871986922364645,0.22451087556187624,5000
82,5,evaluate,3.887947416003746,0.3736,0.3021164703617079,0.1871986922364645,0.22451087556187624,5000
83,0,evaluate,5.912472818471208,0.2826,0.28841107451929976,0.13934785320636905,0.16412471906472878,5000
83,1,evaluate,3.066338244872757,0.4068,0.33485202138709075,0.20406843269582603,0.2429784005425025,5000
83,2,evaluate,5.912472818471208,0.2826,0.28841107451929976,0.13934785320636905,0.16412471906472878,5000
83,3,evaluate,5.912472818471208,0.2826,0.28841107451929976,0.13934785320636905,0.16412471906472878,5000
83,4,evaluate,3.066338244872757,0.4068,0.33485202138709075,0.20406843269582603,0.2429784005425025,5000
83,5,evaluate,3.066338244872757,0.4068,0.33485202138709075,0.20406843269582603,0.2429784005425025,5000
84,0,evaluate,4.562198940711685,0.2972,0.3424583366456776,0.14794899862917127,0.20440928117695134,5000
84,1,evaluate,4.562198940711685,0.2972,0.3424583366456776,0.14794899862917127,0.20440928117695134,5000
84,2,evaluate,4.562198940711685,0.2972,0.3424583366456776,0.14794899862917127,0.20440928117695134,5000
84,3,evaluate,3.009567787375631,0.3946,0.2667795229223759,0.19897259832475683,0.2176012115870322,5000
84,4,evaluate,3.009567787375631,0.3946,0.2667795229223759,0.19897259832475683,0.2176012115870322,5000
84,5,evaluate,3.009567787375631,0.3946,0.2667795229223759,0.19897259832475683,0.2176012115870322,5000
85,0,evaluate,2.1205878484098215,0.4948,0.37435224226373237,0.24555264650079875,0.2936060790780154,5000
85,1,evaluate,4.458184184907358,0.216,0.26941895378825925,0.1087791606180198,0.12930983256927017,5000
85,2,evaluate,4.458184184907358,0.216,0.26941895378825925,0.1087791606180198,0.12930983256927017,5000
85,3,evaluate,2.1205878484098215,0.4948,0.37435224226373237,0.24555264650079875,0.2936060790780154,5000
85,4,evaluate,2.1205878484098215,0.4948,0.37435224226373237,0.24555264650079875,0.2936060790780154,5000
85,5,evaluate,4.458184184907358,0.216,0.26941895378825925,0.1087791606180198,0.12930983256927017,5000
86,0,evaluate,2.864711209188534,0.3718,0.30502767125424013,0.18562544904016678,0.22283420969764628,5000
86,1,evaluate,5.211266149448443,0.2806,0.29663743442069185,0.1420053467038484,0.18136863786899776,5000
86,2,evaluate,5.211266149448443,0.2806,0.29663743442069185,0.1420053467038484,0.18136863786899776,5000
86,3,evaluate,2.864711209188534,0.3718,0.30502767125424013,0.18562544904016678,0.22283420969764628,5000
86,4,evaluate,5.211266149448443,0.2806,0.29663743442069185,0.1420053467038484,0.18136863786899776,5000
86,5,evaluate,2.864711209188534,0.3718,0.30502767125424013,0.18562544904016678,0.22283420969764628,5000
87,0,evaluate,3.219729227355764,0.3878,0.33619677453700286,0.19286927726333639,0.23419307271645592,5000
87,1,evaluate,4.275371491154538,0.34,0.29347962099087826,0.17054837164723508,0.21254767815898398,5000
87,2,evaluate,3.219729227355764,0.3878,0.33619677453700286,0.19286927726333639,0.23419307271645592,5000
87,3,evaluate,4.275371491154538,0.34,0.29347962099087826,0.17054837164723508,0.21254767815898398,5000
87,4,evaluate,4.275371491154538,0.34,0.29347962099087826,0.17054837164723508,0.21254767815898398,5000
87,5,evaluate,3.219729227355764,0.3878,0.33619677453700286,0.19286927726333639,0.23419307271645592,5000
88,0,evaluate,3.3907066025311434,0.3326,0.2892664830337828,0.16288333433787325,0.19429388354654087,5000
88,1,evaluate,3.3907066025311434,0.3326,0.2892664830337828,0.16288333433787325,0.19429388354654087,5000
88,2,evaluate,5.0242918986308425,0.258,0.24266455927013802,0.12993367580829668,0.1557803058343679,5000
88,3,evaluate,3.3907066025311434,0.3326,0.2892664830337828,0.16288333433787325,0.19429388354654087,5000
88,4,evaluate,5.0242918986308425,0.258,0.24266455927013802,0.12993367580829668,0.1557803058343679,5000
88,5,evaluate,5.0242918986308425,0.258,0.24266455927013802,0.12993367580829668,0.1557803058343679,5000
89,0,evaluate,4.176149639902236,0.3686,0.31894424579490427,0.18635031666691243,0.2165546949521457,5000
89,1,evaluate,4.176149639902236,0.3686,0.31894424579490427,0.18635031666691243,0.2165546949521457,5000
89,2,evaluate,3.954671548891671,0.288,0.29534478269507475,0.1428343623469093,0.1806779444683607,5000
89,3,evaluate,4.176149639902236,0.3686,0.31894424579490427,0.18635031666691243,0.2165546949521457,5000
89,4,evaluate,3.954671548891671,0.288,0.29534478269507475,0.1428343623469093,0.1806779444683607,5000
89,5,evaluate,3.954671548891671,0.288,0.29534478269507475,0.1428343623469093,0.1806779444683607,5000
90,0,evaluate,3.1180089500885977,0.3792,0.2708818333233416,0.19032016913692384,0.22120833971910484,5000
90,1,evaluate,3.1180089500885977,0.3792,0.2708818333233416,0.19032016913692384,0.22120833971910484,5000
90,2,evaluate,4.199966029275822,0.3036,0.32130520991726624,0.1520289711510316,0.20236121709656624,5000
90,3,evaluate,4.199966029275822,0.3036,0.32130520991726624,0.1520289711510316,0.20236121709656624,5000
90,4,evaluate,3.1180089500885977,0.3792,0.2708818333233416,0.19032016913692384,0.22120833971910484,5000
90,5,evaluate,4.199966029275822,0.3036,0.32130520991726624,0.1520289711510316,0.20236121709656624,5000
91,0,evaluate,3.375330565850946,0.2712,0.32838378373747273,0.13554310822878984,0.17530960793264033,5000
91,1,evaluate,3.5380233028267005,0.2882,0.21477107631927325,0.14397479301873517,0.16165346376457573,5000
91,2,evaluate,3.5380233028267005,0.2882,0.21477107631927325,0.14397479301873517,0.16165346376457573,5000
91,3,evaluate,3.375330565850946,0.2712,0.32838378373747273,0.13554310822878984,0.17530960793264033,5000
91,4,evaluate,3.375330565850946,0.2712,0.32838378373747273,0.13554310822878984,0.17530960793264033,5000
91,5,evaluate,3.5380233028267005,0.2882,0.21477107631927325,0.14397479301873517,0.16165346376457573,5000
92,0,evaluate,2.5605800996852826,0.3934,0.3442654984408957,0.19307724479039862,0.23446796129593803,5000
92,1,evaluate,2.5605800996852826,0.3934,0.3442654984408957,0.19307724479039862,0.23446796129593803,5000
92,2,evaluate,5.149492254740076,0.2322,0.2586903025835986,0.1161932147367084,0.14449109499297783,5000
92,3,evaluate,2.5605800996852826,0.3934,0.3442654984408957,0.19307724479039862,0.23446796129593803,5000
92,4,evaluate,5.149492254740076,0.2322,0.2586903025835986,0.1161932147367084,0.14449109499297783,5000
92,5,evaluate,5.149492254740076,0.2322,0.2586903025835986,0.1161932147367084,0.14449109499297783,5000
93,0,evaluate,4.924083828926086,0.2798,0.2557206126074591,0.14228786560745904,0.17551851545695935,5000
93,1,evaluate,3.9396579944634738,0.4166,0.31118947132866287,0.20953951208247915,0.24490071405082214,5000
93,2,evaluate,3.9396579944634738,0.4166,0.31118947132866287,0.20953951208247915,0.24490071405082214,5000
93,3,evaluate,4.924083828926086,0.2798,0.2557206126074591,0.14228786560745904,0.17551851545695935,5000
93,4,evaluate,4.924083828926086,0.2798,0.2557206126074591,0.14228786560745904,0.17551851545695935,5000
93,5,evaluate,3.9396579944634738,0.4166,0.31118947132866287,0.20953951208247915,0.24490071405082214,5000
94,0,evaluate,4.086996396885643,0.3414,0.28132582666626926,0.1714566154422842,0.20903337061515517,5000
94,1,evaluate,4.086996396885643,0.3414,0.28132582666626926,0.1714566154422842,0.20903337061515517,5000
94,2,evaluate,4.086996396885643,0.3414,0.28132582666626926,0.1714566154422842,0.20903337061515517,5000
94,3,evaluate,2.871616562710533,0.4144,0.3766450759098029,0.20778421317648316,0.2617461983147985,5000
94,4,evaluate,2.871616562710533,0.4144,0.3766450759098029,0.20778421317648316,0.2617461983147985,5000
94,5,evaluate,2.871616562710533,0.4144,0.3766450759098029,0.20778421317648316,0.2617461983147985,5000
95,0,evaluate,4.102930322478089,0.3056,0.28147593303219287,0.15230645627270212,0.19145025671162935,5000
95,1,evaluate,7.129476529133471,0.2804,0.2528319227411514,0.14006561071232868,0.17436662506921433,5000
95,2,evaluate,7.129476529133471,0.2804,0.2528319227411514,0.14006561071232868,0.17436662506921433,5000
95,3,evaluate,4.102930322478089,0.3056,0.28147593303219287,0.15230645627270212,0.19145025671162935,5000
95,4,evaluate,7.129476529133471,0.2804,0.2528319227411514,0.14006561071232868,0.17436662506921433,5000
95,5,evaluate,4.102930322478089,0.3056,0.28147593303219287,0.15230645627270212,0.19145025671162935,5000
96,0,evaluate,5.808733345587043,0.2324,0.2987716246201756,0.11381031725076349,0.15807731917467355,5000
96,1,evaluate,5.808733345587043,0.2324,0.2987716246201756,0.11381031725076349,0.15807731917467355,5000
96,2,evaluate,3.435009414636636,0.3718,0.24973511222710001,0.18676434462669494,0.20549566232714636,5000
96,3,evaluate,5.808733345587043,0.2324,0.2987716246201756,0.11381031725076349,0.15807731917467355,5000
96,4,evaluate,3.435009414636636,0.3718,0.24973511222710001,0.18676434462669494,0.20549566232714636,5000
96,5,evaluate,3.435009414636636,0.3718,0.24973511222710001,0.18676434462669494,0.20549566232714636,5000
97,0,evaluate,4.688647022730188,0.2064,0.22640836515342816,0.10324492290534101,0.13518124316617888,5000
97,1,evaluate,4.688647022730188,0.2064,0.22640836515342816,0.10324492290534101,0.13518124316617888,5000
97,2,evaluate,4.688647022730188,0.2064,0.22640836515342816,0.10324492290534101,0.13518124316617888,5000
97,3,evaluate,3.3214919702916204,0.3382,0.303046873959571,0.16892040620495657,0.19758836354866074,5000
97,4,evaluate,3.3214919702916204,0.3382,0.303046873959571,0.16892040620495657,0.19758836354866074,5000
97,5,evaluate,3.3214919702916204,0.3382,0.303046873959571,0.16892040620495657,0.19758836354866074,5000
98,0,evaluate,3.512285092208959,0.3182,0.26359170883834204,0.15969897845801323,0.19386035951462827,5000
98,1,evaluate,3.1280831219274785,0.367,0.37266982261994597,0.18273071355399165,0.23309789608938697,5000
98,2,evaluate,3.1280831219274785,0.367,0.37266982261994597,0.18273071355399165,0.23309789608938697,5000
98,3,evaluate,3.512285092208959,0.3182,0.26359170883834204,0.15969897845801323,0.19386035951462827,5000
98,4,evaluate,3.512285092208959,0.3182,0.26359170883834204,0.15969897845801323,0.19386035951462827,5000
98,5,evaluate,3.1280831219274785,0.367,0.37266982261994597,0.18273071355399165,0.23309789608938697,5000
99,0,evaluate,5.083275103870826,0.26,0.3700980146722258,0.13225276763443541,0.18597288255149064,5000
99,1,evaluate,5.083275103870826,0.26,0.3700980146722258,0.13225276763443541,0.18597288255149064,5000
99,2,evaluate,3.8753954760635954,0.3318,0.295386544594546,0.16621794317561717,0.1977002093203753,5000
99,3,evaluate,3.8753954760635954,0.3318,0.295386544594546,0.16621794317561717,0.1977002093203753,5000
99,4,evaluate,3.8753954760635954,0.3318,0.295386544594546,0.16621794317561717,0.1977002093203753,5000
99,5,evaluate,5.083275103870826,0.26,0.3700980146722258,0.13225276763443541,0.18597288255149064,5000
100,0,evaluate,5.763690251338331,0.2388,0.2811052844151886,0.11976409286823386,0.15258138373218313,5000
100,1,evaluate,5.763690251338331,0.2388,0.2811052844151886,0.11976409286823386,0.15258138373218313,5000
100,2,evaluate,4.286053926129885,0.2996,0.2603821851662962,0.14902901595431195,0.18356314235322024,5000
100,3,evaluate,4.286053926129885,0.2996,0.2603821851662962,0.14902901595431195,0.18356314235322024,5000
100,4,evaluate,4.286053926129885,0.2996,0.2603821851662962,0.14902901595431195,0.18356314235322024,5000
100,5,evaluate,5.763690251338331,0.2388,0.2811052844151886,0.11976409286823386,0.15258138373218313,5000
101,0,evaluate,3.597731360906287,0.3716,0.2750829309945825,0.1862039325784427,0.21679968361053029,5000
101,1,evaluate,3.7977818326105046,0.2722,0.3286393375038552,0.13595839282895922,0.1909246513533949,5000
101,2,evaluate,3.597731360906287,0.3716,0.2750829309945825,0.1862039325784427,0.21679968361053029,5000
101,3,evaluate,3.597731360906287,0.3716,0.2750829309945825,0.1862039325784427,0.21679968361053029,5000
101,4,evaluate,3.7977818326105046,0.2722,0.3286393375038552,0.13595839282895922,0.1909246513533949,5000
101,5,evaluate,3.7977818326105046,0.2722,0.3286393375038552,0.13595839282895922,0.1909246513533949,5000
102,0,evaluate,3.6895145947420143,0.3048,0.2557116190835633,0.14892500308058126,0.17538350295424593,5000
102,1,evaluate,3.6895145947420143,0.3048,0.2557116190835633,0.14892500308058126,0.17538350295424593,5000
102,2,evaluate,3.55228494994248,0.2926,0.27347943522986634,0.1465394489621491,0.1836476595935054,5000
102,3,evaluate,3.55228494994248,0.2926,0.27347943522986634,0.1465394489621491,0.1836476595935054,5000
102,4,evaluate,3.55228494994248,0.2926,0.27347943522986634,0.1465394489621491,0.1836476595935054,5000
102,5,evaluate,3.6895145947420143,0.3048,0.2557116190835633,0.14892500308058126,0.17538350295424593,5000
103,0,evaluate,4.062994419773923,0.2494,0.2018694414323976,0.12494937255864005,0.1385718353609398,5000
103,1,evaluate,4.062994419773923,0.2494,0.2018694414323976,0.12494937255864005,0.1385718353609398,5000
103,2,evaluate,4.3737634888178185,0.227,0.2799856682686829,0.11125146173817362,0.15665324024918034,5000
103,3,evaluate,4.3737634888178185,0.227,0.2799856682686829,0.11125146173817362,0.15665324024918034,5000
103,4,evaluate,4.3737634888178185,0.227,0.2799856682686829,0.11125146173817362,0.15665324024918034,5000
103,5,evaluate,4.062994419773923,0.2494,0.2018694414323976,0.12494937255864005,0.1385718353609398,5000
104,0,evaluate,3.7195935671842553,0.3748,0.2899352078924106,0.1872727745957212,0.2057597788591397,5000
104,1,evaluate,3.7195935671842553,0.3748,0.2899352078924106,0.1872727745957212,0.2057597788591397,5000
104,2,evaluate,3.7195935671842553,0.3748,0.2899352078924106,0.1872727745957212,0.2057597788591397,5000
104,3,evaluate,5.349837864501567,0.2718,0.2621375484295869,0.1369600411607764,0.17599874896591905,5000
104,4,evaluate,5.349837864501567,0.2718,0.2621375484295869,0.1369600411607764,0.17599874896591905,5000
104,5,evaluate,5.349837864501567,0.2718,0.2621375484295869,0.1369600411607764,0.17599874896591905,5000
105,0,evaluate,5.228589238999765,0.3024,0.35159793883034607,0.1532826492660891,0.19633514474152794,5000
105,1,evaluate,5.7802203788033015,0.328,0.27528051555305644,0.16368564167103195,0.17981050757564715,5000
105,2,evaluate,5.228589238999765,0.3024,0.35159793883034607,0.1532826492660891,0.19633514474152794,5000
105,3,evaluate,5.7802203788033015,0.328,0.27528051555305644,0.16368564167103195,0.17981050757564715,5000
105,4,evaluate,5.228589238999765,0.3024,0.35159793883034607,0.1532826492660891,0.19633514474152794,5000
105,5,evaluate,5.7802203788033015,0.328,0.27528051555305644,0.16368564167103195,0.17981050757564715,5000
106,0,evaluate,3.207192085966279,0.3626,0.28172610811373644,0.18149842856386747,0.20467107414376007,5000
106,1,evaluate,3.207192085966279,0.3626,0.28172610811373644,0.18149842856386747,0.20467107414376007,5000
106,2,evaluate,3.207192085966279,0.3626,0.28172610811373644,0.18149842856386747,0.20467107414376007,5000
106,3,evaluate,4.169211396688147,0.2224,0.33312781864510155,0.11011156203434862,0.1563671593207921,5000
106,4,evaluate,4.169211396688147,0.2224,0.33312781864510155,0.11011156203434862,0.1563671593207921,5000
106,5,evaluate,4.169211396688147,0.2224,0.33312781864510155,0.11011156203434862,0.1563671593207921,5000
107,0,evaluate,3.409845881824252,0.3176,0.2767687887150534,0.1601548902230458,0.1871917219155183,5000
107,1,evaluate,3.409845881824252,0.3176,0.2767687887150534,0.1601548902230458,0.1871917219155183,5000
107,2,evaluate,3.3570100748086276,0.3338,0.3081038401282412,0.16487231755205428,0.21226260000592267,5000
107,3,evaluate,3.3570100748086276,0.3338,0.3081038401282412,0.16487231755205428,0.21226260000592267,5000
107,4,evaluate,3.409845881824252,0.3176,0.2767687887150534,0.1601548902230458,0.1871917219155183,5000
107,5,evaluate,3.3570100748086276,0.3338,0.3081038401282412,0.16487231755205428,0.21226260000592267,5000
108,0,evaluate,2.8429466184181504,0.3784,0.2989104623387157,0.18931468089321807,0.22843336796546893,5000
108,1,evaluate,4.318125217775755,0.2772,0.2674353874471699,0.1397972244437564,0.17408990159001336,5000
108,2,evaluate,2.8429466184181504,0.3784,0.2989104623387157,0.18931468089321807,0.22843336796546893,5000
108,3,evaluate,4.318125217775755,0.2772,0.2674353874471699,0.1397972244437564,0.17408990159001336,5000
108,4,evaluate,2.8429466184181504,0.3784,0.2989104623387157,0.18931468089321807,0.22843336796546893,5000
108,5,evaluate,4.318125217775755,0.2772,0.2674353874471699,0.1397972244437564,0.17408990159001336,5000
109,0,evaluate,5.101422385324406,0.2518,0.25218725188885827,0.12729811176660644,0.1657786972414213,5000
109,1,evaluate,5.101422385324406,0.2518,0.25218725188885827,0.12729811176660644,0.1657786972414213,5000
109,2,evaluate,7.09032155894026,0.2868,0.20316617070373014,0.1434988317550045,0.14657599340774244,5000
109,3,evaluate,7.09032155894026,0.2868,0.20316617070373014,0.1434988317550045,0.14657599340774244,5000
109,4,evaluate,5.101422385324406,0.2518,0.25218725188885827,0.12729811176660644,0.1657786972414213,5000
109,5,evaluate,7.09032155894026,0.2868,0.20316617070373014,0.1434988317550045,0.14657599340774244,5000
110,0,evaluate,5.604305089274539,0.3846,0.26360659266915915,0.19340738664463958,0.21111870312401063,5000
110,1,evaluate,8.934479170207736,0.2128,0.25056383334052523,0.10463106627084715,0.14575619163527126,5000
110,2,evaluate,8.934479170207736,0.2128,0.25056383334052523,0.10463106627084715,0.14575619163527126,5000
110,3,evaluate,8.934479170207736,0.2128,0.25056383334052523,0.10463106627084715,0.14575619163527126,5000
110,4,evaluate,5.604305089274539,0.3846,0.26360659266915915,0.19340738664463958,0.21111870312401063,5000
110,5,evaluate,5.604305089274539,0.3846,0.26360659266915915,0.19340738664463958,0.21111870312401063,5000
111,0,evaluate,2.9453201384484013,0.342,0.3686155586028684,0.17328094529953142,0.21587457412088348,5000
111,1,evaluate,5.2901679654664635,0.1846,0.18241120779535785,0.09198390157841381,0.11540125270715244,5000
111,2,evaluate,5.2901679654664635,0.1846,0.18241120779535785,0.09198390157841381,0.11540125270715244,5000
111,3,evaluate,2.9453201384484013,0.342,0.3686155586028684,0.17328094529953142,0.21587457412088348,5000
111,4,evaluate,2.9453201384484013,0.342,0.3686155586028684,0.17328094529953142,0.21587457412088348,5000
111,5,evaluate,5.2901679654664635,0.1846,0.18241120779535785,0.09198390157841381,0.11540125270715244,5000
112,0,evaluate,3.3558238744735718,0.299,0.2863781223957026,0.1498420234570693,0.18810429457382086,5000
112,1,evaluate,3.8284644326077233,0.2898,0.25110437438467875,0.14569220415713918,0.1638217025574103,5000
112,2,evaluate,3.8284644326077233,0.2898,0.25110437438467875,0.14569220415713918,0.1638217025574103,5000
112,3,evaluate,3.8284644326077233,0.2898,0.25110437438467875,0.14569220415713918,0.1638217025574103,5000
112,4,evaluate,3.3558238744735718,0.299,0.2863781223957026,0.1498420234570693,0.18810429457382086,5000
112,5,evaluate,3.3558238744735718,0.299,0.2863781223957026,0.1498420234570693,0.18810429457382086,5000
113,0,evaluate,3.534779397747185,0.281,0.25352133537271077,0.1376087089486433,0.16865145346189844,5000
113,1,evaluate,3.534779397747185,0.281,0.25352133537271077,0.1376087089486433,0.16865145346189844,5000
113,2,evaluate,3.2389713933196247,0.361,0.29871343867520234,0.18081323467162544,0.22060766657409037,5000
113,3,evaluate,3.534779397747185,0.281,0.25352133537271077,0.1376087089486433,0.16865145346189844,5000
113,4,evaluate,3.2389713933196247,0.361,0.29871343867520234,0.18081323467162544,0.22060766657409037,5000
113,5,evaluate,3.2389713933196247,0.361,0.29871343867520234,0.18081323467162544,0.22060766657409037,5000
114,0,evaluate,4.701805534242075,0.311,0.22804225477735884,0.15686202740785973,0.17556954095302246,5000
114,1,evaluate,8.27504470076742,0.1704,0.25614280404728784,0.0853991496665099,0.11729295726240374,5000
114,2,evaluate,8.27504470076742,0.1704,0.25614280404728784,0.0853991496665099,0.11729295726240374,5000
114,3,evaluate,4.701805534242075,0.311,0.22804225477735884,0.15686202740785973,0.17556954095302246,5000
114,4,evaluate,8.27504470076742,0.1704,0.25614280404728784,0.0853991496665099,0.11729295726240374,5000
114,5,evaluate,4.701805534242075,0.311,0.22804225477735884,0.15686202740785973,0.17556954095302246,5000
115,0,evaluate,4.283550129661077,0.316,0.2677499651086643,0.15947906253918934,0.19116012288194156,5000
115,1,evaluate,4.283550129661077,0.316,0.2677499651086643,0.15947906253918934,0.19116012288194156,5000
115,2,evaluate,10.255280826665178,0.3002,0.28642980453737366,0.1504810017677251,0.18368119597372487,5000
115,3,evaluate,4.283550129661077,0.316,0.2677499651086643,0.15947906253918934,0.19116012288194156,5000
115,4,evaluate,10.255280826665178,0.3002,0.28642980453737366,0.1504810017677251,0.18368119597372487,5000
115,5,evaluate,10.255280826665178,0.3002,0.28642980453737366,0.1504810017677251,0.18368119597372487,5000
116,0,evaluate,6.186199794841718,0.3056,0.27676588995566564,0.15312294623689537,0.16949845752580286,5000
116,1,evaluate,4.603858015205287,0.2502,0.290969674979864,0.12503510925288552,0.15642786892307206,5000
116,2,evaluate,6.186199794841718,0.3056,0.27676588995566564,0.15312294623689537,0.16949845752580286,5000
116,3,evaluate,4.603858015205287,0.2502,0.290969674979864,0.12503510925288552,0.15642786892307206,5000
116,4,evaluate,4.603858015205287,0.2502,0.290969674979864,0.12503510925288552,0.15642786892307206,5000
116,5,evaluate,6.186199794841718,0.3056,0.27676588995566564,0.15312294623689537,0.16949845752580286,5000
117,0,evaluate,3.709951699534549,0.2138,0.19786020117711484,0.1079560504179857,0.13388107848327943,5000
117,1,evaluate,3.709951699534549,0.2138,0.19786020117711484,0.1079560504179857,0.13388107848327943,5000
117,2,evaluate,5.1679641989213,0.259,0.3012704234179725,0.1298360485193461,0.17640574636815515,5000
117,3,evaluate,3.709951699534549,0.2138,0.19786020117711484,0.1079560504179857,0.13388107848327943,5000
117,4,evaluate,5.1679641989213,0.259,0.3012704234179725,0.1298360485193461,0.17640574636815515,5000
117,5,evaluate,5.1679641989213,0.259,0.3012704234179725,0.1298360485193461,0.17640574636815515,5000
118,0,evaluate,4.644465328771857,0.1462,0.14157296062455696,0.07353504948247143,0.08806536879439947,5000
118,1,evaluate,3.8916195042525668,0.2024,0.2346805128012675,0.10040445400726591,0.13680756776490546,5000
118,2,evaluate,4.644465328771857,0.1462,0.14157296062455696,0.07353504948247143,0.08806536879439947,5000
118,3,evaluate,3.8916195042525668,0.2024,0.2346805128012675,0.10040445400726591,0.13680756776490546,5000
118,4,evaluate,4.644465328771857,0.1462,0.14157296062455696,0.07353504948247143,0.08806536879439947,5000
118,5,evaluate,3.8916195042525668,0.2024,0.2346805128012675,0.10040445400726591,0.13680756776490546,5000
119,0,evaluate,2.8028904697563073,0.2706,0.26648827961399507,0.1360715963104237,0.1707088572867763,5000
119,1,evaluate,2.8028904697563073,0.2706,0.26648827961399507,0.1360715963104237,0.1707088572867763,5000
119,2,evaluate,3.441783047929595,0.2472,0.22212702903504225,0.12301227004578634,0.1499650611984502,5000
119,3,evaluate,2.8028904697563073,0.2706,0.26648827961399507,0.1360715963104237,0.1707088572867763,5000
119,4,evaluate,3.441783047929595,0.2472,0.22212702903504225,0.12301227004578634,0.1499650611984502,5000
119,5,evaluate,3.441783047929595,0.2472,0.22212702903504225,0.12301227004578634,0.1499650611984502,5000
120,0,evaluate,3.0308195759978473,0.3282,0.28042858152987515,0.16413883907025725,0.20034590355507315,5000
120,1,evaluate,3.0308195759978473,0.3282,0.28042858152987515,0.16413883907025725,0.20034590355507315,5000
120,2,evaluate,4.798771834071679,0.2068,0.23282222947101144,0.1055769945930917,0.13254348914244027,5000
120,3,evaluate,3.0308195759978473,0.3282,0.28042858152987515,0.16413883907025725,0.20034590355507315,5000
120,4,evaluate,4.798771834071679,0.2068,0.23282222947101144,0.1055769945930917,0.13254348914244027,5000
120,5,evaluate,4.798771834071679,0.2068,0.23282222947101144,0.1055769945930917,0.13254348914244027,5000
121,0,evaluate,4.696286639080772,0.2704,0.2990265543528915,0.1308851045691772,0.16085921776985207,5000
121,1,evaluate,3.971747497969036,0.245,0.23328474785261294,0.12315405895809155,0.14130603853998,5000
121,2,evaluate,4.696286639080772,0.2704,0.2990265543528915,0.1308851045691772,0.16085921776985207,5000
121,3,evaluate,3.971747497969036,0.245,0.23328474785261294,0.12315405895809155,0.14130603853998,5000
121,4,evaluate,3.971747497969036,0.245,0.23328474785261294,0.12315405895809155,0.14130603853998,5000
121,5,evaluate,4.696286639080772,0.2704,0.2990265543528915,0.1308851045691772,0.16085921776985207,5000
122,0,evaluate,4.934436272971237,0.3364,0.2658015393381933,0.17170543514255104,0.2014178022182623,5000
122,1,evaluate,4.757372886319704,0.2076,0.18615353682643757,0.10368808407384836,0.11796497597183224,5000
122,2,evaluate,4.934436272971237,0.3364,0.2658015393381933,0.17170543514255104,0.2014178022182623,5000
122,3,evaluate,4.757372886319704,0.2076,0.18615353682643757,0.10368808407384836,0.11796497597183224,5000
122,4,evaluate,4.757372886319704,0.2076,0.18615353682643757,0.10368808407384836,0.11796497597183224,5000
122,5,evaluate,4.934436272971237,0.3364,0.2658015393381933,0.17170543514255104,0.2014178022182623,5000
123,0,evaluate,4.855833409707757,0.1668,0.20903400223837418,0.08281986293273405,0.07706253456478573,5000
123,1,evaluate,7.068738526935819,0.1224,0.12930974636167752,0.06043431250429253,0.07458099863405179,5000
123,2,evaluate,7.068738526935819,0.1224,0.12930974636167752,0.06043431250429253,0.07458099863405179,5000
123,3,evaluate,4.855833409707757,0.1668,0.20903400223837418,0.08281986293273405,0.07706253456478573,5000
123,4,evaluate,7.068738526935819,0.1224,0.12930974636167752,0.06043431250429253,0.07458099863405179,5000
123,5,evaluate,4.855833409707757,0.1668,0.20903400223837418,0.08281986293273405,0.07706253456478573,5000
124,0,evaluate,2.3625813828238957,0.3166,0.26706513123702214,0.15846862842731713,0.19555486053689225,5000
124,1,evaluate,2.3625813828238957,0.3166,0.26706513123702214,0.15846862842731713,0.19555486053689225,5000
124,2,evaluate,2.3625813828238957,0.3166,0.26706513123702214,0.15846862842731713,0.19555486053689225,5000
124,3,evaluate,3.163369261765782,0.2562,0.2499737011272413,0.12434036456513664,0.15428218524444817,5000
124,4,evaluate,3.163369261765782,0.2562,0.2499737011272413,0.12434036456513664,0.15428218524444817,5000
124,5,evaluate,3.163369261765782,0.2562,0.2499737011272413,0.12434036456513664,0.15428218524444817,5000
125,0,evaluate,2.4469977526725093,0.405,0.370481038196429,0.20079803063583962,0.2553839136841233,5000
125,1,evaluate,3.3928146513202524,0.2218,0.19610600785449198,0.1117721123495445,0.13934312718228414,5000
125,2,evaluate,2.4469977526725093,0.405,0.370481038196429,0.20079803063583962,0.2553839136841233,5000
125,3,evaluate,3.3928146513202524,0.2218,0.19610600785449198,0.1117721123495445,0.13934312718228414,5000
125,4,evaluate,3.3928146513202524,0.2218,0.19610600785449198,0.1117721123495445,0.13934312718228414,5000
125,5,evaluate,2.4469977526725093,0.405,0.370481038196429,0.20079803063583962,0.2553839136841233,5000
126,0,evaluate,3.4827067610583726,0.2882,0.23338496649375234,0.1451481600749383,0.17079854769917216,5000
126,1,evaluate,3.4827067610583726,0.2882,0.23338496649375234,0.1451481600749383,0.17079854769917216,5000
126,2,evaluate,3.880123461349101,0.3402,0.32365488222281735,0.17129531666258707,0.2063690708727109,5000
126,3,evaluate,3.880123461349101,0.3402,0.32365488222281735,0.17129531666258707,0.2063690708727109,5000
126,4,evaluate,3.880123461349101,0.3402,0.32365488222281735,0.17129531666258707,0.2063690708727109,5000
126,5,evaluate,3.4827067610583726,0.2882,0.23338496649375234,0.1451481600749383,0.17079854769917216,5000
127,0,evaluate,6.877609114103679,0.3004,0.32378992801024625,0.15105648488390785,0.16479261004655404,5000
127,1,evaluate,6.877609114103679,0.3004,0.32378992801024625,0.15105648488390785,0.16479261004655404,5000
127,2,evaluate,4.842227461971814,0.1778,0.2219748217434673,0.09005845807578948,0.12455147917615801,5000
127,3,evaluate,4.842227461971814,0.1778,0.2219748217434673,0.09005845807578948,0.12455147917615801,5000
127,4,evaluate,4.842227461971814,0.1778,0.2219748217434673,0.09005845807578948,0.12455147917615801,5000
127,5,evaluate,6.877609114103679,0.3004,0.32378992801024625,0.15105648488390785,0.16479261004655404,5000
128,0,evaluate,4.798807678343374,0.1224,0.1256536767614337,0.06115681055028817,0.06497244227365655,5000
128,1,evaluate,4.798807678343374,0.1224,0.1256536767614337,0.06115681055028817,0.06497244227365655,5000
128,2,evaluate,4.852650690682327,0.1732,0.1529042191135066,0.08644174273804875,0.09402866177259595,5000
128,3,evaluate,4.852650690682327,0.1732,0.1529042191135066,0.08644174273804875,0.09402866177259595,5000
128,4,evaluate,4.798807678343374,0.1224,0.1256536767614337,0.06115681055028817,0.06497244227365655,5000
128,5,evaluate,4.852650690682327,0.1732,0.1529042191135066,0.08644174273804875,0.09402866177259595,5000
129,0,evaluate,2.8144101704223248,0.3544,0.28471435029491476,0.17442900362204353,0.20754054052945176,5000
129,1,evaluate,3.487923730777789,0.2578,0.23760239502377628,0.12955579196005,0.16605536952950678,5000
129,2,evaluate,2.8144101704223248,0.3544,0.28471435029491476,0.17442900362204353,0.20754054052945176,5000
129,3,evaluate,2.8144101704223248,0.3544,0.28471435029491476,0.17442900362204353,0.20754054052945176,5000
129,4,evaluate,3.487923730777789,0.2578,0.23760239502377628,0.12955579196005,0.16605536952950678,5000
129,5,evaluate,3.487923730777789,0.2578,0.23760239502377628,0.12955579196005,0.16605536952950678,5000
130,0,evaluate,2.8928533566148977,0.3206,0.2738604557317593,0.15961269133455364,0.18727062132678127,5000
130,1,evaluate,3.264467547211466,0.2974,0.2604789940046879,0.1481222198312321,0.17588913452884833,5000
130,2,evaluate,2.8928533566148977,0.3206,0.2738604557317593,0.15961269133455364,0.18727062132678127,5000
130,3,evaluate,2.8928533566148977,0.3206,0.2738604557317593,0.15961269133455364,0.18727062132678127,5000
130,4,evaluate,3.264467547211466,0.2974,0.2604789940046879,0.1481222198312321,0.17588913452884833,5000
130,5,evaluate,3.264467547211466,0.2974,0.2604789940046879,0.1481222198312321,0.17588913452884833,5000
131,0,evaluate,3.244893784764447,0.2242,0.21075423037432722,0.11277180514654757,0.14184225154765062,5000
131,1,evaluate,3.244893784764447,0.2242,0.21075423037432722,0.11277180514654757,0.14184225154765062,5000
131,2,evaluate,2.3379136761532555,0.3558,0.3220286875633781,0.1760517635902404,0.20804954052032545,5000
131,3,evaluate,2.3379136761532555,0.3558,0.3220286875633781,0.1760517635902404,0.20804954052032545,5000
131,4,evaluate,2.3379136761532555,0.3558,0.3220286875633781,0.1760517635902404,0.20804954052032545,5000
131,5,evaluate,3.244893784764447,0.2242,0.21075423037432722,0.11277180514654757,0.14184225154765062,5000
132,0,evaluate,3.4953067936474764,0.3144,0.2306948096840759,0.15809378944765243,0.17034507643369218,5000
132,1,evaluate,4.754673293874234,0.123,0.23298029144277077,0.06243356501502897,0.08231597432452625,5000
132,2,evaluate,3.4953067936474764,0.3144,0.2306948096840759,0.15809378944765243,0.17034507643369218,5000
132,3,evaluate,4.754673293874234,0.123,0.23298029144277077,0.06243356501502897,0.08231597432452625,5000
132,4,evaluate,3.4953067936474764,0.3144,0.2306948096840759,0.15809378944765243,0.17034507643369218,5000
132,5,evaluate,4.754673293874234,0.123,0.23298029144277077,0.06243356501502897,0.08231597432452625,5000
133,0,evaluate,4.03273572499239,0.195,0.22723100987779823,0.09855593614768465,0.10356079003140997,5000
133,1,evaluate,5.646466309511209,0.1956,0.26173085621552794,0.09520903112973875,0.1249808202492857,5000
133,2,evaluate,5.646466309511209,0.1956,0.26173085621552794,0.09520903112973875,0.1249808202492857,5000
133,3,evaluate,4.03273572499239,0.195,0.22723100987779823,0.09855593614768465,0.10356079003140997,5000
133,4,evaluate,5.646466309511209,0.1956,0.26173085621552794,0.09520903112973875,0.1249808202492857,5000
133,5,evaluate,4.03273572499239,0.195,0.22723100987779823,0.09855593614768465,0.10356079003140997,5000
134,0,evaluate,3.667158383357374,0.2376,0.23145388886142887,0.11799994500411919,0.1390277622437116,5000
134,1,evaluate,3.667158383357374,0.2376,0.23145388886142887,0.11799994500411919,0.1390277622437116,5000
134,2,evaluate,3.667158383357374,0.2376,0.23145388886142887,0.11799994500411919,0.1390277622437116,5000
134,3,evaluate,3.449963282935227,0.3258,0.3467543524927136,0.16521689297223965,0.1761321257950788,5000
134,4,evaluate,3.449963282935227,0.3258,0.3467543524927136,0.16521689297223965,0.1761321257950788,5000
134,5,evaluate,3.449963282935227,0.3258,0.3467543524927136,0.16521689297223965,0.1761321257950788,5000
135,0,evaluate,4.747221973877918,0.1364,0.2045220518855848,0.06901399561735186,0.09761042864596592,5000
135,1,evaluate,2.251993386051323,0.4786,0.3290524561963314,0.23697075952983743,0.2652175289353118,5000
135,2,evaluate,4.747221973877918,0.1364,0.2045220518855848,0.06901399561735186,0.09761042864596592,5000
135,3,evaluate,2.251993386051323,0.4786,0.3290524561963314,0.23697075952983743,0.2652175289353118,5000
135,4,evaluate,2.251993386051323,0.4786,0.3290524561963314,0.23697075952983743,0.2652175289353118,5000
135,5,evaluate,4.747221973877918,0.1364,0.2045220518855848,0.06901399561735186,0.09761042864596592,5000
136,0,evaluate,3.1161620586733276,0.1922,0.2347058296821781,0.09728306099879917,0.13068472514269983,5000
136,1,evaluate,3.1826768343961693,0.194,0.16788098095975262,0.09655540372265183,0.10967920224619625,5000
136,2,evaluate,3.1161620586733276,0.1922,0.2347058296821781,0.09728306099879917,0.13068472514269983,5000
136,3,evaluate,3.1161620586733276,0.1922,0.2347058296821781,0.09728306099879917,0.13068472514269983,5000
136,4,evaluate,3.1826768343961693,0.194,0.16788098095975262,0.09655540372265183,0.10967920224619625,5000
136,5,evaluate,3.1826768343961693,0.194,0.16788098095975262,0.09655540372265183,0.10967920224619625,5000
137,0,evaluate,3.9937855442868004,0.2678,0.23271152399462114,0.1351998218386938,0.1479834114712132,5000
137,1,evaluate,5.947440108166465,0.1166,0.16966415795942294,0.056864733596304264,0.07867494065982165,5000
137,2,evaluate,5.947440108166465,0.1166,0.16966415795942294,0.056864733596304264,0.07867494065982165,5000
137,3,evaluate,3.9937855442868004,0.2678,0.23271152399462114,0.1351998218386938,0.1479834114712132,5000
137,4,evaluate,5.947440108166465,0.1166,0.16966415795942294,0.056864733596304264,0.07867494065982165,5000
137,5,evaluate,3.9937855442868004,0.2678,0.23271152399462114,0.1351998218386938,0.1479834114712132,5000
138,0,evaluate,4.003496055361591,0.2872,0.2720648243305566,0.143113658542261,0.1683380199393814,5000
138,1,evaluate,4.137830184984811,0.203,0.2634890338202413,0.10272213755584747,0.11999082634680569,5000
138,2,evaluate,4.137830184984811,0.203,0.2634890338202413,0.10272213755584747,0.11999082634680569,5000
138,3,evaluate,4.003496055361591,0.2872,0.2720648243305566,0.143113658542261,0.1683380199393814,5000
138,4,evaluate,4.003496055361591,0.2872,0.2720648243305566,0.143113658542261,0.1683380199393814,5000
138,5,evaluate,4.137830184984811,0.203,0.2634890338202413,0.10272213755584747,0.11999082634680569,5000
139,0,evaluate,3.2695058327686937,0.2778,0.27088203055609006,0.1370618473964395,0.17016231229510465,5000
139,1,evaluate,3.2695058327686937,0.2778,0.27088203055609006,0.1370618473964395,0.17016231229510465,5000
139,2,evaluate,3.62356877628761,0.1892,0.25616071608793917,0.0948347654318283,0.11446175524139383,5000
139,3,evaluate,3.2695058327686937,0.2778,0.27088203055609006,0.1370618473964395,0.17016231229510465,5000
139,4,evaluate,3.62356877628761,0.1892,0.25616071608793917,0.0948347654318283,0.11446175524139383,5000
139,5,evaluate,3.62356877628761,0.1892,0.25616071608793917,0.0948347654318283,0.11446175524139383,5000
140,0,evaluate,3.630916921398308,0.1748,0.1654498453092019,0.08757449380742817,0.10268089694806075,5000
140,1,evaluate,3.0059387321713604,0.29,0.32601915873433107,0.14524272869245786,0.1771431205147036,5000
140,2,evaluate,3.0059387321713604,0.29,0.32601915873433107,0.14524272869245786,0.1771431205147036,5000
140,3,evaluate,3.630916921398308,0.1748,0.1654498453092019,0.08757449380742817,0.10268089694806075,5000
140,4,evaluate,3.630916921398308,0.1748,0.1654498453092019,0.08757449380742817,0.10268089694806075,5000
140,5,evaluate,3.0059387321713604,0.29,0.32601915873433107,0.14524272869245786,0.1771431205147036,5000
141,0,evaluate,4.414640188217163,0.2376,0.19347527577549903,0.11890973030863217,0.13951677930820586,5000
141,1,evaluate,3.902219278902947,0.1632,0.21156022056115814,0.08133012953346233,0.11059790308095663,5000
141,2,evaluate,4.414640188217163,0.2376,0.19347527577549903,0.11890973030863217,0.13951677930820586,5000
141,3,evaluate,3.902219278902947,0.1632,0.21156022056115814,0.08133012953346233,0.11059790308095663,5000
141,4,evaluate,3.902219278902947,0.1632,0.21156022056115814,0.08133012953346233,0.11059790308095663,5000
141,5,evaluate,4.414640188217163,0.2376,0.19347527577549903,0.11890973030863217,0.13951677930820586,5000
142,0,evaluate,4.441637422465071,0.1266,0.17276821179608337,0.06354921542226759,0.08369863391132057,5000
142,1,evaluate,3.8211073996145513,0.1648,0.22404423433425716,0.08253966093333238,0.10814836477481923,5000
142,2,evaluate,3.8211073996145513,0.1648,0.22404423433425716,0.08253966093333238,0.10814836477481923,5000
142,3,evaluate,4.441637422465071,0.1266,0.17276821179608337,0.06354921542226759,0.08369863391132057,5000
142,4,evaluate,3.8211073996145513,0.1648,0.22404423433425716,0.08253966093333238,0.10814836477481923,5000
142,5,evaluate,4.441637422465071,0.1266,0.17276821179608337,0.06354921542226759,0.08369863391132057,5000
143,0,evaluate,3.384244580812092,0.2242,0.23370433872823432,0.11300114406730347,0.13560475038133987,5000
143,1,evaluate,2.436085498785671,0.4054,0.367871630922321,0.2059836741233337,0.24223362345710076,5000
143,2,evaluate,3.384244580812092,0.2242,0.23370433872823432,0.11300114406730347,0.13560475038133987,5000
143,3,evaluate,3.384244580812092,0.2242,0.23370433872823432,0.11300114406730347,0.13560475038133987,5000
143,4,evaluate,2.436085498785671,0.4054,0.367871630922321,0.2059836741233337,0.24223362345710076,5000
143,5,evaluate,2.436085498785671,0.4054,0.367871630922321,0.2059836741233337,0.24223362345710076,5000
144,0,evaluate,5.0925590810896475,0.2878,0.2979341244043054,0.14133852631328833,0.17373803422577583,5000
144,1,evaluate,4.059466256371027,0.2326,0.2626850827381069,0.11719354527267964,0.15015962259482293,5000
144,2,evaluate,5.0925590810896475,0.2878,0.2979341244043054,0.14133852631328833,0.17373803422577583,5000
144,3,evaluate,4.059466256371027,0.2326,0.2626850827381069,0.11719354527267964,0.15015962259482293,5000
144,4,evaluate,4.059466256371027,0.2326,0.2626850827381069,0.11719354527267964,0.15015962259482293,5000
144,5,evaluate,5.0925590810896475,0.2878,0.2979341244043054,0.14133852631328833,0.17373803422577583,5000
145,0,evaluate,4.589875218234485,0.0958,0.09057934122464285,0.048834660655935745,0.056990340129669324,5000
145,1,evaluate,4.589875218234485,0.0958,0.09057934122464285,0.048834660655935745,0.056990340129669324,5000
145,2,evaluate,4.310917066622384,0.2544,0.20449330415328354,0.12650600364679523,0.1302286315838647,5000
145,3,evaluate,4.310917066622384,0.2544,0.20449330415328354,0.12650600364679523,0.1302286315838647,5000
145,4,evaluate,4.589875218234485,0.0958,0.09057934122464285,0.048834660655935745,0.056990340129669324,5000
145,5,evaluate,4.310917066622384,0.2544,0.20449330415328354,0.12650600364679523,0.1302286315838647,5000
146,0,evaluate,3.2056191782408123,0.2106,0.17862478564229645,0.10472962663425656,0.1003392140389189,5000
146,1,evaluate,3.2056191782408123,0.2106,0.17862478564229645,0.10472962663425656,0.1003392140389189,5000
146,2,evaluate,5.022209363647654,0.0832,0.13395631251192092,0.04438190721276651,0.047379874586730604,5000
146,3,evaluate,5.022209363647654,0.0832,0.13395631251192092,0.04438190721276651,0.047379874586730604,5000
146,4,evaluate,5.022209363647654,0.0832,0.13395631251192092,0.04438190721276651,0.047379874586730604,5000
146,5,evaluate,3.2056191782408123,0.2106,0.17862478564229645,0.10472962663425656,0.1003392140389189,5000
147,0,evaluate,3.832597976998438,0.1078,0.2374700853682295,0.05425874149337031,0.07914709800075653,5000
147,1,evaluate,3.685442320908172,0.2256,0.21401285157608502,0.11552998426866497,0.1145145688282772,5000
147,2,evaluate,3.832597976998438,0.1078,0.2374700853682295,0.05425874149337031,0.07914709800075653,5000
147,3,evaluate,3.832597976998438,0.1078,0.2374700853682295,0.05425874149337031,0.07914709800075653,5000
147,4,evaluate,3.685442320908172,0.2256,0.21401285157608502,0.11552998426866497,0.1145145688282772,5000
147,5,evaluate,3.685442320908172,0.2256,0.21401285157608502,0.11552998426866497,0.1145145688282772,5000
148,0,evaluate,2.5852255066738854,0.2696,0.24093001432265462,0.1354521777635181,0.1551851905078521,5000
148,1,evaluate,3.8717538887941383,0.0966,0.161191224971784,0.049224326762380234,0.05762873498389685,5000
148,2,evaluate,3.8717538887941383,0.0966,0.161191224971784,0.049224326762380234,0.05762873498389685,5000
148,3,evaluate,2.5852255066738854,0.2696,0.24093001432265462,0.1354521777635181,0.1551851905078521,5000
148,4,evaluate,3.8717538887941383,0.0966,0.161191224971784,0.049224326762380234,0.05762873498389685,5000
148,5,evaluate,2.5852255066738854,0.2696,0.24093001432265462,0.1354521777635181,0.1551851905078521,5000
149,0,evaluate,3.8351030742065815,0.266,0.21748076828200746,0.1303949942360621,0.14429342717229066,5000
149,1,evaluate,3.8351030742065815,0.266,0.21748076828200746,0.1303949942360621,0.14429342717229066,5000
149,2,evaluate,3.277509224565723,0.3018,0.27755130009459134,0.15205417468406007,0.18862009650563444,5000
149,3,evaluate,3.8351030742065815,0.266,0.21748076828200746,0.1303949942360621,0.14429342717229066,5000
149,4,evaluate,3.277509224565723,0.3018,0.27755130009459134,0.15205417468406007,0.18862009650563444,5000
149,5,evaluate,3.277509224565723,0.3018,0.27755130009459134,0.15205417468406007,0.18862009650563444,5000
150,0,evaluate,2.775210738182068,0.258,0.2565786160740699,0.12835782323258027,0.13725684006446887,5000
150,1,evaluate,2.9278157783460013,0.159,0.24297973541181905,0.08038716921267113,0.11618788060799648,5000
150,2,evaluate,2.775210738182068,0.258,0.2565786160740699,0.12835782323258027,0.13725684006446887,5000
150,3,evaluate,2.9278157783460013,0.159,0.24297973541181905,0.08038716921267113,0.11618788060799648,5000
150,4,evaluate,2.775210738182068,0.258,0.2565786160740699,0.12835782323258027,0.13725684006446887,5000
150,5,evaluate,2.9278157783460013,0.159,0.24297973541181905,0.08038716921267113,0.11618788060799648,5000
151,0,evaluate,3.3930635693707045,0.1356,0.20524052413968058,0.06800784578063966,0.06506240669756329,5000
151,1,evaluate,3.6071134609512137,0.1508,0.17470158648315803,0.07417997994063932,0.10140630213229758,5000
151,2,evaluate,3.3930635693707045,0.1356,0.20524052413968058,0.06800784578063966,0.06506240669756329,5000
151,3,evaluate,3.6071134609512137,0.1508,0.17470158648315803,0.07417997994063932,0.10140630213229758,5000
151,4,evaluate,3.3930635693707045,0.1356,0.20524052413968058,0.06800784578063966,0.06506240669756329,5000
151,5,evaluate,3.6071134609512137,0.1508,0.17470158648315803,0.07417997994063932,0.10140630213229758,5000
152,0,evaluate,3.35827573643455,0.1136,0.2215738237600841,0.05843068343169815,0.0803722432548348,5000
152,1,evaluate,3.35827573643455,0.1136,0.2215738237600841,0.05843068343169815,0.0803722432548348,5000
152,2,evaluate,3.35827573643455,0.1136,0.2215738237600841,0.05843068343169815,0.0803722432548348,5000
152,3,evaluate,2.857862997658645,0.2084,0.17558916822765178,0.10566147844414273,0.08582598960991923,5000
152,4,evaluate,2.857862997658645,0.2084,0.17558916822765178,0.10566147844414273,0.08582598960991923,5000
152,5,evaluate,2.857862997658645,0.2084,0.17558916822765178,0.10566147844414273,0.08582598960991923,5000
153,0,evaluate,4.453696917883957,0.249,0.25829450404267085,0.12589970864032624,0.13776081242821922,5000
153,1,evaluate,3.8213542232030555,0.205,0.2190955710643888,0.10067125291949855,0.12314232834599319,5000
153,2,evaluate,4.453696917883957,0.249,0.25829450404267085,0.12589970864032624,0.13776081242821922,5000
153,3,evaluate,4.453696917883957,0.249,0.25829450404267085,0.12589970864032624,0.13776081242821922,5000
153,4,evaluate,3.8213542232030555,0.205,0.2190955710643888,0.10067125291949855,0.12314232834599319,5000
153,5,evaluate,3.8213542232030555,0.205,0.2190955710643888,0.10067125291949855,0.12314232834599319,5000
154,0,evaluate,4.329689505734021,0.0668,0.22684041825537737,0.03355424897926508,0.05719530704627941,5000
154,1,evaluate,4.329689505734021,0.0668,0.22684041825537737,0.03355424897926508,0.05719530704627941,5000
154,2,evaluate,4.329689505734021,0.0668,0.22684041825537737,0.03355424897926508,0.05719530704627941,5000
154,3,evaluate,4.4912413162521165,0.3264,0.228359868688838,0.16363041112999144,0.16772853083174186,5000
154,4,evaluate,4.4912413162521165,0.3264,0.228359868688838,0.16363041112999144,0.16772853083174186,5000
154,5,evaluate,4.4912413162521165,0.3264,0.228359868688838,0.16363041112999144,0.16772853083174186,5000
155,0,evaluate,2.2656370959704435,0.3678,0.2834672419744754,0.20541528978760212,0.19632056845364645,5000
155,1,evaluate,3.4650514850133582,0.0146,0.08568692818527583,0.0073533075798592525,0.013124340806348634,5000
155,2,evaluate,2.2656370959704435,0.3678,0.2834672419744754,0.20541528978760212,0.19632056845364645,5000
155,3,evaluate,2.2656370959704435,0.3678,0.2834672419744754,0.20541528978760212,0.19632056845364645,5000
155,4,evaluate,3.4650514850133582,0.0146,0.08568692818527583,0.0073533075798592525,0.013124340806348634,5000
155,5,evaluate,3.4650514850133582,0.0146,0.08568692818527583,0.0073533075798592525,0.013124340806348634,5000
156,0,evaluate,4.505434528181825,0.1678,0.36111479323743023,0.09444539334901854,0.11638263426184002,5000
156,1,evaluate,2.7288727307621437,0.1654,0.26076101893300385,0.08278887657205032,0.07462725928122342,5000
156,2,evaluate,4.505434528181825,0.1678,0.36111479323743023,0.09444539334901854,0.11638263426184002,5000
156,3,evaluate,2.7288727307621437,0.1654,0.26076101893300385,0.08278887657205032,0.07462725928122342,5000
156,4,evaluate,4.505434528181825,0.1678,0.36111479323743023,0.09444539334901854,0.11638263426184002,5000
156,5,evaluate,2.7288727307621437,0.1654,0.26076101893300385,0.08278887657205032,0.07462725928122342,5000
157,0,evaluate,2.832624752310258,0.1296,0.27591361865258923,0.06221058083547356,0.08186584013568302,5000
157,1,evaluate,2.832624752310258,0.1296,0.27591361865258923,0.06221058083547356,0.08186584013568302,5000
157,2,evaluate,2.3732627313348313,0.213,0.18102517465635337,0.1078019024799662,0.06900492696000612,5000
157,3,evaluate,2.832624752310258,0.1296,0.27591361865258923,0.06221058083547356,0.08186584013568302,5000
157,4,evaluate,2.3732627313348313,0.213,0.18102517465635337,0.1078019024799662,0.06900492696000612,5000
157,5,evaluate,2.3732627313348313,0.213,0.18102517465635337,0.1078019024799662,0.06900492696000612,5000
158,0,evaluate,3.3048890663098685,0.1856,0.1413436237469756,0.09843795842544166,0.05654250104859354,5000
158,1,evaluate,3.3048890663098685,0.1856,0.1413436237469756,0.09843795842544166,0.05654250104859354,5000
158,2,evaluate,3.1200854355775856,0.0594,0.3110371961478101,0.030295196360087318,0.052385761729134575,5000
158,3,evaluate,3.3048890663098685,0.1856,0.1413436237469756,0.09843795842544166,0.05654250104859354,5000
158,4,evaluate,3.1200854355775856,0.0594,0.3110371961478101,0.030295196360087318,0.052385761729134575,5000
158,5,evaluate,3.1200854355775856,0.0594,0.3110371961478101,0.030295196360087318,0.052385761729134575,5000
159,0,evaluate,3.152070748655102,0.2548,0.1704679149051125,0.12666413270294724,0.08344274837577884,5000
159,1,evaluate,3.033992450448531,0.029,0.16045522744322444,0.014146064388267965,0.021703688799259574,5000
159,2,evaluate,3.033992450448531,0.029,0.16045522744322444,0.014146064388267965,0.021703688799259574,5000
159,3,evaluate,3.152070748655102,0.2548,0.1704679149051125,0.12666413270294724,0.08344274837577884,5000
159,4,evaluate,3.033992450448531,0.029,0.16045522744322444,0.014146064388267965,0.021703688799259574,5000
159,5,evaluate,3.152070748655102,0.2548,0.1704679149051125,0.12666413270294724,0.08344274837577884,5000
160,0,evaluate,3.8451847999910767,0.06,0.10311080416164657,0.029650813915774853,0.040171424253214835,5000
160,1,evaluate,3.8451847999910767,0.06,0.10311080416164657,0.029650813915774853,0.040171424253214835,5000
160,2,evaluate,3.244523624830608,0.093,0.08057401242485893,0.04759097651319784,0.03820968297390627,5000
160,3,evaluate,3.244523624830608,0.093,0.08057401242485893,0.04759097651319784,0.03820968297390627,5000
160,4,evaluate,3.244523624830608,0.093,0.08057401242485893,0.04759097651319784,0.03820968297390627,5000
160,5,evaluate,3.8451847999910767,0.06,0.10311080416164657,0.029650813915774853,0.040171424253214835,5000
161,0,evaluate,2.9316202477563786,0.1898,0.10702958772601921,0.15620458594204947,0.06615394510921833,5000
161,1,evaluate,2.9316202477563786,0.1898,0.10702958772601921,0.15620458594204947,0.06615394510921833,5000
161,2,evaluate,2.9316202477563786,0.1898,0.10702958772601921,0.15620458594204947,0.06615394510921833,5000
161,3,evaluate,2.709224296521537,0.001,0.09259259259259259,0.0005485618974169009,0.0010897041424330972,5000
161,4,evaluate,2.709224296521537,0.001,0.09259259259259259,0.0005485618974169009,0.0010897041424330972,5000
161,5,evaluate,2.709224296521537,0.001,0.09259259259259259,0.0005485618974169009,0.0010897041424330972,5000
162,0,evaluate,2.757789632942103,0.0002,0.1111111111111111,0.00011538017768547363,0.0002305209774089442,5000
162,1,evaluate,2.2823768250549894,0.1984,0.07533292566924854,0.16387302353530867,0.05620437117630911,5000
162,2,evaluate,2.2823768250549894,0.1984,0.07533292566924854,0.16387302353530867,0.05620437117630911,5000
162,3,evaluate,2.2823768250549894,0.1984,0.07533292566924854,0.16387302353530867,0.05620437117630911,5000
162,4,evaluate,2.757789632942103,0.0002,0.1111111111111111,0.00011538017768547363,0.0002305209774089442,5000
162,5,evaluate,2.757789632942103,0.0002,0.1111111111111111,0.00011538017768547363,0.0002305209774089442,5000
163,0,evaluate,2.084848209272457,0.1856,0.03712,0.2,0.06261808367071525,5000
163,1,evaluate,3.3140742114827604,0.0,0.0,0.0,0.0,5000
163,2,evaluate,3.3140742114827604,0.0,0.0,0.0,0.0,5000
163,3,evaluate,3.3140742114827604,0.0,0.0,0.0,0.0,5000
163,4,evaluate,2.084848209272457,0.1856,0.03712,0.2,0.06261808367071525,5000
163,5,evaluate,2.084848209272457,0.1856,0.03712,0.2,0.06261808367071525,5000
164,0,evaluate,5.622440169129191,0.0002,0.16666666666666666,0.00016733601070950468,0.00033433634236041456,5000
164,1,evaluate,5.622440169129191,0.0002,0.16666666666666666,0.00016733601070950468,0.00033433634236041456,5000
164,2,evaluate,1.6908041691478295,0.1962,0.039247849569913985,0.2,0.06561872909698997,5000
164,3,evaluate,1.6908041691478295,0.1962,0.039247849569913985,0.2,0.06561872909698997,5000
164,4,evaluate,5.622440169129191,0.0002,0.16666666666666666,0.00016733601070950468,0.00033433634236041456,5000
164,5,evaluate,1.6908041691478295,0.1962,0.039247849569913985,0.2,0.06561872909698997,5000
165,0,evaluate,1.8563871625103527,0.1962,0.039240000000000004,0.2,0.06560775790001672,5000
165,1,evaluate,3.2785882738572134,0.0,0.0,0.0,0.0,5000
165,2,evaluate,1.8563871625103527,0.1962,0.039240000000000004,0.2,0.06560775790001672,5000
165,3,evaluate,3.2785882738572134,0.0,0.0,0.0,0.0,5000
165,4,evaluate,3.2785882738572134,0.0,0.0,0.0,0.0,5000
165,5,evaluate,1.8563871625103527,0.1962,0.039240000000000004,0.2,0.06560775790001672,5000
166,0,evaluate,24.892484133756614,0.0,0.0,0.0,0.0,5000
166,1,evaluate,24.892484133756614,0.0,0.0,0.0,0.0,5000
166,2,evaluate,10.341578912131395,0.1992,0.03984,0.2,0.06644429619746497,5000
166,3,evaluate,10.341578912131395,0.1992,0.03984,0.2,0.06644429619746497,5000
166,4,evaluate,24.892484133756614,0.0,0.0,0.0,0.0,5000
166,5,evaluate,10.341578912131395,0.1992,0.03984,0.2,0.06644429619746497,5000
167,0,evaluate,5.242056623289857,0.0,0.0,0.0,0.0,5000
167,1,evaluate,5.242056623289857,0.0,0.0,0.0,0.0,5000
167,2,evaluate,1.7837883264203616,0.2064,0.04128,0.2,0.06843501326259946,5000
167,3,evaluate,1.7837883264203616,0.2064,0.04128,0.2,0.06843501326259946,5000
167,4,evaluate,1.7837883264203616,0.2064,0.04128,0.2,0.06843501326259946,5000
167,5,evaluate,5.242056623289857,0.0,0.0,0.0,0.0,5000
168,0,evaluate,1.765271004242233,0.2064,0.04128,0.2,0.06843501326259946,5000
168,1,evaluate,3.956859498084346,0.0,0.0,0.0,0.0,5000
168,2,evaluate,3.956859498084346,0.0,0.0,0.0,0.0,5000
168,3,evaluate,3.956859498084346,0.0,0.0,0.0,0.0,5000
168,4,evaluate,1.765271004242233,0.2064,0.04128,0.2,0.06843501326259946,5000
168,5,evaluate,1.765271004242233,0.2064,0.04128,0.2,0.06843501326259946,5000
169,0,evaluate,2.021414875984192,0.2012,0.04024,0.2,0.066999666999667,5000
169,1,evaluate,2.021414875984192,0.2012,0.04024,0.2,0.066999666999667,5000
169,2,evaluate,2.7316034323052514,0.0,0.0,0.0,0.0,5000
169,3,evaluate,2.021414875984192,0.2012,0.04024,0.2,0.066999666999667,5000
169,4,evaluate,2.7316034323052514,0.0,0.0,0.0,0.0,5000
169,5,evaluate,2.7316034323052514,0.0,0.0,0.0,0.0,5000
170,0,evaluate,1.7064155717439289,0.1962,0.039240000000000004,0.2,0.06560775790001672,5000
170,1,evaluate,4.430282333229162,0.0,0.0,0.0,0.0,5000
170,2,evaluate,1.7064155717439289,0.1962,0.039240000000000004,0.2,0.06560775790001672,5000
170,3,evaluate,4.430282333229162,0.0,0.0,0.0,0.0,5000
170,4,evaluate,1.7064155717439289,0.1962,0.039240000000000004,0.2,0.06560775790001672,5000
170,5,evaluate,4.430282333229162,0.0,0.0,0.0,0.0,5000
171,0,evaluate,1.7332715671273726,0.1962,0.039240000000000004,0.2,0.06560775790001672,5000
171,1,evaluate,4.170408764971962,0.0,0.0,0.0,0.0,5000
171,2,evaluate,1.7332715671273726,0.1962,0.039240000000000004,0.2,0.06560775790001672,5000
171,3,evaluate,4.170408764971962,0.0,0.0,0.0,0.0,5000
171,4,evaluate,4.170408764971962,0.0,0.0,0.0,0.0,5000
171,5,evaluate,1.7332715671273726,0.1962,0.039240000000000004,0.2,0.06560775790001672,5000
172,0,evaluate,2.455043110666396,0.0,0.0,0.0,0.0,5000
172,1,evaluate,2.455043110666396,0.0,0.0,0.0,0.0,5000
172,2,evaluate,2.455043110666396,0.0,0.0,0.0,0.0,5000
172,3,evaluate,2.1863245239740685,0.1962,0.039240000000000004,0.2,0.06560775790001672,5000
172,4,evaluate,2.1863245239740685,0.1962,0.039240000000000004,0.2,0.06560775790001672,5000
172,5,evaluate,2.1863245239740685,0.1962,0.039240000000000004,0.2,0.06560775790001672,5000
173,0,evaluate,1.785689569726775,0.1966,0.03932,0.2,0.0657195386929634,5000
173,1,evaluate,1.785689569726775,0.1966,0.03932,0.2,0.0657195386929634,5000
173,2,evaluate,1.785689569726775,0.1966,0.03932,0.2,0.0657195386929634,5000
173,3,evaluate,3.6957618616804293,0.0,0.0,0.0,0.0,5000
173,4,evaluate,3.6957618616804293,0.0,0.0,0.0,0.0,5000
173,5,evaluate,3.6957618616804293,0.0,0.0,0.0,0.0,5000
174,0,evaluate,1.7722578320322158,0.2064,0.04128,0.2,0.06843501326259946,5000
174,1,evaluate,1.7722578320322158,0.2064,0.04128,0.2,0.06843501326259946,5000
174,2,evaluate,4.083305506766597,0.0,0.0,0.0,0.0,5000
174,3,evaluate,4.083305506766597,0.0,0.0,0.0,0.0,5000
174,4,evaluate,4.083305506766597,0.0,0.0,0.0,0.0,5000
174,5,evaluate,1.7722578320322158,0.2064,0.04128,0.2,0.06843501326259946,5000
175,0,evaluate,2.8033680976191655,0.0,0.0,0.0,0.0,5000
175,1,evaluate,1.980782359461241,0.2064,0.04128,0.2,0.06843501326259946,5000
175,2,evaluate,2.8033680976191655,0.0,0.0,0.0,0.0,5000
175,3,evaluate,2.8033680976191655,0.0,0.0,0.0,0.0,5000
175,4,evaluate,1.980782359461241,0.2064,0.04128,0.2,0.06843501326259946,5000
175,5,evaluate,1.980782359461241,0.2064,0.04128,0.2,0.06843501326259946,5000
176,0,evaluate,1.8826905820943132,0.1856,0.03712,0.2,0.06261808367071525,5000
176,1,evaluate,3.093415085273453,0.0,0.0,0.0,0.0,5000
176,2,evaluate,1.8826905820943132,0.1856,0.03712,0.2,0.06261808367071525,5000
176,3,evaluate,3.093415085273453,0.0,0.0,0.0,0.0,5000
176,4,evaluate,3.093415085273453,0.0,0.0,0.0,0.0,5000
176,5,evaluate,1.8826905820943132,0.1856,0.03712,0.2,0.06261808367071525,5000
177,0,evaluate,1.7600613409959818,0.1962,0.039240000000000004,0.2,0.06560775790001672,5000
177,1,evaluate,3.793914574611036,0.0,0.0,0.0,0.0,5000
177,2,evaluate,1.7600613409959818,0.1962,0.039240000000000004,0.2,0.06560775790001672,5000
177,3,evaluate,1.7600613409959818,0.1962,0.039240000000000004,0.2,0.06560775790001672,5000
177,4,evaluate,3.793914574611036,0.0,0.0,0.0,0.0,5000
177,5,evaluate,3.793914574611036,0.0,0.0,0.0,0.0,5000
178,0,evaluate,3.045393657080735,0.0,0.0,0.0,0.0,5000
178,1,evaluate,3.045393657080735,0.0,0.0,0.0,0.0,5000
178,2,evaluate,1.9037237272986882,0.1962,0.039240000000000004,0.2,0.06560775790001672,5000
178,3,evaluate,3.045393657080735,0.0,0.0,0.0,0.0,5000
178,4,evaluate,1.9037237272986882,0.1962,0.039240000000000004,0.2,0.06560775790001672,5000
178,5,evaluate,1.9037237272986882,0.1962,0.039240000000000004,0.2,0.06560775790001672,5000
179,0,evaluate,2.6588763587082487,0.0,0.0,0.0,0.0,5000
179,1,evaluate,2.0457972031605394,0.1992,0.03984,0.2,0.06644429619746497,5000
179,2,evaluate,2.6588763587082487,0.0,0.0,0.0,0.0,5000
179,3,evaluate,2.6588763587082487,0.0,0.0,0.0,0.0,5000
179,4,evaluate,2.0457972031605394,0.1992,0.03984,0.2,0.06644429619746497,5000
179,5,evaluate,2.0457972031605394,0.1992,0.03984,0.2,0.06644429619746497,5000
180,0,evaluate,1.8138749795623972,0.2064,0.04128,0.2,0.06843501326259946,5000
180,1,evaluate,1.8138749795623972,0.2064,0.04128,0.2,0.06843501326259946,5000
180,2,evaluate,3.4866962463040894,0.0,0.0,0.0,0.0,5000
180,3,evaluate,3.4866962463040894,0.0,0.0,0.0,0.0,5000
180,4,evaluate,1.8138749795623972,0.2064,0.04128,0.2,0.06843501326259946,5000
180,5,evaluate,3.4866962463040894,0.0,0.0,0.0,0.0,5000
181,0,evaluate,1.8801622526555122,0.2064,0.04128,0.2,0.06843501326259946,5000
181,1,evaluate,1.8801622526555122,0.2064,0.04128,0.2,0.06843501326259946,5000
181,2,evaluate,3.1265077077889742,0.0,0.0,0.0,0.0,5000
181,3,evaluate,1.8801622526555122,0.2064,0.04128,0.2,0.06843501326259946,5000
181,4,evaluate,3.1265077077889742,0.0,0.0,0.0,0.0,5000
181,5,evaluate,3.1265077077889742,0.0,0.0,0.0,0.0,5000
182,0,evaluate,2.218937227997599,0.1856,0.03712,0.2,0.06261808367071525,5000
182,1,evaluate,2.399218586426747,0.0,0.0,0.0,0.0,5000
182,2,evaluate,2.218937227997599,0.1856,0.03712,0.2,0.06261808367071525,5000
182,3,evaluate,2.399218586426747,0.0,0.0,0.0,0.0,5000
182,4,evaluate,2.218937227997599,0.1856,0.03712,0.2,0.06261808367071525,5000
182,5,evaluate,2.399218586426747,0.0,0.0,0.0,0.0,5000
183,0,evaluate,1.8617402692384357,0.1962,0.039240000000000004,0.2,0.06560775790001672,5000
183,1,evaluate,1.8617402692384357,0.1962,0.039240000000000004,0.2,0.06560775790001672,5000
183,2,evaluate,3.1725358359421354,0.0,0.0,0.0,0.0,5000
183,3,evaluate,1.8617402692384357,0.1962,0.039240000000000004,0.2,0.06560775790001672,5000
183,4,evaluate,3.1725358359421354,0.0,0.0,0.0,0.0,5000
183,5,evaluate,3.1725358359421354,0.0,0.0,0.0,0.0,5000
184,0,evaluate,1.878284016741982,0.1962,0.039240000000000004,0.2,0.06560775790001672,5000
184,1,evaluate,1.878284016741982,0.1962,0.039240000000000004,0.2,0.06560775790001672,5000
184,2,evaluate,3.118762221517442,0.0,0.0,0.0,0.0,5000
184,3,evaluate,3.118762221517442,0.0,0.0,0.0,0.0,5000
184,4,evaluate,3.118762221517442,0.0,0.0,0.0,0.0,5000
184,5,evaluate,1.878284016741982,0.1962,0.039240000000000004,0.2,0.06560775790001672,5000
185,0,evaluate,2.2355547856680955,0.1962,0.039240000000000004,0.2,0.06560775790001672,5000
185,1,evaluate,2.3806544829018508,0.0,0.0,0.0,0.0,5000
185,2,evaluate,2.3806544829018508,0.0,0.0,0.0,0.0,5000
185,3,evaluate,2.2355547856680955,0.1962,0.039240000000000004,0.2,0.06560775790001672,5000
185,4,evaluate,2.2355547856680955,0.1962,0.039240000000000004,0.2,0.06560775790001672,5000
185,5,evaluate,2.3806544829018508,0.0,0.0,0.0,0.0,5000
186,0,evaluate,2.905976977529405,0.0,0.0,0.0,0.0,5000
186,1,evaluate,2.905976977529405,0.0,0.0,0.0,0.0,5000
186,2,evaluate,1.941404683680474,0.1966,0.03932,0.2,0.0657195386929634,5000
186,3,evaluate,2.905976977529405,0.0,0.0,0.0,0.0,5000
186,4,evaluate,1.941404683680474,0.1966,0.03932,0.2,0.0657195386929634,5000
186,5,evaluate,1.941404683680474,0.1966,0.03932,0.2,0.0657195386929634,5000
187,0,evaluate,3.049349618863456,0.0,0.0,0.0,0.0,5000
187,1,evaluate,1.8994549195977706,0.2064,0.04128,0.2,0.06843501326259946,5000
187,2,evaluate,1.8994549195977706,0.2064,0.04128,0.2,0.06843501326259946,5000
187,3,evaluate,3.049349618863456,0.0,0.0,0.0,0.0,5000
187,4,evaluate,1.8994549195977706,0.2064,0.04128,0.2,0.06843501326259946,5000
187,5,evaluate,3.049349618863456,0.0,0.0,0.0,0.0,5000
188,0,evaluate,2.4949534120438974,0.0,0.0,0.0,0.0,5000
188,1,evaluate,2.4949534120438974,0.0,0.0,0.0,0.0,5000
188,2,evaluate,2.1437521524067167,0.2064,0.04128,0.2,0.06843501326259946,5000
188,3,evaluate,2.1437521524067167,0.2064,0.04128,0.2,0.06843501326259946,5000
188,4,evaluate,2.1437521524067167,0.2064,0.04128,0.2,0.06843501326259946,5000
188,5,evaluate,2.4949534120438974,0.0,0.0,0.0,0.0,5000
189,0,evaluate,2.695135849940626,0.0,0.0,0.0,0.0,5000
189,1,evaluate,2.0291160601603835,0.1856,0.03712,0.2,0.06261808367071525,5000
189,2,evaluate,2.695135849940626,0.0,0.0,0.0,0.0,5000
189,3,evaluate,2.0291160601603835,0.1856,0.03712,0.2,0.06261808367071525,5000
189,4,evaluate,2.0291160601603835,0.1856,0.03712,0.2,0.06261808367071525,5000
189,5,evaluate,2.695135849940626,0.0,0.0,0.0,0.0,5000
190,0,evaluate,1.9272954313060906,0.1962,0.039240000000000004,0.2,0.06560775790001672,5000
190,1,evaluate,1.9272954313060906,0.1962,0.039240000000000004,0.2,0.06560775790001672,5000
190,2,evaluate,2.945843838438203,0.0,0.0,0.0,0.0,5000
190,3,evaluate,2.945843838438203,0.0,0.0,0.0,0.0,5000
190,4,evaluate,1.9272954313060906,0.1962,0.039240000000000004,0.2,0.06560775790001672,5000
190,5,evaluate,2.945843838438203,0.0,0.0,0.0,0.0,5000
191,0,evaluate,2.0945137543014334,0.1962,0.039240000000000004,0.2,0.06560775790001672,5000
191,1,evaluate,2.0945137543014334,0.1962,0.039240000000000004,0.2,0.06560775790001672,5000
191,2,evaluate,2.0945137543014334,0.1962,0.039240000000000004,0.2,0.06560775790001672,5000
191,3,evaluate,2.576533055003685,0.0,0.0,0.0,0.0,5000
191,4,evaluate,2.576533055003685,0.0,0.0,0.0,0.0,5000
191,5,evaluate,2.576533055003685,0.0,0.0,0.0,0.0,5000
192,0,evaluate,2.120082942745354,0.1992,0.03984,0.2,0.06644429619746497,5000
192,1,evaluate,2.5297343580028677,0.0,0.0,0.0,0.0,5000
192,2,evaluate,2.120082942745354,0.1992,0.03984,0.2,0.06644429619746497,5000
192,3,evaluate,2.5297343580028677,0.0,0.0,0.0,0.0,5000
192,4,evaluate,2.120082942745354,0.1992,0.03984,0.2,0.06644429619746497,5000
192,5,evaluate,2.5297343580028677,0.0,0.0,0.0,0.0,5000
193,0,evaluate,1.9688970031617563,0.2064,0.04128,0.2,0.06843501326259946,5000
193,1,evaluate,1.9688970031617563,0.2064,0.04128,0.2,0.06843501326259946,5000
193,2,evaluate,1.9688970031617563,0.2064,0.04128,0.2,0.06843501326259946,5000
193,3,evaluate,2.8327938333342346,0.0,0.0,0.0,0.0,5000
193,4,evaluate,2.8327938333342346,0.0,0.0,0.0,0.0,5000
193,5,evaluate,2.8327938333342346,0.0,0.0,0.0,0.0,5000
194,0,evaluate,2.613355238226396,0.0,0.0,0.0,0.0,5000
194,1,evaluate,2.613355238226396,0.0,0.0,0.0,0.0,5000
194,2,evaluate,2.070692309850379,0.2064,0.04128,0.2,0.06843501326259946,5000
194,3,evaluate,2.070692309850379,0.2064,0.04128,0.2,0.06843501326259946,5000
194,4,evaluate,2.613355238226396,0.0,0.0,0.0,0.0,5000
194,5,evaluate,2.070692309850379,0.2064,0.04128,0.2,0.06843501326259946,5000
195,0,evaluate,2.4129527399811566,0.0,0.0,0.0,0.0,5000
195,1,evaluate,2.4129527399811566,0.0,0.0,0.0,0.0,5000
195,2,evaluate,2.2059123395364497,0.2012,0.04024,0.2,0.066999666999667,5000
195,3,evaluate,2.2059123395364497,0.2012,0.04024,0.2,0.066999666999667,5000
195,4,evaluate,2.2059123395364497,0.2012,0.04024,0.2,0.066999666999667,5000
195,5,evaluate,2.4129527399811566,0.0,0.0,0.0,0.0,5000
196,0,evaluate,2.7218028835103483,0.0,0.0,0.0,0.0,5000
196,1,evaluate,2.016525561296487,0.1962,0.039240000000000004,0.2,0.06560775790001672,5000
196,2,evaluate,2.016525561296487,0.1962,0.039240000000000004,0.2,0.06560775790001672,5000
196,3,evaluate,2.7218028835103483,0.0,0.0,0.0,0.0,5000
196,4,evaluate,2.7218028835103483,0.0,0.0,0.0,0.0,5000
196,5,evaluate,2.016525561296487,0.1962,0.039240000000000004,0.2,0.06560775790001672,5000
197,0,evaluate,2.066721074188812,0.1962,0.039240000000000004,0.2,0.06560775790001672,5000
197,1,evaluate,2.066721074188812,0.1962,0.039240000000000004,0.2,0.06560775790001672,5000
197,2,evaluate,2.624278512182115,0.0,0.0,0.0,0.0,5000
197,3,evaluate,2.066721074188812,0.1962,0.039240000000000004,0.2,0.06560775790001672,5000
197,4,evaluate,2.624278512182115,0.0,0.0,0.0,0.0,5000
197,5,evaluate,2.624278512182115,0.0,0.0,0.0,0.0,5000
198,0,evaluate,2.3276199600364587,0.0,0.0,0.0,0.0,5000
198,1,evaluate,2.279635043083867,0.1992,0.03984,0.2,0.06644429619746497,5000
198,2,evaluate,2.3276199600364587,0.0,0.0,0.0,0.0,5000
198,3,evaluate,2.279635043083867,0.1992,0.03984,0.2,0.06644429619746497,5000
198,4,evaluate,2.279635043083867,0.1992,0.03984,0.2,0.06644429619746497,5000
198,5,evaluate,2.3276199600364587,0.0,0.0,0.0,0.0,5000
199,0,evaluate,2.0662336922899076,0.2064,0.04128,0.2,0.06843501326259946,5000
199,1,evaluate,2.6187046841730046,0.0,0.0,0.0,0.0,5000
199,2,evaluate,2.0662336922899076,0.2064,0.04128,0.2,0.06843501326259946,5000
199,3,evaluate,2.0662336922899076,0.2064,0.04128,0.2,0.06843501326259946,5000
199,4,evaluate,2.6187046841730046,0.0,0.0,0.0,0.0,5000
199,5,evaluate,2.6187046841730046,0.0,0.0,0.0,0.0,5000
200,0,evaluate,2.0722188979764526,0.2064,0.04128,0.2,0.06843501326259946,5000
200,1,evaluate,2.610116361062738,0.0,0.0,0.0,0.0,5000
200,2,evaluate,2.0722188979764526,0.2064,0.04128,0.2,0.06843501326259946,5000
200,3,evaluate,2.610116361062738,0.0,0.0,0.0,0.0,5000
200,4,evaluate,2.610116361062738,0.0,0.0,0.0,0.0,5000
200,5,evaluate,2.0722188979764526,0.2064,0.04128,0.2,0.06843501326259946,5000
201,0,evaluate,2.3382492095609253,0.0,0.0,0.0,0.0,5000
201,1,evaluate,2.2699175876907156,0.2064,0.04128,0.2,0.06843501326259946,5000
201,2,evaluate,2.2699175876907156,0.2064,0.04128,0.2,0.06843501326259946,5000
201,3,evaluate,2.3382492095609253,0.0,0.0,0.0,0.0,5000
201,4,evaluate,2.2699175876907156,0.2064,0.04128,0.2,0.06843501326259946,5000
201,5,evaluate,2.3382492095609253,0.0,0.0,0.0,0.0,5000
202,0,evaluate,2.532398296307914,0.0,0.0,0.0,0.0,5000
202,1,evaluate,2.532398296307914,0.0,0.0,0.0,0.0,5000
202,2,evaluate,2.532398296307914,0.0,0.0,0.0,0.0,5000
202,3,evaluate,2.1200779661347595,0.1856,0.03712,0.2,0.06261808367071525,5000
202,4,evaluate,2.1200779661347595,0.1856,0.03712,0.2,0.06261808367071525,5000
202,5,evaluate,2.1200779661347595,0.1856,0.03712,0.2,0.06261808367071525,5000
203,0,evaluate,2.5837916663930387,0.0,0.0,0.0,0.0,5000
203,1,evaluate,2.0892507516885104,0.1962,0.039240000000000004,0.2,0.06560775790001672,5000
203,2,evaluate,2.5837916663930387,0.0,0.0,0.0,0.0,5000
203,3,evaluate,2.0892507516885104,0.1962,0.039240000000000004,0.2,0.06560775790001672,5000
203,4,evaluate,2.0892507516885104,0.1962,0.039240000000000004,0.2,0.06560775790001672,5000
203,5,evaluate,2.5837916663930387,0.0,0.0,0.0,0.0,5000
204,0,evaluate,2.2322551841977276,0.1962,0.039240000000000004,0.2,0.06560775790001672,5000
204,1,evaluate,2.3814762574207933,0.0,0.0,0.0,0.0,5000
204,2,evaluate,2.3814762574207933,0.0,0.0,0.0,0.0,5000
204,3,evaluate,2.2322551841977276,0.1962,0.039240000000000004,0.2,0.06560775790001672,5000
204,4,evaluate,2.3814762574207933,0.0,0.0,0.0,0.0,5000
204,5,evaluate,2.2322551841977276,0.1962,0.039240000000000004,0.2,0.06560775790001672,5000
205,0,evaluate,2.169027844561806,0.1992,0.03984,0.2,0.06644429619746497,5000
205,1,evaluate,2.4578585383258287,0.0,0.0,0.0,0.0,5000
205,2,evaluate,2.169027844561806,0.1992,0.03984,0.2,0.06644429619746497,5000
205,3,evaluate,2.169027844561806,0.1992,0.03984,0.2,0.06644429619746497,5000
205,4,evaluate,2.4578585383258287,0.0,0.0,0.0,0.0,5000
205,5,evaluate,2.4578585383258287,0.0,0.0,0.0,0.0,5000
206,0,evaluate,2.5466161106206195,0.0,0.0,0.0,0.0,5000
206,1,evaluate,2.10912269882009,0.2064,0.04128,0.2,0.06843501326259946,5000
206,2,evaluate,2.5466161106206195,0.0,0.0,0.0,0.0,5000
206,3,evaluate,2.10912269882009,0.2064,0.04128,0.2,0.06843501326259946,5000
206,4,evaluate,2.5466161106206195,0.0,0.0,0.0,0.0,5000
206,5,evaluate,2.10912269882009,0.2064,0.04128,0.2,0.06843501326259946,5000
207,0,evaluate,2.4082452586934537,0.0,0.0,0.0,0.0,5000
207,1,evaluate,2.2086804426169095,0.2064,0.04128,0.2,0.06843501326259946,5000
207,2,evaluate,2.2086804426169095,0.2064,0.04128,0.2,0.06843501326259946,5000
207,3,evaluate,2.4082452586934537,0.0,0.0,0.0,0.0,5000
207,4,evaluate,2.2086804426169095,0.2064,0.04128,0.2,0.06843501326259946,5000
207,5,evaluate,2.4082452586934537,0.0,0.0,0.0,0.0,5000
208,0,evaluate,2.4005306008495864,0.0,0.0,0.0,0.0,5000
208,1,evaluate,2.4005306008495864,0.0,0.0,0.0,0.0,5000
208,2,evaluate,2.216086064712911,0.2012,0.04024,0.2,0.066999666999667,5000
208,3,evaluate,2.216086064712911,0.2012,0.04024,0.2,0.066999666999667,5000
208,4,evaluate,2.216086064712911,0.2012,0.04024,0.2,0.066999666999667,5000
208,5,evaluate,2.4005306008495864,0.0,0.0,0.0,0.0,5000
209,0,evaluate,2.135931829862957,0.1962,0.039240000000000004,0.2,0.06560775790001672,5000
209,1,evaluate,2.135931829862957,0.1962,0.039240000000000004,0.2,0.06560775790001672,5000
209,2,evaluate,2.5090387772910203,0.0,0.0,0.0,0.0,5000
209,3,evaluate,2.5090387772910203,0.0,0.0,0.0,0.0,5000
209,4,evaluate,2.5090387772910203,0.0,0.0,0.0,0.0,5000
209,5,evaluate,2.135931829862957,0.1962,0.039240000000000004,0.2,0.06560775790001672,5000
210,0,evaluate,2.1974567944490455,0.1962,0.039240000000000004,0.2,0.06560775790001672,5000
210,1,evaluate,2.1974567944490455,0.1962,0.039240000000000004,0.2,0.06560775790001672,5000
210,2,evaluate,2.423298612425599,0.0,0.0,0.0,0.0,5000
210,3,evaluate,2.1974567944490455,0.1962,0.039240000000000004,0.2,0.06560775790001672,5000
210,4,evaluate,2.423298612425599,0.0,0.0,0.0,0.0,5000
210,5,evaluate,2.423298612425599,0.0,0.0,0.0,0.0,5000
211,0,evaluate,2.3535200523424753,0.0,0.0,0.0,0.0,5000
211,1,evaluate,2.254566322399091,0.1992,0.03984,0.2,0.06644429619746497,5000
211,2,evaluate,2.254566322399091,0.1992,0.03984,0.2,0.06644429619746497,5000
211,3,evaluate,2.254566322399091,0.1992,0.03984,0.2,0.06644429619746497,5000
211,4,evaluate,2.3535200523424753,0.0,0.0,0.0,0.0,5000
211,5,evaluate,2.3535200523424753,0.0,0.0,0.0,0.0,5000
212,0,evaluate,2.161591535882105,0.2064,0.04128,0.2,0.06843501326259946,5000
212,1,evaluate,2.161591535882105,0.2064,0.04128,0.2,0.06843501326259946,5000
212,2,evaluate,2.4688707092140296,0.0,0.0,0.0,0.0,5000
212,3,evaluate,2.161591535882105,0.2064,0.04128,0.2,0.06843501326259946,5000
212,4,evaluate,2.4688707092140296,0.0,0.0,0.0,0.0,5000
212,5,evaluate,2.4688707092140296,0.0,0.0,0.0,0.0,5000
213,0,evaluate,2.193368911743164,0.2064,0.04128,0.2,0.06843501326259946,5000
213,1,evaluate,2.4269793456113793,0.0,0.0,0.0,0.0,5000
213,2,evaluate,2.4269793456113793,0.0,0.0,0.0,0.0,5000
213,3,evaluate,2.4269793456113793,0.0,0.0,0.0,0.0,5000
213,4,evaluate,2.193368911743164,0.2064,0.04128,0.2,0.06843501326259946,5000
213,5,evaluate,2.193368911743164,0.2064,0.04128,0.2,0.06843501326259946,5000
214,0,evaluate,2.3189337585545795,0.0,0.0,0.0,0.0,5000
214,1,evaluate,2.287350802481929,0.1856,0.03712,0.2,0.06261808367071525,5000
214,2,evaluate,2.287350802481929,0.1856,0.03712,0.2,0.06261808367071525,5000
214,3,evaluate,2.3189337585545795,0.0,0.0,0.0,0.0,5000
214,4,evaluate,2.3189337585545795,0.0,0.0,0.0,0.0,5000
214,5,evaluate,2.287350802481929,0.1856,0.03712,0.2,0.06261808367071525,5000
215,0,evaluate,2.18918188915977,0.1962,0.039240000000000004,0.2,0.06560775790001672,5000
215,1,evaluate,2.4324346343173255,0.0,0.0,0.0,0.0,5000
215,2,evaluate,2.4324346343173255,0.0,0.0,0.0,0.0,5000
215,3,evaluate,2.4324346343173255,0.0,0.0,0.0,0.0,5000
215,4,evaluate,2.18918188915977,0.1962,0.039240000000000004,0.2,0.06560775790001672,5000
215,5,evaluate,2.18918188915977,0.1962,0.039240000000000004,0.2,0.06560775790001672,5000
216,0,evaluate,2.196320319477516,0.1962,0.039240000000000004,0.2,0.06560775790001672,5000
216,1,evaluate,2.4230849229836764,0.0,0.0,0.0,0.0,5000
216,2,evaluate,2.4230849229836764,0.0,0.0,0.0,0.0,5000
216,3,evaluate,2.196320319477516,0.1962,0.039240000000000004,0.2,0.06560775790001672,5000
216,4,evaluate,2.196320319477516,0.1962,0.039240000000000004,0.2,0.06560775790001672,5000
216,5,evaluate,2.4230849229836764,0.0,0.0,0.0,0.0,5000
217,0,evaluate,2.2936946198910095,0.1962,0.039240000000000004,0.2,0.06560775790001672,5000
217,1,evaluate,2.2936946198910095,0.1962,0.039240000000000004,0.2,0.06560775790001672,5000
217,2,evaluate,2.2936946198910095,0.1962,0.039240000000000004,0.2,0.06560775790001672,5000
217,3,evaluate,2.3122886374026916,0.0,0.0,0.0,0.0,5000
217,4,evaluate,2.3122886374026916,0.0,0.0,0.0,0.0,5000
217,5,evaluate,2.3122886374026916,0.0,0.0,0.0,0.0,5000
218,0,evaluate,2.2148893060563486,0.2064,0.04128,0.2,0.06843501326259946,5000
218,1,evaluate,2.2148893060563486,0.2064,0.04128,0.2,0.06843501326259946,5000
218,2,evaluate,2.399746312370783,0.0,0.0,0.0,0.0,5000
218,3,evaluate,2.399746312370783,0.0,0.0,0.0,0.0,5000
218,4,evaluate,2.2148893060563486,0.2064,0.04128,0.2,0.06843501326259946,5000
218,5,evaluate,2.399746312370783,0.0,0.0,0.0,0.0,5000
219,0,evaluate,2.414403290688237,0.0,0.0,0.0,0.0,5000
219,1,evaluate,2.414403290688237,0.0,0.0,0.0,0.0,5000
219,2,evaluate,2.414403290688237,0.0,0.0,0.0,0.0,5000
219,3,evaluate,2.2034453530854816,0.2064,0.04128,0.2,0.06843501326259946,5000
219,4,evaluate,2.2034453530854816,0.2064,0.04128,0.2,0.06843501326259946,5000
219,5,evaluate,2.2034453530854816,0.2064,0.04128,0.2,0.06843501326259946,5000
220,0,evaluate,2.3311846678770043,0.0,0.0,0.0,0.0,5000
220,1,evaluate,2.3311846678770043,0.0,0.0,0.0,0.0,5000
220,2,evaluate,2.3311846678770043,0.0,0.0,0.0,0.0,5000
220,3,evaluate,2.2760000741934476,0.1966,0.03932,0.2,0.0657195386929634,5000
220,4,evaluate,2.2760000741934476,0.1966,0.03932,0.2,0.0657195386929634,5000
220,5,evaluate,2.2760000741934476,0.1966,0.03932,0.2,0.0657195386929634,5000
221,0,evaluate,2.2393355731722675,0.2012,0.04024,0.2,0.066999666999667,5000
221,1,evaluate,2.2393355731722675,0.2012,0.04024,0.2,0.066999666999667,5000
221,2,evaluate,2.371031148524224,0.0,0.0,0.0,0.0,5000
221,3,evaluate,2.371031148524224,0.0,0.0,0.0,0.0,5000
221,4,evaluate,2.2393355731722675,0.2012,0.04024,0.2,0.066999666999667,5000
221,5,evaluate,2.371031148524224,0.0,0.0,0.0,0.0,5000
222,0,evaluate,2.4014040910744967,0.0,0.0,0.0,0.0,5000
222,1,evaluate,2.4014040910744967,0.0,0.0,0.0,0.0,5000
222,2,evaluate,2.213915791692613,0.1962,0.039240000000000004,0.2,0.06560775790001672,5000
222,3,evaluate,2.213915791692613,0.1962,0.039240000000000004,0.2,0.06560775790001672,5000
222,4,evaluate,2.4014040910744967,0.0,0.0,0.0,0.0,5000
222,5,evaluate,2.213915791692613,0.1962,0.039240000000000004,0.2,0.06560775790001672,5000
223,0,evaluate,2.3431325743470013,0.0,0.0,0.0,0.0,5000
223,1,evaluate,2.2650236298766315,0.1962,0.039240000000000004,0.2,0.06560775790001672,5000
223,2,evaluate,2.3431325743470013,0.0,0.0,0.0,0.0,5000
223,3,evaluate,2.2650236298766315,0.1962,0.039240000000000004,0.2,0.06560775790001672,5000
223,4,evaluate,2.3431325743470013,0.0,0.0,0.0,0.0,5000
223,5,evaluate,2.2650236298766315,0.1962,0.039240000000000004,0.2,0.06560775790001672,5000
224,0,evaluate,2.2604404672791687,0.1992,0.03984,0.2,0.06644429619746497,5000
224,1,evaluate,2.347272628470312,0.0,0.0,0.0,0.0,5000
224,2,evaluate,2.347272628470312,0.0,0.0,0.0,0.0,5000
224,3,evaluate,2.347272628470312,0.0,0.0,0.0,0.0,5000
224,4,evaluate,2.2604404672791687,0.1992,0.03984,0.2,0.06644429619746497,5000
224,5,evaluate,2.2604404672791687,0.1992,0.03984,0.2,0.06644429619746497,5000
225,0,evaluate,2.2254122329663626,0.2064,0.04128,0.2,0.06843501326259946,5000
225,1,evaluate,2.3867083320134803,0.0,0.0,0.0,0.0,5000
225,2,evaluate,2.2254122329663626,0.2064,0.04128,0.2,0.06843501326259946,5000
225,3,evaluate,2.3867083320134803,0.0,0.0,0.0,0.0,5000
225,4,evaluate,2.2254122329663626,0.2064,0.04128,0.2,0.06843501326259946,5000
225,5,evaluate,2.3867083320134803,0.0,0.0,0.0,0.0,5000
226,0,evaluate,2.3494788876062707,0.0,0.0,0.0,0.0,5000
226,1,evaluate,2.3494788876062707,0.0,0.0,0.0,0.0,5000
226,2,evaluate,2.258303518536725,0.2064,0.04128,0.2,0.06843501326259946,5000
226,3,evaluate,2.258303518536725,0.2064,0.04128,0.2,0.06843501326259946,5000
226,4,evaluate,2.258303518536725,0.2064,0.04128,0.2,0.06843501326259946,5000
226,5,evaluate,2.3494788876062707,0.0,0.0,0.0,0.0,5000
227,0,evaluate,2.2783158368702177,0.1856,0.03712,0.2,0.06261808367071525,5000
227,1,evaluate,2.3277546061745173,0.0,0.0,0.0,0.0,5000
227,2,evaluate,2.2783158368702177,0.1856,0.03712,0.2,0.06261808367071525,5000
227,3,evaluate,2.2783158368702177,0.1856,0.03712,0.2,0.06261808367071525,5000
227,4,evaluate,2.3277546061745173,0.0,0.0,0.0,0.0,5000
227,5,evaluate,2.3277546061745173,0.0,0.0,0.0,0.0,5000
228,0,evaluate,2.238438944273357,0.1962,0.039240000000000004,0.2,0.06560775790001672,5000
228,1,evaluate,2.238438944273357,0.1962,0.039240000000000004,0.2,0.06560775790001672,5000
228,2,evaluate,2.3722152015830895,0.0,0.0,0.0,0.0,5000
228,3,evaluate,2.238438944273357,0.1962,0.039240000000000004,0.2,0.06560775790001672,5000
228,4,evaluate,2.3722152015830895,0.0,0.0,0.0,0.0,5000
228,5,evaluate,2.3722152015830895,0.0,0.0,0.0,0.0,5000
229,0,evaluate,2.352266281465941,0.0,0.0,0.0,0.0,5000
229,1,evaluate,2.352266281465941,0.0,0.0,0.0,0.0,5000
229,2,evaluate,2.25674751438672,0.1962,0.039240000000000004,0.2,0.06560775790001672,5000
229,3,evaluate,2.25674751438672,0.1962,0.039240000000000004,0.2,0.06560775790001672,5000
229,4,evaluate,2.352266281465941,0.0,0.0,0.0,0.0,5000
229,5,evaluate,2.25674751438672,0.1962,0.039240000000000004,0.2,0.06560775790001672,5000
230,0,evaluate,2.3134366409688054,0.0,0.0,0.0,0.0,5000
230,1,evaluate,2.3134366409688054,0.0,0.0,0.0,0.0,5000
230,2,evaluate,2.292845858803278,0.1926,0.03852,0.2,0.06459835653194701,5000
230,3,evaluate,2.292845858803278,0.1926,0.03852,0.2,0.06459835653194701,5000
230,4,evaluate,2.292845858803278,0.1926,0.03852,0.2,0.06459835653194701,5000
230,5,evaluate,2.3134366409688054,0.0,0.0,0.0,0.0,5000
231,0,evaluate,2.2504481092283997,0.1966,0.03932,0.2,0.0657195386929634,5000
231,1,evaluate,2.2504481092283997,0.1966,0.03932,0.2,0.0657195386929634,5000
231,2,evaluate,2.358253361303595,0.0,0.0,0.0,0.0,5000
231,3,evaluate,2.358253361303595,0.0,0.0,0.0,0.0,5000
231,4,evaluate,2.2504481092283997,0.1966,0.03932,0.2,0.0657195386929634,5000
231,5,evaluate,2.358253361303595,0.0,0.0,0.0,0.0,5000
232,0,evaluate,2.351472586016112,0.0,0.0,0.0,0.0,5000
232,1,evaluate,2.256722767141801,0.1966,0.03932,0.2,0.0657195386929634,5000
232,2,evaluate,2.256722767141801,0.1966,0.03932,0.2,0.0657195386929634,5000
232,3,evaluate,2.256722767141801,0.1966,0.03932,0.2,0.0657195386929634,5000
232,4,evaluate,2.351472586016112,0.0,0.0,0.0,0.0,5000
232,5,evaluate,2.351472586016112,0.0,0.0,0.0,0.0,5000
233,0,evaluate,2.301514308663863,0.2064,0.04128,0.2,0.06843501326259946,5000
233,1,evaluate,2.301514308663863,0.2064,0.04128,0.2,0.06843501326259946,5000
233,2,evaluate,2.304081159301951,0.0,0.0,0.0,0.0,5000
233,3,evaluate,2.301514308663863,0.2064,0.04128,0.2,0.06843501326259946,5000
233,4,evaluate,2.304081159301951,0.0,0.0,0.0,0.0,5000
233,5,evaluate,2.304081159301951,0.0,0.0,0.0,0.0,5000
234,0,evaluate,2.3447261882733694,0.0,0.0,0.0,0.0,5000
234,1,evaluate,2.2622784662850295,0.2018,0.04036,0.2,0.0671659177899817,5000
234,2,evaluate,2.2622784662850295,0.2018,0.04036,0.2,0.0671659177899817,5000
234,3,evaluate,2.3447261882733694,0.0,0.0,0.0,0.0,5000
234,4,evaluate,2.2622784662850295,0.2018,0.04036,0.2,0.0671659177899817,5000
234,5,evaluate,2.3447261882733694,0.0,0.0,0.0,0.0,5000
235,0,evaluate,2.348167555241645,0.0,0.0,0.0,0.0,5000
235,1,evaluate,2.348167555241645,0.0,0.0,0.0,0.0,5000
235,2,evaluate,2.260067287879654,0.2018,0.04036,0.2,0.0671659177899817,5000
235,3,evaluate,2.348167555241645,0.0,0.0,0.0,0.0,5000
235,4,evaluate,2.260067287879654,0.2018,0.04036,0.2,0.0671659177899817,5000
235,5,evaluate,2.260067287879654,0.2018,0.04036,0.2,0.0671659177899817,5000
236,0,evaluate,2.294190660307679,0.1962,0.039240000000000004,0.2,0.06560775790001672,5000
236,1,evaluate,2.294190660307679,0.1962,0.039240000000000004,0.2,0.06560775790001672,5000
236,2,evaluate,2.312233813201325,0.0,0.0,0.0,0.0,5000
236,3,evaluate,2.294190660307679,0.1962,0.039240000000000004,0.2,0.06560775790001672,5000
236,4,evaluate,2.312233813201325,0.0,0.0,0.0,0.0,5000
236,5,evaluate,2.312233813201325,0.0,0.0,0.0,0.0,5000
237,0,evaluate,2.333927172648756,0.0,0.0,0.0,0.0,5000
237,1,evaluate,2.333927172648756,0.0,0.0,0.0,0.0,5000
237,2,evaluate,2.273160336892816,0.1926,0.03852,0.2,0.06459835653194701,5000
237,3,evaluate,2.273160336892816,0.1926,0.03852,0.2,0.06459835653194701,5000
237,4,evaluate,2.273160336892816,0.1926,0.03852,0.2,0.06459835653194701,5000
237,5,evaluate,2.333927172648756,0.0,0.0,0.0,0.0,5000
238,0,evaluate,2.3437795940833754,0.0,0.0,0.0,0.0,5000
238,1,evaluate,2.3437795940833754,0.0,0.0,0.0,0.0,5000
238,2,evaluate,2.263898997367183,0.1966,0.03932,0.2,0.0657195386929634,5000
238,3,evaluate,2.263898997367183,0.1966,0.03932,0.2,0.0657195386929634,5000
238,4,evaluate,2.3437795940833754,0.0,0.0,0.0,0.0,5000
238,5,evaluate,2.263898997367183,0.1966,0.03932,0.2,0.0657195386929634,5000
239,0,evaluate,2.288232251058651,0.1966,0.03932,0.2,0.0657195386929634,5000
239,1,evaluate,2.288232251058651,0.1966,0.03932,0.2,0.0657195386929634,5000
239,2,evaluate,2.3173524609094933,0.0,0.0,0.0,0.0,5000
239,3,evaluate,2.3173524609094933,0.0,0.0,0.0,0.0,5000
239,4,evaluate,2.3173524609094933,0.0,0.0,0.0,0.0,5000
239,5,evaluate,2.288232251058651,0.1966,0.03932,0.2,0.0657195386929634,5000
240,0,evaluate,2.3235015265549284,0.0,0.0,0.0,0.0,5000
240,1,evaluate,2.3235015265549284,0.0,0.0,0.0,0.0,5000
240,2,evaluate,2.282294650621052,0.2012,0.04024,0.2,0.066999666999667,5000
240,3,evaluate,2.282294650621052,0.2012,0.04024,0.2,0.066999666999667,5000
240,4,evaluate,2.3235015265549284,0.0,0.0,0.0,0.0,5000
240,5,evaluate,2.282294650621052,0.2012,0.04024,0.2,0.066999666999667,5000
241,0,evaluate,2.2691221870953524,0.1856,0.03712,0.2,0.06261808367071525,5000
241,1,evaluate,2.3383178499680533,0.0,0.0,0.0,0.0,5000
241,2,evaluate,2.3383178499680533,0.0,0.0,0.0,0.0,5000
241,3,evaluate,2.2691221870953524,0.1856,0.03712,0.2,0.06261808367071525,5000
241,4,evaluate,2.3383178499680533,0.0,0.0,0.0,0.0,5000
241,5,evaluate,2.2691221870953524,0.1856,0.03712,0.2,0.06261808367071525,5000
242,0,evaluate,2.3211555752573134,0.0,0.0,0.0,0.0,5000
242,1,evaluate,2.3211555752573134,0.0,0.0,0.0,0.0,5000
242,2,evaluate,2.3211555752573134,0.0,0.0,0.0,0.0,5000
242,3,evaluate,2.2859048269972018,0.1856,0.03712,0.2,0.06261808367071525,5000
242,4,evaluate,2.2859048269972018,0.1856,0.03712,0.2,0.06261808367071525,5000
242,5,evaluate,2.2859048269972018,0.1856,0.03712,0.2,0.06261808367071525,5000
243,0,evaluate,2.290432896795152,0.1926,0.03852,0.2,0.06459835653194701,5000
243,1,evaluate,2.290432896795152,0.1926,0.03852,0.2,0.06459835653194701,5000
243,2,evaluate,2.3160735021663617,0.0,0.0,0.0,0.0,5000
243,3,evaluate,2.290432896795152,0.1926,0.03852,0.2,0.06459835653194701,5000
243,4,evaluate,2.3160735021663617,0.0,0.0,0.0,0.0,5000
243,5,evaluate,2.3160735021663617,0.0,0.0,0.0,0.0,5000
244,0,evaluate,2.332847042928768,0.0,0.0,0.0,0.0,5000
244,1,evaluate,2.2739388459845435,0.1966,0.03932,0.2,0.0657195386929634,5000
244,2,evaluate,2.2739388459845435,0.1966,0.03932,0.2,0.0657195386929634,5000
244,3,evaluate,2.2739388459845435,0.1966,0.03932,0.2,0.0657195386929634,5000
244,4,evaluate,2.332847042928768,0.0,0.0,0.0,0.0,5000
244,5,evaluate,2.332847042928768,0.0,0.0,0.0,0.0,5000
245,0,evaluate,2.3224465605578843,0.0,0.0,0.0,0.0,5000
245,1,evaluate,2.2835152390636977,0.1966,0.03932,0.2,0.0657195386929634,5000
245,2,evaluate,2.2835152390636977,0.1966,0.03932,0.2,0.0657195386929634,5000
245,3,evaluate,2.3224465605578843,0.0,0.0,0.0,0.0,5000
245,4,evaluate,2.3224465605578843,0.0,0.0,0.0,0.0,5000
245,5,evaluate,2.2835152390636977,0.1966,0.03932,0.2,0.0657195386929634,5000
246,0,evaluate,2.308706162851068,0.0,0.0,0.0,0.0,5000
246,1,evaluate,2.2969843858405006,0.1856,0.03712,0.2,0.06261808367071525,5000
246,2,evaluate,2.308706162851068,0.0,0.0,0.0,0.0,5000
246,3,evaluate,2.308706162851068,0.0,0.0,0.0,0.0,5000
246,4,evaluate,2.2969843858405006,0.1856,0.03712,0.2,0.06261808367071525,5000
246,5,evaluate,2.2969843858405006,0.1856,0.03712,0.2,0.06261808367071525,5000
247,0,evaluate,2.2796079780482037,0.1856,0.03712,0.2,0.06261808367071525,5000
247,1,evaluate,2.326776220828672,0.0,0.0,0.0,0.0,5000
247,2,evaluate,2.326776220828672,0.0,0.0,0.0,0.0,5000
247,3,evaluate,2.2796079780482037,0.1856,0.03712,0.2,0.06261808367071525,5000
247,4,evaluate,2.326776220828672,0.0,0.0,0.0,0.0,5000
247,5,evaluate,2.2796079780482037,0.1856,0.03712,0.2,0.06261808367071525,5000
248,0,evaluate,2.3224698561656325,0.0,0.0,0.0,0.0,5000
248,1,evaluate,2.3224698561656325,0.0,0.0,0.0,0.0,5000
248,2,evaluate,2.283687135841273,0.1856,0.03712,0.2,0.06261808367071525,5000
248,3,evaluate,2.283687135841273,0.1856,0.03712,0.2,0.06261808367071525,5000
248,4,evaluate,2.283687135841273,0.1856,0.03712,0.2,0.06261808367071525,5000
248,5,evaluate,2.3224698561656325,0.0,0.0,0.0,0.0,5000
249,0,evaluate,2.3018270534805105,0.2064,0.04128,0.2,0.06843501326259946,5000
249,1,evaluate,2.3018270534805105,0.2064,0.04128,0.2,0.06843501326259946,5000
249,2,evaluate,2.3042184763316866,0.0,0.0,0.0,0.0,5000
249,3,evaluate,2.3042184763316866,0.0,0.0,0.0,0.0,5000
249,4,evaluate,2.3018270534805105,0.2064,0.04128,0.2,0.06843501326259946,5000
249,5,evaluate,2.3042184763316866,0.0,0.0,0.0,0.0,5000
250,0,evaluate,2.284319856498815,0.1926,0.03852,0.2,0.06459835653194701,5000
250,1,evaluate,2.284319856498815,0.1926,0.03852,0.2,0.06459835653194701,5000
250,2,evaluate,2.284319856498815,0.1926,0.03852,0.2,0.06459835653194701,5000
250,3,evaluate,2.321977168698854,0.0,0.0,0.0,0.0,5000
250,4,evaluate,2.321977168698854,0.0,0.0,0.0,0.0,5000
250,5,evaluate,2.321977168698854,0.0,0.0,0.0,0.0,5000
251,0,evaluate,2.2842683611036856,0.1966,0.03932,0.2,0.0657195386929634,5000
251,1,evaluate,2.321864716614349,0.0,0.0,0.0,0.0,5000
251,2,evaluate,2.321864716614349,0.0,0.0,0.0,0.0,5000
251,3,evaluate,2.2842683611036856,0.1966,0.03932,0.2,0.0657195386929634,5000
251,4,evaluate,2.321864716614349,0.0,0.0,0.0,0.0,5000
251,5,evaluate,2.2842683611036856,0.1966,0.03932,0.2,0.0657195386929634,5000
252,0,evaluate,2.3059795657290687,0.0,0.0,0.0,0.0,5000
252,1,evaluate,2.3059795657290687,0.0,0.0,0.0,0.0,5000
252,2,evaluate,2.2998536749731135,0.1966,0.03932,0.2,0.0657195386929634,5000
252,3,evaluate,2.2998536749731135,0.1966,0.03932,0.2,0.0657195386929634,5000
252,4,evaluate,2.2998536749731135,0.1966,0.03932,0.2,0.0657195386929634,5000
252,5,evaluate,2.3059795657290687,0.0,0.0,0.0,0.0,5000
253,0,evaluate,2.2897582446472553,0.1962,0.039240000000000004,0.2,0.06560775790001672,5000
253,1,evaluate,2.2897582446472553,0.1962,0.039240000000000004,0.2,0.06560775790001672,5000
253,2,evaluate,2.316555575479435,0.0,0.0,0.0,0.0,5000
253,3,evaluate,2.316555575479435,0.0,0.0,0.0,0.0,5000
253,4,evaluate,2.2897582446472553,0.1962,0.039240000000000004,0.2,0.06560775790001672,5000
253,5,evaluate,2.316555575479435,0.0,0.0,0.0,0.0,5000
254,0,evaluate,2.2864526404610164,0.1962,0.039240000000000004,0.2,0.06560775790001672,5000
254,1,evaluate,2.2864526404610164,0.1962,0.039240000000000004,0.2,0.06560775790001672,5000
254,2,evaluate,2.320142241972911,0.0,0.0,0.0,0.0,5000
254,3,evaluate,2.320142241972911,0.0,0.0,0.0,0.0,5000
254,4,evaluate,2.2864526404610164,0.1962,0.039240000000000004,0.2,0.06560775790001672,5000
254,5,evaluate,2.320142241972911,0.0,0.0,0.0,0.0,5000
255,0,evaluate,2.308467469637907,0.1926,0.03852,0.2,0.06459835653194701,5000
255,1,evaluate,2.2976703704157964,0.0,0.0,0.0,0.0,5000
255,2,evaluate,2.308467469637907,0.1926,0.03852,0.2,0.06459835653194701,5000
255,3,evaluate,2.2976703704157964,0.0,0.0,0.0,0.0,5000
255,4,evaluate,2.2976703704157964,0.0,0.0,0.0,0.0,5000
255,5,evaluate,2.308467469637907,0.1926,0.03852,0.2,0.06459835653194701,5000
256,0,evaluate,2.31263448920431,0.0,0.0,0.0,0.0,5000
256,1,evaluate,2.31263448920431,0.0,0.0,0.0,0.0,5000
256,2,evaluate,2.293227563930463,0.1926,0.03852,0.2,0.06459835653194701,5000
256,3,evaluate,2.31263448920431,0.0,0.0,0.0,0.0,5000
256,4,evaluate,2.293227563930463,0.1926,0.03852,0.2,0.06459835653194701,5000
256,5,evaluate,2.293227563930463,0.1926,0.03852,0.2,0.06459835653194701,5000
257,0,evaluate,2.3179056855696665,0.0,0.0,0.0,0.0,5000
257,1,evaluate,2.3179056855696665,0.0,0.0,0.0,0.0,5000
257,2,evaluate,2.3179056855696665,0.0,0.0,0.0,0.0,5000
257,3,evaluate,2.287632444236852,0.2064,0.04128,0.2,0.06843501326259946,5000
257,4,evaluate,2.287632444236852,0.2064,0.04128,0.2,0.06843501326259946,5000
257,5,evaluate,2.287632444236852,0.2064,0.04128,0.2,0.06843501326259946,5000
258,0,evaluate,2.309972237937058,0.0,0.0,0.0,0.0,5000
258,1,evaluate,2.309972237937058,0.0,0.0,0.0,0.0,5000
258,2,evaluate,2.295309175418902,0.2052,0.04104,0.2,0.06810487885828079,5000
258,3,evaluate,2.309972237937058,0.0,0.0,0.0,0.0,5000
258,4,evaluate,2.295309175418902,0.2052,0.04104,0.2,0.06810487885828079,5000
258,5,evaluate,2.295309175418902,0.2052,0.04104,0.2,0.06810487885828079,5000
259,0,evaluate,2.3087057554269137,0.1966,0.03932,0.2,0.0657195386929634,5000
259,1,evaluate,2.2969188328030743,0.0,0.0,0.0,0.0,5000
259,2,evaluate,2.2969188328030743,0.0,0.0,0.0,0.0,5000
259,3,evaluate,2.3087057554269137,0.1966,0.03932,0.2,0.0657195386929634,5000
259,4,evaluate,2.2969188328030743,0.0,0.0,0.0,0.0,5000
259,5,evaluate,2.3087057554269137,0.1966,0.03932,0.2,0.0657195386929634,5000
260,0,evaluate,2.31584713730631,0.0,0.0,0.0,0.0,5000
260,1,evaluate,2.290437505215029,0.1962,0.039240000000000004,0.2,0.06560775790001672,5000
260,2,evaluate,2.290437505215029,0.1962,0.039240000000000004,0.2,0.06560775790001672,5000
260,3,evaluate,2.31584713730631,0.0,0.0,0.0,0.0,5000
260,4,evaluate,2.290437505215029,0.1962,0.039240000000000004,0.2,0.06560775790001672,5000
260,5,evaluate,2.31584713730631,0.0,0.0,0.0,0.0,5000
261,0,evaluate,2.311340959766243,0.1926,0.03852,0.2,0.06459835653194701,5000
261,1,evaluate,2.311340959766243,0.1926,0.03852,0.2,0.06459835653194701,5000
261,2,evaluate,2.295646356630929,0.0,0.0,0.0,0.0,5000
261,3,evaluate,2.311340959766243,0.1926,0.03852,0.2,0.06459835653194701,5000
261,4,evaluate,2.295646356630929,0.0,0.0,0.0,0.0,5000
261,5,evaluate,2.295646356630929,0.0,0.0,0.0,0.0,5000
262,0,evaluate,2.3002396867245056,0.1926,0.03852,0.2,0.06459835653194701,5000
262,1,evaluate,2.3002396867245056,0.1926,0.03852,0.2,0.06459835653194701,5000
262,2,evaluate,2.306655379790294,0.0,0.0,0.0,0.0,5000
262,3,evaluate,2.306655379790294,0.0,0.0,0.0,0.0,5000
262,4,evaluate,2.3002396867245056,0.1926,0.03852,0.2,0.06459835653194701,5000
262,5,evaluate,2.306655379790294,0.0,0.0,0.0,0.0,5000
263,0,evaluate,2.2926546621926223,0.1926,0.03852,0.2,0.06459835653194701,5000
263,1,evaluate,2.2926546621926223,0.1926,0.03852,0.2,0.06459835653194701,5000
263,2,evaluate,2.3135924128037466,0.0,0.0,0.0,0.0,5000
263,3,evaluate,2.3135924128037466,0.0,0.0,0.0,0.0,5000
263,4,evaluate,2.3135924128037466,0.0,0.0,0.0,0.0,5000
263,5,evaluate,2.2926546621926223,0.1926,0.03852,0.2,0.06459835653194701,5000
264,0,evaluate,2.3113387385501136,0.0,0.0,0.0,0.0,5000
264,1,evaluate,2.294653551487983,0.1966,0.03932,0.2,0.0657195386929634,5000
264,2,evaluate,2.294653551487983,0.1966,0.03932,0.2,0.0657195386929634,5000
264,3,evaluate,2.3113387385501136,0.0,0.0,0.0,0.0,5000
264,4,evaluate,2.3113387385501136,0.0,0.0,0.0,0.0,5000
264,5,evaluate,2.294653551487983,0.1966,0.03932,0.2,0.0657195386929634,5000
265,0,evaluate,2.303534785403481,0.1966,0.03932,0.2,0.0657195386929634,5000
265,1,evaluate,2.303534785403481,0.1966,0.03932,0.2,0.0657195386929634,5000
265,2,evaluate,2.3025797379167776,0.0,0.0,0.0,0.0,5000
265,3,evaluate,2.3025797379167776,0.0,0.0,0.0,0.0,5000
265,4,evaluate,2.303534785403481,0.1966,0.03932,0.2,0.0657195386929634,5000
265,5,evaluate,2.3025797379167776,0.0,0.0,0.0,0.0,5000
266,0,evaluate,2.3109508526476126,0.0,0.0,0.0,0.0,5000
266,1,evaluate,2.2949577735949167,0.1962,0.039240000000000004,0.2,0.06560775790001672,5000
266,2,evaluate,2.3109508526476126,0.0,0.0,0.0,0.0,5000
266,3,evaluate,2.3109508526476126,0.0,0.0,0.0,0.0,5000
266,4,evaluate,2.2949577735949167,0.1962,0.039240000000000004,0.2,0.06560775790001672,5000
266,5,evaluate,2.2949577735949167,0.1962,0.039240000000000004,0.2,0.06560775790001672,5000
267,0,evaluate,2.2956828256196613,0.1962,0.039240000000000004,0.2,0.06560775790001672,5000
267,1,evaluate,2.310936073713665,0.0,0.0,0.0,0.0,5000
267,2,evaluate,2.2956828256196613,0.1962,0.039240000000000004,0.2,0.06560775790001672,5000
267,3,evaluate,2.310936073713665,0.0,0.0,0.0,0.0,5000
267,4,evaluate,2.310936073713665,0.0,0.0,0.0,0.0,5000
267,5,evaluate,2.2956828256196613,0.1962,0.039240000000000004,0.2,0.06560775790001672,5000
268,0,evaluate,2.304115515720995,0.1926,0.03852,0.2,0.06459835653194701,5000
268,1,evaluate,2.304115515720995,0.1926,0.03852,0.2,0.06459835653194701,5000
268,2,evaluate,2.302794622469552,0.0,0.0,0.0,0.0,5000
268,3,evaluate,2.302794622469552,0.0,0.0,0.0,0.0,5000
268,4,evaluate,2.304115515720995,0.1926,0.03852,0.2,0.06459835653194701,5000
268,5,evaluate,2.302794622469552,0.0,0.0,0.0,0.0,5000
269,0,evaluate,2.3093267754663396,0.0,0.0,0.0,0.0,5000
269,1,evaluate,2.2966444794135756,0.2064,0.04128,0.2,0.06843501326259946,5000
269,2,evaluate,2.3093267754663396,0.0,0.0,0.0,0.0,5000
269,3,evaluate,2.2966444794135756,0.2064,0.04128,0.2,0.06843501326259946,5000
269,4,evaluate,2.3093267754663396,0.0,0.0,0.0,0.0,5000
269,5,evaluate,2.2966444794135756,0.2064,0.04128,0.2,0.06843501326259946,5000
270,0,evaluate,2.3100468357907067,0.0,0.0,0.0,0.0,5000
270,1,evaluate,2.3100468357907067,0.0,0.0,0.0,0.0,5000
270,2,evaluate,2.295201081263868,0.2052,0.04104,0.2,0.06810487885828079,5000
270,3,evaluate,2.295201081263868,0.2052,0.04104,0.2,0.06810487885828079,5000
270,4,evaluate,2.295201081263868,0.2052,0.04104,0.2,0.06810487885828079,5000
270,5,evaluate,2.3100468357907067,0.0,0.0,0.0,0.0,5000
271,0,evaluate,2.3049135389207285,0.0,0.0,0.0,0.0,5000
271,1,evaluate,2.300478778307951,0.2052,0.04104,0.2,0.06810487885828079,5000
271,2,evaluate,2.300478778307951,0.2052,0.04104,0.2,0.06810487885828079,5000
271,3,evaluate,2.3049135389207285,0.0,0.0,0.0,0.0,5000
271,4,evaluate,2.3049135389207285,0.0,0.0,0.0,0.0,5000
271,5,evaluate,2.300478778307951,0.2052,0.04104,0.2,0.06810487885828079,5000
272,0,evaluate,2.298546972154062,0.0,0.0,0.0,0.0,5000
272,1,evaluate,2.3070735539062115,0.1966,0.03932,0.2,0.0657195386929634,5000
272,2,evaluate,2.298546972154062,0.0,0.0,0.0,0.0,5000
272,3,evaluate,2.3070735539062115,0.1966,0.03932,0.2,0.0657195386929634,5000
272,4,evaluate,2.3070735539062115,0.1966,0.03932,0.2,0.0657195386929634,5000
272,5,evaluate,2.298546972154062,0.0,0.0,0.0,0.0,5000
273,0,evaluate,2.296969456008718,0.1856,0.03712,0.2,0.06261808367071525,5000
273,1,evaluate,2.3095926846129986,0.0,0.0,0.0,0.0,5000
273,2,evaluate,2.3095926846129986,0.0,0.0,0.0,0.0,5000
273,3,evaluate,2.296969456008718,0.1856,0.03712,0.2,0.06261808367071525,5000
273,4,evaluate,2.296969456008718,0.1856,0.03712,0.2,0.06261808367071525,5000
273,5,evaluate,2.3095926846129986,0.0,0.0,0.0,0.0,5000
274,0,evaluate,2.301025831246678,0.0,0.0,0.0,0.0,5000
274,1,evaluate,2.3062761222259907,0.1926,0.03852,0.2,0.06459835653194701,5000
274,2,evaluate,2.3062761222259907,0.1926,0.03852,0.2,0.06459835653194701,5000
274,3,evaluate,2.301025831246678,0.0,0.0,0.0,0.0,5000
274,4,evaluate,2.3062761222259907,0.1926,0.03852,0.2,0.06459835653194701,5000
274,5,evaluate,2.301025831246678,0.0,0.0,0.0,0.0,5000
275,0,evaluate,2.3063329322428645,0.0,0.0,0.0,0.0,5000
275,1,evaluate,2.3063329322428645,0.0,0.0,0.0,0.0,5000
275,2,evaluate,2.3003277838984624,0.1926,0.03852,0.2,0.06459835653194701,5000
275,3,evaluate,2.3003277838984624,0.1926,0.03852,0.2,0.06459835653194701,5000
275,4,evaluate,2.3063329322428645,0.0,0.0,0.0,0.0,5000
275,5,evaluate,2.3003277838984624,0.1926,0.03852,0.2,0.06459835653194701,5000
276,0,evaluate,2.3083313265933265,0.0,0.0,0.0,0.0,5000
276,1,evaluate,2.2971689369105084,0.2052,0.04104,0.2,0.06810487885828079,5000
276,2,evaluate,2.2971689369105084,0.2052,0.04104,0.2,0.06810487885828079,5000
276,3,evaluate,2.2971689369105084,0.2052,0.04104,0.2,0.06810487885828079,5000
276,4,evaluate,2.3083313265933265,0.0,0.0,0.0,0.0,5000
276,5,evaluate,2.3083313265933265,0.0,0.0,0.0,0.0,5000
277,0,evaluate,2.2992893563041203,0.1966,0.03932,0.2,0.0657195386929634,5000
277,1,evaluate,2.306013683729534,0.0,0.0,0.0,0.0,5000
277,2,evaluate,2.306013683729534,0.0,0.0,0.0,0.0,5000
277,3,evaluate,2.306013683729534,0.0,0.0,0.0,0.0,5000
277,4,evaluate,2.2992893563041203,0.1966,0.03932,0.2,0.0657195386929634,5000
277,5,evaluate,2.2992893563041203,0.1966,0.03932,0.2,0.0657195386929634,5000
278,0,evaluate,2.301692615581464,0.1962,0.039240000000000004,0.2,0.06560775790001672,5000
278,1,evaluate,2.301692615581464,0.1962,0.039240000000000004,0.2,0.06560775790001672,5000
278,2,evaluate,2.3043020918399475,0.0,0.0,0.0,0.0,5000
278,3,evaluate,2.301692615581464,0.1962,0.039240000000000004,0.2,0.06560775790001672,5000
278,4,evaluate,2.3043020918399475,0.0,0.0,0.0,0.0,5000
278,5,evaluate,2.3043020918399475,0.0,0.0,0.0,0.0,5000
279,0,evaluate,2.307432892956311,0.1992,0.03984,0.2,0.06644429619746497,5000
279,1,evaluate,2.298889193353774,0.0,0.0,0.0,0.0,5000
279,2,evaluate,2.298889193353774,0.0,0.0,0.0,0.0,5000
279,3,evaluate,2.307432892956311,0.1992,0.03984,0.2,0.06644429619746497,5000
279,4,evaluate,2.307432892956311,0.1992,0.03984,0.2,0.06644429619746497,5000
279,5,evaluate,2.298889193353774,0.0,0.0,0.0,0.0,5000
280,0,evaluate,2.299914025053193,0.1856,0.03712,0.2,0.06261808367071525,5000
280,1,evaluate,2.306390291527857,0.0,0.0,0.0,0.0,5000
280,2,evaluate,2.299914025053193,0.1856,0.03712,0.2,0.06261808367071525,5000
280,3,evaluate,2.306390291527857,0.0,0.0,0.0,0.0,5000
280,4,evaluate,2.306390291527857,0.0,0.0,0.0,0.0,5000
280,5,evaluate,2.299914025053193,0.1856,0.03712,0.2,0.06261808367071525,5000
281,0,evaluate,2.3026184130318557,0.1926,0.03852,0.2,0.06459835653194701,5000
281,1,evaluate,2.3036858401721036,0.0,0.0,0.0,0.0,5000
281,2,evaluate,2.3036858401721036,0.0,0.0,0.0,0.0,5000
281,3,evaluate,2.3036858401721036,0.0,0.0,0.0,0.0,5000
281,4,evaluate,2.3026184130318557,0.1926,0.03852,0.2,0.06459835653194701,5000
281,5,evaluate,2.3026184130318557,0.1926,0.03852,0.2,0.06459835653194701,5000
282,0,evaluate,2.29942834226391,0.1926,0.03852,0.2,0.06459835653194701,5000
282,1,evaluate,2.29942834226391,0.1926,0.03852,0.2,0.06459835653194701,5000
282,2,evaluate,2.306446328947816,0.0,0.0,0.0,0.0,5000
282,3,evaluate,2.29942834226391,0.1926,0.03852,0.2,0.06459835653194701,5000
282,4,evaluate,2.306446328947816,0.0,0.0,0.0,0.0,5000
282,5,evaluate,2.306446328947816,0.0,0.0,0.0,0.0,5000
283,0,evaluate,2.3062212889707543,0.0,0.0,0.0,0.0,5000
283,1,evaluate,2.2995405770555326,0.1966,0.03932,0.2,0.0657195386929634,5000
283,2,evaluate,2.2995405770555326,0.1966,0.03932,0.2,0.0657195386929634,5000
283,3,evaluate,2.2995405770555326,0.1966,0.03932,0.2,0.0657195386929634,5000
283,4,evaluate,2.3062212889707543,0.0,0.0,0.0,0.0,5000
283,5,evaluate,2.3062212889707543,0.0,0.0,0.0,0.0,5000
284,0,evaluate,2.3024945228914673,0.1966,0.03932,0.2,0.0657195386929634,5000
284,1,evaluate,2.3024945228914673,0.1966,0.03932,0.2,0.0657195386929634,5000
284,2,evaluate,2.3024945228914673,0.1966,0.03932,0.2,0.0657195386929634,5000
284,3,evaluate,2.3033099265038213,0.0,0.0,0.0,0.0,5000
284,4,evaluate,2.3033099265038213,0.0,0.0,0.0,0.0,5000
284,5,evaluate,2.3033099265038213,0.0,0.0,0.0,0.0,5000
285,0,evaluate,2.305488369132899,0.0,0.0,0.0,0.0,5000
285,1,evaluate,2.3006738016876995,0.1962,0.039240000000000004,0.2,0.06560775790001672,5000
285,2,evaluate,2.305488369132899,0.0,0.0,0.0,0.0,5000
285,3,evaluate,2.3006738016876995,0.1962,0.039240000000000004,0.2,0.06560775790001672,5000
285,4,evaluate,2.3006738016876995,0.1962,0.039240000000000004,0.2,0.06560775790001672,5000
285,5,evaluate,2.305488369132899,0.0,0.0,0.0,0.0,5000
286,0,evaluate,2.306087008005456,0.0,0.0,0.0,0.0,5000
286,1,evaluate,2.306087008005456,0.0,0.0,0.0,0.0,5000
286,2,evaluate,2.3006740944294988,0.1962,0.039240000000000004,0.2,0.06560775790001672,5000
286,3,evaluate,2.3006740944294988,0.1962,0.039240000000000004,0.2,0.06560775790001672,5000
286,4,evaluate,2.306087008005456,0.0,0.0,0.0,0.0,5000
286,5,evaluate,2.3006740944294988,0.1962,0.039240000000000004,0.2,0.06560775790001672,5000
287,0,evaluate,2.303857948206648,0.1926,0.03852,0.2,0.06459835653194701,5000
287,1,evaluate,2.3024297273611722,0.0,0.0,0.0,0.0,5000
287,2,evaluate,2.303857948206648,0.1926,0.03852,0.2,0.06459835653194701,5000
287,3,evaluate,2.3024297273611722,0.0,0.0,0.0,0.0,5000
287,4,evaluate,2.3024297273611722,0.0,0.0,0.0,0.0,5000
287,5,evaluate,2.303857948206648,0.1926,0.03852,0.2,0.06459835653194701,5000
288,0,evaluate,2.301049392434615,0.1926,0.03852,0.2,0.06459835653194701,5000
288,1,evaluate,2.304485978959482,0.0,0.0,0.0,0.0,5000
288,2,evaluate,2.304485978959482,0.0,0.0,0.0,0.0,5000
288,3,evaluate,2.304485978959482,0.0,0.0,0.0,0.0,5000
288,4,evaluate,2.301049392434615,0.1926,0.03852,0.2,0.06459835653194701,5000
288,5,evaluate,2.301049392434615,0.1926,0.03852,0.2,0.06459835653194701,5000
289,0,evaluate,2.3051328296902813,0.0,0.0,0.0,0.0,5000
289,1,evaluate,2.300150874294812,0.1966,0.03932,0.2,0.0657195386929634,5000
289,2,evaluate,2.3051328296902813,0.0,0.0,0.0,0.0,5000
289,3,evaluate,2.300150874294812,0.1966,0.03932,0.2,0.0657195386929634,5000
289,4,evaluate,2.3051328296902813,0.0,0.0,0.0,0.0,5000
289,5,evaluate,2.300150874294812,0.1966,0.03932,0.2,0.0657195386929634,5000
290,0,evaluate,2.301589021199866,0.1966,0.03932,0.2,0.0657195386929634,5000
290,1,evaluate,2.303823440889769,0.0,0.0,0.0,0.0,5000
290,2,evaluate,2.301589021199866,0.1966,0.03932,0.2,0.0657195386929634,5000
290,3,evaluate,2.303823440889769,0.0,0.0,0.0,0.0,5000
290,4,evaluate,2.303823440889769,0.0,0.0,0.0,0.0,5000
290,5,evaluate,2.301589021199866,0.1966,0.03932,0.2,0.0657195386929634,5000
291,0,evaluate,2.302127503141572,0.1962,0.039240000000000004,0.2,0.06560775790001672,5000
291,1,evaluate,2.302127503141572,0.1962,0.039240000000000004,0.2,0.06560775790001672,5000
291,2,evaluate,2.3040441923503634,0.0,0.0,0.0,0.0,5000
291,3,evaluate,2.302127503141572,0.1962,0.039240000000000004,0.2,0.06560775790001672,5000
291,4,evaluate,2.3040441923503634,0.0,0.0,0.0,0.0,5000
291,5,evaluate,2.3040441923503634,0.0,0.0,0.0,0.0,5000
292,0,evaluate,2.301517513733876,0.1962,0.039240000000000004,0.2,0.06560775790001672,5000
292,1,evaluate,2.301517513733876,0.1962,0.039240000000000004,0.2,0.06560775790001672,5000
292,2,evaluate,2.301517513733876,0.1962,0.039240000000000004,0.2,0.06560775790001672,5000
292,3,evaluate,2.3052018654497366,0.0,0.0,0.0,0.0,5000
292,4,evaluate,2.3052018654497366,0.0,0.0,0.0,0.0,5000
292,5,evaluate,2.3052018654497366,0.0,0.0,0.0,0.0,5000
293,0,evaluate,2.304196553894236,0.0,0.0,0.0,0.0,5000
293,1,evaluate,2.3022814038433608,0.1856,0.03712,0.2,0.06261808367071525,5000
293,2,evaluate,2.3022814038433608,0.1856,0.03712,0.2,0.06261808367071525,5000
293,3,evaluate,2.3022814038433608,0.1856,0.03712,0.2,0.06261808367071525,5000
293,4,evaluate,2.304196553894236,0.0,0.0,0.0,0.0,5000
293,5,evaluate,2.304196553894236,0.0,0.0,0.0,0.0,5000
294,0,evaluate,2.304057724868195,0.1856,0.03712,0.2,0.06261808367071525,5000
294,1,evaluate,2.304057724868195,0.1856,0.03712,0.2,0.06261808367071525,5000
294,2,evaluate,2.302163078815122,0.0,0.0,0.0,0.0,5000
294,3,evaluate,2.302163078815122,0.0,0.0,0.0,0.0,5000
294,4,evaluate,2.304057724868195,0.1856,0.03712,0.2,0.06261808367071525,5000
294,5,evaluate,2.302163078815122,0.0,0.0,0.0,0.0,5000
295,0,evaluate,2.3008209874358356,0.0,0.0,0.0,0.0,5000
295,1,evaluate,2.3049348064615756,0.1856,0.03712,0.2,0.06261808367071525,5000
295,2,evaluate,2.3049348064615756,0.1856,0.03712,0.2,0.06261808367071525,5000
295,3,evaluate,2.3008209874358356,0.0,0.0,0.0,0.0,5000
295,4,evaluate,2.3008209874358356,0.0,0.0,0.0,0.0,5000
295,5,evaluate,2.3049348064615756,0.1856,0.03712,0.2,0.06261808367071525,5000
296,0,evaluate,2.304283178305324,0.1856,0.03712,0.2,0.06261808367071525,5000
296,1,evaluate,2.3011052548130855,0.0,0.0,0.0,0.0,5000
296,2,evaluate,2.304283178305324,0.1856,0.03712,0.2,0.06261808367071525,5000
296,3,evaluate,2.3011052548130855,0.0,0.0,0.0,0.0,5000
296,4,evaluate,2.3011052548130855,0.0,0.0,0.0,0.0,5000
296,5,evaluate,2.304283178305324,0.1856,0.03712,0.2,0.06261808367071525,5000
297,0,evaluate,2.3027077747296683,0.1962,0.039240000000000004,0.2,0.06560775790001672,5000
297,1,evaluate,2.3028289245653757,0.0,0.0,0.0,0.0,5000
297,2,evaluate,2.3028289245653757,0.0,0.0,0.0,0.0,5000
297,3,evaluate,2.3027077747296683,0.1962,0.039240000000000004,0.2,0.06560775790001672,5000
297,4,evaluate,2.3028289245653757,0.0,0.0,0.0,0.0,5000
297,5,evaluate,2.3027077747296683,0.1962,0.039240000000000004,0.2,0.06560775790001672,5000
298,0,evaluate,2.304695512675032,0.0,0.0,0.0,0.0,5000
298,1,evaluate,2.304695512675032,0.0,0.0,0.0,0.0,5000
298,2,evaluate,2.30181886576399,0.1962,0.039240000000000004,0.2,0.06560775790001672,5000
298,3,evaluate,2.30181886576399,0.1962,0.039240000000000004,0.2,0.06560775790001672,5000
298,4,evaluate,2.30181886576399,0.1962,0.039240000000000004,0.2,0.06560775790001672,5000
298,5,evaluate,2.304695512675032,0.0,0.0,0.0,0.0,5000
299,0,evaluate,2.3048726727690876,0.1926,0.03852,0.2,0.06459835653194701,5000
299,1,evaluate,2.3019731769078895,0.0,0.0,0.0,0.0,5000
299,2,evaluate,2.3019731769078895,0.0,0.0,0.0,0.0,5000
299,3,evaluate,2.3019731769078895,0.0,0.0,0.0,0.0,5000
299,4,evaluate,2.3048726727690876,0.1926,0.03852,0.2,0.06459835653194701,5000
299,5,evaluate,2.3048726727690876,0.1926,0.03852,0.2,0.06459835653194701,5000
300,0,evaluate,2.3032490241376657,0.1926,0.03852,0.2,0.06459835653194701,5000
300,1,evaluate,2.3032490241376657,0.1926,0.03852,0.2,0.06459835653194701,5000
300,2,evaluate,2.303339366671405,0.0,0.0,0.0,0.0,5000
300,3,evaluate,2.303339366671405,0.0,0.0,0.0,0.0,5000
300,4,evaluate,2.303339366671405,0.0,0.0,0.0,0.0,5000
300,5,evaluate,2.3032490241376657,0.1926,0.03852,0.2,0.06459835653194701,5000
301,0,evaluate,2.304350608511816,0.1856,0.03712,0.2,0.06261808367071525,5000
301,1,evaluate,2.304350608511816,0.1856,0.03712,0.2,0.06261808367071525,5000
301,2,evaluate,2.3015963638885113,0.0,0.0,0.0,0.0,5000
301,3,evaluate,2.3015963638885113,0.0,0.0,0.0,0.0,5000
301,4,evaluate,2.304350608511816,0.1856,0.03712,0.2,0.06261808367071525,5000
301,5,evaluate,2.3015963638885113,0.0,0.0,0.0,0.0,5000
302,0,evaluate,2.301202810263332,0.2052,0.04104,0.2,0.06810487885828079,5000
302,1,evaluate,2.301202810263332,0.2052,0.04104,0.2,0.06810487885828079,5000
302,2,evaluate,2.3044301648683185,0.0,0.0,0.0,0.0,5000
302,3,evaluate,2.301202810263332,0.2052,0.04104,0.2,0.06810487885828079,5000
302,4,evaluate,2.3044301648683185,0.0,0.0,0.0,0.0,5000
302,5,evaluate,2.3044301648683185,0.0,0.0,0.0,0.0,5000
303,0,evaluate,2.3022004652626906,0.0,0.0,0.0,0.0,5000
303,1,evaluate,2.303371951549868,0.1962,0.039240000000000004,0.2,0.06560775790001672,5000
303,2,evaluate,2.303371951549868,0.1962,0.039240000000000004,0.2,0.06560775790001672,5000
303,3,evaluate,2.303371951549868,0.1962,0.039240000000000004,0.2,0.06560775790001672,5000
303,4,evaluate,2.3022004652626906,0.0,0.0,0.0,0.0,5000
303,5,evaluate,2.3022004652626906,0.0,0.0,0.0,0.0,5000
304,0,evaluate,2.302267264716233,0.1962,0.039240000000000004,0.2,0.06560775790001672,5000
304,1,evaluate,2.3037448351896264,0.0,0.0,0.0,0.0,5000
304,2,evaluate,2.302267264716233,0.1962,0.039240000000000004,0.2,0.06560775790001672,5000
304,3,evaluate,2.3037448351896264,0.0,0.0,0.0,0.0,5000
304,4,evaluate,2.302267264716233,0.1962,0.039240000000000004,0.2,0.06560775790001672,5000
304,5,evaluate,2.3037448351896264,0.0,0.0,0.0,0.0,5000
305,0,evaluate,2.3021892927869967,0.0,0.0,0.0,0.0,5000
305,1,evaluate,2.304649247398859,0.1992,0.03984,0.2,0.06644429619746497,5000
305,2,evaluate,2.304649247398859,0.1992,0.03984,0.2,0.06644429619746497,5000
305,3,evaluate,2.3021892927869967,0.0,0.0,0.0,0.0,5000
305,4,evaluate,2.304649247398859,0.1992,0.03984,0.2,0.06644429619746497,5000
305,5,evaluate,2.3021892927869967,0.0,0.0,0.0,0.0,5000
306,0,evaluate,2.3039221823969975,0.1926,0.03852,0.2,0.06459835653194701,5000
306,1,evaluate,2.302812531024595,0.0,0.0,0.0,0.0,5000
306,2,evaluate,2.3039221823969975,0.1926,0.03852,0.2,0.06459835653194701,5000
306,3,evaluate,2.302812531024595,0.0,0.0,0.0,0.0,5000
306,4,evaluate,2.3039221823969975,0.1926,0.03852,0.2,0.06459835653194701,5000
306,5,evaluate,2.302812531024595,0.0,0.0,0.0,0.0,5000
307,0,evaluate,2.302431634709805,0.0,0.0,0.0,0.0,5000
307,1,evaluate,2.302431634709805,0.0,0.0,0.0,0.0,5000
307,2,evaluate,2.303956584085392,0.1856,0.03712,0.2,0.06261808367071525,5000
307,3,evaluate,2.303956584085392,0.1856,0.03712,0.2,0.06261808367071525,5000
307,4,evaluate,2.302431634709805,0.0,0.0,0.0,0.0,5000
307,5,evaluate,2.303956584085392,0.1856,0.03712,0.2,0.06261808367071525,5000
308,0,evaluate,2.304431049129631,0.1856,0.03712,0.2,0.06261808367071525,5000
308,1,evaluate,2.304431049129631,0.1856,0.03712,0.2,0.06261808367071525,5000
308,2,evaluate,2.3016052940223792,0.0,0.0,0.0,0.0,5000
308,3,evaluate,2.3016052940223792,0.0,0.0,0.0,0.0,5000
308,4,evaluate,2.304431049129631,0.1856,0.03712,0.2,0.06261808367071525,5000
308,5,evaluate,2.3016052940223792,0.0,0.0,0.0,0.0,5000
309,0,evaluate,2.3037553467328036,0.0,0.0,0.0,0.0,5000
309,1,evaluate,2.301873925365979,0.2052,0.04104,0.2,0.06810487885828079,5000
309,2,evaluate,2.3037553467328036,0.0,0.0,0.0,0.0,5000
309,3,evaluate,2.301873925365979,0.2052,0.04104,0.2,0.06810487885828079,5000
309,4,evaluate,2.301873925365979,0.2052,0.04104,0.2,0.06810487885828079,5000
309,5,evaluate,2.3037553467328036,0.0,0.0,0.0,0.0,5000
310,0,evaluate,2.3030559081065505,0.0,0.0,0.0,0.0,5000
310,1,evaluate,2.302722813207892,0.1962,0.039240000000000004,0.2,0.06560775790001672,5000
310,2,evaluate,2.302722813207892,0.1962,0.039240000000000004,0.2,0.06560775790001672,5000
310,3,evaluate,2.3030559081065505,0.0,0.0,0.0,0.0,5000
310,4,evaluate,2.3030559081065505,0.0,0.0,0.0,0.0,5000
310,5,evaluate,2.302722813207892,0.1962,0.039240000000000004,0.2,0.06560775790001672,5000
311,0,evaluate,2.3038379331178303,0.0,0.0,0.0,0.0,5000
311,1,evaluate,2.3020638423629953,0.1962,0.039240000000000004,0.2,0.06560775790001672,5000
311,2,evaluate,2.3038379331178303,0.0,0.0,0.0,0.0,5000
311,3,evaluate,2.3020638423629953,0.1962,0.039240000000000004,0.2,0.06560775790001672,5000
311,4,evaluate,2.3020638423629953,0.1962,0.039240000000000004,0.2,0.06560775790001672,5000
311,5,evaluate,2.3038379331178303,0.0,0.0,0.0,0.0,5000
312,0,evaluate,2.302798591082609,0.0,0.0,0.0,0.0,5000
312,1,evaluate,2.3039443915403344,0.1992,0.03984,0.2,0.06644429619746497,5000
312,2,evaluate,2.3039443915403344,0.1992,0.03984,0.2,0.06644429619746497,5000
312,3,evaluate,2.302798591082609,0.0,0.0,0.0,0.0,5000
312,4,evaluate,2.302798591082609,0.0,0.0,0.0,0.0,5000
312,5,evaluate,2.3039443915403344,0.1992,0.03984,0.2,0.06644429619746497,5000
313,0,evaluate,2.303949826880346,0.1856,0.03712,0.2,0.06261808367071525,5000
313,1,evaluate,2.303949826880346,0.1856,0.03712,0.2,0.06261808367071525,5000
313,2,evaluate,2.303361995310723,0.0,0.0,0.0,0.0,5000
313,3,evaluate,2.303361995310723,0.0,0.0,0.0,0.0,5000
313,4,evaluate,2.303949826880346,0.1856,0.03712,0.2,0.06261808367071525,5000
313,5,evaluate,2.303361995310723,0.0,0.0,0.0,0.0,5000
314,0,evaluate,2.3023670323287386,0.0,0.0,0.0,0.0,5000
314,1,evaluate,2.3044329776039607,0.1856,0.03712,0.2,0.06261808367071525,5000
314,2,evaluate,2.3023670323287386,0.0,0.0,0.0,0.0,5000
314,3,evaluate,2.3044329776039607,0.1856,0.03712,0.2,0.06261808367071525,5000
314,4,evaluate,2.3023670323287386,0.0,0.0,0.0,0.0,5000
314,5,evaluate,2.3044329776039607,0.1856,0.03712,0.2,0.06261808367071525,5000
315,0,evaluate,2.3020200970806655,0.2052,0.04104,0.2,0.06810487885828079,5000
315,1,evaluate,2.304112135609494,0.0,0.0,0.0,0.0,5000
315,2,evaluate,2.3020200970806655,0.2052,0.04104,0.2,0.06810487885828079,5000
315,3,evaluate,2.304112135609494,0.0,0.0,0.0,0.0,5000
315,4,evaluate,2.3020200970806655,0.2052,0.04104,0.2,0.06810487885828079,5000
315,5,evaluate,2.304112135609494,0.0,0.0,0.0,0.0,5000
316,0,evaluate,2.3034182168260404,0.0,0.0,0.0,0.0,5000
316,1,evaluate,2.3026571847215482,0.2052,0.04104,0.2,0.06810487885828079,5000
316,2,evaluate,2.3034182168260404,0.0,0.0,0.0,0.0,5000
316,3,evaluate,2.3026571847215482,0.2052,0.04104,0.2,0.06810487885828079,5000
316,4,evaluate,2.3034182168260404,0.0,0.0,0.0,0.0,5000
316,5,evaluate,2.3026571847215482,0.2052,0.04104,0.2,0.06810487885828079,5000
317,0,evaluate,2.303323745727539,0.0,0.0,0.0,0.0,5000
317,1,evaluate,2.303323745727539,0.0,0.0,0.0,0.0,5000
317,2,evaluate,2.3024569282048866,0.1962,0.039240000000000004,0.2,0.06560775790001672,5000
317,3,evaluate,2.303323745727539,0.0,0.0,0.0,0.0,5000
317,4,evaluate,2.3024569282048866,0.1962,0.039240000000000004,0.2,0.06560775790001672,5000
317,5,evaluate,2.3024569282048866,0.1962,0.039240000000000004,0.2,0.06560775790001672,5000
318,0,evaluate,2.3019946858852722,0.0,0.0,0.0,0.0,5000
318,1,evaluate,2.303492974631394,0.1966,0.03932,0.2,0.0657195386929634,5000
318,2,evaluate,2.3019946858852722,0.0,0.0,0.0,0.0,5000
318,3,evaluate,2.303492974631394,0.1966,0.03932,0.2,0.0657195386929634,5000
318,4,evaluate,2.303492974631394,0.1966,0.03932,0.2,0.0657195386929634,5000
318,5,evaluate,2.3019946858852722,0.0,0.0,0.0,0.0,5000
319,0,evaluate,2.3031490875195852,0.2064,0.04128,0.2,0.06843501326259946,5000
319,1,evaluate,2.3031490875195852,0.2064,0.04128,0.2,0.06843501326259946,5000
319,2,evaluate,2.302597169634662,0.0,0.0,0.0,0.0,5000
319,3,evaluate,2.3031490875195852,0.2064,0.04128,0.2,0.06843501326259946,5000
319,4,evaluate,2.302597169634662,0.0,0.0,0.0,0.0,5000
319,5,evaluate,2.302597169634662,0.0,0.0,0.0,0.0,5000
320,0,evaluate,2.3024348065822937,0.2064,0.04128,0.2,0.06843501326259946,5000
320,1,evaluate,2.303588517104523,0.0,0.0,0.0,0.0,5000
320,2,evaluate,2.303588517104523,0.0,0.0,0.0,0.0,5000
320,3,evaluate,2.303588517104523,0.0,0.0,0.0,0.0,5000
320,4,evaluate,2.3024348065822937,0.2064,0.04128,0.2,0.06843501326259946,5000
320,5,evaluate,2.3024348065822937,0.2064,0.04128,0.2,0.06843501326259946,5000
321,0,evaluate,2.3021748277205454,0.0,0.0,0.0,0.0,5000
321,1,evaluate,2.303881581825546,0.1856,0.03712,0.2,0.06261808367071525,5000
321,2,evaluate,2.3021748277205454,0.0,0.0,0.0,0.0,5000
321,3,evaluate,2.303881581825546,0.1856,0.03712,0.2,0.06261808367071525,5000
321,4,evaluate,2.3021748277205454,0.0,0.0,0.0,0.0,5000
321,5,evaluate,2.303881581825546,0.1856,0.03712,0.2,0.06261808367071525,5000
322,0,evaluate,2.30359147168413,0.0,0.0,0.0,0.0,5000
322,1,evaluate,2.3026472435721868,0.2052,0.04104,0.2,0.06810487885828079,5000
322,2,evaluate,2.3026472435721868,0.2052,0.04104,0.2,0.06810487885828079,5000
322,3,evaluate,2.3026472435721868,0.2052,0.04104,0.2,0.06810487885828079,5000
322,4,evaluate,2.30359147168413,0.0,0.0,0.0,0.0,5000
322,5,evaluate,2.30359147168413,0.0,0.0,0.0,0.0,5000
323,0,evaluate,2.303117676626278,0.0,0.0,0.0,0.0,5000
323,1,evaluate,2.303117676626278,0.0,0.0,0.0,0.0,5000
323,2,evaluate,2.302943498273439,0.1962,0.039240000000000004,0.2,0.06560775790001672,5000
323,3,evaluate,2.302943498273439,0.1962,0.039240000000000004,0.2,0.06560775790001672,5000
323,4,evaluate,2.303117676626278,0.0,0.0,0.0,0.0,5000
323,5,evaluate,2.302943498273439,0.1962,0.039240000000000004,0.2,0.06560775790001672,5000
324,0,evaluate,2.303151583369774,0.1992,0.03984,0.2,0.06644429619746497,5000
324,1,evaluate,2.3023294406601145,0.0,0.0,0.0,0.0,5000
324,2,evaluate,2.303151583369774,0.1992,0.03984,0.2,0.06644429619746497,5000
324,3,evaluate,2.303151583369774,0.1992,0.03984,0.2,0.06644429619746497,5000
324,4,evaluate,2.3023294406601145,0.0,0.0,0.0,0.0,5000
324,5,evaluate,2.3023294406601145,0.0,0.0,0.0,0.0,5000
325,0,evaluate,2.302800187581702,0.2064,0.04128,0.2,0.06843501326259946,5000
325,1,evaluate,2.3024587540686885,0.0,0.0,0.0,0.0,5000
325,2,evaluate,2.302800187581702,0.2064,0.04128,0.2,0.06843501326259946,5000
325,3,evaluate,2.3024587540686885,0.0,0.0,0.0,0.0,5000
325,4,evaluate,2.3024587540686885,0.0,0.0,0.0,0.0,5000
325,5,evaluate,2.302800187581702,0.2064,0.04128,0.2,0.06843501326259946,5000
326,0,evaluate,2.3025068512445763,0.2064,0.04128,0.2,0.06843501326259946,5000
326,1,evaluate,2.303173861926115,0.0,0.0,0.0,0.0,5000
326,2,evaluate,2.303173861926115,0.0,0.0,0.0,0.0,5000
326,3,evaluate,2.303173861926115,0.0,0.0,0.0,0.0,5000
326,4,evaluate,2.3025068512445763,0.2064,0.04128,0.2,0.06843501326259946,5000
326,5,evaluate,2.3025068512445763,0.2064,0.04128,0.2,0.06843501326259946,5000
327,0,evaluate,2.3034850706028034,0.1856,0.03712,0.2,0.06261808367071525,5000
327,1,evaluate,2.3034850706028034,0.1856,0.03712,0.2,0.06261808367071525,5000
327,2,evaluate,2.3023976585533044,0.0,0.0,0.0,0.0,5000
327,3,evaluate,2.3023976585533044,0.0,0.0,0.0,0.0,5000
327,4,evaluate,2.3023976585533044,0.0,0.0,0.0,0.0,5000
327,5,evaluate,2.3034850706028034,0.1856,0.03712,0.2,0.06261808367071525,5000
328,0,evaluate,2.3026625687562965,0.1926,0.03852,0.2,0.06459835653194701,5000
328,1,evaluate,2.3033160076865666,0.0,0.0,0.0,0.0,5000
328,2,evaluate,2.3033160076865666,0.0,0.0,0.0,0.0,5000
328,3,evaluate,2.3033160076865666,0.0,0.0,0.0,0.0,5000
328,4,evaluate,2.3026625687562965,0.1926,0.03852,0.2,0.06459835653194701,5000
328,5,evaluate,2.3026625687562965,0.1926,0.03852,0.2,0.06459835653194701,5000
329,0,evaluate,2.3030100955238826,0.1926,0.03852,0.2,0.06459835653194701,5000
329,1,evaluate,2.3030665494218656,0.0,0.0,0.0,0.0,5000
329,2,evaluate,2.3030665494218656,0.0,0.0,0.0,0.0,5000
329,3,evaluate,2.3030100955238826,0.1926,0.03852,0.2,0.06459835653194701,5000
329,4,evaluate,2.3030665494218656,0.0,0.0,0.0,0.0,5000
329,5,evaluate,2.3030100955238826,0.1926,0.03852,0.2,0.06459835653194701,5000
330,0,evaluate,2.3030001875720445,0.2052,0.04104,0.2,0.06810487885828079,5000
330,1,evaluate,2.3030001875720445,0.2052,0.04104,0.2,0.06810487885828079,5000
330,2,evaluate,2.302804020386708,0.0,0.0,0.0,0.0,5000
330,3,evaluate,2.3030001875720445,0.2052,0.04104,0.2,0.06810487885828079,5000
330,4,evaluate,2.302804020386708,0.0,0.0,0.0,0.0,5000
330,5,evaluate,2.302804020386708,0.0,0.0,0.0,0.0,5000
331,0,evaluate,2.3028430908541138,0.2012,0.04024,0.2,0.066999666999667,5000
331,1,evaluate,2.3028454750399048,0.0,0.0,0.0,0.0,5000
331,2,evaluate,2.3028430908541138,0.2012,0.04024,0.2,0.066999666999667,5000
331,3,evaluate,2.3028430908541138,0.2012,0.04024,0.2,0.066999666999667,5000
331,4,evaluate,2.3028454750399048,0.0,0.0,0.0,0.0,5000
331,5,evaluate,2.3028454750399048,0.0,0.0,0.0,0.0,5000
332,0,evaluate,2.3026114626775813,0.2064,0.04128,0.2,0.06843501326259946,5000
332,1,evaluate,2.3026114626775813,0.2064,0.04128,0.2,0.06843501326259946,5000
332,2,evaluate,2.302905200402948,0.0,0.0,0.0,0.0,5000
332,3,evaluate,2.302905200402948,0.0,0.0,0.0,0.0,5000
332,4,evaluate,2.302905200402948,0.0,0.0,0.0,0.0,5000
332,5,evaluate,2.3026114626775813,0.2064,0.04128,0.2,0.06843501326259946,5000
333,0,evaluate,2.302500139308881,0.0,0.0,0.0,0.0,5000
333,1,evaluate,2.30348866498923,0.1856,0.03712,0.2,0.06261808367071525,5000
333,2,evaluate,2.302500139308881,0.0,0.0,0.0,0.0,5000
333,3,evaluate,2.30348866498923,0.1856,0.03712,0.2,0.06261808367071525,5000
333,4,evaluate,2.302500139308881,0.0,0.0,0.0,0.0,5000
333,5,evaluate,2.30348866498923,0.1856,0.03712,0.2,0.06261808367071525,5000
334,0,evaluate,2.302623978144006,0.1926,0.03852,0.2,0.06459835653194701,5000
334,1,evaluate,2.3034909344926664,0.0,0.0,0.0,0.0,5000
334,2,evaluate,2.3034909344926664,0.0,0.0,0.0,0.0,5000
334,3,evaluate,2.302623978144006,0.1926,0.03852,0.2,0.06459835653194701,5000
334,4,evaluate,2.3034909344926664,0.0,0.0,0.0,0.0,5000
334,5,evaluate,2.302623978144006,0.1926,0.03852,0.2,0.06459835653194701,5000
335,0,evaluate,2.3029578335677523,0.1926,0.03852,0.2,0.06459835653194701,5000
335,1,evaluate,2.303144768823551,0.0,0.0,0.0,0.0,5000
335,2,evaluate,2.303144768823551,0.0,0.0,0.0,0.0,5000
335,3,evaluate,2.303144768823551,0.0,0.0,0.0,0.0,5000
335,4,evaluate,2.3029578335677523,0.1926,0.03852,0.2,0.06459835653194701,5000
335,5,evaluate,2.3029578335677523,0.1926,0.03852,0.2,0.06459835653194701,5000
336,0,evaluate,2.3031767802902414,0.0,0.0,0.0,0.0,5000
336,1,evaluate,2.3031767802902414,0.0,0.0,0.0,0.0,5000
336,2,evaluate,2.3031767802902414,0.0,0.0,0.0,0.0,5000
336,3,evaluate,2.3028540158573585,0.1962,0.039240000000000004,0.2,0.06560775790001672,5000
336,4,evaluate,2.3028540158573585,0.1962,0.039240000000000004,0.2,0.06560775790001672,5000
336,5,evaluate,2.3028540158573585,0.1962,0.039240000000000004,0.2,0.06560775790001672,5000
337,0,evaluate,2.302899900870987,0.1962,0.039240000000000004,0.2,0.06560775790001672,5000
337,1,evaluate,2.3029298299475562,0.0,0.0,0.0,0.0,5000
337,2,evaluate,2.302899900870987,0.1962,0.039240000000000004,0.2,0.06560775790001672,5000
337,3,evaluate,2.302899900870987,0.1962,0.039240000000000004,0.2,0.06560775790001672,5000
337,4,evaluate,2.3029298299475562,0.0,0.0,0.0,0.0,5000
337,5,evaluate,2.3029298299475562,0.0,0.0,0.0,0.0,5000
338,0,evaluate,2.3026970096781283,0.0,0.0,0.0,0.0,5000
338,1,evaluate,2.3026970096781283,0.0,0.0,0.0,0.0,5000
338,2,evaluate,2.303132488757749,0.1856,0.03712,0.2,0.06261808367071525,5000
338,3,evaluate,2.303132488757749,0.1856,0.03712,0.2,0.06261808367071525,5000
338,4,evaluate,2.303132488757749,0.1856,0.03712,0.2,0.06261808367071525,5000
338,5,evaluate,2.3026970096781283,0.0,0.0,0.0,0.0,5000
339,0,evaluate,2.303493505791773,0.1856,0.03712,0.2,0.06261808367071525,5000
339,1,evaluate,2.3025374382357056,0.0,0.0,0.0,0.0,5000
339,2,evaluate,2.3025374382357056,0.0,0.0,0.0,0.0,5000
339,3,evaluate,2.303493505791773,0.1856,0.03712,0.2,0.06261808367071525,5000
339,4,evaluate,2.303493505791773,0.1856,0.03712,0.2,0.06261808367071525,5000
339,5,evaluate,2.3025374382357056,0.0,0.0,0.0,0.0,5000
340,0,evaluate,2.3025589441951317,0.1926,0.03852,0.2,0.06459835653194701,5000
340,1,evaluate,2.3032866097703764,0.0,0.0,0.0,0.0,5000
340,2,evaluate,2.3025589441951317,0.1926,0.03852,0.2,0.06459835653194701,5000
340,3,evaluate,2.3032866097703764,0.0,0.0,0.0,0.0,5000
340,4,evaluate,2.3025589441951317,0.1926,0.03852,0.2,0.06459835653194701,5000
340,5,evaluate,2.3032866097703764,0.0,0.0,0.0,0.0,5000
341,0,evaluate,2.302834785437282,0.1926,0.03852,0.2,0.06459835653194701,5000
341,1,evaluate,2.303035518791102,0.0,0.0,0.0,0.0,5000
341,2,evaluate,2.303035518791102,0.0,0.0,0.0,0.0,5000
341,3,evaluate,2.302834785437282,0.1926,0.03852,0.2,0.06459835653194701,5000
341,4,evaluate,2.302834785437282,0.1926,0.03852,0.2,0.06459835653194701,5000
341,5,evaluate,2.303035518791102,0.0,0.0,0.0,0.0,5000
342,0,evaluate,2.3028268301034274,0.1926,0.03852,0.2,0.06459835653194701,5000
342,1,evaluate,2.302815745148478,0.0,0.0,0.0,0.0,5000
342,2,evaluate,2.3028268301034274,0.1926,0.03852,0.2,0.06459835653194701,5000
342,3,evaluate,2.302815745148478,0.0,0.0,0.0,0.0,5000
342,4,evaluate,2.3028268301034274,0.1926,0.03852,0.2,0.06459835653194701,5000
342,5,evaluate,2.302815745148478,0.0,0.0,0.0,0.0,5000
343,0,evaluate,2.3029862355582322,0.1856,0.03712,0.2,0.06261808367071525,5000
343,1,evaluate,2.3029862355582322,0.1856,0.03712,0.2,0.06261808367071525,5000
343,2,evaluate,2.302788535250893,0.0,0.0,0.0,0.0,5000
343,3,evaluate,2.3029862355582322,0.1856,0.03712,0.2,0.06261808367071525,5000
343,4,evaluate,2.302788535250893,0.0,0.0,0.0,0.0,5000
343,5,evaluate,2.302788535250893,0.0,0.0,0.0,0.0,5000
344,0,evaluate,2.3026261691805683,0.1992,0.03984,0.2,0.06644429619746497,5000
344,1,evaluate,2.3026261691805683,0.1992,0.03984,0.2,0.06644429619746497,5000
344,2,evaluate,2.302774927284144,0.0,0.0,0.0,0.0,5000
344,3,evaluate,2.302774927284144,0.0,0.0,0.0,0.0,5000
344,4,evaluate,2.302774927284144,0.0,0.0,0.0,0.0,5000
344,5,evaluate,2.3026261691805683,0.1992,0.03984,0.2,0.06644429619746497,5000
345,0,evaluate,2.3025083843665786,0.0,0.0,0.0,0.0,5000
345,1,evaluate,2.302707370323471,0.2012,0.04024,0.2,0.066999666999667,5000
345,2,evaluate,2.3025083843665786,0.0,0.0,0.0,0.0,5000
345,3,evaluate,2.302707370323471,0.2012,0.04024,0.2,0.066999666999667,5000
345,4,evaluate,2.302707370323471,0.2012,0.04024,0.2,0.066999666999667,5000
345,5,evaluate,2.3025083843665786,0.0,0.0,0.0,0.0,5000
346,0,evaluate,2.3028277264365666,0.0,0.0,0.0,0.0,5000
346,1,evaluate,2.3028277264365666,0.0,0.0,0.0,0.0,5000
346,2,evaluate,2.3029073190085496,0.1926,0.03852,0.2,0.06459835653194701,5000
346,3,evaluate,2.3029073190085496,0.1926,0.03852,0.2,0.06459835653194701,5000
346,4,evaluate,2.3028277264365666,0.0,0.0,0.0,0.0,5000
346,5,evaluate,2.3029073190085496,0.1926,0.03852,0.2,0.06459835653194701,5000
347,0,evaluate,2.3032611321799363,0.1926,0.03852,0.2,0.06459835653194701,5000
347,1,evaluate,2.3032611321799363,0.1926,0.03852,0.2,0.06459835653194701,5000
347,2,evaluate,2.3034853482548194,0.0,0.0,0.0,0.0,5000
347,3,evaluate,2.3034853482548194,0.0,0.0,0.0,0.0,5000
347,4,evaluate,2.3032611321799363,0.1926,0.03852,0.2,0.06459835653194701,5000
347,5,evaluate,2.3034853482548194,0.0,0.0,0.0,0.0,5000
348,0,evaluate,2.303186661080469,0.0,0.0,0.0,0.0,5000
348,1,evaluate,2.303186661080469,0.0,0.0,0.0,0.0,5000
348,2,evaluate,2.303186661080469,0.0,0.0,0.0,0.0,5000
348,3,evaluate,2.303733704965326,0.1856,0.03712,0.2,0.06261808367071525,5000
348,4,evaluate,2.303733704965326,0.1856,0.03712,0.2,0.06261808367071525,5000
348,5,evaluate,2.303733704965326,0.1856,0.03712,0.2,0.06261808367071525,5000
349,0,evaluate,2.3034435495545593,0.1856,0.03712,0.2,0.06261808367071525,5000
349,1,evaluate,2.3034435495545593,0.1856,0.03712,0.2,0.06261808367071525,5000
349,2,evaluate,2.302892811690705,0.0,0.0,0.0,0.0,5000
349,3,evaluate,2.302892811690705,0.0,0.0,0.0,0.0,5000
349,4,evaluate,2.3034435495545593,0.1856,0.03712,0.2,0.06261808367071525,5000
349,5,evaluate,2.302892811690705,0.0,0.0,0.0,0.0,5000
350,0,evaluate,2.3025937623615507,0.1992,0.03984,0.2,0.06644429619746497,5000
350,1,evaluate,2.302926151058342,0.0,0.0,0.0,0.0,5000
350,2,evaluate,2.3025937623615507,0.1992,0.03984,0.2,0.06644429619746497,5000
350,3,evaluate,2.302926151058342,0.0,0.0,0.0,0.0,5000
350,4,evaluate,2.3025937623615507,0.1992,0.03984,0.2,0.06644429619746497,5000
350,5,evaluate,2.302926151058342,0.0,0.0,0.0,0.0,5000
351,0,evaluate,2.302460911907727,0.0,0.0,0.0,0.0,5000
351,1,evaluate,2.302435238150102,0.1992,0.03984,0.2,0.06644429619746497,5000
351,2,evaluate,2.302460911907727,0.0,0.0,0.0,0.0,5000
351,3,evaluate,2.302460911907727,0.0,0.0,0.0,0.0,5000
351,4,evaluate,2.302435238150102,0.1992,0.03984,0.2,0.06644429619746497,5000
351,5,evaluate,2.302435238150102,0.1992,0.03984,0.2,0.06644429619746497,5000
352,0,evaluate,2.3024927845484093,0.1962,0.039240000000000004,0.2,0.06560775790001672,5000
352,1,evaluate,2.3025136024137085,0.0,0.0,0.0,0.0,5000
352,2,evaluate,2.3024927845484093,0.1962,0.039240000000000004,0.2,0.06560775790001672,5000
352,3,evaluate,2.3024927845484093,0.1962,0.039240000000000004,0.2,0.06560775790001672,5000
352,4,evaluate,2.3025136024137085,0.0,0.0,0.0,0.0,5000
352,5,evaluate,2.3025136024137085,0.0,0.0,0.0,0.0,5000
353,0,evaluate,2.303234658663786,0.0,0.0,0.0,0.0,5000
353,1,evaluate,2.303081784067275,0.1926,0.03852,0.2,0.06459835653194701,5000
353,2,evaluate,2.303234658663786,0.0,0.0,0.0,0.0,5000
353,3,evaluate,2.303081784067275,0.1926,0.03852,0.2,0.06459835653194701,5000
353,4,evaluate,2.303234658663786,0.0,0.0,0.0,0.0,5000
353,5,evaluate,2.303081784067275,0.1926,0.03852,0.2,0.06459835653194701,5000
354,0,evaluate,2.3034113117411166,0.0,0.0,0.0,0.0,5000
354,1,evaluate,2.3034113117411166,0.0,0.0,0.0,0.0,5000
354,2,evaluate,2.3034113117411166,0.0,0.0,0.0,0.0,5000
354,3,evaluate,2.304109778585313,0.1856,0.03712,0.2,0.06261808367071525,5000
354,4,evaluate,2.304109778585313,0.1856,0.03712,0.2,0.06261808367071525,5000
354,5,evaluate,2.304109778585313,0.1856,0.03712,0.2,0.06261808367071525,5000
355,0,evaluate,2.304003552545475,0.1856,0.03712,0.2,0.06261808367071525,5000
355,1,evaluate,2.304003552545475,0.1856,0.03712,0.2,0.06261808367071525,5000
355,2,evaluate,2.3030048171176185,0.0,0.0,0.0,0.0,5000
355,3,evaluate,2.304003552545475,0.1856,0.03712,0.2,0.06261808367071525,5000
355,4,evaluate,2.3030048171176185,0.0,0.0,0.0,0.0,5000
355,5,evaluate,2.3030048171176185,0.0,0.0,0.0,0.0,5000
356,0,evaluate,2.3030611140818538,0.0,0.0,0.0,0.0,5000
356,1,evaluate,2.3030611140818538,0.0,0.0,0.0,0.0,5000
356,2,evaluate,2.3023916799810866,0.2064,0.04128,0.2,0.06843501326259946,5000
356,3,evaluate,2.3030611140818538,0.0,0.0,0.0,0.0,5000
356,4,evaluate,2.3023916799810866,0.2064,0.04128,0.2,0.06843501326259946,5000
356,5,evaluate,2.3023916799810866,0.2064,0.04128,0.2,0.06843501326259946,5000
357,0,evaluate,2.302448025232629,0.2012,0.04024,0.2,0.066999666999667,5000
357,1,evaluate,2.3022633836239197,0.0,0.0,0.0,0.0,5000
357,2,evaluate,2.302448025232629,0.2012,0.04024,0.2,0.066999666999667,5000
357,3,evaluate,2.3022633836239197,0.0,0.0,0.0,0.0,5000
357,4,evaluate,2.3022633836239197,0.0,0.0,0.0,0.0,5000
357,5,evaluate,2.302448025232629,0.2012,0.04024,0.2,0.066999666999667,5000
358,0,evaluate,2.302634350861175,0.2012,0.04024,0.2,0.066999666999667,5000
358,1,evaluate,2.3027342512637756,0.0,0.0,0.0,0.0,5000
358,2,evaluate,2.302634350861175,0.2012,0.04024,0.2,0.066999666999667,5000
358,3,evaluate,2.3027342512637756,0.0,0.0,0.0,0.0,5000
358,4,evaluate,2.3027342512637756,0.0,0.0,0.0,0.0,5000
358,5,evaluate,2.302634350861175,0.2012,0.04024,0.2,0.066999666999667,5000
359,0,evaluate,2.3031676630430584,0.1966,0.03932,0.2,0.0657195386929634,5000
359,1,evaluate,2.3031249317941787,0.0,0.0,0.0,0.0,5000
359,2,evaluate,2.3031676630430584,0.1966,0.03932,0.2,0.0657195386929634,5000
359,3,evaluate,2.3031249317941787,0.0,0.0,0.0,0.0,5000
359,4,evaluate,2.3031249317941787,0.0,0.0,0.0,0.0,5000
359,5,evaluate,2.3031676630430584,0.1966,0.03932,0.2,0.0657195386929634,5000
360,0,evaluate,2.30320240576056,0.0,0.0,0.0,0.0,5000
360,1,evaluate,2.303489434568188,0.1856,0.03712,0.2,0.06261808367071525,5000
360,2,evaluate,2.303489434568188,0.1856,0.03712,0.2,0.06261808367071525,5000
360,3,evaluate,2.30320240576056,0.0,0.0,0.0,0.0,5000
360,4,evaluate,2.30320240576056,0.0,0.0,0.0,0.0,5000
360,5,evaluate,2.303489434568188,0.1856,0.03712,0.2,0.06261808367071525,5000
361,0,evaluate,2.303967415531979,0.1856,0.03712,0.2,0.06261808367071525,5000
361,1,evaluate,2.303029202207734,0.0,0.0,0.0,0.0,5000
361,2,evaluate,2.303967415531979,0.1856,0.03712,0.2,0.06261808367071525,5000
361,3,evaluate,2.303029202207734,0.0,0.0,0.0,0.0,5000
361,4,evaluate,2.303029202207734,0.0,0.0,0.0,0.0,5000
361,5,evaluate,2.303967415531979,0.1856,0.03712,0.2,0.06261808367071525,5000
362,0,evaluate,2.3026160680795016,0.0,0.0,0.0,0.0,5000
362,1,evaluate,2.3026160680795016,0.0,0.0,0.0,0.0,5000
362,2,evaluate,2.30381764641291,0.1856,0.03712,0.2,0.06261808367071525,5000
362,3,evaluate,2.30381764641291,0.1856,0.03712,0.2,0.06261808367071525,5000
362,4,evaluate,2.3026160680795016,0.0,0.0,0.0,0.0,5000
362,5,evaluate,2.30381764641291,0.1856,0.03712,0.2,0.06261808367071525,5000
363,0,evaluate,2.3032808213294307,0.1856,0.03712,0.2,0.06261808367071525,5000
363,1,evaluate,2.302312896221499,0.0,0.0,0.0,0.0,5000
363,2,evaluate,2.302312896221499,0.0,0.0,0.0,0.0,5000
363,3,evaluate,2.3032808213294307,0.1856,0.03712,0.2,0.06261808367071525,5000
363,4,evaluate,2.3032808213294307,0.1856,0.03712,0.2,0.06261808367071525,5000
363,5,evaluate,2.302312896221499,0.0,0.0,0.0,0.0,5000
364,0,evaluate,2.3026546224763123,0.1962,0.039240000000000004,0.2,0.06560775790001672,5000
364,1,evaluate,2.302482870560658,0.0,0.0,0.0,0.0,5000
364,2,evaluate,2.3026546224763123,0.1962,0.039240000000000004,0.2,0.06560775790001672,5000
364,3,evaluate,2.3026546224763123,0.1962,0.039240000000000004,0.2,0.06560775790001672,5000
364,4,evaluate,2.302482870560658,0.0,0.0,0.0,0.0,5000
364,5,evaluate,2.302482870560658,0.0,0.0,0.0,0.0,5000
365,0,evaluate,2.3028179180773,0.0,0.0,0.0,0.0,5000
365,1,evaluate,2.3028179180773,0.0,0.0,0.0,0.0,5000
365,2,evaluate,2.3031745771818524,0.1926,0.03852,0.2,0.06459835653194701,5000
365,3,evaluate,2.3031745771818524,0.1926,0.03852,0.2,0.06459835653194701,5000
365,4,evaluate,2.3028179180773,0.0,0.0,0.0,0.0,5000
365,5,evaluate,2.3031745771818524,0.1926,0.03852,0.2,0.06459835653194701,5000
366,0,evaluate,2.30324483521377,0.0,0.0,0.0,0.0,5000
366,1,evaluate,2.30324483521377,0.0,0.0,0.0,0.0,5000
366,2,evaluate,2.303280269043355,0.1926,0.03852,0.2,0.06459835653194701,5000
366,3,evaluate,2.303280269043355,0.1926,0.03852,0.2,0.06459835653194701,5000
366,4,evaluate,2.30324483521377,0.0,0.0,0.0,0.0,5000
366,5,evaluate,2.303280269043355,0.1926,0.03852,0.2,0.06459835653194701,5000
367,0,evaluate,2.3034277535692045,0.1856,0.03712,0.2,0.06261808367071525,5000
367,1,evaluate,2.3029352441618713,0.0,0.0,0.0,0.0,5000
367,2,evaluate,2.3029352441618713,0.0,0.0,0.0,0.0,5000
367,3,evaluate,2.3034277535692045,0.1856,0.03712,0.2,0.06261808367071525,5000
367,4,evaluate,2.3029352441618713,0.0,0.0,0.0,0.0,5000
367,5,evaluate,2.3034277535692045,0.1856,0.03712,0.2,0.06261808367071525,5000
368,0,evaluate,2.3025494225417513,0.0,0.0,0.0,0.0,5000
368,1,evaluate,2.3036074095134493,0.1856,0.03712,0.2,0.06261808367071525,5000
368,2,evaluate,2.3036074095134493,0.1856,0.03712,0.2,0.06261808367071525,5000
368,3,evaluate,2.3025494225417513,0.0,0.0,0.0,0.0,5000
368,4,evaluate,2.3025494225417513,0.0,0.0,0.0,0.0,5000
368,5,evaluate,2.3036074095134493,0.1856,0.03712,0.2,0.06261808367071525,5000
369,0,evaluate,2.3024053815044936,0.1992,0.03984,0.2,0.06644429619746497,5000
369,1,evaluate,2.3032955368862877,0.0,0.0,0.0,0.0,5000
369,2,evaluate,2.3024053815044936,0.1992,0.03984,0.2,0.06644429619746497,5000
369,3,evaluate,2.3024053815044936,0.1992,0.03984,0.2,0.06644429619746497,5000
369,4,evaluate,2.3032955368862877,0.0,0.0,0.0,0.0,5000
369,5,evaluate,2.3032955368862877,0.0,0.0,0.0,0.0,5000
370,0,evaluate,2.3031599883791767,0.0,0.0,0.0,0.0,5000
370,1,evaluate,2.3031599883791767,0.0,0.0,0.0,0.0,5000
370,2,evaluate,2.302559940120842,0.1992,0.03984,0.2,0.06644429619746497,5000
370,3,evaluate,2.302559940120842,0.1992,0.03984,0.2,0.06644429619746497,5000
370,4,evaluate,2.3031599883791767,0.0,0.0,0.0,0.0,5000
370,5,evaluate,2.302559940120842,0.1992,0.03984,0.2,0.06644429619746497,5000
371,0,evaluate,2.303023199491863,0.0,0.0,0.0,0.0,5000
371,1,evaluate,2.3033080372629287,0.1962,0.039240000000000004,0.2,0.06560775790001672,5000
371,2,evaluate,2.3033080372629287,0.1962,0.039240000000000004,0.2,0.06560775790001672,5000
371,3,evaluate,2.303023199491863,0.0,0.0,0.0,0.0,5000
371,4,evaluate,2.3033080372629287,0.1962,0.039240000000000004,0.2,0.06560775790001672,5000
371,5,evaluate,2.303023199491863,0.0,0.0,0.0,0.0,5000
372,0,evaluate,2.3033152381076087,0.1926,0.03852,0.2,0.06459835653194701,5000
372,1,evaluate,2.3031354916246634,0.0,0.0,0.0,0.0,5000
372,2,evaluate,2.3031354916246634,0.0,0.0,0.0,0.0,5000
372,3,evaluate,2.3033152381076087,0.1926,0.03852,0.2,0.06459835653194701,5000
372,4,evaluate,2.3031354916246634,0.0,0.0,0.0,0.0,5000
372,5,evaluate,2.3033152381076087,0.1926,0.03852,0.2,0.06459835653194701,5000
373,0,evaluate,2.3031541516509235,0.0,0.0,0.0,0.0,5000
373,1,evaluate,2.303222088874141,0.1926,0.03852,0.2,0.06459835653194701,5000
373,2,evaluate,2.3031541516509235,0.0,0.0,0.0,0.0,5000
373,3,evaluate,2.3031541516509235,0.0,0.0,0.0,0.0,5000
373,4,evaluate,2.303222088874141,0.1926,0.03852,0.2,0.06459835653194701,5000
373,5,evaluate,2.303222088874141,0.1926,0.03852,0.2,0.06459835653194701,5000
374,0,evaluate,2.3029073974754235,0.0,0.0,0.0,0.0,5000
374,1,evaluate,2.3033694406098957,0.1856,0.03712,0.2,0.06261808367071525,5000
374,2,evaluate,2.3033694406098957,0.1856,0.03712,0.2,0.06261808367071525,5000
374,3,evaluate,2.3033694406098957,0.1856,0.03712,0.2,0.06261808367071525,5000
374,4,evaluate,2.3029073974754235,0.0,0.0,0.0,0.0,5000
374,5,evaluate,2.3029073974754235,0.0,0.0,0.0,0.0,5000
375,0,evaluate,2.3025218263457092,0.0,0.0,0.0,0.0,5000
375,1,evaluate,2.3025218263457092,0.0,0.0,0.0,0.0,5000
375,2,evaluate,2.303265562540368,0.2012,0.04024,0.2,0.066999666999667,5000
375,3,evaluate,2.303265562540368,0.2012,0.04024,0.2,0.066999666999667,5000
375,4,evaluate,2.303265562540368,0.2012,0.04024,0.2,0.066999666999667,5000
375,5,evaluate,2.3025218263457092,0.0,0.0,0.0,0.0,5000
376,0,evaluate,2.30232997483845,0.1992,0.03984,0.2,0.06644429619746497,5000
376,1,evaluate,2.3031198495551,0.0,0.0,0.0,0.0,5000
376,2,evaluate,2.3031198495551,0.0,0.0,0.0,0.0,5000
376,3,evaluate,2.3031198495551,0.0,0.0,0.0,0.0,5000
376,4,evaluate,2.30232997483845,0.1992,0.03984,0.2,0.06644429619746497,5000
376,5,evaluate,2.30232997483845,0.1992,0.03984,0.2,0.06644429619746497,5000
377,0,evaluate,2.302463018441502,0.0,0.0,0.0,0.0,5000
377,1,evaluate,2.3030602237846276,0.1962,0.039240000000000004,0.2,0.06560775790001672,5000
377,2,evaluate,2.302463018441502,0.0,0.0,0.0,0.0,5000
377,3,evaluate,2.3030602237846276,0.1962,0.039240000000000004,0.2,0.06560775790001672,5000
377,4,evaluate,2.302463018441502,0.0,0.0,0.0,0.0,5000
377,5,evaluate,2.3030602237846276,0.1962,0.039240000000000004,0.2,0.06560775790001672,5000
378,0,evaluate,2.303217257125468,0.0,0.0,0.0,0.0,5000
378,1,evaluate,2.303003555611719,0.1926,0.03852,0.2,0.06459835653194701,5000
378,2,evaluate,2.303003555611719,0.1926,0.03852,0.2,0.06459835653194701,5000
378,3,evaluate,2.303217257125468,0.0,0.0,0.0,0.0,5000
378,4,evaluate,2.303217257125468,0.0,0.0,0.0,0.0,5000
378,5,evaluate,2.303003555611719,0.1926,0.03852,0.2,0.06459835653194701,5000
379,0,evaluate,2.303441696529147,0.1926,0.03852,0.2,0.06459835653194701,5000
379,1,evaluate,2.3034639086904405,0.0,0.0,0.0,0.0,5000
379,2,evaluate,2.3034639086904405,0.0,0.0,0.0,0.0,5000
379,3,evaluate,2.303441696529147,0.1926,0.03852,0.2,0.06459835653194701,5000
379,4,evaluate,2.303441696529147,0.1926,0.03852,0.2,0.06459835653194701,5000
379,5,evaluate,2.3034639086904405,0.0,0.0,0.0,0.0,5000
380,0,evaluate,2.303638889819761,0.1856,0.03712,0.2,0.06261808367071525,5000
380,1,evaluate,2.303365209434606,0.0,0.0,0.0,0.0,5000
380,2,evaluate,2.303365209434606,0.0,0.0,0.0,0.0,5000
380,3,evaluate,2.303638889819761,0.1856,0.03712,0.2,0.06261808367071525,5000
380,4,evaluate,2.303638889819761,0.1856,0.03712,0.2,0.06261808367071525,5000
380,5,evaluate,2.303365209434606,0.0,0.0,0.0,0.0,5000
381,0,evaluate,2.303257682655431,0.1856,0.03712,0.2,0.06261808367071525,5000
381,1,evaluate,2.3027992671049096,0.0,0.0,0.0,0.0,5000
381,2,evaluate,2.303257682655431,0.1856,0.03712,0.2,0.06261808367071525,5000
381,3,evaluate,2.3027992671049096,0.0,0.0,0.0,0.0,5000
381,4,evaluate,2.303257682655431,0.1856,0.03712,0.2,0.06261808367071525,5000
381,5,evaluate,2.3027992671049096,0.0,0.0,0.0,0.0,5000
382,0,evaluate,2.3026425295238253,0.2018,0.04036,0.2,0.0671659177899817,5000
382,1,evaluate,2.302386262748815,0.0,0.0,0.0,0.0,5000
382,2,evaluate,2.3026425295238253,0.2018,0.04036,0.2,0.0671659177899817,5000
382,3,evaluate,2.302386262748815,0.0,0.0,0.0,0.0,5000
382,4,evaluate,2.302386262748815,0.0,0.0,0.0,0.0,5000
382,5,evaluate,2.3026425295238253,0.2018,0.04036,0.2,0.0671659177899817,5000
383,0,evaluate,2.3025795447675486,0.0,0.0,0.0,0.0,5000
383,1,evaluate,2.302255859857873,0.2052,0.04104,0.2,0.06810487885828079,5000
383,2,evaluate,2.3025795447675486,0.0,0.0,0.0,0.0,5000
383,3,evaluate,2.3025795447675486,0.0,0.0,0.0,0.0,5000
383,4,evaluate,2.302255859857873,0.2052,0.04104,0.2,0.06810487885828079,5000
383,5,evaluate,2.302255859857873,0.2052,0.04104,0.2,0.06810487885828079,5000
384,0,evaluate,2.3029163487349886,0.1962,0.039240000000000004,0.2,0.06560775790001672,5000
384,1,evaluate,2.3024931225595595,0.0,0.0,0.0,0.0,5000
384,2,evaluate,2.3029163487349886,0.1962,0.039240000000000004,0.2,0.06560775790001672,5000
384,3,evaluate,2.3029163487349886,0.1962,0.039240000000000004,0.2,0.06560775790001672,5000
384,4,evaluate,2.3024931225595595,0.0,0.0,0.0,0.0,5000
384,5,evaluate,2.3024931225595595,0.0,0.0,0.0,0.0,5000
385,0,evaluate,2.303008245516427,0.0,0.0,0.0,0.0,5000
385,1,evaluate,2.3034694315511968,0.1962,0.039240000000000004,0.2,0.06560775790001672,5000
385,2,evaluate,2.3034694315511968,0.1962,0.039240000000000004,0.2,0.06560775790001672,5000
385,3,evaluate,2.303008245516427,0.0,0.0,0.0,0.0,5000
385,4,evaluate,2.3034694315511968,0.1962,0.039240000000000004,0.2,0.06560775790001672,5000
385,5,evaluate,2.303008245516427,0.0,0.0,0.0,0.0,5000
386,0,evaluate,2.3031410929522935,0.1926,0.03852,0.2,0.06459835653194701,5000
386,1,evaluate,2.3031410929522935,0.1926,0.03852,0.2,0.06459835653194701,5000
386,2,evaluate,2.303162776971165,0.0,0.0,0.0,0.0,5000
386,3,evaluate,2.303162776971165,0.0,0.0,0.0,0.0,5000
386,4,evaluate,2.303162776971165,0.0,0.0,0.0,0.0,5000
386,5,evaluate,2.3031410929522935,0.1926,0.03852,0.2,0.06459835653194701,5000
387,0,evaluate,2.3028607700444477,0.0,0.0,0.0,0.0,5000
387,1,evaluate,2.3028607700444477,0.0,0.0,0.0,0.0,5000
387,2,evaluate,2.302927955796447,0.1926,0.03852,0.2,0.06459835653194701,5000
387,3,evaluate,2.302927955796447,0.1926,0.03852,0.2,0.06459835653194701,5000
387,4,evaluate,2.302927955796447,0.1926,0.03852,0.2,0.06459835653194701,5000
387,5,evaluate,2.3028607700444477,0.0,0.0,0.0,0.0,5000
388,0,evaluate,2.3028045817266536,0.2018,0.04036,0.2,0.0671659177899817,5000
388,1,evaluate,2.3028045817266536,0.2018,0.04036,0.2,0.0671659177899817,5000
388,2,evaluate,2.3028045817266536,0.2018,0.04036,0.2,0.0671659177899817,5000
388,3,evaluate,2.302655751192117,0.0,0.0,0.0,0.0,5000
388,4,evaluate,2.302655751192117,0.0,0.0,0.0,0.0,5000
388,5,evaluate,2.302655751192117,0.0,0.0,0.0,0.0,5000
389,0,evaluate,2.3025274397451665,0.0,0.0,0.0,0.0,5000
389,1,evaluate,2.302645016320144,0.2018,0.04036,0.2,0.0671659177899817,5000
389,2,evaluate,2.302645016320144,0.2018,0.04036,0.2,0.0671659177899817,5000
389,3,evaluate,2.3025274397451665,0.0,0.0,0.0,0.0,5000
389,4,evaluate,2.3025274397451665,0.0,0.0,0.0,0.0,5000
389,5,evaluate,2.302645016320144,0.2018,0.04036,0.2,0.0671659177899817,5000
390,0,evaluate,2.3025913962835,0.0,0.0,0.0,0.0,5000
390,1,evaluate,2.3029423393780672,0.1856,0.03712,0.2,0.06261808367071525,5000
390,2,evaluate,2.3029423393780672,0.1856,0.03712,0.2,0.06261808367071525,5000
390,3,evaluate,2.3025913962835,0.0,0.0,0.0,0.0,5000
390,4,evaluate,2.3029423393780672,0.1856,0.03712,0.2,0.06261808367071525,5000
390,5,evaluate,2.3025913962835,0.0,0.0,0.0,0.0,5000
391,0,evaluate,2.3030033534086205,0.0,0.0,0.0,0.0,5000
391,1,evaluate,2.3030033534086205,0.0,0.0,0.0,0.0,5000
391,2,evaluate,2.303627847116205,0.1962,0.039240000000000004,0.2,0.06560775790001672,5000
391,3,evaluate,2.303627847116205,0.1962,0.039240000000000004,0.2,0.06560775790001672,5000
391,4,evaluate,2.303627847116205,0.1962,0.039240000000000004,0.2,0.06560775790001672,5000
391,5,evaluate,2.3030033534086205,0.0,0.0,0.0,0.0,5000
392,0,evaluate,2.303858684588082,0.1962,0.039240000000000004,0.2,0.06560775790001672,5000
392,1,evaluate,2.303189926509616,0.0,0.0,0.0,0.0,5000
392,2,evaluate,2.303858684588082,0.1962,0.039240000000000004,0.2,0.06560775790001672,5000
392,3,evaluate,2.303189926509616,0.0,0.0,0.0,0.0,5000
392,4,evaluate,2.303189926509616,0.0,0.0,0.0,0.0,5000
392,5,evaluate,2.303858684588082,0.1962,0.039240000000000004,0.2,0.06560775790001672,5000
393,0,evaluate,2.302869676034662,0.1926,0.03852,0.2,0.06459835653194701,5000
393,1,evaluate,2.303410511982592,0.0,0.0,0.0,0.0,5000
393,2,evaluate,2.303410511982592,0.0,0.0,0.0,0.0,5000
393,3,evaluate,2.303410511982592,0.0,0.0,0.0,0.0,5000
393,4,evaluate,2.302869676034662,0.1926,0.03852,0.2,0.06459835653194701,5000
393,5,evaluate,2.302869676034662,0.1926,0.03852,0.2,0.06459835653194701,5000
394,0,evaluate,2.302501883687852,0.0,0.0,0.0,0.0,5000
394,1,evaluate,2.302501883687852,0.0,0.0,0.0,0.0,5000
394,2,evaluate,2.302642291105246,0.1966,0.03932,0.2,0.0657195386929634,5000
394,3,evaluate,2.302501883687852,0.0,0.0,0.0,0.0,5000
394,4,evaluate,2.302642291105246,0.1966,0.03932,0.2,0.0657195386929634,5000
394,5,evaluate,2.302642291105246,0.1966,0.03932,0.2,0.0657195386929634,5000
395,0,evaluate,2.302648837053323,0.0,0.0,0.0,0.0,5000
395,1,evaluate,2.3022582591334477,0.2018,0.04036,0.2,0.0671659177899817,5000
395,2,evaluate,2.302648837053323,0.0,0.0,0.0,0.0,5000
395,3,evaluate,2.3022582591334477,0.2018,0.04036,0.2,0.0671659177899817,5000
395,4,evaluate,2.3022582591334477,0.2018,0.04036,0.2,0.0671659177899817,5000
395,5,evaluate,2.302648837053323,0.0,0.0,0.0,0.0,5000
396,0,evaluate,2.3026099567171894,0.0,0.0,0.0,0.0,5000
396,1,evaluate,2.3026570640032804,0.1992,0.03984,0.2,0.06644429619746497,5000
396,2,evaluate,2.3026570640032804,0.1992,0.03984,0.2,0.06644429619746497,5000
396,3,evaluate,2.3026570640032804,0.1992,0.03984,0.2,0.06644429619746497,5000
396,4,evaluate,2.3026099567171894,0.0,0.0,0.0,0.0,5000
396,5,evaluate,2.3026099567171894,0.0,0.0,0.0,0.0,5000
397,0,evaluate,2.3028702192668673,0.0,0.0,0.0,0.0,5000
397,1,evaluate,2.3028702192668673,0.0,0.0,0.0,0.0,5000
397,2,evaluate,2.303476725952535,0.1856,0.03712,0.2,0.06261808367071525,5000
397,3,evaluate,2.303476725952535,0.1856,0.03712,0.2,0.06261808367071525,5000
397,4,evaluate,2.303476725952535,0.1856,0.03712,0.2,0.06261808367071525,5000
397,5,evaluate,2.3028702192668673,0.0,0.0,0.0,0.0,5000
398,0,evaluate,2.3038267063189157,0.0,0.0,0.0,0.0,5000
398,1,evaluate,2.3038267063189157,0.0,0.0,0.0,0.0,5000
398,2,evaluate,2.3031300925001315,0.1926,0.03852,0.2,0.06459835653194701,5000
398,3,evaluate,2.3031300925001315,0.1926,0.03852,0.2,0.06459835653194701,5000
398,4,evaluate,2.3038267063189157,0.0,0.0,0.0,0.0,5000
398,5,evaluate,2.3031300925001315,0.1926,0.03852,0.2,0.06459835653194701,5000
399,0,evaluate,2.3031820345528518,0.1962,0.039240000000000004,0.2,0.06560775790001672,5000
399,1,evaluate,2.3030713751346252,0.0,0.0,0.0,0.0,5000
399,2,evaluate,2.3031820345528518,0.1962,0.039240000000000004,0.2,0.06560775790001672,5000
399,3,evaluate,2.3030713751346252,0.0,0.0,0.0,0.0,5000
399,4,evaluate,2.3030713751346252,0.0,0.0,0.0,0.0,5000
399,5,evaluate,2.3031820345528518,0.1962,0.039240000000000004,0.2,0.06560775790001672,5000
400,0,evaluate,2.3028909556473356,0.0,0.0,0.0,0.0,5000
400,1,evaluate,2.3028909556473356,0.0,0.0,0.0,0.0,5000
400,2,evaluate,2.3023702555064913,0.2018,0.04036,0.2,0.0671659177899817,5000
400,3,evaluate,2.3023702555064913,0.2018,0.04036,0.2,0.0671659177899817,5000
400,4,evaluate,2.3023702555064913,0.2018,0.04036,0.2,0.0671659177899817,5000
400,5,evaluate,2.3028909556473356,0.0,0.0,0.0,0.0,5000
401,0,evaluate,2.3024194451827036,0.2018,0.04036,0.2,0.0671659177899817,5000
401,1,evaluate,2.3024194451827036,0.2018,0.04036,0.2,0.0671659177899817,5000
401,2,evaluate,2.3024194451827036,0.2018,0.04036,0.2,0.0671659177899817,5000
401,3,evaluate,2.302800048755694,0.0,0.0,0.0,0.0,5000
401,4,evaluate,2.302800048755694,0.0,0.0,0.0,0.0,5000
401,5,evaluate,2.302800048755694,0.0,0.0,0.0,0.0,5000
402,0,evaluate,2.3028617901138113,0.1992,0.03984,0.2,0.06644429619746497,5000
402,1,evaluate,2.3028617901138113,0.1992,0.03984,0.2,0.06644429619746497,5000
402,2,evaluate,2.3028617901138113,0.1992,0.03984,0.2,0.06644429619746497,5000
402,3,evaluate,2.3030283722696425,0.0,0.0,0.0,0.0,5000
402,4,evaluate,2.3030283722696425,0.0,0.0,0.0,0.0,5000
402,5,evaluate,2.3030283722696425,0.0,0.0,0.0,0.0,5000
403,0,evaluate,2.3040351052827472,0.1856,0.03712,0.2,0.06261808367071525,5000
403,1,evaluate,2.3040351052827472,0.1856,0.03712,0.2,0.06261808367071525,5000
403,2,evaluate,2.30299907696398,0.0,0.0,0.0,0.0,5000
403,3,evaluate,2.30299907696398,0.0,0.0,0.0,0.0,5000
403,4,evaluate,2.30299907696398,0.0,0.0,0.0,0.0,5000
403,5,evaluate,2.3040351052827472,0.1856,0.03712,0.2,0.06261808367071525,5000
404,0,evaluate,2.3040500894377502,0.1856,0.03712,0.2,0.06261808367071525,5000
404,1,evaluate,2.3040500894377502,0.1856,0.03712,0.2,0.06261808367071525,5000
404,2,evaluate,2.3040500894377502,0.1856,0.03712,0.2,0.06261808367071525,5000
404,3,evaluate,2.3028772209264057,0.0,0.0,0.0,0.0,5000
404,4,evaluate,2.3028772209264057,0.0,0.0,0.0,0.0,5000
404,5,evaluate,2.3028772209264057,0.0,0.0,0.0,0.0,5000
405,0,evaluate,2.3026449529430533,0.2052,0.04104,0.2,0.06810487885828079,5000
405,1,evaluate,2.3032243372518804,0.0,0.0,0.0,0.0,5000
405,2,evaluate,2.3032243372518804,0.0,0.0,0.0,0.0,5000
405,3,evaluate,2.3032243372518804,0.0,0.0,0.0,0.0,5000
405,4,evaluate,2.3026449529430533,0.2052,0.04104,0.2,0.06810487885828079,5000
405,5,evaluate,2.3026449529430533,0.2052,0.04104,0.2,0.06810487885828079,5000
406,0,evaluate,2.302241735820529,0.0,0.0,0.0,0.0,5000
406,1,evaluate,2.3025604531734802,0.2052,0.04104,0.2,0.06810487885828079,5000
406,2,evaluate,2.3025604531734802,0.2052,0.04104,0.2,0.06810487885828079,5000
406,3,evaluate,2.3025604531734802,0.2052,0.04104,0.2,0.06810487885828079,5000
406,4,evaluate,2.302241735820529,0.0,0.0,0.0,0.0,5000
406,5,evaluate,2.302241735820529,0.0,0.0,0.0,0.0,5000
407,0,evaluate,2.3020963276488873,0.2018,0.04036,0.2,0.0671659177899817,5000
407,1,evaluate,2.3026585971252826,0.0,0.0,0.0,0.0,5000
407,2,evaluate,2.3020963276488873,0.2018,0.04036,0.2,0.0671659177899817,5000
407,3,evaluate,2.3026585971252826,0.0,0.0,0.0,0.0,5000
407,4,evaluate,2.3020963276488873,0.2018,0.04036,0.2,0.0671659177899817,5000
407,5,evaluate,2.3026585971252826,0.0,0.0,0.0,0.0,5000
408,0,evaluate,2.3027775770501244,0.0,0.0,0.0,0.0,5000
408,1,evaluate,2.3028867455977426,0.1992,0.03984,0.2,0.06644429619746497,5000
408,2,evaluate,2.3028867455977426,0.1992,0.03984,0.2,0.06644429619746497,5000
408,3,evaluate,2.3027775770501244,0.0,0.0,0.0,0.0,5000
408,4,evaluate,2.3028867455977426,0.1992,0.03984,0.2,0.06644429619746497,5000
408,5,evaluate,2.3027775770501244,0.0,0.0,0.0,0.0,5000
409,0,evaluate,2.302996234048771,0.0,0.0,0.0,0.0,5000
409,1,evaluate,2.3037645635725577,0.1856,0.03712,0.2,0.06261808367071525,5000
409,2,evaluate,2.3037645635725577,0.1856,0.03712,0.2,0.06261808367071525,5000
409,3,evaluate,2.302996234048771,0.0,0.0,0.0,0.0,5000
409,4,evaluate,2.3037645635725577,0.1856,0.03712,0.2,0.06261808367071525,5000
409,5,evaluate,2.302996234048771,0.0,0.0,0.0,0.0,5000
410,0,evaluate,2.3042461117611657,0.1856,0.03712,0.2,0.06261808367071525,5000
410,1,evaluate,2.3029309858249714,0.0,0.0,0.0,0.0,5000
410,2,evaluate,2.3029309858249714,0.0,0.0,0.0,0.0,5000
410,3,evaluate,2.3042461117611657,0.1856,0.03712,0.2,0.06261808367071525,5000
410,4,evaluate,2.3029309858249714,0.0,0.0,0.0,0.0,5000
410,5,evaluate,2.3042461117611657,0.1856,0.03712,0.2,0.06261808367071525,5000
411,0,evaluate,2.303007303913937,0.1926,0.03852,0.2,0.06459835653194701,5000
411,1,evaluate,2.303007303913937,0.1926,0.03852,0.2,0.06459835653194701,5000
411,2,evaluate,2.3037805134737037,0.0,0.0,0.0,0.0,5000
411,3,evaluate,2.3037805134737037,0.0,0.0,0.0,0.0,5000
411,4,evaluate,2.303007303913937,0.1926,0.03852,0.2,0.06459835653194701,5000
411,5,evaluate,2.3037805134737037,0.0,0.0,0.0,0.0,5000
412,0,evaluate,2.3029475634611107,0.1926,0.03852,0.2,0.06459835653194701,5000
412,1,evaluate,2.3029475634611107,0.1926,0.03852,0.2,0.06459835653194701,5000
412,2,evaluate,2.3028590618809566,0.0,0.0,0.0,0.0,5000
412,3,evaluate,2.3028590618809566,0.0,0.0,0.0,0.0,5000
412,4,evaluate,2.3028590618809566,0.0,0.0,0.0,0.0,5000
412,5,evaluate,2.3029475634611107,0.1926,0.03852,0.2,0.06459835653194701,5000
413,0,evaluate,2.302347813980489,0.2012,0.04024,0.2,0.066999666999667,5000
413,1,evaluate,2.3026733670053603,0.0,0.0,0.0,0.0,5000
413,2,evaluate,2.3026733670053603,0.0,0.0,0.0,0.0,5000
413,3,evaluate,2.3026733670053603,0.0,0.0,0.0,0.0,5000
413,4,evaluate,2.302347813980489,0.2012,0.04024,0.2,0.066999666999667,5000
413,5,evaluate,2.302347813980489,0.2012,0.04024,0.2,0.066999666999667,5000
414,0,evaluate,2.3028885925872418,0.1992,0.03984,0.2,0.06644429619746497,5000
414,1,evaluate,2.3030813675892503,0.0,0.0,0.0,0.0,5000
414,2,evaluate,2.3030813675892503,0.0,0.0,0.0,0.0,5000
414,3,evaluate,2.3028885925872418,0.1992,0.03984,0.2,0.06644429619746497,5000
414,4,evaluate,2.3030813675892503,0.0,0.0,0.0,0.0,5000
414,5,evaluate,2.3028885925872418,0.1992,0.03984,0.2,0.06644429619746497,5000
415,0,evaluate,2.303215684770029,0.0,0.0,0.0,0.0,5000
415,1,evaluate,2.303215684770029,0.0,0.0,0.0,0.0,5000
415,2,evaluate,2.30402656748325,0.1856,0.03712,0.2,0.06261808367071525,5000
415,3,evaluate,2.30402656748325,0.1856,0.03712,0.2,0.06261808367071525,5000
415,4,evaluate,2.30402656748325,0.1856,0.03712,0.2,0.06261808367071525,5000
415,5,evaluate,2.303215684770029,0.0,0.0,0.0,0.0,5000
416,0,evaluate,2.3039232688614084,0.0,0.0,0.0,0.0,5000
416,1,evaluate,2.3033070443551753,0.1966,0.03932,0.2,0.0657195386929634,5000
416,2,evaluate,2.3039232688614084,0.0,0.0,0.0,0.0,5000
416,3,evaluate,2.3033070443551753,0.1966,0.03932,0.2,0.0657195386929634,5000
416,4,evaluate,2.3033070443551753,0.1966,0.03932,0.2,0.0657195386929634,5000
416,5,evaluate,2.3039232688614084,0.0,0.0,0.0,0.0,5000
417,0,evaluate,2.3030384794066223,0.1926,0.03852,0.2,0.06459835653194701,5000
417,1,evaluate,2.3030384794066223,0.1926,0.03852,0.2,0.06459835653194701,5000
417,2,evaluate,2.3034541938878315,0.0,0.0,0.0,0.0,5000
417,3,evaluate,2.3034541938878315,0.0,0.0,0.0,0.0,5000
417,4,evaluate,2.3030384794066223,0.1926,0.03852,0.2,0.06459835653194701,5000
417,5,evaluate,2.3034541938878315,0.0,0.0,0.0,0.0,5000
418,0,evaluate,2.3027325461182415,0.1926,0.03852,0.2,0.06459835653194701,5000
418,1,evaluate,2.303086561492727,0.0,0.0,0.0,0.0,5000
418,2,evaluate,2.303086561492727,0.0,0.0,0.0,0.0,5000
418,3,evaluate,2.3027325461182415,0.1926,0.03852,0.2,0.06459835653194701,5000
418,4,evaluate,2.3027325461182415,0.1926,0.03852,0.2,0.06459835653194701,5000
418,5,evaluate,2.303086561492727,0.0,0.0,0.0,0.0,5000
419,0,evaluate,2.302712271485148,0.0,0.0,0.0,0.0,5000
419,1,evaluate,2.302712271485148,0.0,0.0,0.0,0.0,5000
419,2,evaluate,2.302627092675318,0.1992,0.03984,0.2,0.06644429619746497,5000
419,3,evaluate,2.302627092675318,0.1992,0.03984,0.2,0.06644429619746497,5000
419,4,evaluate,2.302627092675318,0.1992,0.03984,0.2,0.06644429619746497,5000
419,5,evaluate,2.302712271485148,0.0,0.0,0.0,0.0,5000
420,0,evaluate,2.3025966686538504,0.0,0.0,0.0,0.0,5000
420,1,evaluate,2.3026660363885423,0.2064,0.04128,0.2,0.06843501326259946,5000
420,2,evaluate,2.3025966686538504,0.0,0.0,0.0,0.0,5000
420,3,evaluate,2.3025966686538504,0.0,0.0,0.0,0.0,5000
420,4,evaluate,2.3026660363885423,0.2064,0.04128,0.2,0.06843501326259946,5000
420,5,evaluate,2.3026660363885423,0.2064,0.04128,0.2,0.06843501326259946,5000
421,0,evaluate,2.3028136265428762,0.0,0.0,0.0,0.0,5000
421,1,evaluate,2.30307382873342,0.1856,0.03712,0.2,0.06261808367071525,5000
421,2,evaluate,2.30307382873342,0.1856,0.03712,0.2,0.06261808367071525,5000
421,3,evaluate,2.3028136265428762,0.0,0.0,0.0,0.0,5000
421,4,evaluate,2.30307382873342,0.1856,0.03712,0.2,0.06261808367071525,5000
421,5,evaluate,2.3028136265428762,0.0,0.0,0.0,0.0,5000
422,0,evaluate,2.3027985759928256,0.1966,0.03932,0.2,0.0657195386929634,5000
422,1,evaluate,2.3027985759928256,0.1966,0.03932,0.2,0.0657195386929634,5000
422,2,evaluate,2.3033208786686763,0.0,0.0,0.0,0.0,5000
422,3,evaluate,2.3027985759928256,0.1966,0.03932,0.2,0.0657195386929634,5000
422,4,evaluate,2.3033208786686763,0.0,0.0,0.0,0.0,5000
422,5,evaluate,2.3033208786686763,0.0,0.0,0.0,0.0,5000
423,0,evaluate,2.303403428838223,0.0,0.0,0.0,0.0,5000
423,1,evaluate,2.303403428838223,0.0,0.0,0.0,0.0,5000
423,2,evaluate,2.302868963796881,0.1966,0.03932,0.2,0.0657195386929634,5000
423,3,evaluate,2.303403428838223,0.0,0.0,0.0,0.0,5000
423,4,evaluate,2.302868963796881,0.1966,0.03932,0.2,0.0657195386929634,5000
423,5,evaluate,2.302868963796881,0.1966,0.03932,0.2,0.0657195386929634,5000
424,0,evaluate,2.303232582309578,0.0,0.0,0.0,0.0,5000
424,1,evaluate,2.303232582309578,0.0,0.0,0.0,0.0,5000
424,2,evaluate,2.303232582309578,0.0,0.0,0.0,0.0,5000
424,3,evaluate,2.302817450294012,0.1926,0.03852,0.2,0.06459835653194701,5000
424,4,evaluate,2.302817450294012,0.1926,0.03852,0.2,0.06459835653194701,5000
424,5,evaluate,2.302817450294012,0.1926,0.03852,0.2,0.06459835653194701,5000
425,0,evaluate,2.3026849469052086,0.0,0.0,0.0,0.0,5000
425,1,evaluate,2.3026849469052086,0.0,0.0,0.0,0.0,5000
425,2,evaluate,2.3028209511237807,0.1926,0.03852,0.2,0.06459835653194701,5000
425,3,evaluate,2.3028209511237807,0.1926,0.03852,0.2,0.06459835653194701,5000
425,4,evaluate,2.3028209511237807,0.1926,0.03852,0.2,0.06459835653194701,5000
425,5,evaluate,2.3026849469052086,0.0,0.0,0.0,0.0,5000
426,0,evaluate,2.302450614639475,0.0,0.0,0.0,0.0,5000
426,1,evaluate,2.3027410748638686,0.1992,0.03984,0.2,0.06644429619746497,5000
426,2,evaluate,2.302450614639475,0.0,0.0,0.0,0.0,5000
426,3,evaluate,2.3027410748638686,0.1992,0.03984,0.2,0.06644429619746497,5000
426,4,evaluate,2.302450614639475,0.0,0.0,0.0,0.0,5000
426,5,evaluate,2.3027410748638686,0.1992,0.03984,0.2,0.06644429619746497,5000
427,0,evaluate,2.3028207127052016,0.1992,0.03984,0.2,0.06644429619746497,5000
427,1,evaluate,2.3025306448151794,0.0,0.0,0.0,0.0,5000
427,2,evaluate,2.3025306448151794,0.0,0.0,0.0,0.0,5000
427,3,evaluate,2.3028207127052016,0.1992,0.03984,0.2,0.06644429619746497,5000
427,4,evaluate,2.3028207127052016,0.1992,0.03984,0.2,0.06644429619746497,5000
427,5,evaluate,2.3025306448151794,0.0,0.0,0.0,0.0,5000
428,0,evaluate,2.3028468451922453,0.1966,0.03932,0.2,0.0657195386929634,5000
428,1,evaluate,2.3032278984407837,0.0,0.0,0.0,0.0,5000
428,2,evaluate,2.3028468451922453,0.1966,0.03932,0.2,0.0657195386929634,5000
428,3,evaluate,2.3028468451922453,0.1966,0.03932,0.2,0.0657195386929634,5000
428,4,evaluate,2.3032278984407837,0.0,0.0,0.0,0.0,5000
428,5,evaluate,2.3032278984407837,0.0,0.0,0.0,0.0,5000
429,0,evaluate,2.303702556634251,0.1962,0.039240000000000004,0.2,0.06560775790001672,5000
429,1,evaluate,2.303702556634251,0.1962,0.039240000000000004,0.2,0.06560775790001672,5000
429,2,evaluate,2.302781606022316,0.0,0.0,0.0,0.0,5000
429,3,evaluate,2.302781606022316,0.0,0.0,0.0,0.0,5000
429,4,evaluate,2.303702556634251,0.1962,0.039240000000000004,0.2,0.06560775790001672,5000
429,5,evaluate,2.302781606022316,0.0,0.0,0.0,0.0,5000
430,0,evaluate,2.3026111699357816,0.0,0.0,0.0,0.0,5000
430,1,evaluate,2.303492117531692,0.1856,0.03712,0.2,0.06261808367071525,5000
430,2,evaluate,2.303492117531692,0.1856,0.03712,0.2,0.06261808367071525,5000
430,3,evaluate,2.303492117531692,0.1856,0.03712,0.2,0.06261808367071525,5000
430,4,evaluate,2.3026111699357816,0.0,0.0,0.0,0.0,5000
430,5,evaluate,2.3026111699357816,0.0,0.0,0.0,0.0,5000
431,0,evaluate,2.3026942663554903,0.1926,0.03852,0.2,0.06459835653194701,5000
431,1,evaluate,2.3026942663554903,0.1926,0.03852,0.2,0.06459835653194701,5000
431,2,evaluate,2.3029794874070566,0.0,0.0,0.0,0.0,5000
431,3,evaluate,2.3026942663554903,0.1926,0.03852,0.2,0.06459835653194701,5000
431,4,evaluate,2.3029794874070566,0.0,0.0,0.0,0.0,5000
431,5,evaluate,2.3029794874070566,0.0,0.0,0.0,0.0,5000
432,0,evaluate,2.3028559503676016,0.1926,0.03852,0.2,0.06459835653194701,5000
432,1,evaluate,2.302528559407101,0.0,0.0,0.0,0.0,5000
432,2,evaluate,2.3028559503676016,0.1926,0.03852,0.2,0.06459835653194701,5000
432,3,evaluate,2.302528559407101,0.0,0.0,0.0,0.0,5000
432,4,evaluate,2.3028559503676016,0.1926,0.03852,0.2,0.06459835653194701,5000
432,5,evaluate,2.302528559407101,0.0,0.0,0.0,0.0,5000
433,0,evaluate,2.302570563328417,0.0,0.0,0.0,0.0,5000
433,1,evaluate,2.302570563328417,0.0,0.0,0.0,0.0,5000
433,2,evaluate,2.3028015818776963,0.1992,0.03984,0.2,0.06644429619746497,5000
433,3,evaluate,2.302570563328417,0.0,0.0,0.0,0.0,5000
433,4,evaluate,2.3028015818776963,0.1992,0.03984,0.2,0.06644429619746497,5000
433,5,evaluate,2.3028015818776963,0.1992,0.03984,0.2,0.06644429619746497,5000
434,0,evaluate,2.3030596594267254,0.1962,0.039240000000000004,0.2,0.06560775790001672,5000
434,1,evaluate,2.3030211472813087,0.0,0.0,0.0,0.0,5000
434,2,evaluate,2.3030211472813087,0.0,0.0,0.0,0.0,5000
434,3,evaluate,2.3030596594267254,0.1962,0.039240000000000004,0.2,0.06560775790001672,5000
434,4,evaluate,2.3030596594267254,0.1962,0.039240000000000004,0.2,0.06560775790001672,5000
434,5,evaluate,2.3030211472813087,0.0,0.0,0.0,0.0,5000
435,0,evaluate,2.302902085871636,0.0,0.0,0.0,0.0,5000
435,1,evaluate,2.302902085871636,0.0,0.0,0.0,0.0,5000
435,2,evaluate,2.3036898419826843,0.1962,0.039240000000000004,0.2,0.06560775790001672,5000
435,3,evaluate,2.3036898419826843,0.1962,0.039240000000000004,0.2,0.06560775790001672,5000
435,4,evaluate,2.302902085871636,0.0,0.0,0.0,0.0,5000
435,5,evaluate,2.3036898419826843,0.1962,0.039240000000000004,0.2,0.06560775790001672,5000
436,0,evaluate,2.304063262818735,0.1856,0.03712,0.2,0.06261808367071525,5000
436,1,evaluate,2.302693741231025,0.0,0.0,0.0,0.0,5000
436,2,evaluate,2.304063262818735,0.1856,0.03712,0.2,0.06261808367071525,5000
436,3,evaluate,2.302693741231025,0.0,0.0,0.0,0.0,5000
436,4,evaluate,2.302693741231025,0.0,0.0,0.0,0.0,5000
436,5,evaluate,2.304063262818735,0.1856,0.03712,0.2,0.06261808367071525,5000
437,0,evaluate,2.303845997098126,0.1856,0.03712,0.2,0.06261808367071525,5000
437,1,evaluate,2.303845997098126,0.1856,0.03712,0.2,0.06261808367071525,5000
437,2,evaluate,2.3026763578004474,0.0,0.0,0.0,0.0,5000
437,3,evaluate,2.3026763578004474,0.0,0.0,0.0,0.0,5000
437,4,evaluate,2.3026763578004474,0.0,0.0,0.0,0.0,5000
437,5,evaluate,2.303845997098126,0.1856,0.03712,0.2,0.06261808367071525,5000
438,0,evaluate,2.3031442738786527,0.1856,0.03712,0.2,0.06261808367071525,5000
438,1,evaluate,2.302764744698247,0.0,0.0,0.0,0.0,5000
438,2,evaluate,2.3031442738786527,0.1856,0.03712,0.2,0.06261808367071525,5000
438,3,evaluate,2.302764744698247,0.0,0.0,0.0,0.0,5000
438,4,evaluate,2.302764744698247,0.0,0.0,0.0,0.0,5000
438,5,evaluate,2.3031442738786527,0.1856,0.03712,0.2,0.06261808367071525,5000
439,0,evaluate,2.302470053298564,0.2018,0.04036,0.2,0.0671659177899817,5000
439,1,evaluate,2.302780027630963,0.0,0.0,0.0,0.0,5000
439,2,evaluate,2.302780027630963,0.0,0.0,0.0,0.0,5000
439,3,evaluate,2.302470053298564,0.2018,0.04036,0.2,0.0671659177899817,5000
439,4,evaluate,2.302470053298564,0.2018,0.04036,0.2,0.0671659177899817,5000
439,5,evaluate,2.302780027630963,0.0,0.0,0.0,0.0,5000
440,0,evaluate,2.3025966264024564,0.0,0.0,0.0,0.0,5000
440,1,evaluate,2.3030058492588092,0.1966,0.03932,0.2,0.0657195386929634,5000
440,2,evaluate,2.3030058492588092,0.1966,0.03932,0.2,0.0657195386929634,5000
440,3,evaluate,2.3030058492588092,0.1966,0.03932,0.2,0.0657195386929634,5000
440,4,evaluate,2.3025966264024564,0.0,0.0,0.0,0.0,5000
440,5,evaluate,2.3025966264024564,0.0,0.0,0.0,0.0,5000
441,0,evaluate,2.3032886951784546,0.0,0.0,0.0,0.0,5000
441,1,evaluate,2.303217498562004,0.1962,0.039240000000000004,0.2,0.06560775790001672,5000
441,2,evaluate,2.3032886951784546,0.0,0.0,0.0,0.0,5000
441,3,evaluate,2.303217498562004,0.1962,0.039240000000000004,0.2,0.06560775790001672,5000
441,4,evaluate,2.303217498562004,0.1962,0.039240000000000004,0.2,0.06560775790001672,5000
441,5,evaluate,2.3032886951784546,0.0,0.0,0.0,0.0,5000
442,0,evaluate,2.3035023816024203,0.1962,0.039240000000000004,0.2,0.06560775790001672,5000
442,1,evaluate,2.3035023816024203,0.1962,0.039240000000000004,0.2,0.06560775790001672,5000
442,2,evaluate,2.3035023816024203,0.1962,0.039240000000000004,0.2,0.06560775790001672,5000
442,3,evaluate,2.302891812747038,0.0,0.0,0.0,0.0,5000
442,4,evaluate,2.302891812747038,0.0,0.0,0.0,0.0,5000
442,5,evaluate,2.302891812747038,0.0,0.0,0.0,0.0,5000
443,0,evaluate,2.3026942663554903,0.0,0.0,0.0,0.0,5000
443,1,evaluate,2.303561928906018,0.1856,0.03712,0.2,0.06261808367071525,5000
443,2,evaluate,2.3026942663554903,0.0,0.0,0.0,0.0,5000
443,3,evaluate,2.303561928906018,0.1856,0.03712,0.2,0.06261808367071525,5000
443,4,evaluate,2.303561928906018,0.1856,0.03712,0.2,0.06261808367071525,5000
443,5,evaluate,2.3026942663554903,0.0,0.0,0.0,0.0,5000
444,0,evaluate,2.302658684646027,0.0,0.0,0.0,0.0,5000
444,1,evaluate,2.302658684646027,0.0,0.0,0.0,0.0,5000
444,2,evaluate,2.3033126185211956,0.1856,0.03712,0.2,0.06261808367071525,5000
444,3,evaluate,2.3033126185211956,0.1856,0.03712,0.2,0.06261808367071525,5000
444,4,evaluate,2.3033126185211956,0.1856,0.03712,0.2,0.06261808367071525,5000
444,5,evaluate,2.302658684646027,0.0,0.0,0.0,0.0,5000
445,0,evaluate,2.30268441574483,0.1992,0.03984,0.2,0.06644429619746497,5000
445,1,evaluate,2.302916351752945,0.0,0.0,0.0,0.0,5000
445,2,evaluate,2.302916351752945,0.0,0.0,0.0,0.0,5000
445,3,evaluate,2.302916351752945,0.0,0.0,0.0,0.0,5000
445,4,evaluate,2.30268441574483,0.1992,0.03984,0.2,0.06644429619746497,5000
445,5,evaluate,2.30268441574483,0.1992,0.03984,0.2,0.06644429619746497,5000
446,0,evaluate,2.302751704107357,0.1962,0.039240000000000004,0.2,0.06560775790001672,5000
446,1,evaluate,2.302751704107357,0.1962,0.039240000000000004,0.2,0.06560775790001672,5000
446,2,evaluate,2.302751704107357,0.1962,0.039240000000000004,0.2,0.06560775790001672,5000
446,3,evaluate,2.3028938800473755,0.0,0.0,0.0,0.0,5000
446,4,evaluate,2.3028938800473755,0.0,0.0,0.0,0.0,5000
446,5,evaluate,2.3028938800473755,0.0,0.0,0.0,0.0,5000
447,0,evaluate,2.303067822999592,0.1966,0.03932,0.2,0.0657195386929634,5000
447,1,evaluate,2.303067822999592,0.1966,0.03932,0.2,0.0657195386929634,5000
447,2,evaluate,2.3028465826300124,0.0,0.0,0.0,0.0,5000
447,3,evaluate,2.303067822999592,0.1966,0.03932,0.2,0.0657195386929634,5000
447,4,evaluate,2.3028465826300124,0.0,0.0,0.0,0.0,5000
447,5,evaluate,2.3028465826300124,0.0,0.0,0.0,0.0,5000
448,0,evaluate,2.303087008150318,0.2012,0.04024,0.2,0.066999666999667,5000
448,1,evaluate,2.303087008150318,0.2012,0.04024,0.2,0.066999666999667,5000
448,2,evaluate,2.3030227830138386,0.0,0.0,0.0,0.0,5000
448,3,evaluate,2.3030227830138386,0.0,0.0,0.0,0.0,5000
448,4,evaluate,2.303087008150318,0.2012,0.04024,0.2,0.066999666999667,5000
448,5,evaluate,2.3030227830138386,0.0,0.0,0.0,0.0,5000
449,0,evaluate,2.3027337502829637,0.0,0.0,0.0,0.0,5000
449,1,evaluate,2.3032041471215745,0.1856,0.03712,0.2,0.06261808367071525,5000
449,2,evaluate,2.3032041471215745,0.1856,0.03712,0.2,0.06261808367071525,5000
449,3,evaluate,2.3027337502829637,0.0,0.0,0.0,0.0,5000
449,4,evaluate,2.3032041471215745,0.1856,0.03712,0.2,0.06261808367071525,5000
449,5,evaluate,2.3027337502829637,0.0,0.0,0.0,0.0,5000
450,0,evaluate,2.30325857898857,0.1856,0.03712,0.2,0.06261808367071525,5000
450,1,evaluate,2.30325857898857,0.1856,0.03712,0.2,0.06261808367071525,5000
450,2,evaluate,2.30325857898857,0.1856,0.03712,0.2,0.06261808367071525,5000
450,3,evaluate,2.302520872671393,0.0,0.0,0.0,0.0,5000
450,4,evaluate,2.302520872671393,0.0,0.0,0.0,0.0,5000
450,5,evaluate,2.302520872671393,0.0,0.0,0.0,0.0,5000
451,0,evaluate,2.3024870443947707,0.0,0.0,0.0,0.0,5000
451,1,evaluate,2.303162728683858,0.2018,0.04036,0.2,0.0671659177899817,5000
451,2,evaluate,2.3024870443947707,0.0,0.0,0.0,0.0,5000
451,3,evaluate,2.303162728683858,0.2018,0.04036,0.2,0.0671659177899817,5000
451,4,evaluate,2.303162728683858,0.2018,0.04036,0.2,0.0671659177899817,5000
451,5,evaluate,2.3024870443947707,0.0,0.0,0.0,0.0,5000
452,0,evaluate,2.303084412707558,0.1962,0.039240000000000004,0.2,0.06560775790001672,5000
452,1,evaluate,2.303084412707558,0.1962,0.039240000000000004,0.2,0.06560775790001672,5000
452,2,evaluate,2.302693010885504,0.0,0.0,0.0,0.0,5000
452,3,evaluate,2.303084412707558,0.1962,0.039240000000000004,0.2,0.06560775790001672,5000
452,4,evaluate,2.302693010885504,0.0,0.0,0.0,0.0,5000
452,5,evaluate,2.302693010885504,0.0,0.0,0.0,0.0,5000
453,0,evaluate,2.3029522624196885,0.1962,0.039240000000000004,0.2,0.06560775790001672,5000
453,1,evaluate,2.3029522624196885,0.1962,0.039240000000000004,0.2,0.06560775790001672,5000
453,2,evaluate,2.302884430824956,0.0,0.0,0.0,0.0,5000
453,3,evaluate,2.302884430824956,0.0,0.0,0.0,0.0,5000
453,4,evaluate,2.3029522624196885,0.1962,0.039240000000000004,0.2,0.06560775790001672,5000
453,5,evaluate,2.302884430824956,0.0,0.0,0.0,0.0,5000
454,0,evaluate,2.3027470474001728,0.0,0.0,0.0,0.0,5000
454,1,evaluate,2.3029801453216168,0.1926,0.03852,0.2,0.06459835653194701,5000
454,2,evaluate,2.3027470474001728,0.0,0.0,0.0,0.0,5000
454,3,evaluate,2.3029801453216168,0.1926,0.03852,0.2,0.06459835653194701,5000
454,4,evaluate,2.3027470474001728,0.0,0.0,0.0,0.0,5000
454,5,evaluate,2.3029801453216168,0.1926,0.03852,0.2,0.06459835653194701,5000
455,0,evaluate,2.30289791505548,0.2012,0.04024,0.2,0.066999666999667,5000
455,1,evaluate,2.302950004988079,0.0,0.0,0.0,0.0,5000
455,2,evaluate,2.302950004988079,0.0,0.0,0.0,0.0,5000
455,3,evaluate,2.30289791505548,0.2012,0.04024,0.2,0.066999666999667,5000
455,4,evaluate,2.302950004988079,0.0,0.0,0.0,0.0,5000
455,5,evaluate,2.30289791505548,0.2012,0.04024,0.2,0.066999666999667,5000
456,0,evaluate,2.3031567108782034,0.1856,0.03712,0.2,0.06261808367071525,5000
456,1,evaluate,2.3027463985394827,0.0,0.0,0.0,0.0,5000
456,2,evaluate,2.3031567108782034,0.1856,0.03712,0.2,0.06261808367071525,5000
456,3,evaluate,2.3027463985394827,0.0,0.0,0.0,0.0,5000
456,4,evaluate,2.3027463985394827,0.0,0.0,0.0,0.0,5000
456,5,evaluate,2.3031567108782034,0.1856,0.03712,0.2,0.06261808367071525,5000
457,0,evaluate,2.303007626835304,0.0,0.0,0.0,0.0,5000
457,1,evaluate,2.3025035103665124,0.2052,0.04104,0.2,0.06810487885828079,5000
457,2,evaluate,2.3025035103665124,0.2052,0.04104,0.2,0.06810487885828079,5000
457,3,evaluate,2.303007626835304,0.0,0.0,0.0,0.0,5000
457,4,evaluate,2.303007626835304,0.0,0.0,0.0,0.0,5000
457,5,evaluate,2.3025035103665124,0.2052,0.04104,0.2,0.06810487885828079,5000
458,0,evaluate,2.3024409873576106,0.0,0.0,0.0,0.0,5000
458,1,evaluate,2.303045686287216,0.1856,0.03712,0.2,0.06261808367071525,5000
458,2,evaluate,2.303045686287216,0.1856,0.03712,0.2,0.06261808367071525,5000
458,3,evaluate,2.303045686287216,0.1856,0.03712,0.2,0.06261808367071525,5000
458,4,evaluate,2.3024409873576106,0.0,0.0,0.0,0.0,5000
458,5,evaluate,2.3024409873576106,0.0,0.0,0.0,0.0,5000
459,0,evaluate,2.3030601966230173,0.1962,0.039240000000000004,0.2,0.06560775790001672,5000
459,1,evaluate,2.3030601966230173,0.1962,0.039240000000000004,0.2,0.06560775790001672,5000
459,2,evaluate,2.302579900886439,0.0,0.0,0.0,0.0,5000
459,3,evaluate,2.302579900886439,0.0,0.0,0.0,0.0,5000
459,4,evaluate,2.302579900886439,0.0,0.0,0.0,0.0,5000
459,5,evaluate,2.3030601966230173,0.1962,0.039240000000000004,0.2,0.06560775790001672,5000
460,0,evaluate,2.3030448714389076,0.1962,0.039240000000000004,0.2,0.06560775790001672,5000
460,1,evaluate,2.3027488762819313,0.0,0.0,0.0,0.0,5000
460,2,evaluate,2.3027488762819313,0.0,0.0,0.0,0.0,5000
460,3,evaluate,2.3027488762819313,0.0,0.0,0.0,0.0,5000
460,4,evaluate,2.3030448714389076,0.1962,0.039240000000000004,0.2,0.06560775790001672,5000
460,5,evaluate,2.3030448714389076,0.1962,0.039240000000000004,0.2,0.06560775790001672,5000
461,0,evaluate,2.303432549102397,0.0,0.0,0.0,0.0,5000
461,1,evaluate,2.302912153775179,0.1926,0.03852,0.2,0.06459835653194701,5000
461,2,evaluate,2.303432549102397,0.0,0.0,0.0,0.0,5000
461,3,evaluate,2.303432549102397,0.0,0.0,0.0,0.0,5000
461,4,evaluate,2.302912153775179,0.1926,0.03852,0.2,0.06459835653194701,5000
461,5,evaluate,2.302912153775179,0.1926,0.03852,0.2,0.06459835653194701,5000
462,0,evaluate,2.3032499747940256,0.0,0.0,0.0,0.0,5000
462,1,evaluate,2.3029627649089957,0.1926,0.03852,0.2,0.06459835653194701,5000
462,2,evaluate,2.3029627649089957,0.1926,0.03852,0.2,0.06459835653194701,5000
462,3,evaluate,2.3032499747940256,0.0,0.0,0.0,0.0,5000
462,4,evaluate,2.3032499747940256,0.0,0.0,0.0,0.0,5000
462,5,evaluate,2.3029627649089957,0.1926,0.03852,0.2,0.06459835653194701,5000
463,0,evaluate,2.3028885624076745,0.1966,0.03932,0.2,0.0657195386929634,5000
463,1,evaluate,2.303059743929513,0.0,0.0,0.0,0.0,5000
463,2,evaluate,2.303059743929513,0.0,0.0,0.0,0.0,5000
463,3,evaluate,2.3028885624076745,0.1966,0.03932,0.2,0.0657195386929634,5000
463,4,evaluate,2.303059743929513,0.0,0.0,0.0,0.0,5000
463,5,evaluate,2.3028885624076745,0.1966,0.03932,0.2,0.0657195386929634,5000
464,0,evaluate,2.302710928494417,0.0,0.0,0.0,0.0,5000
464,1,evaluate,2.3025876298735413,0.1992,0.03984,0.2,0.06644429619746497,5000
464,2,evaluate,2.3025876298735413,0.1992,0.03984,0.2,0.06644429619746497,5000
464,3,evaluate,2.302710928494417,0.0,0.0,0.0,0.0,5000
464,4,evaluate,2.3025876298735413,0.1992,0.03984,0.2,0.06644429619746497,5000
464,5,evaluate,2.302710928494417,0.0,0.0,0.0,0.0,5000
465,0,evaluate,2.302592159826544,0.0,0.0,0.0,0.0,5000
465,1,evaluate,2.302554951438421,0.2152,0.04304,0.2,0.07083607636603029,5000
465,2,evaluate,2.302554951438421,0.2152,0.04304,0.2,0.07083607636603029,5000
465,3,evaluate,2.302592159826544,0.0,0.0,0.0,0.0,5000
465,4,evaluate,2.302592159826544,0.0,0.0,0.0,0.0,5000
465,5,evaluate,2.302554951438421,0.2152,0.04304,0.2,0.07083607636603029,5000
466,0,evaluate,2.302854969531675,0.1962,0.039240000000000004,0.2,0.06560775790001672,5000
466,1,evaluate,2.302803093874002,0.0,0.0,0.0,0.0,5000
466,2,evaluate,2.302803093874002,0.0,0.0,0.0,0.0,5000
466,3,evaluate,2.302854969531675,0.1962,0.039240000000000004,0.2,0.06560775790001672,5000
466,4,evaluate,2.302854969531675,0.1962,0.039240000000000004,0.2,0.06560775790001672,5000
466,5,evaluate,2.302803093874002,0.0,0.0,0.0,0.0,5000
467,0,evaluate,2.3032130319860915,0.0,0.0,0.0,0.0,5000
467,1,evaluate,2.3032130319860915,0.0,0.0,0.0,0.0,5000
467,2,evaluate,2.3032130319860915,0.0,0.0,0.0,0.0,5000
467,3,evaluate,2.30281534074228,0.2064,0.04128,0.2,0.06843501326259946,5000
467,4,evaluate,2.30281534074228,0.2064,0.04128,0.2,0.06843501326259946,5000
467,5,evaluate,2.30281534074228,0.2064,0.04128,0.2,0.06843501326259946,5000
468,0,evaluate,2.3034738770014123,0.1856,0.03712,0.2,0.06261808367071525,5000
468,1,evaluate,2.3034738770014123,0.1856,0.03712,0.2,0.06261808367071525,5000
468,2,evaluate,2.3026915622662893,0.0,0.0,0.0,0.0,5000
468,3,evaluate,2.3026915622662893,0.0,0.0,0.0,0.0,5000
468,4,evaluate,2.3026915622662893,0.0,0.0,0.0,0.0,5000
468,5,evaluate,2.3034738770014123,0.1856,0.03712,0.2,0.06261808367071525,5000
469,0,evaluate,2.3027555731278433,0.0,0.0,0.0,0.0,5000
469,1,evaluate,2.303494082221502,0.1856,0.03712,0.2,0.06261808367071525,5000
469,2,evaluate,2.3027555731278433,0.0,0.0,0.0,0.0,5000
469,3,evaluate,2.303494082221502,0.1856,0.03712,0.2,0.06261808367071525,5000
469,4,evaluate,2.303494082221502,0.1856,0.03712,0.2,0.06261808367071525,5000
469,5,evaluate,2.3027555731278433,0.0,0.0,0.0,0.0,5000
470,0,evaluate,2.3026968587802936,0.2052,0.04104,0.2,0.06810487885828079,5000
470,1,evaluate,2.3026968587802936,0.2052,0.04104,0.2,0.06810487885828079,5000
470,2,evaluate,2.302914987636518,0.0,0.0,0.0,0.0,5000
470,3,evaluate,2.302914987636518,0.0,0.0,0.0,0.0,5000
470,4,evaluate,2.3026968587802936,0.2052,0.04104,0.2,0.06810487885828079,5000
470,5,evaluate,2.302914987636518,0.0,0.0,0.0,0.0,5000
471,0,evaluate,2.3027051008200345,0.0,0.0,0.0,0.0,5000
471,1,evaluate,2.3027051008200345,0.0,0.0,0.0,0.0,5000
471,2,evaluate,2.3026832719392414,0.1926,0.03852,0.2,0.06459835653194701,5000
471,3,evaluate,2.3026832719392414,0.1926,0.03852,0.2,0.06459835653194701,5000
471,4,evaluate,2.3026832719392414,0.1926,0.03852,0.2,0.06459835653194701,5000
471,5,evaluate,2.3027051008200345,0.0,0.0,0.0,0.0,5000
472,0,evaluate,2.3029162793219844,0.0,0.0,0.0,0.0,5000
472,1,evaluate,2.3029162793219844,0.0,0.0,0.0,0.0,5000
472,2,evaluate,2.302701295176639,0.2064,0.04128,0.2,0.06843501326259946,5000
472,3,evaluate,2.302701295176639,0.2064,0.04128,0.2,0.06843501326259946,5000
472,4,evaluate,2.3029162793219844,0.0,0.0,0.0,0.0,5000
472,5,evaluate,2.302701295176639,0.2064,0.04128,0.2,0.06843501326259946,5000
473,0,evaluate,2.3034264467939547,0.1962,0.039240000000000004,0.2,0.06560775790001672,5000
473,1,evaluate,2.3027261782296096,0.0,0.0,0.0,0.0,5000
473,2,evaluate,2.3034264467939547,0.1962,0.039240000000000004,0.2,0.06560775790001672,5000
473,3,evaluate,2.3027261782296096,0.0,0.0,0.0,0.0,5000
473,4,evaluate,2.3027261782296096,0.0,0.0,0.0,0.0,5000
473,5,evaluate,2.3034264467939547,0.1962,0.039240000000000004,0.2,0.06560775790001672,5000
474,0,evaluate,2.3035291870938073,0.1856,0.03712,0.2,0.06261808367071525,5000
474,1,evaluate,2.3027144564857966,0.0,0.0,0.0,0.0,5000
474,2,evaluate,2.3027144564857966,0.0,0.0,0.0,0.0,5000
474,3,evaluate,2.3027144564857966,0.0,0.0,0.0,0.0,5000
474,4,evaluate,2.3035291870938073,0.1856,0.03712,0.2,0.06261808367071525,5000
474,5,evaluate,2.3035291870938073,0.1856,0.03712,0.2,0.06261808367071525,5000
475,0,evaluate,2.3032875574087797,0.1856,0.03712,0.2,0.06261808367071525,5000
475,1,evaluate,2.302789313883721,0.0,0.0,0.0,0.0,5000
475,2,evaluate,2.302789313883721,0.0,0.0,0.0,0.0,5000
475,3,evaluate,2.302789313883721,0.0,0.0,0.0,0.0,5000
475,4,evaluate,2.3032875574087797,0.1856,0.03712,0.2,0.06261808367071525,5000
475,5,evaluate,2.3032875574087797,0.1856,0.03712,0.2,0.06261808367071525,5000
476,0,evaluate,2.3029684235778034,0.1856,0.03712,0.2,0.06261808367071525,5000
476,1,evaluate,2.3028377551066725,0.0,0.0,0.0,0.0,5000
476,2,evaluate,2.3029684235778034,0.1856,0.03712,0.2,0.06261808367071525,5000
476,3,evaluate,2.3028377551066725,0.0,0.0,0.0,0.0,5000
476,4,evaluate,2.3029684235778034,0.1856,0.03712,0.2,0.06261808367071525,5000
476,5,evaluate,2.3028377551066725,0.0,0.0,0.0,0.0,5000
477,0,evaluate,2.3027372148972525,0.0,0.0,0.0,0.0,5000
477,1,evaluate,2.3027372148972525,0.0,0.0,0.0,0.0,5000
477,2,evaluate,2.3028040022789678,0.1926,0.03852,0.2,0.06459835653194701,5000
477,3,evaluate,2.3027372148972525,0.0,0.0,0.0,0.0,5000
477,4,evaluate,2.3028040022789678,0.1926,0.03852,0.2,0.06459835653194701,5000
477,5,evaluate,2.3028040022789678,0.1926,0.03852,0.2,0.06459835653194701,5000
478,0,evaluate,2.3026333730432054,0.0,0.0,0.0,0.0,5000
478,1,evaluate,2.3026333730432054,0.0,0.0,0.0,0.0,5000
478,2,evaluate,2.302791797662083,0.1926,0.03852,0.2,0.06459835653194701,5000
478,3,evaluate,2.302791797662083,0.1926,0.03852,0.2,0.06459835653194701,5000
478,4,evaluate,2.302791797662083,0.1926,0.03852,0.2,0.06459835653194701,5000
478,5,evaluate,2.3026333730432054,0.0,0.0,0.0,0.0,5000
479,0,evaluate,2.3027544232863413,0.1926,0.03852,0.2,0.06459835653194701,5000
479,1,evaluate,2.30274807350545,0.0,0.0,0.0,0.0,5000
479,2,evaluate,2.3027544232863413,0.1926,0.03852,0.2,0.06459835653194701,5000
479,3,evaluate,2.3027544232863413,0.1926,0.03852,0.2,0.06459835653194701,5000
479,4,evaluate,2.30274807350545,0.0,0.0,0.0,0.0,5000
479,5,evaluate,2.30274807350545,0.0,0.0,0.0,0.0,5000
480,0,evaluate,2.3031181594993493,0.1856,0.03712,0.2,0.06261808367071525,5000
480,1,evaluate,2.3028351988973497,0.0,0.0,0.0,0.0,5000
480,2,evaluate,2.3031181594993493,0.1856,0.03712,0.2,0.06261808367071525,5000
480,3,evaluate,2.3028351988973497,0.0,0.0,0.0,0.0,5000
480,4,evaluate,2.3031181594993493,0.1856,0.03712,0.2,0.06261808367071525,5000
480,5,evaluate,2.3028351988973497,0.0,0.0,0.0,0.0,5000
481,0,evaluate,2.3030204591871817,0.0,0.0,0.0,0.0,5000
481,1,evaluate,2.3030204591871817,0.0,0.0,0.0,0.0,5000
481,2,evaluate,2.303552247300933,0.1856,0.03712,0.2,0.06261808367071525,5000
481,3,evaluate,2.303552247300933,0.1856,0.03712,0.2,0.06261808367071525,5000
481,4,evaluate,2.3030204591871817,0.0,0.0,0.0,0.0,5000
481,5,evaluate,2.303552247300933,0.1856,0.03712,0.2,0.06261808367071525,5000
482,0,evaluate,2.3034544926655443,0.0,0.0,0.0,0.0,5000
482,1,evaluate,2.302901612052435,0.1966,0.03932,0.2,0.0657195386929634,5000
482,2,evaluate,2.3034544926655443,0.0,0.0,0.0,0.0,5000
482,3,evaluate,2.3034544926655443,0.0,0.0,0.0,0.0,5000
482,4,evaluate,2.302901612052435,0.1966,0.03932,0.2,0.0657195386929634,5000
482,5,evaluate,2.302901612052435,0.1966,0.03932,0.2,0.0657195386929634,5000
483,0,evaluate,2.3024557330940345,0.0,0.0,0.0,0.0,5000
483,1,evaluate,2.3024557330940345,0.0,0.0,0.0,0.0,5000
483,2,evaluate,2.3024557330940345,0.0,0.0,0.0,0.0,5000
483,3,evaluate,2.302881382688691,0.1856,0.03712,0.2,0.06261808367071525,5000
483,4,evaluate,2.302881382688691,0.1856,0.03712,0.2,0.06261808367071525,5000
483,5,evaluate,2.302881382688691,0.1856,0.03712,0.2,0.06261808367071525,5000
484,0,evaluate,2.3024959352952017,0.0,0.0,0.0,0.0,5000
484,1,evaluate,2.3024959352952017,0.0,0.0,0.0,0.0,5000
484,2,evaluate,2.3024959352952017,0.0,0.0,0.0,0.0,5000
484,3,evaluate,2.3026552954806556,0.1962,0.039240000000000004,0.2,0.06560775790001672,5000
484,4,evaluate,2.3026552954806556,0.1962,0.039240000000000004,0.2,0.06560775790001672,5000
484,5,evaluate,2.3026552954806556,0.1962,0.039240000000000004,0.2,0.06560775790001672,5000
485,0,evaluate,2.302679656427118,0.0,0.0,0.0,0.0,5000
485,1,evaluate,2.302679656427118,0.0,0.0,0.0,0.0,5000
485,2,evaluate,2.3028204441070557,0.1926,0.03852,0.2,0.06459835653194701,5000
485,3,evaluate,2.3028204441070557,0.1926,0.03852,0.2,0.06459835653194701,5000
485,4,evaluate,2.3028204441070557,0.1926,0.03852,0.2,0.06459835653194701,5000
485,5,evaluate,2.302679656427118,0.0,0.0,0.0,0.0,5000
486,0,evaluate,2.3030323620083966,0.0,0.0,0.0,0.0,5000
486,1,evaluate,2.3030323620083966,0.0,0.0,0.0,0.0,5000
486,2,evaluate,2.303358913976935,0.1856,0.03712,0.2,0.06261808367071525,5000
486,3,evaluate,2.303358913976935,0.1856,0.03712,0.2,0.06261808367071525,5000
486,4,evaluate,2.3030323620083966,0.0,0.0,0.0,0.0,5000
486,5,evaluate,2.303358913976935,0.1856,0.03712,0.2,0.06261808367071525,5000
487,0,evaluate,2.3037774985349633,0.1856,0.03712,0.2,0.06261808367071525,5000
487,1,evaluate,2.3029085261912288,0.0,0.0,0.0,0.0,5000
487,2,evaluate,2.3037774985349633,0.1856,0.03712,0.2,0.06261808367071525,5000
487,3,evaluate,2.3029085261912288,0.0,0.0,0.0,0.0,5000
487,4,evaluate,2.3029085261912288,0.0,0.0,0.0,0.0,5000
487,5,evaluate,2.3037774985349633,0.1856,0.03712,0.2,0.06261808367071525,5000
488,0,evaluate,2.3026781202871587,0.0,0.0,0.0,0.0,5000
488,1,evaluate,2.3026781202871587,0.0,0.0,0.0,0.0,5000
488,2,evaluate,2.303776991518238,0.1856,0.03712,0.2,0.06261808367071525,5000
488,3,evaluate,2.3026781202871587,0.0,0.0,0.0,0.0,5000
488,4,evaluate,2.303776991518238,0.1856,0.03712,0.2,0.06261808367071525,5000
488,5,evaluate,2.303776991518238,0.1856,0.03712,0.2,0.06261808367071525,5000
489,0,evaluate,2.3025151898589313,0.0,0.0,0.0,0.0,5000
489,1,evaluate,2.3033639268030095,0.1856,0.03712,0.2,0.06261808367071525,5000
489,2,evaluate,2.3025151898589313,0.0,0.0,0.0,0.0,5000
489,3,evaluate,2.3033639268030095,0.1856,0.03712,0.2,0.06261808367071525,5000
489,4,evaluate,2.3033639268030095,0.1856,0.03712,0.2,0.06261808367071525,5000
489,5,evaluate,2.3025151898589313,0.0,0.0,0.0,0.0,5000
490,0,evaluate,2.302677930155887,0.0,0.0,0.0,0.0,5000
490,1,evaluate,2.3027992339073857,0.1962,0.039240000000000004,0.2,0.06560775790001672,5000
490,2,evaluate,2.302677930155887,0.0,0.0,0.0,0.0,5000
490,3,evaluate,2.3027992339073857,0.1962,0.039240000000000004,0.2,0.06560775790001672,5000
490,4,evaluate,2.3027992339073857,0.1962,0.039240000000000004,0.2,0.06560775790001672,5000
490,5,evaluate,2.302677930155887,0.0,0.0,0.0,0.0,5000
491,0,evaluate,2.3027021462404273,0.0,0.0,0.0,0.0,5000
491,1,evaluate,2.3027021462404273,0.0,0.0,0.0,0.0,5000
491,2,evaluate,2.303111909311029,0.1992,0.03984,0.2,0.06644429619746497,5000
491,3,evaluate,2.303111909311029,0.1992,0.03984,0.2,0.06644429619746497,5000
491,4,evaluate,2.3027021462404273,0.0,0.0,0.0,0.0,5000
491,5,evaluate,2.303111909311029,0.1992,0.03984,0.2,0.06644429619746497,5000
492,0,evaluate,2.3028262747993953,0.0,0.0,0.0,0.0,5000
492,1,evaluate,2.3028262747993953,0.0,0.0,0.0,0.0,5000
492,2,evaluate,2.30326867707168,0.1992,0.03984,0.2,0.06644429619746497,5000
492,3,evaluate,2.3028262747993953,0.0,0.0,0.0,0.0,5000
492,4,evaluate,2.30326867707168,0.1992,0.03984,0.2,0.06644429619746497,5000
492,5,evaluate,2.30326867707168,0.1992,0.03984,0.2,0.06644429619746497,5000
493,0,evaluate,2.303194393085528,0.0,0.0,0.0,0.0,5000
493,1,evaluate,2.303194393085528,0.0,0.0,0.0,0.0,5000
493,2,evaluate,2.303110394296767,0.1926,0.03852,0.2,0.06459835653194701,5000
493,3,evaluate,2.303194393085528,0.0,0.0,0.0,0.0,5000
493,4,evaluate,2.303110394296767,0.1926,0.03852,0.2,0.06459835653194701,5000
493,5,evaluate,2.303110394296767,0.1926,0.03852,0.2,0.06459835653194701,5000
494,0,evaluate,2.30290016343322,0.0,0.0,0.0,0.0,5000
494,1,evaluate,2.3034696548799927,0.1856,0.03712,0.2,0.06261808367071525,5000
494,2,evaluate,2.30290016343322,0.0,0.0,0.0,0.0,5000
494,3,evaluate,2.3034696548799927,0.1856,0.03712,0.2,0.06261808367071525,5000
494,4,evaluate,2.30290016343322,0.0,0.0,0.0,0.0,5000
494,5,evaluate,2.3034696548799927,0.1856,0.03712,0.2,0.06261808367071525,5000
495,0,evaluate,2.3035511849801753,0.1856,0.03712,0.2,0.06261808367071525,5000
495,1,evaluate,2.3035511849801753,0.1856,0.03712,0.2,0.06261808367071525,5000
495,2,evaluate,2.302613152733332,0.0,0.0,0.0,0.0,5000
495,3,evaluate,2.302613152733332,0.0,0.0,0.0,0.0,5000
495,4,evaluate,2.302613152733332,0.0,0.0,0.0,0.0,5000
495,5,evaluate,2.3035511849801753,0.1856,0.03712,0.2,0.06261808367071525,5000
496,0,evaluate,2.3024700472626507,0.0,0.0,0.0,0.0,5000
496,1,evaluate,2.3031086680255357,0.2018,0.04036,0.2,0.0671659177899817,5000
496,2,evaluate,2.3024700472626507,0.0,0.0,0.0,0.0,5000
496,3,evaluate,2.3031086680255357,0.2018,0.04036,0.2,0.0671659177899817,5000
496,4,evaluate,2.3024700472626507,0.0,0.0,0.0,0.0,5000
496,5,evaluate,2.3031086680255357,0.2018,0.04036,0.2,0.0671659177899817,5000
497,0,evaluate,2.3028101860722408,0.0,0.0,0.0,0.0,5000
497,1,evaluate,2.302603398697286,0.1966,0.03932,0.2,0.0657195386929634,5000
497,2,evaluate,2.302603398697286,0.1966,0.03932,0.2,0.0657195386929634,5000
497,3,evaluate,2.3028101860722408,0.0,0.0,0.0,0.0,5000
497,4,evaluate,2.302603398697286,0.1966,0.03932,0.2,0.0657195386929634,5000
497,5,evaluate,2.3028101860722408,0.0,0.0,0.0,0.0,5000
498,0,evaluate,2.30288385137727,0.1992,0.03984,0.2,0.06644429619746497,5000
498,1,evaluate,2.302630786654315,0.0,0.0,0.0,0.0,5000
498,2,evaluate,2.302630786654315,0.0,0.0,0.0,0.0,5000
498,3,evaluate,2.30288385137727,0.1992,0.03984,0.2,0.06644429619746497,5000
498,4,evaluate,2.30288385137727,0.1992,0.03984,0.2,0.06644429619746497,5000
498,5,evaluate,2.302630786654315,0.0,0.0,0.0,0.0,5000
499,0,evaluate,2.3029137472563153,0.0,0.0,0.0,0.0,5000
499,1,evaluate,2.303094531916365,0.1992,0.03984,0.2,0.06644429619746497,5000
499,2,evaluate,2.303094531916365,0.1992,0.03984,0.2,0.06644429619746497,5000
499,3,evaluate,2.303094531916365,0.1992,0.03984,0.2,0.06644429619746497,5000
499,4,evaluate,2.3029137472563153,0.0,0.0,0.0,0.0,5000
499,5,evaluate,2.3029137472563153,0.0,0.0,0.0,0.0,5000
