round,client_id,phase,loss,accuracy,precision,recall,f1,num_examples
0,0,evaluate,2.295293613716408,0.09718056388722256,0.009723889555822329,0.1,0.01772428884026258,1667
0,1,evaluate,2.295732436356721,0.09718056388722256,0.07628205128205127,0.1011173184357542,0.019741661846925003,1667
0,2,evaluate,2.296776533126831,0.10197960407918416,0.010204081632653062,0.1,0.018518518518518517,1667
0,3,evaluate,2.2991343869103327,0.08998200359928014,0.10894357743097238,0.1006993006993007,0.017807621671258038,1667
0,4,evaluate,2.2946978586691396,0.10077984403119376,0.010077984403119376,0.1,0.018310626702997275,1667
0,5,evaluate,2.2958678581096508,0.09718056388722256,0.05966966966966967,0.10061349693251534,0.018846294267981015,1667
1,0,evaluate,2.1399524918308965,0.23035392921415718,0.20861411663954996,0.23832296645389942,0.17328626491814636,1667
1,1,evaluate,2.148728944637157,0.23995200959808038,0.2755932103604966,0.240805716446709,0.1820385831884212,1667
1,2,evaluate,2.138118849860297,0.23515296940611877,0.23528090553998077,0.2281168756765985,0.17669327753121716,1667
1,3,evaluate,2.1427168051401773,0.22795440911817635,0.2145285170967141,0.24346120494183482,0.17321704638834476,1667
1,4,evaluate,2.133817443141231,0.2531493701259748,0.24656613686570433,0.2457864362230679,0.19128057028451362,1667
1,5,evaluate,2.135737904795894,0.22735452909418116,0.2080433316698457,0.2280641905921798,0.16873815362139816,1667
2,0,evaluate,2.102055452488087,0.27654469106178764,0.2473989601197426,0.26827993150550916,0.2229506334852019,1667
2,1,evaluate,2.1661039811593517,0.27654469106178764,0.24374602969189757,0.27251521274180873,0.22272571128873148,1667
2,2,evaluate,2.1487236199555575,0.259748050389922,0.22546940274467256,0.26491371337269193,0.21467250582331276,1667
2,3,evaluate,2.140482187271118,0.28254349130173967,0.2558200093414008,0.279928720048572,0.22992982783359683,1667
2,4,evaluate,2.092088571301213,0.29154169166166766,0.25088116305315816,0.2831900556939918,0.23147562189256737,1667
2,5,evaluate,2.0634077390034995,0.262747450509898,0.244545513882073,0.27830798089003267,0.2210407273711799,1667
3,0,evaluate,3.1712887110533536,0.3203359328134373,0.3156995226814263,0.31079218328056235,0.2719901121367457,1667
3,1,evaluate,3.139735327826606,0.3287342531493701,0.31180653202842495,0.31912834559635267,0.28537231435662835,1667
3,2,evaluate,3.310218916998969,0.3023395320935813,0.2745479001451553,0.30107811563308756,0.2616945706528048,1667
3,3,evaluate,3.227411150932312,0.3023395320935813,0.36665937313811997,0.3069420792354289,0.2669793146800047,1667
3,4,evaluate,3.0405463730847395,0.29874025194961007,0.3009433306778712,0.30993934365960196,0.2667441744089759,1667
3,5,evaluate,3.427466701578211,0.31073785242951407,0.3148376210869249,0.30624147420497216,0.267797247281597,1667
4,0,evaluate,3.393593907356262,0.3629274145170966,0.3680499141593414,0.35289898725254887,0.31958460730963256,1667
4,1,evaluate,3.4618514290562383,0.33893221355728853,0.3531956310328536,0.34365994452283266,0.3066319389172553,1667
4,2,evaluate,3.6909399032592773,0.3599280143971206,0.34341738934169197,0.35475548246074196,0.32205781632153807,1667
4,3,evaluate,3.4171250219698304,0.3695260947810438,0.3738832770723583,0.36984939272039175,0.3359819943945602,1667
4,4,evaluate,3.2651370388490184,0.35272945410917816,0.37383039274337254,0.360799729506025,0.32157458328077204,1667
4,5,evaluate,3.3111883887538203,0.3713257348530294,0.3602083976183558,0.360571657907527,0.3318233183260994,1667
5,0,evaluate,2.449646547988609,0.38452309538092383,0.39248153386471285,0.38895323667261683,0.36491140503534336,1667
5,1,evaluate,2.6359105993200234,0.40611877624475107,0.40208840367834214,0.39843821110021727,0.38249074975714065,1667
5,2,evaluate,2.46498300852599,0.3797240551889622,0.38474470527783816,0.38266773881114,0.3610461657061894,1667
5,3,evaluate,2.5601201167813055,0.379124175164967,0.3780753152880008,0.3719189854582039,0.35668581060779103,1667
5,4,evaluate,2.625170173468413,0.3509298140371926,0.34529541208679937,0.35520964042607256,0.32842106969448137,1667
5,5,evaluate,2.4731234002996376,0.3935212957408518,0.38933580098542886,0.3838352269655932,0.3703764013421877,1667
6,0,evaluate,1.9742653237448797,0.3683263347330534,0.3822730536321284,0.3623699843866455,0.34833311107792897,1667
6,1,evaluate,2.034149664419669,0.38032393521295743,0.39364805482444937,0.3751353468083275,0.3639799863287061,1667
6,2,evaluate,1.9205292021786724,0.3635272945410918,0.37039080607310143,0.361600085179306,0.3446510637441259,1667
6,3,evaluate,1.940674238734775,0.3665266946610678,0.38386745711691456,0.3658121141308422,0.3517984917604343,1667
6,4,evaluate,1.880480757466069,0.37252549490101977,0.37378810712781435,0.3753947695250236,0.3535856399208291,1667
6,5,evaluate,1.9940072607111048,0.34673065386922614,0.35571791667236174,0.34864350038726594,0.3290839937888295,1667
7,0,evaluate,1.7576434523970992,0.373125374925015,0.389551065091425,0.36684715106942667,0.3585952849708336,1667
7,1,evaluate,1.7918180712947138,0.367126574685063,0.38634075416209257,0.35904713268973837,0.3480754629835575,1667
7,2,evaluate,1.7318112099612202,0.3833233353329334,0.4018711902539457,0.38552961848416595,0.3684277696276051,1667
7,3,evaluate,1.793813422874168,0.35692861427714456,0.3830299391280125,0.35735971332437144,0.34710598987177516,1667
7,4,evaluate,1.7294945231190435,0.367126574685063,0.39272766188377883,0.3671487869898228,0.3563729961525826,1667
7,5,evaluate,1.8296031996055886,0.3683263347330534,0.4014584063306025,0.36596747476757124,0.3597308158736296,1667
8,0,evaluate,1.7703977734954268,0.37252549490101977,0.40484081944475425,0.3666647223379853,0.36082171412162456,1667
8,1,evaluate,1.743217569810373,0.35392921415716855,0.39666425493022955,0.3522835343667521,0.3497311525056267,1667
8,2,evaluate,1.779303820044906,0.3677264547090582,0.42301046049312907,0.3681583064351877,0.3697261416609689,1667
8,3,evaluate,1.820459242220278,0.3755248950209958,0.42903785046893583,0.37474320293192875,0.37606783183440584,1667
8,4,evaluate,1.7660882075627644,0.3683263347330534,0.38853733098494514,0.3620515327443724,0.3566376534589052,1667
8,5,evaluate,1.7241783009635077,0.382123575284943,0.4260976069341938,0.3853463708483759,0.37553796803856865,1667
9,0,evaluate,1.6521631435111717,0.41031793641271747,0.43402854367200144,0.4052969069809098,0.4048813712227937,1667
9,1,evaluate,1.7095525927013822,0.40371925614877024,0.4453475930811021,0.4043454065125783,0.40463232592475074,1667
9,2,evaluate,1.6551971656304818,0.4013197360527894,0.43093933489290703,0.39895157666617104,0.39895843475225434,1667
9,3,evaluate,1.6125798446160775,0.4241151769646071,0.45855194886191547,0.4244572438189399,0.4201598645458682,1667
9,4,evaluate,1.6775161072059914,0.39172165566886624,0.4280927810514548,0.39302670860051203,0.39290320346300023,1667
9,5,evaluate,1.648969010070518,0.4013197360527894,0.44380725977234753,0.4008723931898457,0.4027018982421269,1667
10,0,evaluate,1.4823583673547815,0.4517096580683863,0.4691925634935097,0.4538957631615923,0.44687486647731073,1667
10,1,evaluate,1.4622060656547546,0.46130773845230955,0.47129008507705406,0.4566219349624844,0.4511729974511014,1667
10,2,evaluate,1.5430570090258564,0.4403119376124775,0.4574530154184336,0.44309035319311174,0.43808900001429746,1667
10,3,evaluate,1.5146436867890534,0.45710857828434315,0.47568640643153637,0.4583780763136368,0.4526375962045407,1667
10,4,evaluate,1.5298995662618566,0.46070785842831435,0.46385454344819166,0.45706381905092874,0.4486321522563094,1667
10,5,evaluate,1.5514812292876068,0.4523095380923815,0.45943923262286457,0.4511627324747143,0.4425492457428515,1667
11,0,evaluate,1.5715657031094585,0.4511097780443911,0.46328935833882207,0.45457205234143494,0.44366477184862996,1667
11,1,evaluate,1.531006314136364,0.48530293941211755,0.49114083455856017,0.48724775095766687,0.47746707201125016,1667
11,2,evaluate,1.563425064086914,0.4559088182363527,0.4556913697047459,0.45374993578009376,0.44199028119427386,1667
11,3,evaluate,1.471722627127612,0.47690461907618475,0.4787698034047148,0.4699174655010195,0.4623735708385464,1667
11,4,evaluate,1.4642260803116693,0.46370725854829037,0.4780743601967976,0.46890268292415893,0.4556505249298886,1667
11,5,evaluate,1.5554915534125433,0.4709058188362327,0.46195900616241825,0.4636962570092572,0.45320719939303256,1667
12,0,evaluate,1.6007126613899514,0.48050389922015596,0.474655102565115,0.4779909705169766,0.46604508879722967,1667
12,1,evaluate,1.522185292508867,0.4937012597480504,0.4832679999678233,0.48655282607755285,0.4780467231169186,1667
12,2,evaluate,1.5433009244777538,0.498500299940012,0.49298663678991855,0.5000420947401137,0.48994619700853564,1667
12,3,evaluate,1.577309043319137,0.48170365926814634,0.4718993450050511,0.47369821511893584,0.46499730097775177,1667
12,4,evaluate,1.6254065787350689,0.4673065386922616,0.45959740339293687,0.4703846723590848,0.45607666726791596,1667
12,5,evaluate,1.4983471676155373,0.47330533893221355,0.4756563529842685,0.47875283301817556,0.464777669536976,1667
13,0,evaluate,1.5764858369474057,0.48410317936412717,0.4710570698170608,0.48819156481863396,0.4709781902115358,1667
13,1,evaluate,1.4927435274477359,0.5116976604679064,0.4998105114881962,0.5029220293422567,0.49320964718252835,1667
13,2,evaluate,1.4684430846461543,0.49610077984403117,0.48735750078408036,0.49669067576390474,0.4866389966094246,1667
13,3,evaluate,1.5502613915337458,0.489502099580084,0.48233233945922266,0.48665479443242443,0.47446243127647925,1667
13,4,evaluate,1.4701800500905071,0.48890221955608876,0.4862121915055203,0.49325739036734484,0.47806521919224576,1667
13,5,evaluate,1.4702905891118225,0.5026994601079784,0.4938560337454681,0.4974608283521114,0.48671065162274446,1667
14,0,evaluate,1.4089953457867657,0.5098980203959208,0.5037893887053381,0.5012513452438083,0.492723410948898,1667
14,1,evaluate,1.4267976460633454,0.48830233953209357,0.4866109343232575,0.49084573392444825,0.4802624177759073,1667
14,2,evaluate,1.409233397907681,0.5056988602279544,0.5026089881335473,0.5039535884150391,0.4926130490828558,1667
14,3,evaluate,1.4926278061336942,0.4787042591481704,0.4755396161750598,0.48158345043287343,0.47017757685940775,1667
14,4,evaluate,1.4846214144318193,0.48470305938812236,0.4828541764936869,0.4816113648822782,0.4726836114808604,1667
14,5,evaluate,1.4036733022442571,0.5020995800839833,0.5072234551148866,0.5012878391258478,0.49646210412073855,1667
15,0,evaluate,1.392701338838648,0.4979004199160168,0.5081058706662894,0.49785826233544384,0.48929067788777114,1667
15,1,evaluate,1.4141979570742007,0.504499100179964,0.5131538859811345,0.50567467534649,0.5009072751392848,1667
15,2,evaluate,1.4632997071301495,0.47390521895620874,0.4951645556011542,0.4762376638044226,0.47442591194850303,1667
15,3,evaluate,1.3927259025750336,0.4901019796040792,0.5084191215724368,0.4898015854033514,0.48705651333407796,1667
15,4,evaluate,1.3905112125255443,0.5050989802039592,0.5177046426273236,0.500495984552183,0.49570461573028163,1667
15,5,evaluate,1.4732923728448373,0.4997000599880024,0.5124021932220674,0.49703986803189804,0.49171996584954114,1667
16,0,evaluate,1.457308535222654,0.48110377924415115,0.5073587688756411,0.48260252486542504,0.48756588926601213,1667
16,1,evaluate,1.3655891771669741,0.5188962207558488,0.5347667369381159,0.5185551715472931,0.5166483558230658,1667
16,2,evaluate,1.401042306864703,0.5062987402519497,0.5249788129950438,0.507644779645702,0.5079965197717218,1667
16,3,evaluate,1.4559823539521959,0.49610077984403117,0.5106432440884372,0.4928875101121754,0.4916562408248609,1667
16,4,evaluate,1.3939323248686615,0.48470305938812236,0.5107714552902877,0.48534733929422336,0.4895491596268694,1667
16,5,evaluate,1.3939262672706887,0.4979004199160168,0.5207089898609862,0.4942831348905963,0.493585762995637,1667
17,0,evaluate,1.380218991526851,0.5260947810437913,0.5465053978278778,0.5230030792434487,0.5254368790190455,1667
17,1,evaluate,1.4143270563196253,0.510497900419916,0.522516459764274,0.5071098842823496,0.5094200596738101,1667
17,2,evaluate,1.3731964892811246,0.4997000599880024,0.521736799894246,0.5010904195296515,0.5059967634541007,1667
17,3,evaluate,1.4184470662364252,0.49610077984403117,0.5192832150042987,0.49690898976444975,0.5035677228670837,1667
17,4,evaluate,1.3119860887527466,0.5470905818836233,0.5588496981386031,0.5446457494148462,0.5456623823202789,1667
17,5,evaluate,1.3666905738689281,0.5056988602279544,0.5233604825036317,0.5090867178894417,0.5111806902791464,1667
18,0,evaluate,1.350027040198997,0.5176964607078585,0.532267040758971,0.5196812506127779,0.5216281657472723,1667
18,1,evaluate,1.3747828139199152,0.5098980203959208,0.5244824798715937,0.5108986192781548,0.513900738784254,1667
18,2,evaluate,1.380161413439998,0.5182963407318536,0.5266442427486642,0.5147443939343447,0.5151429791944273,1667
18,3,evaluate,1.3700043095482721,0.5326934613077384,0.5376835222120395,0.5288807045415507,0.5292608019925295,1667
18,4,evaluate,1.3283864458401997,0.5206958608278345,0.537343620504856,0.5265673697547778,0.5249612237881628,1667
18,5,evaluate,1.2693086525908224,0.5560887822435513,0.5617811052315792,0.5521490204341728,0.5527305163228635,1667
19,0,evaluate,1.3681318936524567,0.5368926214757048,0.533706842900937,0.5311298754456601,0.5298319623884343,1667
19,1,evaluate,1.3540543935917042,0.528494301139772,0.5343994453130355,0.5247319744784751,0.5232888671364611,1667
19,2,evaluate,1.3304434440754078,0.5356928614277144,0.5466981708055909,0.5371919092316733,0.5366849397350124,1667
19,3,evaluate,1.2594909601741366,0.5572885422915417,0.5563693041705753,0.5519291729802115,0.5500894373343447,1667
19,4,evaluate,1.345213978378861,0.5152969406118776,0.5232820856092042,0.516839665768252,0.5152140540819995,1667
19,5,evaluate,1.3029121977311593,0.5356928614277144,0.5470191287060311,0.5418080693280442,0.5366837109538626,1667
20,0,evaluate,1.3479829585110699,0.5302939412117577,0.5278488137868312,0.5327188583402271,0.5256034379669025,1667
20,1,evaluate,1.3756848573684692,0.5566886622675465,0.5442460367421025,0.5487988178359664,0.5436139263611494,1667
20,2,evaluate,1.3422073037536055,0.5518896220755849,0.5492662844385083,0.5531519542404,0.5481458316524866,1667
20,3,evaluate,1.283227782006617,0.563887222555489,0.5535483522929279,0.5581516401405635,0.5515747536695327,1667
20,4,evaluate,1.3008766946969208,0.5548890221955609,0.5590988127656285,0.5609563046089426,0.5515767035142292,1667
20,5,evaluate,1.3545634481641982,0.5572885422915417,0.5540533126106512,0.5525544542577084,0.548828952862832,1667
21,0,evaluate,1.3885349344324183,0.5530893821235753,0.5391025356988177,0.543703000541823,0.5376826813114076,1667
21,1,evaluate,1.3608309339593958,0.5446910617876425,0.5368861712123019,0.5453119190809617,0.5371540117647854,1667
21,2,evaluate,1.3035907559096813,0.5668866226754649,0.5552712069100576,0.561047991310418,0.553944836820792,1667
21,3,evaluate,1.3149305339212771,0.5518896220755849,0.5504160263790965,0.5565794942533135,0.5457195053874859,1667
21,4,evaluate,1.3688931200239394,0.5386922615476905,0.5339205568357771,0.5402804223470252,0.5313566634377486,1667
21,5,evaluate,1.3737650800634313,0.5494901019796041,0.5423034826910202,0.5452558861309145,0.5380136716972024,1667
22,0,evaluate,1.328024446964264,0.5518896220755849,0.548857214450458,0.5526986286154051,0.5477383641225141,1667
22,1,evaluate,1.3564986167130646,0.5572885422915417,0.552373944415294,0.5538100757473563,0.5474077540090095,1667
22,2,evaluate,1.3556116333714239,0.5482903419316136,0.539653979530084,0.540409021787037,0.5349552877622762,1667
22,3,evaluate,1.270575722610509,0.5488902219556089,0.5477979280891244,0.5448876196891654,0.5394965498025045,1667
22,4,evaluate,1.3515892470324482,0.5434913017396521,0.5442030897558097,0.5446038087826128,0.5379383272286953,1667
22,5,evaluate,1.2939619951777988,0.5560887822435513,0.5563126893209251,0.5594688521595883,0.5520828317501074,1667
23,0,evaluate,1.2994479912298698,0.5464907018596281,0.5480728790456084,0.5414195045297453,0.5371287848616528,1667
23,1,evaluate,1.217059330255897,0.5494901019796041,0.5569934182059462,0.5468391029083837,0.5440836058105644,1667
23,2,evaluate,1.2575736376974318,0.5536892621475705,0.5588332095003509,0.5557758517885515,0.5525884086660366,1667
23,3,evaluate,1.2880671509989985,0.5548890221955609,0.5645597863849006,0.5560488899990483,0.5550973137705878,1667
23,4,evaluate,1.3162288930681016,0.5440911817636472,0.5554043402500934,0.543720391492315,0.5437118618625829,1667
23,5,evaluate,1.3221546897181757,0.5608878224355129,0.5679133726648946,0.5587859921687728,0.5546323074125491,1667
24,0,evaluate,1.193170056298927,0.5530893821235753,0.5633962918646765,0.5503827619435138,0.5503192263610737,1667
24,1,evaluate,1.2690601525483307,0.5530893821235753,0.5611310947470629,0.5496124308850158,0.5483379568326112,1667
24,2,evaluate,1.3065037020930537,0.5500899820035993,0.5654669285849631,0.5499768698367331,0.5529180211966385,1667
24,3,evaluate,1.2442397475242615,0.5656868626274745,0.5751176802032752,0.5693050021414852,0.5669117843246821,1667
24,4,evaluate,1.3053222960895963,0.5758848230353929,0.5854299007326401,0.5752983697013916,0.5721861140944933,1667
24,5,evaluate,1.2718325919575162,0.5488902219556089,0.563319598029392,0.5493864637953347,0.5518967707739243,1667
25,0,evaluate,1.18985848625501,0.5746850629874025,0.5810756036882141,0.5713387858651953,0.5721236298116004,1667
25,1,evaluate,1.3236018220583599,0.5470905818836233,0.5615748517267684,0.5480480982635648,0.550356949166751,1667
25,2,evaluate,1.259675732365361,0.5536892621475705,0.5625788528386751,0.5577201992874611,0.5562173109907291,1667
25,3,evaluate,1.2862662341859605,0.5392921415716857,0.5515805196522056,0.540377502089576,0.5425316645824136,1667
25,4,evaluate,1.2804296678966947,0.5620875824835033,0.5687650571804044,0.5597944488588074,0.5587025223462152,1667
25,5,evaluate,1.3119071898636994,0.5740851829634073,0.5850281030710595,0.572080380328457,0.5720282388407301,1667
26,0,evaluate,1.2734985726851005,0.5506898620275945,0.5580661680075696,0.556468790711832,0.5523745670854987,1667
26,1,evaluate,1.335618469450209,0.5548890221955609,0.5646105416396339,0.5558800342665785,0.5563454256956761,1667
26,2,evaluate,1.3300419869246307,0.5662867426514697,0.5791194968216158,0.563009033901304,0.5645190824948046,1667
26,3,evaluate,1.3078745117893926,0.5368926214757048,0.5508765839138394,0.5381842154345551,0.5402169269803881,1667
26,4,evaluate,1.196109711571976,0.5800839832033593,0.5873667061346475,0.5759020304163074,0.5764261444366408,1667
26,5,evaluate,1.3027343838303178,0.5596880623875224,0.5676438892347792,0.5584371049065164,0.5564199653255689,1667
27,0,evaluate,1.2963054268448442,0.5632873425314937,0.5637706925055539,0.560343450994853,0.5566420322650113,1667
27,1,evaluate,1.3126772200619732,0.5590881823635273,0.5609373692631328,0.5601464056326777,0.5576227029540579,1667
27,2,evaluate,1.3183459683700844,0.5776844631073785,0.5819570226176338,0.5734815068711852,0.5731611118874096,1667
27,3,evaluate,1.2596300862453602,0.5602879424115177,0.5633937105455323,0.5659782708787022,0.5608344778366616,1667
27,4,evaluate,1.1979710169964366,0.584883023395321,0.5846912008526217,0.5798056833524097,0.5778928403260719,1667
27,5,evaluate,1.30859194861518,0.5572885422915417,0.5630804146750352,0.558569040840726,0.5576977680174208,1667
28,0,evaluate,1.2938096015541642,0.5626874625074985,0.5604463131197142,0.5638275205350313,0.5608043563506422,1667
28,1,evaluate,1.2431306044260662,0.5824835032993402,0.5815974907950217,0.5877244323738946,0.5822505291716005,1667
28,2,evaluate,1.2997028319923967,0.5818836232753449,0.5795085331020893,0.5773961500443568,0.5748126205317483,1667
28,3,evaluate,1.286762206642716,0.5710857828434314,0.5638720669718451,0.566309183692027,0.5623409209892672,1667
28,4,evaluate,1.2883305704152141,0.563887222555489,0.5616104845892154,0.5652651208888515,0.5604717398157629,1667
28,5,evaluate,1.202544273049743,0.5866826634673066,0.5774090196662434,0.5812042061463939,0.5766136446582066,1667
29,0,evaluate,1.2893721218462344,0.5596880623875224,0.5559258654112499,0.5612459187751894,0.5574799011186881,1667
29,1,evaluate,1.2533918420473735,0.5854829034193162,0.5833535240250515,0.5904198880369183,0.5842663714385627,1667
29,2,evaluate,1.2285411960824772,0.5800839832033593,0.5701214556443461,0.5748520964462898,0.5703986116389681,1667
29,3,evaluate,1.2920093735059102,0.5596880623875224,0.5550443347744667,0.5605029172776652,0.5549625242563448,1667
29,4,evaluate,1.2961195861851726,0.5860827834433113,0.5807478134371119,0.5814269559445953,0.5786685495557126,1667
29,5,evaluate,1.2919948807469122,0.5734853029394121,0.5641276115377805,0.5674472221271007,0.5641159790915024,1667
30,0,evaluate,1.296433428923289,0.5776844631073785,0.5726066381498479,0.5709324864596487,0.5691712017486393,1667
30,1,evaluate,1.2348498038395688,0.5722855428914218,0.5693846520080276,0.5682739813042146,0.5652490041225351,1667
30,2,evaluate,1.2576732238133748,0.584883023395321,0.5849450527669567,0.58938697603139,0.5831697339208175,1667
30,3,evaluate,1.2831927273008559,0.5686862627474505,0.5688918381878453,0.5699546458916973,0.5668230276172288,1667
30,4,evaluate,1.298624038696289,0.5890821835632873,0.5871386822135989,0.5837859720223875,0.5826790226264458,1667
30,5,evaluate,1.2894680389651545,0.5680863827234554,0.5676244332588237,0.5681069026743306,0.5647655171303493,1667
31,0,evaluate,1.2892863419320848,0.5680863827234554,0.5721009400940346,0.5678742055484666,0.5669844656756784,1667
31,1,evaluate,1.216135213634482,0.5770845830833833,0.5753585872857816,0.5730085634546691,0.5701635238146563,1667
31,2,evaluate,1.2544096840752497,0.5746850629874025,0.5751218398909017,0.5790510208992108,0.5731876904899856,1667
31,3,evaluate,1.2734780223281295,0.5776844631073785,0.5815369800880761,0.5782513950266092,0.5774093303253276,1667
31,4,evaluate,1.3033831715583801,0.5896820635872826,0.5906895587837975,0.5852240450870336,0.5859554100409785,1667
31,5,evaluate,1.2828419120223433,0.5704859028194361,0.5702093669236805,0.5652334070537568,0.5648790287086902,1667
32,0,evaluate,1.2780630456076727,0.5800839832033593,0.584371062573267,0.5806618319963719,0.5809178945270792,1667
32,1,evaluate,1.2757532839421872,0.5800839832033593,0.5821163912319756,0.5754922537503667,0.5760034145992405,1667
32,2,evaluate,1.2987344971409551,0.5884823035392921,0.5911254767175139,0.5851329052759706,0.5859744809615727,1667
32,3,evaluate,1.196228588896769,0.5830833833233353,0.5824925166879955,0.5791538419453063,0.57769039708868,1667
32,4,evaluate,1.2832478439366375,0.5710857828434314,0.5764708971171215,0.5712813001701161,0.5727656679042444,1667
32,5,evaluate,1.2545289441391274,0.5758848230353929,0.5788768803499492,0.580805553043222,0.5765158011692757,1667
33,0,evaluate,1.191409912650232,0.5950809838032394,0.5973269572214305,0.5916112667166172,0.5919154167600027,1667
33,1,evaluate,1.2938543094529047,0.5782843431313738,0.5817608504931242,0.5786728439023023,0.5792213616320807,1667
33,2,evaluate,1.2790846294826932,0.5734853029394121,0.5811002631342906,0.5786439343655007,0.5772644420234785,1667
33,3,evaluate,1.274711028293327,0.5770845830833833,0.5799200345086901,0.572692407652716,0.5739723898034605,1667
33,4,evaluate,1.2862529202743813,0.5752849430113978,0.5803127556824473,0.5755028958583266,0.5772127885682489,1667
33,5,evaluate,1.3080152538087633,0.5746850629874025,0.5800116279105673,0.5718893724373859,0.5728741734446238,1667
34,0,evaluate,1.2952241522294503,0.5782843431313738,0.5814110926838517,0.5791665924073415,0.5793776233636835,1667
34,1,evaluate,1.3124499806651362,0.563887222555489,0.5684710155827064,0.5641780787092986,0.56529519388355,1667
34,2,evaluate,1.3275182953587286,0.5674865026994601,0.5716838263461711,0.5651892379146936,0.5645083480772651,1667
34,3,evaluate,1.3054752239474543,0.5614877024595081,0.5690763161604425,0.5661634196295409,0.5647651934520153,1667
34,4,evaluate,1.2976139187812805,0.5734853029394121,0.5733492158998871,0.5683940006988146,0.5691854502526107,1667
34,5,evaluate,1.2105101806422074,0.5842831433713257,0.5841361319462479,0.5798903457536047,0.5793906933090606,1667
35,0,evaluate,1.347554482795574,0.5722855428914218,0.5738048765323044,0.5697379273946692,0.5680882754541289,1667
35,1,evaluate,1.330422039385195,0.5674865026994601,0.5727750067874153,0.5681374358593599,0.568871541608414,1667
35,2,evaluate,1.3109803862041898,0.5722855428914218,0.5711385482874258,0.5669733385938382,0.5669135597547339,1667
35,3,evaluate,1.2336545404460695,0.593881223755249,0.5911467711385558,0.5890455053049528,0.5881809079327053,1667
35,4,evaluate,1.3132871367313244,0.5656868626274745,0.5710526610154799,0.5699156098755306,0.5676657715169634,1667
35,5,evaluate,1.3105439786557798,0.5692861427714457,0.571184761425297,0.5701127935765087,0.569217309243674,1667
36,0,evaluate,1.317764659722646,0.5716856628674265,0.5725654163234363,0.5757324479642709,0.5723209969046257,1667
36,1,evaluate,1.3224879569477506,0.5728854229154169,0.5739188235968562,0.5733024282583333,0.5717398772459406,1667
36,2,evaluate,1.305901617915542,0.5764847030593881,0.5714235673118706,0.5706473311913677,0.569191524186693,1667
36,3,evaluate,1.2570952072187707,0.5914817036592681,0.5842640162004715,0.5858261658688352,0.5832220015251076,1667
36,4,evaluate,1.3656192664746885,0.5776844631073785,0.5755193676923871,0.5740499567803166,0.5719983076330617,1667
36,5,evaluate,1.33754802191699,0.5782843431313738,0.5818495652269273,0.5801267366344477,0.5790604474413669,1667
37,0,evaluate,1.3525254196590848,0.5806838632273545,0.581951400336522,0.5819815223103302,0.5803931118578884,1667
37,1,evaluate,1.3294334014256795,0.5704859028194361,0.5672679175937867,0.573483636965136,0.568633708314102,1667
37,2,evaluate,1.2952632768148626,0.5944811037792441,0.5889651609752601,0.5900033962878316,0.5879254829628171,1667
37,3,evaluate,1.3478223195782415,0.5692861427714457,0.5666407307511674,0.5696761120340226,0.5660371039425326,1667
37,4,evaluate,1.3943330667637013,0.584883023395321,0.583106112918227,0.581480743381741,0.5799000809364376,1667
37,5,evaluate,1.3155858450465732,0.5740851829634073,0.5671092062241045,0.5677982616698088,0.5654671290007319,1667
38,0,evaluate,1.366715066962772,0.5608878224355129,0.5577607319159104,0.5649332606418398,0.5595121149306571,1667
38,1,evaluate,1.347757050284633,0.5710857828434314,0.5641712102114085,0.5646671731247135,0.5621751666716215,1667
38,2,evaluate,1.377402831006933,0.5764847030593881,0.5751646488632085,0.5767986225740354,0.5732293589526307,1667
38,3,evaluate,1.4188387084890295,0.5758848230353929,0.5788167763892051,0.5722895066093076,0.5724208082979798,1667
38,4,evaluate,1.3866951907122578,0.5818836232753449,0.5840484012669482,0.5825327157248565,0.5811604093788753,1667
38,5,evaluate,1.3457465565383986,0.5728854229154169,0.5737139391991578,0.5697815297506778,0.5681070367267629,1667
39,0,evaluate,1.3945605313336407,0.5710857828434314,0.5735109910442836,0.5757717918281805,0.5711689207952642,1667
39,1,evaluate,1.3958477620725278,0.5764847030593881,0.5772214125358109,0.5767147656009324,0.5743756357346115,1667
39,2,evaluate,1.4381827380922105,0.5794841031793642,0.5844053241312498,0.5762861973340346,0.5767546409804911,1667
39,3,evaluate,1.3676576813062031,0.5662867426514697,0.5634907376356941,0.5595892423923405,0.5581011548490796,1667
39,4,evaluate,1.382423855950711,0.5668866226754649,0.5698020279822857,0.5637324788357951,0.561221021666572,1667
39,5,evaluate,1.4045668730029353,0.5716856628674265,0.5758906143686645,0.5721481167696127,0.5709209740417737,1667
40,0,evaluate,1.4270833377484922,0.5776844631073785,0.5866416173906436,0.5738803004113532,0.5759231705984555,1667
40,1,evaluate,1.3754260650387518,0.5722855428914218,0.5743885828619876,0.5665464036053954,0.5668459481463829,1667
40,2,evaluate,1.3730638921260834,0.5722855428914218,0.5816122484629769,0.5697567947767843,0.5687786804360202,1667
40,3,evaluate,1.3938194469169334,0.5698860227954409,0.575494837218663,0.5700555933616032,0.5699384505370759,1667
40,4,evaluate,1.3937980002827115,0.5734853029394121,0.5833051307659748,0.5775998475860681,0.5766121088289984,1667
40,5,evaluate,1.3917377613208912,0.5662867426514697,0.5714853998316192,0.5662363071645448,0.5664102583150286,1667
41,0,evaluate,1.3952740408756115,0.5788842231553689,0.5866074427797845,0.5790443872212119,0.5804383011156569,1667
41,1,evaluate,1.3364756720623485,0.5902819436112777,0.5961829941635066,0.5874486265522794,0.5871110316903486,1667
41,2,evaluate,1.3928242182290111,0.5704859028194361,0.5808101869580534,0.5756845605232555,0.5751331615842773,1667
41,3,evaluate,1.392631459015387,0.5608878224355129,0.5663581228413876,0.5616616103425092,0.5624466262191993,1667
41,4,evaluate,1.3893626575116758,0.5752849430113978,0.5784933512905561,0.5702576718280877,0.5713112330285165,1667
41,5,evaluate,1.4063128034273784,0.5896820635872826,0.598094931732913,0.585058476449943,0.5880547491662147,1667
42,0,evaluate,1.3182824590001945,0.5902819436112777,0.5942516078607566,0.5862237784292975,0.5876802213303078,1667
42,1,evaluate,1.4380424552493625,0.5812837432513497,0.588631982828524,0.5772551850806005,0.579710188443833,1667
42,2,evaluate,1.4367396941891424,0.5794841031793642,0.5873364398205843,0.5806250149978122,0.5810342171183933,1667
42,3,evaluate,1.4353023414258603,0.5752849430113978,0.5761589372687718,0.5713976505822502,0.5713014683066983,1667
42,4,evaluate,1.4274803256547008,0.563887222555489,0.5682388987519624,0.5652596914463432,0.5650923730714364,1667
42,5,evaluate,1.4151151941882238,0.5734853029394121,0.5818890924434392,0.5784540915100743,0.5775250752743062,1667
43,0,evaluate,1.5044101609124079,0.5782843431313738,0.5822073072974095,0.5742927826907229,0.5736299728883134,1667
43,1,evaluate,1.4916874744273998,0.5698860227954409,0.5788587924488853,0.571051804052457,0.5709243801837128,1667
43,2,evaluate,1.4730710332040433,0.5590881823635273,0.5637934481626512,0.5597325038679802,0.5594526562230422,1667
43,3,evaluate,1.46648848939825,0.5704859028194361,0.5689630419963945,0.5649572044877578,0.5634073427190162,1667
43,4,evaluate,1.4369592666625977,0.5728854229154169,0.5820944456328461,0.5786858098261073,0.5751931082729517,1667
43,5,evaluate,1.3400335459521524,0.5998800239952009,0.5969788228498313,0.5939671697945039,0.5931554854840237,1667
44,0,evaluate,1.4940395399376198,0.5686862627474505,0.5694287683347826,0.5693208736861337,0.5669893779183368,1667
44,1,evaluate,1.440839421969873,0.5800839832033593,0.5817368752541073,0.5845121071988245,0.5789229782103438,1667
44,2,evaluate,1.3742455024686124,0.596880623875225,0.5905143543824163,0.5912286144008233,0.5889271334238636,1667
44,3,evaluate,1.4734097299752411,0.5746850629874025,0.5690489682122666,0.5687448878325543,0.5662783772499688,1667
44,4,evaluate,1.5427556611873485,0.5824835032993402,0.5843621443564346,0.5789931828488001,0.5768193759180394,1667
44,5,evaluate,1.5154026746749878,0.5656868626274745,0.5702358962582721,0.5668803639258148,0.5647237008458499,1667
45,0,evaluate,1.4631839681554724,0.5782843431313738,0.5770742995682274,0.5821131009927726,0.5773822246414896,1667
45,1,evaluate,1.557558454849102,0.5728854229154169,0.5723009739249801,0.5696694968359401,0.5677954958904877,1667
45,2,evaluate,1.4208152205855757,0.5860827834433113,0.5793142177815335,0.5810368691356255,0.5785343166400935,1667
45,3,evaluate,1.5286545709327415,0.5752849430113978,0.5780130546855613,0.5769350297508699,0.5748674520536029,1667
45,4,evaluate,1.5098197200783976,0.563887222555489,0.5621245655081607,0.5648288651849425,0.5612747628428142,1667
45,5,evaluate,1.477840820948283,0.5680863827234554,0.5616144540298276,0.5621118030824281,0.5597740443168288,1667
46,0,evaluate,1.5154972341325548,0.5698860227954409,0.5664488521265734,0.5649498888205515,0.5629148273077306,1667
46,1,evaluate,1.48758816174059,0.5806838632273545,0.5787143239468568,0.5767449299228665,0.5752012410209871,1667
46,2,evaluate,1.5571267516524703,0.5722855428914218,0.5767581147296663,0.5734384476923058,0.5725415726439904,1667
46,3,evaluate,1.5788445627247845,0.5686862627474505,0.571778494025546,0.5649539123455873,0.5653586934300796,1667
46,4,evaluate,1.5450527480355016,0.5692861427714457,0.5710803503888264,0.5704641127095111,0.5677661376430998,1667
46,5,evaluate,1.5133194658491347,0.5746850629874025,0.5751201558963341,0.5776272803179486,0.575265784964495,1667
47,0,evaluate,1.5375243883441996,0.5644871025794841,0.5656237179827177,0.5595971006511054,0.5584173679861921,1667
47,1,evaluate,1.559460515225375,0.5686862627474505,0.5749700363501132,0.5716870650488671,0.5708660075209793,1667
47,2,evaluate,1.6273376676771376,0.5704859028194361,0.5794286036288341,0.566032257607759,0.5679018056693099,1667
47,3,evaluate,1.5785545309384663,0.5686862627474505,0.5784387919931951,0.5692687037280258,0.5706659959317089,1667
47,4,evaluate,1.5419052989153121,0.5692861427714457,0.5749955265061623,0.5668028852000011,0.5654084562717266,1667
47,5,evaluate,1.5773945009266888,0.5632873425314937,0.5695759177909384,0.5640679926561488,0.5630010755359993,1667
48,0,evaluate,1.5852995779779222,0.5626874625074985,0.5710781429467024,0.5632479238117266,0.5650041377633361,1667
48,1,evaluate,1.579309141194379,0.5668866226754649,0.5743636787575314,0.5669726360739399,0.5681795511097343,1667
48,2,evaluate,1.536413481734969,0.5686862627474505,0.5742122110430706,0.5660691864741206,0.5647135665773069,1667
48,3,evaluate,1.57684122522672,0.5668866226754649,0.5741918260238682,0.5707139212722497,0.5704561878927303,1667
48,4,evaluate,1.523567137894807,0.5692861427714457,0.5680214766415592,0.5639673064310938,0.5633938939165807,1667
48,5,evaluate,1.6420286319873951,0.5764847030593881,0.5874727362711747,0.5728173879260098,0.5758666948348437,1667
49,0,evaluate,1.587762263086107,0.5584883023395321,0.5636064993894809,0.5591459690027816,0.5605565078595233,1667
49,1,evaluate,1.5690922604666815,0.5590881823635273,0.5640669429368639,0.5584554293639215,0.560237720821488,1667
49,2,evaluate,1.5196983930913524,0.5674865026994601,0.5667138125986564,0.5635657311790059,0.5623940099558675,1667
49,3,evaluate,1.5111727405477453,0.5752849430113978,0.5737096543386488,0.5694304817443757,0.5700458936884243,1667
49,4,evaluate,1.604985057203858,0.5686862627474505,0.5751807402323713,0.5724423242045905,0.5723833728284022,1667
49,5,evaluate,1.6400970485475328,0.5734853029394121,0.5813515214874387,0.5711681335351793,0.5732631897380407,1667
50,0,evaluate,1.5287791004887334,0.5716856628674265,0.5681419669809179,0.5650741390530724,0.5656716764806557,1667
50,1,evaluate,1.672149415369387,0.5596880623875224,0.5663967976564511,0.5579609773689322,0.5579437732616891,1667
50,2,evaluate,1.6013729517106656,0.5530893821235753,0.5598438721533566,0.5524763314869938,0.5548375041172756,1667
50,3,evaluate,1.6495528673684154,0.5614877024595081,0.5660760817350298,0.5659155574541088,0.5640273495048326,1667
50,4,evaluate,1.6264147140361644,0.5608878224355129,0.5639089692001281,0.5606905401978315,0.5613347758031031,1667
50,5,evaluate,1.5246884130044944,0.5770845830833833,0.5749942107538948,0.5726518093321877,0.5712393491246408,1667
51,0,evaluate,1.7339026618886877,0.55248950209958,0.5562341364459051,0.5499991848952586,0.5489201410285787,1667
51,1,evaluate,1.702988541788525,0.5578884223155369,0.5631703403584032,0.5616256547266226,0.5594733995079779,1667
51,2,evaluate,1.6577640142705705,0.5488902219556089,0.5531144254025019,0.5485877966893629,0.5491545993603293,1667
51,3,evaluate,1.5846368339326646,0.5710857828434314,0.5675766715406722,0.5646401392735071,0.5650782387627752,1667
51,4,evaluate,1.5639030447367717,0.5794841031793642,0.5767426664285724,0.5742323265612851,0.5732818415230689,1667
51,5,evaluate,1.6838860103377589,0.5620875824835033,0.566982912143838,0.5625200154905319,0.5625237815659169,1667
52,0,evaluate,1.7636606781571,0.5518896220755849,0.5530511577447761,0.5492455728867877,0.5485250073077391,1667
52,1,evaluate,1.703962246576945,0.563887222555489,0.568195685090406,0.5670176535233566,0.5649410099621466,1667
52,2,evaluate,1.6288262727083984,0.5662867426514697,0.5621589199236372,0.5603473940743963,0.5598514588122027,1667
52,3,evaluate,1.7179296723118536,0.5530893821235753,0.5563488768299515,0.5545142533721759,0.5528456624699267,1667
52,4,evaluate,1.6835604111353557,0.5500899820035993,0.5541810795379774,0.5510698597859327,0.5511653517375285,1667
52,5,evaluate,1.5997966040546696,0.5722855428914218,0.5700098391162662,0.5676739931094315,0.5664992110005702,1667
53,0,evaluate,1.7599297408704404,0.5626874625074985,0.5645026572632839,0.5586320910663491,0.5593770943352332,1667
53,1,evaluate,1.7091399624391839,0.5536892621475705,0.5529115540347038,0.5550067087766024,0.5514378069548702,1667
53,2,evaluate,1.6454017929801787,0.5728854229154169,0.570930025326128,0.5686311978992574,0.5673601082811401,1667
53,3,evaluate,1.6611404275452648,0.5632873425314937,0.5612155367777455,0.5583189054376463,0.5570919725209582,1667
53,4,evaluate,1.741460066150736,0.555488902219556,0.5640167169154016,0.5571026429912963,0.5574410226296858,1667
53,5,evaluate,1.6956328981452518,0.5662867426514697,0.5687994931690807,0.5694816725323293,0.5669024114244542,1667
54,0,evaluate,1.7911562389797635,0.5470905818836233,0.5486628337318155,0.5484854321391772,0.5438919423604307,1667
54,1,evaluate,1.7199518860628207,0.5668866226754649,0.5699295245221527,0.5632714976661115,0.560784865873572,1667
54,2,evaluate,1.8086922698550754,0.5452909418116376,0.5598717950506173,0.5465551657048568,0.5479048680318754,1667
54,3,evaluate,1.8088075055016413,0.5596880623875224,0.5656595616260435,0.554942791725562,0.556324231621623,1667
54,4,evaluate,1.7138415376345317,0.5590881823635273,0.5585517137960541,0.5555144217417539,0.5520568182978363,1667
54,5,evaluate,1.7287904101389426,0.5602879424115177,0.5628214783408672,0.5639224371100252,0.5601343563463129,1667
55,0,evaluate,1.749887921192028,0.5602879424115177,0.5669161354140605,0.563974768150578,0.5614922383315427,1667
55,1,evaluate,1.7657267546919346,0.5656868626274745,0.5748234527159596,0.5624044566262153,0.5613709942587729,1667
55,2,evaluate,1.7365495871614527,0.5542891421715657,0.5551262292190178,0.5502848333993526,0.5477730685625617,1667
55,3,evaluate,1.82795806284304,0.5668866226754649,0.5781325143049497,0.5624320388052577,0.565194551399171,1667
55,4,evaluate,1.8243461361637823,0.5464907018596281,0.5501966205091507,0.5477872589190789,0.5440646068008019,1667
55,5,evaluate,1.8552870529669303,0.5476904619076185,0.5601612053768499,0.5487291038354758,0.5492031997749427,1667
56,0,evaluate,1.7334078859399866,0.5512897420515896,0.5521935004049442,0.546232189455677,0.5454908135024267,1667
56,1,evaluate,1.7819370263152652,0.555488902219556,0.5640854957409128,0.5594755215538276,0.558892546050258,1667
56,2,evaluate,1.895102898279826,0.5470905818836233,0.5562665791486492,0.5473803305272912,0.5489480632301983,1667
56,3,evaluate,1.7876376621489827,0.5578884223155369,0.5648814920261862,0.5550738469252308,0.5544144498577209,1667
56,4,evaluate,1.8558872010972765,0.5602879424115177,0.5682069226623533,0.5560962887037739,0.5583424349205227,1667
56,5,evaluate,1.8337187380702407,0.5428914217156569,0.5465623050677784,0.543690429530531,0.5423770713433684,1667
57,0,evaluate,1.8438698395534798,0.5398920215956808,0.5466935143535754,0.5395754653121595,0.5411836109848003,1667
57,1,evaluate,1.8515177192511383,0.5500899820035993,0.5588430025502588,0.5544482568782729,0.5544000823089575,1667
57,2,evaluate,1.8034391321491934,0.5596880623875224,0.5625491529299961,0.5566977663053223,0.5555310348014896,1667
57,3,evaluate,1.7489742658756398,0.5590881823635273,0.5568829212165151,0.5519726362110039,0.5524893823351992,1667
57,4,evaluate,1.8927393621868558,0.5722855428914218,0.5821764141913618,0.5696738447224272,0.5712505602508301,1667
57,5,evaluate,1.9294250938627455,0.5518896220755849,0.5587893724069141,0.5520909938595305,0.5542741004155036,1667
58,0,evaluate,1.8251654271767217,0.5656868626274745,0.5643861594155233,0.56155656577829,0.5601170275079363,1667
58,1,evaluate,1.9755357680497345,0.5578884223155369,0.5591264136163834,0.558562764862091,0.55757966660904,1667
58,2,evaluate,1.913527857374262,0.5488902219556089,0.5565507139703854,0.5538981814899925,0.55264647777489,1667
58,3,evaluate,1.8934166552843872,0.525494901019796,0.53644014666066,0.525752171146485,0.5281008118399919,1667
58,4,evaluate,1.7701116259451266,0.5656868626274745,0.561936586836228,0.558427316721399,0.559292404546157,1667
58,5,evaluate,1.9527173439661663,0.5542891421715657,0.5581158291628207,0.5518841591550656,0.5506232717373006,1667
59,0,evaluate,1.808038666844368,0.5626874625074985,0.5596871557118496,0.5553552103143111,0.5562350976779078,1667
59,1,evaluate,2.015225481103968,0.5548890221955609,0.5570019371643709,0.5556724091965437,0.5546409962049885,1667
59,2,evaluate,1.9757378189652055,0.5482903419316136,0.5563654503749109,0.5519072119602408,0.5511289340268692,1667
59,3,evaluate,2.045355527489274,0.5440911817636472,0.545597520851793,0.5427469018501736,0.5391300220570046,1667
59,4,evaluate,1.8672266850178991,0.5566886622675465,0.5543946770448096,0.5521212000207599,0.5500202274476985,1667
59,5,evaluate,1.9812670394226357,0.5380923815236952,0.5468573345748071,0.5388915488536654,0.5405955692339145,1667
60,0,evaluate,1.8750143631413165,0.5644871025794841,0.5589581043040841,0.5593138555924766,0.5574378660021382,1667
60,1,evaluate,2.0258230015083596,0.5494901019796041,0.5531142777289525,0.5501296578441832,0.549707927738111,1667
60,2,evaluate,2.0873998271094427,0.5440911817636472,0.5401751364682044,0.541386947459219,0.537576851421156,1667
60,3,evaluate,2.0151905991412975,0.5506898620275945,0.5512298556661719,0.5514256448131254,0.549693079608406,1667
60,4,evaluate,1.9739823981567666,0.55248950209958,0.5565302965063144,0.5555558656767408,0.5528545250755147,1667
60,5,evaluate,1.8521251634315208,0.5680863827234554,0.563072317373207,0.5613032958733879,0.5603392756070343,1667
61,0,evaluate,2.074423427935,0.5512897420515896,0.5456016849391463,0.5478418777981509,0.5449336473543724,1667
61,1,evaluate,1.902041828725487,0.5536892621475705,0.5449399303891899,0.548736722213032,0.5453000281339399,1667
61,2,evaluate,2.004168278641171,0.5560887822435513,0.5539653512514808,0.5571169088296198,0.5531234211010314,1667
61,3,evaluate,2.057583875126309,0.5440911817636472,0.5439416628293892,0.5451905112504207,0.5429011396776067,1667
61,4,evaluate,1.969579059768606,0.5482903419316136,0.5464604315800095,0.549863148724335,0.5459610216746197,1667
61,5,evaluate,1.8875676029258304,0.5656868626274745,0.5568042143655696,0.5592718131985199,0.5560614678272237,1667
62,0,evaluate,1.9951713443906218,0.5512897420515896,0.5487646179312342,0.5533413685878216,0.5491999357982366,1667
62,1,evaluate,1.9326953392613817,0.5566886622675465,0.5503544590830829,0.5509951592435833,0.5469565823212331,1667
62,2,evaluate,2.0712180490846985,0.5494901019796041,0.5474802556217846,0.5448535763520963,0.5445076053720809,1667
62,3,evaluate,1.9505637787385948,0.5542891421715657,0.5462373769562048,0.5497841078270772,0.545580226802194,1667
62,4,evaluate,2.0015261791370533,0.555488902219556,0.5509563668645432,0.5563747439847495,0.5502683019352307,1667
62,5,evaluate,2.101851434619338,0.5446910617876425,0.5513241368196733,0.5464768072864692,0.5454645739522718,1667
63,0,evaluate,2.025573384982568,0.55248950209958,0.5555631729655852,0.5529660748698165,0.5509288438820928,1667
63,1,evaluate,2.1279663178655834,0.5404919016196761,0.54985450056302,0.5421990862329851,0.542926006554497,1667
63,2,evaluate,1.9576694532125085,0.5488902219556089,0.5460587612206604,0.5431866257831136,0.5412809560101325,1667
63,3,evaluate,2.0046096831663616,0.5578884223155369,0.5602721296710821,0.5546408846180093,0.5527728051763224,1667
63,4,evaluate,2.1481648506941617,0.5536892621475705,0.5565946849460396,0.54824905853996,0.5506403876618366,1667
63,5,evaluate,2.032090230120553,0.5506898620275945,0.5527938077513597,0.55301151617582,0.5509995551993372,1667
64,0,evaluate,2.0423485294536308,0.5452909418116376,0.5542884337166488,0.5493467711096243,0.5494182963112484,1667
64,1,evaluate,2.042749881778878,0.5470905818836233,0.5529540855071352,0.5431549534363652,0.5436579951183902,1667
64,2,evaluate,2.1807627236401594,0.5428914217156569,0.5501483223548902,0.5374883217257269,0.5408121866717353,1667
64,3,evaluate,2.044578973893766,0.5476904619076185,0.5540006955839356,0.5477388963927288,0.5485282632780635,1667
64,4,evaluate,1.9548164087313193,0.5512897420515896,0.5498182447126333,0.5453093403919907,0.5450640811094832,1667
64,5,evaluate,2.15037375026279,0.531493701259748,0.5454702562519513,0.5327582191279031,0.5353588059227408,1667
65,0,evaluate,2.1224885715378656,0.5392921415716857,0.5533107635672618,0.5455094064643593,0.5445148722932244,1667
65,1,evaluate,1.9914538286350392,0.5590881823635273,0.5609246635276117,0.5521344438196126,0.5532605193186335,1667
65,2,evaluate,2.0928911628779368,0.5416916616676665,0.5472747051863238,0.5379723373890375,0.5383376930126768,1667
65,3,evaluate,2.188506528183266,0.5362927414517097,0.544405954846215,0.5361626107421575,0.5378042888777119,1667
65,4,evaluate,2.0815607485947787,0.5338932213557288,0.5471186928192551,0.5341268176116585,0.5370512180908855,1667
65,5,evaluate,2.2086591411519936,0.5350929814037193,0.5468832103974355,0.5302736632890093,0.5332277399120601,1667
66,0,evaluate,2.259095227276837,0.5368926214757048,0.5485370963273665,0.532991253686806,0.5346579398904613,1667
66,1,evaluate,2.2467284158424095,0.5290941811637673,0.5336702652975439,0.5285211631170801,0.5291556986037538,1667
66,2,evaluate,2.0365958081351385,0.5626874625074985,0.5623499668489512,0.555318267052123,0.5560251174544495,1667
66,3,evaluate,2.1121717041465606,0.5470905818836233,0.5514966311298714,0.5434992957299131,0.543222689227786,1667
66,4,evaluate,2.1373978433785616,0.519496100779844,0.5294930956258149,0.5204279847178392,0.5223658637877692,1667
66,5,evaluate,2.189514627059301,0.5404919016196761,0.5541896143162721,0.5466505484393677,0.5459273204641344,1667
67,0,evaluate,2.2284139770048634,0.5440911817636472,0.5523889950678897,0.5487239691273912,0.5477817679673673,1667
67,1,evaluate,2.079503021858357,0.5608878224355129,0.5556724407375797,0.5543202781685459,0.5537877681460417,1667
67,2,evaluate,2.300818986362881,0.5278944211157769,0.529569595416235,0.5276903227547565,0.5275877157042974,1667
67,3,evaluate,2.202658004230923,0.5302939412117577,0.5347787180428332,0.5318892961829557,0.5313440396789382,1667
67,4,evaluate,2.100389472657332,0.5578884223155369,0.5562859434307235,0.5545755971691324,0.5533156548928886,1667
67,5,evaluate,2.300807577592355,0.5398920215956808,0.5445791606107143,0.5371666384838514,0.5375143952635668,1667
68,0,evaluate,2.118602258739648,0.5566886622675465,0.5507777336572056,0.5517706086133736,0.5493573236853558,1667
68,1,evaluate,2.20547248478289,0.5422915416916617,0.5439559924241772,0.5471419796765626,0.5440840639350888,1667
68,2,evaluate,2.353735813388118,0.5374925014997001,0.5382284746197655,0.5341853722097771,0.5325261609188179,1667
68,3,evaluate,2.230897508285664,0.5428914217156569,0.5434487513254104,0.5448709697515005,0.5413510038412745,1667
68,4,evaluate,2.076271573581767,0.5614877024595081,0.5569201712260614,0.5579500692765522,0.5561449926176002,1667
68,5,evaluate,2.2881723841031394,0.531493701259748,0.5353193635885513,0.5319697493136506,0.5316462354314833,1667
69,0,evaluate,2.1170146223847515,0.555488902219556,0.5516564081715634,0.5515946923298349,0.5488854554064201,1667
69,1,evaluate,2.317721821643688,0.5488902219556089,0.5543965264223095,0.5491755057098592,0.5490138615533805,1667
69,2,evaluate,2.2685456253864147,0.5428914217156569,0.5428135286198896,0.5451162766993449,0.5400220182812194,1667
69,3,evaluate,2.168921659114184,0.5482903419316136,0.5451395240461415,0.5440964708740188,0.540217070571573,1667
69,4,evaluate,2.3465365171432495,0.5518896220755849,0.5521796024881022,0.548250876050385,0.5466350215274598,1667
69,5,evaluate,2.2156880682817213,0.5326934613077384,0.5346940826535226,0.5367347835622054,0.5325818559352525,1667
70,0,evaluate,2.3859347811451665,0.5500899820035993,0.5505524201397234,0.5463646526307014,0.5445293257488782,1667
70,1,evaluate,2.3347911724337824,0.5482903419316136,0.5558601637272218,0.5492444439105779,0.5491693231905952,1667
70,2,evaluate,2.1998710088707782,0.5398920215956808,0.5381897687191626,0.5356390178885017,0.5309907007715898,1667
70,3,evaluate,2.200726472005179,0.55248950209958,0.5507550981145085,0.5494629980644843,0.5450689040499539,1667
70,4,evaluate,2.2859868087150432,0.555488902219556,0.5544953878096115,0.556479713996387,0.5499716108399945,1667
70,5,evaluate,2.2312884904720165,0.5374925014997001,0.5379751985755988,0.5408379524697025,0.536326852668074,1667
71,0,evaluate,2.3137270874447293,0.5374925014997001,0.5345067431473105,0.538339677684849,0.5328003142357971,1667
71,1,evaluate,2.2615860040791125,0.5440911817636472,0.5427286788099915,0.5406765101071367,0.5371986912559518,1667
71,2,evaluate,2.1649048576752343,0.5518896220755849,0.546278710602419,0.5461942168060487,0.542001282509288,1667
71,3,evaluate,2.2693500872011536,0.5434913017396521,0.541410045377666,0.5463584515105618,0.5416687872352182,1667
71,4,evaluate,2.357237599514149,0.5488902219556089,0.5556008215528887,0.5497987278149674,0.5497956705550336,1667
71,5,evaluate,2.363707833819919,0.5416916616676665,0.5415904397339847,0.5381083850267517,0.5373995667974053,1667
72,0,evaluate,2.372478304085908,0.5452909418116376,0.5537605523781454,0.5461674374913532,0.5483186696115945,1667
72,1,evaluate,2.277436843991314,0.5500899820035993,0.5480546738341612,0.54665305869395,0.5443607390066745,1667
72,2,evaluate,2.358383236108003,0.55248950209958,0.5512910302867968,0.5481749895344249,0.5489776791318576,1667
72,3,evaluate,2.1440509690178766,0.5482903419316136,0.5398468602425324,0.5416182872027211,0.5390920594772626,1667
72,4,evaluate,2.347864635012768,0.5350929814037193,0.5324876229417165,0.5355901110522192,0.5322475701725271,1667
72,5,evaluate,2.2860114949720876,0.555488902219556,0.5554940876820287,0.5591538381066491,0.5560391663389577,1667
73,0,evaluate,2.4698071391494185,0.5380923815236952,0.5434397500316359,0.5382160846024111,0.539295888220499,1667
73,1,evaluate,2.408259153366089,0.5518896220755849,0.5567434289210762,0.5474933778565629,0.5500335718393388,1667
73,2,evaluate,2.332526624662461,0.5536892621475705,0.5534647708567029,0.5497514552771299,0.5485774058517772,1667
73,3,evaluate,2.342543438628868,0.5386922615476905,0.5428758968730442,0.5416441515303435,0.5406352202868857,1667
73,4,evaluate,2.170797455366011,0.5566886622675465,0.5531311832617287,0.5492474200598733,0.5500532299329549,1667
73,5,evaluate,2.383502963516447,0.531493701259748,0.5325588689976574,0.531563714992911,0.5314370433914701,1667
74,0,evaluate,2.43476336201032,0.5320935812837433,0.5366737800057768,0.5324324927275568,0.5339433658297865,1667
74,1,evaluate,2.504777669906616,0.5428914217156569,0.5524252637739717,0.5386417265874945,0.5414128153174915,1667
74,2,evaluate,2.4106246056380094,0.5320935812837433,0.5402839061984774,0.5349031187329588,0.5350024106778097,1667
74,3,evaluate,2.3871293126435544,0.5512897420515896,0.5549551217265432,0.5481579060620134,0.5476343327861154,1667
74,4,evaluate,2.5729597674475775,0.5278944211157769,0.5343246677519088,0.5276412906552037,0.5281117084953264,1667
74,5,evaluate,2.2232377181450524,0.5506898620275945,0.5535558356696073,0.5438727435725974,0.5461700655089742,1667
75,0,evaluate,2.396665452435257,0.555488902219556,0.5593464964836983,0.5528461072481702,0.5519723669977137,1667
75,1,evaluate,2.5656807599244296,0.5302939412117577,0.5398648659776608,0.5268307114042315,0.5298517203981258,1667
75,2,evaluate,2.6272905667622886,0.5374925014997001,0.5407618106814948,0.5376525862674185,0.5377811378164464,1667
75,3,evaluate,2.465660050235413,0.5422915416916617,0.5536210888765349,0.5455952388774638,0.5471768318761678,1667
75,4,evaluate,2.4936146904472953,0.5212957408518296,0.5295850177031145,0.5217700649011158,0.5248348433406093,1667
75,5,evaluate,2.3151825655389717,0.5530893821235753,0.5536403893258296,0.5469906526990921,0.5483722334123282,1667
76,0,evaluate,2.475461040382032,0.5410917816436712,0.5489906588777007,0.5444910947177866,0.5453166377701355,1667
76,1,evaluate,2.3914387226104736,0.5530893821235753,0.5523818280050763,0.5481894291053757,0.5488809144682023,1667
76,2,evaluate,2.355423620896343,0.5602879424115177,0.5625638238295272,0.5582039960231414,0.5571744266693318,1667
76,3,evaluate,2.59405517578125,0.5338932213557288,0.535309330218415,0.5337800794446577,0.5338842464978215,1667
76,4,evaluate,2.5806433227327137,0.5320935812837433,0.5403465117983426,0.528752811889024,0.531514071131761,1667
76,5,evaluate,2.4825873970985413,0.5206958608278345,0.5273258300750842,0.5215234517212464,0.5232578843930127,1667
77,0,evaluate,2.5457102214848555,0.5416916616676665,0.5433679304084142,0.5418493236464803,0.5416834633281675,1667
77,1,evaluate,2.4216121126104286,0.5506898620275945,0.5489279276633917,0.5467373338378133,0.5460660839638022,1667
77,2,evaluate,2.5816486455776073,0.5326934613077384,0.5347461586941034,0.5293443152511537,0.5297975893875322,1667
77,3,evaluate,2.4625434152506016,0.5350929814037193,0.53967405723586,0.5378514158088415,0.5367188101512854,1667
77,4,evaluate,2.4206610255771213,0.5338932213557288,0.5399820510058498,0.5346750546482093,0.5352707532579982,1667
77,5,evaluate,2.2818141425323795,0.5614877024595081,0.5614351217407274,0.5585550641151988,0.5578482234238828,1667
78,0,evaluate,2.4633776677979364,0.5344931013797241,0.53680216182407,0.5381565059641524,0.5344860286130728,1667
78,1,evaluate,2.2710593708756344,0.5566886622675465,0.5531578572697555,0.5530375963339526,0.5512429913119332,1667
78,2,evaluate,2.5315709334832652,0.5368926214757048,0.5435937190671214,0.537684210712327,0.5382847890331534,1667
78,3,evaluate,2.419050223297543,0.5326934613077384,0.5353153063083811,0.5342382212317296,0.5322961478432576,1667
78,4,evaluate,2.4367407162984214,0.5458908218356329,0.5410031257691624,0.5414100998336101,0.5386395794173506,1667
78,5,evaluate,2.5861277977625527,0.5290941811637673,0.5318138491818474,0.5257510673195773,0.5258529189526366,1667
79,0,evaluate,2.511614437456484,0.5422915416916617,0.5450765958310841,0.543651619671998,0.5407941051054089,1667
79,1,evaluate,2.437344370064912,0.5494901019796041,0.5452326645584878,0.5454840562687069,0.5418785003800817,1667
79,2,evaluate,2.3218646927820776,0.55248950209958,0.5508593017655782,0.5487035646392959,0.5472236536625259,1667
79,3,evaluate,2.472595923476749,0.525494901019796,0.5265328379135544,0.5290311617594721,0.5244740296000752,1667
79,4,evaluate,2.533486606898131,0.5374925014997001,0.5472946562222322,0.5386529916211921,0.5396879983601675,1667
79,5,evaluate,2.6303432650036283,0.531493701259748,0.5330009578681059,0.5280019733269895,0.5277798116789014,1667
80,0,evaluate,2.3929150231291447,0.5572885422915417,0.5569058492767166,0.5533357059251832,0.552499754941327,1667
80,1,evaluate,2.406273850688228,0.5512897420515896,0.5443384095092677,0.5462385587296328,0.5432959670809101,1667
80,2,evaluate,2.5772491605193526,0.5410917816436712,0.5437361151002869,0.542458609313338,0.5398413418984602,1667
80,3,evaluate,2.61084896546823,0.5356928614277144,0.5376303630521517,0.5321869384619029,0.5328320684804468,1667
80,4,evaluate,2.493006275759803,0.5350929814037193,0.5351058254171446,0.5393759834246146,0.534947034719765,1667
80,5,evaluate,2.563978864086999,0.5404919016196761,0.550097481329981,0.5415146470623624,0.5432748603964225,1667
81,0,evaluate,2.579690205830115,0.5476904619076185,0.553909078120359,0.548533575932242,0.5502226903866795,1667
81,1,evaluate,2.4484084447224936,0.5470905818836233,0.5411419914973739,0.5409676261106897,0.5400026349480809,1667
81,2,evaluate,2.474075320271098,0.5620875824835033,0.5588383855783903,0.5571756609615837,0.5564095190406927,1667
81,3,evaluate,2.5747622516420154,0.5368926214757048,0.5381195259604081,0.5324806994220747,0.5343233133084782,1667
81,4,evaluate,2.634867438563594,0.5350929814037193,0.5336856973017502,0.5358753361522661,0.5335487405430377,1667
81,5,evaluate,2.5141853557692633,0.5398920215956808,0.5401496017007454,0.5439624910719797,0.5410507945562062,1667
82,0,evaluate,2.6467401650216846,0.5440911817636472,0.5496358853049004,0.5443314754774834,0.5460497848808764,1667
82,1,evaluate,2.632992532518175,0.5452909418116376,0.5465299875723865,0.5401508676790256,0.5422656418956502,1667
82,2,evaluate,2.7391504932332924,0.5212957408518296,0.5231945727251279,0.5222937492653184,0.5224425510205923,1667
82,3,evaluate,2.5627170624556364,0.5386922615476905,0.5424980145118056,0.5421545142745525,0.541257305218077,1667
82,4,evaluate,2.554129418027986,0.5608878224355129,0.5593386758292962,0.5565366763346858,0.5556789288131945,1667
82,5,evaluate,2.4892004397180347,0.5452909418116376,0.538417671681269,0.5383124417634904,0.5371862695624631,1667
83,0,evaluate,2.5980935744257834,0.5578884223155369,0.5609369009187775,0.554475838623748,0.5532381691032195,1667
83,1,evaluate,2.793556809425354,0.5380923815236952,0.5429278431936854,0.5337408254291256,0.5351345902649565,1667
83,2,evaluate,2.5283712921319186,0.5440911817636472,0.5409065743519349,0.5355915602398473,0.5365197153754291,1667
83,3,evaluate,2.810403413242764,0.52249550089982,0.5283972908354108,0.5224087967158774,0.5243684311580422,1667
83,4,evaluate,2.63678029289952,0.5290941811637673,0.5396655613521599,0.5323045615558223,0.5333391364873761,1667
83,5,evaluate,2.7261734671062894,0.5416916616676665,0.5481372822997288,0.5418451177425194,0.543186049109633,1667
84,0,evaluate,2.5833831230750515,0.5476904619076185,0.5526887027870421,0.5450872368740655,0.5438272823388689,1667
84,1,evaluate,2.783950849815651,0.528494301139772,0.5352356937671189,0.525253133419602,0.5263147107533934,1667
84,2,evaluate,2.731747000305741,0.5368926214757048,0.5436539355962804,0.5375672570629548,0.53829273445247,1667
84,3,evaluate,2.7337373473026134,0.5164967006598681,0.5205408398684551,0.5154935854362572,0.5165771757797706,1667
84,4,evaluate,2.626418295005957,0.5272945410917816,0.5392353209320364,0.5309806433457838,0.5314038115706915,1667
84,5,evaluate,2.5255596063755177,0.5398920215956808,0.5378491431116701,0.5312287633888623,0.532604959337301,1667
85,0,evaluate,2.5727467785278955,0.5374925014997001,0.5437565228793703,0.5407574118511164,0.5400364746986738,1667
85,1,evaluate,2.537613894770739,0.5482903419316136,0.5513763533860974,0.5452750664916883,0.5445833258123759,1667
85,2,evaluate,2.4967754637753523,0.5422915416916617,0.5415125987580139,0.5355736583323705,0.5370623632251658,1667
85,3,evaluate,2.6968924160356873,0.5296940611877624,0.5358355990593945,0.5265131720973267,0.5279134221983348,1667
85,4,evaluate,2.6662356345741838,0.5368926214757048,0.5436943859891878,0.5370808089199436,0.538889765740546,1667
85,5,evaluate,2.654661962279567,0.5188962207558488,0.524372435405115,0.518688986662012,0.5205540236896349,1667
86,0,evaluate,2.6016609287924237,0.528494301139772,0.5321022437081165,0.5316746898855944,0.5310019415196111,1667
86,1,evaluate,2.5051810813370308,0.55248950209958,0.5524659427099579,0.5489714809002835,0.548813850696239,1667
86,2,evaluate,2.695946212168093,0.525494901019796,0.5289241986372024,0.5256149952216169,0.5268003378795619,1667
86,3,evaluate,2.669222831726074,0.5362927414517097,0.5405881327731692,0.5369981487139631,0.5380382438362723,1667
86,4,evaluate,2.4917986437126443,0.5440911817636472,0.5419679506839633,0.5388342144925728,0.5395344839478449,1667
86,5,evaluate,2.7569420205222235,0.5410917816436712,0.546795068690951,0.5377265701370695,0.5398927488771441,1667
87,0,evaluate,2.494106106611003,0.5692861427714457,0.5656193026382389,0.5654220528703897,0.5643841767999606,1667
87,1,evaluate,2.66702853805489,0.5212957408518296,0.5238943503685121,0.5250322028797758,0.5237048047958137,1667
87,2,evaluate,2.814534690645006,0.5344931013797241,0.5361201424547525,0.5311885049071142,0.531976183861766,1667
87,3,evaluate,2.753705766465929,0.5302939412117577,0.5321324778331851,0.531026453787113,0.5309223051880678,1667
87,4,evaluate,2.723211403246279,0.5404919016196761,0.542983993653885,0.5413362623776687,0.5419549640889973,1667
87,5,evaluate,2.492030867823848,0.5518896220755849,0.5485335421962463,0.5467401020576059,0.5467392228753634,1667
88,0,evaluate,2.846442624374672,0.5266946610677864,0.5291316966278559,0.5231887561313873,0.5248615473019662,1667
88,1,evaluate,2.8345733527783996,0.5236952609478105,0.5262445129884433,0.524538590707329,0.5238873243720643,1667
88,2,evaluate,2.740205936961704,0.5260947810437913,0.5268787656359478,0.5298240829739427,0.5270497930520233,1667
88,3,evaluate,2.5191979121208767,0.5614877024595081,0.5562820774488424,0.5576466877775436,0.5558958692396038,1667
88,4,evaluate,2.5155067609416113,0.5500899820035993,0.5453572920149237,0.5450566720443485,0.5437770889213844,1667
88,5,evaluate,2.8029640471493757,0.531493701259748,0.5332717694876067,0.5318456470822233,0.5322057789243472,1667
89,0,evaluate,2.7946169817889177,0.5266946610677864,0.5275665061288024,0.5308158295723377,0.5275892194368689,1667
89,1,evaluate,2.944204952981737,0.5338932213557288,0.5348691052749505,0.5298954252367675,0.5310952266126242,1667
89,2,evaluate,2.585294205396807,0.5650869826034793,0.5609194660096829,0.561657854495612,0.559970768958822,1667
89,3,evaluate,2.8889204970112554,0.5278944211157769,0.5323727456432866,0.5282435237697837,0.5295494553638138,1667
89,4,evaluate,2.5944114206013857,0.5488902219556089,0.5429162334322065,0.5434631489694175,0.5416546286425722,1667
89,5,evaluate,2.9344252083036633,0.5176964607078585,0.5205465405833909,0.5182031015546402,0.5179061272829777,1667
90,0,evaluate,2.6836665780455977,0.5416916616676665,0.5339306202052264,0.5356176681078596,0.5329442644642599,1667
90,1,evaluate,2.8268790443738303,0.5338932213557288,0.5341930271097793,0.5375983910338337,0.5339556116072657,1667
90,2,evaluate,2.990413542147036,0.5248950209958009,0.5295063651805941,0.5257791804893117,0.5264214012977834,1667
90,3,evaluate,3.0009461950372764,0.5236952609478105,0.5228191997943694,0.5241584145228025,0.5222225138659607,1667
90,4,evaluate,2.622141080123213,0.5722855428914218,0.5675345910570632,0.568646308964082,0.5662265777544677,1667
90,5,evaluate,2.9970032815580017,0.5338932213557288,0.5342919965296735,0.5296080580080911,0.5305750462622689,1667
91,0,evaluate,2.655286291496648,0.5668866226754649,0.5641611412908392,0.5637147001688942,0.5618672281559451,1667
91,1,evaluate,2.820248156785965,0.5326934613077384,0.5329945250864977,0.5363993644206682,0.5333236826956809,1667
91,2,evaluate,3.0023379546624644,0.528494301139772,0.5297198105207916,0.5289737415449858,0.528426180901802,1667
91,3,evaluate,2.7344032062424555,0.5362927414517097,0.5270363098851751,0.529628542478902,0.5269681694156102,1667
91,4,evaluate,2.948027178093239,0.528494301139772,0.5291274896801046,0.5247396397911063,0.5256193507424426,1667
91,5,evaluate,2.9763527048958673,0.5218956208758249,0.5197684995836362,0.5219945419623062,0.5197201744318896,1667
92,0,evaluate,2.759153820850231,0.5266946610677864,0.5173443242689395,0.5194771354213803,0.5177661912999022,1667
92,1,evaluate,2.700979388786874,0.5626874625074985,0.559809412631643,0.5597259587732262,0.5579225857876693,1667
92,2,evaluate,2.814879614997793,0.5242951409718056,0.525294071896958,0.5284804261225442,0.5256336895905814,1667
92,3,evaluate,2.974559267361959,0.5230953809238152,0.5235257585808262,0.5230360003545382,0.5225428781598687,1667
92,4,evaluate,2.908268164705347,0.5242951409718056,0.5205045906360379,0.524470403672008,0.5218346110813954,1667
92,5,evaluate,2.9271472383428505,0.5302939412117577,0.531820763829755,0.5265757383756299,0.5277815342450197,1667
93,0,evaluate,2.821521352838587,0.5200959808038392,0.520240405957729,0.5201619197158741,0.5195655307476953,1667
93,1,evaluate,2.799432032914073,0.5200959808038392,0.522839930065636,0.5242664666071188,0.5215589030968807,1667
93,2,evaluate,2.774555559511538,0.5242951409718056,0.5178416702944625,0.5179434130699618,0.5172631883073181,1667
93,3,evaluate,2.9563644153100475,0.525494901019796,0.5268743546135233,0.5257246185987466,0.5253845220171849,1667
93,4,evaluate,3.0081934575681335,0.5236952609478105,0.5292759510921654,0.5197681446541988,0.5219519765757499,1667
93,5,evaluate,2.721203684803556,0.5542891421715657,0.5552740627950155,0.5518608772412785,0.5509280411815304,1667
94,0,evaluate,3.013327611817254,0.52249550089982,0.5236991523386545,0.5229729637451318,0.52191704934475,1667
94,1,evaluate,2.8259654459026127,0.5212957408518296,0.5265464357233522,0.5263767009167735,0.5235152636447431,1667
94,2,evaluate,2.764505511446293,0.5482903419316136,0.5490140134659613,0.5453876209648291,0.5447100430498473,1667
94,3,evaluate,3.0547504910716303,0.5170965806838632,0.5226652773977943,0.5131197414906719,0.5148710360140066,1667
94,4,evaluate,2.7722273623501814,0.5278944211157769,0.5232121980073341,0.5210855066280091,0.5210399612890753,1667
94,5,evaluate,2.845930642551846,0.5158968206358728,0.5208138736689699,0.5161094495718788,0.5173022689218424,1667
95,0,evaluate,2.7934014694153153,0.5500899820035993,0.5472792555336861,0.5463303340410379,0.5454433840622006,1667
95,1,evaluate,2.9547175345597445,0.5092981403719257,0.5154829920100668,0.5100426743149342,0.512039752236823,1667
95,2,evaluate,2.912809634788169,0.5164967006598681,0.520012897472463,0.5220696203405127,0.5182849663972814,1667
95,3,evaluate,3.107154303126865,0.528494301139772,0.5316596129095668,0.5290311944228244,0.5290564940817618,1667
95,4,evaluate,2.7715382002018116,0.5320935812837433,0.5275785664665475,0.5249418470772456,0.5252899416167126,1667
95,5,evaluate,3.0942812495761447,0.5296940611877624,0.5308295279482321,0.5253557208684863,0.526254407422298,1667
96,0,evaluate,2.821894349640287,0.5620875824835033,0.5596026182223539,0.5576071728397634,0.5572207730270108,1667
96,1,evaluate,3.0061956213580237,0.5266946610677864,0.5291268033848406,0.5323251414334228,0.5285540328267366,1667
96,2,evaluate,2.7636582299515053,0.5446910617876425,0.5380999314928425,0.5385453938808238,0.5375314769077925,1667
96,3,evaluate,3.1992138226826987,0.5272945410917816,0.5284239108144011,0.5277590172231417,0.5272154012172601,1667
96,4,evaluate,3.215208971941913,0.5362927414517097,0.5375103208473846,0.5323400576314449,0.5330738813692186,1667
96,5,evaluate,3.112434184109723,0.5092981403719257,0.5130441024572198,0.5105358005846148,0.5113497159925189,1667
97,0,evaluate,3.1708671781751843,0.5164967006598681,0.5170978543610583,0.5183894350861422,0.5165006910927321,1667
97,1,evaluate,2.8438064430169847,0.5566886622675465,0.5531127180292836,0.5520295881050066,0.5516388203704039,1667
97,2,evaluate,3.298413144217597,0.5248950209958009,0.5290780606530909,0.5217490563828454,0.5226917151403725,1667
97,3,evaluate,3.0339930976430574,0.5296940611877624,0.5318833744183675,0.5340342967707544,0.531350044325716,1667
97,4,evaluate,3.222984455249928,0.5290941811637673,0.531601348329996,0.5290706958037448,0.5296403511104895,1667
97,5,evaluate,2.7685273306237326,0.5572885422915417,0.5500100010427692,0.5518230811856688,0.5499253968860396,1667
98,0,evaluate,3.0081481050561973,0.5218956208758249,0.5275502282757172,0.5257864301770441,0.5245878929373895,1667
98,1,evaluate,3.17275599638621,0.5170965806838632,0.5212721958770202,0.5170140822383107,0.5180341257809371,1667
98,2,evaluate,3.2702508325929993,0.5206958608278345,0.5231000706022366,0.5172083664128754,0.5179845660936205,1667
98,3,evaluate,2.8117617105437804,0.5602879424115177,0.5560061112041895,0.5557763294781322,0.5551987280571439,1667
98,4,evaluate,3.1568859462384826,0.5152969406118776,0.5178292638974916,0.5166553918226826,0.515095130944296,1667
98,5,evaluate,2.80551168874458,0.5488902219556089,0.5428435625933729,0.5432480915336924,0.5420979709069307,1667
99,0,evaluate,2.8224422799216375,0.5410917816436712,0.5358929867185722,0.5352487087813441,0.5340493990038049,1667
99,1,evaluate,2.769886819344484,0.5626874625074985,0.5604614638702689,0.5597685626940493,0.5587653087415726,1667
99,2,evaluate,3.1216484440697565,0.5134973005398921,0.519258951549782,0.5104642705865852,0.5124536109983298,1667
99,3,evaluate,3.089547806315952,0.5080983803239352,0.5166634825257445,0.5079277090824974,0.5103119127416123,1667
99,4,evaluate,2.937466084957123,0.5266946610677864,0.5326169393931285,0.5292694803206455,0.5292541798559298,1667
99,5,evaluate,3.0286970933278403,0.5218956208758249,0.5259739364688572,0.5226384137245658,0.5219865961787755,1667
100,0,evaluate,2.831321680987323,0.5362927414517097,0.5367595816586516,0.5314690315886706,0.5314291377256486,1667
100,1,evaluate,3.016897033762049,0.5170965806838632,0.5283921520083938,0.5167360517303349,0.5198204985408639,1667
100,2,evaluate,2.88294267433661,0.5200959808038392,0.5252980720411818,0.5204823386477915,0.5202200777940664,1667
100,3,evaluate,3.053701811366611,0.5200959808038392,0.5299550936569551,0.5168866935453039,0.5202276066301721,1667
100,4,evaluate,2.8979124735902855,0.528494301139772,0.5348339189952679,0.530231295502779,0.5313354319566779,1667
100,5,evaluate,2.766292163054998,0.5464907018596281,0.5494109734676081,0.5442973364738775,0.5441603712682375,1667
101,0,evaluate,2.8769012976575783,0.5320935812837433,0.5361277405584438,0.5341056423220014,0.5335849747508203,1667
101,1,evaluate,2.991438631658201,0.519496100779844,0.5294619452217348,0.5201296948795795,0.5227238974260294,1667
101,2,evaluate,2.8008476655129386,0.5566886622675465,0.5595109582097573,0.5547266356549022,0.5535327911810894,1667
101,3,evaluate,2.8665488031175403,0.5266946610677864,0.5273907397431701,0.5214264528222227,0.520870983732334,1667
101,4,evaluate,2.836736812635704,0.5206958608278345,0.5237146838263282,0.5218309028389706,0.5210650607816528,1667
101,5,evaluate,3.128290706210666,0.5080983803239352,0.5186063774090577,0.503924330527399,0.5084096398675542,1667
102,0,evaluate,2.9081834069004766,0.5326934613077384,0.529137135556447,0.5261014117626444,0.5244704061846915,1667
102,1,evaluate,2.9505235458965653,0.5200959808038392,0.5225506147191786,0.5226300209005381,0.5211423581785322,1667
102,2,evaluate,2.9116178464006492,0.5218956208758249,0.5235810484698609,0.5225254557572068,0.5218485228372061,1667
102,3,evaluate,3.0451139277882047,0.519496100779844,0.529164394973469,0.5205598031686864,0.5225182644616548,1667
102,4,evaluate,3.2449850108888416,0.5152969406118776,0.5234458865126252,0.5101581935921443,0.5143640423103657,1667
102,5,evaluate,2.8400292781351943,0.5584883023395321,0.5659083379676694,0.5561171843425001,0.5562292108760327,1667
103,0,evaluate,3.0427393606967397,0.5236952609478105,0.5237953131673806,0.5245385584085142,0.5231624718160139,1667
103,1,evaluate,3.169570949342516,0.5296940611877624,0.5361842549089141,0.5306627316986466,0.5314762931166882,1667
103,2,evaluate,2.9942345630239555,0.52249550089982,0.5253186730383292,0.5263609405022993,0.524156031769055,1667
103,3,evaluate,2.9706021591469094,0.5374925014997001,0.5296226449819417,0.5303300942220927,0.5276970113303973,1667
103,4,evaluate,3.2841147670039423,0.5302939412117577,0.5348808865979868,0.5243944448340132,0.528111047769185,1667
103,5,evaluate,2.875833782131883,0.5656868626274745,0.5673478114254209,0.5621869720117926,0.5616997190954847,1667
104,0,evaluate,3.269427193535699,0.5416916616676665,0.5432182797811722,0.5359867713333429,0.5387573355955919,1667
104,1,evaluate,2.996655808554755,0.5350929814037193,0.5279178831386286,0.5279543493894763,0.526375532877226,1667
104,2,evaluate,3.160389443790471,0.5248950209958009,0.5251935374932034,0.5255160079600261,0.5248206818373048,1667
104,3,evaluate,3.056063399270729,0.528494301139772,0.5308761581791995,0.5322622967460708,0.5306832771746113,1667
104,4,evaluate,3.2419333546249955,0.5206958608278345,0.5240285795000902,0.5217079392980171,0.5214961772386418,1667
104,5,evaluate,2.8859203817778,0.5578884223155369,0.5548396367705277,0.5537199980826671,0.5523676779507845,1667
105,0,evaluate,3.2161158868284137,0.519496100779844,0.5208945313081662,0.520498949725526,0.5199216937050954,1667
105,1,evaluate,3.239225442762728,0.5272945410917816,0.5306852761994195,0.5286155987688259,0.5282903626144494,1667
105,2,evaluate,3.35123222845572,0.531493701259748,0.5325508028495848,0.5262386075427202,0.5283651562281892,1667
105,3,evaluate,3.0322792811526194,0.5356928614277144,0.5377391227823212,0.5396517075848597,0.5375857318752482,1667
105,4,evaluate,2.9640486814357616,0.5482903419316136,0.5432131620308882,0.542205732224337,0.5413697475833079,1667
105,5,evaluate,2.9231654552763966,0.5590881823635273,0.5556903652757635,0.5541744841720198,0.553577214162212,1667
106,0,evaluate,3.206441620571746,0.5140971805638872,0.5218108203319556,0.5150453118217876,0.5158768279605527,1667
106,1,evaluate,3.3860072471477367,0.5260947810437913,0.5291390901677071,0.5216751991889491,0.5236043059243743,1667
106,2,evaluate,3.0321478380097284,0.5308938212357528,0.5347226480866862,0.5358456961426211,0.5337341283428447,1667
106,3,evaluate,3.0004132603421607,0.5500899820035993,0.5497895768799613,0.5455003815254571,0.5459486733720814,1667
106,4,evaluate,3.1960466879385487,0.525494901019796,0.5312216842557028,0.5265271896935267,0.527290897184699,1667
106,5,evaluate,2.9630718142897994,0.5482903419316136,0.5459455875968446,0.5437873412470272,0.542257244980996,1667
107,0,evaluate,2.9832976041016757,0.5416916616676665,0.5406916873256636,0.5373254729438888,0.5353369882894745,1667
107,1,evaluate,3.151999173340974,0.519496100779844,0.5266818490531265,0.520169182780401,0.5200154054948943,1667
107,2,evaluate,2.978144474971441,0.5500899820035993,0.5507814931353934,0.5461771430641112,0.5457120833768068,1667
107,3,evaluate,3.1163361127729767,0.5236952609478105,0.5303095345756873,0.5241277053464322,0.5255362417329067,1667
107,4,evaluate,3.32646965097498,0.5248950209958009,0.5328957443566459,0.5224101251419175,0.5243446564518279,1667
107,5,evaluate,3.006802941913958,0.5230953809238152,0.5303848703216334,0.5268210834769885,0.5264638092565516,1667
108,0,evaluate,2.990389851508317,0.5248950209958009,0.5282897003323156,0.526852274950068,0.5256113581824,1667
108,1,evaluate,3.1074912401813046,0.5158968206358728,0.5250786233623986,0.5166047338950561,0.5184892693161995,1667
108,2,evaluate,3.1107059628875167,0.5170965806838632,0.5220777887610009,0.5173319446784093,0.5165763514584414,1667
108,3,evaluate,2.9578068506569597,0.5458908218356329,0.5483908583160957,0.5424424701470377,0.5422105520626345,1667
108,4,evaluate,3.293638988777443,0.519496100779844,0.5272438459288495,0.5168280836024184,0.5190758475377472,1667
108,5,evaluate,2.980622512322885,0.5422915416916617,0.5392151111581419,0.5378334752430327,0.5359126858223565,1667
109,0,evaluate,3.324806469458121,0.5236952609478105,0.5283581418195468,0.5205543718870163,0.5218848923619633,1667
109,1,evaluate,3.035872515704897,0.5212957408518296,0.5236704300186985,0.5239845053983835,0.5219967702306547,1667
109,2,evaluate,3.1663387141845845,0.52249550089982,0.5321747601042516,0.5233251906436507,0.5260703061645027,1667
109,3,evaluate,3.0125316116544933,0.5356928614277144,0.5303373020055046,0.5305284646663383,0.5276647648257496,1667
109,4,evaluate,2.986564443429988,0.5578884223155369,0.562004281743006,0.5548265198662332,0.5540730134871878,1667
109,5,evaluate,3.09649756219652,0.52249550089982,0.5260790028627446,0.5225238120781763,0.521544638360737,1667
110,0,evaluate,2.988201506133245,0.5626874625074985,0.565673383570674,0.5594339243930464,0.5574720258942369,1667
110,1,evaluate,3.032612630614528,0.5302939412117577,0.5236836614958742,0.5241803892913118,0.5218231166569757,1667
110,2,evaluate,3.1050715799684876,0.5146970605878824,0.5151868334722527,0.5154577863663722,0.5139234500219048,1667
110,3,evaluate,3.315569383126718,0.5182963407318536,0.5200245902592727,0.5146663647680958,0.5159253806860273,1667
110,4,evaluate,3.2432540677211903,0.5170965806838632,0.5218047961757997,0.5175086390190878,0.5185501513551166,1667
110,5,evaluate,3.1009740873619362,0.5122975404919016,0.5144398578390504,0.5156861687159533,0.5141011079203176,1667
111,0,evaluate,3.1264668305714927,0.5164967006598681,0.5191240563449491,0.5213822459852473,0.5189695098210955,1667
111,1,evaluate,3.066035676885534,0.5296940611877624,0.5224146502747031,0.5233019102167694,0.5214922913945692,1667
111,2,evaluate,2.9624803636826176,0.5500899820035993,0.5486146135242667,0.54669608687709,0.5448228495036687,1667
111,3,evaluate,3.3174342579311795,0.5308938212357528,0.5305114308498124,0.5256187633228154,0.5274763365382171,1667
111,4,evaluate,3.1290332205869533,0.5176964607078585,0.5153235775647608,0.518662659116178,0.5166903459039187,1667
111,5,evaluate,3.334533859182287,0.5260947810437913,0.5251445176718811,0.5260666620818585,0.5247592961012865,1667
112,0,evaluate,3.3539666334788003,0.525494901019796,0.5261411201308952,0.5198076328924767,0.5219346913411258,1667
112,1,evaluate,3.167316150886041,0.531493701259748,0.5313737847889295,0.5333839964551997,0.5319664462303757,1667
112,2,evaluate,3.1393132827900074,0.5170965806838632,0.5213474465668271,0.5230504444366898,0.5200294184372402,1667
112,3,evaluate,3.3401213873315743,0.5296940611877624,0.5291208613641594,0.5298643819175581,0.5283245572608719,1667
112,4,evaluate,2.9548333515012253,0.5530893821235753,0.5504329561715806,0.5490791112178103,0.547717976989462,1667
112,5,evaluate,3.0797360199331134,0.5266946610677864,0.5195146014909868,0.5193157760217445,0.518987800329826,1667
113,0,evaluate,3.334792391569526,0.528494301139772,0.5289548798736736,0.5293138669255537,0.5280720254190591,1667
113,1,evaluate,3.1359332358395613,0.5218956208758249,0.5249854227942523,0.5275953426910869,0.5243745806696325,1667
113,2,evaluate,3.0655489842648858,0.52249550089982,0.5159220050682125,0.5159385680141304,0.5154387022486604,1667
113,3,evaluate,3.174590154930397,0.5218956208758249,0.5229766428771702,0.5243231957128025,0.5230188411048976,1667
113,4,evaluate,2.9770882129663296,0.5548890221955609,0.5516035269824178,0.5507247976590877,0.5500308675801482,1667
113,5,evaluate,3.400195360183716,0.5338932213557288,0.5343287062413792,0.5285174479170969,0.5304868276770887,1667
114,0,evaluate,3.3503405722203077,0.525494901019796,0.5270344193274363,0.526039072297348,0.5255685128405916,1667
114,1,evaluate,3.199145687950982,0.5164967006598681,0.5209816252257709,0.5214884534188495,0.5200982767325637,1667
114,2,evaluate,3.148164106739892,0.531493701259748,0.5331574065306155,0.5336521827899611,0.5321369038097753,1667
114,3,evaluate,3.4074803723229303,0.5260947810437913,0.5288614086213225,0.5215201598481547,0.5230797508337213,1667
114,4,evaluate,3.095538779541298,0.5302939412117577,0.5257221372935967,0.5249730494457394,0.5240589573995127,1667
114,5,evaluate,3.0300733189468265,0.5566886622675465,0.5534774753649868,0.5526083657252431,0.5520453465254576,1667
115,0,evaluate,3.349818891397229,0.5242951409718056,0.5295501853224541,0.5250660231021897,0.5253763097347293,1667
115,1,evaluate,3.1509847155323736,0.5374925014997001,0.5321469183324539,0.5328404346588542,0.5309007386101412,1667
115,2,evaluate,3.4393220124421298,0.5266946610677864,0.5296726997136671,0.5216933791811387,0.5232393856502092,1667
115,3,evaluate,3.114677892782277,0.5632873425314937,0.5582851344503439,0.5586599650347833,0.5579757387757871,1667
115,4,evaluate,3.2134978241390653,0.5404919016196761,0.5428584962384768,0.5421276610426999,0.5405844250617475,1667
115,5,evaluate,3.2522210809919567,0.5134973005398921,0.5170786017746675,0.5179972284007983,0.5161683465796776,1667
116,0,evaluate,3.342581707018393,0.5140971805638872,0.5178273209094544,0.5154632212846728,0.5145986691564522,1667
116,1,evaluate,3.1738163321106523,0.5350929814037193,0.5284077613136966,0.5301856091198806,0.5279438029845898,1667
116,2,evaluate,3.151668634001032,0.5620875824835033,0.5554740885150593,0.5573813370654093,0.5555540198376618,1667
116,3,evaluate,3.2106000825210854,0.5272945410917816,0.5266685230511128,0.5286038888390386,0.5258069553505254,1667
116,4,evaluate,3.4167256355285645,0.5176964607078585,0.5224328139877353,0.5130934920878366,0.5152082051169053,1667
116,5,evaluate,3.283317623315034,0.5164967006598681,0.5179372740025946,0.52141707205415,0.5174879473914641,1667
117,0,evaluate,3.255280547671848,0.5176964607078585,0.5185728066108464,0.521551993333126,0.5181677045724379,1667
117,1,evaluate,3.395640973691587,0.5086982603479304,0.5130478058048904,0.5042953643635562,0.5063137147271995,1667
117,2,evaluate,3.1872441592039884,0.5176964607078585,0.5168759455907274,0.5187177532704815,0.5163955702044418,1667
117,3,evaluate,3.1684928470187717,0.5326934613077384,0.5268398682569277,0.527905865872266,0.5255916380304771,1667
117,4,evaluate,3.362248005690398,0.5110977804439112,0.5153625463977862,0.5127491333991963,0.5128102359262637,1667
117,5,evaluate,3.1384472152206366,0.5668866226754649,0.5649822175864022,0.5628270255124181,0.5623091810696562,1667
118,0,evaluate,3.465708785586887,0.5170965806838632,0.5200057765756495,0.5128017362600847,0.5143592533871161,1667
118,1,evaluate,3.243920115960969,0.5176964607078585,0.5194740043117094,0.5211544294895804,0.5185827417625607,1667
118,2,evaluate,3.156061397658454,0.5302939412117577,0.5251015709454999,0.5243443274514196,0.5227469055849003,1667
118,3,evaluate,3.391049111330951,0.5146970605878824,0.521509621654641,0.5165402262327248,0.5176310425217326,1667
118,4,evaluate,3.1527696141487116,0.5506898620275945,0.5539119525020473,0.5474974020448647,0.547078311905614,1667
118,5,evaluate,3.21628471215566,0.5086982603479304,0.5077526494685564,0.5088195689463071,0.5073649311185485,1667
119,0,evaluate,3.119500700522352,0.5272945410917816,0.525670811622583,0.5198760046903719,0.5207347732885247,1667
119,1,evaluate,3.196776004256174,0.5422915416916617,0.5474620020947665,0.539879459532217,0.5386075288923109,1667
119,2,evaluate,3.308505345273901,0.498500299940012,0.4993620586077216,0.49869849375760483,0.4985237518137371,1667
119,3,evaluate,3.416054145053581,0.510497900419916,0.5178301668701458,0.5113502619749694,0.5133126451912418,1667
119,4,evaluate,3.2122881594631405,0.5134973005398921,0.5188174899922562,0.5178754104328218,0.5162442106909556,1667
119,5,evaluate,3.4737194114261203,0.5038992201559688,0.5081263049906912,0.4995731792224024,0.5014900481449059,1667
120,0,evaluate,3.4287981192270913,0.5206958608278345,0.5262389111935308,0.516383501231549,0.5195364505859462,1667
120,1,evaluate,3.222121107717006,0.5368926214757048,0.5385203132064621,0.5337883068685876,0.5333420558803427,1667
120,2,evaluate,3.412662479612562,0.5170965806838632,0.5227597109005556,0.5173558969499504,0.519497912325583,1667
120,3,evaluate,3.1101724439197116,0.5332933413317337,0.5312068105860173,0.5252954245671486,0.5271385675911079,1667
120,4,evaluate,3.1641149587101407,0.5242951409718056,0.5309343854469494,0.528323186757237,0.5281436175614019,1667
120,5,evaluate,3.3401306260515145,0.5080983803239352,0.5089965230267113,0.5090236705433681,0.5085162302501046,1667
121,0,evaluate,3.362272863586744,0.5056988602279544,0.5065375650415784,0.5072338369861714,0.505770082419757,1667
121,1,evaluate,3.2048850810086287,0.5320935812837433,0.5385965033446687,0.5370593706200998,0.5353364413764827,1667
121,2,evaluate,3.421236921239782,0.5308938212357528,0.5336583596837213,0.5263402449730303,0.5285382589532323,1667
121,3,evaluate,3.2369777608285033,0.5416916616676665,0.5365444416912084,0.5373935799927626,0.5357047584819064,1667
121,4,evaluate,3.4177332365954363,0.5206958608278345,0.5257962064071258,0.520932714579111,0.5225050475379069,1667
121,5,evaluate,3.11459798945321,0.5296940611877624,0.5237573453993486,0.522341241457631,0.5224035595286378,1667
122,0,evaluate,3.2570549337952226,0.528494301139772,0.5307565810477117,0.5338086293461661,0.5288799616606636,1667
122,1,evaluate,3.2555937883394277,0.5440911817636472,0.53774960921948,0.5395325829860731,0.5371206265005979,1667
122,2,evaluate,3.4895561381622597,0.4859028194361128,0.4878901903653471,0.4882728392749144,0.48616664298166584,1667
122,3,evaluate,3.165584365526835,0.5278944211157769,0.521696967101817,0.5214450868123639,0.5202463592705595,1667
122,4,evaluate,3.4514987954386958,0.519496100779844,0.5249010214101623,0.5195255997020234,0.5211768012866013,1667
122,5,evaluate,3.529852107719139,0.5182963407318536,0.519870052083811,0.512457246507364,0.5147031994057006,1667
123,0,evaluate,3.2998255182195595,0.528494301139772,0.5318485154307965,0.5327114720509045,0.5291187561724633,1667
123,1,evaluate,3.224674763502898,0.52249550089982,0.5160426934313878,0.5163406085747809,0.5149357092303498,1667
123,2,evaluate,3.5742136504915027,0.495500899820036,0.49595176328235063,0.497251894302942,0.49523059979074124,1667
123,3,evaluate,3.2912963628718055,0.5494901019796041,0.5439390875301277,0.5440597968712242,0.5425802141259162,1667
123,4,evaluate,3.660756473188047,0.5212957408518296,0.522647172785352,0.5165611964537049,0.5183441926015053,1667
123,5,evaluate,3.4845020914519274,0.5206958608278345,0.526408974039266,0.5211389342327716,0.5223510199424581,1667
124,0,evaluate,3.3002283484847457,0.5530893821235753,0.5459606378359652,0.5476327108797466,0.545700581285163,1667
124,1,evaluate,3.6094688596548856,0.4997000599880024,0.500707941447277,0.5003323694276857,0.4991656411528023,1667
124,2,evaluate,3.5163044267230563,0.5158968206358728,0.5205293931954255,0.5170948335030217,0.517374367963348,1667
124,3,evaluate,3.3222219944000244,0.5182963407318536,0.5193396299904449,0.5211368608023138,0.5184227379228685,1667
124,4,evaluate,3.7058334350585938,0.5170965806838632,0.5189864510412752,0.5128890583251945,0.5140749543309627,1667
124,5,evaluate,3.2771985354246915,0.5272945410917816,0.5205411677519841,0.5221801821431077,0.5190840341346278,1667
125,0,evaluate,3.506884617937936,0.5200959808038392,0.5230782652272863,0.5209641080407804,0.5202968086500391,1667
125,1,evaluate,3.369073426281964,0.52249550089982,0.5243407032405489,0.5255511214754813,0.5233197318580414,1667
125,2,evaluate,3.376088535344159,0.5398920215956808,0.5331299132334174,0.5346638995244497,0.5307580112882911,1667
125,3,evaluate,3.531252517744347,0.5062987402519497,0.5055101333802552,0.5063107131536065,0.5037899755385223,1667
125,4,evaluate,3.644234233432346,0.5236952609478105,0.5287419310094175,0.5205888489246483,0.5218768135548976,1667
125,5,evaluate,3.296258047774986,0.5572885422915417,0.5553148570343545,0.5534247178428677,0.5518484552341706,1667
126,0,evaluate,3.425370247275741,0.5350929814037193,0.5338786146221592,0.5306694346613878,0.5279527902686385,1667
126,1,evaluate,3.4321063580336393,0.5272945410917816,0.5323670573967738,0.5307385245560133,0.5289773295252882,1667
126,2,evaluate,3.5567148195372686,0.5122975404919016,0.5181629918723434,0.5128471058248303,0.5135053984982675,1667
126,3,evaluate,3.3669746849271975,0.5392921415716857,0.5439903939125639,0.5361633293213817,0.5357252118583606,1667
126,4,evaluate,3.6892986562516956,0.5218956208758249,0.5253769375335787,0.5196266914004146,0.5192744474397764,1667
126,5,evaluate,3.489128716289997,0.5032993401319736,0.5053502967366887,0.5030806416398381,0.5011324934401084,1667
127,0,evaluate,3.64775522881084,0.5146970605878824,0.5193678822908866,0.5145394717995033,0.5158380655897944,1667
127,1,evaluate,3.5175314286240824,0.4979004199160168,0.5017824376992175,0.49788133195104634,0.4978409591098297,1667
127,2,evaluate,3.4130134950449276,0.5416916616676665,0.5445392045974943,0.5383204024757227,0.5384773593046825,1667
127,3,evaluate,3.7144041149704545,0.5134973005398921,0.5152506313244329,0.5091916712091206,0.5097929629042299,1667
127,4,evaluate,3.501612393944352,0.5248950209958009,0.5302100462104438,0.5283078403380586,0.5275507047480802,1667
127,5,evaluate,3.3971803342854536,0.5272945410917816,0.5256519014812915,0.5224652605981872,0.5215708343091408,1667
128,0,evaluate,3.5417939054745213,0.5218956208758249,0.5256524876163622,0.5221160257732247,0.5231742251300415,1667
128,1,evaluate,3.6580386250107377,0.5260947810437913,0.5279918235073924,0.5210186767062339,0.5229751161868302,1667
128,2,evaluate,3.49725130421144,0.5068986202759448,0.5091667415105895,0.5070341581979183,0.5071488120401352,1667
128,3,evaluate,3.3757656871535606,0.5428914217156569,0.5457795398108427,0.5392099159626653,0.5396095599962476,1667
128,4,evaluate,3.313142301859679,0.5344931013797241,0.5287471780720041,0.5282655925320019,0.527096406926278,1667
128,5,evaluate,3.4820079538557263,0.5242951409718056,0.5285461859074982,0.5300416297719754,0.5276155812966314,1667
129,0,evaluate,3.4613502378816956,0.5242951409718056,0.5285398971879282,0.5295183403572705,0.5261867127585995,1667
129,1,evaluate,3.623597851505986,0.5212957408518296,0.5202009268785261,0.515654845749506,0.5165203110832339,1667
129,2,evaluate,3.334885338206058,0.5530893821235753,0.5520922628195037,0.548824966411068,0.5478898356943205,1667
129,3,evaluate,3.5348033010959625,0.5080983803239352,0.5069291102104649,0.508948958615126,0.5072603258277465,1667
129,4,evaluate,3.4973543275285652,0.5290941811637673,0.530846803075953,0.529131402619164,0.5290984583093384,1667
129,5,evaluate,3.2922592251389116,0.5320935812837433,0.5261463312870379,0.5258280136404517,0.5247270969675564,1667
130,0,evaluate,3.652007884449429,0.5032993401319736,0.5006669663393634,0.504686561202527,0.5016715448901335,1667
130,1,evaluate,3.3747014475089534,0.5272945410917816,0.5199463345693098,0.5220439842463459,0.5191823394247862,1667
130,2,evaluate,3.7174444551821106,0.5230953809238152,0.5218223178107966,0.51752568047928,0.5181347643374257,1667
130,3,evaluate,3.421506357774214,0.555488902219556,0.5529584527592332,0.5512128972012269,0.5494750320995803,1667
130,4,evaluate,3.5910888278373965,0.5326934613077384,0.5348306566007307,0.533004562148538,0.532255088475817,1667
130,5,evaluate,3.5324742716771587,0.525494901019796,0.5281686594352658,0.530877289833297,0.5261307151084635,1667
131,0,evaluate,3.6636732789101423,0.5206958608278345,0.5207876737878063,0.5221378470506638,0.5200583403117859,1667
131,1,evaluate,3.644066845929181,0.5152969406118776,0.5156948906429998,0.5196134276647695,0.5145170511595195,1667
131,2,evaluate,3.3729631586207285,0.519496100779844,0.5109950131430415,0.5136075457211245,0.510694944871921,1667
131,3,evaluate,3.679033907475295,0.4949010197960408,0.491838569848939,0.4956974106033315,0.4917868614062743,1667
131,4,evaluate,3.4545179885107227,0.5518896220755849,0.5459293415833046,0.5476642280120803,0.5445041878596587,1667
131,5,evaluate,3.7350759594528764,0.5206958608278345,0.5195162474469777,0.5151562048211719,0.5156166791040928,1667
132,0,evaluate,3.6387222166414612,0.5212957408518296,0.524541765083132,0.5172833587702987,0.5189117597125785,1667
132,1,evaluate,3.4710711020010487,0.5158968206358728,0.5173474240704623,0.5198967585956187,0.5162756132674857,1667
132,2,evaluate,3.3603342226993798,0.5434913017396521,0.5380944499258729,0.5383883120835898,0.5368044101745748,1667
132,3,evaluate,3.2465752054143837,0.5266946610677864,0.5206979162328701,0.5206150146724597,0.51951088853873,1667
132,4,evaluate,3.506506262002168,0.5176964607078585,0.5215201728755996,0.5196513297434511,0.5187191985282573,1667
132,5,evaluate,3.5746769551877624,0.4997000599880024,0.49994921938118847,0.5006199107673013,0.49881895404253684,1667
133,0,evaluate,3.413793131157204,0.5236952609478105,0.5311901509671683,0.5261092466685982,0.5261742263285646,1667
133,1,evaluate,3.3519325388802423,0.5134973005398921,0.5211470020496364,0.51648298722983,0.5169061028613957,1667
133,2,evaluate,3.307704014542533,0.5476904619076185,0.5441466107821221,0.5420891817026311,0.5418047175223616,1667
133,3,evaluate,3.489011181725396,0.5236952609478105,0.5304700030706982,0.5207402336832644,0.5217839012628271,1667
133,4,evaluate,3.261087695757548,0.5266946610677864,0.523841903537906,0.5216535887879459,0.5207634876682623,1667
133,5,evaluate,3.5354737882260925,0.4973005398920216,0.5027408806484054,0.4982277000386645,0.4987641086003567,1667
134,0,evaluate,3.5304434619568013,0.4973005398920216,0.5038949261816945,0.4981765525492038,0.498543691491394,1667
134,1,evaluate,3.3283829468267934,0.5248950209958009,0.5341592936621714,0.5274503796204113,0.5279485139913187,1667
134,2,evaluate,3.4240588236738136,0.5206958608278345,0.5349375002481629,0.5230528022923757,0.5246648926578273,1667
134,3,evaluate,3.3267573051982455,0.5212957408518296,0.52366719462923,0.5165522420163724,0.516831674323437,1667
134,4,evaluate,3.5471193702132613,0.5200959808038392,0.5297792972015577,0.5178966300381461,0.5186117307532838,1667
134,5,evaluate,3.314969835446761,0.5452909418116376,0.5464272846520226,0.5402747055619159,0.5403931364643941,1667
135,0,evaluate,3.5210161098727473,0.5170965806838632,0.5300423618281329,0.5188341372327397,0.5212470191373502,1667
135,1,evaluate,3.3811584534468473,0.5188962207558488,0.5301294589029916,0.5219578748466255,0.5230957146218914,1667
135,2,evaluate,3.3741105977031918,0.5272945410917816,0.5261710369637007,0.5208739538113866,0.5213482901917834,1667
135,3,evaluate,3.5735470393189677,0.4937012597480504,0.5014046553043097,0.49420952865529477,0.49536714292029477,1667
135,4,evaluate,3.3834271532714073,0.5440911817636472,0.546485978545097,0.5398538156250965,0.5398681927077271,1667
135,5,evaluate,3.6837207034782127,0.5266946610677864,0.5367719758304259,0.5240711439181467,0.5260416535881559,1667
136,0,evaluate,3.4823934910762344,0.5428914217156569,0.5439964413744203,0.5397831029367673,0.5382267435668947,1667
136,1,evaluate,3.523162740248221,0.5176964607078585,0.5291784414853559,0.5204328720643896,0.5225816113568975,1667
136,2,evaluate,3.644453999069002,0.5164967006598681,0.5259891933981944,0.5170236793258831,0.5202113110137411,1667
136,3,evaluate,3.7956503850442393,0.5242951409718056,0.532932726739945,0.5206528156060791,0.5234956874802815,1667
136,4,evaluate,3.6312692667599076,0.504499100179964,0.5097695019867878,0.5053623118031603,0.5064789603414207,1667
136,5,evaluate,3.436485532257292,0.5290941811637673,0.5265687122724845,0.5219743915520136,0.5229102478839965,1667
137,0,evaluate,3.537844067397398,0.5464907018596281,0.5456978149292888,0.5431809721820321,0.5416894903320314,1667
137,1,evaluate,3.7447407782353737,0.5026994601079784,0.5062762464702933,0.5041987553130426,0.5047526978314332,1667
137,2,evaluate,3.631132322329062,0.5140971805638872,0.5211446898040029,0.5186700694560057,0.5184955116055903,1667
137,3,evaluate,3.9351065953572593,0.5296940611877624,0.5361532289590804,0.5251405158676211,0.5285273660979348,1667
137,4,evaluate,3.7874356591039233,0.5170965806838632,0.5267476340261491,0.5173222378692804,0.5210521105087904,1667
137,5,evaluate,3.5364713448065297,0.519496100779844,0.515663746379787,0.5120825279722488,0.5130037701316812,1667
138,0,evaluate,3.751138064596388,0.52249550089982,0.5272133845207104,0.528147695407147,0.5262161613393593,1667
138,1,evaluate,3.8732290439031742,0.519496100779844,0.527437684190929,0.5201407431464832,0.5232118189281109,1667
138,2,evaluate,3.5519300434324474,0.5188962207558488,0.5145383577988527,0.511757747406747,0.5120498379529772,1667
138,3,evaluate,3.538091392972058,0.5356928614277144,0.5341254996261606,0.5325210067634433,0.5318108833640908,1667
138,4,evaluate,3.993472832220572,0.5332933413317337,0.5376431845392943,0.5284197945087626,0.5317793521315911,1667
138,5,evaluate,3.8260318607919745,0.5026994601079784,0.5034180728020008,0.5040671887522692,0.5034676054352218,1667
139,0,evaluate,3.5468449151012127,0.5434913017396521,0.5412131397831497,0.539918707272815,0.5384712680486807,1667
139,1,evaluate,3.766858970677411,0.5266946610677864,0.5294447912992101,0.5316129172327806,0.5285731465028953,1667
139,2,evaluate,3.959708434564096,0.5206958608278345,0.5232943861200884,0.5153142281129484,0.5182854164604104,1667
139,3,evaluate,3.836230046219296,0.5206958608278345,0.5269177187542147,0.5218198847929584,0.5230679666367971,1667
139,4,evaluate,3.817183797282201,0.5050989802039592,0.5053425489745897,0.5062220913112683,0.5044959468201407,1667
139,5,evaluate,3.5492653140315302,0.5170965806838632,0.5108892097923281,0.5115163706697949,0.5093681767283831,1667
140,0,evaluate,3.5875899953606627,0.5518896220755849,0.5465260162163347,0.5473767894783039,0.5448805160893725,1667
140,1,evaluate,3.942674407252559,0.5218956208758249,0.5241956912418264,0.5174626093503769,0.5189925889497674,1667
140,2,evaluate,3.560515112347073,0.519496100779844,0.5098492027496278,0.5136819820336728,0.509984381639469,1667
140,3,evaluate,3.7158481191705772,0.52249550089982,0.520552129254384,0.5273192469410409,0.5210640037910823,1667
140,4,evaluate,3.7275553428464465,0.510497900419916,0.5061913088311396,0.5106981933638951,0.5069336032135158,1667
140,5,evaluate,3.7443035686457597,0.5140971805638872,0.52288490430091,0.5158909684312927,0.5170908844689194,1667
141,0,evaluate,3.5465238094329834,0.510497900419916,0.5012614918062295,0.5047479649471694,0.5014613363803873,1667
141,1,evaluate,3.861084055017542,0.5164967006598681,0.5166916743446321,0.5125618047599069,0.5133043332811783,1667
141,2,evaluate,3.5790053959246033,0.5230953809238152,0.5232397268510875,0.5268896051516185,0.5226451006302435,1667
141,3,evaluate,3.5782761162629835,0.5146970605878824,0.509864812315072,0.5153730818673598,0.5114920238864478,1667
141,4,evaluate,3.609128502783952,0.5260947810437913,0.532103291090509,0.5280514375471813,0.5270680081311472,1667
141,5,evaluate,3.5735099050733736,0.5500899820035993,0.5441645388134951,0.5449407008690814,0.5428673864120726,1667
142,0,evaluate,3.4875430398517184,0.5308938212357528,0.5317530133638391,0.5339060043562521,0.5313620704663833,1667
142,1,evaluate,3.5204148866512157,0.5206958608278345,0.5120044666107474,0.514377342192528,0.5124968539388354,1667
142,2,evaluate,3.558990447609513,0.5248950209958009,0.5294914428147264,0.5264515651672204,0.5262154404793093,1667
142,3,evaluate,3.486388560660459,0.5140971805638872,0.5112668954671131,0.5149248491711311,0.5116706687831505,1667
142,4,evaluate,3.504918220602189,0.5590881823635273,0.5505447396415823,0.5532424864718826,0.550472200350242,1667
142,5,evaluate,3.773068013014617,0.5164967006598681,0.5186372133088494,0.5124122488149703,0.5135116306031653,1667
143,0,evaluate,3.585421008920228,0.519496100779844,0.5173802835131381,0.5203621970313522,0.5176326649056768,1667
143,1,evaluate,3.5107978847291736,0.5242951409718056,0.5302314954417557,0.5276482236553843,0.5266874223741692,1667
143,2,evaluate,3.5202792441403425,0.5266946610677864,0.5212617967623698,0.5194852033417108,0.5194774099882982,1667
143,3,evaluate,3.8438401133925826,0.5200959808038392,0.5242583989257289,0.5165032298095412,0.5180835398986721,1667
143,4,evaluate,3.5813843078083463,0.5206958608278345,0.5251387529855767,0.5215330986316571,0.5218923246356184,1667
143,5,evaluate,3.4869299802807356,0.55248950209958,0.5459886515580017,0.5469738548234615,0.5453601193529705,1667
144,0,evaluate,3.47131113053722,0.5548890221955609,0.555040849024425,0.550748539132137,0.5514132841585382,1667
144,1,evaluate,3.649517525677328,0.5182963407318536,0.5267672582838605,0.5226192947628859,0.5230997136701618,1667
144,2,evaluate,3.713594968672152,0.5218956208758249,0.5283779183358156,0.5227225250598739,0.524584638030219,1667
144,3,evaluate,3.70247814004068,0.5158968206358728,0.5192979491734422,0.5168344432116205,0.5172294601447618,1667
144,4,evaluate,3.5576077280221163,0.5218956208758249,0.5190541925410641,0.5151958793091661,0.5164353340064303,1667
144,5,evaluate,3.9422451655069985,0.519496100779844,0.5275327332595482,0.5159617851442245,0.5184517507057894,1667
145,0,evaluate,3.4533910719802843,0.555488902219556,0.5559336339639566,0.5514837078329031,0.5528654954584008,1667
145,1,evaluate,3.5637570001460888,0.5170965806838632,0.5149824840565094,0.5109662564848693,0.5124290592537045,1667
145,2,evaluate,4.032348685794407,0.5080983803239352,0.5162969186635136,0.5041758302609273,0.5078738473261313,1667
145,3,evaluate,3.8864161715739303,0.510497900419916,0.5178530121819045,0.511397302419819,0.5140017692790367,1667
145,4,evaluate,3.7647058000719107,0.5056988602279544,0.5094924508701023,0.5066945829315017,0.5073851116973158,1667
145,5,evaluate,3.7615480191177793,0.5134973005398921,0.5211709633392966,0.5170427111043383,0.5182098209984475,1667
146,0,evaluate,3.816225301336359,0.5002999400119976,0.5016457224628024,0.5016993216347998,0.5013373841111791,1667
146,1,evaluate,3.4355757893235594,0.5440911817636472,0.5459879837501153,0.5406575550203261,0.5424798334369125,1667
146,2,evaluate,3.990952165038497,0.5128974205158968,0.5199721787385005,0.5079556691077076,0.5123004048098807,1667
146,3,evaluate,3.9555465037831,0.5086982603479304,0.5195141840352069,0.5091398708055925,0.513445759311027,1667
146,4,evaluate,3.76122456168135,0.5080983803239352,0.5146331165508377,0.5124322468122685,0.5123423164441088,1667
146,5,evaluate,3.5457941359943814,0.52249550089982,0.5197944484915863,0.5167077795330403,0.5175183137042068,1667
147,0,evaluate,3.4678551358757197,0.5236952609478105,0.5200824710740081,0.5181197077858455,0.5175828166263656,1667
147,1,evaluate,3.6617413232171976,0.5098980203959208,0.5119673022506862,0.5147988574088759,0.510779130509192,1667
147,2,evaluate,3.8895634015401206,0.5056988602279544,0.5118719463222755,0.5005669501726132,0.504360341569673,1667
147,3,evaluate,3.4193491585265967,0.5422915416916617,0.5450192841324847,0.5390832225125644,0.5393389725862255,1667
147,4,evaluate,3.902144915320807,0.5122975404919016,0.5210623795749875,0.512898069463622,0.5154756890692036,1667
147,5,evaluate,3.728624392024897,0.5086982603479304,0.5086286593749594,0.509589665734094,0.5083976071793647,1667
148,0,evaluate,3.866377927638866,0.5062987402519497,0.508738971248037,0.5013509350551685,0.5032139283967789,1667
148,1,evaluate,3.444917527244831,0.5398920215956808,0.5412636418294846,0.5359833434104804,0.5351391312270273,1667
148,2,evaluate,3.853296152419514,0.5170965806838632,0.5217049448351663,0.517800492201602,0.5179393532572836,1667
148,3,evaluate,3.656782118810548,0.5122975404919016,0.515020023398338,0.5173438985642511,0.5131985542098809,1667
148,4,evaluate,3.4603334223782576,0.5296940611877624,0.5238893519307642,0.5233366057203884,0.5222791174783069,1667
148,5,evaluate,3.6437684897747307,0.5122975404919016,0.5118080233501149,0.5124332147031182,0.5108410098581673,1667
149,0,evaluate,3.8440575114002935,0.5116976604679064,0.5143780205600594,0.5118116740668802,0.5122683418613149,1667
149,1,evaluate,3.774170416372794,0.5152969406118776,0.5150821107778467,0.5109841969941027,0.5118174970399665,1667
149,2,evaluate,3.498317109213935,0.5188962207558488,0.5152896905453341,0.5121892505779967,0.5126801471820258,1667
149,3,evaluate,3.492177673325959,0.5380923815236952,0.5355239513650613,0.5342752539062063,0.5318171469907558,1667
149,4,evaluate,3.6502173278066845,0.5146970605878824,0.5141499328795169,0.5181523281967018,0.513748872858303,1667
149,5,evaluate,3.6133784028115095,0.5140971805638872,0.5111290878292609,0.5140920131053923,0.5115025226348489,1667
150,0,evaluate,3.783636834886339,0.5206958608278345,0.5208856607136442,0.5169376676649861,0.5174866140778528,1667
150,1,evaluate,3.520986049263566,0.5176964607078585,0.5121026832015998,0.5119930757074604,0.5107247051498888,1667
150,2,evaluate,3.684870686037121,0.5140971805638872,0.5111170855873358,0.5147653616955634,0.5120434695943544,1667
150,3,evaluate,3.6155678033828735,0.5170965806838632,0.5159308948631645,0.521076455875949,0.5172365967637658,1667
150,4,evaluate,3.84885150635684,0.5188962207558488,0.5209178538783699,0.5198242182590431,0.5188724773113557,1667
150,5,evaluate,3.5536733923879553,0.5446910617876425,0.5411303438979351,0.5406890344070236,0.5395390313823323,1667
151,0,evaluate,3.914913957869565,0.5116976604679064,0.5171759340066572,0.5125273732412674,0.5127518615898262,1667
151,1,evaluate,3.573512629226402,0.5164967006598681,0.5133761517114597,0.5112057205022437,0.5105016172657119,1667
151,2,evaluate,3.7823247822622457,0.5158968206358728,0.5155473160865014,0.5170942426203491,0.5148359869087273,1667
151,3,evaluate,3.876210989775481,0.5176964607078585,0.5212853934301275,0.5137293955220537,0.5153925688889053,1667
151,4,evaluate,3.6194754780028098,0.5488902219556089,0.5465022744914172,0.544915748573706,0.5442856917303007,1667
151,5,evaluate,3.6271696057584553,0.5152969406118776,0.5168123930207704,0.5184309704895901,0.5164634087037945,1667
152,0,evaluate,3.865106609132555,0.5260947810437913,0.5335419840294993,0.522193188205323,0.5251729336231892,1667
152,1,evaluate,3.6128882147647716,0.5230953809238152,0.5175869011423014,0.5169227237057405,0.5154142774060579,1667
152,2,evaluate,3.658599638479683,0.5308938212357528,0.5294615616626487,0.5264906456704427,0.5261124268622253,1667
152,3,evaluate,3.8002079648000224,0.495500899820036,0.4989172842082318,0.4971181833234944,0.4970440697956414,1667
152,4,evaluate,3.955667723108221,0.5026994601079784,0.5072879486514649,0.5034932619762141,0.5039243278027419,1667
152,5,evaluate,3.624309292546025,0.5128974205158968,0.5155828395851815,0.5159957578123125,0.5141340685781102,1667
153,0,evaluate,3.565531284720809,0.5158968206358728,0.5125370058731494,0.5089522620158585,0.5094071292204181,1667
153,1,evaluate,3.9526191244798676,0.501499700059988,0.5081787633346877,0.501798946445,0.5043340854920931,1667
153,2,evaluate,3.6376549667782254,0.5080983803239352,0.5116375697740178,0.5120486629975405,0.510128941576187,1667
153,3,evaluate,3.581839141427298,0.5308938212357528,0.5329940382511011,0.5275897940227445,0.5284256372666031,1667
153,4,evaluate,3.7639630282366716,0.5008998200359928,0.5056708483004102,0.502574354427414,0.5037298373080341,1667
153,5,evaluate,3.819871328495167,0.525494901019796,0.5319548222559091,0.5205679552932563,0.5235966193323192,1667
154,0,evaluate,3.995535615141745,0.4967006598680264,0.5035011160978518,0.4974566385077625,0.4999850996764314,1667
154,1,evaluate,3.8265129636835167,0.5278944211157769,0.5356722821066837,0.5234780178986407,0.5258630382581955,1667
154,2,evaluate,3.592915946962657,0.5200959808038392,0.524963202656901,0.5242380399286237,0.5226231793078517,1667
154,3,evaluate,3.52830848870454,0.519496100779844,0.5153721195955325,0.5126399008686772,0.5133192668838562,1667
154,4,evaluate,3.5155468833313703,0.5320935812837433,0.5320176316570931,0.529131719182921,0.5286868086621925,1667
154,5,evaluate,3.7652136749691434,0.498500299940012,0.5027436439605252,0.49931769651937685,0.5005245683017605,1667
155,0,evaluate,3.7997439172532825,0.5092981403719257,0.5129918619366902,0.5101062937555256,0.5113221996825017,1667
155,1,evaluate,3.8278330255437782,0.5236952609478105,0.5309477250872894,0.5184843371841774,0.5217933999264613,1667
155,2,evaluate,3.6106570494809636,0.5176964607078585,0.5230154540594399,0.521783982699877,0.519420180057854,1667
155,3,evaluate,3.522202010145756,0.528494301139772,0.5285388520489185,0.5259160996724658,0.5246336189314948,1667
155,4,evaluate,3.5078073497171753,0.5110977804439112,0.5062739308973989,0.5043584902153377,0.504628284203731,1667
155,5,evaluate,3.9668226506974964,0.498500299940012,0.5046574351907507,0.49902605278706325,0.5013243453434363,1667
156,0,evaluate,3.5493791197185165,0.5182963407318536,0.5163177261651033,0.512659807306215,0.5129164486906702,1667
156,1,evaluate,4.005145973629421,0.5170965806838632,0.5232667341402537,0.5122249687560426,0.5147766203864222,1667
156,2,evaluate,3.954765114519331,0.5134973005398921,0.5188543886978911,0.5148066117163899,0.5157721037630016,1667
156,3,evaluate,3.6729599124993437,0.5188962207558488,0.5258602279501712,0.5227425738943072,0.521302085148377,1667
156,4,evaluate,3.967687165295636,0.5050989802039592,0.5077255025490824,0.5055443949285621,0.5061394214832722,1667
156,5,evaluate,3.5947454337114726,0.5302939412117577,0.5295952177181362,0.5269934926119975,0.5250733822165857,1667
157,0,evaluate,3.5826761461104506,0.5242951409718056,0.5206459054024478,0.5178273434347325,0.5172463218273601,1667
157,1,evaluate,4.010481982319443,0.5092981403719257,0.5128429157307339,0.5103300173848134,0.5103430191524546,1667
157,2,evaluate,3.697970781061384,0.5188962207558488,0.5204931991009776,0.5221015514737741,0.5192954377013368,1667
157,3,evaluate,4.173396198837845,0.5218956208758249,0.5263507690028695,0.5170250584782037,0.5192485742199843,1667
157,4,evaluate,3.9976576743302523,0.5032993401319736,0.5031435201476538,0.5040452077449731,0.502707591703053,1667
157,5,evaluate,3.674571455250703,0.5476904619076185,0.5468637137047201,0.5442171669054469,0.5433008675404006,1667
158,0,evaluate,4.042063384144394,0.5176964607078585,0.5211189841313545,0.518426251028491,0.5182221487468046,1667
158,1,evaluate,3.6460667528488018,0.5248950209958009,0.5198507158930197,0.5192000550846431,0.5177234488715351,1667
158,2,evaluate,3.8175313340293036,0.5188962207558488,0.5185890696978726,0.5223852534886498,0.5186868407871184,1667
158,3,evaluate,4.198734460053621,0.519496100779844,0.5238180026480428,0.5164883555688795,0.5177750233535314,1667
158,4,evaluate,3.9902950326601663,0.5140971805638872,0.513142786965523,0.5151822707595943,0.5121665148107103,1667
158,5,evaluate,3.7803150768609157,0.5548890221955609,0.5514306607127637,0.5510073575334241,0.549576272201273,1667
159,0,evaluate,4.099024099332315,0.5158968206358728,0.5221257992029292,0.5168537560485702,0.5172789916627505,1667
159,1,evaluate,4.15386547865691,0.5134973005398921,0.5160578460766522,0.5102016177198148,0.51098544690734,1667
159,2,evaluate,3.823906071384752,0.5386922615476905,0.5370594703133824,0.5349470853045163,0.5335476901337801,1667
159,3,evaluate,3.8234927278977855,0.5152969406118776,0.518110794636774,0.5185317848952267,0.5160021575570111,1667
159,4,evaluate,3.722301302132783,0.5182963407318536,0.5159450970677685,0.5136880299559161,0.5119319229231849,1667
159,5,evaluate,3.954723890180941,0.5068986202759448,0.5075498817095966,0.5091772737490399,0.505558810300997,1667
160,0,evaluate,3.6799093926394426,0.52249550089982,0.5222986029871244,0.5177182305637934,0.5174703493352697,1667
160,1,evaluate,3.7577822994854717,0.5122975404919016,0.5192510212850122,0.5157567234510656,0.5147188271486498,1667
160,2,evaluate,4.01985466921771,0.5200959808038392,0.5249118686256931,0.5177553399696585,0.5186659738670798,1667
160,3,evaluate,4.062904335834362,0.5122975404919016,0.517746380004268,0.5130974244739669,0.5137108789026257,1667
160,4,evaluate,3.7147336726193316,0.5458908218356329,0.5453182096663265,0.5421740981488384,0.5416464048595968,1667
160,5,evaluate,3.8771900954069913,0.5110977804439112,0.5154258797559359,0.5129932022745878,0.5110567272544495,1667
161,0,evaluate,3.620248971162019,0.5146970605878824,0.5157064361737721,0.5088423420868577,0.5106506116226318,1667
161,1,evaluate,4.003300861076072,0.5092981403719257,0.5129424838914873,0.5099709456987553,0.5110570345182185,1667
161,2,evaluate,3.91767665191933,0.52249550089982,0.5308139946067211,0.5192907602978154,0.522727844468945,1667
161,3,evaluate,3.6020932675291313,0.5500899820035993,0.5498588671251655,0.5461090317979831,0.5468866184106269,1667
161,4,evaluate,3.722468196241944,0.5146970605878824,0.5233168070332077,0.5177479098012698,0.51933137900623,1667
161,5,evaluate,3.8813548264680087,0.498500299940012,0.5003555452070081,0.49972415776544565,0.49949325842263664,1667
162,0,evaluate,3.8705106929496482,0.5080983803239352,0.5097545026724988,0.5084822222340994,0.5086353856600662,1667
162,1,evaluate,3.614127582973904,0.525494901019796,0.5230044139090136,0.5197743246752387,0.5203216522126626,1667
162,2,evaluate,4.037743907283853,0.5050989802039592,0.5119200574282577,0.5059613310601276,0.5081422210482076,1667
162,3,evaluate,3.7269264459609985,0.5134973005398921,0.5232087244520941,0.5173545595927384,0.5186802138107213,1667
162,4,evaluate,3.856559188277633,0.5242951409718056,0.5298160722949182,0.5196342702125423,0.522817884204868,1667
162,5,evaluate,3.586429721155178,0.5356928614277144,0.5373452252044894,0.5318443618383085,0.5326342485632857,1667
163,0,evaluate,4.048743334357385,0.5026994601079784,0.5100791395061415,0.5036536364775844,0.5048743713340169,1667
163,1,evaluate,3.722174439165327,0.5164967006598681,0.5272105855652064,0.5215100333633595,0.5191944364454402,1667
163,2,evaluate,3.917827191176238,0.5230953809238152,0.5261054667529912,0.5177611126145476,0.5190048698686545,1667
163,3,evaluate,3.570114347669813,0.5248950209958009,0.5212413570264157,0.5184648597495858,0.5185075548033685,1667
163,4,evaluate,3.904424119878698,0.5038992201559688,0.5075188276125594,0.5041412142489603,0.5047392292938991,1667
163,5,evaluate,3.5549686027074197,0.5464907018596281,0.5478073224882214,0.5438497681591735,0.5430565146361028,1667
164,0,evaluate,3.5575175241187766,0.528494301139772,0.524111412153837,0.5219478234774755,0.5214846303367895,1667
164,1,evaluate,3.7015127186421997,0.5278944211157769,0.534540952832649,0.5317628915041681,0.5289580383429826,1667
164,2,evaluate,4.015401442845662,0.510497900419916,0.5142279700532696,0.5061889530136994,0.5074062455254637,1667
164,3,evaluate,3.6086772773716667,0.5404919016196761,0.5402889088702658,0.5373491967103622,0.535026632441598,1667
164,4,evaluate,3.962469970738446,0.5062987402519497,0.5050469811200362,0.5057543462157253,0.5043274931278278,1667
164,5,evaluate,4.003949360163124,0.504499100179964,0.5121402167501221,0.5059537919046825,0.5075523779077253,1667
165,0,evaluate,3.6298360250614308,0.5326934613077384,0.5241487414810821,0.5253528812560521,0.5234117087979099,1667
165,1,evaluate,4.075769062395449,0.5158968206358728,0.5198831366420451,0.5122623616015372,0.5127402978439914,1667
165,2,evaluate,3.712950666745302,0.5362927414517097,0.5350412630471351,0.5318929636343523,0.5291315785016849,1667
165,3,evaluate,3.7162346994435347,0.5218956208758249,0.5240880087119666,0.5253192364465937,0.5213699251962878,1667
165,4,evaluate,3.9780830751966545,0.510497900419916,0.5145613834066373,0.5113492115946928,0.5120199651191785,1667
165,5,evaluate,3.967634947211654,0.510497900419916,0.5095974604175266,0.5104976033822387,0.5088210353186335,1667
166,0,evaluate,3.7918501926792993,0.5266946610677864,0.5282534349494271,0.5301077291743485,0.5262064735596695,1667
166,1,evaluate,3.801821505581891,0.5146970605878824,0.5114167102219898,0.509096412975721,0.507947891671752,1667
166,2,evaluate,4.111070453016846,0.5038992201559688,0.5079368846325045,0.5045440859859319,0.5045573757872976,1667
166,3,evaluate,4.130962539602209,0.5116976604679064,0.5178486312232591,0.5094276550599334,0.5101622507242813,1667
166,4,evaluate,3.7863941766592806,0.5410917816436712,0.5384115798974433,0.5368263218428593,0.5343612483722457,1667
166,5,evaluate,3.9607213735580444,0.5164967006598681,0.5167001705422265,0.5166092559711639,0.514215585711201,1667
167,0,evaluate,3.868613805483889,0.5206958608278345,0.5270440241481774,0.523141791761689,0.5233628748145421,1667
167,1,evaluate,4.019336704854612,0.50749850029994,0.5139591102586891,0.5083021849888273,0.5077360600777008,1667
167,2,evaluate,4.140330685509576,0.5062987402519497,0.5141751011348357,0.5039492191269511,0.506011258030406,1667
167,3,evaluate,3.8200212407995155,0.5164967006598681,0.515065314191492,0.51135637103592,0.510715262740541,1667
167,4,evaluate,4.258214322505174,0.5038992201559688,0.5119269808826903,0.5046149621656457,0.5062268394289351,1667
167,5,evaluate,3.8036883244653668,0.5392921415716857,0.5370704463306409,0.5355910334928028,0.5331717758402322,1667
168,0,evaluate,4.247210308357522,0.5092981403719257,0.5191345193608314,0.5100783514742584,0.5129468303574474,1667
168,1,evaluate,3.9530139101876154,0.5140971805638872,0.5207555124119222,0.515494318119585,0.5159661185707817,1667
168,2,evaluate,3.7686597771098773,0.5422915416916617,0.54261739483793,0.5390076700488368,0.538860407737529,1667
168,3,evaluate,3.786990655241189,0.5356928614277144,0.5405150746470726,0.5384925703941391,0.5389808477761973,1667
168,4,evaluate,3.7415164135120533,0.5152969406118776,0.5143040995515613,0.5099956643231138,0.5102855206444046,1667
168,5,evaluate,4.117835919062297,0.525494901019796,0.5339179197664495,0.5224474457035015,0.5258385448164724,1667
169,0,evaluate,4.197590192159017,0.5242951409718056,0.5309687284257156,0.520128655128133,0.523905754857698,1667
169,1,evaluate,3.9185190443639404,0.510497900419916,0.5188425437379085,0.5120410897690434,0.5145438333759957,1667
169,2,evaluate,3.7817532707143715,0.5176964607078585,0.5164614275852472,0.5128997338099404,0.5134606799539622,1667
169,3,evaluate,4.210506297785927,0.5056988602279544,0.5127195796757548,0.5065431077708864,0.5086375896307622,1667
169,4,evaluate,3.7917272923169314,0.5158968206358728,0.5213624469869826,0.5187325566866023,0.519534792285142,1667
169,5,evaluate,3.770551546120205,0.5416916616676665,0.5427388921581641,0.5379035973141448,0.5396626326802466,1667
170,0,evaluate,4.180948453989846,0.4991001799640072,0.5058055222730964,0.5000266936481346,0.5015941573489038,1667
170,1,evaluate,3.8517427422382213,0.5128974205158968,0.5126930262193412,0.5079626728798919,0.5086305611841215,1667
170,2,evaluate,3.796907047154727,0.5140971805638872,0.5193652169052168,0.517447578432822,0.5170252045818253,1667
170,3,evaluate,3.9863956879686424,0.5056988602279544,0.5101595382866584,0.5068634628544019,0.5076970127896059,1667
170,4,evaluate,4.137976257889359,0.5188962207558488,0.5221664825444448,0.51391399306204,0.5172169871202377,1667
170,5,evaluate,3.724994682939925,0.5452909418116376,0.5441031921174206,0.5420301459259109,0.5421256393219629,1667
171,0,evaluate,3.6731073326534696,0.5134973005398921,0.5212451947321642,0.5172503419321645,0.5163502870163507,1667
171,1,evaluate,3.9422315491570368,0.5062987402519497,0.5082224140264009,0.5067600574108123,0.5069906601587486,1667
171,2,evaluate,4.051151898724061,0.5092981403719257,0.5133511069642787,0.5103481753482524,0.5105548987902327,1667
171,3,evaluate,3.678756357710932,0.5386922615476905,0.5399020557244452,0.5360227287052605,0.5351604752845747,1667
171,4,evaluate,3.9474150428065546,0.5146970605878824,0.5182811955925044,0.5092473735326876,0.5124356549704949,1667
171,5,evaluate,3.8301653552938393,0.5146970605878824,0.5124470965194586,0.5086415690174235,0.5081598798829519,1667
172,0,evaluate,3.5828183683345034,0.5338932213557288,0.5326325003244995,0.5312403515677859,0.5284422708978302,1667
172,1,evaluate,3.7846327004609286,0.5200959808038392,0.5186590652300163,0.514691760392167,0.5142792262702377,1667
172,2,evaluate,3.8287592552326344,0.5122975404919016,0.5138630896573396,0.5131313918941746,0.5116910727436977,1667
172,3,evaluate,3.5499897786864527,0.5164967006598681,0.5194280475797463,0.5207600406471895,0.5161893195012333,1667
172,4,evaluate,3.833334238440902,0.5110977804439112,0.5086671347777759,0.5110912576447477,0.5085232813844008,1667
172,5,evaluate,3.697430862320794,0.5188962207558488,0.5105831333510594,0.511479965216039,0.5083517840945566,1667
173,0,evaluate,3.774525785887683,0.5176964607078585,0.5170477003304812,0.5183115085198979,0.5163482098162121,1667
173,1,evaluate,3.573367327451706,0.5158968206358728,0.5171601918490124,0.5193888137097502,0.514466860792629,1667
173,2,evaluate,3.8283014915607594,0.5116976604679064,0.510068976093544,0.5077296508977929,0.5063487849183632,1667
173,3,evaluate,3.7866017244480275,0.5146970605878824,0.5073177684311894,0.5144024891285944,0.5083795802618927,1667
173,4,evaluate,3.6483868581182697,0.5326934613077384,0.5315607442387702,0.5301394323172918,0.5270779054915757,1667
173,5,evaluate,3.682820470244796,0.5206958608278345,0.5138652876591079,0.5133322794569576,0.5113662375410473,1667
174,0,evaluate,3.8265525058463767,0.5152969406118776,0.51049101834635,0.5160375556908734,0.5106521627212184,1667
174,1,evaluate,3.734255388930992,0.5086982603479304,0.5085249795905968,0.513234092933827,0.5069279956846048,1667
174,2,evaluate,3.6927315570690014,0.5260947810437913,0.5197206591626939,0.5183977400714823,0.5168773572531175,1667
174,3,evaluate,3.956437910044635,0.5164967006598681,0.5197094708233758,0.5172752262343661,0.5170323287495527,1667
174,4,evaluate,3.6982665046908987,0.5266946610677864,0.5241412621869642,0.5227873041335872,0.5203782590666071,1667
174,5,evaluate,3.9121907198870622,0.5098980203959208,0.5117489924255685,0.5074204562875474,0.5061863112746827,1667
175,0,evaluate,3.704101830471902,0.5206958608278345,0.5165781969324292,0.51571190941129,0.514502679094423,1667
175,1,evaluate,3.745701931141041,0.5188962207558488,0.512986794552987,0.5125114186222046,0.5110910965999308,1667
175,2,evaluate,3.929737188197948,0.5128974205158968,0.5124416802933328,0.513974948213545,0.510779047934381,1667
175,3,evaluate,4.171666922392668,0.5098980203959208,0.51274470877479,0.5113063864626886,0.5104200084157793,1667
175,4,evaluate,3.800394716086211,0.5134973005398921,0.512061815024422,0.5169237718044877,0.5123665862949187,1667
175,5,evaluate,4.049323594128644,0.5098980203959208,0.5123618369760707,0.5076932968787436,0.5071139177539505,1667
176,0,evaluate,3.8476412296295166,0.5164967006598681,0.5151830811702169,0.5112763104181017,0.5111211735073691,1667
176,1,evaluate,4.357145455148485,0.5092981403719257,0.5141023078594392,0.5105828976092581,0.5104875454328057,1667
176,2,evaluate,3.7581740292996444,0.5200959808038392,0.519174532183994,0.515684519205813,0.5165424239761882,1667
176,3,evaluate,4.167680316501194,0.5134973005398921,0.518629681530633,0.5113876910827662,0.5125575308247645,1667
176,4,evaluate,4.023277410754451,0.5050989802039592,0.5078388817192732,0.5074434518799312,0.5052686280172933,1667
176,5,evaluate,3.947578677424678,0.5200959808038392,0.5247198926851994,0.5235917150220961,0.5228645182204095,1667
177,0,evaluate,3.8108011035300375,0.5344931013797241,0.5375679388367052,0.5312067268061085,0.5326392079887906,1667
177,1,evaluate,4.343707764590228,0.4997000599880024,0.5072659629299922,0.5006529498519063,0.5017129533862186,1667
177,2,evaluate,3.9996518161561756,0.5182963407318536,0.5241502192831551,0.521337297979837,0.5216687476720819,1667
177,3,evaluate,3.852291972548873,0.5110977804439112,0.5107596847811419,0.5060500171443352,0.5058435721902897,1667
177,4,evaluate,4.117024094970138,0.483503299340132,0.4898103655013,0.4857018086737277,0.4853121279282582,1667
177,5,evaluate,4.34971374935574,0.5038992201559688,0.5095162664542021,0.5000196758829323,0.5028789596155564,1667
178,0,evaluate,4.009929408629735,0.5152969406118776,0.5209333230175275,0.5190122857355097,0.5188915703804995,1667
178,1,evaluate,4.455422728149979,0.5086982603479304,0.5174036691606861,0.5041373552392805,0.508487285002122,1667
178,2,evaluate,4.256714714898004,0.4877024595080984,0.49437268131855905,0.48935521866608556,0.4892690741319976,1667
178,3,evaluate,3.8828988869984946,0.5146970605878824,0.514065678046709,0.5090553037297109,0.5092624338041578,1667
178,4,evaluate,3.899817203235014,0.5380923815236952,0.5422225480155559,0.5356123524346649,0.5364741804285511,1667
178,5,evaluate,4.28426729556587,0.5062987402519497,0.5114665221259014,0.5069944458313151,0.5078178111920347,1667
179,0,evaluate,4.285717946511728,0.48890221955608876,0.49453537389719876,0.49042131323684324,0.49098475867947294,1667
179,1,evaluate,3.8311723455524906,0.5446910617876425,0.5497315865683101,0.5417881847747106,0.5431821525169462,1667
179,2,evaluate,4.162230775312141,0.5086982603479304,0.5128397443604066,0.509408633695199,0.5099695937222248,1667
179,3,evaluate,3.8407246889891447,0.5176964607078585,0.5161616128765795,0.5129659080284771,0.5130029711049626,1667
179,4,evaluate,3.9992239290365466,0.5002999400119976,0.5057279863869177,0.5029429051451504,0.5035417383170959,1667
179,5,evaluate,4.325237132884838,0.50749850029994,0.5134353676499592,0.5014364547732928,0.5060159203938616,1667
180,0,evaluate,4.20337536599901,0.4913017396520696,0.49249473296842233,0.4922420051721179,0.49181165951950223,1667
180,1,evaluate,4.057897358028977,0.5188962207558488,0.5231834772472412,0.5203825415477273,0.5209772513643377,1667
180,2,evaluate,3.7566449675295086,0.5188962207558488,0.5142648743735263,0.5139191769795457,0.5128801702344561,1667
180,3,evaluate,4.222246805826823,0.50749850029994,0.5122104126139606,0.5023841176131155,0.506059642636838,1667
180,4,evaluate,3.9846079768957914,0.5164967006598681,0.5193149260226987,0.5207884957625656,0.5185882168046255,1667
180,5,evaluate,3.799206759984372,0.5404919016196761,0.5394048437982055,0.5379843204992037,0.5370473712573058,1667
181,0,evaluate,3.7453137835093204,0.5386922615476905,0.5371290961449137,0.535045814057515,0.533969980665769,1667
181,1,evaluate,4.04297121365865,0.5182963407318536,0.5256554231209385,0.5201708990733127,0.5215397155993712,1667
181,2,evaluate,4.069998926586575,0.5110977804439112,0.5110788082636145,0.5117835916934492,0.5104189504759751,1667
181,3,evaluate,3.7146232525507608,0.5326934613077384,0.5329676774171164,0.5281492325299556,0.5276513791967875,1667
181,4,evaluate,3.886976065459075,0.5176964607078585,0.5227029979615172,0.5206798558103329,0.5194412865026148,1667
181,5,evaluate,4.151367629015887,0.5122975404919016,0.5205715173989824,0.5083110259462214,0.5110647136968348,1667
182,0,evaluate,3.966177397304111,0.5176964607078585,0.5259698751240267,0.5196185355916942,0.5210063463313122,1667
182,1,evaluate,3.664417823155721,0.5428914217156569,0.5436692230393765,0.5389444350325496,0.5383242600381261,1667
182,2,evaluate,3.8330510170371443,0.5236952609478105,0.5292102767684443,0.5265140202408686,0.525055734586551,1667
182,3,evaluate,3.680790919603573,0.5356928614277144,0.5354094230170447,0.5319492323882559,0.5301975046891594,1667
182,4,evaluate,4.159941518748248,0.5152969406118776,0.5246337256964348,0.5119828751942367,0.5141305854708061,1667
182,5,evaluate,3.9590368888996266,0.5080983803239352,0.5112910966487789,0.5081215321467589,0.5075788132146005,1667
183,0,evaluate,3.938104894426134,0.50749850029994,0.5154402831303717,0.5081716729959354,0.509579466781644,1667
183,1,evaluate,3.7053992661531083,0.528494301139772,0.5309189860304869,0.5251811044509587,0.5250721231572137,1667
183,2,evaluate,4.055896374914381,0.50749850029994,0.5138277135499101,0.5097591894158764,0.5103812048430997,1667
183,3,evaluate,3.7416808251981384,0.5308938212357528,0.5319015468071335,0.5262487939189898,0.526297075162451,1667
183,4,evaluate,4.145359290970696,0.5170965806838632,0.5221281316368214,0.5139778335791262,0.5151191633824892,1667
183,5,evaluate,3.8174571648791984,0.519496100779844,0.523335301515216,0.5222713464079416,0.5201401569941867,1667
184,0,evaluate,4.151144327940764,0.5092981403719257,0.5161219535092616,0.5052810588242989,0.5085200311923108,1667
184,1,evaluate,3.871656726907801,0.5242951409718056,0.5249778392695557,0.5193494680303271,0.5200593917664122,1667
184,2,evaluate,3.8046639053909868,0.519496100779844,0.523071837998072,0.5230719180789407,0.5211556841680343,1667
184,3,evaluate,3.9962867807458946,0.5068986202759448,0.5146676186069321,0.5077484721419494,0.5096955080588877,1667
184,4,evaluate,4.192455732160145,0.5032993401319736,0.5108869851740285,0.5051838357061826,0.5066824547875803,1667
184,5,evaluate,3.7117474691940178,0.5278944211157769,0.5316930657935004,0.5245769502524397,0.5261749781314871,1667
185,0,evaluate,3.804694581914831,0.5212957408518296,0.525548887689608,0.5245215910277159,0.5236397956121307,1667
185,1,evaluate,4.013190035466795,0.50749850029994,0.5109607827816001,0.5089913237744048,0.5094112644464972,1667
185,2,evaluate,3.7223144241326263,0.525494901019796,0.5304424881783187,0.5219028785498369,0.5242255546106284,1667
185,3,evaluate,3.913044567461367,0.5140971805638872,0.5124530290642074,0.5091019653634163,0.5096252330565877,1667
185,4,evaluate,4.1173882484436035,0.5152969406118776,0.5197496073204071,0.5117531724100055,0.5141363414470234,1667
185,5,evaluate,4.190214923962399,0.5116976604679064,0.5158452971252858,0.5124203966379224,0.5137244231690776,1667
186,0,evaluate,4.089707197966399,0.5182963407318536,0.5225821529017867,0.5141154560749962,0.5163342055332639,1667
186,1,evaluate,3.728121252677199,0.5368926214757048,0.5402595524841748,0.5329013417569703,0.534469112115288,1667
186,2,evaluate,3.8222554524739585,0.5200959808038392,0.5162438207933531,0.514476434472183,0.5147011533877596,1667
186,3,evaluate,4.061123516824511,0.5068986202759448,0.5100440125036501,0.5082130574969463,0.5081473341544713,1667
186,4,evaluate,3.793097715686869,0.525494901019796,0.5300264174190373,0.5286515594660584,0.5283571899665619,1667
186,5,evaluate,4.1682970260304435,0.5152969406118776,0.516042585416123,0.5152298818841186,0.5150775420122438,1667
187,0,evaluate,3.9438015068018877,0.531493701259748,0.5327603811038291,0.5357988150705953,0.532497303190915,1667
187,1,evaluate,4.235898984803094,0.5020995800839833,0.502894250383983,0.5030328524735916,0.5021333644092014,1667
187,2,evaluate,4.241436207666993,0.5122975404919016,0.5111546885903202,0.5119491688881503,0.5108737499607946,1667
187,3,evaluate,3.823848525683085,0.5206958608278345,0.5137519525507519,0.5134088477638998,0.5128160119407797,1667
187,4,evaluate,4.168482241807161,0.5134973005398921,0.5160138587690717,0.5081229763594157,0.5099626966020382,1667
187,5,evaluate,3.878582889651059,0.5332933413317337,0.5333403924107062,0.5291071074561222,0.5281719185436713,1667
188,0,evaluate,4.083981849529125,0.5170965806838632,0.5214276153889065,0.5212061493919828,0.5183638168085446,1667
188,1,evaluate,4.306630487795229,0.5170965806838632,0.5180900576754868,0.5115955970894669,0.5129968709764978,1667
188,2,evaluate,4.349382837613423,0.510497900419916,0.5103224290643996,0.5108516791814511,0.5092035073145347,1667
188,3,evaluate,4.312644773783783,0.5122975404919016,0.5144059118381497,0.5121608160302757,0.5125026293993427,1667
188,4,evaluate,4.063241963456407,0.5308938212357528,0.5308692670291789,0.5271773052555044,0.5257169300792477,1667
188,5,evaluate,3.9170149432288275,0.5248950209958009,0.5182304920100801,0.51717764074947,0.5160977077565413,1667
189,0,evaluate,4.236524060092591,0.5182963407318536,0.5215188313219079,0.5186299057802787,0.5191526460648478,1667
189,1,evaluate,4.3067921179312245,0.5296940611877624,0.5253422089182644,0.5234926796126304,0.523304047641195,1667
189,2,evaluate,4.044067060135906,0.5302939412117577,0.528166621251151,0.527122981360498,0.5248014274635079,1667
189,3,evaluate,4.0431199978899075,0.5182963407318536,0.51940435310062,0.5219502498706857,0.5176416008334143,1667
189,4,evaluate,4.218319111400181,0.5122975404919016,0.5093058110922576,0.512811911408557,0.5100170330152765,1667
189,5,evaluate,4.008256823928268,0.5272945410917816,0.5210131911699194,0.5206178589202283,0.519400549440687,1667
190,0,evaluate,4.356347048724139,0.5296940611877624,0.5253477151942172,0.5241059691144342,0.5238495120820199,1667
190,1,evaluate,4.090252104732725,0.5164967006598681,0.5118403350465787,0.5171359767754566,0.5136620393086646,1667
190,2,evaluate,4.124963489671548,0.5302939412117577,0.530698748591506,0.530479168512879,0.5299982483857983,1667
190,3,evaluate,3.9724611375066967,0.5278944211157769,0.5277065602900242,0.5312405398060479,0.527455435692776,1667
190,4,evaluate,3.9691064578515483,0.5248950209958009,0.5194225918146698,0.521257611476157,0.5184390952238057,1667
190,5,evaluate,3.985016840475577,0.5266946610677864,0.5197729436807723,0.5200618978384088,0.51870983771705,1667
191,0,evaluate,3.9756052140836364,0.5170965806838632,0.5156431908834315,0.5201916877199698,0.5157675215631927,1667
191,1,evaluate,3.9468320357946585,0.5206958608278345,0.514705512341213,0.5170630062907928,0.5149653483173033,1667
191,2,evaluate,4.154725403697403,0.5134973005398921,0.5160004985260368,0.5144870497692862,0.5142923061157539,1667
191,3,evaluate,3.8889610325848616,0.5302939412117577,0.5238136987903659,0.5246777755504006,0.522749921359224,1667
191,4,evaluate,4.034082372983296,0.5176964607078585,0.5154007674345682,0.5187213450334769,0.5162982023806149,1667
191,5,evaluate,4.429042348155269,0.525494901019796,0.5232752908963146,0.5215746138973052,0.5214490343838014,1667
192,0,evaluate,3.8512376223079587,0.519496100779844,0.5188347284270179,0.5163397425685871,0.5165709957258781,1667
192,1,evaluate,3.818733012234723,0.5140971805638872,0.5139768161589024,0.5087883782670464,0.5102218841847647,1667
192,2,evaluate,3.969874620437622,0.5140971805638872,0.5170546879982025,0.5152293455812349,0.51507024495553,1667
192,3,evaluate,3.8631796329109758,0.5152969406118776,0.5199982276785984,0.5188177270396557,0.5172019820545415,1667
192,4,evaluate,4.319124654487327,0.5140971805638872,0.5199128591441691,0.5111940833580215,0.5130350078394865,1667
192,5,evaluate,4.201853005974381,0.5140971805638872,0.521047880106479,0.5150687234824166,0.5168470784602391,1667
193,0,evaluate,3.8379285070631237,0.50749850029994,0.5175563911958945,0.5084326517743538,0.5118165525626617,1667
193,1,evaluate,3.887891476536382,0.510497900419916,0.5130151160436695,0.5068891657433068,0.5091212492457233,1667
193,2,evaluate,3.8137294981214733,0.5092981403719257,0.5122914348588126,0.5045827314749007,0.5072155991492326,1667
193,3,evaluate,4.274000185507315,0.5056988602279544,0.5181343034797151,0.5025340112189547,0.5071104100260663,1667
193,4,evaluate,3.8340581037380077,0.5080983803239352,0.5185260190705372,0.5116299710577334,0.5134229087250265,1667
193,5,evaluate,4.26100292912236,0.5188962207558488,0.5312658815850013,0.5202393022869859,0.5237845633657544,1667
194,0,evaluate,3.8886910682475126,0.5170965806838632,0.5283312381453427,0.520393319814197,0.5227214435927079,1667
194,1,evaluate,3.9245303295271983,0.5218956208758249,0.5255341636881531,0.5175598191186326,0.5199509071337532,1667
194,2,evaluate,4.369667711081328,0.5134973005398921,0.5237602786045554,0.5145564213692753,0.5175269828952271,1667
194,3,evaluate,3.8734139093646296,0.5032993401319736,0.512682517923973,0.5041759801545639,0.5073482294211765,1667
194,4,evaluate,3.854650585739701,0.5116976604679064,0.5116897771010287,0.5055599296189275,0.5077973161323632,1667
194,5,evaluate,4.293397806308888,0.501499700059988,0.5130165955599673,0.49812600346282815,0.502757470099718,1667
195,0,evaluate,3.8698067665100098,0.5158968206358728,0.5164719201094121,0.510129739544678,0.5119275658228222,1667
195,1,evaluate,4.414680600166321,0.5134973005398921,0.5221417259078012,0.514610249685518,0.5168347487623507,1667
195,2,evaluate,3.9852891983809293,0.5236952609478105,0.5334031185199883,0.5272824046022416,0.5281216638975447,1667
195,3,evaluate,4.07494421965546,0.4991001799640072,0.5061373102966455,0.4996028746025081,0.5017685946004634,1667
195,4,evaluate,4.338155287283438,0.5098980203959208,0.5205389737281891,0.5069366534311991,0.5104736496084589,1667
195,5,evaluate,3.9481007478844496,0.531493701259748,0.5355418541989027,0.5280948003685714,0.5294666141417056,1667
196,0,evaluate,4.303920931286282,0.5068986202759448,0.5105680316085267,0.5072834820682321,0.5076488539514759,1667
196,1,evaluate,4.402992061442799,0.5068986202759448,0.513355250989491,0.5080908186459837,0.5089545691279375,1667
196,2,evaluate,3.8510497587698476,0.50749850029994,0.5068679160933327,0.5009431165523048,0.5018364926964572,1667
196,3,evaluate,4.41763315377412,0.50749850029994,0.5153618902158053,0.5044953575730201,0.506548036538326,1667
196,4,evaluate,4.102722585201263,0.52249550089982,0.5278525081493463,0.5263061981205052,0.5250474416735197,1667
196,5,evaluate,4.012478202947342,0.5302939412117577,0.5357366501063463,0.5277302128468648,0.528309448324758,1667
197,0,evaluate,3.962719695780564,0.5236952609478105,0.5140419783352762,0.5167671501178785,0.5139087148228827,1667
197,1,evaluate,4.426744369445024,0.5152969406118776,0.5181656635027984,0.5163735058975193,0.5157019865361622,1667
197,2,evaluate,4.126116028538457,0.5266946610677864,0.5257670296499205,0.5307737558494797,0.5267090469897631,1667
197,3,evaluate,4.164822128083659,0.5320935812837433,0.5300291327281855,0.5278581099108545,0.5263882668215449,1667
197,4,evaluate,4.48050778441959,0.5152969406118776,0.5109310857164563,0.5157346668901076,0.5125951136652598,1667
197,5,evaluate,4.5569231333556,0.5230953809238152,0.5221621911795558,0.5191655698435076,0.5193609210325393,1667
198,0,evaluate,4.135050184911624,0.5302939412117577,0.5227693092457087,0.5256151602394322,0.5221670045056722,1667
198,1,evaluate,4.4804532743162575,0.519496100779844,0.5132100317041546,0.5201709561349708,0.5157007935455253,1667
198,2,evaluate,4.1839014799506575,0.5212957408518296,0.5186117013746816,0.5262240638198634,0.5195893053718926,1667
198,3,evaluate,4.021136862260324,0.528494301139772,0.5169134007313615,0.5220815402418847,0.5175935262081317,1667
198,4,evaluate,4.392570841505572,0.5134973005398921,0.5154097826884156,0.514928350570828,0.5142871030786523,1667
198,5,evaluate,4.5632264614105225,0.5260947810437913,0.5207892451467923,0.5211332022893493,0.5203665388079552,1667
199,0,evaluate,4.513093542169641,0.5170965806838632,0.5130681081863451,0.5117296071030196,0.5115691117103488,1667
199,1,evaluate,4.092761105961269,0.5164967006598681,0.5117595747175783,0.5213824327892379,0.5125624844451417,1667
199,2,evaluate,4.2884124358771025,0.5164967006598681,0.5186194505340863,0.5177704591883858,0.5166549690164296,1667
199,3,evaluate,4.002379452740705,0.5200959808038392,0.511021242237773,0.5137699309444629,0.5094383431606458,1667
199,4,evaluate,4.386968108790892,0.5170965806838632,0.5104064211483449,0.5180481282027058,0.5119342637974156,1667
199,5,evaluate,4.068361663204053,0.519496100779844,0.5153448093182724,0.5153039942479014,0.5122315360953352,1667
200,0,evaluate,4.274621654439856,0.50749850029994,0.505127658744959,0.5026994760491412,0.502596397082334,1667
200,1,evaluate,3.8092547875863536,0.5236952609478105,0.5157860680814613,0.5167480328695468,0.5142529157404491,1667
200,2,evaluate,4.148319707976447,0.50749850029994,0.5030860741795135,0.5079912415142157,0.503529588854654,1667
200,3,evaluate,3.94074889741562,0.5152969406118776,0.5148643858447547,0.5194443368735362,0.5134135641752127,1667
200,4,evaluate,3.8741008317910772,0.5290941811637673,0.5271953498548856,0.5256485187133649,0.5238500395301932,1667
200,5,evaluate,4.17618488823926,0.519496100779844,0.5246861689204032,0.5206418490823055,0.5211525130352339,1667
201,0,evaluate,4.1172922187381324,0.5098980203959208,0.5141853367565599,0.5054137970678577,0.5076317836880759,1667
201,1,evaluate,3.971597366862827,0.5056988602279544,0.5093518240478773,0.5056075718988468,0.5059994586340383,1667
201,2,evaluate,3.7719938578429044,0.519496100779844,0.5182927990637786,0.5132293355745031,0.5144459265807713,1667
201,3,evaluate,3.7265344784504526,0.5380923815236952,0.5390348811268342,0.5355657328410877,0.5349266925611623,1667
201,4,evaluate,4.164737734529707,0.5188962207558488,0.5240134294680366,0.5212000289097456,0.5212210554551951,1667
201,5,evaluate,3.846518180988453,0.5110977804439112,0.5170961533534889,0.51513605163379,0.5137561412374059,1667
202,0,evaluate,3.9604339886594704,0.5092981403719257,0.5216805098400747,0.511896316451032,0.5139537041369255,1667
202,1,evaluate,3.7551512983110027,0.5350929814037193,0.5394633573768625,0.5316876853231332,0.5336451745845213,1667
202,2,evaluate,4.1694736745622425,0.50749850029994,0.5186252853028496,0.5038895746278053,0.5073236737962363,1667
202,3,evaluate,3.922248125076294,0.50749850029994,0.5180521359918916,0.507126715704237,0.5111282565305969,1667
202,4,evaluate,3.897746898509838,0.5020995800839833,0.5062230062547424,0.4956526555020523,0.49954350374765005,1667
202,5,evaluate,4.211441532329276,0.5146970605878824,0.5210550513625094,0.516670360526634,0.5177336005885801,1667
203,0,evaluate,4.01673064077342,0.5134973005398921,0.5254132389701821,0.5133861874105163,0.5178760488628363,1667
203,1,evaluate,4.313895276299229,0.5086982603479304,0.5157796473436418,0.5094530707963061,0.5115215608462493,1667
203,2,evaluate,3.868115561979787,0.5362927414517097,0.5430604101008777,0.5330882707230499,0.5357344090007338,1667
203,3,evaluate,3.959246370527479,0.5008998200359928,0.5094764957675523,0.4938470444237981,0.49986573192293926,1667
203,4,evaluate,4.074859623555784,0.5062987402519497,0.5216757758768502,0.5093025656782586,0.5127217690236668,1667
203,5,evaluate,4.22004113373933,0.50749850029994,0.5212084213115128,0.504406395183914,0.509031097032969,1667
204,0,evaluate,4.16672584966377,0.5098980203959208,0.5182719356397656,0.5133291377849492,0.5143330393300909,1667
204,1,evaluate,4.211164642263342,0.5092981403719257,0.5229986683165828,0.5066728797910417,0.5104359561324167,1667
204,2,evaluate,4.492585644125938,0.5038992201559688,0.5091975612949398,0.5043644732771243,0.5054853232161822,1667
204,3,evaluate,4.020509811095248,0.5236952609478105,0.5301686197468639,0.5208568756487463,0.5212843374489299,1667
204,4,evaluate,4.029698654457375,0.5098980203959208,0.5112690772606245,0.5025950090294113,0.5045387545967885,1667
204,5,evaluate,4.270610094070435,0.50749850029994,0.5162574379966965,0.5083241493428259,0.509787833790103,1667
205,0,evaluate,4.065374648129499,0.5116976604679064,0.5085666646726482,0.50518023423057,0.5044698375336283,1667
205,1,evaluate,4.622170623702307,0.5128974205158968,0.5186116093231445,0.5132042244827756,0.5144567949890109,1667
205,2,evaluate,4.350352755299321,0.519496100779844,0.5264589203611887,0.516641536410379,0.5174978026608259,1667
205,3,evaluate,4.1915661170158796,0.5242951409718056,0.5263502141443783,0.5219562622674329,0.5208624836494,1667
205,4,evaluate,4.290073915764138,0.5092981403719257,0.5129948694459048,0.5120204465788135,0.5113349271297083,1667
205,5,evaluate,4.422671048729508,0.501499700059988,0.508845504998978,0.5025181611576371,0.5024247499012472,1667
206,0,evaluate,4.197606002842939,0.5062987402519497,0.5073143283097354,0.5096641502178761,0.5070908621291742,1667
206,1,evaluate,4.069085104955202,0.528494301139772,0.5314668141008507,0.5258405321037852,0.5247848552639184,1667
206,2,evaluate,4.472007585163401,0.5152969406118776,0.5201950151419791,0.5152617692097511,0.5160085542179202,1667
206,3,evaluate,4.3159783504627365,0.4877024595080984,0.4906601850677658,0.48897538758502745,0.4873449366104195,1667
206,4,evaluate,4.0017170883991104,0.5146970605878824,0.5094518437660978,0.5089293076688263,0.5069126922789144,1667
206,5,evaluate,4.371186282899645,0.5188962207558488,0.5210130532577745,0.5156426262780222,0.5156357242634962,1667
207,0,evaluate,3.91509379501696,0.519496100779844,0.5149741256884298,0.5140917496108824,0.512695372986778,1667
207,1,evaluate,4.286661255414839,0.52249550089982,0.5257297466611895,0.5229129376434797,0.5232171103421898,1667
207,2,evaluate,4.172206340012727,0.4931013797240552,0.4972576723858261,0.49435712760002337,0.4942018875036817,1667
207,3,evaluate,3.9397863509312394,0.5332933413317337,0.5319187829478691,0.529687102155165,0.5282959278163052,1667
207,4,evaluate,4.391465337188156,0.5188962207558488,0.519531004285363,0.5158615548074226,0.5159718043392221,1667
207,5,evaluate,4.130872876555832,0.50749850029994,0.505814023991647,0.5117108256983249,0.5064124216731347,1667
208,0,evaluate,4.201371457841661,0.5086982603479304,0.5148580853671578,0.513453773254879,0.5097581321527737,1667
208,1,evaluate,3.9482192949012473,0.5152969406118776,0.5161649350776757,0.510236302816335,0.5091822439007697,1667
208,2,evaluate,3.9291771485521974,0.5380923815236952,0.5388069476710171,0.5347598847292908,0.5340435595653424,1667
208,3,evaluate,4.238362114738535,0.5110977804439112,0.5211749186707492,0.5121460605940975,0.5141083380391863,1667
208,4,evaluate,4.104272342390484,0.5008998200359928,0.5089947561144543,0.5024860702207271,0.5023464537356033,1667
208,5,evaluate,4.3809328432436345,0.5164967006598681,0.5200241893637286,0.5114606020424349,0.5128234124767339,1667
209,0,evaluate,4.071332497729196,0.48890221955608876,0.4981842601059089,0.4910102329408009,0.49097133531841425,1667
209,1,evaluate,4.343082737039636,0.5038992201559688,0.5103934114062016,0.49918958928807766,0.5005830207122293,1667
209,2,evaluate,4.31527502282902,0.4943011397720456,0.5072463725126872,0.4956443697326686,0.4979037480010159,1667
209,3,evaluate,3.9312422187240035,0.5050989802039592,0.5067581181737746,0.5012239726820701,0.49898409583723513,1667
209,4,evaluate,4.168263488345676,0.5128974205158968,0.52091170549178,0.5186705801799167,0.5143601650739924,1667
209,5,evaluate,3.9093131567782686,0.5344931013797241,0.5364792021432934,0.5308881311091518,0.5311933742340816,1667
210,0,evaluate,4.352670713707253,0.5116976604679064,0.5145481730970806,0.5078253672149093,0.5082154632634729,1667
210,1,evaluate,4.087663390018322,0.5200959808038392,0.5273092711309911,0.5254198864591416,0.5224508303982317,1667
210,2,evaluate,4.077059980067942,0.4931013797240552,0.4970095580361916,0.49477308228638595,0.4940202667216537,1667
210,3,evaluate,3.9473967905397767,0.5098980203959208,0.5078820245500172,0.5056547765104557,0.5044017346515004,1667
210,4,evaluate,3.832575256265786,0.5326934613077384,0.5331158931654062,0.5286548575477719,0.5298041152307478,1667
210,5,evaluate,4.377249191204707,0.49610077984403117,0.5033636977296327,0.49795093315515404,0.49833271999137574,1667
211,0,evaluate,4.037201642990112,0.5146970605878824,0.5145847883981495,0.5101822194461599,0.5107740518343991,1667
211,1,evaluate,3.891092403654949,0.5296940611877624,0.52861106693303,0.5267268953699658,0.5271545093263007,1667
211,2,evaluate,4.400241842976323,0.5056988602279544,0.5057460599832702,0.5016711068153822,0.5024605648144593,1667
211,3,evaluate,4.070111781358719,0.5152969406118776,0.5224481002536158,0.5188081204827071,0.5195387380612956,1667
211,4,evaluate,4.137149968081051,0.504499100179964,0.5080601603545036,0.5056918784878948,0.5062028070608345,1667
211,5,evaluate,4.391452616287602,0.5026994601079784,0.5081125808081391,0.5040250830121068,0.5050769764169494,1667
212,0,evaluate,4.5810190858664335,0.5086982603479304,0.5121987411119531,0.5095051239231234,0.5094216117154515,1667
212,1,evaluate,4.325590183613477,0.5146970605878824,0.5173311297640758,0.5161371468122806,0.5150770903259451,1667
212,2,evaluate,4.079255391049241,0.5200959808038392,0.5198766208903688,0.5171911864257134,0.5159342809493054,1667
212,3,evaluate,4.198123672494182,0.5164967006598681,0.5205945082172176,0.5200787783449483,0.5194348709071103,1667
212,4,evaluate,4.5166046089596215,0.5038992201559688,0.5046039072114421,0.49988620644782555,0.500416729285291,1667
212,5,evaluate,4.197453896204631,0.5278944211157769,0.524113073952407,0.5221683873745329,0.520788710791671,1667
213,0,evaluate,4.374775293110697,0.5038992201559688,0.5064546249003037,0.504928619984814,0.5042655537247478,1667
213,1,evaluate,4.553353201459955,0.49610077984403117,0.5002138815428993,0.4970136920377368,0.496744379000215,1667
213,2,evaluate,4.4685065128185135,0.5152969406118776,0.5217812025392881,0.5113236061132616,0.5129864492591615,1667
213,3,evaluate,4.1963852158299195,0.5176964607078585,0.5137579753496488,0.5108962693962911,0.5101302797071069,1667
213,4,evaluate,4.175905726298138,0.519496100779844,0.5215394241053872,0.5223099153122917,0.5205588792540718,1667
213,5,evaluate,4.097822954625182,0.5212957408518296,0.5254134954350013,0.51855415140514,0.5169505848454997,1667
214,0,evaluate,4.340221740581371,0.5038992201559688,0.5120228487355883,0.5003892995706718,0.5022903110250171,1667
214,1,evaluate,3.975841241107008,0.5098980203959208,0.510901683023475,0.5066646088845419,0.5046711701078231,1667
214,2,evaluate,4.012882603539361,0.5116976604679064,0.5108514678446638,0.5047216168535769,0.505613797703336,1667
214,3,evaluate,4.311562681087741,0.501499700059988,0.5064315364572829,0.5022612657180681,0.502894832384619,1667
214,4,evaluate,4.208711883812039,0.5050989802039592,0.5108216982410656,0.5060669254089665,0.507491658836504,1667
214,5,evaluate,3.989201252107267,0.5134973005398921,0.5168702782246942,0.517283369849353,0.5153059250379617,1667
215,0,evaluate,4.352188348770142,0.5092981403719257,0.5140627036579172,0.5059978461414883,0.5073043771121766,1667
215,1,evaluate,4.183505022139461,0.5020995800839833,0.5073325751423627,0.5027228556207806,0.5041770707692472,1667
215,2,evaluate,4.021187623341878,0.5182963407318536,0.5185843106758671,0.513146647653413,0.513505843395002,1667
215,3,evaluate,4.001193525614561,0.5134973005398921,0.5156438343954901,0.5177908384235052,0.5140647363612224,1667
215,4,evaluate,4.169930069534867,0.495500899820036,0.5004477449779937,0.4972304938489378,0.4977552119992647,1667
215,5,evaluate,3.9930515995796734,0.5236952609478105,0.5250378175748283,0.5211347430206659,0.520512256950313,1667
216,0,evaluate,4.038486380635125,0.5152969406118776,0.5166613560793443,0.5123719948006441,0.5121608691151298,1667
216,1,evaluate,3.97803274569688,0.5182963407318536,0.5189537699991109,0.5222894304181878,0.5176992279712411,1667
216,2,evaluate,4.423554791344537,0.510497900419916,0.5108755768537563,0.5063689727289074,0.5069813947925914,1667
216,3,evaluate,4.002341420562179,0.5116976604679064,0.5109399156975636,0.5063122867647263,0.5063685554746122,1667
216,4,evaluate,4.174215060693246,0.4967006598680264,0.5003996388584036,0.4979862023608376,0.4975883726843423,1667
216,5,evaluate,4.183144424524572,0.5086982603479304,0.5130511205726056,0.5095312528459747,0.5107753753468012,1667
217,0,evaluate,4.326661013618663,0.5182963407318536,0.5194911525965135,0.5192383871644066,0.5185855401066795,1667
217,1,evaluate,4.088316643679583,0.5116976604679064,0.5089767958739507,0.5065409877586512,0.5053044375900045,1667
217,2,evaluate,4.447651244975902,0.5080983803239352,0.5110261478257537,0.5039987927700215,0.5051539646209474,1667
217,3,evaluate,4.208897625958478,0.510497900419916,0.5135166901025603,0.5119896375599978,0.5105716413110735,1667
217,4,evaluate,4.071650078267213,0.5218956208758249,0.5208661427235917,0.5188256437295807,0.5176910019917286,1667
217,5,evaluate,3.967793118070673,0.5200959808038392,0.5201885639660798,0.5250809303118325,0.5193964371304552,1667
218,0,evaluate,4.154997445918895,0.5176964607078585,0.5143032121659863,0.5124387961158366,0.5119095660751253,1667
218,1,evaluate,4.520651243351124,0.5080983803239352,0.5100564520775213,0.5038207384638879,0.5055775566386836,1667
218,2,evaluate,4.28366458857501,0.50749850029994,0.5098762571950463,0.5084869034737678,0.5082767315114912,1667
218,3,evaluate,4.120569535003732,0.5272945410917816,0.5255311441548713,0.5236858264459798,0.522637582182323,1667
218,4,evaluate,4.105403394610794,0.5278944211157769,0.5283610658067109,0.5336154273387728,0.5284890782308923,1667
218,5,evaluate,4.574637028354186,0.5182963407318536,0.5203895522130694,0.5195413496807457,0.5194585968859091,1667
219,0,evaluate,4.27534677695345,0.531493701259748,0.5366528310017393,0.5375940932493787,0.5346805245188587,1667
219,1,evaluate,4.241306287271005,0.5182963407318536,0.5149638060173498,0.5126535343306062,0.5130659254875853,1667
219,2,evaluate,4.48719111195317,0.5152969406118776,0.5203785854565008,0.5164837648790404,0.5180961400627965,1667
219,3,evaluate,4.232175791912057,0.5404919016196761,0.5390423462578215,0.5371715481537641,0.5362707856162781,1667
219,4,evaluate,4.676239058927253,0.5206958608278345,0.5222148238639381,0.5219631600460943,0.5214221512651174,1667
219,5,evaluate,4.65012679276643,0.5140971805638872,0.5171043212376805,0.509888074925667,0.5120577086619836,1667
220,0,evaluate,4.461817759054679,0.5008998200359928,0.5062715715454498,0.5020536657192671,0.503612128974789,1667
220,1,evaluate,4.153030920083876,0.531493701259748,0.5334534341295882,0.5285829803693952,0.5285205343777444,1667
220,2,evaluate,4.5238521628909645,0.5032993401319736,0.5083784182948159,0.499405428064302,0.5018745260181305,1667
220,3,evaluate,4.16426252628918,0.5236952609478105,0.5312354633518369,0.5299054770105558,0.5277684573218095,1667
220,4,evaluate,4.5985042430736405,0.5128974205158968,0.5180007961646087,0.5143134547585781,0.5149289181587884,1667
220,5,evaluate,4.1204526623090105,0.5218956208758249,0.517573586961988,0.515515198179294,0.5159792023076576,1667
221,0,evaluate,3.960546680243203,0.5296940611877624,0.5334187837380965,0.5262314319963843,0.5259974279786644,1667
221,1,evaluate,4.332304981019762,0.5026994601079784,0.5113183603760696,0.49924711424001095,0.5024528347774967,1667
221,2,evaluate,3.9481267708319203,0.5278944211157769,0.5260427195505661,0.5222076538254756,0.5226421671303336,1667
221,3,evaluate,3.926744027270211,0.5200959808038392,0.529171196886773,0.5247035147082613,0.5241790233362804,1667
221,4,evaluate,4.29371436436971,0.4907018596280744,0.49777801498068425,0.4916923770106294,0.493457908351551,1667
221,5,evaluate,4.386541417351475,0.4991001799640072,0.505735489875119,0.5011142524058387,0.5013759246703622,1667
222,0,evaluate,3.873232770849157,0.5146970605878824,0.5221241781820012,0.5180841453144817,0.5167450088877678,1667
222,1,evaluate,4.257728626330693,0.48890221955608876,0.49937699175665173,0.49031276112717953,0.4924305543244888,1667
222,2,evaluate,3.845357663499103,0.525494901019796,0.52776322683992,0.5216955060042461,0.5211066528953794,1667
222,3,evaluate,3.8395978609720864,0.5290941811637673,0.526345583634807,0.5226779059757697,0.5224992117058742,1667
222,4,evaluate,4.1698011424806385,0.4901019796040792,0.49705989062748124,0.4911843963002763,0.4922789256729668,1667
222,5,evaluate,4.227509825317948,0.5200959808038392,0.5276640192155754,0.5163533236691575,0.5189662265769849,1667
223,0,evaluate,4.188813046172813,0.4901019796040792,0.496288858986578,0.49159581582337425,0.4920001485340154,1667
223,1,evaluate,3.9173727285628788,0.5266946610677864,0.5264276173790521,0.5232542597020894,0.5226257636201679,1667
223,2,evaluate,3.919779795187491,0.519496100779844,0.5175584294616253,0.5132218047926473,0.5130805615070497,1667
223,3,evaluate,4.307030615983186,0.5188962207558488,0.5277475760337337,0.5153400486193004,0.5177957620373923,1667
223,4,evaluate,4.226848329106967,0.4949010197960408,0.5064150416226505,0.49609533525222477,0.49910957336702433,1667
223,5,evaluate,3.9792015155156455,0.5200959808038392,0.5210181630261136,0.5229118588407047,0.5198500160573394,1667
224,0,evaluate,4.366254409154256,0.4943011397720456,0.501099532538461,0.495766493991787,0.49663614891045,1667
224,1,evaluate,4.3667029903994665,0.504499100179964,0.5133764864877711,0.5057983063280681,0.5076706575313531,1667
224,2,evaluate,4.14065948901353,0.510497900419916,0.5122084631996269,0.5142235463138919,0.5109883405886535,1667
224,3,evaluate,4.546923222365202,0.5146970605878824,0.5220966063920796,0.5114288701125717,0.5132933858632163,1667
224,4,evaluate,4.10047909359648,0.5218956208758249,0.5234633966453976,0.5191859414700003,0.5190023837585318,1667
224,5,evaluate,4.212131429601599,0.5134973005398921,0.5128355187412434,0.5090064173297117,0.5079766034159503,1667
225,0,evaluate,4.861904559312044,0.510497900419916,0.5140473670384494,0.5074427007595848,0.5080583984947825,1667
225,1,evaluate,4.485700386541861,0.5128974205158968,0.5085363879121823,0.5084339754994709,0.5059401602632949,1667
225,2,evaluate,4.305012795660212,0.5218956208758249,0.5241578405869017,0.519685626335319,0.5195439000914424,1667
225,3,evaluate,4.6681265698538885,0.4949010197960408,0.5021454938483809,0.49635068901991336,0.49711287336297694,1667
225,4,evaluate,4.553382717900806,0.5146970605878824,0.5199093605400567,0.5159350798357092,0.5167274849759849,1667
225,5,evaluate,4.393251825261999,0.5152969406118776,0.5176582653996159,0.5202295123240795,0.5164623789342148,1667
226,0,evaluate,5.021576757784243,0.5098980203959208,0.5109625100614097,0.5059842207649536,0.5071376159719266,1667
226,1,evaluate,4.6710387639425415,0.5062987402519497,0.5089281564089831,0.5068649136784015,0.50738699378001,1667
226,2,evaluate,4.392327124689832,0.5272945410917816,0.5283410548567635,0.5239682529885051,0.524629042792031,1667
226,3,evaluate,4.480151032959974,0.5122975404919016,0.5164218981571628,0.5175400085278834,0.5148298147145891,1667
226,4,evaluate,4.7613265690980136,0.5080983803239352,0.5090569341999678,0.5093547627692508,0.5084082280228663,1667
226,5,evaluate,4.56432757112715,0.5128974205158968,0.5067898619329323,0.5084821524019253,0.5055537628708066,1667
227,0,evaluate,4.434670925140381,0.5128974205158968,0.5149669438025459,0.5184179220062433,0.5148736462461956,1667
227,1,evaluate,4.637459397315979,0.5062987402519497,0.5071375690150445,0.5069351378117827,0.506778553734902,1667
227,2,evaluate,4.328544715304433,0.5218956208758249,0.5224933421183439,0.5182070084345852,0.5188244277582403,1667
227,3,evaluate,4.615879314917105,0.5152969406118776,0.5147397336061706,0.5161762020392017,0.5149340886575089,1667
227,4,evaluate,4.404593551600421,0.5134973005398921,0.5064862763629759,0.5063791236789283,0.5052904065693359,1667
227,5,evaluate,4.940830601586236,0.4979004199160168,0.49688920944417303,0.4936761781017142,0.49416501551621206,1667
228,0,evaluate,4.457346389415087,0.4949010197960408,0.4939265531689183,0.4950583389322086,0.493905516376311,1667
228,1,evaluate,4.259012906639664,0.5236952609478105,0.5190170416466189,0.5169263468607447,0.5170759375860026,1667
228,2,evaluate,4.410597818869132,0.5140971805638872,0.5181119622187593,0.5195729982500064,0.5159405411112775,1667
228,3,evaluate,4.640896331380914,0.5158968206358728,0.5141731886932952,0.5171818831308369,0.5148054454599722,1667
228,4,evaluate,4.7976484740221945,0.50749850029994,0.5053698552483666,0.5031657834349381,0.5034840540421233,1667
228,5,evaluate,4.200826638919723,0.52249550089982,0.5211473732818013,0.5192230685682258,0.5181697119190711,1667
229,0,evaluate,4.5633724795447455,0.5080983803239352,0.5066282830005291,0.5036230741037276,0.5038822289892781,1667
229,1,evaluate,4.127422088826144,0.5164967006598681,0.5136882649143052,0.5088788058605989,0.5101432894437415,1667
229,2,evaluate,4.558702186301902,0.5056988602279544,0.507108165634581,0.5073859799700837,0.5052887979551304,1667
229,3,evaluate,4.070016523478208,0.5200959808038392,0.5169502692569325,0.5163035031690845,0.5144749300138816,1667
229,4,evaluate,4.248073414519981,0.5242951409718056,0.5294538914505877,0.527631223014147,0.525779605226213,1667
229,5,evaluate,4.38512768568816,0.4979004199160168,0.49785717918455735,0.49792955818441464,0.4964803514135555,1667
230,0,evaluate,4.0866754846992315,0.5140971805638872,0.5110451069800044,0.5067810211255698,0.5079007706521456,1667
230,1,evaluate,4.379042210402312,0.5182963407318536,0.5227025519118808,0.514210329366211,0.5163810341596108,1667
230,2,evaluate,4.0629510228280665,0.5176964607078585,0.522834505957712,0.519789784459007,0.5195085486007393,1667
230,3,evaluate,4.308676892339632,0.501499700059988,0.5055718732339107,0.5022286663088182,0.5023475941642694,1667
230,4,evaluate,4.407140625847711,0.5128974205158968,0.517847060471692,0.5145865143098582,0.5142869167983415,1667
230,5,evaluate,3.8927748673767955,0.5170965806838632,0.5159458428965505,0.5133356745245552,0.5129756729837551,1667
231,0,evaluate,4.186076750909841,0.5050989802039592,0.5111497226571071,0.506848600254858,0.5077455829317251,1667
231,1,evaluate,3.735294057709527,0.5218956208758249,0.5209466357426287,0.5174773286202472,0.51824547624444,1667
231,2,evaluate,3.9895921724813954,0.5026994601079784,0.5040011850000272,0.4968116346957091,0.49915758808574917,1667
231,3,evaluate,4.218218685300262,0.5116976604679064,0.517111182726261,0.5132191254685082,0.5137513947791861,1667
231,4,evaluate,4.272379733898021,0.519496100779844,0.5268774197104371,0.5162926938396845,0.5187098351911172,1667
231,5,evaluate,3.938880929240474,0.5122975404919016,0.5152448432688379,0.5149772563642221,0.5139146079075438,1667
232,0,evaluate,3.9744549724790783,0.5140971805638872,0.5203795783015546,0.5175391775986337,0.5175508518330629,1667
232,1,evaluate,4.408798809404726,0.5068986202759448,0.5165273190525754,0.5046516603142646,0.506614362518585,1667
232,2,evaluate,4.146360646795343,0.5062987402519497,0.5164859195612242,0.5076741242101501,0.509677735883706,1667
232,3,evaluate,3.7996202552037883,0.5260947810437913,0.5284516131357805,0.5220597791788272,0.524113102750799,1667
232,4,evaluate,4.1502970567455995,0.4943011397720456,0.5033403746524884,0.4962722974383519,0.49789859283412163,1667
232,5,evaluate,4.03012560473548,0.50749850029994,0.5110648163573204,0.5045011978451783,0.505420504333558,1667
233,0,evaluate,4.284233296359027,0.5164967006598681,0.5272344085363667,0.5173158972319792,0.5201279659636937,1667
233,1,evaluate,4.110873323899728,0.5092981403719257,0.5120352066997921,0.5057116087900583,0.5063766033524034,1667
233,2,evaluate,4.526161449926871,0.5026994601079784,0.5147994756638214,0.5003239523803167,0.5035288135054824,1667
233,3,evaluate,4.093484456892367,0.5170965806838632,0.5260327334226138,0.5217358431936042,0.5213966543573549,1667
233,4,evaluate,4.003473817565767,0.5206958608278345,0.525040300683256,0.5183865269951974,0.5193166203389851,1667
233,5,evaluate,4.269089261690776,0.4991001799640072,0.5073410266699111,0.5001523893936939,0.5021713353820734,1667
234,0,evaluate,4.453159394087614,0.4949010197960408,0.5014856024902662,0.4956165397536104,0.4968683786877658,1667
234,1,evaluate,4.571804532298335,0.504499100179964,0.5115546254428341,0.5017349481367018,0.5035350861327392,1667
234,2,evaluate,4.230210628774431,0.5200959808038392,0.5254709012118789,0.5254208909521381,0.5225901102691591,1667
234,3,evaluate,4.249903135829502,0.5134973005398921,0.5126725867866239,0.5104745974776671,0.5100700194578536,1667
234,4,evaluate,4.18349255750204,0.5236952609478105,0.5281048437703532,0.5216646841036787,0.5220595703038484,1667
234,5,evaluate,4.435373182649966,0.5248950209958009,0.5301323314656952,0.5257961691049201,0.5265856649162259,1667
235,0,evaluate,4.328500028006332,0.5086982603479304,0.5141552079688556,0.5071325118687326,0.5076538267257271,1667
235,1,evaluate,4.398199831997907,0.50749850029994,0.504365767511092,0.5026731471250309,0.5024743082481857,1667
235,2,evaluate,4.301996636885667,0.5164967006598681,0.5198319757403981,0.5221800232813535,0.5186470389423234,1667
235,3,evaluate,4.553266013110125,0.4943011397720456,0.49770859926984495,0.49520397757732565,0.49582234065753134,1667
235,4,evaluate,4.557961234339961,0.5272945410917816,0.5328492935634247,0.5283301819998484,0.5294446190439552,1667
235,5,evaluate,4.7693463696373835,0.5062987402519497,0.5090414128746202,0.5026997629202015,0.5041907467286022,1667
236,0,evaluate,4.293206614562897,0.5230953809238152,0.5235557702660734,0.5276045928058327,0.5241693580961384,1667
236,1,evaluate,4.7634894759566695,0.5062987402519497,0.5053691657212007,0.5020415525968901,0.5026907665009193,1667
236,2,evaluate,4.384333120452033,0.5110977804439112,0.509289831468219,0.5055775169839914,0.5063541874772162,1667
236,3,evaluate,4.380143515350668,0.519496100779844,0.5209623622672306,0.5167352363086968,0.5173379083233857,1667
236,4,evaluate,4.617124151300501,0.48890221955608876,0.48977589841390046,0.4895639920728456,0.4892590832208098,1667
236,5,evaluate,4.607792318695122,0.5212957408518296,0.5240565146121928,0.5223120280293764,0.5220942060634023,1667
237,0,evaluate,4.199141694439782,0.52249550089982,0.5257121784916613,0.5263205217403557,0.5243623644710496,1667
237,1,evaluate,4.300105593061879,0.5236952609478105,0.5248985730559076,0.5206840678232567,0.5213905748233025,1667
237,2,evaluate,4.307044786435586,0.5140971805638872,0.5090670504287994,0.5086262817718631,0.5077995525911482,1667
237,3,evaluate,4.721736519425003,0.50749850029994,0.5077342457527318,0.5020080196069422,0.5040620491805197,1667
237,4,evaluate,4.560854717537209,0.5158968206358728,0.5193968276384168,0.5171169020375365,0.5172422597427216,1667
237,5,evaluate,4.625668062104119,0.4931013797240552,0.4939077382992128,0.49391072897124033,0.4930211403062798,1667
238,0,evaluate,4.045538075544216,0.5188962207558488,0.5228709494544346,0.5215526620989784,0.5204485732276712,1667
238,1,evaluate,4.389559778902266,0.489502099580084,0.4927558727509266,0.48989300898837174,0.48957831029461873,1667
238,2,evaluate,4.501057501192446,0.5146970605878824,0.5163695692831194,0.5105065037427808,0.5123356878792068,1667
238,3,evaluate,3.9958034032563403,0.5290941811637673,0.5265157721509961,0.5252573917729585,0.5248662626476068,1667
238,4,evaluate,4.095366592760439,0.5158968206358728,0.5132155890961702,0.5113388618007322,0.5104027206741797,1667
238,5,evaluate,4.327543107999696,0.5038992201559688,0.5074365710018409,0.5049844800159199,0.5048858055702796,1667
239,0,evaluate,4.378215206993951,0.50749850029994,0.5170081032183715,0.5054753989564784,0.5073066843017939,1667
239,1,evaluate,4.131447561361171,0.4931013797240552,0.4996463680234046,0.493770242335332,0.49453422362699595,1667
239,2,evaluate,3.764264043322193,0.5278944211157769,0.5263850986382159,0.5237048540978401,0.5242264814589261,1667
239,3,evaluate,3.888636589050293,0.5020995800839833,0.5044767774459504,0.4978974201869929,0.49893112215878255,1667
239,4,evaluate,4.13119992448224,0.5050989802039592,0.5166271767705882,0.5065951999340024,0.5085745381750119,1667
239,5,evaluate,3.9565418782057584,0.5140971805638872,0.5213560782492951,0.5161372093511715,0.5164026171115754,1667
240,0,evaluate,4.356815064394915,0.4973005398920216,0.5056472237072924,0.49512391046895293,0.49572113903472337,1667
240,1,evaluate,3.984805054134793,0.483503299340132,0.48883685373466734,0.48361436755596365,0.4846642942588897,1667
240,2,evaluate,3.856944040015892,0.5026994601079784,0.504508155072952,0.49883125692491515,0.4998621052353041,1667
240,3,evaluate,3.8857939464074596,0.5098980203959208,0.5151725506858599,0.5132227257156357,0.5113839577913393,1667
240,4,evaluate,4.054554225118072,0.4991001799640072,0.5104181231909886,0.5008562945889157,0.50298852825972,1667
240,5,evaluate,3.7816541587364756,0.5368926214757048,0.5365620278996253,0.5326299060736635,0.5333896557338571,1667
241,0,evaluate,4.062031887193842,0.5140971805638872,0.5102941070923304,0.5088887009248781,0.5078559943427706,1667
241,1,evaluate,4.122396703947474,0.4967006598680264,0.5009884094195012,0.49783280725165246,0.4977115821884036,1667
241,2,evaluate,4.43126826816135,0.5038992201559688,0.5125593760098057,0.5011698811165719,0.5032028837978217,1667
241,3,evaluate,4.053539143668281,0.5068986202759448,0.5114810069642888,0.5114992057561633,0.5080552512240745,1667
241,4,evaluate,3.9921565144150346,0.504499100179964,0.5013772812828841,0.49910472072225964,0.49942870953063084,1667
241,5,evaluate,4.2047138040264445,0.498500299940012,0.5039330022926112,0.4997514748980955,0.5008711637226915,1667
242,0,evaluate,4.269151147317003,0.5050989802039592,0.5085284892444316,0.5100104034292074,0.5069432222618959,1667
242,1,evaluate,4.33782167493212,0.5218956208758249,0.5209980132007341,0.5177722209454434,0.5176386627202327,1667
242,2,evaluate,4.2720911502838135,0.5092981403719257,0.5072311410053072,0.5032183525048858,0.5039838336312796,1667
242,3,evaluate,4.4348777669171495,0.501499700059988,0.5058606782494061,0.5026431532546828,0.5032682178469454,1667
242,4,evaluate,4.4866642594613415,0.5218956208758249,0.5248475174133371,0.5226686875671052,0.5232993899558187,1667
242,5,evaluate,4.710208283530341,0.510497900419916,0.5162851322787116,0.5072312103113417,0.5093178688916284,1667
243,0,evaluate,4.700575456471631,0.5176964607078585,0.5222841821576338,0.5186929623824864,0.5193921492223569,1667
243,1,evaluate,4.518622536718101,0.5092981403719257,0.5099811420501992,0.5064367712448481,0.5062287063782505,1667
243,2,evaluate,4.4238824909208,0.5164967006598681,0.5218913480962163,0.5207103509375436,0.5197709762158542,1667
243,3,evaluate,4.929638429924294,0.5134973005398921,0.5202101918156528,0.5098788214532984,0.5121097008713669,1667
243,4,evaluate,4.464588659780997,0.5092981403719257,0.5098525520601456,0.5034216919317258,0.5045793454294218,1667
243,5,evaluate,4.6012094102248,0.4967006598680264,0.50264781413466,0.497839927112365,0.4987888282854264,1667
244,0,evaluate,4.481975581514201,0.5218956208758249,0.5290942218125492,0.5250659203207874,0.5259870539730818,1667
244,1,evaluate,4.768884799270718,0.5212957408518296,0.5282793870244203,0.5223325321697208,0.5240347803398258,1667
244,2,evaluate,4.522913581243268,0.5098980203959208,0.5099871935598654,0.5041622743982489,0.5043309467167459,1667
244,3,evaluate,4.973360688598068,0.5110977804439112,0.5140971901396127,0.5065713820659312,0.5089627371759091,1667
244,4,evaluate,4.643255338072777,0.5002999400119976,0.508971234929114,0.5006404951520009,0.5029980440227747,1667
244,5,evaluate,4.576892037450509,0.5032993401319736,0.5076442397204278,0.5013342541117739,0.5011316638400454,1667
245,0,evaluate,4.488104655375368,0.5158968206358728,0.5165692736203966,0.5126615754816677,0.511917028807506,1667
245,1,evaluate,4.778442514163476,0.5134973005398921,0.5181475104146567,0.5146785099025966,0.5149927477423701,1667
245,2,evaluate,4.498910477410795,0.5296940611877624,0.5310541135285557,0.5327068237552816,0.5306482829336231,1667
245,3,evaluate,4.941649966769749,0.5092981403719257,0.5110681393818445,0.5047771130407599,0.5069242258485298,1667
245,4,evaluate,4.533952200854266,0.5146970605878824,0.5116471403383241,0.5091706696539898,0.5084352355764208,1667
245,5,evaluate,4.675962033647078,0.5086982603479304,0.5122947199685605,0.5098939927223138,0.5090453152934467,1667
246,0,evaluate,4.431141312751505,0.5110977804439112,0.5127918759308532,0.5136611280885922,0.5105552846603378,1667
246,1,evaluate,4.344127967033568,0.525494901019796,0.5239420708224921,0.5219715004966433,0.5201552838029334,1667
246,2,evaluate,4.596104823880726,0.5134973005398921,0.5207262801667574,0.515132840591346,0.5152001054995597,1667
246,3,evaluate,4.531982917476584,0.495500899820036,0.49866204524670793,0.49693610354041207,0.49493681455049054,1667
246,4,evaluate,4.492854762960364,0.5164967006598681,0.513569386926061,0.5111944443886997,0.5102685493063046,1667
246,5,evaluate,4.745633761088054,0.5020995800839833,0.506675936073672,0.49852903167993634,0.5000969323410248,1667
247,0,evaluate,4.130965131125305,0.5266946610677864,0.5264611246437518,0.522819954644942,0.5227223272402381,1667
247,1,evaluate,4.27484338371842,0.5080983803239352,0.5027757348700341,0.5029507048395451,0.5012848890733945,1667
247,2,evaluate,4.352998128091848,0.5032993401319736,0.5103269592793981,0.5050731263718211,0.5050999098413618,1667
247,3,evaluate,4.183651087460695,0.5122975404919016,0.5158405647963195,0.5142086380610622,0.512838125467338,1667
247,4,evaluate,4.2676717970106335,0.495500899820036,0.5003595836076389,0.49675383021227104,0.496669788065804,1667
247,5,evaluate,4.63000641045747,0.5050989802039592,0.5120326768541257,0.501800257238546,0.5037722056293658,1667
248,0,evaluate,4.018767596004451,0.52249550089982,0.5202069575366826,0.5176256403945991,0.5175619745828974,1667
248,1,evaluate,4.148632323300397,0.5008998200359928,0.4955337182243519,0.4951422726153404,0.4937852769597737,1667
248,2,evaluate,4.246271159913805,0.5056988602279544,0.5099262046328528,0.5068018872904065,0.5071796897632876,1667
248,3,evaluate,4.584411144256592,0.4991001799640072,0.5026850268897394,0.4956486625047658,0.49581211969280004,1667
248,4,evaluate,4.124223810655099,0.5032993401319736,0.505951724156317,0.5065214405572497,0.503559020873427,1667
248,5,evaluate,4.144326987089934,0.48530293941211755,0.4852270346076596,0.48619283452042306,0.48442156976085143,1667
249,0,evaluate,4.566143424422653,0.5056988602279544,0.5082503070261314,0.5027205820227604,0.5020788448949121,1667
249,1,evaluate,3.993317580503976,0.5092981403719257,0.5083415061235235,0.504674194045611,0.504950165770269,1667
249,2,evaluate,4.119401816968565,0.5026994601079784,0.5058031455038154,0.5058017417330981,0.5029297973929796,1667
249,3,evaluate,4.104530507767642,0.47750449910017995,0.4784937561580348,0.47799960836693733,0.47669559058006455,1667
249,4,evaluate,4.077477569933291,0.4937012597480504,0.48866495256779363,0.4873918243811451,0.4868360620606481,1667
249,5,evaluate,4.234798873464267,0.50749850029994,0.5106588478101382,0.5087245598956481,0.5084335256290515,1667
250,0,evaluate,4.1853133719626685,0.4997000599880024,0.5004136743724714,0.4950164001413849,0.49498349891823096,1667
250,1,evaluate,4.224367376830843,0.4949010197960408,0.4985602357956867,0.4951693698119641,0.4954518692855827,1667
250,2,evaluate,4.2269238675082175,0.5068986202759448,0.5137365635218814,0.5112220288629199,0.509420900542394,1667
250,3,evaluate,4.157804506796378,0.5032993401319736,0.4962438486963744,0.4970255681675499,0.4954973237096009,1667
250,4,evaluate,4.4185417059257075,0.5062987402519497,0.5097174800776869,0.5072154780686817,0.507227456724202,1667
250,5,evaluate,4.5673075870231346,0.5080983803239352,0.510271875010963,0.5041605789393347,0.5036579482788813,1667
251,0,evaluate,4.439504889794121,0.5218956208758249,0.5224248930769322,0.5182666960100969,0.5182556206115113,1667
251,1,evaluate,4.338802794615428,0.5176964607078585,0.5219657551473219,0.5221960919654309,0.5209269023838692,1667
251,2,evaluate,4.398731070432674,0.5002999400119976,0.5034983016401237,0.5004707779546308,0.5012008636764806,1667
251,3,evaluate,4.72252650614138,0.5122975404919016,0.5132740244390045,0.507301881878144,0.5083947069435714,1667
251,4,evaluate,4.647063390869233,0.5260947810437913,0.5268734765030947,0.5270256384729233,0.526411064598088,1667
251,5,evaluate,4.221321298016442,0.519496100779844,0.5115182620275464,0.5133092315840605,0.5115961669157582,1667
252,0,evaluate,5.056588013966878,0.50749850029994,0.511176022446324,0.5035704935471655,0.5051530020374397,1667
252,1,evaluate,4.562366480749376,0.4967006598680264,0.49880203302949244,0.49703704026759626,0.4973212313893679,1667
252,2,evaluate,4.453968668425524,0.5272945410917816,0.5223907909863963,0.5211544884001673,0.5201794421957405,1667
252,3,evaluate,4.45951329337226,0.5170965806838632,0.5239044842251153,0.5205824716009928,0.5200674338990974,1667
252,4,evaluate,4.655168206603439,0.5236952609478105,0.5285965132766868,0.5218153516537096,0.5224054763619391,1667
252,5,evaluate,4.866357562166673,0.510497900419916,0.5159747235115951,0.5109841561330899,0.5126718116967522,1667
253,0,evaluate,4.915782855616675,0.5128974205158968,0.5217139078331148,0.5133799640096538,0.5156854169640839,1667
253,1,evaluate,4.663538314678051,0.504499100179964,0.508801678928361,0.5050358956098127,0.5056110932289724,1667
253,2,evaluate,5.234252647117332,0.4991001799640072,0.505468292809962,0.4949098702483862,0.49806589636713944,1667
253,3,evaluate,4.629952418583411,0.5212957408518296,0.516462087735394,0.5141422013545842,0.5134414856440195,1667
253,4,evaluate,4.759496370951322,0.5230953809238152,0.53044790974744,0.5216835135954018,0.522555645966587,1667
253,5,evaluate,4.528640345290855,0.5302939412117577,0.5415520972434386,0.5335084754277469,0.5347393001453062,1667
254,0,evaluate,4.929386218388875,0.5092981403719257,0.5129216520841897,0.5058621635131877,0.508334470606624,1667
254,1,evaluate,4.498124060807405,0.5200959808038392,0.5288732618645878,0.5234006270492422,0.5241877753028381,1667
254,2,evaluate,4.579795477566896,0.5068986202759448,0.513894668270745,0.5076445541298785,0.5088696259866365,1667
254,3,evaluate,4.564422620667345,0.5170965806838632,0.5231978520054462,0.514494634872902,0.5163675641070339,1667
254,4,evaluate,4.7874674355542215,0.5032993401319736,0.5126534456405433,0.5037894788576651,0.5064962465457684,1667
254,5,evaluate,4.546173250233686,0.5248950209958009,0.5195645803653358,0.5181882776390532,0.5177833812642718,1667
255,0,evaluate,4.2088333677362515,0.5230953809238152,0.5323986480979487,0.525434471945345,0.5272987953354232,1667
255,1,evaluate,4.231985006481409,0.5146970605878824,0.5123219345345944,0.5087673139106801,0.5094744751172616,1667
255,2,evaluate,4.646078092080575,0.4967006598680264,0.5039902978105555,0.49274812304331467,0.496076163206906,1667
255,3,evaluate,4.1937252871784,0.5122975404919016,0.5130423438918033,0.5085351770425112,0.5094594052718834,1667
255,4,evaluate,4.482659320588465,0.5056988602279544,0.5163675200037636,0.5066586051438882,0.509990354910932,1667
255,5,evaluate,4.297760839815493,0.4991001799640072,0.5057577164854513,0.499933359410562,0.5013025923949251,1667
256,0,evaluate,4.314551174088761,0.4943011397720456,0.507264022942627,0.49629790249486244,0.49858070103854607,1667
256,1,evaluate,4.563752209698713,0.4937012597480504,0.49903698235231264,0.49033438497215454,0.49166989722220544,1667
256,2,evaluate,4.059527575222798,0.5050989802039592,0.5061046344441056,0.5007983894308021,0.5021623507529351,1667
256,3,evaluate,4.154256222424684,0.495500899820036,0.5039469029402088,0.49667627578332124,0.4984035674230324,1667
256,4,evaluate,4.073273128933376,0.5056988602279544,0.5075936364782881,0.5005559852170278,0.5027028806617329,1667
256,5,evaluate,4.04017108016544,0.5200959808038392,0.5300637665729161,0.522328605347733,0.5241955571598631,1667
257,0,evaluate,4.100039115658513,0.5176964607078585,0.5218588831718514,0.5207543691688881,0.5192791091333653,1667
257,1,evaluate,4.112696356243557,0.5140971805638872,0.5146077805879148,0.5098717189086411,0.5102124722285091,1667
257,2,evaluate,4.142623034398167,0.5068986202759448,0.5055035632371907,0.5031121559694764,0.5034409058044478,1667
257,3,evaluate,4.599430622877898,0.4991001799640072,0.5028580868102704,0.4949323992158009,0.4960384883172437,1667
257,4,evaluate,4.307660785538179,0.48890221955608876,0.49507890721503395,0.4913141302584439,0.4898174156340372,1667
257,5,evaluate,4.186353305975596,0.4979004199160168,0.5022611155830353,0.49965790526393683,0.49830245828703923,1667
258,0,evaluate,4.635649186593515,0.5050989802039592,0.5090332945130887,0.5017598090901141,0.5033114241390615,1667
258,1,evaluate,4.225456131829156,0.5158968206358728,0.5212514395830741,0.5179174016173883,0.5182946674485224,1667
258,2,evaluate,4.258345506809376,0.5236952609478105,0.5235931088195914,0.526837963429667,0.524114221762974,1667
258,3,evaluate,4.255522959026234,0.5158968206358728,0.5160688854487006,0.5121207310117116,0.5132159506320206,1667
258,4,evaluate,4.42557332361186,0.495500899820036,0.4955406018387342,0.4978809008218608,0.49479729147194895,1667
258,5,evaluate,4.164969311820136,0.5176964607078585,0.5144144450920956,0.5126364918218528,0.5124882898355119,1667
259,0,evaluate,4.205306256258929,0.5338932213557288,0.5282509095149488,0.528852645046597,0.5278244737749208,1667
259,1,evaluate,4.315619529029323,0.5218956208758249,0.5227817327783123,0.5188626479754147,0.5191875955852356,1667
259,2,evaluate,4.325857502442819,0.5062987402519497,0.5086658333735756,0.5072233968516409,0.5072751107965525,1667
259,3,evaluate,4.559802744123671,0.5122975404919016,0.5134774690264586,0.5138579956712579,0.5129098013878389,1667
259,4,evaluate,4.77266643665455,0.5050989802039592,0.5111800110776288,0.5016304184681113,0.5041971064168532,1667
259,5,evaluate,4.329206497580917,0.5188962207558488,0.5188743055128413,0.5232696335354009,0.5200180175057341,1667
260,0,evaluate,4.404351103426153,0.5170965806838632,0.5187241827124518,0.5145986140128995,0.5137218687819798,1667
260,1,evaluate,4.49743523200353,0.49250149970005996,0.496165644795988,0.49222181501154677,0.4930846136566972,1667
260,2,evaluate,4.365538190912317,0.5278944211157769,0.523773790062227,0.5218898529237325,0.5210988792339618,1667
260,3,evaluate,4.847600442391855,0.4979004199160168,0.5077751574156825,0.49365130191872353,0.4973664779056626,1667
260,4,evaluate,4.4266393365407435,0.5140971805638872,0.5192022658084775,0.5192574302312942,0.5160445309998816,1667
260,5,evaluate,4.6948447359932794,0.5146970605878824,0.516151402024805,0.5150325480548489,0.5147344131623319,1667
261,0,evaluate,4.582842767238617,0.4979004199160168,0.5052450154813842,0.49813025825826784,0.49965063092421474,1667
261,1,evaluate,4.466470128960079,0.510497900419916,0.5198867028795565,0.5150847803591394,0.514174498768493,1667
261,2,evaluate,4.562729442561114,0.4937012597480504,0.5029411084329501,0.4928136947048191,0.49519271495722555,1667
261,3,evaluate,4.831740803188747,0.4877024595080984,0.501240248475916,0.48385596000701925,0.48769486924995037,1667
261,4,evaluate,4.4960257058070665,0.5026994601079784,0.5093143572227916,0.5011215682235115,0.500705852595434,1667
261,5,evaluate,4.442070183930574,0.5158968206358728,0.5143294904442487,0.5088444875259466,0.5083096699069823,1667
262,0,evaluate,4.498848927207291,0.5002999400119976,0.5072314580345333,0.49877585294301363,0.4991804400251584,1667
262,1,evaluate,4.514891346295674,0.5056988602279544,0.5040036344402204,0.4983308630511042,0.4984767990609439,1667
262,2,evaluate,4.56023375193278,0.4937012597480504,0.5040895543410133,0.49313886768410986,0.4960969415024885,1667
262,3,evaluate,4.841440836588542,0.4937012597480504,0.5074456050337472,0.4901681831940973,0.49429025943251703,1667
262,4,evaluate,4.481166685620944,0.5152969406118776,0.524806893182596,0.515348923132391,0.5184610092528603,1667
262,5,evaluate,4.432585716799453,0.5176964607078585,0.5273296691583893,0.5211092580594963,0.5215440566537196,1667
263,0,evaluate,4.376720560921563,0.510497900419916,0.5093422538223963,0.5046375125237861,0.5052937874499773,1667
263,1,evaluate,4.7198865237059415,0.504499100179964,0.5134264911019345,0.5006980978175466,0.5047103532312813,1667
263,2,evaluate,4.323054150850685,0.5248950209958009,0.5317275848193691,0.5291002023540627,0.5289114106896319,1667
263,3,evaluate,4.418846183353001,0.4907018596280744,0.5004855933266027,0.49110294798172854,0.4945907186489693,1667
263,4,evaluate,4.348343919823845,0.5176964607078585,0.5203132859730866,0.515313623115274,0.5154800315273456,1667
263,5,evaluate,4.4355600183760675,0.5152969406118776,0.525158584674943,0.5161226479039988,0.5195363360929811,1667
264,0,evaluate,4.431308739163257,0.5080983803239352,0.514737843797276,0.509645218649313,0.5108529732929501,1667
264,1,evaluate,4.164082960950004,0.5218956208758249,0.5245897307620246,0.5256845574763849,0.5243565735507956,1667
264,2,evaluate,4.2176146441035804,0.5008998200359928,0.5065746710543424,0.501972937012431,0.5033464404094347,1667
264,3,evaluate,4.1953051741476415,0.5152969406118776,0.512529035989503,0.5094108148040057,0.5097650640942342,1667
264,4,evaluate,4.5341344939337835,0.510497900419916,0.515102803060494,0.5057647583407496,0.5087749537884638,1667
264,5,evaluate,4.199617258990959,0.5218956208758249,0.5197827001068989,0.5178219152329085,0.5178366625337664,1667
265,0,evaluate,4.251129650269394,0.528494301139772,0.5280233150884568,0.5243308208946154,0.525325104267319,1667
265,1,evaluate,4.29600782306106,0.5116976604679064,0.5139179846444147,0.5157879300997343,0.5138691328080209,1667
265,2,evaluate,4.268960679018939,0.49610077984403117,0.5005914638503581,0.4980185321282299,0.49688072661110594,1667
265,3,evaluate,4.222267168539542,0.5080983803239352,0.5050084994258796,0.5031841276802769,0.5018555057777722,1667
265,4,evaluate,4.578221606987494,0.5002999400119976,0.5043454910120324,0.5023182081432338,0.5016480920969912,1667
265,5,evaluate,4.651125607667146,0.5182963407318536,0.5169806405448072,0.5134128207404445,0.5136469204142599,1667
266,0,evaluate,4.320274364687874,0.5356928614277144,0.532214393029032,0.5309147474537645,0.5308868588143361,1667
266,1,evaluate,4.54238051838345,0.5128974205158968,0.5112270272657001,0.5173101789649415,0.5115186939899532,1667
266,2,evaluate,4.848067301291007,0.5188962207558488,0.5177315126786404,0.5140453138345432,0.5139541644107611,1667
266,3,evaluate,4.791311985364667,0.4997000599880024,0.5016587688931404,0.5011369438931503,0.49948830314598275,1667
266,4,evaluate,4.453617598171587,0.4967006598680264,0.49704213037696315,0.49837867962066795,0.4950380839715297,1667
266,5,evaluate,4.503572658256248,0.5056988602279544,0.4996277419632964,0.5003975372812236,0.49811343440531075,1667
267,0,evaluate,4.637343689247414,0.5086982603479304,0.5027744684274593,0.5035850038663493,0.5020078790478025,1667
267,1,evaluate,4.547939035627577,0.4949010197960408,0.4943774789084734,0.49567735433923377,0.4933623884506829,1667
267,2,evaluate,4.96679143552427,0.5110977804439112,0.5096560965577671,0.505863104296815,0.5060684251649911,1667
267,3,evaluate,4.670013560189141,0.5170965806838632,0.5132199800845808,0.5233777977189374,0.5152517881835165,1667
267,4,evaluate,4.821026940588598,0.5038992201559688,0.507168692213871,0.5048115328345116,0.5048994768067308,1667
267,5,evaluate,4.409483540205308,0.5230953809238152,0.5189815613808146,0.518873783338121,0.5175962835356976,1667
268,0,evaluate,4.490865159917761,0.5158968206358728,0.5134512570906813,0.5125374569235239,0.5102134439123435,1667
268,1,evaluate,4.9498536586761475,0.5032993401319736,0.5068217857481093,0.4982861481100812,0.5002400422123167,1667
268,2,evaluate,4.853494779034345,0.4997000599880024,0.500628521475359,0.49992656915257927,0.49939844814866624,1667
268,3,evaluate,4.677745185516499,0.4943011397720456,0.4938181419086374,0.4941671446550643,0.492685809391409,1667
268,4,evaluate,4.676283597946167,0.5092981403719257,0.5023265003867359,0.503017945881868,0.5017470209427909,1667
268,5,evaluate,4.6473206855632645,0.5146970605878824,0.512030715760096,0.5210995114760417,0.5142436828057463,1667
269,0,evaluate,4.844992098984895,0.5008998200359928,0.5069617818368515,0.4963745024314403,0.4993499348646588,1667
269,1,evaluate,4.570626329492639,0.50749850029994,0.500370083310105,0.5008243297492055,0.49989591649476245,1667
269,2,evaluate,4.490126823201591,0.5086982603479304,0.5106755316575649,0.5059867849048235,0.5059132896439184,1667
269,3,evaluate,4.4084896864714445,0.5158968206358728,0.5150143386717789,0.5201347791888075,0.5164129113977479,1667
269,4,evaluate,4.683869159883923,0.49190161967606477,0.49457966193626673,0.4925840372126776,0.49263221090371845,1667
269,5,evaluate,4.772941115277785,0.5152969406118776,0.5194745572122665,0.5159954886008287,0.5165978616909275,1667
270,0,evaluate,4.5883089866903095,0.48170365926814634,0.49243728065754466,0.48182105539010556,0.48391427360383565,1667
270,1,evaluate,4.728536826592904,0.4907018596280744,0.5025380468020961,0.4878743969120786,0.491309808543397,1667
270,2,evaluate,4.493539055188497,0.510497900419916,0.5067921264882157,0.503930681936793,0.5034343783693472,1667
270,3,evaluate,4.429633683628505,0.5110977804439112,0.5138808274007934,0.5084391296446276,0.5077446224814041,1667
270,4,evaluate,4.3497993659090115,0.5062987402519497,0.5108371919758802,0.5087810357021618,0.5079885952548877,1667
270,5,evaluate,4.644831330687912,0.504499100179964,0.5095009940754983,0.5052564028330476,0.5054740596075039,1667
271,0,evaluate,4.182067347897424,0.5002999400119976,0.5071277430037474,0.5028422676251096,0.5029464061052298,1667
271,1,evaluate,4.39254191076314,0.5062987402519497,0.5100150795934502,0.49959874270616356,0.5015852293586522,1667
271,2,evaluate,4.3591933294578835,0.48110377924415115,0.4885862250247519,0.4811916697162508,0.4820512313332356,1667
271,3,evaluate,4.241236542478019,0.50749850029994,0.5110655917439237,0.5051217831751648,0.5042165604496681,1667
271,4,evaluate,4.627403109161942,0.49190161967606477,0.5032580164952797,0.4898409922711554,0.49187550249369505,1667
271,5,evaluate,4.438815614691487,0.4937012597480504,0.5013250377288969,0.4949924901564282,0.4946211292358451,1667
272,0,evaluate,4.109286332193059,0.5200959808038392,0.5248202302419831,0.5169192759062293,0.5165878244299612,1667
272,1,evaluate,4.370691561554041,0.5068986202759448,0.5069167717361835,0.5004008172743808,0.5010639693964746,1667
272,2,evaluate,4.4094590931027025,0.489502099580084,0.5001418728071987,0.4912962830742564,0.49169768609461306,1667
272,3,evaluate,4.25653612503299,0.4709058188362327,0.4758665762215152,0.4712355955132905,0.47124948012123136,1667
272,4,evaluate,4.086314701785644,0.5008998200359928,0.5086625046320373,0.5026194291782535,0.503200810367985,1667
272,5,evaluate,4.639586289723714,0.498500299940012,0.5092924220952759,0.4967000664789721,0.49773436994482967,1667
273,0,evaluate,4.665667781123409,0.5110977804439112,0.5173484067851498,0.5081673336169065,0.5087142527345563,1667
273,1,evaluate,4.228197889195548,0.49250149970005996,0.49917901999158437,0.4937545608145408,0.49394748263488697,1667
273,2,evaluate,4.436464097212862,0.4967006598680264,0.5020802588795255,0.498772864779465,0.4978033970038053,1667
273,3,evaluate,4.342126254682188,0.510497900419916,0.5064850437717421,0.5045789683853196,0.5039973644861986,1667
273,4,evaluate,4.034761804357577,0.5320935812837433,0.5355728408942639,0.5274322091402782,0.5289854396128335,1667
273,5,evaluate,4.187919985364984,0.5032993401319736,0.5090452609902971,0.5066329422489715,0.5059167648475963,1667
274,0,evaluate,4.2447733290077005,0.5260947810437913,0.5261798630569245,0.5212193118137248,0.5227187523142617,1667
274,1,evaluate,4.4501912505538375,0.5134973005398921,0.5112801533048053,0.5081772136733487,0.508266300754595,1667
274,2,evaluate,4.85075424335621,0.5200959808038392,0.5216748881341123,0.5156837293916614,0.5159104652690412,1667
274,3,evaluate,4.653837920890914,0.5062987402519497,0.5097618103430303,0.5081127594707994,0.5063090582207554,1667
274,4,evaluate,4.354203936126497,0.4901019796040792,0.49220876080043496,0.49211132439944133,0.48896686009620377,1667
274,5,evaluate,4.422750027091415,0.5164967006598681,0.521156672080836,0.5204783316369339,0.5181122108058807,1667
275,0,evaluate,4.710465674047117,0.5002999400119976,0.5022718969568885,0.5021774973237024,0.49900700808857074,1667
275,1,evaluate,4.624228717368326,0.5140971805638872,0.515449126584489,0.5094229856305313,0.5099353468380852,1667
275,2,evaluate,5.023873152556242,0.5128974205158968,0.5146677629316665,0.5088197634254934,0.5092018709400777,1667
275,3,evaluate,4.744228967913875,0.5110977804439112,0.5144864643788887,0.5166491645312541,0.5125027942919758,1667
275,4,evaluate,4.900474317095898,0.5050989802039592,0.506896001171361,0.5057971555248119,0.5043863249342843,1667
275,5,evaluate,4.603459896864714,0.5182963407318536,0.5126877018628013,0.5122220997137846,0.5115492014152169,1667
276,0,evaluate,5.020887001521057,0.5020995800839833,0.5032893685921913,0.5020111398494297,0.5015442638293988,1667
276,1,evaluate,4.572513174127649,0.5140971805638872,0.5109850910048304,0.5084585920881113,0.5080238450219705,1667
276,2,evaluate,4.782294061448839,0.5116976604679064,0.5170772822439107,0.5178985671530815,0.5140124803919195,1667
276,3,evaluate,4.82138098500393,0.5026994601079784,0.5065367282565628,0.5038994375167146,0.5031210416934607,1667
276,4,evaluate,4.754323957878864,0.5080983803239352,0.5124744661433939,0.5049286782667224,0.5051892371438924,1667
276,5,evaluate,5.080113410949707,0.5026994601079784,0.5067942382986972,0.4986316557476149,0.49968252265510005,1667
277,0,evaluate,4.7279696453500675,0.4979004199160168,0.5061962675251928,0.49878880666352404,0.5003512254839789,1667
277,1,evaluate,4.961913505086192,0.49190161967606477,0.4967097145130438,0.4920687304792127,0.49346492687568705,1667
277,2,evaluate,4.6125140381447505,0.525494901019796,0.5336427639279647,0.5237060443574907,0.5246155093956215,1667
277,3,evaluate,4.938175135188633,0.48530293941211755,0.49276599453414305,0.4815881253675773,0.4838469609465876,1667
277,4,evaluate,4.364816793689021,0.5164967006598681,0.5127535172853842,0.5099013255325371,0.5096922781661453,1667
277,5,evaluate,4.641709738307529,0.5134973005398921,0.5193641107677454,0.5193995961664183,0.5170246568122632,1667
278,0,evaluate,4.863125827577379,0.49250149970005996,0.49933061699999104,0.4884040733534361,0.4915307259913774,1667
278,1,evaluate,4.486184884000708,0.5068986202759448,0.5126767681941187,0.5106594361421395,0.51009802834327,1667
278,2,evaluate,4.777762825842257,0.5008998200359928,0.5104123312238446,0.5018664580956039,0.5042915295851541,1667
278,3,evaluate,4.416587981176961,0.510497900419916,0.5173868746400755,0.5087979359815008,0.5098582540275586,1667
278,4,evaluate,4.2440566862071005,0.5236952609478105,0.5190659843948091,0.517480085171527,0.5166434993501191,1667
278,5,evaluate,4.601000271461628,0.5038992201559688,0.5149303726209906,0.5042256433994492,0.5076728582233497,1667
279,0,evaluate,4.091290272634338,0.5182963407318536,0.5159399504032434,0.5130277157230566,0.5116970517637272,1667
279,1,evaluate,4.247183071242438,0.5098980203959208,0.5187652125228809,0.5140096203903285,0.5137757079061445,1667
279,2,evaluate,4.668502472065113,0.4901019796040792,0.4954126962267769,0.48568735654504824,0.4882481610332148,1667
279,3,evaluate,4.444111161761814,0.4871025794841032,0.4974300682473311,0.48804815810190894,0.49020491393895177,1667
279,4,evaluate,4.571532087193595,0.5032993401319736,0.5138125255182293,0.5044258044395717,0.5065484329532982,1667
279,5,evaluate,4.193947001739783,0.5170965806838632,0.5219673219453318,0.5140702273180536,0.5142949837292538,1667
280,0,evaluate,4.136839712495674,0.5110977804439112,0.5091863569077679,0.5059741497091745,0.5046704034011796,1667
280,1,evaluate,4.517516935313189,0.4973005398920216,0.5122147312801729,0.4992178601071474,0.5014984021763493,1667
280,2,evaluate,4.3899884356392755,0.48530293941211755,0.49202597808568516,0.4864346696467664,0.48692744971933716,1667
280,3,evaluate,4.154869419557076,0.5188962207558488,0.5208746002632668,0.5145734111573474,0.5143175413345695,1667
280,4,evaluate,4.166602920602869,0.5116976604679064,0.5167356857614168,0.5149656873738901,0.5135861885594071,1667
280,5,evaluate,4.672876596450806,0.5056988602279544,0.5118619225149781,0.5014863053771229,0.5036253269389379,1667
281,0,evaluate,4.342060351813281,0.48110377924415115,0.48546233257638527,0.48203683116988405,0.480277206717155,1667
281,1,evaluate,4.719915557790686,0.5062987402519497,0.5163616902683347,0.501567642571507,0.5043416269480506,1667
281,2,evaluate,4.081714526575524,0.5152969406118776,0.5177078872923172,0.5107850341348131,0.5115366693997729,1667
281,3,evaluate,4.126613546300818,0.5026994601079784,0.5050225789249501,0.49891738075763925,0.4983436199842296,1667
281,4,evaluate,4.449413525285544,0.48830233953209357,0.500975470312925,0.4903019756949153,0.4917174825814179,1667
281,5,evaluate,4.125043687997041,0.4997000599880024,0.5052849141232504,0.501902252070513,0.5003448028057146,1667
282,0,evaluate,4.204457764272337,0.510497900419916,0.5128005306138125,0.5142686487106812,0.5113111480559804,1667
282,1,evaluate,4.33989452984598,0.49250149970005996,0.49486123385414216,0.4941799712623897,0.4931317151182671,1667
282,2,evaluate,4.245557414160834,0.5080983803239352,0.5066702997433519,0.5035689774468481,0.5029132203284308,1667
282,3,evaluate,4.4927851485985295,0.49190161967606477,0.49915018797514943,0.49353882355227857,0.4944877173260635,1667
282,4,evaluate,4.149252962119338,0.5236952609478105,0.5213114521302297,0.5193832694946556,0.5195410036863711,1667
282,5,evaluate,4.797893480018333,0.504499100179964,0.5101777908820762,0.5004918704719519,0.5021809331920328,1667
283,0,evaluate,4.6496676443903535,0.4979004199160168,0.5022068396383541,0.49875153299716085,0.49894668088305466,1667
283,1,evaluate,4.413622502927427,0.5176964607078585,0.5162920578684893,0.5118392076432646,0.5122086293855188,1667
283,2,evaluate,4.4578906816464885,0.4967006598680264,0.5010400509476364,0.49826950044749924,0.49783934191371104,1667
283,3,evaluate,4.40151311585926,0.5206958608278345,0.5202386130939158,0.5171467575693016,0.516979299477548,1667
283,4,evaluate,4.978347266161883,0.5086982603479304,0.5133140341413103,0.5063643537892878,0.5071841487647799,1667
283,5,evaluate,4.369905453037332,0.5170965806838632,0.5189283037362253,0.521621642514709,0.5182651478445791,1667
284,0,evaluate,4.780482712443228,0.501499700059988,0.5061470099681671,0.5014263973858959,0.5015628112975292,1667
284,1,evaluate,4.543564187155829,0.5242951409718056,0.5218939985445521,0.5173299891570853,0.5171342997754631,1667
284,2,evaluate,4.732710065665068,0.5002999400119976,0.5038880472282312,0.5008453125356466,0.49963874825041266,1667
284,3,evaluate,5.138407036110207,0.4901019796040792,0.4994786832820203,0.4876540542961494,0.48842395317067033,1667
284,4,evaluate,4.553396904910052,0.5110977804439112,0.512774030866542,0.5173538811114307,0.5105933755460864,1667
284,5,evaluate,4.669545411611142,0.510497900419916,0.513814516460341,0.5074105278386082,0.5064982236840343,1667
285,0,evaluate,4.722638052026822,0.5050989802039592,0.5115921653282374,0.5028541427155939,0.5022095076066305,1667
285,1,evaluate,4.7424635807121245,0.501499700059988,0.5080236028329838,0.5007517810870181,0.5015516905689508,1667
285,2,evaluate,4.867309496634537,0.5068986202759448,0.5146346023939383,0.5066379895501891,0.5085054518828102,1667
285,3,evaluate,5.0987400655393245,0.49250149970005996,0.5028162991806748,0.48990645375642317,0.49156657342638316,1667
285,4,evaluate,4.502332828663014,0.5146970605878824,0.5115740435666053,0.5071156262685598,0.5073158499403829,1667
285,5,evaluate,4.564252465963364,0.5098980203959208,0.5141293555193914,0.5165318124786171,0.5110221297444487,1667
286,0,evaluate,4.859310679965549,0.49250149970005996,0.4969082351105373,0.49031135973645706,0.4907254602969021,1667
286,1,evaluate,4.562549385552605,0.48890221955608876,0.49384736863249457,0.4881604273250105,0.4893825912187757,1667
286,2,evaluate,4.642911752064996,0.5110977804439112,0.5151044865777857,0.5086142930756985,0.5072979050573816,1667
286,3,evaluate,4.523423998444168,0.5020995800839833,0.5046739252573644,0.5081760287783263,0.5028266792974422,1667
286,4,evaluate,4.805154787169562,0.510497900419916,0.5148667448566875,0.5107042060625815,0.511753708102782,1667
286,5,evaluate,4.415237700497663,0.5146970605878824,0.512223768189334,0.5073366532048204,0.5082028348440437,1667
287,0,evaluate,4.740052232035884,0.4997000599880024,0.5001462550972267,0.49634870762088834,0.4967914832251591,1667
287,1,evaluate,4.498270560193945,0.5020995800839833,0.5030286419226975,0.5059535976926941,0.5031599923645644,1667
287,2,evaluate,4.477864319872525,0.495500899820036,0.49647267306812043,0.49561426437363815,0.49449213706320927,1667
287,3,evaluate,4.797802263939822,0.4967006598680264,0.5000301885754984,0.49829267202688843,0.4978337465190646,1667
287,4,evaluate,4.423473358154297,0.5038992201559688,0.5004574769392316,0.4974021176857509,0.4973218168967232,1667
287,5,evaluate,4.523832940760953,0.5116976604679064,0.5131584659730631,0.5085300670995245,0.5082996141862569,1667
288,0,evaluate,4.489395671961204,0.5062987402519497,0.5049386999866504,0.5025335759642747,0.5016932622297415,1667
288,1,evaluate,4.592531972743692,0.4901019796040792,0.49089120128106567,0.4908803152203397,0.4882368045064984,1667
288,2,evaluate,4.928174716454965,0.5110977804439112,0.5094934437540687,0.507629283455445,0.5069727549740923,1667
288,3,evaluate,4.555604281248869,0.5140971805638872,0.5124418145579883,0.5083247516020817,0.5081683597363915,1667
288,4,evaluate,4.476419022789708,0.5128974205158968,0.5150160270694609,0.5156081346171859,0.5140793858629055,1667
288,5,evaluate,4.9112667794580815,0.4967006598680264,0.4997773790048905,0.4985824650967269,0.49732258412561625,1667
289,0,evaluate,4.885970833124937,0.49610077984403117,0.49867989561270304,0.4977250901429439,0.4963419606758241,1667
289,1,evaluate,4.429307985110898,0.5062987402519497,0.5033183608489303,0.5024182442628187,0.5016426757370598,1667
289,2,evaluate,4.622234697695132,0.5200959808038392,0.516443791511624,0.514162695604185,0.5131637818753967,1667
289,3,evaluate,4.6258948183083834,0.4997000599880024,0.4978954181350699,0.5011864458320836,0.4962112573303439,1667
289,4,evaluate,4.395948890838082,0.504499100179964,0.5062664062987478,0.5075187255187523,0.5051787421382758,1667
289,5,evaluate,5.001664797465007,0.5212957408518296,0.5210043090537853,0.5165752785779756,0.5166872963566203,1667
290,0,evaluate,4.518903878000048,0.519496100779844,0.5159659824983343,0.5129384333299194,0.5131254447916498,1667
290,1,evaluate,4.548403479115762,0.501499700059988,0.5030287891932603,0.5032229652529185,0.5011167305255217,1667
290,2,evaluate,4.373742331461808,0.5188962207558488,0.5166436620946061,0.5149851594231796,0.515324695422833,1667
290,3,evaluate,4.296838537410453,0.5068986202759448,0.5109228877053901,0.5108580096793423,0.5102285866372336,1667
290,4,evaluate,4.979818450080024,0.5134973005398921,0.5148860551102434,0.5081856286256402,0.5101172080476564,1667
290,5,evaluate,4.788998171135232,0.4979004199160168,0.5023540603156629,0.49858736220274286,0.4992487649129771,1667
291,0,evaluate,4.666480563305043,0.5068986202759448,0.5114499678942785,0.5067863594132656,0.5086619703217077,1667
291,1,evaluate,4.353769971264733,0.5098980203959208,0.5113967071127898,0.5033148897126049,0.505679983924515,1667
291,2,evaluate,4.557660290695451,0.5020995800839833,0.5082835030414544,0.5038239999276557,0.5035261005709581,1667
291,3,evaluate,4.37427776970664,0.5164967006598681,0.5195240143489376,0.5130864227228022,0.5146997503548287,1667
291,4,evaluate,4.3191340190392955,0.50749850029994,0.5140436956985053,0.5127615081579417,0.512533973742284,1667
291,5,evaluate,4.948847673557423,0.510497900419916,0.5203765226988192,0.5074503642631173,0.5108537638149749,1667
292,0,evaluate,4.613016450053288,0.483503299340132,0.4918310388786309,0.48486372631449665,0.48574969020360176,1667
292,1,evaluate,4.380513210339443,0.5050989802039592,0.513192934086159,0.5025878018968954,0.5049795654361366,1667
292,2,evaluate,4.829008808842412,0.501499700059988,0.5152729904535183,0.49864109399503675,0.5034724000882345,1667
292,3,evaluate,4.481647802723779,0.5098980203959208,0.5147301402577746,0.5099964104896058,0.5117296928670154,1667
292,4,evaluate,4.247140540017022,0.4991001799640072,0.5033984741661287,0.5047232158284705,0.502585922240915,1667
292,5,evaluate,4.166151082074201,0.50749850029994,0.5083761882324167,0.5011707757394663,0.502798582825905,1667
293,0,evaluate,4.17499918407864,0.5032993401319736,0.5091187381138873,0.509637929437565,0.5067659100057771,1667
293,1,evaluate,4.352910060066885,0.4973005398920216,0.5065620875815664,0.4950802378581224,0.4968453936639812,1667
293,2,evaluate,4.743626108875981,0.4823035392921416,0.4952796242679174,0.4797651456522735,0.482938759393292,1667
293,3,evaluate,4.578687835070822,0.48170365926814634,0.4928975182684569,0.48222772324788943,0.4830797446002234,1667
293,4,evaluate,4.445296857092115,0.50749850029994,0.5149853889510277,0.5076727862264774,0.5096048392410396,1667
293,5,evaluate,4.212504709208453,0.5038992201559688,0.5032447984578291,0.4988444079284034,0.4983765484858142,1667
294,0,evaluate,4.484931113668373,0.5050989802039592,0.5138937061163532,0.5027905994156385,0.5035089087450741,1667
294,1,evaluate,4.555889937612745,0.5080983803239352,0.5172141438698765,0.5083759139054025,0.5102495362964066,1667
294,2,evaluate,4.690340088473426,0.4667066586682663,0.4804241752260442,0.4672906222149701,0.4677493152379456,1667
294,3,evaluate,4.348878105481465,0.5002999400119976,0.505134988239851,0.5053196267912805,0.5008176218115186,1667
294,4,evaluate,4.448121706644694,0.510497900419916,0.5144490829894296,0.5074802200723726,0.5057862174672787,1667
294,5,evaluate,4.83706150231538,0.4787042591481704,0.4936616622236267,0.4760194432706156,0.4782143588472666,1667
295,0,evaluate,4.797854466570748,0.5032993401319736,0.5105810082293919,0.5038596804956146,0.5050420045591587,1667
295,1,evaluate,4.704898242597227,0.5188962207558488,0.5189596861230614,0.5157585619687132,0.5133320970603805,1667
295,2,evaluate,4.996095189341792,0.5008998200359928,0.5114742643190202,0.4980502238965626,0.5005351995910213,1667
295,3,evaluate,4.833084602204273,0.483503299340132,0.492988968158362,0.4849372238644346,0.48516104662888954,1667
295,4,evaluate,4.625781692581734,0.5110977804439112,0.5156240782988287,0.5083429523709021,0.5088115369702056,1667
295,5,evaluate,4.532118033479761,0.5128974205158968,0.5141610227967908,0.5175616146151546,0.51230100349865,1667
296,0,evaluate,4.933249991680323,0.49610077984403117,0.503056482484164,0.4974455839820834,0.49861499768450984,1667
296,1,evaluate,4.642564972235488,0.52249550089982,0.5231562761043423,0.5189727322164599,0.5193007576500215,1667
296,2,evaluate,4.687335433783354,0.5170965806838632,0.5182110846961091,0.520894502645566,0.517305422994331,1667
296,3,evaluate,5.179462821395309,0.5032993401319736,0.5098058239172838,0.4998925630442336,0.5017919018081489,1667
296,4,evaluate,5.0366693966918525,0.5062987402519497,0.5142832333027207,0.5077687121297955,0.5093309013684758,1667
296,5,evaluate,4.814958192684032,0.5278944211157769,0.5262157141870076,0.5235588987901986,0.5227891277125429,1667
297,0,evaluate,4.67121637603136,0.5218956208758249,0.5195768292531646,0.5175203181284938,0.5173057813008546,1667
297,1,evaluate,5.376196561036287,0.5098980203959208,0.5127372167156145,0.5067181024644201,0.5074305069696822,1667
297,2,evaluate,4.84383159213596,0.5152969406118776,0.5171380907399836,0.5177227826039568,0.5160518221686374,1667
297,3,evaluate,4.895482761992349,0.5368926214757048,0.5351808310047318,0.5316710077743211,0.5322693184889251,1667
297,4,evaluate,5.077804518863559,0.5020995800839833,0.5052954513523773,0.5032769143505793,0.5033148831214516,1667
297,5,evaluate,5.185700152483252,0.5062987402519497,0.5096448941891941,0.5074985158466122,0.5072382085343323,1667
298,0,evaluate,5.079345341633867,0.5098980203959208,0.5135998597347633,0.5105096114546005,0.5103634601983794,1667
298,1,evaluate,5.432284452297069,0.5086982603479304,0.5108358828118336,0.5043601968766425,0.5056352994559477,1667
298,2,evaluate,4.638369212880813,0.5302939412117577,0.527629181352886,0.5265215566086684,0.5251899949199452,1667
298,3,evaluate,4.747424968966731,0.5098980203959208,0.5114993177885273,0.5117673523293107,0.5098638928566187,1667
298,4,evaluate,4.975224111160195,0.4979004199160168,0.5012702658011602,0.4990125017394084,0.4986847520205293,1667
298,5,evaluate,4.773263445522995,0.5308938212357528,0.5306948158930764,0.5244290444853537,0.525726986019111,1667
299,0,evaluate,4.844362656275432,0.5098980203959208,0.5128380499658289,0.5099959144818607,0.5096849741230399,1667
299,1,evaluate,4.611738619980989,0.50749850029994,0.5111365736413125,0.5106376581686527,0.5086663516676297,1667
299,2,evaluate,4.4530863806007295,0.5212957408518296,0.5196478109069542,0.517802526683875,0.5161965321168106,1667
299,3,evaluate,4.744432267905386,0.4871025794841032,0.49496095849107224,0.4885025328141436,0.4888512317408783,1667
299,4,evaluate,4.556380985011249,0.5308938212357528,0.5259630957513035,0.5232628932959094,0.5228752011114168,1667
299,5,evaluate,5.194089492162068,0.4949010197960408,0.5008474085672296,0.4908091285791302,0.4931060267352512,1667
300,0,evaluate,4.446209907531738,0.501499700059988,0.504169867350998,0.5047351878228303,0.5036522809701961,1667
300,1,evaluate,4.266274787760857,0.5278944211157769,0.5290634753754111,0.5245250482336694,0.5237371971194653,1667
300,2,evaluate,4.513986508017061,0.47210557888422316,0.47901320665788505,0.4737638994612123,0.4741816264087075,1667
300,3,evaluate,4.929346861662688,0.5020995800839833,0.5058043580466253,0.49839855126658633,0.49995185804348247,1667
300,4,evaluate,4.61198224844756,0.5026994601079784,0.5067528928264593,0.5030034443734583,0.5040687932345135,1667
300,5,evaluate,4.29933314597993,0.52249550089982,0.5184985534317834,0.5148171896459736,0.5149192606401466,1667
301,0,evaluate,4.594122891072874,0.5092981403719257,0.5135371097373522,0.5101909282371108,0.5110180333058902,1667
301,1,evaluate,4.211921590345877,0.5116976604679064,0.5108188282908517,0.5084677671908298,0.5079214527806754,1667
301,2,evaluate,4.297881000571781,0.5122975404919016,0.5087309916808874,0.5057846949126047,0.5057597305997482,1667
301,3,evaluate,4.476882003566802,0.4871025794841032,0.4879679292617407,0.48845698274063826,0.48712624738847976,1667
301,4,evaluate,4.391212313263504,0.5026994601079784,0.5035219710805259,0.5070076238583946,0.5042491077801334,1667
301,5,evaluate,4.919532413835879,0.5032993401319736,0.5048035394668329,0.4984205285901931,0.5005698723282868,1667
302,0,evaluate,4.601232339981599,0.48410317936412717,0.48868952032184126,0.4845612894786708,0.48471226584672034,1667
302,1,evaluate,4.545979561629118,0.4997000599880024,0.4959868880301559,0.4940417415921708,0.49335495293783166,1667
302,2,evaluate,5.087848477893406,0.48890221955608876,0.4949145274532083,0.4850568270826174,0.48727414849369965,1667
302,3,evaluate,4.420982263706349,0.5200959808038392,0.526750308880009,0.5173664382723346,0.5183412634949389,1667
302,4,evaluate,4.531430385730885,0.5068986202759448,0.5108730493395715,0.5126870001556881,0.508916131099578,1667
302,5,evaluate,4.739125677832851,0.5080983803239352,0.5140562522529464,0.5092368398872837,0.5102877334035529,1667
303,0,evaluate,5.242604070239597,0.495500899820036,0.500300281495322,0.49161838598954943,0.49293180281901955,1667
303,1,evaluate,4.704267934516624,0.5116976604679064,0.5168974118009111,0.5179235492057701,0.5134662067968814,1667
303,2,evaluate,4.924107520668595,0.510497900419916,0.5192462261014021,0.5121792151518589,0.5130168524594279,1667
303,3,evaluate,4.711013897470871,0.4829034193161368,0.49188739291741523,0.48327860675698514,0.48494006289769764,1667
303,4,evaluate,4.845692325521399,0.4997000599880024,0.4979635636488844,0.4947626748722012,0.49292075443132555,1667
303,5,evaluate,4.65711334016588,0.5242951409718056,0.5330336393929167,0.5216324352131866,0.522428044241005,1667
304,0,evaluate,5.314883232116699,0.5002999400119976,0.5035183599750267,0.4967841530796793,0.49705462232243713,1667
304,1,evaluate,4.711638229864615,0.5296940611877624,0.5317499002606612,0.5262299907123953,0.5258554964712677,1667
304,2,evaluate,4.771348124073012,0.4949010197960408,0.49866205815474196,0.4955859944235706,0.49553733189095056,1667
304,3,evaluate,5.00587198027858,0.5134973005398921,0.5198364808706196,0.5155133355610183,0.5151012186589022,1667
304,4,evaluate,4.832180367575751,0.5128974205158968,0.5106370434895683,0.50736866417653,0.5065598790533813,1667
304,5,evaluate,4.780425897351018,0.5158968206358728,0.517661719108921,0.521227788084237,0.5166171426350126,1667
305,0,evaluate,4.69080951184016,0.4991001799640072,0.5016057060443572,0.5007712160057707,0.5001035352925226,1667
305,1,evaluate,4.91836980426753,0.5134973005398921,0.51453960307454,0.5146127391892411,0.5129467402890111,1667
305,2,evaluate,4.753105048780088,0.5218956208758249,0.5144258393816286,0.5149577676273014,0.5134670222277334,1667
305,3,evaluate,4.662382983867032,0.5308938212357528,0.5284250055543142,0.5273468979470901,0.5264802668832613,1667
305,4,evaluate,4.9115020610668045,0.5248950209958009,0.5266677100683089,0.528847399859611,0.5265955465097624,1667
305,5,evaluate,5.382567087809245,0.5062987402519497,0.5095186632596148,0.5020315593150716,0.503407616647141,1667
306,0,evaluate,4.560105227761799,0.5218956208758249,0.5171232927158942,0.5151778298379115,0.5152014437507655,1667
306,1,evaluate,4.7133370613058405,0.5050989802039592,0.503828969734945,0.5053221186065273,0.5039898443550835,1667
306,2,evaluate,4.5231562057855355,0.4991001799640072,0.503701436395988,0.5010842925779596,0.5007590671429598,1667
306,3,evaluate,4.511913426127261,0.5182963407318536,0.5179236203406685,0.5149109145553891,0.5155191418605787,1667
306,4,evaluate,5.233136706882053,0.501499700059988,0.50688177254369,0.4975780996352162,0.5001262048008254,1667
306,5,evaluate,4.820464849472046,0.5146970605878824,0.5176120325055404,0.5189003857061092,0.5175946466956969,1667
307,0,evaluate,4.562855708033398,0.5116976604679064,0.514741862594766,0.5110060646435074,0.5120560735979077,1667
307,1,evaluate,4.917340234473899,0.5062987402519497,0.5119264924820734,0.5029322690395444,0.5041474132731374,1667
307,2,evaluate,4.391703869750792,0.4991001799640072,0.5074128670756342,0.5003915446018794,0.5015514845762379,1667
307,3,evaluate,4.352745409089106,0.510497900419916,0.5073526537237382,0.5043073480995873,0.5043736217053023,1667
307,4,evaluate,4.557546118895213,0.5086982603479304,0.5153634796236846,0.5130511466073564,0.5117105121053258,1667
307,5,evaluate,4.311085763398161,0.519496100779844,0.5188268213999676,0.5154872973787727,0.5153509201403045,1667
308,0,evaluate,4.289600687446417,0.5122975404919016,0.511370732729586,0.5050271566633083,0.5056404066927843,1667
308,1,evaluate,4.3063766426040715,0.5152969406118776,0.5202208840099924,0.5115044102977676,0.5115153772119159,1667
308,2,evaluate,4.53771518336402,0.50749850029994,0.5130403586253568,0.5128584571556473,0.5099512504343255,1667
308,3,evaluate,4.873721290517737,0.5068986202759448,0.5148183168768601,0.5037143690377095,0.5047583011220269,1667
308,4,evaluate,4.529841432089193,0.50749850029994,0.5148423632906048,0.5073060117980406,0.5093139346199808,1667
308,5,evaluate,4.361036199110526,0.495500899820036,0.5100655778442311,0.49662413891634627,0.5001431318806773,1667
309,0,evaluate,4.524856928563504,0.5068986202759448,0.5143456368760867,0.5067597997014627,0.5092587647078799,1667
309,1,evaluate,4.487306440594019,0.5032993401319736,0.5133990622975262,0.5037532830277239,0.5061304759538346,1667
309,2,evaluate,4.313184370385931,0.5188962207558488,0.5247934998313839,0.5155388710240872,0.5161854494108826,1667
309,3,evaluate,4.8449912689350265,0.5110977804439112,0.5179982365848416,0.5085227370098367,0.5096125097673705,1667
309,4,evaluate,4.242462397449547,0.52249550089982,0.5220726236955732,0.515751937564453,0.5164293155905784,1667
309,5,evaluate,4.451511953715925,0.5140971805638872,0.5185856182101336,0.51898987465718,0.5173118104991634,1667
310,0,evaluate,4.938902572349265,0.501499700059988,0.5081837685281744,0.498314023865143,0.5003827448538463,1667
310,1,evaluate,4.364085396130879,0.5176964607078585,0.5164835253848443,0.5118330529334058,0.5120053489627353,1667
310,2,evaluate,4.634877343489616,0.5038992201559688,0.508311056188785,0.5043892990094613,0.5047903041615,1667
310,3,evaluate,4.483805377174307,0.5188962207558488,0.5213642273898824,0.5236672360161109,0.5209421835119218,1667
310,4,evaluate,4.463343328899807,0.5188962207558488,0.523662748573862,0.5154337141956,0.516808833710494,1667
310,5,evaluate,4.628975842837934,0.504499100179964,0.5146232218957889,0.5058513996347779,0.5082499680132455,1667
311,0,evaluate,4.549116841068974,0.510497900419916,0.5139181771418171,0.5054435472224601,0.5061528613757488,1667
311,1,evaluate,4.623491340213352,0.5242951409718056,0.5307635690297025,0.5277453984464907,0.5254645328033049,1667
311,2,evaluate,4.732652884942514,0.5200959808038392,0.5259675162855206,0.5172337784086407,0.5181386098262102,1667
311,3,evaluate,4.72650941544109,0.5002999400119976,0.5158412062809532,0.5021521521368192,0.5051887229576757,1667
311,4,evaluate,5.192474065003572,0.4973005398920216,0.508207529741864,0.4949690155528879,0.4970734435330163,1667
311,5,evaluate,4.903874376167853,0.4931013797240552,0.4998537631226402,0.4933694997088464,0.4936385916949394,1667
312,0,evaluate,5.341686407725017,0.4949010197960408,0.5037439600881652,0.49208539415442976,0.49387787874753375,1667
312,1,evaluate,4.999306025281031,0.4859028194361128,0.493787479082351,0.4864674205781355,0.48730750869449047,1667
312,2,evaluate,4.675400570586875,0.5026994601079784,0.5050222944018283,0.49856142978552487,0.4980260080980665,1667
312,3,evaluate,4.698359582159254,0.5134973005398921,0.5204274368955082,0.5164156662064582,0.5146306201222808,1667
312,4,evaluate,4.800137754943636,0.5098980203959208,0.5239904192567972,0.5125069142012708,0.5133023307200059,1667
312,5,evaluate,4.743068424639879,0.5242951409718056,0.531202215011382,0.5216569664688252,0.5230073881987056,1667
313,0,evaluate,4.616811407936944,0.5206958608278345,0.5246953009375724,0.5243443742943737,0.5206003203519903,1667
313,1,evaluate,4.825220659927085,0.504499100179964,0.5148655639395646,0.5064165958183642,0.5071565830193544,1667
313,2,evaluate,4.813755514039831,0.4931013797240552,0.5002011323144459,0.4938974741458598,0.49432332920420785,1667
313,3,evaluate,4.620610881734778,0.5140971805638872,0.512543466438168,0.5101600675912771,0.5078156442356174,1667
313,4,evaluate,4.608097024905828,0.5212957408518296,0.5233203651110779,0.517598752180106,0.517573785361903,1667
313,5,evaluate,5.09068876725656,0.5116976604679064,0.521312226638578,0.508566548474059,0.5111562797947938,1667
314,0,evaluate,4.601062335479246,0.4931013797240552,0.4993402988502849,0.49448583953614256,0.4962153651651594,1667
314,1,evaluate,4.494643789750558,0.5056988602279544,0.5084081129036628,0.5106344141877659,0.5066569040676936,1667
314,2,evaluate,4.370327740539737,0.5344931013797241,0.5336950389271377,0.5309471711450823,0.530959709481858,1667
314,3,evaluate,4.891902097949275,0.5086982603479304,0.5134360956842015,0.5044595392403792,0.5071578625366695,1667
314,4,evaluate,4.476001704180682,0.519496100779844,0.5149992075221539,0.5132929476730054,0.5128941479726822,1667
314,5,evaluate,4.705027943408048,0.5086982603479304,0.5131460327790787,0.5100919627894582,0.5096919841251901,1667
315,0,evaluate,4.253486830503688,0.5278944211157769,0.5277332451705662,0.5247369093982543,0.5244298230326342,1667
315,1,evaluate,4.478989857214469,0.510497900419916,0.5054382279351417,0.5038757752458757,0.5045814714454588,1667
315,2,evaluate,4.886323478486803,0.5140971805638872,0.5185206184482215,0.5095531561253976,0.5123039116517364,1667
315,3,evaluate,4.511101788392773,0.504499100179964,0.5064875149448915,0.5092224064295856,0.5059414770990991,1667
315,4,evaluate,4.637314600801027,0.4859028194361128,0.49108786690859435,0.4873086210059592,0.4888199760553434,1667
315,5,evaluate,4.790370550144602,0.4997000599880024,0.5017181902600555,0.5008444298797609,0.5005711801902997,1667
316,0,evaluate,4.545119055029419,0.48530293941211755,0.49542448007042117,0.4861593480181887,0.48874138112723015,1667
316,1,evaluate,4.800518274169277,0.4937012597480504,0.49731809118920517,0.4945696613500371,0.49473591708919995,1667
316,2,evaluate,4.9506853686438665,0.4943011397720456,0.49826481484179047,0.489023888985549,0.4916039906974903,1667
316,3,evaluate,4.267817205713881,0.5212957408518296,0.5219628722389054,0.5175813160218254,0.5171419793441421,1667
316,4,evaluate,4.4258358324015585,0.5026994601079784,0.5018118446345821,0.4958335726711147,0.4978351222068909,1667
316,5,evaluate,4.512536252814311,0.5008998200359928,0.506600563769386,0.5060622478395935,0.5027025161718698,1667
317,0,evaluate,4.5264229123066695,0.49250149970005996,0.5033705256578651,0.49327222514739777,0.4958518314335395,1667
317,1,evaluate,4.257555651931195,0.5218956208758249,0.5245063466340174,0.5179461607174642,0.5175363771846945,1667
317,2,evaluate,4.368032153971769,0.510497900419916,0.5115746977534216,0.5035635131546667,0.5056838098005955,1667
317,3,evaluate,4.732440080079767,0.5026994601079784,0.5107112133907533,0.5034359932841015,0.504693802912881,1667
317,4,evaluate,4.979372633828057,0.4871025794841032,0.4970599940487544,0.48306599920572496,0.4867568485644946,1667
317,5,evaluate,4.388201317025556,0.5062987402519497,0.5127603476046938,0.5121774716007174,0.50801579982973,1667
318,0,evaluate,4.329304640491803,0.5110977804439112,0.5127923894564961,0.5168774315457323,0.5127182272633083,1667
318,1,evaluate,4.265836580966909,0.5050989802039592,0.5030204053391669,0.4985929929556865,0.49939498009659306,1667
318,2,evaluate,4.672315428102458,0.5032993401319736,0.5091627850017068,0.5045302818017096,0.5052717284319743,1667
318,3,evaluate,4.998922489307545,0.4931013797240552,0.5024907939252917,0.48967941350111266,0.49285747087194903,1667
318,4,evaluate,4.35248052896727,0.531493701259748,0.5364262306476508,0.5278330605374778,0.5292709058524052,1667
318,5,evaluate,4.639018614810926,0.48830233953209357,0.49523890749764216,0.4891284433938766,0.4898106301438704,1667
319,0,evaluate,4.402398652500576,0.5200959808038392,0.5239586097534585,0.525342446268833,0.5217221782211359,1667
319,1,evaluate,4.735921229477282,0.4943011397720456,0.4994663998164053,0.4952042550636726,0.49455102055583533,1667
319,2,evaluate,4.678196206136986,0.4943011397720456,0.5034942774267963,0.4956997419543159,0.49693183318349243,1667
319,3,evaluate,4.4111176508444325,0.5116976604679064,0.5113925375333445,0.507238730217073,0.5063220486576346,1667
319,4,evaluate,4.573936225455075,0.5260947810437913,0.5321529511037155,0.5230446676236393,0.5242728581406322,1667
319,5,evaluate,5.007770741427386,0.5080983803239352,0.5195851321513064,0.5066915181673288,0.508455168902626,1667
320,0,evaluate,4.596125161206281,0.5140971805638872,0.5172864196317544,0.5100178088929288,0.5097614553952987,1667
320,1,evaluate,4.766439094818283,0.5200959808038392,0.5264116846747035,0.517652162125645,0.5186707268169706,1667
320,2,evaluate,4.863405451730445,0.5020995800839833,0.5151159320313216,0.5039120696419895,0.506524015289535,1667
320,3,evaluate,4.59747784226029,0.5218956208758249,0.5330774046962341,0.5264844518740447,0.525222830575117,1667
320,4,evaluate,4.828071741042314,0.4913017396520696,0.5027287504581819,0.4918987953624791,0.49348555697055047,1667
320,5,evaluate,5.106426150710495,0.5098980203959208,0.5205841593854108,0.508861726139706,0.5100598298530019,1667
321,0,evaluate,5.179034303735803,0.50749850029994,0.517362514289116,0.5061850316990895,0.5082835988444486,1667
321,1,evaluate,5.002986534326165,0.4997000599880024,0.5138860413693588,0.501203991641742,0.5044034838213359,1667
321,2,evaluate,4.94029080150304,0.4937012597480504,0.5054188168216142,0.49402117770925374,0.4966209707104586,1667
321,3,evaluate,4.83553543790347,0.5182963407318536,0.5252114573798464,0.5156939054413531,0.5166258756607018,1667
321,4,evaluate,4.827023027119814,0.5116976604679064,0.5224565430538258,0.5148900952884964,0.5147491876143915,1667
321,5,evaluate,4.759712475317496,0.5140971805638872,0.5162255286606833,0.5092381528214774,0.5094097019352828,1667
322,0,evaluate,4.710560842796609,0.5140971805638872,0.5156716091106446,0.5085722997874725,0.5094292750138542,1667
322,1,evaluate,4.6895975845766396,0.5212957408518296,0.5228143928817753,0.5175707720742689,0.5176961706932117,1667
322,2,evaluate,4.861140116497323,0.5122975404919016,0.5203386000639668,0.5156261844962422,0.5164680529470141,1667
322,3,evaluate,5.18308659836098,0.5164967006598681,0.5265378296648928,0.5133217785921114,0.5175311954088115,1667
322,4,evaluate,5.017437089993446,0.5092981403719257,0.51997155201351,0.5110190452109584,0.5135173028411436,1667
322,5,evaluate,4.877243825682887,0.4931013797240552,0.5044718794020516,0.49394457276049153,0.49744811239201525,1667
323,0,evaluate,4.894506032544154,0.5122975404919016,0.5193724328797632,0.5138018397773847,0.5147466772844018,1667
323,1,evaluate,4.992795917722914,0.5188962207558488,0.5233525931677858,0.5152169381263335,0.5175834627688314,1667
323,2,evaluate,4.659239224261707,0.4913017396520696,0.49397805371078174,0.4923419955152575,0.49201883378148176,1667
323,3,evaluate,4.6229221026102705,0.5140971805638872,0.5098795146165114,0.507829439674113,0.5066530709002722,1667
323,4,evaluate,4.762607603161423,0.5140971805638872,0.5177721012587989,0.5174686705195783,0.5162523584570314,1667
323,5,evaluate,4.575629171029981,0.5362927414517097,0.5352224705052371,0.5322413949454337,0.5320966664750226,1667
324,0,evaluate,4.797486164400147,0.5080983803239352,0.5100437635011225,0.5093236248559381,0.5079525163762713,1667
324,1,evaluate,5.012937607588591,0.5212957408518296,0.5216924528029949,0.5163269483792692,0.5178716788433253,1667
324,2,evaluate,4.493680575741665,0.5332933413317337,0.5283006808349745,0.5291264600476417,0.5272366388054999,1667
324,3,evaluate,4.6465004241025,0.5110977804439112,0.5098463432044482,0.5152413851741151,0.5106421563313008,1667
324,4,evaluate,4.649375412199232,0.5218956208758249,0.5143157449768844,0.5160779817022881,0.5134860636807002,1667
324,5,evaluate,4.5145666433705225,0.4997000599880024,0.5000005773047101,0.5005218026327023,0.4992784600584576,1667
325,0,evaluate,5.106449100706312,0.5152969406118776,0.512005629471741,0.509183386588208,0.5097356147850698,1667
325,1,evaluate,4.7124547870070845,0.5116976604679064,0.5040002377620153,0.5056290779238959,0.5034964436677727,1667
325,2,evaluate,4.530082219176823,0.48890221955608876,0.48820640914580393,0.49019765872355664,0.4883069380488954,1667
325,3,evaluate,4.521134758713068,0.5092981403719257,0.5083493424223773,0.5138619019859464,0.5088072427433249,1667
325,4,evaluate,4.838008049013162,0.4997000599880024,0.5029658543073141,0.5017124840657704,0.49935542069045813,1667
325,5,evaluate,4.439004632491021,0.5302939412117577,0.5254786206740063,0.5258335130624799,0.5247662539585009,1667
326,0,evaluate,4.657764337680958,0.49190161967606477,0.49248624913110906,0.49424473000438224,0.49227108191565244,1667
326,1,evaluate,4.619595103793674,0.5140971805638872,0.5109175685473042,0.5092487320268735,0.5084929203871604,1667
326,2,evaluate,4.801389029042588,0.5128974205158968,0.5193575516089888,0.5145636040544136,0.5138020392394924,1667
326,3,evaluate,4.968853341208564,0.5032993401319736,0.5044800486300807,0.49822702701909255,0.49921496247547176,1667
326,4,evaluate,4.46727023963575,0.5200959808038392,0.5211373618214445,0.5251034634610009,0.5212265082857318,1667
326,5,evaluate,4.4391588515486715,0.5206958608278345,0.516394157722701,0.516171518014222,0.5152741577940876,1667
327,0,evaluate,4.441050103417149,0.519496100779844,0.5199340353418083,0.5248426570912953,0.5208792558068108,1667
327,1,evaluate,4.567685056615759,0.5188962207558488,0.5163309779746138,0.5133440905519479,0.5130863104318124,1667
327,2,evaluate,4.529621252287716,0.5164967006598681,0.5125968604633958,0.5125047205795429,0.511074998910016,1667
327,3,evaluate,4.842319435543484,0.50749850029994,0.5140642157984195,0.5042307007006169,0.5062751150442436,1667
327,4,evaluate,4.715763674841987,0.489502099580084,0.49506361883786065,0.4909229201227966,0.4908988253668234,1667
327,5,evaluate,4.8065843339319585,0.5008998200359928,0.5059588260605106,0.5016578035751958,0.5023627611483048,1667
328,0,evaluate,4.855575879414876,0.498500299940012,0.5071872450900075,0.49743999880407197,0.49779611415609926,1667
328,1,evaluate,4.874833965743029,0.498500299940012,0.5056942751301132,0.4988162473258265,0.5007738794894929,1667
328,2,evaluate,4.592182614185192,0.5158968206358728,0.5203661654217066,0.5204450467413854,0.5183772348962952,1667
328,3,evaluate,4.864180035061306,0.4979004199160168,0.5089828294661928,0.4987444418537579,0.5013305103305505,1667
328,4,evaluate,4.63265250641622,0.510497900419916,0.5118073910570026,0.5067876095981311,0.5067762391639332,1667
328,5,evaluate,4.497620979944865,0.5266946610677864,0.5262844987958102,0.5212960309055543,0.5214053453345934,1667
329,0,evaluate,4.6520824520676225,0.5080983803239352,0.5102147172050863,0.5054119056548919,0.5044805358604199,1667
329,1,evaluate,4.777771931003641,0.5080983803239352,0.5198069390089455,0.5113266491081847,0.5124443037771581,1667
329,2,evaluate,4.90842048547886,0.4979004199160168,0.5040365183639081,0.4980359450629133,0.4995064806838482,1667
329,3,evaluate,5.060557418399387,0.5038992201559688,0.5122515369467051,0.503114797422407,0.5029582837070019,1667
329,4,evaluate,4.537074128786723,0.5230953809238152,0.5247698238099543,0.5165580785134536,0.5166178194004355,1667
329,5,evaluate,4.8909942778172315,0.4997000599880024,0.5085224104908348,0.5005187517739743,0.5013837822623554,1667
330,0,evaluate,4.944164821395168,0.49610077984403117,0.5027572364859669,0.49710351986055246,0.4980569548681544,1667
330,1,evaluate,4.705316481766878,0.5206958608278345,0.5191691524833192,0.5146044930948028,0.5144344468809885,1667
330,2,evaluate,4.9473804676974265,0.510497900419916,0.5184036106664499,0.514841383613281,0.5151581094409391,1667
330,3,evaluate,5.025701870520909,0.48830233953209357,0.4925565573223917,0.48842824518883543,0.48948808086170337,1667
330,4,evaluate,4.7499620929176425,0.5176964607078585,0.5176932358866271,0.5144676411064132,0.5141359341013445,1667
330,5,evaluate,5.292065902992531,0.5086982603479304,0.5137004126454241,0.5062485257853648,0.5069222697705537,1667
331,0,evaluate,5.015917733863548,0.5110977804439112,0.5142366818273479,0.5147834237632841,0.5134767078674499,1667
331,1,evaluate,5.0655041800604925,0.5026994601079784,0.507740154875474,0.5038557711125646,0.5048001437479164,1667
331,2,evaluate,5.376622058727123,0.5200959808038392,0.5237703325735015,0.5168755825027643,0.5187508679979136,1667
331,3,evaluate,4.922382486087304,0.4991001799640072,0.5011280911187461,0.49979901702665674,0.49950683901976944,1667
331,4,evaluate,4.815332306755914,0.5272945410917816,0.5247333315753056,0.5234655377577546,0.5231563136398274,1667
331,5,evaluate,4.830278696837248,0.52249550089982,0.5163188628693327,0.5167646792804833,0.5153148001585494,1667
332,0,evaluate,4.823058746479176,0.5338932213557288,0.5316484493567815,0.5301298933540501,0.5288789521834304,1667
332,1,evaluate,5.004916014494719,0.5062987402519497,0.5051941308348754,0.5097060701422091,0.5051533851187014,1667
332,2,evaluate,5.0925874356870295,0.5098980203959208,0.5155788392067887,0.5114118579661961,0.5112650095751873,1667
332,3,evaluate,4.893472971739592,0.48830233953209357,0.49202423496520975,0.4891772663152609,0.4889592257926175,1667
332,4,evaluate,5.425346966143008,0.5110977804439112,0.5114182645763361,0.5064308742516538,0.5070163589636294,1667
332,5,evaluate,4.8599008807429565,0.5176964607078585,0.5130076912220669,0.5122898930527926,0.5101526866282272,1667
333,0,evaluate,5.213912230950815,0.5020995800839833,0.5090668424538676,0.4974001620175275,0.49978218675973174,1667
333,1,evaluate,4.8150933848487005,0.501499700059988,0.502678139445529,0.5043984738800692,0.4989968555708154,1667
333,2,evaluate,4.950440688265695,0.4973005398920216,0.5095339404156036,0.4991910465660954,0.500295260629521,1667
333,3,evaluate,4.686617133794008,0.5122975404919016,0.5122208561867109,0.5075695490270478,0.5054432296894312,1667
333,4,evaluate,4.793049750228723,0.486502699460108,0.4913855531532622,0.48719641713596334,0.4861810442976332,1667
333,5,evaluate,4.770805581116366,0.531493701259748,0.5322038472269058,0.5281110233469982,0.5268566571010137,1667
334,0,evaluate,4.486229975742322,0.5002999400119976,0.49817228035093547,0.49508522491773743,0.4937208103117675,1667
334,1,evaluate,4.787463844926269,0.4913017396520696,0.5045762970005944,0.49297038906263324,0.494121625687803,1667
334,2,evaluate,5.045765029059516,0.49250149970005996,0.5059741338289048,0.4899083397409029,0.4930918385478291,1667
334,3,evaluate,4.614685575165132,0.519496100779844,0.5247258793942267,0.516759544317297,0.5167672222243472,1667
334,4,evaluate,4.544920420205152,0.501499700059988,0.5048841412969892,0.5047847924452166,0.5015331492363949,1667
334,5,evaluate,4.671142893256964,0.48110377924415115,0.4895639346173919,0.48172321625176845,0.4820370234244978,1667
335,0,evaluate,4.755948437584771,0.4949010197960408,0.5054850222650267,0.4921560322535912,0.49545365797595303,1667
335,1,evaluate,4.223357631169535,0.5110977804439112,0.5069035443976058,0.5046573057803273,0.5050135538275609,1667
335,2,evaluate,4.453493038799866,0.5140971805638872,0.520571333073707,0.5116912576352945,0.5129994349430184,1667
335,3,evaluate,4.496881969549038,0.4823035392921416,0.48742531785139365,0.4832347318962024,0.4830711369846202,1667
335,4,evaluate,4.405461011109529,0.5170965806838632,0.5201248371350308,0.5208658231594199,0.5188876449237001,1667
335,5,evaluate,4.691900645141248,0.4949010197960408,0.5031059297488952,0.49537342114706595,0.49804655047410173,1667
336,0,evaluate,4.604677403414691,0.50749850029994,0.513005569584723,0.5124704383746744,0.5112971732662069,1667
336,1,evaluate,4.247933758862524,0.5176964607078585,0.5204652806845689,0.5104828762890312,0.5131168420553593,1667
336,2,evaluate,4.528995101834512,0.5182963407318536,0.5211775633800327,0.5155535269428112,0.5164591758503041,1667
336,3,evaluate,4.85640005601777,0.486502699460108,0.49401219760692816,0.4871890765325083,0.4898765644704651,1667
336,4,evaluate,4.716129523736459,0.5008998200359928,0.5097103222652404,0.49867182848999647,0.5008817641932137,1667
336,5,evaluate,4.54109001049289,0.48890221955608876,0.49777334610259166,0.4905148145659882,0.4927370477391446,1667
337,0,evaluate,5.051919108187711,0.4793041391721656,0.4872860148599357,0.47961671723034344,0.48180655527441046,1667
337,1,evaluate,4.95326449252941,0.4943011397720456,0.5037852149005349,0.49131253782581374,0.4937029073256379,1667
337,2,evaluate,4.621122670394403,0.47750449910017995,0.48548765605413935,0.47838900951848523,0.47988824320795676,1667
337,3,evaluate,4.830736416357535,0.5032993401319736,0.5121359160501134,0.5063823189942699,0.5072148809656118,1667
337,4,evaluate,4.6278290410100675,0.5080983803239352,0.510213657635396,0.5054155288126639,0.5055297220978695,1667
337,5,evaluate,4.370932234865096,0.52249550089982,0.5260776348899316,0.5159381517463795,0.5183164532668709,1667
338,0,evaluate,5.162359952926636,0.5110977804439112,0.5165735063251488,0.5076377456296918,0.5085759572268923,1667
338,1,evaluate,4.7081998064424155,0.489502099580084,0.4937081051683835,0.4906308918745781,0.49116588284746043,1667
338,2,evaluate,4.805516137017144,0.5248950209958009,0.5263738372973887,0.5218121941693322,0.521366331794901,1667
338,3,evaluate,5.158253840274281,0.48050389922015596,0.4851756663486583,0.4807393225721686,0.48173703296442183,1667
338,4,evaluate,4.9337858855724335,0.5050989802039592,0.5114349509199062,0.5081094847441727,0.5078385746161544,1667
338,5,evaluate,4.590793331464131,0.5302939412117577,0.526750224345969,0.5228113849687925,0.5233571187686356,1667
339,0,evaluate,5.001346626491459,0.5134973005398921,0.5160931077345119,0.5164774944949447,0.5151739543041577,1667
339,1,evaluate,5.144114461210039,0.4877024595080984,0.4913316566484916,0.4884706634647367,0.48930233493978276,1667
339,2,evaluate,4.910411253387545,0.519496100779844,0.5170211249020589,0.5157510406908574,0.5150755732028539,1667
339,3,evaluate,4.744456202895553,0.5242951409718056,0.5160246903727211,0.5175747227527905,0.5161246541780173,1667
339,4,evaluate,5.243468540686148,0.5116976604679064,0.514021752821436,0.5071624178550818,0.5079837787308855,1667
339,5,evaluate,4.758179058458794,0.4991001799640072,0.5004030606342249,0.500676616246083,0.4998046480763663,1667
340,0,evaluate,4.865916202948601,0.49250149970005996,0.4936367289672955,0.49407216560506917,0.4919245593230448,1667
340,1,evaluate,4.790531582302517,0.5188962207558488,0.5126903849855462,0.5134310202420455,0.5107701711273154,1667
340,2,evaluate,4.965274592240651,0.5008998200359928,0.501467181796143,0.504025285338501,0.5003968654542893,1667
340,3,evaluate,5.075882099292897,0.5002999400119976,0.5061666571409627,0.5018272506598296,0.5015220234111182,1667
340,4,evaluate,5.356198787689209,0.50749850029994,0.5111786680453633,0.5034406106646557,0.5040076273930906,1667
340,5,evaluate,4.9643585358136955,0.5248950209958009,0.5240208438388716,0.5206638624417059,0.5200895381838171,1667
341,0,evaluate,4.9933740110309035,0.5038992201559688,0.5157435938541242,0.5056742195730736,0.506141685225484,1667
341,1,evaluate,5.4315180425290706,0.4871025794841032,0.49567795913392726,0.4827852770540991,0.48413192210118616,1667
341,2,evaluate,4.7699380803991245,0.5128974205158968,0.5114427480486601,0.5088441631715884,0.5058730772475153,1667
341,3,evaluate,4.870656653686806,0.4997000599880024,0.5029914109195661,0.5038443953198064,0.4990534308525298,1667
341,4,evaluate,4.933455217021994,0.5158968206358728,0.516703712118996,0.5116409977050417,0.5113048156825263,1667
341,5,evaluate,4.931615707292049,0.48830233953209357,0.4949782234086431,0.4906030670192201,0.48930141113996495,1667
342,0,evaluate,4.843919535477956,0.5002999400119976,0.512726384810173,0.501751585715964,0.5045264609760058,1667
342,1,evaluate,5.193465329982616,0.4877024595080984,0.4952042464412713,0.4840661767774111,0.4861966196228991,1667
342,2,evaluate,4.866091017921765,0.48830233953209357,0.49393621489711903,0.48944434533748515,0.48964731263840766,1667
342,3,evaluate,4.81889665627602,0.5140971805638872,0.5165093780494573,0.5109402479463862,0.5103609924884431,1667
342,4,evaluate,4.518725518827085,0.5092981403719257,0.507108055262677,0.5043847596701172,0.5039672636734606,1667
342,5,evaluate,4.583786527315776,0.5080983803239352,0.5124456918959741,0.5114794027235502,0.5093063721801674,1667
343,0,evaluate,4.481155391092654,0.510497900419916,0.5147883619288882,0.5139392923864642,0.5123962298953199,1667
343,1,evaluate,4.712488403474843,0.4871025794841032,0.5005937004999313,0.4877249492895606,0.49234844431659563,1667
343,2,evaluate,4.29657135186372,0.519496100779844,0.5176406137326532,0.5145194877911086,0.5150497981473612,1667
343,3,evaluate,4.665390356711146,0.48530293941211755,0.49476657650789135,0.4859315160888098,0.4887406277384061,1667
343,4,evaluate,4.913738992479113,0.5020995800839833,0.5144755684860653,0.5000561718070092,0.5036605054562088,1667
343,5,evaluate,4.615621993611394,0.5134973005398921,0.5159272483318585,0.5102951875141006,0.5107498056374316,1667
344,0,evaluate,4.7431051195771605,0.4907018596280744,0.499532678588683,0.4908861981950504,0.49408718775718086,1667
344,1,evaluate,4.5844686347646295,0.5110977804439112,0.5129751948963271,0.5082299352351616,0.5081370433354266,1667
344,2,evaluate,4.650430502714934,0.5140971805638872,0.5189705301373506,0.5185227199269473,0.5175494092239532,1667
344,3,evaluate,4.28999956007357,0.519496100779844,0.5182833642854473,0.5141233263004232,0.5149883347098715,1667
344,4,evaluate,4.658199060270649,0.4967006598680264,0.5015698526047544,0.49780225037446224,0.4985753733020523,1667
344,5,evaluate,4.812212970521715,0.5050989802039592,0.5147466141124576,0.5015420007474016,0.5054565918204769,1667
345,0,evaluate,4.546826874768293,0.5158968206358728,0.5129390684938333,0.5097824807513357,0.5088320864157095,1667
345,1,evaluate,4.960790065427621,0.5032993401319736,0.5087912319728822,0.5036636897953771,0.5047433076213568,1667
345,2,evaluate,4.650040771079215,0.5146970605878824,0.5173253650401095,0.5124586610474289,0.5117194299303435,1667
345,3,evaluate,4.764240626827275,0.49250149970005996,0.49474235727671567,0.4935250404852393,0.4931290685416422,1667
345,4,evaluate,4.812837035567672,0.510497900419916,0.5148228231147537,0.5153578577537351,0.5137204469039907,1667
345,5,evaluate,4.93208846339473,0.498500299940012,0.5026427619939038,0.49495094523962885,0.49621260423427627,1667
346,0,evaluate,4.841455499331157,0.5170965806838632,0.5181034189025413,0.5209014897895163,0.5189480718470089,1667
346,1,evaluate,5.17189379091616,0.5068986202759448,0.5099619033986384,0.5025213910208701,0.504162276363538,1667
346,2,evaluate,4.769597406740542,0.5158968206358728,0.5106024950138274,0.5096106593253905,0.5074542164994742,1667
346,3,evaluate,5.038099751566295,0.4931013797240552,0.49390523093658717,0.4942670856072334,0.49277881391927164,1667
346,4,evaluate,4.758147915201216,0.5038992201559688,0.5031378101342892,0.5012289821180397,0.49996626196449345,1667
346,5,evaluate,4.7669958197557545,0.4931013797240552,0.49397875555355963,0.49428810226674313,0.4922216811377488,1667
347,0,evaluate,5.046571958810091,0.4931013797240552,0.49501668921181013,0.49482236899171694,0.4937831502391224,1667
347,1,evaluate,4.805832553792883,0.5020995800839833,0.49566411286415296,0.49581099859029987,0.4943381267839446,1667
347,2,evaluate,5.306094019501297,0.5062987402519497,0.5102077109791774,0.5021873216949615,0.5040205568178371,1667
347,3,evaluate,4.786028914981419,0.5146970605878824,0.5169644892103785,0.5176883432539776,0.5168465017178454,1667
347,4,evaluate,4.682459452900258,0.5050989802039592,0.5068195576393713,0.506385622713741,0.5052347662207168,1667
347,5,evaluate,4.813975758046446,0.5242951409718056,0.5207248902686729,0.5203486426155178,0.519062864702295,1667
348,0,evaluate,4.830238757307867,0.5308938212357528,0.5280673342827218,0.5268953986682965,0.5259195608852112,1667
348,1,evaluate,5.298597971598308,0.5086982603479304,0.5157728116760613,0.5044387068737025,0.5069775368802085,1667
348,2,evaluate,5.022482878011134,0.4979004199160168,0.5049172747429663,0.49950735233532884,0.5010662864189864,1667
348,3,evaluate,4.792612115542094,0.501499700059988,0.505525922923697,0.5053328035572768,0.5041136261532785,1667
348,4,evaluate,4.735902888228237,0.5020995800839833,0.5086879965833144,0.50308385375204,0.5043719694723606,1667
348,5,evaluate,4.736550657837479,0.5056988602279544,0.5036356397064546,0.5001204377632742,0.5007515566488808,1667
349,0,evaluate,4.893058215936266,0.4913017396520696,0.49945704745497554,0.49179605635512846,0.49395763117532426,1667
349,1,evaluate,4.685311176158764,0.5128974205158968,0.514295221497408,0.50792534324542,0.5097606566259926,1667
349,2,evaluate,5.334850240636755,0.4907018596280744,0.5036118187597148,0.4863796044632025,0.4911226423092604,1667
349,3,evaluate,5.042411179040317,0.49250149970005996,0.5027524271038677,0.49342817039554826,0.4966671155114259,1667
349,4,evaluate,4.946353373704134,0.495500899820036,0.5054218009712651,0.4987522653903457,0.49902603856013705,1667
349,5,evaluate,4.887482618108187,0.519496100779844,0.5188089664259136,0.5156010081892547,0.515112441710165,1667
350,0,evaluate,5.054513183318907,0.4991001799640072,0.5105961077416248,0.49992689787077865,0.5029975691531949,1667
350,1,evaluate,4.738390366236369,0.5146970605878824,0.5175753672343154,0.5093210344694385,0.5115060662034049,1667
350,2,evaluate,5.040802693421331,0.4943011397720456,0.5049719687713201,0.4949246006434821,0.49699148626162143,1667
350,3,evaluate,5.071053213543362,0.49250149970005996,0.501770973341047,0.4970112241536298,0.4953337124985526,1667
350,4,evaluate,5.633246421813965,0.4871025794841032,0.5024241066034623,0.48425988493372546,0.4881229477621064,1667
350,5,evaluate,5.03772604612653,0.5128974205158968,0.517375930436202,0.5089839132811611,0.5103259125445125,1667
351,0,evaluate,4.989190580012898,0.5008998200359928,0.5102205416630297,0.5015865512562602,0.5035120715116466,1667
351,1,evaluate,4.98620362635012,0.5038992201559688,0.5089671610402731,0.5100988421309378,0.5060902733256409,1667
351,2,evaluate,4.885511521939878,0.489502099580084,0.4997052161144202,0.49058509315315424,0.49318721146358574,1667
351,3,evaluate,5.4641595858114735,0.4877024595080984,0.4989063539244323,0.4845511900758333,0.4876506920129769,1667
351,4,evaluate,4.844140222149521,0.5086982603479304,0.5134133601908799,0.5045788328446549,0.50588128392721,1667
351,5,evaluate,4.65399150274418,0.5158968206358728,0.51810216472513,0.5105314989520686,0.5123107322004763,1667
352,0,evaluate,4.574942553139947,0.5140971805638872,0.5143344428233065,0.5106659697039355,0.510361292105167,1667
352,1,evaluate,4.873354179508708,0.4871025794841032,0.49265511581828425,0.48671530560592674,0.48834739021809986,1667
352,2,evaluate,4.5673200510166305,0.5086982603479304,0.5144324080770092,0.5029505662854654,0.5050582506029271,1667
352,3,evaluate,4.879444454555158,0.48830233953209357,0.4940604276674184,0.4896362071969412,0.4909394050734851,1667
352,4,evaluate,4.791668314072821,0.5140971805638872,0.5158962350107601,0.5185367200872673,0.5156450011962396,1667
352,5,evaluate,5.195358965131971,0.5020995800839833,0.5087410001022878,0.4990275141263423,0.5011230967192295,1667
353,0,evaluate,4.791387441257636,0.489502099580084,0.4932213463095663,0.4898920389013014,0.4896554840454522,1667
353,1,evaluate,4.5809964143724455,0.5206958608278345,0.5211282117231757,0.5179589075558023,0.5171320608491005,1667
353,2,evaluate,5.027948511971368,0.48470305938812236,0.49058930736229456,0.4865358889911304,0.48543503247337166,1667
353,3,evaluate,4.850414861131598,0.5146970605878824,0.5169178904496886,0.5169923619013823,0.5148771579375564,1667
353,4,evaluate,5.235398645754214,0.5038992201559688,0.511474682300635,0.5015104180540182,0.5018491655273009,1667
353,5,evaluate,4.616289951183178,0.5062987402519497,0.5079809428001618,0.5015208510417306,0.5001694285165115,1667
354,0,evaluate,5.13713804880778,0.5002999400119976,0.5127885260225373,0.4977550849695169,0.4982746430349832,1667
354,1,evaluate,4.892900630279824,0.5062987402519497,0.5098550135445117,0.5079208639656987,0.5059374332608988,1667
354,2,evaluate,4.733767244688891,0.4793041391721656,0.4819968437167429,0.4797706727450753,0.47726964536400623,1667
354,3,evaluate,4.576374027464125,0.5092981403719257,0.5113796134145037,0.5048682079838936,0.50249863308765,1667
354,4,evaluate,4.630388251032383,0.5164967006598681,0.5167239105122244,0.5129628801870388,0.5112064243596078,1667
354,5,evaluate,4.973418709304598,0.4937012597480504,0.5021554245744235,0.49546584016701145,0.4954029709435683,1667
355,0,evaluate,5.161804110915573,0.498500299940012,0.5070990601221431,0.4948123557414751,0.4963826503237592,1667
355,1,evaluate,4.636250928596214,0.510497900419916,0.5125863141977072,0.5062003045297289,0.504911212188882,1667
355,2,evaluate,4.780410192630909,0.5086982603479304,0.5132430194687637,0.5107544605180145,0.5092285010062539,1667
355,3,evaluate,4.995200332668093,0.48410317936412717,0.4930050117144583,0.48589100742898317,0.486906643450003,1667
355,4,evaluate,4.77694874505202,0.48410317936412717,0.48703433320530626,0.48467305671011474,0.48332116761849175,1667
355,5,evaluate,4.688340112441909,0.5206958608278345,0.5211852624764536,0.5167806312434126,0.5165018848267412,1667
356,0,evaluate,4.7211252963415635,0.5266946610677864,0.5270966469383438,0.5224098858535943,0.523405168526733,1667
356,1,evaluate,5.247629563013713,0.4937012597480504,0.49984691963090794,0.48908488376151393,0.49228458949080933,1667
356,2,evaluate,4.795975909188941,0.48410317936412717,0.48797688152030005,0.48548389048640905,0.4847847900437401,1667
356,3,evaluate,4.995180839741671,0.48890221955608876,0.4992441089669077,0.4907392049076453,0.4929984972343858,1667
356,4,evaluate,4.661264816919963,0.52249550089982,0.5207014455110252,0.5173996096555435,0.5168904952388642,1667
356,5,evaluate,4.795450488726298,0.5116976604679064,0.5171228861254109,0.5148581334999004,0.5143574246866397,1667
357,0,evaluate,5.557991866712217,0.483503299340132,0.49499980701155605,0.4788847769375752,0.4826099662291628,1667
357,1,evaluate,4.806588102270056,0.525494901019796,0.5277801901277583,0.5206826133384318,0.5217092122048911,1667
357,2,evaluate,4.924452702204387,0.5038992201559688,0.5107377151700238,0.5087925388592517,0.5059566468882257,1667
357,3,evaluate,4.984394258371106,0.48170365926814634,0.4902232933189645,0.48289532472985075,0.48265616843173104,1667
357,4,evaluate,5.033117223117086,0.48050389922015596,0.4982115696012622,0.4816619053329953,0.48610595519333,1667
357,5,evaluate,4.683859708132567,0.519496100779844,0.5213321174880841,0.5148741960860154,0.5153204083092903,1667
358,0,evaluate,4.951071670628153,0.5170965806838632,0.5224410270329441,0.512998454232519,0.5146916439759173,1667
358,1,evaluate,4.99213124204565,0.5038992201559688,0.5124419019154425,0.5091599578245386,0.5067562858425382,1667
358,2,evaluate,5.003087776954527,0.4793041391721656,0.49043906030818735,0.4806013698872714,0.48152457908024654,1667
358,3,evaluate,5.6901892202871815,0.48530293941211755,0.5009982163000373,0.48167599348871065,0.4869725861346904,1667
358,4,evaluate,4.76184328397115,0.510497900419916,0.5151950062660131,0.5066228829850521,0.5080084388643902,1667
358,5,evaluate,5.012318161902605,0.4943011397720456,0.5137178174750436,0.49521348382770974,0.5008184774828388,1667
359,0,evaluate,4.855798042850644,0.5230953809238152,0.5266235006568758,0.5201689056813351,0.520531781663643,1667
359,1,evaluate,4.910945202413671,0.49250149970005996,0.5050881585899367,0.4932254945594215,0.49779183165451635,1667
359,2,evaluate,4.6755144756149365,0.5134973005398921,0.5147209789494785,0.5085427684380706,0.5103790726842197,1667
359,3,evaluate,5.530715085841991,0.495500899820036,0.5086552582695385,0.49263447470109745,0.49720499141551466,1667
359,4,evaluate,4.8404360700536655,0.5128974205158968,0.5172441790466318,0.518249254683758,0.5151683186429816,1667
359,5,evaluate,4.764194447478211,0.4901019796040792,0.49647438225857937,0.49084742084677035,0.49216409687997675,1667
360,0,evaluate,4.770823725947627,0.5140971805638872,0.5184604152455503,0.5187576952391133,0.51662899048528,1667
360,1,evaluate,4.734573675250566,0.4973005398920216,0.5058600890894998,0.4973621676405184,0.5003085837108816,1667
360,2,evaluate,4.741333961486816,0.5086982603479304,0.513589349684499,0.5064009317293283,0.5064072529055402,1667
360,3,evaluate,4.6378623799041465,0.5068986202759448,0.5061536084710396,0.5001685582255508,0.5015108629629456,1667
360,4,evaluate,5.426633755366008,0.5050989802039592,0.513645550210254,0.5022684155970021,0.5050574402754215,1667
360,5,evaluate,4.872888270351622,0.4907018596280744,0.49981312243870396,0.49156618392883455,0.4942837624444335,1667
361,0,evaluate,4.765829902004312,0.5008998200359928,0.5052294702481746,0.5033593733865904,0.502521941172079,1667
361,1,evaluate,4.601999175401356,0.5146970605878824,0.5148369514410223,0.5121049961599413,0.5107376769178461,1667
361,2,evaluate,5.262957299197161,0.4991001799640072,0.5059079329594683,0.4957014335599272,0.49749941477448234,1667
361,3,evaluate,4.932442991821854,0.4949010197960408,0.5028646528658144,0.4961121693501423,0.4976098276110926,1667
361,4,evaluate,4.604685227076213,0.5110977804439112,0.5094774907572578,0.5038681108219741,0.5034875750488415,1667
361,5,evaluate,4.714023754957856,0.48470305938812236,0.4890716537354205,0.4842596994776329,0.4844191339315655,1667
362,0,evaluate,5.105713800147727,0.4913017396520696,0.4990676007485765,0.4880964446615976,0.4890544822013688,1667
362,1,evaluate,4.678363914739479,0.47990401919616077,0.48519746891346394,0.47991821421651604,0.4792483090224996,1667
362,2,evaluate,4.698073157557735,0.504499100179964,0.506748239951701,0.4979133878801659,0.495929996398594,1667
362,3,evaluate,4.661296964795501,0.5002999400119976,0.5072809077816836,0.5022170397520054,0.5022196448314549,1667
362,4,evaluate,4.8336029494250266,0.49250149970005996,0.4982247025370318,0.49372937372489323,0.49354312382223764,1667
362,5,evaluate,4.533764396154059,0.5260947810437913,0.5260757611115032,0.5229783339234809,0.5214178064172346,1667
363,0,evaluate,4.686433575771473,0.501499700059988,0.5040793326173973,0.5042030517876768,0.5027368340374473,1667
363,1,evaluate,4.547591052426638,0.5260947810437913,0.5223982962677634,0.5220200238466292,0.5197988666632345,1667
363,2,evaluate,4.618816137865737,0.4859028194361128,0.4915374173882002,0.4864363357119819,0.4861475806168044,1667
363,3,evaluate,4.776454342736138,0.5068986202759448,0.5034324607702672,0.5012347961364013,0.49945053046550647,1667
363,4,evaluate,4.877690659628974,0.4931013797240552,0.5003630948735793,0.4943740112698792,0.49516000778415964,1667
363,5,evaluate,5.075450605816311,0.4907018596280744,0.49676762589995,0.4873650831669593,0.48840382766114415,1667
364,0,evaluate,4.808771292368571,0.4931013797240552,0.4931225607704374,0.49779308852153753,0.4932924343676054,1667
364,1,evaluate,4.610571060053728,0.489502099580084,0.4905227868350563,0.4907937508965163,0.4893566030977091,1667
364,2,evaluate,5.017374082847878,0.4931013797240552,0.5000247865153538,0.4945618404240387,0.4955661608653125,1667
364,3,evaluate,4.713500864447,0.5302939412117577,0.5255010356620459,0.5257206756444041,0.5242034145073553,1667
364,4,evaluate,4.846318651128699,0.510497900419916,0.5051592527856853,0.5047247065262773,0.5037158418578136,1667
364,5,evaluate,5.217783309795238,0.4949010197960408,0.49538850494511744,0.49087323934282523,0.4911423767863726,1667
365,0,evaluate,5.541632661113033,0.4997000599880024,0.5020424068000144,0.49450131695330424,0.4962995349887299,1667
365,1,evaluate,4.831872198316786,0.4967006598680264,0.49860683931968347,0.49858639512476427,0.49718111469540444,1667
365,2,evaluate,5.161973917925799,0.501499700059988,0.5063045187818458,0.5024399714045977,0.503220146650808,1667
365,3,evaluate,5.006291442447239,0.5200959808038392,0.5169127201539715,0.5144256915786314,0.5145370680124578,1667
365,4,evaluate,4.901632166196072,0.5338932213557288,0.5318726462498393,0.5286765266235472,0.5281970119742487,1667
365,5,evaluate,5.098995614934851,0.5002999400119976,0.5040776378863676,0.5055535344598094,0.501433312471103,1667
366,0,evaluate,5.248995480714021,0.5080983803239352,0.5133675754206501,0.5140021580365765,0.5089997997099925,1667
366,1,evaluate,4.9985751973258115,0.5368926214757048,0.540120120776639,0.5326584861824488,0.5330872168513588,1667
366,2,evaluate,5.184155551923646,0.5026994601079784,0.5144661855612507,0.5040157892723521,0.5068337793321516,1667
366,3,evaluate,5.036556835527773,0.5266946610677864,0.5287313498120014,0.5205261317800967,0.5230620397839572,1667
366,4,evaluate,5.00342763574035,0.5026994601079784,0.5103544749724224,0.5042751987861235,0.5054395352106725,1667
366,5,evaluate,5.696341337981047,0.4943011397720456,0.5055916703857083,0.4900711112877193,0.4940723555777387,1667
367,0,evaluate,5.247579044765896,0.5038992201559688,0.5182948939906868,0.5052137707056984,0.5095936103540311,1667
367,1,evaluate,5.730052665427879,0.48410317936412717,0.4974110756830844,0.4793543900763734,0.48432629021357576,1667
367,2,evaluate,5.09207074150995,0.4907018596280744,0.5049586545298196,0.4922392214154933,0.49636599740739096,1667
367,3,evaluate,5.266730529290658,0.5020995800839833,0.5111214625332499,0.5066497408435422,0.5057591718490902,1667
367,4,evaluate,5.060324924963492,0.5218956208758249,0.5331506835168114,0.5188057341061979,0.5208676995091716,1667
367,5,evaluate,4.96181289796476,0.5128974205158968,0.5215569105050447,0.5072351760353941,0.5114271728999498,1667
368,0,evaluate,4.9222798347473145,0.5272945410917816,0.5385831180129683,0.5251905297974379,0.5273699958111443,1667
368,1,evaluate,5.007172937746401,0.483503299340132,0.49645349342451944,0.48426364589405174,0.4888613125549918,1667
368,2,evaluate,5.058288896525347,0.4973005398920216,0.5099547123314625,0.49798792814091525,0.5025339258695604,1667
368,3,evaluate,4.712202902193423,0.5158968206358728,0.5213581290004367,0.511377884480974,0.5142148322138415,1667
368,4,evaluate,5.518328560723199,0.47990401919616077,0.49224775353493094,0.4756399142997256,0.48043013806846907,1667
368,5,evaluate,5.077383814034639,0.504499100179964,0.5166309137056085,0.5096155786904768,0.5104437395591692,1667
369,0,evaluate,4.856325634099819,0.5062987402519497,0.5127380368020465,0.509767132705462,0.5098724578288869,1667
369,1,evaluate,4.512227685363205,0.5152969406118776,0.5172605387918765,0.5104659319962942,0.5124918003684575,1667
369,2,evaluate,5.258989722640426,0.4943011397720456,0.5033210413004864,0.48962078546069254,0.4934727475525375,1667
369,3,evaluate,4.940272918453923,0.48410317936412717,0.49360008318625087,0.4848972515017847,0.48816077383050444,1667
369,4,evaluate,4.883147278317699,0.5080983803239352,0.5179720569235835,0.5091094669132296,0.512582506823296,1667
369,5,evaluate,4.719773558922755,0.5356928614277144,0.5426274440097318,0.5333279580825945,0.5348288268839909,1667
370,0,evaluate,4.719862400674848,0.4949010197960408,0.5004047186648612,0.4978636475599231,0.4975931049234582,1667
370,1,evaluate,4.740241694229621,0.5038992201559688,0.5108295490602037,0.5053465632711484,0.5071686927460706,1667
370,2,evaluate,4.434688991970486,0.5206958608278345,0.5197465387249146,0.5156630945178995,0.5154557178216572,1667
370,3,evaluate,4.627637508474728,0.5290941811637673,0.5333899526870444,0.5263488806265515,0.5266707659418441,1667
370,4,evaluate,4.760658436351353,0.47750449910017995,0.48496439762157745,0.47857322462712604,0.48011009222446993,1667
370,5,evaluate,4.974704671789099,0.50749850029994,0.5140210614639732,0.5027237810843501,0.5046875754068552,1667
371,0,evaluate,4.851294493233716,0.4949010197960408,0.4984020879548893,0.4970252465996105,0.49602099397472993,1667
371,1,evaluate,5.0748727851443824,0.5002999400119976,0.5075271404045916,0.4967030880626019,0.4974459123593409,1667
371,2,evaluate,4.5272883883229005,0.519496100779844,0.5151831402329423,0.5140794537596404,0.511341635220101,1667
371,3,evaluate,4.6072481517424215,0.5374925014997001,0.5368046086020531,0.5342738459141417,0.532761243863205,1667
371,4,evaluate,4.846186194292925,0.4991001799640072,0.4995534125465955,0.5005223933946825,0.4984385155782145,1667
371,5,evaluate,4.7810629385489,0.47810437912417514,0.4813183319368706,0.4792654031891731,0.47821923286267215,1667
372,0,evaluate,4.7461277010998115,0.525494901019796,0.5221983913700903,0.521876289917731,0.520228022511589,1667
372,1,evaluate,5.116226721692969,0.49250149970005996,0.4913806343346862,0.49493049883562745,0.49151353110402524,1667
372,2,evaluate,5.074722588338234,0.48170365926814634,0.48417839721690925,0.4840470498434499,0.4825003500716937,1667
372,3,evaluate,4.922802333478574,0.4907018596280744,0.4918694998579377,0.4917790450797149,0.4900772419539499,1667
372,4,evaluate,4.833149945294416,0.5164967006598681,0.509947272587957,0.5113635656232979,0.5079110836275584,1667
372,5,evaluate,5.340307756706521,0.498500299940012,0.5026641587088378,0.4942876683561934,0.49457986230607487,1667
373,0,evaluate,5.276746281871089,0.501499700059988,0.5009374323086904,0.5047058762971248,0.5015125403776582,1667
373,1,evaluate,5.250947757175675,0.48530293941211755,0.4871936134179814,0.48749725809720434,0.48611403783317686,1667
373,2,evaluate,5.5874606768290205,0.4997000599880024,0.5021934507218072,0.4956618761307029,0.4965276021097343,1667
373,3,evaluate,4.995844112502204,0.4937012597480504,0.49167022105805414,0.49471161428561305,0.49178678619763516,1667
373,4,evaluate,5.055022416291414,0.504499100179964,0.49800086469241023,0.498252982903116,0.49663249497883777,1667
373,5,evaluate,4.968691775828232,0.5176964607078585,0.5108781128406296,0.513715641255763,0.5112709253689666,1667
374,0,evaluate,5.227813848190838,0.4943011397720456,0.5025636882340848,0.4957464483363164,0.4974870018790896,1667
374,1,evaluate,5.08174981011282,0.5134973005398921,0.5118681722481881,0.5090294163582417,0.5094461442483631,1667
374,2,evaluate,5.000637902153863,0.5092981403719257,0.5051972194814972,0.5032655029826509,0.5028631640527654,1667
374,3,evaluate,5.688337326049805,0.5038992201559688,0.509395245536681,0.49996399285527193,0.502158119227094,1667
374,4,evaluate,5.22511147569727,0.5116976604679064,0.5136290302943158,0.5165070015418918,0.5123411923427617,1667
374,5,evaluate,5.017794103568627,0.4877024595080984,0.49161241021138347,0.48919114478713305,0.4888783394797411,1667
375,0,evaluate,5.7703747131206375,0.4949010197960408,0.5052650998321908,0.49084328293397705,0.49445437035157,1667
375,1,evaluate,5.10082912392897,0.4823035392921416,0.49166476578881885,0.4834540638172509,0.48543199401735704,1667
375,2,evaluate,4.913254163883351,0.5152969406118776,0.5163537226098012,0.5100927447215546,0.5105427243863526,1667
375,3,evaluate,5.17275754224371,0.498500299940012,0.5119798245943905,0.49972010939814887,0.5028837008474873,1667
375,4,evaluate,5.181929597148189,0.4991001799640072,0.5052864258236055,0.5040432477967014,0.5011381704529478,1667
375,5,evaluate,5.163630086695439,0.5110977804439112,0.5163213796407533,0.5081395356954326,0.5096551740492263,1667
376,0,evaluate,4.822676177378054,0.50749850029994,0.5124818304200461,0.5032613729997801,0.5039659867440671,1667
376,1,evaluate,5.017513013881398,0.5134973005398921,0.5195392425003634,0.5105393832915908,0.5120249075514571,1667
376,2,evaluate,5.740350078653406,0.49190161967606477,0.4985738162458633,0.48718585546759996,0.49013774014601974,1667
376,3,evaluate,5.087084292261689,0.5056988602279544,0.5203247973730825,0.5065607358521962,0.5098433058065255,1667
376,4,evaluate,5.064117714210793,0.5116976604679064,0.519652939204498,0.5177964927260269,0.5144617130354364,1667
376,5,evaluate,5.107696670452477,0.46850629874025196,0.4779680801331798,0.46983008506461366,0.47167528628588495,1667
377,0,evaluate,4.752019078643234,0.5152969406118776,0.5240167922728903,0.5209311132910164,0.5187369719517713,1667
377,1,evaluate,4.451720488154226,0.5062987402519497,0.5108704331389626,0.5015909540571803,0.5032470050369601,1667
377,2,evaluate,4.698689927657445,0.5032993401319736,0.5175207858702,0.5037680813211505,0.508449143788088,1667
377,3,evaluate,4.8334936395425485,0.47390521895620874,0.48678416556987986,0.4749803412412062,0.47838795410578727,1667
377,4,evaluate,5.344384943997419,0.47990401919616077,0.48666648592462664,0.47556556374494957,0.47855923968702385,1667
377,5,evaluate,4.688885591018738,0.5266946610677864,0.5314823113473288,0.5238697503535699,0.5247607521318558,1667
378,0,evaluate,4.599836810319512,0.48110377924415115,0.491430012275872,0.48176308378927174,0.4852004876738774,1667
378,1,evaluate,4.940784807558413,0.4913017396520696,0.4994989632430271,0.4869580205774594,0.49068044032198727,1667
378,2,evaluate,4.589789702936455,0.501499700059988,0.5167152785612069,0.5024252490374851,0.5076553932576996,1667
378,3,evaluate,4.424155097754179,0.5356928614277144,0.5433509341030469,0.5335848634767307,0.5349238639164139,1667
378,4,evaluate,4.295597909225358,0.5146970605878824,0.5174220859962013,0.5099484138008662,0.5119407004701794,1667
378,5,evaluate,4.54498114850786,0.5050989802039592,0.5158740828369313,0.5095583042700425,0.5099705736967003,1667
379,0,evaluate,4.834952266127975,0.4949010197960408,0.5051149466949489,0.4916597587501723,0.4945765031366882,1667
379,1,evaluate,4.635520288237819,0.4979004199160168,0.5040555700054091,0.5003983803086992,0.5009611082298637,1667
379,2,evaluate,4.69388014961172,0.5008998200359928,0.5132658895529838,0.501620026095283,0.5055399224442134,1667
379,3,evaluate,4.419324433362043,0.5176964607078585,0.5212246542519099,0.512648143470894,0.5149867771672139,1667
379,4,evaluate,4.471323739546481,0.5266946610677864,0.5301758873940761,0.5238867605615425,0.524316425700794,1667
379,5,evaluate,4.531491275117905,0.48530293941211755,0.4899650731824175,0.48557131897913086,0.4864821597617196,1667
380,0,evaluate,4.918978486899976,0.498500299940012,0.5031425666174668,0.5009472066097839,0.5005511477090908,1667
380,1,evaluate,4.694502433141072,0.52249550089982,0.5245488717484088,0.517508992149304,0.5190563633921415,1667
380,2,evaluate,4.740113630338952,0.4937012597480504,0.4964878241190128,0.4943942331619784,0.49419693999975733,1667
380,3,evaluate,4.659515352704653,0.5218956208758249,0.5216611126190125,0.5177985215050244,0.5178235900055317,1667
380,4,evaluate,4.993793511556254,0.5002999400119976,0.5097543554748493,0.500565660878979,0.503648509204897,1667
380,5,evaluate,5.031537859528153,0.50749850029994,0.5151857427981723,0.5044578666902384,0.5059777397168169,1667
381,0,evaluate,5.151536917796841,0.5026994601079784,0.5049755741458853,0.5037582744941138,0.5031768426695109,1667
381,1,evaluate,5.122691831654972,0.498500299940012,0.4979002535560559,0.502707596103565,0.499002620645934,1667
381,2,evaluate,4.837373377364357,0.5152969406118776,0.509987163836241,0.5111555164242786,0.5097604316476329,1667
381,3,evaluate,4.9290860317371505,0.5068986202759448,0.5023440166616585,0.5003496763597427,0.4997966913709049,1667
381,4,evaluate,5.337299823760986,0.4973005398920216,0.495879661849731,0.49382929733971653,0.49272751773806595,1667
381,5,evaluate,4.910021068873228,0.489502099580084,0.48679293976234084,0.4898231837106559,0.4872606359734785,1667
382,0,evaluate,4.961312709031282,0.510497900419916,0.509063128888034,0.5051341645963001,0.5052054815443963,1667
382,1,evaluate,5.005053127253496,0.5116976604679064,0.5070560275601567,0.507474919514826,0.5064833628722155,1667
382,2,evaluate,5.537554281729239,0.504499100179964,0.5046900398089037,0.5008651118941849,0.5003830092218629,1667
382,3,evaluate,5.212197634908888,0.5086982603479304,0.5079476197392365,0.5133266707552275,0.5090656616868137,1667
382,4,evaluate,5.253314893554758,0.5062987402519497,0.5109567771285665,0.5076485345640399,0.5077186706971486,1667
382,5,evaluate,4.981074689714997,0.47390521895620874,0.4715109879658256,0.4744907654040021,0.4715873667630254,1667
383,0,evaluate,5.626411173078749,0.5110977804439112,0.5130430464281321,0.5066546456733556,0.5080916261442128,1667
383,1,evaluate,4.983036337558318,0.48530293941211755,0.48436213391789024,0.48585865262671585,0.48377915595469945,1667
383,2,evaluate,5.093167363355557,0.5032993401319736,0.5073140261260101,0.5053365008177602,0.5045133722314886,1667
383,3,evaluate,5.148493126586631,0.5098980203959208,0.5094745572263583,0.5135996277170752,0.509951804048303,1667
383,4,evaluate,4.88780210783449,0.5080983803239352,0.5067579316050065,0.5039501277188606,0.5043483862431224,1667
383,5,evaluate,4.85763105198189,0.5122975404919016,0.5124022515168337,0.5076657275794221,0.5078524269741658,1667
384,0,evaluate,4.8526375743526,0.495500899820036,0.5111384976607022,0.49688681708039384,0.5013862589626085,1667
384,1,evaluate,5.0034386935402395,0.5080983803239352,0.5111775721994041,0.5123851936939723,0.510004732993415,1667
384,2,evaluate,4.809242535520483,0.5110977804439112,0.5166287332095092,0.5071888062854117,0.5093428580126351,1667
384,3,evaluate,4.974595389872168,0.483503299340132,0.4898908346289298,0.48367853240426417,0.48519033577608334,1667
384,4,evaluate,4.8189657705801485,0.5146970605878824,0.5176903453610591,0.5111612165048081,0.5124755974585128,1667
384,5,evaluate,5.585470738234343,0.5086982603479304,0.5176840772007034,0.5055160474629699,0.5083078559339638,1667
385,0,evaluate,4.681296685595567,0.519496100779844,0.5277638803957186,0.5160488696375556,0.518818866207289,1667
385,1,evaluate,4.669233207142463,0.4997000599880024,0.5056341653635201,0.49545349149835793,0.4983002182169781,1667
385,2,evaluate,4.775074980877064,0.498500299940012,0.5159395941293492,0.49894556234206,0.5053694174784555,1667
385,3,evaluate,4.827044884036122,0.5218956208758249,0.5282961200352098,0.5258593159650717,0.5249475407889335,1667
385,4,evaluate,4.863225991096072,0.47690461907618475,0.4907310327567701,0.47674821961695535,0.4815316883408694,1667
385,5,evaluate,5.4798758471453635,0.4973005398920216,0.5084337995014364,0.494689249140057,0.49799533858254313,1667
386,0,evaluate,5.261747775254427,0.504499100179964,0.5176397936942425,0.5016290325843913,0.5059697042550139,1667
386,1,evaluate,4.76141266497197,0.5110977804439112,0.5188792163124558,0.5145708073110862,0.5155203281671379,1667
386,2,evaluate,4.6169599073903855,0.50749850029994,0.5161325737030387,0.5047585742587789,0.5074900094657037,1667
386,3,evaluate,4.745354650059232,0.4877024595080984,0.5046418969863968,0.4880689374940014,0.49358161102875603,1667
386,4,evaluate,4.566781198226467,0.4937012597480504,0.49721577427738667,0.48868553415578947,0.4906597191117525,1667
386,5,evaluate,4.8222563553739475,0.4913017396520696,0.503959684009844,0.4917505038173197,0.49660956937803197,1667
387,0,evaluate,5.109182454921581,0.498500299940012,0.5109610824951767,0.4954222831698873,0.4998024935842958,1667
387,1,evaluate,4.5896463298963175,0.4829034193161368,0.49763728280431996,0.48387375541635286,0.4882865518821654,1667
387,2,evaluate,4.900256660249498,0.4859028194361128,0.496549367410602,0.48655213398541186,0.4904482648624039,1667
387,3,evaluate,4.829411342188164,0.5056988602279544,0.5130164868373257,0.5088975007946892,0.5097016852154572,1667
387,4,evaluate,4.574617496243171,0.5146970605878824,0.521581497041337,0.5124624948873874,0.5134518319892318,1667
387,5,evaluate,4.548148465463547,0.4913017396520696,0.4939068462139596,0.4848088945059182,0.48691526428334003,1667
388,0,evaluate,4.61825876545023,0.5032993401319736,0.500624487081083,0.4963056069957279,0.49704974877298486,1667
388,1,evaluate,4.918176668661612,0.5008998200359928,0.509994967869883,0.5044729807646041,0.5063152836245293,1667
388,2,evaluate,5.141895938802649,0.49190161967606477,0.5022397361291552,0.4883041888386382,0.49198710598655754,1667
388,3,evaluate,4.520345396879646,0.4877024595080984,0.497026038606492,0.48896778072278035,0.4906923569205618,1667
388,4,evaluate,5.024127059512669,0.483503299340132,0.4925393756019715,0.4844751832955628,0.4866358969219514,1667
388,5,evaluate,4.548528613859936,0.5020995800839833,0.5046218150539165,0.4992234712355577,0.4995050630632015,1667
389,0,evaluate,4.5160209474464255,0.495500899820036,0.5031841764615287,0.4968316276646022,0.4976050442673289,1667
389,1,evaluate,4.997916613464002,0.486502699460108,0.49187966067806627,0.4876865719228425,0.4882134031232178,1667
389,2,evaluate,4.745638114434701,0.5134973005398921,0.5098870945930682,0.5076187674591691,0.5076964370692609,1667
389,3,evaluate,5.171543598175049,0.4991001799640072,0.5046491425555683,0.4948883505405009,0.49766905844924275,1667
389,4,evaluate,4.527409197370599,0.5140971805638872,0.5113720732064698,0.51046016528817,0.5097666515398422,1667
389,5,evaluate,4.961619094566062,0.4877024595080984,0.49307704727518287,0.49149170236316275,0.4914814788875731,1667
390,0,evaluate,5.057210867051725,0.4907018596280744,0.4944365084168125,0.49155125143939593,0.4918577354496847,1667
390,1,evaluate,4.914241614165129,0.5116976604679064,0.509030338562402,0.5066996466952385,0.5060725143125332,1667
390,2,evaluate,5.0245863613155155,0.4973005398920216,0.4970734877609611,0.5008600298478105,0.4977860579105663,1667
390,3,evaluate,5.369648438912851,0.4949010197960408,0.49568549678040236,0.49057894591930384,0.49106411156096613,1667
390,4,evaluate,4.716396645258775,0.5302939412117577,0.5262357761299166,0.5267087825935031,0.5250822265118587,1667
390,5,evaluate,4.771541916247871,0.501499700059988,0.5045242195052977,0.5025107280831709,0.5019999709636612,1667
391,0,evaluate,4.787405403917311,0.5320935812837433,0.5278026083889447,0.5283520448887127,0.5262357107443005,1667
391,1,evaluate,5.480769439979836,0.5008998200359928,0.5028144094789874,0.497782460479531,0.4967714185390122,1667
391,2,evaluate,5.098153988520305,0.5134973005398921,0.509199761397899,0.5088604251828056,0.5066120787559786,1667
391,3,evaluate,5.047858329507074,0.5086982603479304,0.5074126813756459,0.5129832442981004,0.5083879230673704,1667
391,4,evaluate,5.013793268689403,0.5092981403719257,0.5123556177056531,0.5101327906020499,0.5104894571274413,1667
391,5,evaluate,4.920863308909315,0.5086982603479304,0.5103270846000298,0.5094916439023359,0.5085758242397269,1667
392,0,evaluate,4.762519055494556,0.5398920215956808,0.5386637219351691,0.5358207550607219,0.5344414035917426,1667
392,1,evaluate,4.914212792008011,0.5008998200359928,0.5070085479539033,0.501384802504448,0.5026162125231279,1667
392,2,evaluate,5.041451679508167,0.5038992201559688,0.5085810654933616,0.5084865827459171,0.5045579205225543,1667
392,3,evaluate,5.473587459988064,0.4991001799640072,0.5027616627879147,0.497361605338838,0.4959339525994532,1667
392,4,evaluate,5.03040353457133,0.5116976604679064,0.5125547605807743,0.5074079098458396,0.5069119425001654,1667
392,5,evaluate,5.038327473767653,0.495500899820036,0.5024876026374885,0.4961006011878295,0.4969787023757027,1667
393,0,evaluate,5.017943324935105,0.5062987402519497,0.5133568714426338,0.5111698583388826,0.5087276626297562,1667
393,1,evaluate,5.502669581660518,0.486502699460108,0.49376436693189474,0.48391532348249466,0.48424384331152764,1667
393,2,evaluate,5.133690734842309,0.48170365926814634,0.49140423865806004,0.48212147296189967,0.4842214397808212,1667
393,3,evaluate,4.9094284287205445,0.5128974205158968,0.5148254198358937,0.5083875048995392,0.5092438476164429,1667
393,4,evaluate,4.8500320175506335,0.5320935812837433,0.5349157329060503,0.5288356876244726,0.5287199087595386,1667
393,5,evaluate,4.907769750665735,0.5056988602279544,0.5141889034564914,0.5053137652209511,0.5076585162332762,1667
394,0,evaluate,5.0022341862872794,0.5032993401319736,0.5084604103727627,0.5081745968944753,0.505552743109217,1667
394,1,evaluate,4.789507424389875,0.5200959808038392,0.5217796287459676,0.5149114949053846,0.5168883743874638,1667
394,2,evaluate,5.440201724017108,0.4931013797240552,0.4978586955107061,0.49054052699017736,0.4902768809353811,1667
394,3,evaluate,4.902217969471773,0.52249550089982,0.5270979124470727,0.5189387941797677,0.5199813681322011,1667
394,4,evaluate,5.117640003286026,0.4937012597480504,0.5049348889624943,0.494155087376428,0.4976196872930353,1667
394,5,evaluate,4.972402153743638,0.4997000599880024,0.5092255787060174,0.5001585019964075,0.5036036718295362,1667
395,0,evaluate,5.079675053004865,0.4871025794841032,0.4977049677376873,0.4874666556945824,0.49121985660340134,1667
395,1,evaluate,5.443647146224976,0.49610077984403117,0.5028068870651324,0.49362582071368627,0.495516654178357,1667
395,2,evaluate,4.743926330848977,0.5170965806838632,0.519931665870087,0.5121639759929176,0.5147082624040956,1667
395,3,evaluate,4.9271776602592,0.5152969406118776,0.5171318868731343,0.511720895154501,0.5125182031969263,1667
395,4,evaluate,5.113774546870479,0.49190161967606477,0.4967911561600474,0.4961015925167674,0.49560590008706684,1667
395,5,evaluate,5.096838972634739,0.49250149970005996,0.5054049524489355,0.4935011002370778,0.49802608651137364,1667
396,0,evaluate,5.080995417993377,0.48110377924415115,0.49459178311077123,0.48171440234779406,0.48652725103916883,1667
396,1,evaluate,4.884536570627932,0.5050989802039592,0.5039752453627135,0.4997110219966789,0.5005564048946539,1667
396,2,evaluate,5.23998530153875,0.4901019796040792,0.49616051018510776,0.49357360984477544,0.49447899084687624,1667
396,3,evaluate,5.540264818403456,0.4949010197960408,0.5008663931696588,0.4915009497966686,0.4938999505667751,1667
396,4,evaluate,5.0017282118399935,0.486502699460108,0.4967356450321828,0.4870795853070895,0.4904794469607987,1667
396,5,evaluate,4.912521733178033,0.519496100779844,0.5218927942598421,0.5163021377022409,0.517191313525444,1667
397,0,evaluate,5.180336849557029,0.4973005398920216,0.504107971670382,0.5003779042299669,0.501835043617784,1667
397,1,evaluate,4.773156192567614,0.5146970605878824,0.5149740704756759,0.5116918457095976,0.5117490664208159,1667
397,2,evaluate,4.875653928525194,0.4877024595080984,0.49262630960753107,0.4883831552795349,0.48972412535511484,1667
397,3,evaluate,4.964116056070283,0.486502699460108,0.5009017889264673,0.48733015337193863,0.49197232564516763,1667
397,4,evaluate,4.808434390359455,0.5110977804439112,0.5061287033853248,0.5052775748188323,0.5047892602935078,1667
397,5,evaluate,5.4372866948445635,0.4907018596280744,0.49275615267797646,0.4863338700589158,0.4879615052648834,1667
398,0,evaluate,5.010558925845005,0.5080983803239352,0.5109430351547942,0.5114119941217987,0.5102211207086579,1667
398,1,evaluate,4.704825129037936,0.5206958608278345,0.5190158415946395,0.517706333885542,0.5169962650718259,1667
398,2,evaluate,4.889446344364573,0.495500899820036,0.5048530527145931,0.4960547124702817,0.4989287876130108,1667
398,3,evaluate,4.598024500740899,0.5260947810437913,0.5221798058017918,0.5200163663200759,0.5198676504570903,1667
398,4,evaluate,5.322897010379368,0.4877024595080984,0.48944489805797764,0.4840928679508026,0.48560289023287206,1667
398,5,evaluate,4.762848420827477,0.495500899820036,0.49894138658706444,0.4955279916952581,0.4963054828391549,1667
399,0,evaluate,4.720314050898134,0.5290941811637673,0.5255799662747297,0.52576770416224,0.5237660013605128,1667
399,1,evaluate,4.851500302001282,0.50749850029994,0.5090868519263371,0.5111439884697659,0.5088360460153648,1667
399,2,evaluate,4.773761300301111,0.510497900419916,0.5196850760585161,0.5107880626987981,0.5138930566249992,1667
399,3,evaluate,5.3073967297871905,0.4991001799640072,0.5043006391700697,0.4950354851511641,0.49771332079288266,1667
399,4,evaluate,4.5005227194892035,0.5158968206358728,0.5168920948960783,0.51091877435602,0.512017466073538,1667
399,5,evaluate,4.716947105471735,0.48410317936412717,0.486830042043321,0.4842465315296508,0.4847299843735039,1667
400,0,evaluate,4.870363357442397,0.483503299340132,0.4857611564719438,0.4833841322424937,0.48322874279307093,1667
400,1,evaluate,4.8103896645070225,0.5110977804439112,0.5114859146598768,0.513801585591294,0.5107915144556626,1667
400,2,evaluate,5.506788686469749,0.495500899820036,0.5032016736877796,0.49311650805028034,0.4942185616653491,1667
400,3,evaluate,4.578203422051889,0.5278944211157769,0.5255780568165181,0.5223200694381148,0.5223052787718885,1667
400,4,evaluate,4.929749608039856,0.5002999400119976,0.5112100098287399,0.5009028032562406,0.5041705133427408,1667
400,5,evaluate,4.859292198104076,0.531493701259748,0.5292197080060232,0.5286467404587534,0.5263799828747033,1667
401,0,evaluate,5.1331898316189095,0.495500899820036,0.49926663313758624,0.49590981490595015,0.4948071771812047,1667
401,1,evaluate,5.211859465749176,0.4973005398920216,0.5059696357859602,0.4983060938951681,0.49916768570582654,1667
401,2,evaluate,4.950191630257501,0.5068986202759448,0.5103481186749003,0.5108278655952402,0.508049535704883,1667
401,3,evaluate,5.098079441454535,0.5326934613077384,0.5332313038302869,0.5290970819030647,0.5267883610181482,1667
401,4,evaluate,5.699903779559666,0.49610077984403117,0.5034661153427666,0.49400342195178554,0.4935931063782659,1667
401,5,evaluate,4.7887036093959106,0.5308938212357528,0.5281316368515275,0.5252695866100814,0.5248958383092914,1667
402,0,evaluate,4.907616906695896,0.5170965806838632,0.5133358025803868,0.5112257793821905,0.510052325528123,1667
402,1,evaluate,5.383608412963373,0.5032993401319736,0.5089324323498905,0.5043149652616807,0.504475131397385,1667
402,2,evaluate,5.672305742899577,0.4931013797240552,0.5025842937156543,0.49153025704823083,0.4909151303121952,1667
402,3,evaluate,5.194976327452524,0.5230953809238152,0.5240189603761125,0.5199918277433149,0.5180470555115775,1667
402,4,evaluate,5.2738612636371895,0.4907018596280744,0.49756028535892804,0.4905900965918411,0.4897608794716996,1667
402,5,evaluate,5.110083514893496,0.5170965806838632,0.5237505138688,0.5212400384863608,0.5190193527293032,1667
403,0,evaluate,5.025514078826678,0.5128974205158968,0.5157803259938397,0.5104156326232356,0.5096906977615054,1667
403,1,evaluate,5.164475655666104,0.4907018596280744,0.5023016017373048,0.49171300914135596,0.49484291502341415,1667
403,2,evaluate,4.975071516301897,0.48050389922015596,0.49299742961522497,0.4807280798479837,0.4837873293050815,1667
403,3,evaluate,5.526452302932739,0.4997000599880024,0.5115271315760485,0.49720974656573463,0.49937512069659845,1667
403,4,evaluate,4.6808220946954355,0.5212957408518296,0.5215124454189328,0.5152239960756081,0.5159863594454409,1667
403,5,evaluate,4.991521464039882,0.50749850029994,0.5150545596723333,0.5113220788674357,0.510942467225337,1667
404,0,evaluate,4.726536015074493,0.5038992201559688,0.5045917190083389,0.49782021012111743,0.4988220308713509,1667
404,1,evaluate,5.028673834822796,0.4967006598680264,0.5078421160271842,0.5000103287906569,0.5019188152422046,1667
404,2,evaluate,5.445229397879706,0.4901019796040792,0.5038714537150873,0.48708882103333984,0.4898975496388229,1667
404,3,evaluate,4.975317746909611,0.510497900419916,0.5164770896622604,0.5087413019738009,0.5084083314421916,1667
404,4,evaluate,4.883417445200461,0.48110377924415115,0.49325874338621434,0.48093909002428015,0.48435725344602326,1667
404,5,evaluate,5.025183800056025,0.5008998200359928,0.5139789123764118,0.5017942695876666,0.5055068789422434,1667
405,0,evaluate,4.596004047879466,0.5146970605878824,0.514080202217918,0.5086848764786029,0.5092893303164918,1667
405,1,evaluate,4.885538943479467,0.5050989802039592,0.5083213039937571,0.5025602190256195,0.5029903588786537,1667
405,2,evaluate,5.048527359962463,0.48890221955608876,0.49664155717071956,0.4916807098387085,0.49344499362634264,1667
405,3,evaluate,5.256187015109592,0.49610077984403117,0.5078476473315674,0.4930959179105784,0.4958925744066943,1667
405,4,evaluate,4.949857919304459,0.4949010197960408,0.508457500379905,0.49513381211345087,0.49949961194470005,1667
405,5,evaluate,4.911813766868026,0.4931013797240552,0.5047674313776596,0.49316187494912417,0.4965148219055565,1667
406,0,evaluate,5.213921193723325,0.5008998200359928,0.5124942355413091,0.4964406619002177,0.5007143918291562,1667
406,1,evaluate,4.8473802096963885,0.5164967006598681,0.51972177101646,0.5131977522734862,0.5143809420001603,1667
406,2,evaluate,5.127718437601019,0.4907018596280744,0.4995805274797641,0.4925292171408948,0.4952889608791765,1667
406,3,evaluate,4.595615161789788,0.5116976604679064,0.5124216532888213,0.5057496412124952,0.5067567831477082,1667
406,4,evaluate,4.912769196899952,0.501499700059988,0.5149112366474957,0.5026211237425203,0.5059437913257103,1667
406,5,evaluate,4.947850756071232,0.495500899820036,0.5053938293236484,0.49547275799395474,0.49731610112980873,1667
407,0,evaluate,5.242404277677889,0.4967006598680264,0.5023309040726346,0.4990989066952265,0.49906283789040023,1667
407,1,evaluate,4.87899839877284,0.528494301139772,0.5317837818929506,0.5251142420151507,0.5264028510884862,1667
407,2,evaluate,5.0111156249487845,0.49610077984403117,0.5026624582404071,0.4965634926199144,0.4972089191999693,1667
407,3,evaluate,4.662296772003174,0.5098980203959208,0.5127420007339569,0.5042236477263378,0.5059778928478635,1667
407,4,evaluate,5.026585540018493,0.504499100179964,0.5188016859956235,0.5059352050234216,0.5100694527017324,1667
407,5,evaluate,5.337241764421816,0.5062987402519497,0.5171415949467514,0.5015682271526262,0.506438774134894,1667
408,0,evaluate,4.996676371402659,0.5038992201559688,0.5151989101937311,0.5056183777618994,0.5084159275086045,1667
408,1,evaluate,4.930420136010206,0.4901019796040792,0.49581489062395806,0.4915128455220314,0.4914762258954138,1667
408,2,evaluate,4.8516753911903665,0.528494301139772,0.5291370620174558,0.5250732007877915,0.5249626545187012,1667
408,3,evaluate,5.41065968407525,0.5056988602279544,0.5133692572373167,0.501623853407761,0.5042510546801671,1667
408,4,evaluate,4.633928307780513,0.5164967006598681,0.515882998101113,0.5113656732643415,0.5107723042560715,1667
408,5,evaluate,5.0120904024138495,0.5098980203959208,0.5145098321684206,0.5130645321201384,0.5110234613661603,1667
409,0,evaluate,4.916315774053887,0.510497900419916,0.5131613102580288,0.5149440950445774,0.5111597870800921,1667
409,1,evaluate,4.9162910900734085,0.483503299340132,0.48837002196748924,0.4854004144475839,0.48486264221699205,1667
409,2,evaluate,4.686998005266543,0.5206958608278345,0.5194861090878338,0.5155230468993228,0.5158736117920816,1667
409,3,evaluate,4.908341067687784,0.5272945410917816,0.5281045596839075,0.5243973088090881,0.5239994307858433,1667
409,4,evaluate,5.049438928012495,0.5038992201559688,0.5117636148301973,0.5052589073837217,0.5065926797215491,1667
409,5,evaluate,5.472209206333867,0.5086982603479304,0.5149546558522115,0.5049509643247618,0.5072502158754536,1667
410,0,evaluate,5.018968330466022,0.5218956208758249,0.52462890458374,0.5200097656078867,0.5172913051085993,1667
410,1,evaluate,5.030313148542687,0.504499100179964,0.5098942952591285,0.5094291265780602,0.507561030993074,1667
410,2,evaluate,4.8511681821611194,0.5158968206358728,0.5150219580811947,0.5098125713570825,0.5106674829805609,1667
410,3,evaluate,5.0953376494624,0.486502699460108,0.49243872074901035,0.487420911001503,0.48803823367691146,1667
410,4,evaluate,5.185648199584749,0.5008998200359928,0.5098180454014987,0.5016796286256747,0.5041187331561051,1667
410,5,evaluate,5.5184656602365,0.4943011397720456,0.5059408588931037,0.4914831390109139,0.4942991037994382,1667
411,0,evaluate,5.431892172605903,0.5050989802039592,0.5144000537278046,0.5052577317103544,0.5082982087790674,1667
411,1,evaluate,5.686120677877356,0.47630473905218956,0.4925866928345902,0.47421606802607397,0.47705826944002927,1667
411,2,evaluate,5.3822395536634655,0.5026994601079784,0.5098690459054327,0.5065315302226205,0.5058619249322414,1667
411,3,evaluate,5.380411792684485,0.47990401919616077,0.49202040714003525,0.48043858772079046,0.4829494848345396,1667
411,4,evaluate,5.202405396917904,0.5116976604679064,0.5213066844721269,0.5104472553270192,0.509012877834423,1667
411,5,evaluate,4.9937795974590165,0.5176964607078585,0.5191548841586363,0.5107757021693311,0.5112781716868613,1667
412,0,evaluate,5.403110141003573,0.4991001799640072,0.5078874846037363,0.5017844734691626,0.5023164444664365,1667
412,1,evaluate,5.112649006594371,0.5038992201559688,0.5198764541376488,0.5022282845480252,0.5030577617329726,1667
412,2,evaluate,5.3361902325241655,0.48050389922015596,0.49187557582982605,0.48006266886089694,0.4833558082601068,1667
412,3,evaluate,5.656174553765191,0.47030593881223753,0.48887625464548073,0.46762634377764256,0.47154356608605774,1667
412,4,evaluate,4.841675809136143,0.501499700059988,0.5079315010486114,0.4949516103260308,0.49807907880474084,1667
412,5,evaluate,5.35941642081296,0.49190161967606477,0.5041451537635323,0.49202135748028936,0.49567873088382786,1667
413,0,evaluate,5.133190885186195,0.47810437912417514,0.4874774822553226,0.4774396556247263,0.48085048060480357,1667
413,1,evaluate,5.508201316550926,0.4793041391721656,0.49287539062681224,0.47700107702839534,0.4792090241116864,1667
413,2,evaluate,4.957234457687094,0.5038992201559688,0.5170285612448401,0.5013072366034013,0.502714071098796,1667
413,3,evaluate,5.168862175334383,0.4907018596280744,0.5031612803275939,0.4916780495100698,0.4954772640387353,1667
413,4,evaluate,4.695564596741288,0.5062987402519497,0.509249149730992,0.4997249470378001,0.5026678437391142,1667
413,5,evaluate,5.221165696503939,0.4901019796040792,0.4993879156592779,0.49236919813792535,0.49380412222389947,1667
414,0,evaluate,4.596811875149056,0.519496100779844,0.5192858636499331,0.5143067013732179,0.5153024602528845,1667
414,1,evaluate,5.481846765235618,0.4907018596280744,0.5047953684437319,0.48677039561885793,0.49205701439497673,1667
414,2,evaluate,5.249128703717832,0.47210557888422316,0.47746236216594157,0.47210669880594713,0.4737163998703543,1667
414,3,evaluate,5.181602548669885,0.4877024595080984,0.49539911316565444,0.4895750960439241,0.4908348162982777,1667
414,4,evaluate,4.862962697759055,0.510497900419916,0.5174150557614862,0.507523706031386,0.5095948536209968,1667
414,5,evaluate,5.134779212375482,0.489502099580084,0.5057730214223993,0.4904940962266928,0.495726347339311,1667
415,0,evaluate,5.310736735661824,0.5002999400119976,0.5067156237707807,0.5029667778351911,0.5018386269461925,1667
415,1,evaluate,4.666803867538908,0.5188962207558488,0.516708479330907,0.5138378394476655,0.512735043179503,1667
415,2,evaluate,4.885362991580256,0.5152969406118776,0.5166696895125986,0.511220832397038,0.5122858151244799,1667
415,3,evaluate,5.1880637349353895,0.50749850029994,0.5200721453283608,0.5082183533215392,0.5114190745123335,1667
415,4,evaluate,5.345467800343478,0.47270545890821836,0.47823596716079597,0.4739721166234128,0.47423677664108455,1667
415,5,evaluate,5.53269381876345,0.5020995800839833,0.5088450418957136,0.4985884528910078,0.5012861882676579,1667
416,0,evaluate,4.704819909679053,0.5176964607078585,0.517585109353236,0.5132573007045937,0.5119675538867108,1667
416,1,evaluate,4.9408908184663725,0.5266946610677864,0.5269970227156163,0.5218206804018293,0.5228975942780056,1667
416,2,evaluate,5.606438274736758,0.4949010197960408,0.49849669211906134,0.4915159801959609,0.49270398700237034,1667
416,3,evaluate,5.256387328660047,0.501499700059988,0.514758131237046,0.5023549071571106,0.5051918097999596,1667
416,4,evaluate,5.249224608488105,0.4787042591481704,0.48581077500098707,0.4806113219425809,0.47994375718797266,1667
416,5,evaluate,5.359433165302983,0.4949010197960408,0.5011948370849092,0.49839996426319055,0.49593678764940313,1667
417,0,evaluate,4.809266548097728,0.5290941811637673,0.5287904015055401,0.5247153725744913,0.5250161840031032,1667
417,1,evaluate,4.639063939566565,0.5170965806838632,0.5169972212448972,0.5125440824379324,0.5120024006409223,1667
417,2,evaluate,5.184573818136145,0.5038992201559688,0.5051679922112198,0.5082566835921091,0.5031091278275559,1667
417,3,evaluate,5.053212766846021,0.504499100179964,0.5137591150858789,0.505771528076128,0.5074312027829676,1667
417,4,evaluate,5.400197806181731,0.5056988602279544,0.5079198164853846,0.5015921715178119,0.5020334656109828,1667
417,5,evaluate,4.970555581816438,0.4793041391721656,0.48631309565314806,0.48122727554630673,0.48128978098071584,1667
418,0,evaluate,4.8943318603215396,0.5062987402519497,0.513866725211098,0.507408844016244,0.5092145730805264,1667
418,1,evaluate,5.1330020516007036,0.5032993401319736,0.5079105173365619,0.4990885902711312,0.5005337486567436,1667
418,2,evaluate,4.72360675128876,0.5206958608278345,0.5190185651865875,0.5169580065413765,0.5160970042481392,1667
418,3,evaluate,5.039713203907013,0.5086982603479304,0.5121102150870199,0.5144932417431363,0.511034408487693,1667
418,4,evaluate,4.856835112009759,0.47630473905218956,0.4820261734740948,0.47742655272051165,0.4773448514281373,1667
418,5,evaluate,4.583279257920367,0.5080983803239352,0.5075074273657612,0.5027702114443191,0.5034012841663158,1667
419,0,evaluate,4.631899771843059,0.5026994601079784,0.5024727855394441,0.4971843417402389,0.49826288348808995,1667
419,1,evaluate,4.870576006601806,0.5008998200359928,0.5068217629351057,0.5006750501245747,0.5008303827171041,1667
419,2,evaluate,4.720810778329165,0.5098980203959208,0.5130776204713494,0.5072895576907491,0.5065140283267323,1667
419,3,evaluate,5.114010122087267,0.489502099580084,0.49279705993355094,0.4946357621219999,0.4910664061844933,1667
419,4,evaluate,4.92560491738496,0.5062987402519497,0.5155221228839231,0.5072789430296799,0.5099167715010529,1667
419,5,evaluate,5.153178020759865,0.5002999400119976,0.5075485575772352,0.4975778527633528,0.49858376630748946,1667
420,0,evaluate,4.995669750151811,0.5020995800839833,0.5114171720036016,0.502653997791944,0.5053093140897407,1667
420,1,evaluate,4.71037296597475,0.5020995800839833,0.5023202788327801,0.4945816977791694,0.4965980368525974,1667
420,2,evaluate,5.173465269583243,0.4907018596280744,0.5001168810041868,0.4873341633989658,0.48920539140241576,1667
420,3,evaluate,4.988555412049647,0.5050989802039592,0.5124280924861957,0.5045477764298202,0.5058702510599391,1667
420,4,evaluate,5.201129421039864,0.4931013797240552,0.49666381696532796,0.4968232678098832,0.4940113479804681,1667
420,5,evaluate,4.851799700971578,0.5050989802039592,0.5103772847129289,0.5027864285269733,0.5024765546023797,1667
421,0,evaluate,5.218343495770737,0.498500299940012,0.5047318511829542,0.49993555388311617,0.50047602054197,1667
421,1,evaluate,5.086222485259727,0.495500899820036,0.5079089195504793,0.4962641702658944,0.49960374941705377,1667
421,2,evaluate,4.642122723731315,0.50749850029994,0.5106613566229323,0.5005997911881213,0.5031415361446987,1667
421,3,evaluate,5.025587536670543,0.5032993401319736,0.5133853372855397,0.5026598270706885,0.5054353059670067,1667
421,4,evaluate,4.897442511802957,0.5092981403719257,0.5165721021941926,0.5066427177368711,0.5078314551631882,1667
421,5,evaluate,5.369958321253459,0.4973005398920216,0.5082652884265363,0.4940516469471734,0.4968370700945366,1667
422,0,evaluate,5.048355383453546,0.486502699460108,0.49932372532587116,0.4884718463022665,0.4919125257539568,1667
422,1,evaluate,4.448894285562414,0.5086982603479304,0.5166870063129323,0.5029710761203,0.5067640827721629,1667
422,2,evaluate,4.7655012910760925,0.5110977804439112,0.5195353028819995,0.5091464615141641,0.5111102001750886,1667
422,3,evaluate,5.019272186689907,0.49190161967606477,0.5112881187920951,0.49312926170302973,0.4988370906291818,1667
422,4,evaluate,4.844570871856478,0.4877024595080984,0.5003990350182529,0.4873538639783554,0.4917885475353401,1667
422,5,evaluate,5.145701637974492,0.49610077984403117,0.5097520607725707,0.4921740661463231,0.49689817185592533,1667
423,0,evaluate,4.520860755885089,0.510497900419916,0.5135895698003995,0.5050247893011164,0.5078703073675628,1667
423,1,evaluate,5.115551692468149,0.4871025794841032,0.4979490838947186,0.4827911101066206,0.48782132146378665,1667
423,2,evaluate,4.970602566859236,0.4997000599880024,0.5149940249850413,0.5008370053383181,0.5055459343702873,1667
423,3,evaluate,4.777817933659578,0.5038992201559688,0.5095373346595323,0.5010685881360575,0.5036772372842037,1667
423,4,evaluate,4.987212128109402,0.4907018596280744,0.4969479043129589,0.4942579211213798,0.4938913188386584,1667
423,5,evaluate,4.800834114904757,0.48110377924415115,0.4892187266976504,0.48224482399886953,0.48473930222497985,1667
424,0,evaluate,4.869662529771665,0.5002999400119976,0.5101228737368442,0.5012442770351273,0.5032962413663302,1667
424,1,evaluate,4.883408088926916,0.4967006598680264,0.5038999519245612,0.5004845523021161,0.500217432740546,1667
424,2,evaluate,4.77668246406096,0.489502099580084,0.4963692322716279,0.4911821311950713,0.49247908824723485,1667
424,3,evaluate,5.227945884068807,0.4937012597480504,0.498487591701389,0.4884452114602148,0.4913900326347031,1667
424,4,evaluate,4.7091295950985685,0.5176964607078585,0.5214745873786149,0.5134123708793634,0.5163748531390743,1667
424,5,evaluate,4.666691300493699,0.5062987402519497,0.5053162516768006,0.5011888508252605,0.5016448930049415,1667
425,0,evaluate,5.272046283439353,0.495500899820036,0.4996932166607707,0.4914698086624719,0.4932613668398158,1667
425,1,evaluate,4.885090898584436,0.4943011397720456,0.5010017266644473,0.4993452874339532,0.4963304741019856,1667
425,2,evaluate,4.6561682080781015,0.5188962207558488,0.5175753347476142,0.5135567131681216,0.5136372663792155,1667
425,3,evaluate,4.854720629889656,0.5002999400119976,0.5065422677610385,0.5012679083809644,0.5018439753857209,1667
425,4,evaluate,4.646911825240952,0.531493701259748,0.5323032191227879,0.5264405132098584,0.5277266714459898,1667
425,5,evaluate,4.684413335665509,0.48470305938812236,0.4911639475331707,0.48669508708728726,0.4869117215862847,1667
426,0,evaluate,4.871525308186257,0.5056988602279544,0.508407747546273,0.5069091435098325,0.5062537828434,1667
426,1,evaluate,4.669270041525562,0.5326934613077384,0.5313043046044916,0.5277149332845148,0.5275311254574829,1667
426,2,evaluate,5.033441962329326,0.48890221955608876,0.49130380371393834,0.49383061376588877,0.4891657791213472,1667
426,3,evaluate,5.285475863350762,0.4943011397720456,0.49906835751210155,0.4912369652296932,0.4914238819543634,1667
426,4,evaluate,4.672733963195545,0.48890221955608876,0.49133698866301856,0.4903831744191258,0.4887491247964399,1667
426,5,evaluate,4.770683579974705,0.5218956208758249,0.5181909867085537,0.5170092186239653,0.5160826357281303,1667
427,0,evaluate,5.195073542219621,0.5110977804439112,0.5144770163731509,0.5124489448899788,0.5118390121561617,1667
427,1,evaluate,5.615519726717913,0.501499700059988,0.5063984861663238,0.5000236694961834,0.4988479672428109,1667
427,2,evaluate,5.209123257685591,0.4997000599880024,0.5023326611669083,0.504120268835816,0.5000336263408939,1667
427,3,evaluate,4.952329668160355,0.5392921415716857,0.5387593500619005,0.5353229054194804,0.5350070401938366,1667
427,4,evaluate,5.009359275853193,0.519496100779844,0.5195335606704429,0.5154430213147175,0.5152636953841847,1667
427,5,evaluate,4.892087728095551,0.4877024595080984,0.48915754290024704,0.4885324736589299,0.48569622597959905,1667
428,0,evaluate,5.212413955617834,0.504499100179964,0.5048087269630753,0.5002002258430573,0.49960300364062,1667
428,1,evaluate,5.977775414784749,0.5068986202759448,0.5125315236505567,0.5043746674486369,0.5050726299512889,1667
428,2,evaluate,5.359628049863709,0.5098980203959208,0.5147428893088508,0.5139023065181068,0.5125148922579191,1667
428,3,evaluate,5.414220899619438,0.5098980203959208,0.5154563633386956,0.5106260253825952,0.5118075878971128,1667
428,4,evaluate,5.212012605400189,0.531493701259748,0.5322430716611247,0.5287377981350604,0.5284336217665484,1667
428,5,evaluate,5.197155036308147,0.483503299340132,0.4888005403469946,0.48455997910458476,0.4841351608548872,1667
429,0,evaluate,5.506969051228629,0.50749850029994,0.5152795140771371,0.5121579190331329,0.5121154837976085,1667
429,1,evaluate,5.657693750604436,0.5038992201559688,0.5122184527325574,0.5049910078386255,0.5069360402335258,1667
429,2,evaluate,5.387748011836299,0.5050989802039592,0.5057188068326015,0.49917815785576664,0.4996707526765724,1667
429,3,evaluate,6.122591460192645,0.501499700059988,0.5134533567446689,0.4988756633425254,0.501232312288681,1667
429,4,evaluate,5.420905214768869,0.5032993401319736,0.5136918979753068,0.503697137086175,0.506192288841316,1667
429,5,evaluate,5.441467295452134,0.5206958608278345,0.5234817296918405,0.5181131807077282,0.5182589065837625,1667
430,0,evaluate,5.116735162558379,0.5170965806838632,0.516857134705734,0.5116554515551563,0.5124551408178704,1667
430,1,evaluate,5.499488546616501,0.4949010197960408,0.5070769648472883,0.49634535554605447,0.4994973931161373,1667
430,2,evaluate,5.926848888397217,0.498500299940012,0.511732038510784,0.49483240925157623,0.4986559142870234,1667
430,3,evaluate,5.248965974070921,0.5176964607078585,0.524581369247799,0.5151773677035465,0.517096273871078,1667
430,4,evaluate,5.354066879660995,0.4967006598680264,0.5132013508324417,0.496443054615086,0.5014687907653544,1667
430,5,evaluate,5.2528966146486775,0.510497900419916,0.5173794802657319,0.5140154631004201,0.514268334584721,1667
431,0,evaluate,4.951914381097864,0.5140971805638872,0.5116946177713307,0.508378720319627,0.5086325157134328,1667
431,1,evaluate,4.946731244222502,0.5140971805638872,0.5247453154592646,0.5107996115379796,0.5144137675583351,1667
431,2,evaluate,5.132799460380165,0.498500299940012,0.5146905363059366,0.49968099204562016,0.504778227912382,1667
431,3,evaluate,4.968597640593846,0.5020995800839833,0.5109225182105162,0.5053487972054415,0.506284890681525,1667
431,4,evaluate,5.1418037679460316,0.47390521895620874,0.48656478432076156,0.4745024778813797,0.4778183295961892,1667
431,5,evaluate,5.508338813428526,0.49610077984403117,0.5075631627196584,0.49149712879664803,0.4965107509334006,1667
432,0,evaluate,4.835746650894483,0.5200959808038392,0.5244930877578631,0.5159909941286337,0.5174078575292439,1667
432,1,evaluate,5.159004582299127,0.47390521895620874,0.47983263291253453,0.4745147881722017,0.47474581328577425,1667
432,2,evaluate,4.829442094873499,0.5098980203959208,0.5071375213752605,0.5047843802752295,0.5040757645816865,1667
432,3,evaluate,4.982677344922666,0.510497900419916,0.5177303512131205,0.5117406113031601,0.5132909737792029,1667
432,4,evaluate,5.265922670011167,0.49610077984403117,0.5014134701410239,0.4923080533711016,0.4946368448970782,1667
432,5,evaluate,4.91664265372135,0.5062987402519497,0.5131172185453079,0.5098239692088482,0.5083855889618996,1667
433,0,evaluate,4.888786707763319,0.5158968206358728,0.5156844875729533,0.5165514694077957,0.5147000837864115,1667
433,1,evaluate,4.903705963106067,0.5026994601079784,0.5075477334443488,0.5063098975310245,0.5030578587779838,1667
433,2,evaluate,4.759306801965943,0.5266946610677864,0.5269787899651843,0.522186681544475,0.5225192848027873,1667
433,3,evaluate,4.999088062180413,0.48170365926814634,0.4830773077392677,0.4827864179511769,0.48079688838054696,1667
433,4,evaluate,4.637641776491095,0.5086982603479304,0.5068878178610416,0.5033729410759402,0.5025617338205135,1667
433,5,evaluate,5.152054239202429,0.5032993401319736,0.5057011926742624,0.49954234660659624,0.5000381961565334,1667
434,0,evaluate,4.708511370061724,0.5260947810437913,0.5236823078824603,0.5212800967274296,0.5211940082818128,1667
434,1,evaluate,5.0616360417118775,0.5086982603479304,0.5131793522661147,0.5053938540064058,0.5066079276959371,1667
434,2,evaluate,4.491537120607164,0.5182963407318536,0.5139593333809135,0.5122312492683422,0.5117594782719689,1667
434,3,evaluate,4.876693654943396,0.5122975404919016,0.5121302637988164,0.5128082898075825,0.5113241344280267,1667
434,4,evaluate,4.808724096872741,0.48410317936412717,0.48408460371679884,0.4853171615091651,0.4835358415316189,1667
434,5,evaluate,4.891976914541037,0.4979004199160168,0.5016387262118912,0.5024742603224853,0.49903085573443473,1667
435,0,evaluate,4.498112342975758,0.5242951409718056,0.5200605479328213,0.5187951357957181,0.5182717355125374,1667
435,1,evaluate,5.048036865062183,0.5038992201559688,0.5096872986349718,0.5083661228199999,0.5066177489455408,1667
435,2,evaluate,4.850806205606744,0.5176964607078585,0.5174783522089044,0.5139080539448565,0.5136908828679807,1667
435,3,evaluate,4.817749605216603,0.48830233953209357,0.4878266629892776,0.48943318739810354,0.48719689406094746,1667
435,4,evaluate,5.140827479185881,0.5188962207558488,0.5221432577683744,0.5152768339510306,0.515992699254743,1667
435,5,evaluate,4.967992225454913,0.5128974205158968,0.5123918028871994,0.5133723471016105,0.5121542014774866,1667
436,0,evaluate,5.228199625870696,0.5068986202759448,0.5089085817962935,0.507698358785648,0.5071062694049899,1667
436,1,evaluate,4.672405207598651,0.5242951409718056,0.5238537837788938,0.5190826902107486,0.5199873113808275,1667
436,2,evaluate,5.220075800463006,0.4973005398920216,0.5036018496870073,0.5017607204398706,0.5006764784432239,1667
436,3,evaluate,5.0097532328563155,0.48110377924415115,0.4868555238335345,0.48247274815432084,0.4829480312239185,1667
436,4,evaluate,5.486150520819205,0.5038992201559688,0.5093530507673693,0.5016643532743046,0.501979814219256,1667
436,5,evaluate,5.026509193704947,0.5236952609478105,0.5247451127397237,0.521000183141996,0.5205789910069301,1667
437,0,evaluate,5.433751583099365,0.501499700059988,0.5092794627281151,0.5058456079396373,0.506321397842514,1667
437,1,evaluate,5.52915213836564,0.5158968206358728,0.522385131545322,0.5171717243246422,0.5181673682445606,1667
437,2,evaluate,5.0144885469366,0.5116976604679064,0.5132974178867641,0.5062878631001957,0.5077562340627161,1667
437,3,evaluate,5.327039429331543,0.49610077984403117,0.5071606638702478,0.49763846406847084,0.49984989689758275,1667
437,4,evaluate,5.762275722291735,0.4973005398920216,0.5078620241280225,0.4946053682113285,0.4972097154191394,1667
437,5,evaluate,5.269282859715599,0.5176964607078585,0.5261563220537407,0.5156986636312049,0.5168225268279896,1667
438,0,evaluate,5.334626743087062,0.5122975404919016,0.5232198862533336,0.5109775034520372,0.51288595070063,1667
438,1,evaluate,5.405064249480212,0.5080983803239352,0.5133677857470805,0.5126774880694702,0.5123602977836768,1667
438,2,evaluate,5.364381482824683,0.4913017396520696,0.5049892282406045,0.4920173806658917,0.4953970863048977,1667
438,3,evaluate,5.792745395942971,0.495500899820036,0.5087307424747278,0.49314182238953325,0.49696214102003095,1667
438,4,evaluate,5.575410955758007,0.4967006598680264,0.5095527518401715,0.4978017999538533,0.5016599373662963,1667
438,5,evaluate,5.076271595778288,0.5110977804439112,0.5116988887791063,0.505563026753011,0.5063000578413809,1667
439,0,evaluate,5.673677832991989,0.4907018596280744,0.5033345562670679,0.48714320978305825,0.4921186117165643,1667
439,1,evaluate,5.221427214918314,0.510497900419916,0.5188696336575652,0.5080806281224879,0.5104221867010048,1667
439,2,evaluate,5.5922343142123685,0.489502099580084,0.5073008263524489,0.4903973161771037,0.49626754683103363,1667
439,3,evaluate,5.245014703384152,0.498500299940012,0.5052583993677088,0.49873878319184994,0.4997012626072871,1667
439,4,evaluate,5.219313444914641,0.5080983803239352,0.5132622436818683,0.5116862987673609,0.511143571789084,1667
439,5,evaluate,4.931822074784173,0.5080983803239352,0.5083651449571168,0.502742565871648,0.5040189702856842,1667
440,0,evaluate,4.956509191680838,0.5152969406118776,0.5121545582813599,0.5099417764033222,0.5090211527837455,1667
440,1,evaluate,5.1485271390389515,0.5038992201559688,0.5083975770554913,0.5070916184942648,0.5055830260052725,1667
440,2,evaluate,5.225128950896086,0.48110377924415115,0.48818724056616053,0.48256188925249155,0.4829543806472728,1667
440,3,evaluate,5.1637696289668655,0.5062987402519497,0.509412452986159,0.5029187913034878,0.5041203783464538,1667
440,4,evaluate,5.552831972638766,0.4823035392921416,0.4935645850361726,0.4836149388493055,0.4866743912171379,1667
440,5,evaluate,5.567168023851183,0.4979004199160168,0.5069852115315095,0.49378984947325877,0.497689141423446,1667
441,0,evaluate,5.310083619974278,0.486502699460108,0.4994845353192738,0.4878826025442324,0.4918898808733866,1667
441,1,evaluate,5.079370222606316,0.5008998200359928,0.5077255345253682,0.5025408407248748,0.5022223380009289,1667
441,2,evaluate,4.889684694784659,0.5140971805638872,0.5107781123028377,0.5080718535778199,0.5082423461250158,1667
441,3,evaluate,5.0407934560337,0.519496100779844,0.5224659901065695,0.5161710728109988,0.5174237953362228,1667
441,4,evaluate,5.644804433540061,0.4901019796040792,0.5029527491362648,0.48659374036250735,0.49129274696774183,1667
441,5,evaluate,5.1338779595163135,0.483503299340132,0.48998017023541995,0.484078467995266,0.4849710771053707,1667
442,0,evaluate,4.900447684443659,0.48170365926814634,0.4869167021659878,0.4819547580576559,0.4833754993205554,1667
442,1,evaluate,4.998487705131993,0.5128974205158968,0.5132229886942626,0.5096562902221227,0.5092851506604164,1667
442,2,evaluate,5.074647965254607,0.5050989802039592,0.5112282129094305,0.5058874143257643,0.5075165326183018,1667
442,3,evaluate,5.492673750276919,0.49250149970005996,0.49737358810833215,0.489001665222485,0.4906736473881434,1667
442,4,evaluate,5.0461952878093275,0.4913017396520696,0.4967499892852472,0.49425145832841616,0.4936323469043627,1667
442,5,evaluate,4.735445306532913,0.5110977804439112,0.5115325186657779,0.504695809446482,0.5067660726570979,1667
443,0,evaluate,4.811840730244984,0.4859028194361128,0.49147516234800187,0.4865624472026342,0.4881526039558528,1667
443,1,evaluate,4.98129289574421,0.5122975404919016,0.5130851483445535,0.5087509850339191,0.5079181854049388,1667
443,2,evaluate,5.028408514542712,0.4967006598680264,0.5016085239416495,0.5000459826132655,0.4987237950237078,1667
443,3,evaluate,4.972026604193228,0.4979004199160168,0.502345736333697,0.49877111038092686,0.4994661096328845,1667
443,4,evaluate,5.360948421336986,0.48470305938812236,0.49118057807199966,0.48140900742159803,0.4829334389697852,1667
443,5,evaluate,4.724116793385258,0.5188962207558488,0.5177145017171589,0.5128456200118537,0.514118232376249,1667
444,0,evaluate,5.416238696486862,0.48170365926814634,0.4876665298617344,0.4774312241194501,0.4799452308786546,1667
444,1,evaluate,4.745054907268948,0.5158968206358728,0.515045348630425,0.5106656144661389,0.5110199015217167,1667
444,2,evaluate,5.047905904827295,0.498500299940012,0.5008761208332214,0.5012512921720406,0.49927829283604674,1667
444,3,evaluate,4.963236916207279,0.525494901019796,0.5272997128383201,0.5229394689444787,0.5213646252223436,1667
444,4,evaluate,4.873955728831114,0.4793041391721656,0.4864733028189202,0.4796259692508146,0.4814582069580228,1667
444,5,evaluate,5.036873692715609,0.49190161967606477,0.49524602509070403,0.492719357161634,0.4927193002958504,1667
445,0,evaluate,5.080708842202647,0.5218956208758249,0.525685605334769,0.5196698115841469,0.519756315705195,1667
445,1,evaluate,4.944155311694852,0.48830233953209357,0.4977201383253488,0.4887113474585161,0.4907032553211258,1667
445,2,evaluate,4.885913884198224,0.5152969406118776,0.512844883655054,0.5097944988214254,0.5096363583859048,1667
445,3,evaluate,5.6188798127350985,0.48530293941211755,0.4934097935309639,0.482361476957602,0.4848057351863437,1667
445,4,evaluate,5.099696958506549,0.48830233953209357,0.4915635577651769,0.4912647345712339,0.4901229428777111,1667
445,5,evaluate,5.1802624193606555,0.5056988602279544,0.5110405061117809,0.5067021353454522,0.5076715465098746,1667
446,0,evaluate,5.3214246590656265,0.5068986202759448,0.517151061651034,0.5085785301132685,0.5110227207699293,1667
446,1,evaluate,5.209137236630475,0.4931013797240552,0.49914821677268695,0.4961784100915182,0.49671059757569413,1667
446,2,evaluate,5.695695568014075,0.49190161967606477,0.5005351761042071,0.4883192369072661,0.4916497148455585,1667
446,3,evaluate,5.1711352165832185,0.5140971805638872,0.517476511180442,0.5108123352622219,0.5119544260710274,1667
446,4,evaluate,5.074730921674658,0.495500899820036,0.5065969443176936,0.4962140606076166,0.4992901862263017,1667
446,5,evaluate,5.033262941572401,0.5032993401319736,0.5047367212231408,0.49929008132878083,0.4997447570162813,1667
447,0,evaluate,5.084520591496214,0.5038992201559688,0.514769380669667,0.5012575886382743,0.5047839759362256,1667
447,1,evaluate,4.808533902521487,0.5032993401319736,0.5074169077676245,0.4998760153737763,0.500845882926251,1667
447,2,evaluate,5.234645259877046,0.504499100179964,0.5212428356067823,0.5061859501181493,0.5101496246637267,1667
447,3,evaluate,5.084444372742264,0.4913017396520696,0.5014501200871344,0.49261657938394887,0.49530195657330883,1667
447,4,evaluate,5.716928234806767,0.4931013797240552,0.50380879987493,0.48998939470302433,0.49303994786930616,1667
447,5,evaluate,5.188604346028081,0.49250149970005996,0.5023350365932311,0.4959415944572778,0.49682225394639623,1667
448,0,evaluate,4.999021976082413,0.4859028194361128,0.4996035695547392,0.48719025473287836,0.4914146170117012,1667
448,1,evaluate,4.914551792590323,0.4967006598680264,0.5075587002018183,0.4943293078298301,0.4978295578491558,1667
448,2,evaluate,4.635734275535301,0.5080983803239352,0.5132152490611092,0.5048917167652747,0.5059126300882892,1667
448,3,evaluate,5.089790922624093,0.486502699460108,0.49803986623883045,0.48903256248995913,0.49097610299651906,1667
448,4,evaluate,5.549541764789158,0.4943011397720456,0.5058709850650812,0.4902451411213069,0.4945037762578637,1667
448,5,evaluate,4.962468756017862,0.5056988602279544,0.525103657920843,0.5076364909438114,0.5120658919679142,1667
449,0,evaluate,5.396485293353045,0.48110377924415115,0.49216096900096185,0.47855072952270994,0.48165593410888874,1667
449,1,evaluate,5.022918255240829,0.49190161967606477,0.5029736817498603,0.49314396980949543,0.49593851934960115,1667
449,2,evaluate,4.82558785108968,0.4991001799640072,0.5093059865277821,0.4969295408991104,0.49943957338814676,1667
449,3,evaluate,4.740650354988045,0.501499700059988,0.5195392499896326,0.5029870114604197,0.5083769436326203,1667
449,4,evaluate,4.561005891473205,0.5020995800839833,0.5023408264822835,0.4976377177923047,0.49838935094355313,1667
449,5,evaluate,4.9714698835655495,0.47570485902819437,0.48612917920266463,0.47588437299994146,0.47927628738650724,1667
450,0,evaluate,5.428537925084432,0.48110377924415115,0.48854109920143,0.4775223593345531,0.480007477606,1667
450,1,evaluate,5.098667312551428,0.47210557888422316,0.4791507388490861,0.4721718708690849,0.47444842559085715,1667
450,2,evaluate,5.051900461868003,0.4931013797240552,0.5019484270569545,0.4949747970346225,0.49659734611748974,1667
450,3,evaluate,4.644343715928564,0.5116976604679064,0.5122132397694078,0.5061692155202856,0.5079038369930264,1667
450,4,evaluate,4.937049991773772,0.5062987402519497,0.5151008546296063,0.5042708895179506,0.506451123223068,1667
450,5,evaluate,4.817092146586488,0.5032993401319736,0.510403204282371,0.5039405787348504,0.5061957841556641,1667
451,0,evaluate,5.227617378588076,0.4997000599880024,0.5020972173283937,0.5029667349453796,0.5004236736215162,1667
451,1,evaluate,4.897680949342127,0.5206958608278345,0.5178161829956424,0.5136138862333441,0.5142189627198208,1667
451,2,evaluate,5.570607882958871,0.4943011397720456,0.5023011442506832,0.4897996252595509,0.49188340810252756,1667
451,3,evaluate,5.046354727474628,0.5026994601079784,0.5026284816456702,0.5029902711556181,0.501739934488955,1667
451,4,evaluate,5.188820242881775,0.47810437912417514,0.4821518695502687,0.47770519003547596,0.47765013147124497,1667
451,5,evaluate,5.209881314101006,0.50749850029994,0.5094626005088815,0.5049754514126035,0.5041202616023578,1667
452,0,evaluate,5.265271170685689,0.5020995800839833,0.5048650494137366,0.5061433620776243,0.5024355751998997,1667
452,1,evaluate,5.19910443869109,0.5092981403719257,0.5101220794078133,0.5102584368667538,0.5088511842555399,1667
452,2,evaluate,5.3758538856421145,0.5176964607078585,0.5178529609275421,0.5148607389261352,0.5126481066328821,1667
452,3,evaluate,5.210998176424591,0.48110377924415115,0.4822915622845964,0.4809401225111388,0.48020121300033597,1667
452,4,evaluate,5.62318061016224,0.4931013797240552,0.4996099204440204,0.4882365266872588,0.4899679449825268,1667
452,5,evaluate,5.0258357656291786,0.5116976604679064,0.50551829006921,0.5040470297624065,0.5033804345683858,1667
453,0,evaluate,5.284382853243086,0.5020995800839833,0.5033533739015927,0.5063474252916798,0.5027374478241542,1667
453,1,evaluate,5.445829375724618,0.50749850029994,0.5084858043583436,0.508669339830583,0.5074852705288844,1667
453,2,evaluate,5.23975627400257,0.49250149970005996,0.4954664022699757,0.49293765069725354,0.4931145483905028,1667
453,3,evaluate,5.107997153368261,0.5140971805638872,0.5091717953590535,0.5076321684066364,0.5075252357491661,1667
453,4,evaluate,5.712278454392044,0.5122975404919016,0.5196242387809478,0.5071226099043165,0.509909513247834,1667
453,5,evaluate,5.40347576892883,0.5248950209958009,0.5244676272611721,0.5213264972947977,0.5204269676349692,1667
454,0,evaluate,5.3954263899078665,0.5236952609478105,0.5221008045687314,0.5198702494064918,0.5198040027899157,1667
454,1,evaluate,5.243456398171407,0.5170965806838632,0.5136691969499433,0.5122346941159889,0.5107541667853588,1667
454,2,evaluate,5.901242989080924,0.5098980203959208,0.5139900219023271,0.5051669093891578,0.507556426380935,1667
454,3,evaluate,5.509386822029397,0.4973005398920216,0.4982046077636871,0.5010330085073287,0.49759944918561516,1667
454,4,evaluate,5.416433167678338,0.4913017396520696,0.495308127330303,0.4933513120777146,0.4925222711656566,1667
454,5,evaluate,5.644154048800744,0.5038992201559688,0.5084605443410848,0.505613018848691,0.5051789709110376,1667
455,0,evaluate,5.466827162989864,0.49610077984403117,0.5053917010817452,0.49918923920314145,0.49936910245218546,1667
455,1,evaluate,5.789237366782294,0.5098980203959208,0.5174721991942891,0.5059627383045073,0.5085657469445467,1667
455,2,evaluate,5.257370065759729,0.48050389922015596,0.48814767671111825,0.48156494259194726,0.4826829353960499,1667
455,3,evaluate,5.026473716453269,0.5152969406118776,0.5187575697945884,0.5113823845424842,0.5107466299440157,1667
455,4,evaluate,5.238786146871496,0.5218956208758249,0.5226248074982531,0.5177012491827366,0.5188337750118054,1667
455,5,evaluate,5.531791167885617,0.4937012597480504,0.5060974843828954,0.49620731473680485,0.4974607178883533,1667
456,0,evaluate,4.9017719690236845,0.5146970605878824,0.5236469523597342,0.5113531530377603,0.5142712636802362,1667
456,1,evaluate,4.608514489950957,0.5050989802039592,0.5133451804168825,0.5017562364135022,0.5025579680243915,1667
456,2,evaluate,5.535336520936754,0.5080983803239352,0.52089374317259,0.504162941272831,0.5085003946288517,1667
456,3,evaluate,5.050348074347885,0.4877024595080984,0.5018372989748638,0.48834965300125643,0.49206009734737216,1667
456,4,evaluate,5.277191445231438,0.4937012597480504,0.5113196980643837,0.4959738119930367,0.4998098994612795,1667
456,5,evaluate,5.244002209769355,0.486502699460108,0.5010268242161466,0.4895780611480117,0.49120472846915764,1667
457,0,evaluate,5.160385820600721,0.4787042591481704,0.49231684966146627,0.4808984689189687,0.4828390654917132,1667
457,1,evaluate,4.827077928884486,0.4931013797240552,0.5005311116688576,0.48989600607075945,0.49228684503573,1667
457,2,evaluate,4.963488154941135,0.4871025794841032,0.4998955371951908,0.48682019979192737,0.49006529798938175,1667
457,3,evaluate,5.517942446249503,0.4901019796040792,0.5073127389405941,0.4874694520466247,0.4916638179003942,1667
457,4,evaluate,4.412444385596448,0.5032993401319736,0.513981504928988,0.5001099849010582,0.5020506738537119,1667
457,5,evaluate,5.157286728973742,0.49190161967606477,0.5102241520528092,0.49335288079920503,0.49786449350480877,1667
458,0,evaluate,4.829090080143487,0.49610077984403117,0.5052034919912588,0.4928171802093684,0.49507524234950395,1667
458,1,evaluate,5.108070788560091,0.47390521895620874,0.48760223366655087,0.4733239814397658,0.4770814296758063,1667
458,2,evaluate,4.638471444163534,0.501499700059988,0.5085551229803773,0.4966397820837831,0.49921580201820326,1667
458,3,evaluate,5.696156722527963,0.48410317936412717,0.5001620424336412,0.4814977117378535,0.48537747494838845,1667
458,4,evaluate,5.18648225069046,0.4931013797240552,0.5049260532178319,0.4934644731848768,0.4961663243703959,1667
458,5,evaluate,5.1262953987828,0.495500899820036,0.5077175624754037,0.498222331956567,0.4998966414204099,1667
459,0,evaluate,5.243969678878784,0.4991001799640072,0.5075313260560946,0.5028930123053323,0.5029768728791397,1667
459,1,evaluate,5.416138794687059,0.5008998200359928,0.5053997877704333,0.500747281014805,0.501563710491005,1667
459,2,evaluate,5.295894622802734,0.47570485902819437,0.4863941568865527,0.4763362085204994,0.47861189599878423,1667
459,3,evaluate,4.947587229585948,0.5032993401319736,0.5044003651589011,0.49728154639121697,0.4989040649295857,1667
459,4,evaluate,5.740930186377631,0.48110377924415115,0.49396503388312996,0.47915090592855664,0.4813228515551707,1667
459,5,evaluate,5.038685276184542,0.4997000599880024,0.503836830983459,0.4968625548590538,0.49782742610032205,1667
460,0,evaluate,4.9968479989113765,0.5170965806838632,0.5168216616416557,0.511554396903316,0.5121962184818356,1667
460,1,evaluate,5.2145412762959795,0.5110977804439112,0.5156022206776847,0.5167474561231256,0.5139786030656681,1667
460,2,evaluate,5.280347303107932,0.48470305938812236,0.49222001409841376,0.48544632805922383,0.48559429390613407,1667
460,3,evaluate,5.0858843812165,0.5110977804439112,0.5110551815055535,0.507593071527052,0.506331375199594,1667
460,4,evaluate,5.4517235800072,0.49610077984403117,0.49598277236033017,0.49619106755798503,0.49525775569183067,1667
460,5,evaluate,5.7356882536852805,0.4997000599880024,0.5040146136713177,0.49609448625351915,0.49637865817553484,1667
461,0,evaluate,5.758521768781874,0.4997000599880024,0.5020201528118842,0.4962364870316328,0.49511124967472264,1667
461,1,evaluate,5.194323735467555,0.519496100779844,0.5143538762260512,0.515189819848869,0.5117141858416226,1667
461,2,evaluate,5.270448335894832,0.4967006598680264,0.496525755559153,0.5018644344517669,0.4967636874555036,1667
461,3,evaluate,5.468082741454795,0.4931013797240552,0.49096163701997825,0.4942270740798883,0.4916853903440585,1667
461,4,evaluate,5.226208597421646,0.4943011397720456,0.4980159614729911,0.49518883116004114,0.49448605429934356,1667
461,5,evaluate,5.039682541042566,0.5188962207558488,0.5124952284016004,0.5131473527537959,0.5115451731833298,1667
462,0,evaluate,5.3038853572474585,0.49610077984403117,0.4936312605046124,0.5005272562186669,0.49442928999818053,1667
462,1,evaluate,5.674860918963397,0.5110977804439112,0.5084086797379398,0.5065919563247986,0.5061850860552208,1667
462,2,evaluate,5.179756840188121,0.5272945410917816,0.5207999266262586,0.5220416765894235,0.5195776505055163,1667
462,3,evaluate,5.160832661169547,0.5134973005398921,0.5075092201311842,0.5074929027277306,0.5057173643252951,1667
462,4,evaluate,5.537072168456183,0.510497900419916,0.5112404410910556,0.5123192865802577,0.5106464396863291,1667
462,5,evaluate,5.272883609972066,0.4901019796040792,0.48935902265604436,0.49085741317538956,0.4892162806049057,1667
463,0,evaluate,5.537872186413518,0.504499100179964,0.5137481131643854,0.5068678993852956,0.5070162037481586,1667
463,1,evaluate,5.197546178233568,0.5398920215956808,0.5385050896099106,0.5349981081336124,0.5345710645446359,1667
463,2,evaluate,5.204457781932972,0.4973005398920216,0.5015382409024729,0.5008378181552628,0.4980068427997987,1667
463,3,evaluate,5.291913926084009,0.48050389922015596,0.48898190667322733,0.4815166469964443,0.4835380938935482,1667
463,4,evaluate,5.059524933497111,0.5110977804439112,0.509114990751695,0.506070841360408,0.5045967029820966,1667
463,5,evaluate,5.676129959247731,0.5116976604679064,0.514239561238073,0.5067744514476804,0.5083356743230378,1667
464,0,evaluate,5.662387671294035,0.498500299940012,0.5112548067290525,0.49486248693397183,0.4986938761794214,1667
464,1,evaluate,5.054027699640385,0.5152969406118776,0.51982410910852,0.5108103204050317,0.5120141788645247,1667
464,2,evaluate,4.910532571651317,0.5062987402519497,0.515248802576366,0.5026490786115081,0.5038583001698699,1667
464,3,evaluate,5.346296067591067,0.5086982603479304,0.5235003494058863,0.5104556010658204,0.5133281245283391,1667
464,4,evaluate,5.0901680301736905,0.5026994601079784,0.5155457500956909,0.504822634873004,0.5064667822284348,1667
464,5,evaluate,5.175770600033165,0.4787042591481704,0.4883028373839271,0.4801082450142558,0.4823768194640576,1667
465,0,evaluate,5.695190659275761,0.4937012597480504,0.5064358105118024,0.49009902544584233,0.4946194535774964,1667
465,1,evaluate,4.758151158138558,0.5080983803239352,0.5135321842081279,0.5039636027371021,0.5056134061846118,1667
465,2,evaluate,5.007009534188258,0.501499700059988,0.5090338316055824,0.4987520905258528,0.5004652128266347,1667
465,3,evaluate,5.220128835351379,0.5002999400119976,0.5174134409644534,0.5019932526762274,0.5065280254008309,1667
465,4,evaluate,5.244980529502586,0.4829034193161368,0.4969353297260512,0.484881633592127,0.48814554049896275,1667
465,5,evaluate,5.181341748546671,0.47750449910017995,0.48774501871935083,0.4786838625860915,0.48165707227625465,1667
466,0,evaluate,5.407428211636013,0.4907018596280744,0.499138083034251,0.49293738323834,0.49472074396500104,1667
466,1,evaluate,5.768561345559579,0.48050389922015596,0.49305893735638245,0.4779454096800285,0.48168575111523104,1667
466,2,evaluate,4.832631522030742,0.501499700059988,0.5059073737845041,0.4956059327403386,0.49802291222484457,1667
466,3,evaluate,5.145637679983069,0.498500299940012,0.5059533925125772,0.49677296969383844,0.49776035833455856,1667
466,4,evaluate,5.298075400016926,0.4793041391721656,0.491011349139897,0.4805686981954814,0.48371171947984204,1667
466,5,evaluate,5.340638976406168,0.48890221955608876,0.5017530016125817,0.4900189032967721,0.49422027871064317,1667
467,0,evaluate,5.2789037227630615,0.504499100179964,0.5086917081215315,0.503361288265263,0.5021033793113746,1667
467,1,evaluate,5.725036223729451,0.489502099580084,0.5017181490656952,0.48796808078471327,0.4896837494877004,1667
467,2,evaluate,5.048563624604648,0.5032993401319736,0.5067229908872726,0.49760753726719253,0.498557362705604,1667
467,3,evaluate,5.4527906444337635,0.47690461907618475,0.48666794388732326,0.47790085835815493,0.47973956940805973,1667
467,4,evaluate,5.521892620457543,0.49190161967606477,0.5012440278686281,0.49244721361439625,0.495196395798026,1667
467,5,evaluate,5.4707667650999845,0.49250149970005996,0.4977805636839035,0.49489568272506235,0.49467656904215385,1667
468,0,evaluate,5.456749459107717,0.4829034193161368,0.48853032710084066,0.48355084678628274,0.4830296267845962,1667
468,1,evaluate,5.658246455369173,0.4931013797240552,0.5004760521461004,0.4910218769036659,0.4912285054242652,1667
468,2,evaluate,5.297145922978719,0.5026994601079784,0.5025538294193506,0.5001717038095386,0.4973114336317327,1667
468,3,evaluate,5.610701741995634,0.4907018596280744,0.4928901051865129,0.49151415980284996,0.49076602841837486,1667
468,4,evaluate,5.066188195605337,0.5164967006598681,0.5154107285590095,0.5099834940619761,0.5103625527559924,1667
468,5,evaluate,5.4944427543216285,0.4943011397720456,0.49945388649590117,0.49827144697028397,0.49702521579996456,1667
469,0,evaluate,5.242883670309379,0.5266946610677864,0.5266395360197226,0.5235463490349661,0.5212241882374511,1667
469,1,evaluate,5.608116807761015,0.489502099580084,0.4954460611831804,0.4909413938885347,0.49147986714533876,1667
469,2,evaluate,5.722089078691271,0.5116976604679064,0.5171566661119149,0.5088549016897785,0.5091911128161384,1667
469,3,evaluate,5.033917750841304,0.5230953809238152,0.5190272343073036,0.5166078481235428,0.5170271675024016,1667
469,4,evaluate,5.321281998245804,0.4943011397720456,0.4951840559288896,0.49473644785436743,0.49243228695712304,1667
469,5,evaluate,5.364247207288389,0.498500299940012,0.5013482094874272,0.5028563685516841,0.5004781675966941,1667
470,0,evaluate,5.549523633939248,0.49610077984403117,0.5049689667087648,0.49713045277010603,0.4996127975153379,1667
470,1,evaluate,5.27875059043732,0.5362927414517097,0.536274367551677,0.5327758874441533,0.5316628644778247,1667
470,2,evaluate,5.832158954055221,0.5116976604679064,0.517284327163125,0.5081833147810423,0.5101521544630041,1667
470,3,evaluate,5.017080227533863,0.525494901019796,0.5203827431127682,0.5188424153998417,0.5192267449220711,1667
470,4,evaluate,5.399122026231554,0.4823035392921416,0.48840661278165953,0.48327971653686497,0.4847604282876913,1667
470,5,evaluate,5.247360887350859,0.5020995800839833,0.5051585091776088,0.5063331963451618,0.504330463322405,1667
471,0,evaluate,5.290012936901163,0.5026994601079784,0.5141587014296969,0.5039170384556175,0.5072058806236057,1667
471,1,evaluate,5.193376960576154,0.5368926214757048,0.541066684005352,0.5331295311111948,0.5338046110199097,1667
471,2,evaluate,5.234399583604601,0.5020995800839833,0.505930822749347,0.5050202325472928,0.5037230006009079,1667
471,3,evaluate,5.886048634847005,0.5134973005398921,0.5204116807557995,0.5094601553433658,0.5129299266894238,1667
471,4,evaluate,5.019726678780797,0.5122975404919016,0.5103929279412934,0.5067056904597933,0.506782179528223,1667
471,5,evaluate,5.330275116143404,0.48410317936412717,0.4904662814757019,0.4847744068099059,0.487010391672072,1667
472,0,evaluate,5.268753555085924,0.4949010197960408,0.5040667920573652,0.49783275847641484,0.49743221193396125,1667
472,1,evaluate,5.758744142673634,0.5008998200359928,0.5105100769769906,0.49637201309229456,0.5004723597471654,1667
472,2,evaluate,4.934505511213232,0.5002999400119976,0.5032434012260121,0.4952948902971045,0.49651239984036033,1667
472,3,evaluate,5.139431471901911,0.531493701259748,0.5387905994987024,0.5282654733753234,0.5296801766254335,1667
472,4,evaluate,5.251045178484033,0.47390521895620874,0.4851856440063596,0.4747119534775798,0.4782716562190797,1667
472,5,evaluate,5.165238117178281,0.5068986202759448,0.5227700551491755,0.5083383056883991,0.5128005732245962,1667
473,0,evaluate,5.049022305549847,0.5068986202759448,0.5246124100524048,0.5082734756269922,0.5130011464522124,1667
473,1,evaluate,5.378169395305492,0.4877024595080984,0.49731636984934785,0.49114630884581256,0.48926236404658036,1667
473,2,evaluate,4.857909709767059,0.4913017396520696,0.49898527205937926,0.4869897650034236,0.48895731620352223,1667
473,3,evaluate,5.551906903584798,0.48410317936412717,0.4960096233409656,0.4795457595010041,0.4835701987181424,1667
473,4,evaluate,5.270617964091124,0.46850629874025196,0.47967694281280177,0.4698643986403056,0.4723122160263514,1667
473,5,evaluate,5.08375910476402,0.5212957408518296,0.5322821583469517,0.5187460894261048,0.521168559748809,1667
474,0,evaluate,4.856636299303284,0.5062987402519497,0.5120131605426805,0.5023350389080905,0.5035594122489537,1667
474,1,evaluate,5.017287788515979,0.5272945410917816,0.5323863495348187,0.5240826194569308,0.5246660795795146,1667
474,2,evaluate,5.295021127771448,0.4967006598680264,0.4979429386403303,0.5002479286101217,0.49570663119931735,1667
474,3,evaluate,4.994119245369263,0.5068986202759448,0.5180298897180167,0.5082571458076759,0.5107277559398992,1667
474,4,evaluate,5.337308971970169,0.47450509898020393,0.4794956984850266,0.47593071741528253,0.4754318562171772,1667
474,5,evaluate,5.391761073359737,0.4907018596280744,0.49813663062639246,0.4862949848301789,0.48816739868694636,1667
475,0,evaluate,5.031006084548075,0.5218956208758249,0.5209665295006893,0.5185556961265212,0.5175963799211136,1667
475,1,evaluate,5.3406750449427856,0.489502099580084,0.49664436396840683,0.48454581300232996,0.4871317798047552,1667
475,2,evaluate,5.080301553562835,0.5026994601079784,0.5106621683269853,0.5041298045688409,0.5050193597402574,1667
475,3,evaluate,5.221412813221967,0.4967006598680264,0.49581051346385,0.49997261363822404,0.494850976505,1667
475,4,evaluate,4.977189637817598,0.50749850029994,0.5109733359066959,0.503605704946193,0.503702220740389,1667
475,5,evaluate,5.34996483668133,0.48170365926814634,0.48073053673165544,0.48295752358037064,0.4796529682550963,1667
476,0,evaluate,5.443998460416441,0.5008998200359928,0.5082845783877852,0.49776334312816717,0.4995834873496121,1667
476,1,evaluate,5.3993909690115185,0.4793041391721656,0.48077236911985227,0.4807732658252193,0.4781270195045354,1667
476,2,evaluate,5.151760432455274,0.510497900419916,0.5056239081039476,0.5065514957870125,0.5041158915760985,1667
476,3,evaluate,5.184937560999835,0.5008998200359928,0.5068876515195322,0.5020409635083773,0.5022265756778147,1667
476,4,evaluate,5.217994974167259,0.5050989802039592,0.503008152751087,0.5093114558622918,0.5037985124794943,1667
476,5,evaluate,5.017734623249663,0.510497900419916,0.5118073408647972,0.5052207780349335,0.5051938550857462,1667
477,0,evaluate,5.274521936972936,0.5056988602279544,0.5037428113606544,0.5104884776744301,0.5053896179885395,1667
477,1,evaluate,5.025055788181446,0.5176964607078585,0.5141259519529388,0.5118939853429683,0.5108317257749087,1667
477,2,evaluate,5.115908479970366,0.5260947810437913,0.5219455407872157,0.5226248215090255,0.5203365892055704,1667
477,3,evaluate,5.219412300321791,0.5050989802039592,0.5047901197904522,0.5056589488432198,0.5042236340278496,1667
477,4,evaluate,5.3902520934740705,0.486502699460108,0.48970072178686525,0.4882626546634056,0.4869538572524233,1667
477,5,evaluate,5.670384742595531,0.4943011397720456,0.49789363011322196,0.49164850548393685,0.492031528046559,1667
478,0,evaluate,4.837777385005245,0.5056988602279544,0.5011379614965221,0.497776704067471,0.4979394969749773,1667
478,1,evaluate,5.141274937876949,0.510497900419916,0.5143331712377124,0.5111490094415423,0.5119523968799402,1667
478,2,evaluate,5.38868923926795,0.4859028194361128,0.48971558897950584,0.48691673387241047,0.486126579079954,1667
478,3,evaluate,5.224278739205113,0.5050989802039592,0.5056737348702547,0.5089372901421962,0.5059943049821944,1667
478,4,evaluate,5.656021974704884,0.5008998200359928,0.5058802250303137,0.49861885129855865,0.4986523315675068,1667
478,5,evaluate,5.092550798682337,0.5140971805638872,0.5123309857415348,0.5104391008780607,0.5087401446110988,1667
479,0,evaluate,5.34750532662427,0.495500899820036,0.5010175256034356,0.499041766547323,0.4981162933787542,1667
479,1,evaluate,5.710378364280418,0.50749850029994,0.5147119904950925,0.5061653773380057,0.5066623162836974,1667
479,2,evaluate,5.541900497067858,0.4823035392921416,0.48768712346592685,0.4839193749058578,0.48396339106349523,1667
479,3,evaluate,5.139154840398339,0.5236952609478105,0.5244334070118083,0.5202747448857556,0.5198203947507829,1667
479,4,evaluate,4.907555035602842,0.5068986202759448,0.5063023482748912,0.5001880703078176,0.50166678700349,1667
479,5,evaluate,5.27552746484677,0.5050989802039592,0.5117110563842535,0.5057937948779728,0.5073614143657971,1667
480,0,evaluate,5.047147803797526,0.5242951409718056,0.5309512856756999,0.5212016461926394,0.5233264240095803,1667
480,1,evaluate,5.448363624237202,0.47630473905218956,0.48453366917238216,0.4783680632106922,0.4796976393043052,1667
480,2,evaluate,4.861934235207392,0.5140971805638872,0.5143216506252085,0.5075135513626781,0.508837231791512,1667
480,3,evaluate,5.751455616067957,0.504499100179964,0.51609728976272,0.501441669602379,0.5046223889253242,1667
480,4,evaluate,5.2960332720368,0.5002999400119976,0.5088068101935459,0.5020489918753039,0.501844342584922,1667
480,5,evaluate,5.307073771953583,0.5080983803239352,0.5207096815447587,0.5092870932670722,0.5126323581396665,1667
481,0,evaluate,5.831014226984094,0.495500899820036,0.5070459448919102,0.4916305431157121,0.49535816808510064,1667
481,1,evaluate,5.3545820139072555,0.4937012597480504,0.5107304273027059,0.4955550646232118,0.4995771866839167,1667
481,2,evaluate,5.408478074603611,0.4913017396520696,0.5028713539862789,0.4925856086039874,0.4950888334295739,1667
481,3,evaluate,4.943425794442494,0.5188962207558488,0.5212271499914657,0.5145191550358234,0.5154263763375643,1667
481,4,evaluate,5.133785713301795,0.5278944211157769,0.5360750968701957,0.5249247112925987,0.5276796508658368,1667
481,5,evaluate,5.388214860249449,0.47630473905218956,0.4877474193155278,0.47793213386592626,0.48094705632998125,1667
482,0,evaluate,5.099937980093442,0.5230953809238152,0.5334089666879714,0.5208513532190309,0.5246966786502018,1667
482,1,evaluate,4.886102392379177,0.5212957408518296,0.5266551142214341,0.5172837963053138,0.5186915854067182,1667
482,2,evaluate,5.24581457067419,0.4859028194361128,0.4980283294481381,0.4871548977183835,0.49044039894012253,1667
482,3,evaluate,5.387175934518584,0.47810437912417514,0.4877021126520308,0.47945721590863855,0.4812708692508739,1667
482,4,evaluate,5.436102125379774,0.4943011397720456,0.5012007294387625,0.49669230429239997,0.49696825577134296,1667
482,5,evaluate,5.75274376515989,0.5032993401319736,0.5112727517008014,0.4987725686710963,0.5018033573755452,1667
483,0,evaluate,5.287005786430435,0.47810437912417514,0.4811968252539593,0.4786405252175382,0.4775512594641517,1667
483,1,evaluate,5.433669814357051,0.4967006598680264,0.5006003708245524,0.49967815992088455,0.4988049046897844,1667
483,2,evaluate,5.6390716764662,0.49610077984403117,0.5024743815223132,0.49186880528455007,0.49431974898160497,1667
483,3,evaluate,4.696872419742283,0.5212957408518296,0.5234792453971016,0.5168789975770587,0.517213561874792,1667
483,4,evaluate,5.153036036977062,0.4943011397720456,0.5015313253483971,0.49531765397007116,0.49670804624002846,1667
483,5,evaluate,4.972359006115531,0.5218956208758249,0.5263120422175677,0.5197746915331874,0.5206448990582742,1667
484,0,evaluate,4.883251253318223,0.5056988602279544,0.503902480551378,0.5025741227124229,0.5016008218472834,1667
484,1,evaluate,5.156013238209265,0.501499700059988,0.5051700159771734,0.5018867251345929,0.5027567183327981,1667
484,2,evaluate,4.570106597593201,0.519496100779844,0.5182394009702537,0.5150826981125426,0.5146906498775826,1667
484,3,evaluate,5.667114849443789,0.4877024595080984,0.49115808795346494,0.48404233439718114,0.48526736043621704,1667
484,4,evaluate,5.376893167142515,0.49610077984403117,0.49604372251761203,0.49986773614901747,0.4963627011098687,1667
484,5,evaluate,5.256828393856132,0.47750449910017995,0.47969162234984764,0.47788713144175154,0.4773786347190052,1667
485,0,evaluate,5.413943276783727,0.47270545890821836,0.4728974326901529,0.4740863944008488,0.47208679149846783,1667
485,1,evaluate,4.606157347008032,0.5146970605878824,0.5112984277339481,0.5096213786481247,0.5087794766882813,1667
485,2,evaluate,5.440285965248391,0.4937012597480504,0.4912243591315337,0.49712689972979146,0.49229160157853774,1667
485,3,evaluate,5.636319310576828,0.49190161967606477,0.4938462971447362,0.4885389967891863,0.4888255154794427,1667
485,4,evaluate,4.9627318248800565,0.4997000599880024,0.49504315457660686,0.49621566112029847,0.49440304795338175,1667
485,5,evaluate,5.311628193766983,0.4913017396520696,0.4929449813105798,0.4923677133880811,0.491601638849513,1667
486,0,evaluate,5.646154271231757,0.49190161967606477,0.49368570137987466,0.48876356722749453,0.48872391102519763,1667
486,1,evaluate,5.45916289753384,0.4931013797240552,0.49572359896489254,0.496243340878223,0.49368086173671755,1667
486,2,evaluate,5.364601894661233,0.501499700059988,0.5038492960609069,0.5026057187636677,0.5021107448865605,1667
486,3,evaluate,5.451729503507657,0.48110377924415115,0.48227655264762764,0.4829543240673583,0.4814783280858731,1667
486,4,evaluate,5.040184210119252,0.5080983803239352,0.5021701694525478,0.5044168082083924,0.5018044768271809,1667
486,5,evaluate,4.766461503284787,0.5092981403719257,0.5049984014491704,0.503275156316976,0.5027093981928463,1667
487,0,evaluate,5.351826289099538,0.47450509898020393,0.48146904519984535,0.47587156861168955,0.4772192656973952,1667
487,1,evaluate,4.757884059961523,0.5008998200359928,0.49770278076636043,0.4935537402294935,0.4945445068212903,1667
487,2,evaluate,5.067894998562729,0.5098980203959208,0.5115632018800534,0.506492534311167,0.5060962101878979,1667
487,3,evaluate,5.493076205253601,0.4937012597480504,0.5002081008809365,0.49645555152006865,0.49561693426904474,1667
487,4,evaluate,5.275253767216647,0.5080983803239352,0.5131960511728891,0.5096011209926254,0.5099122233363425,1667
487,5,evaluate,5.537948626059073,0.4937012597480504,0.4989561685370029,0.49064743837431585,0.49153054938511875,1667
488,0,evaluate,4.778518799002524,0.4949010197960408,0.4982118730903705,0.48831006267463184,0.4917221570469694,1667
488,1,evaluate,5.218987301129986,0.5128974205158968,0.522976761251809,0.5138437013506529,0.5171485659699945,1667
488,2,evaluate,5.5068075391981335,0.5008998200359928,0.5106334741239478,0.4975134112163869,0.5010054842480554,1667
488,3,evaluate,5.342415646270469,0.4991001799640072,0.507707353836908,0.5023071843358805,0.5027447190830951,1667
488,4,evaluate,4.997965960244376,0.5038992201559688,0.5098487456673902,0.5012520507648718,0.5025434892223217,1667
488,5,evaluate,5.210839880837335,0.47390521895620874,0.4810397378603161,0.47481398326740737,0.476443408243245,1667
489,0,evaluate,4.862635555090727,0.489502099580084,0.4947070358596575,0.4842450035896073,0.48758227032756113,1667
489,1,evaluate,4.945897811629106,0.5092981403719257,0.5166138863475203,0.5068054423347235,0.5094003413482205,1667
489,2,evaluate,5.236616960278264,0.4967006598680264,0.5112125159615251,0.5003077747206811,0.503262341453018,1667
489,3,evaluate,5.261991161991049,0.471505698860228,0.485594118794401,0.47193403631890946,0.47739878082364146,1667
489,4,evaluate,5.476501694432011,0.48830233953209357,0.5041793264145005,0.4843610380270424,0.49058012592810574,1667
489,5,evaluate,5.2065299780763405,0.501499700059988,0.5151594220729447,0.5025054711283414,0.5070883133385264,1667
490,0,evaluate,5.358434853730379,0.4973005398920216,0.5144597550459735,0.49198667783261774,0.4990593739425626,1667
490,1,evaluate,4.993466481385338,0.5086982603479304,0.5182054870085266,0.5055554931339907,0.509413035824972,1667
490,2,evaluate,5.3480302972926035,0.47630473905218956,0.4935089365007806,0.47685997710539646,0.48323679308011125,1667
490,3,evaluate,5.28686245282491,0.4943011397720456,0.5059225057626786,0.4984555043146502,0.49961424925484277,1667
490,4,evaluate,4.958263904960067,0.4997000599880024,0.5074085555184561,0.4948664700541265,0.49882977294523645,1667
490,5,evaluate,5.291790217954527,0.49190161967606477,0.5095987394909411,0.49345199173360993,0.4983706172281133,1667
491,0,evaluate,5.160888810952504,0.4787042591481704,0.49382041392197423,0.47936349042218296,0.4840667071442769,1667
491,1,evaluate,5.087856272580447,0.4937012597480504,0.5104807944419244,0.4950173834194332,0.499236289368809,1667
491,2,evaluate,5.071348843751131,0.49610077984403117,0.5102460618887711,0.4910903877723256,0.4967599400275612,1667
491,3,evaluate,4.860644124931207,0.5152969406118776,0.521970016372834,0.511425800291244,0.5147098800252421,1667
491,4,evaluate,4.709889162469794,0.4997000599880024,0.504260745500096,0.4955315457257458,0.49768061077123604,1667
491,5,evaluate,5.109045867566709,0.49190161967606477,0.5004315821059847,0.49576664758220756,0.4957984314925666,1667
492,0,evaluate,4.571922457156082,0.5080983803239352,0.5112357227386535,0.5029323978378709,0.5052487394908577,1667
492,1,evaluate,4.676001102504314,0.510497900419916,0.5160910134035167,0.5067391896751102,0.5093108911387937,1667
492,2,evaluate,5.026088317235311,0.4973005398920216,0.5057751972654603,0.5021906334389843,0.5017187958581114,1667
492,3,evaluate,5.0164490982338235,0.4973005398920216,0.5108289735002612,0.4924571043729526,0.49801552026866924,1667
492,4,evaluate,5.020946916054796,0.4913017396520696,0.5045162976979718,0.4929129380572112,0.4963843900452491,1667
492,5,evaluate,4.994805553997004,0.4829034193161368,0.4921456474667879,0.48326273065571534,0.48567002036433743,1667
493,0,evaluate,5.078280668567728,0.49250149970005996,0.49924644937217455,0.4942638813668941,0.4951695398987053,1667
493,1,evaluate,5.127232560405025,0.49610077984403117,0.5016600517430004,0.5003928705481712,0.4997425890372038,1667
493,2,evaluate,4.9910317150341275,0.4829034193161368,0.4878686828152012,0.4835456981798968,0.4839834689576638,1667
493,3,evaluate,4.7777785577701355,0.495500899820036,0.4965569428475212,0.4915861357884067,0.49146318863698485,1667
493,4,evaluate,5.35335526642976,0.4931013797240552,0.5009333707766465,0.4895392743251567,0.49270790429180533,1667
493,5,evaluate,4.636840334075883,0.5002999400119976,0.5020874070965375,0.4945582374371112,0.4960566117357299,1667
494,0,evaluate,5.297572751839955,0.5032993401319736,0.5053614277159741,0.5053985174885176,0.5039943291125122,1667
494,1,evaluate,5.902407637348881,0.4949010197960408,0.4999023820438864,0.4920478368214735,0.4931265601464137,1667
494,2,evaluate,4.850802459982568,0.5062987402519497,0.5054707263103211,0.5008198142885012,0.5006683607030904,1667
494,3,evaluate,5.1652594263906835,0.5032993401319736,0.5103451507052806,0.504742095460023,0.505865416323891,1667
494,4,evaluate,5.1796213028331595,0.48530293941211755,0.48753647431108915,0.4860457153319505,0.4842381420114279,1667
494,5,evaluate,5.038180696940226,0.5038992201559688,0.500979770163421,0.49965180650968266,0.4983973444863811,1667
495,0,evaluate,5.421817868465075,0.5086982603479304,0.5102290718495571,0.5111874260761808,0.5091181347219929,1667
495,1,evaluate,5.028396206088507,0.5116976604679064,0.5082460547460597,0.5053907452983408,0.5048221967265561,1667
495,2,evaluate,5.163338053373612,0.5128974205158968,0.5126301207553595,0.5091743883205859,0.5088563934930367,1667
495,3,evaluate,5.279784741776961,0.4913017396520696,0.4928772939934206,0.49176100733959316,0.48998767389088516,1667
495,4,evaluate,6.064173009660509,0.4973005398920216,0.5014600004133447,0.49500505286300206,0.49545585327640645,1667
495,5,evaluate,5.3179111767698215,0.5134973005398921,0.5190426737095283,0.5149325845047634,0.5151296090121138,1667
496,0,evaluate,5.30853062029928,0.4949010197960408,0.49711908502743957,0.49558897465264834,0.4949284000063396,1667
496,1,evaluate,5.099420332142876,0.5086982603479304,0.5074867399139451,0.5030745301619752,0.5036752063612668,1667
496,2,evaluate,5.297648494856225,0.5134973005398921,0.5168660419687069,0.5172687856641216,0.5151987174361323,1667
496,3,evaluate,5.767740903077303,0.5032993401319736,0.5091119717776412,0.5005189897573303,0.5019115659045019,1667
496,4,evaluate,5.386136496508563,0.5140971805638872,0.5172783766740494,0.5148163391013866,0.5148851777177659,1667
496,5,evaluate,5.157379998101129,0.5158968206358728,0.516794033853721,0.5120508565252854,0.5127184455753492,1667
497,0,evaluate,5.58347514823631,0.4937012597480504,0.5060217031042,0.4904818001405177,0.49434688408227834,1667
497,1,evaluate,5.39565767844518,0.483503299340132,0.4912067923379788,0.4837693657468726,0.4866321277739713,1667
497,2,evaluate,5.208969512195499,0.5122975404919016,0.5150029552395629,0.5073961717604465,0.5098936178160826,1667
497,3,evaluate,5.323672078273915,0.5098980203959208,0.51808551602909,0.5115344971601186,0.5134647490973381,1667
497,4,evaluate,5.189731104874316,0.5236952609478105,0.5289416289905147,0.5199394610312437,0.5222541767007198,1667
497,5,evaluate,5.147920153759144,0.501499700059988,0.508270264884357,0.50640475614169,0.5055319560491539,1667
498,0,evaluate,5.271436002795343,0.48170365926814634,0.4950835283255307,0.48224720076559374,0.4864170711125134,1667
498,1,evaluate,5.066632014733774,0.495500899820036,0.5050094803178771,0.5001909941946654,0.499602290300358,1667
498,2,evaluate,5.268253345548355,0.5164967006598681,0.5213856114240365,0.5123629018460171,0.5145050063272586,1667
498,3,evaluate,5.506798647068165,0.48830233953209357,0.501181634514492,0.48376736586464586,0.48849722497685627,1667
498,4,evaluate,5.2391822899657265,0.5086982603479304,0.5154318429440574,0.5038776871255864,0.5072016880881964,1667
498,5,evaluate,5.259076339227182,0.4937012597480504,0.5036572915885892,0.4952503713858243,0.49776343993474503,1667
499,0,evaluate,5.208329651090834,0.47750449910017995,0.48764419197250053,0.47806410426733564,0.48157152327949027,1667
499,1,evaluate,5.207879566484028,0.48890221955608876,0.49924268395822347,0.48949395546179086,0.4923089775654635,1667
499,2,evaluate,5.0903447714668735,0.501499700059988,0.5037109937880728,0.4968912289630654,0.49848133061845007,1667
499,3,evaluate,5.386703279283312,0.489502099580084,0.5039917986856777,0.4843151241339581,0.4896977292153483,1667
499,4,evaluate,5.020549443033007,0.498500299940012,0.5078778229046299,0.5033144005067496,0.5029501639956804,1667
499,5,evaluate,5.254006856570616,0.5002999400119976,0.5051261380454114,0.49660995086281173,0.4989725742496767,1667
